ISO-10303-21;
HEADER;
FILE_DESCRIPTION (( 'STEP AP203' ),
    '1' );
FILE_NAME ('316L-VU-KF16-FMR4.STEP',
    '2025-07-05T09:44:27',
    ( 'Windows 用户' ),
    ( 'Microsoft' ),
    'SwSTEP 2.0',
    'SolidWorks 2021',
    '' );
FILE_SCHEMA (( 'CONFIG_CONTROL_DESIGN' ));
ENDSEC;

DATA;
#1 = ORIENTED_EDGE ( 'NONE', *, *, #2510, .T. ) ;
#2 = SHAPE_REPRESENTATION ( '316L-GJS-MR4-TB4-6', ( #1962 ), #609 ) ;
#3 = DIRECTION ( 'NONE',  ( -1.000000000000000000, -0.000000000000000000, -0.000000000000000000 ) ) ;
#4 = ORIENTED_EDGE ( 'NONE', *, *, #374, .T. ) ;
#5 = CIRCLE ( 'NONE', #1971, 7.535898384867456556 ) ;
#6 = EDGE_LOOP ( 'NONE', ( #1699, #897, #4 ) ) ;
#7 = CC_DESIGN_PERSON_AND_ORGANIZATION_ASSIGNMENT ( #2966, #1772, ( #3175 ) ) ;
#8 = AXIS2_PLACEMENT_3D ( 'NONE', #2829, #639, #2684 ) ;
#9 = CARTESIAN_POINT ( 'NONE',  ( 35.04464849366903678, 0.000000000000000000, 0.000000000000000000 ) ) ;
#10 = LINE ( 'NONE', #2462, #2778 ) ;
#11 = DIRECTION ( 'NONE',  ( 0.000000000000000000, 0.000000000000000000, 1.000000000000000000 ) ) ;
#12 = ADVANCED_FACE ( 'NONE', ( #2085, #2332 ), #2801, .F. ) ;
#13 = CARTESIAN_POINT ( 'NONE',  ( 16.94042034850728840, 0.000000000000000000, -14.77764571352868650 ) ) ;
#14 = CARTESIAN_POINT ( 'NONE',  ( 35.44464849366902826, 5.474999999999998757, 0.000000000000000000 ) ) ;
#15 = EDGE_CURVE ( 'NONE', #3111, #2782, #1926, .T. ) ;
#16 = DIRECTION ( 'NONE',  ( 0.000000000000000000, 0.000000000000000000, -1.000000000000000000 ) ) ;
#17 = AXIS2_PLACEMENT_3D ( 'NONE', #2468, #1013, #268 ) ;
#18 = ORIENTED_EDGE ( 'NONE', *, *, #2755, .T. ) ;
#19 = AXIS2_PLACEMENT_3D ( 'NONE', #913, #330, #896 ) ;
#20 = ADVANCED_FACE ( 'NONE', ( #1312 ), #2412, .F. ) ;
#21 = DIRECTION ( 'NONE',  ( -1.000000000000000000, -0.000000000000000000, -0.000000000000000000 ) ) ;
#22 = EDGE_LOOP ( 'NONE', ( #614, #2223 ) ) ;
#23 = EDGE_LOOP ( 'NONE', ( #2848, #2353, #1385, #3070 ) ) ;
#24 = EDGE_CURVE ( 'NONE', #2307, #1348, #2552, .T. ) ;
#25 = SHAPE_REPRESENTATION ( '316L-VU-KF16-FMR4', ( #1849, #1390, #2614, #2416 ), #2763 ) ;
#26 = AXIS2_PLACEMENT_3D ( 'NONE', #831, #2629, #2593 ) ;
#27 = CARTESIAN_POINT ( 'NONE',  ( 0.000000000000000000, -9.525000000000057199, 6.550000000000001599 ) ) ;
#28 = CARTESIAN_POINT ( 'NONE',  ( 0.000000000000000000, 0.000000000000000000, 0.000000000000000000 ) ) ;
#29 = DIRECTION ( 'NONE',  ( 0.7071067811865460184, 8.659560562354952580E-17, 0.7071067811865490160 ) ) ;
#30 = DIRECTION ( 'NONE',  ( 1.000000000000000000, 0.000000000000000000, 0.000000000000000000 ) ) ;
#31 = DIRECTION ( 'NONE',  ( 1.000000000000000000, 0.000000000000000000, 0.000000000000000000 ) ) ;
#32 = ORIENTED_EDGE ( 'NONE', *, *, #151, .T. ) ;
#33 = ADVANCED_FACE ( 'NONE', ( #611, #1374 ), #75, .F. ) ;
#34 = ORIENTED_EDGE ( 'NONE', *, *, #2744, .F. ) ;
#35 = FACE_OUTER_BOUND ( 'NONE', #2948, .T. ) ;
#36 = CARTESIAN_POINT ( 'NONE',  ( 0.1502701664358711831, -6.440000000000001279, 4.250000000000002665 ) ) ;
#37 = LOCAL_TIME ( 17, 44, 26.00000000000000000, #3081 ) ;
#38 = AXIS2_PLACEMENT_3D ( 'NONE', #243, #1935, #706 ) ;
#39 = CARTESIAN_POINT ( 'NONE',  ( 0.000000000000000000, -9.525000000000057199, 5.400000000000002132 ) ) ;
#40 = CARTESIAN_POINT ( 'NONE',  ( 39.64464849366903110, 0.000000000000000000, 0.000000000000000000 ) ) ;
#41 = CARTESIAN_POINT ( 'NONE',  ( 0.000000000000000000, 0.000000000000000000, 15.35253755750896687 ) ) ;
#42 = ADVANCED_FACE ( 'NONE', ( #1831 ), #1185, .T. ) ;
#43 = B_SPLINE_CURVE_WITH_KNOTS ( 'NONE', 3,
 ( #1722, #173, #486, #205, #2637, #744 ),
 .UNSPECIFIED., .F., .F.,
 ( 4, 2, 4 ),
 ( 2.380730676599704013E-07, 0.002782414026671824452, 0.005564589980275988848 ),
 .UNSPECIFIED. ) ;
#44 = CC_DESIGN_PERSON_AND_ORGANIZATION_ASSIGNMENT ( #1043, #570, ( #194 ) ) ;
#45 = DIRECTION ( 'NONE',  ( -1.000000000000000000, -0.000000000000000000, -0.000000000000000000 ) ) ;
#46 = ADVANCED_FACE ( 'NONE', ( #1820 ), #2567, .F. ) ;
#47 = EDGE_CURVE ( 'NONE', #585, #292, #2290, .T. ) ;
#48 = ORIENTED_EDGE ( 'NONE', *, *, #869, .T. ) ;
#49 = APPROVAL_STATUS ( 'not_yet_approved' ) ;
#50 = ADVANCED_FACE ( 'NONE', ( #1569, #2104 ), #2541, .F. ) ;
#51 = ORIENTED_EDGE ( 'NONE', *, *, #182, .T. ) ;
#52 = LINE ( 'NONE', #1745, #2563 ) ;
#53 = ADVANCED_FACE ( 'NONE', ( #3060 ), #1855, .F. ) ;
#54 = CARTESIAN_POINT ( 'NONE',  ( 1.150057636807132244, -6.336479104002719964, 5.250090243316072325 ) ) ;
#55 = DESIGN_CONTEXT ( 'detailed design', #1153, 'design' ) ;
#56 = FACE_OUTER_BOUND ( 'NONE', #1857, .T. ) ;
#57 = CARTESIAN_POINT ( 'NONE',  ( -0.9192018991245767268, 6.374954996744044422, 6.107093988224544745 ) ) ;
#58 = CARTESIAN_POINT ( 'NONE',  ( 5.499261314031167913, 9.525000000000019895, 0.8507386859688212954 ) ) ;
#59 = EDGE_CURVE ( 'NONE', #1832, #1565, #1488, .T. ) ;
#60 = CARTESIAN_POINT ( 'NONE',  ( 43.34464849366903394, 0.000000000000000000, 4.449999999999999289 ) ) ;
#61 = ORIENTED_EDGE ( 'NONE', *, *, #1677, .F. ) ;
#62 = DIRECTION ( 'NONE',  ( 0.000000000000000000, 0.000000000000000000, 1.000000000000000000 ) ) ;
#63 = ORIENTED_EDGE ( 'NONE', *, *, #1026, .T. ) ;
#64 = DATE_AND_TIME ( #810, #1711 ) ;
#65 = TOROIDAL_SURFACE ( 'NONE', #1875, 4.371659367082225245, 0.1999999999999997613 ) ;
#66 = APPLICATION_CONTEXT ( 'configuration controlled 3d designs of mechanical parts and assemblies' ) ;
#67 = ORIENTED_EDGE ( 'NONE', *, *, #1782, .T. ) ;
#68 = EDGE_CURVE ( 'NONE', #1992, #3111, #2164, .T. ) ;
#69 = CARTESIAN_POINT ( 'NONE',  ( 9.275000000000002132, 0.000000000000000000, -3.000000000000000000 ) ) ;
#70 = CYLINDRICAL_SURFACE ( 'NONE', #3040, 6.440000000000000391 ) ;
#71 = ORIENTED_EDGE ( 'NONE', *, *, #77, .T. ) ;
#72 = DIRECTION ( 'NONE',  ( -0.8660254037844377084, 0.000000000000000000, -0.5000000000000017764 ) ) ;
#73 = ADVANCED_FACE ( 'NONE', ( #2154 ), #208, .F. ) ;
#74 = CARTESIAN_POINT ( 'NONE',  ( 37.84464849366903394, 0.000000000000000000, 0.000000000000000000 ) ) ;
#75 = PLANE ( 'NONE',  #2802 ) ;
#76 = B_SPLINE_CURVE_WITH_KNOTS ( 'NONE', 3,
 ( #3088, #1150, #1852, #1868, #135, #411 ),
 .UNSPECIFIED., .F., .F.,
 ( 4, 2, 4 ),
 ( 0.03038055683550873118, 0.03316512640533680195, 0.03594969597516487619 ),
 .UNSPECIFIED. ) ;
#77 = EDGE_CURVE ( 'NONE', #3086, #1029, #773, .T. ) ;
#78 = ORIENTED_EDGE ( 'NONE', *, *, #2398, .F. ) ;
#79 = COORDINATED_UNIVERSAL_TIME_OFFSET ( 8, 0, .AHEAD. ) ;
#80 = AXIS2_PLACEMENT_3D ( 'NONE', #184, #3157, #1183 ) ;
#81 = EDGE_LOOP ( 'NONE', ( #67, #63, #1582, #3098 ) ) ;
#82 = CYLINDRICAL_SURFACE ( 'NONE', #2050, 8.599999999998386713 ) ;
#83 = CARTESIAN_POINT ( 'NONE',  ( 17.40000000000030411, 0.000000000000000000, 0.000000000000000000 ) ) ;
#84 = ORIENTED_EDGE ( 'NONE', *, *, #2370, .F. ) ;
#85 = CIRCLE ( 'NONE', #1937, 5.050000000000013145 ) ;
#86 = CARTESIAN_POINT ( 'NONE',  ( -5.050000000000002487, 0.000000000000000000, -3.000000000000000000 ) ) ;
#87 = CLOSED_SHELL ( 'NONE', ( #936, #716, #2976, #2287, #2534, #2604, #162, #2030, #73, #270, #828, #1984, #2006, #2949, #1800, #1305, #1725, #419, #587, #967, #1048, #688, #2067, #318, #1996, #2215, #33, #1214, #288, #1296, #2265 ) ) ;
#88 = CARTESIAN_POINT ( 'NONE',  ( -0.3013277049262279017, 6.434457165968404446, 4.280011899811172249 ) ) ;
#89 = APPLICATION_CONTEXT ( 'configuration controlled 3d designs of mechanical parts and assemblies' ) ;
#90 = CC_DESIGN_APPROVAL ( #1680, ( #663 ) ) ;
#91 = APPROVAL_ROLE ( '' ) ;
#92 = DIRECTION ( 'NONE',  ( 1.000000000000000000, 0.000000000000000000, 0.000000000000000000 ) ) ;
#93 = CC_DESIGN_PERSON_AND_ORGANIZATION_ASSIGNMENT ( #945, #2406, ( #1292 ) ) ;
#94 = EDGE_LOOP ( 'NONE', ( #568, #2627, #1865, #1055 ) ) ;
#95 = DATE_AND_TIME ( #2516, #2464 ) ;
#96 = ORIENTED_EDGE ( 'NONE', *, *, #426, .F. ) ;
#97 = DIRECTION ( 'NONE',  ( -1.000000000000000000, -0.000000000000000000, -0.000000000000000000 ) ) ;
#98 = DIRECTION ( 'NONE',  ( 0.000000000000000000, 0.000000000000000000, 1.000000000000000000 ) ) ;
#99 = CARTESIAN_POINT ( 'NONE',  ( -8.475000000000001421, 1.086874034243276215E-15, -3.000000000000000000 ) ) ;
#100 = VERTEX_POINT ( 'NONE', #1427 ) ;
#101 = CIRCLE ( 'NONE', #1917, 6.299999999999999822 ) ;
#102 = CYLINDRICAL_SURFACE ( 'NONE', #832, 14.99999999999834799 ) ;
#103 = EDGE_CURVE ( 'NONE', #2041, #337, #1455, .T. ) ;
#104 = APPROVAL_STATUS ( 'not_yet_approved' ) ;
#105 = EDGE_LOOP ( 'NONE', ( #380, #1375 ) ) ;
#106 = ORIENTED_EDGE ( 'NONE', *, *, #1768, .T. ) ;
#107 = CIRCLE ( 'NONE', #1921, 8.475000000000001421 ) ;
#108 = ORIENTED_EDGE ( 'NONE', *, *, #393, .T. ) ;
#109 = APPROVAL_ROLE ( '' ) ;
#110 = ORIENTED_EDGE ( 'NONE', *, *, #3073, .T. ) ;
#111 = CIRCLE ( 'NONE', #1929, 3.222179676972455997 ) ;
#112 = CARTESIAN_POINT ( 'NONE',  ( 8.716642953600644006, 3.952331532926443458, 0.02010828335194610531 ) ) ;
#113 = VECTOR ( 'NONE', #254, 1000.000000000000000 ) ;
#114 = CIRCLE ( 'NONE', #946, 2.300000000000412825 ) ;
#115 = EDGE_LOOP ( 'NONE', ( #3080, #2871, #2515, #1064, #600, #428, #2633 ) ) ;
#116 = FACE_OUTER_BOUND ( 'NONE', #2752, .T. ) ;
#117 = DIRECTION ( 'NONE',  ( -1.000000000000000000, 0.000000000000000000, 0.000000000000000000 ) ) ;
#118 = VECTOR ( 'NONE', #72, 999.9999999999998863 ) ;
#119 = CIRCLE ( 'NONE', #444, 5.050000000000002487 ) ;
#120 = DIRECTION ( 'NONE',  ( 0.000000000000000000, 0.000000000000000000, -1.000000000000000000 ) ) ;
#121 = APPROVAL_ROLE ( '' ) ;
#122 = DIRECTION ( 'NONE',  ( -1.000000000000000000, 0.000000000000000000, 0.000000000000000000 ) ) ;
#123 = ORIENTED_EDGE ( 'NONE', *, *, #1067, .T. ) ;
#124 = VERTEX_POINT ( 'NONE', #441 ) ;
#125 = APPROVAL_ROLE ( '' ) ;
#126 = VECTOR ( 'NONE', #3094, 1000.000000000000000 ) ;
#127 = ORIENTED_EDGE ( 'NONE', *, *, #384, .F. ) ;
#128 = DIRECTION ( 'NONE',  ( 0.000000000000000000, 0.000000000000000000, -1.000000000000000000 ) ) ;
#129 = VECTOR ( 'NONE', #191, 1000.000000000000000 ) ;
#130 = CARTESIAN_POINT ( 'NONE',  ( 1.408344576769477615E-16, 6.440000000000000391, 4.250000000000001776 ) ) ;
#131 = VECTOR ( 'NONE', #1417, 1000.000000000000000 ) ;
#132 = EDGE_CURVE ( 'NONE', #229, #3151, #1171, .T. ) ;
#133 = ORIENTED_EDGE ( 'NONE', *, *, #409, .F. ) ;
#134 = DIRECTION ( 'NONE',  ( 0.000000000000000000, -1.224646799147353454E-16, 1.000000000000000000 ) ) ;
#135 = CARTESIAN_POINT ( 'NONE',  ( -4.604223021015033446, -9.525000000000048317, 0.5923633862648668424 ) ) ;
#136 = APPROVAL ( #140, '未指定' ) ;
#137 = DIRECTION ( 'NONE',  ( -1.000000000000000000, -0.000000000000000000, -0.000000000000000000 ) ) ;
#138 = CARTESIAN_POINT ( 'NONE',  ( 0.000000000000000000, 0.000000000000000000, -2.499999999999996003 ) ) ;
#139 = DIRECTION ( 'NONE',  ( 0.000000000000000000, 0.000000000000000000, 1.000000000000000000 ) ) ;
#140 = APPROVAL_STATUS ( 'not_yet_approved' ) ;
#141 = DIRECTION ( 'NONE',  ( 0.000000000000000000, 0.000000000000000000, -1.000000000000000000 ) ) ;
#142 = ORIENTED_EDGE ( 'NONE', *, *, #393, .F. ) ;
#143 = LOCAL_TIME ( 17, 44, 26.00000000000000000, #2174 ) ;
#144 = PRODUCT_RELATED_PRODUCT_CATEGORY ( 'detail', '', ( #1197 ) ) ;
#145 = CC_DESIGN_APPROVAL ( #1769, ( #2106 ) ) ;
#146 = EDGE_LOOP ( 'NONE', ( #1307, #2025, #2968, #1539, #628, #1821 ) ) ;
#147 = PRODUCT_DEFINITION_SHAPE ( 'NONE', 'NONE',  #3179 ) ;
#148 = PERSON_AND_ORGANIZATION ( #312, #1545 ) ;
#149 = ORIENTED_EDGE ( 'NONE', *, *, #1067, .F. ) ;
#150 = CARTESIAN_POINT ( 'NONE',  ( 0.000000000000000000, 3.888253587292846081E-16, -3.174999999999999822 ) ) ;
#151 = EDGE_CURVE ( 'NONE', #2690, #1716, #1630, .T. ) ;
#152 = DIRECTION ( 'NONE',  ( 0.9396926207859104263, 0.000000000000000000, -0.3420201433256628842 ) ) ;
#153 = ORIENTED_EDGE ( 'NONE', *, *, #1151, .F. ) ;
#154 = DIRECTION ( 'NONE',  ( 0.000000000000000000, -1.000000000000000000, 0.000000000000000000 ) ) ;
#155 = DIRECTION ( 'NONE',  ( -1.000000000000000000, -0.000000000000000000, -0.000000000000000000 ) ) ;
#156 = EDGE_CURVE ( 'NONE', #1894, #2305, #2208, .T. ) ;
#157 = FACE_OUTER_BOUND ( 'NONE', #521, .T. ) ;
#158 = COORDINATED_UNIVERSAL_TIME_OFFSET ( 8, 0, .AHEAD. ) ;
#159 = AXIS2_PLACEMENT_3D ( 'NONE', #2136, #2815, #3072 ) ;
#160 = CARTESIAN_POINT ( 'NONE',  ( 35.64464849366903110, 0.000000000000000000, 0.000000000000000000 ) ) ;
#161 = VERTEX_POINT ( 'NONE', #680 ) ;
#162 = ADVANCED_FACE ( 'NONE', ( #646 ), #2346, .T. ) ;
#163 = AXIS2_PLACEMENT_3D ( 'NONE', #1184, #2814, #622 ) ;
#164 = APPROVAL_ROLE ( '' ) ;
#165 = ORIENTED_EDGE ( 'NONE', *, *, #923, .F. ) ;
#166 = DIRECTION ( 'NONE',  ( 0.000000000000000000, 0.000000000000000000, 1.000000000000000000 ) ) ;
#167 = CARTESIAN_POINT ( 'NONE',  ( 0.000000000000000000, 0.000000000000000000, -3.000000000000000000 ) ) ;
#168 = VERTEX_POINT ( 'NONE', #884 ) ;
#169 = CARTESIAN_POINT ( 'NONE',  ( 0.000000000000000000, 0.000000000000000000, 0.000000000000000000 ) ) ;
#170 = AXIS2_PLACEMENT_3D ( 'NONE', #958, #1943, #2905 ) ;
#171 = EDGE_CURVE ( 'NONE', #1107, #2143, #804, .T. ) ;
#172 = CARTESIAN_POINT ( 'NONE',  ( 7.780436236922099624, 5.573889132600920782, -5.854691731421723944E-15 ) ) ;
#173 = CARTESIAN_POINT ( 'NONE',  ( 10.54871925222718332, 0.7790823003625551024, 17.00895541415241397 ) ) ;
#174 = DIRECTION ( 'NONE',  ( -1.000000000000000000, -0.000000000000000000, -0.000000000000000000 ) ) ;
#175 = ORIENTED_EDGE ( 'NONE', *, *, #954, .T. ) ;
#176 = CARTESIAN_POINT ( 'NONE',  ( 0.000000000000000000, 0.000000000000000000, 0.000000000000000000 ) ) ;
#177 = CARTESIAN_POINT ( 'NONE',  ( -5.499261314031233638, 9.524999999999979039, 16.74926131403118035 ) ) ;
#178 = APPROVAL_DATE_TIME ( #615, #2851 ) ;
#179 = VERTEX_POINT ( 'NONE', #3096 ) ;
#180 = DIRECTION ( 'NONE',  ( 0.000000000000000000, -1.224646799147353454E-16, 1.000000000000000000 ) ) ;
#181 = DIRECTION ( 'NONE',  ( 0.000000000000000000, 0.000000000000000000, 1.000000000000000000 ) ) ;
#182 = EDGE_CURVE ( 'NONE', #3111, #1114, #1947, .T. ) ;
#183 = ORIENTED_EDGE ( 'NONE', *, *, #209, .F. ) ;
#184 = CARTESIAN_POINT ( 'NONE',  ( 40.44464849366903536, 0.000000000000000000, 0.000000000000000000 ) ) ;
#185 = DIRECTION ( 'NONE',  ( -1.000000000000000000, -0.000000000000000000, -0.000000000000000000 ) ) ;
#186 = DIRECTION ( 'NONE',  ( 0.000000000000000000, 0.000000000000000000, 1.000000000000000000 ) ) ;
#187 = AXIS2_PLACEMENT_3D ( 'NONE', #405, #1659, #1178 ) ;
#188 = PLANE ( 'NONE',  #404 ) ;
#189 = CARTESIAN_POINT ( 'NONE',  ( -3.688409626073299474, 9.524999999999987921, 17.22406855347259125 ) ) ;
#190 = CYLINDRICAL_SURFACE ( 'NONE', #2731, 3.175000000000371969 ) ;
#191 = DIRECTION ( 'NONE',  ( 0.000000000000000000, 0.000000000000000000, 1.000000000000000000 ) ) ;
#192 = CARTESIAN_POINT ( 'NONE',  ( 5.499261314031300252, -9.524999999999941735, 17.60000000000000142 ) ) ;
#193 = ORIENTED_EDGE ( 'NONE', *, *, #2613, .F. ) ;
#194 = PRODUCT_DEFINITION_FORMATION_WITH_SPECIFIED_SOURCE ( '任何', '', #638, .NOT_KNOWN. ) ;
#195 = CALENDAR_DATE ( 2025, 5, 7 ) ;
#196 = ORIENTED_EDGE ( 'NONE', *, *, #1249, .T. ) ;
#197 = CARTESIAN_POINT ( 'NONE',  ( -8.248891971046740323, -4.762500000000066791, 0.000000000000000000 ) ) ;
#198 = CARTESIAN_POINT ( 'NONE',  ( 35.64464849366903110, 6.949870585161229716E-16, 5.674999999999999822 ) ) ;
#199 = ORIENTED_EDGE ( 'NONE', *, *, #548, .T. ) ;
#200 = DIRECTION ( 'NONE',  ( -1.000000000000000000, -0.000000000000000000, -0.000000000000000000 ) ) ;
#201 = FACE_OUTER_BOUND ( 'NONE', #3011, .T. ) ;
#202 = CARTESIAN_POINT ( 'NONE',  ( 39.44464849366902826, 7.592810154713589835E-16, -6.100000000000000533 ) ) ;
#203 = CYLINDRICAL_SURFACE ( 'NONE', #394, 9.275000000000002132 ) ;
#204 = FACE_BOUND ( 'NONE', #2266, .T. ) ;
#205 = CARTESIAN_POINT ( 'NONE',  ( 9.179979922149291482, 3.149808362375240200, 17.51892000885278478 ) ) ;
#206 = DIRECTION ( 'NONE',  ( -1.000000000000000000, 0.000000000000000000, 0.000000000000000000 ) ) ;
#207 = ORIENTED_EDGE ( 'NONE', *, *, #2362, .T. ) ;
#208 = CONICAL_SURFACE ( 'NONE', #2020, 3.222179676972455997, 0.5235987755983015912 ) ;
#209 = EDGE_CURVE ( 'NONE', #2615, #3114, #3052, .T. ) ;
#210 = AXIS2_PLACEMENT_3D ( 'NONE', #2476, #1774, #528 ) ;
#211 = LINE ( 'NONE', #192, #2482 ) ;
#212 = CIRCLE ( 'NONE', #2430, 0.7999999999999999334 ) ;
#213 = ORIENTED_EDGE ( 'NONE', *, *, #3067, .F. ) ;
#214 = LINE ( 'NONE', #1231, #1223 ) ;
#215 =( NAMED_UNIT ( * ) SI_UNIT ( $, .STERADIAN. ) SOLID_ANGLE_UNIT ( ) );
#216 = ORIENTED_EDGE ( 'NONE', *, *, #1210, .T. ) ;
#217 = DIRECTION ( 'NONE',  ( -1.000000000000000000, -0.000000000000000000, -0.000000000000000000 ) ) ;
#218 = CARTESIAN_POINT ( 'NONE',  ( 52.94464849366903536, 2.816687638038912056E-16, -2.299999999999999822 ) ) ;
#219 = CIRCLE ( 'NONE', #1219, 6.440000000000000391 ) ;
#220 = CARTESIAN_POINT ( 'NONE',  ( 0.000000000000000000, 0.000000000000000000, 0.000000000000000000 ) ) ;
#221 = CARTESIAN_POINT ( 'NONE',  ( 10.99852262806237846, -4.800953814011748335E-16, 16.74926131403118035 ) ) ;
#222 = DIRECTION ( 'NONE',  ( 0.000000000000000000, 0.000000000000000000, 1.000000000000000000 ) ) ;
#223 = CIRCLE ( 'NONE', #2034, 14.99999999999834799 ) ;
#224 = ORIENTED_EDGE ( 'NONE', *, *, #68, .F. ) ;
#225 = DIRECTION ( 'NONE',  ( -0.000000000000000000, -0.000000000000000000, -1.000000000000000000 ) ) ;
#226 = ORIENTED_EDGE ( 'NONE', *, *, #1070, .T. ) ;
#227 = CARTESIAN_POINT ( 'NONE',  ( 9.275000000000002132, 0.000000000000000000, -2.200000000000000178 ) ) ;
#228 = CIRCLE ( 'NONE', #1061, 8.599999999998386713 ) ;
#229 = VERTEX_POINT ( 'NONE', #1694 ) ;
#230 = DIRECTION ( 'NONE',  ( 0.7071067811865444641, 8.659560562354969836E-17, 0.7071067811865505703 ) ) ;
#231 = CARTESIAN_POINT ( 'NONE',  ( 5.499261314031167913, 9.525000000000019895, 16.74926131403118035 ) ) ;
#232 = EDGE_CURVE ( 'NONE', #3086, #1894, #1925, .T. ) ;
#233 = CC_DESIGN_PERSON_AND_ORGANIZATION_ASSIGNMENT ( #1617, #425, ( #2860 ) ) ;
#234 = DIRECTION ( 'NONE',  ( -1.000000000000000000, -0.000000000000000000, -0.000000000000000000 ) ) ;
#235 = DIRECTION ( 'NONE',  ( -0.000000000000000000, 1.000000000000000000, 1.224646799147353207E-16 ) ) ;
#236 = CIRCLE ( 'NONE', #502, 6.100000000000000533 ) ;
#237 = DIRECTION ( 'NONE',  ( -0.000000000000000000, -0.000000000000000000, -1.000000000000000000 ) ) ;
#238 = CARTESIAN_POINT ( 'NONE',  ( -8.717347705171475170, 3.951110867399036941, -6.112189747387031247E-15 ) ) ;
#239 = VERTEX_POINT ( 'NONE', #2187 ) ;
#240 = CC_DESIGN_PERSON_AND_ORGANIZATION_ASSIGNMENT ( #1030, #3007, ( #922 ) ) ;
#241 = AXIS2_PLACEMENT_3D ( 'NONE', #754, #517, #1500 ) ;
#242 = CARTESIAN_POINT ( 'NONE',  ( 3.709163999463083172, 9.525000000000014566, 17.21970371548191991 ) ) ;
#243 = CARTESIAN_POINT ( 'NONE',  ( 0.000000000000000000, 0.000000000000000000, 0.000000000000000000 ) ) ;
#244 = VERTEX_POINT ( 'NONE', #1672 ) ;
#245 = CC_DESIGN_APPROVAL ( #1205, ( #194 ) ) ;
#246 = CARTESIAN_POINT ( 'NONE',  ( -3.688409626074404812, -9.525000000000037659, 17.22406855347233900 ) ) ;
#247 = CARTESIAN_POINT ( 'NONE',  ( 8.475000000000001421, 0.000000000000000000, -2.200000000000000178 ) ) ;
#248 = EDGE_CURVE ( 'NONE', #3047, #473, #960, .T. ) ;
#249 = CIRCLE ( 'NONE', #2618, 9.525000000000000355 ) ;
#250 = CARTESIAN_POINT ( 'NONE',  ( 3.709163999463265249, -9.524999999999957723, 0.3802962845181421803 ) ) ;
#251 = DIRECTION ( 'NONE',  ( 1.000000000000000000, 0.000000000000000000, 0.000000000000000000 ) ) ;
#252 = DIRECTION ( 'NONE',  ( -0.000000000000000000, -0.000000000000000000, -1.000000000000000000 ) ) ;
#253 = ADVANCED_FACE ( 'NONE', ( #1445 ), #2599, .T. ) ;
#254 = DIRECTION ( 'NONE',  ( -1.000000000000000000, -0.000000000000000000, -0.000000000000000000 ) ) ;
#255 = ORIENTED_EDGE ( 'NONE', *, *, #1834, .F. ) ;
#256 = ADVANCED_FACE ( 'NONE', ( #2907 ), #661, .F. ) ;
#257 = AXIS2_PLACEMENT_3D ( 'NONE', #2270, #1304, #1062 ) ;
#258 = CARTESIAN_POINT ( 'NONE',  ( 2.332295471196617065, 9.525000000000007461, 0.1567456604821346189 ) ) ;
#259 = VERTEX_POINT ( 'NONE', #2870 ) ;
#260 = AXIS2_PLACEMENT_3D ( 'NONE', #657, #1886, #2617 ) ;
#261 = EDGE_LOOP ( 'NONE', ( #2379, #1437, #2294, #2913, #1494, #224, #983 ) ) ;
#262 = FACE_OUTER_BOUND ( 'NONE', #1303, .T. ) ;
#263 = CARTESIAN_POINT ( 'NONE',  ( 0.000000000000000000, 0.000000000000000000, 15.35253755750896687 ) ) ;
#264 = VECTOR ( 'NONE', #968, 1000.000000000000000 ) ;
#265 = CARTESIAN_POINT ( 'NONE',  ( 0.000000000000000000, -9.525000000000057199, 5.400000000000002132 ) ) ;
#266 = DIRECTION ( 'NONE',  ( 0.000000000000000000, 0.000000000000000000, 1.000000000000000000 ) ) ;
#267 = DIRECTION ( 'NONE',  ( -1.000000000000000000, -0.000000000000000000, -0.000000000000000000 ) ) ;
#268 = DIRECTION ( 'NONE',  ( 0.000000000000000000, 0.000000000000000000, 1.000000000000000000 ) ) ;
#269 = AXIS2_PLACEMENT_3D ( 'NONE', #1282, #1554, #16 ) ;
#270 = ADVANCED_FACE ( 'NONE', ( #2383 ), #2402, .F. ) ;
#271 = ORIENTED_EDGE ( 'NONE', *, *, #2199, .T. ) ;
#272 = VECTOR ( 'NONE', #3125, 1000.000000000000114 ) ;
#273 = CARTESIAN_POINT ( 'NONE',  ( 9.410626844376126954, -2.750316174469026098, 17.44444124035914356 ) ) ;
#274 = APPROVAL ( #402, '未指定' ) ;
#275 = VERTEX_POINT ( 'NONE', #2481 ) ;
#276 = ORIENTED_EDGE ( 'NONE', *, *, #1789, .T. ) ;
#277 = LINE ( 'NONE', #751, #2478 ) ;
#278 = CARTESIAN_POINT ( 'NONE',  ( 1.119602143887779455, -6.342198096205379443, 5.702356694531947490 ) ) ;
#279 = CC_DESIGN_PERSON_AND_ORGANIZATION_ASSIGNMENT ( #1583, #2502, ( #1968 ) ) ;
#280 = EDGE_CURVE ( 'NONE', #168, #616, #1632, .T. ) ;
#281 = FACE_BOUND ( 'NONE', #2361, .T. ) ;
#282 = VECTOR ( 'NONE', #1888, 1000.000000000000000 ) ;
#283 = CARTESIAN_POINT ( 'NONE',  ( 8.717347705171503591, -3.951110867399066695, 1.545665722149647259E-14 ) ) ;
#284 = CARTESIAN_POINT ( 'NONE',  ( -8.716642953600670651, 3.952331532926382618, 17.57989171664805639 ) ) ;
#285 = DIRECTION ( 'NONE',  ( 0.000000000000000000, 0.000000000000000000, 1.000000000000000000 ) ) ;
#286 = CONICAL_SURFACE ( 'NONE', #2102, 6.100000000000000533, 0.7853981633974678189 ) ;
#287 = ORIENTED_EDGE ( 'NONE', *, *, #2008, .F. ) ;
#288 = ADVANCED_FACE ( 'NONE', ( #2962 ), #1723, .T. ) ;
#289 = DIRECTION ( 'NONE',  ( 0.000000000000000000, 0.000000000000000000, 1.000000000000000000 ) ) ;
#290 = ORIENTED_EDGE ( 'NONE', *, *, #338, .T. ) ;
#291 = PERSON_AND_ORGANIZATION ( #312, #1545 ) ;
#292 = VERTEX_POINT ( 'NONE', #1518 ) ;
#293 = DATE_AND_TIME ( #2060, #1284 ) ;
#294 = CARTESIAN_POINT ( 'NONE',  ( 40.44464849366903536, 0.000000000000000000, -4.449999999999999289 ) ) ;
#295 = CARTESIAN_POINT ( 'NONE',  ( 1.004643839863985866, -6.361424479526792908, 4.820373318281166775 ) ) ;
#296 = CC_DESIGN_APPROVAL ( #1579, ( #1190 ) ) ;
#297 = ADVANCED_FACE ( 'NONE', ( #1271 ), #2903, .F. ) ;
#298 = EDGE_LOOP ( 'NONE', ( #3020, #2605, #110, #2874 ) ) ;
#299 = LOCAL_TIME ( 17, 44, 26.00000000000000000, #2679 ) ;
#300 = CARTESIAN_POINT ( 'NONE',  ( -7.087157097717506460, 6.774683825530921411, 0.1555587596408454509 ) ) ;
#301 = FACE_OUTER_BOUND ( 'NONE', #403, .T. ) ;
#302 = DIRECTION ( 'NONE',  ( 1.000000000000000000, 0.000000000000000000, -0.000000000000000000 ) ) ;
#303 = CARTESIAN_POINT ( 'NONE',  ( 5.499261314031300252, -9.524999999999941735, 17.60000000000000142 ) ) ;
#304 = ORIENTED_EDGE ( 'NONE', *, *, #3122, .F. ) ;
#305 = ADVANCED_FACE ( 'NONE', ( #1295 ), #1814, .T. ) ;
#306 = VERTEX_POINT ( 'NONE', #487 ) ;
#307 = APPROVAL_DATE_TIME ( #64, #1438 ) ;
#308 = ORIENTED_EDGE ( 'NONE', *, *, #1834, .T. ) ;
#309 = ADVANCED_FACE ( 'NONE', ( #503 ), #3019, .T. ) ;
#310 = DIRECTION ( 'NONE',  ( -0.000000000000000000, -0.000000000000000000, -1.000000000000000000 ) ) ;
#311 = CARTESIAN_POINT ( 'NONE',  ( 0.7061281871523873432, -6.402079554345438517, 4.479788103572538205 ) ) ;
#312 = PERSON ( '未指定', '未指定', '未指定', ('未指定'), ('未指定'), ('未指定') ) ;
#313 = ORIENTED_EDGE ( 'NONE', *, *, #2549, .F. ) ;
#314 = CONICAL_SURFACE ( 'NONE', #2569, 4.549999999999999822, 0.7853981633974466137 ) ;
#315 = DIRECTION ( 'NONE',  ( -1.000000000000000000, -0.000000000000000000, -0.000000000000000000 ) ) ;
#316 = B_SPLINE_CURVE_WITH_KNOTS ( 'NONE', 3,
 ( #177, #2891, #1212, #1655, #734, #1229 ),
 .UNSPECIFIED., .F., .F.,
 ( 4, 2, 4 ),
 ( 2.380730676607476864E-07, 0.002782414026671823585, 0.005564589980275986246 ),
 .UNSPECIFIED. ) ;
#317 = CARTESIAN_POINT ( 'NONE',  ( 10.09563029186906746, -1.563855400051398448, 0.3770952061963425139 ) ) ;
#318 = ADVANCED_FACE ( 'NONE', ( #981, #2219 ), #1472, .F. ) ;
#319 = CARTESIAN_POINT ( 'NONE',  ( 39.44464849366903536, 0.000000000000000000, 0.000000000000000000 ) ) ;
#320 = EDGE_CURVE ( 'NONE', #1571, #2054, #732, .T. ) ;
#321 = DIRECTION ( 'NONE',  ( 0.000000000000000000, 0.000000000000000000, 1.000000000000000000 ) ) ;
#322 = ADVANCED_FACE ( 'NONE', ( #1975 ), #2224, .T. ) ;
#323 = CIRCLE ( 'NONE', #742, 4.714999999999998970 ) ;
#324 = ORIENTED_EDGE ( 'NONE', *, *, #923, .T. ) ;
#325 = DATE_TIME_ROLE ( 'classification_date' ) ;
#326 = ORIENTED_EDGE ( 'NONE', *, *, #1520, .T. ) ;
#327 = CARTESIAN_POINT ( 'NONE',  ( 0.000000000000000000, 0.000000000000000000, 0.000000000000000000 ) ) ;
#328 = VERTEX_POINT ( 'NONE', #2509 ) ;
#329 = CARTESIAN_POINT ( 'NONE',  ( -5.947941525219484049, 8.747863077871182114, 0.5916930452590251077 ) ) ;
#330 = DIRECTION ( 'NONE',  ( -1.000000000000000000, -0.000000000000000000, -0.000000000000000000 ) ) ;
#331 = CARTESIAN_POINT ( 'NONE',  ( -5.499261314031100412, -9.525000000000057199, 17.60000000000000142 ) ) ;
#332 = ORIENTED_EDGE ( 'NONE', *, *, #1311, .F. ) ;
#333 = PERSON_AND_ORGANIZATION ( #312, #1545 ) ;
#334 = CONICAL_SURFACE ( 'NONE', #2906, 4.549999999999999822, 0.7853981633974466137 ) ;
#335 = EDGE_LOOP ( 'NONE', ( #123, #1902 ) ) ;
#336 = PLANE ( 'NONE',  #2042 ) ;
#337 = VERTEX_POINT ( 'NONE', #2934 ) ;
#338 = EDGE_CURVE ( 'NONE', #2333, #2595, #1763, .T. ) ;
#339 = FACE_OUTER_BOUND ( 'NONE', #621, .T. ) ;
#340 = CLOSED_SHELL ( 'NONE', ( #632, #46, #579, #253, #2896, #1934, #20, #1977, #256, #522, #2225, #372, #2959, #2300, #2053, #12, #620, #1747, #1861, #649, #1177, #1869, #309, #454, #322, #2304, #2108, #976, #305, #3115, #42, #1840, #758, #2425, #50, #423, #593, #1706, #53, #1759, #565, #824 ) ) ;
#341 = LOCAL_TIME ( 17, 44, 26.00000000000000000, #1858 ) ;
#342 = DATE_AND_TIME ( #2069, #1333 ) ;
#343 = CARTESIAN_POINT ( 'NONE',  ( -8.015539861186704584, -5.166677710331041951, 17.60000000000001918 ) ) ;
#344 = EDGE_CURVE ( 'NONE', #1029, #2305, #2727, .T. ) ;
#345 = ORIENTED_EDGE ( 'NONE', *, *, #1096, .F. ) ;
#346 = APPROVAL_STATUS ( 'not_yet_approved' ) ;
#347 = ORIENTED_EDGE ( 'NONE', *, *, #2582, .T. ) ;
#348 = CARTESIAN_POINT ( 'NONE',  ( -0.7080109050740724941, -6.401849294338801677, 6.318474458346659439 ) ) ;
#349 = CARTESIAN_POINT ( 'NONE',  ( 0.3018256826720285835, 6.434419373249310681, 4.280244147722370052 ) ) ;
#350 = EDGE_LOOP ( 'NONE', ( #647, #1042 ) ) ;
#351 = AXIS2_PLACEMENT_3D ( 'NONE', #1005, #1046, #1264 ) ;
#352 = CARTESIAN_POINT ( 'NONE',  ( 0.000000000000000000, 0.000000000000000000, 0.000000000000000000 ) ) ;
#353 = CIRCLE ( 'NONE', #880, 6.100000000000000533 ) ;
#354 = CARTESIAN_POINT ( 'NONE',  ( 0.000000000000000000, 5.449678256205720798E-16, -4.449999999999999289 ) ) ;
#355 = CALENDAR_DATE ( 2025, 5, 7 ) ;
#356 = DIRECTION ( 'NONE',  ( 1.000000000000000000, 0.000000000000000000, 0.000000000000000000 ) ) ;
#357 = EDGE_LOOP ( 'NONE', ( #582, #1967, #2318, #1300 ) ) ;
#358 = VECTOR ( 'NONE', #997, 1000.000000000000000 ) ;
#359 = EDGE_CURVE ( 'NONE', #3043, #328, #249, .T. ) ;
#360 = EDGE_LOOP ( 'NONE', ( #1315, #1738, #48, #2080 ) ) ;
#361 = CALENDAR_DATE ( 2025, 5, 7 ) ;
#362 = ORIENTED_EDGE ( 'NONE', *, *, #2494, .T. ) ;
#363 = AXIS2_PLACEMENT_3D ( 'NONE', #1974, #2933, #1208 ) ;
#364 = CARTESIAN_POINT ( 'NONE',  ( -0.9187386942008175517, -6.375025472320111852, 4.692264857551853297 ) ) ;
#365 = DIRECTION ( 'NONE',  ( 0.000000000000000000, 0.000000000000000000, 1.000000000000000000 ) ) ;
#366 = AXIS2_PLACEMENT_3D ( 'NONE', #1257, #2963, #285 ) ;
#367 = CIRCLE ( 'NONE', #1508, 2.300000000000412825 ) ;
#368 = ORIENTED_EDGE ( 'NONE', *, *, #374, .F. ) ;
#369 = EDGE_CURVE ( 'NONE', #569, #3061, #1081, .T. ) ;
#370 = DIRECTION ( 'NONE',  ( 0.000000000000000000, 0.000000000000000000, 1.000000000000000000 ) ) ;
#371 = CARTESIAN_POINT ( 'NONE',  ( 8.475000000000001421, 0.000000000000000000, -3.000000000000000000 ) ) ;
#372 = ADVANCED_FACE ( 'NONE', ( #2259, #1990 ), #770, .T. ) ;
#373 = CIRCLE ( 'NONE', #793, 5.474999999999998757 ) ;
#374 = EDGE_CURVE ( 'NONE', #1273, #244, #412, .T. ) ;
#375 = CIRCLE ( 'NONE', #795, 4.183720842925042760 ) ;
#376 = DIRECTION ( 'NONE',  ( 1.000000000000000000, 0.000000000000000000, 0.000000000000000000 ) ) ;
#377 = CARTESIAN_POINT ( 'NONE',  ( 39.44464849366902826, 7.470345474798855279E-16, -6.100000000000000533 ) ) ;
#378 = DATE_TIME_ROLE ( 'classification_date' ) ;
#379 = CARTESIAN_POINT ( 'NONE',  ( -7.087157097717411425, -6.774683825531018222, 17.44444124035915422 ) ) ;
#380 = ORIENTED_EDGE ( 'NONE', *, *, #24, .T. ) ;
#381 = EDGE_LOOP ( 'NONE', ( #106, #700 ) ) ;
#382 = CALENDAR_DATE ( 2025, 5, 7 ) ;
#383 = AXIS2_PLACEMENT_3D ( 'NONE', #664, #1173, #2386 ) ;
#384 = EDGE_CURVE ( 'NONE', #2518, #306, #1462, .T. ) ;
#385 = VERTEX_POINT ( 'NONE', #2655 ) ;
#386 = DIRECTION ( 'NONE',  ( -1.000000000000000000, -0.000000000000000000, -0.000000000000000000 ) ) ;
#387 = VECTOR ( 'NONE', #1209, 1000.000000000000000 ) ;
#388 = CARTESIAN_POINT ( 'NONE',  ( 8.248891971046774074, 4.762500000000009948, 0.000000000000000000 ) ) ;
#389 = CONICAL_SURFACE ( 'NONE', #1744, 2.300000000000412825, 0.7853981633974482790 ) ;
#390 = ORIENTED_EDGE ( 'NONE', *, *, #964, .F. ) ;
#391 = DIRECTION ( 'NONE',  ( 1.000000000000000000, 0.000000000000000000, 0.000000000000000000 ) ) ;
#392 = DIRECTION ( 'NONE',  ( 0.000000000000000000, 0.000000000000000000, 1.000000000000000000 ) ) ;
#393 = EDGE_CURVE ( 'NONE', #1637, #1686, #988, .T. ) ;
#394 = AXIS2_PLACEMENT_3D ( 'NONE', #1206, #3142, #956 ) ;
#395 = DIRECTION ( 'NONE',  ( -0.000000000000000000, -0.000000000000000000, -1.000000000000000000 ) ) ;
#396 = DIRECTION ( 'NONE',  ( 0.000000000000000000, 0.000000000000000000, 1.000000000000000000 ) ) ;
#397 = DATE_AND_TIME ( #2331, #2957 ) ;
#398 = DIRECTION ( 'NONE',  ( 0.000000000000000000, 0.000000000000000000, 1.000000000000000000 ) ) ;
#399 = ORIENTED_EDGE ( 'NONE', *, *, #1210, .F. ) ;
#400 = APPROVAL_PERSON_ORGANIZATION ( #1572, #1205, #2768 ) ;
#401 = APPROVAL_PERSON_ORGANIZATION ( #1878, #274, #109 ) ;
#402 = APPROVAL_STATUS ( 'not_yet_approved' ) ;
#403 = EDGE_LOOP ( 'NONE', ( #3008, #2089, #2812, #2661 ) ) ;
#404 = AXIS2_PLACEMENT_3D ( 'NONE', #2137, #918, #2601 ) ;
#405 = CARTESIAN_POINT ( 'NONE',  ( 0.000000000000000000, -9.525000000000057199, 5.400000000000002132 ) ) ;
#406 = CYLINDRICAL_SURFACE ( 'NONE', #2998, 14.99999999999834799 ) ;
#407 = CARTESIAN_POINT ( 'NONE',  ( 40.44464849366903536, 0.000000000000000000, -4.449999999999999289 ) ) ;
#408 = ORIENTED_EDGE ( 'NONE', *, *, #1057, .F. ) ;
#409 = EDGE_CURVE ( 'NONE', #3047, #1571, #2063, .T. ) ;
#410 = CARTESIAN_POINT ( 'NONE',  ( 36.64191054789277047, 0.000000000000000000, 0.000000000000000000 ) ) ;
#411 = CARTESIAN_POINT ( 'NONE',  ( -5.499261314031100412, -9.525000000000057199, 0.8507386859688216285 ) ) ;
#412 = B_SPLINE_CURVE_WITH_KNOTS ( 'NONE', 3,
 ( #2497, #1750, #284, #1037, #2021, #2979, #1051, #2039 ),
 .UNSPECIFIED., .F., .F.,
 ( 4, 2, 2, 4 ),
 ( 0.005564589980275986246, 0.006950476802621102096, 0.008336363624966217079, 0.01110813726965644531 ),
 .UNSPECIFIED. ) ;
#413 = CARTESIAN_POINT ( 'NONE',  ( -8.482244080906777839, -4.358322289669092520, -6.125318758069472902E-15 ) ) ;
#414 = CARTESIAN_POINT ( 'NONE',  ( 36.64191054789277047, 0.000000000000000000, 0.000000000000000000 ) ) ;
#415 = PERSON_AND_ORGANIZATION ( #312, #1545 ) ;
#416 = AXIS2_PLACEMENT_3D ( 'NONE', #2288, #1799, #2775 ) ;
#417 = CARTESIAN_POINT ( 'NONE',  ( -4.604223021014520967, 9.524999999999984368, 0.5923633862646794368 ) ) ;
#418 = ORIENTED_EDGE ( 'NONE', *, *, #248, .F. ) ;
#419 = ADVANCED_FACE ( 'NONE', ( #157, #1691 ), #455, .F. ) ;
#420 = CIRCLE ( 'NONE', #835, 0.7999999999999973799 ) ;
#421 = DIRECTION ( 'NONE',  ( -1.000000000000000000, 0.000000000000000000, 0.000000000000000000 ) ) ;
#422 = CARTESIAN_POINT ( 'NONE',  ( -5.499261314031233638, 9.524999999999979039, 0.8507386859688200742 ) ) ;
#423 = ADVANCED_FACE ( 'NONE', ( #900 ), #188, .F. ) ;
#424 = EDGE_LOOP ( 'NONE', ( #1199, #2310, #3044, #1058, #527, #2105 ) ) ;
#425 = PERSON_AND_ORGANIZATION_ROLE ( 'classification_officer' ) ;
#426 = EDGE_CURVE ( 'NONE', #546, #2143, #1648, .T. ) ;
#427 = APPLICATION_CONTEXT ( 'configuration controlled 3d designs of mechanical parts and assemblies' ) ;
#428 = ORIENTED_EDGE ( 'NONE', *, *, #359, .T. ) ;
#429 = CARTESIAN_POINT ( 'NONE',  ( 39.64464849366903110, 5.353738650859789899E-16, -4.371659367082225245 ) ) ;
#430 = LINE ( 'NONE', #150, #1473 ) ;
#431 = CARTESIAN_POINT ( 'NONE',  ( 0.000000000000000000, -9.525000000000057199, 5.400000000000002132 ) ) ;
#432 = CARTESIAN_POINT ( 'NONE',  ( -0.5795110904247285921, 6.415388086664203904, 4.395341537439000135 ) ) ;
#433 = ORIENTED_EDGE ( 'NONE', *, *, #2623, .T. ) ;
#434 = CARTESIAN_POINT ( 'NONE',  ( -10.99852262806237846, -7.632217764024648044E-14, 16.74926131403118035 ) ) ;
#435 = AXIS2_PLACEMENT_3D ( 'NONE', #2512, #2261, #31 ) ;
#436 = CARTESIAN_POINT ( 'NONE',  ( 40.44464849366903536, 0.000000000000000000, 0.000000000000000000 ) ) ;
#437 = CIRCLE ( 'NONE', #1102, 3.675000000000760991 ) ;
#438 = DIRECTION ( 'NONE',  ( -1.000000000000000000, -0.000000000000000000, -0.000000000000000000 ) ) ;
#439 = CARTESIAN_POINT ( 'NONE',  ( 4.609918769206964306, -9.524999999999952394, 17.00599239285924824 ) ) ;
#440 = DIRECTION ( 'NONE',  ( 0.000000000000000000, 0.000000000000000000, 1.000000000000000000 ) ) ;
#441 = CARTESIAN_POINT ( 'NONE',  ( 17.10000000000100329, 2.816687638039417913E-16, -2.300000000000412825 ) ) ;
#442 = EDGE_LOOP ( 'NONE', ( #2065, #1060, #290, #492 ) ) ;
#443 = CARTESIAN_POINT ( 'NONE',  ( 15.00000000000079048, 0.000000000000000000, 3.675000000000538947 ) ) ;
#444 = AXIS2_PLACEMENT_3D ( 'NONE', #167, #1862, #653 ) ;
#445 = CARTESIAN_POINT ( 'NONE',  ( 16.94042034850728840, 0.000000000000000000, 0.000000000000000000 ) ) ;
#446 = APPROVAL_STATUS ( 'not_yet_approved' ) ;
#447 = VERTEX_POINT ( 'NONE', #2152 ) ;
#448 = DIRECTION ( 'NONE',  ( -1.000000000000000000, -0.000000000000000000, -0.000000000000000000 ) ) ;
#449 = DIRECTION ( 'NONE',  ( 1.000000000000000000, 0.000000000000000000, 0.000000000000000000 ) ) ;
#450 = VERTEX_POINT ( 'NONE', #2121 ) ;
#451 = CARTESIAN_POINT ( 'NONE',  ( -0.9299162373890312860, -9.525000000000009237, 17.60000000000000142 ) ) ;
#452 = DIRECTION ( 'NONE',  ( 0.000000000000000000, 0.000000000000000000, 1.000000000000000000 ) ) ;
#453 = DIRECTION ( 'NONE',  ( -1.000000000000000000, -0.000000000000000000, -0.000000000000000000 ) ) ;
#454 = ADVANCED_FACE ( 'NONE', ( #2185 ), #1240, .T. ) ;
#455 = PLANE ( 'NONE',  #2766 ) ;
#456 = DIRECTION ( 'NONE',  ( 0.000000000000000000, 0.000000000000000000, 1.000000000000000000 ) ) ;
#457 = CARTESIAN_POINT ( 'NONE',  ( 0.000000000000000000, 0.000000000000000000, 0.000000000000000000 ) ) ;
#458 = ORIENTED_EDGE ( 'NONE', *, *, #369, .F. ) ;
#459 = CARTESIAN_POINT ( 'NONE',  ( 17.10000000000100329, 0.000000000000000000, 0.000000000000000000 ) ) ;
#460 = ORIENTED_EDGE ( 'NONE', *, *, #482, .T. ) ;
#461 = CC_DESIGN_SECURITY_CLASSIFICATION ( #1847, ( #3181 ) ) ;
#462 = ORIENTED_EDGE ( 'NONE', *, *, #1549, .F. ) ;
#463 = APPROVAL_PERSON_ORGANIZATION ( #2857, #2851, #125 ) ;
#464 = CARTESIAN_POINT ( 'NONE',  ( 39.24464849366903962, 7.715274834628325378E-16, -6.299999999999999822 ) ) ;
#465 = DIRECTION ( 'NONE',  ( 1.000000000000000000, 0.000000000000000000, 0.000000000000000000 ) ) ;
#466 = ORIENTED_EDGE ( 'NONE', *, *, #892, .T. ) ;
#467 = DIRECTION ( 'NONE',  ( 0.000000000000000000, 0.000000000000000000, 1.000000000000000000 ) ) ;
#468 = CARTESIAN_POINT ( 'NONE',  ( 35.04464849366903678, 0.000000000000000000, 3.222179676972455997 ) ) ;
#469 = CARTESIAN_POINT ( 'NONE',  ( 19.70000000000027285, 0.000000000000000000, 14.99999999999834799 ) ) ;
#470 = DIRECTION ( 'NONE',  ( -1.000000000000000000, -0.000000000000000000, -0.000000000000000000 ) ) ;
#471 = DIRECTION ( 'NONE',  ( -0.000000000000000000, -0.000000000000000000, -1.000000000000000000 ) ) ;
#472 = CARTESIAN_POINT ( 'NONE',  ( 52.94464849366903536, 0.000000000000000000, 0.000000000000000000 ) ) ;
#473 = VERTEX_POINT ( 'NONE', #2366 ) ;
#474 = DIRECTION ( 'NONE',  ( -1.000000000000000000, -0.000000000000000000, -0.000000000000000000 ) ) ;
#475 = EDGE_CURVE ( 'NONE', #3043, #3002, #2456, .T. ) ;
#476 = CARTESIAN_POINT ( 'NONE',  ( 8.248891971046839799, -4.762499999999971756, 17.60000000000000142 ) ) ;
#477 = CALENDAR_DATE ( 2025, 5, 7 ) ;
#478 = ORIENTED_EDGE ( 'NONE', *, *, #2910, .T. ) ;
#479 = CC_DESIGN_PERSON_AND_ORGANIZATION_ASSIGNMENT ( #415, #1889, ( #512 ) ) ;
#480 = CARTESIAN_POINT ( 'NONE',  ( 52.94464849366903536, 0.000000000000000000, 0.000000000000000000 ) ) ;
#481 = CARTESIAN_POINT ( 'NONE',  ( 7.317451158458323057, 6.375802811646440027, 17.50207492918111640 ) ) ;
#482 = EDGE_CURVE ( 'NONE', #3047, #818, #1870, .T. ) ;
#483 = CONICAL_SURFACE ( 'NONE', #3089, 9.525000000000000355, 1.047197551196596521 ) ;
#484 = CC_DESIGN_PERSON_AND_ORGANIZATION_ASSIGNMENT ( #291, #1286, ( #194 ) ) ;
#485 = CARTESIAN_POINT ( 'NONE',  ( 14.50000000000084555, 4.194415287080378149E-16, -3.175000000000371969 ) ) ;
#486 = CARTESIAN_POINT ( 'NONE',  ( 10.09563029186904437, 1.563855400051410882, 17.22290479380366790 ) ) ;
#487 = CARTESIAN_POINT ( 'NONE',  ( 8.248891971046774074, 4.762500000000009948, 0.000000000000000000 ) ) ;
#488 = CIRCLE ( 'NONE', #2286, 5.050000000000002487 ) ;
#489 = B_SPLINE_CURVE_WITH_KNOTS ( 'NONE', 3,
 ( #723, #1247, #3152, #3169, #258, #1701, #1261, #2226 ),
 .UNSPECIFIED., .F., .F.,
 ( 4, 2, 2, 4 ),
 ( 0.01559295432091821129, 0.01698526139266470086, 0.01837756846441118697, 0.02116218260790416611 ),
 .UNSPECIFIED. ) ;
#490 = CARTESIAN_POINT ( 'NONE',  ( 2.581473850271385324E-16, 6.440000000000000391, 6.550000000000001599 ) ) ;
#491 = APPLICATION_CONTEXT ( 'configuration controlled 3d designs of mechanical parts and assemblies' ) ;
#492 = ORIENTED_EDGE ( 'NONE', *, *, #3101, .F. ) ;
#493 = CARTESIAN_POINT ( 'NONE',  ( 0.5800120672147699441, 6.415325105825623098, 6.404248581342878666 ) ) ;
#494 = EDGE_CURVE ( 'NONE', #3109, #161, #1443, .T. ) ;
#495 = CARTESIAN_POINT ( 'NONE',  ( -13.50000000000000533, -9.860761315262647568E-29, 1.848892746611746419E-29 ) ) ;
#496 = ORIENTED_EDGE ( 'NONE', *, *, #1647, .T. ) ;
#497 = DIRECTION ( 'NONE',  ( -1.000000000000000000, 0.000000000000000000, -0.000000000000000000 ) ) ;
#498 = DIRECTION ( 'NONE',  ( -0.000000000000000000, -0.000000000000000000, -1.000000000000000000 ) ) ;
#499 = EDGE_CURVE ( 'NONE', #1992, #719, #1339, .T. ) ;
#500 = CARTESIAN_POINT ( 'NONE',  ( 0.4652762284390727920, -9.524999999999995026, -5.869938324472300364E-16 ) ) ;
#501 = DIRECTION ( 'NONE',  ( -1.000000000000000000, -0.000000000000000000, -0.000000000000000000 ) ) ;
#502 = AXIS2_PLACEMENT_3D ( 'NONE', #2929, #2165, #1467 ) ;
#503 = FACE_OUTER_BOUND ( 'NONE', #648, .T. ) ;
#504 = DIRECTION ( 'NONE',  ( -1.000000000000000000, -0.000000000000000000, -0.000000000000000000 ) ) ;
#505 = ORIENTED_EDGE ( 'NONE', *, *, #985, .T. ) ;
#506 = AXIS2_PLACEMENT_3D ( 'NONE', #1238, #1987, #2919 ) ;
#507 = AXIS2_PLACEMENT_3D ( 'NONE', #331, #2302, #2070 ) ;
#508 = CARTESIAN_POINT ( 'NONE',  ( 35.04464849366903678, 0.000000000000000000, 3.222179676972455997 ) ) ;
#509 = ORIENTED_EDGE ( 'NONE', *, *, #2444, .T. ) ;
#510 = ORIENTED_EDGE ( 'NONE', *, *, #1127, .T. ) ;
#511 = B_SPLINE_CURVE_WITH_KNOTS ( 'NONE', 3,
 ( #1117, #2120, #640, #3055, #899, #623, #2578, #1133 ),
 .UNSPECIFIED., .F., .F.,
 ( 4, 2, 2, 4 ),
 ( 0.005564589980275918592, 0.006950476802621014492, 0.008336363624966111260, 0.01110813726965630306 ),
 .UNSPECIFIED. ) ;
#512 = PRODUCT_DEFINITION_FORMATION_WITH_SPECIFIED_SOURCE ( '任何', '', #1135, .NOT_KNOWN. ) ;
#513 = LINE ( 'NONE', #1497, #2777 ) ;
#514 = DIRECTION ( 'NONE',  ( -0.000000000000000000, -0.000000000000000000, -1.000000000000000000 ) ) ;
#515 = EDGE_CURVE ( 'NONE', #1771, #2075, #3168, .T. ) ;
#516 = DESIGN_CONTEXT ( 'detailed design', #3058, 'design' ) ;
#517 = DIRECTION ( 'NONE',  ( 0.8660254037844415942, -0.4999999999999950595, 0.000000000000000000 ) ) ;
#518 = PLANE ( 'NONE',  #2083 ) ;
#519 = CARTESIAN_POINT ( 'NONE',  ( 0.000000000000000000, 0.000000000000000000, 17.60000000000000142 ) ) ;
#520 = DIRECTION ( 'NONE',  ( -1.000000000000000000, -0.000000000000000000, -0.000000000000000000 ) ) ;
#521 = EDGE_LOOP ( 'NONE', ( #1259, #1399 ) ) ;
#522 = ADVANCED_FACE ( 'NONE', ( #695 ), #203, .T. ) ;
#523 = CARTESIAN_POINT ( 'NONE',  ( 10.99852262806237846, -4.800953814011748335E-16, 16.74926131403118035 ) ) ;
#524 = EDGE_CURVE ( 'NONE', #2333, #473, #1640, .T. ) ;
#525 = ORIENTED_EDGE ( 'NONE', *, *, #2540, .T. ) ;
#526 = DATE_AND_TIME ( #477, #299 ) ;
#527 = ORIENTED_EDGE ( 'NONE', *, *, #1217, .T. ) ;
#528 = DIRECTION ( 'NONE',  ( 0.000000000000000000, 0.000000000000000000, 1.000000000000000000 ) ) ;
#529 = CARTESIAN_POINT ( 'NONE',  ( 0.9192018991245758386, -6.374954996744043534, 6.107093988224544745 ) ) ;
#530 = TOROIDAL_SURFACE ( 'NONE', #2192, 14.69999999999786056, 0.2999999999996719180 ) ;
#531 = FACE_OUTER_BOUND ( 'NONE', #3053, .T. ) ;
#532 = DIRECTION ( 'NONE',  ( -1.000000000000000000, -0.000000000000000000, -0.000000000000000000 ) ) ;
#533 = DIRECTION ( 'NONE',  ( 0.000000000000000000, -0.000000000000000000, 1.000000000000000000 ) ) ;
#534 = CIRCLE ( 'NONE', #3037, 5.674999999999999822 ) ;
#535 = CARTESIAN_POINT ( 'NONE',  ( 39.64464849366903110, 0.000000000000000000, 0.000000000000000000 ) ) ;
#536 = CIRCLE ( 'NONE', #1416, 4.371659367082224357 ) ;
#537 = ORIENTED_EDGE ( 'NONE', *, *, #1768, .F. ) ;
#538 = CIRCLE ( 'NONE', #2328, 9.275000000000002132 ) ;
#539 = ORIENTED_EDGE ( 'NONE', *, *, #384, .T. ) ;
#540 = DATE_AND_TIME ( #1791, #2511 ) ;
#541 = AXIS2_PLACEMENT_3D ( 'NONE', #2257, #1268, #2003 ) ;
#542 = ORIENTED_EDGE ( 'NONE', *, *, #806, .F. ) ;
#543 = AXIS2_PLACEMENT_3D ( 'NONE', #1775, #1306, #98 ) ;
#544 = DIRECTION ( 'NONE',  ( 0.000000000000000000, -1.224646799147356165E-16, 1.000000000000000000 ) ) ;
#545 = FACE_OUTER_BOUND ( 'NONE', #350, .T. ) ;
#546 = VERTEX_POINT ( 'NONE', #2230 ) ;
#547 = CARTESIAN_POINT ( 'NONE',  ( 39.64464849366903110, 0.000000000000000000, 0.000000000000000000 ) ) ;
#548 = EDGE_CURVE ( 'NONE', #2315, #1606, #551, .T. ) ;
#549 = CIRCLE ( 'NONE', #2343, 0.4000000000000669687 ) ;
#550 = DIRECTION ( 'NONE',  ( -0.000000000000000000, 0.000000000000000000, -1.000000000000000000 ) ) ;
#551 = B_SPLINE_CURVE_WITH_KNOTS ( 'NONE', 3,
 ( #2450, #1748, #250, #977, #2685, #2493, #500, #1010 ),
 .UNSPECIFIED., .F., .F.,
 ( 4, 2, 2, 4 ),
 ( 0.02480760746573276720, 0.02759408215062075093, 0.02898731949306473932, 0.03038055683550873118 ),
 .UNSPECIFIED. ) ;
#552 = AXIS2_PLACEMENT_3D ( 'NONE', #2621, #1409, #1910 ) ;
#553 = LINE ( 'NONE', #1272, #113 ) ;
#554 = AXIS2_PLACEMENT_3D ( 'NONE', #1439, #2696, #467 ) ;
#555 = VERTEX_POINT ( 'NONE', #469 ) ;
#556 = ORIENTED_EDGE ( 'NONE', *, *, #1520, .F. ) ;
#557 = PERSON_AND_ORGANIZATION ( #312, #1545 ) ;
#558 = ORIENTED_EDGE ( 'NONE', *, *, #2670, .F. ) ;
#559 = LINE ( 'NONE', #69, #998 ) ;
#560 = CARTESIAN_POINT ( 'NONE',  ( 0.3013277049262286233, -6.434457165968404446, 4.280011899811172249 ) ) ;
#561 = APPROVAL_PERSON_ORGANIZATION ( #837, #2521, #121 ) ;
#562 = VERTEX_POINT ( 'NONE', #2434 ) ;
#563 = DIRECTION ( 'NONE',  ( 0.000000000000000000, 0.000000000000000000, 1.000000000000000000 ) ) ;
#564 = CARTESIAN_POINT ( 'NONE',  ( -1.150057636807132244, 6.336479104002719964, 5.250090243316072325 ) ) ;
#565 = ADVANCED_FACE ( 'NONE', ( #531 ), #1972, .F. ) ;
#566 = AXIS2_PLACEMENT_3D ( 'NONE', #1256, #2005, #1281 ) ;
#567 = DIRECTION ( 'NONE',  ( -1.000000000000000000, -0.000000000000000000, -0.000000000000000000 ) ) ;
#568 = ORIENTED_EDGE ( 'NONE', *, *, #2789, .T. ) ;
#569 = VERTEX_POINT ( 'NONE', #485 ) ;
#570 = PERSON_AND_ORGANIZATION_ROLE ( 'design_supplier' ) ;
#571 = EDGE_CURVE ( 'NONE', #685, #1716, #658, .T. ) ;
#572 = ORIENTED_EDGE ( 'NONE', *, *, #584, .T. ) ;
#573 = CARTESIAN_POINT ( 'NONE',  ( 52.94464849366903536, 3.174999999999999822, 0.000000000000000000 ) ) ;
#574 = FACE_OUTER_BOUND ( 'NONE', #908, .T. ) ;
#575 = TOROIDAL_SURFACE ( 'NONE', #2373, 4.371659367082225245, 0.1999999999999997613 ) ;
#576 = ORIENTED_EDGE ( 'NONE', *, *, #209, .T. ) ;
#577 = AXIS2_PLACEMENT_3D ( 'NONE', #410, #693, #916 ) ;
#578 = CARTESIAN_POINT ( 'NONE',  ( -8.015539861186772086, 5.166677710330931816, -6.062426561735841102E-15 ) ) ;
#579 = ADVANCED_FACE ( 'NONE', ( #1279 ), #2606, .T. ) ;
#580 = CARTESIAN_POINT ( 'NONE',  ( 0.000000000000000000, 0.000000000000000000, 0.000000000000000000 ) ) ;
#581 = CIRCLE ( 'NONE', #2983, 6.440000000000000391 ) ;
#582 = ORIENTED_EDGE ( 'NONE', *, *, #3170, .F. ) ;
#583 = MECHANICAL_CONTEXT ( 'NONE', #3079, 'mechanical' ) ;
#584 = EDGE_CURVE ( 'NONE', #1029, #856, #2944, .T. ) ;
#585 = VERTEX_POINT ( 'NONE', #1484 ) ;
#586 = CARTESIAN_POINT ( 'NONE',  ( -1.119857264706282107, -6.342158300342950028, 5.097985071271193824 ) ) ;
#587 = ADVANCED_FACE ( 'NONE', ( #2698 ), #2246, .T. ) ;
#588 = CARTESIAN_POINT ( 'NONE',  ( 0.000000000000000000, 2.816687638039417913E-16, -2.300000000000412825 ) ) ;
#589 =( REPRESENTATION_RELATIONSHIP ('NONE','NONE', #25, #1786 ) REPRESENTATION_RELATIONSHIP_WITH_TRANSFORMATION ( #1811 )SHAPE_REPRESENTATION_RELATIONSHIP( ) );
#590 = ORIENTED_EDGE ( 'NONE', *, *, #1742, .T. ) ;
#591 = CIRCLE ( 'NONE', #642, 3.174999999999999822 ) ;
#592 = DIRECTION ( 'NONE',  ( -1.000000000000000000, -0.000000000000000000, -0.000000000000000000 ) ) ;
#593 = ADVANCED_FACE ( 'NONE', ( #992 ), #1470, .F. ) ;
#594 = EDGE_CURVE ( 'NONE', #2252, #179, #1720, .T. ) ;
#595 = PERSON_AND_ORGANIZATION_ROLE ( 'classification_officer' ) ;
#596 = CARTESIAN_POINT ( 'NONE',  ( -8.248891971046740323, -4.762500000000066791, 17.60000000000000142 ) ) ;
#597 = DIRECTION ( 'NONE',  ( -1.000000000000000000, -0.000000000000000000, -0.000000000000000000 ) ) ;
#598 = ORIENTED_EDGE ( 'NONE', *, *, #849, .T. ) ;
#599 = APPLICATION_PROTOCOL_DEFINITION ( 'international standard', 'config_control_design', 1994, #3079 ) ;
#600 = ORIENTED_EDGE ( 'NONE', *, *, #2841, .T. ) ;
#601 = CARTESIAN_POINT ( 'NONE',  ( -9.525000000000002132, 0.000000000000000000, 17.60000000000000142 ) ) ;
#602 = CARTESIAN_POINT ( 'NONE',  ( 1.408343061269071072E-16, -6.440000000000000391, 4.250000000000001776 ) ) ;
#603 = DIRECTION ( 'NONE',  ( -1.000000000000000000, -0.000000000000000000, -0.000000000000000000 ) ) ;
#604 = ORIENTED_EDGE ( 'NONE', *, *, #1667, .F. ) ;
#605 = CARTESIAN_POINT ( 'NONE',  ( 0.000000000000000000, 0.000000000000000000, 0.000000000000000000 ) ) ;
#606 = AXIS2_PLACEMENT_3D ( 'NONE', #2585, #321, #1581 ) ;
#607 = ORGANIZATION ( 'NAUO-ORG1', 'UNSPECIFIED', 'UNSPECIFIED' ) ;
#608 = EDGE_CURVE ( 'NONE', #2595, #1172, #85, .T. ) ;
#609 =( GEOMETRIC_REPRESENTATION_CONTEXT ( 3 ) GLOBAL_UNCERTAINTY_ASSIGNED_CONTEXT ( ( #1551 ) ) GLOBAL_UNIT_ASSIGNED_CONTEXT ( ( #1641, #2148, #2458 ) ) REPRESENTATION_CONTEXT ( 'NONE', 'WORKASPACE' ) );
#610 = COORDINATED_UNIVERSAL_TIME_OFFSET ( 8, 0, .AHEAD. ) ;
#611 = FACE_BOUND ( 'NONE', #943, .T. ) ;
#612 = EDGE_LOOP ( 'NONE', ( #51, #2195, #2159 ) ) ;
#613 = PRODUCT_RELATED_PRODUCT_CATEGORY ( 'detail', '', ( #1135 ) ) ;
#614 = ORIENTED_EDGE ( 'NONE', *, *, #2675, .F. ) ;
#615 = DATE_AND_TIME ( #1108, #1245 ) ;
#616 = VERTEX_POINT ( 'NONE', #2479 ) ;
#617 = APPROVAL ( #49, '未指定' ) ;
#618 = CARTESIAN_POINT ( 'NONE',  ( 36.64191054789277047, 0.000000000000000000, 2.299999999999999822 ) ) ;
#619 = CARTESIAN_POINT ( 'NONE',  ( 4.549999999999999822, 0.000000000000000000, -0.5000000000000143219 ) ) ;
#620 = ADVANCED_FACE ( 'NONE', ( #281, #1957 ), #743, .T. ) ;
#621 = EDGE_LOOP ( 'NONE', ( #1415, #3077, #1790, #1656 ) ) ;
#622 = DIRECTION ( 'NONE',  ( 0.000000000000000000, 0.000000000000000000, -1.000000000000000000 ) ) ;
#623 = CARTESIAN_POINT ( 'NONE',  ( 6.400365130926765289, -7.964242406242734162, 0.3778458271644037914 ) ) ;
#624 = CONICAL_SURFACE ( 'NONE', #163, 4.449999999999999289, 0.3490658503988596784 ) ;
#625 = ADVANCED_FACE ( 'NONE', ( #1734 ), #1708, .T. ) ;
#626 = DIRECTION ( 'NONE',  ( -0.8660254037844380415, -0.5000000000000009992, 0.000000000000000000 ) ) ;
#627 = ORIENTED_EDGE ( 'NONE', *, *, #2494, .F. ) ;
#628 = ORIENTED_EDGE ( 'NONE', *, *, #1530, .T. ) ;
#629 = PERSON_AND_ORGANIZATION_ROLE ( 'creator' ) ;
#630 = ORIENTED_EDGE ( 'NONE', *, *, #1506, .F. ) ;
#631 = VECTOR ( 'NONE', #152, 1000.000000000000114 ) ;
#632 = ADVANCED_FACE ( 'NONE', ( #2960 ), #768, .F. ) ;
#633 = FACE_OUTER_BOUND ( 'NONE', #442, .T. ) ;
#634 = CARTESIAN_POINT ( 'NONE',  ( 0.000000000000000000, 0.000000000000000000, 3.175000000000371969 ) ) ;
#635 = VECTOR ( 'NONE', #2250, 1000.000000000000000 ) ;
#636 = LINE ( 'NONE', #407, #631 ) ;
#637 = VERTEX_POINT ( 'NONE', #2977 ) ;
#638 = PRODUCT ( '316-GN-FMR4', '316-GN-FMR4', '', ( #583 ) ) ;
#639 = DIRECTION ( 'NONE',  ( -1.000000000000000000, -0.000000000000000000, -0.000000000000000000 ) ) ;
#640 = CARTESIAN_POINT ( 'NONE',  ( 7.781140988492979638, -5.572668467073530252, 0.02010828335196813629 ) ) ;
#641 = EDGE_CURVE ( 'NONE', #555, #239, #2671, .T. ) ;
#642 = AXIS2_PLACEMENT_3D ( 'NONE', #874, #2575, #181 ) ;
#643 = DIRECTION ( 'NONE',  ( -0.000000000000000000, 0.000000000000000000, 1.000000000000000000 ) ) ;
#644 = CARTESIAN_POINT ( 'NONE',  ( -9.275000000000002132, 1.135859906209170235E-15, -3.000000000000000000 ) ) ;
#645 = PERSON_AND_ORGANIZATION_ROLE ( 'design_supplier' ) ;
#646 = FACE_OUTER_BOUND ( 'NONE', #1623, .T. ) ;
#647 = ORIENTED_EDGE ( 'NONE', *, *, #59, .F. ) ;
#648 = EDGE_LOOP ( 'NONE', ( #196, #809, #2263 ) ) ;
#649 = ADVANCED_FACE ( 'NONE', ( #1829 ), #1784, .F. ) ;
#650 = APPROVAL_DATE_TIME ( #1913, #1389 ) ;
#651 = ORIENTED_EDGE ( 'NONE', *, *, #1859, .F. ) ;
#652 = CARTESIAN_POINT ( 'NONE',  ( 0.000000000000000000, 0.000000000000000000, 17.60000000000000142 ) ) ;
#653 = DIRECTION ( 'NONE',  ( 1.000000000000000000, 0.000000000000000000, 0.000000000000000000 ) ) ;
#654 = CIRCLE ( 'NONE', #187, 1.149999999999999911 ) ;
#655 = VERTEX_POINT ( 'NONE', #2311 ) ;
#656 = DIRECTION ( 'NONE',  ( 0.000000000000000000, 0.000000000000000000, -1.000000000000000000 ) ) ;
#657 = CARTESIAN_POINT ( 'NONE',  ( 15.00000000000079048, 0.000000000000000000, 0.000000000000000000 ) ) ;
#658 = CIRCLE ( 'NONE', #506, 6.299999999999999822 ) ;
#659 = DIRECTION ( 'NONE',  ( -0.000000000000000000, -0.000000000000000000, -1.000000000000000000 ) ) ;
#660 = DATE_TIME_ROLE ( 'classification_date' ) ;
#661 = CYLINDRICAL_SURFACE ( 'NONE', #552, 4.549999999999999822 ) ;
#662 = ORIENTED_EDGE ( 'NONE', *, *, #869, .F. ) ;
#663 = PRODUCT_DEFINITION_FORMATION_WITH_SPECIFIED_SOURCE ( '任何', '', #1877, .NOT_KNOWN. ) ;
#664 = CARTESIAN_POINT ( 'NONE',  ( 16.94042034850728840, 0.000000000000000000, 0.000000000000000000 ) ) ;
#665 = EDGE_LOOP ( 'NONE', ( #1918, #2895, #3031, #850 ) ) ;
#666 = PERSON_AND_ORGANIZATION_ROLE ( 'design_supplier' ) ;
#667 = EDGE_LOOP ( 'NONE', ( #2922, #496, #175, #142 ) ) ;
#668 = CARTESIAN_POINT ( 'NONE',  ( -7.780436236922057880, -5.573889132600977625, -5.980052607615361183E-15 ) ) ;
#669 = DIRECTION ( 'NONE',  ( 1.000000000000000000, 0.000000000000000000, 0.000000000000000000 ) ) ;
#670 = DIRECTION ( 'NONE',  ( 1.000000000000000000, 0.000000000000000000, 0.000000000000000000 ) ) ;
#671 = ORIENTED_EDGE ( 'NONE', *, *, #2022, .F. ) ;
#672 = CARTESIAN_POINT ( 'NONE',  ( 17.80000000000026006, 0.000000000000000000, 0.000000000000000000 ) ) ;
#673 = DIRECTION ( 'NONE',  ( -1.000000000000000000, 0.000000000000000000, 0.000000000000000000 ) ) ;
#674 = CC_DESIGN_PERSON_AND_ORGANIZATION_ASSIGNMENT ( #2138, #1082, ( #2303 ) ) ;
#675 = CARTESIAN_POINT ( 'NONE',  ( 4.549999999999999822, 0.000000000000000000, -2.499999999999996003 ) ) ;
#676 = AXIS2_PLACEMENT_3D ( 'NONE', #1546, #1252, #2282 ) ;
#677 = CARTESIAN_POINT ( 'NONE',  ( 8.248891971046774074, 4.762500000000009948, 0.000000000000000000 ) ) ;
#678 = CARTESIAN_POINT ( 'NONE',  ( 0.000000000000000000, 0.000000000000000000, 0.000000000000000000 ) ) ;
#679 = AXIS2_PLACEMENT_3D ( 'NONE', #9, #814, #1527 ) ;
#680 = CARTESIAN_POINT ( 'NONE',  ( 10.99852262806237846, 2.215317249701455172E-16, 0.8507386859688209624 ) ) ;
#681 = ORIENTED_EDGE ( 'NONE', *, *, #1636, .F. ) ;
#682 = DIRECTION ( 'NONE',  ( 0.000000000000000000, 0.000000000000000000, 1.000000000000000000 ) ) ;
#683 = PERSON_AND_ORGANIZATION_ROLE ( 'design_owner' ) ;
#684 = VECTOR ( 'NONE', #924, 1000.000000000000000 ) ;
#685 = VERTEX_POINT ( 'NONE', #1779 ) ;
#686 = DIRECTION ( 'NONE',  ( 1.000000000000000000, 0.000000000000000000, 0.000000000000000000 ) ) ;
#687 = CARTESIAN_POINT ( 'NONE',  ( 1.149913114336698738, 6.336505333165963094, 5.247425617467091463 ) ) ;
#688 = ADVANCED_FACE ( 'NONE', ( #2996 ), #2894, .F. ) ;
#689 = DIRECTION ( 'NONE',  ( 1.000000000000000000, 0.000000000000000000, 0.000000000000000000 ) ) ;
#690 = EDGE_LOOP ( 'NONE', ( #61, #872, #1275, #408 ) ) ;
#691 = FACE_OUTER_BOUND ( 'NONE', #665, .T. ) ;
#692 = AXIS2_PLACEMENT_3D ( 'NONE', #431, #912, #2904 ) ;
#693 = DIRECTION ( 'NONE',  ( -1.000000000000000000, -0.000000000000000000, -0.000000000000000000 ) ) ;
#694 = CIRCLE ( 'NONE', #3141, 9.525000000000002132 ) ;
#695 = FACE_OUTER_BOUND ( 'NONE', #23, .T. ) ;
#696 = CARTESIAN_POINT ( 'NONE',  ( 17.10000000000100329, 0.000000000000000000, 0.000000000000000000 ) ) ;
#697 = CARTESIAN_POINT ( 'NONE',  ( 0.000000000000000000, 0.000000000000000000, -3.000000000000000000 ) ) ;
#698 = AXIS2_PLACEMENT_3D ( 'NONE', #39, #1035, #2019 ) ;
#699 = CARTESIAN_POINT ( 'NONE',  ( 0.000000000000000000, 0.000000000000000000, 17.60000000000000142 ) ) ;
#700 = ORIENTED_EDGE ( 'NONE', *, *, #881, .T. ) ;
#701 = CARTESIAN_POINT ( 'NONE',  ( -10.99852262806237846, -7.674129572303707347E-14, 0.8507386859688210734 ) ) ;
#702 = ORIENTED_EDGE ( 'NONE', *, *, #2438, .F. ) ;
#703 = ORIENTED_EDGE ( 'NONE', *, *, #2688, .T. ) ;
#704 = CARTESIAN_POINT ( 'NONE',  ( 2.332295471196621950, 9.525000000000011013, 17.44325433951787119 ) ) ;
#705 = AXIS2_PLACEMENT_3D ( 'NONE', #414, #2837, #396 ) ;
#706 = DIRECTION ( 'NONE',  ( 1.000000000000000000, 0.000000000000000000, 0.000000000000000000 ) ) ;
#707 = VERTEX_POINT ( 'NONE', #1293 ) ;
#708 = AXIS2_PLACEMENT_3D ( 'NONE', #2170, #942, #2452 ) ;
#709 = TOROIDAL_SURFACE ( 'NONE', #554, 14.69999999999786056, 0.2999999999996719180 ) ;
#710 = CARTESIAN_POINT ( 'NONE',  ( -9.179979922149277272, -3.149808362375300153, 17.51892000885278478 ) ) ;
#711 = CARTESIAN_POINT ( 'NONE',  ( 7.087157097717456722, 6.774683825530972037, 17.44444124035915422 ) ) ;
#712 = CARTESIAN_POINT ( 'NONE',  ( -9.180332783635199334, -3.149197188353642041, 0.09792507081888469911 ) ) ;
#713 = DIRECTION ( 'NONE',  ( 0.000000000000000000, 0.000000000000000000, -1.000000000000000000 ) ) ;
#714 = CARTESIAN_POINT ( 'NONE',  ( 39.64464849366903110, 0.000000000000000000, 0.000000000000000000 ) ) ;
#715 = DIRECTION ( 'NONE',  ( -1.000000000000000000, 0.000000000000000000, 0.000000000000000000 ) ) ;
#716 = ADVANCED_FACE ( 'NONE', ( #56 ), #2647, .F. ) ;
#717 = EDGE_LOOP ( 'NONE', ( #2965, #572, #149, #2109 ) ) ;
#718 = DIRECTION ( 'NONE',  ( 0.000000000000000000, 0.000000000000000000, -1.000000000000000000 ) ) ;
#719 = VERTEX_POINT ( 'NONE', #820 ) ;
#720 = CC_DESIGN_SECURITY_CLASSIFICATION ( #819, ( #3175 ) ) ;
#721 = CC_DESIGN_DATE_AND_TIME_ASSIGNMENT ( #2388, #1175, ( #2860 ) ) ;
#722 =( GEOMETRIC_REPRESENTATION_CONTEXT ( 3 ) GLOBAL_UNCERTAINTY_ASSIGNED_CONTEXT ( ( #2035 ) ) GLOBAL_UNIT_ASSIGNED_CONTEXT ( ( #2706, #2663, #2427 ) ) REPRESENTATION_CONTEXT ( 'NONE', 'WORKASPACE' ) );
#723 = CARTESIAN_POINT ( 'NONE',  ( -3.455323577095457666E-14, 9.525000000000000355, 0.000000000000000000 ) ) ;
#724 = APPROVAL_STATUS ( 'not_yet_approved' ) ;
#725 = EDGE_LOOP ( 'NONE', ( #906, #2864, #2732, #1767 ) ) ;
#726 = CC_DESIGN_DATE_AND_TIME_ASSIGNMENT ( #2280, #1072, ( #2106 ) ) ;
#727 = DIRECTION ( 'NONE',  ( -0.000000000000000000, 0.000000000000000000, 1.000000000000000000 ) ) ;
#728 = DIRECTION ( 'NONE',  ( -1.000000000000000000, -0.000000000000000000, -0.000000000000000000 ) ) ;
#729 = EDGE_CURVE ( 'NONE', #1114, #244, #1817, .T. ) ;
#730 = DIRECTION ( 'NONE',  ( 0.000000000000000000, 0.000000000000000000, 1.000000000000000000 ) ) ;
#731 = DIRECTION ( 'NONE',  ( -1.000000000000000000, -0.000000000000000000, -0.000000000000000000 ) ) ;
#732 = LINE ( 'NONE', #1241, #2918 ) ;
#733 = EDGE_CURVE ( 'NONE', #1612, #585, #373, .T. ) ;
#734 = CARTESIAN_POINT ( 'NONE',  ( -7.780436236922136928, 5.573889132600867491, 17.60000000000001208 ) ) ;
#735 = VECTOR ( 'NONE', #1885, 1000.000000000000114 ) ;
#736 = DIRECTION ( 'NONE',  ( -0.7071067811865336949, 0.000000000000000000, 0.7071067811865613395 ) ) ;
#737 = CARTESIAN_POINT ( 'NONE',  ( 0.000000000000000000, 0.000000000000000000, 0.000000000000000000 ) ) ;
#738 = EDGE_LOOP ( 'NONE', ( #1703, #1936, #2845 ) ) ;
#739 = EDGE_CURVE ( 'NONE', #585, #1612, #2245, .T. ) ;
#740 = LINE ( 'NONE', #1954, #1999 ) ;
#741 = CARTESIAN_POINT ( 'NONE',  ( 37.84464849366903394, 7.592810154713589835E-16, 6.100000000000000533 ) ) ;
#742 = AXIS2_PLACEMENT_3D ( 'NONE', #1685, #875, #2847 ) ;
#743 = PLANE ( 'NONE',  #2088 ) ;
#744 = CARTESIAN_POINT ( 'NONE',  ( 8.248891971046772298, 4.762500000000010836, 17.60000000000000142 ) ) ;
#745 = DIRECTION ( 'NONE',  ( 1.000000000000000000, 0.000000000000000000, 0.000000000000000000 ) ) ;
#746 = FACE_OUTER_BOUND ( 'NONE', #1034, .T. ) ;
#747 = VERTEX_POINT ( 'NONE', #836 ) ;
#748 = CARTESIAN_POINT ( 'NONE',  ( 0.000000000000000000, 0.000000000000000000, 0.000000000000000000 ) ) ;
#749 = ORIENTED_EDGE ( 'NONE', *, *, #1819, .T. ) ;
#750 = EDGE_LOOP ( 'NONE', ( #183, #2124, #1577, #2251, #1182, #627 ) ) ;
#751 = CARTESIAN_POINT ( 'NONE',  ( -4.549999999999999822, 5.572142936120457327E-16, -0.5000000000000143219 ) ) ;
#752 = B_SPLINE_CURVE_WITH_KNOTS ( 'NONE', 3,
 ( #476, #1463, #1753, #2717, #273, #1507, #2485, #523 ),
 .UNSPECIFIED., .F., .F.,
 ( 4, 2, 2, 4 ),
 ( 0.005564589980275919459, 0.006950476802621015360, 0.008336363624966111260, 0.01110813726965630306 ),
 .UNSPECIFIED. ) ;
#753 = DIRECTION ( 'NONE',  ( 0.000000000000000000, 0.000000000000000000, 1.000000000000000000 ) ) ;
#754 = CARTESIAN_POINT ( 'NONE',  ( -5.499261314031233638, 9.524999999999979039, 17.60000000000000142 ) ) ;
#755 = LINE ( 'NONE', #2052, #1009 ) ;
#756 = CIRCLE ( 'NONE', #1948, 0.1999999999999996503 ) ;
#757 = CARTESIAN_POINT ( 'NONE',  ( 0.000000000000000000, 0.000000000000000000, 17.60000000000000142 ) ) ;
#758 = ADVANCED_FACE ( 'NONE', ( #1335 ), #3039, .T. ) ;
#759 = FACE_OUTER_BOUND ( 'NONE', #2513, .T. ) ;
#760 = AXIS2_PLACEMENT_3D ( 'NONE', #1355, #2351, #356 ) ;
#761 = CARTESIAN_POINT ( 'NONE',  ( 4.609918769207013156, 9.525000000000019895, 17.00599239285918785 ) ) ;
#762 = ORIENTED_EDGE ( 'NONE', *, *, #2048, .T. ) ;
#763 = PERSON_AND_ORGANIZATION_ROLE ( 'design_owner' ) ;
#764 = ORIENTED_EDGE ( 'NONE', *, *, #1446, .T. ) ;
#765 = CC_DESIGN_SECURITY_CLASSIFICATION ( #2860, ( #663 ) ) ;
#766 = DIRECTION ( 'NONE',  ( -0.7071067811865463515, 8.659560562354919300E-17, 0.7071067811865487940 ) ) ;
#767 = CARTESIAN_POINT ( 'NONE',  ( 0.5801320350610871257, -6.415334500415310615, 6.404323259443803984 ) ) ;
#768 = CYLINDRICAL_SURFACE ( 'NONE', #698, 1.149999999999999911 ) ;
#769 = CARTESIAN_POINT ( 'NONE',  ( 8.248891971046839799, -4.762499999999969980, 0.000000000000000000 ) ) ;
#770 = PLANE ( 'NONE',  #2365 ) ;
#771 = CARTESIAN_POINT ( 'NONE',  ( 15.00000000000079048, 0.000000000000000000, -7.535898384867456556 ) ) ;
#772 = EDGE_LOOP ( 'NONE', ( #2735, #1250, #1299, #2705 ) ) ;
#773 = CIRCLE ( 'NONE', #1040, 6.440000000000000391 ) ;
#774 = CIRCLE ( 'NONE', #1600, 0.2999999999996720845 ) ;
#775 = ORIENTED_EDGE ( 'NONE', *, *, #2398, .T. ) ;
#776 = PERSON_AND_ORGANIZATION ( #312, #1545 ) ;
#777 = CIRCLE ( 'NONE', #2928, 4.449999999999999289 ) ;
#778 = ORIENTED_EDGE ( 'NONE', *, *, #2830, .T. ) ;
#779 = ADVANCED_FACE ( 'NONE', ( #339 ), #102, .T. ) ;
#780 = CARTESIAN_POINT ( 'NONE',  ( 0.000000000000000000, 0.000000000000000000, 0.000000000000000000 ) ) ;
#781 = CARTESIAN_POINT ( 'NONE',  ( 39.64464849366903110, 5.353738650859789899E-16, -4.371659367082225245 ) ) ;
#782 = AXIS2_PLACEMENT_3D ( 'NONE', #948, #2925, #1477 ) ;
#783 = DIRECTION ( 'NONE',  ( -1.000000000000000000, 0.000000000000000000, 0.000000000000000000 ) ) ;
#784 = CARTESIAN_POINT ( 'NONE',  ( -10.99852262806237846, -7.674129572303707347E-14, 0.8507386859688210734 ) ) ;
#785 = DIRECTION ( 'NONE',  ( -1.000000000000000000, -0.000000000000000000, -0.000000000000000000 ) ) ;
#786 = AXIS2_PLACEMENT_3D ( 'NONE', #714, #1426, #2920 ) ;
#787 = CARTESIAN_POINT ( 'NONE',  ( -5.499261314031233638, 9.524999999999979039, 16.74926131403118035 ) ) ;
#788 = AXIS2_PLACEMENT_3D ( 'NONE', #1338, #2316, #839 ) ;
#789 = ORIENTED_EDGE ( 'NONE', *, *, #475, .T. ) ;
#790 = AXIS2_PLACEMENT_3D ( 'NONE', #2157, #2422, #2188 ) ;
#791 = ORIENTED_EDGE ( 'NONE', *, *, #156, .F. ) ;
#792 = APPROVAL_DATE_TIME ( #540, #617 ) ;
#793 = AXIS2_PLACEMENT_3D ( 'NONE', #1535, #1065, #2507 ) ;
#794 = ORIENTED_EDGE ( 'NONE', *, *, #798, .T. ) ;
#795 = AXIS2_PLACEMENT_3D ( 'NONE', #1933, #21, #2951 ) ;
#796 = CARTESIAN_POINT ( 'NONE',  ( 0.000000000000000000, 0.000000000000000000, 0.000000000000000000 ) ) ;
#797 = FACE_OUTER_BOUND ( 'NONE', #105, .T. ) ;
#798 = EDGE_CURVE ( 'NONE', #124, #637, #1557, .T. ) ;
#799 = EDGE_LOOP ( 'NONE', ( #2522, #1964, #1448 ) ) ;
#800 = DIRECTION ( 'NONE',  ( 0.000000000000000000, 0.000000000000000000, 1.000000000000000000 ) ) ;
#801 = CIRCLE ( 'NONE', #2596, 9.525000000000000355 ) ;
#802 = CARTESIAN_POINT ( 'NONE',  ( -1.119602143887779455, 6.342198096205379443, 5.702356694531947490 ) ) ;
#803 = CARTESIAN_POINT ( 'NONE',  ( 6.402153650224500225, 7.961144599948611678, 0.3770952061963316337 ) ) ;
#804 = CIRCLE ( 'NONE', #1376, 1.149999999999999911 ) ;
#805 = FACE_OUTER_BOUND ( 'NONE', #2842, .T. ) ;
#806 = EDGE_CURVE ( 'NONE', #328, #2615, #1085, .T. ) ;
#807 = ORIENTED_EDGE ( 'NONE', *, *, #1908, .F. ) ;
#808 = CC_DESIGN_PERSON_AND_ORGANIZATION_ASSIGNMENT ( #148, #666, ( #663 ) ) ;
#809 = ORIENTED_EDGE ( 'NONE', *, *, #3046, .T. ) ;
#810 = CALENDAR_DATE ( 2025, 5, 7 ) ;
#811 = AXIS2_PLACEMENT_3D ( 'NONE', #3124, #938, #2885 ) ;
#812 = ORIENTED_EDGE ( 'NONE', *, *, #2992, .F. ) ;
#813 = APPROVAL_ROLE ( '' ) ;
#814 = DIRECTION ( 'NONE',  ( -1.000000000000000000, -0.000000000000000000, -0.000000000000000000 ) ) ;
#815 = FACE_OUTER_BOUND ( 'NONE', #999, .T. ) ;
#816 = LOCAL_TIME ( 17, 44, 26.00000000000000000, #2313 ) ;
#817 = PRODUCT_DEFINITION ( '未知', '', #663, #1816 ) ;
#818 = VERTEX_POINT ( 'NONE', #86 ) ;
#819 = SECURITY_CLASSIFICATION ( '', '', #2733 ) ;
#820 = CARTESIAN_POINT ( 'NONE',  ( 5.499261314031300252, -9.524999999999941735, 16.74926131403118035 ) ) ;
#821 = CARTESIAN_POINT ( 'NONE',  ( -1.004643839863985866, 6.361424479526792908, 4.820373318281166775 ) ) ;
#822 = VECTOR ( 'NONE', #1736, 1000.000000000000000 ) ;
#823 = CARTESIAN_POINT ( 'NONE',  ( -5.499261314031101300, -9.525000000000057199, 16.74926131403117679 ) ) ;
#824 = ADVANCED_FACE ( 'NONE', ( #2562 ), #1079, .F. ) ;
#825 = VERTEX_POINT ( 'NONE', #1552 ) ;
#826 = CALENDAR_DATE ( 2025, 5, 7 ) ;
#827 = ORIENTED_EDGE ( 'NONE', *, *, #2355, .T. ) ;
#828 = ADVANCED_FACE ( 'NONE', ( #2081 ), #851, .T. ) ;
#829 = PERSON_AND_ORGANIZATION ( #1475, #1707 ) ;
#830 = CARTESIAN_POINT ( 'NONE',  ( 14.50000000000084555, 0.000000000000000000, 3.675000000000316902 ) ) ;
#831 = CARTESIAN_POINT ( 'NONE',  ( 0.000000000000000000, 0.000000000000000000, 0.000000000000000000 ) ) ;
#832 = AXIS2_PLACEMENT_3D ( 'NONE', #605, #1097, #1308 ) ;
#833 = EDGE_CURVE ( 'NONE', #3114, #306, #1094, .T. ) ;
#834 = EDGE_LOOP ( 'NONE', ( #1521, #34, #433, #860 ) ) ;
#835 = AXIS2_PLACEMENT_3D ( 'NONE', #2380, #154, #3121 ) ;
#836 = CARTESIAN_POINT ( 'NONE',  ( 35.04464849366903678, 3.946032027681970862E-16, -3.222179676972455997 ) ) ;
#837 = PERSON_AND_ORGANIZATION ( #312, #1545 ) ;
#838 = DIRECTION ( 'NONE',  ( 0.7071067811865444641, 0.000000000000000000, -0.7071067811865505703 ) ) ;
#839 = DIRECTION ( 'NONE',  ( 1.000000000000000000, 0.000000000000000000, 0.000000000000000000 ) ) ;
#840 = VECTOR ( 'NONE', #1132, 1000.000000000000000 ) ;
#841 = AXIS2_PLACEMENT_3D ( 'NONE', #1408, #2686, #1958 ) ;
#842 = ORIENTED_EDGE ( 'NONE', *, *, #232, .F. ) ;
#843 = APPROVAL_ROLE ( '' ) ;
#844 = EDGE_LOOP ( 'NONE', ( #1366, #1601, #324, #1004 ) ) ;
#845 = DIRECTION ( 'NONE',  ( 0.000000000000000000, 0.000000000000000000, 1.000000000000000000 ) ) ;
#846 = FACE_OUTER_BOUND ( 'NONE', #1156, .T. ) ;
#847 = DIRECTION ( 'NONE',  ( -0.000000000000000000, -0.000000000000000000, -1.000000000000000000 ) ) ;
#848 = AXIS2_PLACEMENT_3D ( 'NONE', #1320, #2036, #2299 ) ;
#849 = EDGE_CURVE ( 'NONE', #1420, #2315, #511, .T. ) ;
#850 = ORIENTED_EDGE ( 'NONE', *, *, #1127, .F. ) ;
#851 = CYLINDRICAL_SURFACE ( 'NONE', #1664, 3.174999999999999822 ) ;
#852 = DATE_AND_TIME ( #1336, #2112 ) ;
#853 = DIRECTION ( 'NONE',  ( -1.000000000000000000, -0.000000000000000000, -0.000000000000000000 ) ) ;
#854 = VERTEX_POINT ( 'NONE', #1369 ) ;
#855 = CC_DESIGN_DATE_AND_TIME_ASSIGNMENT ( #3021, #325, ( #819 ) ) ;
#856 = VERTEX_POINT ( 'NONE', #1387 ) ;
#857 = PERSON_AND_ORGANIZATION ( #312, #1545 ) ;
#858 = ORIENTED_EDGE ( 'NONE', *, *, #3093, .F. ) ;
#859 = CARTESIAN_POINT ( 'NONE',  ( 16.94042034850728840, 0.000000000000000000, 0.000000000000000000 ) ) ;
#860 = ORIENTED_EDGE ( 'NONE', *, *, #2675, .T. ) ;
#861 = EDGE_CURVE ( 'NONE', #2116, #229, #1258, .T. ) ;
#862 = DIRECTION ( 'NONE',  ( -0.7071067811865474617, 0.000000000000000000, 0.7071067811865474617 ) ) ;
#863 = CARTESIAN_POINT ( 'NONE',  ( 15.00000000000079048, 0.000000000000000000, 0.000000000000000000 ) ) ;
#864 = CC_DESIGN_APPROVAL ( #2002, ( #1847 ) ) ;
#865 = CC_DESIGN_APPROVAL ( #1438, ( #3175 ) ) ;
#866 = APPROVAL_DATE_TIME ( #1354, #1579 ) ;
#867 = DIRECTION ( 'NONE',  ( -0.000000000000000000, -0.000000000000000000, -1.000000000000000000 ) ) ;
#868 = ORIENTED_EDGE ( 'NONE', *, *, #3000, .T. ) ;
#869 = EDGE_CURVE ( 'NONE', #562, #825, #2926, .T. ) ;
#870 = ORIENTED_EDGE ( 'NONE', *, *, #2017, .F. ) ;
#871 = APPROVAL_STATUS ( 'not_yet_approved' ) ;
#872 = ORIENTED_EDGE ( 'NONE', *, *, #3170, .T. ) ;
#873 = FACE_OUTER_BOUND ( 'NONE', #1334, .T. ) ;
#874 = CARTESIAN_POINT ( 'NONE',  ( 43.34464849366903394, 0.000000000000000000, 0.000000000000000000 ) ) ;
#875 = DIRECTION ( 'NONE',  ( -1.000000000000000000, -0.000000000000000000, -0.000000000000000000 ) ) ;
#876 = EDGE_LOOP ( 'NONE', ( #3066, #904, #1326, #78 ) ) ;
#877 = ADVANCED_FACE ( 'NONE', ( #879, #2850 ), #2364, .T. ) ;
#878 = DIRECTION ( 'NONE',  ( -1.000000000000000000, -0.000000000000000000, -0.000000000000000000 ) ) ;
#879 = FACE_OUTER_BOUND ( 'NONE', #381, .T. ) ;
#880 = AXIS2_PLACEMENT_3D ( 'NONE', #2955, #3174, #990 ) ;
#881 = EDGE_CURVE ( 'NONE', #2828, #1743, #5, .T. ) ;
#882 = CARTESIAN_POINT ( 'NONE',  ( -9.410626844376066558, -2.750316174469114028, 0.1555587596408454509 ) ) ;
#883 = CALENDAR_DATE ( 2025, 5, 7 ) ;
#884 = CARTESIAN_POINT ( 'NONE',  ( -3.455323577095457666E-14, 9.525000000000000355, 17.60000000000000142 ) ) ;
#885 = ORIENTED_EDGE ( 'NONE', *, *, #359, .F. ) ;
#886 = VERTEX_POINT ( 'NONE', #371 ) ;
#887 = PERSON_AND_ORGANIZATION_ROLE ( 'design_owner' ) ;
#888 = ORIENTED_EDGE ( 'NONE', *, *, #1677, .T. ) ;
#889 = ADVANCED_BREP_SHAPE_REPRESENTATION ( '', ( #3091, #1962 ), #2011 ) ;
#890 = AXIS2_PLACEMENT_3D ( 'NONE', #2419, #471, #1170 ) ;
#891 = DIRECTION ( 'NONE',  ( -1.000000000000000000, -0.000000000000000000, -0.000000000000000000 ) ) ;
#892 = EDGE_CURVE ( 'NONE', #1606, #1003, #76, .T. ) ;
#893 = CARTESIAN_POINT ( 'NONE',  ( 0.1502322048931630794, 6.439999999999999503, 4.250000000000002665 ) ) ;
#894 = AXIS2_PLACEMENT_3D ( 'NONE', #1783, #2716, #1116 ) ;
#895 = EDGE_CURVE ( 'NONE', #3061, #2307, #2831, .T. ) ;
#896 = DIRECTION ( 'NONE',  ( 0.000000000000000000, 0.000000000000000000, 1.000000000000000000 ) ) ;
#897 = ORIENTED_EDGE ( 'NONE', *, *, #1643, .T. ) ;
#898 = CARTESIAN_POINT ( 'NONE',  ( 0.000000000000000000, 0.000000000000000000, 17.60000000000000142 ) ) ;
#899 = CARTESIAN_POINT ( 'NONE',  ( 7.087157097717552645, -6.774683825530913417, 0.1555587596408638251 ) ) ;
#900 = FACE_OUTER_BOUND ( 'NONE', #424, .T. ) ;
#901 = LINE ( 'NONE', #2330, #282 ) ;
#902 = DATE_AND_TIME ( #3095, #2167 ) ;
#903 = CARTESIAN_POINT ( 'NONE',  ( -3.688409626073300362, 9.524999999999987921, 0.3759314465274081751 ) ) ;
#904 = ORIENTED_EDGE ( 'NONE', *, *, #861, .T. ) ;
#905 = FACE_OUTER_BOUND ( 'NONE', #2822, .T. ) ;
#906 = ORIENTED_EDGE ( 'NONE', *, *, #3134, .F. ) ;
#907 = DATE_AND_TIME ( #2142, #1077 ) ;
#908 = EDGE_LOOP ( 'NONE', ( #598, #199, #1086 ) ) ;
#909 = CARTESIAN_POINT ( 'NONE',  ( 7.780436236922175119, -5.573889132600873708, 17.59999999999998366 ) ) ;
#910 = CARTESIAN_POINT ( 'NONE',  ( 8.482244080906811590, 4.358322289669030347, -5.809516640901488544E-15 ) ) ;
#911 = CONICAL_SURFACE ( 'NONE', #3164, 6.299999999999999822, 0.7853981633974504994 ) ;
#912 = DIRECTION ( 'NONE',  ( 0.000000000000000000, 1.000000000000000000, 0.000000000000000000 ) ) ;
#913 = CARTESIAN_POINT ( 'NONE',  ( 0.000000000000000000, 0.000000000000000000, 0.000000000000000000 ) ) ;
#914 = EDGE_LOOP ( 'NONE', ( #525, #1982, #1139, #2570 ) ) ;
#915 = DIRECTION ( 'NONE',  ( -0.000000000000000000, -0.000000000000000000, -1.000000000000000000 ) ) ;
#916 = DIRECTION ( 'NONE',  ( 0.000000000000000000, 0.000000000000000000, 1.000000000000000000 ) ) ;
#917 = AXIS2_PLACEMENT_3D ( 'NONE', #2819, #626, #1610 ) ;
#918 = DIRECTION ( 'NONE',  ( 0.8660254037844345998, 0.5000000000000069944, -0.000000000000000000 ) ) ;
#919 = CARTESIAN_POINT ( 'NONE',  ( 15.00000000000079048, 0.000000000000000000, 0.000000000000000000 ) ) ;
#920 = CARTESIAN_POINT ( 'NONE',  ( -3.455323577095457666E-14, 9.525000000000000355, 0.000000000000000000 ) ) ;
#921 = ORIENTED_EDGE ( 'NONE', *, *, #1026, .F. ) ;
#922 = SECURITY_CLASSIFICATION ( '', '', #1301 ) ;
#923 = EDGE_CURVE ( 'NONE', #747, #2471, #3027, .T. ) ;
#924 = DIRECTION ( 'NONE',  ( -1.000000000000000000, -0.000000000000000000, -0.000000000000000000 ) ) ;
#925 = APPROVAL_ROLE ( '' ) ;
#926 = EDGE_CURVE ( 'NONE', #473, #1172, #277, .T. ) ;
#927 = VERTEX_POINT ( 'NONE', #2942 ) ;
#928 = CARTESIAN_POINT ( 'NONE',  ( 6.402153650224613024, -7.961144599948544176, 17.22290479380365724 ) ) ;
#929 = CARTESIAN_POINT ( 'NONE',  ( 0.5786754254455941382, 6.415449022909607280, 4.394969322151905722 ) ) ;
#930 = PRODUCT_DEFINITION_SHAPE ( 'NONE', 'NONE',  #2106 ) ;
#931 =( NAMED_UNIT ( * ) SI_UNIT ( $, .STERADIAN. ) SOLID_ANGLE_UNIT ( ) );
#932 = ORIENTED_EDGE ( 'NONE', *, *, #2582, .F. ) ;
#933 = CARTESIAN_POINT ( 'NONE',  ( 39.44464849366902826, 0.000000000000000000, 0.000000000000000000 ) ) ;
#934 = CARTESIAN_POINT ( 'NONE',  ( 19.70000000000027285, 0.000000000000000000, 14.99999999999834799 ) ) ;
#935 = DIRECTION ( 'NONE',  ( 0.000000000000000000, 0.000000000000000000, 1.000000000000000000 ) ) ;
#936 = ADVANCED_FACE ( 'NONE', ( #2000 ), #575, .F. ) ;
#937 = AXIS2_PLACEMENT_3D ( 'NONE', #1091, #891, #2558 ) ;
#938 = DIRECTION ( 'NONE',  ( -1.000000000000000000, -0.000000000000000000, -0.000000000000000000 ) ) ;
#939 = DIRECTION ( 'NONE',  ( 1.000000000000000000, 0.000000000000000000, 0.000000000000000000 ) ) ;
#940 = AXIS2_PLACEMENT_3D ( 'NONE', #1469, #3158, #2916 ) ;
#941 = DIRECTION ( 'NONE',  ( 1.000000000000000000, 0.000000000000000000, 0.000000000000000000 ) ) ;
#942 = DIRECTION ( 'NONE',  ( -1.000000000000000000, -0.000000000000000000, -0.000000000000000000 ) ) ;
#943 = EDGE_LOOP ( 'NONE', ( #2445, #1927 ) ) ;
#944 = DIRECTION ( 'NONE',  ( -1.000000000000000000, -0.000000000000000000, -0.000000000000000000 ) ) ;
#945 = PERSON_AND_ORGANIZATION ( #312, #1545 ) ;
#946 = AXIS2_PLACEMENT_3D ( 'NONE', #459, #3167, #963 ) ;
#947 = EDGE_LOOP ( 'NONE', ( #1911, #662 ) ) ;
#948 = CARTESIAN_POINT ( 'NONE',  ( 39.64464849366903110, 0.000000000000000000, 4.371659367082225245 ) ) ;
#949 = LINE ( 'NONE', #2132, #2579 ) ;
#950 = ORIENTED_EDGE ( 'NONE', *, *, #1352, .T. ) ;
#951 = CIRCLE ( 'NONE', #2937, 4.714999999999998970 ) ;
#952 = CIRCLE ( 'NONE', #2327, 1.149999999999999911 ) ;
#953 = CARTESIAN_POINT ( 'NONE',  ( 17.10000000000100329, 0.000000000000000000, -2.300000000000412825 ) ) ;
#954 = EDGE_CURVE ( 'NONE', #2561, #1686, #559, .T. ) ;
#955 = AXIS2_PLACEMENT_3D ( 'NONE', #1474, #1712, #1447 ) ;
#956 = DIRECTION ( 'NONE',  ( 1.000000000000000000, 0.000000000000000000, 0.000000000000000000 ) ) ;
#957 = DIRECTION ( 'NONE',  ( 1.000000000000000000, 0.000000000000000000, 0.000000000000000000 ) ) ;
#958 = CARTESIAN_POINT ( 'NONE',  ( 15.00000000000079048, 0.000000000000000000, 0.000000000000000000 ) ) ;
#959 = AXIS2_PLACEMENT_3D ( 'NONE', #3014, #2051, #2100 ) ;
#960 = LINE ( 'NONE', #2855, #129 ) ;
#961 = EDGE_LOOP ( 'NONE', ( #2609, #1110, #466 ) ) ;
#962 = CIRCLE ( 'NONE', #2741, 2.300000000000412825 ) ;
#963 = DIRECTION ( 'NONE',  ( 0.000000000000000000, 0.000000000000000000, 1.000000000000000000 ) ) ;
#964 = EDGE_CURVE ( 'NONE', #2041, #1879, #513, .T. ) ;
#965 = EDGE_CURVE ( 'NONE', #3061, #569, #1405, .T. ) ;
#966 = EDGE_LOOP ( 'NONE', ( #2551, #2314, #2489, #165 ) ) ;
#967 = ADVANCED_FACE ( 'NONE', ( #2737, #2771 ), #2046, .F. ) ;
#968 = DIRECTION ( 'NONE',  ( -1.000000000000000000, -0.000000000000000000, -0.000000000000000000 ) ) ;
#969 = AXIS2_PLACEMENT_3D ( 'NONE', #1372, #1041, #62 ) ;
#970 = DIRECTION ( 'NONE',  ( 0.000000000000000000, 0.000000000000000000, 1.000000000000000000 ) ) ;
#971 = VERTEX_POINT ( 'NONE', #1757 ) ;
#972 = AXIS2_PLACEMENT_3D ( 'NONE', #457, #222, #2657 ) ;
#973 = AXIS2_PLACEMENT_3D ( 'NONE', #672, #2899, #2431 ) ;
#974 = CARTESIAN_POINT ( 'NONE',  ( -8.248891971046806049, 4.762499999999953104, 17.60000000000000142 ) ) ;
#975 = CARTESIAN_POINT ( 'NONE',  ( 19.70000000000027285, 0.000000000000000000, 0.000000000000000000 ) ) ;
#976 = ADVANCED_FACE ( 'NONE', ( #262 ), #2312, .T. ) ;
#977 = CARTESIAN_POINT ( 'NONE',  ( 2.332295471198199799, -9.524999999999977263, 0.1567456604823452559 ) ) ;
#978 = CARTESIAN_POINT ( 'NONE',  ( -5.499261314031233638, 9.524999999999979039, 16.74926131403118035 ) ) ;
#979 = CARTESIAN_POINT ( 'NONE',  ( 39.44464849366903536, 0.000000000000000000, 4.371659367082224357 ) ) ;
#980 = VECTOR ( 'NONE', #234, 1000.000000000000000 ) ;
#981 = FACE_BOUND ( 'NONE', #2459, .T. ) ;
#982 = FACE_OUTER_BOUND ( 'NONE', #2486, .T. ) ;
#983 = ORIENTED_EDGE ( 'NONE', *, *, #3046, .F. ) ;
#984 = CC_DESIGN_SECURITY_CLASSIFICATION ( #3116, ( #3179 ) ) ;
#985 = EDGE_CURVE ( 'NONE', #1571, #3047, #2068, .T. ) ;
#986 = DIRECTION ( 'NONE',  ( 0.000000000000000000, 0.000000000000000000, 1.000000000000000000 ) ) ;
#987 = VERTEX_POINT ( 'NONE', #294 ) ;
#988 = CIRCLE ( 'NONE', #1251, 9.275000000000002132 ) ;
#989 = CARTESIAN_POINT ( 'NONE',  ( 35.64464849366903110, 6.949870585161229716E-16, 5.674999999999999822 ) ) ;
#990 = DIRECTION ( 'NONE',  ( 0.000000000000000000, 0.000000000000000000, 1.000000000000000000 ) ) ;
#991 = APPLICATION_CONTEXT ( 'configuration controlled 3d designs of mechanical parts and assemblies' ) ;
#992 = FACE_OUTER_BOUND ( 'NONE', #1523, .T. ) ;
#993 = CARTESIAN_POINT ( 'NONE',  ( 0.000000000000000000, 0.000000000000000000, 0.000000000000000000 ) ) ;
#994 = DIRECTION ( 'NONE',  ( 0.000000000000000000, 0.000000000000000000, -1.000000000000000000 ) ) ;
#995 = MANIFOLD_SOLID_BREP ( '切除-拉伸1', #340 ) ;
#996 = EDGE_CURVE ( 'NONE', #1773, #987, #1502, .T. ) ;
#997 = DIRECTION ( 'NONE',  ( -1.000000000000000000, -0.000000000000000000, -0.000000000000000000 ) ) ;
#998 = VECTOR ( 'NONE', #1512, 1000.000000000000000 ) ;
#999 = EDGE_LOOP ( 'NONE', ( #1341, #2718, #207, #1095 ) ) ;
#1000 = AXIS2_PLACEMENT_3D ( 'NONE', #2432, #728, #753 ) ;
#1001 = MANIFOLD_SOLID_BREP ( '旋转1', #87 ) ;
#1002 = DIRECTION ( 'NONE',  ( 0.000000000000000000, 0.000000000000000000, 1.000000000000000000 ) ) ;
#1003 = VERTEX_POINT ( 'NONE', #2722 ) ;
#1004 = ORIENTED_EDGE ( 'NONE', *, *, #2048, .F. ) ;
#1005 = CARTESIAN_POINT ( 'NONE',  ( 0.000000000000000000, 0.000000000000000000, -2.499999999999996003 ) ) ;
#1006 = DIRECTION ( 'NONE',  ( 0.000000000000000000, 0.000000000000000000, -1.000000000000000000 ) ) ;
#1007 = EDGE_CURVE ( 'NONE', #328, #3114, #2475, .T. ) ;
#1008 = CIRCLE ( 'NONE', #3154, 2.599999999999713651 ) ;
#1009 = VECTOR ( 'NONE', #29, 1000.000000000000114 ) ;
#1010 = CARTESIAN_POINT ( 'NONE',  ( 1.006550781153894234E-13, -9.525000000000000355, 0.000000000000000000 ) ) ;
#1011 = CARTESIAN_POINT ( 'NONE',  ( 0.000000000000000000, 0.000000000000000000, 17.60000000000000142 ) ) ;
#1012 = DIRECTION ( 'NONE',  ( -1.000000000000000000, 0.000000000000000000, 0.000000000000000000 ) ) ;
#1013 = DIRECTION ( 'NONE',  ( -1.000000000000000000, -0.000000000000000000, -0.000000000000000000 ) ) ;
#1014 = VERTEX_POINT ( 'NONE', #2491 ) ;
#1015 = AXIS2_PLACEMENT_3D ( 'NONE', #2785, #1092, #2309 ) ;
#1016 = CARTESIAN_POINT ( 'NONE',  ( -3.455323577095457666E-14, 9.525000000000000355, 17.60000000000000142 ) ) ;
#1017 = EDGE_LOOP ( 'NONE', ( #2964, #2228, #308, #2890 ) ) ;
#1018 = ORIENTED_EDGE ( 'NONE', *, *, #641, .F. ) ;
#1019 = DIRECTION ( 'NONE',  ( -1.000000000000000000, -0.000000000000000000, -0.000000000000000000 ) ) ;
#1020 = CARTESIAN_POINT ( 'NONE',  ( -9.275000000000002132, 1.135859906209170235E-15, -2.200000000000000178 ) ) ;
#1021 = DIRECTION ( 'NONE',  ( 1.000000000000000000, 0.000000000000000000, 0.000000000000000000 ) ) ;
#1022 = DIRECTION ( 'NONE',  ( 0.2588190451027054251, 0.000000000000000000, -0.9659258262890187963 ) ) ;
#1023 = CARTESIAN_POINT ( 'NONE',  ( 0.000000000000000000, 0.000000000000000000, 0.000000000000000000 ) ) ;
#1024 = DIRECTION ( 'NONE',  ( -0.8660254037844415942, 0.4999999999999949485, 0.000000000000000000 ) ) ;
#1025 = ORIENTED_EDGE ( 'NONE', *, *, #3153, .F. ) ;
#1026 = EDGE_CURVE ( 'NONE', #179, #854, #774, .T. ) ;
#1027 = AXIS2_PLACEMENT_3D ( 'NONE', #580, #853, #1842 ) ;
#1028 = APPROVAL_PERSON_ORGANIZATION ( #1871, #1579, #2584 ) ;
#1029 = VERTEX_POINT ( 'NONE', #2505 ) ;
#1030 = PERSON_AND_ORGANIZATION ( #312, #1545 ) ;
#1031 = EDGE_LOOP ( 'NONE', ( #2268, #3131, #32, #1914 ) ) ;
#1032 = DIRECTION ( 'NONE',  ( -0.000000000000000000, 0.000000000000000000, 1.000000000000000000 ) ) ;
#1033 = CARTESIAN_POINT ( 'NONE',  ( 0.9201755227901119438, -6.374834636609563177, 4.693824413990622446 ) ) ;
#1034 = EDGE_LOOP ( 'NONE', ( #1961, #1122, #1244, #1876 ) ) ;
#1035 = DIRECTION ( 'NONE',  ( -0.000000000000000000, 1.000000000000000000, -0.000000000000000000 ) ) ;
#1036 = CARTESIAN_POINT ( 'NONE',  ( 10.99852262806237846, 2.215317249701455172E-16, 0.8507386859688209624 ) ) ;
#1037 = CARTESIAN_POINT ( 'NONE',  ( -9.180332783635243743, 3.149197188353514587, 17.50207492918111285 ) ) ;
#1038 = DIRECTION ( 'NONE',  ( 0.000000000000000000, 1.000000000000000000, 0.000000000000000000 ) ) ;
#1039 = ORIENTED_EDGE ( 'NONE', *, *, #733, .F. ) ;
#1040 = AXIS2_PLACEMENT_3D ( 'NONE', #2368, #2603, #2436 ) ;
#1041 = DIRECTION ( 'NONE',  ( -1.000000000000000000, -0.000000000000000000, -0.000000000000000000 ) ) ;
#1042 = ORIENTED_EDGE ( 'NONE', *, *, #2118, .F. ) ;
#1043 = PERSON_AND_ORGANIZATION ( #312, #1545 ) ;
#1044 = CONICAL_SURFACE ( 'NONE', #2024, 5.674999999999999822, 0.7853981633974526089 ) ;
#1045 = ORIENTED_EDGE ( 'NONE', *, *, #2096, .T. ) ;
#1046 = DIRECTION ( 'NONE',  ( -0.000000000000000000, -0.000000000000000000, -1.000000000000000000 ) ) ;
#1047 = DIRECTION ( 'NONE',  ( -1.000000000000000000, -0.000000000000000000, -0.000000000000000000 ) ) ;
#1048 = ADVANCED_FACE ( 'NONE', ( #35 ), #1795, .F. ) ;
#1049 = DIRECTION ( 'NONE',  ( 1.000000000000000000, 0.000000000000000000, 0.000000000000000000 ) ) ;
#1050 = CARTESIAN_POINT ( 'NONE',  ( -1.004823314737297135, 6.361392595829125085, 5.979015230789956448 ) ) ;
#1051 = CARTESIAN_POINT ( 'NONE',  ( -10.54984241687412450, 0.7771369221287222073, 17.00830695474097354 ) ) ;
#1052 = AXIS2_PLACEMENT_3D ( 'NONE', #1517, #550, #251 ) ;
#1053 = CARTESIAN_POINT ( 'NONE',  ( 0.000000000000000000, 0.000000000000000000, -3.000000000000000000 ) ) ;
#1054 = AXIS2_PLACEMENT_3D ( 'NONE', #3105, #2616, #391 ) ;
#1055 = ORIENTED_EDGE ( 'NONE', *, *, #344, .F. ) ;
#1056 = CARTESIAN_POINT ( 'NONE',  ( 19.99999999999957367, 0.000000000000000000, 8.599999999998386713 ) ) ;
#1057 = EDGE_CURVE ( 'NONE', #971, #259, #52, .T. ) ;
#1058 = ORIENTED_EDGE ( 'NONE', *, *, #1297, .F. ) ;
#1059 = DATE_AND_TIME ( #826, #2056 ) ;
#1060 = ORIENTED_EDGE ( 'NONE', *, *, #524, .F. ) ;
#1061 = AXIS2_PLACEMENT_3D ( 'NONE', #1216, #3, #986 ) ;
#1062 = DIRECTION ( 'NONE',  ( 1.000000000000000000, 0.000000000000000000, 0.000000000000000000 ) ) ;
#1063 = DIRECTION ( 'NONE',  ( 0.000000000000000000, 0.000000000000000000, 1.000000000000000000 ) ) ;
#1064 = ORIENTED_EDGE ( 'NONE', *, *, #2631, .T. ) ;
#1065 = DIRECTION ( 'NONE',  ( -1.000000000000000000, -0.000000000000000000, -0.000000000000000000 ) ) ;
#1066 = CARTESIAN_POINT ( 'NONE',  ( -1.120182353027299405, 6.342099191093246269, 5.099221292137783301 ) ) ;
#1067 = EDGE_CURVE ( 'NONE', #927, #856, #1661, .T. ) ;
#1068 = AXIS2_PLACEMENT_3D ( 'NONE', #1717, #497, #727 ) ;
#1069 = ORIENTED_EDGE ( 'NONE', *, *, #171, .T. ) ;
#1070 = EDGE_CURVE ( 'NONE', #2607, #1107, #2031, .T. ) ;
#1071 = ORIENTED_EDGE ( 'NONE', *, *, #3093, .T. ) ;
#1072 = DATE_TIME_ROLE ( 'creation_date' ) ;
#1073 = ORIENTED_EDGE ( 'NONE', *, *, #1151, .T. ) ;
#1074 = CALENDAR_DATE ( 2025, 5, 7 ) ;
#1075 = DIRECTION ( 'NONE',  ( -1.000000000000000000, 0.000000000000000000, 0.000000000000000000 ) ) ;
#1076 = CARTESIAN_POINT ( 'NONE',  ( 0.000000000000000000, 0.000000000000000000, 17.60000000000000142 ) ) ;
#1077 = LOCAL_TIME ( 17, 44, 26.00000000000000000, #1126 ) ;
#1078 = ORIENTED_EDGE ( 'NONE', *, *, #1719, .T. ) ;
#1079 = CYLINDRICAL_SURFACE ( 'NONE', #2525, 1.149999999999999911 ) ;
#1080 = CARTESIAN_POINT ( 'NONE',  ( 1.408344576769477615E-16, 6.440000000000000391, 4.250000000000001776 ) ) ;
#1081 = CIRCLE ( 'NONE', #566, 3.175000000000371969 ) ;
#1082 = PERSON_AND_ORGANIZATION_ROLE ( 'classification_officer' ) ;
#1083 = CARTESIAN_POINT ( 'NONE',  ( 0.000000000000000000, -9.525000000000057199, 5.400000000000002132 ) ) ;
#1084 = EDGE_CURVE ( 'NONE', #3109, #1420, #2971, .T. ) ;
#1085 = B_SPLINE_CURVE_WITH_KNOTS ( 'NONE', 3,
 ( #2272, #578, #2538, #1566, #300, #1592, #329, #2758 ),
 .UNSPECIFIED., .F., .F.,
 ( 4, 2, 2, 4 ),
 ( 0.005564589980275988848, 0.006950476802621102963, 0.008336363624966217079, 0.01110813726965644184 ),
 .UNSPECIFIED. ) ;
#1086 = ORIENTED_EDGE ( 'NONE', *, *, #2631, .F. ) ;
#1087 = CALENDAR_DATE ( 2025, 5, 7 ) ;
#1088 = AXIS2_PLACEMENT_3D ( 'NONE', #573, #1563, #1032 ) ;
#1089 = ORIENTED_EDGE ( 'NONE', *, *, #369, .T. ) ;
#1090 = PERSON ( 'NAUO-PER2', 'UNSPECIFIED', 'UNSPECIFIED', ('UNSPECIFIED'), ('UNSPECIFIED'), ('UNSPECIFIED') ) ;
#1091 = CARTESIAN_POINT ( 'NONE',  ( 19.70000000000027285, 0.000000000000000000, 0.000000000000000000 ) ) ;
#1092 = DIRECTION ( 'NONE',  ( -1.000000000000000000, 0.000000000000000000, -0.000000000000000000 ) ) ;
#1093 = CARTESIAN_POINT ( 'NONE',  ( -9.275000000000002132, 1.135859906209170235E-15, 0.000000000000000000 ) ) ;
#1094 = CIRCLE ( 'NONE', #1148, 9.525000000000000355 ) ;
#1095 = ORIENTED_EDGE ( 'NONE', *, *, #2658, .F. ) ;
#1096 = EDGE_CURVE ( 'NONE', #2252, #555, #2872, .T. ) ;
#1097 = DIRECTION ( 'NONE',  ( -1.000000000000000000, -0.000000000000000000, -0.000000000000000000 ) ) ;
#1098 = CC_DESIGN_PERSON_AND_ORGANIZATION_ASSIGNMENT ( #1398, #629, ( #663 ) ) ;
#1099 = CIRCLE ( 'NONE', #790, 0.4000000000000669687 ) ;
#1100 = DATE_AND_TIME ( #883, #816 ) ;
#1101 = ORIENTED_EDGE ( 'NONE', *, *, #2721, .T. ) ;
#1102 = AXIS2_PLACEMENT_3D ( 'NONE', #919, #1693, #2435 ) ;
#1103 = EDGE_LOOP ( 'NONE', ( #2292, #1792, #84, #1856 ) ) ;
#1104 = DIRECTION ( 'NONE',  ( -1.000000000000000000, 0.000000000000000000, 0.000000000000000000 ) ) ;
#1105 = CONICAL_SURFACE ( 'NONE', #269, 2.300000000000412825, 0.7853981633974482790 ) ;
#1106 = AXIS2_PLACEMENT_3D ( 'NONE', #697, #1239, #3107 ) ;
#1107 = VERTEX_POINT ( 'NONE', #3068 ) ;
#1108 = CALENDAR_DATE ( 2025, 5, 7 ) ;
#1109 = EDGE_CURVE ( 'NONE', #1379, #259, #1997, .T. ) ;
#1110 = ORIENTED_EDGE ( 'NONE', *, *, #2841, .F. ) ;
#1111 = CARTESIAN_POINT ( 'NONE',  ( -1.120033498639826375, -6.342123790875367817, 5.701109406697579374 ) ) ;
#1112 = CARTESIAN_POINT ( 'NONE',  ( 0.000000000000000000, 0.000000000000000000, 0.000000000000000000 ) ) ;
#1113 = AXIS2_PLACEMENT_3D ( 'NONE', #2954, #1812, #1277 ) ;
#1114 = VERTEX_POINT ( 'NONE', #601 ) ;
#1115 = AXIS2_PLACEMENT_3D ( 'NONE', #859, #669, #1848 ) ;
#1116 = DIRECTION ( 'NONE',  ( 1.000000000000000000, 0.000000000000000000, 0.000000000000000000 ) ) ;
#1117 = CARTESIAN_POINT ( 'NONE',  ( 8.248891971046839799, -4.762499999999969980, 0.000000000000000000 ) ) ;
#1118 = CIRCLE ( 'NONE', #2746, 9.275000000000002132 ) ;
#1119 = LINE ( 'NONE', #377, #126 ) ;
#1120 = SECURITY_CLASSIFICATION_LEVEL ( 'unclassified' ) ;
#1121 = DIRECTION ( 'NONE',  ( 0.000000000000000000, 0.000000000000000000, 1.000000000000000000 ) ) ;
#1122 = ORIENTED_EDGE ( 'NONE', *, *, #2744, .T. ) ;
#1123 = AXIS2_PLACEMENT_3D ( 'NONE', #1944, #2420, #206 ) ;
#1124 = CIRCLE ( 'NONE', #1633, 3.174999999999999822 ) ;
#1125 = ORIENTED_EDGE ( 'NONE', *, *, #494, .T. ) ;
#1126 = COORDINATED_UNIVERSAL_TIME_OFFSET ( 8, 0, .AHEAD. ) ;
#1127 = EDGE_CURVE ( 'NONE', #2547, #1344, #101, .T. ) ;
#1128 = ORIENTED_EDGE ( 'NONE', *, *, #1384, .T. ) ;
#1129 = CARTESIAN_POINT ( 'NONE',  ( -0.5800120672147704992, -6.415325105825623986, 6.404248581342878666 ) ) ;
#1130 = CARTESIAN_POINT ( 'NONE',  ( 0.7066204771846588129, 6.402008908317406544, 4.480403718308275884 ) ) ;
#1131 = ORIENTED_EDGE ( 'NONE', *, *, #1204, .F. ) ;
#1132 = DIRECTION ( 'NONE',  ( -0.000000000000000000, -0.000000000000000000, -1.000000000000000000 ) ) ;
#1133 = CARTESIAN_POINT ( 'NONE',  ( 5.499261314031300252, -9.524999999999941735, 0.8507386859688205183 ) ) ;
#1134 = LOCAL_TIME ( 17, 44, 26.00000000000000000, #2372 ) ;
#1135 = PRODUCT ( '316L-VU-KF16-TB4-L20', '316L-VU-KF16-TB4-L20', '', ( #1679 ) ) ;
#1136 = DIRECTION ( 'NONE',  ( 1.000000000000000000, 0.000000000000000000, 0.000000000000000000 ) ) ;
#1137 = APPROVAL_DATE_TIME ( #397, #136 ) ;
#1138 = CARTESIAN_POINT ( 'NONE',  ( 39.44464849366902826, 0.000000000000000000, 0.000000000000000000 ) ) ;
#1139 = ORIENTED_EDGE ( 'NONE', *, *, #2172, .F. ) ;
#1140 = VERTEX_POINT ( 'NONE', #618 ) ;
#1141 = PERSON_AND_ORGANIZATION ( #312, #1545 ) ;
#1142 = EDGE_LOOP ( 'NONE', ( #1360, #1128 ) ) ;
#1143 = ADVANCED_FACE ( 'NONE', ( #2574 ), #1762, .F. ) ;
#1144 = CARTESIAN_POINT ( 'NONE',  ( -1.150086511121018340, -6.336473863648588889, 5.551261791825660374 ) ) ;
#1145 = CARTESIAN_POINT ( 'NONE',  ( 0.000000000000000000, 0.000000000000000000, 5.674999999999999822 ) ) ;
#1146 = DIRECTION ( 'NONE',  ( 1.000000000000000000, 0.000000000000000000, 0.000000000000000000 ) ) ;
#1147 = ORIENTED_EDGE ( 'NONE', *, *, #861, .F. ) ;
#1148 = AXIS2_PLACEMENT_3D ( 'NONE', #352, #2324, #117 ) ;
#1149 = LINE ( 'NONE', #934, #3028 ) ;
#1150 = CARTESIAN_POINT ( 'NONE',  ( -0.9299162373890313971, -9.525000000000009237, -3.049318610115480235E-16 ) ) ;
#1151 = EDGE_CURVE ( 'NONE', #3061, #1558, #2950, .T. ) ;
#1152 = CARTESIAN_POINT ( 'NONE',  ( -10.54984241687411384, -0.7771369221288686457, 0.5916930452590263290 ) ) ;
#1153 = APPLICATION_CONTEXT ( 'configuration controlled 3d designs of mechanical parts and assemblies' ) ;
#1154 = COORDINATED_UNIVERSAL_TIME_OFFSET ( 8, 0, .AHEAD. ) ;
#1155 = DIRECTION ( 'NONE',  ( 0.000000000000000000, 0.000000000000000000, 1.000000000000000000 ) ) ;
#1156 = EDGE_LOOP ( 'NONE', ( #842, #71, #1263, #791 ) ) ;
#1157 = MECHANICAL_CONTEXT ( 'NONE', #66, 'mechanical' ) ;
#1158 = EDGE_LOOP ( 'NONE', ( #3033, #1313, #1874, #345 ) ) ;
#1159 = CONICAL_SURFACE ( 'NONE', #1106, 5.050000000000002487, 0.7853981633974466137 ) ;
#1160 = CC_DESIGN_PERSON_AND_ORGANIZATION_ASSIGNMENT ( #1833, #2750, ( #638 ) ) ;
#1161 = CARTESIAN_POINT ( 'NONE',  ( -5.499261314031100412, -9.525000000000057199, 0.8507386859688216285 ) ) ;
#1162 = DIRECTION ( 'NONE',  ( 1.000000000000000000, 0.000000000000000000, 0.000000000000000000 ) ) ;
#1163 = DIRECTION ( 'NONE',  ( 0.000000000000000000, 0.000000000000000000, 1.000000000000000000 ) ) ;
#1164 = CARTESIAN_POINT ( 'NONE',  ( 0.000000000000000000, 0.000000000000000000, 0.000000000000000000 ) ) ;
#1165 = VERTEX_POINT ( 'NONE', #1602 ) ;
#1166 = CARTESIAN_POINT ( 'NONE',  ( 40.44464849366903536, 5.449678256205720798E-16, 4.449999999999999289 ) ) ;
#1167 = ADVANCED_FACE ( 'NONE', ( #873 ), #82, .F. ) ;
#1168 = AXIS2_PLACEMENT_3D ( 'NONE', #1112, #3084, #1162 ) ;
#1169 = CARTESIAN_POINT ( 'NONE',  ( -10.09741881116688056, -1.560757593757291062, 0.3778458271643913569 ) ) ;
#1170 = DIRECTION ( 'NONE',  ( -1.000000000000000000, 0.000000000000000000, 0.000000000000000000 ) ) ;
#1171 = LINE ( 'NONE', #1189, #387 ) ;
#1172 = VERTEX_POINT ( 'NONE', #2825 ) ;
#1173 = DIRECTION ( 'NONE',  ( -1.000000000000000000, -0.000000000000000000, -0.000000000000000000 ) ) ;
#1174 = DIRECTION ( 'NONE',  ( 0.000000000000000000, 0.000000000000000000, 1.000000000000000000 ) ) ;
#1175 = DATE_TIME_ROLE ( 'classification_date' ) ;
#1176 = ORIENTED_EDGE ( 'NONE', *, *, #1880, .F. ) ;
#1177 = ADVANCED_FACE ( 'NONE', ( #633 ), #334, .F. ) ;
#1178 = DIRECTION ( 'NONE',  ( 0.000000000000000000, 0.000000000000000000, 1.000000000000000000 ) ) ;
#1179 = LINE ( 'NONE', #1145, #1989 ) ;
#1180 = CIRCLE ( 'NONE', #1480, 8.599999999998386713 ) ;
#1181 = FACE_OUTER_BOUND ( 'NONE', #1994, .T. ) ;
#1182 = ORIENTED_EDGE ( 'NONE', *, *, #1859, .T. ) ;
#1183 = DIRECTION ( 'NONE',  ( 0.000000000000000000, 0.000000000000000000, -1.000000000000000000 ) ) ;
#1184 = CARTESIAN_POINT ( 'NONE',  ( 40.44464849366903536, 0.000000000000000000, 0.000000000000000000 ) ) ;
#1185 = CONICAL_SURFACE ( 'NONE', #3112, 13.41771913849730069, 1.047197551196595633 ) ;
#1186 = DIRECTION ( 'NONE',  ( 0.8660254037844379305, 0.000000000000000000, 0.5000000000000011102 ) ) ;
#1187 = CARTESIAN_POINT ( 'NONE',  ( 9.275000000000002132, 0.000000000000000000, 0.000000000000000000 ) ) ;
#1188 = DIRECTION ( 'NONE',  ( 1.000000000000000000, 0.000000000000000000, 0.000000000000000000 ) ) ;
#1189 = CARTESIAN_POINT ( 'NONE',  ( 0.000000000000000000, 0.000000000000000000, 3.174999999999999822 ) ) ;
#1190 = SECURITY_CLASSIFICATION ( '', '', #2103 ) ;
#1191 = DIRECTION ( 'NONE',  ( -1.000000000000000000, -0.000000000000000000, -0.000000000000000000 ) ) ;
#1192 = DATE_AND_TIME ( #195, #143 ) ;
#1193 = ORIENTED_EDGE ( 'NONE', *, *, #1249, .F. ) ;
#1194 = EDGE_CURVE ( 'NONE', #1273, #168, #2455, .T. ) ;
#1195 = FACE_OUTER_BOUND ( 'NONE', #1031, .T. ) ;
#1196 = DIRECTION ( 'NONE',  ( 0.000000000000000000, 0.000000000000000000, 1.000000000000000000 ) ) ;
#1197 = PRODUCT ( '316L-VU-KF16-FMR4', '316L-VU-KF16-FMR4', '', ( #2694 ) ) ;
#1198 = DIRECTION ( 'NONE',  ( -1.000000000000000000, -0.000000000000000000, -0.000000000000000000 ) ) ;
#1199 = ORIENTED_EDGE ( 'NONE', *, *, #1269, .F. ) ;
#1200 = FACE_OUTER_BOUND ( 'NONE', #1642, .T. ) ;
#1201 = DIRECTION ( 'NONE',  ( -0.000000000000000000, -0.000000000000000000, -1.000000000000000000 ) ) ;
#1202 = CARTESIAN_POINT ( 'NONE',  ( 37.84464849366903394, 0.000000000000000000, 0.000000000000000000 ) ) ;
#1203 = AXIS2_PLACEMENT_3D ( 'NONE', #2519, #2229, #1290 ) ;
#1204 = EDGE_CURVE ( 'NONE', #569, #1348, #1317, .T. ) ;
#1205 = APPROVAL ( #346, '未指定' ) ;
#1206 = CARTESIAN_POINT ( 'NONE',  ( 0.000000000000000000, 0.000000000000000000, -3.000000000000000000 ) ) ;
#1207 = CIRCLE ( 'NONE', #2377, 9.525000000000002132 ) ;
#1208 = DIRECTION ( 'NONE',  ( 0.000000000000000000, 0.000000000000000000, 1.000000000000000000 ) ) ;
#1209 = DIRECTION ( 'NONE',  ( -1.000000000000000000, -0.000000000000000000, -0.000000000000000000 ) ) ;
#1210 = EDGE_CURVE ( 'NONE', #2171, #2573, #756, .T. ) ;
#1211 = EDGE_CURVE ( 'NONE', #1571, #2333, #2160, .T. ) ;
#1212 = CARTESIAN_POINT ( 'NONE',  ( -6.402153650224555292, 7.961144599948564604, 17.22290479380366435 ) ) ;
#1213 = VERTEX_POINT ( 'NONE', #1898 ) ;
#1214 = ADVANCED_FACE ( 'NONE', ( #1195 ), #911, .T. ) ;
#1215 = ORIENTED_EDGE ( 'NONE', *, *, #1211, .T. ) ;
#1216 = CARTESIAN_POINT ( 'NONE',  ( 17.80000000000026006, 0.000000000000000000, 0.000000000000000000 ) ) ;
#1217 = EDGE_CURVE ( 'NONE', #244, #3002, #3132, .T. ) ;
#1218 = ORIENTED_EDGE ( 'NONE', *, *, #2472, .T. ) ;
#1219 = AXIS2_PLACEMENT_3D ( 'NONE', #678, #2672, #941 ) ;
#1220 = DIRECTION ( 'NONE',  ( 0.000000000000000000, 0.000000000000000000, 1.000000000000000000 ) ) ;
#1221 = AXIS2_PLACEMENT_3D ( 'NONE', #2947, #567, #1538 ) ;
#1222 = FACE_OUTER_BOUND ( 'NONE', #966, .T. ) ;
#1223 = VECTOR ( 'NONE', #736, 1000.000000000000000 ) ;
#1224 = EDGE_CURVE ( 'NONE', #971, #2986, #654, .T. ) ;
#1225 = DIRECTION ( 'NONE',  ( 1.000000000000000000, 0.000000000000000000, -0.000000000000000000 ) ) ;
#1226 = CARTESIAN_POINT ( 'NONE',  ( 35.44464849366902826, 4.794492218661889885E-16, -3.915000000000001812 ) ) ;
#1227 = DIRECTION ( 'NONE',  ( 1.000000000000000000, 0.000000000000000000, 0.000000000000000000 ) ) ;
#1228 = AXIS2_PLACEMENT_3D ( 'NONE', #2078, #1047, #1576 ) ;
#1229 = CARTESIAN_POINT ( 'NONE',  ( -8.248891971046806049, 4.762499999999953104, 17.60000000000000142 ) ) ;
#1230 = ORIENTED_EDGE ( 'NONE', *, *, #895, .T. ) ;
#1231 = CARTESIAN_POINT ( 'NONE',  ( 39.44464849366902826, 0.000000000000000000, 6.100000000000000533 ) ) ;
#1232 = EDGE_CURVE ( 'NONE', #2057, #1014, #1180, .T. ) ;
#1233 = AXIS2_PLACEMENT_3D ( 'NONE', #2026, #2565, #139 ) ;
#1234 = EDGE_LOOP ( 'NONE', ( #2411, #2501, #1728, #1860 ) ) ;
#1235 = AXIS2_PLACEMENT_3D ( 'NONE', #652, #1575, #1638 ) ;
#1236 = CARTESIAN_POINT ( 'NONE',  ( 0.000000000000000000, 3.888253587293301649E-16, -3.175000000000371969 ) ) ;
#1237 = DIRECTION ( 'NONE',  ( -1.000000000000000000, 0.000000000000000000, 0.000000000000000000 ) ) ;
#1238 = CARTESIAN_POINT ( 'NONE',  ( 38.04464849366902968, 0.000000000000000000, 0.000000000000000000 ) ) ;
#1239 = DIRECTION ( 'NONE',  ( -0.000000000000000000, -0.000000000000000000, -1.000000000000000000 ) ) ;
#1240 = CONICAL_SURFACE ( 'NONE', #2212, 13.41771913849730069, 1.047197551196595633 ) ;
#1241 = CARTESIAN_POINT ( 'NONE',  ( 5.050000000000002487, 6.184466335694136026E-16, -3.000000000000000000 ) ) ;
#1242 = DIRECTION ( 'NONE',  ( 0.000000000000000000, 0.000000000000000000, 1.000000000000000000 ) ) ;
#1243 = CARTESIAN_POINT ( 'NONE',  ( 0.000000000000000000, 0.000000000000000000, 6.299999999999999822 ) ) ;
#1244 = ORIENTED_EDGE ( 'NONE', *, *, #2125, .T. ) ;
#1245 = LOCAL_TIME ( 17, 44, 26.00000000000000000, #3099 ) ;
#1246 = APPROVAL_PERSON_ORGANIZATION ( #1543, #617, #1809 ) ;
#1247 = CARTESIAN_POINT ( 'NONE',  ( 0.4652762284380206892, 9.525000000000002132, -5.466185952947745934E-16 ) ) ;
#1248 = CARTESIAN_POINT ( 'NONE',  ( -52.94464849366903536, -4.814824860968089633E-32, 4.814824860968089633E-32 ) ) ;
#1249 = EDGE_CURVE ( 'NONE', #719, #275, #2967, .T. ) ;
#1250 = ORIENTED_EDGE ( 'NONE', *, *, #2830, .F. ) ;
#1251 = AXIS2_PLACEMENT_3D ( 'NONE', #2583, #1371, #2417 ) ;
#1252 = DIRECTION ( 'NONE',  ( -1.000000000000000000, -0.000000000000000000, -0.000000000000000000 ) ) ;
#1253 = DIRECTION ( 'NONE',  ( 0.000000000000000000, -1.000000000000000000, 0.000000000000000000 ) ) ;
#1254 = DIRECTION ( 'NONE',  ( 1.000000000000000000, 0.000000000000000000, 0.000000000000000000 ) ) ;
#1255 = CARTESIAN_POINT ( 'NONE',  ( 2.581473850271385324E-16, 6.440000000000000391, 6.550000000000001599 ) ) ;
#1256 = CARTESIAN_POINT ( 'NONE',  ( 14.50000000000084555, 0.000000000000000000, 0.000000000000000000 ) ) ;
#1257 = CARTESIAN_POINT ( 'NONE',  ( 0.000000000000000000, 0.000000000000000000, 0.000000000000000000 ) ) ;
#1258 = CIRCLE ( 'NONE', #2072, 3.174999999999999822 ) ;
#1259 = ORIENTED_EDGE ( 'NONE', *, *, #515, .F. ) ;
#1260 = CC_DESIGN_DATE_AND_TIME_ASSIGNMENT ( #2800, #660, ( #1190 ) ) ;
#1261 = CARTESIAN_POINT ( 'NONE',  ( 4.609918769207009603, 9.525000000000018119, 0.5940076071408123548 ) ) ;
#1262 = ORIENTED_EDGE ( 'NONE', *, *, #171, .F. ) ;
#1263 = ORIENTED_EDGE ( 'NONE', *, *, #344, .T. ) ;
#1264 = DIRECTION ( 'NONE',  ( 1.000000000000000000, 0.000000000000000000, 0.000000000000000000 ) ) ;
#1265 = CARTESIAN_POINT ( 'NONE',  ( -2.581473850271385324E-16, -6.440000000000000391, 6.550000000000001599 ) ) ;
#1266 = CIRCLE ( 'NONE', #2191, 9.525000000000002132 ) ;
#1267 = CIRCLE ( 'NONE', #1052, 6.940000000000001279 ) ;
#1268 = DIRECTION ( 'NONE',  ( -1.000000000000000000, -0.000000000000000000, -0.000000000000000000 ) ) ;
#1269 = EDGE_CURVE ( 'NONE', #1003, #3043, #1700, .T. ) ;
#1270 = DIRECTION ( 'NONE',  ( 0.000000000000000000, 0.000000000000000000, 1.000000000000000000 ) ) ;
#1271 = FACE_OUTER_BOUND ( 'NONE', #3156, .T. ) ;
#1272 = CARTESIAN_POINT ( 'NONE',  ( 0.000000000000000000, 6.949870585161229716E-16, -5.674999999999999822 ) ) ;
#1273 = VERTEX_POINT ( 'NONE', #974 ) ;
#1274 = VERTEX_POINT ( 'NONE', #1421 ) ;
#1275 = ORIENTED_EDGE ( 'NONE', *, *, #1109, .T. ) ;
#1276 = AXIS2_PLACEMENT_3D ( 'NONE', #1675, #944, #2643 ) ;
#1277 = DIRECTION ( 'NONE',  ( 0.000000000000000000, 0.000000000000000000, 1.000000000000000000 ) ) ;
#1278 = FACE_BOUND ( 'NONE', #2126, .T. ) ;
#1279 = FACE_OUTER_BOUND ( 'NONE', #2190, .T. ) ;
#1280 = CARTESIAN_POINT ( 'NONE',  ( 14.50000000000084555, 0.000000000000000000, 3.175000000000371969 ) ) ;
#1281 = DIRECTION ( 'NONE',  ( 0.000000000000000000, 0.000000000000000000, 1.000000000000000000 ) ) ;
#1282 = CARTESIAN_POINT ( 'NONE',  ( 17.10000000000100329, 0.000000000000000000, 0.000000000000000000 ) ) ;
#1283 = ORIENTED_EDGE ( 'NONE', *, *, #2362, .F. ) ;
#1284 = LOCAL_TIME ( 17, 44, 26.00000000000000000, #2076 ) ;
#1285 = EDGE_LOOP ( 'NONE', ( #1131, #1089, #1230, #1930 ) ) ;
#1286 = PERSON_AND_ORGANIZATION_ROLE ( 'creator' ) ;
#1287 = EDGE_CURVE ( 'NONE', #1612, #2454, #1704, .T. ) ;
#1288 = ORIENTED_EDGE ( 'NONE', *, *, #2510, .F. ) ;
#1289 = APPROVAL_PERSON_ORGANIZATION ( #1465, #1769, #1715 ) ;
#1290 = DIRECTION ( 'NONE',  ( 1.000000000000000000, 0.000000000000000000, 0.000000000000000000 ) ) ;
#1291 = CYLINDRICAL_SURFACE ( 'NONE', #543, 5.674999999999999822 ) ;
#1292 = PRODUCT_DEFINITION ( '未知', '', #512, #2256 ) ;
#1293 = CARTESIAN_POINT ( 'NONE',  ( 19.99999999999957367, 1.053196247266526084E-15, -8.599999999998386713 ) ) ;
#1294 = DIRECTION ( 'NONE',  ( 0.000000000000000000, 0.000000000000000000, 1.000000000000000000 ) ) ;
#1295 = FACE_OUTER_BOUND ( 'NONE', #2211, .T. ) ;
#1296 = ADVANCED_FACE ( 'NONE', ( #691 ), #286, .T. ) ;
#1297 = EDGE_CURVE ( 'NONE', #244, #3111, #2262, .T. ) ;
#1298 = DIRECTION ( 'NONE',  ( 0.000000000000000000, 0.000000000000000000, 1.000000000000000000 ) ) ;
#1299 = ORIENTED_EDGE ( 'NONE', *, *, #3122, .T. ) ;
#1300 = ORIENTED_EDGE ( 'NONE', *, *, #2134, .T. ) ;
#1301 = SECURITY_CLASSIFICATION_LEVEL ( 'unclassified' ) ;
#1302 = CIRCLE ( 'NONE', #577, 2.299999999999999822 ) ;
#1303 = EDGE_LOOP ( 'NONE', ( #1101, #885, #789 ) ) ;
#1304 = DIRECTION ( 'NONE',  ( 0.000000000000000000, 0.000000000000000000, 1.000000000000000000 ) ) ;
#1305 = ADVANCED_FACE ( 'NONE', ( #2667 ), #2209, .T. ) ;
#1306 = DIRECTION ( 'NONE',  ( -1.000000000000000000, -0.000000000000000000, -0.000000000000000000 ) ) ;
#1307 = ORIENTED_EDGE ( 'NONE', *, *, #548, .F. ) ;
#1308 = DIRECTION ( 'NONE',  ( 0.000000000000000000, 0.000000000000000000, 1.000000000000000000 ) ) ;
#1309 = DIRECTION ( 'NONE',  ( -1.000000000000000000, -0.000000000000000000, -0.000000000000000000 ) ) ;
#1310 = AXIS2_PLACEMENT_3D ( 'NONE', #2524, #532, #1501 ) ;
#1311 = EDGE_CURVE ( 'NONE', #2128, #2690, #236, .T. ) ;
#1312 = FACE_OUTER_BOUND ( 'NONE', #717, .T. ) ;
#1313 = ORIENTED_EDGE ( 'NONE', *, *, #2008, .T. ) ;
#1314 = COORDINATED_UNIVERSAL_TIME_OFFSET ( 8, 0, .AHEAD. ) ;
#1315 = ORIENTED_EDGE ( 'NONE', *, *, #1232, .F. ) ;
#1316 = CONTEXT_DEPENDENT_SHAPE_REPRESENTATION ( #589, #1867 ) ;
#1317 = LINE ( 'NONE', #2308, #1533 ) ;
#1318 = CARTESIAN_POINT ( 'NONE',  ( 39.44464849366903536, 4.371659367082224357, 0.000000000000000000 ) ) ;
#1319 = ORIENTED_EDGE ( 'NONE', *, *, #47, .T. ) ;
#1320 = CARTESIAN_POINT ( 'NONE',  ( 35.44464849366902826, 0.000000000000000000, 0.000000000000000000 ) ) ;
#1321 = EDGE_CURVE ( 'NONE', #2898, #161, #740, .T. ) ;
#1322 =( LENGTH_UNIT ( ) NAMED_UNIT ( * ) SI_UNIT ( .MILLI., .METRE. ) );
#1323 = AXIS2_PLACEMENT_3D ( 'NONE', #1425, #470, #2400 ) ;
#1324 = CARTESIAN_POINT ( 'NONE',  ( 37.84464849366903394, 6.100000000000000533, 0.000000000000000000 ) ) ;
#1325 = ADVANCED_FACE ( 'NONE', ( #3173 ), #709, .T. ) ;
#1326 = ORIENTED_EDGE ( 'NONE', *, *, #132, .T. ) ;
#1327 = PERSON_AND_ORGANIZATION ( #312, #1545 ) ;
#1328 = ADVANCED_FACE ( 'NONE', ( #1200, #2150 ), #2446, .F. ) ;
#1329 = EDGE_LOOP ( 'NONE', ( #2423, #1824, #1532, #1176 ) ) ;
#1330 = CLOSED_SHELL ( 'NONE', ( #2345, #1325, #2433, #2079, #1167, #1428, #1452, #1562, #2917, #1143, #297, #625, #2207, #1853, #1739, #1435, #1674, #2757, #1328, #1483, #779, #2693, #2634, #877 ) ) ;
#1331 = CARTESIAN_POINT ( 'NONE',  ( -1.149913114336698294, -6.336505333165962206, 5.247425617467090575 ) ) ;
#1332 = CARTESIAN_POINT ( 'NONE',  ( 0.5795110904247292583, -6.415388086664203904, 4.395341537438999246 ) ) ;
#1333 = LOCAL_TIME ( 17, 44, 26.00000000000000000, #2350 ) ;
#1334 = EDGE_LOOP ( 'NONE', ( #1288, #1218, #1785, #313 ) ) ;
#1335 = FACE_OUTER_BOUND ( 'NONE', #738, .T. ) ;
#1336 = CALENDAR_DATE ( 2025, 5, 7 ) ;
#1337 = CARTESIAN_POINT ( 'NONE',  ( -6.400365130926600088, -7.964242406242845185, 17.22215417283561223 ) ) ;
#1338 = CARTESIAN_POINT ( 'NONE',  ( 0.000000000000000000, 0.000000000000000000, -2.200000000000000178 ) ) ;
#1339 = B_SPLINE_CURVE_WITH_KNOTS ( 'NONE', 3,
 ( #2852, #2381, #3106, #2168, #1907, #2868, #439, #1424 ),
 .UNSPECIFIED., .F., .F.,
 ( 4, 2, 2, 4 ),
 ( 0.01559295432052766953, 0.01698526139227517912, 0.01837756846402268870, 0.02116218260751770788 ),
 .UNSPECIFIED. ) ;
#1340 = PRODUCT_RELATED_PRODUCT_CATEGORY ( 'detail', '', ( #1877 ) ) ;
#1341 = ORIENTED_EDGE ( 'NONE', *, *, #1719, .F. ) ;
#1342 = PERSON_AND_ORGANIZATION ( #312, #1545 ) ;
#1343 = AXIS2_PLACEMENT_3D ( 'NONE', #796, #310, #1075 ) ;
#1344 = VERTEX_POINT ( 'NONE', #2683 ) ;
#1345 = CARTESIAN_POINT ( 'NONE',  ( -2.581473850271385324E-16, -6.440000000000000391, 6.550000000000001599 ) ) ;
#1346 = CARTESIAN_POINT ( 'NONE',  ( 1.150086511121018340, 6.336473863648589777, 5.551261791825659486 ) ) ;
#1347 = TOROIDAL_SURFACE ( 'NONE', #1000, 3.915000000000001812, 0.7999999999999973799 ) ;
#1348 = VERTEX_POINT ( 'NONE', #1236 ) ;
#1349 = CARTESIAN_POINT ( 'NONE',  ( 0.000000000000000000, -9.525000000000057199, 5.400000000000002132 ) ) ;
#1350 = CONICAL_SURFACE ( 'NONE', #3137, 6.299999999999999822, 0.7853981633974504994 ) ;
#1351 = FACE_OUTER_BOUND ( 'NONE', #750, .T. ) ;
#1352 = EDGE_CURVE ( 'NONE', #239, #2542, #2503, .T. ) ;
#1353 = DIRECTION ( 'NONE',  ( -1.000000000000000000, -0.000000000000000000, -0.000000000000000000 ) ) ;
#1354 = DATE_AND_TIME ( #355, #1586 ) ;
#1355 = CARTESIAN_POINT ( 'NONE',  ( 0.000000000000000000, 0.000000000000000000, 17.10000000000000142 ) ) ;
#1356 = AXIS2_PLACEMENT_3D ( 'NONE', #74, #2038, #1294 ) ;
#1357 = EDGE_LOOP ( 'NONE', ( #2335, #2556 ) ) ;
#1358 = CIRCLE ( 'NONE', #2639, 4.171659367082225067 ) ;
#1359 = AXIS2_PLACEMENT_3D ( 'NONE', #3178, #3110, #682 ) ;
#1360 = ORIENTED_EDGE ( 'NONE', *, *, #1805, .T. ) ;
#1361 = PERSON_AND_ORGANIZATION ( #312, #1545 ) ;
#1362 = ORIENTED_EDGE ( 'NONE', *, *, #733, .T. ) ;
#1363 = CARTESIAN_POINT ( 'NONE',  ( 14.50000000000084555, 0.000000000000000000, 0.000000000000000000 ) ) ;
#1364 = CARTESIAN_POINT ( 'NONE',  ( 0.000000000000000000, 0.000000000000000000, 0.000000000000000000 ) ) ;
#1365 = AXIS2_PLACEMENT_3D ( 'NONE', #547, #592, #800 ) ;
#1366 = ORIENTED_EDGE ( 'NONE', *, *, #1906, .F. ) ;
#1367 = AXIS2_PLACEMENT_3D ( 'NONE', #2271, #2032, #2797 ) ;
#1368 = CARTESIAN_POINT ( 'NONE',  ( 14.50000000000084555, 4.500576986866911322E-16, -3.675000000000316902 ) ) ;
#1369 = CARTESIAN_POINT ( 'NONE',  ( 16.94042034850728840, 1.823354925460689481E-15, -14.77764571352868650 ) ) ;
#1370 = CONICAL_SURFACE ( 'NONE', #2098, 14.99999999999834799, 0.7853981633974482790 ) ;
#1371 = DIRECTION ( 'NONE',  ( 0.000000000000000000, 0.000000000000000000, 1.000000000000000000 ) ) ;
#1372 = CARTESIAN_POINT ( 'NONE',  ( 38.04464849366902968, 0.000000000000000000, 0.000000000000000000 ) ) ;
#1373 = SECURITY_CLASSIFICATION_LEVEL ( 'unclassified' ) ;
#1374 = FACE_OUTER_BOUND ( 'NONE', #1449, .T. ) ;
#1375 = ORIENTED_EDGE ( 'NONE', *, *, #1442, .T. ) ;
#1376 = AXIS2_PLACEMENT_3D ( 'NONE', #3126, #2839, #1155 ) ;
#1377 = ORIENTED_EDGE ( 'NONE', *, *, #494, .F. ) ;
#1378 = PERSON_AND_ORGANIZATION ( #312, #1545 ) ;
#1379 = VERTEX_POINT ( 'NONE', #2213 ) ;
#1380 = DIRECTION ( 'NONE',  ( 1.000000000000000000, 0.000000000000000000, 0.000000000000000000 ) ) ;
#1381 = CARTESIAN_POINT ( 'NONE',  ( 9.180332783635222427, 3.149197188353576760, 0.09792507081888403297 ) ) ;
#1382 = AXIS2_PLACEMENT_3D ( 'NONE', #1942, #2902, #376 ) ;
#1383 = CARTESIAN_POINT ( 'NONE',  ( 0.000000000000000000, 0.000000000000000000, 0.000000000000000000 ) ) ;
#1384 = EDGE_CURVE ( 'NONE', #2820, #2767, #1893, .T. ) ;
#1385 = ORIENTED_EDGE ( 'NONE', *, *, #1464, .F. ) ;
#1386 = FACE_OUTER_BOUND ( 'NONE', #2499, .T. ) ;
#1387 = CARTESIAN_POINT ( 'NONE',  ( -6.940000000000001279, 8.499048786082631667E-16, 17.60000000000000142 ) ) ;
#1388 = CC_DESIGN_APPROVAL ( #617, ( #1968 ) ) ;
#1389 = APPROVAL ( #871, '未指定' ) ;
#1390 = AXIS2_PLACEMENT_3D ( 'NONE', #1702, #2719, #1478 ) ;
#1391 = DIRECTION ( 'NONE',  ( -0.7071067811865463515, 0.000000000000000000, -0.7071067811865487940 ) ) ;
#1392 = LINE ( 'NONE', #354, #1945 ) ;
#1393 = DIRECTION ( 'NONE',  ( 0.000000000000000000, 0.000000000000000000, 1.000000000000000000 ) ) ;
#1394 = AXIS2_PLACEMENT_3D ( 'NONE', #2264, #1959, #2742 ) ;
#1395 = EDGE_LOOP ( 'NONE', ( #1596, #276, #3064, #812 ) ) ;
#1396 = CC_DESIGN_PERSON_AND_ORGANIZATION_ASSIGNMENT ( #857, #683, ( #1877 ) ) ;
#1397 = ORIENTED_EDGE ( 'NONE', *, *, #2147, .T. ) ;
#1398 = PERSON_AND_ORGANIZATION ( #312, #1545 ) ;
#1399 = ORIENTED_EDGE ( 'NONE', *, *, #1556, .F. ) ;
#1400 = CARTESIAN_POINT ( 'NONE',  ( 4.549999999999999822, 0.000000000000000000, -3.000000000000000000 ) ) ;
#1401 = CARTESIAN_POINT ( 'NONE',  ( 1.120033498639825931, 6.342123790875366041, 5.701109406697577597 ) ) ;
#1402 = SHAPE_REPRESENTATION_RELATIONSHIP ( 'NONE' , 'NONE' ,  #2, #2393 ) ;
#1403 = EDGE_LOOP ( 'NONE', ( #1542, #1550, #2568, #1741 ) ) ;
#1404 = EDGE_CURVE ( 'NONE', #2782, #1992, #2677, .T. ) ;
#1405 = CIRCLE ( 'NONE', #1113, 3.175000000000371969 ) ;
#1406 = FACE_OUTER_BOUND ( 'NONE', #725, .T. ) ;
#1407 = CARTESIAN_POINT ( 'NONE',  ( -8.716642953600619137, -3.952331532926503854, 0.02010828335194685471 ) ) ;
#1408 = CARTESIAN_POINT ( 'NONE',  ( 39.71305252233416638, 0.000000000000000000, 0.000000000000000000 ) ) ;
#1409 = DIRECTION ( 'NONE',  ( 0.000000000000000000, 0.000000000000000000, 1.000000000000000000 ) ) ;
#1410 = ORIENTED_EDGE ( 'NONE', *, *, #103, .F. ) ;
#1411 = EDGE_CURVE ( 'NONE', #229, #2116, #1124, .T. ) ;
#1412 = B_SPLINE_CURVE_WITH_KNOTS ( 'NONE', 3,
 ( #1746, #2697, #1718, #481, #711, #2447, #2001, #231 ),
 .UNSPECIFIED., .F., .F.,
 ( 4, 2, 2, 4 ),
 ( 0.005564589980275988848, 0.006950476802621102096, 0.008336363624966217079, 0.01110813726965644357 ),
 .UNSPECIFIED. ) ;
#1413 = CARTESIAN_POINT ( 'NONE',  ( 0.000000000000000000, 0.000000000000000000, 0.000000000000000000 ) ) ;
#1414 = APPROVAL_ROLE ( '' ) ;
#1415 = ORIENTED_EDGE ( 'NONE', *, *, #594, .F. ) ;
#1416 = AXIS2_PLACEMENT_3D ( 'NONE', #319, #504, #2323 ) ;
#1417 = DIRECTION ( 'NONE',  ( -0.000000000000000000, -0.000000000000000000, -1.000000000000000000 ) ) ;
#1418 = LINE ( 'NONE', #1603, #2091 ) ;
#1419 = SHAPE_REPRESENTATION_RELATIONSHIP ( 'NONE' , 'NONE' ,  #2753, #889 ) ;
#1420 = VERTEX_POINT ( 'NONE', #3138 ) ;
#1421 = CARTESIAN_POINT ( 'NONE',  ( 35.44464849366902826, 5.774209657979769296E-16, -4.714999999999998970 ) ) ;
#1422 = FACE_OUTER_BOUND ( 'NONE', #2730, .T. ) ;
#1423 = CIRCLE ( 'NONE', #2844, 0.1999999999999996503 ) ;
#1424 = CARTESIAN_POINT ( 'NONE',  ( 5.499261314031300252, -9.524999999999941735, 16.74926131403118035 ) ) ;
#1425 = CARTESIAN_POINT ( 'NONE',  ( 39.24464849366903962, 0.000000000000000000, 0.000000000000000000 ) ) ;
#1426 = DIRECTION ( 'NONE',  ( -1.000000000000000000, -0.000000000000000000, -0.000000000000000000 ) ) ;
#1427 = CARTESIAN_POINT ( 'NONE',  ( 43.34464849366903394, 3.888253587292846081E-16, -3.174999999999999822 ) ) ;
#1428 = ADVANCED_FACE ( 'NONE', ( #2915 ), #2347, .F. ) ;
#1429 = CARTESIAN_POINT ( 'NONE',  ( 15.00000000000079048, 4.500576986867182493E-16, -3.675000000000538947 ) ) ;
#1430 = CC_DESIGN_PERSON_AND_ORGANIZATION_ASSIGNMENT ( #1871, #2838, ( #1190 ) ) ;
#1431 = APPLICATION_PROTOCOL_DEFINITION ( 'international standard', 'config_control_design', 1994, #991 ) ;
#1432 = ORIENTED_EDGE ( 'NONE', *, *, #409, .T. ) ;
#1433 = CARTESIAN_POINT ( 'NONE',  ( -5.949064689866300881, -8.745917699637505649, 0.5910445858475861236 ) ) ;
#1434 = CARTESIAN_POINT ( 'NONE',  ( 0.9324499088765415555, 9.525000000000005684, 17.58019026657265016 ) ) ;
#1435 = ADVANCED_FACE ( 'NONE', ( #1903, #1938 ), #2865, .T. ) ;
#1436 = CARTESIAN_POINT ( 'NONE',  ( 6.440000000000000391, 7.886725386508954940E-16, 17.10000000000000142 ) ) ;
#1437 = ORIENTED_EDGE ( 'NONE', *, *, #280, .F. ) ;
#1438 = APPROVAL ( #1559, '未指定' ) ;
#1439 = CARTESIAN_POINT ( 'NONE',  ( 17.23019809639365363, 0.000000000000000000, 0.000000000000000000 ) ) ;
#1440 = DIRECTION ( 'NONE',  ( 1.000000000000000000, 0.000000000000000000, 0.000000000000000000 ) ) ;
#1441 = EDGE_CURVE ( 'NONE', #1344, #2547, #2703, .T. ) ;
#1442 = EDGE_CURVE ( 'NONE', #1348, #2307, #2384, .T. ) ;
#1443 = LINE ( 'NONE', #1670, #2756 ) ;
#1444 = CARTESIAN_POINT ( 'NONE',  ( 15.00000000000079048, 1.366310517886707519E-15, 7.535898384867456556 ) ) ;
#1445 = FACE_OUTER_BOUND ( 'NONE', #612, .T. ) ;
#1446 = EDGE_CURVE ( 'NONE', #168, #1828, #1570, .T. ) ;
#1447 = DIRECTION ( 'NONE',  ( 0.000000000000000000, 0.000000000000000000, 1.000000000000000000 ) ) ;
#1448 = ORIENTED_EDGE ( 'NONE', *, *, #68, .T. ) ;
#1449 = EDGE_LOOP ( 'NONE', ( #2356, #2421 ) ) ;
#1450 = LINE ( 'NONE', #2426, #2581 ) ;
#1451 = ORIENTED_EDGE ( 'NONE', *, *, #1287, .F. ) ;
#1452 = ADVANCED_FACE ( 'NONE', ( #1649 ), #389, .F. ) ;
#1453 = CARTESIAN_POINT ( 'NONE',  ( -5.499261314031101300, -9.525000000000057199, 16.74926131403117679 ) ) ;
#1454 = DIRECTION ( 'NONE',  ( -0.8660254037844372643, 0.000000000000000000, 0.5000000000000023315 ) ) ;
#1455 = CIRCLE ( 'NONE', #2970, 2.299999999999999822 ) ;
#1456 = DIRECTION ( 'NONE',  ( -0.7071067811865474617, 8.659560562354932858E-17, 0.7071067811865474617 ) ) ;
#1457 = AXIS2_PLACEMENT_3D ( 'NONE', #975, #2900, #1939 ) ;
#1458 = FACE_OUTER_BOUND ( 'NONE', #1234, .T. ) ;
#1459 = CARTESIAN_POINT ( 'NONE',  ( 38.04464849366902968, 0.000000000000000000, -6.299999999999999822 ) ) ;
#1460 = EDGE_CURVE ( 'NONE', #1140, #1879, #3051, .T. ) ;
#1461 = FACE_OUTER_BOUND ( 'NONE', #1561, .T. ) ;
#1462 = B_SPLINE_CURVE_WITH_KNOTS ( 'NONE', 3,
 ( #58, #2999, #803, #2274, #172, #677 ),
 .UNSPECIFIED., .F., .F.,
 ( 4, 2, 4 ),
 ( 2.380730676605010145E-07, 0.002782414026671824452, 0.005564589980275988848 ),
 .UNSPECIFIED. ) ;
#1463 = CARTESIAN_POINT ( 'NONE',  ( 8.482244080906873762, -4.358322289668996596, 17.59999999999998010 ) ) ;
#1464 = EDGE_CURVE ( 'NONE', #1686, #1637, #1118, .T. ) ;
#1465 = PERSON_AND_ORGANIZATION ( #312, #1545 ) ;
#1466 = ORIENTED_EDGE ( 'NONE', *, *, #1384, .F. ) ;
#1467 = DIRECTION ( 'NONE',  ( 0.000000000000000000, 0.000000000000000000, 1.000000000000000000 ) ) ;
#1468 = CIRCLE ( 'NONE', #2833, 5.674999999999999822 ) ;
#1469 = CARTESIAN_POINT ( 'NONE',  ( 35.44464849366902826, 0.000000000000000000, 0.000000000000000000 ) ) ;
#1470 = PLANE ( 'NONE',  #241 ) ;
#1471 = CARTESIAN_POINT ( 'NONE',  ( -5.499261314031101300, -9.525000000000057199, 16.74926131403117679 ) ) ;
#1472 = PLANE ( 'NONE',  #1965 ) ;
#1473 = VECTOR ( 'NONE', #2810, 1000.000000000000000 ) ;
#1474 = CARTESIAN_POINT ( 'NONE',  ( 35.64464849366903110, 0.000000000000000000, 0.000000000000000000 ) ) ;
#1475 = PERSON ( 'NAUO-PER3', 'UNSPECIFIED', 'UNSPECIFIED', ('UNSPECIFIED'), ('UNSPECIFIED'), ('UNSPECIFIED') ) ;
#1476 = EDGE_LOOP ( 'NONE', ( #703, #2774, #2940, #1018 ) ) ;
#1477 = DIRECTION ( 'NONE',  ( 0.000000000000000000, 0.000000000000000000, -1.000000000000000000 ) ) ;
#1478 = DIRECTION ( 'NONE',  ( 1.000000000000000000, 0.000000000000000000, 0.000000000000000000 ) ) ;
#1479 = ORIENTED_EDGE ( 'NONE', *, *, #1742, .F. ) ;
#1480 = AXIS2_PLACEMENT_3D ( 'NONE', #3117, #448, #166 ) ;
#1481 = DIRECTION ( 'NONE',  ( -1.000000000000000000, -0.000000000000000000, -0.000000000000000000 ) ) ;
#1482 = CARTESIAN_POINT ( 'NONE',  ( 17.80000000000026006, 1.053196247266519379E-15, -8.599999999998331646 ) ) ;
#1483 = ADVANCED_FACE ( 'NONE', ( #1593 ), #1370, .T. ) ;
#1484 = CARTESIAN_POINT ( 'NONE',  ( 35.44464849366902826, 0.000000000000000000, -5.474999999999998757 ) ) ;
#1485 = CARTESIAN_POINT ( 'NONE',  ( 35.04464849366903678, 0.000000000000000000, 0.000000000000000000 ) ) ;
#1486 = AXIS2_PLACEMENT_3D ( 'NONE', #28, #1516, #2725 ) ;
#1487 = DIRECTION ( 'NONE',  ( 0.000000000000000000, 0.000000000000000000, 1.000000000000000000 ) ) ;
#1488 = CIRCLE ( 'NONE', #2710, 6.100000000000000533 ) ;
#1489 = DIRECTION ( 'NONE',  ( 0.000000000000000000, 0.000000000000000000, 1.000000000000000000 ) ) ;
#1490 = LOCAL_TIME ( 17, 44, 26.00000000000000000, #2608 ) ;
#1491 = CC_DESIGN_DATE_AND_TIME_ASSIGNMENT ( #3113, #2354, ( #817 ) ) ;
#1492 = CARTESIAN_POINT ( 'NONE',  ( 19.99999999999957367, 0.000000000000000000, 0.000000000000000000 ) ) ;
#1493 = ORIENTED_EDGE ( 'NONE', *, *, #2449, .T. ) ;
#1494 = ORIENTED_EDGE ( 'NONE', *, *, #182, .F. ) ;
#1495 = AXIS2_PLACEMENT_3D ( 'NONE', #41, #2946, #1012 ) ;
#1496 = EDGE_CURVE ( 'NONE', #2029, #1637, #3057, .T. ) ;
#1497 = CARTESIAN_POINT ( 'NONE',  ( 0.000000000000000000, 2.816687638038912056E-16, -2.299999999999999822 ) ) ;
#1498 = FACE_OUTER_BOUND ( 'NONE', #6, .T. ) ;
#1499 = EDGE_CURVE ( 'NONE', #1565, #2547, #1119, .T. ) ;
#1500 = DIRECTION ( 'NONE',  ( 0.4999999999999950040, 0.8660254037844414832, 0.000000000000000000 ) ) ;
#1501 = DIRECTION ( 'NONE',  ( 0.000000000000000000, 0.000000000000000000, 1.000000000000000000 ) ) ;
#1502 = CIRCLE ( 'NONE', #210, 4.449999999999999289 ) ;
#1503 = DIRECTION ( 'NONE',  ( -1.000000000000000000, 0.000000000000000000, 0.000000000000000000 ) ) ;
#1504 = FACE_OUTER_BOUND ( 'NONE', #2859, .T. ) ;
#1505 = ORIENTED_EDGE ( 'NONE', *, *, #524, .T. ) ;
#1506 = EDGE_CURVE ( 'NONE', #1716, #685, #2205, .T. ) ;
#1507 = CARTESIAN_POINT ( 'NONE',  ( 10.09741881116691609, -1.560757593757208017, 17.22215417283559802 ) ) ;
#1508 = AXIS2_PLACEMENT_3D ( 'NONE', #2659, #474, #1174 ) ;
#1509 = ORIENTED_EDGE ( 'NONE', *, *, #996, .T. ) ;
#1510 = APPROVAL_DATE_TIME ( #526, #1769 ) ;
#1511 = VERTEX_POINT ( 'NONE', #1056 ) ;
#1512 = DIRECTION ( 'NONE',  ( 0.000000000000000000, 0.000000000000000000, 1.000000000000000000 ) ) ;
#1513 = CARTESIAN_POINT ( 'NONE',  ( 1.004823314737297579, -6.361392595829124197, 5.979015230789956448 ) ) ;
#1514 = AXIS2_PLACEMENT_3D ( 'NONE', #2480, #2508, #1780 ) ;
#1515 = AXIS2_PLACEMENT_3D ( 'NONE', #445, #2908, #718 ) ;
#1516 = DIRECTION ( 'NONE',  ( -1.000000000000000000, -0.000000000000000000, -0.000000000000000000 ) ) ;
#1517 = CARTESIAN_POINT ( 'NONE',  ( 0.000000000000000000, 0.000000000000000000, 17.60000000000000142 ) ) ;
#1518 = CARTESIAN_POINT ( 'NONE',  ( 35.64464849366903110, 0.000000000000000000, -5.674999999999999822 ) ) ;
#1519 = DIRECTION ( 'NONE',  ( 0.000000000000000000, 0.000000000000000000, 1.000000000000000000 ) ) ;
#1520 = EDGE_CURVE ( 'NONE', #1511, #707, #1526, .T. ) ;
#1521 = ORIENTED_EDGE ( 'NONE', *, *, #2199, .F. ) ;
#1522 = CIRCLE ( 'NONE', #1941, 14.69999999999904716 ) ;
#1523 = EDGE_LOOP ( 'NONE', ( #2339, #2371, #368, #558, #2936, #542 ) ) ;
#1524 = PERSON_AND_ORGANIZATION_ROLE ( 'classification_officer' ) ;
#1525 = ORIENTED_EDGE ( 'NONE', *, *, #2681, .T. ) ;
#1526 = CIRCLE ( 'NONE', #1233, 8.599999999998386713 ) ;
#1527 = DIRECTION ( 'NONE',  ( 0.000000000000000000, 0.000000000000000000, 1.000000000000000000 ) ) ;
#1528 = CYLINDRICAL_SURFACE ( 'NONE', #2941, 6.299999999999999822 ) ;
#1529 = EDGE_CURVE ( 'NONE', #2075, #987, #1392, .T. ) ;
#1530 = EDGE_CURVE ( 'NONE', #2782, #1003, #901, .T. ) ;
#1531 = AXIS2_PLACEMENT_3D ( 'NONE', #2715, #785, #1487 ) ;
#1532 = ORIENTED_EDGE ( 'NONE', *, *, #3000, .F. ) ;
#1533 = VECTOR ( 'NONE', #97, 1000.000000000000000 ) ;
#1534 = EDGE_CURVE ( 'NONE', #1014, #825, #549, .T. ) ;
#1535 = CARTESIAN_POINT ( 'NONE',  ( 35.44464849366902826, 0.000000000000000000, 0.000000000000000000 ) ) ;
#1536 = CARTESIAN_POINT ( 'NONE',  ( 37.84464849366903394, 0.000000000000000000, 0.000000000000000000 ) ) ;
#1537 = DIRECTION ( 'NONE',  ( 0.000000000000000000, 0.000000000000000000, 1.000000000000000000 ) ) ;
#1538 = DIRECTION ( 'NONE',  ( 0.000000000000000000, 0.000000000000000000, 1.000000000000000000 ) ) ;
#1539 = ORIENTED_EDGE ( 'NONE', *, *, #1404, .F. ) ;
#1540 = EDGE_CURVE ( 'NONE', #2542, #854, #1794, .T. ) ;
#1541 = CC_DESIGN_APPROVAL ( #2851, ( #817 ) ) ;
#1542 = ORIENTED_EDGE ( 'NONE', *, *, #2438, .T. ) ;
#1543 = PERSON_AND_ORGANIZATION ( #312, #1545 ) ;
#1544 = ORIENTED_EDGE ( 'NONE', *, *, #2517, .F. ) ;
#1545 = ORGANIZATION ( '未指定', '未指定', '' ) ;
#1546 = CARTESIAN_POINT ( 'NONE',  ( 0.000000000000000000, 0.000000000000000000, 0.000000000000000000 ) ) ;
#1547 = DIRECTION ( 'NONE',  ( -0.000000000000000000, 1.000000000000000000, 1.224646799147353207E-16 ) ) ;
#1548 = AXIS2_PLACEMENT_3D ( 'NONE', #2248, #1537, #745 ) ;
#1549 = EDGE_CURVE ( 'NONE', #306, #3109, #801, .T. ) ;
#1550 = ORIENTED_EDGE ( 'NONE', *, *, #2931, .T. ) ;
#1551 = UNCERTAINTY_MEASURE_WITH_UNIT (LENGTH_MEASURE( 1.000000000000000082E-05 ), #1641, 'distance_accuracy_value', 'NONE');
#1552 = CARTESIAN_POINT ( 'NONE',  ( 17.40000000000030411, 0.000000000000000000, 8.199999999998208722 ) ) ;
#1553 = FACE_OUTER_BOUND ( 'NONE', #115, .T. ) ;
#1554 = DIRECTION ( 'NONE',  ( 1.000000000000000000, 0.000000000000000000, 0.000000000000000000 ) ) ;
#1555 = EDGE_LOOP ( 'NONE', ( #2544, #775 ) ) ;
#1556 = EDGE_CURVE ( 'NONE', #2075, #1771, #3003, .T. ) ;
#1557 = CIRCLE ( 'NONE', #416, 2.300000000000412825 ) ;
#1558 = VERTEX_POINT ( 'NONE', #443 ) ;
#1559 = APPROVAL_STATUS ( 'not_yet_approved' ) ;
#1560 = TOROIDAL_SURFACE ( 'NONE', #2231, 8.475000000000001421, 0.8000000000000000444 ) ;
#1561 = EDGE_LOOP ( 'NONE', ( #921, #2027, #950, #1479 ) ) ;
#1562 = ADVANCED_FACE ( 'NONE', ( #905 ), #1892, .F. ) ;
#1563 = DIRECTION ( 'NONE',  ( -1.000000000000000000, 0.000000000000000000, -0.000000000000000000 ) ) ;
#1564 = FACE_OUTER_BOUND ( 'NONE', #94, .T. ) ;
#1565 = VERTEX_POINT ( 'NONE', #202 ) ;
#1566 = CARTESIAN_POINT ( 'NONE',  ( -7.317451158458369243, 6.375802811646390289, 0.09792507081888404685 ) ) ;
#1567 = DIRECTION ( 'NONE',  ( -0.000000000000000000, -0.000000000000000000, -1.000000000000000000 ) ) ;
#1568 = CIRCLE ( 'NONE', #363, 8.199999999998208722 ) ;
#1569 = FACE_BOUND ( 'NONE', #1838, .T. ) ;
#1570 = B_SPLINE_CURVE_WITH_KNOTS ( 'NONE', 3,
 ( #3162, #2418, #3143, #189, #1692, #978 ),
 .UNSPECIFIED., .F., .F.,
 ( 4, 2, 4 ),
 ( 0.03038055683586330519, 0.03316512640569456438, 0.03594969597552582358 ),
 .UNSPECIFIED. ) ;
#1571 = VERTEX_POINT ( 'NONE', #675 ) ;
#1572 = PERSON_AND_ORGANIZATION ( #312, #1545 ) ;
#1573 = AXIS2_PLACEMENT_3D ( 'NONE', #1813, #2520, #2546 ) ;
#1574 = ORIENTED_EDGE ( 'NONE', *, *, #2408, .T. ) ;
#1575 = DIRECTION ( 'NONE',  ( -0.000000000000000000, -0.000000000000000000, -1.000000000000000000 ) ) ;
#1576 = DIRECTION ( 'NONE',  ( 0.000000000000000000, 0.000000000000000000, 1.000000000000000000 ) ) ;
#1577 = ORIENTED_EDGE ( 'NONE', *, *, #1446, .F. ) ;
#1578 = DIRECTION ( 'NONE',  ( -0.000000000000000000, -0.000000000000000000, -1.000000000000000000 ) ) ;
#1579 = APPROVAL ( #1841, 'UNKNOWN' ) ;
#1580 = AXIS2_PLACEMENT_3D ( 'NONE', #2653, #1919, #1969 ) ;
#1581 = DIRECTION ( 'NONE',  ( 1.000000000000000000, 0.000000000000000000, -0.000000000000000000 ) ) ;
#1582 = ORIENTED_EDGE ( 'NONE', *, *, #1540, .F. ) ;
#1583 = PERSON_AND_ORGANIZATION ( #312, #1545 ) ;
#1584 = ORIENTED_EDGE ( 'NONE', *, *, #2125, .F. ) ;
#1585 = VECTOR ( 'NONE', #838, 1000.000000000000000 ) ;
#1586 = LOCAL_TIME ( 17, 44, 26.00000000000000000, #610 ) ;
#1587 = CARTESIAN_POINT ( 'NONE',  ( -1.004856625985218521, -6.361389186182236699, 5.979141670138437448 ) ) ;
#1588 = DIRECTION ( 'NONE',  ( -1.000000000000000000, 0.000000000000000000, -0.000000000000000000 ) ) ;
#1589 = CC_DESIGN_SECURITY_CLASSIFICATION ( #1190, ( #3180 ) ) ;
#1590 = ORIENTED_EDGE ( 'NONE', *, *, #2329, .F. ) ;
#1591 = EDGE_CURVE ( 'NONE', #2474, #1213, #1696, .T. ) ;
#1592 = CARTESIAN_POINT ( 'NONE',  ( -6.400365130926707558, 7.964242406242756367, 0.3778458271643913013 ) ) ;
#1593 = FACE_OUTER_BOUND ( 'NONE', #1158, .T. ) ;
#1594 = CALENDAR_DATE ( 2025, 5, 7 ) ;
#1595 = CARTESIAN_POINT ( 'NONE',  ( 0.000000000000000000, 0.000000000000000000, 15.35253755750896687 ) ) ;
#1596 = ORIENTED_EDGE ( 'NONE', *, *, #881, .F. ) ;
#1597 = ORIENTED_EDGE ( 'NONE', *, *, #2681, .F. ) ;
#1598 = APPROVAL_PERSON_ORGANIZATION ( #829, #2002, #813 ) ;
#1599 = PERSON_AND_ORGANIZATION_ROLE ( 'creator' ) ;
#1600 = AXIS2_PLACEMENT_3D ( 'NONE', #2242, #2533, #544 ) ;
#1601 = ORIENTED_EDGE ( 'NONE', *, *, #2329, .T. ) ;
#1602 = CARTESIAN_POINT ( 'NONE',  ( 5.499261314031167913, 9.525000000000019895, 16.74926131403118035 ) ) ;
#1603 = CARTESIAN_POINT ( 'NONE',  ( 0.000000000000000000, 7.715274834628325378E-16, -6.299999999999999822 ) ) ;
#1604 = AXIS2_PLACEMENT_3D ( 'NONE', #2577, #878, #370 ) ;
#1605 = DIRECTION ( 'NONE',  ( 0.000000000000000000, 0.000000000000000000, 1.000000000000000000 ) ) ;
#1606 = VERTEX_POINT ( 'NONE', #3140 ) ;
#1607 = CARTESIAN_POINT ( 'NONE',  ( 35.64464849366903110, 0.000000000000000000, 0.000000000000000000 ) ) ;
#1608 = DIRECTION ( 'NONE',  ( 0.000000000000000000, 0.000000000000000000, 1.000000000000000000 ) ) ;
#1609 = CALENDAR_DATE ( 2025, 5, 7 ) ;
#1610 = DIRECTION ( 'NONE',  ( 0.5000000000000009992, -0.8660254037844380415, 0.000000000000000000 ) ) ;
#1611 = CIRCLE ( 'NONE', #1776, 0.8000000000000003775 ) ;
#1612 = VERTEX_POINT ( 'NONE', #1940 ) ;
#1613 = AXIS2_PLACEMENT_3D ( 'NONE', #2348, #137, #1163 ) ;
#1614 = EDGE_CURVE ( 'NONE', #179, #239, #3146, .T. ) ;
#1615 = EDGE_LOOP ( 'NONE', ( #3150, #1574, #1663, #2648 ) ) ;
#1616 = PRODUCT_DEFINITION_SHAPE ( 'NONE', 'NONE',  #1292 ) ;
#1617 = PERSON_AND_ORGANIZATION ( #312, #1545 ) ;
#1618 = VERTEX_POINT ( 'NONE', #99 ) ;
#1619 = CC_DESIGN_PERSON_AND_ORGANIZATION_ASSIGNMENT ( #2122, #595, ( #3116 ) ) ;
#1620 = CARTESIAN_POINT ( 'NONE',  ( 0.000000000000000000, 0.000000000000000000, -0.5000000000000143219 ) ) ;
#1621 = LINE ( 'NONE', #1899, #2337 ) ;
#1622 = CARTESIAN_POINT ( 'NONE',  ( 1.408343819019456028E-16, -9.525000000000057199, 4.250000000000001776 ) ) ;
#1623 = EDGE_LOOP ( 'NONE', ( #1039, #2622, #2141, #1756 ) ) ;
#1624 = CIRCLE ( 'NONE', #2448, 8.599999999998386713 ) ;
#1625 = DIRECTION ( 'NONE',  ( -0.000000000000000000, -0.000000000000000000, -1.000000000000000000 ) ) ;
#1626 = CARTESIAN_POINT ( 'NONE',  ( 0.000000000000000000, 0.000000000000000000, 3.175000000000371969 ) ) ;
#1627 = CC_DESIGN_DATE_AND_TIME_ASSIGNMENT ( #1059, #1822, ( #1968 ) ) ;
#1628 = CARTESIAN_POINT ( 'NONE',  ( 43.34464849366903394, 3.174999999999999822, 0.000000000000000000 ) ) ;
#1629 = COORDINATED_UNIVERSAL_TIME_OFFSET ( 8, 0, .AHEAD. ) ;
#1630 = LINE ( 'NONE', #1459, #1797 ) ;
#1631 = VERTEX_POINT ( 'NONE', #2095 ) ;
#1632 = CIRCLE ( 'NONE', #2101, 9.525000000000002132 ) ;
#1633 = AXIS2_PLACEMENT_3D ( 'NONE', #480, #200, #2182 ) ;
#1634 = ORIENTED_EDGE ( 'NONE', *, *, #132, .F. ) ;
#1635 = APPLICATION_PROTOCOL_DEFINITION ( 'international standard', 'config_control_design', 1994, #491 ) ;
#1636 = EDGE_CURVE ( 'NONE', #2454, #292, #1468, .T. ) ;
#1637 = VERTEX_POINT ( 'NONE', #1093 ) ;
#1638 = DIRECTION ( 'NONE',  ( -1.000000000000000000, 0.000000000000000000, 0.000000000000000000 ) ) ;
#1639 = CARTESIAN_POINT ( 'NONE',  ( 1.119857264706282107, 6.342158300342950916, 5.097985071271195601 ) ) ;
#1640 = CIRCLE ( 'NONE', #1382, 4.549999999999999822 ) ;
#1641 =( LENGTH_UNIT ( ) NAMED_UNIT ( * ) SI_UNIT ( .MILLI., .METRE. ) );
#1642 = EDGE_LOOP ( 'NONE', ( #702, #287 ) ) ;
#1643 = EDGE_CURVE ( 'NONE', #1114, #1273, #1266, .T. ) ;
#1644 = DIRECTION ( 'NONE',  ( 1.000000000000000000, 0.000000000000000000, 0.000000000000000000 ) ) ;
#1645 = DIRECTION ( 'NONE',  ( -1.000000000000000000, -0.000000000000000000, -0.000000000000000000 ) ) ;
#1646 = CC_DESIGN_APPROVAL ( #136, ( #512 ) ) ;
#1647 = EDGE_CURVE ( 'NONE', #2029, #2561, #2082, .T. ) ;
#1648 = LINE ( 'NONE', #3092, #1953 ) ;
#1649 = FACE_OUTER_BOUND ( 'NONE', #2163, .T. ) ;
#1650 = CONTEXT_DEPENDENT_SHAPE_REPRESENTATION ( #2572, #2363 ) ;
#1651 = DIRECTION ( 'NONE',  ( -1.000000000000000000, -0.000000000000000000, -0.000000000000000000 ) ) ;
#1652 = AXIS2_PLACEMENT_3D ( 'NONE', #2687, #267, #1781 ) ;
#1653 = ORIENTED_EDGE ( 'NONE', *, *, #1007, .F. ) ;
#1654 = CARTESIAN_POINT ( 'NONE',  ( 0.000000000000000000, 0.000000000000000000, 0.000000000000000000 ) ) ;
#1655 = CARTESIAN_POINT ( 'NONE',  ( -7.317804019944292193, 6.375191637624729957, 17.51892000885278478 ) ) ;
#1656 = ORIENTED_EDGE ( 'NONE', *, *, #1614, .F. ) ;
#1657 = SECURITY_CLASSIFICATION_LEVEL ( 'unclassified' ) ;
#1658 = ORIENTED_EDGE ( 'NONE', *, *, #2244, .F. ) ;
#1659 = DIRECTION ( 'NONE',  ( 0.000000000000000000, 1.000000000000000000, 0.000000000000000000 ) ) ;
#1660 = CARTESIAN_POINT ( 'NONE',  ( 5.499261314031300252, -9.524999999999941735, 0.8507386859688205183 ) ) ;
#1661 = CIRCLE ( 'NONE', #1203, 6.940000000000001279 ) ;
#1662 =( NAMED_UNIT ( * ) PLANE_ANGLE_UNIT ( ) SI_UNIT ( $, .RADIAN. ) );
#1663 = ORIENTED_EDGE ( 'NONE', *, *, #571, .F. ) ;
#1664 = AXIS2_PLACEMENT_3D ( 'NONE', #1839, #2523, #2799 ) ;
#1665 = CARTESIAN_POINT ( 'NONE',  ( 17.40000000000030411, 0.000000000000000000, 0.000000000000000000 ) ) ;
#1666 = CARTESIAN_POINT ( 'NONE',  ( 0.000000000000000000, 0.000000000000000000, -2.200000000000000178 ) ) ;
#1667 = EDGE_CURVE ( 'NONE', #2281, #2171, #1358, .T. ) ;
#1668 = CARTESIAN_POINT ( 'NONE',  ( 17.23019809639365363, 0.000000000000000000, 0.000000000000000000 ) ) ;
#1669 = CIRCLE ( 'NONE', #782, 0.1999999999999996503 ) ;
#1670 = CARTESIAN_POINT ( 'NONE',  ( 9.525000000000000355, 0.000000000000000000, 0.000000000000000000 ) ) ;
#1671 = DIRECTION ( 'NONE',  ( -1.000000000000000000, -0.000000000000000000, -0.000000000000000000 ) ) ;
#1672 = CARTESIAN_POINT ( 'NONE',  ( -10.99852262806237846, -7.632217764024648044E-14, 16.74926131403118035 ) ) ;
#1673 = ORIENTED_EDGE ( 'NONE', *, *, #1529, .F. ) ;
#1674 = ADVANCED_FACE ( 'NONE', ( #1976 ), #1777, .F. ) ;
#1675 = CARTESIAN_POINT ( 'NONE',  ( 43.34464849366903394, 0.000000000000000000, 0.000000000000000000 ) ) ;
#1676 = CARTESIAN_POINT ( 'NONE',  ( -9.179979922149314575, 3.149808362375173587, 0.08107999114722001799 ) ) ;
#1677 = EDGE_CURVE ( 'NONE', #2986, #971, #3036, .T. ) ;
#1678 = ORIENTED_EDGE ( 'NONE', *, *, #2867, .F. ) ;
#1679 = MECHANICAL_CONTEXT ( 'NONE', #491, 'mechanical' ) ;
#1680 = APPROVAL ( #446, '未指定' ) ;
#1681 = EDGE_LOOP ( 'NONE', ( #2652, #1078, #681, #1283 ) ) ;
#1682 = CIRCLE ( 'NONE', #1356, 6.100000000000000533 ) ;
#1683 = CARTESIAN_POINT ( 'NONE',  ( -10.99852262806237846, -7.680227302144747393E-14, 17.60000000000000142 ) ) ;
#1684 = CARTESIAN_POINT ( 'NONE',  ( 19.99999999999957367, 0.000000000000000000, 0.000000000000000000 ) ) ;
#1685 = CARTESIAN_POINT ( 'NONE',  ( 35.44464849366902826, 0.000000000000000000, 0.000000000000000000 ) ) ;
#1686 = VERTEX_POINT ( 'NONE', #1187 ) ;
#1687 = AXIS2_PLACEMENT_3D ( 'NONE', #2548, #1578, #783 ) ;
#1688 = CARTESIAN_POINT ( 'NONE',  ( -1.853183372580812893, -9.525000000000018119, 17.52002621221957313 ) ) ;
#1689 = FACE_OUTER_BOUND ( 'NONE', #2805, .T. ) ;
#1690 = CONICAL_SURFACE ( 'NONE', #26, 9.525000000000000355, 1.047197551196596521 ) ;
#1691 = FACE_BOUND ( 'NONE', #1555, .T. ) ;
#1692 = CARTESIAN_POINT ( 'NONE',  ( -4.604223021014520967, 9.524999999999982592, 17.00763661373532187 ) ) ;
#1693 = DIRECTION ( 'NONE',  ( -1.000000000000000000, -0.000000000000000000, -0.000000000000000000 ) ) ;
#1694 = CARTESIAN_POINT ( 'NONE',  ( 52.94464849366903536, 0.000000000000000000, 3.174999999999999822 ) ) ;
#1695 = ORIENTED_EDGE ( 'NONE', *, *, #2338, .F. ) ;
#1696 = CIRCLE ( 'NONE', #1931, 5.674999999999999822 ) ;
#1697 = FACE_OUTER_BOUND ( 'NONE', #2175, .T. ) ;
#1698 = AXIS2_PLACEMENT_3D ( 'NONE', #1363, #386, #2129 ) ;
#1699 = ORIENTED_EDGE ( 'NONE', *, *, #729, .F. ) ;
#1700 = B_SPLINE_CURVE_WITH_KNOTS ( 'NONE', 3,
 ( #1161, #1433, #2144, #2409, #668, #197 ),
 .UNSPECIFIED., .F., .F.,
 ( 4, 2, 4 ),
 ( 2.380730676605010145E-07, 0.002782414026671824452, 0.005564589980275988848 ),
 .UNSPECIFIED. ) ;
#1701 = CARTESIAN_POINT ( 'NONE',  ( 3.709163999463077843, 9.525000000000011013, 0.3802962845180857254 ) ) ;
#1702 = CARTESIAN_POINT ( 'NONE',  ( 0.000000000000000000, 0.000000000000000000, 0.000000000000000000 ) ) ;
#1703 = ORIENTED_EDGE ( 'NONE', *, *, #2588, .T. ) ;
#1704 = LINE ( 'NONE', #989, #2600 ) ;
#1705 = CARTESIAN_POINT ( 'NONE',  ( 0.3017175119825188934, -6.434441426673038755, 6.519903982726656722 ) ) ;
#1706 = ADVANCED_FACE ( 'NONE', ( #204, #1351 ), #2834, .F. ) ;
#1707 = ORGANIZATION ( 'NAUO-ORG3', 'UNSPECIFIED', 'UNSPECIFIED' ) ;
#1708 = CYLINDRICAL_SURFACE ( 'NONE', #541, 3.175000000000371969 ) ;
#1709 = DIRECTION ( 'NONE',  ( -1.000000000000000000, -0.000000000000000000, -0.000000000000000000 ) ) ;
#1710 = DIRECTION ( 'NONE',  ( -0.000000000000000000, -0.000000000000000000, -1.000000000000000000 ) ) ;
#1711 = LOCAL_TIME ( 17, 44, 26.00000000000000000, #79 ) ;
#1712 = DIRECTION ( 'NONE',  ( -1.000000000000000000, -0.000000000000000000, -0.000000000000000000 ) ) ;
#1713 = EDGE_LOOP ( 'NONE', ( #478, #2437 ) ) ;
#1714 = CARTESIAN_POINT ( 'NONE',  ( 5.499261314031167913, 9.525000000000019895, 16.74926131403118035 ) ) ;
#1715 = APPROVAL_ROLE ( '' ) ;
#1716 = VERTEX_POINT ( 'NONE', #2743 ) ;
#1717 = CARTESIAN_POINT ( 'NONE',  ( 19.99999999999957367, 0.000000000000000000, 0.000000000000000000 ) ) ;
#1718 = CARTESIAN_POINT ( 'NONE',  ( 7.781140988492901478, 5.572668467073578213, 17.57989171664805994 ) ) ;
#1719 = EDGE_CURVE ( 'NONE', #1213, #292, #553, .T. ) ;
#1720 = LINE ( 'NONE', #2932, #980 ) ;
#1721 = CIRCLE ( 'NONE', #2975, 0.4999999999999449329 ) ;
#1722 = CARTESIAN_POINT ( 'NONE',  ( 10.99852262806237846, -4.800953814011748335E-16, 16.74926131403118035 ) ) ;
#1723 = CYLINDRICAL_SURFACE ( 'NONE', #1531, 6.299999999999999822 ) ;
#1724 = CARTESIAN_POINT ( 'NONE',  ( 0.000000000000000000, 0.000000000000000000, 2.300000000000412825 ) ) ;
#1725 = ADVANCED_FACE ( 'NONE', ( #1504 ), #2009, .T. ) ;
#1726 = DIRECTION ( 'NONE',  ( 0.000000000000000000, 0.000000000000000000, -1.000000000000000000 ) ) ;
#1727 = DIRECTION ( 'NONE',  ( 1.000000000000000000, 0.000000000000000000, 0.000000000000000000 ) ) ;
#1728 = ORIENTED_EDGE ( 'NONE', *, *, #24, .F. ) ;
#1729 = AXIS2_PLACEMENT_3D ( 'NONE', #2878, #2863, #670 ) ;
#1730 = CC_DESIGN_DATE_AND_TIME_ASSIGNMENT ( #293, #2783, ( #1847 ) ) ;
#1731 = CARTESIAN_POINT ( 'NONE',  ( 39.44464849366903536, 0.000000000000000000, 0.000000000000000000 ) ) ;
#1732 = CARTESIAN_POINT ( 'NONE',  ( 0.000000000000000000, 0.000000000000000000, -3.000000000000000000 ) ) ;
#1733 = CC_DESIGN_PERSON_AND_ORGANIZATION_ASSIGNMENT ( #1342, #2267, ( #3175 ) ) ;
#1734 = FACE_OUTER_BOUND ( 'NONE', #1285, .T. ) ;
#1735 = LINE ( 'NONE', #2699, #272 ) ;
#1736 = DIRECTION ( 'NONE',  ( 0.7071067811865463515, 0.000000000000000000, 0.7071067811865487940 ) ) ;
#1737 = CARTESIAN_POINT ( 'NONE',  ( 17.23019809639365363, 0.000000000000000000, 0.000000000000000000 ) ) ;
#1738 = ORIENTED_EDGE ( 'NONE', *, *, #2613, .T. ) ;
#1739 = ADVANCED_FACE ( 'NONE', ( #746 ), #1105, .F. ) ;
#1740 = CARTESIAN_POINT ( 'NONE',  ( 38.04464849366902968, 0.000000000000000000, 0.000000000000000000 ) ) ;
#1741 = ORIENTED_EDGE ( 'NONE', *, *, #1895, .F. ) ;
#1742 = EDGE_CURVE ( 'NONE', #854, #2542, #2888, .T. ) ;
#1743 = VERTEX_POINT ( 'NONE', #771 ) ;
#1744 = AXIS2_PLACEMENT_3D ( 'NONE', #696, #957, #713 ) ;
#1745 = CARTESIAN_POINT ( 'NONE',  ( 0.000000000000000000, -9.525000000000057199, 6.550000000000001599 ) ) ;
#1746 = CARTESIAN_POINT ( 'NONE',  ( 8.248891971046772298, 4.762500000000010836, 17.60000000000000142 ) ) ;
#1747 = ADVANCED_FACE ( 'NONE', ( #759 ), #2483, .F. ) ;
#1748 = CARTESIAN_POINT ( 'NONE',  ( 4.609918769206960754, -9.524999999999947065, 0.5940076071407596192 ) ) ;
#1749 = FACE_OUTER_BOUND ( 'NONE', #1844, .T. ) ;
#1750 = CARTESIAN_POINT ( 'NONE',  ( -8.482244080906840011, 4.358322289668973504, 17.60000000000000853 ) ) ;
#1751 = LINE ( 'NONE', #2527, #635 ) ;
#1752 = APPROVAL_PERSON_ORGANIZATION ( #1141, #1389, #1414 ) ;
#1753 = CARTESIAN_POINT ( 'NONE',  ( 8.716642953600702626, -3.952331532926411040, 17.57989171664803152 ) ) ;
#1754 = ORIENTED_EDGE ( 'NONE', *, *, #1224, .T. ) ;
#1755 =( LENGTH_UNIT ( ) NAMED_UNIT ( * ) SI_UNIT ( .MILLI., .METRE. ) );
#1756 = ORIENTED_EDGE ( 'NONE', *, *, #47, .F. ) ;
#1757 = CARTESIAN_POINT ( 'NONE',  ( 0.000000000000000000, -9.525000000000057199, 6.550000000000001599 ) ) ;
#1758 = CARTESIAN_POINT ( 'NONE',  ( 0.7075251445112169524, -6.401905303247656498, 6.318870072111342218 ) ) ;
#1759 = ADVANCED_FACE ( 'NONE', ( #2023 ), #1765, .F. ) ;
#1760 = CARTESIAN_POINT ( 'NONE',  ( 0.000000000000000000, 0.000000000000000000, 0.000000000000000000 ) ) ;
#1761 = DIRECTION ( 'NONE',  ( -0.000000000000000000, -0.000000000000000000, -1.000000000000000000 ) ) ;
#1762 = TOROIDAL_SURFACE ( 'NONE', #1698, 3.675000000000316902, 0.4999999999999449329 ) ;
#1763 = LINE ( 'NONE', #2921, #822 ) ;
#1764 = CC_DESIGN_DATE_AND_TIME_ASSIGNMENT ( #852, #3059, ( #2303 ) ) ;
#1765 = PLANE ( 'NONE',  #2988 ) ;
#1766 = VECTOR ( 'NONE', #1454, 1000.000000000000227 ) ;
#1767 = ORIENTED_EDGE ( 'NONE', *, *, #338, .F. ) ;
#1768 = EDGE_CURVE ( 'NONE', #1743, #2828, #2239, .T. ) ;
#1769 = APPROVAL ( #724, '未指定' ) ;
#1770 = CIRCLE ( 'NONE', #1359, 14.99999999999834799 ) ;
#1771 = VERTEX_POINT ( 'NONE', #60 ) ;
#1772 = PERSON_AND_ORGANIZATION_ROLE ( 'design_supplier' ) ;
#1773 = VERTEX_POINT ( 'NONE', #2981 ) ;
#1774 = DIRECTION ( 'NONE',  ( -1.000000000000000000, -0.000000000000000000, -0.000000000000000000 ) ) ;
#1775 = CARTESIAN_POINT ( 'NONE',  ( 0.000000000000000000, 0.000000000000000000, 0.000000000000000000 ) ) ;
#1776 = AXIS2_PLACEMENT_3D ( 'NONE', #1924, #2401, #2451 ) ;
#1777 = TOROIDAL_SURFACE ( 'NONE', #1613, 8.199999999998208722, 0.4000000000000669687 ) ;
#1778 = UNCERTAINTY_MEASURE_WITH_UNIT (LENGTH_MEASURE( 1.000000000000000082E-05 ), #1755, 'distance_accuracy_value', 'NONE');
#1779 = CARTESIAN_POINT ( 'NONE',  ( 38.04464849366902968, 7.715274834628325378E-16, 6.299999999999999822 ) ) ;
#1780 = DIRECTION ( 'NONE',  ( 1.000000000000000000, 0.000000000000000000, 0.000000000000000000 ) ) ;
#1781 = DIRECTION ( 'NONE',  ( 0.000000000000000000, 0.000000000000000000, 1.000000000000000000 ) ) ;
#1782 = EDGE_CURVE ( 'NONE', #239, #179, #223, .T. ) ;
#1783 = CARTESIAN_POINT ( 'NONE',  ( 0.000000000000000000, 0.000000000000000000, 0.000000000000000000 ) ) ;
#1784 = CONICAL_SURFACE ( 'NONE', #2334, 6.440000000000000391, 0.7853981633974482790 ) ;
#1785 = ORIENTED_EDGE ( 'NONE', *, *, #1232, .T. ) ;
#1786 = SHAPE_REPRESENTATION ( '316-GN-FMR4', ( #1962 ), #722 ) ;
#1787 = CONICAL_SURFACE ( 'NONE', #1115, 14.77764571352868650, 1.308996938995556025 ) ;
#1788 = B_SPLINE_CURVE_WITH_KNOTS ( 'NONE', 3,
 ( #1036, #2978, #317, #2740, #283, #769 ),
 .UNSPECIFIED., .F., .F.,
 ( 4, 2, 4 ),
 ( 2.380730676603623923E-07, 0.002782414026671789758, 0.005564589980275918592 ),
 .UNSPECIFIED. ) ;
#1789 = EDGE_CURVE ( 'NONE', #2828, #2542, #1751, .T. ) ;
#1790 = ORIENTED_EDGE ( 'NONE', *, *, #641, .T. ) ;
#1791 = CALENDAR_DATE ( 2025, 5, 7 ) ;
#1792 = ORIENTED_EDGE ( 'NONE', *, *, #320, .T. ) ;
#1793 = COORDINATED_UNIVERSAL_TIME_OFFSET ( 8, 0, .AHEAD. ) ;
#1794 = CIRCLE ( 'NONE', #383, 14.77764571352868650 ) ;
#1795 = CYLINDRICAL_SURFACE ( 'NONE', #676, 2.299999999999999822 ) ;
#1796 = DIRECTION ( 'NONE',  ( 0.000000000000000000, 0.000000000000000000, 1.000000000000000000 ) ) ;
#1797 = VECTOR ( 'NONE', #2638, 1000.000000000000114 ) ;
#1798 = AXIS2_PLACEMENT_3D ( 'NONE', #1665, #939, #1923 ) ;
#1799 = DIRECTION ( 'NONE',  ( -1.000000000000000000, -0.000000000000000000, -0.000000000000000000 ) ) ;
#1800 = ADVANCED_FACE ( 'NONE', ( #116 ), #65, .F. ) ;
#1801 = DIRECTION ( 'NONE',  ( 0.000000000000000000, 0.000000000000000000, 1.000000000000000000 ) ) ;
#1802 = DIRECTION ( 'NONE',  ( 3.627636301412553852E-15, -1.000000000000000000, 0.000000000000000000 ) ) ;
#1803 = AXIS2_PLACEMENT_3D ( 'NONE', #265, #2217, #11 ) ;
#1804 = CARTESIAN_POINT ( 'NONE',  ( 0.000000000000000000, 0.000000000000000000, 17.60000000000000142 ) ) ;
#1805 = EDGE_CURVE ( 'NONE', #2767, #2820, #536, .T. ) ;
#1806 = LOCAL_TIME ( 17, 44, 26.00000000000000000, #2625 ) ;
#1807 = CARTESIAN_POINT ( 'NONE',  ( 0.000000000000000000, 0.000000000000000000, 0.000000000000000000 ) ) ;
#1808 = ORIENTED_EDGE ( 'NONE', *, *, #1109, .F. ) ;
#1809 = APPROVAL_ROLE ( '' ) ;
#1810 = ORIENTED_EDGE ( 'NONE', *, *, #1464, .T. ) ;
#1811 = ITEM_DEFINED_TRANSFORMATION ( 'NONE', 'NONE', #2416,  #1962 ) ;
#1812 = DIRECTION ( 'NONE',  ( -1.000000000000000000, -0.000000000000000000, -0.000000000000000000 ) ) ;
#1813 = CARTESIAN_POINT ( 'NONE',  ( 39.64464849366903110, 0.000000000000000000, 4.371659367082225245 ) ) ;
#1814 = CONICAL_SURFACE ( 'NONE', #1495, 13.41771913849730069, 1.047197551196595633 ) ;
#1815 = ORIENTED_EDGE ( 'NONE', *, *, #2463, .T. ) ;
#1816 = DESIGN_CONTEXT ( 'detailed design', #427, 'design' ) ;
#1817 = LINE ( 'NONE', #2788, #118 ) ;
#1818 = CARTESIAN_POINT ( 'NONE',  ( -0.9201755227901118328, 6.374834636609563177, 4.693824413990621558 ) ) ;
#1819 = EDGE_CURVE ( 'NONE', #2054, #818, #488, .T. ) ;
#1820 = FACE_OUTER_BOUND ( 'NONE', #1017, .T. ) ;
#1821 = ORIENTED_EDGE ( 'NONE', *, *, #892, .F. ) ;
#1822 = DATE_TIME_ROLE ( 'creation_date' ) ;
#1823 = CONICAL_SURFACE ( 'NONE', #2682, 13.41771913849730069, 1.047197551196595633 ) ;
#1824 = ORIENTED_EDGE ( 'NONE', *, *, #2901, .T. ) ;
#1825 = APPROVAL_STATUS ( 'not_yet_approved' ) ;
#1826 = CARTESIAN_POINT ( 'NONE',  ( -0.1502322048931625520, -6.440000000000000391, 4.250000000000001776 ) ) ;
#1827 = PLANE ( 'NONE',  #1015 ) ;
#1828 = VERTEX_POINT ( 'NONE', #787 ) ;
#1829 = FACE_OUTER_BOUND ( 'NONE', #298, .T. ) ;
#1830 = SHAPE_DEFINITION_REPRESENTATION ( #1616, #2753 ) ;
#1831 = FACE_OUTER_BOUND ( 'NONE', #2342, .T. ) ;
#1832 = VERTEX_POINT ( 'NONE', #2498 ) ;
#1833 = PERSON_AND_ORGANIZATION ( #312, #1545 ) ;
#1834 = EDGE_CURVE ( 'NONE', #2143, #1107, #952, .T. ) ;
#1835 = ORIENTED_EDGE ( 'NONE', *, *, #1321, .T. ) ;
#1836 = DIRECTION ( 'NONE',  ( -1.000000000000000000, -0.000000000000000000, -0.000000000000000000 ) ) ;
#1837 = LINE ( 'NONE', #588, #2392 ) ;
#1838 = EDGE_LOOP ( 'NONE', ( #1754, #888 ) ) ;
#1839 = CARTESIAN_POINT ( 'NONE',  ( 0.000000000000000000, 0.000000000000000000, 0.000000000000000000 ) ) ;
#1840 = ADVANCED_FACE ( 'NONE', ( #805 ), #2488, .T. ) ;
#1841 = APPROVAL_STATUS ( 'not_yet_approved' ) ;
#1842 = DIRECTION ( 'NONE',  ( 0.000000000000000000, 0.000000000000000000, 1.000000000000000000 ) ) ;
#1843 = ORIENTED_EDGE ( 'NONE', *, *, #151, .F. ) ;
#1844 = EDGE_LOOP ( 'NONE', ( #1979, #216, #778, #2824 ) ) ;
#1845 = PERSON_AND_ORGANIZATION ( #312, #1545 ) ;
#1846 = ORIENTED_EDGE ( 'NONE', *, *, #2439, .T. ) ;
#1847 = SECURITY_CLASSIFICATION ( '', '', #2015 ) ;
#1848 = DIRECTION ( 'NONE',  ( 0.000000000000000000, 0.000000000000000000, -1.000000000000000000 ) ) ;
#1849 = AXIS2_PLACEMENT_3D ( 'NONE', #737, #970, #1727 ) ;
#1850 = EDGE_LOOP ( 'NONE', ( #1810, #108 ) ) ;
#1851 = DIRECTION ( 'NONE',  ( -1.000000000000000000, -0.000000000000000000, -0.000000000000000000 ) ) ;
#1852 = CARTESIAN_POINT ( 'NONE',  ( -1.853183372580810451, -9.525000000000018119, 0.07997378778043237602 ) ) ;
#1853 = ADVANCED_FACE ( 'NONE', ( #2099 ), #3001, .F. ) ;
#1854 = DATE_AND_TIME ( #1594, #3016 ) ;
#1855 = PLANE ( 'NONE',  #917 ) ;
#1856 = ORIENTED_EDGE ( 'NONE', *, *, #482, .F. ) ;
#1857 = EDGE_LOOP ( 'NONE', ( #2180, #3166, #2049, #1466 ) ) ;
#1858 = COORDINATED_UNIVERSAL_TIME_OFFSET ( 8, 0, .AHEAD. ) ;
#1859 = EDGE_CURVE ( 'NONE', #1165, #2518, #2597, .T. ) ;
#1860 = ORIENTED_EDGE ( 'NONE', *, *, #895, .F. ) ;
#1861 = ADVANCED_FACE ( 'NONE', ( #1904 ), #3090, .T. ) ;
#1862 = DIRECTION ( 'NONE',  ( 0.000000000000000000, 0.000000000000000000, 1.000000000000000000 ) ) ;
#1863 = AXIS2_PLACEMENT_3D ( 'NONE', #1732, #2709, #2198 ) ;
#1864 = DIRECTION ( 'NONE',  ( 0.000000000000000000, 0.000000000000000000, 1.000000000000000000 ) ) ;
#1865 = ORIENTED_EDGE ( 'NONE', *, *, #2910, .F. ) ;
#1866 = DIRECTION ( 'NONE',  ( -0.000000000000000000, 1.000000000000000000, 1.224646799147353207E-16 ) ) ;
#1867 = PRODUCT_DEFINITION_SHAPE ( 'NONE', 'NONE',  #3181 ) ;
#1868 = CARTESIAN_POINT ( 'NONE',  ( -3.688409626074399483, -9.525000000000041211, 0.3759314465276654138 ) ) ;
#1869 = ADVANCED_FACE ( 'NONE', ( #1386 ), #2181, .F. ) ;
#1870 = LINE ( 'NONE', #2836, #2460 ) ;
#1871 = PERSON_AND_ORGANIZATION ( #1090, #2413 ) ;
#1872 = CARTESIAN_POINT ( 'NONE',  ( 6.440000000000000391, 7.886725386508954940E-16, 17.60000000000000142 ) ) ;
#1873 = VECTOR ( 'NONE', #1022, 1000.000000000000000 ) ;
#1874 = ORIENTED_EDGE ( 'NONE', *, *, #1895, .T. ) ;
#1875 = AXIS2_PLACEMENT_3D ( 'NONE', #535, #2275, #1519 ) ;
#1876 = ORIENTED_EDGE ( 'NONE', *, *, #2147, .F. ) ;
#1877 = PRODUCT ( '316L-GJS-MR4-TB4-6', '316L-GJS-MR4-TB4-6', '', ( #1157 ) ) ;
#1878 = PERSON_AND_ORGANIZATION ( #312, #1545 ) ;
#1879 = VERTEX_POINT ( 'NONE', #2166 ) ;
#1880 = EDGE_CURVE ( 'NONE', #450, #2471, #420, .T. ) ;
#1881 = DIRECTION ( 'NONE',  ( 0.000000000000000000, 0.000000000000000000, 1.000000000000000000 ) ) ;
#1882 = DIRECTION ( 'NONE',  ( -0.8660254037844372643, 6.123233995736794386E-17, -0.5000000000000023315 ) ) ;
#1883 = LINE ( 'NONE', #1622, #2140 ) ;
#1884 = ORIENTED_EDGE ( 'NONE', *, *, #1411, .F. ) ;
#1885 = DIRECTION ( 'NONE',  ( 0.9396926207859104263, 4.188538737676919658E-17, 0.3420201433256628842 ) ) ;
#1886 = DIRECTION ( 'NONE',  ( -1.000000000000000000, 0.000000000000000000, -0.000000000000000000 ) ) ;
#1887 = CARTESIAN_POINT ( 'NONE',  ( -8.248891971046740323, -4.762500000000066791, 0.000000000000000000 ) ) ;
#1888 = DIRECTION ( 'NONE',  ( -0.000000000000000000, -0.000000000000000000, -1.000000000000000000 ) ) ;
#1889 = PERSON_AND_ORGANIZATION_ROLE ( 'creator' ) ;
#1890 = CARTESIAN_POINT ( 'NONE',  ( -1.853183372579807697, 9.524999999999993250, 0.07997378778030780899 ) ) ;
#1891 = ORIENTED_EDGE ( 'NONE', *, *, #2037, .F. ) ;
#1892 = CYLINDRICAL_SURFACE ( 'NONE', #2500, 2.300000000000412825 ) ;
#1893 = CIRCLE ( 'NONE', #2298, 4.371659367082224357 ) ;
#1894 = VERTEX_POINT ( 'NONE', #3054 ) ;
#1895 = EDGE_CURVE ( 'NONE', #2403, #555, #1149, .T. ) ;
#1896 = SHAPE_DEFINITION_REPRESENTATION ( #2117, #1786 ) ;
#1897 = EDGE_LOOP ( 'NONE', ( #193, #1544, #2043, #2769 ) ) ;
#1898 = CARTESIAN_POINT ( 'NONE',  ( 37.84464849366903394, 6.949870585161229716E-16, -5.674999999999999822 ) ) ;
#1899 = CARTESIAN_POINT ( 'NONE',  ( 35.04464849366903678, 3.946032027681970862E-16, -3.222179676972455997 ) ) ;
#1900 = AXIS2_PLACEMENT_3D ( 'NONE', #1760, #730, #1021 ) ;
#1901 = CARTESIAN_POINT ( 'NONE',  ( 9.525000000000000355, 0.000000000000000000, 0.000000000000000000 ) ) ;
#1902 = ORIENTED_EDGE ( 'NONE', *, *, #2991, .T. ) ;
#1903 = FACE_BOUND ( 'NONE', #2702, .T. ) ;
#1904 = FACE_OUTER_BOUND ( 'NONE', #2745, .T. ) ;
#1905 = CC_DESIGN_APPROVAL ( #1389, ( #2860 ) ) ;
#1906 = EDGE_CURVE ( 'NONE', #1879, #1140, #1302, .T. ) ;
#1907 = CARTESIAN_POINT ( 'NONE',  ( 2.332295471198202907, -9.524999999999971934, 17.44325433951765092 ) ) ;
#1908 = EDGE_CURVE ( 'NONE', #987, #1773, #777, .T. ) ;
#1909 = CARTESIAN_POINT ( 'NONE',  ( 43.34464849366903394, 0.000000000000000000, 0.000000000000000000 ) ) ;
#1910 = DIRECTION ( 'NONE',  ( 1.000000000000000000, 0.000000000000000000, 0.000000000000000000 ) ) ;
#1911 = ORIENTED_EDGE ( 'NONE', *, *, #2813, .F. ) ;
#1912 = LINE ( 'NONE', #1724, #684 ) ;
#1913 = DATE_AND_TIME ( #2127, #37 ) ;
#1914 = ORIENTED_EDGE ( 'NONE', *, *, #1506, .T. ) ;
#1915 = CARTESIAN_POINT ( 'NONE',  ( 8.248891971046839799, -4.762499999999971756, 17.60000000000000142 ) ) ;
#1916 = CARTESIAN_POINT ( 'NONE',  ( 17.10000000000100329, 2.816687638039417913E-16, 2.300000000000412825 ) ) ;
#1917 = AXIS2_PLACEMENT_3D ( 'NONE', #2809, #2113, #845 ) ;
#1918 = ORIENTED_EDGE ( 'NONE', *, *, #1499, .F. ) ;
#1919 = DIRECTION ( 'NONE',  ( 0.000000000000000000, -1.000000000000000000, 0.000000000000000000 ) ) ;
#1920 = DIRECTION ( 'NONE',  ( 0.000000000000000000, 0.000000000000000000, 1.000000000000000000 ) ) ;
#1921 = AXIS2_PLACEMENT_3D ( 'NONE', #2873, #2222, #1978 ) ;
#1922 = DIRECTION ( 'NONE',  ( -1.000000000000000000, 0.000000000000000000, -0.000000000000000000 ) ) ;
#1923 = DIRECTION ( 'NONE',  ( 0.000000000000000000, 0.000000000000000000, -1.000000000000000000 ) ) ;
#1924 = CARTESIAN_POINT ( 'NONE',  ( -8.475000000000001421, 1.037888162277381998E-15, -2.200000000000000178 ) ) ;
#1925 = LINE ( 'NONE', #1872, #3049 ) ;
#1926 = B_SPLINE_CURVE_WITH_KNOTS ( 'NONE', 3,
 ( #596, #343, #3017, #2779, #379, #1337, #3042, #823 ),
 .UNSPECIFIED., .F., .F.,
 ( 4, 2, 2, 4 ),
 ( 0.005564589980275985379, 0.006950476802621102096, 0.008336363624966217079, 0.01110813726965644531 ),
 .UNSPECIFIED. ) ;
#1927 = ORIENTED_EDGE ( 'NONE', *, *, #3005, .F. ) ;
#1928 = FACE_OUTER_BOUND ( 'NONE', #1681, .T. ) ;
#1929 = AXIS2_PLACEMENT_3D ( 'NONE', #1485, #2714, #266 ) ;
#1930 = ORIENTED_EDGE ( 'NONE', *, *, #1442, .F. ) ;
#1931 = AXIS2_PLACEMENT_3D ( 'NONE', #1202, #2184, #186 ) ;
#1932 = AXIS2_PLACEMENT_3D ( 'NONE', #2624, #3144, #2169 ) ;
#1933 = CARTESIAN_POINT ( 'NONE',  ( 39.71305252233416638, 0.000000000000000000, 0.000000000000000000 ) ) ;
#1934 = ADVANCED_FACE ( 'NONE', ( #1406 ), #314, .F. ) ;
#1935 = DIRECTION ( 'NONE',  ( 0.000000000000000000, 0.000000000000000000, 1.000000000000000000 ) ) ;
#1936 = ORIENTED_EDGE ( 'NONE', *, *, #2923, .T. ) ;
#1937 = AXIS2_PLACEMENT_3D ( 'NONE', #3160, #2465, #1254 ) ;
#1938 = FACE_OUTER_BOUND ( 'NONE', #947, .T. ) ;
#1939 = DIRECTION ( 'NONE',  ( 0.000000000000000000, 0.000000000000000000, 1.000000000000000000 ) ) ;
#1940 = CARTESIAN_POINT ( 'NONE',  ( 35.44464849366902826, 6.827405905246493187E-16, 5.474999999999998757 ) ) ;
#1941 = AXIS2_PLACEMENT_3D ( 'NONE', #1684, #3102, #2341 ) ;
#1942 = CARTESIAN_POINT ( 'NONE',  ( 0.000000000000000000, 0.000000000000000000, -0.5000000000000143219 ) ) ;
#1943 = DIRECTION ( 'NONE',  ( -1.000000000000000000, -0.000000000000000000, -0.000000000000000000 ) ) ;
#1944 = CARTESIAN_POINT ( 'NONE',  ( 0.000000000000000000, 0.000000000000000000, 15.35253755750896687 ) ) ;
#1945 = VECTOR ( 'NONE', #1353, 1000.000000000000000 ) ;
#1946 = LINE ( 'NONE', #1243, #358 ) ;
#1947 = CIRCLE ( 'NONE', #3161, 9.525000000000002132 ) ;
#1948 = AXIS2_PLACEMENT_3D ( 'NONE', #429, #2628, #180 ) ;
#1949 = CARTESIAN_POINT ( 'NONE',  ( 16.94042034850728840, 0.000000000000000000, 14.77764571352868650 ) ) ;
#1950 = APPLICATION_PROTOCOL_DEFINITION ( 'international standard', 'config_control_design', 1994, #89 ) ;
#1951 = EDGE_CURVE ( 'NONE', #616, #275, #1207, .T. ) ;
#1952 = EDGE_LOOP ( 'NONE', ( #505, #2504, #2660, #2587 ) ) ;
#1953 = VECTOR ( 'NONE', #2619, 1000.000000000000000 ) ;
#1954 = CARTESIAN_POINT ( 'NONE',  ( 10.99852262806237846, 0.000000000000000000, 17.60000000000000142 ) ) ;
#1955 = LINE ( 'NONE', #468, #1766 ) ;
#1956 = APPROVAL_PERSON_ORGANIZATION ( #1361, #1680, #925 ) ;
#1957 = FACE_OUTER_BOUND ( 'NONE', #1713, .T. ) ;
#1958 = DIRECTION ( 'NONE',  ( 0.000000000000000000, 0.000000000000000000, 1.000000000000000000 ) ) ;
#1959 = DIRECTION ( 'NONE',  ( -0.000000000000000000, -0.000000000000000000, -1.000000000000000000 ) ) ;
#1960 = EDGE_CURVE ( 'NONE', #2369, #1773, #2119, .T. ) ;
#1961 = ORIENTED_EDGE ( 'NONE', *, *, #2317, .F. ) ;
#1962 = AXIS2_PLACEMENT_3D ( 'NONE', #1383, #2360, #1146 ) ;
#1963 = CYLINDRICAL_SURFACE ( 'NONE', #1932, 8.599999999998386713 ) ;
#1964 = ORIENTED_EDGE ( 'NONE', *, *, #1404, .T. ) ;
#1965 = AXIS2_PLACEMENT_3D ( 'NONE', #14, #30, #994 ) ;
#1966 = CARTESIAN_POINT ( 'NONE',  ( 0.1522566715715885644, 6.440000000000002167, 6.550000000000003375 ) ) ;
#1967 = ORIENTED_EDGE ( 'NONE', *, *, #1224, .F. ) ;
#1968 = PRODUCT_DEFINITION ( '未知', '', #194, #516 ) ;
#1969 = DIRECTION ( 'NONE',  ( 0.000000000000000000, 0.000000000000000000, -1.000000000000000000 ) ) ;
#1970 = LINE ( 'NONE', #953, #2131 ) ;
#1971 = AXIS2_PLACEMENT_3D ( 'NONE', #863, #2344, #1608 ) ;
#1972 = CYLINDRICAL_SURFACE ( 'NONE', #1803, 1.149999999999999911 ) ;
#1973 = CIRCLE ( 'NONE', #1604, 14.69999999999904716 ) ;
#1974 = CARTESIAN_POINT ( 'NONE',  ( 17.40000000000030411, 0.000000000000000000, 0.000000000000000000 ) ) ;
#1975 = FACE_OUTER_BOUND ( 'NONE', #961, .T. ) ;
#1976 = FACE_OUTER_BOUND ( 'NONE', #1897, .T. ) ;
#1977 = ADVANCED_FACE ( 'NONE', ( #1422 ), #1560, .T. ) ;
#1978 = DIRECTION ( 'NONE',  ( 1.000000000000000000, 0.000000000000000000, 0.000000000000000000 ) ) ;
#1979 = ORIENTED_EDGE ( 'NONE', *, *, #2883, .F. ) ;
#1980 = DIRECTION ( 'NONE',  ( -1.000000000000000000, -0.000000000000000000, -0.000000000000000000 ) ) ;
#1981 = EDGE_LOOP ( 'NONE', ( #1590, #2059, #762, #868 ) ) ;
#1982 = ORIENTED_EDGE ( 'NONE', *, *, #1667, .T. ) ;
#1983 = CIRCLE ( 'NONE', #1514, 8.475000000000001421 ) ;
#1984 = ADVANCED_FACE ( 'NONE', ( #1689 ), #2415, .T. ) ;
#1985 = DIRECTION ( 'NONE',  ( -0.000000000000000000, -0.000000000000000000, -1.000000000000000000 ) ) ;
#1986 = CARTESIAN_POINT ( 'NONE',  ( 43.34464849366903394, 5.449678256205720798E-16, -4.449999999999999289 ) ) ;
#1987 = DIRECTION ( 'NONE',  ( -1.000000000000000000, -0.000000000000000000, -0.000000000000000000 ) ) ;
#1988 = CARTESIAN_POINT ( 'NONE',  ( -0.1522951446682494492, 6.439999999999998614, 6.550000000000000711 ) ) ;
#1989 = VECTOR ( 'NONE', #2161, 1000.000000000000000 ) ;
#1990 = FACE_OUTER_BOUND ( 'NONE', #261, .T. ) ;
#1991 = DIRECTION ( 'NONE',  ( 1.000000000000000000, 3.627636301412553852E-15, 0.000000000000000000 ) ) ;
#1992 = VERTEX_POINT ( 'NONE', #2396 ) ;
#1993 = DIRECTION ( 'NONE',  ( -1.000000000000000000, -0.000000000000000000, -0.000000000000000000 ) ) ;
#1994 = EDGE_LOOP ( 'NONE', ( #576, #1653, #2320 ) ) ;
#1995 =( NAMED_UNIT ( * ) PLANE_ANGLE_UNIT ( ) SI_UNIT ( $, .RADIAN. ) );
#1996 = ADVANCED_FACE ( 'NONE', ( #201 ), #1044, .T. ) ;
#1997 = B_SPLINE_CURVE_WITH_KNOTS ( 'NONE', 3,
 ( #2061, #1826, #3023, #2784, #3034, #364, #2093, #586, #1331, #1144, #1111, #1587, #3048, #348, #1129, #2358, #2545, #1345 ),
 .UNSPECIFIED., .F., .F.,
 ( 4, 2, 2, 2, 2, 2, 2, 2, 4 ),
 ( 0.003602655405422856491, 0.004052873567370793816, 0.004503091729318731140, 0.004953309891266669332, 0.005403528053214606656, 0.005853746215162543981, 0.006303964377110482173, 0.006754182539058418630, 0.007204400701006357689 ),
 .UNSPECIFIED. ) ;
#1998 = ORIENTED_EDGE ( 'NONE', *, *, #833, .F. ) ;
#1999 = VECTOR ( 'NONE', #915, 1000.000000000000000 ) ;
#2000 = FACE_OUTER_BOUND ( 'NONE', #914, .T. ) ;
#2001 = CARTESIAN_POINT ( 'NONE',  ( 5.947941525219425429, 8.747863077871224746, 17.00830695474097354 ) ) ;
#2002 = APPROVAL ( #1825, 'UNKNOWN' ) ;
#2003 = DIRECTION ( 'NONE',  ( 0.000000000000000000, 0.000000000000000000, 1.000000000000000000 ) ) ;
#2004 = CARTESIAN_POINT ( 'NONE',  ( -4.549999999999999822, 5.572142936120457327E-16, -2.499999999999996003 ) ) ;
#2005 = DIRECTION ( 'NONE',  ( -1.000000000000000000, -0.000000000000000000, -0.000000000000000000 ) ) ;
#2006 = ADVANCED_FACE ( 'NONE', ( #3071 ), #624, .T. ) ;
#2007 = LOCAL_TIME ( 17, 44, 26.00000000000000000, #2319 ) ;
#2008 = EDGE_CURVE ( 'NONE', #655, #2403, #1973, .T. ) ;
#2009 = CYLINDRICAL_SURFACE ( 'NONE', #366, 4.449999999999999289 ) ;
#2010 = ORIENTED_EDGE ( 'NONE', *, *, #1556, .T. ) ;
#2011 =( GEOMETRIC_REPRESENTATION_CONTEXT ( 3 ) GLOBAL_UNCERTAINTY_ASSIGNED_CONTEXT ( ( #3013 ) ) GLOBAL_UNIT_ASSIGNED_CONTEXT ( ( #1322, #1662, #931 ) ) REPRESENTATION_CONTEXT ( 'NONE', 'WORKASPACE' ) );
#2012 = ORIENTED_EDGE ( 'NONE', *, *, #2588, .F. ) ;
#2013 = COORDINATED_UNIVERSAL_TIME_OFFSET ( 8, 0, .AHEAD. ) ;
#2014 = ORIENTED_EDGE ( 'NONE', *, *, #2317, .T. ) ;
#2015 = SECURITY_CLASSIFICATION_LEVEL ( 'unclassified' ) ;
#2016 = DIRECTION ( 'NONE',  ( -0.000000000000000000, 1.000000000000000000, -0.000000000000000000 ) ) ;
#2017 = EDGE_CURVE ( 'NONE', #569, #2645, #1721, .T. ) ;
#2018 = DIRECTION ( 'NONE',  ( -1.000000000000000000, -0.000000000000000000, -0.000000000000000000 ) ) ;
#2019 = DIRECTION ( 'NONE',  ( 0.000000000000000000, 0.000000000000000000, 1.000000000000000000 ) ) ;
#2020 = AXIS2_PLACEMENT_3D ( 'NONE', #2887, #174, #398 ) ;
#2021 = CARTESIAN_POINT ( 'NONE',  ( -9.410626844376103861, 2.750316174468983910, 17.44444124035915777 ) ) ;
#2022 = EDGE_CURVE ( 'NONE', #385, #1631, #2724, .T. ) ;
#2023 = FACE_OUTER_BOUND ( 'NONE', #2927, .T. ) ;
#2024 = AXIS2_PLACEMENT_3D ( 'NONE', #1607, #1644, #656 ) ;
#2025 = ORIENTED_EDGE ( 'NONE', *, *, #2642, .F. ) ;
#2026 = CARTESIAN_POINT ( 'NONE',  ( 19.99999999999957367, 0.000000000000000000, 0.000000000000000000 ) ) ;
#2027 = ORIENTED_EDGE ( 'NONE', *, *, #1614, .T. ) ;
#2028 = PERSON_AND_ORGANIZATION_ROLE ( 'creator' ) ;
#2029 = VERTEX_POINT ( 'NONE', #1020 ) ;
#2030 = ADVANCED_FACE ( 'NONE', ( #2214 ), #1347, .T. ) ;
#2031 = LINE ( 'NONE', #27, #3128 ) ;
#2032 = DIRECTION ( 'NONE',  ( -0.000000000000000000, -0.000000000000000000, -1.000000000000000000 ) ) ;
#2033 = CIRCLE ( 'NONE', #2536, 5.050000000000013145 ) ;
#2034 = AXIS2_PLACEMENT_3D ( 'NONE', #1737, #45, #1298 ) ;
#2035 = UNCERTAINTY_MEASURE_WITH_UNIT (LENGTH_MEASURE( 1.000000000000000082E-05 ), #2706, 'distance_accuracy_value', 'NONE');
#2036 = DIRECTION ( 'NONE',  ( -1.000000000000000000, -0.000000000000000000, -0.000000000000000000 ) ) ;
#2037 = EDGE_CURVE ( 'NONE', #886, #2561, #212, .T. ) ;
#2038 = DIRECTION ( 'NONE',  ( -1.000000000000000000, -0.000000000000000000, -0.000000000000000000 ) ) ;
#2039 = CARTESIAN_POINT ( 'NONE',  ( -10.99852262806237846, -7.632217764024648044E-14, 16.74926131403118035 ) ) ;
#2040 = CARTESIAN_POINT ( 'NONE',  ( 0.000000000000000000, 9.525000000000019895, 5.400000000000002132 ) ) ;
#2041 = VERTEX_POINT ( 'NONE', #218 ) ;
#2042 = AXIS2_PLACEMENT_3D ( 'NONE', #1318, #1588, #2994 ) ;
#2043 = ORIENTED_EDGE ( 'NONE', *, *, #1534, .T. ) ;
#2044 = DATE_AND_TIME ( #2543, #2007 ) ;
#2045 = ORIENTED_EDGE ( 'NONE', *, *, #2370, .T. ) ;
#2046 = PLANE ( 'NONE',  #1088 ) ;
#2047 = DIRECTION ( 'NONE',  ( -1.000000000000000000, -0.000000000000000000, -0.000000000000000000 ) ) ;
#2048 = EDGE_CURVE ( 'NONE', #1140, #2471, #1955, .T. ) ;
#2049 = ORIENTED_EDGE ( 'NONE', *, *, #2540, .F. ) ;
#2050 = AXIS2_PLACEMENT_3D ( 'NONE', #2340, #1836, #1881 ) ;
#2051 = DIRECTION ( 'NONE',  ( -1.000000000000000000, -0.000000000000000000, -0.000000000000000000 ) ) ;
#2052 = CARTESIAN_POINT ( 'NONE',  ( 38.04464849366902968, 7.715274834628325378E-16, 6.299999999999999822 ) ) ;
#2053 = ADVANCED_FACE ( 'NONE', ( #2668 ), #3139, .T. ) ;
#2054 = VERTEX_POINT ( 'NONE', #2477 ) ;
#2055 = B_SPLINE_CURVE_WITH_KNOTS ( 'NONE', 3,
 ( #701, #3149, #2453, #1676, #238, #2206 ),
 .UNSPECIFIED., .F., .F.,
 ( 4, 2, 4 ),
 ( 2.380730676605472043E-07, 0.002782414026671824452, 0.005564589980275988848 ),
 .UNSPECIFIED. ) ;
#2056 = LOCAL_TIME ( 17, 44, 26.00000000000000000, #2293 ) ;
#2057 = VERTEX_POINT ( 'NONE', #1482 ) ;
#2058 = COORDINATED_UNIVERSAL_TIME_OFFSET ( 8, 0, .AHEAD. ) ;
#2059 = ORIENTED_EDGE ( 'NONE', *, *, #1460, .F. ) ;
#2060 = CALENDAR_DATE ( 2025, 5, 7 ) ;
#2061 = CARTESIAN_POINT ( 'NONE',  ( 1.408343061269071072E-16, -6.440000000000000391, 4.250000000000001776 ) ) ;
#2062 = DIRECTION ( 'NONE',  ( -0.000000000000000000, -0.000000000000000000, -1.000000000000000000 ) ) ;
#2063 = CIRCLE ( 'NONE', #3176, 4.549999999999999822 ) ;
#2064 = CC_DESIGN_PERSON_AND_ORGANIZATION_ASSIGNMENT ( #1378, #1599, ( #817 ) ) ;
#2065 = ORIENTED_EDGE ( 'NONE', *, *, #926, .F. ) ;
#2066 = DIRECTION ( 'NONE',  ( -0.000000000000000000, 1.000000000000000000, -0.000000000000000000 ) ) ;
#2067 = ADVANCED_FACE ( 'NONE', ( #1222 ), #2821, .T. ) ;
#2068 = CIRCLE ( 'NONE', #351, 4.549999999999999822 ) ;
#2069 = CALENDAR_DATE ( 2025, 5, 7 ) ;
#2070 = DIRECTION ( 'NONE',  ( -1.000000000000000000, -1.056746226933222168E-14, 0.000000000000000000 ) ) ;
#2071 = EDGE_CURVE ( 'NONE', #1828, #2615, #10, .T. ) ;
#2072 = AXIS2_PLACEMENT_3D ( 'NONE', #2598, #1645, #392 ) ;
#2073 = EDGE_LOOP ( 'NONE', ( #332, #2092, #2279, #1843 ) ) ;
#2074 = CALENDAR_DATE ( 2025, 5, 7 ) ;
#2075 = VERTEX_POINT ( 'NONE', #1986 ) ;
#2076 = COORDINATED_UNIVERSAL_TIME_OFFSET ( 8, 0, .AHEAD. ) ;
#2077 = AXIS2_PLACEMENT_3D ( 'NONE', #1413, #2676, #3129 ) ;
#2078 = CARTESIAN_POINT ( 'NONE',  ( 52.94464849366903536, 0.000000000000000000, 0.000000000000000000 ) ) ;
#2079 = ADVANCED_FACE ( 'NONE', ( #2723 ), #2630, .T. ) ;
#2080 = ORIENTED_EDGE ( 'NONE', *, *, #1534, .F. ) ;
#2081 = FACE_OUTER_BOUND ( 'NONE', #2529, .T. ) ;
#2082 = CIRCLE ( 'NONE', #788, 9.275000000000002132 ) ;
#2083 = AXIS2_PLACEMENT_3D ( 'NONE', #2997, #2945, #3015 ) ;
#2084 = CONTEXT_DEPENDENT_SHAPE_REPRESENTATION ( #3004, #147 ) ;
#2085 = FACE_BOUND ( 'NONE', #3103, .T. ) ;
#2086 = VERTEX_POINT ( 'NONE', #2943 ) ;
#2087 = CARTESIAN_POINT ( 'NONE',  ( 39.64464849366903110, 0.000000000000000000, 0.000000000000000000 ) ) ;
#2088 = AXIS2_PLACEMENT_3D ( 'NONE', #220, #3177, #1225 ) ;
#2089 = ORIENTED_EDGE ( 'NONE', *, *, #1499, .T. ) ;
#2090 = CALENDAR_DATE ( 2025, 5, 7 ) ;
#2091 = VECTOR ( 'NONE', #3118, 1000.000000000000000 ) ;
#2092 = ORIENTED_EDGE ( 'NONE', *, *, #2982, .T. ) ;
#2093 = CARTESIAN_POINT ( 'NONE',  ( -1.003954952568888226, -6.361534929019632578, 4.819166320102816314 ) ) ;
#2094 = FACE_OUTER_BOUND ( 'NONE', #1395, .T. ) ;
#2095 = CARTESIAN_POINT ( 'NONE',  ( 17.40000000000030411, 3.184081677782767641E-16, 2.599999999999713651 ) ) ;
#2096 = EDGE_CURVE ( 'NONE', #616, #1165, #1412, .T. ) ;
#2097 = ORIENTED_EDGE ( 'NONE', *, *, #965, .F. ) ;
#2098 = AXIS2_PLACEMENT_3D ( 'NONE', #2602, #2817, #2349 ) ;
#2099 = FACE_OUTER_BOUND ( 'NONE', #834, .T. ) ;
#2100 = DIRECTION ( 'NONE',  ( 0.000000000000000000, 0.000000000000000000, 1.000000000000000000 ) ) ;
#2101 = AXIS2_PLACEMENT_3D ( 'NONE', #519, #237, #1503 ) ;
#2102 = AXIS2_PLACEMENT_3D ( 'NONE', #933, #217, #1220 ) ;
#2103 = SECURITY_CLASSIFICATION_LEVEL ( 'unclassified' ) ;
#2104 = FACE_OUTER_BOUND ( 'NONE', #146, .T. ) ;
#2105 = ORIENTED_EDGE ( 'NONE', *, *, #475, .F. ) ;
#2106 = PRODUCT_DEFINITION ( '未知', '', #3175, #55 ) ;
#2107 = B_SPLINE_CURVE_WITH_KNOTS ( 'NONE', 3,
 ( #130, #893, #349, #929, #1130, #3069, #2321, #1639, #687, #1346, #1401, #2662, #2177, #2911, #493, #2704, #1966, #2457 ),
 .UNSPECIFIED., .F., .F.,
 ( 4, 2, 2, 2, 2, 2, 2, 2, 4 ),
 ( 0.003602655405422856925, 0.004052873567370794683, 0.004503091729318732007, 0.004953309891266669332, 0.005403528053214607524, 0.005853746215162545716, 0.006303964377110482173, 0.006754182539058420365, 0.007204400701006357689 ),
 .UNSPECIFIED. ) ;
#2108 = ADVANCED_FACE ( 'NONE', ( #1498 ), #1823, .T. ) ;
#2109 = ORIENTED_EDGE ( 'NONE', *, *, #3073, .F. ) ;
#2110 = APPLICATION_PROTOCOL_DEFINITION ( 'international standard', 'config_control_design', 1994, #427 ) ;
#2111 = ORIENTED_EDGE ( 'NONE', *, *, #1647, .F. ) ;
#2112 = LOCAL_TIME ( 17, 44, 26.00000000000000000, #1629 ) ;
#2113 = DIRECTION ( 'NONE',  ( -1.000000000000000000, -0.000000000000000000, -0.000000000000000000 ) ) ;
#2114 = FACE_OUTER_BOUND ( 'NONE', #1476, .T. ) ;
#2115 = APPROVAL_PERSON_ORGANIZATION ( #1327, #2526, #2794 ) ;
#2116 = VERTEX_POINT ( 'NONE', #2492 ) ;
#2117 = PRODUCT_DEFINITION_SHAPE ( 'NONE', 'NONE',  #1968 ) ;
#2118 = EDGE_CURVE ( 'NONE', #1565, #1832, #353, .T. ) ;
#2119 = LINE ( 'NONE', #1166, #735 ) ;
#2120 = CARTESIAN_POINT ( 'NONE',  ( 8.015539861186805837, -5.166677710330946027, 1.546385700154812783E-14 ) ) ;
#2121 = CARTESIAN_POINT ( 'NONE',  ( 35.44464849366902826, 0.000000000000000000, 4.714999999999998970 ) ) ;
#2122 = PERSON_AND_ORGANIZATION ( #2765, #607 ) ;
#2123 = DIRECTION ( 'NONE',  ( -1.000000000000000000, -0.000000000000000000, -0.000000000000000000 ) ) ;
#2124 = ORIENTED_EDGE ( 'NONE', *, *, #2071, .F. ) ;
#2125 = EDGE_CURVE ( 'NONE', #124, #385, #1970, .T. ) ;
#2126 = EDGE_LOOP ( 'NONE', ( #2795, #1808 ) ) ;
#2127 = CALENDAR_DATE ( 2025, 5, 7 ) ;
#2128 = VERTEX_POINT ( 'NONE', #741 ) ;
#2129 = DIRECTION ( 'NONE',  ( 0.000000000000000000, 0.000000000000000000, 1.000000000000000000 ) ) ;
#2130 = CARTESIAN_POINT ( 'NONE',  ( 39.71305252233416638, 0.000000000000000000, 4.183720842925042760 ) ) ;
#2131 = VECTOR ( 'NONE', #2930, 1000.000000000000114 ) ;
#2132 = CARTESIAN_POINT ( 'NONE',  ( 6.440000000000000391, 0.000000000000000000, 17.10000000000000142 ) ) ;
#2133 = ORIENTED_EDGE ( 'NONE', *, *, #798, .F. ) ;
#2134 = EDGE_CURVE ( 'NONE', #259, #1379, #2146, .T. ) ;
#2135 = CARTESIAN_POINT ( 'NONE',  ( 0.000000000000000000, 0.000000000000000000, -3.000000000000000000 ) ) ;
#2136 = CARTESIAN_POINT ( 'NONE',  ( 17.40000000000030411, 0.000000000000000000, 0.000000000000000000 ) ) ;
#2137 = CARTESIAN_POINT ( 'NONE',  ( -10.99852262806237846, -7.680227302144747393E-14, 17.60000000000000142 ) ) ;
#2138 = PERSON_AND_ORGANIZATION ( #312, #1545 ) ;
#2139 = DIRECTION ( 'NONE',  ( -1.000000000000000000, 0.000000000000000000, 0.000000000000000000 ) ) ;
#2140 = VECTOR ( 'NONE', #2594, 1000.000000000000000 ) ;
#2141 = ORIENTED_EDGE ( 'NONE', *, *, #1636, .T. ) ;
#2142 = CALENDAR_DATE ( 2025, 5, 7 ) ;
#2143 = VERTEX_POINT ( 'NONE', #2559 ) ;
#2144 = CARTESIAN_POINT ( 'NONE',  ( -6.402153650224446935, -7.961144599948655198, 0.3770952061963313007 ) ) ;
#2145 = DIRECTION ( 'NONE',  ( -1.000000000000000000, -0.000000000000000000, -0.000000000000000000 ) ) ;
#2146 = B_SPLINE_CURVE_WITH_KNOTS ( 'NONE', 3,
 ( #1265, #2243, #1705, #767, #1758, #529, #1513, #278, #2183, #54, #2255, #295, #1033, #311, #1332, #560, #36, #602 ),
 .UNSPECIFIED., .F., .F.,
 ( 4, 2, 2, 2, 2, 2, 2, 2, 4 ),
 ( 2.507948295077200006E-19, 0.0004503319256778572782, 0.0009006638513557142312, 0.001350995777033571184, 0.001801327702711428246, 0.002251659628389285524, 0.002701991554067142368, 0.003152323479744999647, 0.003602655405422856491 ),
 .UNSPECIFIED. ) ;
#2147 = EDGE_CURVE ( 'NONE', #1631, #385, #1008, .T. ) ;
#2148 =( NAMED_UNIT ( * ) PLANE_ANGLE_UNIT ( ) SI_UNIT ( $, .RADIAN. ) );
#2149 = ORIENTED_EDGE ( 'NONE', *, *, #849, .F. ) ;
#2150 = FACE_BOUND ( 'NONE', #2428, .T. ) ;
#2151 = CARTESIAN_POINT ( 'NONE',  ( 5.499261314031167025, 9.525000000000019895, 17.60000000000000142 ) ) ;
#2152 = CARTESIAN_POINT ( 'NONE',  ( 0.000000000000000000, 0.000000000000000000, 2.300000000000412825 ) ) ;
#2153 = CARTESIAN_POINT ( 'NONE',  ( 39.44464849366903536, 5.353738650859788913E-16, -4.371659367082224357 ) ) ;
#2154 = FACE_OUTER_BOUND ( 'NONE', #844, .T. ) ;
#2155 = ORIENTED_EDGE ( 'NONE', *, *, #2867, .T. ) ;
#2156 = VECTOR ( 'NONE', #2375, 1000.000000000000000 ) ;
#2157 = CARTESIAN_POINT ( 'NONE',  ( 17.80000000000026006, 1.004210375300610371E-15, -8.199999999998208722 ) ) ;
#2158 = SHAPE_DEFINITION_REPRESENTATION ( #2835, #2 ) ;
#2159 = ORIENTED_EDGE ( 'NONE', *, *, #1297, .T. ) ;
#2160 = LINE ( 'NONE', #1400, #2156 ) ;
#2161 = DIRECTION ( 'NONE',  ( -1.000000000000000000, -0.000000000000000000, -0.000000000000000000 ) ) ;
#2162 = CARTESIAN_POINT ( 'NONE',  ( -0.1502701664358707112, 6.440000000000001279, 4.250000000000002665 ) ) ;
#2163 = EDGE_LOOP ( 'NONE', ( #794, #2014, #671, #1584 ) ) ;
#2164 = CIRCLE ( 'NONE', #2816, 9.525000000000002132 ) ;
#2165 = DIRECTION ( 'NONE',  ( -1.000000000000000000, -0.000000000000000000, -0.000000000000000000 ) ) ;
#2166 = CARTESIAN_POINT ( 'NONE',  ( 36.64191054789277047, 2.816687638038912056E-16, -2.299999999999999822 ) ) ;
#2167 = LOCAL_TIME ( 17, 44, 26.00000000000000000, #158 ) ;
#2168 = CARTESIAN_POINT ( 'NONE',  ( 1.869027305898129931, -9.524999999999973710, 17.50151665157070013 ) ) ;
#2169 = DIRECTION ( 'NONE',  ( 0.000000000000000000, 0.000000000000000000, 1.000000000000000000 ) ) ;
#2170 = CARTESIAN_POINT ( 'NONE',  ( 0.000000000000000000, 0.000000000000000000, 0.000000000000000000 ) ) ;
#2171 = VERTEX_POINT ( 'NONE', #2506 ) ;
#2172 = EDGE_CURVE ( 'NONE', #2820, #2171, #1423, .T. ) ;
#2173 = DIRECTION ( 'NONE',  ( 0.000000000000000000, 0.000000000000000000, 1.000000000000000000 ) ) ;
#2174 = COORDINATED_UNIVERSAL_TIME_OFFSET ( 8, 0, .AHEAD. ) ;
#2175 = EDGE_LOOP ( 'NONE', ( #2394, #537, #2787, #590 ) ) ;
#2176 = DIRECTION ( 'NONE',  ( 0.000000000000000000, 0.000000000000000000, -1.000000000000000000 ) ) ;
#2177 = CARTESIAN_POINT ( 'NONE',  ( 0.9194116169934671845, 6.374922439345239056, 6.106793499458254004 ) ) ;
#2178 = AXIS2_PLACEMENT_3D ( 'NONE', #780, #1985, #3009 ) ;
#2179 = CARTESIAN_POINT ( 'NONE',  ( -3.455323577095457666E-14, 9.525000000000000355, 0.000000000000000000 ) ) ;
#2180 = ORIENTED_EDGE ( 'NONE', *, *, #2172, .T. ) ;
#2181 = CONICAL_SURFACE ( 'NONE', #2276, 5.050000000000002487, 0.7853981633974466137 ) ;
#2182 = DIRECTION ( 'NONE',  ( 0.000000000000000000, 0.000000000000000000, 1.000000000000000000 ) ) ;
#2183 = CARTESIAN_POINT ( 'NONE',  ( 1.149942193696761317, -6.336500055598310865, 5.550792752754645676 ) ) ;
#2184 = DIRECTION ( 'NONE',  ( -1.000000000000000000, -0.000000000000000000, -0.000000000000000000 ) ) ;
#2185 = FACE_OUTER_BOUND ( 'NONE', #799, .T. ) ;
#2186 = CARTESIAN_POINT ( 'NONE',  ( 0.000000000000000000, 0.000000000000000000, -2.200000000000000178 ) ) ;
#2187 = CARTESIAN_POINT ( 'NONE',  ( 17.23019809639365363, 0.000000000000000000, 14.99999999999834799 ) ) ;
#2188 = DIRECTION ( 'NONE',  ( 0.000000000000000000, -1.224646799147353454E-16, 1.000000000000000000 ) ) ;
#2189 = CIRCLE ( 'NONE', #890, 9.525000000000000355 ) ;
#2190 = EDGE_LOOP ( 'NONE', ( #2879, #1125, #2285 ) ) ;
#2191 = AXIS2_PLACEMENT_3D ( 'NONE', #2560, #847, #1104 ) ;
#2192 = AXIS2_PLACEMENT_3D ( 'NONE', #2440, #1191, #2173 ) ;
#2193 = LINE ( 'NONE', #2678, #264 ) ;
#2194 = DIRECTION ( 'NONE',  ( -0.9999999999999998890, -1.017949417669087835E-16, 6.808368128483252723E-17 ) ) ;
#2195 = ORIENTED_EDGE ( 'NONE', *, *, #729, .T. ) ;
#2196 = VECTOR ( 'NONE', #315, 1000.000000000000000 ) ;
#2197 = CARTESIAN_POINT ( 'NONE',  ( -10.09563029186903371, -1.563855400051479716, 17.22290479380366435 ) ) ;
#2198 = DIRECTION ( 'NONE',  ( 1.000000000000000000, 0.000000000000000000, 0.000000000000000000 ) ) ;
#2199 = EDGE_CURVE ( 'NONE', #124, #2086, #1837, .T. ) ;
#2200 = CONICAL_SURFACE ( 'NONE', #1168, 9.525000000000000355, 1.047197551196596521 ) ;
#2201 = CC_DESIGN_DATE_AND_TIME_ASSIGNMENT ( #1100, #378, ( #3116 ) ) ;
#2202 = CARTESIAN_POINT ( 'NONE',  ( 0.000000000000000000, 0.000000000000000000, 14.99999999999834799 ) ) ;
#2203 = DIRECTION ( 'NONE',  ( 0.000000000000000000, 0.000000000000000000, 1.000000000000000000 ) ) ;
#2204 = DIRECTION ( 'NONE',  ( 0.000000000000000000, 0.000000000000000000, -1.000000000000000000 ) ) ;
#2205 = CIRCLE ( 'NONE', #969, 6.299999999999999822 ) ;
#2206 = CARTESIAN_POINT ( 'NONE',  ( -8.248891971046807825, 4.762499999999953992, 0.000000000000000000 ) ) ;
#2207 = ADVANCED_FACE ( 'NONE', ( #797, #2973 ), #1827, .T. ) ;
#2208 = CIRCLE ( 'NONE', #972, 6.440000000000000391 ) ;
#2209 = CONICAL_SURFACE ( 'NONE', #80, 4.449999999999999289, 0.3490658503988596784 ) ;
#2210 = CARTESIAN_POINT ( 'NONE',  ( 0.4652762284380224656, 9.525000000000003908, 17.60000000000000497 ) ) ;
#2211 = EDGE_LOOP ( 'NONE', ( #764, #2808, #2530 ) ) ;
#2212 = AXIS2_PLACEMENT_3D ( 'NONE', #2399, #659, #3074 ) ;
#2213 = CARTESIAN_POINT ( 'NONE',  ( 1.408343061269071072E-16, -6.440000000000000391, 4.250000000000001776 ) ) ;
#2214 = FACE_OUTER_BOUND ( 'NONE', #1329, .T. ) ;
#2215 = ADVANCED_FACE ( 'NONE', ( #815 ), #1291, .T. ) ;
#2216 = CC_DESIGN_SECURITY_CLASSIFICATION ( #2303, ( #512 ) ) ;
#2217 = DIRECTION ( 'NONE',  ( -0.000000000000000000, 1.000000000000000000, -0.000000000000000000 ) ) ;
#2218 = DIRECTION ( 'NONE',  ( 0.000000000000000000, -1.224646799147353207E-16, 1.000000000000000000 ) ) ;
#2219 = FACE_OUTER_BOUND ( 'NONE', #2952, .T. ) ;
#2220 = APPROVAL_PERSON_ORGANIZATION ( #333, #1438, #843 ) ;
#2221 = EDGE_CURVE ( 'NONE', #2281, #2369, #2790, .T. ) ;
#2222 = DIRECTION ( 'NONE',  ( -0.000000000000000000, -0.000000000000000000, -1.000000000000000000 ) ) ;
#2223 = ORIENTED_EDGE ( 'NONE', *, *, #2449, .F. ) ;
#2224 = CONICAL_SURFACE ( 'NONE', #1548, 9.525000000000000355, 1.047197551196596521 ) ;
#2225 = ADVANCED_FACE ( 'NONE', ( #1278, #1564 ), #2283, .F. ) ;
#2226 = CARTESIAN_POINT ( 'NONE',  ( 5.499261314031167913, 9.525000000000019895, 0.8507386859688212954 ) ) ;
#2227 = ORIENTED_EDGE ( 'NONE', *, *, #1411, .T. ) ;
#2228 = ORIENTED_EDGE ( 'NONE', *, *, #426, .T. ) ;
#2229 = DIRECTION ( 'NONE',  ( -0.000000000000000000, 0.000000000000000000, -1.000000000000000000 ) ) ;
#2230 = CARTESIAN_POINT ( 'NONE',  ( 1.408344576769477615E-16, 6.440000000000000391, 4.250000000000001776 ) ) ;
#2231 = AXIS2_PLACEMENT_3D ( 'NONE', #1666, #452, #1440 ) ;
#2232 = CARTESIAN_POINT ( 'NONE',  ( -0.3017175119825188379, 6.434441426673038755, 6.519903982726656722 ) ) ;
#2233 = DIRECTION ( 'NONE',  ( -1.000000000000000000, 0.000000000000000000, 0.000000000000000000 ) ) ;
#2234 = DIRECTION ( 'NONE',  ( -0.4999999999999949485, -0.8660254037844415942, 0.000000000000000000 ) ) ;
#2235 = ORIENTED_EDGE ( 'NONE', *, *, #2995, .T. ) ;
#2236 = DIRECTION ( 'NONE',  ( -1.000000000000000000, -0.000000000000000000, -0.000000000000000000 ) ) ;
#2237 = EDGE_LOOP ( 'NONE', ( #3097, #2798, #1509, #304 ) ) ;
#2238 = APPLICATION_PROTOCOL_DEFINITION ( 'international standard', 'config_control_design', 1994, #1153 ) ;
#2239 = CIRCLE ( 'NONE', #17, 7.535898384867456556 ) ;
#2240 = ORIENTED_EDGE ( 'NONE', *, *, #2022, .T. ) ;
#2241 = AXIS2_PLACEMENT_3D ( 'NONE', #40, #501, #1801 ) ;
#2242 = CARTESIAN_POINT ( 'NONE',  ( 17.23019809639365363, 1.800230794746347222E-15, -14.69999999999786056 ) ) ;
#2243 = CARTESIAN_POINT ( 'NONE',  ( 0.1522951446682494769, -6.439999999999998614, 6.550000000000000711 ) ) ;
#2244 = EDGE_CURVE ( 'NONE', #337, #2041, #2651, .T. ) ;
#2245 = CIRCLE ( 'NONE', #848, 5.474999999999998757 ) ;
#2246 = CYLINDRICAL_SURFACE ( 'NONE', #1486, 3.174999999999999822 ) ;
#2247 = CARTESIAN_POINT ( 'NONE',  ( -8.248891971046740323, -4.762500000000066791, 0.000000000000000000 ) ) ;
#2248 = CARTESIAN_POINT ( 'NONE',  ( 0.000000000000000000, 0.000000000000000000, 0.000000000000000000 ) ) ;
#2249 = ADVANCED_BREP_SHAPE_REPRESENTATION ( '', ( #995, #1962 ), #722 ) ;
#2250 = DIRECTION ( 'NONE',  ( 0.2588190451027054251, 1.182917971378609198E-16, 0.9659258262890187963 ) ) ;
#2251 = ORIENTED_EDGE ( 'NONE', *, *, #2444, .F. ) ;
#2252 = VERTEX_POINT ( 'NONE', #2738 ) ;
#2253 = ORIENTED_EDGE ( 'NONE', *, *, #2995, .F. ) ;
#2254 = DIRECTION ( 'NONE',  ( -1.000000000000000000, -0.000000000000000000, -0.000000000000000000 ) ) ;
#2255 = CARTESIAN_POINT ( 'NONE',  ( 1.120182353027299405, -6.342099191093246269, 5.099221292137783301 ) ) ;
#2256 = DESIGN_CONTEXT ( 'detailed design', #991, 'design' ) ;
#2257 = CARTESIAN_POINT ( 'NONE',  ( 0.000000000000000000, 0.000000000000000000, 0.000000000000000000 ) ) ;
#2258 = CARTESIAN_POINT ( 'NONE',  ( -0.5801320350610871257, 6.415334500415308838, 6.404323259443803984 ) ) ;
#2259 = FACE_BOUND ( 'NONE', #335, .T. ) ;
#2260 = CC_DESIGN_APPROVAL ( #274, ( #1292 ) ) ;
#2261 = DIRECTION ( 'NONE',  ( 0.000000000000000000, 0.000000000000000000, 1.000000000000000000 ) ) ;
#2262 = B_SPLINE_CURVE_WITH_KNOTS ( 'NONE', 3,
 ( #434, #2881, #2197, #710, #2395, #3120 ),
 .UNSPECIFIED., .F., .F.,
 ( 4, 2, 4 ),
 ( 2.380730676599696337E-07, 0.002782414026671822718, 0.005564589980275985379 ),
 .UNSPECIFIED. ) ;
#2263 = ORIENTED_EDGE ( 'NONE', *, *, #499, .T. ) ;
#2264 = CARTESIAN_POINT ( 'NONE',  ( 0.000000000000000000, 0.000000000000000000, 15.35253755750896687 ) ) ;
#2265 = ADVANCED_FACE ( 'NONE', ( #545, #2772 ), #336, .F. ) ;
#2266 = EDGE_LOOP ( 'NONE', ( #1262, #255 ) ) ;
#2267 = PERSON_AND_ORGANIZATION_ROLE ( 'creator' ) ;
#2268 = ORIENTED_EDGE ( 'NONE', *, *, #2982, .F. ) ;
#2269 = PERSON_AND_ORGANIZATION_ROLE ( 'classification_officer' ) ;
#2270 = CARTESIAN_POINT ( 'NONE',  ( 0.000000000000000000, 0.000000000000000000, 0.000000000000000000 ) ) ;
#2271 = CARTESIAN_POINT ( 'NONE',  ( 0.000000000000000000, 0.000000000000000000, 17.60000000000000142 ) ) ;
#2272 = CARTESIAN_POINT ( 'NONE',  ( -8.248891971046807825, 4.762499999999953992, 0.000000000000000000 ) ) ;
#2273 = DIRECTION ( 'NONE',  ( -1.000000000000000000, 0.000000000000000000, 0.000000000000000000 ) ) ;
#2274 = CARTESIAN_POINT ( 'NONE',  ( 7.317804019944251337, 6.375191637624780583, 0.08107999114721987921 ) ) ;
#2275 = DIRECTION ( 'NONE',  ( -1.000000000000000000, -0.000000000000000000, -0.000000000000000000 ) ) ;
#2276 = AXIS2_PLACEMENT_3D ( 'NONE', #2135, #1201, #2866 ) ;
#2277 = ORIENTED_EDGE ( 'NONE', *, *, #2472, .F. ) ;
#2278 = DIRECTION ( 'NONE',  ( 1.000000000000000000, 0.000000000000000000, 0.000000000000000000 ) ) ;
#2279 = ORIENTED_EDGE ( 'NONE', *, *, #571, .T. ) ;
#2280 = DATE_AND_TIME ( #1087, #3063 ) ;
#2281 = VERTEX_POINT ( 'NONE', #3010 ) ;
#2282 = DIRECTION ( 'NONE',  ( 0.000000000000000000, 0.000000000000000000, 1.000000000000000000 ) ) ;
#2283 = CYLINDRICAL_SURFACE ( 'NONE', #1367, 6.440000000000000391 ) ;
#2284 = CIRCLE ( 'NONE', #1729, 4.549999999999999822 ) ;
#2285 = ORIENTED_EDGE ( 'NONE', *, *, #2985, .T. ) ;
#2286 = AXIS2_PLACEMENT_3D ( 'NONE', #1053, #2761, #2729 ) ;
#2287 = ADVANCED_FACE ( 'NONE', ( #3035 ), #1528, .T. ) ;
#2288 = CARTESIAN_POINT ( 'NONE',  ( 17.10000000000100329, 0.000000000000000000, 0.000000000000000000 ) ) ;
#2289 = CARTESIAN_POINT ( 'NONE',  ( -0.7075251445112176185, 6.401905303247657386, 6.318870072111342218 ) ) ;
#2290 = LINE ( 'NONE', #2792, #1585 ) ;
#2291 = CC_DESIGN_PERSON_AND_ORGANIZATION_ASSIGNMENT ( #2912, #763, ( #1197 ) ) ;
#2292 = ORIENTED_EDGE ( 'NONE', *, *, #985, .F. ) ;
#2293 = COORDINATED_UNIVERSAL_TIME_OFFSET ( 8, 0, .AHEAD. ) ;
#2294 = ORIENTED_EDGE ( 'NONE', *, *, #1194, .F. ) ;
#2295 = DIRECTION ( 'NONE',  ( 0.000000000000000000, -1.000000000000000000, 0.000000000000000000 ) ) ;
#2296 = DIRECTION ( 'NONE',  ( 0.000000000000000000, -1.224646799147353454E-16, 1.000000000000000000 ) ) ;
#2297 = ORIENTED_EDGE ( 'NONE', *, *, #2923, .F. ) ;
#2298 = AXIS2_PLACEMENT_3D ( 'NONE', #1731, #1481, #2461 ) ;
#2299 = DIRECTION ( 'NONE',  ( 0.000000000000000000, 0.000000000000000000, 1.000000000000000000 ) ) ;
#2300 = ADVANCED_FACE ( 'NONE', ( #846, #2754 ), #70, .F. ) ;
#2301 = APPROVAL_DATE_TIME ( #902, #2429 ) ;
#2302 = DIRECTION ( 'NONE',  ( -1.056746226933222168E-14, 1.000000000000000000, 0.000000000000000000 ) ) ;
#2303 = SECURITY_CLASSIFICATION ( '', '', #1373 ) ;
#2304 = ADVANCED_FACE ( 'NONE', ( #574 ), #1690, .T. ) ;
#2305 = VERTEX_POINT ( 'NONE', #2846 ) ;
#2306 = APPROVAL_DATE_TIME ( #2044, #1205 ) ;
#2307 = VERTEX_POINT ( 'NONE', #634 ) ;
#2308 = CARTESIAN_POINT ( 'NONE',  ( 0.000000000000000000, 3.888253587293301649E-16, -3.175000000000371969 ) ) ;
#2309 = DIRECTION ( 'NONE',  ( -0.000000000000000000, 0.000000000000000000, 1.000000000000000000 ) ) ;
#2310 = ORIENTED_EDGE ( 'NONE', *, *, #1530, .F. ) ;
#2311 = CARTESIAN_POINT ( 'NONE',  ( 19.99999999999957367, 1.818600496733660203E-15, -14.69999999999904716 ) ) ;
#2312 = CONICAL_SURFACE ( 'NONE', #257, 9.525000000000000355, 1.047197551196596521 ) ;
#2313 = COORDINATED_UNIVERSAL_TIME_OFFSET ( 8, 0, .AHEAD. ) ;
#2314 = ORIENTED_EDGE ( 'NONE', *, *, #2892, .T. ) ;
#2315 = VERTEX_POINT ( 'NONE', #1660 ) ;
#2316 = DIRECTION ( 'NONE',  ( 0.000000000000000000, 0.000000000000000000, 1.000000000000000000 ) ) ;
#2317 = EDGE_CURVE ( 'NONE', #637, #1631, #2862, .T. ) ;
#2318 = ORIENTED_EDGE ( 'NONE', *, *, #1057, .T. ) ;
#2319 = COORDINATED_UNIVERSAL_TIME_OFFSET ( 8, 0, .AHEAD. ) ;
#2320 = ORIENTED_EDGE ( 'NONE', *, *, #806, .T. ) ;
#2321 = CARTESIAN_POINT ( 'NONE',  ( 1.003954952568888226, 6.361534929019632578, 4.819166320102816314 ) ) ;
#2322 = ORIENTED_EDGE ( 'NONE', *, *, #2658, .T. ) ;
#2323 = DIRECTION ( 'NONE',  ( 0.000000000000000000, 0.000000000000000000, 1.000000000000000000 ) ) ;
#2324 = DIRECTION ( 'NONE',  ( -0.000000000000000000, -0.000000000000000000, -1.000000000000000000 ) ) ;
#2325 = CIRCLE ( 'NONE', #170, 3.675000000000760991 ) ;
#2326 = CC_DESIGN_PERSON_AND_ORGANIZATION_ASSIGNMENT ( #776, #2028, ( #2106 ) ) ;
#2327 = AXIS2_PLACEMENT_3D ( 'NONE', #2040, #1038, #1489 ) ;
#2328 = AXIS2_PLACEMENT_3D ( 'NONE', #2186, #440, #3163 ) ;
#2329 = EDGE_CURVE ( 'NONE', #1879, #747, #1621, .T. ) ;
#2330 = CARTESIAN_POINT ( 'NONE',  ( -5.499261314031100412, -9.525000000000057199, 17.60000000000000142 ) ) ;
#2331 = CALENDAR_DATE ( 2025, 5, 7 ) ;
#2332 = FACE_OUTER_BOUND ( 'NONE', #3148, .T. ) ;
#2333 = VERTEX_POINT ( 'NONE', #619 ) ;
#2334 = AXIS2_PLACEMENT_3D ( 'NONE', #3026, #2739, #1049 ) ;
#2335 = ORIENTED_EDGE ( 'NONE', *, *, #2244, .T. ) ;
#2336 = APPLICATION_PROTOCOL_DEFINITION ( 'international standard', 'config_control_design', 1994, #66 ) ;
#2337 = VECTOR ( 'NONE', #1882, 1000.000000000000227 ) ;
#2338 = EDGE_CURVE ( 'NONE', #306, #161, #2806, .T. ) ;
#2339 = ORIENTED_EDGE ( 'NONE', *, *, #2721, .F. ) ;
#2340 = CARTESIAN_POINT ( 'NONE',  ( 0.000000000000000000, 0.000000000000000000, 0.000000000000000000 ) ) ;
#2341 = DIRECTION ( 'NONE',  ( 0.000000000000000000, 0.000000000000000000, 1.000000000000000000 ) ) ;
#2342 = EDGE_LOOP ( 'NONE', ( #1045, #509, #2537 ) ) ;
#2343 = AXIS2_PLACEMENT_3D ( 'NONE', #2853, #2984, #120 ) ;
#2344 = DIRECTION ( 'NONE',  ( -1.000000000000000000, -0.000000000000000000, -0.000000000000000000 ) ) ;
#2345 = ADVANCED_FACE ( 'NONE', ( #2094 ), #1787, .T. ) ;
#2346 = CONICAL_SURFACE ( 'NONE', #2748, 5.674999999999999822, 0.7853981633974526089 ) ;
#2347 = TOROIDAL_SURFACE ( 'NONE', #973, 8.199999999998208722, 0.4000000000000669687 ) ;
#2348 = CARTESIAN_POINT ( 'NONE',  ( 17.80000000000026006, 0.000000000000000000, 0.000000000000000000 ) ) ;
#2349 = DIRECTION ( 'NONE',  ( 0.000000000000000000, 0.000000000000000000, 1.000000000000000000 ) ) ;
#2350 = COORDINATED_UNIVERSAL_TIME_OFFSET ( 8, 0, .AHEAD. ) ;
#2351 = DIRECTION ( 'NONE',  ( 0.000000000000000000, 0.000000000000000000, 1.000000000000000000 ) ) ;
#2352 = EDGE_LOOP ( 'NONE', ( #213, #2780 ) ) ;
#2353 = ORIENTED_EDGE ( 'NONE', *, *, #1496, .T. ) ;
#2354 = DATE_TIME_ROLE ( 'creation_date' ) ;
#2355 = EDGE_CURVE ( 'NONE', #2116, #100, #430, .T. ) ;
#2356 = ORIENTED_EDGE ( 'NONE', *, *, #3018, .T. ) ;
#2357 = CC_DESIGN_APPROVAL ( #2521, ( #2303 ) ) ;
#2358 = CARTESIAN_POINT ( 'NONE',  ( -0.3034631344560688726, -6.434339153135884004, 6.519303058724505107 ) ) ;
#2359 = CARTESIAN_POINT ( 'NONE',  ( 10.99852262806237846, 2.215317249701455172E-16, 0.8507386859688209624 ) ) ;
#2360 = DIRECTION ( 'NONE',  ( 0.000000000000000000, 0.000000000000000000, 1.000000000000000000 ) ) ;
#2361 = EDGE_LOOP ( 'NONE', ( #2405, #3119 ) ) ;
#2362 = EDGE_CURVE ( 'NONE', #2474, #2454, #1179, .T. ) ;
#2363 = PRODUCT_DEFINITION_SHAPE ( 'NONE', 'NONE',  #3180 ) ;
#2364 = PLANE ( 'NONE',  #260 ) ;
#2365 = AXIS2_PLACEMENT_3D ( 'NONE', #757, #533, #302 ) ;
#2366 = CARTESIAN_POINT ( 'NONE',  ( -4.549999999999999822, 5.572142936120457327E-16, -0.5000000000000143219 ) ) ;
#2367 = APPROVAL_ROLE ( '' ) ;
#2368 = CARTESIAN_POINT ( 'NONE',  ( 0.000000000000000000, 0.000000000000000000, 17.10000000000000142 ) ) ;
#2369 = VERTEX_POINT ( 'NONE', #2130 ) ;
#2370 = EDGE_CURVE ( 'NONE', #818, #2054, #119, .T. ) ;
#2371 = ORIENTED_EDGE ( 'NONE', *, *, #1217, .F. ) ;
#2372 = COORDINATED_UNIVERSAL_TIME_OFFSET ( 8, 0, .AHEAD. ) ;
#2373 = AXIS2_PLACEMENT_3D ( 'NONE', #2708, #2254, #2972 ) ;
#2374 = ORIENTED_EDGE ( 'NONE', *, *, #2892, .F. ) ;
#2375 = DIRECTION ( 'NONE',  ( 0.000000000000000000, 0.000000000000000000, 1.000000000000000000 ) ) ;
#2376 = CARTESIAN_POINT ( 'NONE',  ( 9.410626844376087874, 2.750316174469046970, 0.1555587596408459228 ) ) ;
#2377 = AXIS2_PLACEMENT_3D ( 'NONE', #898, #1625, #673 ) ;
#2378 = CARTESIAN_POINT ( 'NONE',  ( 0.000000000000000000, 0.000000000000000000, 0.000000000000000000 ) ) ;
#2379 = ORIENTED_EDGE ( 'NONE', *, *, #1951, .F. ) ;
#2380 = CARTESIAN_POINT ( 'NONE',  ( 35.44464849366902826, 0.000000000000000000, 3.915000000000001812 ) ) ;
#2381 = CARTESIAN_POINT ( 'NONE',  ( 0.4652762284390737912, -9.524999999999993250, 17.60000000000000142 ) ) ;
#2382 = DIRECTION ( 'NONE',  ( 0.000000000000000000, 0.000000000000000000, 1.000000000000000000 ) ) ;
#2383 = FACE_OUTER_BOUND ( 'NONE', #2840, .T. ) ;
#2384 = CIRCLE ( 'NONE', #19, 3.175000000000371969 ) ;
#2385 = EDGE_LOOP ( 'NONE', ( #127, #651, #2554, #2297, #1835, #1695 ) ) ;
#2386 = DIRECTION ( 'NONE',  ( 0.000000000000000000, 0.000000000000000000, 1.000000000000000000 ) ) ;
#2387 = CARTESIAN_POINT ( 'NONE',  ( 5.050000000000013145, 0.000000000000000000, 0.000000000000000000 ) ) ;
#2388 = DATE_AND_TIME ( #382, #1490 ) ;
#2389 = ORIENTED_EDGE ( 'NONE', *, *, #2623, .F. ) ;
#2390 = CARTESIAN_POINT ( 'NONE',  ( 5.949064689866487399, -8.745917699637393738, 17.00895541415241041 ) ) ;
#2391 = CARTESIAN_POINT ( 'NONE',  ( 19.99999999999957367, 0.000000000000000000, 14.69999999999904716 ) ) ;
#2392 = VECTOR ( 'NONE', #2047, 1000.000000000000000 ) ;
#2393 = ADVANCED_BREP_SHAPE_REPRESENTATION ( '', ( #1001, #1962 ), #609 ) ;
#2394 = ORIENTED_EDGE ( 'NONE', *, *, #1789, .F. ) ;
#2395 = CARTESIAN_POINT ( 'NONE',  ( -8.717347705171423655, -3.951110867399155957, 17.60000000000001208 ) ) ;
#2396 = CARTESIAN_POINT ( 'NONE',  ( 1.006550781153894234E-13, -9.525000000000000355, 17.60000000000000142 ) ) ;
#2397 = DIRECTION ( 'NONE',  ( 0.000000000000000000, 0.000000000000000000, 1.000000000000000000 ) ) ;
#2398 = EDGE_CURVE ( 'NONE', #100, #3151, #591, .T. ) ;
#2399 = CARTESIAN_POINT ( 'NONE',  ( 0.000000000000000000, 0.000000000000000000, 15.35253755750896687 ) ) ;
#2400 = DIRECTION ( 'NONE',  ( 0.000000000000000000, 0.000000000000000000, 1.000000000000000000 ) ) ;
#2401 = DIRECTION ( 'NONE',  ( 1.224646799147353207E-16, 1.000000000000000000, -0.000000000000000000 ) ) ;
#2402 = CYLINDRICAL_SURFACE ( 'NONE', #708, 2.299999999999999822 ) ;
#2403 = VERTEX_POINT ( 'NONE', #2391 ) ;
#2404 = CARTESIAN_POINT ( 'NONE',  ( 37.84464849366903394, 0.000000000000000000, -6.100000000000000533 ) ) ;
#2405 = ORIENTED_EDGE ( 'NONE', *, *, #608, .T. ) ;
#2406 = PERSON_AND_ORGANIZATION_ROLE ( 'creator' ) ;
#2407 = EDGE_LOOP ( 'NONE', ( #1884, #1147 ) ) ;
#2408 = EDGE_CURVE ( 'NONE', #2547, #1716, #1418, .T. ) ;
#2409 = CARTESIAN_POINT ( 'NONE',  ( -7.317804019944206040, -6.375191637624831209, 0.08107999114721958778 ) ) ;
#2410 = CARTESIAN_POINT ( 'NONE',  ( 0.000000000000000000, 1.053196247266526084E-15, -8.599999999998386713 ) ) ;
#2411 = ORIENTED_EDGE ( 'NONE', *, *, #965, .T. ) ;
#2412 = CONICAL_SURFACE ( 'NONE', #760, 6.440000000000000391, 0.7853981633974482790 ) ;
#2413 = ORGANIZATION ( 'NAUO-ORG2', 'UNSPECIFIED', 'UNSPECIFIED' ) ;
#2414 = CARTESIAN_POINT ( 'NONE',  ( 1.006550781153894234E-13, -9.525000000000000355, 17.60000000000000142 ) ) ;
#2415 = CYLINDRICAL_SURFACE ( 'NONE', #2528, 4.449999999999999289 ) ;
#2416 = AXIS2_PLACEMENT_3D ( 'NONE', #495, #2194, #2487 ) ;
#2417 = DIRECTION ( 'NONE',  ( 1.000000000000000000, 0.000000000000000000, 0.000000000000000000 ) ) ;
#2418 = CARTESIAN_POINT ( 'NONE',  ( -0.9299162373883981259, 9.524999999999996803, 17.60000000000000142 ) ) ;
#2419 = CARTESIAN_POINT ( 'NONE',  ( 0.000000000000000000, 0.000000000000000000, 0.000000000000000000 ) ) ;
#2420 = DIRECTION ( 'NONE',  ( -0.000000000000000000, -0.000000000000000000, -1.000000000000000000 ) ) ;
#2421 = ORIENTED_EDGE ( 'NONE', *, *, #1311, .T. ) ;
#2422 = DIRECTION ( 'NONE',  ( -0.000000000000000000, 1.000000000000000000, 1.224646799147353207E-16 ) ) ;
#2423 = ORIENTED_EDGE ( 'NONE', *, *, #3153, .T. ) ;
#2424 = EDGE_LOOP ( 'NONE', ( #1377, #462, #2749 ) ) ;
#2425 = ADVANCED_FACE ( 'NONE', ( #2612 ), #2200, .T. ) ;
#2426 = CARTESIAN_POINT ( 'NONE',  ( 0.000000000000000000, 0.000000000000000000, 8.599999999998386713 ) ) ;
#2427 =( NAMED_UNIT ( * ) SI_UNIT ( $, .STERADIAN. ) SOLID_ANGLE_UNIT ( ) );
#2428 = EDGE_LOOP ( 'NONE', ( #326, #1 ) ) ;
#2429 = APPROVAL ( #2791, 'UNKNOWN' ) ;
#2430 = AXIS2_PLACEMENT_3D ( 'NONE', #247, #1253, #1006 ) ;
#2431 = DIRECTION ( 'NONE',  ( 0.000000000000000000, 0.000000000000000000, 1.000000000000000000 ) ) ;
#2432 = CARTESIAN_POINT ( 'NONE',  ( 35.44464849366902826, 0.000000000000000000, 0.000000000000000000 ) ) ;
#2433 = ADVANCED_FACE ( 'NONE', ( #2114 ), #406, .T. ) ;
#2434 = CARTESIAN_POINT ( 'NONE',  ( 17.40000000000030411, 1.028703311283561424E-15, -8.199999999998208722 ) ) ;
#2435 = DIRECTION ( 'NONE',  ( 0.000000000000000000, 0.000000000000000000, 1.000000000000000000 ) ) ;
#2436 = DIRECTION ( 'NONE',  ( 1.000000000000000000, 0.000000000000000000, 0.000000000000000000 ) ) ;
#2437 = ORIENTED_EDGE ( 'NONE', *, *, #156, .T. ) ;
#2438 = EDGE_CURVE ( 'NONE', #2403, #655, #1522, .T. ) ;
#2439 = EDGE_CURVE ( 'NONE', #546, #2607, #2107, .T. ) ;
#2440 = CARTESIAN_POINT ( 'NONE',  ( 17.23019809639365363, 0.000000000000000000, 0.000000000000000000 ) ) ;
#2441 = TOROIDAL_SURFACE ( 'NONE', #2241, 4.371659367082225245, 0.1999999999999997613 ) ;
#2442 = AXIS2_PLACEMENT_3D ( 'NONE', #2701, #520, #2882 ) ;
#2443 = DIRECTION ( 'NONE',  ( -1.000000000000000000, -0.000000000000000000, -0.000000000000000000 ) ) ;
#2444 = EDGE_CURVE ( 'NONE', #1165, #168, #2674, .T. ) ;
#2445 = ORIENTED_EDGE ( 'NONE', *, *, #1591, .F. ) ;
#2446 = PLANE ( 'NONE',  #1068 ) ;
#2447 = CARTESIAN_POINT ( 'NONE',  ( 6.400365130926652490, 7.964242406242801664, 17.22215417283560512 ) ) ;
#2448 = AXIS2_PLACEMENT_3D ( 'NONE', #1492, #2236, #1002 ) ;
#2449 = EDGE_CURVE ( 'NONE', #2086, #447, #962, .T. ) ;
#2450 = CARTESIAN_POINT ( 'NONE',  ( 5.499261314031300252, -9.524999999999941735, 0.8507386859688205183 ) ) ;
#2451 = DIRECTION ( 'NONE',  ( -1.000000000000000000, 1.224646799147353207E-16, 0.000000000000000000 ) ) ;
#2452 = DIRECTION ( 'NONE',  ( 0.000000000000000000, 0.000000000000000000, 1.000000000000000000 ) ) ;
#2453 = CARTESIAN_POINT ( 'NONE',  ( -10.09563029186905503, 1.563855400051340050, 0.3770952061963319113 ) ) ;
#2454 = VERTEX_POINT ( 'NONE', #198 ) ;
#2455 = CIRCLE ( 'NONE', #1235, 9.525000000000002132 ) ;
#2456 = B_SPLINE_CURVE_WITH_KNOTS ( 'NONE', 3,
 ( #1887, #413, #1407, #712, #882, #1169, #1152, #2636 ),
 .UNSPECIFIED., .F., .F.,
 ( 4, 2, 2, 4 ),
 ( 0.005564589980275988848, 0.006950476802621104698, 0.008336363624966218813, 0.01110813726965644531 ),
 .UNSPECIFIED. ) ;
#2457 = CARTESIAN_POINT ( 'NONE',  ( 2.581473850271385324E-16, 6.440000000000000391, 6.550000000000001599 ) ) ;
#2458 =( NAMED_UNIT ( * ) SI_UNIT ( $, .STERADIAN. ) SOLID_ANGLE_UNIT ( ) );
#2459 = EDGE_LOOP ( 'NONE', ( #1025, #2374 ) ) ;
#2460 = VECTOR ( 'NONE', #1391, 1000.000000000000000 ) ;
#2461 = DIRECTION ( 'NONE',  ( 0.000000000000000000, 0.000000000000000000, 1.000000000000000000 ) ) ;
#2462 = CARTESIAN_POINT ( 'NONE',  ( -5.499261314031233638, 9.524999999999979039, 17.60000000000000142 ) ) ;
#2463 = EDGE_CURVE ( 'NONE', #2369, #2573, #375, .T. ) ;
#2464 = LOCAL_TIME ( 17, 44, 26.00000000000000000, #1314 ) ;
#2465 = DIRECTION ( 'NONE',  ( -0.000000000000000000, -0.000000000000000000, -1.000000000000000000 ) ) ;
#2466 = CARTESIAN_POINT ( 'NONE',  ( -0.7061281871523871212, 6.402079554345438517, 4.479788103572537317 ) ) ;
#2467 = DIRECTION ( 'NONE',  ( -0.000000000000000000, -0.000000000000000000, -1.000000000000000000 ) ) ;
#2468 = CARTESIAN_POINT ( 'NONE',  ( 15.00000000000079048, 0.000000000000000000, 0.000000000000000000 ) ) ;
#2469 = VECTOR ( 'NONE', #2467, 1000.000000000000000 ) ;
#2470 = LINE ( 'NONE', #2410, #2590 ) ;
#2471 = VERTEX_POINT ( 'NONE', #508 ) ;
#2472 = EDGE_CURVE ( 'NONE', #707, #2057, #2470, .T. ) ;
#2473 = SHAPE_REPRESENTATION_RELATIONSHIP ( 'NONE' , 'NONE' ,  #1786, #2249 ) ;
#2474 = VERTEX_POINT ( 'NONE', #2938 ) ;
#2475 = CIRCLE ( 'NONE', #2178, 9.525000000000000355 ) ;
#2476 = CARTESIAN_POINT ( 'NONE',  ( 40.44464849366903536, 0.000000000000000000, 0.000000000000000000 ) ) ;
#2477 = CARTESIAN_POINT ( 'NONE',  ( 5.050000000000002487, 6.184466335694136026E-16, -3.000000000000000000 ) ) ;
#2478 = VECTOR ( 'NONE', #766, 1000.000000000000000 ) ;
#2479 = CARTESIAN_POINT ( 'NONE',  ( 8.248891971046772298, 4.762500000000010836, 17.60000000000000142 ) ) ;
#2480 = CARTESIAN_POINT ( 'NONE',  ( 0.000000000000000000, 0.000000000000000000, -3.000000000000000000 ) ) ;
#2481 = CARTESIAN_POINT ( 'NONE',  ( 8.248891971046839799, -4.762499999999971756, 17.60000000000000142 ) ) ;
#2482 = VECTOR ( 'NONE', #225, 1000.000000000000000 ) ;
#2483 = CYLINDRICAL_SURFACE ( 'NONE', #435, 4.549999999999999822 ) ;
#2484 = ORIENTED_EDGE ( 'NONE', *, *, #1906, .T. ) ;
#2485 = CARTESIAN_POINT ( 'NONE',  ( 10.54984241687413160, -0.7771369221287898199, 17.00830695474096643 ) ) ;
#2486 = EDGE_LOOP ( 'NONE', ( #2277, #556, #3025, #2680 ) ) ;
#2487 = DIRECTION ( 'NONE',  ( -3.859902926794382539E-17, -0.2656213634021968306, -0.9640774301394874346 ) ) ;
#2488 = CONICAL_SURFACE ( 'NONE', #894, 9.525000000000000355, 1.047197551196596521 ) ;
#2489 = ORIENTED_EDGE ( 'NONE', *, *, #1880, .T. ) ;
#2490 = CIRCLE ( 'NONE', #2884, 0.7999999999999973799 ) ;
#2491 = CARTESIAN_POINT ( 'NONE',  ( 17.80000000000026006, 0.000000000000000000, 8.599999999998331646 ) ) ;
#2492 = CARTESIAN_POINT ( 'NONE',  ( 52.94464849366903536, 3.888253587292846081E-16, -3.174999999999999822 ) ) ;
#2493 = CARTESIAN_POINT ( 'NONE',  ( 0.9324499088804721891, -9.524999999999989697, 0.01980973342758636513 ) ) ;
#2494 = EDGE_CURVE ( 'NONE', #3114, #2518, #489, .T. ) ;
#2495 = LINE ( 'NONE', #13, #1873 ) ;
#2496 = VECTOR ( 'NONE', #2877, 1000.000000000000114 ) ;
#2497 = CARTESIAN_POINT ( 'NONE',  ( -8.248891971046806049, 4.762499999999953104, 17.60000000000000142 ) ) ;
#2498 = CARTESIAN_POINT ( 'NONE',  ( 39.44464849366902826, 0.000000000000000000, 6.100000000000000533 ) ) ;
#2499 = EDGE_LOOP ( 'NONE', ( #2695, #133, #460, #2641 ) ) ;
#2500 = AXIS2_PLACEMENT_3D ( 'NONE', #1654, #453, #935 ) ;
#2501 = ORIENTED_EDGE ( 'NONE', *, *, #1204, .T. ) ;
#2502 = PERSON_AND_ORGANIZATION_ROLE ( 'creator' ) ;
#2503 = CIRCLE ( 'NONE', #1580, 0.2999999999996720845 ) ;
#2504 = ORIENTED_EDGE ( 'NONE', *, *, #248, .T. ) ;
#2505 = CARTESIAN_POINT ( 'NONE',  ( -6.440000000000000391, 0.000000000000000000, 17.10000000000000142 ) ) ;
#2506 = CARTESIAN_POINT ( 'NONE',  ( 39.64464849366903110, 5.108809291030319800E-16, -4.171659367082225067 ) ) ;
#2507 = DIRECTION ( 'NONE',  ( 0.000000000000000000, 0.000000000000000000, 1.000000000000000000 ) ) ;
#2508 = DIRECTION ( 'NONE',  ( -0.000000000000000000, -0.000000000000000000, -1.000000000000000000 ) ) ;
#2509 = CARTESIAN_POINT ( 'NONE',  ( -8.248891971046807825, 4.762499999999953992, 0.000000000000000000 ) ) ;
#2510 = EDGE_CURVE ( 'NONE', #707, #1511, #1624, .T. ) ;
#2511 = LOCAL_TIME ( 17, 44, 26.00000000000000000, #2987 ) ;
#2512 = CARTESIAN_POINT ( 'NONE',  ( 0.000000000000000000, 0.000000000000000000, -3.000000000000000000 ) ) ;
#2513 = EDGE_LOOP ( 'NONE', ( #418, #1432, #1215, #1505 ) ) ;
#2514 = DIRECTION ( 'NONE',  ( 0.000000000000000000, 0.000000000000000000, 1.000000000000000000 ) ) ;
#2515 = ORIENTED_EDGE ( 'NONE', *, *, #1084, .T. ) ;
#2516 = CALENDAR_DATE ( 2025, 5, 7 ) ;
#2517 = EDGE_CURVE ( 'NONE', #1014, #2057, #228, .T. ) ;
#2518 = VERTEX_POINT ( 'NONE', #3133 ) ;
#2519 = CARTESIAN_POINT ( 'NONE',  ( 0.000000000000000000, 0.000000000000000000, 17.60000000000000142 ) ) ;
#2520 = DIRECTION ( 'NONE',  ( 0.000000000000000000, -1.000000000000000000, 0.000000000000000000 ) ) ;
#2521 = APPROVAL ( #104, '未指定' ) ;
#2522 = ORIENTED_EDGE ( 'NONE', *, *, #15, .T. ) ;
#2523 = DIRECTION ( 'NONE',  ( -1.000000000000000000, -0.000000000000000000, -0.000000000000000000 ) ) ;
#2524 = CARTESIAN_POINT ( 'NONE',  ( 39.44464849366902826, 0.000000000000000000, 0.000000000000000000 ) ) ;
#2525 = AXIS2_PLACEMENT_3D ( 'NONE', #1349, #2066, #563 ) ;
#2526 = APPROVAL ( #2531, '未指定' ) ;
#2527 = CARTESIAN_POINT ( 'NONE',  ( 16.94042034850728840, 1.809739652200651112E-15, 14.77764571352868650 ) ) ;
#2528 = AXIS2_PLACEMENT_3D ( 'NONE', #169, #1851, #2849 ) ;
#2529 = EDGE_LOOP ( 'NONE', ( #2227, #827, #2720, #1634 ) ) ;
#2530 = ORIENTED_EDGE ( 'NONE', *, *, #1194, .T. ) ;
#2531 = APPROVAL_STATUS ( 'not_yet_approved' ) ;
#2532 = ORIENTED_EDGE ( 'NONE', *, *, #2642, .T. ) ;
#2533 = DIRECTION ( 'NONE',  ( -0.000000000000000000, 1.000000000000000000, 1.224646799147353207E-16 ) ) ;
#2534 = ADVANCED_FACE ( 'NONE', ( #2650 ), #1350, .T. ) ;
#2535 = DIRECTION ( 'NONE',  ( -1.000000000000000000, -0.000000000000000000, -0.000000000000000000 ) ) ;
#2536 = AXIS2_PLACEMENT_3D ( 'NONE', #1164, #1567, #3085 ) ;
#2537 = ORIENTED_EDGE ( 'NONE', *, *, #280, .T. ) ;
#2538 = CARTESIAN_POINT ( 'NONE',  ( -7.781140988492938781, 5.572668467073522258, 0.02010828335194611918 ) ) ;
#2539 = CARTESIAN_POINT ( 'NONE',  ( -8.248891971046740323, -4.762500000000066791, 17.60000000000000142 ) ) ;
#2540 = EDGE_CURVE ( 'NONE', #2767, #2281, #1669, .T. ) ;
#2541 = PLANE ( 'NONE',  #507 ) ;
#2542 = VERTEX_POINT ( 'NONE', #1949 ) ;
#2543 = CALENDAR_DATE ( 2025, 5, 7 ) ;
#2544 = ORIENTED_EDGE ( 'NONE', *, *, #2773, .T. ) ;
#2545 = CARTESIAN_POINT ( 'NONE',  ( -0.1522566715715884811, -6.440000000000001279, 6.550000000000002487 ) ) ;
#2546 = DIRECTION ( 'NONE',  ( 0.000000000000000000, 0.000000000000000000, -1.000000000000000000 ) ) ;
#2547 = VERTEX_POINT ( 'NONE', #464 ) ;
#2548 = CARTESIAN_POINT ( 'NONE',  ( 0.000000000000000000, 0.000000000000000000, 15.35253755750896687 ) ) ;
#2549 = EDGE_CURVE ( 'NONE', #1511, #1014, #1450, .T. ) ;
#2550 = PERSON_AND_ORGANIZATION ( #312, #1545 ) ;
#2551 = ORIENTED_EDGE ( 'NONE', *, *, #2901, .F. ) ;
#2552 = CIRCLE ( 'NONE', #1027, 3.175000000000371969 ) ;
#2553 = APPROVAL_PERSON_ORGANIZATION ( #2122, #2429, #91 ) ;
#2554 = ORIENTED_EDGE ( 'NONE', *, *, #2096, .F. ) ;
#2555 = APPLICATION_PROTOCOL_DEFINITION ( 'international standard', 'config_control_design', 1994, #3058 ) ;
#2556 = ORIENTED_EDGE ( 'NONE', *, *, #103, .T. ) ;
#2557 = CC_DESIGN_PERSON_AND_ORGANIZATION_ASSIGNMENT ( #557, #1524, ( #819 ) ) ;
#2558 = DIRECTION ( 'NONE',  ( 0.000000000000000000, 0.000000000000000000, 1.000000000000000000 ) ) ;
#2559 = CARTESIAN_POINT ( 'NONE',  ( 1.408343819019456028E-16, 9.525000000000019895, 4.250000000000001776 ) ) ;
#2560 = CARTESIAN_POINT ( 'NONE',  ( 0.000000000000000000, 0.000000000000000000, 17.60000000000000142 ) ) ;
#2561 = VERTEX_POINT ( 'NONE', #227 ) ;
#2562 = FACE_OUTER_BOUND ( 'NONE', #357, .T. ) ;
#2563 = VECTOR ( 'NONE', #2016, 1000.000000000000000 ) ;
#2564 = EDGE_CURVE ( 'NONE', #1832, #1344, #214, .T. ) ;
#2565 = DIRECTION ( 'NONE',  ( -1.000000000000000000, -0.000000000000000000, -0.000000000000000000 ) ) ;
#2566 = DATE_TIME_ROLE ( 'creation_date' ) ;
#2567 = CYLINDRICAL_SURFACE ( 'NONE', #2956, 1.149999999999999911 ) ;
#2568 = ORIENTED_EDGE ( 'NONE', *, *, #2688, .F. ) ;
#2569 = AXIS2_PLACEMENT_3D ( 'NONE', #3087, #1920, #2654 ) ;
#2570 = ORIENTED_EDGE ( 'NONE', *, *, #1805, .F. ) ;
#2571 = APPROVAL_STATUS ( 'not_yet_approved' ) ;
#2572 =( REPRESENTATION_RELATIONSHIP ('NONE','NONE', #25, #2 ) REPRESENTATION_RELATIONSHIP_WITH_TRANSFORMATION ( #2818 )SHAPE_REPRESENTATION_RELATIONSHIP( ) );
#2573 = VERTEX_POINT ( 'NONE', #2692 ) ;
#2574 = FACE_OUTER_BOUND ( 'NONE', #2591, .T. ) ;
#2575 = DIRECTION ( 'NONE',  ( -1.000000000000000000, -0.000000000000000000, -0.000000000000000000 ) ) ;
#2576 = ORIENTED_EDGE ( 'NONE', *, *, #1529, .T. ) ;
#2577 = CARTESIAN_POINT ( 'NONE',  ( 19.99999999999957367, 0.000000000000000000, 0.000000000000000000 ) ) ;
#2578 = CARTESIAN_POINT ( 'NONE',  ( 5.947941525219547998, -8.747863077871150139, 0.5916930452590308809 ) ) ;
#2579 = VECTOR ( 'NONE', #3135, 1000.000000000000114 ) ;
#2580 = AXIS2_PLACEMENT_3D ( 'NONE', #1668, #438, #2397 ) ;
#2581 = VECTOR ( 'NONE', #1980, 1000.000000000000000 ) ;
#2582 = EDGE_CURVE ( 'NONE', #337, #1140, #2193, .T. ) ;
#2583 = CARTESIAN_POINT ( 'NONE',  ( 0.000000000000000000, 0.000000000000000000, 0.000000000000000000 ) ) ;
#2584 = APPROVAL_ROLE ( '' ) ;
#2585 = CARTESIAN_POINT ( 'NONE',  ( 0.000000000000000000, 0.000000000000000000, -3.000000000000000000 ) ) ;
#2586 = ORIENTED_EDGE ( 'NONE', *, *, #2893, .T. ) ;
#2587 = ORIENTED_EDGE ( 'NONE', *, *, #1211, .F. ) ;
#2588 = EDGE_CURVE ( 'NONE', #275, #2898, #752, .T. ) ;
#2589 = DATE_AND_TIME ( #2843, #1134 ) ;
#2590 = VECTOR ( 'NONE', #1993, 1000.000000000000000 ) ;
#2591 = EDGE_LOOP ( 'NONE', ( #458, #3082, #2155, #153 ) ) ;
#2592 = DIRECTION ( 'NONE',  ( 0.000000000000000000, 0.000000000000000000, 1.000000000000000000 ) ) ;
#2593 = DIRECTION ( 'NONE',  ( 1.000000000000000000, 0.000000000000000000, 0.000000000000000000 ) ) ;
#2594 = DIRECTION ( 'NONE',  ( -0.000000000000000000, 1.000000000000000000, -0.000000000000000000 ) ) ;
#2595 = VERTEX_POINT ( 'NONE', #2387 ) ;
#2596 = AXIS2_PLACEMENT_3D ( 'NONE', #176, #3127, #421 ) ;
#2597 = LINE ( 'NONE', #2151, #840 ) ;
#2598 = CARTESIAN_POINT ( 'NONE',  ( 52.94464849366903536, 0.000000000000000000, 0.000000000000000000 ) ) ;
#2599 = CONICAL_SURFACE ( 'NONE', #1123, 13.41771913849730069, 1.047197551196595633 ) ;
#2600 = VECTOR ( 'NONE', #230, 1000.000000000000000 ) ;
#2601 = DIRECTION ( 'NONE',  ( -0.5000000000000069944, 0.8660254037844345998, 0.000000000000000000 ) ) ;
#2602 = CARTESIAN_POINT ( 'NONE',  ( 19.70000000000027285, 0.000000000000000000, 0.000000000000000000 ) ) ;
#2603 = DIRECTION ( 'NONE',  ( 0.000000000000000000, 0.000000000000000000, 1.000000000000000000 ) ) ;
#2604 = ADVANCED_FACE ( 'NONE', ( #1928 ), #2644, .T. ) ;
#2605 = ORIENTED_EDGE ( 'NONE', *, *, #77, .F. ) ;
#2606 = CONICAL_SURFACE ( 'NONE', #1900, 9.525000000000000355, 1.047197551196596521 ) ;
#2607 = VERTEX_POINT ( 'NONE', #490 ) ;
#2608 = COORDINATED_UNIVERSAL_TIME_OFFSET ( 8, 0, .AHEAD. ) ;
#2609 = ORIENTED_EDGE ( 'NONE', *, *, #1269, .T. ) ;
#2610 = CC_DESIGN_SECURITY_CLASSIFICATION ( #922, ( #194 ) ) ;
#2611 = CARTESIAN_POINT ( 'NONE',  ( 7.317804019944340155, -6.375191637624725516, 17.51892000885276701 ) ) ;
#2612 = FACE_OUTER_BOUND ( 'NONE', #2424, .T. ) ;
#2613 = EDGE_CURVE ( 'NONE', #2057, #562, #1099, .T. ) ;
#2614 = AXIS2_PLACEMENT_3D ( 'NONE', #1248, #3155, #465 ) ;
#2615 = VERTEX_POINT ( 'NONE', #422 ) ;
#2616 = DIRECTION ( 'NONE',  ( 0.000000000000000000, 0.000000000000000000, 1.000000000000000000 ) ) ;
#2617 = DIRECTION ( 'NONE',  ( -0.000000000000000000, 0.000000000000000000, 1.000000000000000000 ) ) ;
#2618 = AXIS2_PLACEMENT_3D ( 'NONE', #1023, #252, #2233 ) ;
#2619 = DIRECTION ( 'NONE',  ( -0.000000000000000000, 1.000000000000000000, -0.000000000000000000 ) ) ;
#2620 = PERSON_AND_ORGANIZATION ( #312, #1545 ) ;
#2621 = CARTESIAN_POINT ( 'NONE',  ( 0.000000000000000000, 0.000000000000000000, -3.000000000000000000 ) ) ;
#2622 = ORIENTED_EDGE ( 'NONE', *, *, #1287, .T. ) ;
#2623 = EDGE_CURVE ( 'NONE', #637, #447, #1912, .T. ) ;
#2624 = CARTESIAN_POINT ( 'NONE',  ( 0.000000000000000000, 0.000000000000000000, 0.000000000000000000 ) ) ;
#2625 = COORDINATED_UNIVERSAL_TIME_OFFSET ( 8, 0, .AHEAD. ) ;
#2626 = VECTOR ( 'NONE', #155, 1000.000000000000000 ) ;
#2627 = ORIENTED_EDGE ( 'NONE', *, *, #232, .T. ) ;
#2628 = DIRECTION ( 'NONE',  ( -0.000000000000000000, 1.000000000000000000, 1.224646799147353207E-16 ) ) ;
#2629 = DIRECTION ( 'NONE',  ( 0.000000000000000000, 0.000000000000000000, 1.000000000000000000 ) ) ;
#2630 = CONICAL_SURFACE ( 'NONE', #1457, 14.99999999999834799, 0.7853981633974482790 ) ;
#2631 = EDGE_CURVE ( 'NONE', #1420, #1606, #2990, .T. ) ;
#2632 = LINE ( 'NONE', #2827, #2786 ) ;
#2633 = ORIENTED_EDGE ( 'NONE', *, *, #1007, .T. ) ;
#2634 = ADVANCED_FACE ( 'NONE', ( #1697 ), #2889, .T. ) ;
#2635 = DIRECTION ( 'NONE',  ( 0.000000000000000000, 0.000000000000000000, 1.000000000000000000 ) ) ;
#2636 = CARTESIAN_POINT ( 'NONE',  ( -10.99852262806237846, -7.674129572303707347E-14, 0.8507386859688210734 ) ) ;
#2637 = CARTESIAN_POINT ( 'NONE',  ( 8.717347705171446748, 3.951110867399099558, 17.60000000000001208 ) ) ;
#2638 = DIRECTION ( 'NONE',  ( 0.7071067811865460184, 0.000000000000000000, -0.7071067811865490160 ) ) ;
#2639 = AXIS2_PLACEMENT_3D ( 'NONE', #2087, #597, #1242 ) ;
#2640 = CONICAL_SURFACE ( 'NONE', #1310, 6.100000000000000533, 0.7853981633974678189 ) ;
#2641 = ORIENTED_EDGE ( 'NONE', *, *, #1819, .F. ) ;
#2642 = EDGE_CURVE ( 'NONE', #719, #2315, #211, .T. ) ;
#2643 = DIRECTION ( 'NONE',  ( 0.000000000000000000, 0.000000000000000000, 1.000000000000000000 ) ) ;
#2644 = CYLINDRICAL_SURFACE ( 'NONE', #2728, 5.674999999999999822 ) ;
#2645 = VERTEX_POINT ( 'NONE', #1429 ) ;
#2646 = PERSON_AND_ORGANIZATION ( #312, #1545 ) ;
#2647 = TOROIDAL_SURFACE ( 'NONE', #1365, 4.371659367082225245, 0.1999999999999997613 ) ;
#2648 = ORIENTED_EDGE ( 'NONE', *, *, #2755, .F. ) ;
#2649 = CARTESIAN_POINT ( 'NONE',  ( 38.04464849366902968, 0.000000000000000000, 0.000000000000000000 ) ) ;
#2650 = FACE_OUTER_BOUND ( 'NONE', #2073, .T. ) ;
#2651 = CIRCLE ( 'NONE', #1228, 2.299999999999999822 ) ;
#2652 = ORIENTED_EDGE ( 'NONE', *, *, #1591, .T. ) ;
#2653 = CARTESIAN_POINT ( 'NONE',  ( 17.23019809639365363, 0.000000000000000000, 14.69999999999786056 ) ) ;
#2654 = DIRECTION ( 'NONE',  ( 1.000000000000000000, 0.000000000000000000, 0.000000000000000000 ) ) ;
#2655 = CARTESIAN_POINT ( 'NONE',  ( 17.40000000000030411, 0.000000000000000000, -2.599999999999713651 ) ) ;
#2656 = CARTESIAN_POINT ( 'NONE',  ( 35.44464849366902826, 0.000000000000000000, 0.000000000000000000 ) ) ;
#2657 = DIRECTION ( 'NONE',  ( 1.000000000000000000, 0.000000000000000000, 0.000000000000000000 ) ) ;
#2658 = EDGE_CURVE ( 'NONE', #292, #2454, #2880, .T. ) ;
#2659 = CARTESIAN_POINT ( 'NONE',  ( 0.000000000000000000, 0.000000000000000000, 0.000000000000000000 ) ) ;
#2660 = ORIENTED_EDGE ( 'NONE', *, *, #3134, .T. ) ;
#2661 = ORIENTED_EDGE ( 'NONE', *, *, #2564, .F. ) ;
#2662 = CARTESIAN_POINT ( 'NONE',  ( 1.004856625985219187, 6.361389186182238475, 5.979141670138440112 ) ) ;
#2663 =( NAMED_UNIT ( * ) PLANE_ANGLE_UNIT ( ) SI_UNIT ( $, .RADIAN. ) );
#2664 = ORIENTED_EDGE ( 'NONE', *, *, #2221, .T. ) ;
#2665 = CC_DESIGN_APPROVAL ( #2666, ( #922 ) ) ;
#2666 = APPROVAL ( #2571, '未指定' ) ;
#2667 = FACE_OUTER_BOUND ( 'NONE', #772, .T. ) ;
#2668 = FACE_OUTER_BOUND ( 'NONE', #667, .T. ) ;
#2669 = LOCAL_TIME ( 17, 44, 26.00000000000000000, #2058 ) ;
#2670 = EDGE_CURVE ( 'NONE', #1828, #1273, #316, .T. ) ;
#2671 = LINE ( 'NONE', #2202, #2196 ) ;
#2672 = DIRECTION ( 'NONE',  ( 0.000000000000000000, 0.000000000000000000, 1.000000000000000000 ) ) ;
#2673 = CARTESIAN_POINT ( 'NONE',  ( -5.499261314031233638, 9.524999999999979039, 0.8507386859688200742 ) ) ;
#2674 = B_SPLINE_CURVE_WITH_KNOTS ( 'NONE', 3,
 ( #1714, #761, #242, #704, #2897, #1434, #2210, #1016 ),
 .UNSPECIFIED., .F., .F.,
 ( 4, 2, 2, 4 ),
 ( 0.02480760746608736897, 0.02759408215097533534, 0.02898731949341932027, 0.03038055683586330519 ),
 .UNSPECIFIED. ) ;
#2675 = EDGE_CURVE ( 'NONE', #447, #2086, #367, .T. ) ;
#2676 = DIRECTION ( 'NONE',  ( -0.000000000000000000, -0.000000000000000000, -1.000000000000000000 ) ) ;
#2677 = B_SPLINE_CURVE_WITH_KNOTS ( 'NONE', 3,
 ( #1453, #3104, #246, #1688, #451, #2414 ),
 .UNSPECIFIED., .F., .F.,
 ( 4, 2, 4 ),
 ( 0.01002753371955004795, 0.01281024402003885787, 0.01559295432052766953 ),
 .UNSPECIFIED. ) ;
#2678 = CARTESIAN_POINT ( 'NONE',  ( 0.000000000000000000, 0.000000000000000000, 2.299999999999999822 ) ) ;
#2679 = COORDINATED_UNIVERSAL_TIME_OFFSET ( 8, 0, .AHEAD. ) ;
#2680 = ORIENTED_EDGE ( 'NONE', *, *, #2517, .T. ) ;
#2681 = EDGE_CURVE ( 'NONE', #1618, #886, #107, .T. ) ;
#2682 = AXIS2_PLACEMENT_3D ( 'NONE', #263, #498, #1237 ) ;
#2683 = CARTESIAN_POINT ( 'NONE',  ( 39.24464849366903962, 0.000000000000000000, 6.299999999999999822 ) ) ;
#2684 = DIRECTION ( 'NONE',  ( 0.000000000000000000, 0.000000000000000000, 1.000000000000000000 ) ) ;
#2685 = CARTESIAN_POINT ( 'NONE',  ( 1.869027305898125935, -9.524999999999979039, 0.09848334842929572230 ) ) ;
#2686 = DIRECTION ( 'NONE',  ( -1.000000000000000000, -0.000000000000000000, -0.000000000000000000 ) ) ;
#2687 = CARTESIAN_POINT ( 'NONE',  ( 14.50000000000084555, 0.000000000000000000, 0.000000000000000000 ) ) ;
#2688 = EDGE_CURVE ( 'NONE', #555, #2252, #1770, .T. ) ;
#2689 = CARTESIAN_POINT ( 'NONE',  ( 0.000000000000000000, 0.000000000000000000, 0.000000000000000000 ) ) ;
#2690 = VERTEX_POINT ( 'NONE', #2404 ) ;
#2691 = CIRCLE ( 'NONE', #841, 4.183720842925042760 ) ;
#2692 = CARTESIAN_POINT ( 'NONE',  ( 39.71305252233416638, 5.123580338814219254E-16, -4.183720842925042760 ) ) ;
#2693 = ADVANCED_FACE ( 'NONE', ( #1461 ), #530, .T. ) ;
#2694 = MECHANICAL_CONTEXT ( 'NONE', #89, 'mechanical' ) ;
#2695 = ORIENTED_EDGE ( 'NONE', *, *, #320, .F. ) ;
#2696 = DIRECTION ( 'NONE',  ( -1.000000000000000000, -0.000000000000000000, -0.000000000000000000 ) ) ;
#2697 = CARTESIAN_POINT ( 'NONE',  ( 8.015539861186733006, 5.166677710330987772, 17.60000000000000497 ) ) ;
#2698 = FACE_OUTER_BOUND ( 'NONE', #876, .T. ) ;
#2699 = CARTESIAN_POINT ( 'NONE',  ( 19.70000000000027285, 1.836970198720827246E-15, -14.99999999999834799 ) ) ;
#2700 = CARTESIAN_POINT ( 'NONE',  ( -6.440000000000000391, 0.000000000000000000, 17.60000000000000142 ) ) ;
#2701 = CARTESIAN_POINT ( 'NONE',  ( 0.000000000000000000, 0.000000000000000000, 0.000000000000000000 ) ) ;
#2702 = EDGE_LOOP ( 'NONE', ( #2240, #1397 ) ) ;
#2703 = CIRCLE ( 'NONE', #1323, 6.299999999999999822 ) ;
#2704 = CARTESIAN_POINT ( 'NONE',  ( 0.3034631344560679289, 6.434339153135881340, 6.519303058724505107 ) ) ;
#2705 = ORIENTED_EDGE ( 'NONE', *, *, #1908, .T. ) ;
#2706 =( LENGTH_UNIT ( ) NAMED_UNIT ( * ) SI_UNIT ( .MILLI., .METRE. ) );
#2707 = ORIENTED_EDGE ( 'NONE', *, *, #964, .T. ) ;
#2708 = CARTESIAN_POINT ( 'NONE',  ( 39.64464849366903110, 0.000000000000000000, 0.000000000000000000 ) ) ;
#2709 = DIRECTION ( 'NONE',  ( 0.000000000000000000, 0.000000000000000000, 1.000000000000000000 ) ) ;
#2710 = AXIS2_PLACEMENT_3D ( 'NONE', #1138, #2123, #3076 ) ;
#2711 = APPROVAL_PERSON_ORGANIZATION ( #1845, #2666, #164 ) ;
#2712 = CC_DESIGN_PERSON_AND_ORGANIZATION_ASSIGNMENT ( #829, #2269, ( #1847 ) ) ;
#2713 = CARTESIAN_POINT ( 'NONE',  ( -6.440000000000000391, 7.886725386508954940E-16, 17.10000000000000142 ) ) ;
#2714 = DIRECTION ( 'NONE',  ( -1.000000000000000000, -0.000000000000000000, -0.000000000000000000 ) ) ;
#2715 = CARTESIAN_POINT ( 'NONE',  ( 0.000000000000000000, 0.000000000000000000, 0.000000000000000000 ) ) ;
#2716 = DIRECTION ( 'NONE',  ( 0.000000000000000000, 0.000000000000000000, 1.000000000000000000 ) ) ;
#2717 = CARTESIAN_POINT ( 'NONE',  ( 9.180332783635268612, -3.149197188353554111, 17.50207492918109509 ) ) ;
#2718 = ORIENTED_EDGE ( 'NONE', *, *, #3005, .T. ) ;
#2719 = DIRECTION ( 'NONE',  ( 0.000000000000000000, 0.000000000000000000, 1.000000000000000000 ) ) ;
#2720 = ORIENTED_EDGE ( 'NONE', *, *, #2773, .F. ) ;
#2721 = EDGE_CURVE ( 'NONE', #3002, #328, #2055, .T. ) ;
#2722 = CARTESIAN_POINT ( 'NONE',  ( -5.499261314031100412, -9.525000000000057199, 0.8507386859688216285 ) ) ;
#2723 = FACE_OUTER_BOUND ( 'NONE', #1403, .T. ) ;
#2724 = CIRCLE ( 'NONE', #8, 2.599999999999713651 ) ;
#2725 = DIRECTION ( 'NONE',  ( 0.000000000000000000, 0.000000000000000000, 1.000000000000000000 ) ) ;
#2726 = CARTESIAN_POINT ( 'NONE',  ( 1.408343819019456028E-16, -9.525000000000057199, 4.250000000000001776 ) ) ;
#2727 = LINE ( 'NONE', #2700, #2469 ) ;
#2728 = AXIS2_PLACEMENT_3D ( 'NONE', #2689, #2924, #2935 ) ;
#2729 = DIRECTION ( 'NONE',  ( 1.000000000000000000, 0.000000000000000000, 0.000000000000000000 ) ) ;
#2730 = EDGE_LOOP ( 'NONE', ( #1597, #3022, #2953, #1891 ) ) ;
#2731 = AXIS2_PLACEMENT_3D ( 'NONE', #993, #1671, #2203 ) ;
#2732 = ORIENTED_EDGE ( 'NONE', *, *, #608, .F. ) ;
#2733 = SECURITY_CLASSIFICATION_LEVEL ( 'unclassified' ) ;
#2734 = AXIS2_PLACEMENT_3D ( 'NONE', #3056, #1802, #1991 ) ;
#2735 = ORIENTED_EDGE ( 'NONE', *, *, #1960, .F. ) ;
#2736 = CIRCLE ( 'NONE', #3147, 3.174999999999999822 ) ;
#2737 = FACE_OUTER_BOUND ( 'NONE', #2407, .T. ) ;
#2738 = CARTESIAN_POINT ( 'NONE',  ( 19.70000000000027285, 1.836970198720827246E-15, -14.99999999999834799 ) ) ;
#2739 = DIRECTION ( 'NONE',  ( 0.000000000000000000, 0.000000000000000000, 1.000000000000000000 ) ) ;
#2740 = CARTESIAN_POINT ( 'NONE',  ( 9.179979922149335891, -3.149808362375213999, 0.08107999114723893341 ) ) ;
#2741 = AXIS2_PLACEMENT_3D ( 'NONE', #748, #2443, #1196 ) ;
#2742 = DIRECTION ( 'NONE',  ( -1.000000000000000000, 0.000000000000000000, 0.000000000000000000 ) ) ;
#2743 = CARTESIAN_POINT ( 'NONE',  ( 38.04464849366902968, 0.000000000000000000, -6.299999999999999822 ) ) ;
#2744 = EDGE_CURVE ( 'NONE', #637, #124, #114, .T. ) ;
#2745 = EDGE_LOOP ( 'NONE', ( #2856, #2253, #3038, #2111 ) ) ;
#2746 = AXIS2_PLACEMENT_3D ( 'NONE', #1807, #289, #2278 ) ;
#2747 = CC_DESIGN_PERSON_AND_ORGANIZATION_ASSIGNMENT ( #2550, #645, ( #512 ) ) ;
#2748 = AXIS2_PLACEMENT_3D ( 'NONE', #160, #1227, #2204 ) ;
#2749 = ORIENTED_EDGE ( 'NONE', *, *, #2338, .T. ) ;
#2750 = PERSON_AND_ORGANIZATION_ROLE ( 'design_owner' ) ;
#2751 = AXIS2_PLACEMENT_3D ( 'NONE', #830, #2295, #128 ) ;
#2752 = EDGE_LOOP ( 'NONE', ( #604, #2664, #1815, #399 ) ) ;
#2753 = SHAPE_REPRESENTATION ( '316L-VU-KF16-TB4-L20', ( #1962 ), #2011 ) ;
#2754 = FACE_BOUND ( 'NONE', #2352, .T. ) ;
#2755 = EDGE_CURVE ( 'NONE', #1344, #685, #1946, .T. ) ;
#2756 = VECTOR ( 'NONE', #1186, 1000.000000000000114 ) ;
#2757 = ADVANCED_FACE ( 'NONE', ( #982 ), #1963, .F. ) ;
#2758 = CARTESIAN_POINT ( 'NONE',  ( -5.499261314031233638, 9.524999999999979039, 0.8507386859688200742 ) ) ;
#2759 = CARTESIAN_POINT ( 'NONE',  ( -1.149942193696761317, 6.336500055598310865, 5.550792752754645676 ) ) ;
#2760 = CC_DESIGN_APPROVAL ( #2429, ( #3116 ) ) ;
#2761 = DIRECTION ( 'NONE',  ( 0.000000000000000000, 0.000000000000000000, 1.000000000000000000 ) ) ;
#2762 = DIRECTION ( 'NONE',  ( -0.000000000000000000, -0.000000000000000000, -1.000000000000000000 ) ) ;
#2763 =( GEOMETRIC_REPRESENTATION_CONTEXT ( 3 ) GLOBAL_UNCERTAINTY_ASSIGNED_CONTEXT ( ( #1778 ) ) GLOBAL_UNIT_ASSIGNED_CONTEXT ( ( #1755, #1995, #215 ) ) REPRESENTATION_CONTEXT ( 'NONE', 'WORKASPACE' ) );
#2764 = EDGE_CURVE ( 'NONE', #2561, #2029, #538, .T. ) ;
#2765 = PERSON ( 'NAUO-PER1', 'UNSPECIFIED', 'UNSPECIFIED', ('UNSPECIFIED'), ('UNSPECIFIED'), ('UNSPECIFIED') ) ;
#2766 = AXIS2_PLACEMENT_3D ( 'NONE', #1628, #1922, #643 ) ;
#2767 = VERTEX_POINT ( 'NONE', #979 ) ;
#2768 = APPROVAL_ROLE ( '' ) ;
#2769 = ORIENTED_EDGE ( 'NONE', *, *, #2813, .T. ) ;
#2770 = B_SPLINE_CURVE_WITH_KNOTS ( 'NONE', 3,
 ( #1255, #1988, #2232, #2258, #2289, #57, #1050, #802, #2759, #564, #1066, #821, #1818, #2466, #432, #88, #2162, #1080 ),
 .UNSPECIFIED., .F., .F.,
 ( 4, 2, 2, 2, 2, 2, 2, 2, 4 ),
 ( 2.507948295077200006E-19, 0.0004503319256778573324, 0.0009006638513557143396, 0.001350995777033571401, 0.001801327702711428462, 0.002251659628389285957, 0.002701991554067142802, 0.003152323479744999647, 0.003602655405422856925 ),
 .UNSPECIFIED. ) ;
#2771 = FACE_BOUND ( 'NONE', #1357, .T. ) ;
#2772 = FACE_BOUND ( 'NONE', #1142, .T. ) ;
#2773 = EDGE_CURVE ( 'NONE', #3151, #100, #2736, .T. ) ;
#2774 = ORIENTED_EDGE ( 'NONE', *, *, #594, .T. ) ;
#2775 = DIRECTION ( 'NONE',  ( 0.000000000000000000, 0.000000000000000000, 1.000000000000000000 ) ) ;
#2776 = CARTESIAN_POINT ( 'NONE',  ( 43.34464849366903394, 0.000000000000000000, 3.174999999999999822 ) ) ;
#2777 = VECTOR ( 'NONE', #1019, 1000.000000000000000 ) ;
#2778 = VECTOR ( 'NONE', #514, 1000.000000000000000 ) ;
#2779 = CARTESIAN_POINT ( 'NONE',  ( -7.317451158458278648, -6.375802811646489765, 17.50207492918111285 ) ) ;
#2780 = ORIENTED_EDGE ( 'NONE', *, *, #2439, .F. ) ;
#2781 = SHAPE_DEFINITION_REPRESENTATION ( #930, #25 ) ;
#2782 = VERTEX_POINT ( 'NONE', #1471 ) ;
#2783 = DATE_TIME_ROLE ( 'classification_date' ) ;
#2784 = CARTESIAN_POINT ( 'NONE',  ( -0.5786754254455935831, -6.415449022909604615, 4.394969322151905722 ) ) ;
#2785 = CARTESIAN_POINT ( 'NONE',  ( 0.000000000000000000, 0.000000000000000000, 0.000000000000000000 ) ) ;
#2786 = VECTOR ( 'NONE', #1198, 1000.000000000000000 ) ;
#2787 = ORIENTED_EDGE ( 'NONE', *, *, #2992, .T. ) ;
#2788 = CARTESIAN_POINT ( 'NONE',  ( -13.41771913849730069, 0.000000000000000000, 15.35253755750896687 ) ) ;
#2789 = EDGE_CURVE ( 'NONE', #1029, #3086, #581, .T. ) ;
#2790 = CIRCLE ( 'NONE', #1573, 0.1999999999999996503 ) ;
#2791 = APPROVAL_STATUS ( 'not_yet_approved' ) ;
#2792 = CARTESIAN_POINT ( 'NONE',  ( 35.64464849366903110, 0.000000000000000000, -5.674999999999999822 ) ) ;
#2793 = ORIENTED_EDGE ( 'NONE', *, *, #2985, .F. ) ;
#2794 = APPROVAL_ROLE ( '' ) ;
#2795 = ORIENTED_EDGE ( 'NONE', *, *, #2134, .F. ) ;
#2796 = APPROVAL_DATE_TIME ( #2969, #2002 ) ;
#2797 = DIRECTION ( 'NONE',  ( -1.000000000000000000, 0.000000000000000000, 0.000000000000000000 ) ) ;
#2798 = ORIENTED_EDGE ( 'NONE', *, *, #1960, .T. ) ;
#2799 = DIRECTION ( 'NONE',  ( 0.000000000000000000, 0.000000000000000000, 1.000000000000000000 ) ) ;
#2800 = DATE_AND_TIME ( #1609, #2958 ) ;
#2801 = PLANE ( 'NONE',  #606 ) ;
#2802 = AXIS2_PLACEMENT_3D ( 'NONE', #1324, #92, #141 ) ;
#2803 = ORIENTED_EDGE ( 'NONE', *, *, #2408, .F. ) ;
#2804 = CARTESIAN_POINT ( 'NONE',  ( 0.000000000000000000, 0.000000000000000000, 17.10000000000000142 ) ) ;
#2805 = EDGE_LOOP ( 'NONE', ( #3006, #2576, #2939, #858 ) ) ;
#2806 = B_SPLINE_CURVE_WITH_KNOTS ( 'NONE', 3,
 ( #388, #910, #112, #1381, #2376, #2826, #3050, #2359 ),
 .UNSPECIFIED., .F., .F.,
 ( 4, 2, 2, 4 ),
 ( 0.005564589980275988848, 0.006950476802621102096, 0.008336363624966215344, 0.01110813726965644531 ),
 .UNSPECIFIED. ) ;
#2807 = APPROVAL_STATUS ( 'not_yet_approved' ) ;
#2808 = ORIENTED_EDGE ( 'NONE', *, *, #2670, .T. ) ;
#2809 = CARTESIAN_POINT ( 'NONE',  ( 39.24464849366903962, 0.000000000000000000, 0.000000000000000000 ) ) ;
#2810 = DIRECTION ( 'NONE',  ( -1.000000000000000000, -0.000000000000000000, -0.000000000000000000 ) ) ;
#2811 = CARTESIAN_POINT ( 'NONE',  ( 35.64464849366903110, 0.000000000000000000, 0.000000000000000000 ) ) ;
#2812 = ORIENTED_EDGE ( 'NONE', *, *, #1441, .F. ) ;
#2813 = EDGE_CURVE ( 'NONE', #825, #562, #1568, .T. ) ;
#2814 = DIRECTION ( 'NONE',  ( 1.000000000000000000, 0.000000000000000000, 0.000000000000000000 ) ) ;
#2815 = DIRECTION ( 'NONE',  ( -1.000000000000000000, -0.000000000000000000, -0.000000000000000000 ) ) ;
#2816 = AXIS2_PLACEMENT_3D ( 'NONE', #1804, #2762, #715 ) ;
#2817 = DIRECTION ( 'NONE',  ( -1.000000000000000000, -0.000000000000000000, -0.000000000000000000 ) ) ;
#2818 = ITEM_DEFINED_TRANSFORMATION ( 'NONE', 'NONE', #2614,  #1962 ) ;
#2819 = CARTESIAN_POINT ( 'NONE',  ( 10.99852262806237846, 0.000000000000000000, 17.60000000000000142 ) ) ;
#2820 = VERTEX_POINT ( 'NONE', #2153 ) ;
#2821 = TOROIDAL_SURFACE ( 'NONE', #940, 3.915000000000001812, 0.7999999999999973799 ) ;
#2822 = EDGE_LOOP ( 'NONE', ( #2133, #271, #1493, #2389 ) ) ;
#2823 = DATE_TIME_ROLE ( 'classification_date' ) ;
#2824 = ORIENTED_EDGE ( 'NONE', *, *, #2221, .F. ) ;
#2825 = CARTESIAN_POINT ( 'NONE',  ( -5.050000000000013145, 6.184466335694148845E-16, 0.000000000000000000 ) ) ;
#2826 = CARTESIAN_POINT ( 'NONE',  ( 10.09741881116689299, 1.560757593757219563, 0.3778458271643921340 ) ) ;
#2827 = CARTESIAN_POINT ( 'NONE',  ( 0.000000000000000000, 0.000000000000000000, 4.449999999999999289 ) ) ;
#2828 = VERTEX_POINT ( 'NONE', #1444 ) ;
#2829 = CARTESIAN_POINT ( 'NONE',  ( 17.40000000000030411, 0.000000000000000000, 0.000000000000000000 ) ) ;
#2830 = EDGE_CURVE ( 'NONE', #2573, #2369, #2691, .T. ) ;
#2831 = LINE ( 'NONE', #1626, #2626 ) ;
#2832 = CIRCLE ( 'NONE', #786, 4.171659367082225067 ) ;
#2833 = AXIS2_PLACEMENT_3D ( 'NONE', #2811, #603, #1605 ) ;
#2834 = PLANE ( 'NONE',  #2734 ) ;
#2835 = PRODUCT_DEFINITION_SHAPE ( 'NONE', 'NONE',  #817 ) ;
#2836 = CARTESIAN_POINT ( 'NONE',  ( -5.050000000000002487, 0.000000000000000000, -3.000000000000000000 ) ) ;
#2837 = DIRECTION ( 'NONE',  ( -1.000000000000000000, -0.000000000000000000, -0.000000000000000000 ) ) ;
#2838 = PERSON_AND_ORGANIZATION_ROLE ( 'classification_officer' ) ;
#2839 = DIRECTION ( 'NONE',  ( 0.000000000000000000, 1.000000000000000000, 0.000000000000000000 ) ) ;
#2840 = EDGE_LOOP ( 'NONE', ( #1410, #2707, #2484, #932 ) ) ;
#2841 = EDGE_CURVE ( 'NONE', #1606, #3043, #2189, .T. ) ;
#2842 = EDGE_LOOP ( 'NONE', ( #362, #539, #1998 ) ) ;
#2843 = CALENDAR_DATE ( 2025, 5, 7 ) ;
#2844 = AXIS2_PLACEMENT_3D ( 'NONE', #781, #1547, #2296 ) ;
#2845 = ORIENTED_EDGE ( 'NONE', *, *, #1951, .T. ) ;
#2846 = CARTESIAN_POINT ( 'NONE',  ( -6.440000000000000391, 0.000000000000000000, 0.000000000000000000 ) ) ;
#2847 = DIRECTION ( 'NONE',  ( 0.000000000000000000, 0.000000000000000000, 1.000000000000000000 ) ) ;
#2848 = ORIENTED_EDGE ( 'NONE', *, *, #2764, .T. ) ;
#2849 = DIRECTION ( 'NONE',  ( 0.000000000000000000, 0.000000000000000000, 1.000000000000000000 ) ) ;
#2850 = FACE_BOUND ( 'NONE', #3171, .T. ) ;
#2851 = APPROVAL ( #2807, '未指定' ) ;
#2852 = CARTESIAN_POINT ( 'NONE',  ( 1.006550781153894234E-13, -9.525000000000000355, 17.60000000000000142 ) ) ;
#2853 = CARTESIAN_POINT ( 'NONE',  ( 17.80000000000026006, 0.000000000000000000, 8.199999999998208722 ) ) ;
#2854 = COORDINATED_UNIVERSAL_TIME_OFFSET ( 8, 0, .AHEAD. ) ;
#2855 = CARTESIAN_POINT ( 'NONE',  ( -4.549999999999999822, 5.572142936120457327E-16, -3.000000000000000000 ) ) ;
#2856 = ORIENTED_EDGE ( 'NONE', *, *, #2858, .F. ) ;
#2857 = PERSON_AND_ORGANIZATION ( #312, #1545 ) ;
#2858 = EDGE_CURVE ( 'NONE', #1618, #2029, #1611, .T. ) ;
#2859 = EDGE_LOOP ( 'NONE', ( #1673, #2010, #1071, #807 ) ) ;
#2860 = SECURITY_CLASSIFICATION ( '', '', #1657 ) ;
#2861 = CARTESIAN_POINT ( 'NONE',  ( 5.499261314031300252, -9.524999999999941735, 16.74926131403118035 ) ) ;
#2862 = LINE ( 'NONE', #1916, #2496 ) ;
#2863 = DIRECTION ( 'NONE',  ( 0.000000000000000000, 0.000000000000000000, 1.000000000000000000 ) ) ;
#2864 = ORIENTED_EDGE ( 'NONE', *, *, #926, .T. ) ;
#2865 = PLANE ( 'NONE',  #1798 ) ;
#2866 = DIRECTION ( 'NONE',  ( -1.000000000000000000, 0.000000000000000000, 0.000000000000000000 ) ) ;
#2867 = EDGE_CURVE ( 'NONE', #2645, #1558, #2325, .T. ) ;
#2868 = CARTESIAN_POINT ( 'NONE',  ( 3.709163999463268802, -9.524999999999961275, 17.21970371548185952 ) ) ;
#2869 = DIRECTION ( 'NONE',  ( 0.000000000000000000, 0.000000000000000000, 1.000000000000000000 ) ) ;
#2870 = CARTESIAN_POINT ( 'NONE',  ( -2.581473850271385324E-16, -6.440000000000000391, 6.550000000000001599 ) ) ;
#2871 = ORIENTED_EDGE ( 'NONE', *, *, #1549, .T. ) ;
#2872 = CIRCLE ( 'NONE', #937, 14.99999999999834799 ) ;
#2873 = CARTESIAN_POINT ( 'NONE',  ( 0.000000000000000000, 0.000000000000000000, -3.000000000000000000 ) ) ;
#2874 = ORIENTED_EDGE ( 'NONE', *, *, #2991, .F. ) ;
#2875 = APPROVAL_DATE_TIME ( #3065, #1680 ) ;
#2876 = ORIENTED_EDGE ( 'NONE', *, *, #739, .F. ) ;
#2877 = DIRECTION ( 'NONE',  ( 0.7071067811865474617, 8.659560562354932858E-17, 0.7071067811865474617 ) ) ;
#2878 = CARTESIAN_POINT ( 'NONE',  ( 0.000000000000000000, 0.000000000000000000, -0.5000000000000143219 ) ) ;
#2879 = ORIENTED_EDGE ( 'NONE', *, *, #1084, .F. ) ;
#2880 = CIRCLE ( 'NONE', #955, 5.674999999999999822 ) ;
#2881 = CARTESIAN_POINT ( 'NONE',  ( -10.54871925222717444, -0.7790823003626276000, 17.00895541415241397 ) ) ;
#2882 = DIRECTION ( 'NONE',  ( 0.000000000000000000, 0.000000000000000000, 1.000000000000000000 ) ) ;
#2883 = EDGE_CURVE ( 'NONE', #2171, #2281, #2832, .T. ) ;
#2884 = AXIS2_PLACEMENT_3D ( 'NONE', #1226, #235, #2218 ) ;
#2885 = DIRECTION ( 'NONE',  ( 0.000000000000000000, 0.000000000000000000, 1.000000000000000000 ) ) ;
#2886 = FACE_OUTER_BOUND ( 'NONE', #1103, .T. ) ;
#2887 = CARTESIAN_POINT ( 'NONE',  ( 35.04464849366903678, 0.000000000000000000, 0.000000000000000000 ) ) ;
#2888 = CIRCLE ( 'NONE', #1221, 14.77764571352868650 ) ;
#2889 = CONICAL_SURFACE ( 'NONE', #1515, 14.77764571352868650, 1.308996938995556025 ) ;
#2890 = ORIENTED_EDGE ( 'NONE', *, *, #1070, .F. ) ;
#2891 = CARTESIAN_POINT ( 'NONE',  ( -5.949064689866423450, 8.745917699637425713, 17.00895541415241397 ) ) ;
#2892 = EDGE_CURVE ( 'NONE', #1274, #450, #951, .T. ) ;
#2893 = EDGE_CURVE ( 'NONE', #1558, #2645, #437, .T. ) ;
#2894 = CONICAL_SURFACE ( 'NONE', #959, 3.222179676972455997, 0.5235987755983015912 ) ;
#2895 = ORIENTED_EDGE ( 'NONE', *, *, #2118, .T. ) ;
#2896 = ADVANCED_FACE ( 'NONE', ( #2886 ), #1159, .F. ) ;
#2897 = CARTESIAN_POINT ( 'NONE',  ( 1.869027305895909707, 9.525000000000005684, 17.50151665157096659 ) ) ;
#2898 = VERTEX_POINT ( 'NONE', #221 ) ;
#2899 = DIRECTION ( 'NONE',  ( -1.000000000000000000, -0.000000000000000000, -0.000000000000000000 ) ) ;
#2900 = DIRECTION ( 'NONE',  ( -1.000000000000000000, -0.000000000000000000, -0.000000000000000000 ) ) ;
#2901 = EDGE_CURVE ( 'NONE', #1274, #747, #2490, .T. ) ;
#2902 = DIRECTION ( 'NONE',  ( 0.000000000000000000, 0.000000000000000000, 1.000000000000000000 ) ) ;
#2903 = TOROIDAL_SURFACE ( 'NONE', #1652, 3.675000000000316902, 0.4999999999999449329 ) ;
#2904 = DIRECTION ( 'NONE',  ( 0.000000000000000000, 0.000000000000000000, 1.000000000000000000 ) ) ;
#2905 = DIRECTION ( 'NONE',  ( 0.000000000000000000, 0.000000000000000000, 1.000000000000000000 ) ) ;
#2906 = AXIS2_PLACEMENT_3D ( 'NONE', #1620, #2592, #1380 ) ;
#2907 = FACE_OUTER_BOUND ( 'NONE', #1952, .T. ) ;
#2908 = DIRECTION ( 'NONE',  ( 1.000000000000000000, 0.000000000000000000, 0.000000000000000000 ) ) ;
#2909 = EDGE_LOOP ( 'NONE', ( #2803, #510, #18, #630 ) ) ;
#2910 = EDGE_CURVE ( 'NONE', #2305, #1894, #219, .T. ) ;
#2911 = CARTESIAN_POINT ( 'NONE',  ( 0.7080109050740722720, 6.401849294338797236, 6.318474458346654110 ) ) ;
#2912 = PERSON_AND_ORGANIZATION ( #312, #1545 ) ;
#2913 = ORIENTED_EDGE ( 'NONE', *, *, #1643, .F. ) ;
#2914 = CC_DESIGN_APPROVAL ( #2526, ( #819 ) ) ;
#2915 = FACE_OUTER_BOUND ( 'NONE', #360, .T. ) ;
#2916 = DIRECTION ( 'NONE',  ( 0.000000000000000000, 0.000000000000000000, 1.000000000000000000 ) ) ;
#2917 = ADVANCED_FACE ( 'NONE', ( #1458 ), #190, .T. ) ;
#2918 = VECTOR ( 'NONE', #3165, 1000.000000000000000 ) ;
#2919 = DIRECTION ( 'NONE',  ( 0.000000000000000000, 0.000000000000000000, 1.000000000000000000 ) ) ;
#2920 = DIRECTION ( 'NONE',  ( 0.000000000000000000, 0.000000000000000000, 1.000000000000000000 ) ) ;
#2921 = CARTESIAN_POINT ( 'NONE',  ( 4.549999999999999822, 0.000000000000000000, -0.5000000000000143219 ) ) ;
#2922 = ORIENTED_EDGE ( 'NONE', *, *, #1496, .F. ) ;
#2923 = EDGE_CURVE ( 'NONE', #2898, #616, #43, .T. ) ;
#2924 = DIRECTION ( 'NONE',  ( -1.000000000000000000, -0.000000000000000000, -0.000000000000000000 ) ) ;
#2925 = DIRECTION ( 'NONE',  ( 0.000000000000000000, -1.000000000000000000, 0.000000000000000000 ) ) ;
#2926 = CIRCLE ( 'NONE', #159, 8.199999999998208722 ) ;
#2927 = EDGE_LOOP ( 'NONE', ( #2793, #2974, #2012, #1193, #2532, #2149 ) ) ;
#2928 = AXIS2_PLACEMENT_3D ( 'NONE', #436, #185, #2635 ) ;
#2929 = CARTESIAN_POINT ( 'NONE',  ( 37.84464849366903394, 0.000000000000000000, 0.000000000000000000 ) ) ;
#2930 = DIRECTION ( 'NONE',  ( 0.7071067811865474617, 0.000000000000000000, -0.7071067811865474617 ) ) ;
#2931 = EDGE_CURVE ( 'NONE', #655, #2252, #1735, .T. ) ;
#2932 = CARTESIAN_POINT ( 'NONE',  ( 0.000000000000000000, 1.836970198720827246E-15, -14.99999999999834799 ) ) ;
#2933 = DIRECTION ( 'NONE',  ( -1.000000000000000000, -0.000000000000000000, -0.000000000000000000 ) ) ;
#2934 = CARTESIAN_POINT ( 'NONE',  ( 52.94464849366903536, 0.000000000000000000, 2.299999999999999822 ) ) ;
#2935 = DIRECTION ( 'NONE',  ( 0.000000000000000000, 0.000000000000000000, 1.000000000000000000 ) ) ;
#2936 = ORIENTED_EDGE ( 'NONE', *, *, #2071, .T. ) ;
#2937 = AXIS2_PLACEMENT_3D ( 'NONE', #2656, #1709, #456 ) ;
#2938 = CARTESIAN_POINT ( 'NONE',  ( 37.84464849366903394, 0.000000000000000000, 5.674999999999999822 ) ) ;
#2939 = ORIENTED_EDGE ( 'NONE', *, *, #996, .F. ) ;
#2940 = ORIENTED_EDGE ( 'NONE', *, *, #1782, .F. ) ;
#2941 = AXIS2_PLACEMENT_3D ( 'NONE', #327, #2535, #1796 ) ;
#2942 = CARTESIAN_POINT ( 'NONE',  ( 6.940000000000001279, 0.000000000000000000, 17.60000000000000142 ) ) ;
#2943 = CARTESIAN_POINT ( 'NONE',  ( 0.000000000000000000, 2.816687638039417913E-16, -2.300000000000412825 ) ) ;
#2944 = LINE ( 'NONE', #2713, #3012 ) ;
#2945 = DIRECTION ( 'NONE',  ( 0.000000000000000000, -0.000000000000000000, 1.000000000000000000 ) ) ;
#2946 = DIRECTION ( 'NONE',  ( -0.000000000000000000, -0.000000000000000000, -1.000000000000000000 ) ) ;
#2947 = CARTESIAN_POINT ( 'NONE',  ( 16.94042034850728840, 0.000000000000000000, 0.000000000000000000 ) ) ;
#2948 = EDGE_LOOP ( 'NONE', ( #390, #1658, #347, #2989 ) ) ;
#2949 = ADVANCED_FACE ( 'NONE', ( #1749 ), #2441, .F. ) ;
#2950 = CIRCLE ( 'NONE', #2751, 0.4999999999999449329 ) ;
#2951 = DIRECTION ( 'NONE',  ( 0.000000000000000000, 0.000000000000000000, 1.000000000000000000 ) ) ;
#2952 = EDGE_LOOP ( 'NONE', ( #3136, #1362 ) ) ;
#2953 = ORIENTED_EDGE ( 'NONE', *, *, #2764, .F. ) ;
#2954 = CARTESIAN_POINT ( 'NONE',  ( 14.50000000000084555, 0.000000000000000000, 0.000000000000000000 ) ) ;
#2955 = CARTESIAN_POINT ( 'NONE',  ( 39.44464849366902826, 0.000000000000000000, 0.000000000000000000 ) ) ;
#2956 = AXIS2_PLACEMENT_3D ( 'NONE', #1083, #3030, #1121 ) ;
#2957 = LOCAL_TIME ( 17, 44, 26.00000000000000000, #1154 ) ;
#2958 = LOCAL_TIME ( 17, 44, 26.00000000000000000, #2854 ) ;
#2959 = ADVANCED_FACE ( 'NONE', ( #2961, #1553 ), #518, .F. ) ;
#2960 = FACE_OUTER_BOUND ( 'NONE', #690, .T. ) ;
#2961 = FACE_BOUND ( 'NONE', #1850, .T. ) ;
#2962 = FACE_OUTER_BOUND ( 'NONE', #2909, .T. ) ;
#2963 = DIRECTION ( 'NONE',  ( -1.000000000000000000, -0.000000000000000000, -0.000000000000000000 ) ) ;
#2964 = ORIENTED_EDGE ( 'NONE', *, *, #3067, .T. ) ;
#2965 = ORIENTED_EDGE ( 'NONE', *, *, #2789, .F. ) ;
#2966 = PERSON_AND_ORGANIZATION ( #312, #1545 ) ;
#2967 = B_SPLINE_CURVE_WITH_KNOTS ( 'NONE', 3,
 ( #2861, #2390, #928, #2611, #909, #1915 ),
 .UNSPECIFIED., .F., .F.,
 ( 4, 2, 4 ),
 ( 2.380730676607476599E-07, 0.002782414026671791493, 0.005564589980275919459 ),
 .UNSPECIFIED. ) ;
#2968 = ORIENTED_EDGE ( 'NONE', *, *, #499, .F. ) ;
#2969 = DATE_AND_TIME ( #1074, #3062 ) ;
#2970 = AXIS2_PLACEMENT_3D ( 'NONE', #472, #1651, #1393 ) ;
#2971 = CIRCLE ( 'NONE', #1343, 9.525000000000000355 ) ;
#2972 = DIRECTION ( 'NONE',  ( 0.000000000000000000, 0.000000000000000000, 1.000000000000000000 ) ) ;
#2973 = FACE_BOUND ( 'NONE', #22, .T. ) ;
#2974 = ORIENTED_EDGE ( 'NONE', *, *, #1321, .F. ) ;
#2975 = AXIS2_PLACEMENT_3D ( 'NONE', #1368, #1866, #134 ) ;
#2976 = ADVANCED_FACE ( 'NONE', ( #301 ), #2640, .T. ) ;
#2977 = CARTESIAN_POINT ( 'NONE',  ( 17.10000000000100329, 0.000000000000000000, 2.300000000000412825 ) ) ;
#2978 = CARTESIAN_POINT ( 'NONE',  ( 10.54871925222719220, -0.7790823003625484411, 0.5910445858475915637 ) ) ;
#2979 = CARTESIAN_POINT ( 'NONE',  ( -10.09741881116690543, 1.560757593757150952, 17.22215417283561223 ) ) ;
#2980 = CC_DESIGN_DATE_AND_TIME_ASSIGNMENT ( #1854, #2566, ( #1292 ) ) ;
#2981 = CARTESIAN_POINT ( 'NONE',  ( 40.44464849366903536, 5.449678256205720798E-16, 4.449999999999999289 ) ) ;
#2982 = EDGE_CURVE ( 'NONE', #2128, #685, #755, .T. ) ;
#2983 = AXIS2_PLACEMENT_3D ( 'NONE', #2804, #2382, #1188 ) ;
#2984 = DIRECTION ( 'NONE',  ( 0.000000000000000000, -1.000000000000000000, 0.000000000000000000 ) ) ;
#2985 = EDGE_CURVE ( 'NONE', #161, #1420, #1788, .T. ) ;
#2986 = VERTEX_POINT ( 'NONE', #2726 ) ;
#2987 = COORDINATED_UNIVERSAL_TIME_OFFSET ( 8, 0, .AHEAD. ) ;
#2988 = AXIS2_PLACEMENT_3D ( 'NONE', #303, #1024, #2234 ) ;
#2989 = ORIENTED_EDGE ( 'NONE', *, *, #1460, .T. ) ;
#2990 = CIRCLE ( 'NONE', #2077, 9.525000000000000355 ) ;
#2991 = EDGE_CURVE ( 'NONE', #856, #927, #1267, .T. ) ;
#2992 = EDGE_CURVE ( 'NONE', #1743, #854, #2495, .T. ) ;
#2993 = DIRECTION ( 'NONE',  ( -0.000000000000000000, 1.000000000000000000, -0.000000000000000000 ) ) ;
#2994 = DIRECTION ( 'NONE',  ( -0.000000000000000000, 0.000000000000000000, 1.000000000000000000 ) ) ;
#2995 = EDGE_CURVE ( 'NONE', #886, #1618, #1983, .T. ) ;
#2996 = FACE_OUTER_BOUND ( 'NONE', #1981, .T. ) ;
#2997 = CARTESIAN_POINT ( 'NONE',  ( 0.000000000000000000, 0.000000000000000000, 0.000000000000000000 ) ) ;
#2998 = AXIS2_PLACEMENT_3D ( 'NONE', #1364, #2145, #365 ) ;
#2999 = CARTESIAN_POINT ( 'NONE',  ( 5.949064689866363054, 8.745917699637464793, 0.5910445858475869008 ) ) ;
#3000 = EDGE_CURVE ( 'NONE', #2471, #747, #111, .T. ) ;
#3001 = CYLINDRICAL_SURFACE ( 'NONE', #2442, 2.300000000000412825 ) ;
#3002 = VERTEX_POINT ( 'NONE', #784 ) ;
#3003 = CIRCLE ( 'NONE', #1276, 4.449999999999999289 ) ;
#3004 =( REPRESENTATION_RELATIONSHIP ('NONE','NONE', #25, #2753 ) REPRESENTATION_RELATIONSHIP_WITH_TRANSFORMATION ( #3075 )SHAPE_REPRESENTATION_RELATIONSHIP( ) );
#3005 = EDGE_CURVE ( 'NONE', #1213, #2474, #534, .T. ) ;
#3006 = ORIENTED_EDGE ( 'NONE', *, *, #515, .T. ) ;
#3007 = PERSON_AND_ORGANIZATION_ROLE ( 'classification_officer' ) ;
#3008 = ORIENTED_EDGE ( 'NONE', *, *, #59, .T. ) ;
#3009 = DIRECTION ( 'NONE',  ( -1.000000000000000000, 0.000000000000000000, 0.000000000000000000 ) ) ;
#3010 = CARTESIAN_POINT ( 'NONE',  ( 39.64464849366903110, 0.000000000000000000, 4.171659367082225067 ) ) ;
#3011 = EDGE_LOOP ( 'NONE', ( #1451, #2876, #1319, #2322 ) ) ;
#3012 = VECTOR ( 'NONE', #1456, 1000.000000000000114 ) ;
#3013 = UNCERTAINTY_MEASURE_WITH_UNIT (LENGTH_MEASURE( 1.000000000000000082E-05 ), #1322, 'distance_accuracy_value', 'NONE');
#3014 = CARTESIAN_POINT ( 'NONE',  ( 35.04464849366903678, 0.000000000000000000, 0.000000000000000000 ) ) ;
#3015 = DIRECTION ( 'NONE',  ( 1.000000000000000000, 0.000000000000000000, -0.000000000000000000 ) ) ;
#3016 = LOCAL_TIME ( 17, 44, 26.00000000000000000, #3041 ) ;
#3017 = CARTESIAN_POINT ( 'NONE',  ( -7.781140988492865063, -5.572668467073627951, 17.57989171664805639 ) ) ;
#3018 = EDGE_CURVE ( 'NONE', #2690, #2128, #1682, .T. ) ;
#3019 = CONICAL_SURFACE ( 'NONE', #1394, 13.41771913849730069, 1.047197551196595633 ) ;
#3020 = ORIENTED_EDGE ( 'NONE', *, *, #584, .F. ) ;
#3021 = DATE_AND_TIME ( #2074, #2669 ) ;
#3022 = ORIENTED_EDGE ( 'NONE', *, *, #2858, .T. ) ;
#3023 = CARTESIAN_POINT ( 'NONE',  ( -0.3018256826720279173, -6.434419373249308016, 4.280244147722369163 ) ) ;
#3024 = DIRECTION ( 'NONE',  ( -1.000000000000000000, 0.000000000000000000, 0.000000000000000000 ) ) ;
#3025 = ORIENTED_EDGE ( 'NONE', *, *, #2549, .T. ) ;
#3026 = CARTESIAN_POINT ( 'NONE',  ( 0.000000000000000000, 0.000000000000000000, 17.10000000000000142 ) ) ;
#3027 = CIRCLE ( 'NONE', #679, 3.222179676972455997 ) ;
#3028 = VECTOR ( 'NONE', #862, 1000.000000000000114 ) ;
#3029 = APPROVAL_DATE_TIME ( #342, #2521 ) ;
#3030 = DIRECTION ( 'NONE',  ( -0.000000000000000000, 1.000000000000000000, -0.000000000000000000 ) ) ;
#3031 = ORIENTED_EDGE ( 'NONE', *, *, #2564, .T. ) ;
#3032 = APPROVAL_DATE_TIME ( #95, #2526 ) ;
#3033 = ORIENTED_EDGE ( 'NONE', *, *, #2931, .F. ) ;
#3034 = CARTESIAN_POINT ( 'NONE',  ( -0.7066204771846587018, -6.402008908317405655, 4.480403718308275884 ) ) ;
#3035 = FACE_OUTER_BOUND ( 'NONE', #1615, .T. ) ;
#3036 = CIRCLE ( 'NONE', #692, 1.149999999999999911 ) ;
#3037 = AXIS2_PLACEMENT_3D ( 'NONE', #1536, #1309, #1270 ) ;
#3038 = ORIENTED_EDGE ( 'NONE', *, *, #2037, .T. ) ;
#3039 = CONICAL_SURFACE ( 'NONE', #1687, 13.41771913849730069, 1.047197551196595633 ) ;
#3040 = AXIS2_PLACEMENT_3D ( 'NONE', #1076, #2062, #3024 ) ;
#3041 = COORDINATED_UNIVERSAL_TIME_OFFSET ( 8, 0, .AHEAD. ) ;
#3042 = CARTESIAN_POINT ( 'NONE',  ( -5.947941525219363257, -8.747863077871267379, 17.00830695474097354 ) ) ;
#3043 = VERTEX_POINT ( 'NONE', #2247 ) ;
#3044 = ORIENTED_EDGE ( 'NONE', *, *, #15, .F. ) ;
#3045 = APPROVAL_DATE_TIME ( #907, #2666 ) ;
#3046 = EDGE_CURVE ( 'NONE', #275, #1992, #694, .T. ) ;
#3047 = VERTEX_POINT ( 'NONE', #2004 ) ;
#3048 = CARTESIAN_POINT ( 'NONE',  ( -0.9194116169934670735, -6.374922439345238168, 6.106793499458254892 ) ) ;
#3049 = VECTOR ( 'NONE', #1710, 1000.000000000000000 ) ;
#3050 = CARTESIAN_POINT ( 'NONE',  ( 10.54984241687412272, 0.7771369221287953710, 0.5916930452590259959 ) ) ;
#3051 = CIRCLE ( 'NONE', #705, 2.299999999999999822 ) ;
#3052 = B_SPLINE_CURVE_WITH_KNOTS ( 'NONE', 3,
 ( #2673, #417, #903, #1890, #3145, #920 ),
 .UNSPECIFIED., .F., .F.,
 ( 4, 2, 4 ),
 ( 0.01002753371993827906, 0.01281024402042824431, 0.01559295432091821129 ),
 .UNSPECIFIED. ) ;
#3053 = EDGE_LOOP ( 'NONE', ( #96, #1846, #226, #1069 ) ) ;
#3054 = CARTESIAN_POINT ( 'NONE',  ( 6.440000000000000391, 7.886725386508954940E-16, 0.000000000000000000 ) ) ;
#3055 = CARTESIAN_POINT ( 'NONE',  ( 7.317451158458410987, -6.375802811646385848, 0.09792507081890376719 ) ) ;
#3056 = CARTESIAN_POINT ( 'NONE',  ( 5.499261314031167025, 9.525000000000019895, 17.60000000000000142 ) ) ;
#3057 = LINE ( 'NONE', #644, #3159 ) ;
#3058 = APPLICATION_CONTEXT ( 'configuration controlled 3d designs of mechanical parts and assemblies' ) ;
#3059 = DATE_TIME_ROLE ( 'classification_date' ) ;
#3060 = FACE_OUTER_BOUND ( 'NONE', #2385, .T. ) ;
#3061 = VERTEX_POINT ( 'NONE', #1280 ) ;
#3062 = LOCAL_TIME ( 17, 44, 26.00000000000000000, #1793 ) ;
#3063 = LOCAL_TIME ( 17, 44, 26.00000000000000000, #2013 ) ;
#3064 = ORIENTED_EDGE ( 'NONE', *, *, #1540, .T. ) ;
#3065 = DATE_AND_TIME ( #2090, #341 ) ;
#3066 = ORIENTED_EDGE ( 'NONE', *, *, #2355, .F. ) ;
#3067 = EDGE_CURVE ( 'NONE', #2607, #546, #2770, .T. ) ;
#3068 = CARTESIAN_POINT ( 'NONE',  ( 0.000000000000000000, 9.525000000000019895, 6.550000000000001599 ) ) ;
#3069 = CARTESIAN_POINT ( 'NONE',  ( 0.9187386942008176627, 6.375025472320112740, 4.692264857551853297 ) ) ;
#3070 = ORIENTED_EDGE ( 'NONE', *, *, #954, .F. ) ;
#3071 = FACE_OUTER_BOUND ( 'NONE', #2237, .T. ) ;
#3072 = DIRECTION ( 'NONE',  ( 0.000000000000000000, 0.000000000000000000, 1.000000000000000000 ) ) ;
#3073 = EDGE_CURVE ( 'NONE', #3086, #927, #949, .T. ) ;
#3074 = DIRECTION ( 'NONE',  ( -1.000000000000000000, 0.000000000000000000, 0.000000000000000000 ) ) ;
#3075 = ITEM_DEFINED_TRANSFORMATION ( 'NONE', 'NONE', #1390,  #1962 ) ;
#3076 = DIRECTION ( 'NONE',  ( 0.000000000000000000, 0.000000000000000000, 1.000000000000000000 ) ) ;
#3077 = ORIENTED_EDGE ( 'NONE', *, *, #1096, .T. ) ;
#3078 = CC_DESIGN_PERSON_AND_ORGANIZATION_ASSIGNMENT ( #2646, #887, ( #1135 ) ) ;
#3079 = APPLICATION_CONTEXT ( 'configuration controlled 3d designs of mechanical parts and assemblies' ) ;
#3080 = ORIENTED_EDGE ( 'NONE', *, *, #833, .T. ) ;
#3081 = COORDINATED_UNIVERSAL_TIME_OFFSET ( 8, 0, .AHEAD. ) ;
#3082 = ORIENTED_EDGE ( 'NONE', *, *, #2017, .T. ) ;
#3083 = PRODUCT_RELATED_PRODUCT_CATEGORY ( 'detail', '', ( #638 ) ) ;
#3084 = DIRECTION ( 'NONE',  ( 0.000000000000000000, 0.000000000000000000, 1.000000000000000000 ) ) ;
#3085 = DIRECTION ( 'NONE',  ( 1.000000000000000000, 0.000000000000000000, 0.000000000000000000 ) ) ;
#3086 = VERTEX_POINT ( 'NONE', #1436 ) ;
#3087 = CARTESIAN_POINT ( 'NONE',  ( 0.000000000000000000, 0.000000000000000000, -0.5000000000000143219 ) ) ;
#3088 = CARTESIAN_POINT ( 'NONE',  ( 1.006550781153894234E-13, -9.525000000000000355, 0.000000000000000000 ) ) ;
#3089 = AXIS2_PLACEMENT_3D ( 'NONE', #2378, #1864, #689 ) ;
#3090 = TOROIDAL_SURFACE ( 'NONE', #1054, 8.475000000000001421, 0.8000000000000000444 ) ;
#3091 = MANIFOLD_SOLID_BREP ( '旋转1', #1330 ) ;
#3092 = CARTESIAN_POINT ( 'NONE',  ( 1.408343819019456028E-16, -9.525000000000057199, 4.250000000000001776 ) ) ;
#3093 = EDGE_CURVE ( 'NONE', #1771, #1773, #2632, .T. ) ;
#3094 = DIRECTION ( 'NONE',  ( -0.7071067811865336949, 8.659560562355101724E-17, -0.7071067811865613395 ) ) ;
#3095 = CALENDAR_DATE ( 2025, 5, 7 ) ;
#3096 = CARTESIAN_POINT ( 'NONE',  ( 17.23019809639365363, 1.836970198720827246E-15, -14.99999999999834799 ) ) ;
#3097 = ORIENTED_EDGE ( 'NONE', *, *, #2463, .F. ) ;
#3098 = ORIENTED_EDGE ( 'NONE', *, *, #1352, .F. ) ;
#3099 = COORDINATED_UNIVERSAL_TIME_OFFSET ( 8, 0, .AHEAD. ) ;
#3100 = ORIENTED_EDGE ( 'NONE', *, *, #2893, .F. ) ;
#3101 = EDGE_CURVE ( 'NONE', #1172, #2595, #2033, .T. ) ;
#3102 = DIRECTION ( 'NONE',  ( -1.000000000000000000, -0.000000000000000000, -0.000000000000000000 ) ) ;
#3103 = EDGE_LOOP ( 'NONE', ( #2045, #749 ) ) ;
#3104 = CARTESIAN_POINT ( 'NONE',  ( -4.604223021015037887, -9.525000000000042988, 17.00763661373513003 ) ) ;
#3105 = CARTESIAN_POINT ( 'NONE',  ( 0.000000000000000000, 0.000000000000000000, -2.200000000000000178 ) ) ;
#3106 = CARTESIAN_POINT ( 'NONE',  ( 0.9324499088804767410, -9.524999999999989697, 17.58019026657241568 ) ) ;
#3107 = DIRECTION ( 'NONE',  ( -1.000000000000000000, 0.000000000000000000, 0.000000000000000000 ) ) ;
#3108 = DIRECTION ( 'NONE',  ( -0.000000000000000000, -0.000000000000000000, -1.000000000000000000 ) ) ;
#3109 = VERTEX_POINT ( 'NONE', #1901 ) ;
#3110 = DIRECTION ( 'NONE',  ( -1.000000000000000000, -0.000000000000000000, -0.000000000000000000 ) ) ;
#3111 = VERTEX_POINT ( 'NONE', #2539 ) ;
#3112 = AXIS2_PLACEMENT_3D ( 'NONE', #1595, #867, #122 ) ;
#3113 = DATE_AND_TIME ( #361, #1806 ) ;
#3114 = VERTEX_POINT ( 'NONE', #2179 ) ;
#3115 = ADVANCED_FACE ( 'NONE', ( #1181 ), #483, .T. ) ;
#3116 = SECURITY_CLASSIFICATION ( '', '', #1120 ) ;
#3117 = CARTESIAN_POINT ( 'NONE',  ( 17.80000000000026006, 0.000000000000000000, 0.000000000000000000 ) ) ;
#3118 = DIRECTION ( 'NONE',  ( -1.000000000000000000, -0.000000000000000000, -0.000000000000000000 ) ) ;
#3119 = ORIENTED_EDGE ( 'NONE', *, *, #3101, .T. ) ;
#3120 = CARTESIAN_POINT ( 'NONE',  ( -8.248891971046740323, -4.762500000000066791, 17.60000000000000142 ) ) ;
#3121 = DIRECTION ( 'NONE',  ( 0.000000000000000000, 0.000000000000000000, -1.000000000000000000 ) ) ;
#3122 = EDGE_CURVE ( 'NONE', #2573, #987, #636, .T. ) ;
#3123 = CC_DESIGN_DATE_AND_TIME_ASSIGNMENT ( #2589, #2823, ( #922 ) ) ;
#3124 = CARTESIAN_POINT ( 'NONE',  ( 43.34464849366903394, 0.000000000000000000, 0.000000000000000000 ) ) ;
#3125 = DIRECTION ( 'NONE',  ( -0.7071067811865474617, 8.659560562354932858E-17, -0.7071067811865474617 ) ) ;
#3126 = CARTESIAN_POINT ( 'NONE',  ( 0.000000000000000000, 9.525000000000019895, 5.400000000000002132 ) ) ;
#3127 = DIRECTION ( 'NONE',  ( -0.000000000000000000, -0.000000000000000000, -1.000000000000000000 ) ) ;
#3128 = VECTOR ( 'NONE', #2993, 1000.000000000000000 ) ;
#3129 = DIRECTION ( 'NONE',  ( -1.000000000000000000, 0.000000000000000000, 0.000000000000000000 ) ) ;
#3130 = APPROVAL_DATE_TIME ( #1192, #274 ) ;
#3131 = ORIENTED_EDGE ( 'NONE', *, *, #3018, .F. ) ;
#3132 = LINE ( 'NONE', #1683, #131 ) ;
#3133 = CARTESIAN_POINT ( 'NONE',  ( 5.499261314031167913, 9.525000000000019895, 0.8507386859688212954 ) ) ;
#3134 = EDGE_CURVE ( 'NONE', #473, #2333, #2284, .T. ) ;
#3135 = DIRECTION ( 'NONE',  ( 0.7071067811865474617, 0.000000000000000000, 0.7071067811865474617 ) ) ;
#3136 = ORIENTED_EDGE ( 'NONE', *, *, #739, .T. ) ;
#3137 = AXIS2_PLACEMENT_3D ( 'NONE', #1740, #449, #1726 ) ;
#3138 = CARTESIAN_POINT ( 'NONE',  ( 8.248891971046839799, -4.762499999999969980, 0.000000000000000000 ) ) ;
#3139 = CYLINDRICAL_SURFACE ( 'NONE', #1863, 9.275000000000002132 ) ;
#3140 = CARTESIAN_POINT ( 'NONE',  ( 1.006550781153894234E-13, -9.525000000000000355, 0.000000000000000000 ) ) ;
#3141 = AXIS2_PLACEMENT_3D ( 'NONE', #1011, #1761, #2273 ) ;
#3142 = DIRECTION ( 'NONE',  ( 0.000000000000000000, 0.000000000000000000, 1.000000000000000000 ) ) ;
#3143 = CARTESIAN_POINT ( 'NONE',  ( -1.853183372579807475, 9.524999999999991473, 17.52002621221969747 ) ) ;
#3144 = DIRECTION ( 'NONE',  ( -1.000000000000000000, -0.000000000000000000, -0.000000000000000000 ) ) ;
#3145 = CARTESIAN_POINT ( 'NONE',  ( -0.9299162373883982369, 9.524999999999995026, -4.133520782600986148E-16 ) ) ;
#3146 = CIRCLE ( 'NONE', #2580, 14.99999999999834799 ) ;
#3147 = AXIS2_PLACEMENT_3D ( 'NONE', #1909, #731, #2869 ) ;
#3148 = EDGE_LOOP ( 'NONE', ( #2235, #1525 ) ) ;
#3149 = CARTESIAN_POINT ( 'NONE',  ( -10.54871925222719042, 0.7790823003624812726, 0.5910445858475857905 ) ) ;
#3150 = ORIENTED_EDGE ( 'NONE', *, *, #1441, .T. ) ;
#3151 = VERTEX_POINT ( 'NONE', #2776 ) ;
#3152 = CARTESIAN_POINT ( 'NONE',  ( 0.9324499088765401122, 9.525000000000002132, 0.01980973342734828127 ) ) ;
#3153 = EDGE_CURVE ( 'NONE', #450, #1274, #323, .T. ) ;
#3154 = AXIS2_PLACEMENT_3D ( 'NONE', #83, #2018, #1063 ) ;
#3155 = DIRECTION ( 'NONE',  ( 0.000000000000000000, 0.4229517052353842788, 0.9061522250916125287 ) ) ;
#3156 = EDGE_LOOP ( 'NONE', ( #870, #2097, #1073, #2586 ) ) ;
#3157 = DIRECTION ( 'NONE',  ( 1.000000000000000000, 0.000000000000000000, 0.000000000000000000 ) ) ;
#3158 = DIRECTION ( 'NONE',  ( -1.000000000000000000, -0.000000000000000000, -0.000000000000000000 ) ) ;
#3159 = VECTOR ( 'NONE', #2514, 1000.000000000000000 ) ;
#3160 = CARTESIAN_POINT ( 'NONE',  ( 0.000000000000000000, 0.000000000000000000, 0.000000000000000000 ) ) ;
#3161 = AXIS2_PLACEMENT_3D ( 'NONE', #699, #3108, #2139 ) ;
#3162 = CARTESIAN_POINT ( 'NONE',  ( -3.455323577095457666E-14, 9.525000000000000355, 17.60000000000000142 ) ) ;
#3163 = DIRECTION ( 'NONE',  ( 1.000000000000000000, 0.000000000000000000, 0.000000000000000000 ) ) ;
#3164 = AXIS2_PLACEMENT_3D ( 'NONE', #2649, #686, #2176 ) ;
#3165 = DIRECTION ( 'NONE',  ( 0.7071067811865463515, 8.659560562354918067E-17, -0.7071067811865487940 ) ) ;
#3166 = ORIENTED_EDGE ( 'NONE', *, *, #2883, .T. ) ;
#3167 = DIRECTION ( 'NONE',  ( -1.000000000000000000, -0.000000000000000000, -0.000000000000000000 ) ) ;
#3168 = CIRCLE ( 'NONE', #811, 4.449999999999999289 ) ;
#3169 = CARTESIAN_POINT ( 'NONE',  ( 1.869027305895907931, 9.525000000000002132, 0.09848334842903989916 ) ) ;
#3170 = EDGE_CURVE ( 'NONE', #2986, #1379, #1883, .T. ) ;
#3171 = EDGE_LOOP ( 'NONE', ( #3100, #1678 ) ) ;
#3172 = APPROVAL_PERSON_ORGANIZATION ( #2620, #136, #2367 ) ;
#3173 = FACE_OUTER_BOUND ( 'NONE', #81, .T. ) ;
#3174 = DIRECTION ( 'NONE',  ( -1.000000000000000000, -0.000000000000000000, -0.000000000000000000 ) ) ;
#3175 = PRODUCT_DEFINITION_FORMATION_WITH_SPECIFIED_SOURCE ( '任何', '', #1197, .NOT_KNOWN. ) ;
#3176 = AXIS2_PLACEMENT_3D ( 'NONE', #138, #395, #1136 ) ;
#3177 = DIRECTION ( 'NONE',  ( 0.000000000000000000, 0.000000000000000000, 1.000000000000000000 ) ) ;
#3178 = CARTESIAN_POINT ( 'NONE',  ( 19.70000000000027285, 0.000000000000000000, 0.000000000000000000 ) ) ;
#3179 = NEXT_ASSEMBLY_USAGE_OCCURRENCE ( 'NAUO1', ' ', ' ', #2106, #1292, $ ) ;
#3180 = NEXT_ASSEMBLY_USAGE_OCCURRENCE ( 'NAUO2', ' ', ' ', #2106, #817, $ ) ;
#3181 = NEXT_ASSEMBLY_USAGE_OCCURRENCE ( 'NAUO3', ' ', ' ', #2106, #1968, $ ) ;
ENDSEC;
END-ISO-10303-21;
