ISO-10303-21;
HEADER;
FILE_DESCRIPTION (( 'STEP AP203' ),
    '1' );
FILE_NAME ('316L-DV12A-MR4-MNC-HP.STEP',
    '2026-04-21T10:08:39',
    ( '微软用户' ),
    ( '微软中国' ),
    'SwSTEP 2.0',
    'SolidWorks 2021',
    '' );
FILE_SCHEMA (( 'CONFIG_CONTROL_DESIGN' ));
ENDSEC;

DATA;
#1 = FACE_OUTER_BOUND ( 'NONE', #1561, .T. ) ;
#2 = VECTOR ( 'NONE', #1171, 1000.000000000000000 ) ;
#3 = EDGE_CURVE ( 'NONE', #3378, #5135, #3557, .T. ) ;
#4 = ORIENTED_EDGE ( 'NONE', *, *, #3583, .T. ) ;
#5 = LINE ( 'NONE', #1887, #5975 ) ;
#6 = ORIENTED_EDGE ( 'NONE', *, *, #5487, .F. ) ;
#7 = PLANE ( 'NONE',  #4797 ) ;
#8 = VECTOR ( 'NONE', #5683, 1000.000000000000000 ) ;
#9 = FACE_OUTER_BOUND ( 'NONE', #181, .T. ) ;
#10 = ORIENTED_EDGE ( 'NONE', *, *, #4552, .F. ) ;
#11 = CARTESIAN_POINT ( 'NONE',  ( -6.234580980306493103, -14.30000000000001670, 2.923760430703403745 ) ) ;
#12 = CIRCLE ( 'NONE', #3700, 4.606580753730955990 ) ;
#13 = DIRECTION ( 'NONE',  ( -1.000000000000000000, 6.434165940233234309E-18, -0.000000000000000000 ) ) ;
#14 = DIRECTION ( 'NONE',  ( 0.7071067811865512365, 1.239037099348056499E-16, 0.7071067811865439090 ) ) ;
#15 = DIRECTION ( 'NONE',  ( 0.000000000000000000, -1.000000000000000000, 0.000000000000000000 ) ) ;
#16 = LINE ( 'NONE', #5503, #3454 ) ;
#17 = LINE ( 'NONE', #3519, #3708 ) ;
#18 = VERTEX_POINT ( 'NONE', #3063 ) ;
#19 = TOROIDAL_SURFACE ( 'NONE', #1070, 2.826794919244300708, 0.3000000000000002665 ) ;
#20 = DIRECTION ( 'NONE',  ( 1.000000000000000000, 0.000000000000000000, 0.000000000000000000 ) ) ;
#21 = VERTEX_POINT ( 'NONE', #4605 ) ;
#22 = ORIENTED_EDGE ( 'NONE', *, *, #6451, .T. ) ;
#23 = CALENDAR_DATE ( 2026, 21, 4 ) ;
#24 = EDGE_LOOP ( 'NONE', ( #751, #6363, #1876, #4816 ) ) ;
#25 = AXIS2_PLACEMENT_3D ( 'NONE', #5794, #2859, #4408 ) ;
#26 = ORIENTED_EDGE ( 'NONE', *, *, #1851, .T. ) ;
#27 = EDGE_CURVE ( 'NONE', #2167, #1975, #1324, .T. ) ;
#28 = CARTESIAN_POINT ( 'NONE',  ( -4.168605443518119458, 14.30000000000003979, 15.20320326120539178 ) ) ;
#29 = ADVANCED_FACE ( 'NONE', ( #2122 ), #1627, .F. ) ;
#30 = EDGE_CURVE ( 'NONE', #2549, #6180, #2059, .T. ) ;
#31 = ORIENTED_EDGE ( 'NONE', *, *, #5106, .F. ) ;
#32 = FACE_OUTER_BOUND ( 'NONE', #4021, .T. ) ;
#33 = VERTEX_POINT ( 'NONE', #5657 ) ;
#34 = DIRECTION ( 'NONE',  ( -0.000000000000000000, -0.000000000000000000, -1.000000000000000000 ) ) ;
#35 = ORIENTED_EDGE ( 'NONE', *, *, #5289, .F. ) ;
#36 = EDGE_CURVE ( 'NONE', #4780, #3937, #3439, .T. ) ;
#37 = CIRCLE ( 'NONE', #3731, 5.865000000000000213 ) ;
#38 = VERTEX_POINT ( 'NONE', #5039 ) ;
#39 = CARTESIAN_POINT ( 'NONE',  ( -28.39999999999994529, 4.837520861406831685, -5.924254438730423592E-16 ) ) ;
#40 = CARTESIAN_POINT ( 'NONE',  ( -13.44999999999999929, 8.900000000000041211, 12.95000000000000639 ) ) ;
#41 = CARTESIAN_POINT ( 'NONE',  ( -11.69999999999997797, 10.90000000000002345, 1.432836755002401707E-15 ) ) ;
#42 = DIRECTION ( 'NONE',  ( -1.000000000000000000, 0.000000000000000000, 0.000000000000000000 ) ) ;
#43 = DIRECTION ( 'NONE',  ( 0.000000000000000000, -1.000000000000000000, 0.000000000000000000 ) ) ;
#44 = LINE ( 'NONE', #1560, #1391 ) ;
#45 = ORIENTED_EDGE ( 'NONE', *, *, #3876, .T. ) ;
#46 = CIRCLE ( 'NONE', #5533, 2.500000000000491607 ) ;
#47 = CARTESIAN_POINT ( 'NONE',  ( 15.50145376427073529, 1.750694489103284512, 14.77623956929659421 ) ) ;
#48 = ORIENTED_EDGE ( 'NONE', *, *, #3028, .F. ) ;
#49 = ORIENTED_EDGE ( 'NONE', *, *, #5202, .T. ) ;
#50 = AXIS2_PLACEMENT_3D ( 'NONE', #2921, #5297, #2815 ) ;
#51 = CIRCLE ( 'NONE', #584, 6.065000000000000391 ) ;
#52 = APPROVAL_DATE_TIME ( #3559, #6245 ) ;
#53 = VECTOR ( 'NONE', #595, 1000.000000000000114 ) ;
#54 = CARTESIAN_POINT ( 'NONE',  ( 4.050000000019508661, -3.359570263515879131E-16, 0.000000000000000000 ) ) ;
#55 = EDGE_LOOP ( 'NONE', ( #5212, #3368 ) ) ;
#56 = VERTEX_POINT ( 'NONE', #4025 ) ;
#57 = FACE_OUTER_BOUND ( 'NONE', #1326, .T. ) ;
#58 = AXIS2_PLACEMENT_3D ( 'NONE', #1918, #1423, #3443 ) ;
#59 = AXIS2_PLACEMENT_3D ( 'NONE', #2918, #4005, #1491 ) ;
#60 = CARTESIAN_POINT ( 'NONE',  ( -8.250000000000000000, 0.000000000000000000, 17.69999999999999929 ) ) ;
#61 = DIRECTION ( 'NONE',  ( -0.000000000000000000, -0.000000000000000000, 1.000000000000000000 ) ) ;
#62 = EDGE_LOOP ( 'NONE', ( #1646, #521, #4602, #5594 ) ) ;
#63 = EDGE_CURVE ( 'NONE', #918, #5548, #3538, .T. ) ;
#64 = EDGE_CURVE ( 'NONE', #2070, #5729, #3121, .T. ) ;
#65 = DIRECTION ( 'NONE',  ( -0.7071067811865467956, -0.7071067811865483499, 0.000000000000000000 ) ) ;
#66 = AXIS2_PLACEMENT_3D ( 'NONE', #4536, #1962, #6483 ) ;
#67 = ORIENTED_EDGE ( 'NONE', *, *, #2990, .F. ) ;
#68 = CARTESIAN_POINT ( 'NONE',  ( -12.95000000000000817, -10.70000000000001172, -13.44999999999999929 ) ) ;
#69 = FACE_OUTER_BOUND ( 'NONE', #2274, .T. ) ;
#70 = DIRECTION ( 'NONE',  ( 0.000000000000000000, 1.000000000000000000, 0.000000000000000000 ) ) ;
#71 = EDGE_CURVE ( 'NONE', #5894, #2365, #2162, .T. ) ;
#72 = DIRECTION ( 'NONE',  ( 1.000000000000000000, 0.000000000000000000, -1.224646799147352961E-16 ) ) ;
#73 = DIRECTION ( 'NONE',  ( 0.000000000000000000, -1.000000000000000000, 0.000000000000000000 ) ) ;
#74 = ADVANCED_FACE ( 'NONE', ( #3291 ), #6187, .T. ) ;
#75 = FACE_OUTER_BOUND ( 'NONE', #3425, .T. ) ;
#76 = CARTESIAN_POINT ( 'NONE',  ( -28.40000000000000213, 2.990000000000000213, 0.000000000000000000 ) ) ;
#77 = ORIENTED_EDGE ( 'NONE', *, *, #5519, .T. ) ;
#78 = EDGE_LOOP ( 'NONE', ( #4554, #2376 ) ) ;
#79 = AXIS2_PLACEMENT_3D ( 'NONE', #3342, #828, #4364 ) ;
#80 = CARTESIAN_POINT ( 'NONE',  ( -28.40000000000000213, 3.913760430703402182, -4.792974184090487845E-16 ) ) ;
#81 = CARTESIAN_POINT ( 'NONE',  ( -17.00000000002819434, 44.82836574506518446, 0.000000000000000000 ) ) ;
#82 = CARTESIAN_POINT ( 'NONE',  ( 28.19999999999994600, -5.674999999999999822, 0.000000000000000000 ) ) ;
#83 = ORIENTED_EDGE ( 'NONE', *, *, #2079, .T. ) ;
#84 = AXIS2_PLACEMENT_3D ( 'NONE', #2442, #6437, #3528 ) ;
#85 = PERSON_AND_ORGANIZATION ( #3131, #5968 ) ;
#86 = CARTESIAN_POINT ( 'NONE',  ( 25.65999999999994685, -5.674999999999999822, 0.000000000000000000 ) ) ;
#87 = EDGE_LOOP ( 'NONE', ( #2623, #6517, #4751, #4186 ) ) ;
#88 = AXIS2_PLACEMENT_3D ( 'NONE', #3338, #4294, #6303 ) ;
#89 = CIRCLE ( 'NONE', #5373, 8.000000000026830094 ) ;
#90 = DIRECTION ( 'NONE',  ( 1.000000000000000000, 0.000000000000000000, 0.000000000000000000 ) ) ;
#91 = CIRCLE ( 'NONE', #3795, 2.300000000000001599 ) ;
#92 = AXIS2_PLACEMENT_3D ( 'NONE', #5645, #3144, #4202 ) ;
#93 = DIRECTION ( 'NONE',  ( 1.000000000000000000, -1.166200656118863094E-15, 0.000000000000000000 ) ) ;
#94 = DIRECTION ( 'NONE',  ( 0.000000000000000000, 0.000000000000000000, -1.000000000000000000 ) ) ;
#95 = ORIENTED_EDGE ( 'NONE', *, *, #30, .T. ) ;
#96 = DIRECTION ( 'NONE',  ( 1.000000000000000000, 6.434165940233234309E-18, 0.000000000000000000 ) ) ;
#97 = AXIS2_PLACEMENT_3D ( 'NONE', #3793, #2165, #1211 ) ;
#98 = ORIENTED_EDGE ( 'NONE', *, *, #2205, .T. ) ;
#99 = LINE ( 'NONE', #3604, #789 ) ;
#100 = CARTESIAN_POINT ( 'NONE',  ( -20.00000000003143441, 42.82836574506819716, 0.000000000000000000 ) ) ;
#101 = DIRECTION ( 'NONE',  ( 0.000000000000000000, 0.7071067811865401342, 0.7071067811865549002 ) ) ;
#102 = CARTESIAN_POINT ( 'NONE',  ( -7.800000000027011993, 7.028365745067731041, 9.552245033382435454E-16 ) ) ;
#103 = DIRECTION ( 'NONE',  ( 1.000000000000000000, 0.000000000000000000, -1.224646799147354686E-16 ) ) ;
#104 = AXIS2_PLACEMENT_3D ( 'NONE', #1092, #2582, #5529 ) ;
#105 = DIRECTION ( 'NONE',  ( -8.295235218517768465E-17, -1.000000000000000000, -0.000000000000000000 ) ) ;
#106 = DIRECTION ( 'NONE',  ( 1.000000000000000000, 0.000000000000000000, 0.000000000000000000 ) ) ;
#107 = ORIENTED_EDGE ( 'NONE', *, *, #5196, .F. ) ;
#108 = ADVANCED_FACE ( 'NONE', ( #5269 ), #2380, .T. ) ;
#109 = AXIS2_PLACEMENT_3D ( 'NONE', #3453, #2520, #483 ) ;
#110 = EDGE_CURVE ( 'NONE', #2316, #4006, #275, .T. ) ;
#111 = ADVANCED_FACE ( 'NONE', ( #749 ), #1204, .T. ) ;
#112 = DIRECTION ( 'NONE',  ( 0.000000000000000000, -1.000000000000000000, 0.000000000000000000 ) ) ;
#113 = LINE ( 'NONE', #1665, #1183 ) ;
#114 = VERTEX_POINT ( 'NONE', #3193 ) ;
#115 = CALENDAR_DATE ( 2026, 21, 4 ) ;
#116 = EDGE_CURVE ( 'NONE', #1660, #536, #5167, .T. ) ;
#117 = DIRECTION ( 'NONE',  ( -8.295235218517768465E-17, -1.000000000000000000, -0.000000000000000000 ) ) ;
#118 = AXIS2_PLACEMENT_3D ( 'NONE', #3335, #3768, #3369 ) ;
#119 = ORIENTED_EDGE ( 'NONE', *, *, #6487, .F. ) ;
#120 = CARTESIAN_POINT ( 'NONE',  ( 17.47810899155977893, 0.000000000000000000, 0.000000000000000000 ) ) ;
#121 = AXIS2_PLACEMENT_3D ( 'NONE', #4142, #3222, #2294 ) ;
#122 = DIRECTION ( 'NONE',  ( -1.000000000000000000, 0.000000000000000000, 0.000000000000000000 ) ) ;
#123 = ORIENTED_EDGE ( 'NONE', *, *, #2005, .F. ) ;
#124 = DIRECTION ( 'NONE',  ( -0.000000000000000000, -0.000000000000000000, -1.000000000000000000 ) ) ;
#125 = EDGE_LOOP ( 'NONE', ( #5275, #2133, #1131 ) ) ;
#126 = CYLINDRICAL_SURFACE ( 'NONE', #3139, 6.065000000000000391 ) ;
#127 = EDGE_LOOP ( 'NONE', ( #5571, #5188, #3737, #1041 ) ) ;
#128 = DIRECTION ( 'NONE',  ( -1.000000000000000000, 6.434165940233234309E-18, -0.000000000000000000 ) ) ;
#129 = DIRECTION ( 'NONE',  ( -1.000000000000000000, 0.000000000000000000, 0.000000000000000000 ) ) ;
#130 = CYLINDRICAL_SURFACE ( 'NONE', #6068, 2.499999999999998668 ) ;
#131 = DIRECTION ( 'NONE',  ( -8.295235218517768465E-17, -1.000000000000000000, -0.000000000000000000 ) ) ;
#132 = CARTESIAN_POINT ( 'NONE',  ( -16.44999999999999929, -1.058420297168367037E-16, 0.000000000000000000 ) ) ;
#133 = AXIS2_PLACEMENT_3D ( 'NONE', #2282, #6347, #2246 ) ;
#134 = DIRECTION ( 'NONE',  ( -1.000000000000000000, 0.000000000000000000, 0.000000000000000000 ) ) ;
#135 = DIRECTION ( 'NONE',  ( -1.000000000000000000, 6.434165940233234309E-18, -0.000000000000000000 ) ) ;
#136 = VERTEX_POINT ( 'NONE', #5302 ) ;
#137 = PERSON_AND_ORGANIZATION_ROLE ( 'design_owner' ) ;
#138 = AXIS2_PLACEMENT_3D ( 'NONE', #2930, #354, #1834 ) ;
#139 = CARTESIAN_POINT ( 'NONE',  ( 9.000000000026375346, -7.465711696687870923E-16, 0.000000000000000000 ) ) ;
#140 = ADVANCED_FACE ( 'NONE', ( #5694 ), #215, .T. ) ;
#141 = DIRECTION ( 'NONE',  ( -1.022466556597827761E-15, -1.000000000000000000, -0.000000000000000000 ) ) ;
#142 = CARTESIAN_POINT ( 'NONE',  ( -8.250000000000000000, 0.000000000000000000, 7.750000000000008882 ) ) ;
#143 = EDGE_LOOP ( 'NONE', ( #5056, #1515, #5169, #366 ) ) ;
#144 = DIRECTION ( 'NONE',  ( -0.8660254037844368202, -0.5000000000000032196, -6.123233995736804246E-17 ) ) ;
#145 = CALENDAR_DATE ( 2026, 21, 4 ) ;
#146 = EDGE_CURVE ( 'NONE', #952, #5949, #5418, .T. ) ;
#147 = EDGE_CURVE ( 'NONE', #6160, #1269, #3787, .T. ) ;
#148 = CIRCLE ( 'NONE', #258, 8.200000000027102942 ) ;
#149 = DIRECTION ( 'NONE',  ( 1.000000000000000000, -1.037868746310911175E-15, 0.000000000000000000 ) ) ;
#150 = AXIS2_PLACEMENT_3D ( 'NONE', #4827, #903, #5921 ) ;
#151 = CIRCLE ( 'NONE', #3859, 2.899999999999986144 ) ;
#152 = AXIS2_PLACEMENT_3D ( 'NONE', #2550, #2456, #4561 ) ;
#153 = ORIENTED_EDGE ( 'NONE', *, *, #5595, .T. ) ;
#154 = ADVANCED_FACE ( 'NONE', ( #1272 ), #2731, .F. ) ;
#155 = EDGE_CURVE ( 'NONE', #5979, #2365, #4801, .T. ) ;
#156 = SECURITY_CLASSIFICATION ( '', '', #5436 ) ;
#157 = FACE_OUTER_BOUND ( 'NONE', #4201, .T. ) ;
#158 = EDGE_CURVE ( 'NONE', #3071, #3827, #6190, .T. ) ;
#159 = CARTESIAN_POINT ( 'NONE',  ( 3.428285150522725293E-15, 41.32836574506814031, 0.000000000000000000 ) ) ;
#160 = VERTEX_POINT ( 'NONE', #6323 ) ;
#161 = DIRECTION ( 'NONE',  ( 0.7071067811865437980, 0.7071067811865512365, -9.119960842726341239E-17 ) ) ;
#162 = AXIS2_PLACEMENT_3D ( 'NONE', #3276, #4818, #6342 ) ;
#163 = VERTEX_POINT ( 'NONE', #3822 ) ;
#164 = DIRECTION ( 'NONE',  ( 0.000000000000000000, 0.000000000000000000, -1.000000000000000000 ) ) ;
#165 = LOCAL_TIME ( 18, 8, 39.00000000000000000, #1445 ) ;
#166 = ORIENTED_EDGE ( 'NONE', *, *, #3150, .T. ) ;
#167 = CARTESIAN_POINT ( 'NONE',  ( 8.000000000026830094, 7.028365745067729264, 0.000000000000000000 ) ) ;
#168 = CARTESIAN_POINT ( 'NONE',  ( -14.98814247771955088, -2.639775717508492381, 15.01312200162833221 ) ) ;
#169 = DIRECTION ( 'NONE',  ( 1.954828175079010964E-13, 1.000000000000000000, 0.000000000000000000 ) ) ;
#170 = CARTESIAN_POINT ( 'NONE',  ( 25.65999999999994685, -5.865000000000000213, 0.000000000000000000 ) ) ;
#171 = CARTESIAN_POINT ( 'NONE',  ( 4.182381651130753220, -14.30000000000001670, 15.18558152926722471 ) ) ;
#172 = AXIS2_PLACEMENT_3D ( 'NONE', #5945, #6012, #5460 ) ;
#173 = AXIS2_PLACEMENT_3D ( 'NONE', #5991, #5033, #576 ) ;
#174 = DIRECTION ( 'NONE',  ( 1.000000000000000000, -9.637352644287351557E-17, 0.000000000000000000 ) ) ;
#175 = DIRECTION ( 'NONE',  ( 1.000000000000000000, -7.392287539598868826E-17, 0.000000000000000000 ) ) ;
#176 = EDGE_LOOP ( 'NONE', ( #6284, #1597, #6035, #10 ) ) ;
#177 = DATE_TIME_ROLE ( 'creation_date' ) ;
#178 = CARTESIAN_POINT ( 'NONE',  ( 8.250000000000000000, 1.010333609296566550E-15, 7.750000000000008882 ) ) ;
#179 = CARTESIAN_POINT ( 'NONE',  ( 8.250000000000000000, 0.000000000000000000, 7.750000000000008882 ) ) ;
#180 = CARTESIAN_POINT ( 'NONE',  ( 1.114488546691633598E-14, 10.90000000000001279, 0.000000000000000000 ) ) ;
#181 = EDGE_LOOP ( 'NONE', ( #2535, #48, #2546 ) ) ;
#182 = DIRECTION ( 'NONE',  ( -8.295235218517768465E-17, -1.000000000000000000, -0.000000000000000000 ) ) ;
#183 = PERSON_AND_ORGANIZATION_ROLE ( 'creator' ) ;
#184 = CARTESIAN_POINT ( 'NONE',  ( 28.39999999999994529, -1.827303127026235148E-16, 0.000000000000000000 ) ) ;
#185 = EDGE_LOOP ( 'NONE', ( #4361, #3455 ) ) ;
#186 = VERTEX_POINT ( 'NONE', #3158 ) ;
#187 = CONICAL_SURFACE ( 'NONE', #1032, 2.499999999999998668, 0.7853981633974477239 ) ;
#188 = DIRECTION ( 'NONE',  ( 1.289757231209522150E-16, 0.000000000000000000, 1.000000000000000000 ) ) ;
#189 = APPROVAL ( #5731, '未指定' ) ;
#190 = EDGE_CURVE ( 'NONE', #1411, #2441, #1346, .T. ) ;
#191 = EDGE_CURVE ( 'NONE', #2999, #1021, #509, .T. ) ;
#192 = EDGE_CURVE ( 'NONE', #5178, #4387, #5727, .T. ) ;
#193 = FACE_OUTER_BOUND ( 'NONE', #6383, .T. ) ;
#194 = ORIENTED_EDGE ( 'NONE', *, *, #2660, .T. ) ;
#195 = AXIS2_PLACEMENT_3D ( 'NONE', #4869, #319, #5898 ) ;
#196 = CARTESIAN_POINT ( 'NONE',  ( 12.95000000000000462, -10.70000000000001172, -13.44999999999999929 ) ) ;
#197 = ORIENTED_EDGE ( 'NONE', *, *, #4069, .T. ) ;
#198 = DIRECTION ( 'NONE',  ( -1.954828175079010964E-13, 1.000000000000000000, -0.000000000000000000 ) ) ;
#199 = EDGE_CURVE ( 'NONE', #2310, #2587, #5400, .T. ) ;
#200 = AXIS2_PLACEMENT_3D ( 'NONE', #6130, #3070, #2446 ) ;
#201 = EDGE_LOOP ( 'NONE', ( #3459, #889, #4393, #5815 ) ) ;
#202 = DIRECTION ( 'NONE',  ( 0.000000000000000000, -1.000000000000000000, 0.000000000000000000 ) ) ;
#203 = CIRCLE ( 'NONE', #1675, 0.4000000000000010214 ) ;
#204 = CARTESIAN_POINT ( 'NONE',  ( -11.87245695436701887, -8.036301344361906018, 15.51116658215186739 ) ) ;
#205 = CARTESIAN_POINT ( 'NONE',  ( 9.000000000000001776, -11.19999999999999929, 6.500000000000000888 ) ) ;
#206 = DIRECTION ( 'NONE',  ( -1.000000000000000000, -6.434165940233234309E-18, 0.000000000000000000 ) ) ;
#207 = CARTESIAN_POINT ( 'NONE',  ( 28.00162831425916110, 2.299999999999999822, 0.000000000000000000 ) ) ;
#208 = CIRCLE ( 'NONE', #97, 5.674999999999999822 ) ;
#209 = DIRECTION ( 'NONE',  ( 1.022466556597827761E-15, 1.000000000000000000, 0.000000000000000000 ) ) ;
#210 = CARTESIAN_POINT ( 'NONE',  ( -28.40000000000000213, 0.000000000000000000, 0.000000000000000000 ) ) ;
#211 = ORIENTED_EDGE ( 'NONE', *, *, #1103, .T. ) ;
#212 = CIRCLE ( 'NONE', #1905, 3.220940107675852815 ) ;
#213 = PERSON_AND_ORGANIZATION ( #3131, #5968 ) ;
#214 = LINE ( 'NONE', #3752, #3914 ) ;
#215 = CYLINDRICAL_SURFACE ( 'NONE', #2032, 7.800000000027012881 ) ;
#216 = FACE_OUTER_BOUND ( 'NONE', #5541, .T. ) ;
#217 = EDGE_LOOP ( 'NONE', ( #328, #2109, #3962, #2708 ) ) ;
#218 = DIRECTION ( 'NONE',  ( -1.000000000000000000, 6.434165940233234309E-18, -0.000000000000000000 ) ) ;
#219 = SECURITY_CLASSIFICATION_LEVEL ( 'unclassified' ) ;
#220 = FACE_OUTER_BOUND ( 'NONE', #6331, .T. ) ;
#221 = ORIENTED_EDGE ( 'NONE', *, *, #4880, .T. ) ;
#222 = CONICAL_SURFACE ( 'NONE', #1275, 7.139999999999999680, 0.7853981633974479459 ) ;
#223 = ORIENTED_EDGE ( 'NONE', *, *, #841, .F. ) ;
#224 = CARTESIAN_POINT ( 'NONE',  ( 13.45000000000000107, -10.70000000000001172, 12.95000000000001350 ) ) ;
#225 = VECTOR ( 'NONE', #1995, 1000.000000000000000 ) ;
#226 = DIRECTION ( 'NONE',  ( -8.295235218517768465E-17, -1.000000000000000000, -0.000000000000000000 ) ) ;
#227 = ORIENTED_EDGE ( 'NONE', *, *, #923, .F. ) ;
#228 = EDGE_CURVE ( 'NONE', #1215, #2530, #4971, .T. ) ;
#229 = DIRECTION ( 'NONE',  ( -1.000000000000000000, 6.434165940233234309E-18, -0.000000000000000000 ) ) ;
#230 = ORIENTED_EDGE ( 'NONE', *, *, #199, .T. ) ;
#231 = EDGE_CURVE ( 'NONE', #3558, #1909, #5882, .T. ) ;
#232 = DIRECTION ( 'NONE',  ( 6.434165940233234309E-18, -1.000000000000000000, 0.000000000000000000 ) ) ;
#233 = ADVANCED_FACE ( 'NONE', ( #3922 ), #845, .T. ) ;
#234 = EDGE_CURVE ( 'NONE', #1215, #4583, #3049, .T. ) ;
#235 = ORIENTED_EDGE ( 'NONE', *, *, #3308, .T. ) ;
#236 = CARTESIAN_POINT ( 'NONE',  ( 15.50145376427073707, -1.750694489103267193, 2.923760430703403301 ) ) ;
#237 = FACE_OUTER_BOUND ( 'NONE', #4067, .T. ) ;
#238 = DIRECTION ( 'NONE',  ( 0.000000000000000000, -0.000000000000000000, -1.000000000000000000 ) ) ;
#239 = CARTESIAN_POINT ( 'NONE',  ( 17.00000000002819434, 44.82836574506518446, 0.000000000000000000 ) ) ;
#240 = CARTESIAN_POINT ( 'NONE',  ( -14.00000000000000000, 1.714505518806294638E-15, 0.2999999999999999334 ) ) ;
#241 = CC_DESIGN_PERSON_AND_ORGANIZATION_ASSIGNMENT ( #246, #137, ( #335 ) ) ;
#242 = ADVANCED_FACE ( 'NONE', ( #3452 ), #4820, .T. ) ;
#243 = FACE_BOUND ( 'NONE', #3967, .T. ) ;
#244 = PLANE ( 'NONE',  #530 ) ;
#245 = ORIENTED_EDGE ( 'NONE', *, *, #5686, .T. ) ;
#246 = PERSON_AND_ORGANIZATION ( #3131, #5968 ) ;
#247 = FACE_OUTER_BOUND ( 'NONE', #6492, .T. ) ;
#248 = CARTESIAN_POINT ( 'NONE',  ( 0.000000000000000000, 0.000000000000000000, 0.000000000000000000 ) ) ;
#249 = DIRECTION ( 'NONE',  ( 1.000000000000000000, -1.037868746310911175E-15, 0.000000000000000000 ) ) ;
#250 = EDGE_LOOP ( 'NONE', ( #4852, #5685, #1585, #3242 ) ) ;
#251 = FACE_OUTER_BOUND ( 'NONE', #2785, .T. ) ;
#252 = PERSON_AND_ORGANIZATION_ROLE ( 'classification_officer' ) ;
#253 = CIRCLE ( 'NONE', #2141, 15.59999999999999964 ) ;
#254 = LINE ( 'NONE', #5203, #2734 ) ;
#255 = ORIENTED_EDGE ( 'NONE', *, *, #892, .F. ) ;
#256 = ORIENTED_EDGE ( 'NONE', *, *, #3832, .T. ) ;
#257 = FACE_OUTER_BOUND ( 'NONE', #1839, .T. ) ;
#258 = AXIS2_PLACEMENT_3D ( 'NONE', #4968, #5060, #2516 ) ;
#259 = CARTESIAN_POINT ( 'NONE',  ( -16.44999999999999929, -6.299999999999999822, -8.229626490270214065E-16 ) ) ;
#260 = EDGE_LOOP ( 'NONE', ( #5800, #1553, #864, #3050 ) ) ;
#261 = DIRECTION ( 'NONE',  ( 0.7071067811865516806, 0.000000000000000000, 0.7071067811865434649 ) ) ;
#262 = ORIENTED_EDGE ( 'NONE', *, *, #5409, .F. ) ;
#263 = VECTOR ( 'NONE', #937, 1000.000000000000000 ) ;
#264 = CARTESIAN_POINT ( 'NONE',  ( -1.445029473950142644E-32, 30.99722451333923345, 0.000000000000000000 ) ) ;
#265 = PRODUCT_DEFINITION_SHAPE ( 'NONE', 'NONE',  #3101 ) ;
#266 = CIRCLE ( 'NONE', #5119, 0.7999999999999986011 ) ;
#267 = ORIENTED_EDGE ( 'NONE', *, *, #5316, .T. ) ;
#268 = CYLINDRICAL_SURFACE ( 'NONE', #5149, 7.139999999999998792 ) ;
#269 = AXIS2_PLACEMENT_3D ( 'NONE', #6169, #4614, #5179 ) ;
#270 = CARTESIAN_POINT ( 'NONE',  ( 2.764666333041210533E-15, 33.32836574506700345, 0.000000000000000000 ) ) ;
#271 = DIRECTION ( 'NONE',  ( 1.000000000000000000, 0.000000000000000000, -0.000000000000000000 ) ) ;
#272 = ADVANCED_FACE ( 'NONE', ( #1372 ), #6354, .T. ) ;
#273 = FACE_OUTER_BOUND ( 'NONE', #1657, .T. ) ;
#274 = CARTESIAN_POINT ( 'NONE',  ( 7.800000000027013769, 8.128365745067640091, 0.000000000000000000 ) ) ;
#275 = CIRCLE ( 'NONE', #4807, 7.800000000027012881 ) ;
#276 = CC_DESIGN_APPROVAL ( #6411, ( #1018 ) ) ;
#277 = CARTESIAN_POINT ( 'NONE',  ( -4.200000000043928594, 0.9283657450680493639, 5.265981236387861532E-16 ) ) ;
#278 = FACE_OUTER_BOUND ( 'NONE', #5955, .T. ) ;
#279 = ORIENTED_EDGE ( 'NONE', *, *, #2652, .F. ) ;
#280 = PRODUCT_RELATED_PRODUCT_CATEGORY ( 'detail', '', ( #1858 ) ) ;
#281 = ADVANCED_FACE ( 'NONE', ( #3949 ), #819, .T. ) ;
#282 = CARTESIAN_POINT ( 'NONE',  ( -14.98713094175306537, 2.641527749196130870, 15.01358880433931020 ) ) ;
#283 = APPROVAL_PERSON_ORGANIZATION ( #2692, #4752, #719 ) ;
#284 = DIRECTION ( 'NONE',  ( -8.295235218517768465E-17, -1.000000000000000000, -0.000000000000000000 ) ) ;
#285 = EDGE_CURVE ( 'NONE', #5774, #3522, #2818, .T. ) ;
#286 = VECTOR ( 'NONE', #4064, 999.9999999999998863 ) ;
#287 = DIRECTION ( 'NONE',  ( 0.7071067811865516806, 0.000000000000000000, 0.7071067811865434649 ) ) ;
#288 = EDGE_CURVE ( 'NONE', #6371, #38, #4008, .T. ) ;
#289 = CARTESIAN_POINT ( 'NONE',  ( 28.00162831425916110, -2.299999999999999822, 2.816687638038912056E-16 ) ) ;
#290 = DIRECTION ( 'NONE',  ( 0.000000000000000000, 0.000000000000000000, -1.000000000000000000 ) ) ;
#291 = CALENDAR_DATE ( 2026, 21, 4 ) ;
#292 = CIRCLE ( 'NONE', #5875, 10.99999999999998046 ) ;
#293 = CARTESIAN_POINT ( 'NONE',  ( 6.234580980306496656, -14.30000000000001670, 2.923760430703403301 ) ) ;
#294 = ORIENTED_EDGE ( 'NONE', *, *, #6205, .F. ) ;
#295 = EDGE_LOOP ( 'NONE', ( #5433, #1344, #2016, #2349 ) ) ;
#296 = CARTESIAN_POINT ( 'NONE',  ( 3.196957988627607396E-15, 38.53969061047138212, 0.000000000000000000 ) ) ;
#297 = CONICAL_SURFACE ( 'NONE', #1551, 6.299999999999999822, 0.7853981633974492782 ) ;
#298 = FACE_OUTER_BOUND ( 'NONE', #6006, .T. ) ;
#299 = EDGE_LOOP ( 'NONE', ( #5230, #1057, #6509 ) ) ;
#300 = EDGE_LOOP ( 'NONE', ( #5591, #314, #570, #5067 ) ) ;
#301 = DIRECTION ( 'NONE',  ( 0.000000000000000000, -1.000000000000000000, 0.000000000000000000 ) ) ;
#302 = ORIENTED_EDGE ( 'NONE', *, *, #4314, .F. ) ;
#303 = VECTOR ( 'NONE', #2540, 1000.000000000000000 ) ;
#304 = CARTESIAN_POINT ( 'NONE',  ( 2.100000000025836755, 42.42836574506691250, 2.571758278241078730E-16 ) ) ;
#305 = ORIENTED_EDGE ( 'NONE', *, *, #6453, .F. ) ;
#306 = CARTESIAN_POINT ( 'NONE',  ( -21.75000000002728129, 33.12836574506695797, 2.663606788148835031E-15 ) ) ;
#307 = CARTESIAN_POINT ( 'NONE',  ( 12.95000000000000817, 17.80000000000000071, 13.44999999999999929 ) ) ;
#308 = DIRECTION ( 'NONE',  ( -8.295235218517768465E-17, -1.000000000000000000, -0.000000000000000000 ) ) ;
#309 = CARTESIAN_POINT ( 'NONE',  ( -23.63999999999994728, -7.139999999999998792, 0.000000000000000000 ) ) ;
#310 = VECTOR ( 'NONE', #6135, 1000.000000000000000 ) ;
#311 = DIRECTION ( 'NONE',  ( 0.000000000000000000, -1.000000000000000000, 0.000000000000000000 ) ) ;
#312 = AXIS2_PLACEMENT_3D ( 'NONE', #4366, #6376, #3881 ) ;
#313 = DIRECTION ( 'NONE',  ( 1.000000000000000000, 6.434165940233234309E-18, 0.000000000000000000 ) ) ;
#314 = ORIENTED_EDGE ( 'NONE', *, *, #446, .F. ) ;
#315 = AXIS2_PLACEMENT_3D ( 'NONE', #4864, #2424, #2390 ) ;
#316 = CYLINDRICAL_SURFACE ( 'NONE', #896, 10.99999999999998224 ) ;
#317 = DIRECTION ( 'NONE',  ( -1.022466556597827761E-15, -1.000000000000000000, -0.000000000000000000 ) ) ;
#318 = AXIS2_PLACEMENT_3D ( 'NONE', #4906, #2829, #6329 ) ;
#319 = DIRECTION ( 'NONE',  ( -8.295235218517768465E-17, -1.000000000000000000, -0.000000000000000000 ) ) ;
#320 = CARTESIAN_POINT ( 'NONE',  ( -12.69999999999997442, 11.70000000000003482, 0.000000000000000000 ) ) ;
#321 = EDGE_CURVE ( 'NONE', #4889, #160, #6386, .T. ) ;
#322 = DIRECTION ( 'NONE',  ( 0.000000000000000000, 0.000000000000000000, 1.000000000000000000 ) ) ;
#323 = SECURITY_CLASSIFICATION_LEVEL ( 'unclassified' ) ;
#324 = AXIS2_PLACEMENT_3D ( 'NONE', #4085, #2091, #1999 ) ;
#325 = ADVANCED_FACE ( 'NONE', ( #3320 ), #3686, .T. ) ;
#326 = ADVANCED_FACE ( 'NONE', ( #2890 ), #6452, .T. ) ;
#327 = DIRECTION ( 'NONE',  ( 1.000000000000000000, 0.000000000000000000, -0.000000000000000000 ) ) ;
#328 = ORIENTED_EDGE ( 'NONE', *, *, #526, .F. ) ;
#329 = ORIENTED_EDGE ( 'NONE', *, *, #6205, .T. ) ;
#330 = VECTOR ( 'NONE', #1433, 1000.000000000000000 ) ;
#331 = AXIS2_PLACEMENT_3D ( 'NONE', #5819, #3651, #3758 ) ;
#332 = EDGE_CURVE ( 'NONE', #3188, #5454, #3983, .T. ) ;
#333 = VERTEX_POINT ( 'NONE', #5333 ) ;
#334 = CARTESIAN_POINT ( 'NONE',  ( 17.47810899155977893, 0.000000000000000000, 0.000000000000000000 ) ) ;
#335 = PRODUCT ( '316L-DV12A-MR4-MNC-HP', '316L-DV12A-MR4-MNC-HP', '', ( #1133 ) ) ;
#336 = AXIS2_PLACEMENT_3D ( 'NONE', #6049, #547, #4136 ) ;
#337 = DIRECTION ( 'NONE',  ( 0.000000000000000000, 0.000000000000000000, 1.000000000000000000 ) ) ;
#338 = ORIENTED_EDGE ( 'NONE', *, *, #3877, .F. ) ;
#339 = DIRECTION ( 'NONE',  ( -1.000000000000000000, 0.000000000000000000, 0.000000000000000000 ) ) ;
#340 = ORIENTED_EDGE ( 'NONE', *, *, #5484, .T. ) ;
#341 = CARTESIAN_POINT ( 'NONE',  ( 21.75000000002683009, -1.804213660029840554E-15, 0.000000000000000000 ) ) ;
#342 = AXIS2_PLACEMENT_3D ( 'NONE', #296, #5248, #3236 ) ;
#343 = ORIENTED_EDGE ( 'NONE', *, *, #4121, .T. ) ;
#344 = DIRECTION ( 'NONE',  ( 1.000000000000000000, 1.598721155460225418E-14, 0.000000000000000000 ) ) ;
#345 = DIRECTION ( 'NONE',  ( -8.295235218517768465E-17, -1.000000000000000000, -0.000000000000000000 ) ) ;
#346 = CYLINDRICAL_SURFACE ( 'NONE', #2370, 5.674999999999999822 ) ;
#347 = DIRECTION ( 'NONE',  ( -0.000000000000000000, -0.000000000000000000, -1.000000000000000000 ) ) ;
#348 = DIRECTION ( 'NONE',  ( -1.022466556597827761E-15, -1.000000000000000000, -0.000000000000000000 ) ) ;
#349 = ORIENTED_EDGE ( 'NONE', *, *, #4318, .F. ) ;
#350 = DIRECTION ( 'NONE',  ( 1.000000000000000000, -1.022466556597827761E-15, 0.000000000000000000 ) ) ;
#351 = LINE ( 'NONE', #5430, #2633 ) ;
#352 = CARTESIAN_POINT ( 'NONE',  ( 0.000000000000000000, 0.000000000000000000, 17.69999999999999929 ) ) ;
#353 = DIRECTION ( 'NONE',  ( -8.295235218517768465E-17, -1.000000000000000000, -0.000000000000000000 ) ) ;
#354 = DIRECTION ( 'NONE',  ( -8.295235218517768465E-17, -1.000000000000000000, -0.000000000000000000 ) ) ;
#355 = COORDINATED_UNIVERSAL_TIME_OFFSET ( 8, 0, .AHEAD. ) ;
#356 = DIRECTION ( 'NONE',  ( -1.000000000000000000, -6.434165940233234309E-18, -0.000000000000000000 ) ) ;
#357 = ORIENTED_EDGE ( 'NONE', *, *, #3068, .F. ) ;
#358 = ORIENTED_EDGE ( 'NONE', *, *, #1078, .F. ) ;
#359 = EDGE_CURVE ( 'NONE', #791, #1476, #3057, .T. ) ;
#360 = EDGE_CURVE ( 'NONE', #4006, #2500, #203, .T. ) ;
#361 = ORIENTED_EDGE ( 'NONE', *, *, #4080, .T. ) ;
#362 = VERTEX_POINT ( 'NONE', #3855 ) ;
#363 = ADVANCED_FACE ( 'NONE', ( #5862 ), #1402, .T. ) ;
#364 = ADVANCED_FACE ( 'NONE', ( #4999 ), #4844, .F. ) ;
#365 = DIRECTION ( 'NONE',  ( -0.000000000000000000, -1.000000000000000000, -0.000000000000000000 ) ) ;
#366 = ORIENTED_EDGE ( 'NONE', *, *, #192, .F. ) ;
#367 = CARTESIAN_POINT ( 'NONE',  ( -28.79999999999999716, -1.853039790787171284E-16, 0.000000000000000000 ) ) ;
#368 = ORIENTED_EDGE ( 'NONE', *, *, #36, .F. ) ;
#369 = CYLINDRICAL_SURFACE ( 'NONE', #1979, 14.00000000000000000 ) ;
#370 = VECTOR ( 'NONE', #513, 1000.000000000000000 ) ;
#371 = ORIENTED_EDGE ( 'NONE', *, *, #5362, .F. ) ;
#372 = CARTESIAN_POINT ( 'NONE',  ( -13.44999999999999929, -8.653953189613700538E-17, 0.000000000000000000 ) ) ;
#373 = LINE ( 'NONE', #5319, #5751 ) ;
#374 = DIRECTION ( 'NONE',  ( 1.000000000000000000, -1.022466556597827761E-15, 0.000000000000000000 ) ) ;
#375 = AXIS2_PLACEMENT_3D ( 'NONE', #379, #4863, #2354 ) ;
#376 = CIRCLE ( 'NONE', #687, 6.299999999999999822 ) ;
#377 = FACE_OUTER_BOUND ( 'NONE', #5481, .T. ) ;
#378 = AXIS2_PLACEMENT_3D ( 'NONE', #6348, #4892, #3884 ) ;
#379 = CARTESIAN_POINT ( 'NONE',  ( 9.000000000000001776, -1.199999999999999734, -9.000000000000000000 ) ) ;
#380 = DIRECTION ( 'NONE',  ( 8.295235218517768465E-17, 1.000000000000000000, 0.000000000000000000 ) ) ;
#381 = ORIENTED_EDGE ( 'NONE', *, *, #155, .F. ) ;
#382 = AXIS2_PLACEMENT_3D ( 'NONE', #2637, #1678, #5086 ) ;
#383 = LINE ( 'NONE', #4372, #1520 ) ;
#384 = DIRECTION ( 'NONE',  ( -0.7071067811865479058, 0.7071067811865472397, 0.000000000000000000 ) ) ;
#385 = DIRECTION ( 'NONE',  ( -1.000000000000000000, 6.434165940233234309E-18, -0.000000000000000000 ) ) ;
#386 = DIRECTION ( 'NONE',  ( 0.000000000000000000, -1.000000000000000000, 0.000000000000000000 ) ) ;
#387 = VECTOR ( 'NONE', #6021, 999.9999999999998863 ) ;
#388 = CIRCLE ( 'NONE', #3540, 8.250000000000000000 ) ;
#389 = CARTESIAN_POINT ( 'NONE',  ( 9.917925598998944801E-15, 9.700000000000013500, 0.000000000000000000 ) ) ;
#390 = APPROVAL_PERSON_ORGANIZATION ( #1509, #3027, #5540 ) ;
#391 = DIRECTION ( 'NONE',  ( -1.000000000000000000, 6.434165940233234309E-18, -0.000000000000000000 ) ) ;
#392 = ORIENTED_EDGE ( 'NONE', *, *, #998, .F. ) ;
#393 = ORIENTED_EDGE ( 'NONE', *, *, #729, .T. ) ;
#394 = ORIENTED_EDGE ( 'NONE', *, *, #1242, .T. ) ;
#395 = AXIS2_PLACEMENT_3D ( 'NONE', #4137, #609, #3744 ) ;
#396 = VERTEX_POINT ( 'NONE', #1990 ) ;
#397 = LINE ( 'NONE', #5509, #524 ) ;
#398 = ORIENTED_EDGE ( 'NONE', *, *, #6456, .T. ) ;
#399 = FACE_OUTER_BOUND ( 'NONE', #1504, .T. ) ;
#400 = EDGE_LOOP ( 'NONE', ( #1774, #5140, #1255 ) ) ;
#401 = CC_DESIGN_DATE_AND_TIME_ASSIGNMENT ( #713, #6255, ( #1018 ) ) ;
#402 = EDGE_CURVE ( 'NONE', #2124, #2094, #5093, .T. ) ;
#403 = CARTESIAN_POINT ( 'NONE',  ( 9.266872783964224425, -12.54930551089673152, 2.923760430703402413 ) ) ;
#404 = CIRCLE ( 'NONE', #4721, 2.500000000000491607 ) ;
#405 = EDGE_CURVE ( 'NONE', #2738, #1879, #1047, .T. ) ;
#406 = EDGE_CURVE ( 'NONE', #796, #2730, #4563, .T. ) ;
#407 = VERTEX_POINT ( 'NONE', #516 ) ;
#408 = DIRECTION ( 'NONE',  ( 0.000000000000000000, -1.000000000000000000, 0.000000000000000000 ) ) ;
#409 = LINE ( 'NONE', #307, #2163 ) ;
#410 = FACE_OUTER_BOUND ( 'NONE', #2137, .T. ) ;
#411 = CARTESIAN_POINT ( 'NONE',  ( 0.000000000000000000, 0.000000000000000000, 0.000000000000000000 ) ) ;
#412 = AXIS2_PLACEMENT_3D ( 'NONE', #2974, #4058, #929 ) ;
#413 = EDGE_CURVE ( 'NONE', #3177, #3468, #546, .T. ) ;
#414 = FACE_BOUND ( 'NONE', #5243, .T. ) ;
#415 = CARTESIAN_POINT ( 'NONE',  ( 17.47810899155977893, -2.300000000000001599, 2.816687638038914521E-16 ) ) ;
#416 = ORIENTED_EDGE ( 'NONE', *, *, #564, .T. ) ;
#417 = CARTESIAN_POINT ( 'NONE',  ( -13.42090282107359833, 5.354314430456089013, 15.44590090251784886 ) ) ;
#418 = FACE_OUTER_BOUND ( 'NONE', #6201, .T. ) ;
#419 = CIRCLE ( 'NONE', #5148, 2.499999999999998668 ) ;
#420 = DIRECTION ( 'NONE',  ( 0.000000000000000000, 0.000000000000000000, 1.000000000000000000 ) ) ;
#421 = DIRECTION ( 'NONE',  ( -1.000000000000000000, 0.000000000000000000, 0.000000000000000000 ) ) ;
#422 = DIRECTION ( 'NONE',  ( -0.000000000000000000, -1.000000000000000000, -0.000000000000000000 ) ) ;
#423 = VECTOR ( 'NONE', #4931, 1000.000000000000114 ) ;
#424 = AXIS2_PLACEMENT_3D ( 'NONE', #3776, #5318, #5390 ) ;
#425 = SHAPE_REPRESENTATION ( 'DV1-MNC-ZXQ', ( #5444 ), #3870 ) ;
#426 = CARTESIAN_POINT ( 'NONE',  ( 2.100000000025836755, 42.42836574506691250, 0.000000000000000000 ) ) ;
#427 = VERTEX_POINT ( 'NONE', #41 ) ;
#428 = VERTEX_POINT ( 'NONE', #4593 ) ;
#429 = AXIS2_PLACEMENT_3D ( 'NONE', #4184, #5797, #149 ) ;
#430 = ORIENTED_EDGE ( 'NONE', *, *, #2501, .F. ) ;
#431 = ORIENTED_EDGE ( 'NONE', *, *, #2534, .T. ) ;
#432 = AXIS2_PLACEMENT_3D ( 'NONE', #3947, #6353, #5952 ) ;
#433 = CARTESIAN_POINT ( 'NONE',  ( -2.511392839290939818E-13, 42.82836574506819716, 0.000000000000000000 ) ) ;
#434 = VERTEX_POINT ( 'NONE', #102 ) ;
#435 = AXIS2_PLACEMENT_3D ( 'NONE', #4501, #1469, #5063 ) ;
#436 = VERTEX_POINT ( 'NONE', #4534 ) ;
#437 = CARTESIAN_POINT ( 'NONE',  ( 10.29937642222025929, -10.76095675043755762, 2.496735888417502380 ) ) ;
#438 = CIRCLE ( 'NONE', #2226, 9.000000000026375346 ) ;
#439 = ORIENTED_EDGE ( 'NONE', *, *, #1317, .F. ) ;
#440 = DIRECTION ( 'NONE',  ( 1.022466556597827761E-15, 1.000000000000000000, 0.000000000000000000 ) ) ;
#441 = CARTESIAN_POINT ( 'NONE',  ( -1.349663430086841087, 10.66182309131093575, 58.40000000000000568 ) ) ;
#442 = DIRECTION ( 'NONE',  ( -1.954828175079010964E-13, 1.000000000000000000, -0.000000000000000000 ) ) ;
#443 = ADVANCED_FACE ( 'NONE', ( #2050 ), #2857, .F. ) ;
#444 = CARTESIAN_POINT ( 'NONE',  ( -10.29537610905073741, -10.76788549609337586, 2.498474369834418951 ) ) ;
#445 = EDGE_CURVE ( 'NONE', #2970, #3522, #4641, .T. ) ;
#446 = EDGE_CURVE ( 'NONE', #5178, #136, #1692, .T. ) ;
#447 = EDGE_LOOP ( 'NONE', ( #1761, #2939, #5943, #1986 ) ) ;
#448 = DIRECTION ( 'NONE',  ( -8.295235218517768465E-17, -1.000000000000000000, -0.000000000000000000 ) ) ;
#449 = DIRECTION ( 'NONE',  ( 0.000000000000000000, -1.000000000000000000, 0.000000000000000000 ) ) ;
#450 = ORIENTED_EDGE ( 'NONE', *, *, #3626, .F. ) ;
#451 = CARTESIAN_POINT ( 'NONE',  ( 0.000000000000000000, 0.000000000000000000, 14.77623956929659421 ) ) ;
#452 = DIRECTION ( 'NONE',  ( -1.000000000000000000, -1.948106803326152703E-13, 0.000000000000000000 ) ) ;
#453 = EDGE_CURVE ( 'NONE', #6017, #3071, #5588, .T. ) ;
#454 = ADVANCED_FACE ( 'NONE', ( #5557 ), #482, .F. ) ;
#455 = CARTESIAN_POINT ( 'NONE',  ( 3.902321642751456906E-17, -6.065000000000000391, 0.000000000000000000 ) ) ;
#456 = DIRECTION ( 'NONE',  ( 0.5773502691896198469, -0.5773502691896319483, -0.5773502691896257311 ) ) ;
#457 = LINE ( 'NONE', #4503, #3133 ) ;
#458 = DIRECTION ( 'NONE',  ( 1.000000000000000000, -8.295235218517769698E-17, 0.000000000000000000 ) ) ;
#459 = AXIS2_PLACEMENT_3D ( 'NONE', #750, #2259, #4281 ) ;
#460 = FACE_OUTER_BOUND ( 'NONE', #3217, .T. ) ;
#461 = VERTEX_POINT ( 'NONE', #606 ) ;
#462 = ORIENTED_EDGE ( 'NONE', *, *, #1243, .F. ) ;
#463 = DATE_TIME_ROLE ( 'classification_date' ) ;
#464 = SHAPE_REPRESENTATION ( 'DV12A-MR4-VB', ( #5444 ), #1744 ) ;
#465 = DIRECTION ( 'NONE',  ( -1.000000000000000000, 8.295235218517768465E-17, 0.000000000000000000 ) ) ;
#466 = VERTEX_POINT ( 'NONE', #2080 ) ;
#467 = ORIENTED_EDGE ( 'NONE', *, *, #4475, .F. ) ;
#468 = LINE ( 'NONE', #1546, #3671 ) ;
#469 = AXIS2_PLACEMENT_3D ( 'NONE', #5237, #4770, #2658 ) ;
#470 = ORIENTED_EDGE ( 'NONE', *, *, #4840, .F. ) ;
#471 = CARTESIAN_POINT ( 'NONE',  ( -9.000000000000001776, -10.79999999999999183, 9.000000000000000000 ) ) ;
#472 = CARTESIAN_POINT ( 'NONE',  ( -11.33042652373743309, -8.975125589460787978, 2.241947972564333647 ) ) ;
#473 = CARTESIAN_POINT ( 'NONE',  ( 1.196285871219460782E-14, 11.70000000000002238, 0.000000000000000000 ) ) ;
#474 = EDGE_LOOP ( 'NONE', ( #4530, #927, #5145, #4385 ) ) ;
#475 = VERTEX_POINT ( 'NONE', #574 ) ;
#476 = TOROIDAL_SURFACE ( 'NONE', #1738, 11.70000000000000107, 0.3999999999999993006 ) ;
#477 = LINE ( 'NONE', #4995, #1098 ) ;
#478 = EDGE_CURVE ( 'NONE', #5524, #3839, #2964, .T. ) ;
#479 = VECTOR ( 'NONE', #3245, 1000.000000000000114 ) ;
#480 = AXIS2_PLACEMENT_3D ( 'NONE', #2290, #1896, #4798 ) ;
#481 = CARTESIAN_POINT ( 'NONE',  ( 2.600000000027045566, 38.53969061047138212, 0.000000000000000000 ) ) ;
#482 = CYLINDRICAL_SURFACE ( 'NONE', #3695, 2.299999999999996714 ) ;
#483 = DIRECTION ( 'NONE',  ( -1.000000000000000000, 0.000000000000000000, 0.000000000000000000 ) ) ;
#484 = DIRECTION ( 'NONE',  ( -1.934635846814283225E-16, 1.978100452562922547E-31, -1.000000000000000000 ) ) ;
#485 = VECTOR ( 'NONE', #741, 1000.000000000000000 ) ;
#486 = CARTESIAN_POINT ( 'NONE',  ( -9.000000000000001776, -11.19999999999999929, -11.49999999999999822 ) ) ;
#487 = VERTEX_POINT ( 'NONE', #3576 ) ;
#488 = CC_DESIGN_PERSON_AND_ORGANIZATION_ASSIGNMENT ( #6148, #3191, ( #6070 ) ) ;
#489 = ADVANCED_FACE ( 'NONE', ( #1033, #4017 ), #2113, .F. ) ;
#490 = EDGE_CURVE ( 'NONE', #5618, #4037, #5501, .T. ) ;
#491 = AXIS2_PLACEMENT_3D ( 'NONE', #6092, #2499, #1569 ) ;
#492 = EDGE_CURVE ( 'NONE', #1411, #5251, #3086, .T. ) ;
#493 = CARTESIAN_POINT ( 'NONE',  ( 11.87245695436700821, 8.036301344361909571, 15.51116658215187094 ) ) ;
#494 = CARTESIAN_POINT ( 'NONE',  ( -12.71999999999999886, 1.557750728515433183E-15, 17.69999999999999929 ) ) ;
#495 = AXIS2_PLACEMENT_3D ( 'NONE', #5023, #6238, #1150 ) ;
#496 = ORIENTED_EDGE ( 'NONE', *, *, #1378, .F. ) ;
#497 = PERSON_AND_ORGANIZATION ( #3131, #5968 ) ;
#498 = ADVANCED_FACE ( 'NONE', ( #1500 ), #3022, .F. ) ;
#499 = DIRECTION ( 'NONE',  ( 0.000000000000000000, 1.000000000000000000, 0.000000000000000000 ) ) ;
#500 = ORIENTED_EDGE ( 'NONE', *, *, #3388, .F. ) ;
#501 = VECTOR ( 'NONE', #594, 1000.000000000000000 ) ;
#502 = ORIENTED_EDGE ( 'NONE', *, *, #3181, .F. ) ;
#503 = TOROIDAL_SURFACE ( 'NONE', #4924, 2.826794919244300708, 0.3000000000000002665 ) ;
#504 = CARTESIAN_POINT ( 'NONE',  ( 28.40000000000000213, 3.913760430703402182, 4.792974184090487845E-16 ) ) ;
#505 = ORIENTED_EDGE ( 'NONE', *, *, #1843, .T. ) ;
#506 = FACE_OUTER_BOUND ( 'NONE', #4388, .T. ) ;
#507 = ORIENTED_EDGE ( 'NONE', *, *, #1242, .F. ) ;
#508 = CARTESIAN_POINT ( 'NONE',  ( 5.830194705710970871E-16, 7.028365745067730153, 0.000000000000000000 ) ) ;
#509 = CIRCLE ( 'NONE', #4189, 2.600000000027042457 ) ;
#510 = CARTESIAN_POINT ( 'NONE',  ( -5.211699736093172497, -14.30000000000001670, 2.687741270922468395 ) ) ;
#511 = ORIENTED_EDGE ( 'NONE', *, *, #6257, .F. ) ;
#512 = ORIENTED_EDGE ( 'NONE', *, *, #3430, .T. ) ;
#513 = DIRECTION ( 'NONE',  ( -1.289757231209522150E-16, 0.000000000000000000, -1.000000000000000000 ) ) ;
#514 = LINE ( 'NONE', #481, #2269 ) ;
#515 = CIRCLE ( 'NONE', #6088, 11.89999999999998792 ) ;
#516 = CARTESIAN_POINT ( 'NONE',  ( -17.28999999999999915, 7.140000000000000568, -8.743978145912102752E-16 ) ) ;
#517 = CARTESIAN_POINT ( 'NONE',  ( 28.39999999999994529, -1.827303127026235148E-16, 0.000000000000000000 ) ) ;
#518 = DIRECTION ( 'NONE',  ( 1.000000000000000000, 0.000000000000000000, 0.000000000000000000 ) ) ;
#519 = DIRECTION ( 'NONE',  ( 6.434165940233234309E-18, 1.000000000000000000, 0.000000000000000000 ) ) ;
#520 = DIRECTION ( 'NONE',  ( -0.000000000000000000, -0.000000000000000000, 1.000000000000000000 ) ) ;
#521 = ORIENTED_EDGE ( 'NONE', *, *, #1684, .T. ) ;
#522 = ORIENTED_EDGE ( 'NONE', *, *, #5926, .T. ) ;
#523 = EDGE_CURVE ( 'NONE', #3997, #3930, #6015, .T. ) ;
#524 = VECTOR ( 'NONE', #2405, 1000.000000000000000 ) ;
#525 = APPROVAL_DATE_TIME ( #5045, #3027 ) ;
#526 = EDGE_CURVE ( 'NONE', #428, #933, #1719, .T. ) ;
#527 = EDGE_CURVE ( 'NONE', #4006, #5071, #4205, .T. ) ;
#528 = AXIS2_PLACEMENT_3D ( 'NONE', #3972, #4122, #5570 ) ;
#529 = AXIS2_PLACEMENT_3D ( 'NONE', #2459, #420, #877 ) ;
#530 = AXIS2_PLACEMENT_3D ( 'NONE', #2254, #5263, #4699 ) ;
#531 = VERTEX_POINT ( 'NONE', #3709 ) ;
#532 = EDGE_CURVE ( 'NONE', #5421, #1710, #2743, .T. ) ;
#533 = EDGE_LOOP ( 'NONE', ( #4157, #5386, #1380, #690 ) ) ;
#534 = DIRECTION ( 'NONE',  ( -0.8660254037844377084, 0.000000000000000000, -0.5000000000000016653 ) ) ;
#535 = AXIS2_PLACEMENT_3D ( 'NONE', #5038, #5099, #20 ) ;
#536 = VERTEX_POINT ( 'NONE', #1655 ) ;
#537 = FACE_OUTER_BOUND ( 'NONE', #3207, .T. ) ;
#538 = ORIENTED_EDGE ( 'NONE', *, *, #5528, .F. ) ;
#539 = FACE_OUTER_BOUND ( 'NONE', #2681, .T. ) ;
#540 = VERTEX_POINT ( 'NONE', #4268 ) ;
#541 = CARTESIAN_POINT ( 'NONE',  ( 4.182381651130756772, -14.30000000000001670, 2.514418470732773692 ) ) ;
#542 = VERTEX_POINT ( 'NONE', #4694 ) ;
#543 = CARTESIAN_POINT ( 'NONE',  ( -12.95000000000000639, -11.19999999999999929, 1.670235614416332170E-15 ) ) ;
#544 = CIRCLE ( 'NONE', #3433, 2.499999999999998668 ) ;
#545 = DIRECTION ( 'NONE',  ( -8.295235218517768465E-17, -1.000000000000000000, -0.000000000000000000 ) ) ;
#546 = LINE ( 'NONE', #4104, #6526 ) ;
#547 = DIRECTION ( 'NONE',  ( 0.000000000000000000, 0.000000000000000000, 1.000000000000000000 ) ) ;
#548 = DIRECTION ( 'NONE',  ( -1.000000000000000000, 6.434165940233234309E-18, -0.000000000000000000 ) ) ;
#549 = DIRECTION ( 'NONE',  ( 0.8660254037844415942, -0.4999999999999949485, 0.000000000000000000 ) ) ;
#550 = VERTEX_POINT ( 'NONE', #170 ) ;
#551 = CONICAL_SURFACE ( 'NONE', #3080, 2.600000000027042457, 1.047197551197917242 ) ;
#552 = CARTESIAN_POINT ( 'NONE',  ( 2.500000000027164049, 42.82836574506824689, 3.061616997901645461E-16 ) ) ;
#553 = ORIENTED_EDGE ( 'NONE', *, *, #2423, .F. ) ;
#554 = ORIENTED_EDGE ( 'NONE', *, *, #3624, .T. ) ;
#555 = PERSON_AND_ORGANIZATION ( #3131, #5968 ) ;
#556 = FACE_BOUND ( 'NONE', #55, .T. ) ;
#557 = EDGE_CURVE ( 'NONE', #4485, #2441, #740, .T. ) ;
#558 = EDGE_CURVE ( 'NONE', #6037, #3603, #4962, .T. ) ;
#559 = ORIENTED_EDGE ( 'NONE', *, *, #3272, .T. ) ;
#560 = ORIENTED_EDGE ( 'NONE', *, *, #6165, .F. ) ;
#561 = DIRECTION ( 'NONE',  ( 0.000000000000000000, 1.000000000000000000, 0.000000000000000000 ) ) ;
#562 = CC_DESIGN_DATE_AND_TIME_ASSIGNMENT ( #6229, #1601, ( #3101 ) ) ;
#563 = EDGE_CURVE ( 'NONE', #1543, #3441, #5699, .T. ) ;
#564 = EDGE_CURVE ( 'NONE', #3223, #21, #5388, .T. ) ;
#565 = CARTESIAN_POINT ( 'NONE',  ( -11.70000000000000107, 0.000000000000000000, 8.500000000000000000 ) ) ;
#566 = PLANE ( 'NONE',  #4172 ) ;
#567 = VERTEX_POINT ( 'NONE', #6215 ) ;
#568 = DIRECTION ( 'NONE',  ( -1.000000000000000000, -6.434165940233234309E-18, -0.000000000000000000 ) ) ;
#569 = CIRCLE ( 'NONE', #1306, 4.050000000001091394 ) ;
#570 = ORIENTED_EDGE ( 'NONE', *, *, #192, .T. ) ;
#571 = PLANE ( 'NONE',  #1673 ) ;
#572 = DIRECTION ( 'NONE',  ( 0.8660254037850984021, -0.4999999999988573585, 0.000000000000000000 ) ) ;
#573 = DIRECTION ( 'NONE',  ( 0.000000000000000000, -1.000000000000000000, 0.000000000000000000 ) ) ;
#574 = CARTESIAN_POINT ( 'NONE',  ( -15.50145376427073529, -1.750694489103290286, 14.77623956929659244 ) ) ;
#575 = DIRECTION ( 'NONE',  ( 0.000000000000000000, 0.7071067811865414665, 0.7071067811865536790 ) ) ;
#576 = DIRECTION ( 'NONE',  ( -1.000000000000000000, 0.000000000000000000, 0.000000000000000000 ) ) ;
#577 = DIRECTION ( 'NONE',  ( 0.000000000000000000, 0.7071067811865439090, -0.7071067811865512365 ) ) ;
#578 = EDGE_LOOP ( 'NONE', ( #3143, #3199, #221, #2045 ) ) ;
#579 = ORIENTED_EDGE ( 'NONE', *, *, #1488, .T. ) ;
#580 = AXIS2_PLACEMENT_3D ( 'NONE', #451, #2047, #5465 ) ;
#581 = DIRECTION ( 'NONE',  ( -1.000000000000000000, 6.434165940233234309E-18, -0.000000000000000000 ) ) ;
#582 = EDGE_LOOP ( 'NONE', ( #3629, #1583, #1220 ) ) ;
#583 = ORIENTED_EDGE ( 'NONE', *, *, #1111, .F. ) ;
#584 = AXIS2_PLACEMENT_3D ( 'NONE', #5296, #1757, #6314 ) ;
#585 = CALENDAR_DATE ( 2026, 21, 4 ) ;
#586 = TOROIDAL_SURFACE ( 'NONE', #4284, 0.3304673161057445907, 1.969532683894253289 ) ;
#587 = CARTESIAN_POINT ( 'NONE',  ( 11.85029856853051555, -8.074680794444425658, 15.52582246933061860 ) ) ;
#588 = EDGE_LOOP ( 'NONE', ( #1381, #6137, #4383, #2512 ) ) ;
#589 = AXIS2_PLACEMENT_3D ( 'NONE', #4664, #4178, #648 ) ;
#590 = CIRCLE ( 'NONE', #2482, 1.500000000000001332 ) ;
#591 = LINE ( 'NONE', #2567, #2547 ) ;
#592 = LOCAL_TIME ( 18, 8, 39.00000000000000000, #619 ) ;
#593 = CIRCLE ( 'NONE', #5651, 14.00000000000000000 ) ;
#594 = DIRECTION ( 'NONE',  ( -0.000000000000000000, -0.000000000000000000, -1.000000000000000000 ) ) ;
#595 = DIRECTION ( 'NONE',  ( -0.7071067811865517916, 0.7071067811865431318, -1.115470285317738251E-14 ) ) ;
#596 = ORIENTED_EDGE ( 'NONE', *, *, #405, .T. ) ;
#597 = ADVANCED_FACE ( 'NONE', ( #1265 ), #666, .F. ) ;
#598 = DIRECTION ( 'NONE',  ( 6.434165940233234309E-18, -1.000000000000000000, 0.000000000000000000 ) ) ;
#599 = ADVANCED_FACE ( 'NONE', ( #3283 ), #2675, .F. ) ;
#600 = EDGE_CURVE ( 'NONE', #5565, #2678, #1194, .T. ) ;
#601 = CIRCLE ( 'NONE', #1022, 6.065000000000000391 ) ;
#602 = EDGE_LOOP ( 'NONE', ( #4, #2515, #1513, #4097 ) ) ;
#603 = CARTESIAN_POINT ( 'NONE',  ( -6.234580980306466458, 14.30000000000002913, 2.923760430703403301 ) ) ;
#604 = DIRECTION ( 'NONE',  ( -8.295235218517768465E-17, -1.000000000000000000, -0.000000000000000000 ) ) ;
#605 = CARTESIAN_POINT ( 'NONE',  ( 14.00000000000000000, 0.000000000000000000, 2.000000000000000000 ) ) ;
#606 = CARTESIAN_POINT ( 'NONE',  ( 23.63999999999994728, -7.139999999999998792, 0.000000000000000000 ) ) ;
#607 = CARTESIAN_POINT ( 'NONE',  ( -3.850000000038108272, 3.299999999999090772, 4.714890176763979512E-16 ) ) ;
#608 = ADVANCED_FACE ( 'NONE', ( #707 ), #5279, .T. ) ;
#609 = DIRECTION ( 'NONE',  ( -1.022466556597827761E-15, -1.000000000000000000, -0.000000000000000000 ) ) ;
#610 = FACE_OUTER_BOUND ( 'NONE', #2196, .T. ) ;
#611 = ORIENTED_EDGE ( 'NONE', *, *, #1811, .T. ) ;
#612 = AXIS2_PLACEMENT_3D ( 'NONE', #701, #2709, #6240 ) ;
#613 = CARTESIAN_POINT ( 'NONE',  ( 0.000000000000000000, 0.000000000000000000, 0.000000000000000000 ) ) ;
#614 = CARTESIAN_POINT ( 'NONE',  ( 11.33042652373741710, 8.975125589460796860, 2.241947972564330982 ) ) ;
#615 = DIRECTION ( 'NONE',  ( -1.000000000000000000, -6.434165940233234309E-18, -0.000000000000000000 ) ) ;
#616 = CARTESIAN_POINT ( 'NONE',  ( -24.47999999999994358, -6.299999999999999822, 0.000000000000000000 ) ) ;
#617 = ORIENTED_EDGE ( 'NONE', *, *, #5195, .T. ) ;
#618 = CONICAL_SURFACE ( 'NONE', #3784, 2.499999999999998668, 1.029744258676653867 ) ;
#619 = COORDINATED_UNIVERSAL_TIME_OFFSET ( 8, 0, .AHEAD. ) ;
#620 = DIRECTION ( 'NONE',  ( 0.000000000000000000, -1.000000000000000000, 0.000000000000000000 ) ) ;
#621 = VERTEX_POINT ( 'NONE', #773 ) ;
#622 = CIRCLE ( 'NONE', #5785, 14.00000000000000000 ) ;
#623 = CIRCLE ( 'NONE', #3800, 3.220940107675852815 ) ;
#624 = DIRECTION ( 'NONE',  ( 0.000000000000000000, -1.000000000000000000, 0.000000000000000000 ) ) ;
#625 = VECTOR ( 'NONE', #5922, 1000.000000000000000 ) ;
#626 = AXIS2_PLACEMENT_3D ( 'NONE', #1575, #5625, #408 ) ;
#627 = DIRECTION ( 'NONE',  ( 1.934635846814283225E-16, -1.978100452562922547E-31, 1.000000000000000000 ) ) ;
#628 = ORIENTED_EDGE ( 'NONE', *, *, #3190, .F. ) ;
#629 = CARTESIAN_POINT ( 'NONE',  ( 9.000000000000001776, -11.19999999999999929, -9.000000000000000000 ) ) ;
#630 = ORIENTED_EDGE ( 'NONE', *, *, #6522, .T. ) ;
#631 = DIRECTION ( 'NONE',  ( 0.000000000000000000, 1.000000000000000000, 0.000000000000000000 ) ) ;
#632 = CIRCLE ( 'NONE', #2963, 15.59999999999999964 ) ;
#633 = ADVANCED_FACE ( 'NONE', ( #273 ), #2778, .F. ) ;
#634 = FACE_OUTER_BOUND ( 'NONE', #4012, .T. ) ;
#635 = PLANE ( 'NONE',  #4072 ) ;
#636 = ADVANCED_FACE ( 'NONE', ( #4655 ), #6434, .F. ) ;
#637 = DIRECTION ( 'NONE',  ( 0.000000000000000000, -1.000000000000000000, 0.000000000000000000 ) ) ;
#638 = ADVANCED_FACE ( 'NONE', ( #1127 ), #1483, .F. ) ;
#639 = CARTESIAN_POINT ( 'NONE',  ( -28.39999999999994174, -5.474999999999999645, 0.000000000000000000 ) ) ;
#640 = CARTESIAN_POINT ( 'NONE',  ( 1.196285871219460782E-14, 11.70000000000002238, 0.000000000000000000 ) ) ;
#641 = CARTESIAN_POINT ( 'NONE',  ( -3.651389171082360212E-17, 5.674999999999999822, -6.949870585161229716E-16 ) ) ;
#642 = EDGE_LOOP ( 'NONE', ( #1536, #470, #2559, #6234 ) ) ;
#643 = AXIS2_PLACEMENT_3D ( 'NONE', #5990, #6023, #42 ) ;
#644 = ADVANCED_FACE ( 'NONE', ( #2283 ), #4303, .F. ) ;
#645 = EDGE_CURVE ( 'NONE', #567, #4497, #4120, .T. ) ;
#646 =( NAMED_UNIT ( * ) PLANE_ANGLE_UNIT ( ) SI_UNIT ( $, .RADIAN. ) );
#647 = DIRECTION ( 'NONE',  ( -7.229930357067881971E-16, -0.7071067811865526798, -0.7071067811865424657 ) ) ;
#648 = DIRECTION ( 'NONE',  ( 1.000000000000000000, 0.000000000000000000, 0.000000000000000000 ) ) ;
#649 = CARTESIAN_POINT ( 'NONE',  ( -6.234580980306493103, -14.30000000000001670, 17.69999999999999929 ) ) ;
#650 = ORIENTED_EDGE ( 'NONE', *, *, #3306, .F. ) ;
#651 = DIRECTION ( 'NONE',  ( -8.295235218517768465E-17, -1.000000000000000000, -0.000000000000000000 ) ) ;
#652 = PERSON_AND_ORGANIZATION_ROLE ( 'design_supplier' ) ;
#653 = CARTESIAN_POINT ( 'NONE',  ( 17.28999999999999915, -7.139999999999999680, 8.743978145912100780E-16 ) ) ;
#654 = EDGE_LOOP ( 'NONE', ( #4992, #2400, #5441, #5182 ) ) ;
#655 = DIRECTION ( 'NONE',  ( -0.000000000000000000, 0.000000000000000000, 1.000000000000000000 ) ) ;
#656 = VECTOR ( 'NONE', #2928, 1000.000000000000000 ) ;
#657 = CARTESIAN_POINT ( 'NONE',  ( 28.40000000000000213, -2.990000000000000213, 3.661693929450585624E-16 ) ) ;
#658 = ORIENTED_EDGE ( 'NONE', *, *, #6487, .T. ) ;
#659 = DIRECTION ( 'NONE',  ( 1.000000000000000000, 0.000000000000000000, 0.000000000000000000 ) ) ;
#660 = ORIENTED_EDGE ( 'NONE', *, *, #5356, .T. ) ;
#661 = FACE_OUTER_BOUND ( 'NONE', #4571, .T. ) ;
#662 = VERTEX_POINT ( 'NONE', #1274 ) ;
#663 = LINE ( 'NONE', #5121, #2422 ) ;
#664 = CARTESIAN_POINT ( 'NONE',  ( 0.000000000000000000, 0.000000000000000000, 0.000000000000000000 ) ) ;
#665 = DIRECTION ( 'NONE',  ( -0.000000000000000000, -1.000000000000000000, -0.000000000000000000 ) ) ;
#666 = PLANE ( 'NONE',  #2103 ) ;
#667 = DIRECTION ( 'NONE',  ( 0.000000000000000000, 0.000000000000000000, 1.000000000000000000 ) ) ;
#668 = ORIENTED_EDGE ( 'NONE', *, *, #6453, .T. ) ;
#669 = DIRECTION ( 'NONE',  ( -8.295235218517768465E-17, -1.000000000000000000, -0.000000000000000000 ) ) ;
#670 = DIRECTION ( 'NONE',  ( 1.934635846814283225E-16, 0.000000000000000000, 1.000000000000000000 ) ) ;
#671 = VERTEX_POINT ( 'NONE', #4181 ) ;
#672 = PERSON_AND_ORGANIZATION_ROLE ( 'creator' ) ;
#673 = VECTOR ( 'NONE', #2691, 1000.000000000000000 ) ;
#674 = DIRECTION ( 'NONE',  ( -1.000000000000000000, 0.000000000000000000, 0.000000000000000000 ) ) ;
#675 = CARTESIAN_POINT ( 'NONE',  ( -25.65999999999994685, -1.651006980263844570E-16, 0.000000000000000000 ) ) ;
#676 = CYLINDRICAL_SURFACE ( 'NONE', #6134, 21.75000000002865264 ) ;
#677 = ORIENTED_EDGE ( 'NONE', *, *, #1529, .T. ) ;
#678 = CC_DESIGN_DATE_AND_TIME_ASSIGNMENT ( #1668, #5698, ( #4494 ) ) ;
#679 = EDGE_CURVE ( 'NONE', #2334, #5007, #6113, .T. ) ;
#680 = DIRECTION ( 'NONE',  ( 1.000000000000000000, 6.434165940233234309E-18, 0.000000000000000000 ) ) ;
#681 = COORDINATED_UNIVERSAL_TIME_OFFSET ( 8, 0, .AHEAD. ) ;
#682 = VECTOR ( 'NONE', #2925, 1000.000000000000000 ) ;
#683 = ADVANCED_FACE ( 'NONE', ( #251 ), #1702, .F. ) ;
#684 = EDGE_CURVE ( 'NONE', #4217, #3403, #2261, .T. ) ;
#685 = DIRECTION ( 'NONE',  ( -1.000000000000000000, 6.434165940233234309E-18, -0.000000000000000000 ) ) ;
#686 = AXIS2_PLACEMENT_3D ( 'NONE', #3384, #1267, #4930 ) ;
#687 = AXIS2_PLACEMENT_3D ( 'NONE', #5355, #739, #2748 ) ;
#688 = ORIENTED_EDGE ( 'NONE', *, *, #5037, .F. ) ;
#689 = AXIS2_PLACEMENT_3D ( 'NONE', #2082, #3673, #1093 ) ;
#690 = ORIENTED_EDGE ( 'NONE', *, *, #767, .T. ) ;
#691 = EDGE_CURVE ( 'NONE', #5507, #1180, #2670, .T. ) ;
#692 = SECURITY_CLASSIFICATION ( '', '', #3324 ) ;
#693 = DIRECTION ( 'NONE',  ( 1.000000000000000000, 1.231304080816852664E-16, -0.000000000000000000 ) ) ;
#694 = AXIS2_PLACEMENT_3D ( 'NONE', #698, #94, #6102 ) ;
#695 = VECTOR ( 'NONE', #5646, 1000.000000000000114 ) ;
#696 = DIRECTION ( 'NONE',  ( -8.295235218517768465E-17, -1.000000000000000000, -0.000000000000000000 ) ) ;
#697 = ORIENTED_EDGE ( 'NONE', *, *, #2012, .T. ) ;
#698 = CARTESIAN_POINT ( 'NONE',  ( 11.99999999999999822, 9.700000000000002842, 0.000000000000000000 ) ) ;
#699 = CIRCLE ( 'NONE', #3230, 2.499999999999998668 ) ;
#700 = ORIENTED_EDGE ( 'NONE', *, *, #4786, .F. ) ;
#701 = CARTESIAN_POINT ( 'NONE',  ( 0.000000000000000000, 0.000000000000000000, 17.69999999999999929 ) ) ;
#702 = LOCAL_TIME ( 18, 8, 39.00000000000000000, #1017 ) ;
#703 = EDGE_LOOP ( 'NONE', ( #4274, #4256 ) ) ;
#704 = CARTESIAN_POINT ( 'NONE',  ( 5.726516313213211085, 14.30000000000002913, 2.806529817159450158 ) ) ;
#705 = CARTESIAN_POINT ( 'NONE',  ( -15.59999999999999964, 0.000000000000000000, 14.77623956929659421 ) ) ;
#706 = DIRECTION ( 'NONE',  ( 0.000000000000000000, -1.000000000000000000, 1.224646799147353207E-16 ) ) ;
#707 = FACE_OUTER_BOUND ( 'NONE', #5770, .T. ) ;
#708 = CARTESIAN_POINT ( 'NONE',  ( 0.000000000000000000, 0.000000000000000000, 8.500000000000000000 ) ) ;
#709 = VECTOR ( 'NONE', #5065, 1000.000000000000000 ) ;
#710 = LINE ( 'NONE', #2148, #1872 ) ;
#711 = LINE ( 'NONE', #3915, #3478 ) ;
#712 = ORIENTED_EDGE ( 'NONE', *, *, #5109, .T. ) ;
#713 = DATE_AND_TIME ( #2192, #5870 ) ;
#714 = DIRECTION ( 'NONE',  ( -8.295235218517768465E-17, -1.000000000000000000, -0.000000000000000000 ) ) ;
#715 = DIRECTION ( 'NONE',  ( -8.295235218517768465E-17, -1.000000000000000000, -0.000000000000000000 ) ) ;
#716 = CARTESIAN_POINT ( 'NONE',  ( 0.000000000000000000, 0.000000000000000000, 0.000000000000000000 ) ) ;
#717 = EDGE_LOOP ( 'NONE', ( #2510, #3042, #4308, #954 ) ) ;
#718 = LINE ( 'NONE', #4805, #673 ) ;
#719 = APPROVAL_ROLE ( '' ) ;
#720 = DIRECTION ( 'NONE',  ( -0.000000000000000000, -0.000000000000000000, -1.000000000000000000 ) ) ;
#721 = ADVANCED_FACE ( 'NONE', ( #2759 ), #5730, .T. ) ;
#722 = ORIENTED_EDGE ( 'NONE', *, *, #4267, .F. ) ;
#723 = ORIENTED_EDGE ( 'NONE', *, *, #6451, .F. ) ;
#724 = CIRCLE ( 'NONE', #5665, 8.000000000026830094 ) ;
#725 = EDGE_CURVE ( 'NONE', #1510, #4459, #6294, .T. ) ;
#726 = EDGE_CURVE ( 'NONE', #1316, #114, #2232, .T. ) ;
#727 = CARTESIAN_POINT ( 'NONE',  ( 3.196957988627607396E-15, 38.53969061047138212, 0.000000000000000000 ) ) ;
#728 = ADVANCED_FACE ( 'NONE', ( #2127 ), #3001, .T. ) ;
#729 = EDGE_CURVE ( 'NONE', #1246, #5097, #5795, .T. ) ;
#730 = CARTESIAN_POINT ( 'NONE',  ( 8.999999999999998224, 0.3021515475689004471, 9.000000000000000000 ) ) ;
#731 = ORIENTED_EDGE ( 'NONE', *, *, #2338, .T. ) ;
#732 = FACE_OUTER_BOUND ( 'NONE', #5621, .T. ) ;
#733 = VERTEX_POINT ( 'NONE', #3162 ) ;
#734 = CARTESIAN_POINT ( 'NONE',  ( 4.200000000043535131, -3.483998791813576463E-16, 0.000000000000000000 ) ) ;
#735 = CONICAL_SURFACE ( 'NONE', #1574, 5.865000000000000213, 0.7853981633974504994 ) ;
#736 = VERTEX_POINT ( 'NONE', #5170 ) ;
#737 = DIRECTION ( 'NONE',  ( -0.000000000000000000, -0.000000000000000000, -1.000000000000000000 ) ) ;
#738 = DIRECTION ( 'NONE',  ( 0.000000000000000000, 0.000000000000000000, -1.000000000000000000 ) ) ;
#739 = DIRECTION ( 'NONE',  ( -1.000000000000000000, -6.434165940233234309E-18, -0.000000000000000000 ) ) ;
#740 = LINE ( 'NONE', #3778, #8 ) ;
#741 = DIRECTION ( 'NONE',  ( 0.7071067811865523467, -9.614813431917640356E-17, -0.7071067811865426878 ) ) ;
#742 = AXIS2_PLACEMENT_3D ( 'NONE', #2895, #391, #1934 ) ;
#743 = B_SPLINE_CURVE_WITH_KNOTS ( 'NONE', 3,
 ( #47, #2558, #4540, #2028, #3614, #4051, #493, #5005, #5620, #4569, #3123, #5134 ),
 .UNSPECIFIED., .F., .F.,
 ( 4, 2, 2, 2, 2, 4 ),
 ( 2.343703155796629523E-07, 0.003125847235931079968, 0.006251460101546579655, 0.007814266534354328414, 0.009377072967162076306, 0.01250268583277757729 ),
 .UNSPECIFIED. ) ;
#744 = DIRECTION ( 'NONE',  ( -1.000000000000000000, 9.561467977824930139E-16, 0.000000000000000000 ) ) ;
#745 = ORIENTED_EDGE ( 'NONE', *, *, #5362, .T. ) ;
#746 = APPROVAL_DATE_TIME ( #2154, #5762 ) ;
#747 = DIRECTION ( 'NONE',  ( -1.000000000000000000, 1.022466556597827761E-15, 0.000000000000000000 ) ) ;
#748 = AXIS2_PLACEMENT_3D ( 'NONE', #3639, #5648, #1229 ) ;
#749 = FACE_OUTER_BOUND ( 'NONE', #4224, .T. ) ;
#750 = CARTESIAN_POINT ( 'NONE',  ( 3.220904270059648886E-15, 38.82836574506654159, 0.000000000000000000 ) ) ;
#751 = ORIENTED_EDGE ( 'NONE', *, *, #725, .F. ) ;
#752 = CARTESIAN_POINT ( 'NONE',  ( 1.508615730215404858E-16, 1.818653347945655030, 0.000000000000000000 ) ) ;
#753 = COORDINATED_UNIVERSAL_TIME_OFFSET ( 8, 0, .AHEAD. ) ;
#754 = FACE_OUTER_BOUND ( 'NONE', #5244, .T. ) ;
#755 = ORIENTED_EDGE ( 'NONE', *, *, #1528, .F. ) ;
#756 = EDGE_LOOP ( 'NONE', ( #227, #5306, #522, #6033 ) ) ;
#757 = DIRECTION ( 'NONE',  ( -8.295235218517768465E-17, -1.000000000000000000, -0.000000000000000000 ) ) ;
#758 = ADVANCED_FACE ( 'NONE', ( #5304 ), #782, .T. ) ;
#759 = CONICAL_SURFACE ( 'NONE', #5398, 8.000000000026830094, 0.7853981633973351473 ) ;
#760 = DIRECTION ( 'NONE',  ( 0.000000000000000000, 0.000000000000000000, -1.000000000000000000 ) ) ;
#761 = ORIENTED_EDGE ( 'NONE', *, *, #5802, .F. ) ;
#762 = LINE ( 'NONE', #5348, #4582 ) ;
#763 = ORIENTED_EDGE ( 'NONE', *, *, #6162, .F. ) ;
#764 = APPROVAL ( #1703, '未指定' ) ;
#765 = EDGE_CURVE ( 'NONE', #2094, #5040, #1207, .T. ) ;
#766 = CARTESIAN_POINT ( 'NONE',  ( 12.69999999999998508, -1.298532526879239673E-14, 0.000000000000000000 ) ) ;
#767 = EDGE_CURVE ( 'NONE', #2530, #163, #569, .T. ) ;
#768 = AXIS2_PLACEMENT_3D ( 'NONE', #1598, #365, #4390 ) ;
#769 = EDGE_CURVE ( 'NONE', #6462, #5178, #718, .T. ) ;
#770 = VERTEX_POINT ( 'NONE', #4144 ) ;
#771 = DIRECTION ( 'NONE',  ( -0.8660254037844415942, 0.4999999999999949485, 6.123233995736704406E-17 ) ) ;
#772 = DIRECTION ( 'NONE',  ( 0.000000000000000000, -1.000000000000000000, 0.000000000000000000 ) ) ;
#773 = CARTESIAN_POINT ( 'NONE',  ( -12.95000000000001172, -10.70000000000001172, 13.44999999999999929 ) ) ;
#774 = CARTESIAN_POINT ( 'NONE',  ( -17.28999999999999915, -1.112467291066326069E-16, 0.000000000000000000 ) ) ;
#775 = DIRECTION ( 'NONE',  ( 1.000000000000000000, 0.000000000000000000, 0.000000000000000000 ) ) ;
#776 = CARTESIAN_POINT ( 'NONE',  ( -28.40000000000000213, 0.000000000000000000, 0.000000000000000000 ) ) ;
#777 = ORIENTED_EDGE ( 'NONE', *, *, #600, .T. ) ;
#778 = CARTESIAN_POINT ( 'NONE',  ( -11.89999999999997193, 17.80000000000002913, 1.457329690985348815E-15 ) ) ;
#779 = CARTESIAN_POINT ( 'NONE',  ( 9.000000000000001776, -10.80000000000001315, 11.49999999999999822 ) ) ;
#780 = DIRECTION ( 'NONE',  ( 1.000000000000000000, -8.295235218517768465E-17, 0.000000000000000000 ) ) ;
#781 = DIRECTION ( 'NONE',  ( 0.000000000000000000, -1.000000000000000000, 0.000000000000000000 ) ) ;
#782 = CYLINDRICAL_SURFACE ( 'NONE', #3525, 7.139999999999998792 ) ;
#783 = AXIS2_PLACEMENT_3D ( 'NONE', #389, #6389, #3322 ) ;
#784 = FACE_OUTER_BOUND ( 'NONE', #533, .T. ) ;
#785 = ORIENTED_EDGE ( 'NONE', *, *, #6008, .F. ) ;
#786 = ORIENTED_EDGE ( 'NONE', *, *, #5372, .T. ) ;
#787 = DIRECTION ( 'NONE',  ( -1.022466556597827761E-15, -1.000000000000000000, -0.000000000000000000 ) ) ;
#788 = VECTOR ( 'NONE', #3352, 1000.000000000000000 ) ;
#789 = VECTOR ( 'NONE', #2578, 1000.000000000000000 ) ;
#790 = CARTESIAN_POINT ( 'NONE',  ( 0.000000000000000000, 0.000000000000000000, 17.07999999999999474 ) ) ;
#791 = VERTEX_POINT ( 'NONE', #5697 ) ;
#792 = DIRECTION ( 'NONE',  ( -1.000000000000000000, -6.434165940233234309E-18, -0.000000000000000000 ) ) ;
#793 = ORIENTED_EDGE ( 'NONE', *, *, #5193, .T. ) ;
#794 = CIRCLE ( 'NONE', #2480, 15.59999999999999964 ) ;
#795 = DIRECTION ( 'NONE',  ( -1.000000000000000000, 0.000000000000000000, 0.000000000000000000 ) ) ;
#796 = VERTEX_POINT ( 'NONE', #1631 ) ;
#797 = DIRECTION ( 'NONE',  ( -1.000000000000000000, 6.434165940233234309E-18, -0.000000000000000000 ) ) ;
#798 = AXIS2_PLACEMENT_3D ( 'NONE', #5912, #2407, #3905 ) ;
#799 = DIRECTION ( 'NONE',  ( 1.000000000000000000, -1.942890293093642011E-13, 0.000000000000000000 ) ) ;
#800 = EDGE_CURVE ( 'NONE', #461, #56, #4706, .T. ) ;
#801 = CARTESIAN_POINT ( 'NONE',  ( 16.44999999999999929, -1.058420297168367037E-16, 0.000000000000000000 ) ) ;
#802 = EDGE_CURVE ( 'NONE', #540, #3523, #4152, .T. ) ;
#803 = ADVANCED_FACE ( 'NONE', ( #4738 ), #6261, .F. ) ;
#804 = CC_DESIGN_APPROVAL ( #764, ( #3646 ) ) ;
#805 = FACE_OUTER_BOUND ( 'NONE', #3621, .T. ) ;
#806 = CARTESIAN_POINT ( 'NONE',  ( -9.000000000000001776, -11.19999999999999929, 6.099999999999992539 ) ) ;
#807 = ORIENTED_EDGE ( 'NONE', *, *, #3138, .F. ) ;
#808 = DIRECTION ( 'NONE',  ( -0.7071067811865414665, -0.7071067811865536790, 8.659560562354847809E-17 ) ) ;
#809 = LOCAL_TIME ( 18, 8, 39.00000000000000000, #2128 ) ;
#810 = PLANE ( 'NONE',  #5801 ) ;
#811 = ADVANCED_FACE ( 'NONE', ( #5900 ), #1304, .F. ) ;
#812 = VECTOR ( 'NONE', #627, 1000.000000000000000 ) ;
#813 = DIRECTION ( 'NONE',  ( 0.000000000000000000, 0.000000000000000000, 1.000000000000000000 ) ) ;
#814 = CARTESIAN_POINT ( 'NONE',  ( 7.530602459703365058E-30, 9.078226549733651992E-14, 0.000000000000000000 ) ) ;
#815 = CARTESIAN_POINT ( 'NONE',  ( -9.000000000000001776, -1.199999999999999734, -9.000000000000000000 ) ) ;
#816 = DIRECTION ( 'NONE',  ( 0.000000000000000000, 0.000000000000000000, 1.000000000000000000 ) ) ;
#817 = ORIENTED_EDGE ( 'NONE', *, *, #6080, .T. ) ;
#818 = EDGE_LOOP ( 'NONE', ( #3093, #6029, #6398, #3939 ) ) ;
#819 = CONICAL_SURFACE ( 'NONE', #5576, 14.00000000000000000, 0.7853981633974541632 ) ;
#820 = EDGE_LOOP ( 'NONE', ( #2902, #5884, #793, #5669 ) ) ;
#821 = DIRECTION ( 'NONE',  ( 1.000000000000000000, 0.000000000000000000, 0.000000000000000000 ) ) ;
#822 = CIRCLE ( 'NONE', #79, 7.139999999999999680 ) ;
#823 = CARTESIAN_POINT ( 'NONE',  ( -5.436063259130988441E-32, 7.028365745067730153, 0.000000000000000000 ) ) ;
#824 = VERTEX_POINT ( 'NONE', #5958 ) ;
#825 = CARTESIAN_POINT ( 'NONE',  ( -11.89999999999997193, 17.80000000000002913, 1.506315562951242441E-15 ) ) ;
#826 = EDGE_LOOP ( 'NONE', ( #5985, #49 ) ) ;
#827 = VECTOR ( 'NONE', #3625, 1000.000000000000000 ) ;
#828 = DIRECTION ( 'NONE',  ( -1.000000000000000000, 6.434165940233234309E-18, -0.000000000000000000 ) ) ;
#829 = EDGE_LOOP ( 'NONE', ( #5909, #2976, #2217 ) ) ;
#830 = FACE_OUTER_BOUND ( 'NONE', #1819, .T. ) ;
#831 =( NAMED_UNIT ( * ) PLANE_ANGLE_UNIT ( ) SI_UNIT ( $, .RADIAN. ) );
#832 = DIRECTION ( 'NONE',  ( 0.4999999999999996669, 0.8660254037844388186, 0.000000000000000000 ) ) ;
#833 = CARTESIAN_POINT ( 'NONE',  ( 9.000000000000001776, -1.199999999999999734, 11.49999999999999822 ) ) ;
#834 = CIRCLE ( 'NONE', #5674, 4.606580753730955990 ) ;
#835 = DIRECTION ( 'NONE',  ( 0.000000000000000000, 1.000000000000000000, 0.000000000000000000 ) ) ;
#836 = FACE_OUTER_BOUND ( 'NONE', #3903, .T. ) ;
#837 = EDGE_LOOP ( 'NONE', ( #2758, #2241, #2301, #5973 ) ) ;
#838 = ADVANCED_BREP_SHAPE_REPRESENTATION ( '', ( #3817, #5444 ), #3870 ) ;
#839 = VECTOR ( 'NONE', #1302, 1000.000000000000000 ) ;
#840 = CARTESIAN_POINT ( 'NONE',  ( -15.50145376427073352, 1.750694489103296725, 17.69999999999999929 ) ) ;
#841 = EDGE_CURVE ( 'NONE', #3233, #550, #37, .T. ) ;
#842 = EDGE_CURVE ( 'NONE', #3898, #3468, #4315, .T. ) ;
#843 = LINE ( 'NONE', #779, #4022 ) ;
#844 = TOROIDAL_SURFACE ( 'NONE', #4529, 11.99999999999998757, 0.2999999999999999889 ) ;
#845 = CYLINDRICAL_SURFACE ( 'NONE', #6506, 7.139999999999998792 ) ;
#846 = CARTESIAN_POINT ( 'NONE',  ( 1.433720039896591820E-16, 1.728365745067775849, 0.000000000000000000 ) ) ;
#847 = CARTESIAN_POINT ( 'NONE',  ( 12.95000000000000995, -11.19999999999999929, 12.95000000000000817 ) ) ;
#848 = PERSON_AND_ORGANIZATION_ROLE ( 'classification_officer' ) ;
#849 = EDGE_CURVE ( 'NONE', #3240, #6345, #3925, .T. ) ;
#850 = EDGE_CURVE ( 'NONE', #2094, #1648, #5829, .T. ) ;
#851 = CIRCLE ( 'NONE', #535, 14.00000000000000000 ) ;
#852 = EDGE_CURVE ( 'NONE', #2477, #3827, #2564, .T. ) ;
#853 = LINE ( 'NONE', #5471, #6005 ) ;
#854 = ORIENTED_EDGE ( 'NONE', *, *, #116, .F. ) ;
#855 = VERTEX_POINT ( 'NONE', #6422 ) ;
#856 = AXIS2_PLACEMENT_3D ( 'NONE', #5259, #131, #3246 ) ;
#857 = ORIENTED_EDGE ( 'NONE', *, *, #2906, .T. ) ;
#858 = DIRECTION ( 'NONE',  ( -1.022466556597827761E-15, -1.000000000000000000, -0.000000000000000000 ) ) ;
#859 = PRODUCT ( 'DV12A-MR4-VB', 'DV12A-MR4-VB', '', ( #4670 ) ) ;
#860 = AXIS2_PLACEMENT_3D ( 'NONE', #1230, #2613, #5187 ) ;
#861 = DIRECTION ( 'NONE',  ( -1.022466556597827761E-15, -1.000000000000000000, -0.000000000000000000 ) ) ;
#862 = VERTEX_POINT ( 'NONE', #1438 ) ;
#863 = DIRECTION ( 'NONE',  ( 1.000000000000000000, 0.000000000000000000, 0.000000000000000000 ) ) ;
#864 = ORIENTED_EDGE ( 'NONE', *, *, #6367, .T. ) ;
#865 = DIRECTION ( 'NONE',  ( -0.000000000000000000, -0.000000000000000000, -1.000000000000000000 ) ) ;
#866 = CIRCLE ( 'NONE', #2761, 2.499999999999998668 ) ;
#867 = ORIENTED_EDGE ( 'NONE', *, *, #4191, .F. ) ;
#868 = DIRECTION ( 'NONE',  ( 0.000000000000000000, -1.000000000000000000, 0.000000000000000000 ) ) ;
#869 = CARTESIAN_POINT ( 'NONE',  ( 6.234580980306462905, 14.30000000000002913, 17.69999999999999929 ) ) ;
#870 = DIRECTION ( 'NONE',  ( 0.7071067811865512365, 9.614813431917719242E-17, 0.7071067811865439090 ) ) ;
#871 = DIRECTION ( 'NONE',  ( -1.000000000000000000, 0.000000000000000000, 0.000000000000000000 ) ) ;
#872 = DIRECTION ( 'NONE',  ( -0.7071067811865549002, -0.7071067811865402453, 0.000000000000000000 ) ) ;
#873 = VERTEX_POINT ( 'NONE', #3824 ) ;
#874 = DIRECTION ( 'NONE',  ( 1.000000000000000000, 1.231304080816852664E-16, -0.000000000000000000 ) ) ;
#875 = CARTESIAN_POINT ( 'NONE',  ( 28.39999999999994174, -1.827303127026234901E-16, 0.000000000000000000 ) ) ;
#876 = AXIS2_PLACEMENT_3D ( 'NONE', #5863, #3292, #4836 ) ;
#877 = DIRECTION ( 'NONE',  ( 1.000000000000000000, 0.000000000000000000, 0.000000000000000000 ) ) ;
#878 = CARTESIAN_POINT ( 'NONE',  ( 9.000000000000001776, -1.199999999999999734, 11.49999999999999822 ) ) ;
#879 = ORIENTED_EDGE ( 'NONE', *, *, #1777, .F. ) ;
#880 = CARTESIAN_POINT ( 'NONE',  ( 0.000000000000000000, 0.000000000000000000, 2.000000000000000000 ) ) ;
#881 = CARTESIAN_POINT ( 'NONE',  ( 2.826794919243180271, 1.813300417069767214E-13, 0.000000000000000000 ) ) ;
#882 = ORIENTED_EDGE ( 'NONE', *, *, #3510, .F. ) ;
#883 = VERTEX_POINT ( 'NONE', #4871 ) ;
#884 = CC_DESIGN_PERSON_AND_ORGANIZATION_ASSIGNMENT ( #2233, #652, ( #4812 ) ) ;
#885 = EDGE_CURVE ( 'NONE', #6501, #407, #6356, .T. ) ;
#886 = VECTOR ( 'NONE', #1804, 1000.000000000000000 ) ;
#887 = ADVANCED_FACE ( 'NONE', ( #5403 ), #4997, .F. ) ;
#888 = ORIENTED_EDGE ( 'NONE', *, *, #1199, .F. ) ;
#889 = ORIENTED_EDGE ( 'NONE', *, *, #2118, .T. ) ;
#890 = CARTESIAN_POINT ( 'NONE',  ( 17.47810899155977893, 2.299999999999996714, 0.000000000000000000 ) ) ;
#891 = ORIENTED_EDGE ( 'NONE', *, *, #4839, .F. ) ;
#892 = EDGE_CURVE ( 'NONE', #3805, #1985, #2862, .T. ) ;
#893 = DIRECTION ( 'NONE',  ( 0.7071067811877681519, 0.7071067811853268825, 8.659560562369879307E-17 ) ) ;
#894 = ORIENTED_EDGE ( 'NONE', *, *, #2004, .T. ) ;
#895 = CARTESIAN_POINT ( 'NONE',  ( -13.43790002449755150, 5.324874410539219838, 2.241947972564336311 ) ) ;
#896 = AXIS2_PLACEMENT_3D ( 'NONE', #4310, #2325, #350 ) ;
#897 = ORIENTED_EDGE ( 'NONE', *, *, #1199, .T. ) ;
#898 = CARTESIAN_POINT ( 'NONE',  ( 10.29537610905071965, -10.76788549609339007, 15.20152563016558211 ) ) ;
#899 = CARTESIAN_POINT ( 'NONE',  ( 6.742670579747850535E-16, 8.128365745067640091, 0.000000000000000000 ) ) ;
#900 = AXIS2_PLACEMENT_3D ( 'NONE', #3849, #6443, #2286 ) ;
#901 = DIRECTION ( 'NONE',  ( 0.000000000000000000, -1.000000000000000000, 0.000000000000000000 ) ) ;
#902 = AXIS2_PLACEMENT_3D ( 'NONE', #5578, #2040, #5981 ) ;
#903 = DIRECTION ( 'NONE',  ( -8.295235218517768465E-17, -1.000000000000000000, -0.000000000000000000 ) ) ;
#904 = CARTESIAN_POINT ( 'NONE',  ( 3.519532737926319090E-15, 42.42836574506691250, 0.000000000000000000 ) ) ;
#905 = EDGE_LOOP ( 'NONE', ( #1907, #4705 ) ) ;
#906 = VECTOR ( 'NONE', #5286, 1000.000000000000114 ) ;
#907 = ORIENTED_EDGE ( 'NONE', *, *, #2460, .T. ) ;
#908 = CARTESIAN_POINT ( 'NONE',  ( -12.95000000000000817, -10.70000000000001172, -13.44999999999999929 ) ) ;
#909 = DIRECTION ( 'NONE',  ( -0.000000000000000000, -0.000000000000000000, -1.000000000000000000 ) ) ;
#910 = CARTESIAN_POINT ( 'NONE',  ( -17.00000000002756195, 42.82836574506819716, 0.000000000000000000 ) ) ;
#911 = CARTESIAN_POINT ( 'NONE',  ( 0.000000000000000000, 0.000000000000000000, 0.000000000000000000 ) ) ;
#912 = EDGE_LOOP ( 'NONE', ( #4029, #6393, #1383, #617 ) ) ;
#913 = DIRECTION ( 'NONE',  ( 1.000000000000000000, 1.231304080816852664E-16, -0.000000000000000000 ) ) ;
#914 = CALENDAR_DATE ( 2026, 21, 4 ) ;
#915 = APPROVAL_PERSON_ORGANIZATION ( #4247, #3505, #4635 ) ;
#916 = DIRECTION ( 'NONE',  ( 1.000000000000000000, 0.000000000000000000, -0.000000000000000000 ) ) ;
#917 = ORIENTED_EDGE ( 'NONE', *, *, #5315, .T. ) ;
#918 = VERTEX_POINT ( 'NONE', #2361 ) ;
#919 = ORIENTED_EDGE ( 'NONE', *, *, #5193, .F. ) ;
#920 = VECTOR ( 'NONE', #4081, 1000.000000000000114 ) ;
#921 = ORIENTED_EDGE ( 'NONE', *, *, #5846, .T. ) ;
#922 = EDGE_CURVE ( 'NONE', #883, #4723, #1722, .T. ) ;
#923 = EDGE_CURVE ( 'NONE', #4811, #466, #5930, .T. ) ;
#924 = EDGE_CURVE ( 'NONE', #6132, #542, #1614, .T. ) ;
#925 = ADVANCED_FACE ( 'NONE', ( #3422 ), #4447, .T. ) ;
#926 = FACE_BOUND ( 'NONE', #5313, .T. ) ;
#927 = ORIENTED_EDGE ( 'NONE', *, *, #2337, .T. ) ;
#928 = ORIENTED_EDGE ( 'NONE', *, *, #191, .T. ) ;
#929 = DIRECTION ( 'NONE',  ( 1.000000000000000000, -8.295235218517768465E-17, 0.000000000000000000 ) ) ;
#930 = CONICAL_SURFACE ( 'NONE', #3460, 8.250000000000000000, 0.7853981633974541632 ) ;
#931 = EDGE_CURVE ( 'NONE', #4109, #5050, #253, .T. ) ;
#932 = ADVANCED_FACE ( 'NONE', ( #5434 ), #3948, .T. ) ;
#933 = VERTEX_POINT ( 'NONE', #4348 ) ;
#934 = DIRECTION ( 'NONE',  ( -0.000000000000000000, -0.000000000000000000, -1.000000000000000000 ) ) ;
#935 = CARTESIAN_POINT ( 'NONE',  ( -1.349663430086842197, 19.19018883637906825, 58.39999999999999147 ) ) ;
#936 = DIRECTION ( 'NONE',  ( 0.000000000000000000, -1.000000000000000000, 0.000000000000000000 ) ) ;
#937 = DIRECTION ( 'NONE',  ( -0.7071067811865524577, 1.239037099348062415E-16, 0.7071067811865426878 ) ) ;
#938 = CARTESIAN_POINT ( 'NONE',  ( 3.902321642751456906E-17, -6.065000000000000391, 0.000000000000000000 ) ) ;
#939 = DIRECTION ( 'NONE',  ( -8.295235218517768465E-17, -1.000000000000000000, -0.000000000000000000 ) ) ;
#940 = ORIENTED_EDGE ( 'NONE', *, *, #4121, .F. ) ;
#941 = FACE_BOUND ( 'NONE', #5940, .T. ) ;
#942 = CARTESIAN_POINT ( 'NONE',  ( 9.000000000000001776, -10.79999999999999183, -6.500000000000000888 ) ) ;
#943 = CIRCLE ( 'NONE', #1253, 7.139999999999998792 ) ;
#944 = DIRECTION ( 'NONE',  ( -8.295235218517768465E-17, -1.000000000000000000, -0.000000000000000000 ) ) ;
#945 = CARTESIAN_POINT ( 'NONE',  ( -17.00000000002819434, 44.82836574506518446, 0.000000000000000000 ) ) ;
#946 = VECTOR ( 'NONE', #5780, 1000.000000000000000 ) ;
#947 = DIRECTION ( 'NONE',  ( 1.224646799147353207E-16, -1.015873325853218016E-32, 1.000000000000000000 ) ) ;
#948 = CIRCLE ( 'NONE', #315, 2.100000000025833202 ) ;
#949 = AXIS2_PLACEMENT_3D ( 'NONE', #1276, #3198, #3655 ) ;
#950 = LINE ( 'NONE', #1410, #5378 ) ;
#951 = ORIENTED_EDGE ( 'NONE', *, *, #3664, .T. ) ;
#952 = VERTEX_POINT ( 'NONE', #2398 ) ;
#953 = PERSON_AND_ORGANIZATION ( #3131, #5968 ) ;
#954 = ORIENTED_EDGE ( 'NONE', *, *, #6050, .T. ) ;
#955 = CONICAL_SURFACE ( 'NONE', #3591, 2.499999999999998668, 1.029744258676653867 ) ;
#956 = FACE_OUTER_BOUND ( 'NONE', #3979, .T. ) ;
#957 = ORIENTED_EDGE ( 'NONE', *, *, #3465, .T. ) ;
#958 = AXIS2_PLACEMENT_3D ( 'NONE', #4078, #1530, #4625 ) ;
#959 = ORIENTED_EDGE ( 'NONE', *, *, #6007, .F. ) ;
#960 = CARTESIAN_POINT ( 'NONE',  ( 28.39999999999994174, -1.827303127026234901E-16, 0.000000000000000000 ) ) ;
#961 = EDGE_CURVE ( 'NONE', #3497, #362, #2250, .T. ) ;
#962 = AXIS2_PLACEMENT_3D ( 'NONE', #6514, #6083, #5032 ) ;
#963 = ORIENTED_EDGE ( 'NONE', *, *, #4444, .T. ) ;
#964 = DIRECTION ( 'NONE',  ( -8.295235218517768465E-17, -1.000000000000000000, -0.000000000000000000 ) ) ;
#965 = CARTESIAN_POINT ( 'NONE',  ( -9.266872783964245741, -12.54930551089671731, 2.923760430703403301 ) ) ;
#966 = EDGE_CURVE ( 'NONE', #736, #1464, #16, .T. ) ;
#967 = APPLICATION_CONTEXT ( 'configuration controlled 3d designs of mechanical parts and assemblies' ) ;
#968 = EDGE_CURVE ( 'NONE', #1510, #3989, #601, .T. ) ;
#969 = CARTESIAN_POINT ( 'NONE',  ( -9.000000000000001776, -11.19999999999999929, -9.000000000000000000 ) ) ;
#970 = EDGE_CURVE ( 'NONE', #2235, #2070, #6084, .T. ) ;
#971 = CARTESIAN_POINT ( 'NONE',  ( 9.000000000000001776, -11.19999999999999929, 9.000000000000000000 ) ) ;
#972 = ORIENTED_EDGE ( 'NONE', *, *, #3102, .F. ) ;
#973 = ORIENTED_EDGE ( 'NONE', *, *, #6199, .F. ) ;
#974 = CARTESIAN_POINT ( 'NONE',  ( 17.00000000002838974, 42.82836574506819716, 0.000000000000000000 ) ) ;
#975 = AXIS2_PLACEMENT_3D ( 'NONE', #4227, #5704, #6163 ) ;
#976 = DIRECTION ( 'NONE',  ( -1.000000000000000000, 6.434165940233234309E-18, -0.000000000000000000 ) ) ;
#977 = DIRECTION ( 'NONE',  ( 1.000000000000000000, 0.000000000000000000, 0.000000000000000000 ) ) ;
#978 = CARTESIAN_POINT ( 'NONE',  ( 6.041965180448148500E-17, 0.7283657450677758494, 0.000000000000000000 ) ) ;
#979 = CARTESIAN_POINT ( 'NONE',  ( 2.748075862604170495E-15, 33.12836574506695797, 0.000000000000000000 ) ) ;
#980 = DIRECTION ( 'NONE',  ( 0.000000000000000000, 0.000000000000000000, -1.000000000000000000 ) ) ;
#981 = CIRCLE ( 'NONE', #25, 2.899999999999986144 ) ;
#982 = DIRECTION ( 'NONE',  ( 0.000000000000000000, 0.000000000000000000, -1.000000000000000000 ) ) ;
#983 = ORIENTED_EDGE ( 'NONE', *, *, #1120, .T. ) ;
#984 = EDGE_LOOP ( 'NONE', ( #197, #5131, #2934, #5384 ) ) ;
#985 = MECHANICAL_CONTEXT ( 'NONE', #1081, 'mechanical' ) ;
#986 = DIRECTION ( 'NONE',  ( -0.000000000000000000, -1.000000000000000000, -0.000000000000000000 ) ) ;
#987 = ORIENTED_EDGE ( 'NONE', *, *, #4885, .F. ) ;
#988 = AXIS2_PLACEMENT_3D ( 'NONE', #1923, #3944, #6473 ) ;
#989 = VERTEX_POINT ( 'NONE', #3985 ) ;
#990 = DIRECTION ( 'NONE',  ( -8.295235218517768465E-17, -1.000000000000000000, -0.000000000000000000 ) ) ;
#991 = AXIS2_PLACEMENT_3D ( 'NONE', #5661, #1139, #5200 ) ;
#992 = ORIENTED_EDGE ( 'NONE', *, *, #1814, .T. ) ;
#993 = ORIENTED_EDGE ( 'NONE', *, *, #3358, .T. ) ;
#994 = DIRECTION ( 'NONE',  ( 1.000000000000000000, -1.084202172481868278E-16, 0.000000000000000000 ) ) ;
#995 = AXIS2_PLACEMENT_3D ( 'NONE', #1498, #1987, #6046 ) ;
#996 = CARTESIAN_POINT ( 'NONE',  ( -1.045012996424717899, -14.30000000000001670, 2.173243221967119609 ) ) ;
#997 = ORIENTED_EDGE ( 'NONE', *, *, #1843, .F. ) ;
#998 = EDGE_CURVE ( 'NONE', #2908, #396, #1447, .T. ) ;
#999 = EDGE_LOOP ( 'NONE', ( #4297, #6402, #731, #1077 ) ) ;
#1000 = AXIS2_PLACEMENT_3D ( 'NONE', #1759, #4272, #3215 ) ;
#1001 = DIRECTION ( 'NONE',  ( 0.000000000000000000, 0.000000000000000000, -1.000000000000000000 ) ) ;
#1002 = AXIS2_PLACEMENT_3D ( 'NONE', #4860, #308, #5851 ) ;
#1003 = DIRECTION ( 'NONE',  ( -6.434165940233234309E-18, -1.000000000000000000, 0.000000000000000000 ) ) ;
#1004 = EDGE_CURVE ( 'NONE', #3240, #796, #3579, .T. ) ;
#1005 = DIRECTION ( 'NONE',  ( 1.000000000000000000, 1.231304080816852664E-16, -0.000000000000000000 ) ) ;
#1006 = EDGE_CURVE ( 'NONE', #4637, #333, #4973, .T. ) ;
#1007 = DIRECTION ( 'NONE',  ( 1.000000000000000000, -6.434165940233234309E-18, 0.000000000000000000 ) ) ;
#1008 = DIRECTION ( 'NONE',  ( -8.295235218517768465E-17, -1.000000000000000000, -0.000000000000000000 ) ) ;
#1009 = VECTOR ( 'NONE', #5461, 1000.000000000000000 ) ;
#1010 = DIRECTION ( 'NONE',  ( -8.295235218517768465E-17, -1.000000000000000000, -0.000000000000000000 ) ) ;
#1011 = EDGE_CURVE ( 'NONE', #5271, #1809, #4293, .T. ) ;
#1012 = VECTOR ( 'NONE', #1988, 1000.000000000000000 ) ;
#1013 = FACE_OUTER_BOUND ( 'NONE', #1196, .T. ) ;
#1014 = EDGE_LOOP ( 'NONE', ( #1101, #6093, #5489, #2312 ) ) ;
#1015 = CONICAL_SURFACE ( 'NONE', #1859, 8.250000000000000000, 0.7853981633974541632 ) ;
#1016 = ORIENTED_EDGE ( 'NONE', *, *, #490, .T. ) ;
#1017 = COORDINATED_UNIVERSAL_TIME_OFFSET ( 8, 0, .AHEAD. ) ;
#1018 = SECURITY_CLASSIFICATION ( '', '', #3219 ) ;
#1019 = ORIENTED_EDGE ( 'NONE', *, *, #2906, .F. ) ;
#1020 = CIRCLE ( 'NONE', #5343, 2.500000000000491607 ) ;
#1021 = VERTEX_POINT ( 'NONE', #1066 ) ;
#1022 = AXIS2_PLACEMENT_3D ( 'NONE', #2584, #548, #43 ) ;
#1023 = CARTESIAN_POINT ( 'NONE',  ( 5.726516313213209308, 14.30000000000003268, 14.89347018284055579 ) ) ;
#1024 = ORIENTED_EDGE ( 'NONE', *, *, #4626, .T. ) ;
#1025 = LINE ( 'NONE', #5918, #2595 ) ;
#1026 = CARTESIAN_POINT ( 'NONE',  ( -11.85029856853052621, -8.074680794444427434, 2.174177530669383351 ) ) ;
#1027 = VERTEX_POINT ( 'NONE', #5002 ) ;
#1028 = DIRECTION ( 'NONE',  ( 1.000000000000000000, -1.166200656118863094E-15, 0.000000000000000000 ) ) ;
#1029 = ORIENTED_EDGE ( 'NONE', *, *, #6456, .F. ) ;
#1030 = CARTESIAN_POINT ( 'NONE',  ( 13.44999999999999929, -8.653953189613700538E-17, 0.000000000000000000 ) ) ;
#1031 = CARTESIAN_POINT ( 'NONE',  ( -15.59999999999999964, 0.000000000000000000, 17.69999999999999929 ) ) ;
#1032 = AXIS2_PLACEMENT_3D ( 'NONE', #4722, #4234, #164 ) ;
#1033 = FACE_BOUND ( 'NONE', #185, .T. ) ;
#1034 = CARTESIAN_POINT ( 'NONE',  ( 15.59999999999999964, 0.000000000000000000, 2.923760430703403301 ) ) ;
#1035 = FACE_OUTER_BOUND ( 'NONE', #6039, .T. ) ;
#1036 = DIRECTION ( 'NONE',  ( 0.7071067811865459074, 8.659560562354911904E-17, -0.7071067811865491270 ) ) ;
#1037 = ORIENTED_EDGE ( 'NONE', *, *, #405, .F. ) ;
#1038 = EDGE_CURVE ( 'NONE', #3603, #3727, #5133, .T. ) ;
#1039 = ADVANCED_FACE ( 'NONE', ( #75 ), #1993, .T. ) ;
#1040 = CARTESIAN_POINT ( 'NONE',  ( 9.000000000000001776, -10.79999999999999183, -9.000000000000000000 ) ) ;
#1041 = ORIENTED_EDGE ( 'NONE', *, *, #4269, .F. ) ;
#1042 = ORIENTED_EDGE ( 'NONE', *, *, #1888, .F. ) ;
#1043 = CC_DESIGN_PERSON_AND_ORGANIZATION_ASSIGNMENT ( #4175, #672, ( #2905 ) ) ;
#1044 = EDGE_CURVE ( 'NONE', #621, #1149, #457, .T. ) ;
#1045 = COORDINATED_UNIVERSAL_TIME_OFFSET ( 8, 0, .AHEAD. ) ;
#1046 = EDGE_CURVE ( 'NONE', #796, #3898, #4107, .T. ) ;
#1047 = CIRCLE ( 'NONE', #1145, 2.100000000024923708 ) ;
#1048 = DIRECTION ( 'NONE',  ( 1.000000000000000000, 6.434165940233234309E-18, 0.000000000000000000 ) ) ;
#1049 = ORIENTED_EDGE ( 'NONE', *, *, #3301, .F. ) ;
#1050 = AXIS2_PLACEMENT_3D ( 'NONE', #3955, #4842, #327 ) ;
#1051 = ORIENTED_EDGE ( 'NONE', *, *, #1890, .F. ) ;
#1052 = CARTESIAN_POINT ( 'NONE',  ( -25.65999999999994685, 5.865000000000000213, -7.182553476999227049E-16 ) ) ;
#1053 = AXIS2_PLACEMENT_3D ( 'NONE', #3062, #5757, #1663 ) ;
#1054 = ORIENTED_EDGE ( 'NONE', *, *, #532, .F. ) ;
#1055 = LINE ( 'NONE', #3171, #1672 ) ;
#1056 = DIRECTION ( 'NONE',  ( 0.000000000000000000, 0.000000000000000000, -1.000000000000000000 ) ) ;
#1057 = ORIENTED_EDGE ( 'NONE', *, *, #3545, .T. ) ;
#1058 = CARTESIAN_POINT ( 'NONE',  ( -24.47999999999994714, -1.575083822169092423E-16, 0.000000000000000000 ) ) ;
#1059 = ORIENTED_EDGE ( 'NONE', *, *, #3877, .T. ) ;
#1060 = CARTESIAN_POINT ( 'NONE',  ( -16.44999999999999929, 6.299999999999999822, 0.000000000000000000 ) ) ;
#1061 = CIRCLE ( 'NONE', #4233, 1.969532683894253289 ) ;
#1062 = CARTESIAN_POINT ( 'NONE',  ( 0.000000000000000000, 0.000000000000000000, 0.000000000000000000 ) ) ;
#1063 = CARTESIAN_POINT ( 'NONE',  ( -12.95000000000000817, 8.900000000000041211, -13.44999999999999929 ) ) ;
#1064 = DIRECTION ( 'NONE',  ( -1.000000000000000000, 0.000000000000000000, 0.000000000000000000 ) ) ;
#1065 = CARTESIAN_POINT ( 'NONE',  ( -20.25000000002649614, 8.528365745068619219, 2.571758278212679146E-15 ) ) ;
#1066 = CARTESIAN_POINT ( 'NONE',  ( -2.600000000027038904, 38.53969061047138212, 3.184081677816235558E-16 ) ) ;
#1067 = FACE_OUTER_BOUND ( 'NONE', #4131, .T. ) ;
#1068 = ORIENTED_EDGE ( 'NONE', *, *, #3885, .F. ) ;
#1069 = EDGE_LOOP ( 'NONE', ( #6237, #4619, #45, #123 ) ) ;
#1070 = AXIS2_PLACEMENT_3D ( 'NONE', #6266, #2766, #2270 ) ;
#1071 = PLANE ( 'NONE',  #3279 ) ;
#1072 = ORIENTED_EDGE ( 'NONE', *, *, #4584, .T. ) ;
#1073 = ORIENTED_EDGE ( 'NONE', *, *, #679, .F. ) ;
#1074 = PERSON_AND_ORGANIZATION ( #3131, #5968 ) ;
#1075 = CARTESIAN_POINT ( 'NONE',  ( 11.33042652373741355, -8.975125589460791531, 15.45805202743566653 ) ) ;
#1076 = EDGE_CURVE ( 'NONE', #3328, #2985, #2285, .T. ) ;
#1077 = ORIENTED_EDGE ( 'NONE', *, *, #679, .T. ) ;
#1078 = EDGE_CURVE ( 'NONE', #2190, #3462, #1591, .T. ) ;
#1079 = ADVANCED_FACE ( 'NONE', ( #1095 ), #5531, .F. ) ;
#1080 = DIRECTION ( 'NONE',  ( -1.000000000000000000, -6.434165940233234309E-18, 0.000000000000000000 ) ) ;
#1081 = APPLICATION_CONTEXT ( 'configuration controlled 3d designs of mechanical parts and assemblies' ) ;
#1082 = ADVANCED_FACE ( 'NONE', ( #1035, #4471 ), #6515, .F. ) ;
#1083 = LINE ( 'NONE', #60, #501 ) ;
#1084 = CARTESIAN_POINT ( 'NONE',  ( -28.40000000000000213, -1.827303127026238599E-16, 0.000000000000000000 ) ) ;
#1085 = ORIENTED_EDGE ( 'NONE', *, *, #850, .F. ) ;
#1086 = LINE ( 'NONE', #5643, #2604 ) ;
#1087 = VECTOR ( 'NONE', #4377, 1000.000000000000000 ) ;
#1088 = VERTEX_POINT ( 'NONE', #1502 ) ;
#1089 = LINE ( 'NONE', #3110, #6100 ) ;
#1090 = DIRECTION ( 'NONE',  ( 0.000000000000000000, -1.000000000000000000, 0.000000000000000000 ) ) ;
#1091 = DIRECTION ( 'NONE',  ( -1.000000000000000000, 6.434165940233234309E-18, -0.000000000000000000 ) ) ;
#1092 = CARTESIAN_POINT ( 'NONE',  ( 9.000000000000001776, -1.199999999999999734, 9.000000000000000000 ) ) ;
#1093 = DIRECTION ( 'NONE',  ( 0.000000000000000000, 0.000000000000000000, -1.000000000000000000 ) ) ;
#1094 = UNCERTAINTY_MEASURE_WITH_UNIT (LENGTH_MEASURE( 1.000000000000000082E-05 ), #5194, 'distance_accuracy_value', 'NONE');
#1095 = FACE_OUTER_BOUND ( 'NONE', #2529, .T. ) ;
#1096 = FACE_BOUND ( 'NONE', #3432, .T. ) ;
#1097 = ORIENTED_EDGE ( 'NONE', *, *, #3506, .F. ) ;
#1098 = VECTOR ( 'NONE', #5525, 1000.000000000000114 ) ;
#1099 = CALENDAR_DATE ( 2026, 21, 4 ) ;
#1100 = CYLINDRICAL_SURFACE ( 'NONE', #5381, 5.674999999999999822 ) ;
#1101 = ORIENTED_EDGE ( 'NONE', *, *, #6412, .F. ) ;
#1102 = DIRECTION ( 'NONE',  ( -0.000000000000000000, -0.000000000000000000, -1.000000000000000000 ) ) ;
#1103 = EDGE_CURVE ( 'NONE', #6037, #3909, #4429, .T. ) ;
#1104 = ORIENTED_EDGE ( 'NONE', *, *, #1573, .F. ) ;
#1105 = CIRCLE ( 'NONE', #5859, 12.71999999999999886 ) ;
#1106 = APPROVAL_ROLE ( '' ) ;
#1107 = AXIS2_PLACEMENT_3D ( 'NONE', #4725, #5257, #2219 ) ;
#1108 = AXIS2_PLACEMENT_3D ( 'NONE', #2375, #4392, #1882 ) ;
#1109 = LINE ( 'NONE', #5103, #4004 ) ;
#1110 = ORIENTED_EDGE ( 'NONE', *, *, #4747, .T. ) ;
#1111 = EDGE_CURVE ( 'NONE', #434, #5071, #1758, .T. ) ;
#1112 = CARTESIAN_POINT ( 'NONE',  ( 6.041965180448148500E-17, 0.7283657450677758494, 0.000000000000000000 ) ) ;
#1113 = ADVANCED_FACE ( 'NONE', ( #2026 ), #503, .T. ) ;
#1114 = ADVANCED_FACE ( 'NONE', ( #5559 ), #5978, .T. ) ;
#1115 = SECURITY_CLASSIFICATION ( '', '', #323 ) ;
#1116 = CARTESIAN_POINT ( 'NONE',  ( 9.266872783964224425, -12.54930551089673152, 17.69999999999999929 ) ) ;
#1117 = FACE_OUTER_BOUND ( 'NONE', #4819, .T. ) ;
#1118 = ORIENTED_EDGE ( 'NONE', *, *, #2252, .T. ) ;
#1119 = ADVANCED_FACE ( 'NONE', ( #4697 ), #6298, .T. ) ;
#1120 = EDGE_CURVE ( 'NONE', #5949, #952, #292, .T. ) ;
#1121 = CYLINDRICAL_SURFACE ( 'NONE', #612, 8.250000000000000000 ) ;
#1122 = SHAPE_REPRESENTATION ( '316L-DV12A-MR4-MNC-HP', ( #3128, #58, #5971, #2278 ), #3122 ) ;
#1123 = ORIENTED_EDGE ( 'NONE', *, *, #4923, .F. ) ;
#1124 = CARTESIAN_POINT ( 'NONE',  ( 25.45999999999994756, -6.065000000000000391, 0.000000000000000000 ) ) ;
#1125 = CARTESIAN_POINT ( 'NONE',  ( 25.45999999999994756, 6.065000000000000391, 7.427482836828697149E-16 ) ) ;
#1126 = CARTESIAN_POINT ( 'NONE',  ( 12.95000000000000462, 17.80000000000000071, -13.44999999999999929 ) ) ;
#1127 = FACE_OUTER_BOUND ( 'NONE', #2901, .T. ) ;
#1128 = DIRECTION ( 'NONE',  ( 0.4999999999999989453, 0.8660254037844392627, 0.000000000000000000 ) ) ;
#1129 = DIRECTION ( 'NONE',  ( -8.295235218517768465E-17, -1.000000000000000000, -0.000000000000000000 ) ) ;
#1130 = CARTESIAN_POINT ( 'NONE',  ( -28.79999999999999716, -4.606580753730955990, 0.000000000000000000 ) ) ;
#1131 = ORIENTED_EDGE ( 'NONE', *, *, #3665, .F. ) ;
#1132 = CIRCLE ( 'NONE', #2402, 14.00000000000000000 ) ;
#1133 = MECHANICAL_CONTEXT ( 'NONE', #3331, 'mechanical' ) ;
#1134 = CARTESIAN_POINT ( 'NONE',  ( 17.28999999999999915, -1.112467291066326069E-16, 0.000000000000000000 ) ) ;
#1135 = ORIENTED_EDGE ( 'NONE', *, *, #5079, .T. ) ;
#1136 = CARTESIAN_POINT ( 'NONE',  ( 17.00000000002797407, 43.71079885517246311, 0.000000000000000000 ) ) ;
#1137 = ORIENTED_EDGE ( 'NONE', *, *, #2212, .T. ) ;
#1138 = TOROIDAL_SURFACE ( 'NONE', #412, 3.850000000038108716, 0.1999999999999090283 ) ;
#1139 = DIRECTION ( 'NONE',  ( -8.295235218517768465E-17, -1.000000000000000000, -0.000000000000000000 ) ) ;
#1140 = PERSON_AND_ORGANIZATION ( #3131, #5968 ) ;
#1141 = CARTESIAN_POINT ( 'NONE',  ( 28.39999999999994174, 5.474999999999999645, 6.827405905246493187E-16 ) ) ;
#1142 = ORIENTED_EDGE ( 'NONE', *, *, #3751, .F. ) ;
#1143 = CIRCLE ( 'NONE', #4618, 12.69999999999998685 ) ;
#1144 = DIRECTION ( 'NONE',  ( 2.555362643529921110E-15, -0.7071067811865437980, -0.7071067811865513475 ) ) ;
#1145 = AXIS2_PLACEMENT_3D ( 'NONE', #6111, #4046, #977 ) ;
#1146 = AXIS2_PLACEMENT_3D ( 'NONE', #6184, #1197, #3216 ) ;
#1147 = CIRCLE ( 'NONE', #626, 2.299999999999999822 ) ;
#1148 = DIRECTION ( 'NONE',  ( 0.000000000000000000, -1.000000000000000000, 0.000000000000000000 ) ) ;
#1149 = VERTEX_POINT ( 'NONE', #3186 ) ;
#1150 = DIRECTION ( 'NONE',  ( 6.434165940233233538E-18, -1.000000000000000000, 0.000000000000000000 ) ) ;
#1151 = EDGE_LOOP ( 'NONE', ( #4420, #1417 ) ) ;
#1152 = EDGE_CURVE ( 'NONE', #1399, #770, #5241, .T. ) ;
#1153 = LINE ( 'NONE', #2741, #2509 ) ;
#1154 = AXIS2_PLACEMENT_3D ( 'NONE', #5534, #5564, #2528 ) ;
#1155 = ORIENTED_EDGE ( 'NONE', *, *, #5044, .T. ) ;
#1156 = DIRECTION ( 'NONE',  ( 0.7071067811865506814, 0.7071067811865443531, -8.719566679388887218E-15 ) ) ;
#1157 = CARTESIAN_POINT ( 'NONE',  ( 21.75000000002865264, -1.804213660029991621E-15, 0.000000000000000000 ) ) ;
#1158 = PLANE ( 'NONE',  #1209 ) ;
#1159 = PRODUCT_RELATED_PRODUCT_CATEGORY ( 'detail', '', ( #859 ) ) ;
#1160 = ADVANCED_FACE ( 'NONE', ( #2647 ), #2497, .T. ) ;
#1161 = DIRECTION ( 'NONE',  ( -1.000000000000000000, 1.224646799147353207E-16, 0.000000000000000000 ) ) ;
#1162 = CARTESIAN_POINT ( 'NONE',  ( 1.043204209512795133, -14.30000000000001670, 15.52683302743019844 ) ) ;
#1163 = ORIENTED_EDGE ( 'NONE', *, *, #5487, .T. ) ;
#1164 = EDGE_CURVE ( 'NONE', #163, #2530, #3343, .T. ) ;
#1165 = EDGE_CURVE ( 'NONE', #1278, #791, #4763, .T. ) ;
#1166 = CARTESIAN_POINT ( 'NONE',  ( -17.28999999999999915, -1.112467291066326069E-16, 0.000000000000000000 ) ) ;
#1167 = DIRECTION ( 'NONE',  ( 6.434165940233234309E-18, -1.000000000000000000, 0.000000000000000000 ) ) ;
#1168 = ORIENTED_EDGE ( 'NONE', *, *, #2501, .T. ) ;
#1169 = CIRCLE ( 'NONE', #860, 5.674999999999999822 ) ;
#1170 = APPROVAL_DATE_TIME ( #3680, #3505 ) ;
#1171 = DIRECTION ( 'NONE',  ( -1.000000000000000000, 6.434165940233234309E-18, -0.000000000000000000 ) ) ;
#1172 = EDGE_CURVE ( 'NONE', #6274, #5550, #3879, .T. ) ;
#1173 = CARTESIAN_POINT ( 'NONE',  ( 9.000000000000001776, -11.19999999999999929, -11.49999999999999822 ) ) ;
#1174 = CARTESIAN_POINT ( 'NONE',  ( 0.000000000000000000, -11.19999999999999929, 12.95000000000000639 ) ) ;
#1175 = ORIENTED_EDGE ( 'NONE', *, *, #1693, .F. ) ;
#1176 = DIRECTION ( 'NONE',  ( -1.000000000000000000, 6.434165940233234309E-18, -0.000000000000000000 ) ) ;
#1177 = APPROVAL_DATE_TIME ( #6154, #764 ) ;
#1178 = CIRCLE ( 'NONE', #2443, 12.69999999999998685 ) ;
#1179 = CARTESIAN_POINT ( 'NONE',  ( -11.99999999999997691, 9.400000000000027001, 1.469576158976822369E-15 ) ) ;
#1180 = VERTEX_POINT ( 'NONE', #2616 ) ;
#1181 = ORIENTED_EDGE ( 'NONE', *, *, #2458, .T. ) ;
#1182 = DIRECTION ( 'NONE',  ( -8.295235218517768465E-17, -1.000000000000000000, -0.000000000000000000 ) ) ;
#1183 = VECTOR ( 'NONE', #5235, 1000.000000000000000 ) ;
#1184 = CARTESIAN_POINT ( 'NONE',  ( 12.69999999999999929, 11.70000000000000995, 1.555301434917136855E-15 ) ) ;
#1185 = ORIENTED_EDGE ( 'NONE', *, *, #4236, .F. ) ;
#1186 = DIRECTION ( 'NONE',  ( -1.954828175079010964E-13, -1.000000000000000000, -0.000000000000000000 ) ) ;
#1187 = ORIENTED_EDGE ( 'NONE', *, *, #3995, .F. ) ;
#1188 = DIRECTION ( 'NONE',  ( -1.000000000000000000, -6.434165940233234309E-18, -0.000000000000000000 ) ) ;
#1189 = ORIENTED_EDGE ( 'NONE', *, *, #6446, .F. ) ;
#1190 = DIRECTION ( 'NONE',  ( 1.000000000000000000, -1.084202172481868278E-16, 0.000000000000000000 ) ) ;
#1191 = AXIS2_PLACEMENT_3D ( 'NONE', #3720, #2756, #4703 ) ;
#1192 = CARTESIAN_POINT ( 'NONE',  ( -12.91802797970445127, -6.225319205555577717, 15.52582246933061150 ) ) ;
#1193 = FACE_BOUND ( 'NONE', #3863, .T. ) ;
#1194 = LINE ( 'NONE', #5222, #4856 ) ;
#1195 = CARTESIAN_POINT ( 'NONE',  ( 17.47810899155977893, -2.299999999999996714, 2.816687638038908605E-16 ) ) ;
#1196 = EDGE_LOOP ( 'NONE', ( #755, #2565 ) ) ;
#1197 = DIRECTION ( 'NONE',  ( -8.295235218517768465E-17, -1.000000000000000000, -0.000000000000000000 ) ) ;
#1198 = ORIENTED_EDGE ( 'NONE', *, *, #4877, .F. ) ;
#1199 = EDGE_CURVE ( 'NONE', #5050, #3437, #710, .T. ) ;
#1200 = CALENDAR_DATE ( 2026, 21, 4 ) ;
#1201 = ADVANCED_FACE ( 'NONE', ( #4658 ), #4084, .F. ) ;
#1202 = EDGE_CURVE ( 'NONE', #38, #6371, #5553, .T. ) ;
#1203 = DIRECTION ( 'NONE',  ( 0.000000000000000000, -1.000000000000000000, 0.000000000000000000 ) ) ;
#1204 = CYLINDRICAL_SURFACE ( 'NONE', #3730, 15.59999999999999964 ) ;
#1205 = FACE_OUTER_BOUND ( 'NONE', #4884, .T. ) ;
#1206 = ORIENTED_EDGE ( 'NONE', *, *, #2574, .T. ) ;
#1207 = LINE ( 'NONE', #3688, #1836 ) ;
#1208 = PERSON_AND_ORGANIZATION ( #3131, #5968 ) ;
#1209 = AXIS2_PLACEMENT_3D ( 'NONE', #1126, #4166, #573 ) ;
#1210 = ADVANCED_FACE ( 'NONE', ( #6183 ), #1312, .T. ) ;
#1211 = DIRECTION ( 'NONE',  ( 0.000000000000000000, -1.000000000000000000, 0.000000000000000000 ) ) ;
#1212 = CONICAL_SURFACE ( 'NONE', #4578, 3.086602540379317805, 0.5235987755987348002 ) ;
#1213 = ORIENTED_EDGE ( 'NONE', *, *, #3030, .T. ) ;
#1214 = VECTOR ( 'NONE', #3212, 1000.000000000000000 ) ;
#1215 = VERTEX_POINT ( 'NONE', #3249 ) ;
#1216 = CARTESIAN_POINT ( 'NONE',  ( -21.75000000002819434, 33.52836574506704892, 2.663606788148974660E-15 ) ) ;
#1217 = AXIS2_PLACEMENT_3D ( 'NONE', #3734, #1647, #659 ) ;
#1218 = AXIS2_PLACEMENT_3D ( 'NONE', #1958, #976, #1003 ) ;
#1219 = CARTESIAN_POINT ( 'NONE',  ( -12.95000000000000107, 9.400000000000028777, 12.95000000000000639 ) ) ;
#1220 = ORIENTED_EDGE ( 'NONE', *, *, #924, .T. ) ;
#1221 = FACE_OUTER_BOUND ( 'NONE', #143, .T. ) ;
#1222 = ORIENTED_EDGE ( 'NONE', *, *, #147, .T. ) ;
#1223 = CARTESIAN_POINT ( 'NONE',  ( -24.47999999999994358, -1.575083822169092177E-16, 0.000000000000000000 ) ) ;
#1224 = CC_DESIGN_APPROVAL ( #5561, ( #5126 ) ) ;
#1225 = ORIENTED_EDGE ( 'NONE', *, *, #492, .T. ) ;
#1226 = CARTESIAN_POINT ( 'NONE',  ( 5.830194705710970871E-16, 7.028365745067730153, 0.000000000000000000 ) ) ;
#1227 = CARTESIAN_POINT ( 'NONE',  ( -28.39999999999994174, -5.474999999999999645, 0.000000000000000000 ) ) ;
#1228 = DIRECTION ( 'NONE',  ( 0.8660254037844388186, -0.4999999999999996669, 0.000000000000000000 ) ) ;
#1229 = DIRECTION ( 'NONE',  ( 1.000000000000000000, -8.295235218517768465E-17, 0.000000000000000000 ) ) ;
#1230 = CARTESIAN_POINT ( 'NONE',  ( 28.19999999999994600, -1.814434795145768682E-16, 0.000000000000000000 ) ) ;
#1231 = VECTOR ( 'NONE', #484, 1000.000000000000000 ) ;
#1232 = DIRECTION ( 'NONE',  ( 1.000000000000000000, -1.948106803326152703E-13, 0.000000000000000000 ) ) ;
#1233 = FACE_OUTER_BOUND ( 'NONE', #1069, .T. ) ;
#1234 = ORIENTED_EDGE ( 'NONE', *, *, #725, .T. ) ;
#1235 =( NAMED_UNIT ( * ) SI_UNIT ( $, .STERADIAN. ) SOLID_ANGLE_UNIT ( ) );
#1236 = DIRECTION ( 'NONE',  ( 0.000000000000000000, -1.000000000000000000, 0.000000000000000000 ) ) ;
#1237 = DIRECTION ( 'NONE',  ( -1.000000000000000000, 1.243449787580175168E-14, 0.000000000000000000 ) ) ;
#1238 = DIRECTION ( 'NONE',  ( 1.000000000000000000, 0.000000000000000000, 0.000000000000000000 ) ) ;
#1239 = ORIENTED_EDGE ( 'NONE', *, *, #998, .T. ) ;
#1240 = DIRECTION ( 'NONE',  ( 1.000000000000000000, 0.000000000000000000, 0.000000000000000000 ) ) ;
#1241 = PERSON_AND_ORGANIZATION_ROLE ( 'design_owner' ) ;
#1242 = EDGE_CURVE ( 'NONE', #396, #21, #3117, .T. ) ;
#1243 = EDGE_CURVE ( 'NONE', #4811, #5823, #4059, .T. ) ;
#1244 = AXIS2_PLACEMENT_3D ( 'NONE', #3602, #1584, #598 ) ;
#1245 = CARTESIAN_POINT ( 'NONE',  ( 17.00000000002637535, 36.38499007209043157, 0.000000000000000000 ) ) ;
#1246 = VERTEX_POINT ( 'NONE', #3151 ) ;
#1247 = ORIENTED_EDGE ( 'NONE', *, *, #3072, .F. ) ;
#1248 = AXIS2_PLACEMENT_3D ( 'NONE', #6034, #990, #5485 ) ;
#1249 = CC_DESIGN_PERSON_AND_ORGANIZATION_ASSIGNMENT ( #1208, #6192, ( #4494 ) ) ;
#1250 = ADVANCED_FACE ( 'NONE', ( #5162, #243 ), #3781, .T. ) ;
#1251 = EDGE_CURVE ( 'NONE', #428, #4637, #4787, .T. ) ;
#1252 = DIRECTION ( 'NONE',  ( 1.000000000000000000, 1.231304080816852664E-16, -0.000000000000000000 ) ) ;
#1253 = AXIS2_PLACEMENT_3D ( 'NONE', #2136, #4194, #1148 ) ;
#1254 = CARTESIAN_POINT ( 'NONE',  ( 0.000000000000000000, 0.000000000000000000, 2.923760430703403301 ) ) ;
#1255 = ORIENTED_EDGE ( 'NONE', *, *, #446, .T. ) ;
#1256 = CYLINDRICAL_SURFACE ( 'NONE', #2585, 14.00000000000000000 ) ;
#1257 = EDGE_LOOP ( 'NONE', ( #5976, #2033, #5078, #6106 ) ) ;
#1258 = AXIS2_PLACEMENT_3D ( 'NONE', #4209, #3782, #2717 ) ;
#1259 = LINE ( 'NONE', #3278, #5567 ) ;
#1260 = CIRCLE ( 'NONE', #4949, 2.499999999999998668 ) ;
#1261 = ORIENTED_EDGE ( 'NONE', *, *, #5562, .T. ) ;
#1262 = DIRECTION ( 'NONE',  ( -1.022466556597827761E-15, -1.000000000000000000, -0.000000000000000000 ) ) ;
#1263 = DIRECTION ( 'NONE',  ( 1.000000000000000000, 0.000000000000000000, 0.000000000000000000 ) ) ;
#1264 = CARTESIAN_POINT ( 'NONE',  ( -12.95000000000000462, 9.400000000000028777, -12.95000000000000639 ) ) ;
#1265 = FACE_OUTER_BOUND ( 'NONE', #2030, .T. ) ;
#1266 = DIRECTION ( 'NONE',  ( -7.229930357067881971E-16, -0.7071067811865526798, 0.7071067811865424657 ) ) ;
#1267 = DIRECTION ( 'NONE',  ( 1.000000000000000000, -0.000000000000000000, -1.934635846814283225E-16 ) ) ;
#1268 = LINE ( 'NONE', #4764, #2095 ) ;
#1269 = VERTEX_POINT ( 'NONE', #5227 ) ;
#1270 = CARTESIAN_POINT ( 'NONE',  ( 21.55000000002747029, 33.32836574506700345, 0.000000000000000000 ) ) ;
#1271 = DIRECTION ( 'NONE',  ( -0.000000000000000000, -0.000000000000000000, -1.000000000000000000 ) ) ;
#1272 = FACE_OUTER_BOUND ( 'NONE', #3561, .T. ) ;
#1273 = CARTESIAN_POINT ( 'NONE',  ( 0.000000000000000000, 0.000000000000000000, 17.69999999999999929 ) ) ;
#1274 = CARTESIAN_POINT ( 'NONE',  ( 11.90000000000000036, 10.90000000000000036, 1.506315562951243032E-15 ) ) ;
#1275 = AXIS2_PLACEMENT_3D ( 'NONE', #3950, #1007, #2553 ) ;
#1276 = CARTESIAN_POINT ( 'NONE',  ( 0.000000000000000000, 0.000000000000000000, 0.000000000000000000 ) ) ;
#1277 = EDGE_LOOP ( 'NONE', ( #1637, #5904, #4465, #879 ) ) ;
#1278 = VERTEX_POINT ( 'NONE', #5786 ) ;
#1279 = CARTESIAN_POINT ( 'NONE',  ( -13.45000000000000107, 17.80000000000000071, -13.44999999999999929 ) ) ;
#1280 = ADVANCED_FACE ( 'NONE', ( #1397 ), #6349, .T. ) ;
#1281 = AXIS2_PLACEMENT_3D ( 'NONE', #1279, #6364, #5308 ) ;
#1282 = EDGE_CURVE ( 'NONE', #4576, #466, #5741, .T. ) ;
#1283 = EDGE_CURVE ( 'NONE', #3727, #3603, #6157, .T. ) ;
#1284 = CARTESIAN_POINT ( 'NONE',  ( 28.79999999999999716, -1.853039790787171284E-16, 0.000000000000000000 ) ) ;
#1285 = ORIENTED_EDGE ( 'NONE', *, *, #3761, .T. ) ;
#1286 = CARTESIAN_POINT ( 'NONE',  ( 9.000000000026375346, 1.728365745067775183, 0.000000000000000000 ) ) ;
#1287 = ORIENTED_EDGE ( 'NONE', *, *, #2344, .T. ) ;
#1288 = FACE_BOUND ( 'NONE', #4117, .T. ) ;
#1289 = ADVANCED_FACE ( 'NONE', ( #2783 ), #5213, .T. ) ;
#1290 = ORIENTED_EDGE ( 'NONE', *, *, #1727, .T. ) ;
#1291 = CARTESIAN_POINT ( 'NONE',  ( 9.000000000000001776, -11.19999999999999929, 6.100000000000012967 ) ) ;
#1292 = DIRECTION ( 'NONE',  ( -8.295235218517768465E-17, -1.000000000000000000, -0.000000000000000000 ) ) ;
#1293 = CARTESIAN_POINT ( 'NONE',  ( 7.349999999999998757, 2.299999999999998490, 0.000000000000000000 ) ) ;
#1294 = CARTESIAN_POINT ( 'NONE',  ( -2.500000000027156943, 42.82836574506824689, 0.000000000000000000 ) ) ;
#1295 = LINE ( 'NONE', #2389, #4684 ) ;
#1296 = DIRECTION ( 'NONE',  ( 1.000000000000000000, -1.020425574104004985E-15, 0.000000000000000000 ) ) ;
#1297 = ORIENTED_EDGE ( 'NONE', *, *, #2118, .F. ) ;
#1298 = CARTESIAN_POINT ( 'NONE',  ( -16.44999999999999929, -6.065000000000000391, 0.000000000000000000 ) ) ;
#1299 = FACE_OUTER_BOUND ( 'NONE', #1418, .T. ) ;
#1300 = APPLICATION_CONTEXT ( 'configuration controlled 3d designs of mechanical parts and assemblies' ) ;
#1301 = CIRCLE ( 'NONE', #1945, 2.499999999999998668 ) ;
#1302 = DIRECTION ( 'NONE',  ( 0.000000000000000000, -0.5150380749100547106, -0.8571673007021120005 ) ) ;
#1303 = DIRECTION ( 'NONE',  ( -1.000000000000000000, -6.434165940233234309E-18, -0.000000000000000000 ) ) ;
#1304 = CYLINDRICAL_SURFACE ( 'NONE', #138, 4.200000000025742253 ) ;
#1305 = CALENDAR_DATE ( 2026, 21, 4 ) ;
#1306 = AXIS2_PLACEMENT_3D ( 'NONE', #752, #651, #2790 ) ;
#1307 = DIRECTION ( 'NONE',  ( -1.000000000000000000, 6.434165940233234309E-18, -0.000000000000000000 ) ) ;
#1308 = ORIENTED_EDGE ( 'NONE', *, *, #4467, .F. ) ;
#1309 = ORIENTED_EDGE ( 'NONE', *, *, #6367, .F. ) ;
#1310 = EDGE_LOOP ( 'NONE', ( #3691, #4843, #1511, #2340 ) ) ;
#1311 = DIRECTION ( 'NONE',  ( 0.8660254037844387076, 0.4999999999999998890, -0.000000000000000000 ) ) ;
#1312 = CONICAL_SURFACE ( 'NONE', #5321, 18.23723113669791474, 1.047197551196595855 ) ;
#1313 = AXIS2_PLACEMENT_3D ( 'NONE', #4307, #939, #5359 ) ;
#1314 = VECTOR ( 'NONE', #874, 1000.000000000000000 ) ;
#1315 = CYLINDRICAL_SURFACE ( 'NONE', #6419, 12.09999999999999964 ) ;
#1316 = VERTEX_POINT ( 'NONE', #1360 ) ;
#1317 = EDGE_CURVE ( 'NONE', #621, #1712, #1295, .T. ) ;
#1318 = DIRECTION ( 'NONE',  ( 0.000000000000000000, 0.7071067811865512365, -0.7071067811865437980 ) ) ;
#1319 = EDGE_LOOP ( 'NONE', ( #5915, #6459, #1168, #786, #4769, #2768, #677, #6429, #5654, #5175 ) ) ;
#1320 = VECTOR ( 'NONE', #4762, 1000.000000000000000 ) ;
#1321 = DIRECTION ( 'NONE',  ( -0.000000000000000000, -0.000000000000000000, -1.000000000000000000 ) ) ;
#1322 = ADVANCED_FACE ( 'NONE', ( #805 ), #6316, .T. ) ;
#1323 = EDGE_CURVE ( 'NONE', #2236, #531, #2903, .T. ) ;
#1324 = CIRCLE ( 'NONE', #5964, 2.299999999999999822 ) ;
#1325 = VECTOR ( 'NONE', #3112, 1000.000000000000000 ) ;
#1326 = EDGE_LOOP ( 'NONE', ( #5506, #3880 ) ) ;
#1327 = DIRECTION ( 'NONE',  ( -1.000000000000000000, 0.000000000000000000, 0.000000000000000000 ) ) ;
#1328 = VECTOR ( 'NONE', #4127, 1000.000000000000000 ) ;
#1329 = LINE ( 'NONE', #3282, #479 ) ;
#1330 = CARTESIAN_POINT ( 'NONE',  ( 0.000000000000000000, 0.000000000000000000, 0.000000000000000000 ) ) ;
#1331 = EDGE_CURVE ( 'NONE', #4743, #4459, #6475, .T. ) ;
#1332 = ADVANCED_FACE ( 'NONE', ( #5425, #414 ), #4793, .F. ) ;
#1333 = APPROVAL_PERSON_ORGANIZATION ( #3197, #2533, #5662 ) ;
#1334 = CARTESIAN_POINT ( 'NONE',  ( -12.95000000000000284, 9.400000000000028777, 3.179251574931472297E-15 ) ) ;
#1335 = CARTESIAN_POINT ( 'NONE',  ( 8.200000000027056757, 8.528365745067640447, 0.000000000000000000 ) ) ;
#1336 = ORIENTED_EDGE ( 'NONE', *, *, #3029, .T. ) ;
#1337 = DIRECTION ( 'NONE',  ( -0.8660254037850984021, -0.4999999999988572474, 1.060575238725714881E-16 ) ) ;
#1338 = FACE_OUTER_BOUND ( 'NONE', #4295, .T. ) ;
#1339 = AXIS2_PLACEMENT_3D ( 'NONE', #471, #2478, #1981 ) ;
#1340 = DIRECTION ( 'NONE',  ( -8.295235218517768465E-17, -1.000000000000000000, -0.000000000000000000 ) ) ;
#1341 = DIRECTION ( 'NONE',  ( -0.000000000000000000, 0.000000000000000000, -1.000000000000000000 ) ) ;
#1342 = DIRECTION ( 'NONE',  ( -1.000000000000000000, 0.000000000000000000, 0.000000000000000000 ) ) ;
#1343 = CARTESIAN_POINT ( 'NONE',  ( 25.65999999999994685, -1.651006980263844570E-16, 0.000000000000000000 ) ) ;
#1344 = ORIENTED_EDGE ( 'NONE', *, *, #2372, .F. ) ;
#1345 = EDGE_LOOP ( 'NONE', ( #3431, #4391 ) ) ;
#1346 = CIRCLE ( 'NONE', #1653, 15.59999999999999964 ) ;
#1347 = ORIENTED_EDGE ( 'NONE', *, *, #4031, .F. ) ;
#1348 = FACE_OUTER_BOUND ( 'NONE', #24, .T. ) ;
#1349 = AXIS2_PLACEMENT_3D ( 'NONE', #5947, #6472, #4463 ) ;
#1350 = CARTESIAN_POINT ( 'NONE',  ( 0.000000000000000000, 0.000000000000000000, 0.000000000000000000 ) ) ;
#1351 = ORIENTED_EDGE ( 'NONE', *, *, #3396, .F. ) ;
#1352 = FACE_OUTER_BOUND ( 'NONE', #3018, .T. ) ;
#1353 = ORIENTED_EDGE ( 'NONE', *, *, #4235, .F. ) ;
#1354 = DIRECTION ( 'NONE',  ( -1.000000000000000000, 0.000000000000000000, 0.000000000000000000 ) ) ;
#1355 = EDGE_LOOP ( 'NONE', ( #4343, #4575 ) ) ;
#1356 = DIRECTION ( 'NONE',  ( -0.7071067811873512632, -0.7071067811857437713, 8.659560562364775131E-17 ) ) ;
#1357 =( NAMED_UNIT ( * ) SI_UNIT ( $, .STERADIAN. ) SOLID_ANGLE_UNIT ( ) );
#1358 = FACE_OUTER_BOUND ( 'NONE', #6318, .T. ) ;
#1359 = DIRECTION ( 'NONE',  ( -0.000000000000000000, -0.000000000000000000, -1.000000000000000000 ) ) ;
#1360 = CARTESIAN_POINT ( 'NONE',  ( -28.40000000000000213, -2.990000000000000213, -3.661693929450585624E-16 ) ) ;
#1361 = CONICAL_SURFACE ( 'NONE', #5051, 2.499999999999998668, 1.029744258676653867 ) ;
#1362 = DIRECTION ( 'NONE',  ( 1.000000000000000000, -8.295235218517768465E-17, 0.000000000000000000 ) ) ;
#1363 = VERTEX_POINT ( 'NONE', #277 ) ;
#1364 = VECTOR ( 'NONE', #1870, 1000.000000000000000 ) ;
#1365 = TOROIDAL_SURFACE ( 'NONE', #3161, 3.913760430703402182, 0.7999999999999991562 ) ;
#1366 = APPROVAL ( #5830, 'UNKNOWN' ) ;
#1367 = ADVANCED_FACE ( 'NONE', ( #4437 ), #4378, .T. ) ;
#1368 = CARTESIAN_POINT ( 'NONE',  ( -11.85029856853053154, 8.074680794444429210, 15.52582246933061505 ) ) ;
#1369 = DIRECTION ( 'NONE',  ( 0.8660254037840764418, 0.5000000000006274981, 1.060575238724582989E-16 ) ) ;
#1370 = ADVANCED_FACE ( 'NONE', ( #2852 ), #476, .F. ) ;
#1371 = VECTOR ( 'NONE', #2696, 1000.000000000000114 ) ;
#1372 = FACE_OUTER_BOUND ( 'NONE', #1508, .T. ) ;
#1373 = EDGE_CURVE ( 'NONE', #1464, #160, #2791, .T. ) ;
#1374 = DIRECTION ( 'NONE',  ( 0.4999999999999989453, -0.8660254037844392627, 1.060575238724907654E-16 ) ) ;
#1375 = DIRECTION ( 'NONE',  ( 0.7071067811865517916, -0.7071067811865432429, -1.115470285317742037E-14 ) ) ;
#1376 = APPROVAL_ROLE ( '' ) ;
#1377 = CIRCLE ( 'NONE', #1154, 0.3000000000000016542 ) ;
#1378 = EDGE_CURVE ( 'NONE', #1797, #6037, #3630, .T. ) ;
#1379 = CARTESIAN_POINT ( 'NONE',  ( -25.45999999999994756, -1.638138648383378105E-16, 0.000000000000000000 ) ) ;
#1380 = ORIENTED_EDGE ( 'NONE', *, *, #2951, .T. ) ;
#1381 = ORIENTED_EDGE ( 'NONE', *, *, #4633, .F. ) ;
#1382 = DESIGN_CONTEXT ( 'detailed design', #1300, 'design' ) ;
#1383 = ORIENTED_EDGE ( 'NONE', *, *, #4269, .T. ) ;
#1384 = ORIENTED_EDGE ( 'NONE', *, *, #5079, .F. ) ;
#1385 = AXIS2_PLACEMENT_3D ( 'NONE', #814, #5368, #4347 ) ;
#1386 = LINE ( 'NONE', #890, #4841 ) ;
#1387 = ORIENTED_EDGE ( 'NONE', *, *, #563, .T. ) ;
#1388 = PLANE ( 'NONE',  #3643 ) ;
#1389 = EDGE_LOOP ( 'NONE', ( #5360, #3275, #4261, #1996 ) ) ;
#1390 = DIRECTION ( 'NONE',  ( -1.000000000000000000, 6.434165940233234309E-18, 0.000000000000000000 ) ) ;
#1391 = VECTOR ( 'NONE', #4566, 1000.000000000000000 ) ;
#1392 = ORIENTED_EDGE ( 'NONE', *, *, #3465, .F. ) ;
#1393 = SPHERICAL_SURFACE ( 'NONE', #424, 2.299999999999999822 ) ;
#1394 =( NAMED_UNIT ( * ) PLANE_ANGLE_UNIT ( ) SI_UNIT ( $, .RADIAN. ) );
#1395 = DIRECTION ( 'NONE',  ( 0.7071067811867071118, 0.7071067811863878116, 0.000000000000000000 ) ) ;
#1396 = DIRECTION ( 'NONE',  ( 1.000000000000000000, -1.037868746310911175E-15, 0.000000000000000000 ) ) ;
#1397 = FACE_OUTER_BOUND ( 'NONE', #2764, .T. ) ;
#1398 = CARTESIAN_POINT ( 'NONE',  ( -13.44999999999999929, 8.900000000000041211, 12.95000000000000639 ) ) ;
#1399 = VERTEX_POINT ( 'NONE', #4341 ) ;
#1400 = CARTESIAN_POINT ( 'NONE',  ( -9.266872783964249294, 12.54930551089671553, 14.77623956929659421 ) ) ;
#1401 = DIRECTION ( 'NONE',  ( 1.000000000000000000, 0.000000000000000000, 0.000000000000000000 ) ) ;
#1402 = CYLINDRICAL_SURFACE ( 'NONE', #2523, 9.000000000026375346 ) ;
#1403 = CARTESIAN_POINT ( 'NONE',  ( -28.80000000000000426, -1.853039790787171530E-16, 0.000000000000000000 ) ) ;
#1404 = EDGE_CURVE ( 'NONE', #2678, #3240, #1827, .T. ) ;
#1405 = ADVANCED_FACE ( 'NONE', ( #5358 ), #1523, .F. ) ;
#1406 = DIRECTION ( 'NONE',  ( -1.000000000000000000, 1.776356839400250465E-15, 0.000000000000000000 ) ) ;
#1407 = CALENDAR_DATE ( 2026, 21, 4 ) ;
#1408 = ADVANCED_FACE ( 'NONE', ( #6381 ), #1212, .T. ) ;
#1409 = EDGE_CURVE ( 'NONE', #2618, #436, #1623, .T. ) ;
#1410 = CARTESIAN_POINT ( 'NONE',  ( -13.11756688992060660, 43.71079885517321628, 4.754609281196692424E-16 ) ) ;
#1411 = VERTEX_POINT ( 'NONE', #6043 ) ;
#1412 = ORIENTED_EDGE ( 'NONE', *, *, #4150, .T. ) ;
#1413 = EDGE_CURVE ( 'NONE', #5097, #2060, #6075, .T. ) ;
#1414 = EDGE_CURVE ( 'NONE', #2064, #461, #1952, .T. ) ;
#1415 = ORIENTED_EDGE ( 'NONE', *, *, #4031, .T. ) ;
#1416 = LINE ( 'NONE', #6498, #3154 ) ;
#1417 = ORIENTED_EDGE ( 'NONE', *, *, #6001, .T. ) ;
#1418 = EDGE_LOOP ( 'NONE', ( #5880, #3588, #4330, #2797 ) ) ;
#1419 = CARTESIAN_POINT ( 'NONE',  ( -18.23723113669791474, 0.000000000000000000, 13.25363346260878217 ) ) ;
#1420 = TOROIDAL_SURFACE ( 'NONE', #4574, 20.25000000002911094, 1.499999999999999556 ) ;
#1421 = ORIENTED_EDGE ( 'NONE', *, *, #478, .T. ) ;
#1422 = CARTESIAN_POINT ( 'NONE',  ( 14.98713094175307070, -2.641527749196105113, 15.01358880433931908 ) ) ;
#1423 = DIRECTION ( 'NONE',  ( 0.000000000000000000, 0.000000000000000000, 1.000000000000000000 ) ) ;
#1424 = CARTESIAN_POINT ( 'NONE',  ( 9.000000000000001776, -10.80000000000001315, 9.000000000000000000 ) ) ;
#1425 = LINE ( 'NONE', #1920, #4483 ) ;
#1426 = VECTOR ( 'NONE', #6279, 1000.000000000000000 ) ;
#1427 = CARTESIAN_POINT ( 'NONE',  ( 0.1083897543756196652, -2.114194236346733646E-15, 0.000000000000000000 ) ) ;
#1428 = LOCAL_TIME ( 18, 8, 39.00000000000000000, #355 ) ;
#1429 = CARTESIAN_POINT ( 'NONE',  ( 14.00000000000000000, 0.000000000000000000, 2.000000000000000000 ) ) ;
#1430 = ORIENTED_EDGE ( 'NONE', *, *, #359, .T. ) ;
#1431 = VECTOR ( 'NONE', #261, 1000.000000000000000 ) ;
#1432 = DIRECTION ( 'NONE',  ( 0.000000000000000000, 0.7071067811865512365, 0.7071067811865437980 ) ) ;
#1433 = DIRECTION ( 'NONE',  ( 8.659560562354927928E-17, -0.7071067811865479058, 0.7071067811865471286 ) ) ;
#1434 = AXIS2_PLACEMENT_3D ( 'NONE', #3255, #715, #780 ) ;
#1435 = CARTESIAN_POINT ( 'NONE',  ( -9.000000000000001776, -11.19999999999999929, -9.000000000000000000 ) ) ;
#1436 = CARTESIAN_POINT ( 'NONE',  ( -17.00000000002682654, 37.82836574506590210, 0.000000000000000000 ) ) ;
#1437 = AXIS2_PLACEMENT_3D ( 'NONE', #664, #4653, #3704 ) ;
#1438 = CARTESIAN_POINT ( 'NONE',  ( -9.000000000000001776, -1.199999999999999734, 11.49999999999999822 ) ) ;
#1439 = LOCAL_TIME ( 18, 8, 39.00000000000000000, #1045 ) ;
#1440 = AXIS2_PLACEMENT_3D ( 'NONE', #3533, #2175, #5668 ) ;
#1441 = FACE_OUTER_BOUND ( 'NONE', #6045, .T. ) ;
#1442 = ORIENTED_EDGE ( 'NONE', *, *, #1323, .T. ) ;
#1443 = ORIENTED_EDGE ( 'NONE', *, *, #3590, .T. ) ;
#1444 = EDGE_CURVE ( 'NONE', #1909, #3558, #2046, .T. ) ;
#1445 = COORDINATED_UNIVERSAL_TIME_OFFSET ( 8, 0, .AHEAD. ) ;
#1446 = ORIENTED_EDGE ( 'NONE', *, *, #4113, .T. ) ;
#1447 = CIRCLE ( 'NONE', #3555, 4.200000000025742253 ) ;
#1448 = ORIENTED_EDGE ( 'NONE', *, *, #5767, .T. ) ;
#1449 = CC_DESIGN_PERSON_AND_ORGANIZATION_ASSIGNMENT ( #4544, #4054, ( #5843 ) ) ;
#1450 = ADVANCED_FACE ( 'NONE', ( #5580 ), #5626, .T. ) ;
#1451 = LINE ( 'NONE', #2373, #1989 ) ;
#1452 = ORIENTED_EDGE ( 'NONE', *, *, #4791, .T. ) ;
#1453 = EDGE_CURVE ( 'NONE', #3240, #2602, #6016, .T. ) ;
#1454 = ADVANCED_FACE ( 'NONE', ( #4495 ), #930, .F. ) ;
#1455 = ORIENTED_EDGE ( 'NONE', *, *, #961, .T. ) ;
#1456 = CARTESIAN_POINT ( 'NONE',  ( 2.100000000024926372, 38.82836574506654159, 0.000000000000000000 ) ) ;
#1457 = CONICAL_SURFACE ( 'NONE', #5889, 2.990000000000000213, 0.5235987755983024794 ) ;
#1458 = ORIENTED_EDGE ( 'NONE', *, *, #4965, .T. ) ;
#1459 = LINE ( 'NONE', #5052, #1751 ) ;
#1460 = FACE_OUTER_BOUND ( 'NONE', #474, .T. ) ;
#1461 = CONICAL_SURFACE ( 'NONE', #3993, 5.474999999999999645, 0.7853981633974591592 ) ;
#1462 = DIRECTION ( 'NONE',  ( -1.000000000000000000, 9.561467977824930139E-16, 0.000000000000000000 ) ) ;
#1463 = CARTESIAN_POINT ( 'NONE',  ( -24.47999999999994714, 6.065000000000000391, -7.427482836828697149E-16 ) ) ;
#1464 = VERTEX_POINT ( 'NONE', #2514 ) ;
#1465 = ORIENTED_EDGE ( 'NONE', *, *, #6296, .T. ) ;
#1466 = DIRECTION ( 'NONE',  ( -1.954828175079010964E-13, 1.000000000000000000, -0.000000000000000000 ) ) ;
#1467 = CYLINDRICAL_SURFACE ( 'NONE', #1218, 6.065000000000000391 ) ;
#1468 = AXIS2_PLACEMENT_3D ( 'NONE', #2238, #2705, #5250 ) ;
#1469 = DIRECTION ( 'NONE',  ( 8.295235218517768465E-17, 1.000000000000000000, 0.000000000000000000 ) ) ;
#1470 = FACE_OUTER_BOUND ( 'NONE', #1939, .T. ) ;
#1471 = DIRECTION ( 'NONE',  ( -8.295235218517768465E-17, -1.000000000000000000, -0.000000000000000000 ) ) ;
#1472 = CARTESIAN_POINT ( 'NONE',  ( -9.000000000000001776, -10.79999999999999183, 6.500000000000000888 ) ) ;
#1473 = CONICAL_SURFACE ( 'NONE', #4009, 5.474999999999999645, 0.7853981633974591592 ) ;
#1474 = CIRCLE ( 'NONE', #4325, 6.065000000000000391 ) ;
#1475 = DIRECTION ( 'NONE',  ( 7.879580723889550966E-34, -1.224646799147353207E-16, -1.000000000000000000 ) ) ;
#1476 = VERTEX_POINT ( 'NONE', #2481 ) ;
#1477 = ORIENTED_EDGE ( 'NONE', *, *, #6446, .T. ) ;
#1478 = CONICAL_SURFACE ( 'NONE', #5165, 21.55000000002746674, 0.7853981633968845077 ) ;
#1479 = PERSON_AND_ORGANIZATION_ROLE ( 'classification_officer' ) ;
#1480 = CONICAL_SURFACE ( 'NONE', #6334, 11.89999999999998792, 0.7853981633974385090 ) ;
#1481 = CARTESIAN_POINT ( 'NONE',  ( 0.000000000000000000, 0.000000000000000000, 13.25363346260878217 ) ) ;
#1482 = ORIENTED_EDGE ( 'NONE', *, *, #2865, .T. ) ;
#1483 = CONICAL_SURFACE ( 'NONE', #2327, 2.499999999999547917, 1.047197551196068721 ) ;
#1484 = ORIENTED_EDGE ( 'NONE', *, *, #2073, .T. ) ;
#1485 = EDGE_CURVE ( 'NONE', #3965, #436, #2020, .T. ) ;
#1486 = CARTESIAN_POINT ( 'NONE',  ( 6.234580980306462905, 14.30000000000002913, 14.77623956929659421 ) ) ;
#1487 = TOROIDAL_SURFACE ( 'NONE', #5174, 13.70000000000000107, 0.2999999999999999889 ) ;
#1488 = EDGE_CURVE ( 'NONE', #5644, #2178, #724, .T. ) ;
#1489 = ADVANCED_FACE ( 'NONE', ( #9 ), #5988, .F. ) ;
#1490 = ORIENTED_EDGE ( 'NONE', *, *, #321, .T. ) ;
#1491 = DIRECTION ( 'NONE',  ( 0.000000000000000000, 1.000000000000000000, 0.000000000000000000 ) ) ;
#1492 = EDGE_LOOP ( 'NONE', ( #4333, #4911, #1490, #267 ) ) ;
#1493 = CARTESIAN_POINT ( 'NONE',  ( 12.95000000000000817, -10.70000000000001172, 13.44999999999999929 ) ) ;
#1494 = EDGE_CURVE ( 'NONE', #4043, #6416, #3248, .T. ) ;
#1495 = DIRECTION ( 'NONE',  ( 0.000000000000000000, -1.000000000000000000, 0.000000000000000000 ) ) ;
#1496 = ORIENTED_EDGE ( 'NONE', *, *, #5925, .T. ) ;
#1497 = ORIENTED_EDGE ( 'NONE', *, *, #5247, .F. ) ;
#1498 = CARTESIAN_POINT ( 'NONE',  ( -17.00000000002682654, 37.82836574506590210, 0.000000000000000000 ) ) ;
#1499 = DIRECTION ( 'NONE',  ( 0.000000000000000000, -1.000000000000000000, 0.000000000000000000 ) ) ;
#1500 = FACE_OUTER_BOUND ( 'NONE', #5014, .T. ) ;
#1501 = DIRECTION ( 'NONE',  ( -1.000000000000000000, 6.434165940233234309E-18, -0.000000000000000000 ) ) ;
#1502 = CARTESIAN_POINT ( 'NONE',  ( -9.266872783964249294, 12.54930551089671553, 14.77623956929659421 ) ) ;
#1503 = LINE ( 'NONE', #4049, #5789 ) ;
#1504 = EDGE_LOOP ( 'NONE', ( #5623, #6071, #439 ) ) ;
#1505 = CONICAL_SURFACE ( 'NONE', #121, 4.400000000044656190, 0.7853981633985848143 ) ;
#1506 = CARTESIAN_POINT ( 'NONE',  ( 9.780184070515414163, 11.66022428249152831, 2.686877998371667076 ) ) ;
#1507 = ORIENTED_EDGE ( 'NONE', *, *, #3953, .F. ) ;
#1508 = EDGE_LOOP ( 'NONE', ( #6375, #2201, #5199, #888 ) ) ;
#1509 = PERSON_AND_ORGANIZATION ( #3131, #5968 ) ;
#1510 = VERTEX_POINT ( 'NONE', #3081 ) ;
#1511 = ORIENTED_EDGE ( 'NONE', *, *, #3541, .T. ) ;
#1512 = DIRECTION ( 'NONE',  ( 0.000000000000000000, 1.000000000000000000, 0.000000000000000000 ) ) ;
#1513 = ORIENTED_EDGE ( 'NONE', *, *, #5315, .F. ) ;
#1514 = CARTESIAN_POINT ( 'NONE',  ( 28.19999999999994600, 5.674999999999999822, 6.949870585161229716E-16 ) ) ;
#1515 = ORIENTED_EDGE ( 'NONE', *, *, #4112, .T. ) ;
#1516 = LINE ( 'NONE', #2979, #2683 ) ;
#1517 = VERTEX_POINT ( 'NONE', #1521 ) ;
#1518 = EDGE_CURVE ( 'NONE', #5137, #662, #3780, .T. ) ;
#1519 = EDGE_CURVE ( 'NONE', #6426, #114, #4198, .T. ) ;
#1520 = VECTOR ( 'NONE', #1337, 1000.000000000000000 ) ;
#1521 = CARTESIAN_POINT ( 'NONE',  ( 9.000000000000001776, -11.19999999999999929, -11.90000000000000568 ) ) ;
#1522 = ORIENTED_EDGE ( 'NONE', *, *, #5402, .T. ) ;
#1523 = CONICAL_SURFACE ( 'NONE', #375, 2.499999999999998668, 1.029744258676653867 ) ;
#1524 = PLANE ( 'NONE',  #6373 ) ;
#1525 = AXIS2_PLACEMENT_3D ( 'NONE', #869, #772, #238 ) ;
#1526 = AXIS2_PLACEMENT_3D ( 'NONE', #4105, #667, #3710 ) ;
#1527 = CARTESIAN_POINT ( 'NONE',  ( -4.200000000025742253, 3.483998791798816382E-16, 5.143516556450408768E-16 ) ) ;
#1528 = EDGE_CURVE ( 'NONE', #4217, #4538, #515, .T. ) ;
#1529 = EDGE_CURVE ( 'NONE', #5579, #5070, #2036, .T. ) ;
#1530 = DIRECTION ( 'NONE',  ( -1.000000000000000000, 6.434165940233234309E-18, -0.000000000000000000 ) ) ;
#1531 = DIRECTION ( 'NONE',  ( -0.8660254037844415942, -0.4999999999999949485, 0.000000000000000000 ) ) ;
#1532 = CIRCLE ( 'NONE', #5440, 8.250000000000000000 ) ;
#1533 = DIRECTION ( 'NONE',  ( -0.8660254037844368202, 0.5000000000000032196, 0.000000000000000000 ) ) ;
#1534 = VECTOR ( 'NONE', #3244, 1000.000000000000000 ) ;
#1535 = CARTESIAN_POINT ( 'NONE',  ( 13.42090282107358767, 5.354314430456085461, 2.254099097482145542 ) ) ;
#1536 = ORIENTED_EDGE ( 'NONE', *, *, #6246, .F. ) ;
#1537 = AXIS2_PLACEMENT_3D ( 'NONE', #3670, #4134, #2145 ) ;
#1538 = ORIENTED_EDGE ( 'NONE', *, *, #4552, .T. ) ;
#1539 = DATE_TIME_ROLE ( 'creation_date' ) ;
#1540 = LOCAL_TIME ( 18, 8, 39.00000000000000000, #5624 ) ;
#1541 = CARTESIAN_POINT ( 'NONE',  ( -9.000000000000001776, -11.19999999999999929, -9.000000000000000000 ) ) ;
#1542 = ORIENTED_EDGE ( 'NONE', *, *, #5855, .F. ) ;
#1543 = VERTEX_POINT ( 'NONE', #5057 ) ;
#1544 = VECTOR ( 'NONE', #5616, 999.9999999999998863 ) ;
#1545 = PERSON ( 'NAUO-PER3', 'UNSPECIFIED', 'UNSPECIFIED', ('UNSPECIFIED'), ('UNSPECIFIED'), ('UNSPECIFIED') ) ;
#1546 = CARTESIAN_POINT ( 'NONE',  ( -3.902321642751456906E-17, -6.065000000000000391, 0.000000000000000000 ) ) ;
#1547 = EDGE_LOOP ( 'NONE', ( #3303, #6203 ) ) ;
#1548 = LINE ( 'NONE', #3566, #812 ) ;
#1549 = CARTESIAN_POINT ( 'NONE',  ( 11.90000000000000568, 17.80000000000000071, 0.000000000000000000 ) ) ;
#1550 = ORIENTED_EDGE ( 'NONE', *, *, #3306, .T. ) ;
#1551 = AXIS2_PLACEMENT_3D ( 'NONE', #1223, #2669, #4754 ) ;
#1552 = DIRECTION ( 'NONE',  ( 1.000000000000000000, 0.000000000000000000, 0.000000000000000000 ) ) ;
#1553 = ORIENTED_EDGE ( 'NONE', *, *, #36, .T. ) ;
#1554 = DIRECTION ( 'NONE',  ( 0.000000000000000000, -1.000000000000000000, 0.000000000000000000 ) ) ;
#1555 = DIRECTION ( 'NONE',  ( 0.8660254037842718411, 0.5000000000002888800, 0.000000000000000000 ) ) ;
#1556 = VECTOR ( 'NONE', #5216, 1000.000000000000000 ) ;
#1557 = DIRECTION ( 'NONE',  ( -8.295235218517768465E-17, -1.000000000000000000, -0.000000000000000000 ) ) ;
#1558 = DIRECTION ( 'NONE',  ( 1.954828175079010964E-13, 1.000000000000000000, 0.000000000000000000 ) ) ;
#1559 = DIRECTION ( 'NONE',  ( -8.295235218517768465E-17, -1.000000000000000000, -0.000000000000000000 ) ) ;
#1560 = CARTESIAN_POINT ( 'NONE',  ( -4.200000000043535131, 3.483998791813576463E-16, 5.143516556472198092E-16 ) ) ;
#1561 = EDGE_LOOP ( 'NONE', ( #1187, #6185, #3153, #2810 ) ) ;
#1562 = VERTEX_POINT ( 'NONE', #4199 ) ;
#1563 = CC_DESIGN_PERSON_AND_ORGANIZATION_ASSIGNMENT ( #4253, #1241, ( #859 ) ) ;
#1564 = ADVANCED_FACE ( 'NONE', ( #3666 ), #187, .F. ) ;
#1565 = CIRCLE ( 'NONE', #3370, 15.59999999999999964 ) ;
#1566 = EDGE_CURVE ( 'NONE', #5007, #2334, #3896, .T. ) ;
#1567 = EDGE_CURVE ( 'NONE', #2697, #3645, #1086, .T. ) ;
#1568 = DIRECTION ( 'NONE',  ( 1.000000000000000000, 0.000000000000000000, 0.000000000000000000 ) ) ;
#1569 = DIRECTION ( 'NONE',  ( 1.000000000000000000, 0.000000000000000000, 0.000000000000000000 ) ) ;
#1570 = EDGE_LOOP ( 'NONE', ( #119, #2799, #5779, #3773 ) ) ;
#1571 = CIRCLE ( 'NONE', #5479, 4.400000000044656190 ) ;
#1572 = PERSON_AND_ORGANIZATION_ROLE ( 'design_owner' ) ;
#1573 = EDGE_CURVE ( 'NONE', #5979, #4457, #6104, .T. ) ;
#1574 = AXIS2_PLACEMENT_3D ( 'NONE', #2098, #6469, #620 ) ;
#1575 = CARTESIAN_POINT ( 'NONE',  ( 28.00162831425916110, -1.801671231706768482E-16, 0.000000000000000000 ) ) ;
#1576 = ORIENTED_EDGE ( 'NONE', *, *, #3397, .F. ) ;
#1577 = CIRCLE ( 'NONE', #1787, 0.4000000000000010214 ) ;
#1578 = FACE_OUTER_BOUND ( 'NONE', #578, .T. ) ;
#1579 = CONICAL_SURFACE ( 'NONE', #6110, 21.55000000002746674, 0.7853981633968845077 ) ;
#1580 = VECTOR ( 'NONE', #2714, 1000.000000000000000 ) ;
#1581 = DIRECTION ( 'NONE',  ( -1.000000000000000000, 0.000000000000000000, 0.000000000000000000 ) ) ;
#1582 = CARTESIAN_POINT ( 'NONE',  ( 8.250000000000000000, 1.010333609296566550E-15, 0.7500000000000006661 ) ) ;
#1583 = ORIENTED_EDGE ( 'NONE', *, *, #4236, .T. ) ;
#1584 = DIRECTION ( 'NONE',  ( 1.000000000000000000, 6.434165940233234309E-18, 0.000000000000000000 ) ) ;
#1585 = ORIENTED_EDGE ( 'NONE', *, *, #2339, .F. ) ;
#1586 = FACE_OUTER_BOUND ( 'NONE', #6520, .T. ) ;
#1587 = LINE ( 'NONE', #1031, #4071 ) ;
#1588 = PLANE ( 'NONE',  #5228 ) ;
#1589 = DIRECTION ( 'NONE',  ( 0.000000000000000000, 0.000000000000000000, -1.000000000000000000 ) ) ;
#1590 = CARTESIAN_POINT ( 'NONE',  ( -1.045012996424718787, -14.30000000000001670, 15.52675677803287968 ) ) ;
#1591 = LINE ( 'NONE', #3611, #1544 ) ;
#1592 = PLANE ( 'NONE',  #4546 ) ;
#1593 = ORIENTED_EDGE ( 'NONE', *, *, #5638, .T. ) ;
#1594 = AXIS2_PLACEMENT_3D ( 'NONE', #3201, #5107, #561 ) ;
#1595 = CARTESIAN_POINT ( 'NONE',  ( -25.65999999999994685, -5.865000000000000213, 0.000000000000000000 ) ) ;
#1596 = EDGE_CURVE ( 'NONE', #3403, #2697, #5042, .T. ) ;
#1597 = ORIENTED_EDGE ( 'NONE', *, *, #4034, .T. ) ;
#1598 = CARTESIAN_POINT ( 'NONE',  ( -9.000000000000001776, -11.19999999999999929, 9.000000000000000000 ) ) ;
#1599 = ORIENTED_EDGE ( 'NONE', *, *, #1004, .F. ) ;
#1600 = ADVANCED_FACE ( 'NONE', ( #3241 ), #1121, .F. ) ;
#1601 = DATE_TIME_ROLE ( 'creation_date' ) ;
#1602 = EDGE_CURVE ( 'NONE', #4765, #4452, #2640, .T. ) ;
#1603 = ADVANCED_FACE ( 'NONE', ( #5709 ), #1457, .F. ) ;
#1604 = CONICAL_SURFACE ( 'NONE', #3725, 2.990000000000000213, 0.5235987755983024794 ) ;
#1605 = DIRECTION ( 'NONE',  ( -0.000000000000000000, -1.000000000000000000, -0.000000000000000000 ) ) ;
#1606 = ORIENTED_EDGE ( 'NONE', *, *, #4839, .T. ) ;
#1607 = ADVANCED_FACE ( 'NONE', ( #4650 ), #126, .T. ) ;
#1608 = EDGE_CURVE ( 'NONE', #333, #933, #404, .T. ) ;
#1609 = DIRECTION ( 'NONE',  ( -6.434165940233234309E-18, 1.000000000000000000, 0.000000000000000000 ) ) ;
#1610 = CARTESIAN_POINT ( 'NONE',  ( -28.39999999999994174, -1.827303127026234901E-16, 0.000000000000000000 ) ) ;
#1611 = DIRECTION ( 'NONE',  ( 1.000000000000000000, 0.000000000000000000, 0.000000000000000000 ) ) ;
#1612 = ORIENTED_EDGE ( 'NONE', *, *, #1378, .T. ) ;
#1613 = CARTESIAN_POINT ( 'NONE',  ( -28.39999999999994529, -1.827303127026235148E-16, 0.000000000000000000 ) ) ;
#1614 = CIRCLE ( 'NONE', #2469, 2.499999999999998668 ) ;
#1615 = ORIENTED_EDGE ( 'NONE', *, *, #4791, .F. ) ;
#1616 = DIRECTION ( 'NONE',  ( 0.7071067811864674146, -0.7071067811866277308, 0.000000000000000000 ) ) ;
#1617 = LINE ( 'NONE', #1157, #4386 ) ;
#1618 = CARTESIAN_POINT ( 'NONE',  ( -12.95000000000001172, 17.80000000000000071, 13.44999999999999929 ) ) ;
#1619 = CARTESIAN_POINT ( 'NONE',  ( 20.25000000002729195, 42.82836574506814031, 0.000000000000000000 ) ) ;
#1620 = CARTESIAN_POINT ( 'NONE',  ( 0.000000000000000000, 0.000000000000000000, 13.25363346260878217 ) ) ;
#1621 = DIRECTION ( 'NONE',  ( 1.000000000000000000, 6.434165940233234309E-18, 0.000000000000000000 ) ) ;
#1622 = ORIENTED_EDGE ( 'NONE', *, *, #6365, .T. ) ;
#1623 = CIRCLE ( 'NONE', #5537, 6.065000000000000391 ) ;
#1624 = AXIS2_PLACEMENT_3D ( 'NONE', #4302, #345, #5258 ) ;
#1625 = PERSON_AND_ORGANIZATION ( #3131, #5968 ) ;
#1626 = PLANE ( 'NONE',  #6222 ) ;
#1627 = CYLINDRICAL_SURFACE ( 'NONE', #6280, 2.500000000000019540 ) ;
#1628 = LINE ( 'NONE', #1174, #2452 ) ;
#1629 = EDGE_LOOP ( 'NONE', ( #2087, #2074, #3830, #4774 ) ) ;
#1630 = VECTOR ( 'NONE', #4038, 999.9999999999998863 ) ;
#1631 = CARTESIAN_POINT ( 'NONE',  ( 12.95000000000000817, 9.400000000000000355, 12.95000000000000639 ) ) ;
#1632 = PERSON_AND_ORGANIZATION_ROLE ( 'creator' ) ;
#1633 = CIRCLE ( 'NONE', #3333, 21.75000000002819789 ) ;
#1634 = VECTOR ( 'NONE', #893, 1000.000000000000114 ) ;
#1635 = DIRECTION ( 'NONE',  ( -1.000000000000000000, 0.000000000000000000, 0.000000000000000000 ) ) ;
#1636 = EDGE_CURVE ( 'NONE', #2592, #6503, #6172, .T. ) ;
#1637 = ORIENTED_EDGE ( 'NONE', *, *, #1596, .T. ) ;
#1638 = FACE_OUTER_BOUND ( 'NONE', #5427, .T. ) ;
#1639 = CC_DESIGN_DATE_AND_TIME_ASSIGNMENT ( #6060, #1539, ( #5843 ) ) ;
#1640 = EDGE_CURVE ( 'NONE', #1149, #1712, #1153, .T. ) ;
#1641 = LOCAL_TIME ( 18, 8, 39.00000000000000000, #4349 ) ;
#1642 = ADVANCED_FACE ( 'NONE', ( #2214 ), #5609, .F. ) ;
#1643 = CIRCLE ( 'NONE', #1965, 5.474999999999999645 ) ;
#1644 = ADVANCED_FACE ( 'NONE', ( #661 ), #297, .T. ) ;
#1645 = DIRECTION ( 'NONE',  ( 1.000000000000000000, 1.231304080816852664E-16, -0.000000000000000000 ) ) ;
#1646 = ORIENTED_EDGE ( 'NONE', *, *, #2823, .T. ) ;
#1647 = DIRECTION ( 'NONE',  ( -8.295235218517768465E-17, -1.000000000000000000, -0.000000000000000000 ) ) ;
#1648 = VERTEX_POINT ( 'NONE', #4098 ) ;
#1649 = DIRECTION ( 'NONE',  ( -8.295235218517768465E-17, -1.000000000000000000, -0.000000000000000000 ) ) ;
#1650 = EDGE_LOOP ( 'NONE', ( #5210, #4796, #1817, #854 ) ) ;
#1651 = DIRECTION ( 'NONE',  ( 0.5000000000000001110, -0.8660254037844384856, 0.000000000000000000 ) ) ;
#1652 = DIRECTION ( 'NONE',  ( -1.022466556597827761E-15, -1.000000000000000000, -0.000000000000000000 ) ) ;
#1653 = AXIS2_PLACEMENT_3D ( 'NONE', #4215, #1699, #1237 ) ;
#1654 = CARTESIAN_POINT ( 'NONE',  ( 17.00000000002682654, 37.82836574506590210, 0.000000000000000000 ) ) ;
#1655 = CARTESIAN_POINT ( 'NONE',  ( 9.266872783964226201, 12.54930551089673330, 2.923760430703403301 ) ) ;
#1656 = CARTESIAN_POINT ( 'NONE',  ( 3.660528981682433791, -14.30000000000001670, 15.26571141580255997 ) ) ;
#1657 = EDGE_LOOP ( 'NONE', ( #2391, #4749, #431 ) ) ;
#1658 = DIRECTION ( 'NONE',  ( -0.000000000000000000, -0.000000000000000000, -1.000000000000000000 ) ) ;
#1659 = LINE ( 'NONE', #641, #6319 ) ;
#1660 = VERTEX_POINT ( 'NONE', #4130 ) ;
#1661 = VECTOR ( 'NONE', #4041, 1000.000000000000000 ) ;
#1662 = COORDINATED_UNIVERSAL_TIME_OFFSET ( 8, 0, .AHEAD. ) ;
#1663 = DIRECTION ( 'NONE',  ( 1.000000000000000000, 0.000000000000000000, 0.000000000000000000 ) ) ;
#1664 = CARTESIAN_POINT ( 'NONE',  ( 3.196957988627607396E-15, 38.53969061047138212, 0.000000000000000000 ) ) ;
#1665 = CARTESIAN_POINT ( 'NONE',  ( 2.100000000025378455, -1.741999395909783438E-16, 0.000000000000000000 ) ) ;
#1666 = EDGE_LOOP ( 'NONE', ( #2363, #3783, #2972, #4087 ) ) ;
#1667 = CARTESIAN_POINT ( 'NONE',  ( 0.000000000000000000, 0.000000000000000000, 0.000000000000000000 ) ) ;
#1668 = DATE_AND_TIME ( #5238, #1964 ) ;
#1669 = CARTESIAN_POINT ( 'NONE',  ( -8.000000000026830094, 7.028365745067731041, 9.797174393211681714E-16 ) ) ;
#1670 = ORIENTED_EDGE ( 'NONE', *, *, #600, .F. ) ;
#1671 = ORIENTED_EDGE ( 'NONE', *, *, #645, .T. ) ;
#1672 = VECTOR ( 'NONE', #5177, 1000.000000000000114 ) ;
#1673 = AXIS2_PLACEMENT_3D ( 'NONE', #3738, #6242, #1651 ) ;
#1674 = CARTESIAN_POINT ( 'NONE',  ( -9.000000000000001776, -1.199999999999999734, -9.000000000000000000 ) ) ;
#1675 = AXIS2_PLACEMENT_3D ( 'NONE', #4935, #1832, #1901 ) ;
#1676 = FACE_OUTER_BOUND ( 'NONE', #6194, .T. ) ;
#1677 = EDGE_LOOP ( 'NONE', ( #2413, #2625, #951, #3656 ) ) ;
#1678 = DIRECTION ( 'NONE',  ( -0.000000000000000000, -1.000000000000000000, -0.000000000000000000 ) ) ;
#1679 = VERTEX_POINT ( 'NONE', #4687 ) ;
#1680 = ADVANCED_FACE ( 'NONE', ( #2179, #3206 ), #3701, .F. ) ;
#1681 = CARTESIAN_POINT ( 'NONE',  ( 1.738193146216307568E-14, 17.00000000000000355, 0.000000000000000000 ) ) ;
#1682 = AXIS2_PLACEMENT_3D ( 'NONE', #3192, #4248, #1236 ) ;
#1683 = ADVANCED_FACE ( 'NONE', ( #2605 ), #4616, .T. ) ;
#1684 = EDGE_CURVE ( 'NONE', #2316, #434, #1259, .T. ) ;
#1685 = ORIENTED_EDGE ( 'NONE', *, *, #4191, .T. ) ;
#1686 = CARTESIAN_POINT ( 'NONE',  ( 0.000000000000000000, 0.000000000000000000, 0.000000000000000000 ) ) ;
#1687 = CARTESIAN_POINT ( 'NONE',  ( -10.29937642222027350, -10.76095675043755229, 15.20326411158249513 ) ) ;
#1688 = FACE_OUTER_BOUND ( 'NONE', #6304, .T. ) ;
#1689 = DIRECTION ( 'NONE',  ( 0.000000000000000000, 1.000000000000000000, 0.000000000000000000 ) ) ;
#1690 = DIRECTION ( 'NONE',  ( -0.000000000000000000, -0.000000000000000000, -1.000000000000000000 ) ) ;
#1691 = ORIENTED_EDGE ( 'NONE', *, *, #5404, .T. ) ;
#1692 = CIRCLE ( 'NONE', #5172, 2.499999999999998668 ) ;
#1693 = EDGE_CURVE ( 'NONE', #1809, #6017, #2314, .T. ) ;
#1694 = DIRECTION ( 'NONE',  ( -0.000000000000000000, -0.000000000000000000, -1.000000000000000000 ) ) ;
#1695 = CARTESIAN_POINT ( 'NONE',  ( 16.44999999999999929, -6.299999999999999822, 8.229626490270214065E-16 ) ) ;
#1696 = ORIENTED_EDGE ( 'NONE', *, *, #1283, .F. ) ;
#1697 = APPROVAL_ROLE ( '' ) ;
#1698 = CARTESIAN_POINT ( 'NONE',  ( -3.902321642751456906E-17, -6.065000000000000391, 0.000000000000000000 ) ) ;
#1699 = DIRECTION ( 'NONE',  ( 0.000000000000000000, 0.000000000000000000, 1.000000000000000000 ) ) ;
#1700 = DIRECTION ( 'NONE',  ( 0.000000000000000000, 1.000000000000000000, 0.000000000000000000 ) ) ;
#1701 = ORIENTED_EDGE ( 'NONE', *, *, #4517, .T. ) ;
#1702 = CYLINDRICAL_SURFACE ( 'NONE', #991, 2.100000000025378455 ) ;
#1703 = APPROVAL_STATUS ( 'not_yet_approved' ) ;
#1704 = CYLINDRICAL_SURFACE ( 'NONE', #3908, 14.00000000000000000 ) ;
#1705 = ORIENTED_EDGE ( 'NONE', *, *, #1444, .T. ) ;
#1706 = ORIENTED_EDGE ( 'NONE', *, *, #2898, .T. ) ;
#1707 = FACE_OUTER_BOUND ( 'NONE', #201, .T. ) ;
#1708 = CIRCLE ( 'NONE', #5605, 11.69999999999998863 ) ;
#1709 = DIRECTION ( 'NONE',  ( 1.000000000000000000, 0.000000000000000000, 0.000000000000000000 ) ) ;
#1710 = VERTEX_POINT ( 'NONE', #2347 ) ;
#1711 = CARTESIAN_POINT ( 'NONE',  ( 13.44999999999999751, 17.80000000000000071, -12.95000000000001350 ) ) ;
#1712 = VERTEX_POINT ( 'NONE', #3307 ) ;
#1713 = DIRECTION ( 'NONE',  ( 0.000000000000000000, -1.000000000000000000, 0.000000000000000000 ) ) ;
#1714 = ORIENTED_EDGE ( 'NONE', *, *, #4431, .T. ) ;
#1715 = CARTESIAN_POINT ( 'NONE',  ( -1.045012996424721230, 14.30000000000003268, 2.173243221967127603 ) ) ;
#1716 = LINE ( 'NONE', #1227, #695 ) ;
#1717 = CARTESIAN_POINT ( 'NONE',  ( 0.000000000000000000, 0.000000000000000000, 0.000000000000000000 ) ) ;
#1718 = ADVANCED_FACE ( 'NONE', ( #2277 ), #3907, .T. ) ;
#1719 = LINE ( 'NONE', #3182, #1580 ) ;
#1720 = EDGE_CURVE ( 'NONE', #3909, #4485, #1132, .T. ) ;
#1721 = CARTESIAN_POINT ( 'NONE',  ( 12.95000000000000284, 9.400000000000000355, -12.95000000000000639 ) ) ;
#1722 = CIRCLE ( 'NONE', #5420, 14.00000000000000000 ) ;
#1723 = DIRECTION ( 'NONE',  ( 1.000000000000000000, -9.462128050782600646E-16, 0.000000000000000000 ) ) ;
#1724 = DIRECTION ( 'NONE',  ( 1.000000000000000000, 0.000000000000000000, 0.000000000000000000 ) ) ;
#1725 = ORIENTED_EDGE ( 'NONE', *, *, #2205, .F. ) ;
#1726 = CC_DESIGN_PERSON_AND_ORGANIZATION_ASSIGNMENT ( #5273, #183, ( #3646 ) ) ;
#1727 = EDGE_CURVE ( 'NONE', #4326, #1909, #1749, .T. ) ;
#1728 = APPLICATION_PROTOCOL_DEFINITION ( 'international standard', 'config_control_design', 1994, #3331 ) ;
#1729 = DIRECTION ( 'NONE',  ( 0.000000000000000000, -1.000000000000000000, 0.000000000000000000 ) ) ;
#1730 = DIRECTION ( 'NONE',  ( -8.295235218517768465E-17, -1.000000000000000000, -0.000000000000000000 ) ) ;
#1731 = ADVANCED_FACE ( 'NONE', ( #4821 ), #2828, .F. ) ;
#1732 = DIRECTION ( 'NONE',  ( 1.954828175079010964E-13, 1.000000000000000000, 0.000000000000000000 ) ) ;
#1733 = ORIENTED_EDGE ( 'NONE', *, *, #1602, .F. ) ;
#1734 = CARTESIAN_POINT ( 'NONE',  ( 9.000000000000001776, -11.19999999999999929, 9.000000000000000000 ) ) ;
#1735 = APPLICATION_PROTOCOL_DEFINITION ( 'international standard', 'config_control_design', 1994, #2526 ) ;
#1736 = CIRCLE ( 'NONE', #5854, 2.990000000000000213 ) ;
#1737 = CARTESIAN_POINT ( 'NONE',  ( -8.200000000027012348, 8.128365745067640091, 1.004210375304137565E-15 ) ) ;
#1738 = AXIS2_PLACEMENT_3D ( 'NONE', #2884, #5394, #871 ) ;
#1739 = ORIENTED_EDGE ( 'NONE', *, *, #3267, .F. ) ;
#1740 = CIRCLE ( 'NONE', #1950, 6.065000000000000391 ) ;
#1741 = ORIENTED_EDGE ( 'NONE', *, *, #3097, .F. ) ;
#1742 = FACE_OUTER_BOUND ( 'NONE', #1257, .T. ) ;
#1743 = AXIS2_PLACEMENT_3D ( 'NONE', #1848, #1318, #5312 ) ;
#1744 =( GEOMETRIC_REPRESENTATION_CONTEXT ( 3 ) GLOBAL_UNCERTAINTY_ASSIGNED_CONTEXT ( ( #6114 ) ) GLOBAL_UNIT_ASSIGNED_CONTEXT ( ( #2385, #831, #5781 ) ) REPRESENTATION_CONTEXT ( 'NONE', 'WORKASPACE' ) );
#1745 = PLANE ( 'NONE',  #2306 ) ;
#1746 = ORIENTED_EDGE ( 'NONE', *, *, #684, .F. ) ;
#1747 = DIRECTION ( 'NONE',  ( -1.000000000000000000, 6.434165940233234309E-18, -0.000000000000000000 ) ) ;
#1748 = EDGE_LOOP ( 'NONE', ( #5906, #6359 ) ) ;
#1749 = LINE ( 'NONE', #2807, #2191 ) ;
#1750 = LOCAL_TIME ( 18, 8, 39.00000000000000000, #1662 ) ;
#1751 = VECTOR ( 'NONE', #3476, 1000.000000000000227 ) ;
#1752 = EDGE_LOOP ( 'NONE', ( #1924, #1701, #1054, #5936 ) ) ;
#1753 = LINE ( 'NONE', #5353, #6424 ) ;
#1754 = DIRECTION ( 'NONE',  ( -1.000000000000000000, -6.434165940233234309E-18, -0.000000000000000000 ) ) ;
#1755 = CARTESIAN_POINT ( 'NONE',  ( -2.100000000024920599, 38.82836574506654159, 2.877919978028100011E-16 ) ) ;
#1756 = DIRECTION ( 'NONE',  ( 1.000000000000000000, -1.942890293094008800E-13, 0.000000000000000000 ) ) ;
#1757 = DIRECTION ( 'NONE',  ( -1.000000000000000000, 6.434165940233234309E-18, -0.000000000000000000 ) ) ;
#1758 = CIRCLE ( 'NONE', #2598, 7.800000000027012881 ) ;
#1759 = CARTESIAN_POINT ( 'NONE',  ( -17.00000000002682654, 37.82836574506590210, 0.000000000000000000 ) ) ;
#1760 = DIRECTION ( 'NONE',  ( 6.434165940233234309E-18, -1.000000000000000000, 0.000000000000000000 ) ) ;
#1761 = ORIENTED_EDGE ( 'NONE', *, *, #6042, .T. ) ;
#1762 = CARTESIAN_POINT ( 'NONE',  ( -15.50145376427073707, 1.750694489103297169, 14.77623956929659421 ) ) ;
#1763 = FACE_OUTER_BOUND ( 'NONE', #2037, .T. ) ;
#1764 =( REPRESENTATION_RELATIONSHIP ('NONE','NONE', #1122, #425 ) REPRESENTATION_RELATIONSHIP_WITH_TRANSFORMATION ( #4872 )SHAPE_REPRESENTATION_RELATIONSHIP( ) );
#1765 = DIRECTION ( 'NONE',  ( -8.295235218517768465E-17, -1.000000000000000000, -0.000000000000000000 ) ) ;
#1766 = DIRECTION ( 'NONE',  ( 1.000000000000000000, -1.948106803326152703E-13, 0.000000000000000000 ) ) ;
#1767 = EDGE_CURVE ( 'NONE', #5642, #5858, #2378, .T. ) ;
#1768 = CARTESIAN_POINT ( 'NONE',  ( 3.902321642751456906E-17, 6.065000000000000391, 7.427482836828697149E-16 ) ) ;
#1769 = APPROVAL_ROLE ( '' ) ;
#1770 = AXIS2_PLACEMENT_3D ( 'NONE', #5118, #3108, #5181 ) ;
#1771 = EDGE_CURVE ( 'NONE', #4846, #5572, #6196, .T. ) ;
#1772 = ADVANCED_FACE ( 'NONE', ( #5813, #1288 ), #4395, .F. ) ;
#1773 = CARTESIAN_POINT ( 'NONE',  ( 0.000000000000000000, 0.000000000000000000, 14.77623956929659421 ) ) ;
#1774 = ORIENTED_EDGE ( 'NONE', *, *, #3545, .F. ) ;
#1775 = ORIENTED_EDGE ( 'NONE', *, *, #5724, .T. ) ;
#1776 = CIRCLE ( 'NONE', #3464, 0.7999999999999990452 ) ;
#1777 = EDGE_CURVE ( 'NONE', #3403, #3016, #5288, .T. ) ;
#1778 = FACE_OUTER_BOUND ( 'NONE', #6474, .T. ) ;
#1779 = CIRCLE ( 'NONE', #6207, 21.75000000002910738 ) ;
#1780 = CARTESIAN_POINT ( 'NONE',  ( -4.200000000025738700, 30.99722451333923345, 5.143516556450408768E-16 ) ) ;
#1781 = ORIENTED_EDGE ( 'NONE', *, *, #6199, .T. ) ;
#1782 = CONICAL_SURFACE ( 'NONE', #6525, 4.606580753730955990, 0.5235987755982930425 ) ;
#1783 = DIRECTION ( 'NONE',  ( 1.000000000000000000, 1.231304080816852664E-16, -0.000000000000000000 ) ) ;
#1784 = ORIENTED_EDGE ( 'NONE', *, *, #6198, .T. ) ;
#1785 = CIRCLE ( 'NONE', #5680, 6.065000000000000391 ) ;
#1786 = DIRECTION ( 'NONE',  ( 0.000000000000000000, 1.000000000000000000, 0.000000000000000000 ) ) ;
#1787 = AXIS2_PLACEMENT_3D ( 'NONE', #1737, #4772, #1807 ) ;
#1788 = VERTEX_POINT ( 'NONE', #3840 ) ;
#1789 = CARTESIAN_POINT ( 'NONE',  ( 3.552713678800500929E-15, 42.82836574506824689, 0.000000000000000000 ) ) ;
#1790 = SHAPE_REPRESENTATION_RELATIONSHIP ( 'NONE' , 'NONE' ,  #464, #2728 ) ;
#1791 = DIRECTION ( 'NONE',  ( -6.434165940233234309E-18, -1.000000000000000000, 0.000000000000000000 ) ) ;
#1792 = CARTESIAN_POINT ( 'NONE',  ( -9.000000000000001776, -11.19999999999999929, 9.000000000000000000 ) ) ;
#1793 = CARTESIAN_POINT ( 'NONE',  ( 0.000000000000000000, 0.000000000000000000, 2.923760430703403301 ) ) ;
#1794 = VECTOR ( 'NONE', #4702, 1000.000000000000000 ) ;
#1795 = DIRECTION ( 'NONE',  ( 9.807109700556168413E-15, -0.7071067811865439090, -0.7071067811865512365 ) ) ;
#1796 = DIRECTION ( 'NONE',  ( 1.000000000000000000, -1.166200656118863094E-15, 0.000000000000000000 ) ) ;
#1797 = VERTEX_POINT ( 'NONE', #5778 ) ;
#1798 = AXIS2_PLACEMENT_3D ( 'NONE', #5693, #1271, #6224 ) ;
#1799 = LINE ( 'NONE', #5824, #1314 ) ;
#1800 = CARTESIAN_POINT ( 'NONE',  ( 2.764666333041210533E-15, 33.32836574506700345, 0.000000000000000000 ) ) ;
#1801 = AXIS2_PLACEMENT_3D ( 'NONE', #2612, #5124, #3486 ) ;
#1802 = CARTESIAN_POINT ( 'NONE',  ( 9.266872783964226201, 12.54930551089673330, 17.69999999999999929 ) ) ;
#1803 = CARTESIAN_POINT ( 'NONE',  ( 23.63999999999994728, 7.139999999999998792, 8.743978145912100780E-16 ) ) ;
#1804 = DIRECTION ( 'NONE',  ( 1.000000000000000000, 6.434165940233234309E-18, 0.000000000000000000 ) ) ;
#1805 = CONTEXT_DEPENDENT_SHAPE_REPRESENTATION ( #2871, #5278 ) ;
#1806 = CIRCLE ( 'NONE', #2107, 0.3999999999999993006 ) ;
#1807 = DIRECTION ( 'NONE',  ( 1.000000000000000000, 0.000000000000000000, -1.224646799147353207E-16 ) ) ;
#1808 = ORIENTED_EDGE ( 'NONE', *, *, #2542, .T. ) ;
#1809 = VERTEX_POINT ( 'NONE', #4888 ) ;
#1810 = ADVANCED_FACE ( 'NONE', ( #5845 ), #369, .T. ) ;
#1811 = EDGE_CURVE ( 'NONE', #2001, #56, #822, .T. ) ;
#1812 = VERTEX_POINT ( 'NONE', #2772 ) ;
#1813 = CARTESIAN_POINT ( 'NONE',  ( -15.50145376427073529, -1.750694489103290508, 17.69999999999999929 ) ) ;
#1814 = EDGE_CURVE ( 'NONE', #4984, #2445, #5041, .T. ) ;
#1815 = EDGE_CURVE ( 'NONE', #4683, #3334, #2119, .T. ) ;
#1816 = DIRECTION ( 'NONE',  ( -0.000000000000000000, -0.000000000000000000, -1.000000000000000000 ) ) ;
#1817 = ORIENTED_EDGE ( 'NONE', *, *, #5890, .F. ) ;
#1818 = LINE ( 'NONE', #2769, #4698 ) ;
#1819 = EDGE_LOOP ( 'NONE', ( #4810, #4493, #1085 ) ) ;
#1820 = DIRECTION ( 'NONE',  ( -1.000000000000000000, -6.434165940233234309E-18, 0.000000000000000000 ) ) ;
#1821 = AXIS2_PLACEMENT_3D ( 'NONE', #2656, #6293, #4665 ) ;
#1822 = EDGE_LOOP ( 'NONE', ( #294, #2000, #3843, #4742 ) ) ;
#1823 = CARTESIAN_POINT ( 'NONE',  ( 0.000000000000000000, 0.000000000000000000, 14.77623956929659421 ) ) ;
#1824 = DIRECTION ( 'NONE',  ( 0.000000000000000000, 0.000000000000000000, 1.000000000000000000 ) ) ;
#1825 = CARTESIAN_POINT ( 'NONE',  ( 3.552713678800492646E-15, 42.82836574506814031, 0.000000000000000000 ) ) ;
#1826 = CARTESIAN_POINT ( 'NONE',  ( 6.234580980306496656, -14.30000000000001670, 14.77623956929659421 ) ) ;
#1827 = LINE ( 'NONE', #1334, #788 ) ;
#1828 = EDGE_LOOP ( 'NONE', ( #2450, #5935, #394, #1137 ) ) ;
#1829 = CARTESIAN_POINT ( 'NONE',  ( -28.40000000000000213, -1.827303127026238599E-16, 0.000000000000000000 ) ) ;
#1830 = DIRECTION ( 'NONE',  ( -8.295235218517768465E-17, -1.000000000000000000, -0.000000000000000000 ) ) ;
#1831 = VECTOR ( 'NONE', #4759, 999.9999999999998863 ) ;
#1832 = DIRECTION ( 'NONE',  ( 0.000000000000000000, 0.000000000000000000, -1.000000000000000000 ) ) ;
#1833 = DIRECTION ( 'NONE',  ( 0.8660254037844415942, 0.4999999999999949485, -6.123233995736704406E-17 ) ) ;
#1834 = DIRECTION ( 'NONE',  ( 1.000000000000000000, -8.295235218517768465E-17, 0.000000000000000000 ) ) ;
#1835 = DATE_AND_TIME ( #2792, #1641 ) ;
#1836 = VECTOR ( 'NONE', #2197, 1000.000000000000000 ) ;
#1837 = CARTESIAN_POINT ( 'NONE',  ( -16.44999999999999929, -1.058420297168367037E-16, 0.000000000000000000 ) ) ;
#1838 = EDGE_LOOP ( 'NONE', ( #5696, #4003, #5776, #2364 ) ) ;
#1839 = EDGE_LOOP ( 'NONE', ( #398, #5472, #4557, #697 ) ) ;
#1840 = CIRCLE ( 'NONE', #4897, 2.100000000025833202 ) ;
#1841 = ORIENTED_EDGE ( 'NONE', *, *, #4401, .F. ) ;
#1842 = DIRECTION ( 'NONE',  ( -1.000000000000000000, 6.434165940233234309E-18, -0.000000000000000000 ) ) ;
#1843 = EDGE_CURVE ( 'NONE', #4945, #2235, #4510, .T. ) ;
#1844 = VECTOR ( 'NONE', #3818, 1000.000000000000000 ) ;
#1845 = VECTOR ( 'NONE', #5853, 999.9999999999998863 ) ;
#1846 = DIRECTION ( 'NONE',  ( 1.000000000000000000, -8.295235218517768465E-17, 0.000000000000000000 ) ) ;
#1847 = ORIENTED_EDGE ( 'NONE', *, *, #4832, .T. ) ;
#1848 = CARTESIAN_POINT ( 'NONE',  ( -13.44999999999999929, -10.70000000000001172, 13.44999999999999929 ) ) ;
#1849 = ORIENTED_EDGE ( 'NONE', *, *, #6529, .T. ) ;
#1850 = AXIS2_PLACEMENT_3D ( 'NONE', #4719, #2210, #4296 ) ;
#1851 = EDGE_CURVE ( 'NONE', #5550, #6274, #4939, .T. ) ;
#1852 = CARTESIAN_POINT ( 'NONE',  ( -9.781195606481920990, 11.65847225080387872, 2.686411195660685536 ) ) ;
#1853 = EDGE_CURVE ( 'NONE', #5021, #2029, #3969, .T. ) ;
#1854 = EDGE_CURVE ( 'NONE', #5251, #3437, #2444, .T. ) ;
#1855 = CIRCLE ( 'NONE', #5335, 5.474999999999999645 ) ;
#1856 = VERTEX_POINT ( 'NONE', #5049 ) ;
#1857 = DIRECTION ( 'NONE',  ( 1.000000000000000000, 6.434165940233234309E-18, 0.000000000000000000 ) ) ;
#1858 = PRODUCT ( '304-DV1-NC-LM', '304-DV1-NC-LM', '', ( #985 ) ) ;
#1859 = AXIS2_PLACEMENT_3D ( 'NONE', #5739, #3374, #5252 ) ;
#1860 = CARTESIAN_POINT ( 'NONE',  ( 4.200000000043928594, 0.9283657450680486978, 0.000000000000000000 ) ) ;
#1861 = CARTESIAN_POINT ( 'NONE',  ( 17.00000000002770406, 42.32836574506566762, 0.000000000000000000 ) ) ;
#1862 = DIRECTION ( 'NONE',  ( 1.000000000000000000, 7.993605777301127091E-15, 0.000000000000000000 ) ) ;
#1863 = CC_DESIGN_APPROVAL ( #2610, ( #4701 ) ) ;
#1864 = EDGE_CURVE ( 'NONE', #3909, #6447, #3938, .T. ) ;
#1865 = CARTESIAN_POINT ( 'NONE',  ( 1.244285282774646521E-17, 0.1499999999996360633, 0.000000000000000000 ) ) ;
#1866 = DIRECTION ( 'NONE',  ( -1.289757231209522150E-16, 1.318733635041948511E-31, -1.000000000000000000 ) ) ;
#1867 = ORIENTED_EDGE ( 'NONE', *, *, #1076, .F. ) ;
#1868 = DIRECTION ( 'NONE',  ( -0.000000000000000000, -1.000000000000000000, -0.000000000000000000 ) ) ;
#1869 = AXIS2_PLACEMENT_3D ( 'NONE', #4957, #4430, #6036 ) ;
#1870 = DIRECTION ( 'NONE',  ( 1.000000000000000000, 6.434165940233234309E-18, 0.000000000000000000 ) ) ;
#1871 = DIRECTION ( 'NONE',  ( 8.295235218517768465E-17, 1.000000000000000000, 0.000000000000000000 ) ) ;
#1872 = VECTOR ( 'NONE', #1694, 1000.000000000000000 ) ;
#1873 = DIRECTION ( 'NONE',  ( -1.000000000000000000, 0.000000000000000000, 0.000000000000000000 ) ) ;
#1874 = ITEM_DEFINED_TRANSFORMATION ( 'NONE', 'NONE', #5971,  #5444 ) ;
#1875 = DIRECTION ( 'NONE',  ( -0.000000000000000000, -0.000000000000000000, -1.000000000000000000 ) ) ;
#1876 = ORIENTED_EDGE ( 'NONE', *, *, #1891, .T. ) ;
#1877 = EDGE_LOOP ( 'NONE', ( #3733, #2830, #4056, #6460 ) ) ;
#1878 = ORIENTED_EDGE ( 'NONE', *, *, #1331, .F. ) ;
#1879 = VERTEX_POINT ( 'NONE', #1456 ) ;
#1880 = DIRECTION ( 'NONE',  ( 0.000000000000000000, -1.000000000000000000, 0.000000000000000000 ) ) ;
#1881 = ORIENTED_EDGE ( 'NONE', *, *, #3020, .T. ) ;
#1882 = DIRECTION ( 'NONE',  ( 0.000000000000000000, -1.000000000000000000, 0.000000000000000000 ) ) ;
#1883 = ORIENTED_EDGE ( 'NONE', *, *, #5519, .F. ) ;
#1884 = DIRECTION ( 'NONE',  ( 1.000000000000000000, -1.022466556597827761E-15, 0.000000000000000000 ) ) ;
#1885 = ORIENTED_EDGE ( 'NONE', *, *, #1165, .T. ) ;
#1886 = LINE ( 'NONE', #3811, #4734 ) ;
#1887 = CARTESIAN_POINT ( 'NONE',  ( -20.88243311013534509, 43.71079885517170283, 0.000000000000000000 ) ) ;
#1888 = EDGE_CURVE ( 'NONE', #3462, #3386, #1776, .T. ) ;
#1889 = DIRECTION ( 'NONE',  ( -1.000000000000000000, -6.434165940233234309E-18, -0.000000000000000000 ) ) ;
#1890 = EDGE_CURVE ( 'NONE', #3511, #4487, #3470, .T. ) ;
#1891 = EDGE_CURVE ( 'NONE', #3989, #4743, #468, .T. ) ;
#1892 = DIRECTION ( 'NONE',  ( -1.000000000000000000, 0.000000000000000000, 1.934635846814283225E-16 ) ) ;
#1893 = CIRCLE ( 'NONE', #3373, 7.139999999999998792 ) ;
#1894 = FACE_BOUND ( 'NONE', #1748, .T. ) ;
#1895 = ORIENTED_EDGE ( 'NONE', *, *, #5080, .F. ) ;
#1896 = DIRECTION ( 'NONE',  ( -8.295235218517768465E-17, -1.000000000000000000, -0.000000000000000000 ) ) ;
#1897 = CARTESIAN_POINT ( 'NONE',  ( 1.819990470744134594E-14, 17.80000000000001492, 0.000000000000000000 ) ) ;
#1898 = ADVANCED_FACE ( 'NONE', ( #3438 ), #1461, .T. ) ;
#1899 = ADVANCED_FACE ( 'NONE', ( #1 ), #1138, .T. ) ;
#1900 = AXIS2_PLACEMENT_3D ( 'NONE', #2867, #356, #4412 ) ;
#1901 = DIRECTION ( 'NONE',  ( -1.000000000000000000, 0.000000000000000000, 0.000000000000000000 ) ) ;
#1902 = CARTESIAN_POINT ( 'NONE',  ( 24.47999999999994358, -1.575083822169092177E-16, 0.000000000000000000 ) ) ;
#1903 = CARTESIAN_POINT ( 'NONE',  ( 0.1083897543756179305, -2.138740617938784164E-15, 0.000000000000000000 ) ) ;
#1904 = DATE_TIME_ROLE ( 'classification_date' ) ;
#1905 = AXIS2_PLACEMENT_3D ( 'NONE', #2654, #4663, #2155 ) ;
#1906 = CARTESIAN_POINT ( 'NONE',  ( -9.000000000000005329, 0.3021515475689004471, 9.000000000000000000 ) ) ;
#1907 = ORIENTED_EDGE ( 'NONE', *, *, #5925, .F. ) ;
#1908 = EDGE_LOOP ( 'NONE', ( #5192, #3677, #1016, #1142 ) ) ;
#1909 = VERTEX_POINT ( 'NONE', #4985 ) ;
#1910 = ORIENTED_EDGE ( 'NONE', *, *, #3267, .T. ) ;
#1911 = FACE_BOUND ( 'NONE', #2200, .T. ) ;
#1912 = ORIENTED_EDGE ( 'NONE', *, *, #4880, .F. ) ;
#1913 = ORIENTED_EDGE ( 'NONE', *, *, #4517, .F. ) ;
#1914 = CARTESIAN_POINT ( 'NONE',  ( 12.91802797970444949, -6.225319205555572388, 2.174177530669377578 ) ) ;
#1915 = AXIS2_PLACEMENT_3D ( 'NONE', #1813, #1311, #6338 ) ;
#1916 = ORIENTED_EDGE ( 'NONE', *, *, #3272, .F. ) ;
#1917 = CARTESIAN_POINT ( 'NONE',  ( 14.46895012601470576, -3.539043249562436877, 15.20326411158249691 ) ) ;
#1918 = CARTESIAN_POINT ( 'NONE',  ( -1.349663430086869731, -9.069811163620947525, 58.39999999999999858 ) ) ;
#1919 = DIRECTION ( 'NONE',  ( 1.000000000000000000, -1.942890293093642011E-13, 0.000000000000000000 ) ) ;
#1920 = CARTESIAN_POINT ( 'NONE',  ( -25.65999999999994685, -5.865000000000000213, 0.000000000000000000 ) ) ;
#1921 = DIRECTION ( 'NONE',  ( 1.000000000000000000, -7.228014483215513668E-17, 0.000000000000000000 ) ) ;
#1922 = CIRCLE ( 'NONE', #4559, 3.220940107675852815 ) ;
#1923 = CARTESIAN_POINT ( 'NONE',  ( -2.769639825082089661E-32, 3.499999999999090061, 0.000000000000000000 ) ) ;
#1924 = ORIENTED_EDGE ( 'NONE', *, *, #1076, .T. ) ;
#1925 = DIRECTION ( 'NONE',  ( 0.000000000000000000, 1.000000000000000000, 0.000000000000000000 ) ) ;
#1926 = EDGE_CURVE ( 'NONE', #6180, #2587, #4612, .T. ) ;
#1927 = CARTESIAN_POINT ( 'NONE',  ( -17.28999999999999915, 7.139999999999999680, 0.000000000000000000 ) ) ;
#1928 = CARTESIAN_POINT ( 'NONE',  ( -9.000000000000001776, -10.79999999999999183, 6.500000000000000888 ) ) ;
#1929 = FACE_OUTER_BOUND ( 'NONE', #4263, .T. ) ;
#1930 = DIRECTION ( 'NONE',  ( 1.000000000000000000, 0.000000000000000000, -1.224646799147354440E-16 ) ) ;
#1931 = CC_DESIGN_PERSON_AND_ORGANIZATION_ASSIGNMENT ( #1140, #2760, ( #3101 ) ) ;
#1932 = ADVANCED_FACE ( 'NONE', ( #4001 ), #4094, .T. ) ;
#1933 = EDGE_CURVE ( 'NONE', #4289, #1648, #2010, .T. ) ;
#1934 = DIRECTION ( 'NONE',  ( 0.000000000000000000, -1.000000000000000000, 0.000000000000000000 ) ) ;
#1935 = ORIENTED_EDGE ( 'NONE', *, *, #2538, .F. ) ;
#1936 = EDGE_LOOP ( 'NONE', ( #3257, #3971 ) ) ;
#1937 = AXIS2_PLACEMENT_3D ( 'NONE', #1903, #913, #6115 ) ;
#1938 = ORIENTED_EDGE ( 'NONE', *, *, #5356, .F. ) ;
#1939 = EDGE_LOOP ( 'NONE', ( #4363, #1446, #5664 ) ) ;
#1940 = CARTESIAN_POINT ( 'NONE',  ( -12.09999999999999964, 0.000000000000000000, 17.07999999999999474 ) ) ;
#1941 = ORIENTED_EDGE ( 'NONE', *, *, #1152, .T. ) ;
#1942 = VERTEX_POINT ( 'NONE', #6133 ) ;
#1943 = CARTESIAN_POINT ( 'NONE',  ( -6.234580980306466458, 14.30000000000002913, 14.77623956929659421 ) ) ;
#1944 = VECTOR ( 'NONE', #5551, 999.9999999999998863 ) ;
#1945 = AXIS2_PLACEMENT_3D ( 'NONE', #5983, #3978, #2453 ) ;
#1946 = AXIS2_PLACEMENT_3D ( 'NONE', #3083, #1925, #5090 ) ;
#1947 = CARTESIAN_POINT ( 'NONE',  ( -9.000000000000001776, -1.199999999999999734, 9.000000000000000000 ) ) ;
#1948 = DIRECTION ( 'NONE',  ( 1.000000000000000000, 6.434165940233234309E-18, 0.000000000000000000 ) ) ;
#1949 = CARTESIAN_POINT ( 'NONE',  ( -12.89586959386796039, -6.263698655638105350, 2.188833417848133234 ) ) ;
#1950 = AXIS2_PLACEMENT_3D ( 'NONE', #801, #6380, #3284 ) ;
#1951 = EDGE_LOOP ( 'NONE', ( #6074, #4413, #2158, #919 ) ) ;
#1952 = LINE ( 'NONE', #4010, #3748 ) ;
#1953 = DIRECTION ( 'NONE',  ( 0.000000000000000000, 0.000000000000000000, 1.000000000000000000 ) ) ;
#1954 = ORIENTED_EDGE ( 'NONE', *, *, #190, .T. ) ;
#1955 = CIRCLE ( 'NONE', #6062, 21.75000000002637535 ) ;
#1956 = ORIENTED_EDGE ( 'NONE', *, *, #5974, .T. ) ;
#1957 = FACE_BOUND ( 'NONE', #3172, .T. ) ;
#1958 = CARTESIAN_POINT ( 'NONE',  ( 0.000000000000000000, 0.000000000000000000, 0.000000000000000000 ) ) ;
#1959 = DIRECTION ( 'NONE',  ( 1.000000000000000000, 6.434165940233234309E-18, 0.000000000000000000 ) ) ;
#1960 = DIRECTION ( 'NONE',  ( 0.5773502691896184036, 0.5773502691896345018, -0.5773502691896245098 ) ) ;
#1961 = LOCAL_TIME ( 18, 8, 39.00000000000000000, #2061 ) ;
#1962 = DIRECTION ( 'NONE',  ( -1.000000000000000000, 6.434165940233234309E-18, -0.000000000000000000 ) ) ;
#1963 = CARTESIAN_POINT ( 'NONE',  ( -28.00162831425916110, 2.299999999999999822, 0.000000000000000000 ) ) ;
#1964 = LOCAL_TIME ( 18, 8, 39.00000000000000000, #2659 ) ;
#1965 = AXIS2_PLACEMENT_3D ( 'NONE', #1610, #3627, #4613 ) ;
#1966 = CARTESIAN_POINT ( 'NONE',  ( 12.89586959386794796, 6.263698655638107127, 2.188833417848129237 ) ) ;
#1967 = ORIENTED_EDGE ( 'NONE', *, *, #6336, .F. ) ;
#1968 = ORIENTED_EDGE ( 'NONE', *, *, #5563, .T. ) ;
#1969 = EDGE_CURVE ( 'NONE', #2178, #5644, #5470, .T. ) ;
#1970 = CALENDAR_DATE ( 2026, 21, 4 ) ;
#1971 = ADVANCED_FACE ( 'NONE', ( #2101, #57 ), #4153, .F. ) ;
#1972 = ADVANCED_FACE ( 'NONE', ( #1707 ), #2832, .T. ) ;
#1973 = AXIS2_PLACEMENT_3D ( 'NONE', #2394, #2927, #2328 ) ;
#1974 = CARTESIAN_POINT ( 'NONE',  ( -28.79999999999999716, 4.606580753730955990, -5.641434375070415743E-16 ) ) ;
#1975 = VERTEX_POINT ( 'NONE', #5633 ) ;
#1976 = ADVANCED_FACE ( 'NONE', ( #157 ), #4188, .T. ) ;
#1977 = ORIENTED_EDGE ( 'NONE', *, *, #406, .F. ) ;
#1978 = DIRECTION ( 'NONE',  ( 0.000000000000000000, 0.000000000000000000, 1.000000000000000000 ) ) ;
#1979 = AXIS2_PLACEMENT_3D ( 'NONE', #6372, #1321, #3409 ) ;
#1980 = ORIENTED_EDGE ( 'NONE', *, *, #2206, .F. ) ;
#1981 = DIRECTION ( 'NONE',  ( 0.000000000000000000, 0.000000000000000000, -1.000000000000000000 ) ) ;
#1982 = ORIENTED_EDGE ( 'NONE', *, *, #4280, .T. ) ;
#1983 = DIRECTION ( 'NONE',  ( 1.000000000000000000, 1.154631945610162802E-14, 0.000000000000000000 ) ) ;
#1984 = DIRECTION ( 'NONE',  ( -1.022466556597827761E-15, -1.000000000000000000, -0.000000000000000000 ) ) ;
#1985 = VERTEX_POINT ( 'NONE', #4125 ) ;
#1986 = ORIENTED_EDGE ( 'NONE', *, *, #6044, .T. ) ;
#1987 = DIRECTION ( 'NONE',  ( -1.954828175079010964E-13, 1.000000000000000000, -0.000000000000000000 ) ) ;
#1988 = DIRECTION ( 'NONE',  ( -8.295235218517768465E-17, -1.000000000000000000, -0.000000000000000000 ) ) ;
#1989 = VECTOR ( 'NONE', #861, 1000.000000000000000 ) ;
#1990 = CARTESIAN_POINT ( 'NONE',  ( 4.200000000025745805, 38.53969061047155975, 0.000000000000000000 ) ) ;
#1991 = CARTESIAN_POINT ( 'NONE',  ( -28.39999999999994174, 5.474999999999999645, -6.827405905246493187E-16 ) ) ;
#1992 = CIRCLE ( 'NONE', #2202, 6.065000000000000391 ) ;
#1993 = CYLINDRICAL_SURFACE ( 'NONE', #173, 15.59999999999999964 ) ;
#1994 = VECTOR ( 'NONE', #5614, 1000.000000000000000 ) ;
#1995 = DIRECTION ( 'NONE',  ( -0.000000000000000000, -1.000000000000000000, -0.000000000000000000 ) ) ;
#1996 = ORIENTED_EDGE ( 'NONE', *, *, #1519, .T. ) ;
#1997 = CIRCLE ( 'NONE', #6212, 6.065000000000000391 ) ;
#1998 = CIRCLE ( 'NONE', #4063, 14.00000000000000000 ) ;
#1999 = DIRECTION ( 'NONE',  ( 1.000000000000000000, -7.903365775732809772E-17, 0.000000000000000000 ) ) ;
#2000 = ORIENTED_EDGE ( 'NONE', *, *, #1488, .F. ) ;
#2001 = VERTEX_POINT ( 'NONE', #3100 ) ;
#2002 = CIRCLE ( 'NONE', #3066, 4.200000000043928594 ) ;
#2003 = PERSON_AND_ORGANIZATION_ROLE ( 'design_owner' ) ;
#2004 = EDGE_CURVE ( 'NONE', #2176, #1679, #2172, .T. ) ;
#2005 = EDGE_CURVE ( 'NONE', #114, #2382, #4514, .T. ) ;
#2006 = ADVANCED_FACE ( 'NONE', ( #4577 ), #618, .F. ) ;
#2007 = ORIENTED_EDGE ( 'NONE', *, *, #4922, .T. ) ;
#2008 = AXIS2_PLACEMENT_3D ( 'NONE', #5031, #1557, #4788 ) ;
#2009 = EDGE_LOOP ( 'NONE', ( #6427, #2805, #3702, #2243 ) ) ;
#2010 = LINE ( 'NONE', #2203, #5667 ) ;
#2011 = CIRCLE ( 'NONE', #962, 2.500000000027160496 ) ;
#2012 = EDGE_CURVE ( 'NONE', #2060, #3177, #3168, .T. ) ;
#2013 = ADVANCED_FACE ( 'NONE', ( #1578 ), #5604, .F. ) ;
#2014 = ADVANCED_FACE ( 'NONE', ( #5666 ), #4241, .F. ) ;
#2015 = DIRECTION ( 'NONE',  ( 1.000000000000000000, -8.566535683824875029E-17, 0.000000000000000000 ) ) ;
#2016 = ORIENTED_EDGE ( 'NONE', *, *, #5161, .T. ) ;
#2017 = DIRECTION ( 'NONE',  ( -1.000000000000000000, 0.000000000000000000, 0.000000000000000000 ) ) ;
#2018 = ORIENTED_EDGE ( 'NONE', *, *, #6333, .F. ) ;
#2019 = VECTOR ( 'NONE', #4775, 999.9999999999998863 ) ;
#2020 = LINE ( 'NONE', #938, #1661 ) ;
#2021 = ORIENTED_EDGE ( 'NONE', *, *, #4922, .F. ) ;
#2022 = FACE_OUTER_BOUND ( 'NONE', #5317, .T. ) ;
#2023 = DIRECTION ( 'NONE',  ( 1.000000000000000000, 0.000000000000000000, 0.000000000000000000 ) ) ;
#2024 = DIRECTION ( 'NONE',  ( -0.000000000000000000, -1.000000000000000000, -0.000000000000000000 ) ) ;
#2025 = FACE_OUTER_BOUND ( 'NONE', #3552, .T. ) ;
#2026 = FACE_OUTER_BOUND ( 'NONE', #1677, .T. ) ;
#2027 = DIRECTION ( 'NONE',  ( 0.000000000000000000, 0.000000000000000000, 1.000000000000000000 ) ) ;
#2028 = CARTESIAN_POINT ( 'NONE',  ( 13.43790002449754262, 5.324874410539219838, 15.45805202743567008 ) ) ;
#2029 = VERTEX_POINT ( 'NONE', #3694 ) ;
#2030 = EDGE_LOOP ( 'NONE', ( #4731, #2168, #2346, #5498 ) ) ;
#2031 = CALENDAR_DATE ( 2026, 21, 4 ) ;
#2032 = AXIS2_PLACEMENT_3D ( 'NONE', #5827, #1765, #2229 ) ;
#2033 = ORIENTED_EDGE ( 'NONE', *, *, #445, .T. ) ;
#2034 = ORIENTED_EDGE ( 'NONE', *, *, #2332, .T. ) ;
#2035 = CARTESIAN_POINT ( 'NONE',  ( 14.98814247771954911, -2.639775717508472841, 2.686877998371665299 ) ) ;
#2036 = B_SPLINE_CURVE_WITH_KNOTS ( 'NONE', 3,
 ( #3509, #5462, #2952, #541, #5495, #3048, #5521, #996, #3014, #5024, #510, #4528 ),
 .UNSPECIFIED., .F., .F.,
 ( 4, 2, 2, 2, 2, 4 ),
 ( 0.01342804455836280400, 0.01498505521543372354, 0.01654206587250463961, 0.01965608718664647869, 0.02277010850078831777, 0.02588412981493015338 ),
 .UNSPECIFIED. ) ;
#2037 = EDGE_LOOP ( 'NONE', ( #5733, #807, #4057, #1496 ) ) ;
#2038 = CARTESIAN_POINT ( 'NONE',  ( -17.28999999999999915, -7.139999999999999680, -8.743978145912100780E-16 ) ) ;
#2039 = ORIENTED_EDGE ( 'NONE', *, *, #2371, .F. ) ;
#2040 = DIRECTION ( 'NONE',  ( 0.000000000000000000, -1.000000000000000000, 0.000000000000000000 ) ) ;
#2041 = ORIENTED_EDGE ( 'NONE', *, *, #4877, .T. ) ;
#2042 = EDGE_CURVE ( 'NONE', #4326, #2180, #6449, .T. ) ;
#2043 = DIRECTION ( 'NONE',  ( -1.000000000000000000, -6.434165940233234309E-18, -0.000000000000000000 ) ) ;
#2044 = EDGE_CURVE ( 'NONE', #1246, #1149, #591, .T. ) ;
#2045 = ORIENTED_EDGE ( 'NONE', *, *, #5484, .F. ) ;
#2046 = CIRCLE ( 'NONE', #5435, 2.899999999999999911 ) ;
#2047 = DIRECTION ( 'NONE',  ( 0.000000000000000000, 0.000000000000000000, 1.000000000000000000 ) ) ;
#2048 = CIRCLE ( 'NONE', #3329, 4.400000000044656190 ) ;
#2049 = DIRECTION ( 'NONE',  ( 0.000000000000000000, -1.000000000000000000, 0.000000000000000000 ) ) ;
#2050 = FACE_OUTER_BOUND ( 'NONE', #2967, .T. ) ;
#2051 = CARTESIAN_POINT ( 'NONE',  ( 13.44999999999999751, 8.900000000000014566, -12.95000000000001350 ) ) ;
#2052 = ADVANCED_FACE ( 'NONE', ( #1638 ), #5206, .F. ) ;
#2053 = DIRECTION ( 'NONE',  ( 1.000000000000000000, 6.434165940233234309E-18, 0.000000000000000000 ) ) ;
#2054 = CIRCLE ( 'NONE', #2377, 2.499999999999547917 ) ;
#2055 = FACE_OUTER_BOUND ( 'NONE', #2897, .T. ) ;
#2056 = ORIENTED_EDGE ( 'NONE', *, *, #1767, .T. ) ;
#2057 = AXIS2_PLACEMENT_3D ( 'NONE', #4165, #1652, #5122 ) ;
#2058 = CARTESIAN_POINT ( 'NONE',  ( 11.85029856853051911, 8.074680794444434540, 2.174177530669380687 ) ) ;
#2059 = LINE ( 'NONE', #3648, #5542 ) ;
#2060 = VERTEX_POINT ( 'NONE', #6235 ) ;
#2061 = COORDINATED_UNIVERSAL_TIME_OFFSET ( 8, 0, .AHEAD. ) ;
#2062 = LOCAL_TIME ( 18, 8, 39.00000000000000000, #753 ) ;
#2063 = FACE_OUTER_BOUND ( 'NONE', #2718, .T. ) ;
#2064 = VERTEX_POINT ( 'NONE', #3729 ) ;
#2065 = ORIENTED_EDGE ( 'NONE', *, *, #6129, .F. ) ;
#2066 = AXIS2_PLACEMENT_3D ( 'NONE', #2115, #2253, #6145 ) ;
#2067 = CARTESIAN_POINT ( 'NONE',  ( -9.266872783964245741, -12.54930551089671731, 17.69999999999999929 ) ) ;
#2068 = DIRECTION ( 'NONE',  ( -0.4999999999999997780, -0.8660254037844387076, 0.000000000000000000 ) ) ;
#2069 = CARTESIAN_POINT ( 'NONE',  ( 8.318765271266867172E-16, 10.02836574506841316, 0.000000000000000000 ) ) ;
#2070 = VERTEX_POINT ( 'NONE', #1216 ) ;
#2071 = AXIS2_PLACEMENT_3D ( 'NONE', #4334, #1390, #6403 ) ;
#2072 = CARTESIAN_POINT ( 'NONE',  ( 6.041965180448148500E-17, 0.7283657450677758494, 0.000000000000000000 ) ) ;
#2073 = EDGE_CURVE ( 'NONE', #5949, #5415, #5735, .T. ) ;
#2074 = ORIENTED_EDGE ( 'NONE', *, *, #5195, .F. ) ;
#2075 = CARTESIAN_POINT ( 'NONE',  ( 4.182381651130729239, 14.30000000000002558, 2.514418470732775912 ) ) ;
#2076 = LINE ( 'NONE', #4015, #3229 ) ;
#2077 = LINE ( 'NONE', #3085, #2384 ) ;
#2078 = AXIS2_PLACEMENT_3D ( 'NONE', #120, #693, #2134 ) ;
#2079 = EDGE_CURVE ( 'NONE', #1021, #2999, #4760, .T. ) ;
#2080 = CARTESIAN_POINT ( 'NONE',  ( -9.000000000026375346, 1.728365745067776515, 1.102182119235847902E-15 ) ) ;
#2081 = ADVANCED_FACE ( 'NONE', ( #3270 ), #5805, .F. ) ;
#2082 = CARTESIAN_POINT ( 'NONE',  ( 9.000000000000001776, -10.80000000000001315, 9.000000000000000000 ) ) ;
#2083 = UNCERTAINTY_MEASURE_WITH_UNIT (LENGTH_MEASURE( 1.000000000000000082E-05 ), #5292, 'distance_accuracy_value', 'NONE');
#2084 = DIRECTION ( 'NONE',  ( -0.7071067811865426878, 2.775557561562891351E-17, -0.7071067811865524577 ) ) ;
#2085 = DIRECTION ( 'NONE',  ( 1.000000000000000000, -1.022466556597827761E-15, 0.000000000000000000 ) ) ;
#2086 = ORIENTED_EDGE ( 'NONE', *, *, #4509, .T. ) ;
#2087 = ORIENTED_EDGE ( 'NONE', *, *, #5404, .F. ) ;
#2088 = ADVANCED_FACE ( 'NONE', ( #257 ), #4357, .F. ) ;
#2089 = ADVANCED_FACE ( 'NONE', ( #1348 ), #2962, .T. ) ;
#2090 = AXIS2_PLACEMENT_3D ( 'NONE', #5972, #3496, #4484 ) ;
#2091 = DIRECTION ( 'NONE',  ( -8.295235218517768465E-17, -1.000000000000000000, -0.000000000000000000 ) ) ;
#2092 = DIRECTION ( 'NONE',  ( -0.7071067811865435759, 8.659560562354884787E-17, 0.7071067811865514585 ) ) ;
#2093 = DIRECTION ( 'NONE',  ( 0.000000000000000000, 0.000000000000000000, 1.000000000000000000 ) ) ;
#2094 = VERTEX_POINT ( 'NONE', #224 ) ;
#2095 = VECTOR ( 'NONE', #2288, 1000.000000000000000 ) ;
#2096 = CALENDAR_DATE ( 2026, 21, 4 ) ;
#2097 = CONICAL_SURFACE ( 'NONE', #92, 2.990000000000000213, 0.5235987755983024794 ) ;
#2098 = CARTESIAN_POINT ( 'NONE',  ( -25.65999999999994685, -1.651006980263844570E-16, 0.000000000000000000 ) ) ;
#2099 = ORIENTED_EDGE ( 'NONE', *, *, #4353, .T. ) ;
#2100 = CIRCLE ( 'NONE', #5160, 2.900000000000006573 ) ;
#2101 = FACE_BOUND ( 'NONE', #4180, .T. ) ;
#2102 = AXIS2_PLACEMENT_3D ( 'NONE', #2121, #2193, #5166 ) ;
#2103 = AXIS2_PLACEMENT_3D ( 'NONE', #4761, #1689, #5715 ) ;
#2104 = CARTESIAN_POINT ( 'NONE',  ( 20.25000000002649614, 8.528365745068615666, 0.000000000000000000 ) ) ;
#2105 = DIRECTION ( 'NONE',  ( 0.000000000000000000, 1.000000000000000000, 0.000000000000000000 ) ) ;
#2106 = ORIENTED_EDGE ( 'NONE', *, *, #5598, .T. ) ;
#2107 = AXIS2_PLACEMENT_3D ( 'NONE', #6355, #2395, #5828 ) ;
#2108 = CARTESIAN_POINT ( 'NONE',  ( 0.000000000000000000, 0.000000000000000000, 0.000000000000000000 ) ) ;
#2109 = ORIENTED_EDGE ( 'NONE', *, *, #2943, .F. ) ;
#2110 = CARTESIAN_POINT ( 'NONE',  ( -25.45999999999994756, -1.638138648383378105E-16, 0.000000000000000000 ) ) ;
#2111 = FACE_OUTER_BOUND ( 'NONE', #1877, .T. ) ;
#2112 = DIRECTION ( 'NONE',  ( -1.507912601349432577E-32, 1.224646799147353207E-16, 1.000000000000000000 ) ) ;
#2113 = PLANE ( 'NONE',  #435 ) ;
#2114 = LINE ( 'NONE', #1195, #4164 ) ;
#2115 = CARTESIAN_POINT ( 'NONE',  ( -17.00000000002756195, 42.82836574506819716, 0.000000000000000000 ) ) ;
#2116 = LINE ( 'NONE', #4082, #225 ) ;
#2117 = ORIENTED_EDGE ( 'NONE', *, *, #231, .T. ) ;
#2118 = EDGE_CURVE ( 'NONE', #1543, #6501, #5876, .T. ) ;
#2119 = B_SPLINE_CURVE_WITH_KNOTS ( 'NONE', 3,
 ( #1486, #1023, #2941, #4424, #6466, #5513, #3005, #4951, #4489, #28, #2409, #1943 ),
 .UNSPECIFIED., .F., .F.,
 ( 4, 2, 2, 2, 2, 4 ),
 ( 0.01342804455836290115, 0.01498505521543381375, 0.01654206587250472635, 0.01965608718664654808, 0.02277010850078836982, 0.02588412981493018808 ),
 .UNSPECIFIED. ) ;
#2120 = CALENDAR_DATE ( 2026, 21, 4 ) ;
#2121 = CARTESIAN_POINT ( 'NONE',  ( 1.506120491940673012E-29, 1.815645309946730398E-13, 0.000000000000000000 ) ) ;
#2122 = FACE_OUTER_BOUND ( 'NONE', #3038, .T. ) ;
#2123 = DIRECTION ( 'NONE',  ( 1.049727191138618326E-16, -0.5150380749100547106, 0.8571673007021120005 ) ) ;
#2124 = VERTEX_POINT ( 'NONE', #3831 ) ;
#2125 = CC_DESIGN_PERSON_AND_ORGANIZATION_ASSIGNMENT ( #5475, #3461, ( #5447 ) ) ;
#2126 = ADVANCED_FACE ( 'NONE', ( #5836 ), #5992, .T. ) ;
#2127 = FACE_OUTER_BOUND ( 'NONE', #6056, .T. ) ;
#2128 = COORDINATED_UNIVERSAL_TIME_OFFSET ( 8, 0, .AHEAD. ) ;
#2129 = EDGE_CURVE ( 'NONE', #3016, #3645, #1178, .T. ) ;
#2130 = CIRCLE ( 'NONE', #3829, 6.299999999999999822 ) ;
#2131 = ADVANCED_FACE ( 'NONE', ( #1778 ), #4745, .F. ) ;
#2132 = DIRECTION ( 'NONE',  ( -0.000000000000000000, -0.000000000000000000, -1.000000000000000000 ) ) ;
#2133 = ORIENTED_EDGE ( 'NONE', *, *, #4146, .T. ) ;
#2134 = DIRECTION ( 'NONE',  ( 0.000000000000000000, 1.000000000000000000, 0.000000000000000000 ) ) ;
#2135 = CIRCLE ( 'NONE', #5008, 11.89999999999998970 ) ;
#2136 = CARTESIAN_POINT ( 'NONE',  ( 23.63999999999994728, -1.521036828271133022E-16, 0.000000000000000000 ) ) ;
#2137 = EDGE_LOOP ( 'NONE', ( #2438, #1691, #6490, #4829 ) ) ;
#2138 = CARTESIAN_POINT ( 'NONE',  ( -12.95000000000000817, 8.900000000000041211, -13.44999999999999929 ) ) ;
#2139 = EDGE_LOOP ( 'NONE', ( #4195, #6341 ) ) ;
#2140 = DIRECTION ( 'NONE',  ( -1.000000000000000000, -1.942890293093642011E-13, 0.000000000000000000 ) ) ;
#2141 = AXIS2_PLACEMENT_3D ( 'NONE', #2893, #322, #1406 ) ;
#2142 = ORIENTED_EDGE ( 'NONE', *, *, #5281, .F. ) ;
#2143 = DIRECTION ( 'NONE',  ( -0.000000000000000000, -1.000000000000000000, -0.000000000000000000 ) ) ;
#2144 = CARTESIAN_POINT ( 'NONE',  ( -13.45000000000000107, -10.70000000000001172, -13.44999999999999929 ) ) ;
#2145 = DIRECTION ( 'NONE',  ( -1.000000000000000000, 8.881784197001252323E-16, 0.000000000000000000 ) ) ;
#2146 = CARTESIAN_POINT ( 'NONE',  ( -24.47999999999994358, -1.575083822169092177E-16, 0.000000000000000000 ) ) ;
#2147 = CARTESIAN_POINT ( 'NONE',  ( -12.95000000000000817, 8.900000000000041211, -13.44999999999999929 ) ) ;
#2148 = CARTESIAN_POINT ( 'NONE',  ( 9.266872783964224425, -12.54930551089673152, 17.69999999999999929 ) ) ;
#2149 = CARTESIAN_POINT ( 'NONE',  ( 2.764666333041210533E-15, 33.32836574506700345, 0.000000000000000000 ) ) ;
#2150 = ORIENTED_EDGE ( 'NONE', *, *, #6246, .T. ) ;
#2151 = AXIS2_PLACEMENT_3D ( 'NONE', #3315, #3286, #4402 ) ;
#2152 = CIRCLE ( 'NONE', #1624, 3.850000000038108716 ) ;
#2153 = VECTOR ( 'NONE', #808, 1000.000000000000000 ) ;
#2154 = DATE_AND_TIME ( #1200, #2171 ) ;
#2155 = DIRECTION ( 'NONE',  ( 0.000000000000000000, -1.000000000000000000, 0.000000000000000000 ) ) ;
#2156 = CARTESIAN_POINT ( 'NONE',  ( 6.742670579747850535E-16, 8.128365745067640091, 0.000000000000000000 ) ) ;
#2157 = DIRECTION ( 'NONE',  ( -1.000000000000000000, 0.000000000000000000, 0.000000000000000000 ) ) ;
#2158 = ORIENTED_EDGE ( 'NONE', *, *, #2129, .T. ) ;
#2159 = CIRCLE ( 'NONE', #3530, 3.000000000003045564 ) ;
#2160 = CARTESIAN_POINT ( 'NONE',  ( 0.000000000000000000, 0.000000000000000000, 2.000000000000000000 ) ) ;
#2161 = CALENDAR_DATE ( 2026, 21, 4 ) ;
#2162 = CIRCLE ( 'NONE', #589, 9.000000000000001776 ) ;
#2163 = VECTOR ( 'NONE', #6311, 1000.000000000000000 ) ;
#2164 = VECTOR ( 'NONE', #3662, 1000.000000000000000 ) ;
#2165 = DIRECTION ( 'NONE',  ( -1.000000000000000000, -6.434165940233234309E-18, -0.000000000000000000 ) ) ;
#2166 = EDGE_CURVE ( 'NONE', #18, #1985, #4867, .T. ) ;
#2167 = VERTEX_POINT ( 'NONE', #1963 ) ;
#2168 = ORIENTED_EDGE ( 'NONE', *, *, #3508, .T. ) ;
#2169 = ADVANCED_FACE ( 'NONE', ( #4472 ), #6485, .F. ) ;
#2170 = ADVANCED_FACE ( 'NONE', ( #3986 ), #551, .F. ) ;
#2171 = LOCAL_TIME ( 18, 8, 39.00000000000000000, #6119 ) ;
#2172 = LINE ( 'NONE', #2067, #827 ) ;
#2173 = ADVANCED_FACE ( 'NONE', ( #1742 ), #19, .T. ) ;
#2174 = AXIS2_PLACEMENT_3D ( 'NONE', #3696, #4680, #2600 ) ;
#2175 = DIRECTION ( 'NONE',  ( -1.000000000000000000, 6.434165940233234309E-18, -0.000000000000000000 ) ) ;
#2176 = VERTEX_POINT ( 'NONE', #2341 ) ;
#2177 = CARTESIAN_POINT ( 'NONE',  ( 17.00000000002682654, 37.82836574506590210, 0.000000000000000000 ) ) ;
#2178 = VERTEX_POINT ( 'NONE', #3802 ) ;
#2179 = FACE_OUTER_BOUND ( 'NONE', #5512, .T. ) ;
#2180 = VERTEX_POINT ( 'NONE', #2237 ) ;
#2181 = CARTESIAN_POINT ( 'NONE',  ( 3.660528981682408034, 14.30000000000002736, 2.434288584197443317 ) ) ;
#2182 = CARTESIAN_POINT ( 'NONE',  ( 20.25000000002911449, 41.32836574506814031, 0.000000000000000000 ) ) ;
#2183 = VECTOR ( 'NONE', #1340, 1000.000000000000000 ) ;
#2184 = CARTESIAN_POINT ( 'NONE',  ( 28.40000000000000213, -1.827303127026238599E-16, 0.000000000000000000 ) ) ;
#2185 = DIRECTION ( 'NONE',  ( 0.000000000000000000, -1.000000000000000000, 0.000000000000000000 ) ) ;
#2186 = CARTESIAN_POINT ( 'NONE',  ( 5.726516313213243059, -14.30000000000001847, 14.89347018284055224 ) ) ;
#2187 = ORIENTED_EDGE ( 'NONE', *, *, #5603, .F. ) ;
#2188 = CARTESIAN_POINT ( 'NONE',  ( 6.928088789706142719E-13, 8.528365745068128945, 0.000000000000000000 ) ) ;
#2189 = DIRECTION ( 'NONE',  ( 0.000000000000000000, -1.000000000000000000, 0.000000000000000000 ) ) ;
#2190 = VERTEX_POINT ( 'NONE', #2801 ) ;
#2191 = VECTOR ( 'NONE', #3774, 1000.000000000000000 ) ;
#2192 = CALENDAR_DATE ( 2026, 21, 4 ) ;
#2193 = DIRECTION ( 'NONE',  ( -8.295235218517768465E-17, -1.000000000000000000, -0.000000000000000000 ) ) ;
#2194 = DIRECTION ( 'NONE',  ( 1.000000000000000000, -1.022466556597827761E-15, 0.000000000000000000 ) ) ;
#2195 = DIRECTION ( 'NONE',  ( -8.295235218517768465E-17, -1.000000000000000000, -0.000000000000000000 ) ) ;
#2196 = EDGE_LOOP ( 'NONE', ( #997, #1024, #5290, #3109 ) ) ;
#2197 = DIRECTION ( 'NONE',  ( -1.934635846814283225E-16, 0.000000000000000000, -1.000000000000000000 ) ) ;
#2198 = SECURITY_CLASSIFICATION_LEVEL ( 'unclassified' ) ;
#2199 = DIRECTION ( 'NONE',  ( 1.000000000000000000, 0.000000000000000000, 0.000000000000000000 ) ) ;
#2200 = EDGE_LOOP ( 'NONE', ( #1982, #6521 ) ) ;
#2201 = ORIENTED_EDGE ( 'NONE', *, *, #5716, .T. ) ;
#2202 = AXIS2_PLACEMENT_3D ( 'NONE', #2110, #6140, #4690 ) ;
#2203 = CARTESIAN_POINT ( 'NONE',  ( 12.95000000000000995, -11.19999999999999929, 12.95000000000000639 ) ) ;
#2204 = AXIS2_PLACEMENT_3D ( 'NONE', #910, #4375, #4469 ) ;
#2205 = EDGE_CURVE ( 'NONE', #6037, #1797, #5077, .T. ) ;
#2206 = EDGE_CURVE ( 'NONE', #6260, #4387, #866, .T. ) ;
#2207 = VECTOR ( 'NONE', #2661, 999.9999999999998863 ) ;
#2208 = DIRECTION ( 'NONE',  ( -1.000000000000000000, 0.000000000000000000, 0.000000000000000000 ) ) ;
#2209 = ORIENTED_EDGE ( 'NONE', *, *, #3928, .F. ) ;
#2210 = DIRECTION ( 'NONE',  ( -8.295235218517768465E-17, -1.000000000000000000, -0.000000000000000000 ) ) ;
#2211 = ORIENTED_EDGE ( 'NONE', *, *, #5246, .F. ) ;
#2212 = EDGE_CURVE ( 'NONE', #21, #3223, #4978, .T. ) ;
#2213 = EDGE_CURVE ( 'NONE', #5105, #1363, #44, .T. ) ;
#2214 = FACE_OUTER_BOUND ( 'NONE', #6465, .T. ) ;
#2215 = AXIS2_PLACEMENT_3D ( 'NONE', #2685, #6290, #3290 ) ;
#2216 = EDGE_CURVE ( 'NONE', #662, #3016, #17, .T. ) ;
#2217 = ORIENTED_EDGE ( 'NONE', *, *, #5409, .T. ) ;
#2218 = DIRECTION ( 'NONE',  ( 1.000000000000000000, -0.000000000000000000, -1.934635846814283225E-16 ) ) ;
#2219 = DIRECTION ( 'NONE',  ( -1.000000000000000000, -1.948106803326152703E-13, 0.000000000000000000 ) ) ;
#2220 = CARTESIAN_POINT ( 'NONE',  ( 28.40000000000000213, -1.827303127026238599E-16, 0.000000000000000000 ) ) ;
#2221 = DIRECTION ( 'NONE',  ( 0.000000000000000000, 1.000000000000000000, 0.000000000000000000 ) ) ;
#2222 = CARTESIAN_POINT ( 'NONE',  ( -4.168605443518132780, -14.30000000000001670, 15.20320326120539001 ) ) ;
#2223 = DIRECTION ( 'NONE',  ( -0.7071067811865459074, 0.000000000000000000, -0.7071067811865491270 ) ) ;
#2224 = FACE_OUTER_BOUND ( 'NONE', #5087, .T. ) ;
#2225 = ORIENTED_EDGE ( 'NONE', *, *, #765, .T. ) ;
#2226 = AXIS2_PLACEMENT_3D ( 'NONE', #846, #353, #2360 ) ;
#2227 = DATE_AND_TIME ( #2720, #5546 ) ;
#2228 = DIRECTION ( 'NONE',  ( 1.000000000000000000, -7.744301231958317923E-17, 0.000000000000000000 ) ) ;
#2229 = DIRECTION ( 'NONE',  ( 1.000000000000000000, -8.295235218517768465E-17, 0.000000000000000000 ) ) ;
#2230 = FACE_OUTER_BOUND ( 'NONE', #260, .T. ) ;
#2231 = EDGE_LOOP ( 'NONE', ( #5995, #5068, #628 ) ) ;
#2232 = LINE ( 'NONE', #3789, #5838 ) ;
#2233 = PERSON_AND_ORGANIZATION ( #3131, #5968 ) ;
#2234 = DIRECTION ( 'NONE',  ( 0.000000000000000000, -1.000000000000000000, 0.000000000000000000 ) ) ;
#2235 = VERTEX_POINT ( 'NONE', #2493 ) ;
#2236 = VERTEX_POINT ( 'NONE', #5003 ) ;
#2237 = CARTESIAN_POINT ( 'NONE',  ( -9.000000000000001776, -10.79999999999999893, -6.500000000000000888 ) ) ;
#2238 = CARTESIAN_POINT ( 'NONE',  ( 13.44999999999999751, -10.70000000000001172, -13.44999999999999929 ) ) ;
#2239 = ORIENTED_EDGE ( 'NONE', *, *, #527, .T. ) ;
#2240 = DIRECTION ( 'NONE',  ( -0.8660254037840764418, 0.5000000000006274981, -1.060575238724582989E-16 ) ) ;
#2241 = ORIENTED_EDGE ( 'NONE', *, *, #2990, .T. ) ;
#2242 = DIRECTION ( 'NONE',  ( 0.7071067811865453523, 0.7071067811865496822, 8.659560562354904508E-17 ) ) ;
#2243 = ORIENTED_EDGE ( 'NONE', *, *, #1727, .F. ) ;
#2244 = CARTESIAN_POINT ( 'NONE',  ( 23.63999999999994728, -1.521036828271133022E-16, 0.000000000000000000 ) ) ;
#2245 = DIRECTION ( 'NONE',  ( -0.4999999999999989453, -0.8660254037844392627, -1.060575238724907654E-16 ) ) ;
#2246 = DIRECTION ( 'NONE',  ( 1.000000000000000000, -1.032573497594635866E-16, 0.000000000000000000 ) ) ;
#2247 = EDGE_CURVE ( 'NONE', #33, #6426, #4504, .T. ) ;
#2248 = DIRECTION ( 'NONE',  ( -1.000000000000000000, 6.434165940233234309E-18, -0.000000000000000000 ) ) ;
#2249 = DIRECTION ( 'NONE',  ( -6.434165940233234309E-18, -1.000000000000000000, 0.000000000000000000 ) ) ;
#2250 = CIRCLE ( 'NONE', #1937, 2.299999999999997602 ) ;
#2251 = ADVANCED_FACE ( 'NONE', ( #2055 ), #6116, .T. ) ;
#2252 = EDGE_CURVE ( 'NONE', #4174, #1180, #2116, .T. ) ;
#2253 = DIRECTION ( 'NONE',  ( -8.295235218517768465E-17, -1.000000000000000000, -0.000000000000000000 ) ) ;
#2254 = CARTESIAN_POINT ( 'NONE',  ( 10.99999999999999822, 13.18713201527358514, 0.000000000000000000 ) ) ;
#2255 = ORIENTED_EDGE ( 'NONE', *, *, #4714, .T. ) ;
#2256 = CARTESIAN_POINT ( 'NONE',  ( 11.69999999999999929, 9.400000000000002132, -12.95000000000000639 ) ) ;
#2257 = ADVANCED_FACE ( 'NONE', ( #5532 ), #759, .T. ) ;
#2258 = CARTESIAN_POINT ( 'NONE',  ( 2.781256803478249389E-15, 33.52836574506704892, 0.000000000000000000 ) ) ;
#2259 = DIRECTION ( 'NONE',  ( -8.295235218517768465E-17, -1.000000000000000000, -0.000000000000000000 ) ) ;
#2260 = ORIENTED_EDGE ( 'NONE', *, *, #453, .T. ) ;
#2261 = LINE ( 'NONE', #4285, #6263 ) ;
#2262 = DATE_AND_TIME ( #291, #5217 ) ;
#2263 = CIRCLE ( 'NONE', #4159, 2.990000000000000213 ) ;
#2264 = DIRECTION ( 'NONE',  ( -8.295235218517768465E-17, -1.000000000000000000, -0.000000000000000000 ) ) ;
#2265 = ORIENTED_EDGE ( 'NONE', *, *, #3190, .T. ) ;
#2266 = CIRCLE ( 'NONE', #6059, 11.70000000000000107 ) ;
#2267 = ORIENTED_EDGE ( 'NONE', *, *, #4952, .F. ) ;
#2268 = PRODUCT_DEFINITION_SHAPE ( 'NONE', 'NONE',  #6534 ) ;
#2269 = VECTOR ( 'NONE', #572, 1000.000000000000000 ) ;
#2270 = DIRECTION ( 'NONE',  ( 1.000000000000000000, -8.295235218517768465E-17, 0.000000000000000000 ) ) ;
#2271 = AXIS2_PLACEMENT_3D ( 'NONE', #367, #792, #301 ) ;
#2272 = CONICAL_SURFACE ( 'NONE', #2381, 3.882433110107368801, 0.7853981633974785881 ) ;
#2273 = CARTESIAN_POINT ( 'NONE',  ( 0.000000000000000000, 0.000000000000000000, 8.900000000000000355 ) ) ;
#2274 = EDGE_LOOP ( 'NONE', ( #1497, #4980, #256, #3205 ) ) ;
#2275 = CARTESIAN_POINT ( 'NONE',  ( 0.1083897543756196652, -2.114194236346733646E-15, 0.000000000000000000 ) ) ;
#2276 = VERTEX_POINT ( 'NONE', #3580 ) ;
#2277 = FACE_OUTER_BOUND ( 'NONE', #703, .T. ) ;
#2278 = AXIS2_PLACEMENT_3D ( 'NONE', #441, #4662, #5725 ) ;
#2279 = CIRCLE ( 'NONE', #3554, 2.499999999999547917 ) ;
#2280 = EDGE_LOOP ( 'NONE', ( #2689, #2056, #2211, #2572 ) ) ;
#2281 = CARTESIAN_POINT ( 'NONE',  ( 0.000000000000000000, 0.000000000000000000, 2.923760430703403301 ) ) ;
#2282 = CARTESIAN_POINT ( 'NONE',  ( 2.903332326480464491E-16, 3.499999999999090061, 0.000000000000000000 ) ) ;
#2283 = FACE_OUTER_BOUND ( 'NONE', #2335, .T. ) ;
#2284 = DIRECTION ( 'NONE',  ( -1.507912601349432577E-32, 1.224646799147353207E-16, 1.000000000000000000 ) ) ;
#2285 = CIRCLE ( 'NONE', #66, 5.674999999999999822 ) ;
#2286 = DIRECTION ( 'NONE',  ( 0.000000000000000000, -1.000000000000000000, 0.000000000000000000 ) ) ;
#2287 = ADVANCED_FACE ( 'NONE', ( #1067 ), #1592, .T. ) ;
#2288 = DIRECTION ( 'NONE',  ( 1.000000000000000000, 0.000000000000000000, 0.000000000000000000 ) ) ;
#2289 = ORIENTED_EDGE ( 'NONE', *, *, #5196, .T. ) ;
#2290 = CARTESIAN_POINT ( 'NONE',  ( 8.318765271266867172E-16, 10.02836574506841316, 0.000000000000000000 ) ) ;
#2291 = ADVANCED_FACE ( 'NONE', ( #6052 ), #4451, .F. ) ;
#2292 = ADVANCED_FACE ( 'NONE', ( #1096, #4600 ), #5096, .F. ) ;
#2293 = DIRECTION ( 'NONE',  ( 0.5000000000003775869, 0.8660254037842205488, 6.123233995741387035E-17 ) ) ;
#2294 = DIRECTION ( 'NONE',  ( 1.000000000000000000, -7.392287539598868826E-17, 0.000000000000000000 ) ) ;
#2295 = DIRECTION ( 'NONE',  ( -1.000000000000000000, 6.434165940233234309E-18, -0.000000000000000000 ) ) ;
#2296 = APPROVAL_DATE_TIME ( #5869, #2732 ) ;
#2297 = AXIS2_PLACEMENT_3D ( 'NONE', #1681, #6206, #5673 ) ;
#2298 = ADVANCED_FACE ( 'NONE', ( #610 ), #3687, .T. ) ;
#2299 = ADVANCED_FACE ( 'NONE', ( #3489 ), #2843, .F. ) ;
#2300 = CYLINDRICAL_SURFACE ( 'NONE', #949, 21.75000000002865264 ) ;
#2301 = ORIENTED_EDGE ( 'NONE', *, *, #3029, .F. ) ;
#2302 = ORIENTED_EDGE ( 'NONE', *, *, #3301, .T. ) ;
#2303 = AXIS2_PLACEMENT_3D ( 'NONE', #1112, #4678, #3597 ) ;
#2304 = ORIENTED_EDGE ( 'NONE', *, *, #1636, .F. ) ;
#2305 = CARTESIAN_POINT ( 'NONE',  ( -24.47999999999994358, 6.299999999999999822, -7.715274834628325378E-16 ) ) ;
#2306 = AXIS2_PLACEMENT_3D ( 'NONE', #5284, #760, #5809 ) ;
#2307 = LINE ( 'NONE', #4258, #2942 ) ;
#2308 = ORIENTED_EDGE ( 'NONE', *, *, #1404, .F. ) ;
#2309 = CIRCLE ( 'NONE', #3055, 5.674999999999999822 ) ;
#2310 = VERTEX_POINT ( 'NONE', #1472 ) ;
#2311 = FACE_OUTER_BOUND ( 'NONE', #5342, .T. ) ;
#2312 = ORIENTED_EDGE ( 'NONE', *, *, #2004, .F. ) ;
#2313 = CIRCLE ( 'NONE', #1258, 2.499999999999998668 ) ;
#2314 = LINE ( 'NONE', #341, #5249 ) ;
#2315 = AXIS2_PLACEMENT_3D ( 'NONE', #4674, #2264, #2199 ) ;
#2316 = VERTEX_POINT ( 'NONE', #4537 ) ;
#2317 = FACE_OUTER_BOUND ( 'NONE', #999, .T. ) ;
#2318 = LINE ( 'NONE', #3777, #1831 ) ;
#2319 = CARTESIAN_POINT ( 'NONE',  ( 1.114488546691633598E-14, 10.90000000000001279, 0.000000000000000000 ) ) ;
#2320 = CIRCLE ( 'NONE', #6009, 4.200000000043928594 ) ;
#2321 = CARTESIAN_POINT ( 'NONE',  ( 0.000000000000000000, 0.000000000000000000, 17.39999999999999858 ) ) ;
#2322 = CARTESIAN_POINT ( 'NONE',  ( 4.593994481326528196E-17, 7.139999999999998792, 8.743978145912100780E-16 ) ) ;
#2323 = ORIENTED_EDGE ( 'NONE', *, *, #1251, .T. ) ;
#2324 = AXIS2_PLACEMENT_3D ( 'NONE', #6321, #2822, #2856 ) ;
#2325 = DIRECTION ( 'NONE',  ( -1.022466556597827761E-15, -1.000000000000000000, -0.000000000000000000 ) ) ;
#2326 = CYLINDRICAL_SURFACE ( 'NONE', #4118, 4.200000000043535131 ) ;
#2327 = AXIS2_PLACEMENT_3D ( 'NONE', #6247, #3148, #4167 ) ;
#2328 = DIRECTION ( 'NONE',  ( 0.000000000000000000, -1.000000000000000000, 0.000000000000000000 ) ) ;
#2329 = DIRECTION ( 'NONE',  ( 1.000000000000000000, -8.295235218517768465E-17, 0.000000000000000000 ) ) ;
#2330 = CARTESIAN_POINT ( 'NONE',  ( -25.65999999999994685, -1.651006980263844570E-16, 0.000000000000000000 ) ) ;
#2331 = APPROVAL_STATUS ( 'not_yet_approved' ) ;
#2332 = EDGE_CURVE ( 'NONE', #542, #4326, #2555, .T. ) ;
#2333 = PLANE ( 'NONE',  #1050 ) ;
#2334 = VERTEX_POINT ( 'NONE', #4020 ) ;
#2335 = EDGE_LOOP ( 'NONE', ( #6530, #279, #5543, #5100 ) ) ;
#2336 = CC_DESIGN_DATE_AND_TIME_ASSIGNMENT ( #4979, #463, ( #4701 ) ) ;
#2337 = EDGE_CURVE ( 'NONE', #4457, #1476, #1503, .T. ) ;
#2338 = EDGE_CURVE ( 'NONE', #2382, #2334, #3058, .T. ) ;
#2339 = EDGE_CURVE ( 'NONE', #5115, #6464, #1785, .T. ) ;
#2340 = ORIENTED_EDGE ( 'NONE', *, *, #3590, .F. ) ;
#2341 = CARTESIAN_POINT ( 'NONE',  ( -9.266872783964245741, -12.54930551089671731, 14.77623956929659421 ) ) ;
#2342 = DIRECTION ( 'NONE',  ( 8.295235218517768465E-17, 1.000000000000000000, 0.000000000000000000 ) ) ;
#2343 = ORIENTED_EDGE ( 'NONE', *, *, #2699, .F. ) ;
#2344 = EDGE_CURVE ( 'NONE', #5823, #4811, #6000, .T. ) ;
#2345 = FACE_OUTER_BOUND ( 'NONE', #3463, .T. ) ;
#2346 = ORIENTED_EDGE ( 'NONE', *, *, #1529, .F. ) ;
#2347 = CARTESIAN_POINT ( 'NONE',  ( 25.65999999999994685, 5.674999999999999822, 6.949870585161229716E-16 ) ) ;
#2348 = AXIS2_PLACEMENT_3D ( 'NONE', #3159, #6188, #1238 ) ;
#2349 = ORIENTED_EDGE ( 'NONE', *, *, #765, .F. ) ;
#2350 = CARTESIAN_POINT ( 'NONE',  ( -28.79999999999999716, -1.853039790787171284E-16, 0.000000000000000000 ) ) ;
#2351 = CARTESIAN_POINT ( 'NONE',  ( -14.00000000000000000, 0.000000000000000000, 0.000000000000000000 ) ) ;
#2352 = CARTESIAN_POINT ( 'NONE',  ( -9.266872783964249294, 12.54930551089671553, 17.69999999999999929 ) ) ;
#2353 = CARTESIAN_POINT ( 'NONE',  ( 7.349999999999998757, -2.300000000000002931, 2.816687638038912056E-16 ) ) ;
#2354 = DIRECTION ( 'NONE',  ( 0.000000000000000000, 0.000000000000000000, -1.000000000000000000 ) ) ;
#2355 = DIRECTION ( 'NONE',  ( 0.7071067811865401342, -0.7071067811865549002, -9.119960842726304261E-17 ) ) ;
#2356 = EDGE_LOOP ( 'NONE', ( #5028, #5059 ) ) ;
#2357 = FACE_OUTER_BOUND ( 'NONE', #984, .T. ) ;
#2358 = CARTESIAN_POINT ( 'NONE',  ( 0.000000000000000000, 0.000000000000000000, 2.923760430703403301 ) ) ;
#2359 = DIRECTION ( 'NONE',  ( -1.000000000000000000, 0.000000000000000000, 0.000000000000000000 ) ) ;
#2360 = DIRECTION ( 'NONE',  ( 1.000000000000000000, -7.228014483215513668E-17, 0.000000000000000000 ) ) ;
#2361 = CARTESIAN_POINT ( 'NONE',  ( -25.65999999999994685, 5.674999999999999822, -6.949870585161229716E-16 ) ) ;
#2362 = CARTESIAN_POINT ( 'NONE',  ( 21.75000000002820144, 33.52836574506704892, 0.000000000000000000 ) ) ;
#2363 = ORIENTED_EDGE ( 'NONE', *, *, #3876, .F. ) ;
#2364 = ORIENTED_EDGE ( 'NONE', *, *, #3308, .F. ) ;
#2365 = VERTEX_POINT ( 'NONE', #5753 ) ;
#2366 = ORIENTED_EDGE ( 'NONE', *, *, #1684, .F. ) ;
#2367 = EDGE_CURVE ( 'NONE', #4174, #5454, #2313, .T. ) ;
#2368 = AXIS2_PLACEMENT_3D ( 'NONE', #3714, #3675, #174 ) ;
#2369 = AXIS2_PLACEMENT_3D ( 'NONE', #2882, #3846, #4891 ) ;
#2370 = AXIS2_PLACEMENT_3D ( 'NONE', #1330, #2779, #4339 ) ;
#2371 = EDGE_CURVE ( 'NONE', #436, #2618, #1997, .T. ) ;
#2372 = EDGE_CURVE ( 'NONE', #4765, #1648, #5298, .T. ) ;
#2373 = CARTESIAN_POINT ( 'NONE',  ( -11.69999999999998863, 1.196285871219457311E-14, 1.432836755002401707E-15 ) ) ;
#2374 = EDGE_LOOP ( 'NONE', ( #560, #6499, #1290, #5006 ) ) ;
#2375 = CARTESIAN_POINT ( 'NONE',  ( 24.47999999999994358, -1.575083822169092177E-16, 0.000000000000000000 ) ) ;
#2376 = ORIENTED_EDGE ( 'NONE', *, *, #2694, .F. ) ;
#2377 = AXIS2_PLACEMENT_3D ( 'NONE', #4647, #6202, #4581 ) ;
#2378 = LINE ( 'NONE', #304, #3041 ) ;
#2379 = ADVANCED_FACE ( 'NONE', ( #278 ), #2418, .T. ) ;
#2380 = TOROIDAL_SURFACE ( 'NONE', #1434, 3.850000000038108716, 0.1999999999999090283 ) ;
#2381 = AXIS2_PLACEMENT_3D ( 'NONE', #3982, #5466, #452 ) ;
#2382 = VERTEX_POINT ( 'NONE', #1130 ) ;
#2383 = FACE_OUTER_BOUND ( 'NONE', #3120, .T. ) ;
#2384 = VECTOR ( 'NONE', #70, 1000.000000000000000 ) ;
#2385 =( LENGTH_UNIT ( ) NAMED_UNIT ( * ) SI_UNIT ( .MILLI., .METRE. ) );
#2386 = FACE_OUTER_BOUND ( 'NONE', #3004, .T. ) ;
#2387 = LINE ( 'NONE', #240, #1426 ) ;
#2388 = LOCAL_TIME ( 18, 8, 39.00000000000000000, #2754 ) ;
#2389 = CARTESIAN_POINT ( 'NONE',  ( -12.95000000000000817, -10.95000000000000462, 13.20000000000000462 ) ) ;
#2390 = DIRECTION ( 'NONE',  ( 1.000000000000000000, 0.000000000000000000, 0.000000000000000000 ) ) ;
#2391 = ORIENTED_EDGE ( 'NONE', *, *, #4632, .F. ) ;
#2392 = DIRECTION ( 'NONE',  ( 0.000000000000000000, -1.000000000000000000, 0.000000000000000000 ) ) ;
#2393 = DIRECTION ( 'NONE',  ( -8.295235218517768465E-17, -1.000000000000000000, -0.000000000000000000 ) ) ;
#2394 = CARTESIAN_POINT ( 'NONE',  ( -28.79999999999999716, -1.853039790787171284E-16, 0.000000000000000000 ) ) ;
#2395 = DIRECTION ( 'NONE',  ( 0.000000000000000000, -1.000000000000000000, 0.000000000000000000 ) ) ;
#2396 = VECTOR ( 'NONE', #2554, 1000.000000000000000 ) ;
#2397 = ORIENTED_EDGE ( 'NONE', *, *, #6333, .T. ) ;
#2398 = CARTESIAN_POINT ( 'NONE',  ( 10.99999999999999822, 17.80000000000000071, 0.000000000000000000 ) ) ;
#2399 = CARTESIAN_POINT ( 'NONE',  ( 9.000000000000001776, -11.19999999999999929, -9.000000000000000000 ) ) ;
#2400 = ORIENTED_EDGE ( 'NONE', *, *, #5602, .T. ) ;
#2401 = EDGE_LOOP ( 'NONE', ( #5253, #4397, #1706, #6265 ) ) ;
#2402 = AXIS2_PLACEMENT_3D ( 'NONE', #5914, #865, #795 ) ;
#2403 = ORIENTED_EDGE ( 'NONE', *, *, #3030, .F. ) ;
#2404 = ORIENTED_EDGE ( 'NONE', *, *, #5117, .F. ) ;
#2405 = DIRECTION ( 'NONE',  ( 0.7071067811873510411, -0.7071067811857439933, 0.000000000000000000 ) ) ;
#2406 = ORIENTED_EDGE ( 'NONE', *, *, #6486, .T. ) ;
#2407 = DIRECTION ( 'NONE',  ( -1.022466556597827761E-15, -1.000000000000000000, -0.000000000000000000 ) ) ;
#2408 = EDGE_LOOP ( 'NONE', ( #2873, #5164, #4026 ) ) ;
#2409 = CARTESIAN_POINT ( 'NONE',  ( -5.211699736093154733, 14.30000000000003091, 15.01225872907752468 ) ) ;
#2410 = ADVANCED_FACE ( 'NONE', ( #4730 ), #244, .F. ) ;
#2411 = EDGE_CURVE ( 'NONE', #5722, #4711, #1571, .T. ) ;
#2412 = CONICAL_SURFACE ( 'NONE', #2090, 2.499999999999998668, 0.7853981633974482790 ) ;
#2413 = ORIENTED_EDGE ( 'NONE', *, *, #445, .F. ) ;
#2414 = CARTESIAN_POINT ( 'NONE',  ( 13.42090282107359300, -5.354314430456073914, 15.44590090251785419 ) ) ;
#2415 = DIRECTION ( 'NONE',  ( -1.000000000000000000, 6.434165940233234309E-18, -0.000000000000000000 ) ) ;
#2416 = CYLINDRICAL_SURFACE ( 'NONE', #4291, 6.065000000000000391 ) ;
#2417 = DIRECTION ( 'NONE',  ( -8.295235218517768465E-17, -1.000000000000000000, -0.000000000000000000 ) ) ;
#2418 = TOROIDAL_SURFACE ( 'NONE', #3376, 3.913760430703402182, 0.7999999999999991562 ) ;
#2419 = CC_DESIGN_DATE_AND_TIME_ASSIGNMENT ( #2931, #1904, ( #692 ) ) ;
#2420 = ADVANCED_FACE ( 'NONE', ( #1233 ), #1365, .T. ) ;
#2421 = CARTESIAN_POINT ( 'NONE',  ( 13.44999999999999751, 17.80000000000000071, -13.44999999999999929 ) ) ;
#2422 = VECTOR ( 'NONE', #2672, 1000.000000000000000 ) ;
#2423 = EDGE_CURVE ( 'NONE', #1476, #791, #2950, .T. ) ;
#2424 = DIRECTION ( 'NONE',  ( -8.295235218517768465E-17, -1.000000000000000000, -0.000000000000000000 ) ) ;
#2425 = EDGE_LOOP ( 'NONE', ( #4977, #3408, #2671, #6117 ) ) ;
#2426 = DIRECTION ( 'NONE',  ( -1.000000000000000000, -1.942890293093642011E-13, 0.000000000000000000 ) ) ;
#2427 = LINE ( 'NONE', #1927, #2742 ) ;
#2428 = AXIS2_PLACEMENT_3D ( 'NONE', #5305, #5242, #6193 ) ;
#2429 = DIRECTION ( 'NONE',  ( -0.000000000000000000, -0.000000000000000000, 1.000000000000000000 ) ) ;
#2430 = LINE ( 'NONE', #878, #656 ) ;
#2431 = CARTESIAN_POINT ( 'NONE',  ( -9.000000000026375346, 7.465711696687870923E-16, 1.102182119235847902E-15 ) ) ;
#2432 = VECTOR ( 'NONE', #1729, 1000.000000000000000 ) ;
#2433 = VECTOR ( 'NONE', #3053, 1000.000000000000000 ) ;
#2434 = PLANE ( 'NONE',  #6322 ) ;
#2435 = ORIENTED_EDGE ( 'NONE', *, *, #6336, .T. ) ;
#2436 = ORIENTED_EDGE ( 'NONE', *, *, #922, .T. ) ;
#2437 = ORIENTED_EDGE ( 'NONE', *, *, #4993, .F. ) ;
#2438 = ORIENTED_EDGE ( 'NONE', *, *, #5763, .F. ) ;
#2439 = DIRECTION ( 'NONE',  ( -1.000000000000000000, 6.434165940233234309E-18, -0.000000000000000000 ) ) ;
#2440 = ORIENTED_EDGE ( 'NONE', *, *, #5110, .F. ) ;
#2441 = VERTEX_POINT ( 'NONE', #5229 ) ;
#2442 = CARTESIAN_POINT ( 'NONE',  ( 9.611185632019596611E-15, 9.400000000000014566, 0.000000000000000000 ) ) ;
#2443 = AXIS2_PLACEMENT_3D ( 'NONE', #3300, #787, #2835 ) ;
#2444 = B_SPLINE_CURVE_WITH_KNOTS ( 'NONE', 3,
 ( #5545, #2035, #3499, #5941, #1914, #5977, #5573, #4458, #6069, #437, #3075, #403 ),
 .UNSPECIFIED., .F., .F.,
 ( 4, 2, 2, 2, 2, 4 ),
 ( 2.343703155794757316E-07, 0.003125847235931079101, 0.006251460101546580522, 0.007814266534354331883, 0.009377072967162084979, 0.01250268583277759291 ),
 .UNSPECIFIED. ) ;
#2445 = VERTEX_POINT ( 'NONE', #2752 ) ;
#2446 = DIRECTION ( 'NONE',  ( 0.000000000000000000, 1.000000000000000000, 0.000000000000000000 ) ) ;
#2447 = DIRECTION ( 'NONE',  ( 1.000000000000000000, 0.000000000000000000, 0.000000000000000000 ) ) ;
#2448 = DIRECTION ( 'NONE',  ( -1.022466556597827761E-15, -1.000000000000000000, -0.000000000000000000 ) ) ;
#2449 = CARTESIAN_POINT ( 'NONE',  ( -12.63399442333831324, -6.717279756236216315, 2.172734599078112616 ) ) ;
#2450 = ORIENTED_EDGE ( 'NONE', *, *, #6251, .F. ) ;
#2451 = CARTESIAN_POINT ( 'NONE',  ( -12.95000000000000817, 17.80000000000000071, -13.44999999999999929 ) ) ;
#2452 = VECTOR ( 'NONE', #2157, 1000.000000000000000 ) ;
#2453 = DIRECTION ( 'NONE',  ( 0.000000000000000000, 0.000000000000000000, -1.000000000000000000 ) ) ;
#2454 = ORIENTED_EDGE ( 'NONE', *, *, #2820, .F. ) ;
#2455 = EDGE_CURVE ( 'NONE', #3711, #4765, #1268, .T. ) ;
#2456 = DIRECTION ( 'NONE',  ( -1.000000000000000000, -6.434165940233234309E-18, -0.000000000000000000 ) ) ;
#2457 = CARTESIAN_POINT ( 'NONE',  ( 11.99999999999999822, 9.400000000000002132, 0.000000000000000000 ) ) ;
#2458 = EDGE_CURVE ( 'NONE', #5021, #5874, #5265, .T. ) ;
#2459 = CARTESIAN_POINT ( 'NONE',  ( 0.000000000000000000, 0.000000000000000000, 2.000000000000000000 ) ) ;
#2460 = EDGE_CURVE ( 'NONE', #1985, #918, #1659, .T. ) ;
#2461 = FACE_OUTER_BOUND ( 'NONE', #654, .T. ) ;
#2462 = DIRECTION ( 'NONE',  ( 0.000000000000000000, -1.000000000000000000, 0.000000000000000000 ) ) ;
#2463 = DIRECTION ( 'NONE',  ( 0.000000000000000000, 1.000000000000000000, 0.000000000000000000 ) ) ;
#2464 = ADVANCED_FACE ( 'NONE', ( #2224 ), #4418, .F. ) ;
#2465 = CARTESIAN_POINT ( 'NONE',  ( -8.000000000026830094, 0.7283657450677765155, 0.000000000000000000 ) ) ;
#2466 = VERTEX_POINT ( 'NONE', #1695 ) ;
#2467 = EDGE_LOOP ( 'NONE', ( #3498, #5630 ) ) ;
#2468 = DATE_AND_TIME ( #23, #1961 ) ;
#2469 = AXIS2_PLACEMENT_3D ( 'NONE', #815, #3894, #3456 ) ;
#2470 = DIRECTION ( 'NONE',  ( -8.295235218517768465E-17, -1.000000000000000000, 0.000000000000000000 ) ) ;
#2471 = EDGE_LOOP ( 'NONE', ( #505, #4675, #4207, #1615 ) ) ;
#2472 = VERTEX_POINT ( 'NONE', #2648 ) ;
#2473 = DIRECTION ( 'NONE',  ( -1.000000000000000000, 6.434165940233234309E-18, -0.000000000000000000 ) ) ;
#2474 = AXIS2_PLACEMENT_3D ( 'NONE', #4369, #5821, #835 ) ;
#2475 = TOROIDAL_SURFACE ( 'NONE', #4060, 8.200000000027012348, 0.4000000000000006328 ) ;
#2476 = CIRCLE ( 'NONE', #3860, 0.2999999999999999334 ) ;
#2477 = VERTEX_POINT ( 'NONE', #4659 ) ;
#2478 = DIRECTION ( 'NONE',  ( 0.000000000000000000, -1.000000000000000000, 0.000000000000000000 ) ) ;
#2479 = DIRECTION ( 'NONE',  ( 1.049727191138618326E-16, -0.5150380749100547106, 0.8571673007021120005 ) ) ;
#2480 = AXIS2_PLACEMENT_3D ( 'NONE', #6505, #34, #1983 ) ;
#2481 = CARTESIAN_POINT ( 'NONE',  ( 8.999999999999998224, 1.102182119232617517E-15, 0.000000000000000000 ) ) ;
#2482 = AXIS2_PLACEMENT_3D ( 'NONE', #2182, #738, #2673 ) ;
#2483 = ORIENTED_EDGE ( 'NONE', *, *, #199, .F. ) ;
#2484 = CIRCLE ( 'NONE', #6388, 2.299999999999999822 ) ;
#2485 = ORIENTED_EDGE ( 'NONE', *, *, #4923, .T. ) ;
#2486 = DIRECTION ( 'NONE',  ( 1.000000000000000000, 0.000000000000000000, 0.000000000000000000 ) ) ;
#2487 = DIRECTION ( 'NONE',  ( -1.224646799147353207E-16, 1.000000000000000000, 0.000000000000000000 ) ) ;
#2488 = DIRECTION ( 'NONE',  ( 0.000000000000000000, 1.000000000000000000, 0.000000000000000000 ) ) ;
#2489 = CARTESIAN_POINT ( 'NONE',  ( -28.79999999999999716, -1.853039790787171284E-16, 0.000000000000000000 ) ) ;
#2490 = APPROVAL_PERSON_ORGANIZATION ( #555, #764, #3259 ) ;
#2491 = ADVANCED_FACE ( 'NONE', ( #3715 ), #6527, .T. ) ;
#2492 = CARTESIAN_POINT ( 'NONE',  ( -28.39999999999994529, 5.474999999999999645, 0.000000000000000000 ) ) ;
#2493 = CARTESIAN_POINT ( 'NONE',  ( -21.55000000002746319, 33.32836574506700345, 0.000000000000000000 ) ) ;
#2494 = EDGE_CURVE ( 'NONE', #5349, #2970, #3264, .T. ) ;
#2495 = EDGE_CURVE ( 'NONE', #6345, #5565, #711, .T. ) ;
#2496 = CIRCLE ( 'NONE', #6181, 12.69999999999998153 ) ;
#2497 = TOROIDAL_SURFACE ( 'NONE', #6182, 20.25000000002637535, 1.500000000000001332 ) ;
#2498 = CARTESIAN_POINT ( 'NONE',  ( 0.000000000000000000, 0.000000000000000000, 0.000000000000000000 ) ) ;
#2499 = DIRECTION ( 'NONE',  ( -8.295235218517768465E-17, -1.000000000000000000, -0.000000000000000000 ) ) ;
#2500 = VERTEX_POINT ( 'NONE', #1335 ) ;
#2501 = EDGE_CURVE ( 'NONE', #4723, #3865, #2954, .T. ) ;
#2502 = ADVANCED_FACE ( 'NONE', ( #4828 ), #1473, .T. ) ;
#2503 = APPLICATION_PROTOCOL_DEFINITION ( 'international standard', 'config_control_design', 1994, #1300 ) ;
#2504 = VECTOR ( 'NONE', #5953, 1000.000000000000000 ) ;
#2505 = DIRECTION ( 'NONE',  ( -1.000000000000000000, 6.434165940233234309E-18, -0.000000000000000000 ) ) ;
#2506 = EDGE_LOOP ( 'NONE', ( #2841, #1421, #5923, #1068 ) ) ;
#2507 = EDGE_LOOP ( 'NONE', ( #2924, #5911, #5204, #3836 ) ) ;
#2508 = DIRECTION ( 'NONE',  ( -7.879580723889550966E-34, -1.224646799147353207E-16, 1.000000000000000000 ) ) ;
#2509 = VECTOR ( 'NONE', #3176, 1000.000000000000000 ) ;
#2510 = ORIENTED_EDGE ( 'NONE', *, *, #1404, .T. ) ;
#2511 = DIRECTION ( 'NONE',  ( 1.000000000000000000, 0.000000000000000000, 0.000000000000000000 ) ) ;
#2512 = ORIENTED_EDGE ( 'NONE', *, *, #3351, .F. ) ;
#2513 = CARTESIAN_POINT ( 'NONE',  ( -13.68430046635380393, -4.898096326236758280, 2.303399611273861947 ) ) ;
#2514 = CARTESIAN_POINT ( 'NONE',  ( -13.44999999999999929, 6.065000000000000391, -7.427482836828697149E-16 ) ) ;
#2515 = ORIENTED_EDGE ( 'NONE', *, *, #4276, .T. ) ;
#2516 = DIRECTION ( 'NONE',  ( 1.000000000000000000, 0.000000000000000000, 0.000000000000000000 ) ) ;
#2517 = CARTESIAN_POINT ( 'NONE',  ( 11.70000000000000107, 1.432836755002403284E-15, 8.900000000000000355 ) ) ;
#2518 = AXIS2_PLACEMENT_3D ( 'NONE', #790, #5310, #2803 ) ;
#2519 = CARTESIAN_POINT ( 'NONE',  ( 13.45000000000000107, 17.80000000000000071, 12.95000000000001350 ) ) ;
#2520 = DIRECTION ( 'NONE',  ( 0.000000000000000000, 0.000000000000000000, -1.000000000000000000 ) ) ;
#2521 = CIRCLE ( 'NONE', #2622, 15.59999999999999964 ) ;
#2522 = CARTESIAN_POINT ( 'NONE',  ( 13.45000000000000107, 17.80000000000000071, 12.95000000000001350 ) ) ;
#2523 = AXIS2_PLACEMENT_3D ( 'NONE', #3420, #5431, #3515 ) ;
#2524 = DIRECTION ( 'NONE',  ( 8.295235218517768465E-17, 1.000000000000000000, 0.000000000000000000 ) ) ;
#2525 = AXIS2_PLACEMENT_3D ( 'NONE', #4138, #2524, #4630 ) ;
#2526 = APPLICATION_CONTEXT ( 'configuration controlled 3d designs of mechanical parts and assemblies' ) ;
#2527 = AXIS2_PLACEMENT_3D ( 'NONE', #3826, #3862, #4873 ) ;
#2528 = DIRECTION ( 'NONE',  ( 0.000000000000000000, 0.000000000000000000, -1.000000000000000000 ) ) ;
#2529 = EDGE_LOOP ( 'NONE', ( #2435, #5659, #3587, #3503 ) ) ;
#2530 = VERTEX_POINT ( 'NONE', #4403 ) ;
#2531 = CIRCLE ( 'NONE', #2631, 0.7999999999999994893 ) ;
#2532 = SECURITY_CLASSIFICATION_LEVEL ( 'unclassified' ) ;
#2533 = APPROVAL ( #3618, '未指定' ) ;
#2534 = EDGE_CURVE ( 'NONE', #2662, #4030, #91, .T. ) ;
#2535 = ORIENTED_EDGE ( 'NONE', *, *, #4146, .F. ) ;
#2536 = AXIS2_PLACEMENT_3D ( 'NONE', #5783, #6143, #5186 ) ;
#2537 = EDGE_CURVE ( 'NONE', #5642, #5618, #948, .T. ) ;
#2538 = EDGE_CURVE ( 'NONE', #3650, #2001, #5426, .T. ) ;
#2539 = EDGE_LOOP ( 'NONE', ( #2265, #4237, #5718, #4490 ) ) ;
#2540 = DIRECTION ( 'NONE',  ( -0.7071067811864306663, 0.7071067811866643682, -8.659560562355194168E-17 ) ) ;
#2541 = AXIS2_PLACEMENT_3D ( 'NONE', #945, #3984, #2992 ) ;
#2542 = EDGE_CURVE ( 'NONE', #4538, #4217, #4322, .T. ) ;
#2543 = ORIENTED_EDGE ( 'NONE', *, *, #4080, .F. ) ;
#2544 = DIRECTION ( 'NONE',  ( 0.000000000000000000, 0.000000000000000000, 1.000000000000000000 ) ) ;
#2545 = DIRECTION ( 'NONE',  ( 6.434165940233234309E-18, -1.000000000000000000, 0.000000000000000000 ) ) ;
#2546 = ORIENTED_EDGE ( 'NONE', *, *, #3665, .T. ) ;
#2547 = VECTOR ( 'NONE', #188, 1000.000000000000000 ) ;
#2548 = CARTESIAN_POINT ( 'NONE',  ( 0.000000000000000000, 0.000000000000000000, 7.750000000000008882 ) ) ;
#2549 = VERTEX_POINT ( 'NONE', #6382 ) ;
#2550 = CARTESIAN_POINT ( 'NONE',  ( -23.63999999999994728, -1.521036828271133022E-16, 0.000000000000000000 ) ) ;
#2551 = DIRECTION ( 'NONE',  ( -1.000000000000000000, -1.224646799147353454E-16, 0.000000000000000000 ) ) ;
#2552 = DIRECTION ( 'NONE',  ( 0.000000000000000000, -1.000000000000000000, 0.000000000000000000 ) ) ;
#2553 = DIRECTION ( 'NONE',  ( 0.000000000000000000, 1.000000000000000000, 0.000000000000000000 ) ) ;
#2554 = DIRECTION ( 'NONE',  ( -1.954828175079010964E-13, 1.000000000000000000, -0.000000000000000000 ) ) ;
#2555 = LINE ( 'NONE', #486, #4219 ) ;
#2556 = ORIENTED_EDGE ( 'NONE', *, *, #5117, .T. ) ;
#2557 = TOROIDAL_SURFACE ( 'NONE', #5411, 20.25000000002637535, 1.500000000000001332 ) ;
#2558 = CARTESIAN_POINT ( 'NONE',  ( 14.98814247771954733, 2.639775717508487940, 15.01312200162833754 ) ) ;
#2559 = ORIENTED_EDGE ( 'NONE', *, *, #2699, .T. ) ;
#2560 = EDGE_LOOP ( 'NONE', ( #1622, #1155, #1867, #5417 ) ) ;
#2561 = COORDINATED_UNIVERSAL_TIME_OFFSET ( 8, 0, .AHEAD. ) ;
#2562 = CARTESIAN_POINT ( 'NONE',  ( 11.90000000000000036, 10.90000000000000036, 0.000000000000000000 ) ) ;
#2563 = ORIENTED_EDGE ( 'NONE', *, *, #5043, .F. ) ;
#2564 = CIRCLE ( 'NONE', #3099, 1.500000000000001332 ) ;
#2565 = ORIENTED_EDGE ( 'NONE', *, *, #2542, .F. ) ;
#2566 = EDGE_CURVE ( 'NONE', #5105, #2592, #4990, .T. ) ;
#2567 = CARTESIAN_POINT ( 'NONE',  ( -13.45000000000000107, -10.70000000000001172, -13.44999999999999929 ) ) ;
#2568 = EDGE_CURVE ( 'NONE', #475, #487, #3888, .T. ) ;
#2569 = EDGE_CURVE ( 'NONE', #662, #5137, #2135, .T. ) ;
#2570 = CYLINDRICAL_SURFACE ( 'NONE', #2174, 2.500000000000019540 ) ;
#2571 = CARTESIAN_POINT ( 'NONE',  ( 9.000000000000001776, -10.79999999999999183, -11.49999999999999822 ) ) ;
#2572 = ORIENTED_EDGE ( 'NONE', *, *, #490, .F. ) ;
#2573 = CONICAL_SURFACE ( 'NONE', #4271, 2.499999999999998668, 0.7853981633974477239 ) ;
#2574 = EDGE_CURVE ( 'NONE', #4030, #2936, #5328, .T. ) ;
#2575 = ADVANCED_FACE ( 'NONE', ( #5893 ), #4894, .F. ) ;
#2576 = DIRECTION ( 'NONE',  ( 0.000000000000000000, -1.000000000000000000, 0.000000000000000000 ) ) ;
#2577 = ORIENTED_EDGE ( 'NONE', *, *, #892, .T. ) ;
#2578 = DIRECTION ( 'NONE',  ( -0.000000000000000000, -0.000000000000000000, -1.000000000000000000 ) ) ;
#2579 = CIRCLE ( 'NONE', #5634, 4.606580753730955990 ) ;
#2580 = DIRECTION ( 'NONE',  ( -8.295235218517768465E-17, -1.000000000000000000, -0.000000000000000000 ) ) ;
#2581 = DIRECTION ( 'NONE',  ( -1.022466556597827761E-15, -1.000000000000000000, 0.000000000000000000 ) ) ;
#2582 = DIRECTION ( 'NONE',  ( -0.000000000000000000, -1.000000000000000000, -0.000000000000000000 ) ) ;
#2583 = CARTESIAN_POINT ( 'NONE',  ( 28.79999999999999716, -4.606580753730955990, 0.000000000000000000 ) ) ;
#2584 = CARTESIAN_POINT ( 'NONE',  ( 16.44999999999999929, -1.058420297168367037E-16, 0.000000000000000000 ) ) ;
#2585 = AXIS2_PLACEMENT_3D ( 'NONE', #4779, #4886, #339 ) ;
#2586 = DIRECTION ( 'NONE',  ( 0.7071067811865421326, 0.7071067811865530128, 8.659560562354857670E-17 ) ) ;
#2587 = VERTEX_POINT ( 'NONE', #806 ) ;
#2588 = ORIENTED_EDGE ( 'NONE', *, *, #1282, .T. ) ;
#2589 = VECTOR ( 'NONE', #2092, 1000.000000000000000 ) ;
#2590 = DIRECTION ( 'NONE',  ( -1.000000000000000000, 8.295235218517768465E-17, 0.000000000000000000 ) ) ;
#2591 = DIRECTION ( 'NONE',  ( -1.000000000000000000, -1.942890293094008800E-13, 0.000000000000000000 ) ) ;
#2592 = VERTEX_POINT ( 'NONE', #5395 ) ;
#2593 = MECHANICAL_CONTEXT ( 'NONE', #967, 'mechanical' ) ;
#2594 = CC_DESIGN_APPROVAL ( #3994, ( #5447 ) ) ;
#2595 = VECTOR ( 'NONE', #1395, 1000.000000000000114 ) ;
#2596 = CARTESIAN_POINT ( 'NONE',  ( 0.000000000000000000, 0.000000000000000000, 2.923760430703403301 ) ) ;
#2597 = ORIENTED_EDGE ( 'NONE', *, *, #4353, .F. ) ;
#2598 = AXIS2_PLACEMENT_3D ( 'NONE', #3518, #1471, #3488 ) ;
#2599 = DIRECTION ( 'NONE',  ( -0.000000000000000000, -1.000000000000000000, -0.000000000000000000 ) ) ;
#2600 = DIRECTION ( 'NONE',  ( 1.000000000000000000, -1.942890293094008800E-13, 0.000000000000000000 ) ) ;
#2601 = CARTESIAN_POINT ( 'NONE',  ( 13.44999999999999929, 6.065000000000000391, 7.427482836828700107E-16 ) ) ;
#2602 = VERTEX_POINT ( 'NONE', #2816 ) ;
#2603 = ADVANCED_FACE ( 'NONE', ( #836 ), #2475, .F. ) ;
#2604 = VECTOR ( 'NONE', #6138, 1000.000000000000000 ) ;
#2605 = FACE_OUTER_BOUND ( 'NONE', #6096, .T. ) ;
#2606 = VERTEX_POINT ( 'NONE', #5857 ) ;
#2607 = CARTESIAN_POINT ( 'NONE',  ( 5.214714148009836236, 14.30000000000003268, 2.700466435569081280 ) ) ;
#2608 = CARTESIAN_POINT ( 'NONE',  ( 12.95000000000000462, 17.80000000000000071, -13.44999999999999929 ) ) ;
#2609 = CARTESIAN_POINT ( 'NONE',  ( -9.000000000000001776, -1.199999999999999734, 9.000000000000000000 ) ) ;
#2610 = APPROVAL ( #6495, '未指定' ) ;
#2611 = ADVANCED_FACE ( 'NONE', ( #3385 ), #3353, .T. ) ;
#2612 = CARTESIAN_POINT ( 'NONE',  ( 20.25000000002637535, 10.02836574506841139, 0.000000000000000000 ) ) ;
#2613 = DIRECTION ( 'NONE',  ( -1.000000000000000000, 6.434165940233234309E-18, -0.000000000000000000 ) ) ;
#2614 = ADVANCED_FACE ( 'NONE', ( #2885 ), #3007, .F. ) ;
#2615 = ADVANCED_FACE ( 'NONE', ( #1894, #2923 ), #6444, .F. ) ;
#2616 = CARTESIAN_POINT ( 'NONE',  ( 9.000000000000001776, -10.80000000000001315, 11.49999999999999822 ) ) ;
#2617 = DIRECTION ( 'NONE',  ( -1.022466556597827761E-15, -1.000000000000000000, -0.000000000000000000 ) ) ;
#2618 = VERTEX_POINT ( 'NONE', #1463 ) ;
#2619 = VECTOR ( 'NONE', #6399, 1000.000000000000000 ) ;
#2620 = APPROVAL_STATUS ( 'not_yet_approved' ) ;
#2621 = FACE_OUTER_BOUND ( 'NONE', #602, .T. ) ;
#2622 = AXIS2_PLACEMENT_3D ( 'NONE', #2596, #934, #3411 ) ;
#2623 = ORIENTED_EDGE ( 'NONE', *, *, #4434, .T. ) ;
#2624 = LINE ( 'NONE', #649, #4042 ) ;
#2625 = ORIENTED_EDGE ( 'NONE', *, *, #5807, .T. ) ;
#2626 = AXIS2_PLACEMENT_3D ( 'NONE', #2784, #4795, #2189 ) ;
#2627 = PERSON_AND_ORGANIZATION ( #3131, #5968 ) ;
#2628 = AXIS2_PLACEMENT_3D ( 'NONE', #1541, #1605, #3560 ) ;
#2629 = LINE ( 'NONE', #3130, #5687 ) ;
#2630 = ORIENTED_EDGE ( 'NONE', *, *, #1814, .F. ) ;
#2631 = AXIS2_PLACEMENT_3D ( 'NONE', #80, #1475, #6120 ) ;
#2632 = DIRECTION ( 'NONE',  ( 1.000000000000000000, -8.295235218517769698E-17, 0.000000000000000000 ) ) ;
#2633 = VECTOR ( 'NONE', #1369, 1000.000000000000000 ) ;
#2634 = AXIS2_PLACEMENT_3D ( 'NONE', #3114, #2991, #72 ) ;
#2635 = CARTESIAN_POINT ( 'NONE',  ( -17.28999999999999915, -1.112467291066326069E-16, 0.000000000000000000 ) ) ;
#2636 = ORIENTED_EDGE ( 'NONE', *, *, #1172, .T. ) ;
#2637 = CARTESIAN_POINT ( 'NONE',  ( -9.000000000000001776, -1.199999999999999734, 9.000000000000000000 ) ) ;
#2638 = ORIENTED_EDGE ( 'NONE', *, *, #4192, .T. ) ;
#2639 = AXIS2_PLACEMENT_3D ( 'NONE', #911, #4446, #2329 ) ;
#2640 = LINE ( 'NONE', #3140, #4411 ) ;
#2641 = ORIENTED_EDGE ( 'NONE', *, *, #6008, .T. ) ;
#2642 = CARTESIAN_POINT ( 'NONE',  ( -12.71999999999999886, 1.557750728515433183E-15, 17.69999999999999929 ) ) ;
#2643 = CARTESIAN_POINT ( 'NONE',  ( -28.80000000000000426, 3.220940107675852815, 0.000000000000000000 ) ) ;
#2644 = DIRECTION ( 'NONE',  ( -0.000000000000000000, -0.000000000000000000, -1.000000000000000000 ) ) ;
#2645 = DIRECTION ( 'NONE',  ( -8.295235218517768465E-17, -1.000000000000000000, -0.000000000000000000 ) ) ;
#2646 = CARTESIAN_POINT ( 'NONE',  ( 5.830194705710970871E-16, 7.028365745067730153, 0.000000000000000000 ) ) ;
#2647 = FACE_OUTER_BOUND ( 'NONE', #87, .T. ) ;
#2648 = CARTESIAN_POINT ( 'NONE',  ( 11.70000000000000107, 1.457329690985350393E-15, 8.500000000000000000 ) ) ;
#2649 = ORIENTED_EDGE ( 'NONE', *, *, #3028, .T. ) ;
#2650 = EDGE_CURVE ( 'NONE', #5307, #5878, #151, .T. ) ;
#2651 = APPROVAL_STATUS ( 'not_yet_approved' ) ;
#2652 = EDGE_CURVE ( 'NONE', #2606, #862, #1301, .T. ) ;
#2653 = ADVANCED_FACE ( 'NONE', ( #4464 ), #2984, .F. ) ;
#2654 = CARTESIAN_POINT ( 'NONE',  ( 28.80000000000000426, -1.853039790787171530E-16, 0.000000000000000000 ) ) ;
#2655 = DIRECTION ( 'NONE',  ( -8.295235218517768465E-17, -1.000000000000000000, -0.000000000000000000 ) ) ;
#2656 = CARTESIAN_POINT ( 'NONE',  ( 0.000000000000000000, 0.000000000000000000, 2.923760430703403301 ) ) ;
#2657 = ORIENTED_EDGE ( 'NONE', *, *, #332, .F. ) ;
#2658 = DIRECTION ( 'NONE',  ( 0.000000000000000000, 0.000000000000000000, 1.000000000000000000 ) ) ;
#2659 = COORDINATED_UNIVERSAL_TIME_OFFSET ( 8, 0, .AHEAD. ) ;
#2660 = EDGE_CURVE ( 'NONE', #3160, #4941, #376, .T. ) ;
#2661 = DIRECTION ( 'NONE',  ( 0.7071067811865479058, -0.7071067811865472397, 8.659560562354930393E-17 ) ) ;
#2662 = VERTEX_POINT ( 'NONE', #1293 ) ;
#2663 = CARTESIAN_POINT ( 'NONE',  ( -28.40000000000000213, -3.913760430703402182, 0.000000000000000000 ) ) ;
#2664 = AXIS2_PLACEMENT_3D ( 'NONE', #2812, #4367, #4266 ) ;
#2665 = CARTESIAN_POINT ( 'NONE',  ( 1.819990470744134594E-14, 17.80000000000001492, 0.000000000000000000 ) ) ;
#2666 = ORIENTED_EDGE ( 'NONE', *, *, #2780, .T. ) ;
#2667 = CARTESIAN_POINT ( 'NONE',  ( 12.09999999999999964, 1.481822626968297304E-15, 0.000000000000000000 ) ) ;
#2668 = ORIENTED_EDGE ( 'NONE', *, *, #413, .F. ) ;
#2669 = DIRECTION ( 'NONE',  ( 1.000000000000000000, 6.434165940233234309E-18, 0.000000000000000000 ) ) ;
#2670 = CIRCLE ( 'NONE', #469, 2.499999999999998668 ) ;
#2671 = ORIENTED_EDGE ( 'NONE', *, *, #1777, .T. ) ;
#2672 = DIRECTION ( 'NONE',  ( -0.7071067811865405783, 0.7071067811865544561, 0.000000000000000000 ) ) ;
#2673 = DIRECTION ( 'NONE',  ( -1.000000000000000000, 0.000000000000000000, 0.000000000000000000 ) ) ;
#2674 = DIRECTION ( 'NONE',  ( 0.000000000000000000, -1.000000000000000000, 0.000000000000000000 ) ) ;
#2675 = CYLINDRICAL_SURFACE ( 'NONE', #5493, 2.500000000000019540 ) ;
#2676 = DIRECTION ( 'NONE',  ( 1.224646799147353207E-16, -1.015873325853218016E-32, 1.000000000000000000 ) ) ;
#2677 = CIRCLE ( 'NONE', #580, 15.59999999999999964 ) ;
#2678 = VERTEX_POINT ( 'NONE', #1264 ) ;
#2679 = CARTESIAN_POINT ( 'NONE',  ( 1.508615730215404858E-16, 1.818653347945655030, 0.000000000000000000 ) ) ;
#2680 = DIRECTION ( 'NONE',  ( 1.000000000000000000, 6.434165940233234309E-18, 0.000000000000000000 ) ) ;
#2681 = EDGE_LOOP ( 'NONE', ( #2698, #1387 ) ) ;
#2682 = AXIS2_PLACEMENT_3D ( 'NONE', #2188, #4208, #6219 ) ;
#2683 = VECTOR ( 'NONE', #3045, 1000.000000000000000 ) ;
#2684 = PERSON_AND_ORGANIZATION_ROLE ( 'classification_officer' ) ;
#2685 = CARTESIAN_POINT ( 'NONE',  ( 0.000000000000000000, 0.000000000000000000, 0.000000000000000000 ) ) ;
#2686 = DIRECTION ( 'NONE',  ( 1.000000000000000000, 0.000000000000000000, 0.000000000000000000 ) ) ;
#2687 = LINE ( 'NONE', #4704, #5511 ) ;
#2688 = APPROVAL_PERSON_ORGANIZATION ( #3895, #1366, #1769 ) ;
#2689 = ORIENTED_EDGE ( 'NONE', *, *, #4800, .T. ) ;
#2690 = AXIS2_PLACEMENT_3D ( 'NONE', #2177, #1186, #5641 ) ;
#2691 = DIRECTION ( 'NONE',  ( 0.000000000000000000, -0.5150380749100547106, -0.8571673007021120005 ) ) ;
#2692 = PERSON_AND_ORGANIZATION ( #3131, #5968 ) ;
#2693 = ADVANCED_FACE ( 'NONE', ( #3347 ), #6477, .F. ) ;
#2694 = EDGE_CURVE ( 'NONE', #3930, #3997, #5834, .T. ) ;
#2695 = AXIS2_PLACEMENT_3D ( 'NONE', #1062, #3084, #5091 ) ;
#2696 = DIRECTION ( 'NONE',  ( -0.8660254037844379305, 1.060575238724906052E-16, 0.5000000000000011102 ) ) ;
#2697 = VERTEX_POINT ( 'NONE', #4785 ) ;
#2698 = ORIENTED_EDGE ( 'NONE', *, *, #4040, .T. ) ;
#2699 = EDGE_CURVE ( 'NONE', #4387, #1517, #1329, .T. ) ;
#2700 = ADVANCED_FACE ( 'NONE', ( #2386 ), #4824, .F. ) ;
#2701 = CC_DESIGN_SECURITY_CLASSIFICATION ( #4701, ( #3549 ) ) ;
#2702 = DIRECTION ( 'NONE',  ( 0.7071067811865426878, 0.000000000000000000, 0.7071067811865524577 ) ) ;
#2703 = CIRCLE ( 'NONE', #4496, 10.99999999999998401 ) ;
#2704 = AXIS2_PLACEMENT_3D ( 'NONE', #2492, #6051, #4019 ) ;
#2705 = DIRECTION ( 'NONE',  ( -0.7071067811865444641, 0.7071067811865505703, 1.367994126408952480E-16 ) ) ;
#2706 = ORIENTED_EDGE ( 'NONE', *, *, #2771, .F. ) ;
#2707 = LINE ( 'NONE', #1711, #4908 ) ;
#2708 = ORIENTED_EDGE ( 'NONE', *, *, #1608, .T. ) ;
#2709 = DIRECTION ( 'NONE',  ( -0.000000000000000000, -0.000000000000000000, -1.000000000000000000 ) ) ;
#2710 = ORIENTED_EDGE ( 'NONE', *, *, #5239, .T. ) ;
#2711 = LINE ( 'NONE', #167, #4421 ) ;
#2712 = CARTESIAN_POINT ( 'NONE',  ( 28.40000000000000213, -3.913760430703402182, 0.000000000000000000 ) ) ;
#2713 = CARTESIAN_POINT ( 'NONE',  ( 0.000000000000000000, 0.000000000000000000, 0.7500000000000006661 ) ) ;
#2714 = DIRECTION ( 'NONE',  ( -1.954828175079010964E-13, 1.000000000000000000, -0.000000000000000000 ) ) ;
#2715 = DIRECTION ( 'NONE',  ( 1.000000000000000000, 1.231304080816852664E-16, -0.000000000000000000 ) ) ;
#2716 = DIRECTION ( 'NONE',  ( 0.000000000000000000, 1.000000000000000000, 0.000000000000000000 ) ) ;
#2717 = DIRECTION ( 'NONE',  ( 0.000000000000000000, 0.000000000000000000, -1.000000000000000000 ) ) ;
#2718 = EDGE_LOOP ( 'NONE', ( #1980, #2150, #2454, #2343 ) ) ;
#2719 = AXIS2_PLACEMENT_3D ( 'NONE', #2878, #4781, #1354 ) ;
#2720 = CALENDAR_DATE ( 2026, 21, 4 ) ;
#2721 = CARTESIAN_POINT ( 'NONE',  ( 21.75000000002637535, 10.02836574506841139, 0.000000000000000000 ) ) ;
#2722 = DIRECTION ( 'NONE',  ( -8.295235218517768465E-17, -1.000000000000000000, -0.000000000000000000 ) ) ;
#2723 = CARTESIAN_POINT ( 'NONE',  ( 14.50000000002721379, 42.32836574506615079, -3.367778697657744380E-16 ) ) ;
#2724 = ORIENTED_EDGE ( 'NONE', *, *, #5597, .T. ) ;
#2725 = DIRECTION ( 'NONE',  ( 0.000000000000000000, 0.000000000000000000, 1.000000000000000000 ) ) ;
#2726 = DATE_AND_TIME ( #115, #5232 ) ;
#2727 = CARTESIAN_POINT ( 'NONE',  ( -13.45000000000000107, 8.900000000000041211, -12.95000000000001350 ) ) ;
#2728 = ADVANCED_BREP_SHAPE_REPRESENTATION ( '', ( #5867, #5444 ), #1744 ) ;
#2729 = EDGE_LOOP ( 'NONE', ( #1522, #6301 ) ) ;
#2730 = VERTEX_POINT ( 'NONE', #4399 ) ;
#2731 = CONICAL_SURFACE ( 'NONE', #5350, 8.999999999999998224, 0.7853981633974459475 ) ;
#2732 = APPROVAL ( #2331, 'UNKNOWN' ) ;
#2733 = EDGE_CURVE ( 'NONE', #531, #2236, #2152, .T. ) ;
#2734 = VECTOR ( 'NONE', #3165, 1000.000000000000000 ) ;
#2735 = EDGE_CURVE ( 'NONE', #1710, #5421, #2793, .T. ) ;
#2736 = ADVANCED_FACE ( 'NONE', ( #6377 ), #6277, .T. ) ;
#2737 = CARTESIAN_POINT ( 'NONE',  ( 25.65999999999994685, 5.865000000000000213, 0.000000000000000000 ) ) ;
#2738 = VERTEX_POINT ( 'NONE', #1755 ) ;
#2739 = CARTESIAN_POINT ( 'NONE',  ( 14.00000000000000000, 0.000000000000000000, 0.2999999999999999334 ) ) ;
#2740 = EDGE_LOOP ( 'NONE', ( #6103, #3076, #2638, #5769 ) ) ;
#2741 = CARTESIAN_POINT ( 'NONE',  ( -13.44999999999999929, -10.70000000000001172, 12.95000000000000639 ) ) ;
#2742 = VECTOR ( 'NONE', #384, 999.9999999999998863 ) ;
#2743 = CIRCLE ( 'NONE', #3593, 5.674999999999999822 ) ;
#2744 = ADVANCED_FACE ( 'NONE', ( #5817, #2777 ), #3812, .T. ) ;
#2745 = ORIENTED_EDGE ( 'NONE', *, *, #4235, .T. ) ;
#2746 = CARTESIAN_POINT ( 'NONE',  ( 0.000000000000000000, 0.000000000000000000, 0.000000000000000000 ) ) ;
#2747 = CYLINDRICAL_SURFACE ( 'NONE', #1437, 6.065000000000000391 ) ;
#2748 = DIRECTION ( 'NONE',  ( 0.000000000000000000, -1.000000000000000000, 0.000000000000000000 ) ) ;
#2749 = DIRECTION ( 'NONE',  ( -1.000000000000000000, -6.434165940233234309E-18, -0.000000000000000000 ) ) ;
#2750 = FACE_OUTER_BOUND ( 'NONE', #1310, .T. ) ;
#2751 = DIRECTION ( 'NONE',  ( -1.000000000000000000, 6.434165940233234309E-18, -0.000000000000000000 ) ) ;
#2752 = CARTESIAN_POINT ( 'NONE',  ( -9.266872783964249294, 12.54930551089671553, 2.923760430703403745 ) ) ;
#2753 = ORIENTED_EDGE ( 'NONE', *, *, #4314, .T. ) ;
#2754 = COORDINATED_UNIVERSAL_TIME_OFFSET ( 8, 0, .AHEAD. ) ;
#2755 = DIRECTION ( 'NONE',  ( -1.000000000000000000, 1.022466556597827761E-15, 0.000000000000000000 ) ) ;
#2756 = DIRECTION ( 'NONE',  ( -1.022466556597827761E-15, -1.000000000000000000, -0.000000000000000000 ) ) ;
#2757 = CARTESIAN_POINT ( 'NONE',  ( 0.000000000000000000, 0.000000000000000000, 0.000000000000000000 ) ) ;
#2758 = ORIENTED_EDGE ( 'NONE', *, *, #6494, .T. ) ;
#2759 = FACE_OUTER_BOUND ( 'NONE', #6360, .T. ) ;
#2760 = PERSON_AND_ORGANIZATION_ROLE ( 'creator' ) ;
#2761 = AXIS2_PLACEMENT_3D ( 'NONE', #5380, #5617, #2027 ) ;
#2762 = CARTESIAN_POINT ( 'NONE',  ( 9.917925598998944801E-15, 9.700000000000013500, 0.000000000000000000 ) ) ;
#2763 = EDGE_LOOP ( 'NONE', ( #3046, #1097, #2397, #928 ) ) ;
#2764 = EDGE_LOOP ( 'NONE', ( #2366, #5089, #2239, #583 ) ) ;
#2765 = VECTOR ( 'NONE', #1374, 1000.000000000000000 ) ;
#2766 = DIRECTION ( 'NONE',  ( -8.295235218517768465E-17, -1.000000000000000000, -0.000000000000000000 ) ) ;
#2767 = DIRECTION ( 'NONE',  ( -0.000000000000000000, -0.000000000000000000, -1.000000000000000000 ) ) ;
#2768 = ORIENTED_EDGE ( 'NONE', *, *, #3235, .T. ) ;
#2769 = CARTESIAN_POINT ( 'NONE',  ( 3.902321642751456906E-17, 6.065000000000000391, 7.427482836828697149E-16 ) ) ;
#2770 = ORIENTED_EDGE ( 'NONE', *, *, #4077, .F. ) ;
#2771 = EDGE_CURVE ( 'NONE', #3511, #1269, #4158, .T. ) ;
#2772 = CARTESIAN_POINT ( 'NONE',  ( 15.50145376427073529, 1.750694489103284512, 2.923760430703402857 ) ) ;
#2773 = EDGE_CURVE ( 'NONE', #4497, #567, #2996, .T. ) ;
#2774 = EDGE_CURVE ( 'NONE', #3711, #1246, #2318, .T. ) ;
#2775 = ORIENTED_EDGE ( 'NONE', *, *, #802, .T. ) ;
#2776 = DIRECTION ( 'NONE',  ( -1.000000000000000000, 6.434165940233234309E-18, -0.000000000000000000 ) ) ;
#2777 = FACE_OUTER_BOUND ( 'NONE', #1345, .T. ) ;
#2778 = SPHERICAL_SURFACE ( 'NONE', #5804, 2.299999999999999822 ) ;
#2779 = DIRECTION ( 'NONE',  ( 1.000000000000000000, 6.434165940233234309E-18, 0.000000000000000000 ) ) ;
#2780 = EDGE_CURVE ( 'NONE', #542, #6132, #3529, .T. ) ;
#2781 = ADVANCED_FACE ( 'NONE', ( #1358 ), #5391, .F. ) ;
#2782 = AXIS2_PLACEMENT_3D ( 'NONE', #2160, #2725, #1240 ) ;
#2783 = FACE_OUTER_BOUND ( 'NONE', #4521, .T. ) ;
#2784 = CARTESIAN_POINT ( 'NONE',  ( -25.65999999999994685, -1.651006980263844570E-16, 0.000000000000000000 ) ) ;
#2785 = EDGE_LOOP ( 'NONE', ( #867, #6461, #6221, #6195 ) ) ;
#2786 = DIRECTION ( 'NONE',  ( -1.000000000000000000, 6.434165940233234309E-18, -0.000000000000000000 ) ) ;
#2787 = CARTESIAN_POINT ( 'NONE',  ( 0.000000000000000000, 0.000000000000000000, 0.000000000000000000 ) ) ;
#2788 = DIRECTION ( 'NONE',  ( -1.000000000000000000, 0.000000000000000000, 0.000000000000000000 ) ) ;
#2789 = CARTESIAN_POINT ( 'NONE',  ( 2.826794919244300708, 0.3000000000001814549, 0.000000000000000000 ) ) ;
#2790 = DIRECTION ( 'NONE',  ( 1.000000000000000000, -1.070816960479221950E-16, 0.000000000000000000 ) ) ;
#2791 = CIRCLE ( 'NONE', #5852, 6.065000000000000391 ) ;
#2792 = CALENDAR_DATE ( 2026, 21, 4 ) ;
#2793 = CIRCLE ( 'NONE', #2664, 5.674999999999999822 ) ;
#2794 = CIRCLE ( 'NONE', #6478, 6.065000000000000391 ) ;
#2795 = CC_DESIGN_SECURITY_CLASSIFICATION ( #156, ( #6534 ) ) ;
#2796 = LINE ( 'NONE', #5700, #1371 ) ;
#2797 = ORIENTED_EDGE ( 'NONE', *, *, #6129, .T. ) ;
#2798 = VECTOR ( 'NONE', #1359, 1000.000000000000000 ) ;
#2799 = ORIENTED_EDGE ( 'NONE', *, *, #27, .F. ) ;
#2800 = AXIS2_PLACEMENT_3D ( 'NONE', #3544, #13, #1499 ) ;
#2801 = CARTESIAN_POINT ( 'NONE',  ( 28.40000000000000213, 2.990000000000000213, 0.000000000000000000 ) ) ;
#2802 = CC_DESIGN_APPROVAL ( #3505, ( #6070 ) ) ;
#2803 = DIRECTION ( 'NONE',  ( 1.000000000000000000, 0.000000000000000000, 0.000000000000000000 ) ) ;
#2804 = ORIENTED_EDGE ( 'NONE', *, *, #4467, .T. ) ;
#2805 = ORIENTED_EDGE ( 'NONE', *, *, #6165, .T. ) ;
#2806 = EDGE_LOOP ( 'NONE', ( #785, #2289, #1415, #1916 ) ) ;
#2807 = CARTESIAN_POINT ( 'NONE',  ( -9.000000000000001776, -10.79999999999999893, -11.49999999999999822 ) ) ;
#2808 = APPROVAL_PERSON_ORGANIZATION ( #4640, #189, #1106 ) ;
#2809 = AXIS2_PLACEMENT_3D ( 'NONE', #3043, #964, #2015 ) ;
#2810 = ORIENTED_EDGE ( 'NONE', *, *, #234, .F. ) ;
#2811 = CARTESIAN_POINT ( 'NONE',  ( 1.196285871219460782E-14, 11.70000000000002238, 0.000000000000000000 ) ) ;
#2812 = CARTESIAN_POINT ( 'NONE',  ( 25.65999999999994685, -1.651006980263844570E-16, 0.000000000000000000 ) ) ;
#2813 = EDGE_CURVE ( 'NONE', #2592, #5105, #3631, .T. ) ;
#2814 = DIRECTION ( 'NONE',  ( -1.000000000000000000, 6.434165940233234309E-18, -0.000000000000000000 ) ) ;
#2815 = DIRECTION ( 'NONE',  ( 1.000000000000000000, -1.126443815558205344E-16, 0.000000000000000000 ) ) ;
#2816 = CARTESIAN_POINT ( 'NONE',  ( -12.95000000000001172, 8.900000000000041211, 13.44999999999999929 ) ) ;
#2817 = ORIENTED_EDGE ( 'NONE', *, *, #6257, .T. ) ;
#2818 = CIRCLE ( 'NONE', #5905, 2.826794919243180271 ) ;
#2819 = CC_DESIGN_PERSON_AND_ORGANIZATION_ASSIGNMENT ( #1074, #1479, ( #4701 ) ) ;
#2820 = EDGE_CURVE ( 'NONE', #1517, #3945, #5214, .T. ) ;
#2821 = LINE ( 'NONE', #908, #5207 ) ;
#2822 = DIRECTION ( 'NONE',  ( -0.000000000000000000, -0.000000000000000000, 1.000000000000000000 ) ) ;
#2823 = EDGE_CURVE ( 'NONE', #4006, #2316, #6158, .T. ) ;
#2824 = DIRECTION ( 'NONE',  ( 1.000000000000000000, 0.000000000000000000, 0.000000000000000000 ) ) ;
#2825 = ADVANCED_FACE ( 'NONE', ( #506 ), #5127, .F. ) ;
#2826 = CYLINDRICAL_SURFACE ( 'NONE', #4355, 15.59999999999999964 ) ;
#2827 = APPROVAL_DATE_TIME ( #2262, #5635 ) ;
#2828 = CONICAL_SURFACE ( 'NONE', #4826, 2.299999999999999822, 1.047197551196598964 ) ;
#2829 = DIRECTION ( 'NONE',  ( -1.000000000000000000, -6.434165940233234309E-18, -0.000000000000000000 ) ) ;
#2830 = ORIENTED_EDGE ( 'NONE', *, *, #5676, .T. ) ;
#2831 = ORIENTED_EDGE ( 'NONE', *, *, #4800, .F. ) ;
#2832 = CONICAL_SURFACE ( 'NONE', #6518, 6.299999999999999822, 0.7853981633974492782 ) ;
#2833 = DESIGN_CONTEXT ( 'detailed design', #2526, 'design' ) ;
#2834 = ORIENTED_EDGE ( 'NONE', *, *, #2455, .F. ) ;
#2835 = DIRECTION ( 'NONE',  ( 1.000000000000000000, -9.561467977824930139E-16, 0.000000000000000000 ) ) ;
#2836 = VECTOR ( 'NONE', #5450, 1000.000000000000000 ) ;
#2837 = FACE_OUTER_BOUND ( 'NONE', #3685, .T. ) ;
#2838 = EDGE_LOOP ( 'NONE', ( #6351, #983 ) ) ;
#2839 = AXIS2_PLACEMENT_3D ( 'NONE', #1686, #5611, #5711 ) ;
#2840 = CARTESIAN_POINT ( 'NONE',  ( 0.000000000000000000, 0.000000000000000000, 17.69999999999999929 ) ) ;
#2841 = ORIENTED_EDGE ( 'NONE', *, *, #5044, .F. ) ;
#2842 = AXIS2_PLACEMENT_3D ( 'NONE', #6480, #1959, #4899 ) ;
#2843 = CONICAL_SURFACE ( 'NONE', #3573, 2.499999999999998668, 1.029744258676653867 ) ;
#2844 = CARTESIAN_POINT ( 'NONE',  ( -11.87245695436701887, 8.036301344361902466, 2.188833417848133234 ) ) ;
#2845 = CONICAL_SURFACE ( 'NONE', #2428, 3.086602540379317805, 0.5235987755987348002 ) ;
#2846 = ORIENTED_EDGE ( 'NONE', *, *, #4401, .T. ) ;
#2847 = PLANE ( 'NONE',  #312 ) ;
#2848 = DIRECTION ( 'NONE',  ( 0.7071067811865467956, -0.7071067811865483499, 0.000000000000000000 ) ) ;
#2849 = CARTESIAN_POINT ( 'NONE',  ( -9.000000000000001776, -1.199999999999999734, -9.000000000000000000 ) ) ;
#2850 = DIRECTION ( 'NONE',  ( 1.000000000000000000, -1.022466556597827761E-15, 0.000000000000000000 ) ) ;
#2851 = CONICAL_SURFACE ( 'NONE', #4226, 2.499999999999998668, 0.7853981633974482790 ) ;
#2852 = FACE_OUTER_BOUND ( 'NONE', #6369, .T. ) ;
#2853 = CARTESIAN_POINT ( 'NONE',  ( -15.50145376427073529, -1.750694489103290508, 17.69999999999999929 ) ) ;
#2854 = ORIENTED_EDGE ( 'NONE', *, *, #1640, .F. ) ;
#2855 = LINE ( 'NONE', #778, #2153 ) ;
#2856 = DIRECTION ( 'NONE',  ( 1.000000000000000000, 0.000000000000000000, 0.000000000000000000 ) ) ;
#2857 = CONICAL_SURFACE ( 'NONE', #104, 2.499999999999998668, 1.029744258676653867 ) ;
#2858 = DIRECTION ( 'NONE',  ( -6.434165940233233538E-18, -1.000000000000000000, 0.000000000000000000 ) ) ;
#2859 = DIRECTION ( 'NONE',  ( 0.000000000000000000, 1.000000000000000000, 0.000000000000000000 ) ) ;
#2860 = PRODUCT ( 'DV1-MNC-ZXQ', 'DV1-MNC-ZXQ', '', ( #2593 ) ) ;
#2861 = ADVANCED_FACE ( 'NONE', ( #410 ), #2416, .T. ) ;
#2862 = LINE ( 'NONE', #5337, #4568 ) ;
#2863 = DATE_AND_TIME ( #1305, #3009 ) ;
#2864 = AXIS2_PLACEMENT_3D ( 'NONE', #1436, #5558, #6481 ) ;
#2865 = EDGE_CURVE ( 'NONE', #1180, #5507, #3878, .T. ) ;
#2866 = ADVANCED_FACE ( 'NONE', ( #4461, #537 ), #3973, .F. ) ;
#2867 = CARTESIAN_POINT ( 'NONE',  ( -25.65999999999994685, -1.651006980263844570E-16, 0.000000000000000000 ) ) ;
#2868 = ORIENTED_EDGE ( 'NONE', *, *, #6297, .T. ) ;
#2869 = ORIENTED_EDGE ( 'NONE', *, *, #234, .T. ) ;
#2870 = AXIS2_PLACEMENT_3D ( 'NONE', #4257, #4974, #458 ) ;
#2871 =( REPRESENTATION_RELATIONSHIP ('NONE','NONE', #1122, #4298 ) REPRESENTATION_RELATIONSHIP_WITH_TRANSFORMATION ( #1874 )SHAPE_REPRESENTATION_RELATIONSHIP( ) );
#2872 = EDGE_CURVE ( 'NONE', #5979, #3512, #6500, .T. ) ;
#2873 = ORIENTED_EDGE ( 'NONE', *, *, #3150, .F. ) ;
#2874 = DIRECTION ( 'NONE',  ( -0.000000000000000000, -0.000000000000000000, -1.000000000000000000 ) ) ;
#2875 = ORIENTED_EDGE ( 'NONE', *, *, #4833, .T. ) ;
#2876 = CARTESIAN_POINT ( 'NONE',  ( -17.00000000002637535, 36.38499007209043157, 0.000000000000000000 ) ) ;
#2877 = EDGE_LOOP ( 'NONE', ( #3166, #2225, #2892, #4416 ) ) ;
#2878 = CARTESIAN_POINT ( 'NONE',  ( 0.000000000000000000, 0.000000000000000000, 8.900000000000000355 ) ) ;
#2879 = VECTOR ( 'NONE', #1833, 1000.000000000000000 ) ;
#2880 = ORIENTED_EDGE ( 'NONE', *, *, #1078, .T. ) ;
#2881 = LINE ( 'NONE', #5885, #946 ) ;
#2882 = CARTESIAN_POINT ( 'NONE',  ( 9.000000000000001776, -11.19999999999999929, -9.000000000000000000 ) ) ;
#2883 = DIRECTION ( 'NONE',  ( -0.000000000000000000, -0.000000000000000000, -1.000000000000000000 ) ) ;
#2884 = CARTESIAN_POINT ( 'NONE',  ( 0.000000000000000000, 0.000000000000000000, 8.900000000000000355 ) ) ;
#2885 = FACE_OUTER_BOUND ( 'NONE', #2280, .T. ) ;
#2886 = ORIENTED_EDGE ( 'NONE', *, *, #4324, .F. ) ;
#2887 = VECTOR ( 'NONE', #6225, 1000.000000000000000 ) ;
#2888 = DIRECTION ( 'NONE',  ( -8.295235218517768465E-17, -1.000000000000000000, -0.000000000000000000 ) ) ;
#2889 = DIRECTION ( 'NONE',  ( -1.000000000000000000, 6.434165940233234309E-18, -0.000000000000000000 ) ) ;
#2890 = FACE_OUTER_BOUND ( 'NONE', #1629, .T. ) ;
#2891 = DIRECTION ( 'NONE',  ( 0.000000000000000000, 0.000000000000000000, -1.000000000000000000 ) ) ;
#2892 = ORIENTED_EDGE ( 'NONE', *, *, #4324, .T. ) ;
#2893 = CARTESIAN_POINT ( 'NONE',  ( 0.000000000000000000, 0.000000000000000000, 14.77623956929659421 ) ) ;
#2894 = SHAPE_DEFINITION_REPRESENTATION ( #265, #464 ) ;
#2895 = CARTESIAN_POINT ( 'NONE',  ( 25.65999999999994685, -1.651006980263844570E-16, 0.000000000000000000 ) ) ;
#2896 = ORIENTED_EDGE ( 'NONE', *, *, #2650, .F. ) ;
#2897 = EDGE_LOOP ( 'NONE', ( #500, #5937, #4086, #77 ) ) ;
#2898 = EDGE_CURVE ( 'NONE', #333, #6371, #5, .T. ) ;
#2899 = EDGE_CURVE ( 'NONE', #1269, #1942, #1025, .T. ) ;
#2900 = CONICAL_SURFACE ( 'NONE', #995, 2.499999999999547917, 1.047197551196068721 ) ;
#2901 = EDGE_LOOP ( 'NONE', ( #4507, #3931, #1841 ) ) ;
#2902 = ORIENTED_EDGE ( 'NONE', *, *, #2216, .F. ) ;
#2903 = CIRCLE ( 'NONE', #50, 3.850000000038108716 ) ;
#2904 = CIRCLE ( 'NONE', #3111, 7.139999999999999680 ) ;
#2905 = PRODUCT_DEFINITION ( '未知', '', #6070, #5128 ) ;
#2906 = EDGE_CURVE ( 'NONE', #1269, #3511, #1020, .T. ) ;
#2907 = FACE_OUTER_BOUND ( 'NONE', #78, .T. ) ;
#2908 = VERTEX_POINT ( 'NONE', #4036 ) ;
#2909 = CARTESIAN_POINT ( 'NONE',  ( 7.349999999999999645, -3.084843528204037854E-15, 0.000000000000000000 ) ) ;
#2910 = EDGE_CURVE ( 'NONE', #3827, #3071, #6395, .T. ) ;
#2911 = ORIENTED_EDGE ( 'NONE', *, *, #3918, .F. ) ;
#2912 = CIRCLE ( 'NONE', #4488, 9.000000000000001776 ) ;
#2913 = CARTESIAN_POINT ( 'NONE',  ( -11.34742372716138448, 8.945685569543920579, 2.254099097482150427 ) ) ;
#2914 = CIRCLE ( 'NONE', #3440, 21.55000000002746674 ) ;
#2915 = ORIENTED_EDGE ( 'NONE', *, *, #1011, .T. ) ;
#2916 = CARTESIAN_POINT ( 'NONE',  ( 12.63399442333830613, -6.717279756236210986, 15.52726540092189289 ) ) ;
#2917 =( NAMED_UNIT ( * ) PLANE_ANGLE_UNIT ( ) SI_UNIT ( $, .RADIAN. ) );
#2918 = CARTESIAN_POINT ( 'NONE',  ( 28.00162831425916110, -1.801671231706768482E-16, 0.000000000000000000 ) ) ;
#2919 = FACE_OUTER_BOUND ( 'NONE', #4524, .T. ) ;
#2920 = CC_DESIGN_APPROVAL ( #2533, ( #3101 ) ) ;
#2921 = CARTESIAN_POINT ( 'NONE',  ( 2.903332326480464491E-16, 3.499999999999090061, 0.000000000000000000 ) ) ;
#2922 = CONICAL_SURFACE ( 'NONE', #1869, 12.71999999999999886, 0.7853981633974427279 ) ;
#2923 = FACE_OUTER_BOUND ( 'NONE', #1936, .T. ) ;
#2924 = ORIENTED_EDGE ( 'NONE', *, *, #523, .T. ) ;
#2925 = DIRECTION ( 'NONE',  ( 0.7071067811861487806, -0.7071067811869463648, 0.000000000000000000 ) ) ;
#2926 = FACE_OUTER_BOUND ( 'NONE', #4518, .T. ) ;
#2927 = DIRECTION ( 'NONE',  ( 1.000000000000000000, 6.434165940233234309E-18, 0.000000000000000000 ) ) ;
#2928 = DIRECTION ( 'NONE',  ( 1.049727191138618326E-16, -0.5150380749100547106, 0.8571673007021120005 ) ) ;
#2929 = AXIS2_PLACEMENT_3D ( 'NONE', #473, #4585, #1462 ) ;
#2930 = CARTESIAN_POINT ( 'NONE',  ( 0.000000000000000000, 0.000000000000000000, 0.000000000000000000 ) ) ;
#2931 = DATE_AND_TIME ( #6357, #5631 ) ;
#2932 = DIRECTION ( 'NONE',  ( 0.000000000000000000, -1.000000000000000000, 0.000000000000000000 ) ) ;
#2933 = ORIENTED_EDGE ( 'NONE', *, *, #4280, .F. ) ;
#2934 = ORIENTED_EDGE ( 'NONE', *, *, #5562, .F. ) ;
#2935 = ORIENTED_EDGE ( 'NONE', *, *, #158, .T. ) ;
#2936 = VERTEX_POINT ( 'NONE', #3010 ) ;
#2937 = FACE_OUTER_BOUND ( 'NONE', #4601, .T. ) ;
#2938 = ORIENTED_EDGE ( 'NONE', *, *, #4713, .T. ) ;
#2939 = ORIENTED_EDGE ( 'NONE', *, *, #3228, .T. ) ;
#2940 = ADVANCED_FACE ( 'NONE', ( #4987 ), #2922, .F. ) ;
#2941 = CARTESIAN_POINT ( 'NONE',  ( 5.214714148009835348, 14.30000000000002736, 14.99953356443091579 ) ) ;
#2942 = VECTOR ( 'NONE', #4228, 1000.000000000000000 ) ;
#2943 = EDGE_CURVE ( 'NONE', #4637, #428, #2279, .T. ) ;
#2944 = EDGE_CURVE ( 'NONE', #2697, #3403, #2496, .T. ) ;
#2945 = ORIENTED_EDGE ( 'NONE', *, *, #5448, .F. ) ;
#2946 = FACE_OUTER_BOUND ( 'NONE', #2740, .T. ) ;
#2947 = DIRECTION ( 'NONE',  ( -1.022466556597826775E-15, -1.000000000000000000, -7.888609052210118054E-31 ) ) ;
#2948 = DIRECTION ( 'NONE',  ( 1.000000000000000000, 0.000000000000000000, -1.289757231209522150E-16 ) ) ;
#2949 = CYLINDRICAL_SURFACE ( 'NONE', #495, 7.139999999999998792 ) ;
#2950 = CIRCLE ( 'NONE', #4621, 8.999999999999998224 ) ;
#2951 = EDGE_CURVE ( 'NONE', #2970, #2530, #1459, .T. ) ;
#2952 = CARTESIAN_POINT ( 'NONE',  ( 5.214714148009868211, -14.30000000000001670, 2.700466435569082169 ) ) ;
#2953 = AXIS2_PLACEMENT_3D ( 'NONE', #4163, #3635, #5679 ) ;
#2954 = LINE ( 'NONE', #1429, #423 ) ;
#2955 = EDGE_LOOP ( 'NONE', ( #1507, #6147, #2034, #5473 ) ) ;
#2956 = CARTESIAN_POINT ( 'NONE',  ( 25.65999999999994685, -1.651006980263844570E-16, 0.000000000000000000 ) ) ;
#2957 = CARTESIAN_POINT ( 'NONE',  ( 2.781256803478249389E-15, 33.52836574506704892, 0.000000000000000000 ) ) ;
#2958 = CIRCLE ( 'NONE', #2315, 4.200000000025742253 ) ;
#2959 = DIRECTION ( 'NONE',  ( 1.000000000000000000, -8.295235218517754907E-17, 0.000000000000000000 ) ) ;
#2960 = DIRECTION ( 'NONE',  ( 1.000000000000000000, 0.000000000000000000, 0.000000000000000000 ) ) ;
#2961 = DIRECTION ( 'NONE',  ( -0.000000000000000000, -0.000000000000000000, -1.000000000000000000 ) ) ;
#2962 = CYLINDRICAL_SURFACE ( 'NONE', #6131, 6.065000000000000391 ) ;
#2963 = AXIS2_PLACEMENT_3D ( 'NONE', #2358, #909, #4442 ) ;
#2964 = CIRCLE ( 'NONE', #958, 5.474999999999999645 ) ;
#2965 = DIRECTION ( 'NONE',  ( 0.000000000000000000, 1.000000000000000000, 0.000000000000000000 ) ) ;
#2966 = ORIENTED_EDGE ( 'NONE', *, *, #4475, .T. ) ;
#2967 = EDGE_LOOP ( 'NONE', ( #2657, #3617, #4090 ) ) ;
#2968 = AXIS2_PLACEMENT_3D ( 'NONE', #517, #5530, #5954 ) ;
#2969 = PERSON_AND_ORGANIZATION ( #3131, #5968 ) ;
#2970 = VERTEX_POINT ( 'NONE', #3941 ) ;
#2971 = DIRECTION ( 'NONE',  ( -0.000000000000000000, -0.000000000000000000, -1.000000000000000000 ) ) ;
#2972 = ORIENTED_EDGE ( 'NONE', *, *, #1566, .T. ) ;
#2973 = ORIENTED_EDGE ( 'NONE', *, *, #5966, .F. ) ;
#2974 = CARTESIAN_POINT ( 'NONE',  ( 4.336808689942017736E-16, 3.299999999999090328, 0.000000000000000000 ) ) ;
#2975 = AXIS2_PLACEMENT_3D ( 'NONE', #5504, #3089, #3026 ) ;
#2976 = ORIENTED_EDGE ( 'NONE', *, *, #4632, .T. ) ;
#2977 = ADVANCED_FACE ( 'NONE', ( #5490 ), #6291, .F. ) ;
#2978 = DIRECTION ( 'NONE',  ( -0.7071067811867071118, 0.7071067811863878116, 0.000000000000000000 ) ) ;
#2979 = CARTESIAN_POINT ( 'NONE',  ( -2.100000000025378455, 1.741999395909783438E-16, 2.571758278240521104E-16 ) ) ;
#2980 = ADVANCED_FACE ( 'NONE', ( #6408 ), #4813, .F. ) ;
#2981 = ADVANCED_FACE ( 'NONE', ( #3502 ), #3129, .T. ) ;
#2982 = DIRECTION ( 'NONE',  ( 0.000000000000000000, 1.000000000000000000, 0.000000000000000000 ) ) ;
#2983 = AXIS2_PLACEMENT_3D ( 'NONE', #1481, #2971, #6122 ) ;
#2984 = CYLINDRICAL_SURFACE ( 'NONE', #4480, 10.99999999999998224 ) ;
#2985 = VERTEX_POINT ( 'NONE', #1514 ) ;
#2986 = ORIENTED_EDGE ( 'NONE', *, *, #1815, .F. ) ;
#2987 = DIRECTION ( 'NONE',  ( -8.295235218517768465E-17, -1.000000000000000000, -0.000000000000000000 ) ) ;
#2988 = DIRECTION ( 'NONE',  ( -8.295235218517768465E-17, -1.000000000000000000, -0.000000000000000000 ) ) ;
#2989 = EDGE_CURVE ( 'NONE', #5740, #2001, #6200, .T. ) ;
#2990 = EDGE_CURVE ( 'NONE', #3160, #2276, #3077, .T. ) ;
#2991 = DIRECTION ( 'NONE',  ( 1.224646799147353207E-16, -1.015873325853218016E-32, 1.000000000000000000 ) ) ;
#2992 = DIRECTION ( 'NONE',  ( -1.000000000000000000, -1.942890293094008800E-13, 0.000000000000000000 ) ) ;
#2993 = CARTESIAN_POINT ( 'NONE',  ( 3.196957988627622384E-15, 38.53969061047155975, 0.000000000000000000 ) ) ;
#2994 = CARTESIAN_POINT ( 'NONE',  ( 0.000000000000000000, 0.000000000000000000, 0.000000000000000000 ) ) ;
#2995 = ADVANCED_FACE ( 'NONE', ( #32 ), #2570, .F. ) ;
#2996 = CIRCLE ( 'NONE', #6362, 13.69999999999999751 ) ;
#2997 = DIRECTION ( 'NONE',  ( 8.295235218517768465E-17, 1.000000000000000000, 0.000000000000000000 ) ) ;
#2998 = VERTEX_POINT ( 'NONE', #565 ) ;
#2999 = VERTEX_POINT ( 'NONE', #4126 ) ;
#3000 = COORDINATED_UNIVERSAL_TIME_OFFSET ( 8, 0, .AHEAD. ) ;
#3001 = CONICAL_SURFACE ( 'NONE', #2782, 14.00000000000000000, 1.047197551196596521 ) ;
#3002 = CARTESIAN_POINT ( 'NONE',  ( 28.79999999999999716, 4.606580753730955990, 5.641434375070415743E-16 ) ) ;
#3003 = ORIENTED_EDGE ( 'NONE', *, *, #360, .F. ) ;
#3004 = EDGE_LOOP ( 'NONE', ( #5379, #5407, #2630, #987 ) ) ;
#3005 = CARTESIAN_POINT ( 'NONE',  ( 1.043204209512782477, 14.30000000000003091, 15.52683302743019134 ) ) ;
#3006 = AXIS2_PLACEMENT_3D ( 'NONE', #2321, #347, #4893 ) ;
#3007 = CONICAL_SURFACE ( 'NONE', #5628, 2.100000000025833202, 0.7853981633974450594 ) ;
#3008 = EDGE_LOOP ( 'NONE', ( #4356, #329, #2588, #761 ) ) ;
#3009 = LOCAL_TIME ( 18, 8, 39.00000000000000000, #4806 ) ;
#3010 = CARTESIAN_POINT ( 'NONE',  ( 28.00162831425916110, -2.299999999999999822, 3.239190783744749086E-16 ) ) ;
#3011 = ORIENTED_EDGE ( 'NONE', *, *, #2423, .T. ) ;
#3012 = CARTESIAN_POINT ( 'NONE',  ( -9.000000000000001776, -1.199999999999999734, -6.500000000000000888 ) ) ;
#3013 = AXIS2_PLACEMENT_3D ( 'NONE', #1793, #2883, #1862 ) ;
#3014 = CARTESIAN_POINT ( 'NONE',  ( -2.087319425436735987, -14.30000000000001670, 2.240024670956248798 ) ) ;
#3015 = CONICAL_SURFACE ( 'NONE', #3866, 5.474999999999999645, 0.7853981633974591592 ) ;
#3016 = VERTEX_POINT ( 'NONE', #1184 ) ;
#3017 = AXIS2_PLACEMENT_3D ( 'NONE', #1084, #4096, #4682 ) ;
#3018 = EDGE_LOOP ( 'NONE', ( #4854, #3674, #467, #381 ) ) ;
#3019 = CARTESIAN_POINT ( 'NONE',  ( -13.45000000000000107, -10.70000000000001172, -13.44999999999999929 ) ) ;
#3020 = EDGE_CURVE ( 'NONE', #4723, #883, #593, .T. ) ;
#3021 = LINE ( 'NONE', #6047, #3966 ) ;
#3022 = CYLINDRICAL_SURFACE ( 'NONE', #2008, 2.100000000025378455 ) ;
#3023 = LINE ( 'NONE', #4470, #4969 ) ;
#3024 = APPROVAL_PERSON_ORGANIZATION ( #3961, #6245, #5965 ) ;
#3025 = CARTESIAN_POINT ( 'NONE',  ( 11.69999999999999929, 9.400000000000002132, 12.95000000000000639 ) ) ;
#3026 = DIRECTION ( 'NONE',  ( 0.000000000000000000, 0.000000000000000000, -1.000000000000000000 ) ) ;
#3027 = APPROVAL ( #3524, '未指定' ) ;
#3028 = EDGE_CURVE ( 'NONE', #362, #3497, #5758, .T. ) ;
#3029 = EDGE_CURVE ( 'NONE', #407, #2276, #5552, .T. ) ;
#3030 = EDGE_CURVE ( 'NONE', #3805, #3956, #1643, .T. ) ;
#3031 = AXIS2_PLACEMENT_3D ( 'NONE', #6282, #2751, #4171 ) ;
#3032 = CARTESIAN_POINT ( 'NONE',  ( 0.000000000000000000, 0.000000000000000000, 17.07999999999999474 ) ) ;
#3033 = EDGE_LOOP ( 'NONE', ( #2935, #6508 ) ) ;
#3034 = ORIENTED_EDGE ( 'NONE', *, *, #2166, .T. ) ;
#3035 = CALENDAR_DATE ( 2026, 21, 4 ) ;
#3036 = EDGE_CURVE ( 'NONE', #3468, #2124, #1548, .T. ) ;
#3037 = AXIS2_PLACEMENT_3D ( 'NONE', #1435, #5366, #4445 ) ;
#3038 = EDGE_LOOP ( 'NONE', ( #5708, #6067, #5287, #6121 ) ) ;
#3039 = ORIENTED_EDGE ( 'NONE', *, *, #5000, .T. ) ;
#3040 = CARTESIAN_POINT ( 'NONE',  ( 13.11756688992060660, 43.71079885517321628, -4.754609281196692424E-16 ) ) ;
#3041 = VECTOR ( 'NONE', #2242, 1000.000000000000000 ) ;
#3042 = ORIENTED_EDGE ( 'NONE', *, *, #1004, .T. ) ;
#3043 = CARTESIAN_POINT ( 'NONE',  ( 7.074479988489372124E-16, 8.528365745068617443, 0.000000000000000000 ) ) ;
#3044 = ORIENTED_EDGE ( 'NONE', *, *, #1891, .F. ) ;
#3045 = DIRECTION ( 'NONE',  ( -8.295235218517768465E-17, -1.000000000000000000, -0.000000000000000000 ) ) ;
#3046 = ORIENTED_EDGE ( 'NONE', *, *, #4832, .F. ) ;
#3047 = ORIENTED_EDGE ( 'NONE', *, *, #3068, .T. ) ;
#3048 = CARTESIAN_POINT ( 'NONE',  ( 2.089115799643832538, -14.30000000000001670, 2.239902289143686165 ) ) ;
#3049 = CIRCLE ( 'NONE', #195, 4.050000000037925929 ) ;
#3050 = ORIENTED_EDGE ( 'NONE', *, *, #64, .F. ) ;
#3051 = DIRECTION ( 'NONE',  ( 1.049727191138618326E-16, -0.5150380749100547106, 0.8571673007021120005 ) ) ;
#3052 = DIRECTION ( 'NONE',  ( -0.7071067811865523467, -1.645406930227247811E-16, 0.7071067811865426878 ) ) ;
#3053 = DIRECTION ( 'NONE',  ( -0.000000000000000000, -0.000000000000000000, -1.000000000000000000 ) ) ;
#3054 = DIRECTION ( 'NONE',  ( 0.000000000000000000, -1.000000000000000000, 0.000000000000000000 ) ) ;
#3055 = AXIS2_PLACEMENT_3D ( 'NONE', #4724, #4652, #202 ) ;
#3056 = CARTESIAN_POINT ( 'NONE',  ( 0.000000000000000000, 0.3000000000001816769, 0.000000000000000000 ) ) ;
#3057 = CIRCLE ( 'NONE', #5055, 8.999999999999998224 ) ;
#3058 = LINE ( 'NONE', #5066, #5376 ) ;
#3059 = EDGE_LOOP ( 'NONE', ( #2099, #3728, #1049, #6217 ) ) ;
#3060 = VERTEX_POINT ( 'NONE', #4095 ) ;
#3061 = VECTOR ( 'NONE', #117, 1000.000000000000000 ) ;
#3062 = CARTESIAN_POINT ( 'NONE',  ( 0.000000000000000000, 0.000000000000000000, 2.923760430703403301 ) ) ;
#3063 = CARTESIAN_POINT ( 'NONE',  ( -28.19999999999994600, -5.674999999999999822, 0.000000000000000000 ) ) ;
#3064 = ORIENTED_EDGE ( 'NONE', *, *, #1854, .F. ) ;
#3065 = EDGE_CURVE ( 'NONE', #873, #5415, #2703, .T. ) ;
#3066 = AXIS2_PLACEMENT_3D ( 'NONE', #5233, #714, #2228 ) ;
#3067 = PERSON_AND_ORGANIZATION ( #3131, #5968 ) ;
#3068 = EDGE_CURVE ( 'NONE', #3512, #1278, #1083, .T. ) ;
#3069 = ADVANCED_FACE ( 'NONE', ( #1676 ), #3792, .T. ) ;
#3070 = DIRECTION ( 'NONE',  ( 1.000000000000000000, 1.231304080816852664E-16, -0.000000000000000000 ) ) ;
#3071 = VERTEX_POINT ( 'NONE', #2104 ) ;
#3072 = EDGE_CURVE ( 'NONE', #1088, #2445, #5705, .T. ) ;
#3073 = ADVANCED_FACE ( 'NONE', ( #4553 ), #5640, .F. ) ;
#3074 = ORIENTED_EDGE ( 'NONE', *, *, #5603, .T. ) ;
#3075 = CARTESIAN_POINT ( 'NONE',  ( 9.781195606481897897, -11.65847225080390004, 2.686411195660682427 ) ) ;
#3076 = ORIENTED_EDGE ( 'NONE', *, *, #3953, .T. ) ;
#3077 = LINE ( 'NONE', #2038, #286 ) ;
#3078 = LINE ( 'NONE', #2138, #1328 ) ;
#3079 = ORIENTED_EDGE ( 'NONE', *, *, #321, .F. ) ;
#3080 = AXIS2_PLACEMENT_3D ( 'NONE', #727, #757, #4327 ) ;
#3081 = CARTESIAN_POINT ( 'NONE',  ( 16.44999999999999929, 6.065000000000000391, 7.427482836828697149E-16 ) ) ;
#3082 = ORIENTED_EDGE ( 'NONE', *, *, #5897, .T. ) ;
#3083 = CARTESIAN_POINT ( 'NONE',  ( 0.000000000000000000, -11.19999999999999929, 0.000000000000000000 ) ) ;
#3084 = DIRECTION ( 'NONE',  ( -8.295235218517768465E-17, -1.000000000000000000, -0.000000000000000000 ) ) ;
#3085 = CARTESIAN_POINT ( 'NONE',  ( -13.44999999999999929, 17.80000000000000071, 12.95000000000000639 ) ) ;
#3086 = LINE ( 'NONE', #6022, #2433 ) ;
#3087 = PLANE ( 'NONE',  #4340 ) ;
#3088 = CARTESIAN_POINT ( 'NONE',  ( -19.50000000002821210, 44.82836574506470129, 0.000000000000000000 ) ) ;
#3089 = DIRECTION ( 'NONE',  ( -0.000000000000000000, -1.000000000000000000, -0.000000000000000000 ) ) ;
#3090 = ORIENTED_EDGE ( 'NONE', *, *, #2773, .F. ) ;
#3091 = CARTESIAN_POINT ( 'NONE',  ( -4.266277494517921725E-32, 0.7283657450677759604, 0.000000000000000000 ) ) ;
#3092 = CARTESIAN_POINT ( 'NONE',  ( -28.00162831425916110, -1.801671231706768482E-16, 0.000000000000000000 ) ) ;
#3093 = ORIENTED_EDGE ( 'NONE', *, *, #2073, .F. ) ;
#3094 = APPLICATION_PROTOCOL_DEFINITION ( 'international standard', 'config_control_design', 1994, #6361 ) ;
#3095 = DIRECTION ( 'NONE',  ( 0.000000000000000000, 0.000000000000000000, -1.000000000000000000 ) ) ;
#3096 = EDGE_CURVE ( 'NONE', #3937, #4780, #1779, .T. ) ;
#3097 = EDGE_CURVE ( 'NONE', #4485, #3909, #622, .T. ) ;
#3098 = ORIENTED_EDGE ( 'NONE', *, *, #3959, .T. ) ;
#3099 = AXIS2_PLACEMENT_3D ( 'NONE', #5369, #947, #1930 ) ;
#3100 = CARTESIAN_POINT ( 'NONE',  ( 17.28999999999999915, 7.140000000000000568, 8.743978145912102752E-16 ) ) ;
#3101 = PRODUCT_DEFINITION ( '未知', '', #4812, #2833 ) ;
#3102 = EDGE_CURVE ( 'NONE', #3650, #461, #943, .T. ) ;
#3103 = EDGE_CURVE ( 'NONE', #2235, #5271, #1055, .T. ) ;
#3104 = CARTESIAN_POINT ( 'NONE',  ( 0.1083897543756179305, -2.138740617938784164E-15, 0.000000000000000000 ) ) ;
#3105 = CARTESIAN_POINT ( 'NONE',  ( -9.000000000000001776, -1.199999999999999734, -11.49999999999999822 ) ) ;
#3106 = ORIENTED_EDGE ( 'NONE', *, *, #2694, .T. ) ;
#3107 = CIRCLE ( 'NONE', #3958, 3.000000000003045564 ) ;
#3108 = DIRECTION ( 'NONE',  ( -0.000000000000000000, -1.000000000000000000, -0.000000000000000000 ) ) ;
#3109 = ORIENTED_EDGE ( 'NONE', *, *, #970, .F. ) ;
#3110 = CARTESIAN_POINT ( 'NONE',  ( 13.44999999999999751, -10.70000000000001172, -12.95000000000001350 ) ) ;
#3111 = AXIS2_PLACEMENT_3D ( 'NONE', #774, #1889, #3913 ) ;
#3112 = DIRECTION ( 'NONE',  ( 0.000000000000000000, -1.000000000000000000, 0.000000000000000000 ) ) ;
#3113 = DIRECTION ( 'NONE',  ( -0.000000000000000000, -1.000000000000000000, -0.000000000000000000 ) ) ;
#3114 = CARTESIAN_POINT ( 'NONE',  ( -2.826794919244300708, 0.3000000000001818989, 3.461825349698533588E-16 ) ) ;
#3115 = DIRECTION ( 'NONE',  ( 1.000000000000000000, -1.112002228186409831E-16, 0.000000000000000000 ) ) ;
#3116 = CONICAL_SURFACE ( 'NONE', #3539, 2.299999999999999822, 1.047197551196598964 ) ;
#3117 = LINE ( 'NONE', #5262, #3323 ) ;
#3118 = AXIS2_PLACEMENT_3D ( 'NONE', #6136, #61, #1611 ) ;
#3119 = DIRECTION ( 'NONE',  ( 1.000000000000000000, -6.434165940233234309E-18, 0.000000000000000000 ) ) ;
#3120 = EDGE_LOOP ( 'NONE', ( #917, #4100, #959, #4187 ) ) ;
#3121 = CIRCLE ( 'NONE', #5225, 21.75000000002819789 ) ;
#3122 =( GEOMETRIC_REPRESENTATION_CONTEXT ( 3 ) GLOBAL_UNCERTAINTY_ASSIGNED_CONTEXT ( ( #1094 ) ) GLOBAL_UNIT_ASSIGNED_CONTEXT ( ( #5194, #646, #1235 ) ) REPRESENTATION_CONTEXT ( 'NONE', 'WORKASPACE' ) );
#3123 = CARTESIAN_POINT ( 'NONE',  ( 9.781195606481897897, 11.65847225080390182, 15.01358880433931553 ) ) ;
#3124 = EDGE_LOOP ( 'NONE', ( #2267, #5535, #1336, #371 ) ) ;
#3125 = CARTESIAN_POINT ( 'NONE',  ( 0.1083897543756182219, -2.299999999999999822, 2.816687638038909591E-16 ) ) ;
#3126 = VERTEX_POINT ( 'NONE', #657 ) ;
#3127 = DATE_AND_TIME ( #145, #1540 ) ;
#3128 = AXIS2_PLACEMENT_3D ( 'NONE', #613, #5692, #3155 ) ;
#3129 = TOROIDAL_SURFACE ( 'NONE', #1440, 3.913760430703402182, 0.7999999999999991562 ) ;
#3130 = CARTESIAN_POINT ( 'NONE',  ( 14.00000000000000000, 1.714505518806294638E-15, 0.000000000000000000 ) ) ;
#3131 = PERSON ( '未指定', '未指定', '未指定', ('未指定'), ('未指定'), ('未指定') ) ;
#3132 = ORIENTED_EDGE ( 'NONE', *, *, #1414, .T. ) ;
#3133 = VECTOR ( 'NONE', #2084, 1000.000000000000000 ) ;
#3134 = CARTESIAN_POINT ( 'NONE',  ( -24.47999999999994358, -1.575083822169092177E-16, 0.000000000000000000 ) ) ;
#3135 = DIRECTION ( 'NONE',  ( 1.000000000000000000, 0.000000000000000000, 0.000000000000000000 ) ) ;
#3136 = FACE_OUTER_BOUND ( 'NONE', #300, .T. ) ;
#3137 = ORIENTED_EDGE ( 'NONE', *, *, #1771, .F. ) ;
#3138 = EDGE_CURVE ( 'NONE', #5572, #4846, #5997, .T. ) ;
#3139 = AXIS2_PLACEMENT_3D ( 'NONE', #5254, #96, #232 ) ;
#3140 = CARTESIAN_POINT ( 'NONE',  ( 12.95000000000000462, -10.95000000000000462, -13.20000000000000284 ) ) ;
#3141 = ADVANCED_FACE ( 'NONE', ( #4360 ), #3302, .T. ) ;
#3142 = ADVANCED_FACE ( 'NONE', ( #193 ), #1315, .F. ) ;
#3143 = ORIENTED_EDGE ( 'NONE', *, *, #2574, .F. ) ;
#3144 = DIRECTION ( 'NONE',  ( 1.000000000000000000, -6.434165940233234309E-18, 0.000000000000000000 ) ) ;
#3145 = CARTESIAN_POINT ( 'NONE',  ( -28.00162831425916110, -2.299999999999999822, -2.816687638038912056E-16 ) ) ;
#3146 = FACE_OUTER_BOUND ( 'NONE', #717, .T. ) ;
#3147 = VECTOR ( 'NONE', #534, 1000.000000000000000 ) ;
#3148 = DIRECTION ( 'NONE',  ( 1.954828175079010964E-13, 1.000000000000000000, 0.000000000000000000 ) ) ;
#3149 = CARTESIAN_POINT ( 'NONE',  ( 2.089115799643828986, -14.30000000000001670, 15.46009771085631179 ) ) ;
#3150 = EDGE_CURVE ( 'NONE', #5799, #2606, #5383, .T. ) ;
#3151 = CARTESIAN_POINT ( 'NONE',  ( -13.45000000000000107, -10.70000000000001172, -12.95000000000001350 ) ) ;
#3152 = DIRECTION ( 'NONE',  ( 0.000000000000000000, -1.000000000000000000, 0.000000000000000000 ) ) ;
#3153 = ORIENTED_EDGE ( 'NONE', *, *, #3801, .T. ) ;
#3154 = VECTOR ( 'NONE', #986, 1000.000000000000000 ) ;
#3155 = DIRECTION ( 'NONE',  ( 1.000000000000000000, 0.000000000000000000, 0.000000000000000000 ) ) ;
#3156 = LINE ( 'NONE', #139, #1794 ) ;
#3157 = VECTOR ( 'NONE', #128, 1000.000000000000000 ) ;
#3158 = CARTESIAN_POINT ( 'NONE',  ( 2.049999999999999822, 0.000000000000000000, 0.000000000000000000 ) ) ;
#3159 = CARTESIAN_POINT ( 'NONE',  ( 2.748075862604170495E-15, 33.12836574506695797, 0.000000000000000000 ) ) ;
#3160 = VERTEX_POINT ( 'NONE', #259 ) ;
#3161 = AXIS2_PLACEMENT_3D ( 'NONE', #210, #3187, #1760 ) ;
#3162 = CARTESIAN_POINT ( 'NONE',  ( 28.39999999999994529, -4.837520861406831685, 0.000000000000000000 ) ) ;
#3163 = COORDINATED_UNIVERSAL_TIME_OFFSET ( 8, 0, .AHEAD. ) ;
#3164 = CIRCLE ( 'NONE', #318, 5.474999999999999645 ) ;
#3165 = DIRECTION ( 'NONE',  ( -1.022466556597827761E-15, -1.000000000000000000, -0.000000000000000000 ) ) ;
#3166 = ORIENTED_EDGE ( 'NONE', *, *, #402, .T. ) ;
#3167 = CIRCLE ( 'NONE', #3383, 12.09999999999999964 ) ;
#3168 = LINE ( 'NONE', #4611, #5142 ) ;
#3169 = VECTOR ( 'NONE', #5364, 1000.000000000000000 ) ;
#3170 = AXIS2_PLACEMENT_3D ( 'NONE', #1792, #6313, #3813 ) ;
#3171 = CARTESIAN_POINT ( 'NONE',  ( -21.55000000002746319, 33.32836574506700345, 2.639113852165910011E-15 ) ) ;
#3172 = EDGE_LOOP ( 'NONE', ( #5476, #3297 ) ) ;
#3173 = FACE_OUTER_BOUND ( 'NONE', #5833, .T. ) ;
#3174 = ORIENTED_EDGE ( 'NONE', *, *, #1453, .T. ) ;
#3175 = CIRCLE ( 'NONE', #336, 15.59999999999999964 ) ;
#3176 = DIRECTION ( 'NONE',  ( 0.7071067811865513475, -0.7071067811865437980, -3.634318059715821104E-17 ) ) ;
#3177 = VERTEX_POINT ( 'NONE', #3871 ) ;
#3178 = CARTESIAN_POINT ( 'NONE',  ( -2.087319425436730214, 14.30000000000003091, 2.240024670956256791 ) ) ;
#3179 = CARTESIAN_POINT ( 'NONE',  ( -14.47295043918424007, -3.532114503906626179, 15.20152563016557679 ) ) ;
#3180 = DIRECTION ( 'NONE',  ( 0.000000000000000000, 0.000000000000000000, -1.000000000000000000 ) ) ;
#3181 = EDGE_CURVE ( 'NONE', #3386, #1788, #834, .T. ) ;
#3182 = CARTESIAN_POINT ( 'NONE',  ( -14.50000000002817480, 44.82836574506566762, 3.061616997868407300E-16 ) ) ;
#3183 = ADVANCED_FACE ( 'NONE', ( #5877 ), #3371, .F. ) ;
#3184 = CARTESIAN_POINT ( 'NONE',  ( 6.234580980306496656, -14.30000000000001670, 14.77623956929659421 ) ) ;
#3185 = ORIENTED_EDGE ( 'NONE', *, *, #6044, .F. ) ;
#3186 = CARTESIAN_POINT ( 'NONE',  ( -13.44999999999999929, -10.70000000000001172, 12.95000000000000639 ) ) ;
#3187 = DIRECTION ( 'NONE',  ( 1.000000000000000000, 6.434165940233234309E-18, 0.000000000000000000 ) ) ;
#3188 = VERTEX_POINT ( 'NONE', #730 ) ;
#3189 = EDGE_CURVE ( 'NONE', #1975, #2167, #4943, .T. ) ;
#3190 = EDGE_CURVE ( 'NONE', #2602, #6345, #2307, .T. ) ;
#3191 = PERSON_AND_ORGANIZATION_ROLE ( 'design_supplier' ) ;
#3192 = CARTESIAN_POINT ( 'NONE',  ( 24.47999999999994358, -1.575083822169092177E-16, 0.000000000000000000 ) ) ;
#3193 = CARTESIAN_POINT ( 'NONE',  ( -28.80000000000000426, -3.220940107675852815, -3.944513993110564384E-16 ) ) ;
#3194 = DIRECTION ( 'NONE',  ( 1.000000000000000000, 6.434165940233234309E-18, 0.000000000000000000 ) ) ;
#3195 = ORIENTED_EDGE ( 'NONE', *, *, #2735, .F. ) ;
#3196 = CARTESIAN_POINT ( 'NONE',  ( -28.39999999999994529, -1.827303127026235148E-16, 0.000000000000000000 ) ) ;
#3197 = PERSON_AND_ORGANIZATION ( #3131, #5968 ) ;
#3198 = DIRECTION ( 'NONE',  ( -8.295235218517768465E-17, -1.000000000000000000, -0.000000000000000000 ) ) ;
#3199 = ORIENTED_EDGE ( 'NONE', *, *, #2534, .F. ) ;
#3200 = EDGE_LOOP ( 'NONE', ( #1037, #1847, #83, #2018 ) ) ;
#3201 = CARTESIAN_POINT ( 'NONE',  ( -28.00162831425916110, -1.801671231706768482E-16, 0.000000000000000000 ) ) ;
#3202 = CARTESIAN_POINT ( 'NONE',  ( 17.28999999999999915, 7.139999999999999680, 0.000000000000000000 ) ) ;
#3203 = ORIENTED_EDGE ( 'NONE', *, *, #190, .F. ) ;
#3204 = LINE ( 'NONE', #5211, #53 ) ;
#3205 = ORIENTED_EDGE ( 'NONE', *, *, #3799, .F. ) ;
#3206 = FACE_BOUND ( 'NONE', #5671, .T. ) ;
#3207 = EDGE_LOOP ( 'NONE', ( #1477, #3582, #4944, #3298 ) ) ;
#3208 = CARTESIAN_POINT ( 'NONE',  ( 2.089115799643810334, 14.30000000000002913, 2.239902289143691938 ) ) ;
#3209 = LINE ( 'NONE', #6276, #4286 ) ;
#3210 = DIRECTION ( 'NONE',  ( -0.4999999999999989453, 0.8660254037844392627, 0.000000000000000000 ) ) ;
#3211 = DIRECTION ( 'NONE',  ( 1.224646799147353207E-16, 1.000000000000000000, -0.000000000000000000 ) ) ;
#3212 = DIRECTION ( 'NONE',  ( -0.000000000000000000, -1.000000000000000000, -0.000000000000000000 ) ) ;
#3213 = AXIS2_PLACEMENT_3D ( 'NONE', #2184, #5647, #3638 ) ;
#3214 = ORIENTED_EDGE ( 'NONE', *, *, #413, .T. ) ;
#3215 = DIRECTION ( 'NONE',  ( -1.000000000000000000, -1.942890293094375336E-13, 0.000000000000000000 ) ) ;
#3216 = DIRECTION ( 'NONE',  ( 1.000000000000000000, -7.903365775732809772E-17, 0.000000000000000000 ) ) ;
#3217 = EDGE_LOOP ( 'NONE', ( #3435, #3469, #4498, #357 ) ) ;
#3218 = AXIS2_PLACEMENT_3D ( 'NONE', #2421, #1892, #6413 ) ;
#3219 = SECURITY_CLASSIFICATION_LEVEL ( 'unclassified' ) ;
#3220 = DIRECTION ( 'NONE',  ( -1.000000000000000000, 6.434165940233234309E-18, -0.000000000000000000 ) ) ;
#3221 = CARTESIAN_POINT ( 'NONE',  ( 0.000000000000000000, 0.000000000000000000, 0.000000000000000000 ) ) ;
#3222 = DIRECTION ( 'NONE',  ( -8.295235218517768465E-17, -1.000000000000000000, -0.000000000000000000 ) ) ;
#3223 = VERTEX_POINT ( 'NONE', #1780 ) ;
#3224 = CONICAL_SURFACE ( 'NONE', #3118, 12.71999999999999886, 0.7853981633974427279 ) ;
#3225 = ADVANCED_FACE ( 'NONE', ( #2837, #5773 ), #4851, .F. ) ;
#3226 = DIRECTION ( 'NONE',  ( 6.434165940233233538E-18, -1.000000000000000000, 0.000000000000000000 ) ) ;
#3227 = PERSON_AND_ORGANIZATION ( #3131, #5968 ) ;
#3228 = EDGE_CURVE ( 'NONE', #621, #4289, #5839, .T. ) ;
#3229 = VECTOR ( 'NONE', #1555, 1000.000000000000000 ) ;
#3230 = AXIS2_PLACEMENT_3D ( 'NONE', #2609, #3113, #3180 ) ;
#3231 = LINE ( 'NONE', #1669, #5907 ) ;
#3232 = EDGE_LOOP ( 'NONE', ( #5180, #4423, #4942, #1059, #5389, #4073, #5913, #3458, #3534, #1954 ) ) ;
#3233 = VERTEX_POINT ( 'NONE', #3732 ) ;
#3234 = APPROVAL_PERSON_ORGANIZATION ( #497, #2610, #4482 ) ;
#3235 = EDGE_CURVE ( 'NONE', #3437, #5579, #1565, .T. ) ;
#3236 = DIRECTION ( 'NONE',  ( 1.000000000000000000, 0.000000000000000000, 0.000000000000000000 ) ) ;
#3237 = DIRECTION ( 'NONE',  ( -6.434165940233234309E-18, -1.000000000000000000, 0.000000000000000000 ) ) ;
#3238 = ORIENTED_EDGE ( 'NONE', *, *, #5638, .F. ) ;
#3239 = CYLINDRICAL_SURFACE ( 'NONE', #162, 2.499999999999998668 ) ;
#3240 = VERTEX_POINT ( 'NONE', #1219 ) ;
#3241 = FACE_OUTER_BOUND ( 'NONE', #5048, .T. ) ;
#3242 = ORIENTED_EDGE ( 'NONE', *, *, #5974, .F. ) ;
#3243 = CARTESIAN_POINT ( 'NONE',  ( -4.200000000043141668, 3.499999999999090505, 5.143516556471957489E-16 ) ) ;
#3244 = DIRECTION ( 'NONE',  ( -1.000000000000000000, 0.000000000000000000, 0.000000000000000000 ) ) ;
#3245 = DIRECTION ( 'NONE',  ( 0.000000000000000000, -0.7071067811865474617, -0.7071067811865474617 ) ) ;
#3246 = DIRECTION ( 'NONE',  ( 1.000000000000000000, 0.000000000000000000, 0.000000000000000000 ) ) ;
#3247 = LINE ( 'NONE', #207, #4543 ) ;
#3248 = CIRCLE ( 'NONE', #4610, 11.69999999999998863 ) ;
#3249 = CARTESIAN_POINT ( 'NONE',  ( -4.050000000037971226, 3.299999999999272404, 4.959819536593282964E-16 ) ) ;
#3250 = CARTESIAN_POINT ( 'NONE',  ( 6.041965180448152198E-17, 0.7283657450677762935, 0.000000000000000000 ) ) ;
#3251 = ORIENTED_EDGE ( 'NONE', *, *, #406, .T. ) ;
#3252 = VECTOR ( 'NONE', #5019, 1000.000000000000114 ) ;
#3253 = APPROVAL_ROLE ( '' ) ;
#3254 = DIRECTION ( 'NONE',  ( -8.295235218517768465E-17, -1.000000000000000000, -0.000000000000000000 ) ) ;
#3255 = CARTESIAN_POINT ( 'NONE',  ( 4.336808689942017736E-16, 3.299999999999090328, 0.000000000000000000 ) ) ;
#3256 = DIRECTION ( 'NONE',  ( -1.022466556597827761E-15, -1.000000000000000000, -0.000000000000000000 ) ) ;
#3257 = ORIENTED_EDGE ( 'NONE', *, *, #2813, .T. ) ;
#3258 = CARTESIAN_POINT ( 'NONE',  ( -12.95000000000000817, -10.70000000000001172, -13.44999999999999929 ) ) ;
#3259 = APPROVAL_ROLE ( '' ) ;
#3260 = CIRCLE ( 'NONE', #4211, 6.299999999999999822 ) ;
#3261 = DIRECTION ( 'NONE',  ( -1.000000000000000000, -6.434165940233234309E-18, -0.000000000000000000 ) ) ;
#3262 = EDGE_CURVE ( 'NONE', #2549, #2310, #419, .T. ) ;
#3263 = EDGE_LOOP ( 'NONE', ( #2302, #5285, #2668 ) ) ;
#3264 = CIRCLE ( 'NONE', #1146, 3.086602540379317805 ) ;
#3265 = ORIENTED_EDGE ( 'NONE', *, *, #2823, .F. ) ;
#3266 = ADVANCED_FACE ( 'NONE', ( #6268 ), #1745, .F. ) ;
#3267 = EDGE_CURVE ( 'NONE', #3341, #3378, #4099, .T. ) ;
#3268 = AXIS2_PLACEMENT_3D ( 'NONE', #1789, #3379, #3910 ) ;
#3269 = VECTOR ( 'NONE', #3753, 1000.000000000000000 ) ;
#3270 = FACE_OUTER_BOUND ( 'NONE', #1014, .T. ) ;
#3271 = ADVANCED_FACE ( 'NONE', ( #4815, #298 ), #3835, .T. ) ;
#3272 = EDGE_CURVE ( 'NONE', #6503, #5722, #397, .T. ) ;
#3273 = CONICAL_SURFACE ( 'NONE', #4628, 2.499999999999998668, 0.7853981633974482790 ) ;
#3274 = CARTESIAN_POINT ( 'NONE',  ( -9.000000000000001776, -10.79999999999999183, 9.000000000000000000 ) ) ;
#3275 = ORIENTED_EDGE ( 'NONE', *, *, #4443, .F. ) ;
#3276 = CARTESIAN_POINT ( 'NONE',  ( 9.000000000000001776, -11.19999999999999929, -9.000000000000000000 ) ) ;
#3277 = ORIENTED_EDGE ( 'NONE', *, *, #2460, .F. ) ;
#3278 = CARTESIAN_POINT ( 'NONE',  ( -7.800000000027012881, 6.470283470466267342E-16, 9.552245033382435454E-16 ) ) ;
#3279 = AXIS2_PLACEMENT_3D ( 'NONE', #6519, #4114, #4024 ) ;
#3280 = VECTOR ( 'NONE', #6513, 1000.000000000000114 ) ;
#3281 = DIRECTION ( 'NONE',  ( 0.000000000000000000, -1.000000000000000000, 0.000000000000000000 ) ) ;
#3282 = CARTESIAN_POINT ( 'NONE',  ( 9.000000000000001776, -10.79999999999999183, -11.49999999999999822 ) ) ;
#3283 = FACE_OUTER_BOUND ( 'NONE', #5344, .T. ) ;
#3284 = DIRECTION ( 'NONE',  ( 0.000000000000000000, -1.000000000000000000, 0.000000000000000000 ) ) ;
#3285 = AXIS2_PLACEMENT_3D ( 'NONE', #4594, #456, #4564 ) ;
#3286 = DIRECTION ( 'NONE',  ( 1.000000000000000000, 6.434165940233234309E-18, 0.000000000000000000 ) ) ;
#3287 = DIRECTION ( 'NONE',  ( 1.000000000000000000, -9.637352644287351557E-17, 0.000000000000000000 ) ) ;
#3288 = ORIENTED_EDGE ( 'NONE', *, *, #5281, .T. ) ;
#3289 = CARTESIAN_POINT ( 'NONE',  ( 12.09999999999999964, 1.481822626968297304E-15, 8.900000000000000355 ) ) ;
#3290 = DIRECTION ( 'NONE',  ( -1.000000000000000000, 0.000000000000000000, 0.000000000000000000 ) ) ;
#3291 = FACE_OUTER_BOUND ( 'NONE', #2425, .T. ) ;
#3292 = DIRECTION ( 'NONE',  ( 0.5773502691896177375, 0.5773502691896338357, 0.5773502691896258421 ) ) ;
#3293 = DIRECTION ( 'NONE',  ( -0.000000000000000000, -0.000000000000000000, -1.000000000000000000 ) ) ;
#3294 = CONTEXT_DEPENDENT_SHAPE_REPRESENTATION ( #1764, #2268 ) ;
#3295 = AXIS2_PLACEMENT_3D ( 'NONE', #3657, #2702, #4715 ) ;
#3296 = DIRECTION ( 'NONE',  ( 0.000000000000000000, 0.000000000000000000, 1.000000000000000000 ) ) ;
#3297 = ORIENTED_EDGE ( 'NONE', *, *, #1926, .T. ) ;
#3298 = ORIENTED_EDGE ( 'NONE', *, *, #2495, .T. ) ;
#3299 = AXIS2_PLACEMENT_3D ( 'NONE', #1136, #1732, #1766 ) ;
#3300 = CARTESIAN_POINT ( 'NONE',  ( 1.196285871219460782E-14, 11.70000000000002238, 0.000000000000000000 ) ) ;
#3301 = EDGE_CURVE ( 'NONE', #3177, #3898, #4981, .T. ) ;
#3302 = CYLINDRICAL_SURFACE ( 'NONE', #5371, 4.050000000019508661 ) ;
#3303 = ORIENTED_EDGE ( 'NONE', *, *, #6365, .F. ) ;
#3304 = CARTESIAN_POINT ( 'NONE',  ( 4.050000000037972114, 3.299999999999271516, 0.000000000000000000 ) ) ;
#3305 = EDGE_LOOP ( 'NONE', ( #5962, #658, #1606, #5412 ) ) ;
#3306 = EDGE_CURVE ( 'NONE', #6394, #2064, #3260, .T. ) ;
#3307 = CARTESIAN_POINT ( 'NONE',  ( -12.95000000000000462, -11.19999999999999929, 12.95000000000000639 ) ) ;
#3308 = EDGE_CURVE ( 'NONE', #3341, #5047, #3405, .T. ) ;
#3309 = ADVANCED_FACE ( 'NONE', ( #1911, #926, #2907, #4454 ), #6463, .F. ) ;
#3310 = ORIENTED_EDGE ( 'NONE', *, *, #4077, .T. ) ;
#3311 = LINE ( 'NONE', #4783, #5268 ) ;
#3312 = DIRECTION ( 'NONE',  ( 0.000000000000000000, 0.000000000000000000, 1.000000000000000000 ) ) ;
#3313 = LINE ( 'NONE', #3349, #1320 ) ;
#3314 = VECTOR ( 'NONE', #218, 1000.000000000000000 ) ;
#3315 = CARTESIAN_POINT ( 'NONE',  ( 0.000000000000000000, 0.000000000000000000, 0.000000000000000000 ) ) ;
#3316 = CARTESIAN_POINT ( 'NONE',  ( -13.45000000000000107, 8.900000000000041211, -13.44999999999999929 ) ) ;
#3317 = ORIENTED_EDGE ( 'NONE', *, *, #2494, .F. ) ;
#3318 = CARTESIAN_POINT ( 'NONE',  ( -10.29537610905074274, 10.76788549609337942, 15.20152563016557679 ) ) ;
#3319 = CARTESIAN_POINT ( 'NONE',  ( 7.701012224153967950E-17, 0.9283657450680490308, 0.000000000000000000 ) ) ;
#3320 = FACE_OUTER_BOUND ( 'NONE', #1319, .T. ) ;
#3321 = FACE_OUTER_BOUND ( 'NONE', #1151, .T. ) ;
#3322 = DIRECTION ( 'NONE',  ( 1.000000000000000000, -1.022466556597827761E-15, 0.000000000000000000 ) ) ;
#3323 = VECTOR ( 'NONE', #3642, 1000.000000000000000 ) ;
#3324 = SECURITY_CLASSIFICATION_LEVEL ( 'unclassified' ) ;
#3325 = AXIS2_PLACEMENT_3D ( 'NONE', #2352, #1228, #832 ) ;
#3326 = AXIS2_PLACEMENT_3D ( 'NONE', #6214, #2581, #6177 ) ;
#3327 = DIRECTION ( 'NONE',  ( 0.000000000000000000, -1.000000000000000000, 0.000000000000000000 ) ) ;
#3328 = VERTEX_POINT ( 'NONE', #82 ) ;
#3329 = AXIS2_PLACEMENT_3D ( 'NONE', #3814, #4304, #4368 ) ;
#3330 = ORIENTED_EDGE ( 'NONE', *, *, #3998, .F. ) ;
#3331 = APPLICATION_CONTEXT ( 'configuration controlled 3d designs of mechanical parts and assemblies' ) ;
#3332 = CLOSED_SHELL ( 'NONE', ( #4513, #2940, #1370, #5932, #4193, #281, #1932, #1039, #1810, #3398, #5636, #728, #5714, #2744, #1600, #5675, #325, #721, #1210, #4550, #3073, #272, #597, #925, #2081, #3620, #2700, #3750, #2781, #111, #5083, #4587, #3791, #6161, #154, #3142, #5963, #5672, #4354, #1454 ) ) ;
#3333 = AXIS2_PLACEMENT_3D ( 'NONE', #2957, #2988, #2023 ) ;
#3334 = VERTEX_POINT ( 'NONE', #5910 ) ;
#3335 = CARTESIAN_POINT ( 'NONE',  ( -28.19999999999994600, -1.814434795145768682E-16, 0.000000000000000000 ) ) ;
#3336 = CIRCLE ( 'NONE', #1217, 8.200000000027102942 ) ;
#3337 = AXIS2_PLACEMENT_3D ( 'NONE', #6440, #5459, #2447 ) ;
#3338 = CARTESIAN_POINT ( 'NONE',  ( -28.00162831425916110, -1.801671231706768482E-16, 0.000000000000000000 ) ) ;
#3339 = ORIENTED_EDGE ( 'NONE', *, *, #4150, .F. ) ;
#3340 = FACE_OUTER_BOUND ( 'NONE', #1277, .T. ) ;
#3341 = VERTEX_POINT ( 'NONE', #3935 ) ;
#3342 = CARTESIAN_POINT ( 'NONE',  ( 17.28999999999999915, -1.112467291066326069E-16, 0.000000000000000000 ) ) ;
#3343 = CIRCLE ( 'NONE', #4183, 4.050000000001091394 ) ;
#3344 = ORIENTED_EDGE ( 'NONE', *, *, #2650, .T. ) ;
#3345 = CARTESIAN_POINT ( 'NONE',  ( 0.000000000000000000, 0.000000000000000000, 17.69999999999999929 ) ) ;
#3346 = DIRECTION ( 'NONE',  ( -6.434165940233234309E-18, -1.000000000000000000, 0.000000000000000000 ) ) ;
#3347 = FACE_OUTER_BOUND ( 'NONE', #2806, .T. ) ;
#3348 = EDGE_CURVE ( 'NONE', #1856, #6416, #5414, .T. ) ;
#3349 = CARTESIAN_POINT ( 'NONE',  ( 9.000000000000001776, -11.19999999999999929, -6.500000000000000888 ) ) ;
#3350 = ADVANCED_FACE ( 'NONE', ( #2937 ), #2412, .F. ) ;
#3351 = EDGE_CURVE ( 'NONE', #2606, #2310, #1416, .T. ) ;
#3352 = DIRECTION ( 'NONE',  ( 1.289757231209522150E-16, -1.318733635041948511E-31, 1.000000000000000000 ) ) ;
#3353 = PLANE ( 'NONE',  #6058 ) ;
#3354 = EDGE_LOOP ( 'NONE', ( #6433, #6309, #1956, #3339 ) ) ;
#3355 = AXIS2_PLACEMENT_3D ( 'NONE', #5198, #4312, #5759 ) ;
#3356 = CARTESIAN_POINT ( 'NONE',  ( 9.000000000000001776, -10.79999999999999183, -9.000000000000000000 ) ) ;
#3357 = DIRECTION ( 'NONE',  ( 1.000000000000000000, -1.166200656118863094E-15, 0.000000000000000000 ) ) ;
#3358 = EDGE_CURVE ( 'NONE', #2167, #362, #1386, .T. ) ;
#3359 = CARTESIAN_POINT ( 'NONE',  ( 0.000000000000000000, 0.000000000000000000, 0.000000000000000000 ) ) ;
#3360 = FACE_OUTER_BOUND ( 'NONE', #756, .T. ) ;
#3361 = DIRECTION ( 'NONE',  ( -0.7071067811865549002, -0.7071067811865401342, -6.409875621278754363E-17 ) ) ;
#3362 = COORDINATED_UNIVERSAL_TIME_OFFSET ( 8, 0, .AHEAD. ) ;
#3363 = AXIS2_PLACEMENT_3D ( 'NONE', #5982, #2043, #1495 ) ;
#3364 = B_SPLINE_CURVE_WITH_KNOTS ( 'NONE', 3,
 ( #965, #6038, #444, #472, #1026, #2449, #1949, #4462, #2513, #3974, #4928, #4525 ),
 .UNSPECIFIED., .F., .F.,
 ( 4, 2, 2, 2, 2, 4 ),
 ( 2.343703155816510710E-07, 0.003125847235931074764, 0.006251460101546568379, 0.007814266534354312801, 0.009377072967162058958, 0.01250268583277754954 ),
 .UNSPECIFIED. ) ;
#3365 = DIRECTION ( 'NONE',  ( 0.000000000000000000, -1.000000000000000000, 0.000000000000000000 ) ) ;
#3366 = ORIENTED_EDGE ( 'NONE', *, *, #5076, .T. ) ;
#3367 = ORIENTED_EDGE ( 'NONE', *, *, #4713, .F. ) ;
#3368 = ORIENTED_EDGE ( 'NONE', *, *, #3500, .F. ) ;
#3369 = DIRECTION ( 'NONE',  ( 0.000000000000000000, -1.000000000000000000, 0.000000000000000000 ) ) ;
#3370 = AXIS2_PLACEMENT_3D ( 'NONE', #1254, #1816, #5737 ) ;
#3371 = PLANE ( 'NONE',  #1468 ) ;
#3372 = ORIENTED_EDGE ( 'NONE', *, *, #1152, .F. ) ;
#3373 = AXIS2_PLACEMENT_3D ( 'NONE', #2244, #2776, #868 ) ;
#3374 = DIRECTION ( 'NONE',  ( 0.000000000000000000, 0.000000000000000000, 1.000000000000000000 ) ) ;
#3375 = ORIENTED_EDGE ( 'NONE', *, *, #4547, .F. ) ;
#3376 = AXIS2_PLACEMENT_3D ( 'NONE', #776, #2680, #1167 ) ;
#3377 = DIRECTION ( 'NONE',  ( -1.022466556597827761E-15, -1.000000000000000000, -0.000000000000000000 ) ) ;
#3378 = VERTEX_POINT ( 'NONE', #1940 ) ;
#3379 = DIRECTION ( 'NONE',  ( -8.295235218517768465E-17, -1.000000000000000000, -0.000000000000000000 ) ) ;
#3380 = CARTESIAN_POINT ( 'NONE',  ( -23.63999999999994728, 7.139999999999998792, -8.743978145912100780E-16 ) ) ;
#3381 = CARTESIAN_POINT ( 'NONE',  ( 0.000000000000000000, 0.000000000000000000, 17.69999999999999929 ) ) ;
#3382 = CYLINDRICAL_SURFACE ( 'NONE', #4579, 5.674999999999999822 ) ;
#3383 = AXIS2_PLACEMENT_3D ( 'NONE', #3032, #520, #1568 ) ;
#3384 = CARTESIAN_POINT ( 'NONE',  ( 13.44999999999999929, -8.653953189613700538E-17, 0.000000000000000000 ) ) ;
#3385 = FACE_OUTER_BOUND ( 'NONE', #2231, .T. ) ;
#3386 = VERTEX_POINT ( 'NONE', #3002 ) ;
#3387 = CARTESIAN_POINT ( 'NONE',  ( 2.737427622110259844E-16, 3.299999999999271960, 0.000000000000000000 ) ) ;
#3388 = EDGE_CURVE ( 'NONE', #427, #4043, #1451, .T. ) ;
#3389 = EDGE_CURVE ( 'NONE', #2466, #5740, #6523, .T. ) ;
#3390 = LINE ( 'NONE', #4311, #4328 ) ;
#3391 = CARTESIAN_POINT ( 'NONE',  ( -4.050000000019508661, 3.359570263515879131E-16, 4.959819536570671253E-16 ) ) ;
#3392 = FACE_OUTER_BOUND ( 'NONE', #3699, .T. ) ;
#3393 = DIRECTION ( 'NONE',  ( -0.7071067811865506814, -0.7071067811865443531, -8.747322255004484577E-15 ) ) ;
#3394 = ITEM_DEFINED_TRANSFORMATION ( 'NONE', 'NONE', #58,  #5444 ) ;
#3395 = AXIS2_PLACEMENT_3D ( 'NONE', #6144, #4168, #4728 ) ;
#3396 = EDGE_CURVE ( 'NONE', #3378, #5572, #5013, .T. ) ;
#3397 = EDGE_CURVE ( 'NONE', #2587, #6180, #5025, .T. ) ;
#3398 = ADVANCED_FACE ( 'NONE', ( #956 ), #6032, .T. ) ;
#3399 = DIRECTION ( 'NONE',  ( -1.000000000000000000, -6.434165940233234309E-18, -0.000000000000000000 ) ) ;
#3400 = EDGE_LOOP ( 'NONE', ( #5754, #4615, #3372, #2973 ) ) ;
#3401 = VERTEX_POINT ( 'NONE', #1974 ) ;
#3402 = AXIS2_PLACEMENT_3D ( 'NONE', #4292, #1252, #2463 ) ;
#3403 = VERTEX_POINT ( 'NONE', #3996 ) ;
#3404 = ORIENTED_EDGE ( 'NONE', *, *, #802, .F. ) ;
#3405 = LINE ( 'NONE', #3964, #2619 ) ;
#3406 = ORIENTED_EDGE ( 'NONE', *, *, #3348, .F. ) ;
#3407 = DIRECTION ( 'NONE',  ( -0.5773502691896263972, -0.5773502691896323924, 0.5773502691896184036 ) ) ;
#3408 = ORIENTED_EDGE ( 'NONE', *, *, #2944, .T. ) ;
#3409 = DIRECTION ( 'NONE',  ( -1.000000000000000000, 0.000000000000000000, 0.000000000000000000 ) ) ;
#3410 = ORIENTED_EDGE ( 'NONE', *, *, #3799, .T. ) ;
#3411 = DIRECTION ( 'NONE',  ( 1.000000000000000000, 0.000000000000000000, 0.000000000000000000 ) ) ;
#3412 = DIRECTION ( 'NONE',  ( -1.000000000000000000, -1.942890293094375336E-13, 0.000000000000000000 ) ) ;
#3413 = PLANE ( 'NONE',  #4691 ) ;
#3414 = CARTESIAN_POINT ( 'NONE',  ( 0.000000000000000000, 0.000000000000000000, 17.69999999999999929 ) ) ;
#3415 = DIRECTION ( 'NONE',  ( -0.5773502691896245098, 0.5773502691896365002, 0.5773502691896164052 ) ) ;
#3416 = VERTEX_POINT ( 'NONE', #4883 ) ;
#3417 = CARTESIAN_POINT ( 'NONE',  ( -14.46895012601470221, 3.539043249562458637, 15.20326411158249336 ) ) ;
#3418 = LINE ( 'NONE', #3891, #330 ) ;
#3419 = VECTOR ( 'NONE', #5272, 1000.000000000000000 ) ;
#3420 = CARTESIAN_POINT ( 'NONE',  ( 0.000000000000000000, 0.000000000000000000, 0.000000000000000000 ) ) ;
#3421 = DIRECTION ( 'NONE',  ( -1.000000000000000000, 0.000000000000000000, 0.000000000000000000 ) ) ;
#3422 = FACE_OUTER_BOUND ( 'NONE', #3934, .T. ) ;
#3423 = COORDINATED_UNIVERSAL_TIME_OFFSET ( 8, 0, .AHEAD. ) ;
#3424 = FACE_OUTER_BOUND ( 'NONE', #3354, .T. ) ;
#3425 = EDGE_LOOP ( 'NONE', ( #338, #2868, #882, #4967 ) ) ;
#3426 = ORIENTED_EDGE ( 'NONE', *, *, #288, .T. ) ;
#3427 = ADVANCED_FACE ( 'NONE', ( #6003 ), #4116, .F. ) ;
#3428 = AXIS2_PLACEMENT_3D ( 'NONE', #2956, #5986, #1554 ) ;
#3429 = ADVANCED_FACE ( 'NONE', ( #3902 ), #2557, .T. ) ;
#3430 = EDGE_CURVE ( 'NONE', #1648, #1712, #1628, .T. ) ;
#3431 = ORIENTED_EDGE ( 'NONE', *, *, #1283, .T. ) ;
#3432 = EDGE_LOOP ( 'NONE', ( #4053, #4556 ) ) ;
#3433 = AXIS2_PLACEMENT_3D ( 'NONE', #3608, #73, #4242 ) ;
#3434 = CARTESIAN_POINT ( 'NONE',  ( 12.95000000000000284, 9.150000000000007461, -13.20000000000000462 ) ) ;
#3435 = ORIENTED_EDGE ( 'NONE', *, *, #3990, .T. ) ;
#3436 = EDGE_CURVE ( 'NONE', #5642, #1879, #113, .T. ) ;
#3437 = VERTEX_POINT ( 'NONE', #5760 ) ;
#3438 = FACE_OUTER_BOUND ( 'NONE', #2560, .T. ) ;
#3439 = CIRCLE ( 'NONE', #491, 21.75000000002910738 ) ;
#3440 = AXIS2_PLACEMENT_3D ( 'NONE', #270, #1292, #5354 ) ;
#3441 = VERTEX_POINT ( 'NONE', #616 ) ;
#3442 = CARTESIAN_POINT ( 'NONE',  ( 15.50145376427073707, -1.750694489103266749, 14.77623956929659421 ) ) ;
#3443 = DIRECTION ( 'NONE',  ( 1.000000000000000000, 0.000000000000000000, 0.000000000000000000 ) ) ;
#3444 = DIRECTION ( 'NONE',  ( 0.000000000000000000, 0.000000000000000000, 1.000000000000000000 ) ) ;
#3445 = LINE ( 'NONE', #6471, #1009 ) ;
#3446 = CARTESIAN_POINT ( 'NONE',  ( 1.819990470744134594E-14, 17.80000000000001492, 0.000000000000000000 ) ) ;
#3447 = VECTOR ( 'NONE', #5606, 999.9999999999998863 ) ;
#3448 = CARTESIAN_POINT ( 'NONE',  ( -28.39999999999994174, -1.827303127026234901E-16, 0.000000000000000000 ) ) ;
#3449 = ORIENTED_EDGE ( 'NONE', *, *, #4147, .T. ) ;
#3450 = CARTESIAN_POINT ( 'NONE',  ( -25.65999999999994685, 5.865000000000000213, -7.305018156913961606E-16 ) ) ;
#3451 = DIRECTION ( 'NONE',  ( -6.434165940233234309E-18, -1.000000000000000000, 0.000000000000000000 ) ) ;
#3452 = FACE_OUTER_BOUND ( 'NONE', #1666, .T. ) ;
#3453 = CARTESIAN_POINT ( 'NONE',  ( 3.850000000038109160, 3.299999999999089884, 0.000000000000000000 ) ) ;
#3454 = VECTOR ( 'NONE', #2053, 1000.000000000000000 ) ;
#3455 = ORIENTED_EDGE ( 'NONE', *, *, #2079, .F. ) ;
#3456 = DIRECTION ( 'NONE',  ( 0.000000000000000000, 0.000000000000000000, -1.000000000000000000 ) ) ;
#3457 = FACE_BOUND ( 'NONE', #6241, .T. ) ;
#3458 = ORIENTED_EDGE ( 'NONE', *, *, #931, .T. ) ;
#3459 = ORIENTED_EDGE ( 'NONE', *, *, #563, .F. ) ;
#3460 = AXIS2_PLACEMENT_3D ( 'NONE', #2548, #4558, #1552 ) ;
#3461 = PERSON_AND_ORGANIZATION_ROLE ( 'creator' ) ;
#3462 = VERTEX_POINT ( 'NONE', #5658 ) ;
#3463 = EDGE_LOOP ( 'NONE', ( #5582, #4918, #6152, #3807 ) ) ;
#3464 = AXIS2_PLACEMENT_3D ( 'NONE', #504, #2508, #4519 ) ;
#3465 = EDGE_CURVE ( 'NONE', #4723, #5706, #4736, .T. ) ;
#3466 = ADVANCED_FACE ( 'NONE', ( #2230 ), #676, .T. ) ;
#3467 = CARTESIAN_POINT ( 'NONE',  ( -12.09999999999999964, 0.000000000000000000, 0.000000000000000000 ) ) ;
#3468 = VERTEX_POINT ( 'NONE', #4768 ) ;
#3469 = ORIENTED_EDGE ( 'NONE', *, *, #1573, .T. ) ;
#3470 = LINE ( 'NONE', #3040, #303 ) ;
#3471 = ADVANCED_FACE ( 'NONE', ( #3754 ), #6457, .F. ) ;
#3472 = EDGE_CURVE ( 'NONE', #1809, #5271, #4879, .T. ) ;
#3473 = AXIS2_PLACEMENT_3D ( 'NONE', #433, #2470, #6432 ) ;
#3474 = ORIENTED_EDGE ( 'NONE', *, *, #1888, .T. ) ;
#3475 = VECTOR ( 'NONE', #771, 1000.000000000000000 ) ;
#3476 = DIRECTION ( 'NONE',  ( -0.5000000000003773648, 0.8660254037842206598, 0.000000000000000000 ) ) ;
#3477 = DIRECTION ( 'NONE',  ( -0.000000000000000000, -0.000000000000000000, -1.000000000000000000 ) ) ;
#3478 = VECTOR ( 'NONE', #5948, 1000.000000000000000 ) ;
#3479 = DIRECTION ( 'NONE',  ( 1.000000000000000000, 1.231304080816852664E-16, -0.000000000000000000 ) ) ;
#3480 = CIRCLE ( 'NONE', #5581, 6.065000000000000391 ) ;
#3481 = CARTESIAN_POINT ( 'NONE',  ( 0.000000000000000000, 0.000000000000000000, 0.000000000000000000 ) ) ;
#3482 = ORIENTED_EDGE ( 'NONE', *, *, #970, .T. ) ;
#3483 = ORIENTED_EDGE ( 'NONE', *, *, #5106, .T. ) ;
#3484 = CARTESIAN_POINT ( 'NONE',  ( -9.000000000000001776, -1.199999999999999734, 11.49999999999999822 ) ) ;
#3485 = FACE_OUTER_BOUND ( 'NONE', #6086, .T. ) ;
#3486 = DIRECTION ( 'NONE',  ( -1.000000000000000000, 0.000000000000000000, 0.000000000000000000 ) ) ;
#3487 = LINE ( 'NONE', #2583, #3815 ) ;
#3488 = DIRECTION ( 'NONE',  ( 1.000000000000000000, -1.112002228186409831E-16, 0.000000000000000000 ) ) ;
#3489 = FACE_OUTER_BOUND ( 'NONE', #5120, .T. ) ;
#3490 = ORIENTED_EDGE ( 'NONE', *, *, #1038, .F. ) ;
#3491 = AXIS2_PLACEMENT_3D ( 'NONE', #4727, #206, #2221 ) ;
#3492 = CARTESIAN_POINT ( 'NONE',  ( -9.000000000000001776, 1.102182119232617911E-15, 8.500000000000000000 ) ) ;
#3493 = ORIENTED_EDGE ( 'NONE', *, *, #3508, .F. ) ;
#3494 = ORIENTED_EDGE ( 'NONE', *, *, #923, .T. ) ;
#3495 = PERSON_AND_ORGANIZATION ( #3131, #5968 ) ;
#3496 = DIRECTION ( 'NONE',  ( 0.000000000000000000, -1.000000000000000000, 0.000000000000000000 ) ) ;
#3497 = VERTEX_POINT ( 'NONE', #3125 ) ;
#3498 = ORIENTED_EDGE ( 'NONE', *, *, #532, .T. ) ;
#3499 = CARTESIAN_POINT ( 'NONE',  ( 14.47295043918424184, -3.532114503906610192, 2.498474369834418063 ) ) ;
#3500 = EDGE_CURVE ( 'NONE', #427, #1856, #1708, .T. ) ;
#3501 = EDGE_LOOP ( 'NONE', ( #511, #2915, #3933, #1198 ) ) ;
#3502 = FACE_OUTER_BOUND ( 'NONE', #4948, .T. ) ;
#3503 = ORIENTED_EDGE ( 'NONE', *, *, #402, .F. ) ;
#3504 = DIRECTION ( 'NONE',  ( 1.000000000000000000, 0.000000000000000000, 0.000000000000000000 ) ) ;
#3505 = APPROVAL ( #2620, '未指定' ) ;
#3506 = EDGE_CURVE ( 'NONE', #1879, #2738, #3609, .T. ) ;
#3507 = ORIENTED_EDGE ( 'NONE', *, *, #3358, .F. ) ;
#3508 = EDGE_CURVE ( 'NONE', #1562, #5070, #2624, .T. ) ;
#3509 = CARTESIAN_POINT ( 'NONE',  ( 6.234580980306496656, -14.30000000000001670, 2.923760430703403301 ) ) ;
#3510 = EDGE_CURVE ( 'NONE', #487, #5341, #6250, .T. ) ;
#3511 = VERTEX_POINT ( 'NONE', #2723 ) ;
#3512 = VERTEX_POINT ( 'NONE', #142 ) ;
#3513 = DIRECTION ( 'NONE',  ( 1.000000000000000000, -1.070816960469482969E-16, 0.000000000000000000 ) ) ;
#3514 = LINE ( 'NONE', #6479, #4910 ) ;
#3515 = DIRECTION ( 'NONE',  ( 1.000000000000000000, -8.295235218517768465E-17, 0.000000000000000000 ) ) ;
#3516 = DIRECTION ( 'NONE',  ( -1.000000000000000000, -6.434165940233234309E-18, -0.000000000000000000 ) ) ;
#3517 = ADVANCED_FACE ( 'NONE', ( #216 ), #4179, .T. ) ;
#3518 = CARTESIAN_POINT ( 'NONE',  ( 5.830194705710970871E-16, 7.028365745067730153, 0.000000000000000000 ) ) ;
#3519 = CARTESIAN_POINT ( 'NONE',  ( 12.69999999999999929, 11.70000000000000995, 1.555301434917137052E-15 ) ) ;
#3520 = CARTESIAN_POINT ( 'NONE',  ( 10.29537610905072142, 10.76788549609339007, 2.498474369834418507 ) ) ;
#3521 = B_SPLINE_CURVE_WITH_KNOTS ( 'NONE', 3,
 ( #4695, #5717, #2222, #4656, #1590, #1162, #3149, #1656, #171, #5260, #2186, #3184 ),
 .UNSPECIFIED., .F., .F.,
 ( 4, 2, 2, 2, 2, 4 ),
 ( 0.01340022782317075445, 0.01652990753058985324, 0.01965958723800895550, 0.02278926694542805775, 0.02435410679913760715, 0.02591894665284715654 ),
 .UNSPECIFIED. ) ;
#3522 = VERTEX_POINT ( 'NONE', #4250 ) ;
#3523 = VERTEX_POINT ( 'NONE', #5622 ) ;
#3524 = APPROVAL_STATUS ( 'not_yet_approved' ) ;
#3525 = AXIS2_PLACEMENT_3D ( 'NONE', #3723, #680, #3226 ) ;
#3526 = ORIENTED_EDGE ( 'NONE', *, *, #5771, .F. ) ;
#3527 = ORIENTED_EDGE ( 'NONE', *, *, #1969, .T. ) ;
#3528 = DIRECTION ( 'NONE',  ( 1.000000000000000000, -1.011922027653138524E-15, 0.000000000000000000 ) ) ;
#3529 = CIRCLE ( 'NONE', #4380, 2.499999999999998668 ) ;
#3530 = AXIS2_PLACEMENT_3D ( 'NONE', #4007, #6013, #3567 ) ;
#3531 = ORIENTED_EDGE ( 'NONE', *, *, #2344, .F. ) ;
#3532 = APPROVAL_PERSON_ORGANIZATION ( #3825, #5635, #1376 ) ;
#3533 = CARTESIAN_POINT ( 'NONE',  ( 28.40000000000000213, 0.000000000000000000, 0.000000000000000000 ) ) ;
#3534 = ORIENTED_EDGE ( 'NONE', *, *, #5488, .T. ) ;
#3535 = DIRECTION ( 'NONE',  ( -0.000000000000000000, -0.000000000000000000, -1.000000000000000000 ) ) ;
#3536 = ORIENTED_EDGE ( 'NONE', *, *, #4626, .F. ) ;
#3537 = CARTESIAN_POINT ( 'NONE',  ( -12.95000000000000639, 9.150000000000032330, 13.20000000000000462 ) ) ;
#3538 = CIRCLE ( 'NONE', #5015, 5.674999999999999822 ) ;
#3539 = AXIS2_PLACEMENT_3D ( 'NONE', #4265, #4758, #4692 ) ;
#3540 = AXIS2_PLACEMENT_3D ( 'NONE', #2713, #2644, #3606 ) ;
#3541 = EDGE_CURVE ( 'NONE', #5507, #5307, #2687, .T. ) ;
#3542 = ORIENTED_EDGE ( 'NONE', *, *, #1202, .T. ) ;
#3543 = CARTESIAN_POINT ( 'NONE',  ( -17.00000000002770406, 42.32836574506566762, 0.000000000000000000 ) ) ;
#3544 = CARTESIAN_POINT ( 'NONE',  ( 28.79999999999999716, -1.853039790787171284E-16, 0.000000000000000000 ) ) ;
#3545 = EDGE_CURVE ( 'NONE', #6462, #136, #4216, .T. ) ;
#3546 = CARTESIAN_POINT ( 'NONE',  ( 9.000000000000001776, -1.199999999999999734, -9.000000000000000000 ) ) ;
#3547 = ADVANCED_FACE ( 'NONE', ( #6259 ), #1604, .F. ) ;
#3548 = CARTESIAN_POINT ( 'NONE',  ( 0.000000000000000000, 0.000000000000000000, 17.39999999999999858 ) ) ;
#3549 = PRODUCT_DEFINITION_FORMATION_WITH_SPECIFIED_SOURCE ( '任何', '', #2860, .NOT_KNOWN. ) ;
#3550 = DIRECTION ( 'NONE',  ( -0.7071067811865426878, -0.000000000000000000, -0.7071067811865524577 ) ) ;
#3551 = CARTESIAN_POINT ( 'NONE',  ( 9.000000000000001776, -1.199999999999999734, 9.000000000000000000 ) ) ;
#3552 = EDGE_LOOP ( 'NONE', ( #5101, #1781, #2323 ) ) ;
#3553 = ADVANCED_FACE ( 'NONE', ( #1205 ), #1505, .F. ) ;
#3554 = AXIS2_PLACEMENT_3D ( 'NONE', #4491, #442, #3412 ) ;
#3555 = AXIS2_PLACEMENT_3D ( 'NONE', #2993, #1559, #6024 ) ;
#3556 = CARTESIAN_POINT ( 'NONE',  ( 15.50145376427073529, 1.750694489103284512, 2.923760430703402857 ) ) ;
#3557 = LINE ( 'NONE', #494, #2589 ) ;
#3558 = VERTEX_POINT ( 'NONE', #5303 ) ;
#3559 = DATE_AND_TIME ( #1970, #165 ) ;
#3560 = DIRECTION ( 'NONE',  ( 0.000000000000000000, 0.000000000000000000, -1.000000000000000000 ) ) ;
#3561 = EDGE_LOOP ( 'NONE', ( #4450, #302, #1885, #553 ) ) ;
#3562 = ORIENTED_EDGE ( 'NONE', *, *, #5597, .F. ) ;
#3563 = DIRECTION ( 'NONE',  ( 0.000000000000000000, -1.000000000000000000, 0.000000000000000000 ) ) ;
#3564 = VECTOR ( 'NONE', #6344, 1000.000000000000000 ) ;
#3565 = ORIENTED_EDGE ( 'NONE', *, *, #2213, .T. ) ;
#3566 = CARTESIAN_POINT ( 'NONE',  ( 13.44999999999999751, 8.900000000000014566, -13.44999999999999929 ) ) ;
#3567 = DIRECTION ( 'NONE',  ( 1.000000000000000000, 0.000000000000000000, 0.000000000000000000 ) ) ;
#3568 = EDGE_LOOP ( 'NONE', ( #5027, #897, #3064, #4083 ) ) ;
#3569 = DIRECTION ( 'NONE',  ( 1.000000000000000000, -8.131516293614012087E-17, 0.000000000000000000 ) ) ;
#3570 = AXIS2_PLACEMENT_3D ( 'NONE', #2665, #5112, #93 ) ;
#3571 = ORIENTED_EDGE ( 'NONE', *, *, #4444, .F. ) ;
#3572 = DIRECTION ( 'NONE',  ( -8.295235218517768465E-17, -1.000000000000000000, -0.000000000000000000 ) ) ;
#3573 = AXIS2_PLACEMENT_3D ( 'NONE', #3551, #5560, #980 ) ;
#3574 = LINE ( 'NONE', #1527, #1012 ) ;
#3575 = DIRECTION ( 'NONE',  ( -0.5773502691896164052, 0.5773502691896365002, -0.5773502691896243988 ) ) ;
#3576 = CARTESIAN_POINT ( 'NONE',  ( -15.50145376427073529, -1.750694489103290508, 2.923760430703404190 ) ) ;
#3577 = CYLINDRICAL_SURFACE ( 'NONE', #643, 15.59999999999999964 ) ;
#3578 = CIRCLE ( 'NONE', #3268, 2.500000000027160496 ) ;
#3579 = LINE ( 'NONE', #3025, #709 ) ;
#3580 = CARTESIAN_POINT ( 'NONE',  ( -17.28999999999999915, -7.139999999999999680, 0.000000000000000000 ) ) ;
#3581 = ORIENTED_EDGE ( 'NONE', *, *, #360, .T. ) ;
#3582 = ORIENTED_EDGE ( 'NONE', *, *, #2044, .T. ) ;
#3583 = EDGE_CURVE ( 'NONE', #2064, #6394, #2130, .T. ) ;
#3584 = EDGE_CURVE ( 'NONE', #3401, #5007, #4376, .T. ) ;
#3585 = CONICAL_SURFACE ( 'NONE', #742, 5.865000000000000213, 0.7853981633974504994 ) ;
#3586 = FACE_OUTER_BOUND ( 'NONE', #642, .T. ) ;
#3587 = ORIENTED_EDGE ( 'NONE', *, *, #4232, .F. ) ;
#3588 = ORIENTED_EDGE ( 'NONE', *, *, #2813, .F. ) ;
#3589 = CC_DESIGN_PERSON_AND_ORGANIZATION_ASSIGNMENT ( #3825, #4838, ( #1115 ) ) ;
#3590 = EDGE_CURVE ( 'NONE', #5878, #5307, #981, .T. ) ;
#3591 = AXIS2_PLACEMENT_3D ( 'NONE', #6450, #1868, #4374 ) ;
#3592 = CALENDAR_DATE ( 2026, 21, 4 ) ;
#3593 = AXIS2_PLACEMENT_3D ( 'NONE', #6178, #2248, #2185 ) ;
#3594 = ADVANCED_FACE ( 'NONE', ( #3856 ), #5189, .T. ) ;
#3595 = CARTESIAN_POINT ( 'NONE',  ( 9.266872783964224425, -12.54930551089673152, 14.77623956929659421 ) ) ;
#3596 = ORIENTED_EDGE ( 'NONE', *, *, #1494, .F. ) ;
#3597 = DIRECTION ( 'NONE',  ( 1.000000000000000000, -8.131516293614012087E-17, 0.000000000000000000 ) ) ;
#3598 = CARTESIAN_POINT ( 'NONE',  ( 1.348340146305777267E-14, 13.18713201527360113, 0.000000000000000000 ) ) ;
#3599 = FACE_OUTER_BOUND ( 'NONE', #2763, .T. ) ;
#3600 = ORIENTED_EDGE ( 'NONE', *, *, #2774, .T. ) ;
#3601 = AXIS2_PLACEMENT_3D ( 'NONE', #4814, #5345, #821 ) ;
#3602 = CARTESIAN_POINT ( 'NONE',  ( -25.65999999999994685, 5.865000000000000213, 0.000000000000000000 ) ) ;
#3603 = VERTEX_POINT ( 'NONE', #6421 ) ;
#3604 = CARTESIAN_POINT ( 'NONE',  ( 6.234580980306462905, 14.30000000000002913, 17.69999999999999929 ) ) ;
#3605 = FACE_OUTER_BOUND ( 'NONE', #4115, .T. ) ;
#3606 = DIRECTION ( 'NONE',  ( 1.000000000000000000, 0.000000000000000000, 0.000000000000000000 ) ) ;
#3607 = CARTESIAN_POINT ( 'NONE',  ( 3.519532737926319090E-15, 42.42836574506691250, 0.000000000000000000 ) ) ;
#3608 = CARTESIAN_POINT ( 'NONE',  ( -9.000000000000001776, -10.79999999999999183, 9.000000000000000000 ) ) ;
#3609 = CIRCLE ( 'NONE', #459, 2.100000000024923708 ) ;
#3610 = UNCERTAINTY_MEASURE_WITH_UNIT (LENGTH_MEASURE( 1.000000000000000082E-05 ), #4784, 'distance_accuracy_value', 'NONE');
#3611 = CARTESIAN_POINT ( 'NONE',  ( 28.40000000000000213, 2.990000000000000213, 0.000000000000000000 ) ) ;
#3612 = DIRECTION ( 'NONE',  ( -0.5773502691896185146, -0.5773502691896325034, -0.5773502691896265082 ) ) ;
#3613 = ORIENTED_EDGE ( 'NONE', *, *, #4151, .T. ) ;
#3614 = CARTESIAN_POINT ( 'NONE',  ( 12.91802797970444772, 6.225319205555585711, 15.52582246933062038 ) ) ;
#3615 = DIRECTION ( 'NONE',  ( -1.954828175079010964E-13, 1.000000000000000000, -0.000000000000000000 ) ) ;
#3616 = DIRECTION ( 'NONE',  ( 0.000000000000000000, -1.000000000000000000, 0.000000000000000000 ) ) ;
#3617 = ORIENTED_EDGE ( 'NONE', *, *, #3658, .T. ) ;
#3618 = APPROVAL_STATUS ( 'not_yet_approved' ) ;
#3619 = DIRECTION ( 'NONE',  ( 0.000000000000000000, 0.000000000000000000, -1.000000000000000000 ) ) ;
#3620 = ADVANCED_FACE ( 'NONE', ( #3392 ), #2826, .T. ) ;
#3621 = EDGE_LOOP ( 'NONE', ( #3277, #4336, #1448, #2556 ) ) ;
#3622 = VECTOR ( 'NONE', #3393, 1000.000000000000114 ) ;
#3623 = ADVANCED_FACE ( 'NONE', ( #6454 ), #3893, .T. ) ;
#3624 = EDGE_CURVE ( 'NONE', #114, #6426, #1922, .T. ) ;
#3625 = DIRECTION ( 'NONE',  ( -0.000000000000000000, -0.000000000000000000, -1.000000000000000000 ) ) ;
#3626 = EDGE_CURVE ( 'NONE', #2936, #3126, #5899, .T. ) ;
#3627 = DIRECTION ( 'NONE',  ( -1.000000000000000000, -6.434165940233234309E-18, -0.000000000000000000 ) ) ;
#3628 = CARTESIAN_POINT ( 'NONE',  ( -13.45000000000000107, -10.70000000000001172, -13.44999999999999929 ) ) ;
#3629 = ORIENTED_EDGE ( 'NONE', *, *, #4428, .F. ) ;
#3630 = CIRCLE ( 'NONE', #3006, 14.00000000000000000 ) ;
#3631 = CIRCLE ( 'NONE', #133, 4.200000000043141668 ) ;
#3632 = AXIS2_PLACEMENT_3D ( 'NONE', #1654, #169, #4240 ) ;
#3633 = CARTESIAN_POINT ( 'NONE',  ( 8.250000000000000000, 1.010333609296566550E-15, 17.69999999999999929 ) ) ;
#3634 = ORIENTED_EDGE ( 'NONE', *, *, #729, .F. ) ;
#3635 = DIRECTION ( 'NONE',  ( -1.000000000000000000, 6.434165940233234309E-18, -0.000000000000000000 ) ) ;
#3636 = CONICAL_SURFACE ( 'NONE', #689, 2.499999999999998668, 0.7853981633974482790 ) ;
#3637 = CARTESIAN_POINT ( 'NONE',  ( -15.50145376427073529, -1.750694489103290286, 14.77623956929659244 ) ) ;
#3638 = DIRECTION ( 'NONE',  ( 0.000000000000000000, -1.000000000000000000, 0.000000000000000000 ) ) ;
#3639 = CARTESIAN_POINT ( 'NONE',  ( 0.000000000000000000, 8.128365745067640091, 0.000000000000000000 ) ) ;
#3640 = DIRECTION ( 'NONE',  ( 0.000000000000000000, -1.000000000000000000, 0.000000000000000000 ) ) ;
#3641 = VECTOR ( 'NONE', #4562, 1000.000000000000000 ) ;
#3642 = DIRECTION ( 'NONE',  ( -8.295235218517768465E-17, -1.000000000000000000, -0.000000000000000000 ) ) ;
#3643 = AXIS2_PLACEMENT_3D ( 'NONE', #4919, #3407, #5416 ) ;
#3644 = DIRECTION ( 'NONE',  ( 0.000000000000000000, 0.000000000000000000, 1.000000000000000000 ) ) ;
#3645 = VERTEX_POINT ( 'NONE', #320 ) ;
#3646 = PRODUCT_DEFINITION_FORMATION_WITH_SPECIFIED_SOURCE ( '任何', '', #1858, .NOT_KNOWN. ) ;
#3647 = CARTESIAN_POINT ( 'NONE',  ( -13.45000000000000639, 8.900000000000041211, 13.44999999999999929 ) ) ;
#3648 = CARTESIAN_POINT ( 'NONE',  ( -9.000000000000001776, -10.79999999999999183, 11.49999999999999822 ) ) ;
#3649 = DIRECTION ( 'NONE',  ( 1.000000000000000000, -8.295235218517768465E-17, 0.000000000000000000 ) ) ;
#3650 = VERTEX_POINT ( 'NONE', #1803 ) ;
#3651 = DIRECTION ( 'NONE',  ( -0.000000000000000000, -0.000000000000000000, -1.000000000000000000 ) ) ;
#3652 = APPROVAL_STATUS ( 'not_yet_approved' ) ;
#3653 = CC_DESIGN_SECURITY_CLASSIFICATION ( #1115, ( #6532 ) ) ;
#3654 = AXIS2_PLACEMENT_3D ( 'NONE', #2635, #5209, #4645 ) ;
#3655 = DIRECTION ( 'NONE',  ( 1.000000000000000000, -8.295235218517769698E-17, 0.000000000000000000 ) ) ;
#3656 = ORIENTED_EDGE ( 'NONE', *, *, #6001, .F. ) ;
#3657 = CARTESIAN_POINT ( 'NONE',  ( -13.45000000000000107, 17.80000000000000071, -12.95000000000001350 ) ) ;
#3658 = EDGE_CURVE ( 'NONE', #3188, #4174, #2430, .T. ) ;
#3659 = EDGE_CURVE ( 'NONE', #824, #1812, #6387, .T. ) ;
#3660 = DIRECTION ( 'NONE',  ( -0.000000000000000000, -0.000000000000000000, -1.000000000000000000 ) ) ;
#3661 = ORIENTED_EDGE ( 'NONE', *, *, #3798, .F. ) ;
#3662 = DIRECTION ( 'NONE',  ( 0.000000000000000000, -0.5150380749100547106, -0.8571673007021120005 ) ) ;
#3663 = ORIENTED_EDGE ( 'NONE', *, *, #4267, .T. ) ;
#3664 = EDGE_CURVE ( 'NONE', #5349, #5774, #5072, .T. ) ;
#3665 = EDGE_CURVE ( 'NONE', #362, #186, #1061, .T. ) ;
#3666 = FACE_OUTER_BOUND ( 'NONE', #2374, .T. ) ;
#3667 = EDGE_LOOP ( 'NONE', ( #3214, #2886, #3746, #1029 ) ) ;
#3668 = DIRECTION ( 'NONE',  ( 2.860220075806771447E-16, 0.000000000000000000, 1.000000000000000000 ) ) ;
#3669 = CARTESIAN_POINT ( 'NONE',  ( 24.47999999999994358, 6.299999999999999822, 8.229626490270214065E-16 ) ) ;
#3670 = CARTESIAN_POINT ( 'NONE',  ( 0.000000000000000000, 0.000000000000000000, 14.77623956929659421 ) ) ;
#3671 = VECTOR ( 'NONE', #2473, 1000.000000000000000 ) ;
#3672 = CARTESIAN_POINT ( 'NONE',  ( -13.70000000000000107, 1.677766114831873975E-15, 17.39999999999999858 ) ) ;
#3673 = DIRECTION ( 'NONE',  ( 0.000000000000000000, -1.000000000000000000, 0.000000000000000000 ) ) ;
#3674 = ORIENTED_EDGE ( 'NONE', *, *, #6162, .T. ) ;
#3675 = DIRECTION ( 'NONE',  ( -8.295235218517768465E-17, -1.000000000000000000, -0.000000000000000000 ) ) ;
#3676 = CARTESIAN_POINT ( 'NONE',  ( 12.95000000000000639, -11.19999999999999929, -2.505353421624497861E-15 ) ) ;
#3677 = ORIENTED_EDGE ( 'NONE', *, *, #2537, .T. ) ;
#3678 = ADVANCED_BREP_SHAPE_REPRESENTATION ( '', ( #3838, #5444 ), #5756 ) ;
#3679 = AXIS2_PLACEMENT_3D ( 'NONE', #4947, #2439, #1880 ) ;
#3680 = DATE_AND_TIME ( #2120, #1750 ) ;
#3681 = CARTESIAN_POINT ( 'NONE',  ( 0.000000000000000000, 0.000000000000000000, 8.500000000000000000 ) ) ;
#3682 = AXIS2_PLACEMENT_3D ( 'NONE', #372, #5849, #5256 ) ;
#3683 = DIRECTION ( 'NONE',  ( 1.000000000000000000, 0.000000000000000000, 0.000000000000000000 ) ) ;
#3684 = DIRECTION ( 'NONE',  ( 1.000000000000000000, -8.295235218517769698E-17, 0.000000000000000000 ) ) ;
#3685 = EDGE_LOOP ( 'NONE', ( #2437, #223 ) ) ;
#3686 = CONICAL_SURFACE ( 'NONE', #529, 14.00000000000000000, 1.047197551196596521 ) ;
#3687 = CONICAL_SURFACE ( 'NONE', #2525, 21.55000000002746674, 0.7853981633991743427 ) ;
#3688 = CARTESIAN_POINT ( 'NONE',  ( 13.44999999999999751, -10.70000000000001172, -13.44999999999999929 ) ) ;
#3689 = PERSON_AND_ORGANIZATION ( #3131, #5968 ) ;
#3690 = DIRECTION ( 'NONE',  ( -0.7071067811864676367, -0.7071067811866275088, 8.659560562353952945E-17 ) ) ;
#3691 = ORIENTED_EDGE ( 'NONE', *, *, #6198, .F. ) ;
#3692 = ORIENTED_EDGE ( 'NONE', *, *, #5846, .F. ) ;
#3693 = CONICAL_SURFACE ( 'NONE', #1682, 6.299999999999999822, 0.7853981633974492782 ) ;
#3694 = CARTESIAN_POINT ( 'NONE',  ( -25.45999999999994756, 6.065000000000000391, -7.427482836828697149E-16 ) ) ;
#3695 = AXIS2_PLACEMENT_3D ( 'NONE', #6048, #1005, #2488 ) ;
#3696 = CARTESIAN_POINT ( 'NONE',  ( 17.00000000002819434, 44.82836574506518446, 0.000000000000000000 ) ) ;
#3697 = ORIENTED_EDGE ( 'NONE', *, *, #228, .F. ) ;
#3698 = LINE ( 'NONE', #3105, #2164 ) ;
#3699 = EDGE_LOOP ( 'NONE', ( #4756, #3562, #4231, #4778 ) ) ;
#3700 = AXIS2_PLACEMENT_3D ( 'NONE', #2489, #3516, #3054 ) ;
#3701 = PLANE ( 'NONE',  #1244 ) ;
#3702 = ORIENTED_EDGE ( 'NONE', *, *, #1444, .F. ) ;
#3703 = DIRECTION ( 'NONE',  ( 0.000000000000000000, 0.000000000000000000, -1.000000000000000000 ) ) ;
#3704 = DIRECTION ( 'NONE',  ( -6.434165940233234309E-18, -1.000000000000000000, 0.000000000000000000 ) ) ;
#3705 = LINE ( 'NONE', #5713, #5009 ) ;
#3706 = CC_DESIGN_PERSON_AND_ORGANIZATION_ASSIGNMENT ( #3067, #2003, ( #1858 ) ) ;
#3707 = EDGE_CURVE ( 'NONE', #5572, #2998, #1806, .T. ) ;
#3708 = VECTOR ( 'NONE', #2586, 999.9999999999998863 ) ;
#3709 = CARTESIAN_POINT ( 'NONE',  ( -3.850000000038108272, 3.499999999999090505, 4.837354856678659834E-16 ) ) ;
#3710 = DIRECTION ( 'NONE',  ( 1.000000000000000000, 0.000000000000000000, 0.000000000000000000 ) ) ;
#3711 = VERTEX_POINT ( 'NONE', #4870 ) ;
#3712 = ADVANCED_FACE ( 'NONE', ( #3360 ), #5432, .T. ) ;
#3713 = ADVANCED_FACE ( 'NONE', ( #3321 ), #5334, .F. ) ;
#3714 = CARTESIAN_POINT ( 'NONE',  ( 5.000671183859383105E-16, 6.028365745067957526, 0.000000000000000000 ) ) ;
#3715 = FACE_OUTER_BOUND ( 'NONE', #6028, .T. ) ;
#3716 = ORIENTED_EDGE ( 'NONE', *, *, #2774, .F. ) ;
#3717 = COORDINATED_UNIVERSAL_TIME_OFFSET ( 8, 0, .AHEAD. ) ;
#3718 = DIRECTION ( 'NONE',  ( -0.000000000000000000, -0.000000000000000000, -1.000000000000000000 ) ) ;
#3719 = EDGE_CURVE ( 'NONE', #466, #4576, #438, .T. ) ;
#3720 = CARTESIAN_POINT ( 'NONE',  ( 1.819990470744134278E-14, 17.80000000000001137, 0.000000000000000000 ) ) ;
#3721 = CARTESIAN_POINT ( 'NONE',  ( 0.000000000000000000, 10.02836574506841316, 0.000000000000000000 ) ) ;
#3722 = EDGE_LOOP ( 'NONE', ( #5520, #6018, #1455, #3507 ) ) ;
#3723 = CARTESIAN_POINT ( 'NONE',  ( 0.000000000000000000, 0.000000000000000000, 0.000000000000000000 ) ) ;
#3724 = APPROVAL_DATE_TIME ( #5171, #2533 ) ;
#3725 = AXIS2_PLACEMENT_3D ( 'NONE', #6226, #5728, #1700 ) ;
#3726 = CARTESIAN_POINT ( 'NONE',  ( 0.000000000000000000, 0.000000000000000000, 0.000000000000000000 ) ) ;
#3727 = VERTEX_POINT ( 'NONE', #4900 ) ;
#3728 = ORIENTED_EDGE ( 'NONE', *, *, #6050, .F. ) ;
#3729 = CARTESIAN_POINT ( 'NONE',  ( 24.47999999999994358, -6.299999999999999822, 0.000000000000000000 ) ) ;
#3730 = AXIS2_PLACEMENT_3D ( 'NONE', #6292, #4735, #6258 ) ;
#3731 = AXIS2_PLACEMENT_3D ( 'NONE', #6455, #2295, #3857 ) ;
#3732 = CARTESIAN_POINT ( 'NONE',  ( 25.65999999999994685, 5.865000000000000213, 7.305018156913961606E-16 ) ) ;
#3733 = ORIENTED_EDGE ( 'NONE', *, *, #5036, .F. ) ;
#3734 = CARTESIAN_POINT ( 'NONE',  ( 7.074479988488562555E-16, 8.528365745067640447, 0.000000000000000000 ) ) ;
#3735 = EDGE_LOOP ( 'NONE', ( #6, #1612, #211, #1741 ) ) ;
#3736 = DIRECTION ( 'NONE',  ( 9.614813431917922620E-17, 0.7071067811865440200, -0.7071067811865511255 ) ) ;
#3737 = ORIENTED_EDGE ( 'NONE', *, *, #5763, .T. ) ;
#3738 = CARTESIAN_POINT ( 'NONE',  ( 15.50145376427073529, 1.750694489103284512, 17.69999999999999929 ) ) ;
#3739 = LINE ( 'NONE', #2608, #1325 ) ;
#3740 = DIRECTION ( 'NONE',  ( -1.000000000000000000, 6.434165940233234309E-18, -0.000000000000000000 ) ) ;
#3741 = DIRECTION ( 'NONE',  ( 0.000000000000000000, -0.000000000000000000, 1.000000000000000000 ) ) ;
#3742 = FACE_OUTER_BOUND ( 'NONE', #3764, .T. ) ;
#3743 = CIRCLE ( 'NONE', #152, 7.139999999999998792 ) ;
#3744 = DIRECTION ( 'NONE',  ( 1.000000000000000000, -1.011922027653138524E-15, 0.000000000000000000 ) ) ;
#3745 = CARTESIAN_POINT ( 'NONE',  ( 5.000671183859383105E-16, 6.028365745067957526, 0.000000000000000000 ) ) ;
#3746 = ORIENTED_EDGE ( 'NONE', *, *, #4113, .F. ) ;
#3747 = ADVANCED_FACE ( 'NONE', ( #1470 ), #4047, .T. ) ;
#3748 = VECTOR ( 'NONE', #65, 999.9999999999998863 ) ;
#3749 = CIRCLE ( 'NONE', #378, 6.299999999999999822 ) ;
#3750 = ADVANCED_FACE ( 'NONE', ( #1929 ), #3577, .T. ) ;
#3751 = EDGE_CURVE ( 'NONE', #5858, #4037, #2011, .T. ) ;
#3752 = CARTESIAN_POINT ( 'NONE',  ( -13.45000000000000639, 8.900000000000041211, 13.44999999999999929 ) ) ;
#3753 = DIRECTION ( 'NONE',  ( 1.954828175079010964E-13, 1.000000000000000000, 0.000000000000000000 ) ) ;
#3754 = FACE_OUTER_BOUND ( 'NONE', #4062, .T. ) ;
#3755 = APPROVAL_PERSON_ORGANIZATION ( #6326, #2732, #4316 ) ;
#3756 = ORIENTED_EDGE ( 'NONE', *, *, #6209, .F. ) ;
#3757 = CIRCLE ( 'NONE', #694, 0.2999999999999999334 ) ;
#3758 = DIRECTION ( 'NONE',  ( 1.000000000000000000, 0.000000000000000000, 0.000000000000000000 ) ) ;
#3759 = CALENDAR_DATE ( 2026, 21, 4 ) ;
#3760 = ADVANCED_FACE ( 'NONE', ( #2461 ), #222, .T. ) ;
#3761 = EDGE_CURVE ( 'NONE', #855, #2936, #5702, .T. ) ;
#3762 = CLOSED_SHELL ( 'NONE', ( #2995, #4753, #3471, #29, #3833, #6374, #5159, #2693, #3594, #363, #2257, #140, #636, #1160, #1976, #6126, #2298, #5518, #4915, #2614, #498, #2170, #6366, #2173, #1408, #6249, #108, #2615, #1899, #3141, #5527, #1113, #3713, #1718, #811, #489, #4474, #683, #364, #3309, #5933, #3466, #2491, #6089, #2126, #3429, #1250, #2603, #1280, #3271, #4200, #3712, #3834, #5803, #3553, #6082, #6327, #4998, #3841, #1201, #638, #599 ) ) ;
#3763 = DIRECTION ( 'NONE',  ( -1.022466556597827761E-15, -1.000000000000000000, -0.000000000000000000 ) ) ;
#3764 = EDGE_LOOP ( 'NONE', ( #5377, #4516, #3571, #5842 ) ) ;
#3765 = ORIENTED_EDGE ( 'NONE', *, *, #2455, .T. ) ;
#3766 = ADVANCED_FACE ( 'NONE', ( #5502 ), #3087, .T. ) ;
#3767 = AXIS2_PLACEMENT_3D ( 'NONE', #4523, #2544, #5547 ) ;
#3768 = DIRECTION ( 'NONE',  ( -1.000000000000000000, -6.434165940233234309E-18, -0.000000000000000000 ) ) ;
#3769 = AXIS2_PLACEMENT_3D ( 'NONE', #1166, #5688, #2716 ) ;
#3770 = DIRECTION ( 'NONE',  ( 0.000000000000000000, -0.5150380749100547106, -0.8571673007021120005 ) ) ;
#3771 = ORIENTED_EDGE ( 'NONE', *, *, #3, .F. ) ;
#3772 = LINE ( 'NONE', #4853, #5544 ) ;
#3773 = ORIENTED_EDGE ( 'NONE', *, *, #4443, .T. ) ;
#3774 = DIRECTION ( 'NONE',  ( 0.000000000000000000, -0.7071067811865479058, -0.7071067811865471286 ) ) ;
#3775 = ORIENTED_EDGE ( 'NONE', *, *, #4428, .T. ) ;
#3776 = CARTESIAN_POINT ( 'NONE',  ( 7.349999999999999645, -3.084843528204037854E-15, 0.000000000000000000 ) ) ;
#3777 = CARTESIAN_POINT ( 'NONE',  ( -13.20000000000000462, -10.95000000000000462, -12.95000000000000995 ) ) ;
#3778 = CARTESIAN_POINT ( 'NONE',  ( 18.23723113669791474, 2.233416673686754970E-15, 13.25363346260878217 ) ) ;
#3779 = LINE ( 'NONE', #3847, #1845 ) ;
#3780 = CIRCLE ( 'NONE', #1349, 11.89999999999998970 ) ;
#3781 = PLANE ( 'NONE',  #2682 ) ;
#3782 = DIRECTION ( 'NONE',  ( -0.000000000000000000, -1.000000000000000000, -0.000000000000000000 ) ) ;
#3783 = ORIENTED_EDGE ( 'NONE', *, *, #3584, .T. ) ;
#3784 = AXIS2_PLACEMENT_3D ( 'NONE', #1674, #2599, #5082 ) ;
#3785 = DIRECTION ( 'NONE',  ( -1.000000000000000000, -6.434165940233234309E-18, -0.000000000000000000 ) ) ;
#3786 = CARTESIAN_POINT ( 'NONE',  ( -10.99999999999996270, 17.80000000000002203, 1.347111479062086038E-15 ) ) ;
#3787 = LINE ( 'NONE', #5793, #3269 ) ;
#3788 = DIRECTION ( 'NONE',  ( -0.000000000000000000, -0.000000000000000000, -1.000000000000000000 ) ) ;
#3789 = CARTESIAN_POINT ( 'NONE',  ( -28.40000000000000213, -2.990000000000000213, -3.661693929450586117E-16 ) ) ;
#3790 = COORDINATED_UNIVERSAL_TIME_OFFSET ( 8, 0, .AHEAD. ) ;
#3791 = ADVANCED_FACE ( 'NONE', ( #5587 ), #1487, .T. ) ;
#3792 = CONICAL_SURFACE ( 'NONE', #3570, 11.89999999999998792, 0.7853981633974385090 ) ;
#3793 = CARTESIAN_POINT ( 'NONE',  ( -28.19999999999994600, -1.814434795145768682E-16, 0.000000000000000000 ) ) ;
#3794 = ORIENTED_EDGE ( 'NONE', *, *, #5146, .T. ) ;
#3795 = AXIS2_PLACEMENT_3D ( 'NONE', #6317, #4966, #5463 ) ;
#3796 = EDGE_LOOP ( 'NONE', ( #3899, #5523, #1733, #2834 ) ) ;
#3797 = CC_DESIGN_PERSON_AND_ORGANIZATION_ASSIGNMENT ( #1625, #2684, ( #1018 ) ) ;
#3798 = EDGE_CURVE ( 'NONE', #989, #3511, #3023, .T. ) ;
#3799 = EDGE_CURVE ( 'NONE', #6330, #733, #5806, .T. ) ;
#3800 = AXIS2_PLACEMENT_3D ( 'NONE', #5291, #4337, #6346 ) ;
#3801 = EDGE_CURVE ( 'NONE', #2236, #4583, #4862, .T. ) ;
#3802 = CARTESIAN_POINT ( 'NONE',  ( 8.000000000026830094, 0.7283657450677751832, 1.040949779278508135E-15 ) ) ;
#3803 = CIRCLE ( 'NONE', #4011, 4.837520861406831685 ) ;
#3804 = DIRECTION ( 'NONE',  ( 0.000000000000000000, -1.000000000000000000, 0.000000000000000000 ) ) ;
#3805 = VERTEX_POINT ( 'NONE', #1991 ) ;
#3806 = FACE_OUTER_BOUND ( 'NONE', #125, .T. ) ;
#3807 = ORIENTED_EDGE ( 'NONE', *, *, #3228, .F. ) ;
#3808 = DIRECTION ( 'NONE',  ( -8.295235218517768465E-17, -1.000000000000000000, -0.000000000000000000 ) ) ;
#3809 = AXIS2_PLACEMENT_3D ( 'NONE', #3672, #3211, #1161 ) ;
#3810 = ORIENTED_EDGE ( 'NONE', *, *, #2910, .F. ) ;
#3811 = CARTESIAN_POINT ( 'NONE',  ( -4.400000000044656190, 0.7283657450677766265, 5.388445916303042781E-16 ) ) ;
#3812 = PLANE ( 'NONE',  #3842 ) ;
#3813 = DIRECTION ( 'NONE',  ( 0.000000000000000000, 0.000000000000000000, -1.000000000000000000 ) ) ;
#3814 = CARTESIAN_POINT ( 'NONE',  ( 6.041965180448152198E-17, 0.7283657450677762935, 0.000000000000000000 ) ) ;
#3815 = VECTOR ( 'NONE', #1531, 1000.000000000000000 ) ;
#3816 = CARTESIAN_POINT ( 'NONE',  ( 1.433720039896591820E-16, 1.728365745067775849, 0.000000000000000000 ) ) ;
#3817 = MANIFOLD_SOLID_BREP ( '镜向1', #3762 ) ;
#3818 = DIRECTION ( 'NONE',  ( -0.000000000000000000, -0.000000000000000000, -1.000000000000000000 ) ) ;
#3819 = ORIENTED_EDGE ( 'NONE', *, *, #2367, .F. ) ;
#3820 = FACE_OUTER_BOUND ( 'NONE', #2009, .T. ) ;
#3821 = CARTESIAN_POINT ( 'NONE',  ( -8.250000000000000000, 1.010333609296566550E-15, 7.750000000000008882 ) ) ;
#3822 = CARTESIAN_POINT ( 'NONE',  ( 4.050000000001091394, 1.818653347945654586, 0.000000000000000000 ) ) ;
#3823 = CARTESIAN_POINT ( 'NONE',  ( 0.1083897543756196236, 0.3304673161057424813, 0.000000000000000000 ) ) ;
#3824 = CARTESIAN_POINT ( 'NONE',  ( 10.99999999999999822, 13.18713201527359047, 0.000000000000000000 ) ) ;
#3825 = PERSON_AND_ORGANIZATION ( #5957, #4688 ) ;
#3826 = CARTESIAN_POINT ( 'NONE',  ( 0.000000000000000000, 0.000000000000000000, 17.69999999999999929 ) ) ;
#3827 = VERTEX_POINT ( 'NONE', #1065 ) ;
#3828 = ORIENTED_EDGE ( 'NONE', *, *, #3396, .T. ) ;
#3829 = AXIS2_PLACEMENT_3D ( 'NONE', #1902, #3924, #386 ) ;
#3830 = ORIENTED_EDGE ( 'NONE', *, *, #1485, .T. ) ;
#3831 = CARTESIAN_POINT ( 'NONE',  ( 13.45000000000000107, 8.900000000000014566, 12.95000000000001350 ) ) ;
#3832 = EDGE_CURVE ( 'NONE', #1788, #733, #3487, .T. ) ;
#3833 = ADVANCED_FACE ( 'NONE', ( #2025 ), #6339, .F. ) ;
#3834 = ADVANCED_FACE ( 'NONE', ( #4972 ), #6020, .T. ) ;
#3835 = PLANE ( 'NONE',  #5474 ) ;
#3836 = ORIENTED_EDGE ( 'NONE', *, *, #6405, .F. ) ;
#3837 = DIRECTION ( 'NONE',  ( -0.000000000000000000, -0.000000000000000000, -1.000000000000000000 ) ) ;
#3838 = MANIFOLD_SOLID_BREP ( '倒角4', #3332 ) ;
#3839 = VERTEX_POINT ( 'NONE', #4535 ) ;
#3840 = CARTESIAN_POINT ( 'NONE',  ( 28.79999999999999716, -4.606580753730955990, 0.000000000000000000 ) ) ;
#3841 = ADVANCED_FACE ( 'NONE', ( #4018 ), #5468, .F. ) ;
#3842 = AXIS2_PLACEMENT_3D ( 'NONE', #3381, #3312, #271 ) ;
#3843 = ORIENTED_EDGE ( 'NONE', *, *, #5802, .T. ) ;
#3844 = DIRECTION ( 'NONE',  ( 0.000000000000000000, 0.000000000000000000, 1.000000000000000000 ) ) ;
#3845 = DIRECTION ( 'NONE',  ( -0.000000000000000000, -0.000000000000000000, -1.000000000000000000 ) ) ;
#3846 = DIRECTION ( 'NONE',  ( 0.000000000000000000, 1.000000000000000000, 0.000000000000000000 ) ) ;
#3847 = CARTESIAN_POINT ( 'NONE',  ( 28.40000000000000213, -2.990000000000000213, 3.661693929450586117E-16 ) ) ;
#3848 = VECTOR ( 'NONE', #1375, 1000.000000000000000 ) ;
#3849 = CARTESIAN_POINT ( 'NONE',  ( -28.39999999999994174, -1.827303127026234901E-16, 0.000000000000000000 ) ) ;
#3850 = CARTESIAN_POINT ( 'NONE',  ( 0.000000000000000000, 8.128365745067640091, 0.000000000000000000 ) ) ;
#3851 = ORIENTED_EDGE ( 'NONE', *, *, #5146, .F. ) ;
#3852 = LINE ( 'NONE', #1270, #682 ) ;
#3853 = CIRCLE ( 'NONE', #5104, 4.050000000037925929 ) ;
#3854 = CARTESIAN_POINT ( 'NONE',  ( 24.47999999999994714, 6.299999999999999822, 0.000000000000000000 ) ) ;
#3855 = CARTESIAN_POINT ( 'NONE',  ( 0.1083897543756176390, 2.299999999999995826, 0.000000000000000000 ) ) ;
#3856 = FACE_OUTER_BOUND ( 'NONE', #3008, .T. ) ;
#3857 = DIRECTION ( 'NONE',  ( 0.000000000000000000, -1.000000000000000000, 0.000000000000000000 ) ) ;
#3858 = DATE_TIME_ROLE ( 'classification_date' ) ;
#3859 = AXIS2_PLACEMENT_3D ( 'NONE', #971, #4991, #1953 ) ;
#3860 = AXIS2_PLACEMENT_3D ( 'NONE', #4044, #5950, #4466 ) ;
#3861 = CC_DESIGN_APPROVAL ( #2732, ( #692 ) ) ;
#3862 = DIRECTION ( 'NONE',  ( -0.000000000000000000, -0.000000000000000000, -1.000000000000000000 ) ) ;
#3863 = EDGE_LOOP ( 'NONE', ( #2636, #26 ) ) ;
#3864 = CONICAL_SURFACE ( 'NONE', #5108, 8.000000000026830094, 0.7853981633973351473 ) ;
#3865 = VERTEX_POINT ( 'NONE', #1034 ) ;
#3866 = AXIS2_PLACEMENT_3D ( 'NONE', #875, #2889, #4898 ) ;
#3867 = ORIENTED_EDGE ( 'NONE', *, *, #4913, .T. ) ;
#3868 = CARTESIAN_POINT ( 'NONE',  ( 0.000000000000000000, 0.000000000000000000, 0.000000000000000000 ) ) ;
#3869 = PRODUCT_DEFINITION_SHAPE ( 'NONE', 'NONE',  #2905 ) ;
#3870 =( GEOMETRIC_REPRESENTATION_CONTEXT ( 3 ) GLOBAL_UNCERTAINTY_ASSIGNED_CONTEXT ( ( #2083 ) ) GLOBAL_UNIT_ASSIGNED_CONTEXT ( ( #5292, #1394, #1357 ) ) REPRESENTATION_CONTEXT ( 'NONE', 'WORKASPACE' ) );
#3871 = CARTESIAN_POINT ( 'NONE',  ( 12.95000000000000462, 8.900000000000014566, -13.44999999999999929 ) ) ;
#3872 = EDGE_LOOP ( 'NONE', ( #255, #3526, #668, #3034 ) ) ;
#3873 = CARTESIAN_POINT ( 'NONE',  ( 14.00000000000000000, 1.812477262738082480E-15, 15.69999999999999929 ) ) ;
#3874 = ORIENTED_EDGE ( 'NONE', *, *, #1172, .F. ) ;
#3875 = CARTESIAN_POINT ( 'NONE',  ( -12.13433212489667312, 7.582720243763793277, 2.172734599078113948 ) ) ;
#3876 = EDGE_CURVE ( 'NONE', #3401, #2382, #12, .T. ) ;
#3877 = EDGE_CURVE ( 'NONE', #6447, #475, #3175, .T. ) ;
#3878 = CIRCLE ( 'NONE', #4597, 2.499999999999998668 ) ;
#3879 = CIRCLE ( 'NONE', #395, 11.99999999999998757 ) ;
#3880 = ORIENTED_EDGE ( 'NONE', *, *, #2660, .F. ) ;
#3881 = DIRECTION ( 'NONE',  ( 0.000000000000000000, -0.7071067811865451302, -0.7071067811865500152 ) ) ;
#3882 = SHAPE_REPRESENTATION_RELATIONSHIP ( 'NONE' , 'NONE' ,  #425, #838 ) ;
#3883 = CARTESIAN_POINT ( 'NONE',  ( 0.000000000000000000, 0.000000000000000000, 0.000000000000000000 ) ) ;
#3884 = DIRECTION ( 'NONE',  ( 0.000000000000000000, -1.000000000000000000, 0.000000000000000000 ) ) ;
#3885 = EDGE_CURVE ( 'NONE', #2985, #3328, #1169, .T. ) ;
#3886 = EDGE_CURVE ( 'NONE', #855, #2190, #3247, .T. ) ;
#3887 = DIRECTION ( 'NONE',  ( 8.295235218517768465E-17, 1.000000000000000000, 0.000000000000000000 ) ) ;
#3888 = LINE ( 'NONE', #2853, #1844 ) ;
#3889 = ORIENTED_EDGE ( 'NONE', *, *, #3951, .T. ) ;
#3890 = DIRECTION ( 'NONE',  ( -4.063698308792160256E-17, 0.7071067811865439090, -0.7071067811865512365 ) ) ;
#3891 = CARTESIAN_POINT ( 'NONE',  ( -9.000000000000001776, -10.79999999999999893, -6.500000000000000888 ) ) ;
#3892 = DIRECTION ( 'NONE',  ( -0.000000000000000000, -1.000000000000000000, -0.000000000000000000 ) ) ;
#3893 = PLANE ( 'NONE',  #876 ) ;
#3894 = DIRECTION ( 'NONE',  ( -0.000000000000000000, -1.000000000000000000, -0.000000000000000000 ) ) ;
#3895 = PERSON_AND_ORGANIZATION ( #1545, #4794 ) ;
#3896 = CIRCLE ( 'NONE', #4305, 4.837520861406831685 ) ;
#3897 = CARTESIAN_POINT ( 'NONE',  ( 0.000000000000000000, 0.000000000000000000, 8.500000000000000000 ) ) ;
#3898 = VERTEX_POINT ( 'NONE', #1721 ) ;
#3899 = ORIENTED_EDGE ( 'NONE', *, *, #4786, .T. ) ;
#3900 = ORIENTED_EDGE ( 'NONE', *, *, #1373, .T. ) ;
#3901 = ORIENTED_EDGE ( 'NONE', *, *, #2566, .F. ) ;
#3902 = FACE_OUTER_BOUND ( 'NONE', #5710, .T. ) ;
#3903 = EDGE_LOOP ( 'NONE', ( #3238, #3265, #3581, #4912 ) ) ;
#3904 = AXIS2_PLACEMENT_3D ( 'NONE', #2562, #440, #4573 ) ;
#3905 = DIRECTION ( 'NONE',  ( 1.000000000000000000, -1.022466556597827761E-15, 0.000000000000000000 ) ) ;
#3906 = ORIENTED_EDGE ( 'NONE', *, *, #1494, .T. ) ;
#3907 = PLANE ( 'NONE',  #3991 ) ;
#3908 = AXIS2_PLACEMENT_3D ( 'NONE', #3726, #720, #4254 ) ;
#3909 = VERTEX_POINT ( 'NONE', #6179 ) ;
#3910 = DIRECTION ( 'NONE',  ( 1.000000000000000000, 0.000000000000000000, 0.000000000000000000 ) ) ;
#3911 = DIRECTION ( 'NONE',  ( 0.000000000000000000, -1.000000000000000000, 0.000000000000000000 ) ) ;
#3912 = CARTESIAN_POINT ( 'NONE',  ( -13.45000000000000107, 17.80000000000000071, -13.44999999999999929 ) ) ;
#3913 = DIRECTION ( 'NONE',  ( 0.000000000000000000, -1.000000000000000000, 0.000000000000000000 ) ) ;
#3914 = VECTOR ( 'NONE', #2755, 1000.000000000000000 ) ;
#3915 = CARTESIAN_POINT ( 'NONE',  ( -13.45000000000000107, 8.900000000000041211, -13.44999999999999929 ) ) ;
#3916 = EDGE_LOOP ( 'NONE', ( #963, #3251, #1967 ) ) ;
#3917 = CC_DESIGN_PERSON_AND_ORGANIZATION_ASSIGNMENT ( #4119, #4707, ( #5126 ) ) ;
#3918 = EDGE_CURVE ( 'NONE', #736, #4889, #5393, .T. ) ;
#3919 = DIRECTION ( 'NONE',  ( -0.000000000000000000, -0.000000000000000000, -1.000000000000000000 ) ) ;
#3920 = CARTESIAN_POINT ( 'NONE',  ( 19.50000000002637179, 37.82836574506541183, 0.000000000000000000 ) ) ;
#3921 = ADVANCED_FACE ( 'NONE', ( #3742 ), #5749, .F. ) ;
#3922 = FACE_OUTER_BOUND ( 'NONE', #5738, .T. ) ;
#3923 = EDGE_CURVE ( 'NONE', #1562, #4109, #3521, .T. ) ;
#3924 = DIRECTION ( 'NONE',  ( -1.000000000000000000, 6.434165940233234309E-18, -0.000000000000000000 ) ) ;
#3925 = LINE ( 'NONE', #6325, #5942 ) ;
#3926 = APPROVAL_STATUS ( 'not_yet_approved' ) ;
#3927 = VECTOR ( 'NONE', #3788, 1000.000000000000000 ) ;
#3928 = EDGE_CURVE ( 'NONE', #2310, #2549, #544, .T. ) ;
#3929 = LINE ( 'NONE', #4940, #6428 ) ;
#3930 = VERTEX_POINT ( 'NONE', #6216 ) ;
#3931 = ORIENTED_EDGE ( 'NONE', *, *, #6209, .T. ) ;
#3932 = AXIS2_PLACEMENT_3D ( 'NONE', #5130, #3119, #519 ) ;
#3933 = ORIENTED_EDGE ( 'NONE', *, *, #1693, .T. ) ;
#3934 = EDGE_LOOP ( 'NONE', ( #5311, #894, #5347, #3493 ) ) ;
#3935 = CARTESIAN_POINT ( 'NONE',  ( 12.09999999999999964, 1.481822626968297304E-15, 17.07999999999999474 ) ) ;
#3936 = EDGE_LOOP ( 'NONE', ( #1051, #6337, #5812, #2563 ) ) ;
#3937 = VERTEX_POINT ( 'NONE', #5615 ) ;
#3938 = LINE ( 'NONE', #1419, #3147 ) ;
#3939 = ORIENTED_EDGE ( 'NONE', *, *, #3065, .T. ) ;
#3940 = CARTESIAN_POINT ( 'NONE',  ( -10.99999999999996803, 13.18713201527361178, 1.347111479062086630E-15 ) ) ;
#3941 = CARTESIAN_POINT ( 'NONE',  ( -3.086602540379317805, 0.1499999999996363131, 0.000000000000000000 ) ) ;
#3942 = DIRECTION ( 'NONE',  ( 0.7071067811865460184, -0.7071067811865490160, 0.000000000000000000 ) ) ;
#3943 = DIRECTION ( 'NONE',  ( -8.295235218517768465E-17, -1.000000000000000000, -0.000000000000000000 ) ) ;
#3944 = DIRECTION ( 'NONE',  ( 8.295235218517768465E-17, 1.000000000000000000, 0.000000000000000000 ) ) ;
#3945 = VERTEX_POINT ( 'NONE', #4206 ) ;
#3946 = FACE_BOUND ( 'NONE', #6343, .T. ) ;
#3947 = CARTESIAN_POINT ( 'NONE',  ( -20.25000000002910738, 41.32836574506814031, 2.479909768276955162E-15 ) ) ;
#3948 = CONICAL_SURFACE ( 'NONE', #4776, 5.865000000000000213, 0.7853981633974504994 ) ;
#3949 = FACE_OUTER_BOUND ( 'NONE', #176, .T. ) ;
#3950 = CARTESIAN_POINT ( 'NONE',  ( 17.28999999999999915, -1.112467291066326069E-16, 0.000000000000000000 ) ) ;
#3951 = EDGE_CURVE ( 'NONE', #5565, #2060, #5158, .T. ) ;
#3952 = CARTESIAN_POINT ( 'NONE',  ( 13.44999999999999751, 8.900000000000014566, -12.95000000000001350 ) ) ;
#3953 = EDGE_CURVE ( 'NONE', #6132, #2180, #6248, .T. ) ;
#3954 = ADVANCED_FACE ( 'NONE', ( #2750 ), #3636, .F. ) ;
#3955 = CARTESIAN_POINT ( 'NONE',  ( 0.000000000000000000, 0.000000000000000000, 0.000000000000000000 ) ) ;
#3956 = VERTEX_POINT ( 'NONE', #639 ) ;
#3957 = ORIENTED_EDGE ( 'NONE', *, *, #3886, .T. ) ;
#3958 = AXIS2_PLACEMENT_3D ( 'NONE', #974, #2987, #2486 ) ;
#3959 = EDGE_CURVE ( 'NONE', #2472, #2998, #2266, .T. ) ;
#3960 = EDGE_CURVE ( 'NONE', #5071, #434, #4904, .T. ) ;
#3961 = PERSON_AND_ORGANIZATION ( #3131, #5968 ) ;
#3962 = ORIENTED_EDGE ( 'NONE', *, *, #1006, .T. ) ;
#3963 = ORIENTED_EDGE ( 'NONE', *, *, #1811, .F. ) ;
#3964 = CARTESIAN_POINT ( 'NONE',  ( 12.71999999999999886, 0.000000000000000000, 17.69999999999999929 ) ) ;
#3965 = VERTEX_POINT ( 'NONE', #5684 ) ;
#3966 = VECTOR ( 'NONE', #3052, 1000.000000000000000 ) ;
#3967 = EDGE_LOOP ( 'NONE', ( #349, #5970 ) ) ;
#3968 = CONICAL_SURFACE ( 'NONE', #1108, 6.299999999999999822, 0.7853981633974492782 ) ;
#3969 = LINE ( 'NONE', #1052, #3252 ) ;
#3970 = CC_DESIGN_SECURITY_CLASSIFICATION ( #1018, ( #6070 ) ) ;
#3971 = ORIENTED_EDGE ( 'NONE', *, *, #2566, .T. ) ;
#3972 = CARTESIAN_POINT ( 'NONE',  ( 16.44999999999999929, -1.058420297168367037E-16, 0.000000000000000000 ) ) ;
#3973 = PLANE ( 'NONE',  #5452 ) ;
#3974 = CARTESIAN_POINT ( 'NONE',  ( -14.46895012601470221, -3.539043249562453752, 2.496735888417505933 ) ) ;
#3975 = CC_DESIGN_APPROVAL ( #4752, ( #4494 ) ) ;
#3976 = DIRECTION ( 'NONE',  ( 1.022466556597827761E-15, 1.000000000000000000, 0.000000000000000000 ) ) ;
#3977 = AXIS2_PLACEMENT_3D ( 'NONE', #3104, #1645, #6072 ) ;
#3978 = DIRECTION ( 'NONE',  ( -0.000000000000000000, -1.000000000000000000, -0.000000000000000000 ) ) ;
#3979 = EDGE_LOOP ( 'NONE', ( #4609, #5872, #660, #4439, #4149, #4737, #6227, #2875, #2724, #6300 ) ) ;
#3980 = ORIENTED_EDGE ( 'NONE', *, *, #63, .T. ) ;
#3981 = FACE_OUTER_BOUND ( 'NONE', #3796, .T. ) ;
#3982 = CARTESIAN_POINT ( 'NONE',  ( -17.00000000002797407, 43.71079885517246311, 0.000000000000000000 ) ) ;
#3983 = LINE ( 'NONE', #5928, #839 ) ;
#3984 = DIRECTION ( 'NONE',  ( -1.954828175079010964E-13, 1.000000000000000000, -0.000000000000000000 ) ) ;
#3985 = CARTESIAN_POINT ( 'NONE',  ( 14.50000000002727418, 37.82836574506638527, -3.061616997867835376E-16 ) ) ;
#3986 = FACE_OUTER_BOUND ( 'NONE', #3200, .T. ) ;
#3987 = CARTESIAN_POINT ( 'NONE',  ( 14.98713094175306892, 2.641527749196120212, 2.686411195660684204 ) ) ;
#3988 = ORIENTED_EDGE ( 'NONE', *, *, #966, .T. ) ;
#3989 = VERTEX_POINT ( 'NONE', #5125 ) ;
#3990 = EDGE_CURVE ( 'NONE', #3512, #5979, #6164, .T. ) ;
#3991 = AXIS2_PLACEMENT_3D ( 'NONE', #264, #5387, #5314 ) ;
#3992 = SHAPE_DEFINITION_REPRESENTATION ( #5865, #425 ) ;
#3993 = AXIS2_PLACEMENT_3D ( 'NONE', #960, #5455, #3563 ) ;
#3994 = APPROVAL ( #5508, '未指定' ) ;
#3995 = EDGE_CURVE ( 'NONE', #531, #1215, #5959, .T. ) ;
#3996 = CARTESIAN_POINT ( 'NONE',  ( 12.69999999999999929, 16.99999999999998934, 0.000000000000000000 ) ) ;
#3997 = VERTEX_POINT ( 'NONE', #1619 ) ;
#3998 = EDGE_CURVE ( 'NONE', #1975, #3497, #2114, .T. ) ;
#3999 = ADVANCED_FACE ( 'NONE', ( #5784 ), #3413, .F. ) ;
#4000 = ORIENTED_EDGE ( 'NONE', *, *, #6128, .T. ) ;
#4001 = FACE_OUTER_BOUND ( 'NONE', #4246, .T. ) ;
#4002 = AXIS2_PLACEMENT_3D ( 'NONE', #1116, #4580, #2068 ) ;
#4003 = ORIENTED_EDGE ( 'NONE', *, *, #3, .T. ) ;
#4004 = VECTOR ( 'NONE', #1048, 1000.000000000000000 ) ;
#4005 = DIRECTION ( 'NONE',  ( 1.000000000000000000, -6.434165940233234309E-18, 0.000000000000000000 ) ) ;
#4006 = VERTEX_POINT ( 'NONE', #274 ) ;
#4007 = CARTESIAN_POINT ( 'NONE',  ( 17.00000000002838974, 42.82836574506819716, 0.000000000000000000 ) ) ;
#4008 = CIRCLE ( 'NONE', #2204, 3.000000000003048672 ) ;
#4009 = AXIS2_PLACEMENT_3D ( 'NONE', #3448, #313, #449 ) ;
#4010 = CARTESIAN_POINT ( 'NONE',  ( 24.47999999999994358, -6.299999999999999822, 0.000000000000000000 ) ) ;
#4011 = AXIS2_PLACEMENT_3D ( 'NONE', #184, #685, #2234 ) ;
#4012 = EDGE_LOOP ( 'NONE', ( #2938, #3613, #4035, #358 ) ) ;
#4013 = EDGE_LOOP ( 'NONE', ( #4283, #5536 ) ) ;
#4014 = FACE_OUTER_BOUND ( 'NONE', #4648, .T. ) ;
#4015 = CARTESIAN_POINT ( 'NONE',  ( 19.50000000002637535, 37.82836574506541183, 0.000000000000000000 ) ) ;
#4016 = AXIS2_PLACEMENT_3D ( 'NONE', #4213, #3254, #4636 ) ;
#4017 = FACE_OUTER_BOUND ( 'NONE', #5413, .T. ) ;
#4018 = FACE_OUTER_BOUND ( 'NONE', #217, .T. ) ;
#4019 = DIRECTION ( 'NONE',  ( 6.434165940233234309E-18, -1.000000000000000000, 0.000000000000000000 ) ) ;
#4020 = CARTESIAN_POINT ( 'NONE',  ( -28.39999999999994529, -4.837520861406831685, 0.000000000000000000 ) ) ;
#4021 = EDGE_LOOP ( 'NONE', ( #5703, #4994, #1019, #4549 ) ) ;
#4022 = VECTOR ( 'NONE', #4868, 1000.000000000000000 ) ;
#4023 = AXIS2_PLACEMENT_3D ( 'NONE', #3196, #4669, #5764 ) ;
#4024 = DIRECTION ( 'NONE',  ( 0.000000000000000000, -0.000000000000000000, 1.000000000000000000 ) ) ;
#4025 = CARTESIAN_POINT ( 'NONE',  ( 17.28999999999999915, -7.139999999999999680, 0.000000000000000000 ) ) ;
#4026 = ORIENTED_EDGE ( 'NONE', *, *, #4633, .T. ) ;
#4027 = AXIS2_PLACEMENT_3D ( 'NONE', #978, #4502, #5064 ) ;
#4028 = DATE_TIME_ROLE ( 'creation_date' ) ;
#4029 = ORIENTED_EDGE ( 'NONE', *, *, #1853, .F. ) ;
#4030 = VERTEX_POINT ( 'NONE', #2353 ) ;
#4031 = EDGE_CURVE ( 'NONE', #4711, #5722, #2048, .T. ) ;
#4032 = CARTESIAN_POINT ( 'NONE',  ( 0.000000000000000000, 0.000000000000000000, 17.39999999999999858 ) ) ;
#4033 = EDGE_CURVE ( 'NONE', #3989, #1510, #1740, .T. ) ;
#4034 = EDGE_CURVE ( 'NONE', #567, #5678, #2387, .T. ) ;
#4035 = ORIENTED_EDGE ( 'NONE', *, *, #6041, .F. ) ;
#4036 = CARTESIAN_POINT ( 'NONE',  ( -4.200000000025738700, 38.53969061047155975, 5.143516556450408768E-16 ) ) ;
#4037 = VERTEX_POINT ( 'NONE', #1294 ) ;
#4038 = DIRECTION ( 'NONE',  ( -0.7071067811865467956, 0.7071067811865483499, 8.659560562354942719E-17 ) ) ;
#4039 = EDGE_LOOP ( 'NONE', ( #5236, #1714, #6064, #1351 ) ) ;
#4040 = EDGE_CURVE ( 'NONE', #3441, #1543, #3749, .T. ) ;
#4041 = DIRECTION ( 'NONE',  ( 1.000000000000000000, 6.434165940233234309E-18, 0.000000000000000000 ) ) ;
#4042 = VECTOR ( 'NONE', #5270, 1000.000000000000000 ) ;
#4043 = VERTEX_POINT ( 'NONE', #5424 ) ;
#4044 = CARTESIAN_POINT ( 'NONE',  ( -11.99999999999997691, 9.700000000000025935, 1.469576158976822369E-15 ) ) ;
#4045 = CARTESIAN_POINT ( 'NONE',  ( -21.75000000002865264, 1.804213660029991621E-15, 2.663606788149002270E-15 ) ) ;
#4046 = DIRECTION ( 'NONE',  ( -8.295235218517768465E-17, -1.000000000000000000, -0.000000000000000000 ) ) ;
#4047 = PLANE ( 'NONE',  #3285 ) ;
#4048 = CARTESIAN_POINT ( 'NONE',  ( 12.95000000000000639, 9.400000000000000355, -2.418294808517867836E-16 ) ) ;
#4049 = CARTESIAN_POINT ( 'NONE',  ( 8.999999999999998224, 1.102182119232617517E-15, 0.000000000000000000 ) ) ;
#4050 = EDGE_LOOP ( 'NONE', ( #5457, #1593, #3039, #3003 ) ) ;
#4051 = CARTESIAN_POINT ( 'NONE',  ( 12.13433212489665713, 7.582720243763796830, 15.52726540092188934 ) ) ;
#4052 = EDGE_LOOP ( 'NONE', ( #3174, #3185, #1977, #1599 ) ) ;
#4053 = ORIENTED_EDGE ( 'NONE', *, *, #4033, .F. ) ;
#4054 = PERSON_AND_ORGANIZATION_ROLE ( 'creator' ) ;
#4055 = VECTOR ( 'NONE', #3051, 1000.000000000000000 ) ;
#4056 = ORIENTED_EDGE ( 'NONE', *, *, #288, .F. ) ;
#4057 = ORIENTED_EDGE ( 'NONE', *, *, #3707, .T. ) ;
#4058 = DIRECTION ( 'NONE',  ( -8.295235218517768465E-17, -1.000000000000000000, -0.000000000000000000 ) ) ;
#4059 = CIRCLE ( 'NONE', #2368, 9.000000000026375346 ) ;
#4060 = AXIS2_PLACEMENT_3D ( 'NONE', #3850, #4438, #1362 ) ;
#4061 = CIRCLE ( 'NONE', #6484, 1.969532683894253289 ) ;
#4062 = EDGE_LOOP ( 'NONE', ( #857, #4887, #2933, #4982 ) ) ;
#4063 = AXIS2_PLACEMENT_3D ( 'NONE', #4709, #5274, #4287 ) ;
#4064 = DIRECTION ( 'NONE',  ( -0.7071067811865479058, -0.7071067811865472397, -8.659560562354930393E-17 ) ) ;
#4065 = LINE ( 'NONE', #6073, #1630 ) ;
#4066 = CIRCLE ( 'NONE', #269, 15.59999999999999964 ) ;
#4067 = EDGE_LOOP ( 'NONE', ( #3375, #1412, #5969, #2440 ) ) ;
#4068 = ADVANCED_FACE ( 'NONE', ( #377 ), #346, .T. ) ;
#4069 = EDGE_CURVE ( 'NONE', #1788, #3386, #2579, .T. ) ;
#4070 = DIRECTION ( 'NONE',  ( -1.231304080816852664E-16, 1.000000000000000000, 0.000000000000000000 ) ) ;
#4071 = VECTOR ( 'NONE', #4102, 1000.000000000000000 ) ;
#4072 = AXIS2_PLACEMENT_3D ( 'NONE', #1063, #3575, #101 ) ;
#4073 = ORIENTED_EDGE ( 'NONE', *, *, #4668, .T. ) ;
#4074 = LINE ( 'NONE', #3484, #4055 ) ;
#4075 = FACE_OUTER_BOUND ( 'NONE', #6174, .T. ) ;
#4076 = PRODUCT_RELATED_PRODUCT_CATEGORY ( 'detail', '', ( #2860 ) ) ;
#4077 = EDGE_CURVE ( 'NONE', #671, #536, #5539, .T. ) ;
#4078 = CARTESIAN_POINT ( 'NONE',  ( 28.39999999999994174, -1.827303127026234901E-16, 0.000000000000000000 ) ) ;
#4079 = CC_DESIGN_SECURITY_CLASSIFICATION ( #5126, ( #3646 ) ) ;
#4080 = EDGE_CURVE ( 'NONE', #883, #5678, #4400, .T. ) ;
#4081 = DIRECTION ( 'NONE',  ( -0.7071067811877679299, 0.7071067811853271046, 0.000000000000000000 ) ) ;
#4082 = CARTESIAN_POINT ( 'NONE',  ( 9.000000000000001776, -11.19999999999999929, 11.49999999999999822 ) ) ;
#4083 = ORIENTED_EDGE ( 'NONE', *, *, #492, .F. ) ;
#4084 = CONICAL_SURFACE ( 'NONE', #5026, 3.882433110107368801, 0.7853981633974785881 ) ;
#4085 = CARTESIAN_POINT ( 'NONE',  ( 1.244285282774646521E-17, 0.1499999999996360633, 0.000000000000000000 ) ) ;
#4086 = ORIENTED_EDGE ( 'NONE', *, *, #3348, .T. ) ;
#4087 = ORIENTED_EDGE ( 'NONE', *, *, #2338, .F. ) ;
#4088 = APPROVAL_DATE_TIME ( #2468, #2610 ) ;
#4089 = CARTESIAN_POINT ( 'NONE',  ( 28.39999999999994174, -5.474999999999999645, 0.000000000000000000 ) ) ;
#4090 = ORIENTED_EDGE ( 'NONE', *, *, #2367, .T. ) ;
#4091 = VECTOR ( 'NONE', #1649, 1000.000000000000000 ) ;
#4092 = ORIENTED_EDGE ( 'NONE', *, *, #1566, .F. ) ;
#4093 = DIRECTION ( 'NONE',  ( 1.000000000000000000, -1.022466556597827761E-15, 0.000000000000000000 ) ) ;
#4094 = TOROIDAL_SURFACE ( 'NONE', #4830, 13.70000000000000107, 0.2999999999999999889 ) ;
#4095 = CARTESIAN_POINT ( 'NONE',  ( -6.234580980306466458, 14.30000000000002913, 2.923760430703403301 ) ) ;
#4096 = DIRECTION ( 'NONE',  ( -1.000000000000000000, -6.434165940233234309E-18, -0.000000000000000000 ) ) ;
#4097 = ORIENTED_EDGE ( 'NONE', *, *, #1414, .F. ) ;
#4098 = CARTESIAN_POINT ( 'NONE',  ( 12.95000000000000995, -11.19999999999999929, 12.95000000000000639 ) ) ;
#4099 = CIRCLE ( 'NONE', #2518, 12.09999999999999964 ) ;
#4100 = ORIENTED_EDGE ( 'NONE', *, *, #2538, .T. ) ;
#4101 = CARTESIAN_POINT ( 'NONE',  ( 6.234580980306462905, 14.30000000000002913, 2.923760430703402413 ) ) ;
#4102 = DIRECTION ( 'NONE',  ( -0.000000000000000000, -0.000000000000000000, -1.000000000000000000 ) ) ;
#4103 = DIRECTION ( 'NONE',  ( -0.000000000000000000, -1.000000000000000000, -0.000000000000000000 ) ) ;
#4104 = CARTESIAN_POINT ( 'NONE',  ( 13.44999999999999751, 8.900000000000014566, -12.95000000000001350 ) ) ;
#4105 = CARTESIAN_POINT ( 'NONE',  ( 0.000000000000000000, 0.000000000000000000, 7.750000000000008882 ) ) ;
#4106 = CIRCLE ( 'NONE', #2953, 6.065000000000000391 ) ;
#4107 = LINE ( 'NONE', #4048, #1231 ) ;
#4108 = CARTESIAN_POINT ( 'NONE',  ( -12.95000000000000817, -10.70000000000001172, -13.44999999999999929 ) ) ;
#4109 = VERTEX_POINT ( 'NONE', #1826 ) ;
#4110 = ADVANCED_FACE ( 'NONE', ( #5820 ), #3382, .T. ) ;
#4111 = CONICAL_SURFACE ( 'NONE', #5482, 5.865000000000000213, 0.7853981633974504994 ) ;
#4112 = EDGE_CURVE ( 'NONE', #136, #6260, #3313, .T. ) ;
#4113 = EDGE_CURVE ( 'NONE', #4452, #5040, #6409, .T. ) ;
#4114 = DIRECTION ( 'NONE',  ( 0.000000000000000000, 1.000000000000000000, 0.000000000000000000 ) ) ;
#4115 = EDGE_LOOP ( 'NONE', ( #1042, #4141, #22, #502 ) ) ;
#4116 = CYLINDRICAL_SURFACE ( 'NONE', #768, 2.499999999999998668 ) ;
#4117 = EDGE_LOOP ( 'NONE', ( #1261, #3410 ) ) ;
#4118 = AXIS2_PLACEMENT_3D ( 'NONE', #2787, #1830, #5332 ) ;
#4119 = PERSON_AND_ORGANIZATION ( #3131, #5968 ) ;
#4120 = CIRCLE ( 'NONE', #331, 13.69999999999999751 ) ;
#4121 = EDGE_CURVE ( 'NONE', #2276, #407, #2904, .T. ) ;
#4122 = DIRECTION ( 'NONE',  ( -1.000000000000000000, 6.434165940233234309E-18, -0.000000000000000000 ) ) ;
#4123 = AXIS2_PLACEMENT_3D ( 'NONE', #5001, #1501, #15 ) ;
#4124 = ORIENTED_EDGE ( 'NONE', *, *, #5372, .F. ) ;
#4125 = CARTESIAN_POINT ( 'NONE',  ( -28.19999999999994600, 5.674999999999999822, -6.949870585161229716E-16 ) ) ;
#4126 = CARTESIAN_POINT ( 'NONE',  ( 2.600000000027046010, 38.53969061047138212, 0.000000000000000000 ) ) ;
#4127 = DIRECTION ( 'NONE',  ( 4.615110447320623762E-15, 0.7071067811865423547, 0.7071067811865526798 ) ) ;
#4128 = VERTEX_POINT ( 'NONE', #309 ) ;
#4129 = VECTOR ( 'NONE', #1533, 999.9999999999998863 ) ;
#4130 = CARTESIAN_POINT ( 'NONE',  ( 9.266872783964226201, 12.54930551089673330, 14.77623956929659421 ) ) ;
#4131 = EDGE_LOOP ( 'NONE', ( #3600, #393, #700 ) ) ;
#4132 = CYLINDRICAL_SURFACE ( 'NONE', #2839, 4.200000000043535131 ) ;
#4133 = CARTESIAN_POINT ( 'NONE',  ( -11.34742372716138270, -8.945685569543922355, 15.44590090251785064 ) ) ;
#4134 = DIRECTION ( 'NONE',  ( 0.000000000000000000, 0.000000000000000000, 1.000000000000000000 ) ) ;
#4135 = CARTESIAN_POINT ( 'NONE',  ( 7.349999999999999645, -3.084843528204037854E-15, 0.000000000000000000 ) ) ;
#4136 = DIRECTION ( 'NONE',  ( -1.000000000000000000, 0.000000000000000000, 0.000000000000000000 ) ) ;
#4137 = CARTESIAN_POINT ( 'NONE',  ( 9.611185632019596611E-15, 9.400000000000014566, 0.000000000000000000 ) ) ;
#4138 = CARTESIAN_POINT ( 'NONE',  ( 2.764666333041210533E-15, 33.32836574506700345, 0.000000000000000000 ) ) ;
#4139 = ORIENTED_EDGE ( 'NONE', *, *, #1409, .F. ) ;
#4140 = PERSON_AND_ORGANIZATION ( #3131, #5968 ) ;
#4141 = ORIENTED_EDGE ( 'NONE', *, *, #6041, .T. ) ;
#4142 = CARTESIAN_POINT ( 'NONE',  ( 6.041965180448152198E-17, 0.7283657450677762935, 0.000000000000000000 ) ) ;
#4143 = ORIENTED_EDGE ( 'NONE', *, *, #2989, .T. ) ;
#4144 = CARTESIAN_POINT ( 'NONE',  ( 24.47999999999994714, 6.065000000000000391, 7.427482836828697149E-16 ) ) ;
#4145 = APPROVAL_DATE_TIME ( #4739, #189 ) ;
#4146 = EDGE_CURVE ( 'NONE', #3497, #186, #4061, .T. ) ;
#4147 = EDGE_CURVE ( 'NONE', #1856, #427, #4686, .T. ) ;
#4148 = CYLINDRICAL_SURFACE ( 'NONE', #2628, 2.499999999999998668 ) ;
#4149 = ORIENTED_EDGE ( 'NONE', *, *, #4435, .T. ) ;
#4150 = EDGE_CURVE ( 'NONE', #6464, #5115, #51, .T. ) ;
#4151 = EDGE_CURVE ( 'NONE', #3126, #4700, #3779, .T. ) ;
#4152 = CIRCLE ( 'NONE', #5309, 8.000000000026830094 ) ;
#4153 = PLANE ( 'NONE',  #4309 ) ;
#4154 = DIRECTION ( 'NONE',  ( 1.000000000000000000, -9.462128050782598674E-16, 0.000000000000000000 ) ) ;
#4155 = ORIENTED_EDGE ( 'NONE', *, *, #1282, .F. ) ;
#4156 = DIRECTION ( 'NONE',  ( 1.000000000000000000, -7.975740119423924399E-17, 0.000000000000000000 ) ) ;
#4157 = ORIENTED_EDGE ( 'NONE', *, *, #6128, .F. ) ;
#4158 = CIRCLE ( 'NONE', #6379, 2.500000000000491607 ) ;
#4159 = AXIS2_PLACEMENT_3D ( 'NONE', #2220, #1091, #4726 ) ;
#4160 = CARTESIAN_POINT ( 'NONE',  ( -17.00000000002770406, 42.32836574506566762, 0.000000000000000000 ) ) ;
#4161 = CC_DESIGN_APPROVAL ( #1366, ( #156 ) ) ;
#4162 = EDGE_LOOP ( 'NONE', ( #6396, #2255, #2880, #35 ) ) ;
#4163 = CARTESIAN_POINT ( 'NONE',  ( 24.47999999999994714, -1.575083822169092423E-16, 0.000000000000000000 ) ) ;
#4164 = VECTOR ( 'NONE', #2715, 1000.000000000000000 ) ;
#4165 = CARTESIAN_POINT ( 'NONE',  ( 1.348340146305777267E-14, 13.18713201527360113, 0.000000000000000000 ) ) ;
#4166 = DIRECTION ( 'NONE',  ( -0.7071067811865439090, 0.000000000000000000, 0.7071067811865512365 ) ) ;
#4167 = DIRECTION ( 'NONE',  ( 1.000000000000000000, -1.942890293094375336E-13, 0.000000000000000000 ) ) ;
#4168 = DIRECTION ( 'NONE',  ( -0.7071067811865432429, -0.7071067811865517916, 1.367994126408948782E-16 ) ) ;
#4169 = EDGE_LOOP ( 'NONE', ( #5218, #95, #1576, #2483 ) ) ;
#4170 = CONICAL_SURFACE ( 'NONE', #1107, 3.882433110107368801, 0.7853981633974785881 ) ;
#4171 = DIRECTION ( 'NONE',  ( 0.000000000000000000, -1.000000000000000000, 0.000000000000000000 ) ) ;
#4172 = AXIS2_PLACEMENT_3D ( 'NONE', #3628, #161, #5113 ) ;
#4173 = DIRECTION ( 'NONE',  ( -1.000000000000000000, 0.000000000000000000, 0.000000000000000000 ) ) ;
#4174 = VERTEX_POINT ( 'NONE', #833 ) ;
#4175 = PERSON_AND_ORGANIZATION ( #3131, #5968 ) ;
#4176 = APPROVAL_PERSON_ORGANIZATION ( #3495, #3994, #5102 ) ;
#4177 = LINE ( 'NONE', #4733, #2432 ) ;
#4178 = DIRECTION ( 'NONE',  ( -0.000000000000000000, -0.000000000000000000, -1.000000000000000000 ) ) ;
#4179 = CYLINDRICAL_SURFACE ( 'NONE', #4456, 6.065000000000000391 ) ;
#4180 = EDGE_LOOP ( 'NONE', ( #245, #4542 ) ) ;
#4181 = CARTESIAN_POINT ( 'NONE',  ( 6.234580980306462905, 14.30000000000002913, 2.923760430703402413 ) ) ;
#4182 = PERSON_AND_ORGANIZATION_ROLE ( 'design_supplier' ) ;
#4183 = AXIS2_PLACEMENT_3D ( 'NONE', #2679, #105, #4629 ) ;
#4184 = CARTESIAN_POINT ( 'NONE',  ( 9.917925598998944801E-15, 9.700000000000013500, 0.000000000000000000 ) ) ;
#4185 = EDGE_CURVE ( 'NONE', #1679, #487, #3364, .T. ) ;
#4186 = ORIENTED_EDGE ( 'NONE', *, *, #453, .F. ) ;
#4187 = ORIENTED_EDGE ( 'NONE', *, *, #800, .F. ) ;
#4188 = CYLINDRICAL_SURFACE ( 'NONE', #5993, 21.75000000002683009 ) ;
#4189 = AXIS2_PLACEMENT_3D ( 'NONE', #1664, #2655, #3683 ) ;
#4190 = CC_DESIGN_PERSON_AND_ORGANIZATION_ASSIGNMENT ( #2969, #5010, ( #3549 ) ) ;
#4191 = EDGE_CURVE ( 'NONE', #5618, #2738, #1516, .T. ) ;
#4192 = EDGE_CURVE ( 'NONE', #2180, #4326, #5330, .T. ) ;
#4193 = ADVANCED_FACE ( 'NONE', ( #1460 ), #6272, .F. ) ;
#4194 = DIRECTION ( 'NONE',  ( -1.000000000000000000, 6.434165940233234309E-18, -0.000000000000000000 ) ) ;
#4195 = ORIENTED_EDGE ( 'NONE', *, *, #1518, .T. ) ;
#4196 = DIRECTION ( 'NONE',  ( -0.000000000000000000, -1.000000000000000000, -0.000000000000000000 ) ) ;
#4197 = ORIENTED_EDGE ( 'NONE', *, *, #5837, .F. ) ;
#4198 = CIRCLE ( 'NONE', #3363, 3.220940107675852815 ) ;
#4199 = CARTESIAN_POINT ( 'NONE',  ( -6.234580980306493103, -14.30000000000001670, 14.77623956929659421 ) ) ;
#4200 = ADVANCED_FACE ( 'NONE', ( #2919 ), #3864, .T. ) ;
#4201 = EDGE_LOOP ( 'NONE', ( #4651, #2817, #6011, #1175 ) ) ;
#4202 = DIRECTION ( 'NONE',  ( 0.000000000000000000, 1.000000000000000000, 0.000000000000000000 ) ) ;
#4203 = FACE_OUTER_BOUND ( 'NONE', #5835, .T. ) ;
#4204 = CARTESIAN_POINT ( 'NONE',  ( -9.000000000000001776, -11.19999999999999929, -9.000000000000000000 ) ) ;
#4205 = LINE ( 'NONE', #5157, #6230 ) ;
#4206 = CARTESIAN_POINT ( 'NONE',  ( 9.000000000000001776, -11.19999999999999929, -6.099999999999992539 ) ) ;
#4207 = ORIENTED_EDGE ( 'NONE', *, *, #3472, .F. ) ;
#4208 = DIRECTION ( 'NONE',  ( -8.295235218517768465E-17, -1.000000000000000000, 0.000000000000000000 ) ) ;
#4209 = CARTESIAN_POINT ( 'NONE',  ( 9.000000000000001776, -1.199999999999999734, 9.000000000000000000 ) ) ;
#4210 = ORIENTED_EDGE ( 'NONE', *, *, #4714, .F. ) ;
#4211 = AXIS2_PLACEMENT_3D ( 'NONE', #4419, #2505, #3616 ) ;
#4212 = PERSON_AND_ORGANIZATION ( #3131, #5968 ) ;
#4213 = CARTESIAN_POINT ( 'NONE',  ( 3.469446951953614189E-15, 41.32836574506814031, 0.000000000000000000 ) ) ;
#4214 = CIRCLE ( 'NONE', #200, 2.300000000000001599 ) ;
#4215 = CARTESIAN_POINT ( 'NONE',  ( 0.000000000000000000, 0.000000000000000000, 14.77623956929659421 ) ) ;
#4216 = LINE ( 'NONE', #6151, #4983 ) ;
#4217 = VERTEX_POINT ( 'NONE', #1549 ) ;
#4218 = VECTOR ( 'NONE', #2552, 1000.000000000000000 ) ;
#4219 = VECTOR ( 'NONE', #6516, 1000.000000000000000 ) ;
#4220 = DIRECTION ( 'NONE',  ( 1.000000000000000000, -1.084202172481868278E-16, 0.000000000000000000 ) ) ;
#4221 = APPLICATION_PROTOCOL_DEFINITION ( 'international standard', 'config_control_design', 1994, #4929 ) ;
#4222 = CIRCLE ( 'NONE', #4847, 15.59999999999999964 ) ;
#4223 = CARTESIAN_POINT ( 'NONE',  ( -25.65999999999994685, -5.674999999999999822, 0.000000000000000000 ) ) ;
#4224 = EDGE_LOOP ( 'NONE', ( #4718, #4300, #2770, #1384 ) ) ;
#4225 = ORIENTED_EDGE ( 'NONE', *, *, #2247, .F. ) ;
#4226 = AXIS2_PLACEMENT_3D ( 'NONE', #1040, #5994, #982 ) ;
#4227 = CARTESIAN_POINT ( 'NONE',  ( -9.000000000000001776, -10.79999999999999893, -9.000000000000000000 ) ) ;
#4228 = DIRECTION ( 'NONE',  ( -0.7071067811865426878, -1.645406930227238936E-16, -0.7071067811865523467 ) ) ;
#4229 = EDGE_LOOP ( 'NONE', ( #1913, #5554, #5984, #3195 ) ) ;
#4230 = CARTESIAN_POINT ( 'NONE',  ( -9.000000000000001776, -10.79999999999999893, -11.49999999999999822 ) ) ;
#4231 = ORIENTED_EDGE ( 'NONE', *, *, #4885, .T. ) ;
#4232 = EDGE_CURVE ( 'NONE', #2094, #4289, #4432, .T. ) ;
#4233 = AXIS2_PLACEMENT_3D ( 'NONE', #3823, #1341, #3421 ) ;
#4234 = DIRECTION ( 'NONE',  ( 0.000000000000000000, -1.000000000000000000, 0.000000000000000000 ) ) ;
#4235 = EDGE_CURVE ( 'NONE', #3334, #3060, #3445, .T. ) ;
#4236 = EDGE_CURVE ( 'NONE', #1027, #6132, #5549, .T. ) ;
#4237 = ORIENTED_EDGE ( 'NONE', *, *, #4677, .F. ) ;
#4238 = CARTESIAN_POINT ( 'NONE',  ( -4.168605443518116793, 14.30000000000002913, 2.496796738794611059 ) ) ;
#4239 = CARTESIAN_POINT ( 'NONE',  ( -8.200000000027056757, 8.528365745067640447, 1.004210375304143284E-15 ) ) ;
#4240 = DIRECTION ( 'NONE',  ( 1.000000000000000000, -1.942890293094375336E-13, 0.000000000000000000 ) ) ;
#4241 = CONICAL_SURFACE ( 'NONE', #1594, 2.299999999999999822, 1.047197551196598964 ) ;
#4242 = DIRECTION ( 'NONE',  ( 0.000000000000000000, 0.000000000000000000, 1.000000000000000000 ) ) ;
#4243 = EDGE_CURVE ( 'NONE', #5047, #5135, #1105, .T. ) ;
#4244 = ADVANCED_FACE ( 'NONE', ( #539, #4492 ), #7, .F. ) ;
#4245 = DIRECTION ( 'NONE',  ( 1.000000000000000000, -8.295235218517768465E-17, 0.000000000000000000 ) ) ;
#4246 = EDGE_LOOP ( 'NONE', ( #1725, #4920, #1696, #4197 ) ) ;
#4247 = PERSON_AND_ORGANIZATION ( #3131, #5968 ) ;
#4248 = DIRECTION ( 'NONE',  ( -1.000000000000000000, 6.434165940233234309E-18, -0.000000000000000000 ) ) ;
#4249 = DIRECTION ( 'NONE',  ( -1.000000000000000000, -6.434165940233234309E-18, -0.000000000000000000 ) ) ;
#4250 = CARTESIAN_POINT ( 'NONE',  ( -2.826794919243180271, 1.817990202823693835E-13, 3.620911635506391414E-16 ) ) ;
#4251 = ORIENTED_EDGE ( 'NONE', *, *, #4033, .T. ) ;
#4252 = CARTESIAN_POINT ( 'NONE',  ( -4.593994481326528196E-17, -7.139999999999998792, 0.000000000000000000 ) ) ;
#4253 = PERSON_AND_ORGANIZATION ( #3131, #5968 ) ;
#4254 = DIRECTION ( 'NONE',  ( -1.000000000000000000, 0.000000000000000000, 0.000000000000000000 ) ) ;
#4255 = EDGE_LOOP ( 'NONE', ( #5832, #496, #5329, #3490 ) ) ;
#4256 = ORIENTED_EDGE ( 'NONE', *, *, #564, .F. ) ;
#4257 = CARTESIAN_POINT ( 'NONE',  ( 0.000000000000000000, 0.000000000000000000, 0.000000000000000000 ) ) ;
#4258 = CARTESIAN_POINT ( 'NONE',  ( -13.44999999999999929, 8.900000000000041211, 12.95000000000000639 ) ) ;
#4259 = ORIENTED_EDGE ( 'NONE', *, *, #6287, .T. ) ;
#4260 = CARTESIAN_POINT ( 'NONE',  ( 25.65999999999994685, 5.865000000000000213, 7.182553476999227049E-16 ) ) ;
#4261 = ORIENTED_EDGE ( 'NONE', *, *, #2247, .T. ) ;
#4262 = CARTESIAN_POINT ( 'NONE',  ( -14.98814247771955444, 2.639775717508498598, 2.686877998371668852 ) ) ;
#4263 = EDGE_LOOP ( 'NONE', ( #688, #2745, #2142, #1247 ) ) ;
#4264 = CARTESIAN_POINT ( 'NONE',  ( -15.59999999999999964, 1.910449006669870914E-15, 2.923760430703403301 ) ) ;
#4265 = CARTESIAN_POINT ( 'NONE',  ( 28.00162831425916110, -1.801671231706768482E-16, 0.000000000000000000 ) ) ;
#4266 = DIRECTION ( 'NONE',  ( 0.000000000000000000, -1.000000000000000000, 0.000000000000000000 ) ) ;
#4267 = EDGE_CURVE ( 'NONE', #1812, #3865, #794, .T. ) ;
#4268 = CARTESIAN_POINT ( 'NONE',  ( -8.000000000026830094, 7.028365745067731041, 1.040949779278508135E-15 ) ) ;
#4269 = EDGE_CURVE ( 'NONE', #5874, #3965, #1425, .T. ) ;
#4270 = DIRECTION ( 'NONE',  ( 0.000000000000000000, -1.000000000000000000, 1.224646799147353454E-16 ) ) ;
#4271 = AXIS2_PLACEMENT_3D ( 'NONE', #4831, #5428, #5300 ) ;
#4272 = DIRECTION ( 'NONE',  ( -1.954828175079010964E-13, 1.000000000000000000, -0.000000000000000000 ) ) ;
#4273 = CARTESIAN_POINT ( 'NONE',  ( 25.45999999999994756, -1.638138648383378105E-16, 0.000000000000000000 ) ) ;
#4274 = ORIENTED_EDGE ( 'NONE', *, *, #2212, .F. ) ;
#4275 = VECTOR ( 'NONE', #2479, 1000.000000000000000 ) ;
#4276 = EDGE_CURVE ( 'NONE', #6394, #3650, #4065, .T. ) ;
#4277 = CARTESIAN_POINT ( 'NONE',  ( 3.519532737926319090E-15, 42.42836574506691250, 0.000000000000000000 ) ) ;
#4278 = FACE_OUTER_BOUND ( 'NONE', #400, .T. ) ;
#4279 = DIRECTION ( 'NONE',  ( 1.000000000000000000, 0.000000000000000000, 0.000000000000000000 ) ) ;
#4280 = EDGE_CURVE ( 'NONE', #1942, #4487, #2159, .T. ) ;
#4281 = DIRECTION ( 'NONE',  ( 1.000000000000000000, 0.000000000000000000, 0.000000000000000000 ) ) ;
#4282 = LOCAL_TIME ( 18, 8, 39.00000000000000000, #6423 ) ;
#4283 = ORIENTED_EDGE ( 'NONE', *, *, #5316, .F. ) ;
#4284 = AXIS2_PLACEMENT_3D ( 'NONE', #2275, #1783, #6401 ) ;
#4285 = CARTESIAN_POINT ( 'NONE',  ( 11.90000000000000568, 17.80000000000000071, 0.000000000000000000 ) ) ;
#4286 = VECTOR ( 'NONE', #1090, 1000.000000000000000 ) ;
#4287 = DIRECTION ( 'NONE',  ( 1.000000000000000000, 0.000000000000000000, 0.000000000000000000 ) ) ;
#4288 = ORIENTED_EDGE ( 'NONE', *, *, #6251, .T. ) ;
#4289 = VERTEX_POINT ( 'NONE', #1493 ) ;
#4290 = APPROVAL_PERSON_ORGANIZATION ( #213, #5762, #3253 ) ;
#4291 = AXIS2_PLACEMENT_3D ( 'NONE', #5022, #1948, #6470 ) ;
#4292 = CARTESIAN_POINT ( 'NONE',  ( 17.47810899155977893, 0.000000000000000000, 0.000000000000000000 ) ) ;
#4293 = CIRCLE ( 'NONE', #5456, 21.75000000002728839 ) ;
#4294 = DIRECTION ( 'NONE',  ( -1.000000000000000000, -6.434165940233234309E-18, -0.000000000000000000 ) ) ;
#4295 = EDGE_LOOP ( 'NONE', ( #6189, #1849, #1452, #4351 ) ) ;
#4296 = DIRECTION ( 'NONE',  ( 1.000000000000000000, 0.000000000000000000, 0.000000000000000000 ) ) ;
#4297 = ORIENTED_EDGE ( 'NONE', *, *, #3584, .F. ) ;
#4298 = SHAPE_REPRESENTATION ( '304-DV1-NC-LM', ( #5444 ), #5756 ) ;
#4299 = CARTESIAN_POINT ( 'NONE',  ( -28.00162831425916110, -1.801671231706768482E-16, 0.000000000000000000 ) ) ;
#4300 = ORIENTED_EDGE ( 'NONE', *, *, #116, .T. ) ;
#4301 = DIRECTION ( 'NONE',  ( -0.000000000000000000, -0.000000000000000000, -1.000000000000000000 ) ) ;
#4302 = CARTESIAN_POINT ( 'NONE',  ( 2.903332326480464491E-16, 3.499999999999090061, 0.000000000000000000 ) ) ;
#4303 = CYLINDRICAL_SURFACE ( 'NONE', #3170, 2.499999999999998668 ) ;
#4304 = DIRECTION ( 'NONE',  ( -8.295235218517768465E-17, -1.000000000000000000, -0.000000000000000000 ) ) ;
#4305 = AXIS2_PLACEMENT_3D ( 'NONE', #1613, #1188, #1713 ) ;
#4306 = CARTESIAN_POINT ( 'NONE',  ( -13.44999999999999929, -8.653953189613700538E-17, 0.000000000000000000 ) ) ;
#4307 = CARTESIAN_POINT ( 'NONE',  ( 2.903332326480464491E-16, 3.499999999999090061, 0.000000000000000000 ) ) ;
#4308 = ORIENTED_EDGE ( 'NONE', *, *, #1046, .T. ) ;
#4309 = AXIS2_PLACEMENT_3D ( 'NONE', #5176, #1080, #1609 ) ;
#4310 = CARTESIAN_POINT ( 'NONE',  ( 0.000000000000000000, 0.000000000000000000, 0.000000000000000000 ) ) ;
#4311 = CARTESIAN_POINT ( 'NONE',  ( 3.086602540379317805, 0.1499999999996358413, 3.779997921315620378E-16 ) ) ;
#4312 = DIRECTION ( 'NONE',  ( -8.295235218517768465E-17, -1.000000000000000000, -0.000000000000000000 ) ) ;
#4313 = DIRECTION ( 'NONE',  ( -1.000000000000000000, 8.131516293614012087E-17, 0.000000000000000000 ) ) ;
#4314 = EDGE_CURVE ( 'NONE', #1278, #4457, #1532, .T. ) ;
#4315 = LINE ( 'NONE', #3952, #3848 ) ;
#4316 = APPROVAL_ROLE ( '' ) ;
#4317 = ADVANCED_FACE ( 'NONE', ( #5517 ), #2949, .T. ) ;
#4318 = EDGE_CURVE ( 'NONE', #2500, #6406, #3336, .T. ) ;
#4319 = AXIS2_PLACEMENT_3D ( 'NONE', #3345, #737, #4398 ) ;
#4320 = CARTESIAN_POINT ( 'NONE',  ( -23.63999999999994728, -1.521036828271133022E-16, 0.000000000000000000 ) ) ;
#4321 = EDGE_LOOP ( 'NONE', ( #262, #1206, #5408, #1912 ) ) ;
#4322 = CIRCLE ( 'NONE', #4845, 11.89999999999998792 ) ;
#4323 = ORIENTED_EDGE ( 'NONE', *, *, #1164, .T. ) ;
#4324 = EDGE_CURVE ( 'NONE', #5040, #3468, #2707, .T. ) ;
#4325 = AXIS2_PLACEMENT_3D ( 'NONE', #1837, #4382, #2932 ) ;
#4326 = VERTEX_POINT ( 'NONE', #4230 ) ;
#4327 = DIRECTION ( 'NONE',  ( 1.000000000000000000, 0.000000000000000000, 0.000000000000000000 ) ) ;
#4328 = VECTOR ( 'NONE', #2293, 1000.000000000000114 ) ;
#4329 = DIRECTION ( 'NONE',  ( 0.000000000000000000, -1.000000000000000000, 0.000000000000000000 ) ) ;
#4330 = ORIENTED_EDGE ( 'NONE', *, *, #1636, .T. ) ;
#4331 = ORIENTED_EDGE ( 'NONE', *, *, #922, .F. ) ;
#4332 = CYLINDRICAL_SURFACE ( 'NONE', #5336, 15.59999999999999964 ) ;
#4333 = ORIENTED_EDGE ( 'NONE', *, *, #966, .F. ) ;
#4334 = CARTESIAN_POINT ( 'NONE',  ( 28.39999999999994529, 5.474999999999999645, 0.000000000000000000 ) ) ;
#4335 = PRODUCT_DEFINITION_SHAPE ( 'NONE', 'NONE',  #6532 ) ;
#4336 = ORIENTED_EDGE ( 'NONE', *, *, #2166, .F. ) ;
#4337 = DIRECTION ( 'NONE',  ( -1.000000000000000000, 6.434165940233234309E-18, -0.000000000000000000 ) ) ;
#4338 = DIRECTION ( 'NONE',  ( 0.000000000000000000, 0.000000000000000000, -1.000000000000000000 ) ) ;
#4339 = DIRECTION ( 'NONE',  ( 6.434165940233234309E-18, -1.000000000000000000, 0.000000000000000000 ) ) ;
#4340 = AXIS2_PLACEMENT_3D ( 'NONE', #2051, #1960, #575 ) ;
#4341 = CARTESIAN_POINT ( 'NONE',  ( 24.47999999999994714, -6.065000000000000391, 0.000000000000000000 ) ) ;
#4342 = DIRECTION ( 'NONE',  ( -1.022466556597827761E-15, -1.000000000000000000, -0.000000000000000000 ) ) ;
#4343 = ORIENTED_EDGE ( 'NONE', *, *, #3960, .T. ) ;
#4344 = DIRECTION ( 'NONE',  ( 0.000000000000000000, -1.000000000000000000, 0.000000000000000000 ) ) ;
#4345 = DIRECTION ( 'NONE',  ( 1.000000000000000000, -7.744301231958317923E-17, 0.000000000000000000 ) ) ;
#4346 = CARTESIAN_POINT ( 'NONE',  ( 0.000000000000000000, 0.000000000000000000, 0.2999999999999999334 ) ) ;
#4347 = DIRECTION ( 'NONE',  ( -1.000000000000000000, 8.295235218517768465E-17, 0.000000000000000000 ) ) ;
#4348 = CARTESIAN_POINT ( 'NONE',  ( -14.50000000002721379, 42.32836574506615079, 3.367778697657535332E-16 ) ) ;
#4349 = COORDINATED_UNIVERSAL_TIME_OFFSET ( 8, 0, .AHEAD. ) ;
#4350 = CARTESIAN_POINT ( 'NONE',  ( 14.00000000000000000, 1.714505518806294638E-15, 0.2999999999999999334 ) ) ;
#4351 = ORIENTED_EDGE ( 'NONE', *, *, #1011, .F. ) ;
#4352 = EDGE_LOOP ( 'NONE', ( #5299, #1458, #1883, #1308 ) ) ;
#4353 = EDGE_CURVE ( 'NONE', #2060, #2678, #3078, .T. ) ;
#4354 = ADVANCED_FACE ( 'NONE', ( #3173 ), #3224, .F. ) ;
#4355 = AXIS2_PLACEMENT_3D ( 'NONE', #1273, #5401, #5929 ) ;
#4356 = ORIENTED_EDGE ( 'NONE', *, *, #1969, .F. ) ;
#4357 = PLANE ( 'NONE',  #1281 ) ;
#4358 = ADVANCED_FACE ( 'NONE', ( #5607 ), #5018, .F. ) ;
#4359 = ADVANCED_FACE ( 'NONE', ( #1117 ), #566, .F. ) ;
#4360 = FACE_OUTER_BOUND ( 'NONE', #6430, .T. ) ;
#4361 = ORIENTED_EDGE ( 'NONE', *, *, #191, .F. ) ;
#4362 = CYLINDRICAL_SURFACE ( 'NONE', #798, 12.69999999999998508 ) ;
#4363 = ORIENTED_EDGE ( 'NONE', *, *, #1602, .T. ) ;
#4364 = DIRECTION ( 'NONE',  ( 0.000000000000000000, -1.000000000000000000, 0.000000000000000000 ) ) ;
#4365 = ORIENTED_EDGE ( 'NONE', *, *, #2372, .T. ) ;
#4366 = CARTESIAN_POINT ( 'NONE',  ( 12.95000000000000995, -11.19999999999999929, 12.95000000000000639 ) ) ;
#4367 = DIRECTION ( 'NONE',  ( -1.000000000000000000, 6.434165940233234309E-18, -0.000000000000000000 ) ) ;
#4368 = DIRECTION ( 'NONE',  ( 1.000000000000000000, -7.392287539598868826E-17, 0.000000000000000000 ) ) ;
#4369 = CARTESIAN_POINT ( 'NONE',  ( 17.28999999999999915, -1.112467291066326069E-16, 0.000000000000000000 ) ) ;
#4370 = CARTESIAN_POINT ( 'NONE',  ( 1.819990470744134594E-14, 17.80000000000001492, 0.000000000000000000 ) ) ;
#4371 = EDGE_LOOP ( 'NONE', ( #3819, #1118, #1482, #6026 ) ) ;
#4372 = CARTESIAN_POINT ( 'NONE',  ( -2.600000000027039349, 38.53969061047138212, 3.184081677816236051E-16 ) ) ;
#4373 = CIRCLE ( 'NONE', #3213, 2.990000000000000213 ) ;
#4374 = DIRECTION ( 'NONE',  ( 0.000000000000000000, 0.000000000000000000, -1.000000000000000000 ) ) ;
#4375 = DIRECTION ( 'NONE',  ( -8.295235218517768465E-17, -1.000000000000000000, -0.000000000000000000 ) ) ;
#4376 = LINE ( 'NONE', #6324, #2879 ) ;
#4377 = DIRECTION ( 'NONE',  ( -8.295235218517768465E-17, -1.000000000000000000, -0.000000000000000000 ) ) ;
#4378 = CONICAL_SURFACE ( 'NONE', #900, 5.474999999999999645, 0.7853981633974591592 ) ;
#4379 = DATE_AND_TIME ( #1407, #1428 ) ;
#4380 = AXIS2_PLACEMENT_3D ( 'NONE', #2849, #5293, #4338 ) ;
#4381 = AXIS2_PLACEMENT_3D ( 'NONE', #2646, #5223, #3115 ) ;
#4382 = DIRECTION ( 'NONE',  ( -1.000000000000000000, -6.434165940233234309E-18, -0.000000000000000000 ) ) ;
#4383 = ORIENTED_EDGE ( 'NONE', *, *, #3262, .T. ) ;
#4384 = CONICAL_SURFACE ( 'NONE', #1850, 2.600000000027042457, 1.047197551197917242 ) ;
#4385 = ORIENTED_EDGE ( 'NONE', *, *, #1165, .F. ) ;
#4386 = VECTOR ( 'NONE', #604, 1000.000000000000000 ) ;
#4387 = VERTEX_POINT ( 'NONE', #2571 ) ;
#4388 = EDGE_LOOP ( 'NONE', ( #891, #5788, #554, #4225 ) ) ;
#4389 = CIRCLE ( 'NONE', #1537, 15.59999999999999964 ) ;
#4390 = DIRECTION ( 'NONE',  ( 0.000000000000000000, 0.000000000000000000, -1.000000000000000000 ) ) ;
#4391 = ORIENTED_EDGE ( 'NONE', *, *, #1038, .T. ) ;
#4392 = DIRECTION ( 'NONE',  ( -1.000000000000000000, 6.434165940233234309E-18, -0.000000000000000000 ) ) ;
#4393 = ORIENTED_EDGE ( 'NONE', *, *, #4952, .T. ) ;
#4394 = EDGE_CURVE ( 'NONE', #6160, #989, #4804, .T. ) ;
#4395 = PLANE ( 'NONE',  #2071 ) ;
#4396 = ADVANCED_FACE ( 'NONE', ( #3136 ), #5144, .F. ) ;
#4397 = ORIENTED_EDGE ( 'NONE', *, *, #1608, .F. ) ;
#4398 = DIRECTION ( 'NONE',  ( 1.000000000000000000, 0.000000000000000000, 0.000000000000000000 ) ) ;
#4399 = CARTESIAN_POINT ( 'NONE',  ( 12.95000000000000817, 8.900000000000014566, 13.44999999999999929 ) ) ;
#4400 = LINE ( 'NONE', #5357, #2798 ) ;
#4401 = EDGE_CURVE ( 'NONE', #989, #6160, #2054, .T. ) ;
#4402 = DIRECTION ( 'NONE',  ( 6.434165940233234309E-18, -1.000000000000000000, 0.000000000000000000 ) ) ;
#4403 = CARTESIAN_POINT ( 'NONE',  ( -4.050000000001091394, 1.818653347945655474, 4.959819536559393500E-16 ) ) ;
#4404 = ORIENTED_EDGE ( 'NONE', *, *, #3541, .F. ) ;
#4405 = DIRECTION ( 'NONE',  ( 1.000000000000000000, -8.295235218517768465E-17, 0.000000000000000000 ) ) ;
#4406 = DIRECTION ( 'NONE',  ( 1.000000000000000000, 0.000000000000000000, 0.000000000000000000 ) ) ;
#4407 = DIRECTION ( 'NONE',  ( 1.000000000000000000, 0.000000000000000000, 0.000000000000000000 ) ) ;
#4408 = DIRECTION ( 'NONE',  ( 0.000000000000000000, 0.000000000000000000, 1.000000000000000000 ) ) ;
#4409 = DIRECTION ( 'NONE',  ( 1.000000000000000000, 6.434165940233234309E-18, 0.000000000000000000 ) ) ;
#4410 = APPROVAL_DATE_TIME ( #1835, #4752 ) ;
#4411 = VECTOR ( 'NONE', #3736, 999.9999999999998863 ) ;
#4412 = DIRECTION ( 'NONE',  ( 0.000000000000000000, -1.000000000000000000, 0.000000000000000000 ) ) ;
#4413 = ORIENTED_EDGE ( 'NONE', *, *, #2216, .T. ) ;
#4414 = EDGE_LOOP ( 'NONE', ( #5224, #1465, #4660, #1309 ) ) ;
#4415 = VECTOR ( 'NONE', #3770, 1000.000000000000000 ) ;
#4416 = ORIENTED_EDGE ( 'NONE', *, *, #3036, .T. ) ;
#4417 = EDGE_LOOP ( 'NONE', ( #3344, #1443 ) ) ;
#4418 = CONICAL_SURFACE ( 'NONE', #6099, 2.499999999999998668, 0.7853981633974477239 ) ;
#4419 = CARTESIAN_POINT ( 'NONE',  ( 24.47999999999994358, -1.575083822169092177E-16, 0.000000000000000000 ) ) ;
#4420 = ORIENTED_EDGE ( 'NONE', *, *, #285, .T. ) ;
#4421 = VECTOR ( 'NONE', #1616, 1000.000000000000000 ) ;
#4422 = CARTESIAN_POINT ( 'NONE',  ( 21.55000000002747029, 33.32836574506700345, 2.639113852165910011E-15 ) ) ;
#4423 = ORIENTED_EDGE ( 'NONE', *, *, #3097, .T. ) ;
#4424 = CARTESIAN_POINT ( 'NONE',  ( 4.182381651130731015, 14.30000000000003268, 15.18558152926721938 ) ) ;
#4425 = AXIS2_PLACEMENT_3D ( 'NONE', #3091, #2997, #2590 ) ;
#4426 = ORIENTED_EDGE ( 'NONE', *, *, #5402, .F. ) ;
#4427 = PLANE ( 'NONE',  #3904 ) ;
#4428 = EDGE_CURVE ( 'NONE', #1027, #542, #3698, .T. ) ;
#4429 = LINE ( 'NONE', #2351, #5864 ) ;
#4430 = DIRECTION ( 'NONE',  ( -0.000000000000000000, -0.000000000000000000, 1.000000000000000000 ) ) ;
#4431 = EDGE_CURVE ( 'NONE', #3341, #4846, #5707, .T. ) ;
#4432 = LINE ( 'NONE', #4555, #263 ) ;
#4433 = CIRCLE ( 'NONE', #432, 1.500000000000001332 ) ;
#4434 = EDGE_CURVE ( 'NONE', #6017, #2477, #1955, .T. ) ;
#4435 = EDGE_CURVE ( 'NONE', #1660, #4683, #4066, .T. ) ;
#4436 = B_SPLINE_CURVE_WITH_KNOTS ( 'NONE', 3,
 ( #1400, #5895, #3318, #6286, #1368, #4896, #4866, #417, #6320, #3417, #282, #1762 ),
 .UNSPECIFIED., .F., .F.,
 ( 4, 2, 2, 2, 2, 4 ),
 ( 2.343703155792884843E-07, 0.003125847235931071295, 0.006251460101546563175, 0.007814266534354305863, 0.009377072967162052020, 0.01250268583277754086 ),
 .UNSPECIFIED. ) ;
#4437 = FACE_OUTER_BOUND ( 'NONE', #3872, .T. ) ;
#4438 = DIRECTION ( 'NONE',  ( -8.295235218517768465E-17, -1.000000000000000000, -0.000000000000000000 ) ) ;
#4439 = ORIENTED_EDGE ( 'NONE', *, *, #5887, .T. ) ;
#4440 = ORIENTED_EDGE ( 'NONE', *, *, #2044, .F. ) ;
#4441 = CARTESIAN_POINT ( 'NONE',  ( -15.50145376427073707, 1.750694489103297169, 2.923760430703403301 ) ) ;
#4442 = DIRECTION ( 'NONE',  ( 1.000000000000000000, 1.776356839400250465E-15, 0.000000000000000000 ) ) ;
#4443 = EDGE_CURVE ( 'NONE', #33, #1316, #5866, .T. ) ;
#4444 = EDGE_CURVE ( 'NONE', #2124, #796, #3204, .T. ) ;
#4445 = DIRECTION ( 'NONE',  ( 0.000000000000000000, 0.000000000000000000, 1.000000000000000000 ) ) ;
#4446 = DIRECTION ( 'NONE',  ( -8.295235218517768465E-17, -1.000000000000000000, -0.000000000000000000 ) ) ;
#4447 = CYLINDRICAL_SURFACE ( 'NONE', #5098, 15.59999999999999964 ) ;
#4448 = FACE_BOUND ( 'NONE', #6087, .T. ) ;
#4449 = ORIENTED_EDGE ( 'NONE', *, *, #5595, .F. ) ;
#4450 = ORIENTED_EDGE ( 'NONE', *, *, #2337, .F. ) ;
#4451 = CONICAL_SURFACE ( 'NONE', #2975, 2.499999999999998668, 1.029744258676653867 ) ;
#4452 = VERTEX_POINT ( 'NONE', #196 ) ;
#4453 = ORIENTED_EDGE ( 'NONE', *, *, #2005, .T. ) ;
#4454 = FACE_BOUND ( 'NONE', #2356, .T. ) ;
#4455 = ORIENTED_EDGE ( 'NONE', *, *, #64, .T. ) ;
#4456 = AXIS2_PLACEMENT_3D ( 'NONE', #2757, #3194, #4638 ) ;
#4457 = VERTEX_POINT ( 'NONE', #1582 ) ;
#4458 = CARTESIAN_POINT ( 'NONE',  ( 11.34742372716136671, -8.945685569543922355, 2.254099097482144209 ) ) ;
#4459 = VERTEX_POINT ( 'NONE', #2601 ) ;
#4460 = LINE ( 'NONE', #4089, #5478 ) ;
#4461 = FACE_BOUND ( 'NONE', #4013, .T. ) ;
#4462 = CARTESIAN_POINT ( 'NONE',  ( -13.42090282107359478, -5.354314430456083684, 2.254099097482149094 ) ) ;
#4463 = DIRECTION ( 'NONE',  ( 1.000000000000000000, -1.020425574104004985E-15, 0.000000000000000000 ) ) ;
#4464 = FACE_OUTER_BOUND ( 'NONE', #818, .T. ) ;
#4465 = ORIENTED_EDGE ( 'NONE', *, *, #2129, .F. ) ;
#4466 = DIRECTION ( 'NONE',  ( 1.000000000000000000, 0.000000000000000000, -1.224646799147353207E-16 ) ) ;
#4467 = EDGE_CURVE ( 'NONE', #6274, #6416, #3757, .T. ) ;
#4468 = FACE_OUTER_BOUND ( 'NONE', #3400, .T. ) ;
#4469 = DIRECTION ( 'NONE',  ( 1.000000000000000000, 0.000000000000000000, 0.000000000000000000 ) ) ;
#4470 = CARTESIAN_POINT ( 'NONE',  ( 14.50000000002817480, 44.82836574506566762, -3.061616997868407300E-16 ) ) ;
#4471 = FACE_BOUND ( 'NONE', #5610, .T. ) ;
#4472 = FACE_OUTER_BOUND ( 'NONE', #4321, .T. ) ;
#4473 = CC_DESIGN_PERSON_AND_ORGANIZATION_ASSIGNMENT ( #6326, #848, ( #692 ) ) ;
#4474 = ADVANCED_FACE ( 'NONE', ( #3599 ), #4384, .F. ) ;
#4475 = EDGE_CURVE ( 'NONE', #2365, #5894, #2912, .T. ) ;
#4476 = EDGE_CURVE ( 'NONE', #3233, #6464, #6370, .T. ) ;
#4477 = CARTESIAN_POINT ( 'NONE',  ( 12.63399442333830436, 6.717279756236221644, 2.172734599078108175 ) ) ;
#4478 = ORIENTED_EDGE ( 'NONE', *, *, #5890, .T. ) ;
#4479 = ORIENTED_EDGE ( 'NONE', *, *, #691, .T. ) ;
#4480 = AXIS2_PLACEMENT_3D ( 'NONE', #3481, #5496, #374 ) ;
#4481 = VECTOR ( 'NONE', #3919, 1000.000000000000000 ) ;
#4482 = APPROVAL_ROLE ( '' ) ;
#4483 = VECTOR ( 'NONE', #3942, 1000.000000000000114 ) ;
#4484 = DIRECTION ( 'NONE',  ( 0.000000000000000000, 0.000000000000000000, -1.000000000000000000 ) ) ;
#4485 = VERTEX_POINT ( 'NONE', #3873 ) ;
#4486 = AXIS2_PLACEMENT_3D ( 'NONE', #2517, #2487, #2551 ) ;
#4487 = VERTEX_POINT ( 'NONE', #5841 ) ;
#4488 = AXIS2_PLACEMENT_3D ( 'NONE', #5811, #5879, #863 ) ;
#4489 = CARTESIAN_POINT ( 'NONE',  ( -2.087319425436731990, 14.30000000000003091, 15.45997532904374339 ) ) ;
#4490 = ORIENTED_EDGE ( 'NONE', *, *, #6042, .F. ) ;
#4491 = CARTESIAN_POINT ( 'NONE',  ( -17.00000000002682654, 37.82836574506590210, 0.000000000000000000 ) ) ;
#4492 = FACE_BOUND ( 'NONE', #5848, .T. ) ;
#4493 = ORIENTED_EDGE ( 'NONE', *, *, #1933, .T. ) ;
#4494 = SECURITY_CLASSIFICATION ( '', '', #219 ) ;
#4495 = FACE_OUTER_BOUND ( 'NONE', #5477, .T. ) ;
#4496 = AXIS2_PLACEMENT_3D ( 'NONE', #3598, #6101, #4154 ) ;
#4497 = VERTEX_POINT ( 'NONE', #6305 ) ;
#4498 = ORIENTED_EDGE ( 'NONE', *, *, #4710, .T. ) ;
#4499 = DIRECTION ( 'NONE',  ( -0.000000000000000000, -1.000000000000000000, -0.000000000000000000 ) ) ;
#4500 = LINE ( 'NONE', #6511, #387 ) ;
#4501 = CARTESIAN_POINT ( 'NONE',  ( 4.178481628682593862E-12, 38.53969061047146738, 0.000000000000000000 ) ) ;
#4502 = DIRECTION ( 'NONE',  ( 8.295235218517768465E-17, 1.000000000000000000, 0.000000000000000000 ) ) ;
#4503 = CARTESIAN_POINT ( 'NONE',  ( -13.44999999999999929, -10.70000000000001172, 12.95000000000000639 ) ) ;
#4504 = LINE ( 'NONE', #76, #4129 ) ;
#4505 = VECTOR ( 'NONE', #287, 1000.000000000000000 ) ;
#4506 = FACE_BOUND ( 'NONE', #2838, .T. ) ;
#4507 = ORIENTED_EDGE ( 'NONE', *, *, #4509, .F. ) ;
#4508 = VERTEX_POINT ( 'NONE', #2876 ) ;
#4509 = EDGE_CURVE ( 'NONE', #5497, #989, #762, .T. ) ;
#4510 = CIRCLE ( 'NONE', #1248, 21.55000000002746674 ) ;
#4511 = SHAPE_DEFINITION_REPRESENTATION ( #3869, #1122 ) ;
#4512 = ADVANCED_FACE ( 'NONE', ( #1221 ), #3239, .F. ) ;
#4513 = ADVANCED_FACE ( 'NONE', ( #1352 ), #1015, .F. ) ;
#4514 = CIRCLE ( 'NONE', #6307, 0.7999999999999986011 ) ;
#4515 = DIRECTION ( 'NONE',  ( 1.000000000000000000, 1.231304080816852664E-16, -0.000000000000000000 ) ) ;
#4516 = ORIENTED_EDGE ( 'NONE', *, *, #1046, .F. ) ;
#4517 = EDGE_CURVE ( 'NONE', #2985, #1710, #3772, .T. ) ;
#4518 = EDGE_LOOP ( 'NONE', ( #6269, #650 ) ) ;
#4519 = DIRECTION ( 'NONE',  ( 0.000000000000000000, -1.000000000000000000, -1.224646799147353454E-16 ) ) ;
#4520 = VECTOR ( 'NONE', #2874, 1000.000000000000000 ) ;
#4521 = EDGE_LOOP ( 'NONE', ( #5053, #4426, #4143, #611 ) ) ;
#4522 = CIRCLE ( 'NONE', #5999, 15.59999999999999964 ) ;
#4523 = CARTESIAN_POINT ( 'NONE',  ( 0.000000000000000000, 0.000000000000000000, 7.750000000000008882 ) ) ;
#4524 = EDGE_LOOP ( 'NONE', ( #6150, #2775, #712, #462 ) ) ;
#4525 = CARTESIAN_POINT ( 'NONE',  ( -15.50145376427073529, -1.750694489103290508, 2.923760430703404190 ) ) ;
#4526 = AXIS2_PLACEMENT_3D ( 'NONE', #3607, #5586, #1064 ) ;
#4527 = AXIS2_PLACEMENT_3D ( 'NONE', #2149, #5721, #4173 ) ;
#4528 = CARTESIAN_POINT ( 'NONE',  ( -6.234580980306493103, -14.30000000000001670, 2.923760430703403745 ) ) ;
#4529 = AXIS2_PLACEMENT_3D ( 'NONE', #2762, #3763, #5768 ) ;
#4530 = ORIENTED_EDGE ( 'NONE', *, *, #4710, .F. ) ;
#4531 = CARTESIAN_POINT ( 'NONE',  ( 9.266872783964224425, -12.54930551089673152, 14.77623956929659421 ) ) ;
#4532 = CYLINDRICAL_SURFACE ( 'NONE', #6166, 4.050000000019508661 ) ;
#4533 = CIRCLE ( 'NONE', #324, 3.086602540379317805 ) ;
#4534 = CARTESIAN_POINT ( 'NONE',  ( -24.47999999999994714, -6.065000000000000391, 0.000000000000000000 ) ) ;
#4535 = CARTESIAN_POINT ( 'NONE',  ( 28.39999999999994174, -5.474999999999999645, 0.000000000000000000 ) ) ;
#4536 = CARTESIAN_POINT ( 'NONE',  ( 28.19999999999994600, -1.814434795145768682E-16, 0.000000000000000000 ) ) ;
#4537 = CARTESIAN_POINT ( 'NONE',  ( -7.800000000027012881, 8.128365745067640091, 9.797174393211961760E-16 ) ) ;
#4538 = VERTEX_POINT ( 'NONE', #825 ) ;
#4539 = AXIS2_PLACEMENT_3D ( 'NONE', #2146, #2749, #637 ) ;
#4540 = CARTESIAN_POINT ( 'NONE',  ( 14.47295043918423829, 3.532114503906624403, 15.20152563016557856 ) ) ;
#4541 = ORIENTED_EDGE ( 'NONE', *, *, #4965, .F. ) ;
#4542 = ORIENTED_EDGE ( 'NONE', *, *, #3918, .T. ) ;
#4543 = VECTOR ( 'NONE', #1128, 1000.000000000000000 ) ;
#4544 = PERSON_AND_ORGANIZATION ( #3131, #5968 ) ;
#4545 = ADVANCED_FACE ( 'NONE', ( #2345 ), #6270, .F. ) ;
#4546 = AXIS2_PLACEMENT_3D ( 'NONE', #4108, #3612, #577 ) ;
#4547 = EDGE_CURVE ( 'NONE', #6464, #770, #1818, .T. ) ;
#4548 = EDGE_LOOP ( 'NONE', ( #1941, #4857 ) ) ;
#4549 = ORIENTED_EDGE ( 'NONE', *, *, #147, .F. ) ;
#4550 = ADVANCED_FACE ( 'NONE', ( #5775 ), #1256, .T. ) ;
#4551 = ADVANCED_FACE ( 'NONE', ( #3806 ), #586, .F. ) ;
#4552 = EDGE_CURVE ( 'NONE', #4497, #5706, #5385, .T. ) ;
#4553 = FACE_OUTER_BOUND ( 'NONE', #3568, .T. ) ;
#4554 = ORIENTED_EDGE ( 'NONE', *, *, #523, .F. ) ;
#4555 = CARTESIAN_POINT ( 'NONE',  ( 13.20000000000000639, -10.70000000000001172, 13.20000000000000639 ) ) ;
#4556 = ORIENTED_EDGE ( 'NONE', *, *, #968, .F. ) ;
#4557 = ORIENTED_EDGE ( 'NONE', *, *, #1413, .T. ) ;
#4558 = DIRECTION ( 'NONE',  ( 0.000000000000000000, 0.000000000000000000, 1.000000000000000000 ) ) ;
#4559 = AXIS2_PLACEMENT_3D ( 'NONE', #1403, #1303, #781 ) ;
#4560 = ORIENTED_EDGE ( 'NONE', *, *, #885, .F. ) ;
#4561 = DIRECTION ( 'NONE',  ( 0.000000000000000000, -1.000000000000000000, 0.000000000000000000 ) ) ;
#4562 = DIRECTION ( 'NONE',  ( -8.295235218517768465E-17, -1.000000000000000000, -0.000000000000000000 ) ) ;
#4563 = LINE ( 'NONE', #5989, #1994 ) ;
#4564 = DIRECTION ( 'NONE',  ( 0.000000000000000000, 0.7071067811865436870, -0.7071067811865513475 ) ) ;
#4565 = DIRECTION ( 'NONE',  ( 0.000000000000000000, 0.000000000000000000, 1.000000000000000000 ) ) ;
#4566 = DIRECTION ( 'NONE',  ( -8.295235218517768465E-17, -1.000000000000000000, -0.000000000000000000 ) ) ;
#4567 = EDGE_LOOP ( 'NONE', ( #2403, #2577, #3074, #305 ) ) ;
#4568 = VECTOR ( 'NONE', #4938, 1000.000000000000114 ) ;
#4569 = CARTESIAN_POINT ( 'NONE',  ( 10.29937642222025929, 10.76095675043756295, 15.20326411158249513 ) ) ;
#4570 = ORIENTED_EDGE ( 'NONE', *, *, #1164, .F. ) ;
#4571 = EDGE_LOOP ( 'NONE', ( #1297, #4909, #630, #153 ) ) ;
#4572 = PERSON_AND_ORGANIZATION_ROLE ( 'creator' ) ;
#4573 = DIRECTION ( 'NONE',  ( -1.000000000000000000, 1.022466556597827761E-15, 0.000000000000000000 ) ) ;
#4574 = AXIS2_PLACEMENT_3D ( 'NONE', #5397, #2888, #4405 ) ;
#4575 = ORIENTED_EDGE ( 'NONE', *, *, #1111, .T. ) ;
#4576 = VERTEX_POINT ( 'NONE', #1286 ) ;
#4577 = FACE_OUTER_BOUND ( 'NONE', #5961, .T. ) ;
#4578 = AXIS2_PLACEMENT_3D ( 'NONE', #1865, #3887, #5892 ) ;
#4579 = AXIS2_PLACEMENT_3D ( 'NONE', #5392, #2814, #2249 ) ;
#4580 = DIRECTION ( 'NONE',  ( -0.8660254037844388186, 0.4999999999999998335, 0.000000000000000000 ) ) ;
#4581 = DIRECTION ( 'NONE',  ( 1.000000000000000000, -1.942890293094375336E-13, 0.000000000000000000 ) ) ;
#4582 = VECTOR ( 'NONE', #2240, 1000.000000000000000 ) ;
#4583 = VERTEX_POINT ( 'NONE', #3304 ) ;
#4584 = EDGE_CURVE ( 'NONE', #2382, #3401, #5114, .T. ) ;
#4585 = DIRECTION ( 'NONE',  ( 1.022466556597827761E-15, 1.000000000000000000, 0.000000000000000000 ) ) ;
#4586 = ADVANCED_FACE ( 'NONE', ( #2311 ), #3968, .T. ) ;
#4587 = ADVANCED_FACE ( 'NONE', ( #732 ), #4332, .T. ) ;
#4588 = VECTOR ( 'NONE', #2580, 1000.000000000000000 ) ;
#4589 = ORIENTED_EDGE ( 'NONE', *, *, #5767, .F. ) ;
#4590 = CARTESIAN_POINT ( 'NONE',  ( 9.000000000000001776, -1.199999999999999734, 9.000000000000000000 ) ) ;
#4591 = DIRECTION ( 'NONE',  ( -1.000000000000000000, 6.434165940233234309E-18, -0.000000000000000000 ) ) ;
#4592 = CARTESIAN_POINT ( 'NONE',  ( -4.400000000044656190, 0.7283657450677766265, 5.388445916303042781E-16 ) ) ;
#4593 = CARTESIAN_POINT ( 'NONE',  ( -14.50000000002727418, 37.82836574506638527, 3.061616997867835376E-16 ) ) ;
#4594 = CARTESIAN_POINT ( 'NONE',  ( 13.44999999999999751, -10.70000000000001172, -12.95000000000001350 ) ) ;
#4595 = LOCAL_TIME ( 18, 8, 39.00000000000000000, #5073 ) ;
#4596 = ADVANCED_FACE ( 'NONE', ( #3340 ), #4362, .T. ) ;
#4597 = AXIS2_PLACEMENT_3D ( 'NONE', #1424, #936, #3444 ) ;
#4598 = DESIGN_CONTEXT ( 'detailed design', #6361, 'design' ) ;
#4599 = CARTESIAN_POINT ( 'NONE',  ( 0.000000000000000000, 0.000000000000000000, 17.69999999999999929 ) ) ;
#4600 = FACE_OUTER_BOUND ( 'NONE', #2729, .T. ) ;
#4601 = EDGE_LOOP ( 'NONE', ( #4666, #1784, #2896, #4404 ) ) ;
#4602 = ORIENTED_EDGE ( 'NONE', *, *, #3960, .F. ) ;
#4603 = AXIS2_PLACEMENT_3D ( 'NONE', #2522, #3550, #2462 ) ;
#4604 = FACE_OUTER_BOUND ( 'NONE', #4229, .T. ) ;
#4605 = CARTESIAN_POINT ( 'NONE',  ( 4.200000000025744029, 30.99722451333923345, 0.000000000000000000 ) ) ;
#4606 = EDGE_LOOP ( 'NONE', ( #4639, #1671 ) ) ;
#4607 = DATE_AND_TIME ( #6030, #4808 ) ;
#4608 = LINE ( 'NONE', #54, #3061 ) ;
#4609 = ORIENTED_EDGE ( 'NONE', *, *, #1720, .T. ) ;
#4610 = AXIS2_PLACEMENT_3D ( 'NONE', #6507, #3976, #5088 ) ;
#4611 = CARTESIAN_POINT ( 'NONE',  ( -13.45000000000000995, 8.900000000000041211, -13.44999999999999929 ) ) ;
#4612 = CIRCLE ( 'NONE', #5777, 2.900000000000006573 ) ;
#4613 = DIRECTION ( 'NONE',  ( 0.000000000000000000, -1.000000000000000000, 0.000000000000000000 ) ) ;
#4614 = DIRECTION ( 'NONE',  ( 0.000000000000000000, 0.000000000000000000, 1.000000000000000000 ) ) ;
#4615 = ORIENTED_EDGE ( 'NONE', *, *, #4547, .T. ) ;
#4616 = CYLINDRICAL_SURFACE ( 'NONE', #6512, 11.69999999999998863 ) ;
#4617 = VECTOR ( 'NONE', #1709, 1000.000000000000000 ) ;
#4618 = AXIS2_PLACEMENT_3D ( 'NONE', #2811, #1262, #4890 ) ;
#4619 = ORIENTED_EDGE ( 'NONE', *, *, #5855, .T. ) ;
#4620 = CARTESIAN_POINT ( 'NONE',  ( 9.000000000000001776, -1.199999999999999734, -11.49999999999999822 ) ) ;
#4621 = AXIS2_PLACEMENT_3D ( 'NONE', #5163, #3644, #1724 ) ;
#4622 = LINE ( 'NONE', #3145, #4803 ) ;
#4623 = CARTESIAN_POINT ( 'NONE',  ( 13.44999999999999929, -6.065000000000000391, 3.356058220935007150E-31 ) ) ;
#4624 = ADVANCED_FACE ( 'NONE', ( #399 ), #1388, .T. ) ;
#4625 = DIRECTION ( 'NONE',  ( 0.000000000000000000, -1.000000000000000000, 0.000000000000000000 ) ) ;
#4626 = EDGE_CURVE ( 'NONE', #4945, #5729, #6435, .T. ) ;
#4627 = DIRECTION ( 'NONE',  ( -1.000000000000000000, 0.000000000000000000, 0.000000000000000000 ) ) ;
#4628 = AXIS2_PLACEMENT_3D ( 'NONE', #5139, #6095, #3619 ) ;
#4629 = DIRECTION ( 'NONE',  ( 1.000000000000000000, -1.070816960479221950E-16, 0.000000000000000000 ) ) ;
#4630 = DIRECTION ( 'NONE',  ( -1.000000000000000000, 0.000000000000000000, 0.000000000000000000 ) ) ;
#4631 = ORIENTED_EDGE ( 'NONE', *, *, #332, .T. ) ;
#4632 = EDGE_CURVE ( 'NONE', #3416, #4030, #2484, .T. ) ;
#4633 = EDGE_CURVE ( 'NONE', #862, #2606, #699, .T. ) ;
#4634 = AXIS2_PLACEMENT_3D ( 'NONE', #5458, #4955, #1635 ) ;
#4635 = APPROVAL_ROLE ( '' ) ;
#4636 = DIRECTION ( 'NONE',  ( 1.000000000000000000, -8.295235218517768465E-17, 0.000000000000000000 ) ) ;
#4637 = VERTEX_POINT ( 'NONE', #5585 ) ;
#4638 = DIRECTION ( 'NONE',  ( 6.434165940233234309E-18, -1.000000000000000000, 0.000000000000000000 ) ) ;
#4639 = ORIENTED_EDGE ( 'NONE', *, *, #2773, .T. ) ;
#4640 = PERSON_AND_ORGANIZATION ( #3131, #5968 ) ;
#4641 = CIRCLE ( 'NONE', #2634, 0.3000000000000003775 ) ;
#4642 = FACE_OUTER_BOUND ( 'NONE', #912, .T. ) ;
#4643 = ORIENTED_EDGE ( 'NONE', *, *, #155, .T. ) ;
#4644 = DIRECTION ( 'NONE',  ( 1.000000000000000000, 0.000000000000000000, 0.000000000000000000 ) ) ;
#4645 = DIRECTION ( 'NONE',  ( 0.000000000000000000, -1.000000000000000000, 0.000000000000000000 ) ) ;
#4646 = ORIENTED_EDGE ( 'NONE', *, *, #5771, .T. ) ;
#4647 = CARTESIAN_POINT ( 'NONE',  ( 17.00000000002682654, 37.82836574506590210, 0.000000000000000000 ) ) ;
#4648 = EDGE_LOOP ( 'NONE', ( #3765, #4365, #512, #2485 ) ) ;
#4649 = VECTOR ( 'NONE', #858, 1000.000000000000000 ) ;
#4650 = FACE_OUTER_BOUND ( 'NONE', #1492, .T. ) ;
#4651 = ORIENTED_EDGE ( 'NONE', *, *, #3472, .T. ) ;
#4652 = DIRECTION ( 'NONE',  ( -1.000000000000000000, -6.434165940233234309E-18, -0.000000000000000000 ) ) ;
#4653 = DIRECTION ( 'NONE',  ( -1.000000000000000000, 6.434165940233234309E-18, -0.000000000000000000 ) ) ;
#4654 = PLANE ( 'NONE',  #3326 ) ;
#4655 = FACE_OUTER_BOUND ( 'NONE', #4050, .T. ) ;
#4656 = CARTESIAN_POINT ( 'NONE',  ( -2.087319425436735987, -14.30000000000001492, 15.45997532904374516 ) ) ;
#4657 = AXIS2_PLACEMENT_3D ( 'NONE', #4802, #1871, #4313 ) ;
#4658 = FACE_OUTER_BOUND ( 'NONE', #3936, .T. ) ;
#4659 = CARTESIAN_POINT ( 'NONE',  ( -21.75000000002637535, 10.02836574506841494, 2.663606788148751807E-15 ) ) ;
#4660 = ORIENTED_EDGE ( 'NONE', *, *, #6288, .F. ) ;
#4661 = ADVANCED_FACE ( 'NONE', ( #5185 ), #635, .T. ) ;
#4662 = DIRECTION ( 'NONE',  ( 0.1818926070051538613, -1.508841959617165331E-17, 0.9833184019008637256 ) ) ;
#4663 = DIRECTION ( 'NONE',  ( -1.000000000000000000, 6.434165940233234309E-18, -0.000000000000000000 ) ) ;
#4664 = CARTESIAN_POINT ( 'NONE',  ( 0.000000000000000000, 0.000000000000000000, 8.500000000000000000 ) ) ;
#4665 = DIRECTION ( 'NONE',  ( 1.000000000000000000, 1.243449787580175168E-14, 0.000000000000000000 ) ) ;
#4666 = ORIENTED_EDGE ( 'NONE', *, *, #2865, .F. ) ;
#4667 = CC_DESIGN_DATE_AND_TIME_ASSIGNMENT ( #5132, #177, ( #2905 ) ) ;
#4668 = EDGE_CURVE ( 'NONE', #2176, #1562, #4389, .T. ) ;
#4669 = DIRECTION ( 'NONE',  ( -1.000000000000000000, -6.434165940233234309E-18, -0.000000000000000000 ) ) ;
#4670 = MECHANICAL_CONTEXT ( 'NONE', #4929, 'mechanical' ) ;
#4671 = ADVANCED_FACE ( 'NONE', ( #5613 ), #1588, .F. ) ;
#4672 = VECTOR ( 'NONE', #6350, 1000.000000000000000 ) ;
#4673 = ADVANCED_FACE ( 'NONE', ( #5154 ), #130, .F. ) ;
#4674 = CARTESIAN_POINT ( 'NONE',  ( 3.196957988627622384E-15, 38.53969061047155975, 0.000000000000000000 ) ) ;
#4675 = ORIENTED_EDGE ( 'NONE', *, *, #3103, .T. ) ;
#4676 = AXIS2_PLACEMENT_3D ( 'NONE', #1667, #3293, #6191 ) ;
#4677 = EDGE_CURVE ( 'NONE', #1149, #6345, #2077, .T. ) ;
#4678 = DIRECTION ( 'NONE',  ( -8.295235218517768465E-17, -1.000000000000000000, -0.000000000000000000 ) ) ;
#4679 = VECTOR ( 'NONE', #4103, 1000.000000000000000 ) ;
#4680 = DIRECTION ( 'NONE',  ( 1.954828175079010964E-13, 1.000000000000000000, 0.000000000000000000 ) ) ;
#4681 = ORIENTED_EDGE ( 'NONE', *, *, #4431, .F. ) ;
#4682 = DIRECTION ( 'NONE',  ( 0.000000000000000000, -1.000000000000000000, 0.000000000000000000 ) ) ;
#4683 = VERTEX_POINT ( 'NONE', #5092 ) ;
#4684 = VECTOR ( 'NONE', #1795, 1000.000000000000000 ) ;
#4685 = AXIS2_PLACEMENT_3D ( 'NONE', #1825, #6312, #5747 ) ;
#4686 = CIRCLE ( 'NONE', #5012, 11.69999999999998863 ) ;
#4687 = CARTESIAN_POINT ( 'NONE',  ( -9.266872783964245741, -12.54930551089671731, 2.923760430703403301 ) ) ;
#4688 = ORGANIZATION ( 'NAUO-ORG1', 'UNSPECIFIED', 'UNSPECIFIED' ) ;
#4689 = ORIENTED_EDGE ( 'NONE', *, *, #4960, .F. ) ;
#4690 = DIRECTION ( 'NONE',  ( 0.000000000000000000, -1.000000000000000000, 0.000000000000000000 ) ) ;
#4691 = AXIS2_PLACEMENT_3D ( 'NONE', #4861, #1266, #2850 ) ;
#4692 = DIRECTION ( 'NONE',  ( 0.000000000000000000, 1.000000000000000000, 0.000000000000000000 ) ) ;
#4693 = LINE ( 'NONE', #205, #4679 ) ;
#4694 = CARTESIAN_POINT ( 'NONE',  ( -9.000000000000001776, -1.199999999999999734, -11.49999999999999822 ) ) ;
#4695 = CARTESIAN_POINT ( 'NONE',  ( -6.234580980306493103, -14.30000000000001670, 14.77623956929659421 ) ) ;
#4696 = EDGE_LOOP ( 'NONE', ( #1287, #3494, #4155, #5744 ) ) ;
#4697 = FACE_OUTER_BOUND ( 'NONE', #1951, .T. ) ;
#4698 = VECTOR ( 'NONE', #1747, 1000.000000000000000 ) ;
#4699 = DIRECTION ( 'NONE',  ( 1.000000000000000000, -1.022466556597827761E-15, 0.000000000000000000 ) ) ;
#4700 = VERTEX_POINT ( 'NONE', #5682 ) ;
#4701 = SECURITY_CLASSIFICATION ( '', '', #2532 ) ;
#4702 = DIRECTION ( 'NONE',  ( -8.295235218517768465E-17, -1.000000000000000000, -0.000000000000000000 ) ) ;
#4703 = DIRECTION ( 'NONE',  ( 1.000000000000000000, -9.462128050782600646E-16, 0.000000000000000000 ) ) ;
#4704 = CARTESIAN_POINT ( 'NONE',  ( 9.000000000000001776, -10.80000000000001315, 6.500000000000000888 ) ) ;
#4705 = ORIENTED_EDGE ( 'NONE', *, *, #3959, .F. ) ;
#4706 = LINE ( 'NONE', #4252, #5619 ) ;
#4707 = PERSON_AND_ORGANIZATION_ROLE ( 'classification_officer' ) ;
#4708 = AXIS2_PLACEMENT_3D ( 'NONE', #4599, #4565, #5095 ) ;
#4709 = CARTESIAN_POINT ( 'NONE',  ( 0.000000000000000000, 0.000000000000000000, 0.2999999999999999334 ) ) ;
#4710 = EDGE_CURVE ( 'NONE', #4457, #1278, #388, .T. ) ;
#4711 = VERTEX_POINT ( 'NONE', #4592 ) ;
#4712 = ORIENTED_EDGE ( 'NONE', *, *, #4276, .F. ) ;
#4713 = EDGE_CURVE ( 'NONE', #2190, #3126, #2263, .T. ) ;
#4714 = EDGE_CURVE ( 'NONE', #3126, #2190, #4373, .T. ) ;
#4715 = DIRECTION ( 'NONE',  ( 0.000000000000000000, -1.000000000000000000, 0.000000000000000000 ) ) ;
#4716 = ADVANCED_FACE ( 'NONE', ( #5123 ), #1158, .F. ) ;
#4717 = DIRECTION ( 'NONE',  ( -1.000000000000000000, 0.000000000000000000, 0.000000000000000000 ) ) ;
#4718 = ORIENTED_EDGE ( 'NONE', *, *, #4435, .F. ) ;
#4719 = CARTESIAN_POINT ( 'NONE',  ( 3.196957988627607396E-15, 38.53969061047138212, 0.000000000000000000 ) ) ;
#4720 = ORIENTED_EDGE ( 'NONE', *, *, #30, .F. ) ;
#4721 = AXIS2_PLACEMENT_3D ( 'NONE', #4160, #198, #2140 ) ;
#4722 = CARTESIAN_POINT ( 'NONE',  ( -9.000000000000001776, -10.79999999999999893, -9.000000000000000000 ) ) ;
#4723 = VERTEX_POINT ( 'NONE', #605 ) ;
#4724 = CARTESIAN_POINT ( 'NONE',  ( -25.65999999999994685, -1.651006980263844570E-16, 0.000000000000000000 ) ) ;
#4725 = CARTESIAN_POINT ( 'NONE',  ( -17.00000000002797407, 43.71079885517246311, 0.000000000000000000 ) ) ;
#4726 = DIRECTION ( 'NONE',  ( 0.000000000000000000, -1.000000000000000000, 0.000000000000000000 ) ) ;
#4727 = CARTESIAN_POINT ( 'NONE',  ( -17.28999999999999915, -1.112467291066326069E-16, 0.000000000000000000 ) ) ;
#4728 = DIRECTION ( 'NONE',  ( 1.934635846814283225E-16, -1.978100452562922547E-31, 1.000000000000000000 ) ) ;
#4729 = DIRECTION ( 'NONE',  ( -1.022466556597827761E-15, -1.000000000000000000, -0.000000000000000000 ) ) ;
#4730 = FACE_OUTER_BOUND ( 'NONE', #6239, .T. ) ;
#4731 = ORIENTED_EDGE ( 'NONE', *, *, #3923, .F. ) ;
#4732 = APPROVAL_DATE_TIME ( #2227, #6411 ) ;
#4733 = CARTESIAN_POINT ( 'NONE',  ( -12.95000000000001172, 17.80000000000000071, 13.44999999999999929 ) ) ;
#4734 = VECTOR ( 'NONE', #1356, 1000.000000000000000 ) ;
#4735 = DIRECTION ( 'NONE',  ( -0.000000000000000000, -0.000000000000000000, -1.000000000000000000 ) ) ;
#4736 = LINE ( 'NONE', #5695, #5719 ) ;
#4737 = ORIENTED_EDGE ( 'NONE', *, *, #1815, .T. ) ;
#4738 = FACE_OUTER_BOUND ( 'NONE', #4371, .T. ) ;
#4739 = DATE_AND_TIME ( #2161, #809 ) ;
#4740 = CIRCLE ( 'NONE', #1900, 5.865000000000000213 ) ;
#4741 = DIRECTION ( 'NONE',  ( -1.000000000000000000, 7.105427357601001859E-15, 0.000000000000000000 ) ) ;
#4742 = ORIENTED_EDGE ( 'NONE', *, *, #3719, .T. ) ;
#4743 = VERTEX_POINT ( 'NONE', #4623 ) ;
#4744 = CIRCLE ( 'NONE', #5486, 7.139999999999999680 ) ;
#4745 = CYLINDRICAL_SURFACE ( 'NONE', #3402, 2.299999999999996714 ) ;
#4746 = ADVANCED_FACE ( 'NONE', ( #1193, #3146 ), #4654, .F. ) ;
#4747 = EDGE_CURVE ( 'NONE', #5454, #5507, #4693, .T. ) ;
#4748 = DIRECTION ( 'NONE',  ( -0.000000000000000000, -0.000000000000000000, -1.000000000000000000 ) ) ;
#4749 = ORIENTED_EDGE ( 'NONE', *, *, #5494, .T. ) ;
#4750 = DIRECTION ( 'NONE',  ( -1.000000000000000000, 0.000000000000000000, 0.000000000000000000 ) ) ;
#4751 = ORIENTED_EDGE ( 'NONE', *, *, #158, .F. ) ;
#4752 = APPROVAL ( #5201, '未指定' ) ;
#4753 = ADVANCED_FACE ( 'NONE', ( #1688 ), #6159, .F. ) ;
#4754 = DIRECTION ( 'NONE',  ( 0.000000000000000000, -1.000000000000000000, 0.000000000000000000 ) ) ;
#4755 = EDGE_CURVE ( 'NONE', #2167, #33, #3705, .T. ) ;
#4756 = ORIENTED_EDGE ( 'NONE', *, *, #6297, .F. ) ;
#4757 = DIRECTION ( 'NONE',  ( -6.434165940233233538E-18, -1.000000000000000000, 0.000000000000000000 ) ) ;
#4758 = DIRECTION ( 'NONE',  ( 1.000000000000000000, -6.434165940233234309E-18, 0.000000000000000000 ) ) ;
#4759 = DIRECTION ( 'NONE',  ( -0.7071067811865512365, 0.7071067811865439090, -9.813231056348315655E-15 ) ) ;
#4760 = CIRCLE ( 'NONE', #342, 2.600000000027042457 ) ;
#4761 = CARTESIAN_POINT ( 'NONE',  ( -6.234580980306493103, -14.30000000000001670, 17.69999999999999929 ) ) ;
#4762 = DIRECTION ( 'NONE',  ( -0.000000000000000000, -1.000000000000000000, -0.000000000000000000 ) ) ;
#4763 = LINE ( 'NONE', #5720, #6076 ) ;
#4764 = CARTESIAN_POINT ( 'NONE',  ( 0.000000000000000000, -11.19999999999999929, -12.95000000000000639 ) ) ;
#4765 = VERTEX_POINT ( 'NONE', #5221 ) ;
#4766 = LINE ( 'NONE', #2256, #5691 ) ;
#4767 = DIRECTION ( 'NONE',  ( -0.000000000000000000, -0.000000000000000000, -1.000000000000000000 ) ) ;
#4768 = CARTESIAN_POINT ( 'NONE',  ( 13.44999999999999751, 8.900000000000014566, -12.95000000000001350 ) ) ;
#4769 = ORIENTED_EDGE ( 'NONE', *, *, #1854, .T. ) ;
#4770 = DIRECTION ( 'NONE',  ( 0.000000000000000000, -1.000000000000000000, 0.000000000000000000 ) ) ;
#4771 = CALENDAR_DATE ( 2026, 21, 4 ) ;
#4772 = DIRECTION ( 'NONE',  ( 1.224646799147353207E-16, -1.015873325853218016E-32, 1.000000000000000000 ) ) ;
#4773 = ORIENTED_EDGE ( 'NONE', *, *, #2944, .F. ) ;
#4774 = ORIENTED_EDGE ( 'NONE', *, *, #2371, .T. ) ;
#4775 = DIRECTION ( 'NONE',  ( 0.7071067811865467956, 0.7071067811865483499, -8.659560562354942719E-17 ) ) ;
#4776 = AXIS2_PLACEMENT_3D ( 'NONE', #2330, #4409, #4902 ) ;
#4777 = CARTESIAN_POINT ( 'NONE',  ( 0.000000000000000000, 0.000000000000000000, 0.000000000000000000 ) ) ;
#4778 = ORIENTED_EDGE ( 'NONE', *, *, #5897, .F. ) ;
#4779 = CARTESIAN_POINT ( 'NONE',  ( 0.000000000000000000, 0.000000000000000000, 0.000000000000000000 ) ) ;
#4780 = VERTEX_POINT ( 'NONE', #6244 ) ;
#4781 = DIRECTION ( 'NONE',  ( -0.000000000000000000, -0.000000000000000000, -1.000000000000000000 ) ) ;
#4782 = ORIENTED_EDGE ( 'NONE', *, *, #3624, .F. ) ;
#4783 = CARTESIAN_POINT ( 'NONE',  ( -9.000000000000001776, -11.19999999999999929, 11.49999999999999822 ) ) ;
#4784 =( LENGTH_UNIT ( ) NAMED_UNIT ( * ) SI_UNIT ( .MILLI., .METRE. ) );
#4785 = CARTESIAN_POINT ( 'NONE',  ( -12.69999999999996554, 17.00000000000001776, 1.555301434917136658E-15 ) ) ;
#4786 = EDGE_CURVE ( 'NONE', #3711, #5097, #2821, .T. ) ;
#4787 = CIRCLE ( 'NONE', #1000, 2.499999999999547917 ) ;
#4788 = DIRECTION ( 'NONE',  ( 1.000000000000000000, -8.295235218517768465E-17, 0.000000000000000000 ) ) ;
#4789 = DIRECTION ( 'NONE',  ( -1.022466556597827761E-15, -1.000000000000000000, -0.000000000000000000 ) ) ;
#4790 = CIRCLE ( 'NONE', #5629, 2.499999999999998668 ) ;
#4791 = EDGE_CURVE ( 'NONE', #4945, #1809, #3852, .T. ) ;
#4792 = ADVANCED_FACE ( 'NONE', ( #2357 ), #6053, .T. ) ;
#4793 = PLANE ( 'NONE',  #3218 ) ;
#4794 = ORGANIZATION ( 'NAUO-ORG3', 'UNSPECIFIED', 'UNSPECIFIED' ) ;
#4795 = DIRECTION ( 'NONE',  ( -1.000000000000000000, -6.434165940233234309E-18, -0.000000000000000000 ) ) ;
#4796 = ORIENTED_EDGE ( 'NONE', *, *, #3659, .T. ) ;
#4797 = AXIS2_PLACEMENT_3D ( 'NONE', #6442, #4958, #2545 ) ;
#4798 = DIRECTION ( 'NONE',  ( 1.000000000000000000, -7.975740119423924399E-17, 0.000000000000000000 ) ) ;
#4799 = CARTESIAN_POINT ( 'NONE',  ( 2.764666333041210533E-15, 33.32836574506700345, 0.000000000000000000 ) ) ;
#4800 = EDGE_CURVE ( 'NONE', #5618, #5642, #1840, .T. ) ;
#4801 = LINE ( 'NONE', #179, #4505 ) ;
#4802 = CARTESIAN_POINT ( 'NONE',  ( 6.041965180448148500E-17, 0.7283657450677758494, 0.000000000000000000 ) ) ;
#4803 = VECTOR ( 'NONE', #2245, 1000.000000000000000 ) ;
#4804 = CIRCLE ( 'NONE', #2690, 2.499999999999547917 ) ;
#4805 = CARTESIAN_POINT ( 'NONE',  ( 9.000000000000001776, -1.199999999999999734, -11.49999999999999822 ) ) ;
#4806 = COORDINATED_UNIVERSAL_TIME_OFFSET ( 8, 0, .AHEAD. ) ;
#4807 = AXIS2_PLACEMENT_3D ( 'NONE', #2156, #2722, #2686 ) ;
#4808 = LOCAL_TIME ( 18, 8, 39.00000000000000000, #2561 ) ;
#4809 = CARTESIAN_POINT ( 'NONE',  ( -12.09999999999999964, 0.000000000000000000, 8.900000000000000355 ) ) ;
#4810 = ORIENTED_EDGE ( 'NONE', *, *, #4232, .T. ) ;
#4811 = VERTEX_POINT ( 'NONE', #6352 ) ;
#4812 = PRODUCT_DEFINITION_FORMATION_WITH_SPECIFIED_SOURCE ( '任何', '', #859, .NOT_KNOWN. ) ;
#4813 = CONICAL_SURFACE ( 'NONE', #59, 2.299999999999999822, 1.047197551196598964 ) ;
#4814 = CARTESIAN_POINT ( 'NONE',  ( 0.000000000000000000, 0.000000000000000000, 17.39999999999999858 ) ) ;
#4815 = FACE_BOUND ( 'NONE', #1355, .T. ) ;
#4816 = ORIENTED_EDGE ( 'NONE', *, *, #1331, .T. ) ;
#4817 = ORIENTED_EDGE ( 'NONE', *, *, #3995, .T. ) ;
#4818 = DIRECTION ( 'NONE',  ( -0.000000000000000000, -1.000000000000000000, -0.000000000000000000 ) ) ;
#4819 = EDGE_LOOP ( 'NONE', ( #2854, #4440, #3716, #1123 ) ) ;
#4820 = CONICAL_SURFACE ( 'NONE', #1973, 4.606580753730955990, 0.5235987755982930425 ) ;
#4821 = FACE_OUTER_BOUND ( 'NONE', #1570, .T. ) ;
#4822 = EDGE_LOOP ( 'NONE', ( #4251, #1234, #3366, #3044 ) ) ;
#4823 = SHAPE_REPRESENTATION_RELATIONSHIP ( 'NONE' , 'NONE' ,  #4298, #3678 ) ;
#4824 = PLANE ( 'NONE',  #3325 ) ;
#4825 = CARTESIAN_POINT ( 'NONE',  ( 13.44999999999999751, -10.70000000000001172, -12.95000000000001350 ) ) ;
#4826 = AXIS2_PLACEMENT_3D ( 'NONE', #4299, #1820, #1786 ) ;
#4827 = CARTESIAN_POINT ( 'NONE',  ( 0.000000000000000000, 0.000000000000000000, 0.000000000000000000 ) ) ;
#4828 = FACE_OUTER_BOUND ( 'NONE', #4567, .T. ) ;
#4829 = ORIENTED_EDGE ( 'NONE', *, *, #1485, .F. ) ;
#4830 = AXIS2_PLACEMENT_3D ( 'NONE', #4032, #5141, #90 ) ;
#4831 = CARTESIAN_POINT ( 'NONE',  ( -9.000000000000001776, -10.79999999999999893, -9.000000000000000000 ) ) ;
#4832 = EDGE_CURVE ( 'NONE', #2738, #1021, #383, .T. ) ;
#4833 = EDGE_CURVE ( 'NONE', #1088, #6232, #4436, .T. ) ;
#4834 = DIRECTION ( 'NONE',  ( -1.000000000000000000, 6.434165940233234309E-18, 0.000000000000000000 ) ) ;
#4835 = CARTESIAN_POINT ( 'NONE',  ( 0.000000000000000000, 0.000000000000000000, 0.000000000000000000 ) ) ;
#4836 = DIRECTION ( 'NONE',  ( 0.000000000000000000, -0.7071067811865425767, 0.7071067811865524577 ) ) ;
#4837 = DIRECTION ( 'NONE',  ( -0.000000000000000000, -0.000000000000000000, -1.000000000000000000 ) ) ;
#4838 = PERSON_AND_ORGANIZATION_ROLE ( 'classification_officer' ) ;
#4839 = EDGE_CURVE ( 'NONE', #1316, #33, #1736, .T. ) ;
#4840 = EDGE_CURVE ( 'NONE', #4387, #6260, #5324, .T. ) ;
#4841 = VECTOR ( 'NONE', #4515, 1000.000000000000000 ) ;
#4842 = DIRECTION ( 'NONE',  ( 0.000000000000000000, 0.000000000000000000, 1.000000000000000000 ) ) ;
#4843 = ORIENTED_EDGE ( 'NONE', *, *, #691, .F. ) ;
#4844 = CONICAL_SURFACE ( 'NONE', #4526, 2.100000000025833202, 0.7853981633974450594 ) ;
#4845 = AXIS2_PLACEMENT_3D ( 'NONE', #4370, #4342, #1796 ) ;
#4846 = VERTEX_POINT ( 'NONE', #3289 ) ;
#4847 = AXIS2_PLACEMENT_3D ( 'NONE', #1773, #3296, #4741 ) ;
#4848 = ORIENTED_EDGE ( 'NONE', *, *, #6405, .T. ) ;
#4849 = DIRECTION ( 'NONE',  ( -6.434165940233234309E-18, -1.000000000000000000, 0.000000000000000000 ) ) ;
#4850 = AXIS2_PLACEMENT_3D ( 'NONE', #3681, #3718, #674 ) ;
#4851 = PLANE ( 'NONE',  #6315 ) ;
#4852 = ORIENTED_EDGE ( 'NONE', *, *, #4993, .T. ) ;
#4853 = CARTESIAN_POINT ( 'NONE',  ( 3.651389171082360212E-17, 5.674999999999999822, 6.949870585161229716E-16 ) ) ;
#4854 = ORIENTED_EDGE ( 'NONE', *, *, #3990, .F. ) ;
#4855 = CARTESIAN_POINT ( 'NONE',  ( -11.08402608188117888, 9.401903673763252201, 2.303399611273865499 ) ) ;
#4856 = VECTOR ( 'NONE', #5295, 1000.000000000000000 ) ;
#4857 = ORIENTED_EDGE ( 'NONE', *, *, #5110, .T. ) ;
#4858 = LINE ( 'NONE', #5916, #3475 ) ;
#4859 = PRODUCT_DEFINITION_SHAPE ( 'NONE', 'NONE',  #5843 ) ;
#4860 = CARTESIAN_POINT ( 'NONE',  ( 6.041965180448152198E-17, 0.7283657450677762935, 0.000000000000000000 ) ) ;
#4861 = CARTESIAN_POINT ( 'NONE',  ( -13.45000000000000995, 8.900000000000041211, -13.44999999999999929 ) ) ;
#4862 = CIRCLE ( 'NONE', #109, 0.1999999999999090283 ) ;
#4863 = DIRECTION ( 'NONE',  ( -0.000000000000000000, -1.000000000000000000, -0.000000000000000000 ) ) ;
#4864 = CARTESIAN_POINT ( 'NONE',  ( 3.519532737926319090E-15, 42.42836574506691250, 0.000000000000000000 ) ) ;
#4865 = ORIENTED_EDGE ( 'NONE', *, *, #5569, .T. ) ;
#4866 = CARTESIAN_POINT ( 'NONE',  ( -12.89586959386796572, 6.263698655638108903, 15.51116658215186739 ) ) ;
#4867 = CIRCLE ( 'NONE', #118, 5.674999999999999822 ) ;
#4868 = DIRECTION ( 'NONE',  ( 8.659560562354931626E-17, -0.7071067811865474617, 0.7071067811865475727 ) ) ;
#4869 = CARTESIAN_POINT ( 'NONE',  ( 2.737427622110259844E-16, 3.299999999999271960, 0.000000000000000000 ) ) ;
#4870 = CARTESIAN_POINT ( 'NONE',  ( -12.95000000000000817, -11.19999999999999929, -12.95000000000000639 ) ) ;
#4871 = CARTESIAN_POINT ( 'NONE',  ( -14.00000000000000000, 1.812477262738082875E-15, 2.000000000000000000 ) ) ;
#4872 = ITEM_DEFINED_TRANSFORMATION ( 'NONE', 'NONE', #2278,  #5444 ) ;
#4873 = DIRECTION ( 'NONE',  ( -1.000000000000000000, 0.000000000000000000, 0.000000000000000000 ) ) ;
#4874 = EDGE_LOOP ( 'NONE', ( #5264, #2308, #1670, #5939 ) ) ;
#4875 = ORIENTED_EDGE ( 'NONE', *, *, #5627, .T. ) ;
#4876 = CC_DESIGN_DATE_AND_TIME_ASSIGNMENT ( #2863, #3858, ( #1115 ) ) ;
#4877 = EDGE_CURVE ( 'NONE', #2477, #6017, #5429, .T. ) ;
#4878 = ADVANCED_FACE ( 'NONE', ( #3820 ), #2573, .F. ) ;
#4879 = CIRCLE ( 'NONE', #2348, 21.75000000002728839 ) ;
#4880 = EDGE_CURVE ( 'NONE', #2662, #855, #1799, .T. ) ;
#4881 = ORIENTED_EDGE ( 'NONE', *, *, #3886, .F. ) ;
#4882 = ORIENTED_EDGE ( 'NONE', *, *, #3707, .F. ) ;
#4883 = CARTESIAN_POINT ( 'NONE',  ( 5.049999999999999822, -3.227209084889968105E-15, 0.000000000000000000 ) ) ;
#4884 = EDGE_LOOP ( 'NONE', ( #107, #2065, #559, #4986 ) ) ;
#4885 = EDGE_CURVE ( 'NONE', #6232, #4984, #5331, .T. ) ;
#4886 = DIRECTION ( 'NONE',  ( -0.000000000000000000, -0.000000000000000000, -1.000000000000000000 ) ) ;
#4887 = ORIENTED_EDGE ( 'NONE', *, *, #1890, .T. ) ;
#4888 = CARTESIAN_POINT ( 'NONE',  ( 21.75000000002729195, 33.12836574506695797, 0.000000000000000000 ) ) ;
#4889 = VERTEX_POINT ( 'NONE', #1298 ) ;
#4890 = DIRECTION ( 'NONE',  ( 1.000000000000000000, -9.561467977824930139E-16, 0.000000000000000000 ) ) ;
#4891 = DIRECTION ( 'NONE',  ( 0.000000000000000000, 0.000000000000000000, 1.000000000000000000 ) ) ;
#4892 = DIRECTION ( 'NONE',  ( -1.000000000000000000, -6.434165940233234309E-18, -0.000000000000000000 ) ) ;
#4893 = DIRECTION ( 'NONE',  ( 1.000000000000000000, 0.000000000000000000, 0.000000000000000000 ) ) ;
#4894 = PLANE ( 'NONE',  #5322 ) ;
#4895 = ORIENTED_EDGE ( 'NONE', *, *, #3801, .F. ) ;
#4896 = CARTESIAN_POINT ( 'NONE',  ( -12.63399442333831857, 6.717279756236218979, 15.52726540092188579 ) ) ;
#4897 = AXIS2_PLACEMENT_3D ( 'NONE', #4277, #6417, #5860 ) ;
#4898 = DIRECTION ( 'NONE',  ( 0.000000000000000000, -1.000000000000000000, 0.000000000000000000 ) ) ;
#4899 = DIRECTION ( 'NONE',  ( 6.434165940233234309E-18, -1.000000000000000000, 0.000000000000000000 ) ) ;
#4900 = CARTESIAN_POINT ( 'NONE',  ( 13.70000000000000107, 0.000000000000000000, 17.69999999999999929 ) ) ;
#4901 = ORIENTED_EDGE ( 'NONE', *, *, #2872, .T. ) ;
#4902 = DIRECTION ( 'NONE',  ( 0.000000000000000000, -1.000000000000000000, 0.000000000000000000 ) ) ;
#4903 = VECTOR ( 'NONE', #4989, 1000.000000000000000 ) ;
#4904 = CIRCLE ( 'NONE', #4381, 7.800000000027012881 ) ;
#4905 = CC_DESIGN_SECURITY_CLASSIFICATION ( #692, ( #6533 ) ) ;
#4906 = CARTESIAN_POINT ( 'NONE',  ( -28.39999999999994174, -1.827303127026234901E-16, 0.000000000000000000 ) ) ;
#4907 = ORIENTED_EDGE ( 'NONE', *, *, #1120, .F. ) ;
#4908 = VECTOR ( 'NONE', #2105, 1000.000000000000000 ) ;
#4909 = ORIENTED_EDGE ( 'NONE', *, *, #4040, .F. ) ;
#4910 = VECTOR ( 'NONE', #6108, 1000.000000000000114 ) ;
#4911 = ORIENTED_EDGE ( 'NONE', *, *, #5686, .F. ) ;
#4912 = ORIENTED_EDGE ( 'NONE', *, *, #4318, .T. ) ;
#4913 = EDGE_CURVE ( 'NONE', #4538, #2697, #2855, .T. ) ;
#4914 = ADVANCED_FACE ( 'NONE', ( #5924 ), #316, .F. ) ;
#4915 = ADVANCED_FACE ( 'NONE', ( #6384 ), #1420, .T. ) ;
#4916 = EDGE_CURVE ( 'NONE', #4289, #2730, #409, .T. ) ;
#4917 = CARTESIAN_POINT ( 'NONE',  ( 11.69999999999998863, -1.196285871219457311E-14, 0.000000000000000000 ) ) ;
#4918 = ORIENTED_EDGE ( 'NONE', *, *, #3430, .F. ) ;
#4919 = CARTESIAN_POINT ( 'NONE',  ( -13.44999999999999929, -10.70000000000001172, 12.95000000000000639 ) ) ;
#4920 = ORIENTED_EDGE ( 'NONE', *, *, #558, .T. ) ;
#4921 = CARTESIAN_POINT ( 'NONE',  ( -9.266872783964249294, 12.54930551089671553, 2.923760430703403745 ) ) ;
#4922 = EDGE_CURVE ( 'NONE', #4583, #1215, #3853, .T. ) ;
#4923 = EDGE_CURVE ( 'NONE', #1712, #3711, #6078, .T. ) ;
#4924 = AXIS2_PLACEMENT_3D ( 'NONE', #3056, #1129, #4245 ) ;
#4925 = EDGE_LOOP ( 'NONE', ( #98, #1163, #5574, #5255 ) ) ;
#4926 = CARTESIAN_POINT ( 'NONE',  ( 12.89586959386795328, -6.263698655638096469, 15.51116658215187272 ) ) ;
#4927 = DIRECTION ( 'NONE',  ( -8.295235218517768465E-17, -1.000000000000000000, -0.000000000000000000 ) ) ;
#4928 = CARTESIAN_POINT ( 'NONE',  ( -14.98713094175306537, -2.641527749196126429, 2.686411195660684204 ) ) ;
#4929 = APPLICATION_CONTEXT ( 'configuration controlled 3d designs of mechanical parts and assemblies' ) ;
#4930 = DIRECTION ( 'NONE',  ( 2.860220075806771447E-16, 0.000000000000000000, 1.000000000000000000 ) ) ;
#4931 = DIRECTION ( 'NONE',  ( 0.8660254037844379305, 0.000000000000000000, 0.5000000000000011102 ) ) ;
#4932 = ORIENTED_EDGE ( 'NONE', *, *, #6486, .F. ) ;
#4933 = CARTESIAN_POINT ( 'NONE',  ( 28.79999999999999716, -1.853039790787171284E-16, 0.000000000000000000 ) ) ;
#4934 = FACE_OUTER_BOUND ( 'NONE', #5566, .T. ) ;
#4935 = CARTESIAN_POINT ( 'NONE',  ( 8.200000000027012348, 8.128365745067640091, 0.000000000000000000 ) ) ;
#4936 = CARTESIAN_POINT ( 'NONE',  ( 15.50145376427073529, 1.750694489103284512, 17.69999999999999929 ) ) ;
#4937 = ORIENTED_EDGE ( 'NONE', *, *, #800, .T. ) ;
#4938 = DIRECTION ( 'NONE',  ( 0.7071067811865398012, 0.7071067811865552333, -8.659560562355026535E-17 ) ) ;
#4939 = CIRCLE ( 'NONE', #84, 11.99999999999998757 ) ;
#4940 = CARTESIAN_POINT ( 'NONE',  ( -8.000000000026830094, 0.7283657450677765155, 0.000000000000000000 ) ) ;
#4941 = VERTEX_POINT ( 'NONE', #1060 ) ;
#4942 = ORIENTED_EDGE ( 'NONE', *, *, #1864, .T. ) ;
#4943 = CIRCLE ( 'NONE', #88, 2.299999999999999822 ) ;
#4944 = ORIENTED_EDGE ( 'NONE', *, *, #4677, .T. ) ;
#4945 = VERTEX_POINT ( 'NONE', #6476 ) ;
#4946 = AXIS2_PLACEMENT_3D ( 'NONE', #3745, #6253, #3287 ) ;
#4947 = CARTESIAN_POINT ( 'NONE',  ( 16.44999999999999929, -1.058420297168367037E-16, 0.000000000000000000 ) ) ;
#4948 = EDGE_LOOP ( 'NONE', ( #6123, #3474, #6254, #723 ) ) ;
#4949 = AXIS2_PLACEMENT_3D ( 'NONE', #4590, #2143, #3703 ) ;
#4950 = ORIENTED_EDGE ( 'NONE', *, *, #71, .T. ) ;
#4951 = CARTESIAN_POINT ( 'NONE',  ( -1.045012996424720564, 14.30000000000003091, 15.52675677803287257 ) ) ;
#4952 = EDGE_CURVE ( 'NONE', #6501, #4128, #3743, .T. ) ;
#4953 = CIRCLE ( 'NONE', #5796, 7.139999999999998792 ) ;
#4954 = ORIENTED_EDGE ( 'NONE', *, *, #2252, .F. ) ;
#4955 = DIRECTION ( 'NONE',  ( -0.000000000000000000, 0.000000000000000000, -1.000000000000000000 ) ) ;
#4956 = DIRECTION ( 'NONE',  ( 0.7438902848167252557, -7.606029380031329585E-16, -0.6683017612989595735 ) ) ;
#4957 = CARTESIAN_POINT ( 'NONE',  ( 0.000000000000000000, 0.000000000000000000, 17.69999999999999929 ) ) ;
#4958 = DIRECTION ( 'NONE',  ( 1.000000000000000000, 6.434165940233234309E-18, 0.000000000000000000 ) ) ;
#4959 = CC_DESIGN_PERSON_AND_ORGANIZATION_ASSIGNMENT ( #2627, #4182, ( #3646 ) ) ;
#4960 = EDGE_CURVE ( 'NONE', #5799, #862, #4074, .T. ) ;
#4961 = TOROIDAL_SURFACE ( 'NONE', #4016, 20.25000000002911094, 1.499999999999999556 ) ;
#4962 = CIRCLE ( 'NONE', #3809, 0.2999999999999999334 ) ;
#4963 = ADVANCED_FACE ( 'NONE', ( #3946, #6510, #4014, #941, #1957 ), #5583, .F. ) ;
#4964 = DIRECTION ( 'NONE',  ( 0.000000000000000000, 0.000000000000000000, 1.000000000000000000 ) ) ;
#4965 = EDGE_CURVE ( 'NONE', #5550, #4043, #2476, .T. ) ;
#4966 = DIRECTION ( 'NONE',  ( 1.000000000000000000, 1.231304080816852664E-16, -0.000000000000000000 ) ) ;
#4967 = ORIENTED_EDGE ( 'NONE', *, *, #2568, .F. ) ;
#4968 = CARTESIAN_POINT ( 'NONE',  ( 7.074479988488562555E-16, 8.528365745067640447, 0.000000000000000000 ) ) ;
#4969 = VECTOR ( 'NONE', #1558, 1000.000000000000000 ) ;
#4970 = LINE ( 'NONE', #4045, #4588 ) ;
#4971 = LINE ( 'NONE', #3391, #2183 ) ;
#4972 = FACE_OUTER_BOUND ( 'NONE', #1822, .T. ) ;
#4973 = LINE ( 'NONE', #3088, #2396 ) ;
#4974 = DIRECTION ( 'NONE',  ( -8.295235218517768465E-17, -1.000000000000000000, -0.000000000000000000 ) ) ;
#4975 = DIRECTION ( 'NONE',  ( 0.000000000000000000, 0.000000000000000000, 1.000000000000000000 ) ) ;
#4976 = ORIENTED_EDGE ( 'NONE', *, *, #3102, .T. ) ;
#4977 = ORIENTED_EDGE ( 'NONE', *, *, #1567, .F. ) ;
#4978 = CIRCLE ( 'NONE', #5294, 4.200000000025741365 ) ;
#4979 = DATE_AND_TIME ( #2031, #1439 ) ;
#4980 = ORIENTED_EDGE ( 'NONE', *, *, #3181, .T. ) ;
#4981 = LINE ( 'NONE', #3434, #2836 ) ;
#4982 = ORIENTED_EDGE ( 'NONE', *, *, #2899, .F. ) ;
#4983 = VECTOR ( 'NONE', #2123, 1000.000000000000000 ) ;
#4984 = VERTEX_POINT ( 'NONE', #4441 ) ;
#4985 = CARTESIAN_POINT ( 'NONE',  ( -9.000000000000001776, -11.19999999999999929, -11.89999999999999858 ) ) ;
#4986 = ORIENTED_EDGE ( 'NONE', *, *, #2411, .T. ) ;
#4987 = FACE_OUTER_BOUND ( 'NONE', #1838, .T. ) ;
#4988 = DIRECTION ( 'NONE',  ( 1.000000000000000000, 0.000000000000000000, 0.000000000000000000 ) ) ;
#4989 = DIRECTION ( 'NONE',  ( -0.000000000000000000, 1.000000000000000000, 0.000000000000000000 ) ) ;
#4990 = CIRCLE ( 'NONE', #1313, 4.200000000043141668 ) ;
#4991 = DIRECTION ( 'NONE',  ( 0.000000000000000000, 1.000000000000000000, 0.000000000000000000 ) ) ;
#4992 = ORIENTED_EDGE ( 'NONE', *, *, #3389, .F. ) ;
#4993 = EDGE_CURVE ( 'NONE', #550, #3233, #5951, .T. ) ;
#4994 = ORIENTED_EDGE ( 'NONE', *, *, #3798, .T. ) ;
#4995 = CARTESIAN_POINT ( 'NONE',  ( 28.39999999999994174, 5.474999999999999645, 6.704941225331758631E-16 ) ) ;
#4996 = DIRECTION ( 'NONE',  ( 1.000000000000000000, -8.295235218517768465E-17, 0.000000000000000000 ) ) ;
#4997 = TOROIDAL_SURFACE ( 'NONE', #783, 11.99999999999998757, 0.2999999999999999889 ) ;
#4998 = ADVANCED_FACE ( 'NONE', ( #2022 ), #2900, .F. ) ;
#4999 = FACE_OUTER_BOUND ( 'NONE', #1908, .T. ) ;
#5000 = EDGE_CURVE ( 'NONE', #6406, #2500, #148, .T. ) ;
#5001 = CARTESIAN_POINT ( 'NONE',  ( 28.00162831425916110, -1.801671231706768482E-16, 0.000000000000000000 ) ) ;
#5002 = CARTESIAN_POINT ( 'NONE',  ( -9.000000000000005329, 0.3021515475689004471, -9.000000000000000000 ) ) ;
#5003 = CARTESIAN_POINT ( 'NONE',  ( 3.850000000038109160, 3.499999999999089617, 0.000000000000000000 ) ) ;
#5004 = ADVANCED_FACE ( 'NONE', ( #3981 ), #1524, .F. ) ;
#5005 = CARTESIAN_POINT ( 'NONE',  ( 11.34742372716137027, 8.945685569543933013, 15.44590090251785597 ) ) ;
#5006 = ORIENTED_EDGE ( 'NONE', *, *, #231, .F. ) ;
#5007 = VERTEX_POINT ( 'NONE', #39 ) ;
#5008 = AXIS2_PLACEMENT_3D ( 'NONE', #5822, #348, #1296 ) ;
#5009 = VECTOR ( 'NONE', #3210, 1000.000000000000000 ) ;
#5010 = PERSON_AND_ORGANIZATION_ROLE ( 'design_supplier' ) ;
#5011 = CC_DESIGN_APPROVAL ( #5635, ( #1115 ) ) ;
#5012 = AXIS2_PLACEMENT_3D ( 'NONE', #2319, #4789, #1396 ) ;
#5013 = LINE ( 'NONE', #3467, #4520 ) ;
#5014 = EDGE_LOOP ( 'NONE', ( #2831, #1685, #596, #5516 ) ) ;
#5015 = AXIS2_PLACEMENT_3D ( 'NONE', #675, #4249, #5234 ) ;
#5016 = TOROIDAL_SURFACE ( 'NONE', #6281, 3.913760430703402182, 0.7999999999999991562 ) ;
#5017 = ORIENTED_EDGE ( 'NONE', *, *, #71, .F. ) ;
#5018 = CONICAL_SURFACE ( 'NONE', #382, 2.499999999999998668, 1.029744258676653867 ) ;
#5019 = DIRECTION ( 'NONE',  ( 0.7071067811865460184, 0.7071067811865490160, -8.659560562354952580E-17 ) ) ;
#5020 = LOCAL_TIME ( 18, 8, 39.00000000000000000, #3000 ) ;
#5021 = VERTEX_POINT ( 'NONE', #3450 ) ;
#5022 = CARTESIAN_POINT ( 'NONE',  ( 0.000000000000000000, 0.000000000000000000, 0.000000000000000000 ) ) ;
#5023 = CARTESIAN_POINT ( 'NONE',  ( 0.000000000000000000, 0.000000000000000000, 0.000000000000000000 ) ) ;
#5024 = CARTESIAN_POINT ( 'NONE',  ( -4.168605443518132780, -14.30000000000001670, 2.496796738794606618 ) ) ;
#5025 = CIRCLE ( 'NONE', #5826, 2.900000000000006573 ) ;
#5026 = AXIS2_PLACEMENT_3D ( 'NONE', #5652, #5752, #1232 ) ;
#5027 = ORIENTED_EDGE ( 'NONE', *, *, #5488, .F. ) ;
#5028 = ORIENTED_EDGE ( 'NONE', *, *, #5246, .T. ) ;
#5029 = CARTESIAN_POINT ( 'NONE',  ( 12.71999999999999886, 0.000000000000000000, 17.69999999999999929 ) ) ;
#5030 = CARTESIAN_POINT ( 'NONE',  ( 0.000000000000000000, 0.000000000000000000, 0.000000000000000000 ) ) ;
#5031 = CARTESIAN_POINT ( 'NONE',  ( 0.000000000000000000, 0.000000000000000000, 0.000000000000000000 ) ) ;
#5032 = DIRECTION ( 'NONE',  ( 1.000000000000000000, 0.000000000000000000, 0.000000000000000000 ) ) ;
#5033 = DIRECTION ( 'NONE',  ( -0.000000000000000000, -0.000000000000000000, -1.000000000000000000 ) ) ;
#5034 = CARTESIAN_POINT ( 'NONE',  ( 5.830194705710970871E-16, 7.028365745067730153, 0.000000000000000000 ) ) ;
#5035 = VECTOR ( 'NONE', #3892, 1000.000000000000000 ) ;
#5036 = EDGE_CURVE ( 'NONE', #933, #333, #46, .T. ) ;
#5037 = EDGE_CURVE ( 'NONE', #3334, #1088, #2677, .T. ) ;
#5038 = CARTESIAN_POINT ( 'NONE',  ( 0.000000000000000000, 0.000000000000000000, 0.2999999999999999334 ) ) ;
#5039 = CARTESIAN_POINT ( 'NONE',  ( -14.00000000002533973, 42.82836574506819716, 3.673940397445076275E-16 ) ) ;
#5040 = VERTEX_POINT ( 'NONE', #5499 ) ;
#5041 = B_SPLINE_CURVE_WITH_KNOTS ( 'NONE', 3,
 ( #5351, #4262, #5419, #895, #6273, #3875, #2844, #2913, #4855, #5883, #1852, #4921 ),
 .UNSPECIFIED., .F., .F.,
 ( 4, 2, 2, 2, 2, 4 ),
 ( 2.343703155792884843E-07, 0.003125847235931070427, 0.006251460101546561440, 0.007814266534354305863, 0.009377072967162052020, 0.01250268583277753739 ),
 .UNSPECIFIED. ) ;
#5042 = CIRCLE ( 'NONE', #2297, 12.69999999999998153 ) ;
#5043 = EDGE_CURVE ( 'NONE', #4487, #1942, #3107, .T. ) ;
#5044 = EDGE_CURVE ( 'NONE', #5524, #2985, #477, .T. ) ;
#5045 = DATE_AND_TIME ( #3035, #702 ) ;
#5046 = EDGE_CURVE ( 'NONE', #136, #5178, #4790, .T. ) ;
#5047 = VERTEX_POINT ( 'NONE', #5029 ) ;
#5048 = EDGE_LOOP ( 'NONE', ( #1104, #4901, #3047, #2753 ) ) ;
#5049 = CARTESIAN_POINT ( 'NONE',  ( 11.69999999999999929, 10.90000000000000036, 0.000000000000000000 ) ) ;
#5050 = VERTEX_POINT ( 'NONE', #4531 ) ;
#5051 = AXIS2_PLACEMENT_3D ( 'NONE', #1947, #6063, #3095 ) ;
#5052 = CARTESIAN_POINT ( 'NONE',  ( -3.086602540379317805, 0.1499999999996363131, 0.000000000000000000 ) ) ;
#5053 = ORIENTED_EDGE ( 'NONE', *, *, #5602, .F. ) ;
#5054 = CARTESIAN_POINT ( 'NONE',  ( 0.000000000000000000, 0.000000000000000000, 17.69999999999999929 ) ) ;
#5055 = AXIS2_PLACEMENT_3D ( 'NONE', #4835, #813, #2824 ) ;
#5056 = ORIENTED_EDGE ( 'NONE', *, *, #5046, .F. ) ;
#5057 = CARTESIAN_POINT ( 'NONE',  ( -24.47999999999994358, 6.299999999999999822, -8.229626490270214065E-16 ) ) ;
#5058 = CIRCLE ( 'NONE', #4634, 2.299999999999999822 ) ;
#5059 = ORIENTED_EDGE ( 'NONE', *, *, #3751, .T. ) ;
#5060 = DIRECTION ( 'NONE',  ( -8.295235218517768465E-17, -1.000000000000000000, -0.000000000000000000 ) ) ;
#5061 = CARTESIAN_POINT ( 'NONE',  ( -21.75000000002683009, 1.804213660029840554E-15, 2.663606788148779022E-15 ) ) ;
#5062 = CIRCLE ( 'NONE', #4850, 11.70000000000000107 ) ;
#5063 = DIRECTION ( 'NONE',  ( -1.000000000000000000, 8.295235218517768465E-17, 0.000000000000000000 ) ) ;
#5064 = DIRECTION ( 'NONE',  ( -1.000000000000000000, 8.131516293614012087E-17, 0.000000000000000000 ) ) ;
#5065 = DIRECTION ( 'NONE',  ( 1.000000000000000000, -1.022466556597827761E-15, 0.000000000000000000 ) ) ;
#5066 = CARTESIAN_POINT ( 'NONE',  ( -28.79999999999999716, -4.606580753730955990, 0.000000000000000000 ) ) ;
#5067 = ORIENTED_EDGE ( 'NONE', *, *, #4840, .T. ) ;
#5068 = ORIENTED_EDGE ( 'NONE', *, *, #849, .T. ) ;
#5069 = CARTESIAN_POINT ( 'NONE',  ( 9.000000000026375346, 6.028365745067956638, 0.000000000000000000 ) ) ;
#5070 = VERTEX_POINT ( 'NONE', #11 ) ;
#5071 = VERTEX_POINT ( 'NONE', #5555 ) ;
#5072 = CIRCLE ( 'NONE', #5920, 0.3000000000000003775 ) ;
#5073 = COORDINATED_UNIVERSAL_TIME_OFFSET ( 8, 0, .AHEAD. ) ;
#5074 = DIRECTION ( 'NONE',  ( -0.7071067811865398012, -0.7071067811865552333, 0.000000000000000000 ) ) ;
#5075 = CC_DESIGN_DATE_AND_TIME_ASSIGNMENT ( #4607, #4028, ( #5447 ) ) ;
#5076 = EDGE_CURVE ( 'NONE', #4459, #4743, #2794, .T. ) ;
#5077 = CIRCLE ( 'NONE', #3601, 14.00000000000000000 ) ;
#5078 = ORIENTED_EDGE ( 'NONE', *, *, #285, .F. ) ;
#5079 = EDGE_CURVE ( 'NONE', #4683, #671, #99, .T. ) ;
#5080 = EDGE_CURVE ( 'NONE', #5454, #4174, #1260, .T. ) ;
#5081 = ORIENTED_EDGE ( 'NONE', *, *, #4913, .F. ) ;
#5082 = DIRECTION ( 'NONE',  ( 0.000000000000000000, 0.000000000000000000, -1.000000000000000000 ) ) ;
#5083 = ADVANCED_FACE ( 'NONE', ( #5151 ), #571, .F. ) ;
#5084 = EDGE_LOOP ( 'NONE', ( #5150, #777, #2597 ) ) ;
#5085 = DIRECTION ( 'NONE',  ( -0.000000000000000000, -0.000000000000000000, -1.000000000000000000 ) ) ;
#5086 = DIRECTION ( 'NONE',  ( 0.000000000000000000, 0.000000000000000000, -1.000000000000000000 ) ) ;
#5087 = EDGE_LOOP ( 'NONE', ( #4720, #2209, #230, #5873 ) ) ;
#5088 = DIRECTION ( 'NONE',  ( 1.000000000000000000, -1.037868746310911175E-15, 0.000000000000000000 ) ) ;
#5089 = ORIENTED_EDGE ( 'NONE', *, *, #110, .T. ) ;
#5090 = DIRECTION ( 'NONE',  ( 0.000000000000000000, -0.000000000000000000, 1.000000000000000000 ) ) ;
#5091 = DIRECTION ( 'NONE',  ( 1.000000000000000000, -8.295235218517768465E-17, 0.000000000000000000 ) ) ;
#5092 = CARTESIAN_POINT ( 'NONE',  ( 6.234580980306462905, 14.30000000000002913, 14.77623956929659421 ) ) ;
#5093 = LINE ( 'NONE', #2519, #4218 ) ;
#5094 = DIRECTION ( 'NONE',  ( 0.000000000000000000, 0.000000000000000000, 1.000000000000000000 ) ) ;
#5095 = DIRECTION ( 'NONE',  ( 1.000000000000000000, 0.000000000000000000, 0.000000000000000000 ) ) ;
#5096 = PLANE ( 'NONE',  #3932 ) ;
#5097 = VERTEX_POINT ( 'NONE', #68 ) ;
#5098 = AXIS2_PLACEMENT_3D ( 'NONE', #5469, #4837, #1342 ) ;
#5099 = DIRECTION ( 'NONE',  ( -0.000000000000000000, -0.000000000000000000, 1.000000000000000000 ) ) ;
#5100 = ORIENTED_EDGE ( 'NONE', *, *, #3928, .T. ) ;
#5101 = ORIENTED_EDGE ( 'NONE', *, *, #5239, .F. ) ;
#5102 = APPROVAL_ROLE ( '' ) ;
#5103 = CARTESIAN_POINT ( 'NONE',  ( -3.902321642751456906E-17, 6.065000000000000391, -7.427482836828697149E-16 ) ) ;
#5104 = AXIS2_PLACEMENT_3D ( 'NONE', #3387, #3572, #3513 ) ;
#5105 = VERTEX_POINT ( 'NONE', #3243 ) ;
#5106 = EDGE_CURVE ( 'NONE', #3060, #671, #5208, .T. ) ;
#5107 = DIRECTION ( 'NONE',  ( -1.000000000000000000, -6.434165940233234309E-18, 0.000000000000000000 ) ) ;
#5108 = AXIS2_PLACEMENT_3D ( 'NONE', #508, #2417, #994 ) ;
#5109 = EDGE_CURVE ( 'NONE', #3523, #5823, #2711, .T. ) ;
#5110 = EDGE_CURVE ( 'NONE', #770, #1399, #4106, .T. ) ;
#5111 = CIRCLE ( 'NONE', #2057, 10.99999999999998401 ) ;
#5112 = DIRECTION ( 'NONE',  ( -1.022466556597827761E-15, -1.000000000000000000, -0.000000000000000000 ) ) ;
#5113 = DIRECTION ( 'NONE',  ( 1.289757231209522150E-16, -0.000000000000000000, 1.000000000000000000 ) ) ;
#5114 = CIRCLE ( 'NONE', #2271, 4.606580753730955990 ) ;
#5115 = VERTEX_POINT ( 'NONE', #1124 ) ;
#5116 = ADVANCED_FACE ( 'NONE', ( #634 ), #2097, .F. ) ;
#5117 = EDGE_CURVE ( 'NONE', #5548, #918, #2309, .T. ) ;
#5118 = CARTESIAN_POINT ( 'NONE',  ( 9.000000000000001776, -11.19999999999999929, 9.000000000000000000 ) ) ;
#5119 = AXIS2_PLACEMENT_3D ( 'NONE', #2712, #6141, #129 ) ;
#5120 = EDGE_LOOP ( 'NONE', ( #6264, #4631, #5439 ) ) ;
#5121 = CARTESIAN_POINT ( 'NONE',  ( -12.69999999999997442, 11.70000000000003482, 0.000000000000000000 ) ) ;
#5122 = DIRECTION ( 'NONE',  ( 1.000000000000000000, -9.462128050782598674E-16, 0.000000000000000000 ) ) ;
#5123 = FACE_OUTER_BOUND ( 'NONE', #3667, .T. ) ;
#5124 = DIRECTION ( 'NONE',  ( 0.000000000000000000, 0.000000000000000000, -1.000000000000000000 ) ) ;
#5125 = CARTESIAN_POINT ( 'NONE',  ( 16.44999999999999929, -6.065000000000000391, 0.000000000000000000 ) ) ;
#5126 = SECURITY_CLASSIFICATION ( '', '', #2198 ) ;
#5127 = CONICAL_SURFACE ( 'NONE', #172, 2.990000000000000213, 0.5235987755983024794 ) ;
#5128 = DESIGN_CONTEXT ( 'detailed design', #5267, 'design' ) ;
#5129 = DIRECTION ( 'NONE',  ( 1.000000000000000000, -8.295235218517768465E-17, 0.000000000000000000 ) ) ;
#5130 = CARTESIAN_POINT ( 'NONE',  ( 16.44999999999999929, 6.299999999999999822, 0.000000000000000000 ) ) ;
#5131 = ORIENTED_EDGE ( 'NONE', *, *, #5247, .T. ) ;
#5132 = DATE_AND_TIME ( #1099, #2388 ) ;
#5133 = CIRCLE ( 'NONE', #4708, 13.70000000000000107 ) ;
#5134 = CARTESIAN_POINT ( 'NONE',  ( 9.266872783964226201, 12.54930551089673330, 14.77623956929659421 ) ) ;
#5135 = VERTEX_POINT ( 'NONE', #2642 ) ;
#5136 = DIRECTION ( 'NONE',  ( 0.000000000000000000, -0.7071067811865474617, -0.7071067811865475727 ) ) ;
#5137 = VERTEX_POINT ( 'NONE', #6211 ) ;
#5138 = SHAPE_DEFINITION_REPRESENTATION ( #4859, #4298 ) ;
#5139 = CARTESIAN_POINT ( 'NONE',  ( 9.000000000000001776, -10.79999999999999183, -9.000000000000000000 ) ) ;
#5140 = ORIENTED_EDGE ( 'NONE', *, *, #769, .T. ) ;
#5141 = DIRECTION ( 'NONE',  ( 0.000000000000000000, 0.000000000000000000, 1.000000000000000000 ) ) ;
#5142 = VECTOR ( 'NONE', #4093, 1000.000000000000000 ) ;
#5143 = CARTESIAN_POINT ( 'NONE',  ( 0.000000000000000000, 0.000000000000000000, 15.69999999999999929 ) ) ;
#5144 = CYLINDRICAL_SURFACE ( 'NONE', #6491, 2.499999999999998668 ) ;
#5145 = ORIENTED_EDGE ( 'NONE', *, *, #359, .F. ) ;
#5146 = EDGE_CURVE ( 'NONE', #3523, #540, #89, .T. ) ;
#5147 = CARTESIAN_POINT ( 'NONE',  ( -28.40000000000000213, -1.827303127026238599E-16, 0.000000000000000000 ) ) ;
#5148 = AXIS2_PLACEMENT_3D ( 'NONE', #3274, #3804, #337 ) ;
#5149 = AXIS2_PLACEMENT_3D ( 'NONE', #2746, #797, #4757 ) ;
#5150 = ORIENTED_EDGE ( 'NONE', *, *, #3951, .F. ) ;
#5151 = FACE_OUTER_BOUND ( 'NONE', #1650, .T. ) ;
#5152 = VECTOR ( 'NONE', #670, 1000.000000000000000 ) ;
#5153 = CARTESIAN_POINT ( 'NONE',  ( 8.999999999999998224, 0.3021515475689004471, -9.000000000000000000 ) ) ;
#5154 = FACE_OUTER_BOUND ( 'NONE', #2955, .T. ) ;
#5155 = CC_DESIGN_PERSON_AND_ORGANIZATION_ASSIGNMENT ( #4140, #5755, ( #6070 ) ) ;
#5156 = EDGE_CURVE ( 'NONE', #3328, #5421, #6107, .T. ) ;
#5157 = CARTESIAN_POINT ( 'NONE',  ( 7.800000000027012881, -6.470283470466267342E-16, 0.000000000000000000 ) ) ;
#5158 = LINE ( 'NONE', #2147, #485 ) ;
#5159 = ADVANCED_FACE ( 'NONE', ( #1586 ), #4132, .F. ) ;
#5160 = AXIS2_PLACEMENT_3D ( 'NONE', #2399, #2965, #4975 ) ;
#5161 = EDGE_CURVE ( 'NONE', #4765, #5040, #1089, .T. ) ;
#5162 = FACE_OUTER_BOUND ( 'NONE', #3033, .T. ) ;
#5163 = CARTESIAN_POINT ( 'NONE',  ( 0.000000000000000000, 0.000000000000000000, 0.000000000000000000 ) ) ;
#5164 = ORIENTED_EDGE ( 'NONE', *, *, #4960, .T. ) ;
#5165 = AXIS2_PLACEMENT_3D ( 'NONE', #1800, #284, #4406 ) ;
#5166 = DIRECTION ( 'NONE',  ( 1.000000000000000000, -8.295235218517754907E-17, 0.000000000000000000 ) ) ;
#5167 = LINE ( 'NONE', #1802, #2887 ) ;
#5168 = DIRECTION ( 'NONE',  ( -8.295235218517768465E-17, -1.000000000000000000, -0.000000000000000000 ) ) ;
#5169 = ORIENTED_EDGE ( 'NONE', *, *, #2206, .T. ) ;
#5170 = CARTESIAN_POINT ( 'NONE',  ( -16.44999999999999929, 6.065000000000000391, -7.427482836828697149E-16 ) ) ;
#5171 = DATE_AND_TIME ( #4771, #2062 ) ;
#5172 = AXIS2_PLACEMENT_3D ( 'NONE', #3546, #2024, #1589 ) ;
#5173 = LINE ( 'NONE', #653, #2207 ) ;
#5174 = AXIS2_PLACEMENT_3D ( 'NONE', #3548, #5094, #2960 ) ;
#5175 = ORIENTED_EDGE ( 'NONE', *, *, #3510, .T. ) ;
#5176 = CARTESIAN_POINT ( 'NONE',  ( -16.44999999999999929, 6.299999999999999822, 0.000000000000000000 ) ) ;
#5177 = DIRECTION ( 'NONE',  ( -0.7071067811861488916, -0.7071067811869460318, 8.659560562350049316E-17 ) ) ;
#5178 = VERTEX_POINT ( 'NONE', #4620 ) ;
#5179 = DIRECTION ( 'NONE',  ( -1.000000000000000000, 3.552713678800500929E-15, 0.000000000000000000 ) ) ;
#5180 = ORIENTED_EDGE ( 'NONE', *, *, #557, .F. ) ;
#5181 = DIRECTION ( 'NONE',  ( 0.000000000000000000, 0.000000000000000000, -1.000000000000000000 ) ) ;
#5182 = ORIENTED_EDGE ( 'NONE', *, *, #2989, .F. ) ;
#5183 = CARTESIAN_POINT ( 'NONE',  ( -3.651389171082360212E-17, -5.674999999999999822, 0.000000000000000000 ) ) ;
#5184 = CARTESIAN_POINT ( 'NONE',  ( -11.08402608188117355, -9.401903673763253977, 15.39660038872613868 ) ) ;
#5185 = FACE_OUTER_BOUND ( 'NONE', #5084, .T. ) ;
#5186 = DIRECTION ( 'NONE',  ( 1.000000000000000000, 0.000000000000000000, 0.000000000000000000 ) ) ;
#5187 = DIRECTION ( 'NONE',  ( 0.000000000000000000, -1.000000000000000000, 0.000000000000000000 ) ) ;
#5188 = ORIENTED_EDGE ( 'NONE', *, *, #1853, .T. ) ;
#5189 = CONICAL_SURFACE ( 'NONE', #4657, 8.000000000026830094, 0.7853981633972214604 ) ;
#5190 = CARTESIAN_POINT ( 'NONE',  ( 0.000000000000000000, 10.02836574506841316, 0.000000000000000000 ) ) ;
#5191 = DIRECTION ( 'NONE',  ( -1.000000000000000000, -6.434165940233234309E-18, -0.000000000000000000 ) ) ;
#5192 = ORIENTED_EDGE ( 'NONE', *, *, #1767, .F. ) ;
#5193 = EDGE_CURVE ( 'NONE', #5137, #3645, #663, .T. ) ;
#5194 =( LENGTH_UNIT ( ) NAMED_UNIT ( * ) SI_UNIT ( .MILLI., .METRE. ) );
#5195 = EDGE_CURVE ( 'NONE', #3965, #2029, #1992, .T. ) ;
#5196 = EDGE_CURVE ( 'NONE', #1363, #4711, #1886, .T. ) ;
#5197 = CARTESIAN_POINT ( 'NONE',  ( 25.65999999999994685, -5.865000000000000213, 0.000000000000000000 ) ) ;
#5198 = CARTESIAN_POINT ( 'NONE',  ( 7.074479988489372124E-16, 8.528365745068617443, 0.000000000000000000 ) ) ;
#5199 = ORIENTED_EDGE ( 'NONE', *, *, #3235, .F. ) ;
#5200 = DIRECTION ( 'NONE',  ( 1.000000000000000000, -8.295235218517768465E-17, 0.000000000000000000 ) ) ;
#5201 = APPROVAL_STATUS ( 'not_yet_approved' ) ;
#5202 = EDGE_CURVE ( 'NONE', #5135, #5047, #5677, .T. ) ;
#5203 = CARTESIAN_POINT ( 'NONE',  ( 10.99999999999998224, -1.124713212257608821E-14, 0.000000000000000000 ) ) ;
#5204 = ORIENTED_EDGE ( 'NONE', *, *, #3096, .F. ) ;
#5205 = ORIENTED_EDGE ( 'NONE', *, *, #2943, .T. ) ;
#5206 = PLANE ( 'NONE',  #3295 ) ;
#5207 = VECTOR ( 'NONE', #3890, 999.9999999999998863 ) ;
#5208 = B_SPLINE_CURVE_WITH_KNOTS ( 'NONE', 3,
 ( #603, #5219, #4238, #3178, #1715, #5745, #3208, #2181, #2075, #2607, #704, #4101 ),
 .UNSPECIFIED., .F., .F.,
 ( 4, 2, 2, 2, 2, 4 ),
 ( 0.01340022782317075618, 0.01652990753058984283, 0.01965958723800892774, 0.02278926694542801265, 0.02435410679913755858, 0.02591894665284710103 ),
 .UNSPECIFIED. ) ;
#5209 = DIRECTION ( 'NONE',  ( -1.000000000000000000, -6.434165940233234309E-18, -0.000000000000000000 ) ) ;
#5210 = ORIENTED_EDGE ( 'NONE', *, *, #5887, .F. ) ;
#5211 = CARTESIAN_POINT ( 'NONE',  ( 13.20000000000000639, 9.150000000000007461, 12.95000000000000995 ) ) ;
#5212 = ORIENTED_EDGE ( 'NONE', *, *, #4147, .F. ) ;
#5213 = CONICAL_SURFACE ( 'NONE', #2474, 7.139999999999999680, 0.7853981633974479459 ) ;
#5214 = CIRCLE ( 'NONE', #2369, 2.900000000000006573 ) ;
#5215 = AXIS2_PLACEMENT_3D ( 'NONE', #411, #3477, #2017 ) ;
#5216 = DIRECTION ( 'NONE',  ( -0.000000000000000000, -0.000000000000000000, -1.000000000000000000 ) ) ;
#5217 = LOCAL_TIME ( 18, 8, 39.00000000000000000, #3790 ) ;
#5218 = ORIENTED_EDGE ( 'NONE', *, *, #3262, .F. ) ;
#5219 = CARTESIAN_POINT ( 'NONE',  ( -5.211699736093159174, 14.30000000000002913, 2.687741270922471948 ) ) ;
#5220 = CARTESIAN_POINT ( 'NONE',  ( -9.266872783964245741, -12.54930551089671731, 14.77623956929659421 ) ) ;
#5221 = CARTESIAN_POINT ( 'NONE',  ( 12.95000000000000462, -11.19999999999999929, -12.95000000000000639 ) ) ;
#5222 = CARTESIAN_POINT ( 'NONE',  ( -13.20000000000000284, 9.150000000000034106, -12.95000000000000995 ) ) ;
#5223 = DIRECTION ( 'NONE',  ( -8.295235218517768465E-17, -1.000000000000000000, -0.000000000000000000 ) ) ;
#5224 = ORIENTED_EDGE ( 'NONE', *, *, #3096, .T. ) ;
#5225 = AXIS2_PLACEMENT_3D ( 'NONE', #2258, #1730, #4279 ) ;
#5226 = CIRCLE ( 'NONE', #6066, 6.299999999999999822 ) ;
#5227 = CARTESIAN_POINT ( 'NONE',  ( 19.50000000002819789, 42.32836574506518446, 0.000000000000000000 ) ) ;
#5228 = AXIS2_PLACEMENT_3D ( 'NONE', #1618, #6142, #2674 ) ;
#5229 = CARTESIAN_POINT ( 'NONE',  ( 15.59999999999999964, 1.910449006669870914E-15, 14.77623956929659421 ) ) ;
#5230 = ORIENTED_EDGE ( 'NONE', *, *, #769, .F. ) ;
#5231 = COORDINATED_UNIVERSAL_TIME_OFFSET ( 8, 0, .AHEAD. ) ;
#5232 = LOCAL_TIME ( 18, 8, 39.00000000000000000, #3163 ) ;
#5233 = CARTESIAN_POINT ( 'NONE',  ( 7.701012224153967950E-17, 0.9283657450680490308, 0.000000000000000000 ) ) ;
#5234 = DIRECTION ( 'NONE',  ( 0.000000000000000000, -1.000000000000000000, 0.000000000000000000 ) ) ;
#5235 = DIRECTION ( 'NONE',  ( -8.295235218517768465E-17, -1.000000000000000000, -0.000000000000000000 ) ) ;
#5236 = ORIENTED_EDGE ( 'NONE', *, *, #5847, .T. ) ;
#5237 = CARTESIAN_POINT ( 'NONE',  ( 9.000000000000001776, -10.80000000000001315, 9.000000000000000000 ) ) ;
#5238 = CALENDAR_DATE ( 2026, 21, 4 ) ;
#5239 = EDGE_CURVE ( 'NONE', #4508, #4637, #2881, .T. ) ;
#5240 = EDGE_CURVE ( 'NONE', #3645, #3016, #1143, .T. ) ;
#5241 = CIRCLE ( 'NONE', #3031, 6.065000000000000391 ) ;
#5242 = DIRECTION ( 'NONE',  ( 8.295235218517768465E-17, 1.000000000000000000, 0.000000000000000000 ) ) ;
#5243 = EDGE_LOOP ( 'NONE', ( #1878, #5483 ) ) ;
#5244 = EDGE_LOOP ( 'NONE', ( #2436, #957, #2106, #2543 ) ) ;
#5245 = CC_DESIGN_PERSON_AND_ORGANIZATION_ASSIGNMENT ( #85, #1572, ( #2860 ) ) ;
#5246 = EDGE_CURVE ( 'NONE', #4037, #5858, #3578, .T. ) ;
#5247 = EDGE_CURVE ( 'NONE', #3386, #6330, #4858, .T. ) ;
#5248 = DIRECTION ( 'NONE',  ( -8.295235218517768465E-17, -1.000000000000000000, -0.000000000000000000 ) ) ;
#5249 = VECTOR ( 'NONE', #6308, 1000.000000000000000 ) ;
#5250 = DIRECTION ( 'NONE',  ( -1.934635846814283225E-16, 0.000000000000000000, -1.000000000000000000 ) ) ;
#5251 = VERTEX_POINT ( 'NONE', #236 ) ;
#5252 = DIRECTION ( 'NONE',  ( 1.000000000000000000, 0.000000000000000000, 0.000000000000000000 ) ) ;
#5253 = ORIENTED_EDGE ( 'NONE', *, *, #5676, .F. ) ;
#5254 = CARTESIAN_POINT ( 'NONE',  ( 0.000000000000000000, 0.000000000000000000, 0.000000000000000000 ) ) ;
#5255 = ORIENTED_EDGE ( 'NONE', *, *, #1103, .F. ) ;
#5256 = DIRECTION ( 'NONE',  ( 0.000000000000000000, -1.000000000000000000, 0.000000000000000000 ) ) ;
#5257 = DIRECTION ( 'NONE',  ( -1.954828175079010964E-13, 1.000000000000000000, -0.000000000000000000 ) ) ;
#5258 = DIRECTION ( 'NONE',  ( 1.000000000000000000, -1.126443815558205344E-16, 0.000000000000000000 ) ) ;
#5259 = CARTESIAN_POINT ( 'NONE',  ( 3.552713678800492646E-15, 42.82836574506814031, 0.000000000000000000 ) ) ;
#5260 = CARTESIAN_POINT ( 'NONE',  ( 5.214714148009863770, -14.30000000000001670, 14.99953356443091934 ) ) ;
#5261 = VECTOR ( 'NONE', #5938, 1000.000000000000000 ) ;
#5262 = CARTESIAN_POINT ( 'NONE',  ( 4.200000000025742253, -3.483998791798816382E-16, 0.000000000000000000 ) ) ;
#5263 = DIRECTION ( 'NONE',  ( -1.022466556597827761E-15, -1.000000000000000000, 0.000000000000000000 ) ) ;
#5264 = ORIENTED_EDGE ( 'NONE', *, *, #849, .F. ) ;
#5265 = CIRCLE ( 'NONE', #2626, 5.865000000000000213 ) ;
#5266 = DIRECTION ( 'NONE',  ( -0.7071067811865460184, -0.7071067811865490160, 0.000000000000000000 ) ) ;
#5267 = APPLICATION_CONTEXT ( 'configuration controlled 3d designs of mechanical parts and assemblies' ) ;
#5268 = VECTOR ( 'NONE', #6310, 1000.000000000000000 ) ;
#5269 = FACE_OUTER_BOUND ( 'NONE', #6468, .T. ) ;
#5270 = DIRECTION ( 'NONE',  ( -0.000000000000000000, -0.000000000000000000, -1.000000000000000000 ) ) ;
#5271 = VERTEX_POINT ( 'NONE', #306 ) ;
#5272 = DIRECTION ( 'NONE',  ( 0.7071067811865524577, 2.775557561562891351E-17, -0.7071067811865426878 ) ) ;
#5273 = PERSON_AND_ORGANIZATION ( #3131, #5968 ) ;
#5274 = DIRECTION ( 'NONE',  ( -0.000000000000000000, -0.000000000000000000, 1.000000000000000000 ) ) ;
#5275 = ORIENTED_EDGE ( 'NONE', *, *, #961, .F. ) ;
#5276 = ORIENTED_EDGE ( 'NONE', *, *, #2872, .F. ) ;
#5277 = TOROIDAL_SURFACE ( 'NONE', #1798, 11.70000000000000107, 0.3999999999999993006 ) ;
#5278 = PRODUCT_DEFINITION_SHAPE ( 'NONE', 'NONE',  #6533 ) ;
#5279 = CONICAL_SURFACE ( 'NONE', #3491, 7.139999999999999680, 0.7853981633974479459 ) ;
#5280 = DIRECTION ( 'NONE',  ( 0.000000000000000000, 1.000000000000000000, 0.000000000000000000 ) ) ;
#5281 = EDGE_CURVE ( 'NONE', #2445, #3060, #5902, .T. ) ;
#5282 = ADVANCED_FACE ( 'NONE', ( #2317 ), #1782, .T. ) ;
#5283 = ADVANCED_FACE ( 'NONE', ( #5816 ), #1393, .F. ) ;
#5284 = CARTESIAN_POINT ( 'NONE',  ( -13.44999999999999929, 17.80000000000000071, 13.44999999999999929 ) ) ;
#5285 = ORIENTED_EDGE ( 'NONE', *, *, #842, .T. ) ;
#5286 = DIRECTION ( 'NONE',  ( -0.7071067811865460184, 0.7071067811865490160, 8.659560562354952580E-17 ) ) ;
#5287 = ORIENTED_EDGE ( 'NONE', *, *, #5036, .T. ) ;
#5288 = LINE ( 'NONE', #766, #3564 ) ;
#5289 = EDGE_CURVE ( 'NONE', #4700, #3462, #623, .T. ) ;
#5290 = ORIENTED_EDGE ( 'NONE', *, *, #6288, .T. ) ;
#5291 = CARTESIAN_POINT ( 'NONE',  ( 28.80000000000000426, -1.853039790787171530E-16, 0.000000000000000000 ) ) ;
#5292 =( LENGTH_UNIT ( ) NAMED_UNIT ( * ) SI_UNIT ( .MILLI., .METRE. ) );
#5293 = DIRECTION ( 'NONE',  ( -0.000000000000000000, -1.000000000000000000, -0.000000000000000000 ) ) ;
#5294 = AXIS2_PLACEMENT_3D ( 'NONE', #6025, #5590, #106 ) ;
#5295 = DIRECTION ( 'NONE',  ( 0.7071067811865550112, 0.7071067811865400232, 1.002469529562081680E-14 ) ) ;
#5296 = CARTESIAN_POINT ( 'NONE',  ( 25.45999999999994756, -1.638138648383378105E-16, 0.000000000000000000 ) ) ;
#5297 = DIRECTION ( 'NONE',  ( -8.295235218517768465E-17, -1.000000000000000000, -0.000000000000000000 ) ) ;
#5298 = LINE ( 'NONE', #3676, #5152 ) ;
#5299 = ORIENTED_EDGE ( 'NONE', *, *, #1851, .F. ) ;
#5300 = DIRECTION ( 'NONE',  ( 0.000000000000000000, 0.000000000000000000, -1.000000000000000000 ) ) ;
#5301 = FACE_OUTER_BOUND ( 'NONE', #4039, .T. ) ;
#5302 = CARTESIAN_POINT ( 'NONE',  ( 9.000000000000001776, -1.199999999999999734, -6.500000000000000888 ) ) ;
#5303 = CARTESIAN_POINT ( 'NONE',  ( -9.000000000000001776, -11.19999999999999929, -6.099999999999999645 ) ) ;
#5304 = FACE_OUTER_BOUND ( 'NONE', #5445, .T. ) ;
#5305 = CARTESIAN_POINT ( 'NONE',  ( 1.244285282774646521E-17, 0.1499999999996360633, 0.000000000000000000 ) ) ;
#5306 = ORIENTED_EDGE ( 'NONE', *, *, #1243, .T. ) ;
#5307 = VERTEX_POINT ( 'NONE', #1291 ) ;
#5308 = DIRECTION ( 'NONE',  ( 1.000000000000000000, 0.000000000000000000, -0.000000000000000000 ) ) ;
#5309 = AXIS2_PLACEMENT_3D ( 'NONE', #6228, #182, #4220 ) ;
#5310 = DIRECTION ( 'NONE',  ( -0.000000000000000000, -0.000000000000000000, 1.000000000000000000 ) ) ;
#5311 = ORIENTED_EDGE ( 'NONE', *, *, #4668, .F. ) ;
#5312 = DIRECTION ( 'NONE',  ( 1.000000000000000000, -0.000000000000000000, 0.000000000000000000 ) ) ;
#5313 = EDGE_LOOP ( 'NONE', ( #3426, #3542 ) ) ;
#5314 = DIRECTION ( 'NONE',  ( -1.000000000000000000, 8.295235218517768465E-17, 0.000000000000000000 ) ) ;
#5315 = EDGE_CURVE ( 'NONE', #461, #3650, #1893, .T. ) ;
#5316 = EDGE_CURVE ( 'NONE', #160, #1464, #5575, .T. ) ;
#5317 = EDGE_LOOP ( 'NONE', ( #973, #2710, #5205 ) ) ;
#5318 = DIRECTION ( 'NONE',  ( 0.000000000000000000, -0.000000000000000000, 1.000000000000000000 ) ) ;
#5319 = CARTESIAN_POINT ( 'NONE',  ( -24.47999999999994358, -6.299999999999999822, 0.000000000000000000 ) ) ;
#5320 = DIRECTION ( 'NONE',  ( -1.954828175079010964E-13, -1.000000000000000000, -0.000000000000000000 ) ) ;
#5321 = AXIS2_PLACEMENT_3D ( 'NONE', #1620, #1658, #134 ) ;
#5322 = AXIS2_PLACEMENT_3D ( 'NONE', #3316, #2355, #1866 ) ;
#5323 = CARTESIAN_POINT ( 'NONE',  ( 28.79999999999999716, -1.853039790787171284E-16, 0.000000000000000000 ) ) ;
#5324 = CIRCLE ( 'NONE', #5736, 2.499999999999998668 ) ;
#5325 = EDGE_CURVE ( 'NONE', #862, #2549, #3311, .T. ) ;
#5326 = ADVANCED_FACE ( 'NONE', ( #2383 ), #268, .T. ) ;
#5327 = DIRECTION ( 'NONE',  ( -1.000000000000000000, -6.434165940233234309E-18, -0.000000000000000000 ) ) ;
#5328 = LINE ( 'NONE', #415, #4672 ) ;
#5329 = ORIENTED_EDGE ( 'NONE', *, *, #5837, .T. ) ;
#5330 = CIRCLE ( 'NONE', #902, 2.499999999999998668 ) ;
#5331 = LINE ( 'NONE', #840, #4481 ) ;
#5332 = DIRECTION ( 'NONE',  ( 1.000000000000000000, -8.295235218517769698E-17, 0.000000000000000000 ) ) ;
#5333 = CARTESIAN_POINT ( 'NONE',  ( -19.50000000002819789, 42.32836574506518446, 0.000000000000000000 ) ) ;
#5334 = PLANE ( 'NONE',  #1385 ) ;
#5335 = AXIS2_PLACEMENT_3D ( 'NONE', #5556, #4591, #2049 ) ;
#5336 = AXIS2_PLACEMENT_3D ( 'NONE', #2840, #3837, #4750 ) ;
#5337 = CARTESIAN_POINT ( 'NONE',  ( -28.39999999999994174, 5.474999999999999645, -6.704941225331758631E-16 ) ) ;
#5338 = CONTEXT_DEPENDENT_SHAPE_REPRESENTATION ( #5814, #4335 ) ;
#5339 = CC_DESIGN_APPROVAL ( #5762, ( #2905 ) ) ;
#5340 = LINE ( 'NONE', #6425, #6105 ) ;
#5341 = VERTEX_POINT ( 'NONE', #4264 ) ;
#5342 = EDGE_LOOP ( 'NONE', ( #4712, #1550, #3132, #972 ) ) ;
#5343 = AXIS2_PLACEMENT_3D ( 'NONE', #6504, #5980, #1919 ) ;
#5344 = EDGE_LOOP ( 'NONE', ( #3661, #2846, #1222, #2706 ) ) ;
#5345 = DIRECTION ( 'NONE',  ( -0.000000000000000000, -0.000000000000000000, -1.000000000000000000 ) ) ;
#5346 = DIRECTION ( 'NONE',  ( -1.000000000000000000, 6.434165940233234309E-18, -0.000000000000000000 ) ) ;
#5347 = ORIENTED_EDGE ( 'NONE', *, *, #6124, .F. ) ;
#5348 = CARTESIAN_POINT ( 'NONE',  ( 14.50000000002727951, 37.82836574506638527, -3.061616997867829459E-16 ) ) ;
#5349 = VERTEX_POINT ( 'NONE', #6275 ) ;
#5350 = AXIS2_PLACEMENT_3D ( 'NONE', #248, #4767, #2788 ) ;
#5351 = CARTESIAN_POINT ( 'NONE',  ( -15.50145376427073707, 1.750694489103297169, 2.923760430703403301 ) ) ;
#5352 = ORIENTED_EDGE ( 'NONE', *, *, #852, .F. ) ;
#5353 = CARTESIAN_POINT ( 'NONE',  ( 4.593994481326528196E-17, -7.139999999999998792, 0.000000000000000000 ) ) ;
#5354 = DIRECTION ( 'NONE',  ( 1.000000000000000000, 0.000000000000000000, 0.000000000000000000 ) ) ;
#5355 = CARTESIAN_POINT ( 'NONE',  ( -16.44999999999999929, -1.058420297168367037E-16, 0.000000000000000000 ) ) ;
#5356 = EDGE_CURVE ( 'NONE', #2441, #824, #4522, .T. ) ;
#5357 = CARTESIAN_POINT ( 'NONE',  ( -14.00000000000000000, 0.000000000000000000, 0.000000000000000000 ) ) ;
#5358 = FACE_OUTER_BOUND ( 'NONE', #299, .T. ) ;
#5359 = DIRECTION ( 'NONE',  ( 1.000000000000000000, -1.032573497594635866E-16, 0.000000000000000000 ) ) ;
#5360 = ORIENTED_EDGE ( 'NONE', *, *, #726, .F. ) ;
#5361 = CC_DESIGN_PERSON_AND_ORGANIZATION_ASSIGNMENT ( #3895, #252, ( #156 ) ) ;
#5362 = EDGE_CURVE ( 'NONE', #4128, #2276, #1753, .T. ) ;
#5363 = DIRECTION ( 'NONE',  ( 0.000000000000000000, 0.000000000000000000, 1.000000000000000000 ) ) ;
#5364 = DIRECTION ( 'NONE',  ( -0.7071067811865516806, 8.659560562354983395E-17, 0.7071067811865434649 ) ) ;
#5365 = ADVANCED_FACE ( 'NONE', ( #830 ), #2847, .T. ) ;
#5366 = DIRECTION ( 'NONE',  ( 0.000000000000000000, 1.000000000000000000, 0.000000000000000000 ) ) ;
#5367 = EDGE_CURVE ( 'NONE', #3839, #3328, #4460, .T. ) ;
#5368 = DIRECTION ( 'NONE',  ( 8.295235218517768465E-17, 1.000000000000000000, 0.000000000000000000 ) ) ;
#5369 = CARTESIAN_POINT ( 'NONE',  ( -20.25000000002637535, 10.02836574506841494, 2.479909768276620291E-15 ) ) ;
#5370 = CALENDAR_DATE ( 2026, 21, 4 ) ;
#5371 = AXIS2_PLACEMENT_3D ( 'NONE', #1350, #226, #1846 ) ;
#5372 = EDGE_CURVE ( 'NONE', #3865, #5251, #2521, .T. ) ;
#5373 = AXIS2_PLACEMENT_3D ( 'NONE', #1226, #6175, #1190 ) ;
#5374 = CARTESIAN_POINT ( 'NONE',  ( -14.00000000000000000, 0.000000000000000000, 0.2999999999999999334 ) ) ;
#5375 = ORIENTED_EDGE ( 'NONE', *, *, #6529, .F. ) ;
#5376 = VECTOR ( 'NONE', #549, 1000.000000000000000 ) ;
#5377 = ORIENTED_EDGE ( 'NONE', *, *, #842, .F. ) ;
#5378 = VECTOR ( 'NONE', #5831, 1000.000000000000000 ) ;
#5379 = ORIENTED_EDGE ( 'NONE', *, *, #4833, .F. ) ;
#5380 = CARTESIAN_POINT ( 'NONE',  ( 9.000000000000001776, -10.79999999999999183, -9.000000000000000000 ) ) ;
#5381 = AXIS2_PLACEMENT_3D ( 'NONE', #2498, #581, #6489 ) ;
#5382 = B_SPLINE_CURVE_WITH_KNOTS ( 'NONE', 3,
 ( #3595, #5599, #898, #1075, #587, #2916, #4926, #2414, #6439, #1917, #1422, #3442 ),
 .UNSPECIFIED., .F., .F.,
 ( 4, 2, 2, 2, 2, 4 ),
 ( 2.343703155792884843E-07, 0.003125847235931081703, 0.006251460101546583992, 0.007814266534354335353, 0.009377072967162088449, 0.01250268583277759291 ),
 .UNSPECIFIED. ) ;
#5383 = LINE ( 'NONE', #6368, #4415 ) ;
#5384 = ORIENTED_EDGE ( 'NONE', *, *, #3832, .F. ) ;
#5385 = LINE ( 'NONE', #2739, #1431 ) ;
#5386 = ORIENTED_EDGE ( 'NONE', *, *, #5807, .F. ) ;
#5387 = DIRECTION ( 'NONE',  ( 8.295235218517768465E-17, 1.000000000000000000, 0.000000000000000000 ) ) ;
#5388 = CIRCLE ( 'NONE', #2536, 4.200000000025741365 ) ;
#5389 = ORIENTED_EDGE ( 'NONE', *, *, #6412, .T. ) ;
#5390 = DIRECTION ( 'NONE',  ( 0.000000000000000000, 1.000000000000000000, 0.000000000000000000 ) ) ;
#5391 = PLANE ( 'NONE',  #1525 ) ;
#5392 = CARTESIAN_POINT ( 'NONE',  ( 0.000000000000000000, 0.000000000000000000, 0.000000000000000000 ) ) ;
#5393 = CIRCLE ( 'NONE', #6233, 6.065000000000000391 ) ;
#5394 = DIRECTION ( 'NONE',  ( -0.000000000000000000, -0.000000000000000000, -1.000000000000000000 ) ) ;
#5395 = CARTESIAN_POINT ( 'NONE',  ( 4.200000000043141668, 3.499999999999089617, 0.000000000000000000 ) ) ;
#5396 = ORIENTED_EDGE ( 'NONE', *, *, #5109, .F. ) ;
#5397 = CARTESIAN_POINT ( 'NONE',  ( 3.469446951953614189E-15, 41.32836574506814031, 0.000000000000000000 ) ) ;
#5398 = AXIS2_PLACEMENT_3D ( 'NONE', #5034, #1010, #6085 ) ;
#5399 = FACE_OUTER_BOUND ( 'NONE', #2506, .T. ) ;
#5400 = LINE ( 'NONE', #1928, #2504 ) ;
#5401 = DIRECTION ( 'NONE',  ( -0.000000000000000000, -0.000000000000000000, -1.000000000000000000 ) ) ;
#5402 = EDGE_CURVE ( 'NONE', #5740, #2466, #6208, .T. ) ;
#5403 = FACE_OUTER_BOUND ( 'NONE', #4352, .T. ) ;
#5404 = EDGE_CURVE ( 'NONE', #2029, #2618, #1109, .T. ) ;
#5405 = ADVANCED_FACE ( 'NONE', ( #5944 ), #1361, .F. ) ;
#5406 = DIRECTION ( 'NONE',  ( 1.000000000000000000, 6.434165940233234309E-18, 0.000000000000000000 ) ) ;
#5407 = ORIENTED_EDGE ( 'NONE', *, *, #3072, .T. ) ;
#5408 = ORIENTED_EDGE ( 'NONE', *, *, #3761, .F. ) ;
#5409 = EDGE_CURVE ( 'NONE', #4030, #2662, #4214, .T. ) ;
#5410 = ADVANCED_FACE ( 'NONE', ( #556, #5422 ), #4427, .F. ) ;
#5411 = AXIS2_PLACEMENT_3D ( 'NONE', #3721, #2195, #3649 ) ;
#5412 = ORIENTED_EDGE ( 'NONE', *, *, #4755, .F. ) ;
#5413 = EDGE_LOOP ( 'NONE', ( #1968, #1239 ) ) ;
#5414 = LINE ( 'NONE', #4917, #5261 ) ;
#5415 = VERTEX_POINT ( 'NONE', #3940 ) ;
#5416 = DIRECTION ( 'NONE',  ( 0.7071067811865512365, -0.7071067811865439090, 0.000000000000000000 ) ) ;
#5417 = ORIENTED_EDGE ( 'NONE', *, *, #5367, .F. ) ;
#5418 = CIRCLE ( 'NONE', #1191, 10.99999999999998046 ) ;
#5419 = CARTESIAN_POINT ( 'NONE',  ( -14.47295043918424184, 3.532114503906632841, 2.498474369834421616 ) ) ;
#5420 = AXIS2_PLACEMENT_3D ( 'NONE', #880, #2961, #1873 ) ;
#5421 = VERTEX_POINT ( 'NONE', #86 ) ;
#5422 = FACE_OUTER_BOUND ( 'NONE', #2139, .T. ) ;
#5423 = DIRECTION ( 'NONE',  ( 1.000000000000000000, -1.092739197465706865E-15, 0.000000000000000000 ) ) ;
#5424 = CARTESIAN_POINT ( 'NONE',  ( -11.69999999999997797, 9.700000000000025935, 1.432836755002401707E-15 ) ) ;
#5425 = FACE_OUTER_BOUND ( 'NONE', #2877, .T. ) ;
#5426 = LINE ( 'NONE', #2322, #625 ) ;
#5427 = EDGE_LOOP ( 'NONE', ( #3889, #6436, #3634, #1189 ) ) ;
#5428 = DIRECTION ( 'NONE',  ( 0.000000000000000000, -1.000000000000000000, 0.000000000000000000 ) ) ;
#5429 = CIRCLE ( 'NONE', #480, 21.75000000002637535 ) ;
#5430 = CARTESIAN_POINT ( 'NONE',  ( -14.50000000002727951, 37.82836574506638527, 3.061616997867829459E-16 ) ) ;
#5431 = DIRECTION ( 'NONE',  ( -8.295235218517768465E-17, -1.000000000000000000, -0.000000000000000000 ) ) ;
#5432 = CYLINDRICAL_SURFACE ( 'NONE', #2639, 9.000000000026375346 ) ;
#5433 = ORIENTED_EDGE ( 'NONE', *, *, #850, .T. ) ;
#5434 = FACE_OUTER_BOUND ( 'NONE', #127, .T. ) ;
#5435 = AXIS2_PLACEMENT_3D ( 'NONE', #969, #2982, #4964 ) ;
#5436 = SECURITY_CLASSIFICATION_LEVEL ( 'unclassified' ) ;
#5437 = AXIS2_PLACEMENT_3D ( 'NONE', #607, #2676, #103 ) ;
#5438 = CARTESIAN_POINT ( 'NONE',  ( 4.400000000044656190, 0.7283657450677759604, 0.000000000000000000 ) ) ;
#5439 = ORIENTED_EDGE ( 'NONE', *, *, #5080, .T. ) ;
#5440 = AXIS2_PLACEMENT_3D ( 'NONE', #5946, #3535, #3504 ) ;
#5441 = ORIENTED_EDGE ( 'NONE', *, *, #6007, .T. ) ;
#5442 = ADVANCED_FACE ( 'NONE', ( #4642 ), #735, .T. ) ;
#5443 = ADVANCED_FACE ( 'NONE', ( #2946 ), #4148, .F. ) ;
#5444 = AXIS2_PLACEMENT_3D ( 'NONE', #5850, #1824, #1263 ) ;
#5445 = EDGE_LOOP ( 'NONE', ( #4560, #4449, #745, #343 ) ) ;
#5446 = ORIENTED_EDGE ( 'NONE', *, *, #1596, .F. ) ;
#5447 = PRODUCT_DEFINITION ( '未知', '', #3549, #4598 ) ;
#5448 = EDGE_CURVE ( 'NONE', #4583, #163, #4608, .T. ) ;
#5449 = APPROVAL_PERSON_ORGANIZATION ( #4212, #6411, #1697 ) ;
#5450 = DIRECTION ( 'NONE',  ( -2.046866396318398703E-15, 0.7071067811865424657, 0.7071067811865526798 ) ) ;
#5451 = EDGE_LOOP ( 'NONE', ( #4907, #1484, #2406, #538 ) ) ;
#5452 = AXIS2_PLACEMENT_3D ( 'NONE', #3912, #2948, #5515 ) ;
#5453 = ADVANCED_FACE ( 'NONE', ( #2063 ), #3273, .F. ) ;
#5454 = VERTEX_POINT ( 'NONE', #6155 ) ;
#5455 = DIRECTION ( 'NONE',  ( -1.000000000000000000, 6.434165940233234309E-18, -0.000000000000000000 ) ) ;
#5456 = AXIS2_PLACEMENT_3D ( 'NONE', #979, #1008, #518 ) ;
#5457 = ORIENTED_EDGE ( 'NONE', *, *, #110, .F. ) ;
#5458 = CARTESIAN_POINT ( 'NONE',  ( 7.349999999999999645, -3.084843528204037854E-15, 0.000000000000000000 ) ) ;
#5459 = DIRECTION ( 'NONE',  ( 0.000000000000000000, 0.000000000000000000, 1.000000000000000000 ) ) ;
#5460 = DIRECTION ( 'NONE',  ( 0.000000000000000000, 1.000000000000000000, 0.000000000000000000 ) ) ;
#5461 = DIRECTION ( 'NONE',  ( -0.000000000000000000, -0.000000000000000000, -1.000000000000000000 ) ) ;
#5462 = CARTESIAN_POINT ( 'NONE',  ( 5.726516313213242171, -14.30000000000001670, 2.806529817159451046 ) ) ;
#5463 = DIRECTION ( 'NONE',  ( 0.000000000000000000, 1.000000000000000000, 0.000000000000000000 ) ) ;
#5464 = ORIENTED_EDGE ( 'NONE', *, *, #6090, .F. ) ;
#5465 = DIRECTION ( 'NONE',  ( -1.000000000000000000, 5.329070518200751394E-15, 0.000000000000000000 ) ) ;
#5466 = DIRECTION ( 'NONE',  ( -1.954828175079010964E-13, 1.000000000000000000, -0.000000000000000000 ) ) ;
#5467 = DIRECTION ( 'NONE',  ( -0.000000000000000000, -0.000000000000000000, -1.000000000000000000 ) ) ;
#5468 = CYLINDRICAL_SURFACE ( 'NONE', #2541, 2.500000000000019540 ) ;
#5469 = CARTESIAN_POINT ( 'NONE',  ( 0.000000000000000000, 0.000000000000000000, 17.69999999999999929 ) ) ;
#5470 = CIRCLE ( 'NONE', #2303, 8.000000000026830094 ) ;
#5471 = CARTESIAN_POINT ( 'NONE',  ( 6.234580980306496656, -14.30000000000001670, 17.69999999999999929 ) ) ;
#5472 = ORIENTED_EDGE ( 'NONE', *, *, #6482, .T. ) ;
#5473 = ORIENTED_EDGE ( 'NONE', *, *, #2042, .T. ) ;
#5474 = AXIS2_PLACEMENT_3D ( 'NONE', #823, #2342, #465 ) ;
#5475 = PERSON_AND_ORGANIZATION ( #3131, #5968 ) ;
#5476 = ORIENTED_EDGE ( 'NONE', *, *, #3397, .T. ) ;
#5477 = EDGE_LOOP ( 'NONE', ( #763, #5276, #4643, #5017 ) ) ;
#5478 = VECTOR ( 'NONE', #5074, 1000.000000000000114 ) ;
#5479 = AXIS2_PLACEMENT_3D ( 'NONE', #3250, #5787, #175 ) ;
#5480 = CARTESIAN_POINT ( 'NONE',  ( -9.000000000000001776, -11.19999999999999929, 9.000000000000000000 ) ) ;
#5481 = EDGE_LOOP ( 'NONE', ( #2187, #907, #3980, #4589 ) ) ;
#5482 = AXIS2_PLACEMENT_3D ( 'NONE', #1343, #1307, #3365 ) ;
#5483 = ORIENTED_EDGE ( 'NONE', *, *, #5076, .F. ) ;
#5484 = EDGE_CURVE ( 'NONE', #2936, #855, #1147, .T. ) ;
#5485 = DIRECTION ( 'NONE',  ( 1.000000000000000000, 0.000000000000000000, 0.000000000000000000 ) ) ;
#5486 = AXIS2_PLACEMENT_3D ( 'NONE', #1134, #3220, #1203 ) ;
#5487 = EDGE_CURVE ( 'NONE', #1797, #4485, #2629, .T. ) ;
#5488 = EDGE_CURVE ( 'NONE', #5050, #1411, #5382, .T. ) ;
#5489 = ORIENTED_EDGE ( 'NONE', *, *, #4185, .F. ) ;
#5490 = FACE_OUTER_BOUND ( 'NONE', #4169, .T. ) ;
#5491 = DIRECTION ( 'NONE',  ( -0.000000000000000000, -0.000000000000000000, -1.000000000000000000 ) ) ;
#5492 = CIRCLE ( 'NONE', #2102, 2.826794919243180271 ) ;
#5493 = AXIS2_PLACEMENT_3D ( 'NONE', #239, #6278, #1756 ) ;
#5494 = EDGE_CURVE ( 'NONE', #3416, #2662, #5058, .T. ) ;
#5495 = CARTESIAN_POINT ( 'NONE',  ( 3.660528981682436456, -14.30000000000001670, 2.434288584197440208 ) ) ;
#5496 = DIRECTION ( 'NONE',  ( -1.022466556597827761E-15, -1.000000000000000000, -0.000000000000000000 ) ) ;
#5497 = VERTEX_POINT ( 'NONE', #1245 ) ;
#5498 = ORIENTED_EDGE ( 'NONE', *, *, #5716, .F. ) ;
#5499 = CARTESIAN_POINT ( 'NONE',  ( 13.44999999999999751, -10.70000000000001172, -12.95000000000001350 ) ) ;
#5500 = FACE_OUTER_BOUND ( 'NONE', #2401, .T. ) ;
#5501 = LINE ( 'NONE', #6081, #3280 ) ;
#5502 = FACE_OUTER_BOUND ( 'NONE', #3263, .T. ) ;
#5503 = CARTESIAN_POINT ( 'NONE',  ( -3.902321642751456906E-17, 6.065000000000000391, -7.427482836828697149E-16 ) ) ;
#5504 = CARTESIAN_POINT ( 'NONE',  ( -9.000000000000001776, -1.199999999999999734, -9.000000000000000000 ) ) ;
#5505 = CARTESIAN_POINT ( 'NONE',  ( 13.68430046635379504, 4.898096326236759168, 2.303399611273859726 ) ) ;
#5506 = ORIENTED_EDGE ( 'NONE', *, *, #6494, .F. ) ;
#5507 = VERTEX_POINT ( 'NONE', #6299 ) ;
#5508 = APPROVAL_STATUS ( 'not_yet_approved' ) ;
#5509 = CARTESIAN_POINT ( 'NONE',  ( 4.400000000044656190, 0.7283657450677759604, 0.000000000000000000 ) ) ;
#5510 = ORIENTED_EDGE ( 'NONE', *, *, #767, .F. ) ;
#5511 = VECTOR ( 'NONE', #5136, 1000.000000000000000 ) ;
#5512 = EDGE_LOOP ( 'NONE', ( #1775, #1181 ) ) ;
#5513 = CARTESIAN_POINT ( 'NONE',  ( 2.089115799643810334, 14.30000000000003268, 15.46009771085630824 ) ) ;
#5514 = EDGE_LOOP ( 'NONE', ( #450, #340, #3957, #4210 ) ) ;
#5515 = DIRECTION ( 'NONE',  ( -1.289757231209522150E-16, 0.000000000000000000, -1.000000000000000000 ) ) ;
#5516 = ORIENTED_EDGE ( 'NONE', *, *, #3436, .F. ) ;
#5517 = FACE_OUTER_BOUND ( 'NONE', #3124, .T. ) ;
#5518 = ADVANCED_FACE ( 'NONE', ( #5732 ), #2300, .T. ) ;
#5519 = EDGE_CURVE ( 'NONE', #6416, #4043, #6218, .T. ) ;
#5520 = ORIENTED_EDGE ( 'NONE', *, *, #27, .T. ) ;
#5521 = CARTESIAN_POINT ( 'NONE',  ( 1.043204209512794911, -14.30000000000001670, 2.173166972569801292 ) ) ;
#5522 = AXIS2_PLACEMENT_3D ( 'NONE', #899, #4927, #2511 ) ;
#5523 = ORIENTED_EDGE ( 'NONE', *, *, #6482, .F. ) ;
#5524 = VERTEX_POINT ( 'NONE', #1141 ) ;
#5525 = DIRECTION ( 'NONE',  ( -0.7071067811865398012, 0.7071067811865552333, 8.659560562355026535E-17 ) ) ;
#5526 = LINE ( 'NONE', #5061, #3641 ) ;
#5527 = ADVANCED_FACE ( 'NONE', ( #784 ), #2845, .T. ) ;
#5528 = EDGE_CURVE ( 'NONE', #952, #873, #254, .T. ) ;
#5529 = DIRECTION ( 'NONE',  ( 0.000000000000000000, 0.000000000000000000, -1.000000000000000000 ) ) ;
#5530 = DIRECTION ( 'NONE',  ( -1.000000000000000000, 6.434165940233234309E-18, -0.000000000000000000 ) ) ;
#5531 = PLANE ( 'NONE',  #4603 ) ;
#5532 = FACE_OUTER_BOUND ( 'NONE', #5810, .T. ) ;
#5533 = AXIS2_PLACEMENT_3D ( 'NONE', #3543, #1466, #2426 ) ;
#5534 = CARTESIAN_POINT ( 'NONE',  ( 13.70000000000000107, 0.000000000000000000, 17.39999999999999858 ) ) ;
#5535 = ORIENTED_EDGE ( 'NONE', *, *, #885, .T. ) ;
#5536 = ORIENTED_EDGE ( 'NONE', *, *, #1373, .F. ) ;
#5537 = AXIS2_PLACEMENT_3D ( 'NONE', #1058, #568, #2576 ) ;
#5538 = AXIS2_PLACEMENT_3D ( 'NONE', #1717, #3740, #1791 ) ;
#5539 = CIRCLE ( 'NONE', #3013, 15.59999999999999964 ) ;
#5540 = APPROVAL_ROLE ( '' ) ;
#5541 = EDGE_LOOP ( 'NONE', ( #2911, #3988, #3900, #3079 ) ) ;
#5542 = VECTOR ( 'NONE', #5593, 1000.000000000000000 ) ;
#5543 = ORIENTED_EDGE ( 'NONE', *, *, #3351, .T. ) ;
#5544 = VECTOR ( 'NONE', #229, 1000.000000000000000 ) ;
#5545 = CARTESIAN_POINT ( 'NONE',  ( 15.50145376427073707, -1.750694489103267193, 2.923760430703403301 ) ) ;
#5546 = LOCAL_TIME ( 18, 8, 39.00000000000000000, #3717 ) ;
#5547 = DIRECTION ( 'NONE',  ( 1.000000000000000000, 0.000000000000000000, 0.000000000000000000 ) ) ;
#5548 = VERTEX_POINT ( 'NONE', #4223 ) ;
#5549 = LINE ( 'NONE', #3012, #4275 ) ;
#5550 = VERTEX_POINT ( 'NONE', #1179 ) ;
#5551 = DIRECTION ( 'NONE',  ( -1.439446457226111672E-14, -0.7071067811865424657, 0.7071067811865526798 ) ) ;
#5552 = CIRCLE ( 'NONE', #3654, 7.139999999999999680 ) ;
#5553 = CIRCLE ( 'NONE', #2066, 3.000000000003048672 ) ;
#5554 = ORIENTED_EDGE ( 'NONE', *, *, #3885, .T. ) ;
#5555 = CARTESIAN_POINT ( 'NONE',  ( 7.800000000027013769, 7.028365745067729264, 0.000000000000000000 ) ) ;
#5556 = CARTESIAN_POINT ( 'NONE',  ( 28.39999999999994174, -1.827303127026234901E-16, 0.000000000000000000 ) ) ;
#5557 = FACE_OUTER_BOUND ( 'NONE', #3722, .T. ) ;
#5558 = DIRECTION ( 'NONE',  ( -1.954828175079010964E-13, 1.000000000000000000, -0.000000000000000000 ) ) ;
#5559 = FACE_OUTER_BOUND ( 'NONE', #837, .T. ) ;
#5560 = DIRECTION ( 'NONE',  ( -0.000000000000000000, -1.000000000000000000, -0.000000000000000000 ) ) ;
#5561 = APPROVAL ( #3652, '未指定' ) ;
#5562 = EDGE_CURVE ( 'NONE', #733, #6330, #3803, .T. ) ;
#5563 = EDGE_CURVE ( 'NONE', #396, #2908, #2958, .T. ) ;
#5564 = DIRECTION ( 'NONE',  ( 0.000000000000000000, -1.000000000000000000, 0.000000000000000000 ) ) ;
#5565 = VERTEX_POINT ( 'NONE', #2727 ) ;
#5566 = EDGE_LOOP ( 'NONE', ( #5840, #3867, #5446, #1746 ) ) ;
#5567 = VECTOR ( 'NONE', #3808, 1000.000000000000000 ) ;
#5568 = DATE_AND_TIME ( #585, #5020 ) ;
#5569 = EDGE_CURVE ( 'NONE', #883, #5341, #2796, .T. ) ;
#5570 = DIRECTION ( 'NONE',  ( 0.000000000000000000, -1.000000000000000000, 0.000000000000000000 ) ) ;
#5571 = ORIENTED_EDGE ( 'NONE', *, *, #2458, .F. ) ;
#5572 = VERTEX_POINT ( 'NONE', #4809 ) ;
#5573 = CARTESIAN_POINT ( 'NONE',  ( 11.87245695436700821, -8.036301344361906018, 2.188833417848127016 ) ) ;
#5574 = ORIENTED_EDGE ( 'NONE', *, *, #1720, .F. ) ;
#5575 = CIRCLE ( 'NONE', #3682, 6.065000000000000391 ) ;
#5576 = AXIS2_PLACEMENT_3D ( 'NONE', #4346, #2429, #4407 ) ;
#5577 = CARTESIAN_POINT ( 'NONE',  ( 0.000000000000000000, 0.000000000000000000, 2.000000000000000000 ) ) ;
#5578 = CARTESIAN_POINT ( 'NONE',  ( -9.000000000000001776, -10.79999999999999893, -9.000000000000000000 ) ) ;
#5579 = VERTEX_POINT ( 'NONE', #293 ) ;
#5580 = FACE_OUTER_BOUND ( 'NONE', #820, .T. ) ;
#5581 = AXIS2_PLACEMENT_3D ( 'NONE', #1379, #3399, #3327 ) ;
#5582 = ORIENTED_EDGE ( 'NONE', *, *, #1317, .T. ) ;
#5583 = PLANE ( 'NONE',  #1946 ) ;
#5584 = CYLINDRICAL_SURFACE ( 'NONE', #2695, 4.200000000025742253 ) ;
#5585 = CARTESIAN_POINT ( 'NONE',  ( -19.50000000002637179, 37.82836574506541183, 0.000000000000000000 ) ) ;
#5586 = DIRECTION ( 'NONE',  ( 8.295235218517768465E-17, 1.000000000000000000, 0.000000000000000000 ) ) ;
#5587 = FACE_OUTER_BOUND ( 'NONE', #4255, .T. ) ;
#5588 = CIRCLE ( 'NONE', #1801, 1.500000000000001332 ) ;
#5589 = CARTESIAN_POINT ( 'NONE',  ( -21.55000000002746319, 33.32836574506700345, 0.000000000000000000 ) ) ;
#5590 = DIRECTION ( 'NONE',  ( -8.295235218517768465E-17, -1.000000000000000000, -0.000000000000000000 ) ) ;
#5591 = ORIENTED_EDGE ( 'NONE', *, *, #4112, .F. ) ;
#5592 = CARTESIAN_POINT ( 'NONE',  ( 14.46895012601470576, 3.539043249562454196, 2.496735888417504601 ) ) ;
#5593 = DIRECTION ( 'NONE',  ( 8.659560562354927928E-17, -0.7071067811865479058, 0.7071067811865471286 ) ) ;
#5594 = ORIENTED_EDGE ( 'NONE', *, *, #527, .F. ) ;
#5595 = EDGE_CURVE ( 'NONE', #4128, #6501, #4953, .T. ) ;
#5596 = APPLICATION_PROTOCOL_DEFINITION ( 'international standard', 'config_control_design', 1994, #967 ) ;
#5597 = EDGE_CURVE ( 'NONE', #6232, #6447, #4222, .T. ) ;
#5598 = EDGE_CURVE ( 'NONE', #5706, #5678, #1998, .T. ) ;
#5599 = CARTESIAN_POINT ( 'NONE',  ( 9.780184070515415939, -11.66022428249152298, 15.01312200162833221 ) ) ;
#5600 = AXIS2_PLACEMENT_3D ( 'NONE', #334, #6302, #5280 ) ;
#5601 = ORIENTED_EDGE ( 'NONE', *, *, #3626, .T. ) ;
#5602 = EDGE_CURVE ( 'NONE', #2466, #56, #5173, .T. ) ;
#5603 = EDGE_CURVE ( 'NONE', #1985, #18, #208, .T. ) ;
#5604 = CYLINDRICAL_SURFACE ( 'NONE', #2078, 2.300000000000001599 ) ;
#5605 = AXIS2_PLACEMENT_3D ( 'NONE', #180, #3256, #249 ) ;
#5606 = DIRECTION ( 'NONE',  ( 0.7071067811865479058, 0.7071067811865472397, 0.000000000000000000 ) ) ;
#5607 = FACE_OUTER_BOUND ( 'NONE', #6445, .T. ) ;
#5608 = EDGE_LOOP ( 'NONE', ( #5701, #1347 ) ) ;
#5609 = CYLINDRICAL_SURFACE ( 'NONE', #1770, 2.499999999999998668 ) ;
#5610 = EDGE_LOOP ( 'NONE', ( #1073, #4092 ) ) ;
#5611 = DIRECTION ( 'NONE',  ( -8.295235218517768465E-17, -1.000000000000000000, -0.000000000000000000 ) ) ;
#5612 = CARTESIAN_POINT ( 'NONE',  ( -12.13433212489667135, -7.582720243763787948, 15.52726540092188756 ) ) ;
#5613 = FACE_OUTER_BOUND ( 'NONE', #2539, .T. ) ;
#5614 = DIRECTION ( 'NONE',  ( -4.252295203646404980E-16, -0.7071067811865424657, 0.7071067811865526798 ) ) ;
#5615 = CARTESIAN_POINT ( 'NONE',  ( 21.75000000002911449, 41.32836574506814031, 0.000000000000000000 ) ) ;
#5616 = DIRECTION ( 'NONE',  ( 0.8660254037844368202, 0.5000000000000032196, 0.000000000000000000 ) ) ;
#5617 = DIRECTION ( 'NONE',  ( 0.000000000000000000, -1.000000000000000000, 0.000000000000000000 ) ) ;
#5618 = VERTEX_POINT ( 'NONE', #6231 ) ;
#5619 = VECTOR ( 'NONE', #1176, 1000.000000000000000 ) ;
#5620 = CARTESIAN_POINT ( 'NONE',  ( 11.08402608188115757, 9.401903673763257530, 15.39660038872613868 ) ) ;
#5621 = EDGE_LOOP ( 'NONE', ( #3203, #1225, #4124, #722, #6531, #1938 ) ) ;
#5622 = CARTESIAN_POINT ( 'NONE',  ( 8.000000000026830094, 7.028365745067729264, 0.000000000000000000 ) ) ;
#5623 = ORIENTED_EDGE ( 'NONE', *, *, #1044, .T. ) ;
#5624 = COORDINATED_UNIVERSAL_TIME_OFFSET ( 8, 0, .AHEAD. ) ;
#5625 = DIRECTION ( 'NONE',  ( -1.000000000000000000, 6.434165940233234309E-18, -0.000000000000000000 ) ) ;
#5626 = CONICAL_SURFACE ( 'NONE', #2929, 12.69999999999998685, 0.7853981633974396193 ) ;
#5627 = EDGE_CURVE ( 'NONE', #540, #4811, #3231, .T. ) ;
#5628 = AXIS2_PLACEMENT_3D ( 'NONE', #904, #380, #6415 ) ;
#5629 = AXIS2_PLACEMENT_3D ( 'NONE', #6019, #4499, #1001 ) ;
#5630 = ORIENTED_EDGE ( 'NONE', *, *, #2735, .T. ) ;
#5631 = LOCAL_TIME ( 18, 8, 39.00000000000000000, #3362 ) ;
#5632 = B_SPLINE_CURVE_WITH_KNOTS ( 'NONE', 3,
 ( #3637, #168, #3179, #6213, #1192, #5612, #204, #4133, #5184, #1687, #6243, #5220 ),
 .UNSPECIFIED., .F., .F.,
 ( 4, 2, 2, 2, 2, 4 ),
 ( 2.343703155794757316E-07, 0.003125847235931068693, 0.006251460101546557104, 0.007814266534354304128, 0.009377072967162048550, 0.01250268583277754607 ),
 .UNSPECIFIED. ) ;
#5633 = CARTESIAN_POINT ( 'NONE',  ( -28.00162831425916110, -2.299999999999999822, -3.239190783744749086E-16 ) ) ;
#5634 = AXIS2_PLACEMENT_3D ( 'NONE', #5323, #5888, #901 ) ;
#5635 = APPROVAL ( #3926, 'UNKNOWN' ) ;
#5636 = ADVANCED_FACE ( 'NONE', ( #754 ), #1704, .T. ) ;
#5637 = ADVANCED_FACE ( 'NONE', ( #220 ), #844, .F. ) ;
#5638 = EDGE_CURVE ( 'NONE', #2316, #6406, #1577, .T. ) ;
#5639 = CONICAL_SURFACE ( 'NONE', #2800, 4.606580753730955990, 0.5235987755982930425 ) ;
#5640 = PLANE ( 'NONE',  #4002 ) ;
#5641 = DIRECTION ( 'NONE',  ( 1.000000000000000000, -1.942890293094375336E-13, 0.000000000000000000 ) ) ;
#5642 = VERTEX_POINT ( 'NONE', #426 ) ;
#5643 = CARTESIAN_POINT ( 'NONE',  ( -12.69999999999998508, 1.298532526879239673E-14, 1.555301434917136855E-15 ) ) ;
#5644 = VERTEX_POINT ( 'NONE', #2465 ) ;
#5645 = CARTESIAN_POINT ( 'NONE',  ( 28.40000000000000213, -1.827303127026238599E-16, 0.000000000000000000 ) ) ;
#5646 = DIRECTION ( 'NONE',  ( 0.7071067811865398012, -0.7071067811865552333, 0.000000000000000000 ) ) ;
#5647 = DIRECTION ( 'NONE',  ( -1.000000000000000000, 6.434165940233234309E-18, -0.000000000000000000 ) ) ;
#5648 = DIRECTION ( 'NONE',  ( -8.295235218517768465E-17, -1.000000000000000000, -0.000000000000000000 ) ) ;
#5649 = CARTESIAN_POINT ( 'NONE',  ( -9.000000000000001776, -11.19999999999999929, -6.500000000000000888 ) ) ;
#5650 = CC_DESIGN_APPROVAL ( #189, ( #4812 ) ) ;
#5651 = AXIS2_PLACEMENT_3D ( 'NONE', #5577, #5085, #1581 ) ;
#5652 = CARTESIAN_POINT ( 'NONE',  ( 17.00000000002797407, 43.71079885517246311, 0.000000000000000000 ) ) ;
#5653 = CARTESIAN_POINT ( 'NONE',  ( -9.000000000000001776, -10.79999999999999183, 9.000000000000000000 ) ) ;
#5654 = ORIENTED_EDGE ( 'NONE', *, *, #4185, .T. ) ;
#5655 = APPLICATION_PROTOCOL_DEFINITION ( 'international standard', 'config_control_design', 1994, #5267 ) ;
#5656 = LINE ( 'NONE', #1698, #2 ) ;
#5657 = CARTESIAN_POINT ( 'NONE',  ( -28.40000000000000213, 2.990000000000000213, 0.000000000000000000 ) ) ;
#5658 = CARTESIAN_POINT ( 'NONE',  ( 28.80000000000000426, 3.220940107675852815, 0.000000000000000000 ) ) ;
#5659 = ORIENTED_EDGE ( 'NONE', *, *, #4916, .F. ) ;
#5660 = AXIS2_PLACEMENT_3D ( 'NONE', #352, #5467, #2359 ) ;
#5661 = CARTESIAN_POINT ( 'NONE',  ( 0.000000000000000000, 0.000000000000000000, 0.000000000000000000 ) ) ;
#5662 = APPROVAL_ROLE ( '' ) ;
#5663 = DIRECTION ( 'NONE',  ( 0.000000000000000000, -1.000000000000000000, 0.000000000000000000 ) ) ;
#5664 = ORIENTED_EDGE ( 'NONE', *, *, #5161, .F. ) ;
#5665 = AXIS2_PLACEMENT_3D ( 'NONE', #2072, #448, #3569 ) ;
#5666 = FACE_OUTER_BOUND ( 'NONE', #3305, .T. ) ;
#5667 = VECTOR ( 'NONE', #1144, 1000.000000000000000 ) ;
#5668 = DIRECTION ( 'NONE',  ( -6.434165940233234309E-18, -1.000000000000000000, 0.000000000000000000 ) ) ;
#5669 = ORIENTED_EDGE ( 'NONE', *, *, #5240, .T. ) ;
#5670 = DIRECTION ( 'NONE',  ( -8.295235218517768465E-17, -1.000000000000000000, -0.000000000000000000 ) ) ;
#5671 = EDGE_LOOP ( 'NONE', ( #2404, #6271 ) ) ;
#5672 = ADVANCED_FACE ( 'NONE', ( #3457, #6358 ), #2434, .T. ) ;
#5673 = DIRECTION ( 'NONE',  ( 1.000000000000000000, -1.092739197465706865E-15, 0.000000000000000000 ) ) ;
#5674 = AXIS2_PLACEMENT_3D ( 'NONE', #1284, #5346, #4329 ) ;
#5675 = ADVANCED_FACE ( 'NONE', ( #4448, #6392 ), #2333, .F. ) ;
#5676 = EDGE_CURVE ( 'NONE', #933, #38, #950, .T. ) ;
#5677 = CIRCLE ( 'NONE', #4319, 12.71999999999999886 ) ;
#5678 = VERTEX_POINT ( 'NONE', #5374 ) ;
#5679 = DIRECTION ( 'NONE',  ( 0.000000000000000000, -1.000000000000000000, 0.000000000000000000 ) ) ;
#5680 = AXIS2_PLACEMENT_3D ( 'NONE', #4273, #135, #6146 ) ;
#5681 = CARTESIAN_POINT ( 'NONE',  ( -16.44999999999999929, -1.058420297168367037E-16, 0.000000000000000000 ) ) ;
#5682 = CARTESIAN_POINT ( 'NONE',  ( 28.80000000000000426, -3.220940107675852815, 3.944513993110564384E-16 ) ) ;
#5683 = DIRECTION ( 'NONE',  ( 0.8660254037844377084, 1.060575238724905805E-16, -0.5000000000000016653 ) ) ;
#5684 = CARTESIAN_POINT ( 'NONE',  ( -25.45999999999994756, -6.065000000000000391, 0.000000000000000000 ) ) ;
#5685 = ORIENTED_EDGE ( 'NONE', *, *, #4476, .T. ) ;
#5686 = EDGE_CURVE ( 'NONE', #4889, #736, #1474, .T. ) ;
#5687 = VECTOR ( 'NONE', #2132, 1000.000000000000000 ) ;
#5688 = DIRECTION ( 'NONE',  ( -1.000000000000000000, -6.434165940233234309E-18, 0.000000000000000000 ) ) ;
#5689 = DIRECTION ( 'NONE',  ( 0.000000000000000000, -1.000000000000000000, 0.000000000000000000 ) ) ;
#5690 = ORIENTED_EDGE ( 'NONE', *, *, #3388, .T. ) ;
#5691 = VECTOR ( 'NONE', #6186, 1000.000000000000000 ) ;
#5692 = DIRECTION ( 'NONE',  ( 0.000000000000000000, 0.000000000000000000, 1.000000000000000000 ) ) ;
#5693 = CARTESIAN_POINT ( 'NONE',  ( 0.000000000000000000, 0.000000000000000000, 8.900000000000000355 ) ) ;
#5694 = FACE_OUTER_BOUND ( 'NONE', #62, .T. ) ;
#5695 = CARTESIAN_POINT ( 'NONE',  ( 14.00000000000000000, 1.714505518806294638E-15, 0.000000000000000000 ) ) ;
#5696 = ORIENTED_EDGE ( 'NONE', *, *, #5847, .F. ) ;
#5697 = CARTESIAN_POINT ( 'NONE',  ( -8.999999999999998224, 0.000000000000000000, 0.000000000000000000 ) ) ;
#5698 = DATE_TIME_ROLE ( 'classification_date' ) ;
#5699 = CIRCLE ( 'NONE', #4539, 6.299999999999999822 ) ;
#5700 = CARTESIAN_POINT ( 'NONE',  ( -14.00000000000000000, 1.714505518806294638E-15, 2.000000000000000000 ) ) ;
#5701 = ORIENTED_EDGE ( 'NONE', *, *, #2411, .F. ) ;
#5702 = CIRCLE ( 'NONE', #4123, 2.299999999999999822 ) ;
#5703 = ORIENTED_EDGE ( 'NONE', *, *, #4394, .T. ) ;
#5704 = DIRECTION ( 'NONE',  ( 0.000000000000000000, -1.000000000000000000, 0.000000000000000000 ) ) ;
#5705 = LINE ( 'NONE', #6167, #310 ) ;
#5706 = VERTEX_POINT ( 'NONE', #4350 ) ;
#5707 = LINE ( 'NONE', #2667, #6170 ) ;
#5708 = ORIENTED_EDGE ( 'NONE', *, *, #1251, .F. ) ;
#5709 = FACE_OUTER_BOUND ( 'NONE', #1389, .T. ) ;
#5710 = EDGE_LOOP ( 'NONE', ( #5352, #2041, #2260, #3810 ) ) ;
#5711 = DIRECTION ( 'NONE',  ( 1.000000000000000000, -8.295235218517769698E-17, 0.000000000000000000 ) ) ;
#5712 = CARTESIAN_POINT ( 'NONE',  ( 11.69999999999999929, 9.700000000000002842, 0.000000000000000000 ) ) ;
#5713 = CARTESIAN_POINT ( 'NONE',  ( -28.00162831425916110, 2.299999999999999822, 0.000000000000000000 ) ) ;
#5714 = ADVANCED_FACE ( 'NONE', ( #460 ), #6458, .F. ) ;
#5715 = DIRECTION ( 'NONE',  ( 0.000000000000000000, -0.000000000000000000, 1.000000000000000000 ) ) ;
#5716 = EDGE_CURVE ( 'NONE', #4109, #5579, #853, .T. ) ;
#5717 = CARTESIAN_POINT ( 'NONE',  ( -5.211699736093174273, -14.30000000000001670, 15.01225872907752468 ) ) ;
#5718 = ORIENTED_EDGE ( 'NONE', *, *, #1044, .F. ) ;
#5719 = VECTOR ( 'NONE', #1102, 1000.000000000000000 ) ;
#5720 = CARTESIAN_POINT ( 'NONE',  ( -8.999999999999998224, 0.000000000000000000, 0.000000000000000000 ) ) ;
#5721 = DIRECTION ( 'NONE',  ( 8.295235218517768465E-17, 1.000000000000000000, 0.000000000000000000 ) ) ;
#5722 = VERTEX_POINT ( 'NONE', #5438 ) ;
#5723 = ADVANCED_FACE ( 'NONE', ( #5871 ), #4111, .T. ) ;
#5724 = EDGE_CURVE ( 'NONE', #5874, #5021, #4740, .T. ) ;
#5725 = DIRECTION ( 'NONE',  ( 0.9833184019008637256, 1.383777800531135464E-18, -0.1818926070051538613 ) ) ;
#5726 = FACE_OUTER_BOUND ( 'NONE', #4052, .T. ) ;
#5727 = LINE ( 'NONE', #1173, #5035 ) ;
#5728 = DIRECTION ( 'NONE',  ( 1.000000000000000000, -6.434165940233234309E-18, 0.000000000000000000 ) ) ;
#5729 = VERTEX_POINT ( 'NONE', #2362 ) ;
#5730 = CYLINDRICAL_SURFACE ( 'NONE', #4676, 14.00000000000000000 ) ;
#5731 = APPROVAL_STATUS ( 'not_yet_approved' ) ;
#5732 = FACE_OUTER_BOUND ( 'NONE', #4414, .T. ) ;
#5733 = ORIENTED_EDGE ( 'NONE', *, *, #6287, .F. ) ;
#5734 = ORIENTED_EDGE ( 'NONE', *, *, #684, .T. ) ;
#5735 = LINE ( 'NONE', #5772, #4649 ) ;
#5736 = AXIS2_PLACEMENT_3D ( 'NONE', #3356, #2392, #5363 ) ;
#5737 = DIRECTION ( 'NONE',  ( 1.000000000000000000, 0.000000000000000000, 0.000000000000000000 ) ) ;
#5738 = EDGE_LOOP ( 'NONE', ( #1935, #4976, #4937, #3963 ) ) ;
#5739 = CARTESIAN_POINT ( 'NONE',  ( 0.000000000000000000, 0.000000000000000000, 7.750000000000008882 ) ) ;
#5740 = VERTEX_POINT ( 'NONE', #5903 ) ;
#5741 = CIRCLE ( 'NONE', #6378, 9.000000000026375346 ) ;
#5742 = VECTOR ( 'NONE', #870, 1000.000000000000000 ) ;
#5743 = DIRECTION ( 'NONE',  ( -1.000000000000000000, -6.434165940233234309E-18, 0.000000000000000000 ) ) ;
#5744 = ORIENTED_EDGE ( 'NONE', *, *, #5926, .F. ) ;
#5745 = CARTESIAN_POINT ( 'NONE',  ( 1.043204209512783365, 14.30000000000003268, 2.173166972569808841 ) ) ;
#5746 = LINE ( 'NONE', #2144, #1534 ) ;
#5747 = DIRECTION ( 'NONE',  ( 1.000000000000000000, 0.000000000000000000, 0.000000000000000000 ) ) ;
#5748 = DIRECTION ( 'NONE',  ( 0.000000000000000000, 1.000000000000000000, 0.000000000000000000 ) ) ;
#5749 = PLANE ( 'NONE',  #3395 ) ;
#5750 = CLOSED_SHELL ( 'NONE', ( #454, #4551, #2502, #242, #2420, #2825, #2014, #3517, #1114, #4317, #1972, #2861, #932, #4068, #3350, #4878, #5443, #2291, #803, #443, #887, #2169, #5283, #1898, #4792, #2981, #5116, #6404, #2736, #3760, #5326, #5967, #6335, #5723, #4110, #2977, #5453, #3427, #5405, #4512, #1405, #4914, #1683, #6156, #4596, #1119, #1332, #2866, #3266, #2088, #4963, #1450, #74, #3069, #5410, #2251, #4746, #5808, #2410, #2653, #6077, #4396, #4358, #644, #5891, #2464, #2575, #2611, #4661, #4671, #6002, #3921, #3999, #2052, #4359, #4624, #3623, #3766, #2287, #4545, #1079, #4716, #5004, #5365, #3747, #3183, #5844, #3225, #5798, #6414, #6118, #4586, #233, #1289, #2292, #2089, #2980, #3547, #6493, #6285, #1772, #6204, #633, #2013, #5637, #2299, #1642, #2006, #4673, #1564, #3954, #1322, #1680, #5442, #326, #4244, #1644, #758, #608, #1971, #1607, #1731, #1603, #2379, #5282, #1082, #1367, #1489, #2131 ) ) ;
#5751 = VECTOR ( 'NONE', #2848, 999.9999999999998863 ) ;
#5752 = DIRECTION ( 'NONE',  ( 1.954828175079010964E-13, 1.000000000000000000, 0.000000000000000000 ) ) ;
#5753 = CARTESIAN_POINT ( 'NONE',  ( 9.000000000000001776, 0.000000000000000000, 8.500000000000000000 ) ) ;
#5754 = ORIENTED_EDGE ( 'NONE', *, *, #2339, .T. ) ;
#5755 = PERSON_AND_ORGANIZATION_ROLE ( 'creator' ) ;
#5756 =( GEOMETRIC_REPRESENTATION_CONTEXT ( 3 ) GLOBAL_UNCERTAINTY_ASSIGNED_CONTEXT ( ( #3610 ) ) GLOBAL_UNIT_ASSIGNED_CONTEXT ( ( #4784, #2917, #5917 ) ) REPRESENTATION_CONTEXT ( 'NONE', 'WORKASPACE' ) );
#5757 = DIRECTION ( 'NONE',  ( -0.000000000000000000, -0.000000000000000000, -1.000000000000000000 ) ) ;
#5758 = CIRCLE ( 'NONE', #3977, 2.299999999999997602 ) ;
#5759 = DIRECTION ( 'NONE',  ( 1.000000000000000000, -8.566535683824875029E-17, 0.000000000000000000 ) ) ;
#5760 = CARTESIAN_POINT ( 'NONE',  ( 9.266872783964224425, -12.54930551089673152, 2.923760430703402413 ) ) ;
#5761 = ORIENTED_EDGE ( 'NONE', *, *, #2652, .T. ) ;
#5762 = APPROVAL ( #2651, '未指定' ) ;
#5763 = EDGE_CURVE ( 'NONE', #2029, #3965, #3480, .T. ) ;
#5764 = DIRECTION ( 'NONE',  ( 0.000000000000000000, -1.000000000000000000, 0.000000000000000000 ) ) ;
#5765 = DATE_TIME_ROLE ( 'classification_date' ) ;
#5766 = EDGE_CURVE ( 'NONE', #3945, #1517, #2100, .T. ) ;
#5767 = EDGE_CURVE ( 'NONE', #18, #5548, #5340, .T. ) ;
#5768 = DIRECTION ( 'NONE',  ( 1.000000000000000000, -1.022466556597827761E-15, 0.000000000000000000 ) ) ;
#5769 = ORIENTED_EDGE ( 'NONE', *, *, #2332, .F. ) ;
#5770 = EDGE_LOOP ( 'NONE', ( #67, #194, #817, #940 ) ) ;
#5771 = EDGE_CURVE ( 'NONE', #3956, #3805, #3164, .T. ) ;
#5772 = CARTESIAN_POINT ( 'NONE',  ( -10.99999999999998224, 1.124713212257608821E-14, 1.347111479062086235E-15 ) ) ;
#5773 = FACE_BOUND ( 'NONE', #2467, .T. ) ;
#5774 = VERTEX_POINT ( 'NONE', #881 ) ;
#5775 = FACE_OUTER_BOUND ( 'NONE', #3735, .T. ) ;
#5776 = ORIENTED_EDGE ( 'NONE', *, *, #4243, .F. ) ;
#5777 = AXIS2_PLACEMENT_3D ( 'NONE', #6502, #1512, #1978 ) ;
#5778 = CARTESIAN_POINT ( 'NONE',  ( 14.00000000000000000, 1.714505518806294638E-15, 17.39999999999999858 ) ) ;
#5779 = ORIENTED_EDGE ( 'NONE', *, *, #4755, .T. ) ;
#5780 = DIRECTION ( 'NONE',  ( -0.8660254037842718411, 0.5000000000002888800, 0.000000000000000000 ) ) ;
#5781 =( NAMED_UNIT ( * ) SI_UNIT ( $, .STERADIAN. ) SOLID_ANGLE_UNIT ( ) );
#5782 = DIRECTION ( 'NONE',  ( -0.000000000000000000, -0.000000000000000000, -1.000000000000000000 ) ) ;
#5783 = CARTESIAN_POINT ( 'NONE',  ( 2.571292684593538953E-15, 30.99722451333923345, 0.000000000000000000 ) ) ;
#5784 = FACE_OUTER_BOUND ( 'NONE', #3059, .T. ) ;
#5785 = AXIS2_PLACEMENT_3D ( 'NONE', #5143, #3660, #122 ) ;
#5786 = CARTESIAN_POINT ( 'NONE',  ( -8.250000000000000000, 0.000000000000000000, 0.7500000000000006661 ) ) ;
#5787 = DIRECTION ( 'NONE',  ( -8.295235218517768465E-17, -1.000000000000000000, -0.000000000000000000 ) ) ;
#5788 = ORIENTED_EDGE ( 'NONE', *, *, #726, .T. ) ;
#5789 = VECTOR ( 'NONE', #1036, 1000.000000000000114 ) ;
#5790 = DIRECTION ( 'NONE',  ( 0.000000000000000000, -1.000000000000000000, 0.000000000000000000 ) ) ;
#5791 = LINE ( 'NONE', #5197, #6431 ) ;
#5792 = AXIS2_PLACEMENT_3D ( 'NONE', #2281, #4301, #344 ) ;
#5793 = CARTESIAN_POINT ( 'NONE',  ( 19.50000000002821210, 44.82836574506470129, 0.000000000000000000 ) ) ;
#5794 = CARTESIAN_POINT ( 'NONE',  ( 9.000000000000001776, -11.19999999999999929, 9.000000000000000000 ) ) ;
#5795 = LINE ( 'NONE', #3258, #3419 ) ;
#5796 = AXIS2_PLACEMENT_3D ( 'NONE', #4320, #3261, #5663 ) ;
#5797 = DIRECTION ( 'NONE',  ( 1.022466556597827761E-15, 1.000000000000000000, 0.000000000000000000 ) ) ;
#5798 = ADVANCED_FACE ( 'NONE', ( #3424 ), #3585, .T. ) ;
#5799 = VERTEX_POINT ( 'NONE', #1906 ) ;
#5800 = ORIENTED_EDGE ( 'NONE', *, *, #6296, .F. ) ;
#5801 = AXIS2_PLACEMENT_3D ( 'NONE', #3854, #4834, #3451 ) ;
#5802 = EDGE_CURVE ( 'NONE', #5644, #466, #3929, .T. ) ;
#5803 = ADVANCED_FACE ( 'NONE', ( #5960, #1441 ), #6091, .F. ) ;
#5804 = AXIS2_PLACEMENT_3D ( 'NONE', #4135, #3741, #5748 ) ;
#5805 = PLANE ( 'NONE',  #1915 ) ;
#5806 = CIRCLE ( 'NONE', #2968, 4.837520861406831685 ) ;
#5807 = EDGE_CURVE ( 'NONE', #2970, #5349, #4533, .T. ) ;
#5808 = ADVANCED_FACE ( 'NONE', ( #4506, #1013 ), #1071, .T. ) ;
#5809 = DIRECTION ( 'NONE',  ( -1.000000000000000000, 0.000000000000000000, -0.000000000000000000 ) ) ;
#5810 = EDGE_LOOP ( 'NONE', ( #3794, #4875, #3531, #5396 ) ) ;
#5811 = CARTESIAN_POINT ( 'NONE',  ( 0.000000000000000000, 0.000000000000000000, 8.500000000000000000 ) ) ;
#5812 = ORIENTED_EDGE ( 'NONE', *, *, #2899, .T. ) ;
#5813 = FACE_OUTER_BOUND ( 'NONE', #1547, .T. ) ;
#5814 =( REPRESENTATION_RELATIONSHIP ('NONE','NONE', #1122, #464 ) REPRESENTATION_RELATIONSHIP_WITH_TRANSFORMATION ( #3394 )SHAPE_REPRESENTATION_RELATIONSHIP( ) );
#5815 = ORIENTED_EDGE ( 'NONE', *, *, #6522, .F. ) ;
#5816 = FACE_OUTER_BOUND ( 'NONE', #829, .T. ) ;
#5817 = FACE_BOUND ( 'NONE', #826, .T. ) ;
#5818 = AXIS2_PLACEMENT_3D ( 'NONE', #2994, #2617, #2085 ) ;
#5819 = CARTESIAN_POINT ( 'NONE',  ( 0.000000000000000000, 0.000000000000000000, 0.000000000000000000 ) ) ;
#5820 = FACE_OUTER_BOUND ( 'NONE', #1752, .T. ) ;
#5821 = DIRECTION ( 'NONE',  ( 1.000000000000000000, -6.434165940233234309E-18, 0.000000000000000000 ) ) ;
#5822 = CARTESIAN_POINT ( 'NONE',  ( 1.114488546691633598E-14, 10.90000000000001279, 0.000000000000000000 ) ) ;
#5823 = VERTEX_POINT ( 'NONE', #5069 ) ;
#5824 = CARTESIAN_POINT ( 'NONE',  ( 17.47810899155977893, 2.300000000000001599, 0.000000000000000000 ) ) ;
#5825 = CARTESIAN_POINT ( 'NONE',  ( -9.000000000000001776, -11.19999999999999929, 11.90000000000000568 ) ) ;
#5826 = AXIS2_PLACEMENT_3D ( 'NONE', #5480, #499, #2093 ) ;
#5827 = CARTESIAN_POINT ( 'NONE',  ( 0.000000000000000000, 0.000000000000000000, 0.000000000000000000 ) ) ;
#5828 = DIRECTION ( 'NONE',  ( 0.000000000000000000, 0.000000000000000000, -1.000000000000000000 ) ) ;
#5829 = LINE ( 'NONE', #847, #3622 ) ;
#5830 = APPROVAL_STATUS ( 'not_yet_approved' ) ;
#5831 = DIRECTION ( 'NONE',  ( 0.7071067811864306663, 0.7071067811866643682, 8.659560562355194168E-17 ) ) ;
#5832 = ORIENTED_EDGE ( 'NONE', *, *, #558, .F. ) ;
#5833 = EDGE_LOOP ( 'NONE', ( #3771, #1739, #235, #6055 ) ) ;
#5834 = CIRCLE ( 'NONE', #4685, 20.25000000002728839 ) ;
#5835 = EDGE_LOOP ( 'NONE', ( #1285, #5601, #3367, #4881 ) ) ;
#5836 = FACE_OUTER_BOUND ( 'NONE', #3501, .T. ) ;
#5837 = EDGE_CURVE ( 'NONE', #1797, #3727, #1377, .T. ) ;
#5838 = VECTOR ( 'NONE', #144, 999.9999999999998863 ) ;
#5839 = LINE ( 'NONE', #6340, #4617 ) ;
#5840 = ORIENTED_EDGE ( 'NONE', *, *, #1528, .T. ) ;
#5841 = CARTESIAN_POINT ( 'NONE',  ( 14.00000000002533973, 42.82836574506819716, -3.673940397445076768E-16 ) ) ;
#5842 = ORIENTED_EDGE ( 'NONE', *, *, #3036, .F. ) ;
#5843 = PRODUCT_DEFINITION ( '未知', '', #3646, #1382 ) ;
#5844 = ADVANCED_FACE ( 'NONE', ( #4604 ), #1100, .T. ) ;
#5845 = FACE_OUTER_BOUND ( 'NONE', #4925, .T. ) ;
#5846 = EDGE_CURVE ( 'NONE', #5678, #5706, #851, .T. ) ;
#5847 = EDGE_CURVE ( 'NONE', #3378, #3341, #3167, .T. ) ;
#5848 = EDGE_LOOP ( 'NONE', ( #2039, #4139 ) ) ;
#5849 = DIRECTION ( 'NONE',  ( -1.000000000000000000, -6.434165940233234309E-18, -0.000000000000000000 ) ) ;
#5850 = CARTESIAN_POINT ( 'NONE',  ( 0.000000000000000000, 0.000000000000000000, 0.000000000000000000 ) ) ;
#5851 = DIRECTION ( 'NONE',  ( 1.000000000000000000, -7.392287539598868826E-17, 0.000000000000000000 ) ) ;
#5852 = AXIS2_PLACEMENT_3D ( 'NONE', #4306, #5327, #311 ) ;
#5853 = DIRECTION ( 'NONE',  ( 0.8660254037844368202, -0.5000000000000032196, 6.123233995736804246E-17 ) ) ;
#5854 = AXIS2_PLACEMENT_3D ( 'NONE', #1829, #3785, #5790 ) ;
#5855 = EDGE_CURVE ( 'NONE', #6426, #3401, #2531, .T. ) ;
#5856 = DIRECTION ( 'NONE',  ( 0.000000000000000000, 0.000000000000000000, 1.000000000000000000 ) ) ;
#5857 = CARTESIAN_POINT ( 'NONE',  ( -9.000000000000001776, -1.199999999999999734, 6.500000000000000888 ) ) ;
#5858 = VERTEX_POINT ( 'NONE', #552 ) ;
#5859 = AXIS2_PLACEMENT_3D ( 'NONE', #5054, #5491, #4988 ) ;
#5860 = DIRECTION ( 'NONE',  ( 1.000000000000000000, 0.000000000000000000, 0.000000000000000000 ) ) ;
#5861 = FACE_BOUND ( 'NONE', #4548, .T. ) ;
#5862 = FACE_OUTER_BOUND ( 'NONE', #4696, .T. ) ;
#5863 = CARTESIAN_POINT ( 'NONE',  ( 12.95000000000000817, 8.900000000000014566, 13.44999999999999929 ) ) ;
#5864 = VECTOR ( 'NONE', #3845, 1000.000000000000000 ) ;
#5865 = PRODUCT_DEFINITION_SHAPE ( 'NONE', 'NONE',  #5447 ) ;
#5866 = CIRCLE ( 'NONE', #3017, 2.990000000000000213 ) ;
#5867 = MANIFOLD_SOLID_BREP ( '镜向7', #5750 ) ;
#5868 = CARTESIAN_POINT ( 'NONE',  ( -4.593994481326528196E-17, 7.139999999999998792, -8.743978145912100780E-16 ) ) ;
#5869 = DATE_AND_TIME ( #5370, #4282 ) ;
#5870 = LOCAL_TIME ( 18, 8, 39.00000000000000000, #5231 ) ;
#5871 = FACE_OUTER_BOUND ( 'NONE', #250, .T. ) ;
#5872 = ORIENTED_EDGE ( 'NONE', *, *, #557, .T. ) ;
#5873 = ORIENTED_EDGE ( 'NONE', *, *, #1926, .F. ) ;
#5874 = VERTEX_POINT ( 'NONE', #1595 ) ;
#5875 = AXIS2_PLACEMENT_3D ( 'NONE', #6252, #4729, #1723 ) ;
#5876 = LINE ( 'NONE', #2305, #2019 ) ;
#5877 = FACE_OUTER_BOUND ( 'NONE', #295, .T. ) ;
#5878 = VERTEX_POINT ( 'NONE', #6027 ) ;
#5879 = DIRECTION ( 'NONE',  ( -0.000000000000000000, -0.000000000000000000, -1.000000000000000000 ) ) ;
#5880 = ORIENTED_EDGE ( 'NONE', *, *, #2213, .F. ) ;
#5881 = PERSON ( 'NAUO-PER2', 'UNSPECIFIED', 'UNSPECIFIED', ('UNSPECIFIED'), ('UNSPECIFIED'), ('UNSPECIFIED') ) ;
#5882 = CIRCLE ( 'NONE', #3037, 2.899999999999999911 ) ;
#5883 = CARTESIAN_POINT ( 'NONE',  ( -10.29937642222028238, 10.76095675043755584, 2.496735888417508153 ) ) ;
#5884 = ORIENTED_EDGE ( 'NONE', *, *, #1518, .F. ) ;
#5885 = CARTESIAN_POINT ( 'NONE',  ( -19.50000000002637535, 37.82836574506541183, 0.000000000000000000 ) ) ;
#5886 = DIRECTION ( 'NONE',  ( 1.000000000000000000, 0.000000000000000000, 0.000000000000000000 ) ) ;
#5887 = EDGE_CURVE ( 'NONE', #824, #1660, #743, .T. ) ;
#5888 = DIRECTION ( 'NONE',  ( -1.000000000000000000, 6.434165940233234309E-18, -0.000000000000000000 ) ) ;
#5889 = AXIS2_PLACEMENT_3D ( 'NONE', #5147, #5743, #631 ) ;
#5890 = EDGE_CURVE ( 'NONE', #536, #1812, #6010, .T. ) ;
#5891 = ADVANCED_FACE ( 'NONE', ( #3586 ), #2851, .F. ) ;
#5892 = DIRECTION ( 'NONE',  ( -1.000000000000000000, 7.903365775732809772E-17, 0.000000000000000000 ) ) ;
#5893 = FACE_OUTER_BOUND ( 'NONE', #4874, .T. ) ;
#5894 = VERTEX_POINT ( 'NONE', #3492 ) ;
#5895 = CARTESIAN_POINT ( 'NONE',  ( -9.780184070515433703, 11.66022428249151766, 15.01312200162833221 ) ) ;
#5896 = FACE_OUTER_BOUND ( 'NONE', #2471, .T. ) ;
#5897 = EDGE_CURVE ( 'NONE', #5341, #4984, #6328, .T. ) ;
#5898 = DIRECTION ( 'NONE',  ( 1.000000000000000000, -1.070816960469482969E-16, 0.000000000000000000 ) ) ;
#5899 = LINE ( 'NONE', #289, #2765 ) ;
#5900 = FACE_OUTER_BOUND ( 'NONE', #1828, .T. ) ;
#5901 = DATE_TIME_ROLE ( 'classification_date' ) ;
#5902 = CIRCLE ( 'NONE', #5792, 15.59999999999999964 ) ;
#5903 = CARTESIAN_POINT ( 'NONE',  ( 16.44999999999999929, 6.299999999999999822, 0.000000000000000000 ) ) ;
#5904 = ORIENTED_EDGE ( 'NONE', *, *, #1567, .T. ) ;
#5905 = AXIS2_PLACEMENT_3D ( 'NONE', #6420, #944, #2959 ) ;
#5906 = ORIENTED_EDGE ( 'NONE', *, *, #1323, .F. ) ;
#5907 = VECTOR ( 'NONE', #3690, 1000.000000000000000 ) ;
#5908 = ORIENTED_EDGE ( 'NONE', *, *, #3138, .T. ) ;
#5909 = ORIENTED_EDGE ( 'NONE', *, *, #5494, .F. ) ;
#5910 = CARTESIAN_POINT ( 'NONE',  ( -6.234580980306466458, 14.30000000000002913, 14.77623956929659421 ) ) ;
#5911 = ORIENTED_EDGE ( 'NONE', *, *, #6090, .T. ) ;
#5912 = CARTESIAN_POINT ( 'NONE',  ( 0.000000000000000000, 0.000000000000000000, 0.000000000000000000 ) ) ;
#5913 = ORIENTED_EDGE ( 'NONE', *, *, #3923, .T. ) ;
#5914 = CARTESIAN_POINT ( 'NONE',  ( 0.000000000000000000, 0.000000000000000000, 15.69999999999999929 ) ) ;
#5915 = ORIENTED_EDGE ( 'NONE', *, *, #5569, .F. ) ;
#5916 = CARTESIAN_POINT ( 'NONE',  ( 28.79999999999999716, 4.606580753730955990, 5.641434375070416729E-16 ) ) ;
#5917 =( NAMED_UNIT ( * ) SI_UNIT ( $, .STERADIAN. ) SOLID_ANGLE_UNIT ( ) );
#5918 = CARTESIAN_POINT ( 'NONE',  ( 20.88243311013534509, 43.71079885517170283, 0.000000000000000000 ) ) ;
#5919 = CARTESIAN_POINT ( 'NONE',  ( 0.1083897543756197068, -0.3304673161057467001, 4.047057408917166709E-17 ) ) ;
#5920 = AXIS2_PLACEMENT_3D ( 'NONE', #2789, #2891, #421 ) ;
#5921 = DIRECTION ( 'NONE',  ( 1.000000000000000000, -8.295235218517768465E-17, 0.000000000000000000 ) ) ;
#5922 = DIRECTION ( 'NONE',  ( -1.000000000000000000, 6.434165940233234309E-18, -0.000000000000000000 ) ) ;
#5923 = ORIENTED_EDGE ( 'NONE', *, *, #5367, .T. ) ;
#5924 = FACE_OUTER_BOUND ( 'NONE', #5451, .T. ) ;
#5925 = EDGE_CURVE ( 'NONE', #2998, #2472, #5062, .T. ) ;
#5926 = EDGE_CURVE ( 'NONE', #5823, #4576, #3156, .T. ) ;
#5927 = LINE ( 'NONE', #3821, #3169 ) ;
#5928 = CARTESIAN_POINT ( 'NONE',  ( 9.000000000000001776, -1.199999999999999734, 6.500000000000000888 ) ) ;
#5929 = DIRECTION ( 'NONE',  ( -1.000000000000000000, 0.000000000000000000, 0.000000000000000000 ) ) ;
#5930 = LINE ( 'NONE', #2431, #1087 ) ;
#5931 = CC_DESIGN_PERSON_AND_ORGANIZATION_ASSIGNMENT ( #3227, #1632, ( #4812 ) ) ;
#5932 = ADVANCED_FACE ( 'NONE', ( #5301 ), #6149, .F. ) ;
#5933 = ADVANCED_FACE ( 'NONE', ( #247 ), #4961, .T. ) ;
#5934 = DIRECTION ( 'NONE',  ( -0.7071067811863871455, 0.7071067811867080000, 0.000000000000000000 ) ) ;
#5935 = ORIENTED_EDGE ( 'NONE', *, *, #5563, .F. ) ;
#5936 = ORIENTED_EDGE ( 'NONE', *, *, #5156, .F. ) ;
#5937 = ORIENTED_EDGE ( 'NONE', *, *, #3500, .T. ) ;
#5938 = DIRECTION ( 'NONE',  ( -1.022466556597827761E-15, -1.000000000000000000, -0.000000000000000000 ) ) ;
#5939 = ORIENTED_EDGE ( 'NONE', *, *, #2495, .F. ) ;
#5940 = EDGE_LOOP ( 'NONE', ( #6004, #5996 ) ) ;
#5941 = CARTESIAN_POINT ( 'NONE',  ( 13.43790002449754439, -5.324874410539210068, 2.241947972564329650 ) ) ;
#5942 = VECTOR ( 'NONE', #3361, 1000.000000000000000 ) ;
#5943 = ORIENTED_EDGE ( 'NONE', *, *, #4916, .T. ) ;
#5944 = FACE_OUTER_BOUND ( 'NONE', #2408, .T. ) ;
#5945 = CARTESIAN_POINT ( 'NONE',  ( -28.40000000000000213, -1.827303127026238599E-16, 0.000000000000000000 ) ) ;
#5946 = CARTESIAN_POINT ( 'NONE',  ( 0.000000000000000000, 0.000000000000000000, 0.7500000000000006661 ) ) ;
#5947 = CARTESIAN_POINT ( 'NONE',  ( 1.114488546691633598E-14, 10.90000000000001279, 0.000000000000000000 ) ) ;
#5948 = DIRECTION ( 'NONE',  ( -1.289757231209522150E-16, 1.318733635041948511E-31, -1.000000000000000000 ) ) ;
#5949 = VERTEX_POINT ( 'NONE', #3786 ) ;
#5950 = DIRECTION ( 'NONE',  ( 1.224646799147353207E-16, -1.252160395772745885E-31, 1.000000000000000000 ) ) ;
#5951 = CIRCLE ( 'NONE', #3428, 5.865000000000000213 ) ;
#5952 = DIRECTION ( 'NONE',  ( 1.000000000000000000, 0.000000000000000000, -1.224646799147351975E-16 ) ) ;
#5953 = DIRECTION ( 'NONE',  ( 0.000000000000000000, -0.7071067811865479058, -0.7071067811865471286 ) ) ;
#5954 = DIRECTION ( 'NONE',  ( 0.000000000000000000, -1.000000000000000000, 0.000000000000000000 ) ) ;
#5955 = EDGE_LOOP ( 'NONE', ( #1542, #4782, #4453, #1072 ) ) ;
#5956 = ORGANIZATION ( 'NAUO-ORG2', 'UNSPECIFIED', 'UNSPECIFIED' ) ;
#5957 = PERSON ( 'NAUO-PER1', 'UNSPECIFIED', 'UNSPECIFIED', ('UNSPECIFIED'), ('UNSPECIFIED'), ('UNSPECIFIED') ) ;
#5958 = CARTESIAN_POINT ( 'NONE',  ( 15.50145376427073529, 1.750694489103284512, 14.77623956929659421 ) ) ;
#5959 = CIRCLE ( 'NONE', #5437, 0.1999999999999090283 ) ;
#5960 = FACE_BOUND ( 'NONE', #5608, .T. ) ;
#5961 = EDGE_LOOP ( 'NONE', ( #1185, #3775, #2666 ) ) ;
#5962 = ORIENTED_EDGE ( 'NONE', *, *, #3189, .F. ) ;
#5963 = ADVANCED_FACE ( 'NONE', ( #1763 ), #5277, .F. ) ;
#5964 = AXIS2_PLACEMENT_3D ( 'NONE', #3092, #615, #112 ) ;
#5965 = APPROVAL_ROLE ( '' ) ;
#5966 = EDGE_CURVE ( 'NONE', #5115, #1399, #5656, .T. ) ;
#5967 = ADVANCED_FACE ( 'NONE', ( #2621 ), #3693, .T. ) ;
#5968 = ORGANIZATION ( '未指定', '未指定', '' ) ;
#5969 = ORIENTED_EDGE ( 'NONE', *, *, #5966, .T. ) ;
#5970 = ORIENTED_EDGE ( 'NONE', *, *, #5000, .F. ) ;
#5971 = AXIS2_PLACEMENT_3D ( 'NONE', #935, #2947, #4956 ) ;
#5972 = CARTESIAN_POINT ( 'NONE',  ( 9.000000000000001776, -10.80000000000001315, 9.000000000000000000 ) ) ;
#5973 = ORIENTED_EDGE ( 'NONE', *, *, #6080, .F. ) ;
#5974 = EDGE_CURVE ( 'NONE', #550, #5115, #5791, .T. ) ;
#5975 = VECTOR ( 'NONE', #2978, 1000.000000000000114 ) ;
#5976 = ORIENTED_EDGE ( 'NONE', *, *, #2494, .T. ) ;
#5977 = CARTESIAN_POINT ( 'NONE',  ( 12.13433212489666069, -7.582720243763788837, 2.172734599078106399 ) ) ;
#5978 = CONICAL_SURFACE ( 'NONE', #3769, 7.139999999999999680, 0.7853981633974479459 ) ;
#5979 = VERTEX_POINT ( 'NONE', #178 ) ;
#5980 = DIRECTION ( 'NONE',  ( -1.954828175079010964E-13, -1.000000000000000000, -0.000000000000000000 ) ) ;
#5981 = DIRECTION ( 'NONE',  ( 0.000000000000000000, 0.000000000000000000, 1.000000000000000000 ) ) ;
#5982 = CARTESIAN_POINT ( 'NONE',  ( -28.80000000000000426, -1.853039790787171530E-16, 0.000000000000000000 ) ) ;
#5983 = CARTESIAN_POINT ( 'NONE',  ( -9.000000000000001776, -1.199999999999999734, 9.000000000000000000 ) ) ;
#5984 = ORIENTED_EDGE ( 'NONE', *, *, #5156, .T. ) ;
#5985 = ORIENTED_EDGE ( 'NONE', *, *, #4243, .T. ) ;
#5986 = DIRECTION ( 'NONE',  ( -1.000000000000000000, 6.434165940233234309E-18, -0.000000000000000000 ) ) ;
#5987 = CARTESIAN_POINT ( 'NONE',  ( -15.50145376427073707, 1.750694489103297169, 14.77623956929659421 ) ) ;
#5988 = TOROIDAL_SURFACE ( 'NONE', #6410, 0.3304673161057445907, 1.969532683894253289 ) ;
#5989 = CARTESIAN_POINT ( 'NONE',  ( 12.95000000000000817, 8.900000000000014566, 13.44999999999999929 ) ) ;
#5990 = CARTESIAN_POINT ( 'NONE',  ( 0.000000000000000000, 0.000000000000000000, 17.69999999999999929 ) ) ;
#5991 = CARTESIAN_POINT ( 'NONE',  ( 0.000000000000000000, 0.000000000000000000, 17.69999999999999929 ) ) ;
#5992 = CYLINDRICAL_SURFACE ( 'NONE', #2870, 21.75000000002683009 ) ;
#5993 = AXIS2_PLACEMENT_3D ( 'NONE', #6098, #1182, #2632 ) ;
#5994 = DIRECTION ( 'NONE',  ( 0.000000000000000000, -1.000000000000000000, 0.000000000000000000 ) ) ;
#5995 = ORIENTED_EDGE ( 'NONE', *, *, #1453, .F. ) ;
#5996 = ORIENTED_EDGE ( 'NONE', *, *, #5766, .T. ) ;
#5997 = CIRCLE ( 'NONE', #6097, 12.09999999999999964 ) ;
#5998 = APPLICATION_PROTOCOL_DEFINITION ( 'international standard', 'config_control_design', 1994, #1081 ) ;
#5999 = AXIS2_PLACEMENT_3D ( 'NONE', #1823, #3844, #1327 ) ;
#6000 = CIRCLE ( 'NONE', #4946, 9.000000000026375346 ) ;
#6001 = EDGE_CURVE ( 'NONE', #3522, #5774, #5492, .T. ) ;
#6002 = ADVANCED_FACE ( 'NONE', ( #5726 ), #1626, .F. ) ;
#6003 = FACE_OUTER_BOUND ( 'NONE', #588, .T. ) ;
#6004 = ORIENTED_EDGE ( 'NONE', *, *, #2820, .T. ) ;
#6005 = VECTOR ( 'NONE', #1875, 1000.000000000000000 ) ;
#6006 = EDGE_LOOP ( 'NONE', ( #3851, #3404 ) ) ;
#6007 = EDGE_CURVE ( 'NONE', #56, #2001, #4744, .T. ) ;
#6008 = EDGE_CURVE ( 'NONE', #1363, #6503, #2002, .T. ) ;
#6009 = AXIS2_PLACEMENT_3D ( 'NONE', #3319, #6385, #4345 ) ;
#6010 = B_SPLINE_CURVE_WITH_KNOTS ( 'NONE', 3,
 ( #6054, #1506, #3520, #614, #2058, #4477, #1966, #1535, #5505, #5592, #3987, #3556 ),
 .UNSPECIFIED., .F., .F.,
 ( 4, 2, 2, 2, 2, 4 ),
 ( 2.343703155792884843E-07, 0.003125847235931076499, 0.006251460101546573583, 0.007814266534354323210, 0.009377072967162074571, 0.01250268583277757556 ),
 .UNSPECIFIED. ) ;
#6011 = ORIENTED_EDGE ( 'NONE', *, *, #4434, .F. ) ;
#6012 = DIRECTION ( 'NONE',  ( -1.000000000000000000, -6.434165940233234309E-18, 0.000000000000000000 ) ) ;
#6013 = DIRECTION ( 'NONE',  ( -8.295235218517768465E-17, -1.000000000000000000, -0.000000000000000000 ) ) ;
#6014 = CONICAL_SURFACE ( 'NONE', #2324, 14.00000000000000000, 0.7853981633974541632 ) ;
#6015 = CIRCLE ( 'NONE', #856, 20.25000000002728839 ) ;
#6016 = LINE ( 'NONE', #3537, #1944 ) ;
#6017 = VERTEX_POINT ( 'NONE', #2721 ) ;
#6018 = ORIENTED_EDGE ( 'NONE', *, *, #3998, .T. ) ;
#6019 = CARTESIAN_POINT ( 'NONE',  ( 9.000000000000001776, -1.199999999999999734, -9.000000000000000000 ) ) ;
#6020 = CONICAL_SURFACE ( 'NONE', #4027, 8.000000000026830094, 0.7853981633972214604 ) ;
#6021 = DIRECTION ( 'NONE',  ( 0.7071067811863873676, 0.7071067811867077779, 8.659560562352969334E-17 ) ) ;
#6022 = CARTESIAN_POINT ( 'NONE',  ( 15.50145376427073707, -1.750694489103267193, 17.69999999999999929 ) ) ;
#6023 = DIRECTION ( 'NONE',  ( -0.000000000000000000, -0.000000000000000000, -1.000000000000000000 ) ) ;
#6024 = DIRECTION ( 'NONE',  ( 1.000000000000000000, 0.000000000000000000, 0.000000000000000000 ) ) ;
#6025 = CARTESIAN_POINT ( 'NONE',  ( 2.571292684593538953E-15, 30.99722451333923345, 0.000000000000000000 ) ) ;
#6026 = ORIENTED_EDGE ( 'NONE', *, *, #4747, .F. ) ;
#6027 = CARTESIAN_POINT ( 'NONE',  ( 9.000000000000001776, -11.19999999999999929, 11.89999999999998437 ) ) ;
#6028 = EDGE_LOOP ( 'NONE', ( #3536, #5375, #3482, #4455 ) ) ;
#6029 = ORIENTED_EDGE ( 'NONE', *, *, #146, .F. ) ;
#6030 = CALENDAR_DATE ( 2026, 21, 4 ) ;
#6031 = ORIENTED_EDGE ( 'NONE', *, *, #4394, .F. ) ;
#6032 = CONICAL_SURFACE ( 'NONE', #2983, 18.23723113669791474, 1.047197551196595855 ) ;
#6033 = ORIENTED_EDGE ( 'NONE', *, *, #3719, .F. ) ;
#6034 = CARTESIAN_POINT ( 'NONE',  ( 2.764666333041210533E-15, 33.32836574506700345, 0.000000000000000000 ) ) ;
#6035 = ORIENTED_EDGE ( 'NONE', *, *, #5598, .F. ) ;
#6036 = DIRECTION ( 'NONE',  ( 1.000000000000000000, 0.000000000000000000, 0.000000000000000000 ) ) ;
#6037 = VERTEX_POINT ( 'NONE', #6256 ) ;
#6038 = CARTESIAN_POINT ( 'NONE',  ( -9.780184070515430150, -11.66022428249151233, 2.686877998371666187 ) ) ;
#6039 = EDGE_LOOP ( 'NONE', ( #4646, #1213 ) ) ;
#6040 = CC_DESIGN_DATE_AND_TIME_ASSIGNMENT ( #3127, #5765, ( #5126 ) ) ;
#6041 = EDGE_CURVE ( 'NONE', #3462, #4700, #212, .T. ) ;
#6042 = EDGE_CURVE ( 'NONE', #2602, #621, #4177, .T. ) ;
#6043 = CARTESIAN_POINT ( 'NONE',  ( 15.50145376427073707, -1.750694489103266749, 14.77623956929659421 ) ) ;
#6044 = EDGE_CURVE ( 'NONE', #2730, #2602, #214, .T. ) ;
#6045 = EDGE_LOOP ( 'NONE', ( #579, #3527 ) ) ;
#6046 = DIRECTION ( 'NONE',  ( -1.000000000000000000, -1.942890293094375336E-13, 0.000000000000000000 ) ) ;
#6047 = CARTESIAN_POINT ( 'NONE',  ( 12.95000000000000817, 8.900000000000014566, 13.44999999999999929 ) ) ;
#6048 = CARTESIAN_POINT ( 'NONE',  ( 17.47810899155977893, 0.000000000000000000, 0.000000000000000000 ) ) ;
#6049 = CARTESIAN_POINT ( 'NONE',  ( 0.000000000000000000, 0.000000000000000000, 14.77623956929659421 ) ) ;
#6050 = EDGE_CURVE ( 'NONE', #3898, #2678, #4766, .T. ) ;
#6051 = DIRECTION ( 'NONE',  ( 1.000000000000000000, 6.434165940233234309E-18, 0.000000000000000000 ) ) ;
#6052 = FACE_OUTER_BOUND ( 'NONE', #582, .T. ) ;
#6053 = CONICAL_SURFACE ( 'NONE', #6267, 4.606580753730955990, 0.5235987755982930425 ) ;
#6054 = CARTESIAN_POINT ( 'NONE',  ( 9.266872783964226201, 12.54930551089673330, 2.923760430703403301 ) ) ;
#6055 = ORIENTED_EDGE ( 'NONE', *, *, #5202, .F. ) ;
#6056 = EDGE_LOOP ( 'NONE', ( #4331, #4865, #3082, #992, #3288, #3483, #3310, #4478, #3663, #430 ) ) ;
#6057 = AXIS2_PLACEMENT_3D ( 'NONE', #3414, #5856, #775 ) ;
#6058 = AXIS2_PLACEMENT_3D ( 'NONE', #1398, #3415, #872 ) ;
#6059 = AXIS2_PLACEMENT_3D ( 'NONE', #708, #1690, #4627 ) ;
#6060 = DATE_AND_TIME ( #3592, #4595 ) ;
#6061 = LOCAL_TIME ( 18, 8, 39.00000000000000000, #3423 ) ;
#6062 = AXIS2_PLACEMENT_3D ( 'NONE', #2069, #5670, #4156 ) ;
#6063 = DIRECTION ( 'NONE',  ( -0.000000000000000000, -1.000000000000000000, -0.000000000000000000 ) ) ;
#6064 = ORIENTED_EDGE ( 'NONE', *, *, #1771, .T. ) ;
#6065 = AXIS2_PLACEMENT_3D ( 'NONE', #3221, #141, #2194 ) ;
#6066 = AXIS2_PLACEMENT_3D ( 'NONE', #5681, #1754, #3911 ) ;
#6067 = ORIENTED_EDGE ( 'NONE', *, *, #526, .T. ) ;
#6068 = AXIS2_PLACEMENT_3D ( 'NONE', #4204, #665, #6109 ) ;
#6069 = CARTESIAN_POINT ( 'NONE',  ( 11.08402608188115757, -9.401903673763252201, 2.303399611273857506 ) ) ;
#6070 = PRODUCT_DEFINITION_FORMATION_WITH_SPECIFIED_SOURCE ( '任何', '', #335, .NOT_KNOWN. ) ;
#6071 = ORIENTED_EDGE ( 'NONE', *, *, #1640, .T. ) ;
#6072 = DIRECTION ( 'NONE',  ( -1.237404653380196553E-16, 1.000000000000000000, 0.000000000000000000 ) ) ;
#6073 = CARTESIAN_POINT ( 'NONE',  ( 24.47999999999994358, 6.299999999999999822, 7.715274834628325378E-16 ) ) ;
#6074 = ORIENTED_EDGE ( 'NONE', *, *, #2569, .F. ) ;
#6075 = LINE ( 'NONE', #2451, #4903 ) ;
#6076 = VECTOR ( 'NONE', #2223, 1000.000000000000114 ) ;
#6077 = ADVANCED_FACE ( 'NONE', ( #4278 ), #955, .F. ) ;
#6078 = LINE ( 'NONE', #543, #370 ) ;
#6079 = CARTESIAN_POINT ( 'NONE',  ( 28.39999999999994529, 4.837520861406831685, 5.924254438730423592E-16 ) ) ;
#6080 = EDGE_CURVE ( 'NONE', #4941, #407, #2427, .T. ) ;
#6081 = CARTESIAN_POINT ( 'NONE',  ( -2.100000000025830094, 42.42836574506691250, 0.000000000000000000 ) ) ;
#6082 = ADVANCED_FACE ( 'NONE', ( #1299 ), #2326, .F. ) ;
#6083 = DIRECTION ( 'NONE',  ( -8.295235218517768465E-17, -1.000000000000000000, -0.000000000000000000 ) ) ;
#6084 = LINE ( 'NONE', #5589, #920 ) ;
#6085 = DIRECTION ( 'NONE',  ( 1.000000000000000000, -1.084202172481868278E-16, 0.000000000000000000 ) ) ;
#6086 = EDGE_LOOP ( 'NONE', ( #2007, #6400, #4570, #2945 ) ) ;
#6087 = EDGE_LOOP ( 'NONE', ( #1430, #3011 ) ) ;
#6088 = AXIS2_PLACEMENT_3D ( 'NONE', #3446, #1984, #1028 ) ;
#6089 = ADVANCED_FACE ( 'NONE', ( #1338 ), #1579, .T. ) ;
#6090 = EDGE_CURVE ( 'NONE', #3930, #4780, #4433, .T. ) ;
#6091 = PLANE ( 'NONE',  #4425 ) ;
#6092 = CARTESIAN_POINT ( 'NONE',  ( 3.428285150522725293E-15, 41.32836574506814031, 0.000000000000000000 ) ) ;
#6093 = ORIENTED_EDGE ( 'NONE', *, *, #2568, .T. ) ;
#6094 = APPROVAL_STATUS ( 'not_yet_approved' ) ;
#6095 = DIRECTION ( 'NONE',  ( 0.000000000000000000, -1.000000000000000000, 0.000000000000000000 ) ) ;
#6096 = EDGE_LOOP ( 'NONE', ( #3449, #5690, #3906, #3406 ) ) ;
#6097 = AXIS2_PLACEMENT_3D ( 'NONE', #2273, #4748, #4717 ) ;
#6098 = CARTESIAN_POINT ( 'NONE',  ( 0.000000000000000000, 0.000000000000000000, 0.000000000000000000 ) ) ;
#6099 = AXIS2_PLACEMENT_3D ( 'NONE', #5653, #3152, #6220 ) ;
#6100 = VECTOR ( 'NONE', #1156, 1000.000000000000114 ) ;
#6101 = DIRECTION ( 'NONE',  ( -1.022466556597827761E-15, -1.000000000000000000, -0.000000000000000000 ) ) ;
#6102 = DIRECTION ( 'NONE',  ( -1.000000000000000000, 0.000000000000000000, 0.000000000000000000 ) ) ;
#6103 = ORIENTED_EDGE ( 'NONE', *, *, #924, .F. ) ;
#6104 = LINE ( 'NONE', #3633, #1556 ) ;
#6105 = VECTOR ( 'NONE', #5406, 1000.000000000000000 ) ;
#6106 = ORIENTED_EDGE ( 'NONE', *, *, #3664, .F. ) ;
#6107 = LINE ( 'NONE', #5183, #3157 ) ;
#6108 = DIRECTION ( 'NONE',  ( 8.659560562354932858E-17, -0.7071067811865474617, 0.7071067811865474617 ) ) ;
#6109 = DIRECTION ( 'NONE',  ( 0.000000000000000000, 0.000000000000000000, -1.000000000000000000 ) ) ;
#6110 = AXIS2_PLACEMENT_3D ( 'NONE', #4799, #2393, #1401 ) ;
#6111 = CARTESIAN_POINT ( 'NONE',  ( 3.220904270059648886E-15, 38.82836574506654159, 0.000000000000000000 ) ) ;
#6112 = DIRECTION ( 'NONE',  ( -1.000000000000000000, -6.434165940233234309E-18, -0.000000000000000000 ) ) ;
#6113 = CIRCLE ( 'NONE', #4023, 4.837520861406831685 ) ;
#6114 = UNCERTAINTY_MEASURE_WITH_UNIT (LENGTH_MEASURE( 1.000000000000000082E-05 ), #2385, 'distance_accuracy_value', 'NONE');
#6115 = DIRECTION ( 'NONE',  ( -1.237404653380196553E-16, 1.000000000000000000, 0.000000000000000000 ) ) ;
#6116 = CYLINDRICAL_SURFACE ( 'NONE', #5818, 11.69999999999998863 ) ;
#6117 = ORIENTED_EDGE ( 'NONE', *, *, #5240, .F. ) ;
#6118 = ADVANCED_FACE ( 'NONE', ( #2926, #5861 ), #810, .F. ) ;
#6119 = COORDINATED_UNIVERSAL_TIME_OFFSET ( 8, 0, .AHEAD. ) ;
#6120 = DIRECTION ( 'NONE',  ( 0.000000000000000000, 1.000000000000000000, -1.224646799147352221E-16 ) ) ;
#6121 = ORIENTED_EDGE ( 'NONE', *, *, #1006, .F. ) ;
#6122 = DIRECTION ( 'NONE',  ( -1.000000000000000000, 0.000000000000000000, 0.000000000000000000 ) ) ;
#6123 = ORIENTED_EDGE ( 'NONE', *, *, #5289, .T. ) ;
#6124 = EDGE_CURVE ( 'NONE', #5070, #1679, #632, .T. ) ;
#6125 = CC_DESIGN_PERSON_AND_ORGANIZATION_ASSIGNMENT ( #953, #4572, ( #3549 ) ) ;
#6126 = ADVANCED_FACE ( 'NONE', ( #5896 ), #1478, .T. ) ;
#6127 = APPROVAL_ROLE ( '' ) ;
#6128 = EDGE_CURVE ( 'NONE', #5349, #163, #3390, .T. ) ;
#6129 = EDGE_CURVE ( 'NONE', #6503, #1363, #2320, .T. ) ;
#6130 = CARTESIAN_POINT ( 'NONE',  ( 7.349999999999998757, -1.247078193226541557E-15, 0.000000000000000000 ) ) ;
#6131 = AXIS2_PLACEMENT_3D ( 'NONE', #3868, #1842, #4849 ) ;
#6132 = VERTEX_POINT ( 'NONE', #6418 ) ;
#6133 = CARTESIAN_POINT ( 'NONE',  ( 20.00000000003143441, 42.82836574506819716, 0.000000000000000000 ) ) ;
#6134 = AXIS2_PLACEMENT_3D ( 'NONE', #716, #5168, #3684 ) ;
#6135 = DIRECTION ( 'NONE',  ( -0.000000000000000000, -0.000000000000000000, -1.000000000000000000 ) ) ;
#6136 = CARTESIAN_POINT ( 'NONE',  ( 0.000000000000000000, 0.000000000000000000, 17.69999999999999929 ) ) ;
#6137 = ORIENTED_EDGE ( 'NONE', *, *, #5325, .T. ) ;
#6138 = DIRECTION ( 'NONE',  ( -1.022466556597827761E-15, -1.000000000000000000, -0.000000000000000000 ) ) ;
#6139 = ORIENTED_EDGE ( 'NONE', *, *, #3189, .T. ) ;
#6140 = DIRECTION ( 'NONE',  ( -1.000000000000000000, -6.434165940233234309E-18, -0.000000000000000000 ) ) ;
#6141 = DIRECTION ( 'NONE',  ( 0.000000000000000000, -0.000000000000000000, -1.000000000000000000 ) ) ;
#6142 = DIRECTION ( 'NONE',  ( 0.7071067811865524577, 0.000000000000000000, -0.7071067811865426878 ) ) ;
#6143 = DIRECTION ( 'NONE',  ( -8.295235218517768465E-17, -1.000000000000000000, -0.000000000000000000 ) ) ;
#6144 = CARTESIAN_POINT ( 'NONE',  ( 13.44999999999999751, 8.900000000000014566, -13.44999999999999929 ) ) ;
#6145 = DIRECTION ( 'NONE',  ( 1.000000000000000000, 0.000000000000000000, 0.000000000000000000 ) ) ;
#6146 = DIRECTION ( 'NONE',  ( 0.000000000000000000, -1.000000000000000000, 0.000000000000000000 ) ) ;
#6147 = ORIENTED_EDGE ( 'NONE', *, *, #2780, .F. ) ;
#6148 = PERSON_AND_ORGANIZATION ( #3131, #5968 ) ;
#6149 = CYLINDRICAL_SURFACE ( 'NONE', #2215, 12.09999999999999964 ) ;
#6150 = ORIENTED_EDGE ( 'NONE', *, *, #5627, .F. ) ;
#6151 = CARTESIAN_POINT ( 'NONE',  ( 9.000000000000001776, -1.199999999999999734, -6.500000000000000888 ) ) ;
#6152 = ORIENTED_EDGE ( 'NONE', *, *, #1933, .F. ) ;
#6153 = DIRECTION ( 'NONE',  ( 0.7071067811865398012, -0.7071067811865552333, 0.000000000000000000 ) ) ;
#6154 = DATE_AND_TIME ( #3759, #6391 ) ;
#6155 = CARTESIAN_POINT ( 'NONE',  ( 9.000000000000001776, -1.199999999999999734, 6.500000000000000888 ) ) ;
#6156 = ADVANCED_FACE ( 'NONE', ( #4934 ), #1480, .T. ) ;
#6157 = CIRCLE ( 'NONE', #6057, 13.70000000000000107 ) ;
#6158 = CIRCLE ( 'NONE', #5522, 7.800000000027012881 ) ;
#6159 = CONICAL_SURFACE ( 'NONE', #3632, 2.499999999999547917, 1.047197551196068721 ) ;
#6160 = VERTEX_POINT ( 'NONE', #3920 ) ;
#6161 = ADVANCED_FACE ( 'NONE', ( #418 ), #6014, .T. ) ;
#6162 = EDGE_CURVE ( 'NONE', #3512, #5894, #5927, .T. ) ;
#6163 = DIRECTION ( 'NONE',  ( 0.000000000000000000, 0.000000000000000000, 1.000000000000000000 ) ) ;
#6164 = CIRCLE ( 'NONE', #1526, 8.250000000000000000 ) ;
#6165 = EDGE_CURVE ( 'NONE', #2180, #3558, #3418, .T. ) ;
#6166 = AXIS2_PLACEMENT_3D ( 'NONE', #5030, #545, #4996 ) ;
#6167 = CARTESIAN_POINT ( 'NONE',  ( -9.266872783964249294, 12.54930551089671553, 17.69999999999999929 ) ) ;
#6168 = EDGE_LOOP ( 'NONE', ( #3317, #4000, #4323, #6210 ) ) ;
#6169 = CARTESIAN_POINT ( 'NONE',  ( 0.000000000000000000, 0.000000000000000000, 14.77623956929659421 ) ) ;
#6170 = VECTOR ( 'NONE', #124, 1000.000000000000000 ) ;
#6171 = ORIENTED_EDGE ( 'NONE', *, *, #5448, .T. ) ;
#6172 = LINE ( 'NONE', #734, #4091 ) ;
#6173 = APPROVAL_PERSON_ORGANIZATION ( #3689, #5561, #6127 ) ;
#6174 = EDGE_LOOP ( 'NONE', ( #392, #4288, #416, #507 ) ) ;
#6175 = DIRECTION ( 'NONE',  ( -8.295235218517768465E-17, -1.000000000000000000, -0.000000000000000000 ) ) ;
#6176 = CARTESIAN_POINT ( 'NONE',  ( 28.40000000000000213, 0.000000000000000000, 0.000000000000000000 ) ) ;
#6177 = DIRECTION ( 'NONE',  ( 1.000000000000000000, -1.022466556597827761E-15, 0.000000000000000000 ) ) ;
#6178 = CARTESIAN_POINT ( 'NONE',  ( 25.65999999999994685, -1.651006980263844570E-16, 0.000000000000000000 ) ) ;
#6179 = CARTESIAN_POINT ( 'NONE',  ( -14.00000000000000000, 0.000000000000000000, 15.69999999999999929 ) ) ;
#6180 = VERTEX_POINT ( 'NONE', #5825 ) ;
#6181 = AXIS2_PLACEMENT_3D ( 'NONE', #6441, #2448, #5423 ) ;
#6182 = AXIS2_PLACEMENT_3D ( 'NONE', #5190, #669, #5129 ) ;
#6183 = FACE_OUTER_BOUND ( 'NONE', #3232, .T. ) ;
#6184 = CARTESIAN_POINT ( 'NONE',  ( 1.244285282774646521E-17, 0.1499999999996360633, 0.000000000000000000 ) ) ;
#6185 = ORIENTED_EDGE ( 'NONE', *, *, #2733, .T. ) ;
#6186 = DIRECTION ( 'NONE',  ( -1.000000000000000000, 1.022466556597827761E-15, 0.000000000000000000 ) ) ;
#6187 = CYLINDRICAL_SURFACE ( 'NONE', #6065, 12.69999999999998508 ) ;
#6188 = DIRECTION ( 'NONE',  ( -8.295235218517768465E-17, -1.000000000000000000, -0.000000000000000000 ) ) ;
#6189 = ORIENTED_EDGE ( 'NONE', *, *, #3103, .F. ) ;
#6190 = CIRCLE ( 'NONE', #3355, 20.25000000002649614 ) ;
#6191 = DIRECTION ( 'NONE',  ( -1.000000000000000000, 0.000000000000000000, 0.000000000000000000 ) ) ;
#6192 = PERSON_AND_ORGANIZATION_ROLE ( 'classification_officer' ) ;
#6193 = DIRECTION ( 'NONE',  ( -1.000000000000000000, 7.903365775732809772E-17, 0.000000000000000000 ) ) ;
#6194 = EDGE_LOOP ( 'NONE', ( #5081, #1808, #5734, #4773 ) ) ;
#6195 = ORIENTED_EDGE ( 'NONE', *, *, #3506, .T. ) ;
#6196 = CIRCLE ( 'NONE', #2719, 12.09999999999999964 ) ;
#6197 = DIRECTION ( 'NONE',  ( 1.000000000000000000, 6.434165940233234309E-18, 0.000000000000000000 ) ) ;
#6198 = EDGE_CURVE ( 'NONE', #1180, #5878, #843, .T. ) ;
#6199 = EDGE_CURVE ( 'NONE', #4508, #428, #351, .T. ) ;
#6200 = LINE ( 'NONE', #3202, #3447 ) ;
#6201 = EDGE_LOOP ( 'NONE', ( #6438, #3090, #1538, #3692 ) ) ;
#6202 = DIRECTION ( 'NONE',  ( -1.954828175079010964E-13, -1.000000000000000000, -0.000000000000000000 ) ) ;
#6203 = ORIENTED_EDGE ( 'NONE', *, *, #478, .F. ) ;
#6204 = ADVANCED_FACE ( 'NONE', ( #5399 ), #3015, .T. ) ;
#6205 = EDGE_CURVE ( 'NONE', #2178, #4576, #4500, .T. ) ;
#6206 = DIRECTION ( 'NONE',  ( -1.022466556597827761E-15, -1.000000000000000000, -0.000000000000000000 ) ) ;
#6207 = AXIS2_PLACEMENT_3D ( 'NONE', #159, #696, #3135 ) ;
#6208 = CIRCLE ( 'NONE', #528, 6.299999999999999822 ) ;
#6209 = EDGE_CURVE ( 'NONE', #5497, #6160, #2076, .T. ) ;
#6210 = ORIENTED_EDGE ( 'NONE', *, *, #2951, .F. ) ;
#6211 = CARTESIAN_POINT ( 'NONE',  ( -11.89999999999998082, 10.90000000000002345, 0.000000000000000000 ) ) ;
#6212 = AXIS2_PLACEMENT_3D ( 'NONE', #6283, #5191, #5689 ) ;
#6213 = CARTESIAN_POINT ( 'NONE',  ( -13.43790002449754617, -5.324874410539217173, 15.45805202743566475 ) ) ;
#6214 = CARTESIAN_POINT ( 'NONE',  ( 11.69999999999999929, 9.400000000000002132, 0.000000000000000000 ) ) ;
#6215 = CARTESIAN_POINT ( 'NONE',  ( -13.69999999999999751, 1.696135816819084011E-15, 0.000000000000000000 ) ) ;
#6216 = CARTESIAN_POINT ( 'NONE',  ( -20.25000000002728484, 42.82836574506814031, 2.571758278212894900E-15 ) ) ;
#6217 = ORIENTED_EDGE ( 'NONE', *, *, #2012, .F. ) ;
#6218 = CIRCLE ( 'NONE', #429, 11.69999999999998863 ) ;
#6219 = DIRECTION ( 'NONE',  ( 1.000000000000000000, -8.295235218517768465E-17, 0.000000000000000000 ) ) ;
#6220 = DIRECTION ( 'NONE',  ( 0.000000000000000000, 0.000000000000000000, -1.000000000000000000 ) ) ;
#6221 = ORIENTED_EDGE ( 'NONE', *, *, #3436, .T. ) ;
#6222 = AXIS2_PLACEMENT_3D ( 'NONE', #3647, #647, #747 ) ;
#6223 = APPROVAL_STATUS ( 'not_yet_approved' ) ;
#6224 = DIRECTION ( 'NONE',  ( -1.000000000000000000, 0.000000000000000000, 0.000000000000000000 ) ) ;
#6225 = DIRECTION ( 'NONE',  ( -0.000000000000000000, -0.000000000000000000, -1.000000000000000000 ) ) ;
#6226 = CARTESIAN_POINT ( 'NONE',  ( 28.40000000000000213, -1.827303127026238599E-16, 0.000000000000000000 ) ) ;
#6227 = ORIENTED_EDGE ( 'NONE', *, *, #5037, .T. ) ;
#6228 = CARTESIAN_POINT ( 'NONE',  ( 5.830194705710970871E-16, 7.028365745067730153, 0.000000000000000000 ) ) ;
#6229 = DATE_AND_TIME ( #2096, #592 ) ;
#6230 = VECTOR ( 'NONE', #2645, 1000.000000000000000 ) ;
#6231 = CARTESIAN_POINT ( 'NONE',  ( -2.100000000025830094, 42.42836574506691250, 2.571758278241078730E-16 ) ) ;
#6232 = VERTEX_POINT ( 'NONE', #5987 ) ;
#6233 = AXIS2_PLACEMENT_3D ( 'NONE', #132, #6112, #3640 ) ;
#6234 = ORIENTED_EDGE ( 'NONE', *, *, #5766, .F. ) ;
#6235 = CARTESIAN_POINT ( 'NONE',  ( -12.95000000000000817, 8.900000000000041211, -13.44999999999999929 ) ) ;
#6236 = DIRECTION ( 'NONE',  ( -1.000000000000000000, 6.434165940233234309E-18, 0.000000000000000000 ) ) ;
#6237 = ORIENTED_EDGE ( 'NONE', *, *, #1519, .F. ) ;
#6238 = DIRECTION ( 'NONE',  ( 1.000000000000000000, 6.434165940233234309E-18, 0.000000000000000000 ) ) ;
#6239 = EDGE_LOOP ( 'NONE', ( #6306, #4932 ) ) ;
#6240 = DIRECTION ( 'NONE',  ( -1.000000000000000000, 0.000000000000000000, 0.000000000000000000 ) ) ;
#6241 = EDGE_LOOP ( 'NONE', ( #2966, #4950 ) ) ;
#6242 = DIRECTION ( 'NONE',  ( -0.8660254037844385966, -0.5000000000000002220, 0.000000000000000000 ) ) ;
#6243 = CARTESIAN_POINT ( 'NONE',  ( -9.781195606481912108, -11.65847225080388050, 15.01358880433931553 ) ) ;
#6244 = CARTESIAN_POINT ( 'NONE',  ( -21.75000000002910738, 41.32836574506814031, 2.663606788149057885E-15 ) ) ;
#6245 = APPROVAL ( #6094, '未指定' ) ;
#6246 = EDGE_CURVE ( 'NONE', #6260, #3945, #3514, .T. ) ;
#6247 = CARTESIAN_POINT ( 'NONE',  ( 17.00000000002682654, 37.82836574506590210, 0.000000000000000000 ) ) ;
#6248 = LINE ( 'NONE', #5649, #1214 ) ;
#6249 = ADVANCED_FACE ( 'NONE', ( #3485 ), #4532, .T. ) ;
#6250 = CIRCLE ( 'NONE', #1821, 15.59999999999999964 ) ;
#6251 = EDGE_CURVE ( 'NONE', #2908, #3223, #3574, .T. ) ;
#6252 = CARTESIAN_POINT ( 'NONE',  ( 1.819990470744134278E-14, 17.80000000000001137, 0.000000000000000000 ) ) ;
#6253 = DIRECTION ( 'NONE',  ( -8.295235218517768465E-17, -1.000000000000000000, -0.000000000000000000 ) ) ;
#6254 = ORIENTED_EDGE ( 'NONE', *, *, #4069, .F. ) ;
#6255 = DATE_TIME_ROLE ( 'classification_date' ) ;
#6256 = CARTESIAN_POINT ( 'NONE',  ( -14.00000000000000000, 0.000000000000000000, 17.39999999999999858 ) ) ;
#6257 = EDGE_CURVE ( 'NONE', #5271, #2477, #5526, .T. ) ;
#6258 = DIRECTION ( 'NONE',  ( -1.000000000000000000, 0.000000000000000000, 0.000000000000000000 ) ) ;
#6259 = FACE_OUTER_BOUND ( 'NONE', #4162, .T. ) ;
#6260 = VERTEX_POINT ( 'NONE', #942 ) ;
#6261 = CYLINDRICAL_SURFACE ( 'NONE', #6467, 2.499999999999998668 ) ;
#6262 = APPROVAL_DATE_TIME ( #2726, #5561 ) ;
#6263 = VECTOR ( 'NONE', #6153, 1000.000000000000000 ) ;
#6264 = ORIENTED_EDGE ( 'NONE', *, *, #3658, .F. ) ;
#6265 = ORIENTED_EDGE ( 'NONE', *, *, #1202, .F. ) ;
#6266 = CARTESIAN_POINT ( 'NONE',  ( 0.000000000000000000, 0.3000000000001816769, 0.000000000000000000 ) ) ;
#6267 = AXIS2_PLACEMENT_3D ( 'NONE', #4933, #2786, #4344 ) ;
#6268 = FACE_OUTER_BOUND ( 'NONE', #447, .T. ) ;
#6269 = ORIENTED_EDGE ( 'NONE', *, *, #3583, .F. ) ;
#6270 = PLANE ( 'NONE',  #1743 ) ;
#6271 = ORIENTED_EDGE ( 'NONE', *, *, #63, .F. ) ;
#6272 = CONICAL_SURFACE ( 'NONE', #5215, 8.999999999999998224, 0.7853981633974459475 ) ;
#6273 = CARTESIAN_POINT ( 'NONE',  ( -12.91802797970445660, 6.225319205555584823, 2.174177530669385128 ) ) ;
#6274 = VERTEX_POINT ( 'NONE', #2457 ) ;
#6275 = CARTESIAN_POINT ( 'NONE',  ( 3.086602540379317805, 0.1499999999996358413, 4.369908728931868802E-16 ) ) ;
#6276 = CARTESIAN_POINT ( 'NONE',  ( -13.45000000000000107, 17.80000000000000071, -12.95000000000001350 ) ) ;
#6277 = CYLINDRICAL_SURFACE ( 'NONE', #5538, 6.065000000000000391 ) ;
#6278 = DIRECTION ( 'NONE',  ( 1.954828175079010964E-13, 1.000000000000000000, 0.000000000000000000 ) ) ;
#6279 = DIRECTION ( 'NONE',  ( -0.7071067811865516806, 8.659560562354983395E-17, 0.7071067811865434649 ) ) ;
#6280 = AXIS2_PLACEMENT_3D ( 'NONE', #81, #3615, #2591 ) ;
#6281 = AXIS2_PLACEMENT_3D ( 'NONE', #6176, #2415, #3346 ) ;
#6282 = CARTESIAN_POINT ( 'NONE',  ( 24.47999999999994714, -1.575083822169092423E-16, 0.000000000000000000 ) ) ;
#6283 = CARTESIAN_POINT ( 'NONE',  ( -24.47999999999994714, -1.575083822169092423E-16, 0.000000000000000000 ) ) ;
#6284 = ORIENTED_EDGE ( 'NONE', *, *, #645, .F. ) ;
#6285 = ADVANCED_FACE ( 'NONE', ( #69 ), #5639, .T. ) ;
#6286 = CARTESIAN_POINT ( 'NONE',  ( -11.33042652373743664, 8.975125589460789755, 15.45805202743565943 ) ) ;
#6287 = EDGE_CURVE ( 'NONE', #4846, #2472, #6488, .T. ) ;
#6288 = EDGE_CURVE ( 'NONE', #5729, #2070, #1633, .T. ) ;
#6289 = CC_DESIGN_APPROVAL ( #6245, ( #3549 ) ) ;
#6290 = DIRECTION ( 'NONE',  ( -0.000000000000000000, -0.000000000000000000, -1.000000000000000000 ) ) ;
#6291 = CONICAL_SURFACE ( 'NONE', #1339, 2.499999999999998668, 0.7853981633974477239 ) ;
#6292 = CARTESIAN_POINT ( 'NONE',  ( 0.000000000000000000, 0.000000000000000000, 17.69999999999999929 ) ) ;
#6293 = DIRECTION ( 'NONE',  ( -0.000000000000000000, -0.000000000000000000, -1.000000000000000000 ) ) ;
#6294 = LINE ( 'NONE', #1768, #3314 ) ;
#6295 = APPROVAL_DATE_TIME ( #6390, #1366 ) ;
#6296 = EDGE_CURVE ( 'NONE', #4780, #2070, #4970, .T. ) ;
#6297 = EDGE_CURVE ( 'NONE', #6447, #5341, #1587, .T. ) ;
#6298 = CONICAL_SURFACE ( 'NONE', #6397, 12.69999999999998685, 0.7853981633974396193 ) ;
#6299 = CARTESIAN_POINT ( 'NONE',  ( 9.000000000000001776, -10.80000000000001315, 6.500000000000000888 ) ) ;
#6300 = ORIENTED_EDGE ( 'NONE', *, *, #1864, .F. ) ;
#6301 = ORIENTED_EDGE ( 'NONE', *, *, #3389, .T. ) ;
#6302 = DIRECTION ( 'NONE',  ( 1.000000000000000000, 1.231304080816852664E-16, -0.000000000000000000 ) ) ;
#6303 = DIRECTION ( 'NONE',  ( 0.000000000000000000, -1.000000000000000000, 0.000000000000000000 ) ) ;
#6304 = EDGE_LOOP ( 'NONE', ( #3756, #2086, #6031 ) ) ;
#6305 = CARTESIAN_POINT ( 'NONE',  ( 13.69999999999999751, 0.000000000000000000, 0.000000000000000000 ) ) ;
#6306 = ORIENTED_EDGE ( 'NONE', *, *, #3065, .F. ) ;
#6307 = AXIS2_PLACEMENT_3D ( 'NONE', #2663, #655, #4644 ) ;
#6308 = DIRECTION ( 'NONE',  ( -8.295235218517768465E-17, -1.000000000000000000, -0.000000000000000000 ) ) ;
#6309 = ORIENTED_EDGE ( 'NONE', *, *, #841, .T. ) ;
#6310 = DIRECTION ( 'NONE',  ( -0.000000000000000000, -1.000000000000000000, -0.000000000000000000 ) ) ;
#6311 = DIRECTION ( 'NONE',  ( 0.000000000000000000, 1.000000000000000000, 0.000000000000000000 ) ) ;
#6312 = DIRECTION ( 'NONE',  ( -8.295235218517768465E-17, -1.000000000000000000, -0.000000000000000000 ) ) ;
#6313 = DIRECTION ( 'NONE',  ( -0.000000000000000000, -1.000000000000000000, -0.000000000000000000 ) ) ;
#6314 = DIRECTION ( 'NONE',  ( 0.000000000000000000, -1.000000000000000000, 0.000000000000000000 ) ) ;
#6315 = AXIS2_PLACEMENT_3D ( 'NONE', #2737, #6236, #3237 ) ;
#6316 = CYLINDRICAL_SURFACE ( 'NONE', #2151, 5.674999999999999822 ) ;
#6317 = CARTESIAN_POINT ( 'NONE',  ( 7.349999999999998757, -1.247078193226541557E-15, 0.000000000000000000 ) ) ;
#6318 = EDGE_LOOP ( 'NONE', ( #2986, #1135, #31, #1353 ) ) ;
#6319 = VECTOR ( 'NONE', #1621, 1000.000000000000000 ) ;
#6320 = CARTESIAN_POINT ( 'NONE',  ( -13.68430046635380748, 4.898096326236761833, 15.39660038872613512 ) ) ;
#6321 = CARTESIAN_POINT ( 'NONE',  ( 0.000000000000000000, 0.000000000000000000, 0.2999999999999999334 ) ) ;
#6322 = AXIS2_PLACEMENT_3D ( 'NONE', #3897, #816, #916 ) ;
#6323 = CARTESIAN_POINT ( 'NONE',  ( -13.44999999999999929, -6.065000000000000391, 0.000000000000000000 ) ) ;
#6324 = CARTESIAN_POINT ( 'NONE',  ( -28.79999999999999716, 4.606580753730955990, -5.641434375070416729E-16 ) ) ;
#6325 = CARTESIAN_POINT ( 'NONE',  ( -13.44999999999999929, 8.900000000000041211, 12.95000000000000639 ) ) ;
#6326 = PERSON_AND_ORGANIZATION ( #5881, #5956 ) ;
#6327 = ADVANCED_FACE ( 'NONE', ( #5500 ), #2272, .F. ) ;
#6328 = CIRCLE ( 'NONE', #1053, 15.59999999999999964 ) ;
#6329 = DIRECTION ( 'NONE',  ( 0.000000000000000000, -1.000000000000000000, 0.000000000000000000 ) ) ;
#6330 = VERTEX_POINT ( 'NONE', #6079 ) ;
#6331 = EDGE_LOOP ( 'NONE', ( #4541, #3874, #2804, #3596 ) ) ;
#6332 = PRODUCT_RELATED_PRODUCT_CATEGORY ( 'detail', '', ( #335 ) ) ;
#6333 = EDGE_CURVE ( 'NONE', #1879, #2999, #514, .T. ) ;
#6334 = AXIS2_PLACEMENT_3D ( 'NONE', #1897, #317, #3357 ) ;
#6335 = ADVANCED_FACE ( 'NONE', ( #4468 ), #1467, .T. ) ;
#6336 = EDGE_CURVE ( 'NONE', #2124, #2730, #3021, .T. ) ;
#6337 = ORIENTED_EDGE ( 'NONE', *, *, #2771, .T. ) ;
#6338 = DIRECTION ( 'NONE',  ( -0.4999999999999998890, 0.8660254037844387076, 0.000000000000000000 ) ) ;
#6339 = CONICAL_SURFACE ( 'NONE', #2864, 2.499999999999547917, 1.047197551196068721 ) ;
#6340 = CARTESIAN_POINT ( 'NONE',  ( -13.44999999999999929, -10.70000000000001172, 13.44999999999999929 ) ) ;
#6341 = ORIENTED_EDGE ( 'NONE', *, *, #2569, .T. ) ;
#6342 = DIRECTION ( 'NONE',  ( 0.000000000000000000, 0.000000000000000000, -1.000000000000000000 ) ) ;
#6343 = EDGE_LOOP ( 'NONE', ( #1705, #2117 ) ) ;
#6344 = DIRECTION ( 'NONE',  ( -1.022466556597827761E-15, -1.000000000000000000, -0.000000000000000000 ) ) ;
#6345 = VERTEX_POINT ( 'NONE', #40 ) ;
#6346 = DIRECTION ( 'NONE',  ( 0.000000000000000000, -1.000000000000000000, 0.000000000000000000 ) ) ;
#6347 = DIRECTION ( 'NONE',  ( -8.295235218517768465E-17, -1.000000000000000000, -0.000000000000000000 ) ) ;
#6348 = CARTESIAN_POINT ( 'NONE',  ( -24.47999999999994358, -1.575083822169092177E-16, 0.000000000000000000 ) ) ;
#6349 = CYLINDRICAL_SURFACE ( 'NONE', #150, 7.800000000027012881 ) ;
#6350 = DIRECTION ( 'NONE',  ( 1.000000000000000000, 1.231304080816852664E-16, -0.000000000000000000 ) ) ;
#6351 = ORIENTED_EDGE ( 'NONE', *, *, #146, .T. ) ;
#6352 = CARTESIAN_POINT ( 'NONE',  ( -9.000000000026375346, 6.028365745067958414, 1.102182119235847902E-15 ) ) ;
#6353 = DIRECTION ( 'NONE',  ( 1.224646799147353207E-16, -1.015873325853218016E-32, 1.000000000000000000 ) ) ;
#6354 = CYLINDRICAL_SURFACE ( 'NONE', #5660, 15.59999999999999964 ) ;
#6355 = CARTESIAN_POINT ( 'NONE',  ( -11.70000000000000107, 0.000000000000000000, 8.900000000000000355 ) ) ;
#6356 = LINE ( 'NONE', #5868, #886 ) ;
#6357 = CALENDAR_DATE ( 2026, 21, 4 ) ;
#6358 = FACE_OUTER_BOUND ( 'NONE', #905, .T. ) ;
#6359 = ORIENTED_EDGE ( 'NONE', *, *, #2733, .F. ) ;
#6360 = EDGE_LOOP ( 'NONE', ( #1392, #1881, #361, #921 ) ) ;
#6361 = APPLICATION_CONTEXT ( 'configuration controlled 3d designs of mechanical parts and assemblies' ) ;
#6362 = AXIS2_PLACEMENT_3D ( 'NONE', #3883, #5782, #5886 ) ;
#6363 = ORIENTED_EDGE ( 'NONE', *, *, #968, .T. ) ;
#6364 = DIRECTION ( 'NONE',  ( 0.000000000000000000, 0.000000000000000000, 1.000000000000000000 ) ) ;
#6365 = EDGE_CURVE ( 'NONE', #3839, #5524, #1855, .T. ) ;
#6366 = ADVANCED_FACE ( 'NONE', ( #4075 ), #5584, .F. ) ;
#6367 = EDGE_CURVE ( 'NONE', #3937, #5729, #1617, .T. ) ;
#6368 = CARTESIAN_POINT ( 'NONE',  ( -9.000000000000001776, -1.199999999999999734, 6.500000000000000888 ) ) ;
#6369 = EDGE_LOOP ( 'NONE', ( #3137, #4259, #3098, #4882 ) ) ;
#6370 = LINE ( 'NONE', #4260, #906 ) ;
#6371 = VERTEX_POINT ( 'NONE', #100 ) ;
#6372 = CARTESIAN_POINT ( 'NONE',  ( 0.000000000000000000, 0.000000000000000000, 0.000000000000000000 ) ) ;
#6373 = AXIS2_PLACEMENT_3D ( 'NONE', #3019, #1432, #6448 ) ;
#6374 = ADVANCED_FACE ( 'NONE', ( #2111 ), #4170, .F. ) ;
#6375 = ORIENTED_EDGE ( 'NONE', *, *, #931, .F. ) ;
#6376 = DIRECTION ( 'NONE',  ( 0.5773502691896190697, -0.5773502691896311712, 0.5773502691896271743 ) ) ;
#6377 = FACE_OUTER_BOUND ( 'NONE', #4822, .T. ) ;
#6378 = AXIS2_PLACEMENT_3D ( 'NONE', #3816, #3943, #1921 ) ;
#6379 = AXIS2_PLACEMENT_3D ( 'NONE', #1861, #5320, #799 ) ;
#6380 = DIRECTION ( 'NONE',  ( -1.000000000000000000, 6.434165940233234309E-18, -0.000000000000000000 ) ) ;
#6381 = FACE_OUTER_BOUND ( 'NONE', #6168, .T. ) ;
#6382 = CARTESIAN_POINT ( 'NONE',  ( -9.000000000000001776, -10.79999999999999183, 11.49999999999999822 ) ) ;
#6383 = EDGE_LOOP ( 'NONE', ( #4681, #1910, #3828, #5908 ) ) ;
#6384 = FACE_OUTER_BOUND ( 'NONE', #2507, .T. ) ;
#6385 = DIRECTION ( 'NONE',  ( -8.295235218517768465E-17, -1.000000000000000000, -0.000000000000000000 ) ) ;
#6386 = LINE ( 'NONE', #455, #1364 ) ;
#6387 = LINE ( 'NONE', #4936, #3927 ) ;
#6388 = AXIS2_PLACEMENT_3D ( 'NONE', #2909, #2112, #706 ) ;
#6389 = DIRECTION ( 'NONE',  ( -1.022466556597827761E-15, -1.000000000000000000, -0.000000000000000000 ) ) ;
#6390 = DATE_AND_TIME ( #914, #6061 ) ;
#6391 = LOCAL_TIME ( 18, 8, 39.00000000000000000, #681 ) ;
#6392 = FACE_OUTER_BOUND ( 'NONE', #4606, .T. ) ;
#6393 = ORIENTED_EDGE ( 'NONE', *, *, #5724, .F. ) ;
#6394 = VERTEX_POINT ( 'NONE', #3669 ) ;
#6395 = CIRCLE ( 'NONE', #2809, 20.25000000002649614 ) ;
#6396 = ORIENTED_EDGE ( 'NONE', *, *, #4151, .F. ) ;
#6397 = AXIS2_PLACEMENT_3D ( 'NONE', #640, #209, #744 ) ;
#6398 = ORIENTED_EDGE ( 'NONE', *, *, #5528, .T. ) ;
#6399 = DIRECTION ( 'NONE',  ( 0.7071067811865435759, 0.000000000000000000, 0.7071067811865514585 ) ) ;
#6400 = ORIENTED_EDGE ( 'NONE', *, *, #228, .T. ) ;
#6401 = DIRECTION ( 'NONE',  ( -1.231304080816852664E-16, 1.000000000000000000, 0.000000000000000000 ) ) ;
#6402 = ORIENTED_EDGE ( 'NONE', *, *, #4584, .F. ) ;
#6403 = DIRECTION ( 'NONE',  ( -6.434165940233234309E-18, -1.000000000000000000, 0.000000000000000000 ) ) ;
#6404 = ADVANCED_FACE ( 'NONE', ( #4203 ), #3116, .F. ) ;
#6405 = EDGE_CURVE ( 'NONE', #3997, #3937, #590, .T. ) ;
#6406 = VERTEX_POINT ( 'NONE', #4239 ) ;
#6407 = DIRECTION ( 'NONE',  ( 1.000000000000000000, 6.434165940233234309E-18, 0.000000000000000000 ) ) ;
#6408 = FACE_OUTER_BOUND ( 'NONE', #5514, .T. ) ;
#6409 = LINE ( 'NONE', #4825, #5742 ) ;
#6410 = AXIS2_PLACEMENT_3D ( 'NONE', #1427, #3479, #4070 ) ;
#6411 = APPROVAL ( #6223, '未指定' ) ;
#6412 = EDGE_CURVE ( 'NONE', #475, #2176, #5632, .T. ) ;
#6413 = DIRECTION ( 'NONE',  ( 1.934635846814283225E-16, 0.000000000000000000, 1.000000000000000000 ) ) ;
#6414 = ADVANCED_FACE ( 'NONE', ( #237 ), #2747, .T. ) ;
#6415 = DIRECTION ( 'NONE',  ( -1.000000000000000000, 0.000000000000000000, 0.000000000000000000 ) ) ;
#6416 = VERTEX_POINT ( 'NONE', #5712 ) ;
#6417 = DIRECTION ( 'NONE',  ( -8.295235218517768465E-17, -1.000000000000000000, -0.000000000000000000 ) ) ;
#6418 = CARTESIAN_POINT ( 'NONE',  ( -9.000000000000001776, -1.199999999999999734, -6.500000000000000888 ) ) ;
#6419 = AXIS2_PLACEMENT_3D ( 'NONE', #4777, #2767, #2208 ) ;
#6420 = CARTESIAN_POINT ( 'NONE',  ( 1.506120491940673012E-29, 1.815645309946730398E-13, 0.000000000000000000 ) ) ;
#6421 = CARTESIAN_POINT ( 'NONE',  ( -13.70000000000000107, 1.696135816819084208E-15, 17.69999999999999929 ) ) ;
#6422 = CARTESIAN_POINT ( 'NONE',  ( 28.00162831425916110, 2.299999999999999822, 0.000000000000000000 ) ) ;
#6423 = COORDINATED_UNIVERSAL_TIME_OFFSET ( 8, 0, .AHEAD. ) ;
#6424 = VECTOR ( 'NONE', #1857, 1000.000000000000000 ) ;
#6425 = CARTESIAN_POINT ( 'NONE',  ( 3.651389171082360212E-17, -5.674999999999999822, 0.000000000000000000 ) ) ;
#6426 = VERTEX_POINT ( 'NONE', #2643 ) ;
#6427 = ORIENTED_EDGE ( 'NONE', *, *, #4192, .F. ) ;
#6428 = VECTOR ( 'NONE', #5934, 999.9999999999998863 ) ;
#6429 = ORIENTED_EDGE ( 'NONE', *, *, #6124, .T. ) ;
#6430 = EDGE_LOOP ( 'NONE', ( #3697, #2869, #6171, #5510 ) ) ;
#6431 = VECTOR ( 'NONE', #5266, 1000.000000000000114 ) ;
#6432 = DIRECTION ( 'NONE',  ( 1.000000000000000000, -8.295235218517768465E-17, 0.000000000000000000 ) ) ;
#6433 = ORIENTED_EDGE ( 'NONE', *, *, #4476, .F. ) ;
#6434 = TOROIDAL_SURFACE ( 'NONE', #748, 8.200000000027012348, 0.4000000000000006328 ) ;
#6435 = LINE ( 'NONE', #4422, #1634 ) ;
#6436 = ORIENTED_EDGE ( 'NONE', *, *, #1413, .F. ) ;
#6437 = DIRECTION ( 'NONE',  ( -1.022466556597827761E-15, -1.000000000000000000, -0.000000000000000000 ) ) ;
#6438 = ORIENTED_EDGE ( 'NONE', *, *, #4034, .F. ) ;
#6439 = CARTESIAN_POINT ( 'NONE',  ( 13.68430046635379860, -4.898096326236745846, 15.39660038872613868 ) ) ;
#6440 = CARTESIAN_POINT ( 'NONE',  ( 0.000000000000000000, 0.000000000000000000, 0.000000000000000000 ) ) ;
#6441 = CARTESIAN_POINT ( 'NONE',  ( 1.738193146216307568E-14, 17.00000000000000355, 0.000000000000000000 ) ) ;
#6442 = CARTESIAN_POINT ( 'NONE',  ( -24.47999999999994714, 6.299999999999999822, 0.000000000000000000 ) ) ;
#6443 = DIRECTION ( 'NONE',  ( 1.000000000000000000, 6.434165940233234309E-18, 0.000000000000000000 ) ) ;
#6444 = PLANE ( 'NONE',  #988 ) ;
#6445 = EDGE_LOOP ( 'NONE', ( #4689, #166, #5761 ) ) ;
#6446 = EDGE_CURVE ( 'NONE', #5565, #1246, #3209, .T. ) ;
#6447 = VERTEX_POINT ( 'NONE', #705 ) ;
#6448 = DIRECTION ( 'NONE',  ( -1.000000000000000000, 0.000000000000000000, 0.000000000000000000 ) ) ;
#6449 = CIRCLE ( 'NONE', #975, 2.499999999999998668 ) ;
#6450 = CARTESIAN_POINT ( 'NONE',  ( 9.000000000000001776, -1.199999999999999734, -9.000000000000000000 ) ) ;
#6451 = EDGE_CURVE ( 'NONE', #4700, #1788, #266, .T. ) ;
#6452 = CYLINDRICAL_SURFACE ( 'NONE', #2842, 6.065000000000000391 ) ;
#6453 = EDGE_CURVE ( 'NONE', #3956, #18, #1716, .T. ) ;
#6454 = FACE_OUTER_BOUND ( 'NONE', #3916, .T. ) ;
#6455 = CARTESIAN_POINT ( 'NONE',  ( 25.65999999999994685, -1.651006980263844570E-16, 0.000000000000000000 ) ) ;
#6456 = EDGE_CURVE ( 'NONE', #3177, #4452, #3739, .T. ) ;
#6457 = CONICAL_SURFACE ( 'NONE', #3299, 3.882433110107368801, 0.7853981633974785881 ) ;
#6458 = CYLINDRICAL_SURFACE ( 'NONE', #2527, 8.250000000000000000 ) ;
#6459 = ORIENTED_EDGE ( 'NONE', *, *, #3020, .F. ) ;
#6460 = ORIENTED_EDGE ( 'NONE', *, *, #2898, .F. ) ;
#6461 = ORIENTED_EDGE ( 'NONE', *, *, #2537, .F. ) ;
#6462 = VERTEX_POINT ( 'NONE', #5153 ) ;
#6463 = PLANE ( 'NONE',  #3473 ) ;
#6464 = VERTEX_POINT ( 'NONE', #1125 ) ;
#6465 = EDGE_LOOP ( 'NONE', ( #4954, #1895, #1110, #4479 ) ) ;
#6466 = CARTESIAN_POINT ( 'NONE',  ( 3.660528981682407590, 14.30000000000002913, 15.26571141580255642 ) ) ;
#6467 = AXIS2_PLACEMENT_3D ( 'NONE', #1734, #422, #290 ) ;
#6468 = EDGE_LOOP ( 'NONE', ( #1442, #4817, #2021, #4895 ) ) ;
#6469 = DIRECTION ( 'NONE',  ( 1.000000000000000000, 6.434165940233234309E-18, 0.000000000000000000 ) ) ;
#6470 = DIRECTION ( 'NONE',  ( 6.434165940233234309E-18, -1.000000000000000000, 0.000000000000000000 ) ) ;
#6471 = CARTESIAN_POINT ( 'NONE',  ( -6.234580980306466458, 14.30000000000002913, 17.69999999999999929 ) ) ;
#6472 = DIRECTION ( 'NONE',  ( -1.022466556597827761E-15, -1.000000000000000000, -0.000000000000000000 ) ) ;
#6473 = DIRECTION ( 'NONE',  ( -1.000000000000000000, 8.295235218517768465E-17, 0.000000000000000000 ) ) ;
#6474 = EDGE_LOOP ( 'NONE', ( #3330, #6139, #993, #2649 ) ) ;
#6475 = CIRCLE ( 'NONE', #686, 6.065000000000000391 ) ;
#6476 = CARTESIAN_POINT ( 'NONE',  ( 21.55000000002747029, 33.32836574506700345, 2.651360320157428333E-15 ) ) ;
#6477 = CONICAL_SURFACE ( 'NONE', #1002, 4.400000000044656190, 0.7853981633985848143 ) ;
#6478 = AXIS2_PLACEMENT_3D ( 'NONE', #1030, #2218, #3668 ) ;
#6479 = CARTESIAN_POINT ( 'NONE',  ( 9.000000000000001776, -10.79999999999999183, -6.500000000000000888 ) ) ;
#6480 = CARTESIAN_POINT ( 'NONE',  ( 0.000000000000000000, 0.000000000000000000, 0.000000000000000000 ) ) ;
#6481 = DIRECTION ( 'NONE',  ( -1.000000000000000000, -1.942890293094375336E-13, 0.000000000000000000 ) ) ;
#6482 = EDGE_CURVE ( 'NONE', #4452, #5097, #5746, .T. ) ;
#6483 = DIRECTION ( 'NONE',  ( 0.000000000000000000, -1.000000000000000000, 0.000000000000000000 ) ) ;
#6484 = AXIS2_PLACEMENT_3D ( 'NONE', #5919, #2284, #4270 ) ;
#6485 = CYLINDRICAL_SURFACE ( 'NONE', #5600, 2.300000000000001599 ) ;
#6486 = EDGE_CURVE ( 'NONE', #5415, #873, #5111, .T. ) ;
#6487 = EDGE_CURVE ( 'NONE', #1975, #1316, #4622, .T. ) ;
#6488 = CIRCLE ( 'NONE', #4486, 0.3999999999999993006 ) ;
#6489 = DIRECTION ( 'NONE',  ( -6.434165940233234309E-18, -1.000000000000000000, 0.000000000000000000 ) ) ;
#6490 = ORIENTED_EDGE ( 'NONE', *, *, #1409, .T. ) ;
#6491 = AXIS2_PLACEMENT_3D ( 'NONE', #629, #4196, #1056 ) ;
#6492 = EDGE_LOOP ( 'NONE', ( #5464, #3106, #4848, #368 ) ) ;
#6493 = ADVANCED_FACE ( 'NONE', ( #3605 ), #5016, .T. ) ;
#6494 = EDGE_CURVE ( 'NONE', #4941, #3160, #5226, .T. ) ;
#6495 = APPROVAL_STATUS ( 'not_yet_approved' ) ;
#6496 = CC_DESIGN_APPROVAL ( #3027, ( #5843 ) ) ;
#6497 = CC_DESIGN_SECURITY_CLASSIFICATION ( #4494, ( #4812 ) ) ;
#6498 = CARTESIAN_POINT ( 'NONE',  ( -9.000000000000001776, -11.19999999999999929, 6.500000000000000888 ) ) ;
#6499 = ORIENTED_EDGE ( 'NONE', *, *, #2042, .F. ) ;
#6500 = CIRCLE ( 'NONE', #3767, 8.250000000000000000 ) ;
#6501 = VERTEX_POINT ( 'NONE', #3380 ) ;
#6502 = CARTESIAN_POINT ( 'NONE',  ( -9.000000000000001776, -11.19999999999999929, 9.000000000000000000 ) ) ;
#6503 = VERTEX_POINT ( 'NONE', #1860 ) ;
#6504 = CARTESIAN_POINT ( 'NONE',  ( 17.00000000002770406, 42.32836574506566762, 0.000000000000000000 ) ) ;
#6505 = CARTESIAN_POINT ( 'NONE',  ( 0.000000000000000000, 0.000000000000000000, 2.923760430703403301 ) ) ;
#6506 = AXIS2_PLACEMENT_3D ( 'NONE', #3359, #385, #2858 ) ;
#6507 = CARTESIAN_POINT ( 'NONE',  ( 9.917925598998944801E-15, 9.700000000000013500, 0.000000000000000000 ) ) ;
#6508 = ORIENTED_EDGE ( 'NONE', *, *, #2910, .T. ) ;
#6509 = ORIENTED_EDGE ( 'NONE', *, *, #5046, .T. ) ;
#6510 = FACE_BOUND ( 'NONE', #4417, .T. ) ;
#6511 = CARTESIAN_POINT ( 'NONE',  ( 8.000000000026830094, 0.7283657450677751832, 9.797174393211681714E-16 ) ) ;
#6512 = AXIS2_PLACEMENT_3D ( 'NONE', #2108, #3377, #1884 ) ;
#6513 = DIRECTION ( 'NONE',  ( -0.7071067811865451302, 0.7071067811865499042, 0.000000000000000000 ) ) ;
#6514 = CARTESIAN_POINT ( 'NONE',  ( 3.552713678800500929E-15, 42.82836574506824689, 0.000000000000000000 ) ) ;
#6515 = PLANE ( 'NONE',  #2704 ) ;
#6516 = DIRECTION ( 'NONE',  ( -0.000000000000000000, -1.000000000000000000, -0.000000000000000000 ) ) ;
#6517 = ORIENTED_EDGE ( 'NONE', *, *, #852, .T. ) ;
#6518 = AXIS2_PLACEMENT_3D ( 'NONE', #3134, #6197, #624 ) ;
#6519 = CARTESIAN_POINT ( 'NONE',  ( 0.000000000000000000, 17.80000000000000071, 0.000000000000000000 ) ) ;
#6520 = EDGE_LOOP ( 'NONE', ( #3901, #3565, #2641, #2304 ) ) ;
#6521 = ORIENTED_EDGE ( 'NONE', *, *, #5043, .T. ) ;
#6522 = EDGE_CURVE ( 'NONE', #3441, #4128, #373, .T. ) ;
#6523 = CIRCLE ( 'NONE', #3679, 6.299999999999999822 ) ;
#6524 = APPROVAL_DATE_TIME ( #5568, #3994 ) ;
#6525 = AXIS2_PLACEMENT_3D ( 'NONE', #2350, #6407, #3281 ) ;
#6526 = VECTOR ( 'NONE', #14, 1000.000000000000000 ) ;
#6527 = CONICAL_SURFACE ( 'NONE', #4527, 21.55000000002746674, 0.7853981633991743427 ) ;
#6528 = CC_DESIGN_DATE_AND_TIME_ASSIGNMENT ( #4379, #5901, ( #156 ) ) ;
#6529 = EDGE_CURVE ( 'NONE', #2235, #4945, #2914, .T. ) ;
#6530 = ORIENTED_EDGE ( 'NONE', *, *, #5325, .F. ) ;
#6531 = ORIENTED_EDGE ( 'NONE', *, *, #3659, .F. ) ;
#6532 = NEXT_ASSEMBLY_USAGE_OCCURRENCE ( 'NAUO1', ' ', ' ', #2905, #3101, $ ) ;
#6533 = NEXT_ASSEMBLY_USAGE_OCCURRENCE ( 'NAUO2', ' ', ' ', #2905, #5843, $ ) ;
#6534 = NEXT_ASSEMBLY_USAGE_OCCURRENCE ( 'NAUO3', ' ', ' ', #2905, #5447, $ ) ;
ENDSEC;
END-ISO-10303-21;
