ISO-10303-21;
HEADER;
FILE_DESCRIPTION (( 'STEP AP203' ),
    '1' );
FILE_NAME ('316L-CV3-FMR4-HP.STEP',
    '2025-07-23T10:43:25',
    ( '微软用户' ),
    ( '微软中国' ),
    'SwSTEP 2.0',
    'SolidWorks 2021',
    '' );
FILE_SCHEMA (( 'CONFIG_CONTROL_DESIGN' ));
ENDSEC;

DATA;
#1 = VERTEX_POINT ( 'NONE', #2518 ) ;
#2 = CARTESIAN_POINT ( 'NONE',  ( -31.30000000000291038, 0.000000000000000000, 0.000000000000000000 ) ) ;
#3 = CARTESIAN_POINT ( 'NONE',  ( -9.997393957006606158, 0.000000000000000000, -4.547566381521780166 ) ) ;
#4 = APPROVAL_PERSON_ORGANIZATION ( #257, #577, #2328 ) ;
#5 = DATE_AND_TIME ( #3335, #1392 ) ;
#6 = AXIS2_PLACEMENT_3D ( 'NONE', #920, #2140, #1540 ) ;
#7 = CARTESIAN_POINT ( 'NONE',  ( 15.59999999999936193, 5.835441997938096519E-16, 4.765000000000782165 ) ) ;
#8 = CARTESIAN_POINT ( 'NONE',  ( 10.09741881116691609, -1.560757593757208017, 17.22215417283559802 ) ) ;
#9 = EDGE_CURVE ( 'NONE', #3803, #1026, #966, .T. ) ;
#10 = DIRECTION ( 'NONE',  ( 1.000000000000000000, 0.000000000000000000, 0.000000000000000000 ) ) ;
#11 = CARTESIAN_POINT ( 'NONE',  ( -31.30000000000291038, 5.835441997938464326E-16, -4.765000000001082370 ) ) ;
#12 = VERTEX_POINT ( 'NONE', #3740 ) ;
#13 = DIRECTION ( 'NONE',  ( 1.000000000000000000, -0.000000000000000000, -0.000000000000000000 ) ) ;
#14 = DIRECTION ( 'NONE',  ( 1.000000000000000000, 0.000000000000000000, 0.000000000000000000 ) ) ;
#15 = EDGE_CURVE ( 'NONE', #22, #1179, #3438, .T. ) ;
#16 = FACE_OUTER_BOUND ( 'NONE', #694, .T. ) ;
#17 = VERTEX_POINT ( 'NONE', #3661 ) ;
#18 = FACE_OUTER_BOUND ( 'NONE', #1922, .T. ) ;
#19 = EDGE_CURVE ( 'NONE', #1491, #2266, #777, .T. ) ;
#20 = CIRCLE ( 'NONE', #3444, 3.874999999999843237 ) ;
#21 = AXIS2_PLACEMENT_3D ( 'NONE', #2256, #164, #1940 ) ;
#22 = VERTEX_POINT ( 'NONE', #2866 ) ;
#23 = CARTESIAN_POINT ( 'NONE',  ( 6.439262305701899614, 6.417248242041515560, 11.11499999999796273 ) ) ;
#24 = MECHANICAL_CONTEXT ( 'NONE', #2225, 'mechanical' ) ;
#25 = CIRCLE ( 'NONE', #2251, 6.440000000000000391 ) ;
#26 = CARTESIAN_POINT ( 'NONE',  ( 0.000000000000000000, 0.000000000000000000, 0.000000000000000000 ) ) ;
#27 = CARTESIAN_POINT ( 'NONE',  ( 5.499261314031167913, 9.525000000000019895, 16.74926131403118035 ) ) ;
#28 = VECTOR ( 'NONE', #2603, 1000.000000000000000 ) ;
#29 = APPROVAL_PERSON_ORGANIZATION ( #2521, #1523, #3407 ) ;
#30 = DIRECTION ( 'NONE',  ( 1.000000000000000000, 0.000000000000000000, 0.000000000000000000 ) ) ;
#31 = DIRECTION ( 'NONE',  ( -1.000000000000000000, 0.000000000000000000, 0.000000000000000000 ) ) ;
#32 = AXIS2_PLACEMENT_3D ( 'NONE', #1860, #3122, #1537 ) ;
#33 = ORIENTED_EDGE ( 'NONE', *, *, #1965, .T. ) ;
#34 = TOROIDAL_SURFACE ( 'NONE', #731, 4.829474167757560110, 0.2999999999999999334 ) ;
#35 = CARTESIAN_POINT ( 'NONE',  ( 2.332295471196617065, 9.525000000000007461, 0.1567456604821346189 ) ) ;
#36 = CARTESIAN_POINT ( 'NONE',  ( 6.900000000000090061, -3.389467538718734466E-16, 11.11500000000000021 ) ) ;
#37 = DIRECTION ( 'NONE',  ( 0.000000000000000000, 0.000000000000000000, 1.000000000000000000 ) ) ;
#38 = CONTEXT_DEPENDENT_SHAPE_REPRESENTATION ( #1054, #2993 ) ;
#39 = ORIENTED_EDGE ( 'NONE', *, *, #2927, .F. ) ;
#40 = EDGE_LOOP ( 'NONE', ( #1705, #3862, #250 ) ) ;
#41 = DIRECTION ( 'NONE',  ( 1.000000000000000000, 0.000000000000000000, 0.000000000000000000 ) ) ;
#42 = ORIENTED_EDGE ( 'NONE', *, *, #15, .T. ) ;
#43 = CARTESIAN_POINT ( 'NONE',  ( -7.199999999999363354, 0.000000000000000000, 0.000000000000000000 ) ) ;
#44 = APPROVAL_ROLE ( '' ) ;
#45 = APPROVAL ( #1728, '未指定' ) ;
#46 = EDGE_CURVE ( 'NONE', #2215, #1012, #2495, .T. ) ;
#47 = CARTESIAN_POINT ( 'NONE',  ( 0.000000000000000000, 0.000000000000000000, 0.000000000000000000 ) ) ;
#48 = CARTESIAN_POINT ( 'NONE',  ( -0.4499999999993606337, 11.11500000000000021, 0.000000000000000000 ) ) ;
#49 = CARTESIAN_POINT ( 'NONE',  ( -4.604223021014520967, 9.524999999999984368, 0.5923633862646794368 ) ) ;
#50 = CARTESIAN_POINT ( 'NONE',  ( -11.80000000000483418, 0.000000000000000000, 0.000000000000000000 ) ) ;
#51 = VERTEX_POINT ( 'NONE', #2296 ) ;
#52 = CARTESIAN_POINT ( 'NONE',  ( 0.000000000000000000, 0.000000000000000000, -2.200000000000000178 ) ) ;
#53 = DIRECTION ( 'NONE',  ( 0.000000000000000000, 0.000000000000000000, 1.000000000000000000 ) ) ;
#54 = AXIS2_PLACEMENT_3D ( 'NONE', #2515, #3059, #2154 ) ;
#55 = CARTESIAN_POINT ( 'NONE',  ( -14.80000000000380744, 0.000000000000000000, 3.222179676971717033 ) ) ;
#56 = FACE_OUTER_BOUND ( 'NONE', #3310, .T. ) ;
#57 = SECURITY_CLASSIFICATION_LEVEL ( 'unclassified' ) ;
#58 = ORIENTED_EDGE ( 'NONE', *, *, #2689, .T. ) ;
#59 = ORIENTED_EDGE ( 'NONE', *, *, #931, .T. ) ;
#60 = CARTESIAN_POINT ( 'NONE',  ( -5.499261314031100412, -9.525000000000057199, 17.60000000000000142 ) ) ;
#61 = EDGE_CURVE ( 'NONE', #1802, #2148, #1964, .T. ) ;
#62 = ORIENTED_EDGE ( 'NONE', *, *, #411, .T. ) ;
#63 = FACE_OUTER_BOUND ( 'NONE', #742, .T. ) ;
#64 = EDGE_CURVE ( 'NONE', #3074, #2360, #1448, .T. ) ;
#65 = AXIS2_PLACEMENT_3D ( 'NONE', #2036, #1134, #1093 ) ;
#66 = CARTESIAN_POINT ( 'NONE',  ( -8.285320342655021264, 0.000000000000000000, 0.000000000000000000 ) ) ;
#67 = CARTESIAN_POINT ( 'NONE',  ( 9.275000000000002132, 0.000000000000000000, -3.000000000000000000 ) ) ;
#68 = CIRCLE ( 'NONE', #1272, 3.874999999999958256 ) ;
#69 = EDGE_CURVE ( 'NONE', #3311, #2910, #1360, .T. ) ;
#70 = CARTESIAN_POINT ( 'NONE',  ( 6.582553679375782174, 6.952018928878310078, 10.18874999999812836 ) ) ;
#71 = AXIS2_PLACEMENT_3D ( 'NONE', #781, #2578, #1625 ) ;
#72 = DIRECTION ( 'NONE',  ( -0.000000000000000000, -0.000000000000000000, -1.000000000000000000 ) ) ;
#73 = EDGE_LOOP ( 'NONE', ( #2857, #1517, #2711 ) ) ;
#74 = AXIS2_PLACEMENT_3D ( 'NONE', #1801, #3228, #3267 ) ;
#75 = CARTESIAN_POINT ( 'NONE',  ( 5.499261314031167913, 9.525000000000019895, 0.8507386859688212954 ) ) ;
#76 = B_SPLINE_CURVE_WITH_KNOTS ( 'NONE', 3,
 ( #1193, #919, #2393, #1817, #1514, #2413 ),
 .UNSPECIFIED., .F., .F.,
 ( 4, 2, 4 ),
 ( 0.01307484664840561327, 0.01628701548585393885, 0.01949918432330226270 ),
 .UNSPECIFIED. ) ;
#77 = CARTESIAN_POINT ( 'NONE',  ( -0.4499999999993633537, 10.99999999999749889, 0.000000000000000000 ) ) ;
#78 = EDGE_CURVE ( 'NONE', #3090, #3567, #2652, .T. ) ;
#79 = FACE_OUTER_BOUND ( 'NONE', #125, .T. ) ;
#80 = AXIS2_PLACEMENT_3D ( 'NONE', #2315, #1416, #799 ) ;
#81 = PERSON_AND_ORGANIZATION_ROLE ( 'classification_officer' ) ;
#82 = VERTEX_POINT ( 'NONE', #783 ) ;
#83 = DIRECTION ( 'NONE',  ( 1.000000000000000000, -0.000000000000000000, -0.000000000000000000 ) ) ;
#84 = LINE ( 'NONE', #2447, #1035 ) ;
#85 = ORIENTED_EDGE ( 'NONE', *, *, #1184, .F. ) ;
#86 = CARTESIAN_POINT ( 'NONE',  ( -16.09999999999936193, 5.835441997937872680E-16, 4.765000000000538805 ) ) ;
#87 = DATE_AND_TIME ( #1354, #827 ) ;
#88 = EDGE_CURVE ( 'NONE', #676, #1214, #1768, .T. ) ;
#89 = CARTESIAN_POINT ( 'NONE',  ( 6.698905150103431794, -11.76495511040944386, 1.852499999999660529 ) ) ;
#90 = B_SPLINE_CURVE_WITH_KNOTS ( 'NONE', 3,
 ( #3114, #1929, #3432, #3034, #2509, #1291 ),
 .UNSPECIFIED., .F., .F.,
 ( 4, 2, 4 ),
 ( 2.309401076759988300E-07, 0.003208855061128431784, 0.006417479182149187465 ),
 .UNSPECIFIED. ) ;
#91 = CONICAL_SURFACE ( 'NONE', #2311, 4.781025403783787375, 0.5235987755981272862 ) ;
#92 = CARTESIAN_POINT ( 'NONE',  ( -31.30000000000291038, 0.000000000000000000, 4.765000000001082370 ) ) ;
#93 = DIRECTION ( 'NONE',  ( -1.000000000000000000, -0.000000000000000000, -0.000000000000000000 ) ) ;
#94 = ORIENTED_EDGE ( 'NONE', *, *, #2764, .T. ) ;
#95 = ORIENTED_EDGE ( 'NONE', *, *, #2818, .T. ) ;
#96 = AXIS2_PLACEMENT_3D ( 'NONE', #3433, #1314, #2586 ) ;
#97 = DIRECTION ( 'NONE',  ( 0.000000000000000000, 0.000000000000000000, 1.000000000000000000 ) ) ;
#98 = DIRECTION ( 'NONE',  ( 1.000000000000000000, -0.000000000000000000, -0.000000000000000000 ) ) ;
#99 = SECURITY_CLASSIFICATION_LEVEL ( 'unclassified' ) ;
#100 = ORGANIZATION ( 'NAUO-ORG1', 'UNSPECIFIED', 'UNSPECIFIED' ) ;
#101 = VERTEX_POINT ( 'NONE', #3447 ) ;
#102 = ORIENTED_EDGE ( 'NONE', *, *, #410, .F. ) ;
#103 = CARTESIAN_POINT ( 'NONE',  ( 6.439262305701900502, 12.83449648408302757, 3.383087969184151656E-15 ) ) ;
#104 = CARTESIAN_POINT ( 'NONE',  ( 1.006550781153894234E-13, -9.525000000000000355, 0.000000000000000000 ) ) ;
#105 = ORIENTED_EDGE ( 'NONE', *, *, #993, .T. ) ;
#106 = B_SPLINE_CURVE_WITH_KNOTS ( 'NONE', 3,
 ( #3701, #1884, #3721, #2178, #3322, #609 ),
 .UNSPECIFIED., .F., .F.,
 ( 4, 2, 4 ),
 ( 2.380730676605010145E-07, 0.002782414026671824452, 0.005564589980275988848 ),
 .UNSPECIFIED. ) ;
#107 = CARTESIAN_POINT ( 'NONE',  ( 0.9202280513708116505, 6.374826957178781228, 4.693892299467399276 ) ) ;
#108 = CALENDAR_DATE ( 2025, 23, 7 ) ;
#109 = CARTESIAN_POINT ( 'NONE',  ( 0.000000000000000000, 0.000000000000000000, -2.500000000000005773 ) ) ;
#110 =( NAMED_UNIT ( * ) SI_UNIT ( $, .STERADIAN. ) SOLID_ANGLE_UNIT ( ) );
#111 = APPROVAL ( #640, '未指定' ) ;
#112 = DIRECTION ( 'NONE',  ( -0.000000000000000000, -0.000000000000000000, -1.000000000000000000 ) ) ;
#113 = VERTEX_POINT ( 'NONE', #170 ) ;
#114 = EDGE_LOOP ( 'NONE', ( #2106, #649 ) ) ;
#115 = FACE_BOUND ( 'NONE', #3750, .T. ) ;
#116 = CARTESIAN_POINT ( 'NONE',  ( -1.853183372579807475, 9.524999999999991473, 17.52002621221969747 ) ) ;
#117 = ORIENTED_EDGE ( 'NONE', *, *, #3470, .F. ) ;
#118 = CIRCLE ( 'NONE', #3346, 4.950000000000000178 ) ;
#119 = VERTEX_POINT ( 'NONE', #2902 ) ;
#120 = CARTESIAN_POINT ( 'NONE',  ( 6.900000000000090949, 9.625872363064036819, 5.557499999999997442 ) ) ;
#121 = CONICAL_SURFACE ( 'NONE', #3348, 5.475000000000363798, 0.7853981633971276466 ) ;
#122 = CARTESIAN_POINT ( 'NONE',  ( -0.4071412566343333705, 2.153087595701805412, 11.11499999999796451 ) ) ;
#123 = EDGE_CURVE ( 'NONE', #3550, #1261, #938, .T. ) ;
#124 = APPLICATION_CONTEXT ( 'configuration controlled 3d designs of mechanical parts and assemblies' ) ;
#125 = EDGE_LOOP ( 'NONE', ( #595, #94, #675, #1951, #1649, #981 ) ) ;
#126 = CARTESIAN_POINT ( 'NONE',  ( 0.1499149725248556941, 6.440010226570603180, 4.249942731200588852 ) ) ;
#127 = EDGE_CURVE ( 'NONE', #3904, #3453, #1253, .T. ) ;
#128 = DIRECTION ( 'NONE',  ( -1.000000000000000000, -0.000000000000000000, -0.000000000000000000 ) ) ;
#129 = DIRECTION ( 'NONE',  ( 1.000000000000000000, 0.000000000000000000, 0.000000000000000000 ) ) ;
#130 = CARTESIAN_POINT ( 'NONE',  ( 0.000000000000000000, 0.000000000000000000, -2.200000000000000178 ) ) ;
#131 = EDGE_LOOP ( 'NONE', ( #493, #1926, #590, #222 ) ) ;
#132 = DIRECTION ( 'NONE',  ( 0.000000000000000000, 0.000000000000000000, 1.000000000000000000 ) ) ;
#133 = PRODUCT_DEFINITION ( '未知', '', #3177, #424 ) ;
#134 = CARTESIAN_POINT ( 'NONE',  ( -14.40000000000373781, 6.067182505130977588E-16, -4.954230484540674162 ) ) ;
#135 = CC_DESIGN_APPROVAL ( #2941, ( #1335 ) ) ;
#136 = CARTESIAN_POINT ( 'NONE',  ( -14.40000000000372360, 0.000000000000000000, 3.914999999999358327 ) ) ;
#137 = CONICAL_SURFACE ( 'NONE', #2488, 5.674999999999571720, 0.7853981633974482790 ) ;
#138 = AXIS2_PLACEMENT_3D ( 'NONE', #1969, #2278, #729 ) ;
#139 = EDGE_LOOP ( 'NONE', ( #1271, #3429, #1586, #2566 ) ) ;
#140 = ORIENTED_EDGE ( 'NONE', *, *, #1415, .T. ) ;
#141 = CARTESIAN_POINT ( 'NONE',  ( 7.317804019944251337, 6.375191637624780583, 0.08107999114721987921 ) ) ;
#142 = FACE_OUTER_BOUND ( 'NONE', #616, .T. ) ;
#143 = EDGE_CURVE ( 'NONE', #3014, #1213, #2151, .T. ) ;
#144 = B_SPLINE_CURVE_WITH_KNOTS ( 'NONE', 3,
 ( #2341, #3511, #491, #1123, #2909, #1743, #3532, #807, #828, #2046, #2954, #232, #1445, #2657, #2145, #947, #3326, #1826 ),
 .UNSPECIFIED., .F., .F.,
 ( 4, 2, 2, 2, 2, 2, 2, 2, 4 ),
 ( 0.003602647939229254755, 0.004052864874607809559, 0.004503081809986365230, 0.004953298745364920902, 0.005403515680743474839, 0.005853732616122030510, 0.006303949551500585315, 0.006754166486879140119, 0.007204383422257694923 ),
 .UNSPECIFIED. ) ;
#145 = ORIENTED_EDGE ( 'NONE', *, *, #305, .T. ) ;
#146 = CARTESIAN_POINT ( 'NONE',  ( -14.40000000000372360, 0.000000000000000000, 0.000000000000000000 ) ) ;
#147 = COORDINATED_UNIVERSAL_TIME_OFFSET ( 8, 0, .AHEAD. ) ;
#148 = B_SPLINE_CURVE_WITH_KNOTS ( 'NONE', 3,
 ( #2831, #2542, #153, #2599, #2520, #3507, #2869, #3799 ),
 .UNSPECIFIED., .F., .F.,
 ( 4, 2, 2, 4 ),
 ( 0.005564589980275988848, 0.006950476802621102096, 0.008336363624966215344, 0.01110813726965644531 ),
 .UNSPECIFIED. ) ;
#149 = CARTESIAN_POINT ( 'NONE',  ( -7.199999999999363354, 0.000000000000000000, 0.000000000000000000 ) ) ;
#150 = FACE_OUTER_BOUND ( 'NONE', #2552, .T. ) ;
#151 = CARTESIAN_POINT ( 'NONE',  ( -0.4078726562911281217, 8.556330989388685637, 7.409999999998645670 ) ) ;
#152 = DIRECTION ( 'NONE',  ( -0.000000000000000000, -0.000000000000000000, -1.000000000000000000 ) ) ;
#153 = CARTESIAN_POINT ( 'NONE',  ( 8.716642953600644006, 3.952331532926443458, 0.02010828335194610531 ) ) ;
#154 = PERSON_AND_ORGANIZATION_ROLE ( 'classification_officer' ) ;
#155 = CONICAL_SURFACE ( 'NONE', #2686, 11.11500000000000021, 1.308996938995753867 ) ;
#156 = ORIENTED_EDGE ( 'NONE', *, *, #1485, .F. ) ;
#157 = CARTESIAN_POINT ( 'NONE',  ( -8.717347705171423655, -3.951110867399155957, 17.60000000000001208 ) ) ;
#158 = APPROVAL_PERSON_ORGANIZATION ( #435, #1691, #1700 ) ;
#159 = VERTEX_POINT ( 'NONE', #2847 ) ;
#160 = AXIS2_PLACEMENT_3D ( 'NONE', #2546, #3334, #2206 ) ;
#161 = CARTESIAN_POINT ( 'NONE',  ( 6.582553679375777733, -6.952018928878310078, -10.18874999999813191 ) ) ;
#162 = AXIS2_PLACEMENT_3D ( 'NONE', #2086, #880, #925 ) ;
#163 = APPROVAL_STATUS ( 'not_yet_approved' ) ;
#164 = DIRECTION ( 'NONE',  ( -1.000000000000000000, -0.000000000000000000, -0.000000000000000000 ) ) ;
#165 =( LENGTH_UNIT ( ) NAMED_UNIT ( * ) SI_UNIT ( .MILLI., .METRE. ) );
#166 = APPROVAL ( #1435, '未指定' ) ;
#167 = ADVANCED_FACE ( 'NONE', ( #1417 ), #1255, .T. ) ;
#168 = CARTESIAN_POINT ( 'NONE',  ( 0.000000000000000000, 0.000000000000000000, 17.60000000000000142 ) ) ;
#169 = EDGE_CURVE ( 'NONE', #51, #113, #752, .T. ) ;
#170 = CARTESIAN_POINT ( 'NONE',  ( 6.900000000000090949, 0.000000000000000000, 5.500000000000682121 ) ) ;
#171 = DIRECTION ( 'NONE',  ( 0.000000000000000000, 0.000000000000000000, 1.000000000000000000 ) ) ;
#172 = CARTESIAN_POINT ( 'NONE',  ( -34.40688589961590793, -12.83449648408302934, 3.310669089243456931E-16 ) ) ;
#173 = DIRECTION ( 'NONE',  ( -1.000000000000000000, -0.000000000000000000, -0.000000000000000000 ) ) ;
#174 = VERTEX_POINT ( 'NONE', #1715 ) ;
#175 = ORIENTED_EDGE ( 'NONE', *, *, #2040, .T. ) ;
#176 = DIRECTION ( 'NONE',  ( 0.000000000000000000, 0.000000000000000000, 1.000000000000000000 ) ) ;
#177 = PERSON ( 'NAUO-PER4', 'UNSPECIFIED', 'UNSPECIFIED', ('UNSPECIFIED'), ('UNSPECIFIED'), ('UNSPECIFIED') ) ;
#178 = VECTOR ( 'NONE', #1758, 1000.000000000000000 ) ;
#179 = VERTEX_POINT ( 'NONE', #2628 ) ;
#180 = CARTESIAN_POINT ( 'NONE',  ( 0.3007829898663526569, 6.434489973426814835, 4.279818037635847006 ) ) ;
#181 = EDGE_CURVE ( 'NONE', #1012, #254, #2779, .T. ) ;
#182 = PERSON_AND_ORGANIZATION_ROLE ( 'design_owner' ) ;
#183 = DIRECTION ( 'NONE',  ( -1.000000000000000000, 0.000000000000000000, 0.000000000000000000 ) ) ;
#184 = ADVANCED_FACE ( 'NONE', ( #3149 ), #1754, .T. ) ;
#185 = CARTESIAN_POINT ( 'NONE',  ( -32.75899243382914960, -0.7970194816926960968, 31.69999999999873097 ) ) ;
#186 = FACE_BOUND ( 'NONE', #114, .T. ) ;
#187 = CARTESIAN_POINT ( 'NONE',  ( -10.60000000000365539, 0.000000000000000000, 0.000000000000000000 ) ) ;
#188 = CARTESIAN_POINT ( 'NONE',  ( -0.4078726562911294540, -8.556330989388683861, 7.409999999998639453 ) ) ;
#189 = CARTESIAN_POINT ( 'NONE',  ( -0.7071137998892127463, -6.401951519573368721, 6.319186433635415767 ) ) ;
#190 = EDGE_CURVE ( 'NONE', #2396, #347, #2678, .T. ) ;
#191 = DIRECTION ( 'NONE',  ( 1.000000000000000000, -0.000000000000000000, -0.000000000000000000 ) ) ;
#192 = ORIENTED_EDGE ( 'NONE', *, *, #2010, .T. ) ;
#193 = VERTEX_POINT ( 'NONE', #3796 ) ;
#194 = DIRECTION ( 'NONE',  ( 1.000000000000000000, -0.000000000000000000, -0.000000000000000000 ) ) ;
#195 = CARTESIAN_POINT ( 'NONE',  ( -8.248891971046740323, -4.762500000000066791, 0.000000000000000000 ) ) ;
#196 = EDGE_CURVE ( 'NONE', #2815, #2408, #3194, .T. ) ;
#197 = AXIS2_PLACEMENT_3D ( 'NONE', #2479, #3685, #1242 ) ;
#198 = CIRCLE ( 'NONE', #6, 3.199999999999151079 ) ;
#199 = EDGE_LOOP ( 'NONE', ( #3422, #1262, #1290 ) ) ;
#200 = CIRCLE ( 'NONE', #2105, 6.099999999999753619 ) ;
#201 = DIRECTION ( 'NONE',  ( 0.000000000000000000, 0.000000000000000000, -1.000000000000000000 ) ) ;
#202 = PERSON_AND_ORGANIZATION ( #2733, #1526 ) ;
#203 = ORIENTED_EDGE ( 'NONE', *, *, #758, .F. ) ;
#204 = LINE ( 'NONE', #261, #1931 ) ;
#205 = CARTESIAN_POINT ( 'NONE',  ( -10.10000000000428955, 5.914400081109123255E-16, -4.829474167757560110 ) ) ;
#206 = CARTESIAN_POINT ( 'NONE',  ( -12.00000000000511058, 0.000000000000000000, 0.000000000000000000 ) ) ;
#207 = CARTESIAN_POINT ( 'NONE',  ( 7.317804019944340155, -6.375191637624725516, 17.51892000885276701 ) ) ;
#208 = CARTESIAN_POINT ( 'NONE',  ( -0.4078726562911295650, -10.69541373673585838, 3.704999999999319726 ) ) ;
#209 = CARTESIAN_POINT ( 'NONE',  ( 7.781140988492901478, 5.572668467073578213, 17.57989171664805994 ) ) ;
#210 = VECTOR ( 'NONE', #2721, 1000.000000000000114 ) ;
#211 = EDGE_LOOP ( 'NONE', ( #2875, #1572, #3870, #1221 ) ) ;
#212 = EDGE_LOOP ( 'NONE', ( #2759, #2071 ) ) ;
#213 = CARTESIAN_POINT ( 'NONE',  ( 0.000000000000000000, 4.745506346695995866E-16, -3.875000000000001776 ) ) ;
#214 = CARTESIAN_POINT ( 'NONE',  ( -1.149999999999965494, -9.525000000000101608, 5.400000000000000355 ) ) ;
#215 = EDGE_CURVE ( 'NONE', #2781, #489, #1126, .T. ) ;
#216 = VERTEX_POINT ( 'NONE', #1500 ) ;
#217 = AXIS2_PLACEMENT_3D ( 'NONE', #3546, #525, #2949 ) ;
#218 = LOCAL_TIME ( 18, 43, 25.00000000000000000, #674 ) ;
#219 = PERSON_AND_ORGANIZATION ( #2733, #1526 ) ;
#220 = CIRCLE ( 'NONE', #730, 11.11499999999999666 ) ;
#221 = CIRCLE ( 'NONE', #2384, 0.8000000000000003775 ) ;
#222 = ORIENTED_EDGE ( 'NONE', *, *, #2527, .F. ) ;
#223 = DIRECTION ( 'NONE',  ( 0.000000000000000000, 0.000000000000000000, 1.000000000000000000 ) ) ;
#224 = AXIS2_PLACEMENT_3D ( 'NONE', #1724, #3214, #2382 ) ;
#225 = ADVANCED_BREP_SHAPE_REPRESENTATION ( '', ( #3660, #884 ), #2480 ) ;
#226 = CARTESIAN_POINT ( 'NONE',  ( 0.000000000000000000, 0.000000000000000000, -3.874999999999845901 ) ) ;
#227 = CARTESIAN_POINT ( 'NONE',  ( -7.199999999999363354, 0.000000000000000000, 0.000000000000000000 ) ) ;
#228 = EDGE_CURVE ( 'NONE', #1050, #2828, #2755, .T. ) ;
#229 = LINE ( 'NONE', #3007, #960 ) ;
#230 = ORIENTED_EDGE ( 'NONE', *, *, #298, .T. ) ;
#231 = ORIENTED_EDGE ( 'NONE', *, *, #2948, .F. ) ;
#232 = CARTESIAN_POINT ( 'NONE',  ( -0.5791563662948634450, -6.415418568691971579, 4.395150983964638769 ) ) ;
#233 = EDGE_CURVE ( 'NONE', #2369, #193, #2627, .T. ) ;
#234 = ORIENTED_EDGE ( 'NONE', *, *, #821, .F. ) ;
#235 = ORIENTED_EDGE ( 'NONE', *, *, #961, .T. ) ;
#236 = CARTESIAN_POINT ( 'NONE',  ( -10.10000000000428955, 0.000000000000000000, 0.000000000000000000 ) ) ;
#237 = ADVANCED_FACE ( 'NONE', ( #1175 ), #2706, .F. ) ;
#238 = PERSON_AND_ORGANIZATION_ROLE ( 'creator' ) ;
#239 = ORIENTED_EDGE ( 'NONE', *, *, #64, .F. ) ;
#240 = DIRECTION ( 'NONE',  ( 0.000000000000000000, 0.000000000000000000, -1.000000000000000000 ) ) ;
#241 = AXIS2_PLACEMENT_3D ( 'NONE', #3526, #3210, #856 ) ;
#242 = AXIS2_PLACEMENT_3D ( 'NONE', #2021, #1679, #1394 ) ;
#243 = EDGE_CURVE ( 'NONE', #3831, #1950, #3264, .T. ) ;
#244 = DIRECTION ( 'NONE',  ( 1.000000000000000000, 0.000000000000000000, 0.000000000000000000 ) ) ;
#245 = CARTESIAN_POINT ( 'NONE',  ( 0.000000000000000000, 0.000000000000000000, 0.000000000000000000 ) ) ;
#246 = DIRECTION ( 'NONE',  ( -3.627636301412553852E-15, 1.000000000000000000, 0.000000000000000000 ) ) ;
#247 = LINE ( 'NONE', #504, #3180 ) ;
#248 = VERTEX_POINT ( 'NONE', #563 ) ;
#249 = CC_DESIGN_PERSON_AND_ORGANIZATION_ASSIGNMENT ( #2763, #3654, ( #1335 ) ) ;
#250 = ORIENTED_EDGE ( 'NONE', *, *, #3702, .T. ) ;
#251 = DIRECTION ( 'NONE',  ( 1.000000000000000000, 0.000000000000000000, 0.000000000000000000 ) ) ;
#252 = DIRECTION ( 'NONE',  ( -1.000000000000000000, 0.000000000000000000, 0.000000000000000000 ) ) ;
#253 = ADVANCED_FACE ( 'NONE', ( #3893 ), #2446, .F. ) ;
#254 = VERTEX_POINT ( 'NONE', #585 ) ;
#255 = CYLINDRICAL_SURFACE ( 'NONE', #470, 1.149999999999999911 ) ;
#256 = LOCAL_TIME ( 18, 43, 25.00000000000000000, #1373 ) ;
#257 = PERSON_AND_ORGANIZATION ( #2733, #1526 ) ;
#258 = VECTOR ( 'NONE', #1162, 1000.000000000000000 ) ;
#259 = VECTOR ( 'NONE', #1841, 1000.000000000000000 ) ;
#260 = ORIENTED_EDGE ( 'NONE', *, *, #1759, .T. ) ;
#261 = CARTESIAN_POINT ( 'NONE',  ( 4.950000000000000178, 6.062001655779398511E-16, -2.500000000000005773 ) ) ;
#262 = CONICAL_SURFACE ( 'NONE', #3872, 5.674999999999571720, 0.7853981633974482790 ) ;
#263 = EDGE_CURVE ( 'NONE', #2644, #2517, #1799, .T. ) ;
#264 = CARTESIAN_POINT ( 'NONE',  ( 8.717347705171503591, -3.951110867399066695, 1.545665722149647259E-14 ) ) ;
#265 = DIRECTION ( 'NONE',  ( 0.000000000000000000, 0.000000000000000000, -1.000000000000000000 ) ) ;
#266 = CARTESIAN_POINT ( 'NONE',  ( -11.80000000000483418, 0.000000000000000000, 0.000000000000000000 ) ) ;
#267 = CARTESIAN_POINT ( 'NONE',  ( 0.7077530198571915232, 6.401881649423517118, 6.318725053374015133 ) ) ;
#268 = VERTEX_POINT ( 'NONE', #3616 ) ;
#269 = VERTEX_POINT ( 'NONE', #605 ) ;
#270 = DIRECTION ( 'NONE',  ( 0.000000000000000000, 0.000000000000000000, -1.000000000000000000 ) ) ;
#271 = CARTESIAN_POINT ( 'NONE',  ( -10.40000000000428848, 0.000000000000000000, 6.099999999999753619 ) ) ;
#272 = ORIENTED_EDGE ( 'NONE', *, *, #3802, .T. ) ;
#273 = FACE_OUTER_BOUND ( 'NONE', #131, .T. ) ;
#274 = EDGE_LOOP ( 'NONE', ( #2522, #3344, #3608, #879 ) ) ;
#275 = CARTESIAN_POINT ( 'NONE',  ( 0.01073769429882828925, 6.417248242041517337, -11.11499999999795563 ) ) ;
#276 = CARTESIAN_POINT ( 'NONE',  ( -34.40688589961590793, 6.417248242041517337, -11.11499999999795563 ) ) ;
#277 = DATE_AND_TIME ( #1251, #1075 ) ;
#278 = CARTESIAN_POINT ( 'NONE',  ( -14.20000000000299423, 0.000000000000000000, 5.674999999999571720 ) ) ;
#279 = FACE_OUTER_BOUND ( 'NONE', #2587, .T. ) ;
#280 = APPROVAL ( #1266, 'UNKNOWN' ) ;
#281 = ADVANCED_FACE ( 'NONE', ( #1513 ), #1429, .T. ) ;
#282 = EDGE_CURVE ( 'NONE', #2148, #290, #2094, .T. ) ;
#283 = CARTESIAN_POINT ( 'NONE',  ( -16.09999999999936193, 0.000000000000000000, -3.874999999999848566 ) ) ;
#284 = CIRCLE ( 'NONE', #736, 4.950000000000000178 ) ;
#285 = ORIENTED_EDGE ( 'NONE', *, *, #3572, .F. ) ;
#286 = B_SPLINE_CURVE_WITH_KNOTS ( 'NONE', 3,
 ( #1178, #1422, #2633, #3563, #3268, #2416 ),
 .UNSPECIFIED., .F., .F.,
 ( 4, 2, 4 ),
 ( 0.006417479182149194404, 0.009626103303169947917, 0.01283472742419070230 ),
 .UNSPECIFIED. ) ;
#287 = ORIENTED_EDGE ( 'NONE', *, *, #143, .F. ) ;
#288 = CARTESIAN_POINT ( 'NONE',  ( 0.000000000000000000, 0.000000000000000000, -2.200000000000000178 ) ) ;
#289 = EDGE_CURVE ( 'NONE', #3374, #754, #914, .T. ) ;
#290 = VERTEX_POINT ( 'NONE', #278 ) ;
#291 = DIRECTION ( 'NONE',  ( 1.000000000000000000, 0.000000000000000000, 0.000000000000000000 ) ) ;
#292 = EDGE_LOOP ( 'NONE', ( #2770, #3431, #1672, #2585 ) ) ;
#293 = EDGE_CURVE ( 'NONE', #3258, #3604, #2047, .T. ) ;
#294 = FACE_BOUND ( 'NONE', #3111, .T. ) ;
#295 = CARTESIAN_POINT ( 'NONE',  ( -14.20000000000299423, 6.949870585160705123E-16, 5.674999999999571720 ) ) ;
#296 = PERSON_AND_ORGANIZATION ( #2733, #1526 ) ;
#297 = CONICAL_SURFACE ( 'NONE', #2532, 4.765000000001082370, 0.3490658503988001149 ) ;
#298 = EDGE_CURVE ( 'NONE', #17, #3550, #2115, .T. ) ;
#299 = DIRECTION ( 'NONE',  ( -1.000000000000000000, -0.000000000000000000, -0.000000000000000000 ) ) ;
#300 = CARTESIAN_POINT ( 'NONE',  ( 0.9324499088765415555, 9.525000000000005684, 17.58019026657265016 ) ) ;
#301 = CARTESIAN_POINT ( 'NONE',  ( 6.900000000000637179, 9.091101676225482819, 6.483749999998813962 ) ) ;
#302 = CARTESIAN_POINT ( 'NONE',  ( -1.004255918741127296, 6.361483432106206592, 5.979997560091245390 ) ) ;
#303 = ORIENTED_EDGE ( 'NONE', *, *, #1694, .F. ) ;
#304 = ORIENTED_EDGE ( 'NONE', *, *, #2040, .F. ) ;
#305 = EDGE_CURVE ( 'NONE', #2752, #1267, #1115, .T. ) ;
#306 = DIRECTION ( 'NONE',  ( 5.364923030742486669E-17, 1.000000000000000000, 0.000000000000000000 ) ) ;
#307 = DIRECTION ( 'NONE',  ( 1.000000000000000000, 0.000000000000000000, 0.000000000000000000 ) ) ;
#308 = CARTESIAN_POINT ( 'NONE',  ( 0.000000000000000000, 0.000000000000000000, 0.000000000000000000 ) ) ;
#309 = ORIENTED_EDGE ( 'NONE', *, *, #243, .T. ) ;
#310 = CARTESIAN_POINT ( 'NONE',  ( -8.015539861186772086, 5.166677710330931816, -6.062426561735841102E-15 ) ) ;
#311 = B_SPLINE_CURVE_WITH_KNOTS ( 'NONE', 3,
 ( #366, #70, #2196, #3022, #301, #1502 ),
 .UNSPECIFIED., .F., .F.,
 ( 4, 2, 4 ),
 ( 2.309401076763871946E-07, 0.003208855061128432652, 0.006417479182149190935 ),
 .UNSPECIFIED. ) ;
#312 = ORIENTED_EDGE ( 'NONE', *, *, #3404, .T. ) ;
#313 = AXIS2_PLACEMENT_3D ( 'NONE', #3209, #892, #486 ) ;
#314 = FACE_BOUND ( 'NONE', #212, .T. ) ;
#315 = CARTESIAN_POINT ( 'NONE',  ( 5.949064689866363054, 8.745917699637464793, 0.5910445858475869008 ) ) ;
#316 = AXIS2_PLACEMENT_3D ( 'NONE', #1837, #3035, #3019 ) ;
#317 = AXIS2_PLACEMENT_3D ( 'NONE', #3386, #1806, #1888 ) ;
#318 = PERSON_AND_ORGANIZATION ( #2733, #1526 ) ;
#319 = AXIS2_PLACEMENT_3D ( 'NONE', #1629, #1667, #1325 ) ;
#320 = DIRECTION ( 'NONE',  ( -1.000000000000000000, 0.000000000000000000, 0.000000000000000000 ) ) ;
#321 = AXIS2_PLACEMENT_3D ( 'NONE', #3466, #3737, #1942 ) ;
#322 = FACE_OUTER_BOUND ( 'NONE', #3790, .T. ) ;
#323 = CARTESIAN_POINT ( 'NONE',  ( -3.455323577095457666E-14, 9.525000000000000355, 0.000000000000000000 ) ) ;
#324 = CARTESIAN_POINT ( 'NONE',  ( 10.99852262806237846, 0.000000000000000000, 17.60000000000000142 ) ) ;
#325 = ORIENTED_EDGE ( 'NONE', *, *, #2018, .T. ) ;
#326 = CARTESIAN_POINT ( 'NONE',  ( -3.455323577095457666E-14, 9.525000000000000355, 0.000000000000000000 ) ) ;
#327 = CARTESIAN_POINT ( 'NONE',  ( -7.909999999999399733, 0.000000000000000000, 0.000000000000000000 ) ) ;
#328 = DIRECTION ( 'NONE',  ( 0.000000000000000000, 0.000000000000000000, 1.000000000000000000 ) ) ;
#329 = CARTESIAN_POINT ( 'NONE',  ( -8.285320342655021264, 3.918869757270530086E-16, -3.199999999999151079 ) ) ;
#330 = B_SPLINE_CURVE_WITH_KNOTS ( 'NONE', 3,
 ( #3376, #3330, #1574, #615, #3692, #971, #1911, #2525 ),
 .UNSPECIFIED., .F., .F.,
 ( 4, 2, 2, 4 ),
 ( 0.01559295432052766953, 0.01698526139227517912, 0.01837756846402268870, 0.02116218260751770788 ),
 .UNSPECIFIED. ) ;
#331 = DATE_AND_TIME ( #2310, #3574 ) ;
#332 = EDGE_LOOP ( 'NONE', ( #2634, #2907, #1249, #1865 ) ) ;
#333 = EDGE_LOOP ( 'NONE', ( #843, #883, #1607, #370 ) ) ;
#334 = CARTESIAN_POINT ( 'NONE',  ( -3.455323577095457666E-14, 9.525000000000000355, 5.400000000000000355 ) ) ;
#335 = CC_DESIGN_PERSON_AND_ORGANIZATION_ASSIGNMENT ( #219, #479, ( #2161 ) ) ;
#336 = EDGE_CURVE ( 'NONE', #2360, #625, #220, .T. ) ;
#337 = CIRCLE ( 'NONE', #1413, 10.99999999999749889 ) ;
#338 = ORIENTED_EDGE ( 'NONE', *, *, #2414, .F. ) ;
#339 = DIRECTION ( 'NONE',  ( -0.000000000000000000, -0.000000000000000000, -1.000000000000000000 ) ) ;
#340 = AXIS2_PLACEMENT_3D ( 'NONE', #418, #1066, #3492 ) ;
#341 = CARTESIAN_POINT ( 'NONE',  ( -4.950000000000000178, 0.000000000000000000, 14.00071426749364356 ) ) ;
#342 = DIRECTION ( 'NONE',  ( 1.000000000000000000, -0.000000000000000000, -0.000000000000000000 ) ) ;
#343 = AXIS2_PLACEMENT_3D ( 'NONE', #50, #93, #346 ) ;
#344 = CC_DESIGN_SECURITY_CLASSIFICATION ( #3708, ( #3918 ) ) ;
#345 = DIRECTION ( 'NONE',  ( -6.144964491593366446E-17, -1.000000000000000000, 0.000000000000000000 ) ) ;
#346 = DIRECTION ( 'NONE',  ( 0.000000000000000000, 0.000000000000000000, 1.000000000000000000 ) ) ;
#347 = VERTEX_POINT ( 'NONE', #2944 ) ;
#348 = AXIS2_PLACEMENT_3D ( 'NONE', #813, #1479, #2916 ) ;
#349 = ORIENTED_EDGE ( 'NONE', *, *, #758, .T. ) ;
#350 = FACE_OUTER_BOUND ( 'NONE', #3091, .T. ) ;
#351 = ADVANCED_FACE ( 'NONE', ( #1136 ), #2667, .F. ) ;
#352 = CARTESIAN_POINT ( 'NONE',  ( -10.99852262806237846, -7.632217764024648044E-14, 16.74926131403118035 ) ) ;
#353 = CARTESIAN_POINT ( 'NONE',  ( 10.99852262806237846, 2.215317249701455172E-16, 0.8507386859688209624 ) ) ;
#354 = EDGE_LOOP ( 'NONE', ( #392, #325, #2280, #3046, #2894, #2673 ) ) ;
#355 = ORIENTED_EDGE ( 'NONE', *, *, #1775, .F. ) ;
#356 = DIRECTION ( 'NONE',  ( 1.000000000000000000, 0.000000000000000000, 0.000000000000000000 ) ) ;
#357 = EDGE_CURVE ( 'NONE', #3604, #3134, #2744, .T. ) ;
#358 = EDGE_LOOP ( 'NONE', ( #1140, #3899, #2819, #3787 ) ) ;
#359 = DIRECTION ( 'NONE',  ( -1.000000000000000000, -0.000000000000000000, -0.000000000000000000 ) ) ;
#360 = B_SPLINE_CURVE_WITH_KNOTS ( 'NONE', 3,
 ( #2065, #3271, #2908, #554, #860, #1825 ),
 .UNSPECIFIED., .F., .F.,
 ( 4, 2, 4 ),
 ( 2.380730676607476864E-07, 0.002782414026671823585, 0.005564589980275986246 ),
 .UNSPECIFIED. ) ;
#361 = EDGE_CURVE ( 'NONE', #859, #2815, #3458, .T. ) ;
#362 = COORDINATED_UNIVERSAL_TIME_OFFSET ( 8, 0, .AHEAD. ) ;
#363 = EDGE_CURVE ( 'NONE', #17, #1106, #1767, .T. ) ;
#364 = CARTESIAN_POINT ( 'NONE',  ( -1.149999999999965494, -9.525000000000101608, 5.400000000000000355 ) ) ;
#365 = DIRECTION ( 'NONE',  ( -5.364923030742486669E-17, -1.000000000000000000, 0.000000000000000000 ) ) ;
#366 = CARTESIAN_POINT ( 'NONE',  ( 6.439262305701899614, 6.417248242041515560, 11.11499999999796273 ) ) ;
#367 = CARTESIAN_POINT ( 'NONE',  ( 6.900000000000089173, -9.625872363064036819, 5.557499999999997442 ) ) ;
#368 = B_SPLINE_CURVE_WITH_KNOTS ( 'NONE', 3,
 ( #1515, #49, #2118, #3040, #3083, #323 ),
 .UNSPECIFIED., .F., .F.,
 ( 4, 2, 4 ),
 ( 0.01002753371993827906, 0.01281024402042824431, 0.01559295432091821129 ),
 .UNSPECIFIED. ) ;
#369 = ORIENTED_EDGE ( 'NONE', *, *, #931, .F. ) ;
#370 = ORIENTED_EDGE ( 'NONE', *, *, #3462, .F. ) ;
#371 = CARTESIAN_POINT ( 'NONE',  ( -6.940000000000001279, 8.499048786082631667E-16, 17.60000000000000142 ) ) ;
#372 = CARTESIAN_POINT ( 'NONE',  ( 1.006550781153894234E-13, -9.525000000000000355, 17.60000000000000142 ) ) ;
#373 = APPROVAL_ROLE ( '' ) ;
#374 = ORIENTED_EDGE ( 'NONE', *, *, #2070, .T. ) ;
#375 = DIRECTION ( 'NONE',  ( -1.056746226933222168E-14, 1.000000000000000000, 0.000000000000000000 ) ) ;
#376 = EDGE_CURVE ( 'NONE', #2181, #2009, #1252, .T. ) ;
#377 = EDGE_LOOP ( 'NONE', ( #85, #824, #2934, #105, #457, #1365 ) ) ;
#378 = CARTESIAN_POINT ( 'NONE',  ( 5.499261314031167025, 9.525000000000019895, 17.60000000000000142 ) ) ;
#379 = DATE_AND_TIME ( #2861, #3363 ) ;
#380 = CC_DESIGN_APPROVAL ( #956, ( #1659 ) ) ;
#381 = CARTESIAN_POINT ( 'NONE',  ( 6.439262305701898725, -12.83449648408302757, -2.552913722927555928E-16 ) ) ;
#382 = AXIS2_PLACEMENT_3D ( 'NONE', #2087, #846, #252 ) ;
#383 = AXIS2_PLACEMENT_3D ( 'NONE', #3000, #801, #3226 ) ;
#384 = DIRECTION ( 'NONE',  ( 1.000000000000000000, -0.000000000000000000, -0.000000000000000000 ) ) ;
#385 = CARTESIAN_POINT ( 'NONE',  ( -1.150000000000023004, 6.336489564419715670, 5.399999999999999467 ) ) ;
#386 = ORIENTED_EDGE ( 'NONE', *, *, #1834, .F. ) ;
#387 = VECTOR ( 'NONE', #3767, 1000.000000000000000 ) ;
#388 = ORIENTED_EDGE ( 'NONE', *, *, #3518, .T. ) ;
#389 = DIRECTION ( 'NONE',  ( -1.000000000000000000, -0.000000000000000000, -0.000000000000000000 ) ) ;
#390 = DIRECTION ( 'NONE',  ( -1.000000000000000000, -0.000000000000000000, -0.000000000000000000 ) ) ;
#391 = COORDINATED_UNIVERSAL_TIME_OFFSET ( 8, 0, .AHEAD. ) ;
#392 = ORIENTED_EDGE ( 'NONE', *, *, #2452, .F. ) ;
#393 = ORIENTED_EDGE ( 'NONE', *, *, #2402, .T. ) ;
#394 = CARTESIAN_POINT ( 'NONE',  ( 0.01073769429882891029, -6.417248242041518225, -11.11499999999796273 ) ) ;
#395 = CARTESIAN_POINT ( 'NONE',  ( -0.2476069967578514164, 4.291417101514753085, 11.11499999999796451 ) ) ;
#396 = VERTEX_POINT ( 'NONE', #976 ) ;
#397 = CARTESIAN_POINT ( 'NONE',  ( 0.000000000000000000, 0.000000000000000000, -0.5000000000000038858 ) ) ;
#398 = CIRCLE ( 'NONE', #524, 9.525000000000002132 ) ;
#399 = PERSON_AND_ORGANIZATION_ROLE ( 'creator' ) ;
#400 = AXIS2_PLACEMENT_3D ( 'NONE', #2272, #128, #1374 ) ;
#401 = FACE_OUTER_BOUND ( 'NONE', #1326, .T. ) ;
#402 = CONICAL_SURFACE ( 'NONE', #2623, 9.525000000000000355, 1.047197551196596521 ) ;
#403 = FACE_OUTER_BOUND ( 'NONE', #3079, .T. ) ;
#404 = DIRECTION ( 'NONE',  ( 0.000000000000000000, 0.000000000000000000, 1.000000000000000000 ) ) ;
#405 = ORIENTED_EDGE ( 'NONE', *, *, #88, .T. ) ;
#406 = DIRECTION ( 'NONE',  ( -1.000000000000000000, 0.000000000000000000, 0.000000000000000000 ) ) ;
#407 = AXIS2_PLACEMENT_3D ( 'NONE', #2337, #2709, #1118 ) ;
#408 = CC_DESIGN_DATE_AND_TIME_ASSIGNMENT ( #1589, #1869, ( #3708 ) ) ;
#409 = DIRECTION ( 'NONE',  ( -1.000000000000000000, -0.000000000000000000, -0.000000000000000000 ) ) ;
#410 = EDGE_CURVE ( 'NONE', #970, #3716, #1209, .T. ) ;
#411 = EDGE_CURVE ( 'NONE', #1026, #2584, #2465, .T. ) ;
#412 = CARTESIAN_POINT ( 'NONE',  ( -8.285320342655021264, 0.000000000000000000, 3.199999999999151079 ) ) ;
#413 = AXIS2_PLACEMENT_3D ( 'NONE', #3597, #299, #2412 ) ;
#414 = SECURITY_CLASSIFICATION ( '', '', #2565 ) ;
#415 = ORIENTED_EDGE ( 'NONE', *, *, #2527, .T. ) ;
#416 = ORIENTED_EDGE ( 'NONE', *, *, #2129, .T. ) ;
#417 = DIRECTION ( 'NONE',  ( -1.000000000000000000, -0.000000000000000000, -0.000000000000000000 ) ) ;
#418 = CARTESIAN_POINT ( 'NONE',  ( 0.000000000000000000, 0.000000000000000000, -3.000000000000000000 ) ) ;
#419 = EDGE_CURVE ( 'NONE', #924, #1843, #643, .T. ) ;
#420 = AXIS2_PLACEMENT_3D ( 'NONE', #2986, #586, #2707 ) ;
#421 = ORIENTED_EDGE ( 'NONE', *, *, #2189, .T. ) ;
#422 = B_SPLINE_CURVE_WITH_KNOTS ( 'NONE', 3,
 ( #1097, #2923, #3840, #1116, #819, #3246 ),
 .UNSPECIFIED., .F., .F.,
 ( 4, 2, 4 ),
 ( 0.01307484664840560806, 0.01628701548585392497, 0.01949918432330224188 ),
 .UNSPECIFIED. ) ;
#423 = CARTESIAN_POINT ( 'NONE',  ( -6.100000000003942269, 0.000000000000000000, 0.000000000000000000 ) ) ;
#424 = DESIGN_CONTEXT ( 'detailed design', #1599, 'design' ) ;
#425 = APPROVAL_STATUS ( 'not_yet_approved' ) ;
#426 = APPROVAL ( #425, '未指定' ) ;
#427 = DIRECTION ( 'NONE',  ( 0.000000000000000000, 0.000000000000000000, 1.000000000000000000 ) ) ;
#428 = CARTESIAN_POINT ( 'NONE',  ( -10.10000000000428955, 0.000000000000000000, 0.000000000000000000 ) ) ;
#429 = FACE_OUTER_BOUND ( 'NONE', #1312, .T. ) ;
#430 = EDGE_CURVE ( 'NONE', #3604, #3803, #2965, .T. ) ;
#431 = ORIENTED_EDGE ( 'NONE', *, *, #3779, .T. ) ;
#432 = DIRECTION ( 'NONE',  ( -0.000000000000000000, -0.000000000000000000, -1.000000000000000000 ) ) ;
#433 = PLANE ( 'NONE',  #3596 ) ;
#434 = FACE_BOUND ( 'NONE', #1101, .T. ) ;
#435 = PERSON_AND_ORGANIZATION ( #2313, #2574 ) ;
#436 = EDGE_LOOP ( 'NONE', ( #3810, #1282, #2190 ) ) ;
#437 = VECTOR ( 'NONE', #1256, 1000.000000000000000 ) ;
#438 = ORIENTED_EDGE ( 'NONE', *, *, #3465, .T. ) ;
#439 = CARTESIAN_POINT ( 'NONE',  ( -4.950000000000000178, 0.000000000000000000, -0.5000000000000038858 ) ) ;
#440 = AXIS2_PLACEMENT_3D ( 'NONE', #2200, #3129, #3742 ) ;
#441 = AXIS2_PLACEMENT_3D ( 'NONE', #3225, #1664, #3524 ) ;
#442 = DIRECTION ( 'NONE',  ( 0.000000000000000000, 0.000000000000000000, 1.000000000000000000 ) ) ;
#443 = ORIENTED_EDGE ( 'NONE', *, *, #1067, .T. ) ;
#444 = DIRECTION ( 'NONE',  ( -5.364923030742486669E-17, -1.000000000000000000, 0.000000000000000000 ) ) ;
#445 = APPLICATION_PROTOCOL_DEFINITION ( 'international standard', 'config_control_design', 1994, #3365 ) ;
#446 = DIRECTION ( 'NONE',  ( 1.000000000000000000, -0.000000000000000000, -0.000000000000000000 ) ) ;
#447 = DIRECTION ( 'NONE',  ( 1.000000000000000000, 0.000000000000000000, -0.000000000000000000 ) ) ;
#448 = DIRECTION ( 'NONE',  ( -1.000000000000000000, 5.560011140951532788E-17, -0.000000000000000000 ) ) ;
#449 = CIRCLE ( 'NONE', #1782, 3.199999999999278089 ) ;
#450 = DIRECTION ( 'NONE',  ( 1.000000000000000000, 0.000000000000000000, -0.000000000000000000 ) ) ;
#451 = APPROVAL_PERSON_ORGANIZATION ( #936, #111, #660 ) ;
#452 = CARTESIAN_POINT ( 'NONE',  ( -0.4499999999993612443, 2.502005013424638093E-17, 0.000000000000000000 ) ) ;
#453 = APPROVAL_ROLE ( '' ) ;
#454 = AXIS2_PLACEMENT_3D ( 'NONE', #2320, #803, #2924 ) ;
#455 = B_SPLINE_CURVE_WITH_KNOTS ( 'NONE', 3,
 ( #275, #1189, #1171, #579, #1796, #3189 ),
 .UNSPECIFIED., .F., .F.,
 ( 4, 2, 4 ),
 ( 2.309401076763871417E-07, 0.003208855061128429182, 0.006417479182149183996 ),
 .UNSPECIFIED. ) ;
#456 = EDGE_LOOP ( 'NONE', ( #987, #2851, #3314 ) ) ;
#457 = ORIENTED_EDGE ( 'NONE', *, *, #518, .T. ) ;
#458 = CARTESIAN_POINT ( 'NONE',  ( -14.80000000000383054, 0.000000000000000000, -4.607820323026930787 ) ) ;
#459 = CIRCLE ( 'NONE', #2672, 0.2999999999999999334 ) ;
#460 = ORIENTED_EDGE ( 'NONE', *, *, #778, .T. ) ;
#461 = DIRECTION ( 'NONE',  ( -1.000000000000000000, 5.560011140951532788E-17, -0.000000000000000000 ) ) ;
#462 = EDGE_CURVE ( 'NONE', #3803, #2906, #1135, .T. ) ;
#463 = PERSON_AND_ORGANIZATION_ROLE ( 'design_owner' ) ;
#464 = CARTESIAN_POINT ( 'NONE',  ( 0.000000000000000000, 0.000000000000000000, -10.99999999999749889 ) ) ;
#465 = DIRECTION ( 'NONE',  ( 1.000000000000000000, 0.000000000000000000, 0.000000000000000000 ) ) ;
#466 = DIRECTION ( 'NONE',  ( -1.000000000000000000, -0.000000000000000000, -0.000000000000000000 ) ) ;
#467 = CARTESIAN_POINT ( 'NONE',  ( 0.000000000000000000, 0.000000000000000000, 3.875000000000001776 ) ) ;
#468 = DIRECTION ( 'NONE',  ( 0.000000000000000000, 0.000000000000000000, 1.000000000000000000 ) ) ;
#469 = DIRECTION ( 'NONE',  ( 1.000000000000000000, -5.560011140951532788E-17, 0.000000000000000000 ) ) ;
#470 = AXIS2_PLACEMENT_3D ( 'NONE', #3535, #3903, #2049 ) ;
#471 = ORIENTED_EDGE ( 'NONE', *, *, #1604, .T. ) ;
#472 = ADVANCED_FACE ( 'NONE', ( #3037 ), #621, .F. ) ;
#473 = CARTESIAN_POINT ( 'NONE',  ( -0.4499999999993612443, 2.502005013424638093E-17, 0.000000000000000000 ) ) ;
#474 = LOCAL_TIME ( 18, 43, 25.00000000000000000, #779 ) ;
#475 = EDGE_CURVE ( 'NONE', #3649, #676, #2137, .T. ) ;
#476 = VERTEX_POINT ( 'NONE', #7 ) ;
#477 = CARTESIAN_POINT ( 'NONE',  ( -0.9188835917997225655, 6.375001657229806717, 4.692492706401927727 ) ) ;
#478 = VECTOR ( 'NONE', #1086, 1000.000000000000000 ) ;
#479 = PERSON_AND_ORGANIZATION_ROLE ( 'creator' ) ;
#480 = EDGE_CURVE ( 'NONE', #2976, #3014, #2000, .T. ) ;
#481 = CYLINDRICAL_SURFACE ( 'NONE', #3160, 4.950000000000000178 ) ;
#482 = DIRECTION ( 'NONE',  ( 4.451166301927403644E-17, 0.9316077325878240334, 0.3634653113882715947 ) ) ;
#483 = CARTESIAN_POINT ( 'NONE',  ( -1.149999999999965494, -9.525000000000101608, 5.400000000000000355 ) ) ;
#484 = EDGE_CURVE ( 'NONE', #1843, #2928, #118, .T. ) ;
#485 = CARTESIAN_POINT ( 'NONE',  ( 6.857872656291857716, 10.69541373673585483, -3.704999999999318838 ) ) ;
#486 = DIRECTION ( 'NONE',  ( 1.000000000000000000, 0.000000000000000000, 0.000000000000000000 ) ) ;
#487 = FACE_OUTER_BOUND ( 'NONE', #732, .T. ) ;
#488 = FACE_OUTER_BOUND ( 'NONE', #3529, .T. ) ;
#489 = VERTEX_POINT ( 'NONE', #364 ) ;
#490 = CARTESIAN_POINT ( 'NONE',  ( -7.781140988492865063, -5.572668467073627951, 17.57989171664805639 ) ) ;
#491 = CARTESIAN_POINT ( 'NONE',  ( 1.119756217598852244, -6.342170622125219204, 5.098178035960980736 ) ) ;
#492 = AXIS2_PLACEMENT_3D ( 'NONE', #1176, #2473, #265 ) ;
#493 = ORIENTED_EDGE ( 'NONE', *, *, #69, .F. ) ;
#494 = DIRECTION ( 'NONE',  ( 0.000000000000000000, 0.000000000000000000, -1.000000000000000000 ) ) ;
#495 = COORDINATED_UNIVERSAL_TIME_OFFSET ( 8, 0, .AHEAD. ) ;
#496 = ORIENTED_EDGE ( 'NONE', *, *, #3475, .T. ) ;
#497 = B_SPLINE_CURVE_WITH_KNOTS ( 'NONE', 3,
 ( #1096, #1813, #2409, #188, #2092, #502 ),
 .UNSPECIFIED., .F., .F.,
 ( 4, 2, 4 ),
 ( 2.309401076763871681E-07, 0.003208855061128434386, 0.006417479182149191802 ),
 .UNSPECIFIED. ) ;
#498 = CARTESIAN_POINT ( 'NONE',  ( -16.09999999999936193, 0.000000000000000000, 0.000000000000000000 ) ) ;
#499 =( NAMED_UNIT ( * ) PLANE_ANGLE_UNIT ( ) SI_UNIT ( $, .RADIAN. ) );
#500 = DIRECTION ( 'NONE',  ( 0.000000000000000000, 0.000000000000000000, -1.000000000000000000 ) ) ;
#501 = DIRECTION ( 'NONE',  ( 1.000000000000000000, -0.000000000000000000, -0.000000000000000000 ) ) ;
#502 = CARTESIAN_POINT ( 'NONE',  ( -0.4499999999993617994, -9.625872363062272896, 5.557499999998981366 ) ) ;
#503 = DIRECTION ( 'NONE',  ( -0.4999999999999949485, -0.8660254037844415942, 0.000000000000000000 ) ) ;
#504 = CARTESIAN_POINT ( 'NONE',  ( -7.199999999999363354, 6.704941225332205323E-16, 5.475000000000363798 ) ) ;
#505 = LINE ( 'NONE', #899, #2314 ) ;
#506 = VERTEX_POINT ( 'NONE', #1581 ) ;
#507 = ORIENTED_EDGE ( 'NONE', *, *, #1997, .F. ) ;
#508 = CYLINDRICAL_SURFACE ( 'NONE', #1497, 4.950000000000000178 ) ;
#509 = CC_DESIGN_APPROVAL ( #3190, ( #133 ) ) ;
#510 = DIRECTION ( 'NONE',  ( 1.000000000000000000, -0.000000000000000000, -0.000000000000000000 ) ) ;
#511 = AXIS2_PLACEMENT_3D ( 'NONE', #2241, #2562, #1004 ) ;
#512 = AXIS2_PLACEMENT_3D ( 'NONE', #2708, #2742, #3381 ) ;
#513 = ORIENTED_EDGE ( 'NONE', *, *, #3036, .T. ) ;
#514 = AXIS2_PLACEMENT_3D ( 'NONE', #2335, #1760, #3545 ) ;
#515 = CARTESIAN_POINT ( 'NONE',  ( -0.4499999999993612443, 2.502005013424638093E-17, 0.000000000000000000 ) ) ;
#516 = PERSON_AND_ORGANIZATION ( #2733, #1526 ) ;
#517 = VERTEX_POINT ( 'NONE', #2784 ) ;
#518 = EDGE_CURVE ( 'NONE', #248, #3374, #748, .T. ) ;
#519 = CARTESIAN_POINT ( 'NONE',  ( -10.10000000000428955, 0.000000000000000000, 0.000000000000000000 ) ) ;
#520 = ADVANCED_FACE ( 'NONE', ( #401 ), #1124, .T. ) ;
#521 = DIRECTION ( 'NONE',  ( -0.000000000000000000, -0.000000000000000000, -1.000000000000000000 ) ) ;
#522 = CARTESIAN_POINT ( 'NONE',  ( -34.40688589961590793, 6.417248242041517337, -11.11499999999795563 ) ) ;
#523 = CARTESIAN_POINT ( 'NONE',  ( 6.900000000000090949, -3.389467538718816803E-16, -2.261695613380076942E-15 ) ) ;
#524 = AXIS2_PLACEMENT_3D ( 'NONE', #3751, #913, #3410 ) ;
#525 = DIRECTION ( 'NONE',  ( -1.000000000000000000, -0.000000000000000000, -0.000000000000000000 ) ) ;
#526 = AXIS2_PLACEMENT_3D ( 'NONE', #1072, #1979, #2535 ) ;
#527 = ORIENTED_EDGE ( 'NONE', *, *, #2827, .F. ) ;
#528 = CC_DESIGN_DATE_AND_TIME_ASSIGNMENT ( #3050, #1571, ( #3072 ) ) ;
#529 = EDGE_LOOP ( 'NONE', ( #156, #1630 ) ) ;
#530 = ADVANCED_FACE ( 'NONE', ( #740 ), #481, .F. ) ;
#531 = CARTESIAN_POINT ( 'NONE',  ( 6.900000000000090949, -3.389467538718816803E-16, -2.261695613380076942E-15 ) ) ;
#532 = CARTESIAN_POINT ( 'NONE',  ( -8.248891971046806049, 4.762499999999953104, 17.60000000000000142 ) ) ;
#533 = AXIS2_PLACEMENT_3D ( 'NONE', #677, #2798, #356 ) ;
#534 = EDGE_LOOP ( 'NONE', ( #690, #3024 ) ) ;
#535 = EDGE_CURVE ( 'NONE', #1106, #1261, #3735, .T. ) ;
#536 = ORIENTED_EDGE ( 'NONE', *, *, #19, .F. ) ;
#537 = CARTESIAN_POINT ( 'NONE',  ( 6.900000000000090949, -3.389467538718816803E-16, -2.261695613380076942E-15 ) ) ;
#538 = VECTOR ( 'NONE', #551, 1000.000000000000114 ) ;
#539 = PRODUCT_DEFINITION_FORMATION_WITH_SPECIFIED_SOURCE ( '任何', '', #2676, .NOT_KNOWN. ) ;
#540 = APPROVAL_DATE_TIME ( #811, #426 ) ;
#541 = AXIS2_PLACEMENT_3D ( 'NONE', #3318, #3004, #2723 ) ;
#542 = AXIS2_PLACEMENT_3D ( 'NONE', #2075, #3595, #872 ) ;
#543 = ORIENTED_EDGE ( 'NONE', *, *, #2746, .F. ) ;
#544 = DIRECTION ( 'NONE',  ( 1.000000000000000000, -0.000000000000000000, -0.000000000000000000 ) ) ;
#545 = CC_DESIGN_PERSON_AND_ORGANIZATION_ASSIGNMENT ( #3674, #3001, ( #3806 ) ) ;
#546 = CARTESIAN_POINT ( 'NONE',  ( 9.179979922149335891, -3.149808362375213999, 0.08107999114723893341 ) ) ;
#547 = CARTESIAN_POINT ( 'NONE',  ( -0.9188835917996759362, -6.375001657229813823, 6.107507293598075648 ) ) ;
#548 = CARTESIAN_POINT ( 'NONE',  ( -12.00000000000511058, 7.592810154713455729E-16, 6.099999999999753619 ) ) ;
#549 = AXIS2_PLACEMENT_3D ( 'NONE', #2262, #1058, #132 ) ;
#550 = EDGE_CURVE ( 'NONE', #2694, #2142, #1446, .T. ) ;
#551 = DIRECTION ( 'NONE',  ( 0.7071067811865474617, 0.000000000000000000, 0.7071067811865474617 ) ) ;
#552 = ORIENTED_EDGE ( 'NONE', *, *, #697, .T. ) ;
#553 = ORIENTED_EDGE ( 'NONE', *, *, #2422, .F. ) ;
#554 = CARTESIAN_POINT ( 'NONE',  ( -7.317804019944292193, 6.375191637624729957, 17.51892000885278478 ) ) ;
#555 = DIRECTION ( 'NONE',  ( 1.000000000000000000, 0.000000000000000000, 0.000000000000000000 ) ) ;
#556 = PRODUCT_DEFINITION_SHAPE ( 'NONE', 'NONE',  #3921 ) ;
#557 = ORIENTED_EDGE ( 'NONE', *, *, #3340, .T. ) ;
#558 = DIRECTION ( 'NONE',  ( -1.000000000000000000, -0.000000000000000000, -0.000000000000000000 ) ) ;
#559 = APPROVAL_ROLE ( '' ) ;
#560 = ORIENTED_EDGE ( 'NONE', *, *, #282, .F. ) ;
#561 = LINE ( 'NONE', #893, #1617 ) ;
#562 = VECTOR ( 'NONE', #743, 1000.000000000000000 ) ;
#563 = CARTESIAN_POINT ( 'NONE',  ( -8.285320342655021264, 3.199999999999151079, 0.000000000000000000 ) ) ;
#564 = CARTESIAN_POINT ( 'NONE',  ( 2.332295471196621950, 9.525000000000011013, 17.44325433951787119 ) ) ;
#565 = DIRECTION ( 'NONE',  ( 1.000000000000000000, -0.000000000000000000, -0.000000000000000000 ) ) ;
#566 = ORIENTED_EDGE ( 'NONE', *, *, #3830, .F. ) ;
#567 = VERTEX_POINT ( 'NONE', #1675 ) ;
#568 = CARTESIAN_POINT ( 'NONE',  ( -0.4499999999993612443, 2.502005013424638093E-17, 0.000000000000000000 ) ) ;
#569 = CARTESIAN_POINT ( 'NONE',  ( 3.455323577095493007E-14, -9.525000000000098055, 5.400000000000000355 ) ) ;
#570 = ORIENTED_EDGE ( 'NONE', *, *, #1470, .F. ) ;
#571 = ORIENTED_EDGE ( 'NONE', *, *, #3394, .F. ) ;
#572 = DIRECTION ( 'NONE',  ( 1.000000000000000000, -0.000000000000000000, -0.000000000000000000 ) ) ;
#573 = CONICAL_SURFACE ( 'NONE', #3741, 14.11499999999999844, 1.308996938995753867 ) ;
#574 = AXIS2_PLACEMENT_3D ( 'NONE', #623, #1236, #3678 ) ;
#575 = CONICAL_SURFACE ( 'NONE', #3869, 14.11499999999999844, 1.308996938995753867 ) ;
#576 = EDGE_LOOP ( 'NONE', ( #2120, #303, #1315 ) ) ;
#577 = APPROVAL ( #1751, '未指定' ) ;
#578 = ADVANCED_FACE ( 'NONE', ( #2591 ), #3824, .T. ) ;
#579 = CARTESIAN_POINT ( 'NONE',  ( -0.4078726562911287323, 8.556330989388683861, -7.409999999998638565 ) ) ;
#580 = CARTESIAN_POINT ( 'NONE',  ( -14.40000000000372360, 0.000000000000000000, 0.000000000000000000 ) ) ;
#581 = EDGE_CURVE ( 'NONE', #1741, #2030, #2433, .T. ) ;
#582 = AXIS2_PLACEMENT_3D ( 'NONE', #2020, #2919, #500 ) ;
#583 = APPLICATION_PROTOCOL_DEFINITION ( 'international standard', 'config_control_design', 1994, #124 ) ;
#584 = ADVANCED_FACE ( 'NONE', ( #757 ), #1732, .F. ) ;
#585 = CARTESIAN_POINT ( 'NONE',  ( -3.455323577095457666E-14, 9.525000000000000355, 17.60000000000000142 ) ) ;
#586 = DIRECTION ( 'NONE',  ( 0.000000000000000000, 0.000000000000000000, 1.000000000000000000 ) ) ;
#587 = PLANE ( 'NONE',  #1981 ) ;
#588 = DIRECTION ( 'NONE',  ( 0.000000000000000000, 0.000000000000000000, -1.000000000000000000 ) ) ;
#589 = ORIENTED_EDGE ( 'NONE', *, *, #2130, .T. ) ;
#590 = ORIENTED_EDGE ( 'NONE', *, *, #672, .T. ) ;
#591 = CARTESIAN_POINT ( 'NONE',  ( -10.10000000000428955, 0.000000000000000000, 4.829474167757560110 ) ) ;
#592 = CARTESIAN_POINT ( 'NONE',  ( 6.096152422706743401, -3.389467538718816803E-16, 0.000000000000000000 ) ) ;
#593 = ADVANCED_FACE ( 'NONE', ( #1053 ), #2307, .T. ) ;
#594 = EDGE_LOOP ( 'NONE', ( #929, #650, #3234 ) ) ;
#595 = ORIENTED_EDGE ( 'NONE', *, *, #3601, .F. ) ;
#596 = CARTESIAN_POINT ( 'NONE',  ( 1.006550781153894234E-13, -9.525000000000000355, 17.60000000000000142 ) ) ;
#597 = CIRCLE ( 'NONE', #3829, 11.11499999999999666 ) ;
#598 = EDGE_CURVE ( 'NONE', #3649, #1585, #2935, .T. ) ;
#599 = ORIENTED_EDGE ( 'NONE', *, *, #3036, .F. ) ;
#600 = FACE_OUTER_BOUND ( 'NONE', #3776, .T. ) ;
#601 = CARTESIAN_POINT ( 'NONE',  ( 6.402153650224500225, 7.961144599948611678, 0.3770952061963316337 ) ) ;
#602 = PERSON_AND_ORGANIZATION ( #2733, #1526 ) ;
#603 = CC_DESIGN_APPROVAL ( #166, ( #539 ) ) ;
#604 = EDGE_CURVE ( 'NONE', #2148, #1802, #1414, .T. ) ;
#605 = CARTESIAN_POINT ( 'NONE',  ( -0.4499999999993617994, -9.625872363062272896, 5.557499999998981366 ) ) ;
#606 = CARTESIAN_POINT ( 'NONE',  ( 1.869027305895909707, 9.525000000000005684, 17.50151665157096659 ) ) ;
#607 = DIRECTION ( 'NONE',  ( -1.000000000000000000, 0.000000000000000000, 0.000000000000000000 ) ) ;
#608 = CONICAL_SURFACE ( 'NONE', #2385, 11.11500000000000021, 1.308996938995753867 ) ;
#609 = CARTESIAN_POINT ( 'NONE',  ( -8.248891971046740323, -4.762500000000066791, 0.000000000000000000 ) ) ;
#610 = EDGE_LOOP ( 'NONE', ( #1927, #2306, #2925, #2180 ) ) ;
#611 = ORIENTED_EDGE ( 'NONE', *, *, #2282, .T. ) ;
#612 = CARTESIAN_POINT ( 'NONE',  ( 0.000000000000000000, 0.000000000000000000, 17.10000000000000142 ) ) ;
#613 = CARTESIAN_POINT ( 'NONE',  ( 0.000000000000000000, 0.000000000000000000, 0.000000000000000000 ) ) ;
#614 = ORIENTED_EDGE ( 'NONE', *, *, #19, .T. ) ;
#615 = CARTESIAN_POINT ( 'NONE',  ( 1.869027305898129931, -9.524999999999973710, 17.50151665157070013 ) ) ;
#616 = EDGE_LOOP ( 'NONE', ( #3902, #770, #3627, #1762, #192, #1323 ) ) ;
#617 = CARTESIAN_POINT ( 'NONE',  ( 6.900000000000090061, -3.389467538718734466E-16, 11.11500000000000021 ) ) ;
#618 = CARTESIAN_POINT ( 'NONE',  ( -0.4499999999993617994, -9.625872363062278225, -5.557499999998982254 ) ) ;
#619 = AXIS2_PLACEMENT_3D ( 'NONE', #26, #3359, #320 ) ;
#620 = AXIS2_PLACEMENT_3D ( 'NONE', #726, #1944, #1377 ) ;
#621 = CYLINDRICAL_SURFACE ( 'NONE', #1831, 3.874999999999845901 ) ;
#622 = CARTESIAN_POINT ( 'NONE',  ( -10.09741881116688056, -1.560757593757291062, 0.3778458271643913569 ) ) ;
#623 = CARTESIAN_POINT ( 'NONE',  ( -31.30000000000291038, 0.000000000000000000, 0.000000000000000000 ) ) ;
#624 = DIRECTION ( 'NONE',  ( -0.000000000000000000, -0.000000000000000000, -1.000000000000000000 ) ) ;
#625 = VERTEX_POINT ( 'NONE', #1999 ) ;
#626 = ORIENTED_EDGE ( 'NONE', *, *, #243, .F. ) ;
#627 = DIRECTION ( 'NONE',  ( 1.000000000000000000, -0.000000000000000000, -0.000000000000000000 ) ) ;
#628 = CARTESIAN_POINT ( 'NONE',  ( -10.60000000000365539, 0.000000000000000000, 0.000000000000000000 ) ) ;
#629 = ADVANCED_FACE ( 'NONE', ( #2863 ), #2807, .F. ) ;
#630 = CARTESIAN_POINT ( 'NONE',  ( -6.100000000003882761, -8.526512829121202230E-14, 0.000000000000000000 ) ) ;
#631 = DATE_TIME_ROLE ( 'classification_date' ) ;
#632 = EDGE_LOOP ( 'NONE', ( #1763, #3694, #658, #3351 ) ) ;
#633 = VERTEX_POINT ( 'NONE', #2880 ) ;
#634 = DIRECTION ( 'NONE',  ( 1.000000000000000000, 0.000000000000000000, 0.000000000000000000 ) ) ;
#635 = EDGE_LOOP ( 'NONE', ( #3064, #33, #2158, #994 ) ) ;
#636 = CIRCLE ( 'NONE', #1977, 5.475000000000363798 ) ;
#637 = DIRECTION ( 'NONE',  ( 0.000000000000000000, 0.000000000000000000, -1.000000000000000000 ) ) ;
#638 = CC_DESIGN_APPROVAL ( #2654, ( #3177 ) ) ;
#639 = AXIS2_PLACEMENT_3D ( 'NONE', #3845, #1725, #2013 ) ;
#640 = APPROVAL_STATUS ( 'not_yet_approved' ) ;
#641 = AXIS2_PLACEMENT_3D ( 'NONE', #2563, #173, #1381 ) ;
#642 = EDGE_CURVE ( 'NONE', #1039, #1403, #3446, .T. ) ;
#643 = LINE ( 'NONE', #341, #437 ) ;
#644 = AXIS2_PLACEMENT_3D ( 'NONE', #741, #447, #1662 ) ;
#645 = CARTESIAN_POINT ( 'NONE',  ( 10.54984241687413160, -0.7771369221287898199, 17.00830695474096643 ) ) ;
#646 = DIRECTION ( 'NONE',  ( -1.000000000000000000, 0.000000000000000000, 0.000000000000000000 ) ) ;
#647 = DIRECTION ( 'NONE',  ( 0.5000000000000009992, -0.8660254037844380415, 0.000000000000000000 ) ) ;
#648 = ADVANCED_FACE ( 'NONE', ( #3794, #1091 ), #3501, .F. ) ;
#649 = ORIENTED_EDGE ( 'NONE', *, *, #61, .F. ) ;
#650 = ORIENTED_EDGE ( 'NONE', *, *, #3779, .F. ) ;
#651 = CARTESIAN_POINT ( 'NONE',  ( -14.80000000000380744, 0.000000000000000000, 0.000000000000000000 ) ) ;
#652 = CARTESIAN_POINT ( 'NONE',  ( -10.99852262806237846, -7.632217764024648044E-14, 16.74926131403118035 ) ) ;
#653 = EDGE_CURVE ( 'NONE', #2501, #3258, #1638, .T. ) ;
#654 = ORIENTED_EDGE ( 'NONE', *, *, #1827, .T. ) ;
#655 = ORIENTED_EDGE ( 'NONE', *, *, #3830, .T. ) ;
#656 = CARTESIAN_POINT ( 'NONE',  ( -7.781140988492938781, 5.572668467073522258, 0.02010828335194611918 ) ) ;
#657 = EDGE_CURVE ( 'NONE', #3014, #506, #2373, .T. ) ;
#658 = ORIENTED_EDGE ( 'NONE', *, *, #3287, .T. ) ;
#659 = CARTESIAN_POINT ( 'NONE',  ( -6.100000000003942269, 3.874999999999958256, 0.000000000000000000 ) ) ;
#660 = APPROVAL_ROLE ( '' ) ;
#661 = VECTOR ( 'NONE', #3235, 1000.000000000000000 ) ;
#662 = CARTESIAN_POINT ( 'NONE',  ( -4.604223021015033446, -9.525000000000048317, 0.5923633862648668424 ) ) ;
#663 = FACE_BOUND ( 'NONE', #2347, .T. ) ;
#664 = APPROVAL ( #2430, '未指定' ) ;
#665 = CARTESIAN_POINT ( 'NONE',  ( -5.499261314031233638, 9.524999999999979039, 16.74926131403118035 ) ) ;
#666 = CARTESIAN_POINT ( 'NONE',  ( 0.000000000000000000, 0.000000000000000000, 17.60000000000000142 ) ) ;
#667 = CARTESIAN_POINT ( 'NONE',  ( 10.99852262806237846, 0.000000000000000000, 17.60000000000000142 ) ) ;
#668 = ORIENTED_EDGE ( 'NONE', *, *, #282, .T. ) ;
#669 = ORIENTED_EDGE ( 'NONE', *, *, #1718, .T. ) ;
#670 = DIRECTION ( 'NONE',  ( 0.000000000000000000, 0.000000000000000000, 1.000000000000000000 ) ) ;
#671 = VECTOR ( 'NONE', #1805, 1000.000000000000000 ) ;
#672 = EDGE_CURVE ( 'NONE', #2698, #3423, #1318, .T. ) ;
#673 = CARTESIAN_POINT ( 'NONE',  ( -1.853183372580812893, -9.525000000000018119, 17.52002621221957313 ) ) ;
#674 = COORDINATED_UNIVERSAL_TIME_OFFSET ( 8, 0, .AHEAD. ) ;
#675 = ORIENTED_EDGE ( 'NONE', *, *, #996, .T. ) ;
#676 = VERTEX_POINT ( 'NONE', #2557 ) ;
#677 = CARTESIAN_POINT ( 'NONE',  ( 0.000000000000000000, 0.000000000000000000, -2.200000000000000178 ) ) ;
#678 = ORIENTED_EDGE ( 'NONE', *, *, #3817, .T. ) ;
#679 = DIRECTION ( 'NONE',  ( 1.000000000000000000, 0.000000000000000000, -0.000000000000000000 ) ) ;
#680 = DATE_AND_TIME ( #2193, #256 ) ;
#681 = CARTESIAN_POINT ( 'NONE',  ( -0.9299162373890313971, -9.525000000000009237, -3.049318610115480235E-16 ) ) ;
#682 = FACE_BOUND ( 'NONE', #1921, .T. ) ;
#683 = LINE ( 'NONE', #324, #1738 ) ;
#684 = AXIS2_PLACEMENT_3D ( 'NONE', #2809, #409, #2263 ) ;
#685 = ORIENTED_EDGE ( 'NONE', *, *, #1640, .T. ) ;
#686 = VERTEX_POINT ( 'NONE', #3464 ) ;
#687 = FACE_OUTER_BOUND ( 'NONE', #1943, .T. ) ;
#688 = CARTESIAN_POINT ( 'NONE',  ( 6.900000000000090061, 5.670311641077862597E-15, -11.11500000000000021 ) ) ;
#689 = DATE_AND_TIME ( #3292, #2751 ) ;
#690 = ORIENTED_EDGE ( 'NONE', *, *, #1935, .T. ) ;
#691 = VERTEX_POINT ( 'NONE', #1730 ) ;
#692 = FACE_OUTER_BOUND ( 'NONE', #2523, .T. ) ;
#693 = DIRECTION ( 'NONE',  ( 0.000000000000000000, 5.406440301349290464E-16, -1.000000000000000000 ) ) ;
#694 = EDGE_LOOP ( 'NONE', ( #338, #3323, #1160, #2544 ) ) ;
#695 = CARTESIAN_POINT ( 'NONE',  ( 5.499261314031167025, 9.525000000000019895, 17.60000000000000142 ) ) ;
#696 = PERSON_AND_ORGANIZATION ( #2733, #1526 ) ;
#697 = EDGE_CURVE ( 'NONE', #3550, #1214, #561, .T. ) ;
#698 = EDGE_CURVE ( 'NONE', #2928, #193, #204, .T. ) ;
#699 = DIRECTION ( 'NONE',  ( -0.000000000000000000, -0.000000000000000000, -1.000000000000000000 ) ) ;
#700 = CARTESIAN_POINT ( 'NONE',  ( 6.900000000000090949, -3.389467538718816803E-16, -2.261695613380076942E-15 ) ) ;
#701 = CIRCLE ( 'NONE', #2728, 0.2000000000000005107 ) ;
#702 = DIRECTION ( 'NONE',  ( 0.000000000000000000, -1.224646799147353207E-16, 1.000000000000000000 ) ) ;
#703 = ADVANCED_FACE ( 'NONE', ( #1774 ), #2330, .T. ) ;
#704 = ORIENTED_EDGE ( 'NONE', *, *, #992, .T. ) ;
#705 = VERTEX_POINT ( 'NONE', #3557 ) ;
#706 = DIRECTION ( 'NONE',  ( 0.000000000000000000, 0.000000000000000000, 1.000000000000000000 ) ) ;
#707 = FACE_OUTER_BOUND ( 'NONE', #576, .T. ) ;
#708 = ITEM_DEFINED_TRANSFORMATION ( 'NONE', 'NONE', #2224,  #884 ) ;
#709 = EDGE_LOOP ( 'NONE', ( #1795, #2302 ) ) ;
#710 = ORIENTED_EDGE ( 'NONE', *, *, #1286, .T. ) ;
#711 = FACE_BOUND ( 'NONE', #3053, .T. ) ;
#712 = CARTESIAN_POINT ( 'NONE',  ( -7.909999999999399733, 0.000000000000000000, -4.765000000000782165 ) ) ;
#713 = B_SPLINE_CURVE_WITH_KNOTS ( 'NONE', 3,
 ( #949, #1868, #2773, #968, #1828, #3029, #2442, #652 ),
 .UNSPECIFIED., .F., .F.,
 ( 4, 2, 2, 4 ),
 ( 0.005564589980275986246, 0.006950476802621102096, 0.008336363624966217079, 0.01110813726965644531 ),
 .UNSPECIFIED. ) ;
#714 = EDGE_CURVE ( 'NONE', #1245, #290, #3777, .T. ) ;
#715 = ORIENTED_EDGE ( 'NONE', *, *, #2735, .F. ) ;
#716 = PLANE ( 'NONE',  #955 ) ;
#717 = AXIS2_PLACEMENT_3D ( 'NONE', #3586, #1428, #555 ) ;
#718 = EDGE_CURVE ( 'NONE', #2128, #1491, #221, .T. ) ;
#719 = COORDINATED_UNIVERSAL_TIME_OFFSET ( 8, 0, .AHEAD. ) ;
#720 = AXIS2_PLACEMENT_3D ( 'NONE', #2610, #3781, #721 ) ;
#721 = DIRECTION ( 'NONE',  ( 0.000000000000000000, 0.000000000000000000, 1.000000000000000000 ) ) ;
#722 = EDGE_CURVE ( 'NONE', #2128, #3250, #1232, .T. ) ;
#723 =( NAMED_UNIT ( * ) PLANE_ANGLE_UNIT ( ) SI_UNIT ( $, .RADIAN. ) );
#724 = DIRECTION ( 'NONE',  ( 1.000000000000000000, 0.000000000000000000, 0.000000000000000000 ) ) ;
#725 = EDGE_LOOP ( 'NONE', ( #496, #1185 ) ) ;
#726 = CARTESIAN_POINT ( 'NONE',  ( 0.000000000000000000, 0.000000000000000000, 17.60000000000000142 ) ) ;
#727 = ORGANIZATION ( 'NAUO-ORG2', 'UNSPECIFIED', 'UNSPECIFIED' ) ;
#728 = CARTESIAN_POINT ( 'NONE',  ( 15.59999999999936193, 0.000000000000000000, 0.000000000000000000 ) ) ;
#729 = DIRECTION ( 'NONE',  ( -6.144964491593366446E-17, -1.000000000000000000, 0.000000000000000000 ) ) ;
#730 = AXIS2_PLACEMENT_3D ( 'NONE', #3854, #3543, #2038 ) ;
#731 = AXIS2_PLACEMENT_3D ( 'NONE', #2371, #1710, #3278 ) ;
#732 = EDGE_LOOP ( 'NONE', ( #2227, #3509, #916, #3879 ) ) ;
#733 = ORIENTED_EDGE ( 'NONE', *, *, #3575, .T. ) ;
#734 = CARTESIAN_POINT ( 'NONE',  ( 6.582553679375783062, 12.29972579724623571, 0.9262499999998332623 ) ) ;
#735 = CARTESIAN_POINT ( 'NONE',  ( 0.000000000000000000, 0.000000000000000000, 0.000000000000000000 ) ) ;
#736 = AXIS2_PLACEMENT_3D ( 'NONE', #3026, #3308, #3662 ) ;
#737 = ORIENTED_EDGE ( 'NONE', *, *, #1170, .F. ) ;
#738 = CARTESIAN_POINT ( 'NONE',  ( -0.3023583949538694027, 6.434392441164214382, 4.280397383082608087 ) ) ;
#739 = PERSON_AND_ORGANIZATION_ROLE ( 'design_supplier' ) ;
#740 = FACE_OUTER_BOUND ( 'NONE', #3025, .T. ) ;
#741 = CARTESIAN_POINT ( 'NONE',  ( 6.900000000000090949, 5.500000000000682121, 0.000000000000000000 ) ) ;
#742 = EDGE_LOOP ( 'NONE', ( #1159, #1064, #374, #102 ) ) ;
#743 = DIRECTION ( 'NONE',  ( 1.000000000000000000, -0.000000000000000000, -0.000000000000000000 ) ) ;
#744 = FACE_OUTER_BOUND ( 'NONE', #3642, .T. ) ;
#745 = DIRECTION ( 'NONE',  ( -1.000000000000000000, 0.000000000000000000, -0.000000000000000000 ) ) ;
#746 = COORDINATED_UNIVERSAL_TIME_OFFSET ( 8, 0, .AHEAD. ) ;
#747 = ORIENTED_EDGE ( 'NONE', *, *, #181, .T. ) ;
#748 = CIRCLE ( 'NONE', #937, 3.199999999999151079 ) ;
#749 = CC_DESIGN_PERSON_AND_ORGANIZATION_ASSIGNMENT ( #202, #1454, ( #1270 ) ) ;
#750 = EDGE_CURVE ( 'NONE', #3567, #3090, #3076, .T. ) ;
#751 = AXIS2_PLACEMENT_3D ( 'NONE', #2888, #246, #3280 ) ;
#752 = CIRCLE ( 'NONE', #2274, 5.500000000000682121 ) ;
#753 = DIRECTION ( 'NONE',  ( -0.000000000000000000, -0.000000000000000000, -1.000000000000000000 ) ) ;
#754 = VERTEX_POINT ( 'NONE', #3871 ) ;
#755 = DIRECTION ( 'NONE',  ( 0.000000000000000000, 0.000000000000000000, 1.000000000000000000 ) ) ;
#756 = DATE_AND_TIME ( #2210, #1852 ) ;
#757 = FACE_OUTER_BOUND ( 'NONE', #3127, .T. ) ;
#758 = EDGE_CURVE ( 'NONE', #2101, #3831, #2448, .T. ) ;
#759 = DIRECTION ( 'NONE',  ( 0.000000000000000000, 0.000000000000000000, 1.000000000000000000 ) ) ;
#760 = APPROVAL_PERSON_ORGANIZATION ( #3143, #2248, #1657 ) ;
#761 = CARTESIAN_POINT ( 'NONE',  ( -0.4499999999993606892, 9.625872363062272896, -5.557499999998981366 ) ) ;
#762 = VECTOR ( 'NONE', #1294, 999.9999999999998863 ) ;
#763 = PLANE ( 'NONE',  #1395 ) ;
#764 = DIRECTION ( 'NONE',  ( 1.000000000000000000, -5.560011140951532788E-17, 0.000000000000000000 ) ) ;
#765 = AXIS2_PLACEMENT_3D ( 'NONE', #2259, #1982, #1339 ) ;
#766 = CARTESIAN_POINT ( 'NONE',  ( -4.604223021014520967, 9.524999999999982592, 17.00763661373532187 ) ) ;
#767 = AXIS2_PLACEMENT_3D ( 'NONE', #612, #1264, #14 ) ;
#768 = EDGE_CURVE ( 'NONE', #2030, #1741, #851, .T. ) ;
#769 = CONICAL_SURFACE ( 'NONE', #138, 14.11499999999999844, 1.308996938995753867 ) ;
#770 = ORIENTED_EDGE ( 'NONE', *, *, #1656, .T. ) ;
#771 = ORIENTED_EDGE ( 'NONE', *, *, #3697, .F. ) ;
#772 = DIRECTION ( 'NONE',  ( -1.000000000000000000, -0.000000000000000000, -0.000000000000000000 ) ) ;
#773 = CIRCLE ( 'NONE', #1148, 0.2999999999999999334 ) ;
#774 = ADVANCED_FACE ( 'NONE', ( #3540 ), #34, .F. ) ;
#775 = EDGE_LOOP ( 'NONE', ( #2244, #2100, #2468, #2736 ) ) ;
#776 = CARTESIAN_POINT ( 'NONE',  ( -5.449999999999997513, 0.000000000000000000, -3.000000000000000000 ) ) ;
#777 = CIRCLE ( 'NONE', #3693, 9.275000000000002132 ) ;
#778 = EDGE_CURVE ( 'NONE', #1857, #2976, #3077, .T. ) ;
#779 = COORDINATED_UNIVERSAL_TIME_OFFSET ( 8, 0, .AHEAD. ) ;
#780 = DIRECTION ( 'NONE',  ( -0.000000000000000000, 0.000000000000000000, 1.000000000000000000 ) ) ;
#781 = CARTESIAN_POINT ( 'NONE',  ( -5.499261314031233638, 9.524999999999979039, 17.60000000000000142 ) ) ;
#782 = CARTESIAN_POINT ( 'NONE',  ( -8.248891971046740323, -4.762500000000066791, 17.60000000000000142 ) ) ;
#783 = CARTESIAN_POINT ( 'NONE',  ( -6.100000000003942269, -3.875000000000043965, -4.745506346695942618E-16 ) ) ;
#784 = DIRECTION ( 'NONE',  ( 0.000000000000000000, 0.000000000000000000, 1.000000000000000000 ) ) ;
#785 = CARTESIAN_POINT ( 'NONE',  ( 0.1499149725249026566, -6.440010226570601404, 6.550057268799411858 ) ) ;
#786 = CARTESIAN_POINT ( 'NONE',  ( -3.455323577095457666E-14, 9.525000000000000355, 17.60000000000000142 ) ) ;
#787 = DATE_TIME_ROLE ( 'classification_date' ) ;
#788 = VECTOR ( 'NONE', #3590, 1000.000000000000114 ) ;
#789 = EDGE_LOOP ( 'NONE', ( #3704, #1464 ) ) ;
#790 = CARTESIAN_POINT ( 'NONE',  ( -0.2489051501027041424, -11.76495511040944386, -1.852499999999660973 ) ) ;
#791 = LINE ( 'NONE', #1143, #2353 ) ;
#792 = EDGE_CURVE ( 'NONE', #193, #2369, #2258, .T. ) ;
#793 = CC_DESIGN_SECURITY_CLASSIFICATION ( #414, ( #3921 ) ) ;
#794 = ORIENTED_EDGE ( 'NONE', *, *, #865, .T. ) ;
#795 = DIRECTION ( 'NONE',  ( -1.000000000000000000, 5.560011140951532788E-17, -0.000000000000000000 ) ) ;
#796 = AXIS2_PLACEMENT_3D ( 'NONE', #3565, #2340, #176 ) ;
#797 = APPLICATION_PROTOCOL_DEFINITION ( 'international standard', 'config_control_design', 1994, #2564 ) ;
#798 = DIRECTION ( 'NONE',  ( 1.000000000000000000, -0.000000000000000000, -0.000000000000000000 ) ) ;
#799 = DIRECTION ( 'NONE',  ( -1.000000000000000000, 0.000000000000000000, 0.000000000000000000 ) ) ;
#800 = DIRECTION ( 'NONE',  ( 1.000000000000000000, 0.000000000000000000, 0.000000000000000000 ) ) ;
#801 = DIRECTION ( 'NONE',  ( -1.000000000000000000, -0.000000000000000000, -0.000000000000000000 ) ) ;
#802 = CARTESIAN_POINT ( 'NONE',  ( 5.499261314031300252, -9.524999999999941735, 17.60000000000000142 ) ) ;
#803 = DIRECTION ( 'NONE',  ( -1.000000000000000000, -0.000000000000000000, -0.000000000000000000 ) ) ;
#804 = DATE_TIME_ROLE ( 'classification_date' ) ;
#805 = VERTEX_POINT ( 'NONE', #2093 ) ;
#806 = CARTESIAN_POINT ( 'NONE',  ( 0.000000000000000000, 0.000000000000000000, 4.765000000001083258 ) ) ;
#807 = CARTESIAN_POINT ( 'NONE',  ( 0.3020164383957557042, -6.434431953361673173, 4.280142156556512312 ) ) ;
#808 = ADVANCED_FACE ( 'NONE', ( #1437 ), #2758, .T. ) ;
#809 = VERTEX_POINT ( 'NONE', #2645 ) ;
#810 = DIRECTION ( 'NONE',  ( 0.000000000000000000, 0.000000000000000000, -1.000000000000000000 ) ) ;
#811 = DATE_AND_TIME ( #1708, #3679 ) ;
#812 = ORIENTED_EDGE ( 'NONE', *, *, #2716, .F. ) ;
#813 = CARTESIAN_POINT ( 'NONE',  ( -31.30000000000291038, 0.000000000000000000, 0.000000000000000000 ) ) ;
#814 = DIRECTION ( 'NONE',  ( 1.000000000000000000, 0.000000000000000000, 0.000000000000000000 ) ) ;
#815 = CC_DESIGN_PERSON_AND_ORGANIZATION_ASSIGNMENT ( #2774, #3428, ( #1167 ) ) ;
#816 = ADVANCED_FACE ( 'NONE', ( #837 ), #3295, .T. ) ;
#817 = ADVANCED_FACE ( 'NONE', ( #1457 ), #2703, .F. ) ;
#818 = CARTESIAN_POINT ( 'NONE',  ( 0.000000000000000000, 0.000000000000000000, 0.000000000000000000 ) ) ;
#819 = CARTESIAN_POINT ( 'NONE',  ( 6.900000000000633626, -1.079254363040726306, 11.11499999999796451 ) ) ;
#820 = DIRECTION ( 'NONE',  ( -1.000000000000000000, -0.000000000000000000, -0.000000000000000000 ) ) ;
#821 = EDGE_CURVE ( 'NONE', #2380, #1875, #2577, .T. ) ;
#822 = LINE ( 'NONE', #2671, #538 ) ;
#823 = VECTOR ( 'NONE', #2469, 1000.000000000000114 ) ;
#824 = ORIENTED_EDGE ( 'NONE', *, *, #2309, .F. ) ;
#825 = ORIENTED_EDGE ( 'NONE', *, *, #123, .F. ) ;
#826 = DIRECTION ( 'NONE',  ( -1.000000000000000000, -0.000000000000000000, -0.000000000000000000 ) ) ;
#827 = LOCAL_TIME ( 18, 43, 25.00000000000000000, #3183 ) ;
#828 = CARTESIAN_POINT ( 'NONE',  ( 0.1525673339877260393, -6.439984576866324417, 4.250086369562017907 ) ) ;
#829 = AXIS2_PLACEMENT_3D ( 'NONE', #569, #1789, #2992 ) ;
#830 = ORIENTED_EDGE ( 'NONE', *, *, #1766, .T. ) ;
#831 = CONICAL_SURFACE ( 'NONE', #1856, 3.222179676971717033, 0.5235987755958393386 ) ;
#832 = LINE ( 'NONE', #2997, #2506 ) ;
#833 = CC_DESIGN_PERSON_AND_ORGANIZATION_ASSIGNMENT ( #1191, #895, ( #3276 ) ) ;
#834 = CALENDAR_DATE ( 2025, 23, 7 ) ;
#835 = DESIGN_CONTEXT ( 'detailed design', #2564, 'design' ) ;
#836 = ORIENTED_EDGE ( 'NONE', *, *, #697, .F. ) ;
#837 = FACE_OUTER_BOUND ( 'NONE', #3383, .T. ) ;
#838 = EDGE_CURVE ( 'NONE', #3250, #2266, #1879, .T. ) ;
#839 = DIRECTION ( 'NONE',  ( 0.000000000000000000, 0.000000000000000000, 1.000000000000000000 ) ) ;
#840 = CARTESIAN_POINT ( 'NONE',  ( 10.09563029186906746, -1.563855400051398448, 0.3770952061963425139 ) ) ;
#841 = CARTESIAN_POINT ( 'NONE',  ( -0.1507923085056403212, -6.439989743549025647, 6.549942563870490453 ) ) ;
#842 = FACE_BOUND ( 'NONE', #709, .T. ) ;
#843 = ORIENTED_EDGE ( 'NONE', *, *, #361, .T. ) ;
#844 = EDGE_LOOP ( 'NONE', ( #2511, #3915, #1668, #891 ) ) ;
#845 = CARTESIAN_POINT ( 'NONE',  ( -5.499261314031101300, -9.525000000000057199, 16.74926131403117679 ) ) ;
#846 = DIRECTION ( 'NONE',  ( -0.000000000000000000, -0.000000000000000000, -1.000000000000000000 ) ) ;
#847 = AXIS2_PLACEMENT_3D ( 'NONE', #3731, #772, #1993 ) ;
#848 = ORIENTED_EDGE ( 'NONE', *, *, #1475, .T. ) ;
#849 = CARTESIAN_POINT ( 'NONE',  ( 8.248891971046772298, 4.762500000000010836, 17.60000000000000142 ) ) ;
#850 = CALENDAR_DATE ( 2025, 23, 7 ) ;
#851 = CIRCLE ( 'NONE', #2945, 3.875000000000001776 ) ;
#852 = ORIENTED_EDGE ( 'NONE', *, *, #718, .F. ) ;
#853 = DIRECTION ( 'NONE',  ( 1.224646799147353207E-16, 1.000000000000000000, -0.000000000000000000 ) ) ;
#854 = AXIS2_PLACEMENT_3D ( 'NONE', #3644, #53, #1568 ) ;
#855 = DIRECTION ( 'NONE',  ( -1.000000000000000000, -3.016910393003142859E-15, 0.000000000000000000 ) ) ;
#856 = DIRECTION ( 'NONE',  ( 0.000000000000000000, 0.000000000000000000, 1.000000000000000000 ) ) ;
#857 = CARTESIAN_POINT ( 'NONE',  ( -6.440000000000000391, 0.000000000000000000, 17.10000000000000142 ) ) ;
#858 = ORIENTED_EDGE ( 'NONE', *, *, #410, .T. ) ;
#859 = VERTEX_POINT ( 'NONE', #3156 ) ;
#860 = CARTESIAN_POINT ( 'NONE',  ( -7.780436236922136928, 5.573889132600867491, 17.60000000000001208 ) ) ;
#861 = CARTESIAN_POINT ( 'NONE',  ( 0.01073769429882861191, -6.417248242041515560, 11.11499999999796273 ) ) ;
#862 = PRODUCT_DEFINITION_SHAPE ( 'NONE', 'NONE',  #3918 ) ;
#863 = CC_DESIGN_DATE_AND_TIME_ASSIGNMENT ( #3834, #2017, ( #2161 ) ) ;
#864 = EDGE_CURVE ( 'NONE', #254, #2449, #398, .T. ) ;
#865 = EDGE_CURVE ( 'NONE', #3453, #2396, #90, .T. ) ;
#866 = ORIENTED_EDGE ( 'NONE', *, *, #3802, .F. ) ;
#867 = LINE ( 'NONE', #2680, #1357 ) ;
#868 = ITEM_DEFINED_TRANSFORMATION ( 'NONE', 'NONE', #2037,  #884 ) ;
#869 = AXIS2_PLACEMENT_3D ( 'NONE', #728, #2519, #3724 ) ;
#870 = ORIENTED_EDGE ( 'NONE', *, *, #2184, .T. ) ;
#871 = DIRECTION ( 'NONE',  ( -0.000000000000000000, 0.8660254037844387076, 0.4999999999999999445 ) ) ;
#872 = DIRECTION ( 'NONE',  ( 1.000000000000000000, 0.000000000000000000, 0.000000000000000000 ) ) ;
#873 = SHAPE_DEFINITION_REPRESENTATION ( #2078, #2370 ) ;
#874 = CARTESIAN_POINT ( 'NONE',  ( 0.000000000000000000, 0.000000000000000000, 17.10000000000000142 ) ) ;
#875 = DIRECTION ( 'NONE',  ( -1.000000000000000000, 5.560011140951532788E-17, -0.000000000000000000 ) ) ;
#876 = EDGE_CURVE ( 'NONE', #2043, #3199, #3454, .T. ) ;
#877 = FACE_OUTER_BOUND ( 'NONE', #3065, .T. ) ;
#878 = ORIENTED_EDGE ( 'NONE', *, *, #3182, .T. ) ;
#879 = ORIENTED_EDGE ( 'NONE', *, *, #1407, .T. ) ;
#880 = DIRECTION ( 'NONE',  ( -1.000000000000000000, -0.000000000000000000, -0.000000000000000000 ) ) ;
#881 = DIRECTION ( 'NONE',  ( -1.000000000000000000, -0.000000000000000000, -0.000000000000000000 ) ) ;
#882 = EDGE_CURVE ( 'NONE', #1752, #1246, #2932, .T. ) ;
#883 = ORIENTED_EDGE ( 'NONE', *, *, #196, .T. ) ;
#884 = AXIS2_PLACEMENT_3D ( 'NONE', #3146, #2844, #129 ) ;
#885 = ORIENTED_EDGE ( 'NONE', *, *, #2598, .F. ) ;
#886 = AXIS2_PLACEMENT_3D ( 'NONE', #3068, #3664, #670 ) ;
#887 = CARTESIAN_POINT ( 'NONE',  ( -5.499261314031233638, 9.524999999999979039, 0.8507386859688200742 ) ) ;
#888 = CONICAL_SURFACE ( 'NONE', #3614, 4.765000000001082370, 0.3490658503988001149 ) ;
#889 = ADVANCED_FACE ( 'NONE', ( #2816 ), #2113, .F. ) ;
#890 = AXIS2_PLACEMENT_3D ( 'NONE', #1605, #3164, #2804 ) ;
#891 = ORIENTED_EDGE ( 'NONE', *, *, #714, .T. ) ;
#892 = DIRECTION ( 'NONE',  ( 0.000000000000000000, 0.000000000000000000, 1.000000000000000000 ) ) ;
#893 = CARTESIAN_POINT ( 'NONE',  ( -31.30000000000291038, 7.715274834628357918E-16, -6.300000000000027356 ) ) ;
#894 = ADVANCED_FACE ( 'NONE', ( #711, #692 ), #2222, .T. ) ;
#895 = PERSON_AND_ORGANIZATION_ROLE ( 'design_owner' ) ;
#896 = CARTESIAN_POINT ( 'NONE',  ( 10.54871925222719220, -0.7790823003625484411, 0.5910445858475915637 ) ) ;
#897 = CARTESIAN_POINT ( 'NONE',  ( 0.000000000000000000, 0.000000000000000000, 0.000000000000000000 ) ) ;
#898 = DIRECTION ( 'NONE',  ( -0.000000000000000000, -0.000000000000000000, -1.000000000000000000 ) ) ;
#899 = CARTESIAN_POINT ( 'NONE',  ( -5.499261314031100412, -9.525000000000057199, 17.60000000000000142 ) ) ;
#900 = EDGE_LOOP ( 'NONE', ( #438, #848 ) ) ;
#901 = ORIENTED_EDGE ( 'NONE', *, *, #2780, .F. ) ;
#902 = CARTESIAN_POINT ( 'NONE',  ( -0.4499999999993612443, 2.502005013424638093E-17, 0.000000000000000000 ) ) ;
#903 = DIRECTION ( 'NONE',  ( 0.000000000000000000, 0.000000000000000000, -1.000000000000000000 ) ) ;
#904 = AXIS2_PLACEMENT_3D ( 'NONE', #1009, #3770, #1048 ) ;
#905 = CARTESIAN_POINT ( 'NONE',  ( -9.179979922149314575, 3.149808362375173587, 0.08107999114722001799 ) ) ;
#906 = AXIS2_PLACEMENT_3D ( 'NONE', #3815, #1660, #427 ) ;
#907 = ORIENTED_EDGE ( 'NONE', *, *, #2201, .T. ) ;
#908 = CARTESIAN_POINT ( 'NONE',  ( 7.634999999999990905, 5.835441997938096519E-16, -4.765000000000782165 ) ) ;
#909 = AXIS2_PLACEMENT_3D ( 'NONE', #334, #2756, #990 ) ;
#910 = VECTOR ( 'NONE', #3364, 1000.000000000000000 ) ;
#911 = ORIENTED_EDGE ( 'NONE', *, *, #1298, .T. ) ;
#912 = DIRECTION ( 'NONE',  ( 1.000000000000000000, 3.627636301412553852E-15, 0.000000000000000000 ) ) ;
#913 = DIRECTION ( 'NONE',  ( -0.000000000000000000, -0.000000000000000000, -1.000000000000000000 ) ) ;
#914 = CIRCLE ( 'NONE', #541, 3.199999999999151079 ) ;
#915 = PERSON_AND_ORGANIZATION ( #2733, #1526 ) ;
#916 = ORIENTED_EDGE ( 'NONE', *, *, #2129, .F. ) ;
#917 = EDGE_CURVE ( 'NONE', #2131, #476, #1510, .T. ) ;
#918 = DIRECTION ( 'NONE',  ( 1.000000000000000000, -0.000000000000000000, -0.000000000000000000 ) ) ;
#919 = CARTESIAN_POINT ( 'NONE',  ( -0.1314455052261174484, -5.355978392821881151, -11.11499999999796628 ) ) ;
#920 = CARTESIAN_POINT ( 'NONE',  ( -8.285320342655021264, 0.000000000000000000, 0.000000000000000000 ) ) ;
#921 = CONICAL_SURFACE ( 'NONE', #3328, 11.11500000000000021, 1.308996938995753867 ) ;
#922 = DIRECTION ( 'NONE',  ( 5.364923030742486669E-17, 1.000000000000000000, 0.000000000000000000 ) ) ;
#923 = VERTEX_POINT ( 'NONE', #394 ) ;
#924 = VERTEX_POINT ( 'NONE', #439 ) ;
#925 = DIRECTION ( 'NONE',  ( 0.000000000000000000, 0.000000000000000000, 1.000000000000000000 ) ) ;
#926 = DIRECTION ( 'NONE',  ( 0.000000000000000000, 0.000000000000000000, 1.000000000000000000 ) ) ;
#927 = FACE_OUTER_BOUND ( 'NONE', #610, .T. ) ;
#928 = ORIENTED_EDGE ( 'NONE', *, *, #3224, .F. ) ;
#929 = ORIENTED_EDGE ( 'NONE', *, *, #3860, .F. ) ;
#930 = CARTESIAN_POINT ( 'NONE',  ( -6.400365130926707558, 7.964242406242756367, 0.3778458271643913013 ) ) ;
#931 = EDGE_CURVE ( 'NONE', #625, #3074, #3169, .T. ) ;
#932 = ORIENTED_EDGE ( 'NONE', *, *, #2810, .F. ) ;
#933 = CARTESIAN_POINT ( 'NONE',  ( 6.900000000000090949, 0.000000000000000000, 0.000000000000000000 ) ) ;
#934 = PERSON ( 'NAUO-PER1', 'UNSPECIFIED', 'UNSPECIFIED', ('UNSPECIFIED'), ('UNSPECIFIED'), ('UNSPECIFIED') ) ;
#935 = EDGE_CURVE ( 'NONE', #1179, #686, #1563, .T. ) ;
#936 = PERSON_AND_ORGANIZATION ( #2733, #1526 ) ;
#937 = AXIS2_PLACEMENT_3D ( 'NONE', #66, #2211, #1839 ) ;
#938 = CIRCLE ( 'NONE', #3666, 6.300000000000027356 ) ;
#939 = CARTESIAN_POINT ( 'NONE',  ( 8.248891971046839799, -4.762499999999969980, 0.000000000000000000 ) ) ;
#940 = FACE_OUTER_BOUND ( 'NONE', #1494, .T. ) ;
#941 = EDGE_CURVE ( 'NONE', #3311, #2698, #337, .T. ) ;
#942 = DIRECTION ( 'NONE',  ( -6.144964491593366446E-17, -1.000000000000000000, 0.000000000000000000 ) ) ;
#943 = CARTESIAN_POINT ( 'NONE',  ( -1.150000000000023004, 6.336489564419715670, 5.399999999999999467 ) ) ;
#944 = ORIENTED_EDGE ( 'NONE', *, *, #1935, .F. ) ;
#945 = ORIENTED_EDGE ( 'NONE', *, *, #190, .T. ) ;
#946 = CARTESIAN_POINT ( 'NONE',  ( 6.900000000000089173, -9.625872363064036819, -5.557500000000000995 ) ) ;
#947 = CARTESIAN_POINT ( 'NONE',  ( -1.119302812705762706, -6.342252172592739434, 5.096539403699175352 ) ) ;
#948 = EDGE_CURVE ( 'NONE', #268, #476, #1546, .T. ) ;
#949 = CARTESIAN_POINT ( 'NONE',  ( -8.248891971046806049, 4.762499999999953104, 17.60000000000000142 ) ) ;
#950 = DATE_AND_TIME ( #3131, #1876 ) ;
#951 = ORIENTED_EDGE ( 'NONE', *, *, #1718, .F. ) ;
#952 = ORIENTED_EDGE ( 'NONE', *, *, #3008, .T. ) ;
#953 = CARTESIAN_POINT ( 'NONE',  ( 0.000000000000000000, 0.000000000000000000, 0.000000000000000000 ) ) ;
#954 = VERTEX_POINT ( 'NONE', #1814 ) ;
#955 = AXIS2_PLACEMENT_3D ( 'NONE', #1655, #3498, #2285 ) ;
#956 = APPROVAL ( #163, '未指定' ) ;
#957 = FACE_OUTER_BOUND ( 'NONE', #3898, .T. ) ;
#958 = CC_DESIGN_APPROVAL ( #664, ( #3806 ) ) ;
#959 = CONICAL_SURFACE ( 'NONE', #317, 9.525000000000000355, 1.047197551196596521 ) ;
#960 = VECTOR ( 'NONE', #565, 1000.000000000000000 ) ;
#961 = EDGE_CURVE ( 'NONE', #1341, #290, #3018, .T. ) ;
#962 = CARTESIAN_POINT ( 'NONE',  ( -14.60000000000372289, 6.067182505131011115E-16, -4.954230484540701696 ) ) ;
#963 = DIRECTION ( 'NONE',  ( -1.000000000000000000, -0.000000000000000000, -0.000000000000000000 ) ) ;
#964 = ORIENTED_EDGE ( 'NONE', *, *, #1402, .F. ) ;
#965 = ORIENTED_EDGE ( 'NONE', *, *, #61, .T. ) ;
#966 = CIRCLE ( 'NONE', #1477, 9.525000000000000355 ) ;
#967 = CARTESIAN_POINT ( 'NONE',  ( -14.20000000000299423, 6.949870585160705123E-16, -5.674999999999571720 ) ) ;
#968 = CARTESIAN_POINT ( 'NONE',  ( -9.180332783635243743, 3.149197188353514587, 17.50207492918111285 ) ) ;
#969 = ORIENTED_EDGE ( 'NONE', *, *, #2810, .T. ) ;
#970 = VERTEX_POINT ( 'NONE', #3 ) ;
#971 = CARTESIAN_POINT ( 'NONE',  ( 3.709163999463268802, -9.524999999999961275, 17.21970371548185952 ) ) ;
#972 = ORIENTED_EDGE ( 'NONE', *, *, #993, .F. ) ;
#973 = DIRECTION ( 'NONE',  ( -0.000000000000000000, -0.000000000000000000, 1.000000000000000000 ) ) ;
#974 = CALENDAR_DATE ( 2025, 23, 7 ) ;
#975 = AXIS2_PLACEMENT_3D ( 'NONE', #473, #1687, #3474 ) ;
#976 = CARTESIAN_POINT ( 'NONE',  ( 0.01073769429882818691, -12.83449648408302757, -3.166195687737126502E-16 ) ) ;
#977 = CARTESIAN_POINT ( 'NONE',  ( -6.100000000003942269, 0.000000000000000000, 0.000000000000000000 ) ) ;
#978 = APPROVAL_PERSON_ORGANIZATION ( #3707, #2687, #373 ) ;
#979 = DIRECTION ( 'NONE',  ( 1.000000000000000000, -0.000000000000000000, -0.000000000000000000 ) ) ;
#980 = DIRECTION ( 'NONE',  ( 0.000000000000000000, -1.000000000000000000, 0.000000000000000000 ) ) ;
#981 = ORIENTED_EDGE ( 'NONE', *, *, #2238, .T. ) ;
#982 = VERTEX_POINT ( 'NONE', #618 ) ;
#983 = DIRECTION ( 'NONE',  ( 0.000000000000000000, 0.000000000000000000, 1.000000000000000000 ) ) ;
#984 = AXIS2_PLACEMENT_3D ( 'NONE', #3510, #2971, #251 ) ;
#985 = CARTESIAN_POINT ( 'NONE',  ( -0.9299162373890312860, -9.525000000000009237, 17.60000000000000142 ) ) ;
#986 = COORDINATED_UNIVERSAL_TIME_OFFSET ( 8, 0, .AHEAD. ) ;
#987 = ORIENTED_EDGE ( 'NONE', *, *, #3003, .T. ) ;
#988 = VERTEX_POINT ( 'NONE', #1836 ) ;
#989 = CARTESIAN_POINT ( 'NONE',  ( 6.857872656291858604, 10.69541373673585838, 3.704999999999323723 ) ) ;
#990 = DIRECTION ( 'NONE',  ( -1.000000000000000000, -3.016910393003142859E-15, 0.000000000000000000 ) ) ;
#991 = CC_DESIGN_PERSON_AND_ORGANIZATION_ASSIGNMENT ( #435, #2905, ( #414 ) ) ;
#992 = EDGE_CURVE ( 'NONE', #2960, #2752, #3126, .T. ) ;
#993 = EDGE_CURVE ( 'NONE', #2171, #248, #2431, .T. ) ;
#994 = ORIENTED_EDGE ( 'NONE', *, *, #3182, .F. ) ;
#995 = DIRECTION ( 'NONE',  ( 0.000000000000000000, 0.000000000000000000, -1.000000000000000000 ) ) ;
#996 = EDGE_CURVE ( 'NONE', #3052, #179, #1750, .T. ) ;
#997 = APPROVAL_ROLE ( '' ) ;
#998 = DIRECTION ( 'NONE',  ( 1.000000000000000000, 0.000000000000000000, 0.000000000000000000 ) ) ;
#999 = FACE_OUTER_BOUND ( 'NONE', #1153, .T. ) ;
#1000 = FACE_BOUND ( 'NONE', #529, .T. ) ;
#1001 = ORIENTED_EDGE ( 'NONE', *, *, #1184, .T. ) ;
#1002 = ORIENTED_EDGE ( 'NONE', *, *, #2820, .F. ) ;
#1003 = EDGE_CURVE ( 'NONE', #567, #119, #20, .T. ) ;
#1004 = DIRECTION ( 'NONE',  ( -1.000000000000000000, 0.000000000000000000, 0.000000000000000000 ) ) ;
#1005 = DIRECTION ( 'NONE',  ( 0.000000000000000000, 0.000000000000000000, 1.000000000000000000 ) ) ;
#1006 = CALENDAR_DATE ( 2025, 23, 7 ) ;
#1007 = EDGE_LOOP ( 'NONE', ( #3128, #1566 ) ) ;
#1008 = ORIENTED_EDGE ( 'NONE', *, *, #1372, .F. ) ;
#1009 = CARTESIAN_POINT ( 'NONE',  ( 15.59999999999936193, 0.000000000000000000, 0.000000000000000000 ) ) ;
#1010 = CARTESIAN_POINT ( 'NONE',  ( -8.248891971046740323, -4.762500000000066791, 17.60000000000000142 ) ) ;
#1011 = EDGE_CURVE ( 'NONE', #1843, #2369, #1087, .T. ) ;
#1012 = VERTEX_POINT ( 'NONE', #532 ) ;
#1013 = LINE ( 'NONE', #2228, #2572 ) ;
#1014 = ADVANCED_FACE ( 'NONE', ( #2696 ), #2054, .T. ) ;
#1015 = UNCERTAINTY_MEASURE_WITH_UNIT (LENGTH_MEASURE( 1.000000000000000082E-05 ), #1733, 'distance_accuracy_value', 'NONE');
#1016 = PERSON_AND_ORGANIZATION ( #2733, #1526 ) ;
#1017 = VECTOR ( 'NONE', #2761, 1000.000000000000000 ) ;
#1018 = CARTESIAN_POINT ( 'NONE',  ( -12.00000000000511058, 0.000000000000000000, 0.000000000000000000 ) ) ;
#1019 = VECTOR ( 'NONE', #3252, 1000.000000000000000 ) ;
#1020 = DIRECTION ( 'NONE',  ( 0.000000000000000000, 0.000000000000000000, 1.000000000000000000 ) ) ;
#1021 = ORIENTED_EDGE ( 'NONE', *, *, #3758, .T. ) ;
#1022 = VECTOR ( 'NONE', #1211, 1000.000000000000000 ) ;
#1023 = ORIENTED_EDGE ( 'NONE', *, *, #1653, .T. ) ;
#1024 = LINE ( 'NONE', #3191, #3092 ) ;
#1025 = CARTESIAN_POINT ( 'NONE',  ( 0.000000000000000000, 4.745506346695804567E-16, 3.874999999999845901 ) ) ;
#1026 = VERTEX_POINT ( 'NONE', #195 ) ;
#1027 = ORIENTED_EDGE ( 'NONE', *, *, #480, .F. ) ;
#1028 = DIRECTION ( 'NONE',  ( 0.000000000000000000, 1.000000000000000000, 0.000000000000000000 ) ) ;
#1029 = CARTESIAN_POINT ( 'NONE',  ( 0.9324499088804721891, -9.524999999999989697, 0.01980973342758636513 ) ) ;
#1030 = ORIENTED_EDGE ( 'NONE', *, *, #2757, .F. ) ;
#1031 = CARTESIAN_POINT ( 'NONE',  ( 6.900000000000090949, 9.625872363064035042, -5.557500000000000995 ) ) ;
#1032 = AXIS2_PLACEMENT_3D ( 'NONE', #3135, #2245, #2267 ) ;
#1033 = SECURITY_CLASSIFICATION_LEVEL ( 'unclassified' ) ;
#1034 = DIRECTION ( 'NONE',  ( -1.000000000000000000, 0.000000000000000000, -0.000000000000000000 ) ) ;
#1035 = VECTOR ( 'NONE', #41, 1000.000000000000000 ) ;
#1036 = DIRECTION ( 'NONE',  ( 0.000000000000000000, 0.000000000000000000, -1.000000000000000000 ) ) ;
#1037 = EDGE_CURVE ( 'NONE', #2131, #988, #1854, .T. ) ;
#1038 = CARTESIAN_POINT ( 'NONE',  ( -31.30000000000291038, 0.000000000000000000, 0.000000000000000000 ) ) ;
#1039 = VERTEX_POINT ( 'NONE', #3882 ) ;
#1040 = CARTESIAN_POINT ( 'NONE',  ( -0.4078726562911286213, 10.69541373673585838, -3.704999999999319282 ) ) ;
#1041 = AXIS2_PLACEMENT_3D ( 'NONE', #3342, #624, #3382 ) ;
#1042 = LOCAL_TIME ( 18, 43, 25.00000000000000000, #495 ) ;
#1043 = DIRECTION ( 'NONE',  ( 1.000000000000000000, 0.000000000000000000, 0.000000000000000000 ) ) ;
#1044 = FACE_OUTER_BOUND ( 'NONE', #354, .T. ) ;
#1045 = AXIS2_PLACEMENT_3D ( 'NONE', #580, #1797, #2110 ) ;
#1046 = EDGE_LOOP ( 'NONE', ( #3800, #1654, #1908, #2502 ) ) ;
#1047 = ORIENTED_EDGE ( 'NONE', *, *, #2470, .F. ) ;
#1048 = DIRECTION ( 'NONE',  ( 0.000000000000000000, 0.000000000000000000, -1.000000000000000000 ) ) ;
#1049 = DIRECTION ( 'NONE',  ( 0.000000000000000000, 1.000000000000000000, 5.406440301349290464E-16 ) ) ;
#1050 = VERTEX_POINT ( 'NONE', #2931 ) ;
#1051 = EDGE_CURVE ( 'NONE', #3583, #159, #791, .T. ) ;
#1052 = PERSON_AND_ORGANIZATION ( #2733, #1526 ) ;
#1053 = FACE_OUTER_BOUND ( 'NONE', #3754, .T. ) ;
#1054 =( REPRESENTATION_RELATIONSHIP ('NONE','NONE', #2370, #1971 ) REPRESENTATION_RELATIONSHIP_WITH_TRANSFORMATION ( #3373 )SHAPE_REPRESENTATION_RELATIONSHIP( ) );
#1055 = EDGE_CURVE ( 'NONE', #988, #268, #1467, .T. ) ;
#1056 = DIRECTION ( 'NONE',  ( 0.000000000000000000, 0.000000000000000000, 1.000000000000000000 ) ) ;
#1057 = DIRECTION ( 'NONE',  ( -1.000000000000000000, 0.000000000000000000, 0.000000000000000000 ) ) ;
#1058 = DIRECTION ( 'NONE',  ( -1.000000000000000000, -0.000000000000000000, -0.000000000000000000 ) ) ;
#1059 = CARTESIAN_POINT ( 'NONE',  ( 5.949064689866487399, -8.745917699637393738, 17.00895541415241041 ) ) ;
#1060 = DIRECTION ( 'NONE',  ( 0.7071067811865469066, 0.000000000000000000, 0.7071067811865482389 ) ) ;
#1061 = ADVANCED_FACE ( 'NONE', ( #2066 ), #2609, .T. ) ;
#1062 = FACE_OUTER_BOUND ( 'NONE', #73, .T. ) ;
#1063 = CALENDAR_DATE ( 2025, 23, 7 ) ;
#1064 = ORIENTED_EDGE ( 'NONE', *, *, #876, .T. ) ;
#1065 = ORIENTED_EDGE ( 'NONE', *, *, #1766, .F. ) ;
#1066 = DIRECTION ( 'NONE',  ( 0.000000000000000000, 0.000000000000000000, 1.000000000000000000 ) ) ;
#1067 = EDGE_CURVE ( 'NONE', #2956, #12, #2619, .T. ) ;
#1068 = ORIENTED_EDGE ( 'NONE', *, *, #1051, .T. ) ;
#1069 = CARTESIAN_POINT ( 'NONE',  ( -0.4499999999993612443, 2.502005013424638093E-17, 0.000000000000000000 ) ) ;
#1070 = PERSON_AND_ORGANIZATION_ROLE ( 'classification_officer' ) ;
#1071 = CC_DESIGN_PERSON_AND_ORGANIZATION_ASSIGNMENT ( #2253, #3096, ( #2076 ) ) ;
#1072 = CARTESIAN_POINT ( 'NONE',  ( 0.000000000000000000, 0.000000000000000000, 15.35253755750896687 ) ) ;
#1073 = DIRECTION ( 'NONE',  ( 1.000000000000000000, -0.000000000000000000, -0.000000000000000000 ) ) ;
#1074 = DIRECTION ( 'NONE',  ( 0.000000000000000000, 0.000000000000000000, -1.000000000000000000 ) ) ;
#1075 = LOCAL_TIME ( 18, 43, 25.00000000000000000, #1878 ) ;
#1076 = ADVANCED_FACE ( 'NONE', ( #3215 ), #2638, .F. ) ;
#1077 = CARTESIAN_POINT ( 'NONE',  ( 6.582553679375780398, 12.29972579724623571, -0.9262499999998276001 ) ) ;
#1078 = CONICAL_SURFACE ( 'NONE', #1522, 11.11500000000000021, 1.308996938995753867 ) ;
#1079 = CYLINDRICAL_SURFACE ( 'NONE', #383, 3.874999999999980016 ) ;
#1080 = CARTESIAN_POINT ( 'NONE',  ( 1.150000000000023226, -6.336489564419716558, 5.550269919463712398 ) ) ;
#1081 = CONICAL_SURFACE ( 'NONE', #1203, 14.11499999999999844, 1.308996938995753867 ) ;
#1082 = CARTESIAN_POINT ( 'NONE',  ( -5.499261314031101300, -9.525000000000057199, 16.74926131403117679 ) ) ;
#1083 = DATE_AND_TIME ( #1063, #1430 ) ;
#1084 = CIRCLE ( 'NONE', #454, 3.199999999999151079 ) ;
#1085 = ORIENTED_EDGE ( 'NONE', *, *, #1223, .T. ) ;
#1086 = DIRECTION ( 'NONE',  ( -1.000000000000000000, -0.000000000000000000, -0.000000000000000000 ) ) ;
#1087 = LINE ( 'NONE', #2675, #1731 ) ;
#1088 = EDGE_LOOP ( 'NONE', ( #1533, #3103, #866, #2033 ) ) ;
#1089 = CARTESIAN_POINT ( 'NONE',  ( 0.7061923328187474924, 6.402072382406419848, 4.479836894703344896 ) ) ;
#1090 = DATE_AND_TIME ( #850, #3324 ) ;
#1091 = FACE_BOUND ( 'NONE', #2152, .T. ) ;
#1092 = VECTOR ( 'NONE', #2312, 1000.000000000000114 ) ;
#1093 = DIRECTION ( 'NONE',  ( -1.000000000000000000, 1.734723475976807094E-17, 5.551115123125782702E-17 ) ) ;
#1094 = CYLINDRICAL_SURFACE ( 'NONE', #80, 6.440000000000000391 ) ;
#1095 = DIRECTION ( 'NONE',  ( -1.000000000000000000, 0.000000000000000000, 0.000000000000000000 ) ) ;
#1096 = CARTESIAN_POINT ( 'NONE',  ( 0.01073769429882861191, -6.417248242041515560, 11.11499999999796273 ) ) ;
#1097 = CARTESIAN_POINT ( 'NONE',  ( 6.439262305701898725, -6.417248242041515560, 11.11499999999796273 ) ) ;
#1098 = VECTOR ( 'NONE', #558, 1000.000000000000000 ) ;
#1099 = FACE_OUTER_BOUND ( 'NONE', #1384, .T. ) ;
#1100 = CIRCLE ( 'NONE', #343, 6.300000000000027356 ) ;
#1101 = EDGE_LOOP ( 'NONE', ( #1351, #2538 ) ) ;
#1102 = ORIENTED_EDGE ( 'NONE', *, *, #2403, .T. ) ;
#1103 = CARTESIAN_POINT ( 'NONE',  ( -31.30000000000291038, 0.000000000000000000, 6.300000000000027356 ) ) ;
#1104 = DIRECTION ( 'NONE',  ( 0.000000000000000000, 0.000000000000000000, -1.000000000000000000 ) ) ;
#1105 = ORGANIZATION ( 'NAUO-ORG4', 'UNSPECIFIED', 'UNSPECIFIED' ) ;
#1106 = VERTEX_POINT ( 'NONE', #271 ) ;
#1107 = LINE ( 'NONE', #2327, #1098 ) ;
#1108 = EDGE_CURVE ( 'NONE', #3589, #1, #2551, .T. ) ;
#1109 = EDGE_CURVE ( 'NONE', #101, #3409, #144, .T. ) ;
#1110 = APPLICATION_PROTOCOL_DEFINITION ( 'international standard', 'config_control_design', 1994, #1200 ) ;
#1111 = EDGE_LOOP ( 'NONE', ( #3764, #1226, #2325, #2204, #2973 ) ) ;
#1112 = CARTESIAN_POINT ( 'NONE',  ( 6.698905150103430017, -11.76495511040944031, -1.852499999999663194 ) ) ;
#1113 = EDGE_CURVE ( 'NONE', #3587, #3904, #2417, .T. ) ;
#1114 = SHAPE_REPRESENTATION_RELATIONSHIP ( 'NONE' , 'NONE' ,  #1560, #2639 ) ;
#1115 = LINE ( 'NONE', #2392, #2257 ) ;
#1116 = CARTESIAN_POINT ( 'NONE',  ( 6.857141256635061133, -2.153087595701805412, 11.11499999999796451 ) ) ;
#1117 = DIRECTION ( 'NONE',  ( -1.000000000000000000, 0.000000000000000000, 0.000000000000000000 ) ) ;
#1118 = DIRECTION ( 'NONE',  ( -1.000000000000000000, 0.000000000000000000, 0.000000000000000000 ) ) ;
#1119 = VERTEX_POINT ( 'NONE', #1197 ) ;
#1120 = CC_DESIGN_PERSON_AND_ORGANIZATION_ASSIGNMENT ( #296, #1511, ( #2363 ) ) ;
#1121 = ORIENTED_EDGE ( 'NONE', *, *, #2018, .F. ) ;
#1122 = CARTESIAN_POINT ( 'NONE',  ( -12.00000000000511058, 6.949870585160705123E-16, -5.674999999999571720 ) ) ;
#1123 = CARTESIAN_POINT ( 'NONE',  ( 1.005036694737591940, -6.361358615046821541, 4.821336257349235765 ) ) ;
#1124 = CONICAL_SURFACE ( 'NONE', #2150, 13.41771913849730069, 1.047197551196595633 ) ;
#1125 = AXIS2_PLACEMENT_3D ( 'NONE', #3487, #1609, #450 ) ;
#1126 = CIRCLE ( 'NONE', #2943, 1.149999999999999911 ) ;
#1127 = ADVANCED_FACE ( 'NONE', ( #3087 ), #137, .T. ) ;
#1128 = ORIENTED_EDGE ( 'NONE', *, *, #336, .T. ) ;
#1129 = CARTESIAN_POINT ( 'NONE',  ( 0.000000000000000000, 0.000000000000000000, 0.000000000000000000 ) ) ;
#1130 = APPROVAL_DATE_TIME ( #1090, #166 ) ;
#1131 = VERTEX_POINT ( 'NONE', #352 ) ;
#1132 = EDGE_CURVE ( 'NONE', #1875, #2408, #3048, .T. ) ;
#1133 = CARTESIAN_POINT ( 'NONE',  ( 6.857872656291857716, -10.69541373673585838, -3.704999999999323723 ) ) ;
#1134 = DIRECTION ( 'NONE',  ( 0.000000000000000000, 0.9041611239528912769, 0.4271915986208584814 ) ) ;
#1135 = B_SPLINE_CURVE_WITH_KNOTS ( 'NONE', 3,
 ( #1561, #681, #3635, #1900, #662, #2803 ),
 .UNSPECIFIED., .F., .F.,
 ( 4, 2, 4 ),
 ( 0.03038055683550873118, 0.03316512640533680195, 0.03594969597516487619 ),
 .UNSPECIFIED. ) ;
#1136 = FACE_OUTER_BOUND ( 'NONE', #1785, .T. ) ;
#1137 = CARTESIAN_POINT ( 'NONE',  ( -1.149999999999976819, -6.336489564419721887, 5.552296001862687014 ) ) ;
#1138 = FACE_OUTER_BOUND ( 'NONE', #1590, .T. ) ;
#1139 = AXIS2_PLACEMENT_3D ( 'NONE', #1069, #461, #3217 ) ;
#1140 = ORIENTED_EDGE ( 'NONE', *, *, #361, .F. ) ;
#1141 = EDGE_LOOP ( 'NONE', ( #1701, #3179, #1723 ) ) ;
#1142 = LINE ( 'NONE', #2011, #2194 ) ;
#1143 = CARTESIAN_POINT ( 'NONE',  ( -6.440000000000000391, 0.000000000000000000, 17.60000000000000142 ) ) ;
#1144 = AXIS2_PLACEMENT_3D ( 'NONE', #3371, #1182, #903 ) ;
#1145 = CONICAL_SURFACE ( 'NONE', #2985, 5.450000000000003730, 0.7853981633974473908 ) ;
#1146 = EDGE_LOOP ( 'NONE', ( #2329, #2301, #443, #3010 ) ) ;
#1147 = EDGE_LOOP ( 'NONE', ( #1085, #3044, #944, #2601 ) ) ;
#1148 = AXIS2_PLACEMENT_3D ( 'NONE', #2883, #2826, #702 ) ;
#1149 = DIRECTION ( 'NONE',  ( -0.8660254037856683906, 0.000000000000000000, 0.4999999999978700371 ) ) ;
#1150 = MANIFOLD_SOLID_BREP ( '切除-旋转1', #1991 ) ;
#1151 = DATE_AND_TIME ( #3256, #1042 ) ;
#1152 = PRODUCT_DEFINITION_SHAPE ( 'NONE', 'NONE',  #3920 ) ;
#1153 = EDGE_LOOP ( 'NONE', ( #1199, #3367, #3288, #3216 ) ) ;
#1154 = DIRECTION ( 'NONE',  ( 0.000000000000000000, 0.000000000000000000, -1.000000000000000000 ) ) ;
#1155 = DIRECTION ( 'NONE',  ( 0.8660254037844345998, 0.5000000000000069944, -0.000000000000000000 ) ) ;
#1156 = PLANE ( 'NONE',  #1321 ) ;
#1157 = EDGE_CURVE ( 'NONE', #1950, #3861, #1468, .T. ) ;
#1158 = CARTESIAN_POINT ( 'NONE',  ( -10.60000000000365539, 7.715274834628357918E-16, -6.300000000000027356 ) ) ;
#1159 = ORIENTED_EDGE ( 'NONE', *, *, #1287, .F. ) ;
#1160 = ORIENTED_EDGE ( 'NONE', *, *, #1402, .T. ) ;
#1161 = CARTESIAN_POINT ( 'NONE',  ( 0.000000000000000000, 0.000000000000000000, 14.00071426749364356 ) ) ;
#1162 = DIRECTION ( 'NONE',  ( 1.000000000000000000, -0.000000000000000000, -0.000000000000000000 ) ) ;
#1163 = TOROIDAL_SURFACE ( 'NONE', #533, 8.475000000000001421, 0.8000000000000000444 ) ;
#1164 = EDGE_LOOP ( 'NONE', ( #312, #2397, #747 ) ) ;
#1165 = ORIENTED_EDGE ( 'NONE', *, *, #1653, .F. ) ;
#1166 = CARTESIAN_POINT ( 'NONE',  ( 10.99852262806237846, -4.800953814011748335E-16, 16.74926131403118035 ) ) ;
#1167 = SECURITY_CLASSIFICATION ( '', '', #3726 ) ;
#1168 = CALENDAR_DATE ( 2025, 23, 7 ) ;
#1169 = ORIENTED_EDGE ( 'NONE', *, *, #3287, .F. ) ;
#1170 = EDGE_CURVE ( 'NONE', #2143, #809, #2914, .T. ) ;
#1171 = CARTESIAN_POINT ( 'NONE',  ( -0.2489051501027039759, 7.486789615715102819, -9.262499999998295763 ) ) ;
#1172 = DIRECTION ( 'NONE',  ( 0.000000000000000000, 0.000000000000000000, 1.000000000000000000 ) ) ;
#1173 = AXIS2_PLACEMENT_3D ( 'NONE', #531, #194, #2618 ) ;
#1174 = EDGE_CURVE ( 'NONE', #2408, #1205, #1337, .T. ) ;
#1175 = FACE_OUTER_BOUND ( 'NONE', #3402, .T. ) ;
#1176 = CARTESIAN_POINT ( 'NONE',  ( 0.000000000000000000, 0.000000000000000000, 0.000000000000000000 ) ) ;
#1177 = DIRECTION ( 'NONE',  ( -6.144964491593366446E-17, -1.000000000000000000, 0.000000000000000000 ) ) ;
#1178 = CARTESIAN_POINT ( 'NONE',  ( 6.900000000000090949, 9.625872363064035042, -5.557500000000000995 ) ) ;
#1179 = VERTEX_POINT ( 'NONE', #2729 ) ;
#1180 = ADVANCED_FACE ( 'NONE', ( #1505 ), #3108, .T. ) ;
#1181 = DIRECTION ( 'NONE',  ( 5.364923030742486669E-17, 1.000000000000000000, 0.000000000000000000 ) ) ;
#1182 = DIRECTION ( 'NONE',  ( 1.000000000000000000, 0.000000000000000000, -0.000000000000000000 ) ) ;
#1183 = ORIENTED_EDGE ( 'NONE', *, *, #2496, .T. ) ;
#1184 = EDGE_CURVE ( 'NONE', #82, #754, #1661, .T. ) ;
#1185 = ORIENTED_EDGE ( 'NONE', *, *, #598, .T. ) ;
#1186 = DIRECTION ( 'NONE',  ( 1.000000000000000000, 0.000000000000000000, 0.000000000000000000 ) ) ;
#1187 = CIRCLE ( 'NONE', #1963, 4.781025403783787375 ) ;
#1188 = EDGE_LOOP ( 'NONE', ( #2027, #1932, #3727, #825 ) ) ;
#1189 = CARTESIAN_POINT ( 'NONE',  ( -0.1325536793750528852, 6.952018928878311854, -10.18874999999812481 ) ) ;
#1190 = CARTESIAN_POINT ( 'NONE',  ( 0.000000000000000000, 0.000000000000000000, -3.000000000000000000 ) ) ;
#1191 = PERSON_AND_ORGANIZATION ( #2733, #1526 ) ;
#1192 = DIRECTION ( 'NONE',  ( 1.000000000000000000, 0.000000000000000000, 0.000000000000000000 ) ) ;
#1193 = CARTESIAN_POINT ( 'NONE',  ( 0.01073769429882891029, -6.417248242041518225, -11.11499999999796273 ) ) ;
#1194 = CARTESIAN_POINT ( 'NONE',  ( -31.30000000000291038, 0.000000000000000000, 3.874999999999980016 ) ) ;
#1195 = ORIENTED_EDGE ( 'NONE', *, *, #419, .F. ) ;
#1196 = ORIENTED_EDGE ( 'NONE', *, *, #2189, .F. ) ;
#1197 = CARTESIAN_POINT ( 'NONE',  ( -9.275000000000002132, 1.135859906209170235E-15, 0.000000000000000000 ) ) ;
#1198 = SECURITY_CLASSIFICATION ( '', '', #2073 ) ;
#1199 = ORIENTED_EDGE ( 'NONE', *, *, #1791, .F. ) ;
#1200 = APPLICATION_CONTEXT ( 'configuration controlled 3d designs of mechanical parts and assemblies' ) ;
#1201 = AXIS2_PLACEMENT_3D ( 'NONE', #651, #881, #1520 ) ;
#1202 = DIRECTION ( 'NONE',  ( 0.000000000000000000, 0.000000000000000000, 1.000000000000000000 ) ) ;
#1203 = AXIS2_PLACEMENT_3D ( 'NONE', #3639, #1862, #345 ) ;
#1204 = VECTOR ( 'NONE', #2242, 1000.000000000000000 ) ;
#1205 = VERTEX_POINT ( 'NONE', #55 ) ;
#1206 = CARTESIAN_POINT ( 'NONE',  ( -8.475000000000001421, 1.086874034243276215E-15, -3.000000000000000000 ) ) ;
#1207 = DIRECTION ( 'NONE',  ( 1.000000000000000000, -0.000000000000000000, -0.000000000000000000 ) ) ;
#1208 = PERSON_AND_ORGANIZATION ( #2733, #1526 ) ;
#1209 = LINE ( 'NONE', #1234, #3663 ) ;
#1210 = CYLINDRICAL_SURFACE ( 'NONE', #3028, 5.674999999999571720 ) ;
#1211 = DIRECTION ( 'NONE',  ( 0.7071067811865536790, 0.000000000000000000, -0.7071067811865414665 ) ) ;
#1212 = DIRECTION ( 'NONE',  ( 1.000000000000000000, -0.000000000000000000, -0.000000000000000000 ) ) ;
#1213 = VERTEX_POINT ( 'NONE', #36 ) ;
#1214 = VERTEX_POINT ( 'NONE', #2714 ) ;
#1215 = DIRECTION ( 'NONE',  ( 1.000000000000000000, -5.560011140951532788E-17, 0.000000000000000000 ) ) ;
#1216 = EDGE_CURVE ( 'NONE', #1261, #3550, #2666, .T. ) ;
#1217 = FACE_OUTER_BOUND ( 'NONE', #1188, .T. ) ;
#1218 = AXIS2_PLACEMENT_3D ( 'NONE', #2797, #83, #3827 ) ;
#1219 = CARTESIAN_POINT ( 'NONE',  ( 7.634999999999990905, 0.000000000000000000, 4.765000000000782165 ) ) ;
#1220 = AXIS2_PLACEMENT_3D ( 'NONE', #149, #798, #1390 ) ;
#1221 = ORIENTED_EDGE ( 'NONE', *, *, #2948, .T. ) ;
#1222 = DIRECTION ( 'NONE',  ( -1.000000000000000000, -1.056746226933222168E-14, 0.000000000000000000 ) ) ;
#1223 = EDGE_CURVE ( 'NONE', #2266, #1491, #3867, .T. ) ;
#1224 = AXIS2_PLACEMENT_3D ( 'NONE', #3847, #2621, #2366 ) ;
#1225 = CONICAL_SURFACE ( 'NONE', #3456, 13.41771913849730069, 1.047197551196595633 ) ;
#1226 = ORIENTED_EDGE ( 'NONE', *, *, #768, .F. ) ;
#1227 = SECURITY_CLASSIFICATION ( '', '', #3519 ) ;
#1228 = LINE ( 'NONE', #3080, #823 ) ;
#1229 = ADVANCED_FACE ( 'NONE', ( #2747 ), #3745, .F. ) ;
#1230 = AXIS2_PLACEMENT_3D ( 'NONE', #3875, #1155, #3576 ) ;
#1231 = CALENDAR_DATE ( 2025, 23, 7 ) ;
#1232 = CIRCLE ( 'NONE', #1559, 8.475000000000001421 ) ;
#1233 = ADVANCED_FACE ( 'NONE', ( #1217 ), #1714, .T. ) ;
#1234 = CARTESIAN_POINT ( 'NONE',  ( -9.400000000004290257, 0.000000000000000000, -4.765000000001082370 ) ) ;
#1235 = DIRECTION ( 'NONE',  ( 0.000000000000000000, 0.000000000000000000, -1.000000000000000000 ) ) ;
#1236 = DIRECTION ( 'NONE',  ( -1.000000000000000000, -0.000000000000000000, -0.000000000000000000 ) ) ;
#1237 = CIRCLE ( 'NONE', #854, 9.275000000000002132 ) ;
#1238 = CARTESIAN_POINT ( 'NONE',  ( -1.119302812705809114, 6.342252172592731441, 5.703460596300825358 ) ) ;
#1239 = EDGE_LOOP ( 'NONE', ( #1792, #2198 ) ) ;
#1240 = CARTESIAN_POINT ( 'NONE',  ( 4.609918769207009603, 9.525000000000018119, 0.5940076071408123548 ) ) ;
#1241 = CARTESIAN_POINT ( 'NONE',  ( -14.76158367259185944, 3.932450892475855797E-16, -3.199999999999278089 ) ) ;
#1242 = DIRECTION ( 'NONE',  ( -5.364923030742486669E-17, -1.000000000000000000, 0.000000000000000000 ) ) ;
#1243 = CARTESIAN_POINT ( 'NONE',  ( 10.99852262806237846, -4.800953814011748335E-16, 16.74926131403118035 ) ) ;
#1244 = CC_DESIGN_DATE_AND_TIME_ASSIGNMENT ( #5, #2704, ( #2220 ) ) ;
#1245 = VERTEX_POINT ( 'NONE', #967 ) ;
#1246 = VERTEX_POINT ( 'NONE', #2104 ) ;
#1247 = CYLINDRICAL_SURFACE ( 'NONE', #3317, 3.874999999999980016 ) ;
#1248 = ADVANCED_FACE ( 'NONE', ( #2182 ), #959, .T. ) ;
#1249 = ORIENTED_EDGE ( 'NONE', *, *, #1223, .F. ) ;
#1250 = FACE_OUTER_BOUND ( 'NONE', #2426, .T. ) ;
#1251 = CALENDAR_DATE ( 2025, 23, 7 ) ;
#1252 = CIRCLE ( 'NONE', #2334, 4.781025403783787375 ) ;
#1253 = B_SPLINE_CURVE_WITH_KNOTS ( 'NONE', 3,
 ( #761, #2613, #1040, #3784, #3819, #2920 ),
 .UNSPECIFIED., .F., .F.,
 ( 4, 2, 4 ),
 ( 0.006417479182149183996, 0.009626103303169942713, 0.01283472742419070056 ),
 .UNSPECIFIED. ) ;
#1254 = AXIS2_PLACEMENT_3D ( 'NONE', #3150, #2216, #3424 ) ;
#1255 = CONICAL_SURFACE ( 'NONE', #441, 4.765000000000782165, 0.7853981633974482790 ) ;
#1256 = DIRECTION ( 'NONE',  ( -0.000000000000000000, -0.000000000000000000, -1.000000000000000000 ) ) ;
#1257 = CARTESIAN_POINT ( 'NONE',  ( -3.455323577095457666E-14, 9.525000000000000355, 17.60000000000000142 ) ) ;
#1258 = B_SPLINE_CURVE_WITH_KNOTS ( 'NONE', 3,
 ( #2022, #1059, #2276, #207, #3486, #2596 ),
 .UNSPECIFIED., .F., .F.,
 ( 4, 2, 4 ),
 ( 2.380730676607476599E-07, 0.002782414026671791493, 0.005564589980275919459 ),
 .UNSPECIFIED. ) ;
#1259 = DIRECTION ( 'NONE',  ( -0.000000000000000000, -0.000000000000000000, -1.000000000000000000 ) ) ;
#1260 = CARTESIAN_POINT ( 'NONE',  ( -0.4499999999993612443, 2.502005013424638093E-17, 0.000000000000000000 ) ) ;
#1261 = VERTEX_POINT ( 'NONE', #2421 ) ;
#1262 = ORIENTED_EDGE ( 'NONE', *, *, #411, .F. ) ;
#1263 = DIRECTION ( 'NONE',  ( 0.000000000000000000, 0.000000000000000000, -1.000000000000000000 ) ) ;
#1264 = DIRECTION ( 'NONE',  ( 0.000000000000000000, 0.000000000000000000, 1.000000000000000000 ) ) ;
#1265 = CARTESIAN_POINT ( 'NONE',  ( -10.09563029186905503, 1.563855400051340050, 0.3770952061963319113 ) ) ;
#1266 = APPROVAL_STATUS ( 'not_yet_approved' ) ;
#1267 = VERTEX_POINT ( 'NONE', #3606 ) ;
#1268 = VERTEX_POINT ( 'NONE', #371 ) ;
#1269 = LINE ( 'NONE', #908, #2439 ) ;
#1270 = PRODUCT_DEFINITION_FORMATION_WITH_SPECIFIED_SOURCE ( '任何', '', #3592, .NOT_KNOWN. ) ;
#1271 = ORIENTED_EDGE ( 'NONE', *, *, #3758, .F. ) ;
#1272 = AXIS2_PLACEMENT_3D ( 'NONE', #3477, #1933, #755 ) ;
#1273 = DIRECTION ( 'NONE',  ( 1.000000000000000000, 0.000000000000000000, 0.000000000000000000 ) ) ;
#1274 = AXIS2_PLACEMENT_3D ( 'NONE', #666, #1259, #646 ) ;
#1275 = DATE_TIME_ROLE ( 'classification_date' ) ;
#1276 = AXIS2_PLACEMENT_3D ( 'NONE', #3406, #98, #3088 ) ;
#1277 = DIRECTION ( 'NONE',  ( -1.000000000000000000, 0.000000000000000000, 0.000000000000000000 ) ) ;
#1278 = VECTOR ( 'NONE', #2237, 1000.000000000000000 ) ;
#1279 = DIRECTION ( 'NONE',  ( 0.000000000000000000, 0.000000000000000000, 1.000000000000000000 ) ) ;
#1280 = CARTESIAN_POINT ( 'NONE',  ( -16.09999999999936193, 0.000000000000000000, 0.000000000000000000 ) ) ;
#1281 = DIRECTION ( 'NONE',  ( 0.000000000000000000, 0.000000000000000000, -1.000000000000000000 ) ) ;
#1282 = ORIENTED_EDGE ( 'NONE', *, *, #2555, .F. ) ;
#1283 = EDGE_LOOP ( 'NONE', ( #3473, #1102, #2063, #951, #285 ) ) ;
#1284 = APPROVAL ( #2750, 'UNKNOWN' ) ;
#1285 = CARTESIAN_POINT ( 'NONE',  ( 0.000000000000000000, 0.000000000000000000, -3.000000000000000000 ) ) ;
#1286 = EDGE_CURVE ( 'NONE', #2776, #12, #3554, .T. ) ;
#1287 = EDGE_CURVE ( 'NONE', #2043, #970, #1980, .T. ) ;
#1288 = CARTESIAN_POINT ( 'NONE',  ( 0.000000000000000000, 0.000000000000000000, 17.60000000000000142 ) ) ;
#1289 = ORIENTED_EDGE ( 'NONE', *, *, #3575, .F. ) ;
#1290 = ORIENTED_EDGE ( 'NONE', *, *, #1671, .T. ) ;
#1291 = CARTESIAN_POINT ( 'NONE',  ( -0.4499999999993606892, 9.625872363062276449, 5.557499999998983142 ) ) ;
#1292 = CARTESIAN_POINT ( 'NONE',  ( -31.30000000000291038, 0.000000000000000000, 0.000000000000000000 ) ) ;
#1293 = ORIENTED_EDGE ( 'NONE', *, *, #2860, .T. ) ;
#1294 = DIRECTION ( 'NONE',  ( -0.2588190451025143557, -0.9659258262890700886, 0.000000000000000000 ) ) ;
#1295 = AXIS2_PLACEMENT_3D ( 'NONE', #1794, #2974, #201 ) ;
#1296 = APPROVAL_DATE_TIME ( #3439, #3190 ) ;
#1297 = CONICAL_SURFACE ( 'NONE', #3515, 11.11500000000000021, 1.308996938995753867 ) ;
#1298 = EDGE_CURVE ( 'NONE', #2584, #22, #2983, .T. ) ;
#1299 = DIRECTION ( 'NONE',  ( 0.000000000000000000, 0.000000000000000000, -1.000000000000000000 ) ) ;
#1300 = CC_DESIGN_SECURITY_CLASSIFICATION ( #1167, ( #3919 ) ) ;
#1301 = PLANE ( 'NONE',  #890 ) ;
#1302 = CARTESIAN_POINT ( 'NONE',  ( -0.7068122411203815458, 6.401984038289112888, 6.319397406164151576 ) ) ;
#1303 = ADVANCED_FACE ( 'NONE', ( #744 ), #3161, .F. ) ;
#1304 = ORIENTED_EDGE ( 'NONE', *, *, #2422, .T. ) ;
#1305 = ORIENTED_EDGE ( 'NONE', *, *, #1113, .F. ) ;
#1306 = CARTESIAN_POINT ( 'NONE',  ( -0.4499999999993617994, -9.625872363062278225, -5.557499999998982254 ) ) ;
#1307 = CIRCLE ( 'NONE', #1815, 0.2999999999999999334 ) ;
#1308 = CARTESIAN_POINT ( 'NONE',  ( 6.439262305701898725, -6.417248242041518225, -11.11499999999796273 ) ) ;
#1309 = CALENDAR_DATE ( 2025, 23, 7 ) ;
#1310 = EDGE_CURVE ( 'NONE', #3250, #2128, #3730, .T. ) ;
#1311 = ORIENTED_EDGE ( 'NONE', *, *, #1421, .T. ) ;
#1312 = EDGE_LOOP ( 'NONE', ( #2404, #1023, #1068, #355 ) ) ;
#1313 = DIRECTION ( 'NONE',  ( -0.000000000000000000, -0.000000000000000000, 1.000000000000000000 ) ) ;
#1314 = DIRECTION ( 'NONE',  ( -1.000000000000000000, -0.000000000000000000, -0.000000000000000000 ) ) ;
#1315 = ORIENTED_EDGE ( 'NONE', *, *, #2764, .F. ) ;
#1316 = CARTESIAN_POINT ( 'NONE',  ( 0.5796403954544387949, 6.415383748232098782, 4.395363225958576869 ) ) ;
#1317 = PERSON_AND_ORGANIZATION ( #2733, #1526 ) ;
#1318 = LINE ( 'NONE', #464, #3626 ) ;
#1319 = DIRECTION ( 'NONE',  ( 1.000000000000000000, -0.000000000000000000, -0.000000000000000000 ) ) ;
#1320 = FACE_OUTER_BOUND ( 'NONE', #1283, .T. ) ;
#1321 = AXIS2_PLACEMENT_3D ( 'NONE', #802, #3821, #503 ) ;
#1322 = ORIENTED_EDGE ( 'NONE', *, *, #233, .F. ) ;
#1323 = ORIENTED_EDGE ( 'NONE', *, *, #3358, .T. ) ;
#1324 = DIRECTION ( 'NONE',  ( -1.000000000000000000, -0.000000000000000000, -0.000000000000000000 ) ) ;
#1325 = DIRECTION ( 'NONE',  ( 0.000000000000000000, -0.4999999999999999445, -0.8660254037844387076 ) ) ;
#1326 = EDGE_LOOP ( 'NONE', ( #507, #2915, #3032 ) ) ;
#1327 = ORIENTED_EDGE ( 'NONE', *, *, #941, .F. ) ;
#1328 = CARTESIAN_POINT ( 'NONE',  ( 6.900000000000633626, 10.16064304989906653, 4.631249999999150546 ) ) ;
#1329 = CARTESIAN_POINT ( 'NONE',  ( -9.179979922149277272, -3.149808362375300153, 17.51892000885278478 ) ) ;
#1330 = ORIENTED_EDGE ( 'NONE', *, *, #1648, .F. ) ;
#1331 = DIRECTION ( 'NONE',  ( -1.000000000000000000, -0.000000000000000000, -0.000000000000000000 ) ) ;
#1332 = ADVANCED_FACE ( 'NONE', ( #2791 ), #1987, .T. ) ;
#1333 = PERSON_AND_ORGANIZATION ( #2733, #1526 ) ;
#1334 = AXIS2_PLACEMENT_3D ( 'NONE', #933, #3356, #637 ) ;
#1335 = SECURITY_CLASSIFICATION ( '', '', #2135 ) ;
#1336 = DIRECTION ( 'NONE',  ( 1.000000000000000000, -0.000000000000000000, -0.000000000000000000 ) ) ;
#1337 = CIRCLE ( 'NONE', #1201, 3.222179676971717033 ) ;
#1338 = AXIS2_PLACEMENT_3D ( 'NONE', #308, #2125, #2504 ) ;
#1339 = DIRECTION ( 'NONE',  ( -1.000000000000000000, -3.016910393003142859E-15, 0.000000000000000000 ) ) ;
#1340 = CARTESIAN_POINT ( 'NONE',  ( 0.000000000000000000, 0.000000000000000000, 0.000000000000000000 ) ) ;
#1341 = VERTEX_POINT ( 'NONE', #3105 ) ;
#1342 = CARTESIAN_POINT ( 'NONE',  ( -0.4499999999999061973, 9.091101676225479267, 6.483749999998813962 ) ) ;
#1343 = PLANE ( 'NONE',  #1125 ) ;
#1344 = CARTESIAN_POINT ( 'NONE',  ( -14.20000000000299423, 0.000000000000000000, 0.000000000000000000 ) ) ;
#1345 = ORIENTED_EDGE ( 'NONE', *, *, #792, .F. ) ;
#1346 = ADVANCED_FACE ( 'NONE', ( #1968 ), #3541, .T. ) ;
#1347 = ORIENTED_EDGE ( 'NONE', *, *, #3804, .F. ) ;
#1348 = DIRECTION ( 'NONE',  ( -1.000000000000000000, -0.000000000000000000, -0.000000000000000000 ) ) ;
#1349 = CARTESIAN_POINT ( 'NONE',  ( 0.000000000000000000, 0.000000000000000000, 15.35253755750896687 ) ) ;
#1350 = ADVANCED_FACE ( 'NONE', ( #3705, #687 ), #1343, .F. ) ;
#1351 = ORIENTED_EDGE ( 'NONE', *, *, #1108, .T. ) ;
#1352 = CARTESIAN_POINT ( 'NONE',  ( -0.1507923085056872003, 6.439989743549023871, 4.250057436129511146 ) ) ;
#1353 = AXIS2_PLACEMENT_3D ( 'NONE', #2984, #3020, #3279 ) ;
#1354 = CALENDAR_DATE ( 2025, 23, 7 ) ;
#1355 = EDGE_CURVE ( 'NONE', #1205, #2408, #3852, .T. ) ;
#1356 = DIRECTION ( 'NONE',  ( -1.000000000000000000, 0.000000000000000000, 0.000000000000000000 ) ) ;
#1357 = VECTOR ( 'NONE', #1186, 1000.000000000000000 ) ;
#1358 = FACE_BOUND ( 'NONE', #3732, .T. ) ;
#1359 = ADVANCED_FACE ( 'NONE', ( #1923 ), #1642, .T. ) ;
#1360 = LINE ( 'NONE', #3504, #562 ) ;
#1361 = CC_DESIGN_SECURITY_CLASSIFICATION ( #1198, ( #1270 ) ) ;
#1362 = DIRECTION ( 'NONE',  ( -1.000000000000000000, 0.000000000000000000, 0.000000000000000000 ) ) ;
#1363 = CARTESIAN_POINT ( 'NONE',  ( 4.950000000000000178, 6.062001655779398511E-16, 14.00071426749364356 ) ) ;
#1364 = AXIS2_PLACEMENT_3D ( 'NONE', #3851, #417, #3630 ) ;
#1365 = ORIENTED_EDGE ( 'NONE', *, *, #289, .T. ) ;
#1366 = ORIENTED_EDGE ( 'NONE', *, *, #2403, .F. ) ;
#1367 = CIRCLE ( 'NONE', #3580, 10.99999999999749889 ) ;
#1368 = LINE ( 'NONE', #3789, #28 ) ;
#1369 = CC_DESIGN_PERSON_AND_ORGANIZATION_ASSIGNMENT ( #915, #3615, ( #3806 ) ) ;
#1370 = ORIENTED_EDGE ( 'NONE', *, *, #2994, .F. ) ;
#1371 = CARTESIAN_POINT ( 'NONE',  ( 6.096152422706743401, -3.389467538718816803E-16, 0.000000000000000000 ) ) ;
#1372 = EDGE_CURVE ( 'NONE', #982, #923, #3218, .T. ) ;
#1373 = COORDINATED_UNIVERSAL_TIME_OFFSET ( 8, 0, .AHEAD. ) ;
#1374 = DIRECTION ( 'NONE',  ( 0.000000000000000000, 0.000000000000000000, 1.000000000000000000 ) ) ;
#1375 = SHAPE_REPRESENTATION_RELATIONSHIP ( 'NONE' , 'NONE' ,  #1971, #225 ) ;
#1376 = DIRECTION ( 'NONE',  ( -1.000000000000000000, 0.000000000000000000, 0.000000000000000000 ) ) ;
#1377 = DIRECTION ( 'NONE',  ( -1.000000000000000000, 0.000000000000000000, 0.000000000000000000 ) ) ;
#1378 = DIRECTION ( 'NONE',  ( -1.000000000000000000, -0.000000000000000000, -0.000000000000000000 ) ) ;
#1379 = DIRECTION ( 'NONE',  ( 1.000000000000000000, 0.000000000000000000, 0.000000000000000000 ) ) ;
#1380 = EDGE_CURVE ( 'NONE', #988, #2131, #2592, .T. ) ;
#1381 = DIRECTION ( 'NONE',  ( 0.000000000000000000, 0.000000000000000000, 1.000000000000000000 ) ) ;
#1382 = CIRCLE ( 'NONE', #751, 1.149999999999999911 ) ;
#1383 = APPROVAL_DATE_TIME ( #1989, #280 ) ;
#1384 = EDGE_LOOP ( 'NONE', ( #3284, #2051, #405, #2388 ) ) ;
#1385 = DIRECTION ( 'NONE',  ( 0.000000000000000000, 0.000000000000000000, 1.000000000000000000 ) ) ;
#1386 = CARTESIAN_POINT ( 'NONE',  ( 5.499261314031300252, -9.524999999999941735, 0.8507386859688205183 ) ) ;
#1387 = EDGE_LOOP ( 'NONE', ( #1709, #1833, #1008 ) ) ;
#1388 = CARTESIAN_POINT ( 'NONE',  ( 1.149999999999977263, 6.336489564419725440, 5.249730080536287424 ) ) ;
#1389 = APPROVAL_ROLE ( '' ) ;
#1390 = DIRECTION ( 'NONE',  ( 0.000000000000000000, 0.000000000000000000, -1.000000000000000000 ) ) ;
#1391 = FACE_OUTER_BOUND ( 'NONE', #1451, .T. ) ;
#1392 = LOCAL_TIME ( 18, 43, 25.00000000000000000, #2722 ) ;
#1393 = AXIS2_PLACEMENT_3D ( 'NONE', #3012, #3775, #983 ) ;
#1394 = DIRECTION ( 'NONE',  ( 0.000000000000000000, 0.000000000000000000, 1.000000000000000000 ) ) ;
#1395 = AXIS2_PLACEMENT_3D ( 'NONE', #695, #2494, #912 ) ;
#1396 = DIRECTION ( 'NONE',  ( -1.000000000000000000, 5.560011140951532788E-17, -0.000000000000000000 ) ) ;
#1397 = CARTESIAN_POINT ( 'NONE',  ( -0.5790289712801903743, -6.415415195942382631, 6.404816435586879741 ) ) ;
#1398 = CARTESIAN_POINT ( 'NONE',  ( 6.096152422706743401, -3.389467538718816803E-16, 0.000000000000000000 ) ) ;
#1399 = VECTOR ( 'NONE', #3877, 1000.000000000000000 ) ;
#1400 = ORIENTED_EDGE ( 'NONE', *, *, #917, .F. ) ;
#1401 = CC_DESIGN_PERSON_AND_ORGANIZATION_ASSIGNMENT ( #2050, #1070, ( #1227 ) ) ;
#1402 = EDGE_CURVE ( 'NONE', #705, #1050, #1666, .T. ) ;
#1403 = VERTEX_POINT ( 'NONE', #134 ) ;
#1404 = EDGE_CURVE ( 'NONE', #1608, #3134, #1024, .T. ) ;
#1405 = LINE ( 'NONE', #1103, #478 ) ;
#1406 = CARTESIAN_POINT ( 'NONE',  ( 0.000000000000000000, 0.000000000000000000, -4.765000000000782165 ) ) ;
#1407 = EDGE_CURVE ( 'NONE', #2009, #2181, #1187, .T. ) ;
#1408 = ORIENTED_EDGE ( 'NONE', *, *, #484, .F. ) ;
#1409 = DIRECTION ( 'NONE',  ( -0.7071067811865469066, 8.659560562354926695E-17, 0.7071067811865482389 ) ) ;
#1410 = PERSON_AND_ORGANIZATION ( #2733, #1526 ) ;
#1411 = ORIENTED_EDGE ( 'NONE', *, *, #698, .F. ) ;
#1412 = DIRECTION ( 'NONE',  ( -1.000000000000000000, 1.224646799147353207E-16, 0.000000000000000000 ) ) ;
#1413 = AXIS2_PLACEMENT_3D ( 'NONE', #1535, #2567, #2133 ) ;
#1414 = CIRCLE ( 'NONE', #906, 5.674999999999571720 ) ;
#1415 = EDGE_CURVE ( 'NONE', #476, #268, #2651, .T. ) ;
#1416 = DIRECTION ( 'NONE',  ( -0.000000000000000000, -0.000000000000000000, -1.000000000000000000 ) ) ;
#1417 = FACE_OUTER_BOUND ( 'NONE', #632, .T. ) ;
#1418 = FACE_OUTER_BOUND ( 'NONE', #2528, .T. ) ;
#1419 = TOROIDAL_SURFACE ( 'NONE', #3633, 3.914999999999358327, 0.8000000000001196154 ) ;
#1420 = DIRECTION ( 'NONE',  ( 0.000000000000000000, 0.000000000000000000, 1.000000000000000000 ) ) ;
#1421 = EDGE_CURVE ( 'NONE', #2828, #1050, #2400, .T. ) ;
#1422 = CARTESIAN_POINT ( 'NONE',  ( 6.900000000000638067, 9.091101676225477490, -6.483749999998812186 ) ) ;
#1423 = B_SPLINE_CURVE_WITH_KNOTS ( 'NONE', 3,
 ( #688, #1906, #3107, #1548, #3049, #1308 ),
 .UNSPECIFIED., .F., .F.,
 ( 4, 2, 4 ),
 ( 0.01949918432330224535, 0.02266765806223557458, 0.02583613180116890035 ),
 .UNSPECIFIED. ) ;
#1424 = ORIENTED_EDGE ( 'NONE', *, *, #1946, .F. ) ;
#1425 = CC_DESIGN_APPROVAL ( #45, ( #2161 ) ) ;
#1426 = VERTEX_POINT ( 'NONE', #2830 ) ;
#1427 = FACE_OUTER_BOUND ( 'NONE', #2950, .T. ) ;
#1428 = DIRECTION ( 'NONE',  ( 0.000000000000000000, 0.000000000000000000, 1.000000000000000000 ) ) ;
#1429 = CONICAL_SURFACE ( 'NONE', #2067, 9.525000000000000355, 1.047197551196596521 ) ;
#1430 = LOCAL_TIME ( 18, 43, 25.00000000000000000, #3152 ) ;
#1431 = ADVANCED_FACE ( 'NONE', ( #115, #2541 ), #433, .T. ) ;
#1432 = ORIENTED_EDGE ( 'NONE', *, *, #750, .F. ) ;
#1433 = FACE_OUTER_BOUND ( 'NONE', #3659, .T. ) ;
#1434 = VECTOR ( 'NONE', #2176, 999.9999999999998863 ) ;
#1435 = APPROVAL_STATUS ( 'not_yet_approved' ) ;
#1436 = ORIENTED_EDGE ( 'NONE', *, *, #1132, .T. ) ;
#1437 = FACE_OUTER_BOUND ( 'NONE', #333, .T. ) ;
#1438 = DIRECTION ( 'NONE',  ( 1.000000000000000000, 0.000000000000000000, 0.000000000000000000 ) ) ;
#1439 = DIRECTION ( 'NONE',  ( 1.000000000000000000, -0.000000000000000000, -0.000000000000000000 ) ) ;
#1440 = CARTESIAN_POINT ( 'NONE',  ( 8.015539861186733006, 5.166677710330987772, 17.60000000000000497 ) ) ;
#1441 = DIRECTION ( 'NONE',  ( -3.627636301412553852E-15, 1.000000000000000000, -0.000000000000000000 ) ) ;
#1442 = ORIENTED_EDGE ( 'NONE', *, *, #3340, .F. ) ;
#1443 = EDGE_LOOP ( 'NONE', ( #1966, #1748, #3325, #1169 ) ) ;
#1444 = DIRECTION ( 'NONE',  ( 0.000000000000000000, 0.000000000000000000, 1.000000000000000000 ) ) ;
#1445 = CARTESIAN_POINT ( 'NONE',  ( -0.7068122411203341393, -6.401984038289117329, 4.480602593835847358 ) ) ;
#1446 = CIRCLE ( 'NONE', #1961, 4.765000000000538805 ) ;
#1447 = EDGE_LOOP ( 'NONE', ( #2168, #2653 ) ) ;
#1448 = B_SPLINE_CURVE_WITH_KNOTS ( 'NONE', 3,
 ( #3208, #1077, #3839, #485, #1695, #2581 ),
 .UNSPECIFIED., .F., .F.,
 ( 4, 2, 4 ),
 ( 2.309401076766113936E-07, 0.003208855061128435254, 0.006417479182149194404 ),
 .UNSPECIFIED. ) ;
#1449 = AXIS2_PLACEMENT_3D ( 'NONE', #77, #1362, #468 ) ;
#1450 = AXIS2_PLACEMENT_3D ( 'NONE', #3168, #1644, #2886 ) ;
#1451 = EDGE_LOOP ( 'NONE', ( #2208, #235, #3643, #1573 ) ) ;
#1452 = DIRECTION ( 'NONE',  ( -1.000000000000000000, -0.000000000000000000, -0.000000000000000000 ) ) ;
#1453 = B_SPLINE_CURVE_WITH_KNOTS ( 'NONE', 3,
 ( #1956, #161, #3755, #2588, #3778, #3792 ),
 .UNSPECIFIED., .F., .F.,
 ( 4, 2, 4 ),
 ( 2.309401076763871681E-07, 0.003208855061128432652, 0.006417479182149188333 ),
 .UNSPECIFIED. ) ;
#1454 = PERSON_AND_ORGANIZATION_ROLE ( 'design_supplier' ) ;
#1455 = ORIENTED_EDGE ( 'NONE', *, *, #3051, .F. ) ;
#1456 = ADVANCED_FACE ( 'NONE', ( #1418 ), #297, .T. ) ;
#1457 = FACE_OUTER_BOUND ( 'NONE', #377, .T. ) ;
#1458 = CARTESIAN_POINT ( 'NONE',  ( 19.74100756617815833, -0.7970194816926857717, 31.69999999999870965 ) ) ;
#1459 = DIRECTION ( 'NONE',  ( 0.7071067811867742803, 0.000000000000000000, -0.7071067811863208652 ) ) ;
#1460 = CARTESIAN_POINT ( 'NONE',  ( 0.9202280513708576137, -6.374826957178771458, 6.106107700532604099 ) ) ;
#1461 = LINE ( 'NONE', #1194, #259 ) ;
#1462 = CARTESIAN_POINT ( 'NONE',  ( 0.9196110353693117689, 6.374897531252524452, 6.106601446673466604 ) ) ;
#1463 = AXIS2_PLACEMENT_3D ( 'NONE', #1986, #871, #1478 ) ;
#1464 = ORIENTED_EDGE ( 'NONE', *, *, #792, .T. ) ;
#1465 = LINE ( 'NONE', #3251, #3463 ) ;
#1466 = APPROVAL_PERSON_ORGANIZATION ( #1333, #2654, #2230 ) ;
#1467 = LINE ( 'NONE', #1406, #258 ) ;
#1468 = CIRCLE ( 'NONE', #886, 3.874999999999845901 ) ;
#1469 = VECTOR ( 'NONE', #3248, 1000.000000000000000 ) ;
#1470 = EDGE_CURVE ( 'NONE', #489, #2781, #1382, .T. ) ;
#1471 = ORIENTED_EDGE ( 'NONE', *, *, #2293, .T. ) ;
#1472 = CARTESIAN_POINT ( 'NONE',  ( -11.80000000000483418, 0.000000000000000000, 0.000000000000000000 ) ) ;
#1473 = APPROVAL_STATUS ( 'not_yet_approved' ) ;
#1474 = PRODUCT_DEFINITION_SHAPE ( 'NONE', 'NONE',  #3917 ) ;
#1475 = EDGE_CURVE ( 'NONE', #1341, #3167, #2967, .T. ) ;
#1476 = ORIENTED_EDGE ( 'NONE', *, *, #3291, .F. ) ;
#1477 = AXIS2_PLACEMENT_3D ( 'NONE', #3086, #2790, #406 ) ;
#1478 = DIRECTION ( 'NONE',  ( 0.000000000000000000, -0.4999999999999998890, 0.8660254037844385966 ) ) ;
#1479 = DIRECTION ( 'NONE',  ( -1.000000000000000000, -0.000000000000000000, -0.000000000000000000 ) ) ;
#1480 = DIRECTION ( 'NONE',  ( -0.9999999999999997780, -2.033782021272921061E-31, 1.224646799147351482E-16 ) ) ;
#1481 = EDGE_CURVE ( 'NONE', #396, #2976, #2298, .T. ) ;
#1482 = CARTESIAN_POINT ( 'NONE',  ( 8.248891971046839799, -4.762499999999969980, 0.000000000000000000 ) ) ;
#1483 = CARTESIAN_POINT ( 'NONE',  ( -0.4499999999993612443, 2.502005013424638093E-17, 0.000000000000000000 ) ) ;
#1484 = DIRECTION ( 'NONE',  ( 1.000000000000000000, 0.000000000000000000, 0.000000000000000000 ) ) ;
#1485 = EDGE_CURVE ( 'NONE', #3409, #101, #2838, .T. ) ;
#1486 = CARTESIAN_POINT ( 'NONE',  ( 0.5808478393081376590, 6.415274294920993547, 6.403947860276711701 ) ) ;
#1487 = ORIENTED_EDGE ( 'NONE', *, *, #657, .F. ) ;
#1488 = CARTESIAN_POINT ( 'NONE',  ( -13.41771913849730069, 0.000000000000000000, 15.35253755750896687 ) ) ;
#1489 = DIRECTION ( 'NONE',  ( -1.000000000000000000, -0.000000000000000000, -0.000000000000000000 ) ) ;
#1490 = TOROIDAL_SURFACE ( 'NONE', #96, 4.954230484540701696, 0.2000000000000002609 ) ;
#1491 = VERTEX_POINT ( 'NONE', #2007 ) ;
#1492 = CARTESIAN_POINT ( 'NONE',  ( 8.717347705171446748, 3.951110867399099558, 17.60000000000001208 ) ) ;
#1493 = SECURITY_CLASSIFICATION ( '', '', #57 ) ;
#1494 = EDGE_LOOP ( 'NONE', ( #3738, #2507, #3173, #2679 ) ) ;
#1495 = B_SPLINE_CURVE_WITH_KNOTS ( 'NONE', 3,
 ( #27, #2095, #2434, #564, #606, #300, #1800, #1257 ),
 .UNSPECIFIED., .F., .F.,
 ( 4, 2, 2, 4 ),
 ( 0.02480760746608736897, 0.02759408215097533534, 0.02898731949341932027, 0.03038055683586330519 ),
 .UNSPECIFIED. ) ;
#1496 = CARTESIAN_POINT ( 'NONE',  ( -9.400000000004290257, 0.000000000000000000, 0.000000000000000000 ) ) ;
#1497 = AXIS2_PLACEMENT_3D ( 'NONE', #1161, #1764, #2028 ) ;
#1498 = ADVANCED_FACE ( 'NONE', ( #487 ), #3544, .T. ) ;
#1499 = MECHANICAL_CONTEXT ( 'NONE', #2429, 'mechanical' ) ;
#1500 = CARTESIAN_POINT ( 'NONE',  ( -10.99852262806237846, -7.674129572303707347E-14, 0.8507386859688210734 ) ) ;
#1501 = CARTESIAN_POINT ( 'NONE',  ( 8.716642953600702626, -3.952331532926411040, 17.57989171664803152 ) ) ;
#1502 = CARTESIAN_POINT ( 'NONE',  ( 6.900000000000090949, 9.625872363064036819, 5.557499999999997442 ) ) ;
#1503 = VERTEX_POINT ( 'NONE', #2319 ) ;
#1504 = CYLINDRICAL_SURFACE ( 'NONE', #2953, 1.149999999999999911 ) ;
#1505 = FACE_OUTER_BOUND ( 'NONE', #2405, .T. ) ;
#1506 = ORIENTED_EDGE ( 'NONE', *, *, #876, .F. ) ;
#1507 = DIRECTION ( 'NONE',  ( -1.000000000000000000, 0.000000000000000000, 0.000000000000000000 ) ) ;
#1508 = AXIS2_PLACEMENT_3D ( 'NONE', #1840, #1235, #3656 ) ;
#1509 = ORIENTED_EDGE ( 'NONE', *, *, #3404, .F. ) ;
#1510 = LINE ( 'NONE', #1910, #3253 ) ;
#1511 = PERSON_AND_ORGANIZATION_ROLE ( 'design_owner' ) ;
#1512 = EDGE_CURVE ( 'NONE', #2719, #954, #3266, .T. ) ;
#1513 = FACE_OUTER_BOUND ( 'NONE', #1829, .T. ) ;
#1514 = CARTESIAN_POINT ( 'NONE',  ( -0.4499999999999062528, -1.079254363040718756, -11.11499999999796096 ) ) ;
#1515 = CARTESIAN_POINT ( 'NONE',  ( -5.499261314031233638, 9.524999999999979039, 0.8507386859688200742 ) ) ;
#1516 = DIRECTION ( 'NONE',  ( 0.000000000000000000, 0.000000000000000000, -1.000000000000000000 ) ) ;
#1517 = ORIENTED_EDGE ( 'NONE', *, *, #2293, .F. ) ;
#1518 = ORIENTED_EDGE ( 'NONE', *, *, #2879, .T. ) ;
#1519 = DIRECTION ( 'NONE',  ( -3.627636301412553852E-15, 1.000000000000000000, -0.000000000000000000 ) ) ;
#1520 = DIRECTION ( 'NONE',  ( 0.000000000000000000, 0.000000000000000000, 1.000000000000000000 ) ) ;
#1521 = CARTESIAN_POINT ( 'NONE',  ( -4.604223021015037887, -9.525000000000042988, 17.00763661373513003 ) ) ;
#1522 = AXIS2_PLACEMENT_3D ( 'NONE', #3820, #3017, #2683 ) ;
#1523 = APPROVAL ( #1473, 'UNKNOWN' ) ;
#1524 = ADVANCED_FACE ( 'NONE', ( #3876 ), #1156, .F. ) ;
#1525 = EDGE_CURVE ( 'NONE', #269, #396, #2922, .T. ) ;
#1526 = ORGANIZATION ( '未指定', '未指定', '' ) ;
#1527 = EDGE_LOOP ( 'NONE', ( #3133, #2365, #1128, #2147, #287, #3513, #260 ) ) ;
#1528 = AXIS2_PLACEMENT_3D ( 'NONE', #288, #328, #3309 ) ;
#1529 = CARTESIAN_POINT ( 'NONE',  ( -7.317451158458369243, 6.375802811646390289, 0.09792507081888404685 ) ) ;
#1530 = CIRCLE ( 'NONE', #2982, 10.99999999999749889 ) ;
#1531 = EDGE_CURVE ( 'NONE', #506, #1213, #422, .T. ) ;
#1532 = AXIS2_PLACEMENT_3D ( 'NONE', #1583, #3321, #30 ) ;
#1533 = ORIENTED_EDGE ( 'NONE', *, *, #2658, .F. ) ;
#1534 = CARTESIAN_POINT ( 'NONE',  ( 0.000000000000000000, 0.000000000000000000, 17.60000000000000142 ) ) ;
#1535 = CARTESIAN_POINT ( 'NONE',  ( -7.199999999999363354, 0.000000000000000000, 0.000000000000000000 ) ) ;
#1536 = APPROVAL_DATE_TIME ( #3632, #664 ) ;
#1537 = DIRECTION ( 'NONE',  ( 0.000000000000000000, 0.000000000000000000, 1.000000000000000000 ) ) ;
#1538 = LINE ( 'NONE', #48, #1434 ) ;
#1539 = CC_DESIGN_DATE_AND_TIME_ASSIGNMENT ( #379, #1601, ( #2076 ) ) ;
#1540 = DIRECTION ( 'NONE',  ( 0.000000000000000000, 0.000000000000000000, 1.000000000000000000 ) ) ;
#1541 = CARTESIAN_POINT ( 'NONE',  ( -14.60000000000372289, 0.000000000000000000, 4.954230484540701696 ) ) ;
#1542 = VERTEX_POINT ( 'NONE', #1735 ) ;
#1543 = CARTESIAN_POINT ( 'NONE',  ( 0.4652762284380206892, 9.525000000000002132, -5.466185952947745934E-16 ) ) ;
#1544 = B_SPLINE_CURVE_WITH_KNOTS ( 'NONE', 3,
 ( #1680, #2921, #3889, #2887, #2297, #3505 ),
 .UNSPECIFIED., .F., .F.,
 ( 4, 2, 4 ),
 ( 0.01949918432330226270, 0.02266765806223558152, 0.02583613180116889688 ),
 .UNSPECIFIED. ) ;
#1545 = DIRECTION ( 'NONE',  ( -0.8660254037856683906, 6.123233995710681857E-17, -0.4999999999978700371 ) ) ;
#1546 = CIRCLE ( 'NONE', #904, 4.765000000000782165 ) ;
#1547 = ADVANCED_FACE ( 'NONE', ( #2946 ), #121, .T. ) ;
#1548 = CARTESIAN_POINT ( 'NONE',  ( 6.698476554713494124, -4.283783471422762723, -11.11499999999795918 ) ) ;
#1549 = COORDINATED_UNIVERSAL_TIME_OFFSET ( 8, 0, .AHEAD. ) ;
#1550 = ORIENTED_EDGE ( 'NONE', *, *, #1604, .F. ) ;
#1551 = ORIENTED_EDGE ( 'NONE', *, *, #535, .F. ) ;
#1552 = FACE_OUTER_BOUND ( 'NONE', #1823, .T. ) ;
#1553 = AXIS2_PLACEMENT_3D ( 'NONE', #2788, #3101, #31 ) ;
#1554 = EDGE_LOOP ( 'NONE', ( #2789, #1803, #3094 ) ) ;
#1555 = LOCAL_TIME ( 18, 43, 25.00000000000000000, #391 ) ;
#1556 = LINE ( 'NONE', #3717, #762 ) ;
#1557 = VECTOR ( 'NONE', #1757, 1000.000000000000000 ) ;
#1558 = APPROVAL_ROLE ( '' ) ;
#1559 = AXIS2_PLACEMENT_3D ( 'NONE', #1190, #3837, #2348 ) ;
#1560 = SHAPE_REPRESENTATION ( '316L-GJ-HMR4-TB6-0.6', ( #884 ), #3425 ) ;
#1561 = CARTESIAN_POINT ( 'NONE',  ( 1.006550781153894234E-13, -9.525000000000000355, 0.000000000000000000 ) ) ;
#1562 = CARTESIAN_POINT ( 'NONE',  ( -14.60000000000372289, 0.000000000000000000, 0.000000000000000000 ) ) ;
#1563 = B_SPLINE_CURVE_WITH_KNOTS ( 'NONE', 3,
 ( #1952, #315, #601, #141, #2524, #3729 ),
 .UNSPECIFIED., .F., .F.,
 ( 4, 2, 4 ),
 ( 2.380730676605010145E-07, 0.002782414026671824452, 0.005564589980275988848 ),
 .UNSPECIFIED. ) ;
#1564 = CARTESIAN_POINT ( 'NONE',  ( 0.000000000000000000, 0.000000000000000000, 17.60000000000000142 ) ) ;
#1565 = DIRECTION ( 'NONE',  ( 0.8660254037845244168, 0.000000000000000000, -0.4999999999998513966 ) ) ;
#1566 = ORIENTED_EDGE ( 'NONE', *, *, #3850, .F. ) ;
#1567 = ORIENTED_EDGE ( 'NONE', *, *, #2757, .T. ) ;
#1568 = DIRECTION ( 'NONE',  ( 1.000000000000000000, 0.000000000000000000, 0.000000000000000000 ) ) ;
#1569 = CARTESIAN_POINT ( 'NONE',  ( -6.100000000003882761, -8.526512829121202230E-14, 0.000000000000000000 ) ) ;
#1570 = PLANE ( 'NONE',  #3555 ) ;
#1571 = DATE_TIME_ROLE ( 'classification_date' ) ;
#1572 = ORIENTED_EDGE ( 'NONE', *, *, #3475, .F. ) ;
#1573 = ORIENTED_EDGE ( 'NONE', *, *, #2407, .F. ) ;
#1574 = CARTESIAN_POINT ( 'NONE',  ( 0.9324499088804767410, -9.524999999999989697, 17.58019026657241568 ) ) ;
#1575 = ORIENTED_EDGE ( 'NONE', *, *, #1954, .F. ) ;
#1576 = CARTESIAN_POINT ( 'NONE',  ( -0.4499999999993612443, 2.502005013424638093E-17, 0.000000000000000000 ) ) ;
#1577 = APPROVAL_DATE_TIME ( #277, #2941 ) ;
#1578 = CC_DESIGN_PERSON_AND_ORGANIZATION_ASSIGNMENT ( #2850, #154, ( #1493 ) ) ;
#1579 = ADVANCED_FACE ( 'NONE', ( #1778 ), #1210, .T. ) ;
#1580 = ADVANCED_FACE ( 'NONE', ( #2454 ), #3636, .T. ) ;
#1581 = CARTESIAN_POINT ( 'NONE',  ( 6.439262305701898725, -6.417248242041515560, 11.11499999999796273 ) ) ;
#1582 = DIRECTION ( 'NONE',  ( 0.000000000000000000, 0.000000000000000000, 1.000000000000000000 ) ) ;
#1583 = CARTESIAN_POINT ( 'NONE',  ( 0.000000000000000000, 0.000000000000000000, 0.000000000000000000 ) ) ;
#1584 = CARTESIAN_POINT ( 'NONE',  ( 0.000000000000000000, 0.000000000000000000, 0.000000000000000000 ) ) ;
#1585 = VERTEX_POINT ( 'NONE', #3676 ) ;
#1586 = ORIENTED_EDGE ( 'NONE', *, *, #2977, .T. ) ;
#1587 = CARTESIAN_POINT ( 'NONE',  ( -3.455323577095457666E-14, 9.525000000000000355, 5.400000000000000355 ) ) ;
#1588 = CARTESIAN_POINT ( 'NONE',  ( -7.199999999999363354, 1.347111479061782327E-15, 10.99999999999749889 ) ) ;
#1589 = DATE_AND_TIME ( #1168, #2062 ) ;
#1590 = EDGE_LOOP ( 'NONE', ( #1613, #552, #1729, #1970 ) ) ;
#1591 = ORIENTED_EDGE ( 'NONE', *, *, #1838, .F. ) ;
#1592 = DIRECTION ( 'NONE',  ( 0.000000000000000000, 0.000000000000000000, 1.000000000000000000 ) ) ;
#1593 = EDGE_CURVE ( 'NONE', #174, #3269, #3828, .T. ) ;
#1594 = CC_DESIGN_APPROVAL ( #111, ( #2220 ) ) ;
#1595 = ORIENTED_EDGE ( 'NONE', *, *, #3003, .F. ) ;
#1596 = AXIS2_PLACEMENT_3D ( 'NONE', #397, #973, #3695 ) ;
#1597 = CARTESIAN_POINT ( 'NONE',  ( -14.50000000000376765, 0.000000000000000000, 4.781025403783787375 ) ) ;
#1598 = AXIS2_PLACEMENT_3D ( 'NONE', #2864, #1319, #1639 ) ;
#1599 = APPLICATION_CONTEXT ( 'configuration controlled 3d designs of mechanical parts and assemblies' ) ;
#1600 = ADVANCED_FACE ( 'NONE', ( #279 ), #3221, .F. ) ;
#1601 = DATE_TIME_ROLE ( 'creation_date' ) ;
#1602 = AXIS2_PLACEMENT_3D ( 'NONE', #3471, #745, #2849 ) ;
#1603 = CARTESIAN_POINT ( 'NONE',  ( 6.400365130926765289, -7.964242406242734162, 0.3778458271644037914 ) ) ;
#1604 = EDGE_CURVE ( 'NONE', #3904, #633, #2715, .T. ) ;
#1605 = CARTESIAN_POINT ( 'NONE',  ( 0.000000000000000000, 0.000000000000000000, 0.000000000000000000 ) ) ;
#1606 = FACE_OUTER_BOUND ( 'NONE', #3534, .T. ) ;
#1607 = ORIENTED_EDGE ( 'NONE', *, *, #1355, .F. ) ;
#1608 = VERTEX_POINT ( 'NONE', #3038 ) ;
#1609 = DIRECTION ( 'NONE',  ( 0.000000000000000000, 0.000000000000000000, 1.000000000000000000 ) ) ;
#1610 = ADVANCED_FACE ( 'NONE', ( #940 ), #2155, .F. ) ;
#1611 = CARTESIAN_POINT ( 'NONE',  ( -34.40688589961590793, 6.417248242041515560, 11.11499999999796273 ) ) ;
#1612 = PERSON_AND_ORGANIZATION_ROLE ( 'classification_officer' ) ;
#1613 = ORIENTED_EDGE ( 'NONE', *, *, #1216, .T. ) ;
#1614 = ORIENTED_EDGE ( 'NONE', *, *, #15, .F. ) ;
#1615 = CARTESIAN_POINT ( 'NONE',  ( 6.698905150103431794, 11.76495511040944031, 1.852499999999663416 ) ) ;
#1616 = CARTESIAN_POINT ( 'NONE',  ( 2.332295471198199799, -9.524999999999977263, 0.1567456604823452559 ) ) ;
#1617 = VECTOR ( 'NONE', #3315, 1000.000000000000000 ) ;
#1618 = ORIENTED_EDGE ( 'NONE', *, *, #263, .F. ) ;
#1619 = DIRECTION ( 'NONE',  ( 0.000000000000000000, 0.000000000000000000, 1.000000000000000000 ) ) ;
#1620 = VECTOR ( 'NONE', #1409, 999.9999999999998863 ) ;
#1621 = PERSON_AND_ORGANIZATION ( #2733, #1526 ) ;
#1622 = VECTOR ( 'NONE', #963, 1000.000000000000000 ) ;
#1623 = CARTESIAN_POINT ( 'NONE',  ( -11.80000000000483418, 7.715274834628357918E-16, 6.300000000000027356 ) ) ;
#1624 = CC_DESIGN_APPROVAL ( #1523, ( #3708 ) ) ;
#1625 = DIRECTION ( 'NONE',  ( 0.4999999999999950040, 0.8660254037844414832, 0.000000000000000000 ) ) ;
#1626 = ORIENTED_EDGE ( 'NONE', *, *, #336, .F. ) ;
#1627 = CARTESIAN_POINT ( 'NONE',  ( 0.9324499088765401122, 9.525000000000002132, 0.01980973342734828127 ) ) ;
#1628 = CARTESIAN_POINT ( 'NONE',  ( -0.4499999999999065303, -9.091101676225482819, -6.483749999998811298 ) ) ;
#1629 = CARTESIAN_POINT ( 'NONE',  ( -34.40688589961590793, -6.417248242041515560, 11.11499999999796273 ) ) ;
#1630 = ORIENTED_EDGE ( 'NONE', *, *, #1109, .F. ) ;
#1631 = ADVANCED_FACE ( 'NONE', ( #322 ), #3648, .F. ) ;
#1632 = ORIENTED_EDGE ( 'NONE', *, *, #3572, .T. ) ;
#1633 = DIRECTION ( 'NONE',  ( 0.9396926207859309654, 4.188538737676234951E-17, 0.3420201433256068180 ) ) ;
#1634 = CARTESIAN_POINT ( 'NONE',  ( -0.4499999999993633537, 0.000000000000000000, 0.000000000000000000 ) ) ;
#1635 = ORIENTED_EDGE ( 'NONE', *, *, #518, .F. ) ;
#1636 = CARTESIAN_POINT ( 'NONE',  ( -14.76158367259185944, 0.000000000000000000, 3.199999999999278089 ) ) ;
#1637 = APPROVAL_ROLE ( '' ) ;
#1638 = LINE ( 'NONE', #3204, #1092 ) ;
#1639 = DIRECTION ( 'NONE',  ( 0.000000000000000000, 0.000000000000000000, -1.000000000000000000 ) ) ;
#1640 = EDGE_CURVE ( 'NONE', #3587, #3453, #1538, .T. ) ;
#1641 = CYLINDRICAL_SURFACE ( 'NONE', #2988, 6.440000000000000391 ) ;
#1642 = CONICAL_SURFACE ( 'NONE', #440, 9.525000000000000355, 1.047197551196596521 ) ;
#1643 = ORIENTED_EDGE ( 'NONE', *, *, #2082, .F. ) ;
#1644 = DIRECTION ( 'NONE',  ( -1.000000000000000000, -0.000000000000000000, -0.000000000000000000 ) ) ;
#1645 = CARTESIAN_POINT ( 'NONE',  ( -0.2489051501027038094, -7.486789615715104595, -9.262499999998297540 ) ) ;
#1646 = B_SPLINE_CURVE_WITH_KNOTS ( 'NONE', 3,
 ( #3232, #3805, #490, #2952, #1703, #2656, #3858, #845 ),
 .UNSPECIFIED., .F., .F.,
 ( 4, 2, 2, 4 ),
 ( 0.005564589980275985379, 0.006950476802621102096, 0.008336363624966217079, 0.01110813726965644531 ),
 .UNSPECIFIED. ) ;
#1647 = PLANE ( 'NONE',  #1602 ) ;
#1648 = EDGE_CURVE ( 'NONE', #2185, #254, #1495, .T. ) ;
#1649 = ORIENTED_EDGE ( 'NONE', *, *, #1531, .T. ) ;
#1650 = EDGE_LOOP ( 'NONE', ( #3343, #1783, #969, #3193, #3846, #62, #911 ) ) ;
#1651 = DIRECTION ( 'NONE',  ( 0.000000000000000000, 0.000000000000000000, 1.000000000000000000 ) ) ;
#1652 = CARTESIAN_POINT ( 'NONE',  ( -0.4499999999993606337, 0.000000000000000000, 11.11499999999796273 ) ) ;
#1653 = EDGE_CURVE ( 'NONE', #1503, #3583, #1686, .T. ) ;
#1654 = ORIENTED_EDGE ( 'NONE', *, *, #3533, .T. ) ;
#1655 = CARTESIAN_POINT ( 'NONE',  ( 6.900000000000090949, 0.000000000000000000, 0.000000000000000000 ) ) ;
#1656 = EDGE_CURVE ( 'NONE', #923, #633, #76, .T. ) ;
#1657 = APPROVAL_ROLE ( '' ) ;
#1658 = AXIS2_PLACEMENT_3D ( 'NONE', #1576, #1974, #444 ) ;
#1659 = SECURITY_CLASSIFICATION ( '', '', #1033 ) ;
#1660 = DIRECTION ( 'NONE',  ( -1.000000000000000000, -0.000000000000000000, -0.000000000000000000 ) ) ;
#1661 = CIRCLE ( 'NONE', #2226, 3.875000000000043965 ) ;
#1662 = DIRECTION ( 'NONE',  ( -0.000000000000000000, 0.000000000000000000, -1.000000000000000000 ) ) ;
#1663 = AXIS2_PLACEMENT_3D ( 'NONE', #130, #404, #3795 ) ;
#1664 = DIRECTION ( 'NONE',  ( -1.000000000000000000, 0.000000000000000000, 0.000000000000000000 ) ) ;
#1665 = PRODUCT_RELATED_PRODUCT_CATEGORY ( 'detail', '', ( #2363 ) ) ;
#1666 = LINE ( 'NONE', #2867, #2336 ) ;
#1667 = DIRECTION ( 'NONE',  ( 0.000000000000000000, -0.8660254037844387076, 0.4999999999999999445 ) ) ;
#1668 = ORIENTED_EDGE ( 'NONE', *, *, #2407, .T. ) ;
#1669 = EDGE_LOOP ( 'NONE', ( #3390, #2239, #2269, #928 ) ) ;
#1670 = DIRECTION ( 'NONE',  ( -1.000000000000000000, -0.000000000000000000, -0.000000000000000000 ) ) ;
#1671 = EDGE_CURVE ( 'NONE', #1026, #216, #3813, .T. ) ;
#1672 = ORIENTED_EDGE ( 'NONE', *, *, #419, .T. ) ;
#1673 = DIRECTION ( 'NONE',  ( -6.144964491593366446E-17, -1.000000000000000000, 0.000000000000000000 ) ) ;
#1674 = APPROVAL_STATUS ( 'not_yet_approved' ) ;
#1675 = CARTESIAN_POINT ( 'NONE',  ( 15.59999999999936193, 4.745506346695803581E-16, 3.874999999999843237 ) ) ;
#1676 = AXIS2_PLACEMENT_3D ( 'NONE', #60, #375, #1222 ) ;
#1677 = CYLINDRICAL_SURFACE ( 'NONE', #765, 1.149999999999999911 ) ;
#1678 = LINE ( 'NONE', #483, #2359 ) ;
#1679 = DIRECTION ( 'NONE',  ( -1.000000000000000000, -0.000000000000000000, -0.000000000000000000 ) ) ;
#1680 = CARTESIAN_POINT ( 'NONE',  ( -0.4499999999993612443, 6.034278445082879495E-15, -11.11499999999795918 ) ) ;
#1681 = CC_DESIGN_APPROVAL ( #2401, ( #1227 ) ) ;
#1682 = CARTESIAN_POINT ( 'NONE',  ( -0.4499999999999072520, -10.16064304989906653, 4.631249999999150546 ) ) ;
#1683 = DIRECTION ( 'NONE',  ( 0.000000000000000000, 0.000000000000000000, -1.000000000000000000 ) ) ;
#1684 = ORIENTED_EDGE ( 'NONE', *, *, #3817, .F. ) ;
#1685 = PLANE ( 'NONE',  #2884 ) ;
#1686 = CIRCLE ( 'NONE', #420, 6.440000000000000391 ) ;
#1687 = DIRECTION ( 'NONE',  ( -1.000000000000000000, 5.560011140951532788E-17, -0.000000000000000000 ) ) ;
#1688 = ORIENTED_EDGE ( 'NONE', *, *, #127, .F. ) ;
#1689 = CARTESIAN_POINT ( 'NONE',  ( -0.4499999999993606892, 9.625872363062276449, 5.557499999998983142 ) ) ;
#1690 = PERSON_AND_ORGANIZATION ( #2733, #1526 ) ;
#1691 = APPROVAL ( #3528, 'UNKNOWN' ) ;
#1692 = EDGE_CURVE ( 'NONE', #2266, #1895, #3380, .T. ) ;
#1693 = CARTESIAN_POINT ( 'NONE',  ( -9.400000000004290257, 0.000000000000000000, 4.765000000001082370 ) ) ;
#1694 = EDGE_CURVE ( 'NONE', #3052, #2396, #3207, .T. ) ;
#1695 = CARTESIAN_POINT ( 'NONE',  ( 6.900000000000637179, 10.16064304989906297, -4.631249999999151434 ) ) ;
#1696 = CARTESIAN_POINT ( 'NONE',  ( -14.76158367259185944, 0.000000000000000000, 0.000000000000000000 ) ) ;
#1697 = DIRECTION ( 'NONE',  ( 1.000000000000000000, -0.000000000000000000, -0.000000000000000000 ) ) ;
#1698 = LINE ( 'NONE', #1025, #3368 ) ;
#1699 = EDGE_CURVE ( 'NONE', #82, #2457, #2134, .T. ) ;
#1700 = APPROVAL_ROLE ( '' ) ;
#1701 = ORIENTED_EDGE ( 'NONE', *, *, #1640, .F. ) ;
#1702 = EDGE_LOOP ( 'NONE', ( #1739, #1183, #3747, #3293, #2745 ) ) ;
#1703 = CARTESIAN_POINT ( 'NONE',  ( -7.087157097717411425, -6.774683825531018222, 17.44444124035915422 ) ) ;
#1704 = CARTESIAN_POINT ( 'NONE',  ( -0.1318261303870376377, -5.353137367943501701, 11.11499999999796451 ) ) ;
#1705 = ORIENTED_EDGE ( 'NONE', *, *, #1593, .T. ) ;
#1706 = CYLINDRICAL_SURFACE ( 'NONE', #3451, 4.765000000000661373 ) ;
#1707 = ADVANCED_FACE ( 'NONE', ( #663, #1427 ), #1685, .T. ) ;
#1708 = CALENDAR_DATE ( 2025, 23, 7 ) ;
#1709 = ORIENTED_EDGE ( 'NONE', *, *, #2305, .F. ) ;
#1710 = DIRECTION ( 'NONE',  ( -1.000000000000000000, -0.000000000000000000, -0.000000000000000000 ) ) ;
#1711 = EDGE_CURVE ( 'NONE', #396, #982, #2069, .T. ) ;
#1712 = CARTESIAN_POINT ( 'NONE',  ( -14.80000000000380744, 0.000000000000000000, 0.000000000000000000 ) ) ;
#1713 = LOCAL_TIME ( 18, 43, 25.00000000000000000, #3536 ) ;
#1714 = CONICAL_SURFACE ( 'NONE', #3239, 6.099999999999753619, 0.7853981633997121348 ) ;
#1715 = CARTESIAN_POINT ( 'NONE',  ( 8.248891971046839799, -4.762499999999971756, 17.60000000000000142 ) ) ;
#1716 = CARTESIAN_POINT ( 'NONE',  ( -9.997393957006606158, 5.702302305489612601E-16, 4.547566381521780166 ) ) ;
#1717 = CARTESIAN_POINT ( 'NONE',  ( 0.01073769429882818691, -12.83449648408302757, -3.166195687737126502E-16 ) ) ;
#1718 = EDGE_CURVE ( 'NONE', #3489, #2380, #1142, .T. ) ;
#1719 = AXIS2_PLACEMENT_3D ( 'NONE', #700, #1073, #1036 ) ;
#1720 = DIRECTION ( 'NONE',  ( 0.000000000000000000, 0.000000000000000000, -1.000000000000000000 ) ) ;
#1721 = AXIS2_PLACEMENT_3D ( 'NONE', #523, #3282, #1720 ) ;
#1722 = ORIENTED_EDGE ( 'NONE', *, *, #2833, .T. ) ;
#1723 = ORIENTED_EDGE ( 'NONE', *, *, #865, .F. ) ;
#1724 = CARTESIAN_POINT ( 'NONE',  ( -14.40000000000373959, 5.474999999998844125, 0.000000000000000000 ) ) ;
#1725 = DIRECTION ( 'NONE',  ( 1.000000000000000000, -0.000000000000000000, -0.000000000000000000 ) ) ;
#1726 = ORIENTED_EDGE ( 'NONE', *, *, #462, .F. ) ;
#1727 = FACE_OUTER_BOUND ( 'NONE', #635, .T. ) ;
#1728 = APPROVAL_STATUS ( 'not_yet_approved' ) ;
#1729 = ORIENTED_EDGE ( 'NONE', *, *, #88, .F. ) ;
#1730 = CARTESIAN_POINT ( 'NONE',  ( -6.100000000003942269, 4.745506346695956423E-16, -3.874999999999958256 ) ) ;
#1731 = VECTOR ( 'NONE', #3233, 1000.000000000000114 ) ;
#1732 = TOROIDAL_SURFACE ( 'NONE', #21, 4.829474167757560110, 0.2999999999999999334 ) ;
#1733 =( LENGTH_UNIT ( ) NAMED_UNIT ( * ) SI_UNIT ( .MILLI., .METRE. ) );
#1734 = CARTESIAN_POINT ( 'NONE',  ( 10.99852262806237846, 2.215317249701455172E-16, 0.8507386859688209624 ) ) ;
#1735 = CARTESIAN_POINT ( 'NONE',  ( -7.199999999999363354, 6.704941225332205323E-16, 5.475000000000363798 ) ) ;
#1736 = LINE ( 'NONE', #2947, #1399 ) ;
#1737 = CARTESIAN_POINT ( 'NONE',  ( 1.119756217598806058, 6.342170622125228086, 5.701821964039020862 ) ) ;
#1738 = VECTOR ( 'NONE', #72, 1000.000000000000000 ) ;
#1739 = ORIENTED_EDGE ( 'NONE', *, *, #581, .F. ) ;
#1740 = LOCAL_TIME ( 18, 43, 25.00000000000000000, #2203 ) ;
#1741 = VERTEX_POINT ( 'NONE', #213 ) ;
#1742 = CARTESIAN_POINT ( 'NONE',  ( -0.1325536793750526909, -12.29972579724623927, -0.9262499999998303757 ) ) ;
#1743 = CARTESIAN_POINT ( 'NONE',  ( 0.7077530198572375975, -6.401881649423514453, 4.481274946625984690 ) ) ;
#1744 = VECTOR ( 'NONE', #2684, 1000.000000000000000 ) ;
#1745 = AXIS2_PLACEMENT_3D ( 'NONE', #2053, #2663, #223 ) ;
#1746 = CC_DESIGN_PERSON_AND_ORGANIZATION_ASSIGNMENT ( #3275, #238, ( #539 ) ) ;
#1747 = EDGE_CURVE ( 'NONE', #1261, #676, #1405, .T. ) ;
#1748 = ORIENTED_EDGE ( 'NONE', *, *, #2642, .T. ) ;
#1749 = DIRECTION ( 'NONE',  ( 1.000000000000000000, -5.560011140951532788E-17, 0.000000000000000000 ) ) ;
#1750 = B_SPLINE_CURVE_WITH_KNOTS ( 'NONE', 3,
 ( #2972, #1765, #2383, #2029, #1704, #861 ),
 .UNSPECIFIED., .F., .F.,
 ( 4, 2, 4 ),
 ( 0.01949918432330224188, 0.02266765806223556418, 0.02583613180116888994 ),
 .UNSPECIFIED. ) ;
#1751 = APPROVAL_STATUS ( 'not_yet_approved' ) ;
#1752 = VERTEX_POINT ( 'NONE', #806 ) ;
#1753 = DIRECTION ( 'NONE',  ( 0.000000000000000000, 0.8660254037844387076, -0.4999999999999999445 ) ) ;
#1754 = CONICAL_SURFACE ( 'NONE', #549, 6.099999999999753619, 0.7853981633997121348 ) ;
#1755 = CARTESIAN_POINT ( 'NONE',  ( 0.000000000000000000, 0.000000000000000000, 0.000000000000000000 ) ) ;
#1756 = PRODUCT_DEFINITION_SHAPE ( 'NONE', 'NONE',  #2161 ) ;
#1757 = DIRECTION ( 'NONE',  ( -0.7071067811849467422, 8.659560562374537284E-17, -0.7071067811881482923 ) ) ;
#1758 = DIRECTION ( 'NONE',  ( 1.000000000000000000, 0.000000000000000000, 0.000000000000000000 ) ) ;
#1759 = EDGE_CURVE ( 'NONE', #3414, #1857, #3896, .T. ) ;
#1760 = DIRECTION ( 'NONE',  ( -1.000000000000000000, 0.000000000000000000, 0.000000000000000000 ) ) ;
#1761 = CARTESIAN_POINT ( 'NONE',  ( 1.149999999999977041, 6.336489564419723663, 5.400000000000000355 ) ) ;
#1762 = ORIENTED_EDGE ( 'NONE', *, *, #1512, .T. ) ;
#1763 = ORIENTED_EDGE ( 'NONE', *, *, #2642, .F. ) ;
#1764 = DIRECTION ( 'NONE',  ( -0.000000000000000000, -0.000000000000000000, -1.000000000000000000 ) ) ;
#1765 = CARTESIAN_POINT ( 'NONE',  ( -0.4499999999999087508, -1.064573277424533337, 11.11499999999796451 ) ) ;
#1766 = EDGE_CURVE ( 'NONE', #982, #269, #2637, .T. ) ;
#1767 = CIRCLE ( 'NONE', #54, 6.099999999999753619 ) ;
#1768 = CIRCLE ( 'NONE', #1450, 6.300000000000027356 ) ;
#1769 = ORIENTED_EDGE ( 'NONE', *, *, #778, .F. ) ;
#1770 = DIRECTION ( 'NONE',  ( 1.000000000000000000, 0.000000000000000000, 0.000000000000000000 ) ) ;
#1771 = ADVANCED_FACE ( 'NONE', ( #2892 ), #508, .F. ) ;
#1772 = COORDINATED_UNIVERSAL_TIME_OFFSET ( 8, 0, .AHEAD. ) ;
#1773 = ORIENTED_EDGE ( 'NONE', *, *, #3229, .T. ) ;
#1774 = FACE_OUTER_BOUND ( 'NONE', #3691, .T. ) ;
#1775 = EDGE_CURVE ( 'NONE', #517, #159, #2514, .T. ) ;
#1776 = DIRECTION ( 'NONE',  ( 1.000000000000000000, -1.266348137463069179E-16, -1.110223024625156540E-16 ) ) ;
#1777 = DIRECTION ( 'NONE',  ( 0.000000000000000000, 0.000000000000000000, 1.000000000000000000 ) ) ;
#1778 = FACE_OUTER_BOUND ( 'NONE', #3888, .T. ) ;
#1779 = CARTESIAN_POINT ( 'NONE',  ( 5.947941525219425429, 8.747863077871224746, 17.00830695474097354 ) ) ;
#1780 = AXIS2_PLACEMENT_3D ( 'NONE', #3205, #839, #2900 ) ;
#1781 = CYLINDRICAL_SURFACE ( 'NONE', #217, 5.674999999999571720 ) ;
#1782 = AXIS2_PLACEMENT_3D ( 'NONE', #1696, #3294, #171 ) ;
#1783 = ORIENTED_EDGE ( 'NONE', *, *, #2555, .T. ) ;
#1784 = CC_DESIGN_PERSON_AND_ORGANIZATION_ASSIGNMENT ( #696, #2271, ( #1659 ) ) ;
#1785 = EDGE_LOOP ( 'NONE', ( #1595, #1885, #386, #543, #1994, #1824 ) ) ;
#1786 = B_SPLINE_CURVE_WITH_KNOTS ( 'NONE', 3,
 ( #617, #2209, #3119, #1835, #2737, #23 ),
 .UNSPECIFIED., .F., .F.,
 ( 4, 2, 4 ),
 ( 0.01949918432330224188, 0.02266765806223556418, 0.02583613180116888994 ),
 .UNSPECIFIED. ) ;
#1787 = CARTESIAN_POINT ( 'NONE',  ( 1.150000000000034550, -9.525000000000094502, 5.400000000000000355 ) ) ;
#1788 = CIRCLE ( 'NONE', #3300, 4.954230484540647517 ) ;
#1789 = DIRECTION ( 'NONE',  ( -3.627636301412553852E-15, 1.000000000000000000, -0.000000000000000000 ) ) ;
#1790 = CIRCLE ( 'NONE', #3811, 0.8000000000001196154 ) ;
#1791 = EDGE_CURVE ( 'NONE', #2142, #2960, #1465, .T. ) ;
#1792 = ORIENTED_EDGE ( 'NONE', *, *, #1157, .T. ) ;
#1793 = AXIS2_PLACEMENT_3D ( 'NONE', #1038, #2594, #759 ) ;
#1794 = CARTESIAN_POINT ( 'NONE',  ( -0.4499999999993633537, 0.000000000000000000, 0.000000000000000000 ) ) ;
#1795 = ORIENTED_EDGE ( 'NONE', *, *, #2234, .T. ) ;
#1796 = CARTESIAN_POINT ( 'NONE',  ( -0.4499999999999068634, 9.091101676225481043, -6.483749999998811298 ) ) ;
#1797 = DIRECTION ( 'NONE',  ( -1.000000000000000000, -0.000000000000000000, -0.000000000000000000 ) ) ;
#1798 = APPROVAL_DATE_TIME ( #2471, #111 ) ;
#1799 = LINE ( 'NONE', #2963, #1941 ) ;
#1800 = CARTESIAN_POINT ( 'NONE',  ( 0.4652762284380224656, 9.525000000000003908, 17.60000000000000497 ) ) ;
#1801 = CARTESIAN_POINT ( 'NONE',  ( -10.40000000000428848, 0.000000000000000000, 0.000000000000000000 ) ) ;
#1802 = VERTEX_POINT ( 'NONE', #1122 ) ;
#1803 = ORIENTED_EDGE ( 'NONE', *, *, #2780, .T. ) ;
#1804 = CONICAL_SURFACE ( 'NONE', #3002, 6.300000000000027356, 0.7853981633974396193 ) ;
#1805 = DIRECTION ( 'NONE',  ( -3.627636301412553852E-15, 1.000000000000000000, -0.000000000000000000 ) ) ;
#1806 = DIRECTION ( 'NONE',  ( 0.000000000000000000, 0.000000000000000000, 1.000000000000000000 ) ) ;
#1807 = B_SPLINE_CURVE_WITH_KNOTS ( 'NONE', 3,
 ( #1761, #3602, #1737, #2968, #1462, #267, #1486, #3897, #3305, #3913, #3230, #3023, #1302, #3640, #302, #1238, #2516, #385 ),
 .UNSPECIFIED., .F., .F.,
 ( 4, 2, 2, 2, 2, 2, 2, 2, 4 ),
 ( 0.003602647939229254755, 0.004052864874607809559, 0.004503081809986364363, 0.004953298745364919167, 0.005403515680743474839, 0.005853732616122028776, 0.006303949551500584447, 0.006754166486879139251, 0.007204383422257694056 ),
 .UNSPECIFIED. ) ;
#1808 = AXIS2_PLACEMENT_3D ( 'NONE', #3807, #1670, #2873 ) ;
#1809 = ORIENTED_EDGE ( 'NONE', *, *, #3043, .F. ) ;
#1810 = FACE_OUTER_BOUND ( 'NONE', #1554, .T. ) ;
#1811 = LOCAL_TIME ( 18, 43, 25.00000000000000000, #2090 ) ;
#1812 = EDGE_LOOP ( 'NONE', ( #3085, #704, #145, #3623 ) ) ;
#1813 = CARTESIAN_POINT ( 'NONE',  ( -0.1325536793750526632, -6.952018928878310078, 10.18874999999813191 ) ) ;
#1814 = CARTESIAN_POINT ( 'NONE',  ( 6.439262305701901390, 6.417248242041517337, -11.11499999999795563 ) ) ;
#1815 = AXIS2_PLACEMENT_3D ( 'NONE', #591, #3370, #1263 ) ;
#1816 = CARTESIAN_POINT ( 'NONE',  ( -10.40000000000428848, 7.470345474798553539E-16, -6.099999999999753619 ) ) ;
#1817 = CARTESIAN_POINT ( 'NONE',  ( -0.4071412566343339812, -2.153087595701802304, -11.11499999999795918 ) ) ;
#1818 = CC_DESIGN_PERSON_AND_ORGANIZATION_ASSIGNMENT ( #2521, #1612, ( #3708 ) ) ;
#1819 = EDGE_CURVE ( 'NONE', #970, #2043, #3078, .T. ) ;
#1820 = ADVANCED_FACE ( 'NONE', ( #2674, #3548 ), #3881, .F. ) ;
#1821 = CARTESIAN_POINT ( 'NONE',  ( 6.900000000000090949, -3.389467538718816803E-16, -2.261695613380076942E-15 ) ) ;
#1822 = DIRECTION ( 'NONE',  ( 1.000000000000000000, -5.560011140951532788E-17, 0.000000000000000000 ) ) ;
#1823 = EDGE_LOOP ( 'NONE', ( #2167, #2108, #2539 ) ) ;
#1824 = ORIENTED_EDGE ( 'NONE', *, *, #1671, .F. ) ;
#1825 = CARTESIAN_POINT ( 'NONE',  ( -8.248891971046806049, 4.762499999999953104, 17.60000000000000142 ) ) ;
#1826 = CARTESIAN_POINT ( 'NONE',  ( -1.149999999999977041, -6.336489564419723663, 5.400000000000001243 ) ) ;
#1827 = EDGE_CURVE ( 'NONE', #3716, #3199, #3523, .T. ) ;
#1828 = CARTESIAN_POINT ( 'NONE',  ( -9.410626844376103861, 2.750316174468983910, 17.44444124035915777 ) ) ;
#1829 = EDGE_LOOP ( 'NONE', ( #932, #3459, #3670 ) ) ;
#1830 = DIRECTION ( 'NONE',  ( 1.000000000000000000, 0.000000000000000000, 0.000000000000000000 ) ) ;
#1831 = AXIS2_PLACEMENT_3D ( 'NONE', #3655, #918, #3100 ) ;
#1832 = AXIS2_PLACEMENT_3D ( 'NONE', #1483, #875, #3894 ) ;
#1833 = ORIENTED_EDGE ( 'NONE', *, *, #1656, .F. ) ;
#1834 = EDGE_CURVE ( 'NONE', #3113, #3403, #1646, .T. ) ;
#1835 = CARTESIAN_POINT ( 'NONE',  ( 6.698476554713492348, 4.283783471422765388, 11.11499999999796451 ) ) ;
#1836 = CARTESIAN_POINT ( 'NONE',  ( 7.634999999999990905, 0.000000000000000000, -4.765000000000782165 ) ) ;
#1837 = CARTESIAN_POINT ( 'NONE',  ( 0.000000000000000000, 0.000000000000000000, 0.000000000000000000 ) ) ;
#1838 = EDGE_CURVE ( 'NONE', #2644, #1012, #360, .T. ) ;
#1839 = DIRECTION ( 'NONE',  ( 0.000000000000000000, 0.000000000000000000, 1.000000000000000000 ) ) ;
#1840 = CARTESIAN_POINT ( 'NONE',  ( 0.000000000000000000, 0.000000000000000000, -2.500000000000005773 ) ) ;
#1841 = DIRECTION ( 'NONE',  ( -1.000000000000000000, -0.000000000000000000, -0.000000000000000000 ) ) ;
#1842 = CARTESIAN_POINT ( 'NONE',  ( -0.4499999999993606337, 0.000000000000000000, 11.11499999999796273 ) ) ;
#1843 = VERTEX_POINT ( 'NONE', #2160 ) ;
#1844 = ORIENTED_EDGE ( 'NONE', *, *, #935, .F. ) ;
#1845 = EDGE_CURVE ( 'NONE', #2752, #2960, #3714, .T. ) ;
#1846 = DIRECTION ( 'NONE',  ( 1.000000000000000000, -0.000000000000000000, -0.000000000000000000 ) ) ;
#1847 = DIRECTION ( 'NONE',  ( -1.000000000000000000, -0.000000000000000000, -0.000000000000000000 ) ) ;
#1848 = CYLINDRICAL_SURFACE ( 'NONE', #1338, 3.874999999999845901 ) ;
#1849 = SHAPE_DEFINITION_REPRESENTATION ( #1756, #2531 ) ;
#1850 = CONICAL_SURFACE ( 'NONE', #2854, 14.11499999999999844, 1.308996938995753867 ) ;
#1851 = ORIENTED_EDGE ( 'NONE', *, *, #1485, .T. ) ;
#1852 = LOCAL_TIME ( 18, 43, 25.00000000000000000, #719 ) ;
#1853 = ORIENTED_EDGE ( 'NONE', *, *, #169, .F. ) ;
#1854 = CIRCLE ( 'NONE', #639, 4.765000000000782165 ) ;
#1855 = CARTESIAN_POINT ( 'NONE',  ( -8.248891971046807825, 4.762499999999953992, 0.000000000000000000 ) ) ;
#1856 = AXIS2_PLACEMENT_3D ( 'NONE', #1712, #390, #37 ) ;
#1857 = VERTEX_POINT ( 'NONE', #946 ) ;
#1858 = CARTESIAN_POINT ( 'NONE',  ( 15.59999999999936193, 4.765000000000782165, 0.000000000000000000 ) ) ;
#1859 = PERSON_AND_ORGANIZATION ( #2733, #1526 ) ;
#1860 = CARTESIAN_POINT ( 'NONE',  ( -14.80000000000383054, 0.000000000000000000, 0.000000000000000000 ) ) ;
#1861 = DIRECTION ( 'NONE',  ( 0.000000000000000000, 0.000000000000000000, -1.000000000000000000 ) ) ;
#1862 = DIRECTION ( 'NONE',  ( -1.000000000000000000, 5.560011140951532788E-17, -0.000000000000000000 ) ) ;
#1863 = CARTESIAN_POINT ( 'NONE',  ( -31.30000000000291038, 6.949870585160705123E-16, -5.674999999999571720 ) ) ;
#1864 = ORIENTED_EDGE ( 'NONE', *, *, #1310, .F. ) ;
#1865 = ORIENTED_EDGE ( 'NONE', *, *, #838, .F. ) ;
#1866 = FACE_OUTER_BOUND ( 'NONE', #3849, .T. ) ;
#1867 = DIRECTION ( 'NONE',  ( 0.000000000000000000, 0.000000000000000000, 1.000000000000000000 ) ) ;
#1868 = CARTESIAN_POINT ( 'NONE',  ( -8.482244080906840011, 4.358322289668973504, 17.60000000000000853 ) ) ;
#1869 = DATE_TIME_ROLE ( 'classification_date' ) ;
#1870 = ORIENTED_EDGE ( 'NONE', *, *, #1286, .F. ) ;
#1871 = ORIENTED_EDGE ( 'NONE', *, *, #2464, .F. ) ;
#1872 = PLANE ( 'NONE',  #1676 ) ;
#1873 = AXIS2_PLACEMENT_3D ( 'NONE', #1634, #3752, #442 ) ;
#1874 = EDGE_CURVE ( 'NONE', #705, #924, #284, .T. ) ;
#1875 = VERTEX_POINT ( 'NONE', #1241 ) ;
#1876 = LOCAL_TIME ( 18, 43, 25.00000000000000000, #1549 ) ;
#1877 = DIRECTION ( 'NONE',  ( -0.000000000000000000, -0.000000000000000000, -1.000000000000000000 ) ) ;
#1878 = COORDINATED_UNIVERSAL_TIME_OFFSET ( 8, 0, .AHEAD. ) ;
#1879 = CIRCLE ( 'NONE', #160, 0.7999999999999999334 ) ;
#1880 = CIRCLE ( 'NONE', #162, 3.874999999999958256 ) ;
#1881 = CARTESIAN_POINT ( 'NONE',  ( 6.857872656291855051, -10.69541373673585838, 3.704999999999318838 ) ) ;
#1882 = CARTESIAN_POINT ( 'NONE',  ( -10.99852262806237846, -7.674129572303707347E-14, 0.8507386859688210734 ) ) ;
#1883 = CARTESIAN_POINT ( 'NONE',  ( -11.80000000000483418, 0.000000000000000000, -6.300000000000027356 ) ) ;
#1884 = CARTESIAN_POINT ( 'NONE',  ( -5.949064689866300881, -8.745917699637505649, 0.5910445858475861236 ) ) ;
#1885 = ORIENTED_EDGE ( 'NONE', *, *, #2833, .F. ) ;
#1886 = ORIENTED_EDGE ( 'NONE', *, *, #2201, .F. ) ;
#1887 = EDGE_CURVE ( 'NONE', #3090, #2043, #1307, .T. ) ;
#1888 = DIRECTION ( 'NONE',  ( 1.000000000000000000, 0.000000000000000000, 0.000000000000000000 ) ) ;
#1889 = CYLINDRICAL_SURFACE ( 'NONE', #1276, 4.765000000000782165 ) ;
#1890 = CONTEXT_DEPENDENT_SHAPE_REPRESENTATION ( #3495, #1474 ) ;
#1891 = ORIENTED_EDGE ( 'NONE', *, *, #2064, .F. ) ;
#1892 = EDGE_LOOP ( 'NONE', ( #901, #3508, #2655, #1442, #1722, #1726 ) ) ;
#1893 = FACE_OUTER_BOUND ( 'NONE', #1702, .T. ) ;
#1894 = ADVANCED_FACE ( 'NONE', ( #3047 ), #608, .T. ) ;
#1895 = VERTEX_POINT ( 'NONE', #2459 ) ;
#1896 = CARTESIAN_POINT ( 'NONE',  ( -9.400000000004290257, 0.000000000000000000, 0.000000000000000000 ) ) ;
#1897 = ADVANCED_FACE ( 'NONE', ( #1866 ), #921, .T. ) ;
#1898 = PERSON_AND_ORGANIZATION_ROLE ( 'creator' ) ;
#1899 = ADVANCED_FACE ( 'NONE', ( #350 ), #1504, .F. ) ;
#1900 = CARTESIAN_POINT ( 'NONE',  ( -3.688409626074399483, -9.525000000000041211, 0.3759314465276654138 ) ) ;
#1901 = DIRECTION ( 'NONE',  ( 0.000000000000000000, 0.000000000000000000, -1.000000000000000000 ) ) ;
#1902 = DIRECTION ( 'NONE',  ( -0.8660254037844380415, -0.5000000000000009992, 0.000000000000000000 ) ) ;
#1903 = ORIENTED_EDGE ( 'NONE', *, *, #1887, .F. ) ;
#1904 = CARTESIAN_POINT ( 'NONE',  ( 1.869027305895907931, 9.525000000000002132, 0.09848334842903989916 ) ) ;
#1905 = DIRECTION ( 'NONE',  ( -0.000000000000000000, -0.000000000000000000, -1.000000000000000000 ) ) ;
#1906 = CARTESIAN_POINT ( 'NONE',  ( 6.900000000000636291, -1.064573277424527564, -11.11499999999796096 ) ) ;
#1907 = APPROVAL_DATE_TIME ( #331, #2401 ) ;
#1908 = ORIENTED_EDGE ( 'NONE', *, *, #2111, .F. ) ;
#1909 = ORIENTED_EDGE ( 'NONE', *, *, #3117, .F. ) ;
#1910 = CARTESIAN_POINT ( 'NONE',  ( 0.000000000000000000, 5.835441997938096519E-16, 4.765000000000782165 ) ) ;
#1911 = CARTESIAN_POINT ( 'NONE',  ( 4.609918769206964306, -9.524999999999952394, 17.00599239285924824 ) ) ;
#1912 = AXIS2_PLACEMENT_3D ( 'NONE', #3549, #3286, #1104 ) ;
#1913 = ORIENTED_EDGE ( 'NONE', *, *, #3702, .F. ) ;
#1914 = DIRECTION ( 'NONE',  ( -1.000000000000000000, 0.000000000000000000, 0.000000000000000000 ) ) ;
#1915 = AXIS2_PLACEMENT_3D ( 'NONE', #3619, #3657, #942 ) ;
#1916 = PERSON_AND_ORGANIZATION ( #2733, #1526 ) ;
#1917 = AXIS2_PLACEMENT_3D ( 'NONE', #452, #469, #2904 ) ;
#1918 = CARTESIAN_POINT ( 'NONE',  ( 5.499261314031300252, -9.524999999999941735, 0.8507386859688205183 ) ) ;
#1919 = LINE ( 'NONE', #92, #3430 ) ;
#1920 = FACE_OUTER_BOUND ( 'NONE', #725, .T. ) ;
#1921 = EDGE_LOOP ( 'NONE', ( #272, #2999 ) ) ;
#1922 = EDGE_LOOP ( 'NONE', ( #852, #1864, #2835, #536 ) ) ;
#1923 = FACE_OUTER_BOUND ( 'NONE', #2640, .T. ) ;
#1924 = CARTESIAN_POINT ( 'NONE',  ( 0.000000000000000000, 0.000000000000000000, -4.765000000000661373 ) ) ;
#1925 = APPROVAL_DATE_TIME ( #950, #2687 ) ;
#1926 = ORIENTED_EDGE ( 'NONE', *, *, #941, .T. ) ;
#1927 = ORIENTED_EDGE ( 'NONE', *, *, #1380, .T. ) ;
#1928 = AXIS2_PLACEMENT_3D ( 'NONE', #2836, #1313, #2852 ) ;
#1929 = CARTESIAN_POINT ( 'NONE',  ( -0.1325536793750521081, 12.29972579724623571, 0.9262499999998330402 ) ) ;
#1930 = DIRECTION ( 'NONE',  ( -1.000000000000000000, 0.000000000000000000, 0.000000000000000000 ) ) ;
#1931 = VECTOR ( 'NONE', #2625, 1000.000000000000114 ) ;
#1932 = ORIENTED_EDGE ( 'NONE', *, *, #363, .T. ) ;
#1933 = DIRECTION ( 'NONE',  ( -1.000000000000000000, -0.000000000000000000, -0.000000000000000000 ) ) ;
#1934 = AXIS2_PLACEMENT_3D ( 'NONE', #2957, #2660, #1507 ) ;
#1935 = EDGE_CURVE ( 'NONE', #1895, #1119, #1237, .T. ) ;
#1936 = UNCERTAINTY_MEASURE_WITH_UNIT (LENGTH_MEASURE( 1.000000000000000082E-05 ), #2962, 'distance_accuracy_value', 'NONE');
#1937 = DATE_TIME_ROLE ( 'classification_date' ) ;
#1938 = AXIS2_PLACEMENT_3D ( 'NONE', #735, #1953, #1930 ) ;
#1939 = CC_DESIGN_APPROVAL ( #577, ( #1198 ) ) ;
#1940 = DIRECTION ( 'NONE',  ( 0.000000000000000000, 0.000000000000000000, 1.000000000000000000 ) ) ;
#1941 = VECTOR ( 'NONE', #521, 1000.000000000000000 ) ;
#1942 = DIRECTION ( 'NONE',  ( 1.000000000000000000, 0.000000000000000000, 0.000000000000000000 ) ) ;
#1943 = EDGE_LOOP ( 'NONE', ( #3273, #2806 ) ) ;
#1944 = DIRECTION ( 'NONE',  ( -0.000000000000000000, -0.000000000000000000, -1.000000000000000000 ) ) ;
#1945 = CARTESIAN_POINT ( 'NONE',  ( -14.50000000000376765, 0.000000000000000000, 0.000000000000000000 ) ) ;
#1946 = EDGE_CURVE ( 'NONE', #2698, #3311, #1367, .T. ) ;
#1947 = AXIS2_PLACEMENT_3D ( 'NONE', #977, #2785, #1279 ) ;
#1948 = CARTESIAN_POINT ( 'NONE',  ( -3.688409626073299474, 9.524999999999987921, 17.22406855347259125 ) ) ;
#1949 = APPROVAL_DATE_TIME ( #2279, #1691 ) ;
#1950 = VERTEX_POINT ( 'NONE', #3684 ) ;
#1951 = ORIENTED_EDGE ( 'NONE', *, *, #2452, .T. ) ;
#1952 = CARTESIAN_POINT ( 'NONE',  ( 5.499261314031167913, 9.525000000000019895, 0.8507386859688212954 ) ) ;
#1953 = DIRECTION ( 'NONE',  ( -0.000000000000000000, -0.000000000000000000, -1.000000000000000000 ) ) ;
#1954 = EDGE_CURVE ( 'NONE', #2457, #2171, #1880, .T. ) ;
#1955 = ORIENTED_EDGE ( 'NONE', *, *, #181, .F. ) ;
#1956 = CARTESIAN_POINT ( 'NONE',  ( 6.439262305701898725, -6.417248242041518225, -11.11499999999796273 ) ) ;
#1957 = SHAPE_DEFINITION_REPRESENTATION ( #2959, #1560 ) ;
#1958 = PRODUCT_RELATED_PRODUCT_CATEGORY ( 'detail', '', ( #3276 ) ) ;
#1959 = DIRECTION ( 'NONE',  ( -1.000000000000000000, 0.000000000000000000, 0.000000000000000000 ) ) ;
#1960 = FACE_OUTER_BOUND ( 'NONE', #1146, .T. ) ;
#1961 = AXIS2_PLACEMENT_3D ( 'NONE', #498, #446, #2898 ) ;
#1962 = FACE_OUTER_BOUND ( 'NONE', #3564, .T. ) ;
#1963 = AXIS2_PLACEMENT_3D ( 'NONE', #1945, #389, #97 ) ;
#1964 = CIRCLE ( 'NONE', #3853, 5.674999999999571720 ) ;
#1965 = EDGE_CURVE ( 'NONE', #2781, #101, #3285, .T. ) ;
#1966 = ORIENTED_EDGE ( 'NONE', *, *, #1380, .F. ) ;
#1967 = CARTESIAN_POINT ( 'NONE',  ( 6.900000000000090061, -3.836407687256607495E-16, 0.000000000000000000 ) ) ;
#1968 = FACE_OUTER_BOUND ( 'NONE', #3825, .T. ) ;
#1969 = CARTESIAN_POINT ( 'NONE',  ( 6.096152422706743401, -3.389467538718816803E-16, 0.000000000000000000 ) ) ;
#1970 = ORIENTED_EDGE ( 'NONE', *, *, #1747, .F. ) ;
#1971 = SHAPE_REPRESENTATION ( '316L-GN-HMR4-9.9', ( #884 ), #2480 ) ;
#1972 = DIRECTION ( 'NONE',  ( -1.000000000000000000, 0.000000000000000000, 0.000000000000000000 ) ) ;
#1973 = EDGE_LOOP ( 'NONE', ( #771, #1618, #1509, #1330, #907, #1614 ) ) ;
#1974 = DIRECTION ( 'NONE',  ( -1.000000000000000000, 5.560011140951532788E-17, -0.000000000000000000 ) ) ;
#1975 = APPROVAL_PERSON_ORGANIZATION ( #1621, #956, #997 ) ;
#1976 = COORDINATED_UNIVERSAL_TIME_OFFSET ( 8, 0, .AHEAD. ) ;
#1977 = AXIS2_PLACEMENT_3D ( 'NONE', #43, #2512, #995 ) ;
#1978 = CC_DESIGN_SECURITY_CLASSIFICATION ( #1659, ( #3177 ) ) ;
#1979 = DIRECTION ( 'NONE',  ( -0.000000000000000000, -0.000000000000000000, -1.000000000000000000 ) ) ;
#1980 = CIRCLE ( 'NONE', #1393, 4.547566381521780166 ) ;
#1981 = AXIS2_PLACEMENT_3D ( 'NONE', #2616, #1117, #2357 ) ;
#1982 = DIRECTION ( 'NONE',  ( -3.627636301412553852E-15, 1.000000000000000000, -0.000000000000000000 ) ) ;
#1983 = FACE_OUTER_BOUND ( 'NONE', #332, .T. ) ;
#1984 = CONICAL_SURFACE ( 'NONE', #2862, 13.41771913849730069, 1.047197551196595633 ) ;
#1985 = DIRECTION ( 'NONE',  ( 0.000000000000000000, 0.000000000000000000, 1.000000000000000000 ) ) ;
#1986 = CARTESIAN_POINT ( 'NONE',  ( -34.40688589961590793, 12.83449648408302757, 3.383087969184151656E-15 ) ) ;
#1987 = PLANE ( 'NONE',  #1449 ) ;
#1988 = CARTESIAN_POINT ( 'NONE',  ( 6.900000000000090949, -11.11499999999999666, -3.851859888774471706E-31 ) ) ;
#1989 = DATE_AND_TIME ( #3089, #218 ) ;
#1990 = EDGE_LOOP ( 'NONE', ( #3672, #570, #878, #1851 ) ) ;
#1991 = CLOSED_SHELL ( 'NONE', ( #3651, #3349, #1610, #3561, #2998, #1498, #1547, #2481, #472, #894, #3331, #1707, #3868, #578, #3634, #2425, #1332, #3442, #2114, #2540, #1897, #1894, #1346, #2014, #3281, #3517, #2179, #2762, #816, #3393, #3809, #1180, #3748, #2109, #2300, #2342, #3055, #2136, #1580, #167, #3176 ) ) ;
#1992 = ORIENTED_EDGE ( 'NONE', *, *, #1694, .T. ) ;
#1993 = DIRECTION ( 'NONE',  ( 0.000000000000000000, 0.000000000000000000, 1.000000000000000000 ) ) ;
#1994 = ORIENTED_EDGE ( 'NONE', *, *, #2464, .T. ) ;
#1995 = CC_DESIGN_DATE_AND_TIME_ASSIGNMENT ( #3499, #2032, ( #1198 ) ) ;
#1996 = EDGE_CURVE ( 'NONE', #113, #51, #3395, .T. ) ;
#1997 = EDGE_CURVE ( 'NONE', #2215, #1131, #2991, .T. ) ;
#1998 = PERSON_AND_ORGANIZATION ( #2733, #1526 ) ;
#1999 = CARTESIAN_POINT ( 'NONE',  ( 6.900000000000090949, 9.625872363064036819, 5.557499999999997442 ) ) ;
#2000 = B_SPLINE_CURVE_WITH_KNOTS ( 'NONE', 3,
 ( #381, #2472, #89, #1881, #3081, #3719 ),
 .UNSPECIFIED., .F., .F.,
 ( 4, 2, 4 ),
 ( 2.309401076755109390E-07, 0.003208855061128430917, 0.006417479182149185730 ),
 .UNSPECIFIED. ) ;
#2001 = AXIS2_PLACEMENT_3D ( 'NONE', #3733, #2876, #3514 ) ;
#2002 =( NAMED_UNIT ( * ) SI_UNIT ( $, .STERADIAN. ) SOLID_ANGLE_UNIT ( ) );
#2003 = CYLINDRICAL_SURFACE ( 'NONE', #1793, 3.199999999999214584 ) ;
#2004 = CARTESIAN_POINT ( 'NONE',  ( 0.000000000000000000, 0.000000000000000000, 17.60000000000000142 ) ) ;
#2005 = CARTESIAN_POINT ( 'NONE',  ( -16.09999999999936193, 4.745506346695807525E-16, 3.874999999999848566 ) ) ;
#2006 = APPROVAL_PERSON_ORGANIZATION ( #1998, #166, #2643 ) ;
#2007 = CARTESIAN_POINT ( 'NONE',  ( -9.275000000000002132, 1.135859906209170235E-15, -2.200000000000000178 ) ) ;
#2008 = CARTESIAN_POINT ( 'NONE',  ( -12.00000000000511058, 0.000000000000000000, 0.000000000000000000 ) ) ;
#2009 = VERTEX_POINT ( 'NONE', #2398 ) ;
#2010 = EDGE_CURVE ( 'NONE', #954, #805, #2868, .T. ) ;
#2011 = CARTESIAN_POINT ( 'NONE',  ( -31.30000000000291038, 0.000000000000000000, 3.199999999999214584 ) ) ;
#2012 = AXIS2_PLACEMENT_3D ( 'NONE', #3585, #826, #1385 ) ;
#2013 = DIRECTION ( 'NONE',  ( 0.000000000000000000, 0.000000000000000000, -1.000000000000000000 ) ) ;
#2014 = ADVANCED_FACE ( 'NONE', ( #3905 ), #3594, .T. ) ;
#2015 = ORIENTED_EDGE ( 'NONE', *, *, #3008, .F. ) ;
#2016 = FACE_OUTER_BOUND ( 'NONE', #3571, .T. ) ;
#2017 = DATE_TIME_ROLE ( 'creation_date' ) ;
#2018 = EDGE_CURVE ( 'NONE', #179, #269, #497, .T. ) ;
#2019 = CARTESIAN_POINT ( 'NONE',  ( 0.000000000000000000, 0.000000000000000000, 14.00071426749364356 ) ) ;
#2020 = CARTESIAN_POINT ( 'NONE',  ( 15.59999999999936193, 0.000000000000000000, 0.000000000000000000 ) ) ;
#2021 = CARTESIAN_POINT ( 'NONE',  ( -10.10000000000428955, 0.000000000000000000, 0.000000000000000000 ) ) ;
#2022 = CARTESIAN_POINT ( 'NONE',  ( 5.499261314031300252, -9.524999999999941735, 16.74926131403118035 ) ) ;
#2023 = CARTESIAN_POINT ( 'NONE',  ( -1.149999999999977041, -6.336489564419723663, 5.400000000000001243 ) ) ;
#2024 = CARTESIAN_POINT ( 'NONE',  ( 5.499261314031167913, 9.525000000000019895, 16.74926131403118035 ) ) ;
#2025 = AXIS2_PLACEMENT_3D ( 'NONE', #1285, #1905, #1043 ) ;
#2026 = CONTEXT_DEPENDENT_SHAPE_REPRESENTATION ( #2881, #556 ) ;
#2027 = ORIENTED_EDGE ( 'NONE', *, *, #298, .F. ) ;
#2028 = DIRECTION ( 'NONE',  ( -1.000000000000000000, 0.000000000000000000, 0.000000000000000000 ) ) ;
#2029 = CARTESIAN_POINT ( 'NONE',  ( -0.2484765547127659735, -4.283783471422765388, 11.11499999999796451 ) ) ;
#2030 = VERTEX_POINT ( 'NONE', #467 ) ;
#2031 = FACE_OUTER_BOUND ( 'NONE', #3723, .T. ) ;
#2032 = DATE_TIME_ROLE ( 'classification_date' ) ;
#2033 = ORIENTED_EDGE ( 'NONE', *, *, #2879, .F. ) ;
#2034 = CARTESIAN_POINT ( 'NONE',  ( 6.900000000000089173, -9.625872363064036819, -5.557500000000000995 ) ) ;
#2035 = AXIS2_PLACEMENT_3D ( 'NONE', #3397, #3629, #3057 ) ;
#2036 = CARTESIAN_POINT ( 'NONE',  ( 9.341007566173869847, -0.7970194816926982062, 31.69999999999871676 ) ) ;
#2037 = AXIS2_PLACEMENT_3D ( 'NONE', #1458, #1776, #2918 ) ;
#2038 = DIRECTION ( 'NONE',  ( 0.000000000000000000, 0.000000000000000000, -1.000000000000000000 ) ) ;
#2039 = DIRECTION ( 'NONE',  ( 0.000000000000000000, 0.000000000000000000, -1.000000000000000000 ) ) ;
#2040 = EDGE_CURVE ( 'NONE', #2719, #3904, #455, .T. ) ;
#2041 = CARTESIAN_POINT ( 'NONE',  ( -0.4499999999993606337, 11.11500000000000021, 0.000000000000000000 ) ) ;
#2042 = CIRCLE ( 'NONE', #2291, 6.940000000000001279 ) ;
#2043 = VERTEX_POINT ( 'NONE', #1716 ) ;
#2044 = ORIENTED_EDGE ( 'NONE', *, *, #263, .T. ) ;
#2045 = CARTESIAN_POINT ( 'NONE',  ( -16.09999999999936193, 4.765000000000538805, 0.000000000000000000 ) ) ;
#2046 = CARTESIAN_POINT ( 'NONE',  ( -0.1512624962752598945, -6.440015357038897825, 4.249914000568765005 ) ) ;
#2047 = B_SPLINE_CURVE_WITH_KNOTS ( 'NONE', 3,
 ( #1734, #896, #840, #546, #264, #1482 ),
 .UNSPECIFIED., .F., .F.,
 ( 4, 2, 4 ),
 ( 2.380730676603623923E-07, 0.002782414026671789758, 0.005564589980275918592 ),
 .UNSPECIFIED. ) ;
#2048 = ORIENTED_EDGE ( 'NONE', *, *, #1791, .T. ) ;
#2049 = DIRECTION ( 'NONE',  ( -1.000000000000000000, -3.016910393003142859E-15, 0.000000000000000000 ) ) ;
#2050 = PERSON_AND_ORGANIZATION ( #2733, #1526 ) ;
#2051 = ORIENTED_EDGE ( 'NONE', *, *, #475, .T. ) ;
#2052 = ADVANCED_FACE ( 'NONE', ( #2389 ), #1079, .F. ) ;
#2053 = CARTESIAN_POINT ( 'NONE',  ( -14.20000000000299423, 0.000000000000000000, 0.000000000000000000 ) ) ;
#2054 = CONICAL_SURFACE ( 'NONE', #382, 13.41771913849730069, 1.047197551196595633 ) ;
#2055 = EDGE_CURVE ( 'NONE', #633, #2719, #1544, .T. ) ;
#2056 = DIRECTION ( 'NONE',  ( -0.000000000000000000, -0.000000000000000000, -1.000000000000000000 ) ) ;
#2057 = CARTESIAN_POINT ( 'NONE',  ( 1.150000000000023004, -6.336489564419715670, 5.400000000000000355 ) ) ;
#2058 = CIRCLE ( 'NONE', #847, 4.829474167757560110 ) ;
#2059 = CARTESIAN_POINT ( 'NONE',  ( 7.317451158458323057, 6.375802811646440027, 17.50207492918111640 ) ) ;
#2060 = VECTOR ( 'NONE', #1441, 1000.000000000000000 ) ;
#2061 = ORIENTED_EDGE ( 'NONE', *, *, #2827, .T. ) ;
#2062 = LOCAL_TIME ( 18, 43, 25.00000000000000000, #2681 ) ;
#2063 = ORIENTED_EDGE ( 'NONE', *, *, #2064, .T. ) ;
#2064 = EDGE_CURVE ( 'NONE', #1875, #2380, #449, .T. ) ;
#2065 = CARTESIAN_POINT ( 'NONE',  ( -5.499261314031233638, 9.524999999999979039, 16.74926131403118035 ) ) ;
#2066 = FACE_OUTER_BOUND ( 'NONE', #358, .T. ) ;
#2067 = AXIS2_PLACEMENT_3D ( 'NONE', #245, #1777, #1438 ) ;
#2068 = AXIS2_PLACEMENT_3D ( 'NONE', #3906, #240, #1028 ) ;
#2069 = B_SPLINE_CURVE_WITH_KNOTS ( 'NONE', 3,
 ( #3531, #1742, #790, #3826, #2602, #2930 ),
 .UNSPECIFIED., .F., .F.,
 ( 4, 2, 4 ),
 ( 2.309401076770695591E-07, 0.003208855061128432652, 0.006417479182149188333 ),
 .UNSPECIFIED. ) ;
#2070 = EDGE_CURVE ( 'NONE', #3199, #3716, #3677, .T. ) ;
#2071 = ORIENTED_EDGE ( 'NONE', *, *, #1003, .F. ) ;
#2072 = DIRECTION ( 'NONE',  ( 0.000000000000000000, 0.000000000000000000, -1.000000000000000000 ) ) ;
#2073 = SECURITY_CLASSIFICATION_LEVEL ( 'unclassified' ) ;
#2074 = ORIENTED_EDGE ( 'NONE', *, *, #1037, .T. ) ;
#2075 = CARTESIAN_POINT ( 'NONE',  ( 0.000000000000000000, 0.000000000000000000, -3.000000000000000000 ) ) ;
#2076 = PRODUCT_DEFINITION ( '未知', '', #1270, #3537 ) ;
#2077 =( REPRESENTATION_RELATIONSHIP ('NONE','NONE', #2370, #1971 ) REPRESENTATION_RELATIONSHIP_WITH_TRANSFORMATION ( #868 )SHAPE_REPRESENTATION_RELATIONSHIP( ) );
#2078 = PRODUCT_DEFINITION_SHAPE ( 'NONE', 'NONE',  #2220 ) ;
#2079 = CARTESIAN_POINT ( 'NONE',  ( -31.30000000000291038, 0.000000000000000000, 5.674999999999571720 ) ) ;
#2080 = CARTESIAN_POINT ( 'NONE',  ( -0.2489051501027043090, -11.76495511040943853, 1.852499999999660085 ) ) ;
#2081 = DIRECTION ( 'NONE',  ( -1.000000000000000000, 5.560011140951532788E-17, -0.000000000000000000 ) ) ;
#2082 = EDGE_CURVE ( 'NONE', #1608, #174, #1258, .T. ) ;
#2083 = FACE_OUTER_BOUND ( 'NONE', #3788, .T. ) ;
#2084 = ORIENTED_EDGE ( 'NONE', *, *, #1692, .T. ) ;
#2085 = ORIENTED_EDGE ( 'NONE', *, *, #1997, .T. ) ;
#2086 = CARTESIAN_POINT ( 'NONE',  ( -6.100000000003942269, 0.000000000000000000, 0.000000000000000000 ) ) ;
#2087 = CARTESIAN_POINT ( 'NONE',  ( 0.000000000000000000, 0.000000000000000000, 15.35253755750896687 ) ) ;
#2088 = ORIENTED_EDGE ( 'NONE', *, *, #2896, .F. ) ;
#2089 = CARTESIAN_POINT ( 'NONE',  ( 8.248891971046772298, 4.762500000000010836, 17.60000000000000142 ) ) ;
#2090 = COORDINATED_UNIVERSAL_TIME_OFFSET ( 8, 0, .AHEAD. ) ;
#2091 = ORIENTED_EDGE ( 'NONE', *, *, #2977, .F. ) ;
#2092 = CARTESIAN_POINT ( 'NONE',  ( -0.4499999999999073630, -9.091101676225481043, 6.483749999998811298 ) ) ;
#2093 = CARTESIAN_POINT ( 'NONE',  ( 6.900000000000090061, 5.670311641077862597E-15, -11.11500000000000021 ) ) ;
#2094 = LINE ( 'NONE', #2079, #3263 ) ;
#2095 = CARTESIAN_POINT ( 'NONE',  ( 4.609918769207013156, 9.525000000000019895, 17.00599239285918785 ) ) ;
#2096 = DIRECTION ( 'NONE',  ( 0.000000000000000000, 0.000000000000000000, -1.000000000000000000 ) ) ;
#2097 = APPROVAL_PERSON_ORGANIZATION ( #602, #3190, #3398 ) ;
#2098 = CARTESIAN_POINT ( 'NONE',  ( 1.150000000000034550, -9.525000000000094502, 5.400000000000000355 ) ) ;
#2099 = CIRCLE ( 'NONE', #313, 6.440000000000000391 ) ;
#2100 = ORIENTED_EDGE ( 'NONE', *, *, #3588, .T. ) ;
#2101 = VERTEX_POINT ( 'NONE', #2005 ) ;
#2102 = CARTESIAN_POINT ( 'NONE',  ( 6.900000000000634515, 1.079254363040732967, -11.11499999999795918 ) ) ;
#2103 = CIRCLE ( 'NONE', #1274, 9.525000000000002132 ) ;
#2104 = CARTESIAN_POINT ( 'NONE',  ( 0.000000000000000000, 5.835441997938465312E-16, -4.765000000001083258 ) ) ;
#2105 = AXIS2_PLACEMENT_3D ( 'NONE', #2008, #3211, #1005 ) ;
#2106 = ORIENTED_EDGE ( 'NONE', *, *, #604, .F. ) ;
#2107 = CYLINDRICAL_SURFACE ( 'NONE', #1224, 10.99999999999749889 ) ;
#2108 = ORIENTED_EDGE ( 'NONE', *, *, #1298, .F. ) ;
#2109 = ADVANCED_FACE ( 'NONE', ( #600 ), #573, .T. ) ;
#2110 = DIRECTION ( 'NONE',  ( 0.000000000000000000, 0.000000000000000000, 1.000000000000000000 ) ) ;
#2111 = EDGE_CURVE ( 'NONE', #159, #517, #2099, .T. ) ;
#2112 = APPLICATION_PROTOCOL_DEFINITION ( 'international standard', 'config_control_design', 1994, #1599 ) ;
#2113 = CONICAL_SURFACE ( 'NONE', #1928, 5.450000000000003730, 0.7853981633974473908 ) ;
#2114 = ADVANCED_FACE ( 'NONE', ( #2614 ), #1078, .T. ) ;
#2115 = LINE ( 'NONE', #1816, #1557 ) ;
#2116 = AXIS2_PLACEMENT_3D ( 'NONE', #2235, #1034, #780 ) ;
#2117 = CARTESIAN_POINT ( 'NONE',  ( -8.482244080906777839, -4.358322289669092520, -6.125318758069472902E-15 ) ) ;
#2118 = CARTESIAN_POINT ( 'NONE',  ( -3.688409626073300362, 9.524999999999987921, 0.3759314465274081751 ) ) ;
#2119 = CARTESIAN_POINT ( 'NONE',  ( -10.10000000000428955, 0.000000000000000000, 4.829474167757560110 ) ) ;
#2120 = ORIENTED_EDGE ( 'NONE', *, *, #190, .F. ) ;
#2121 = CIRCLE ( 'NONE', #909, 1.149999999999999911 ) ;
#2122 = CARTESIAN_POINT ( 'NONE',  ( 3.455323577095493007E-14, -9.525000000000098055, 5.400000000000000355 ) ) ;
#2123 = DIRECTION ( 'NONE',  ( -1.000000000000000000, 5.560011140951532788E-17, -0.000000000000000000 ) ) ;
#2124 = B_SPLINE_CURVE_WITH_KNOTS ( 'NONE', 3,
 ( #2690, #1440, #209, #2059, #3579, #3304, #1779, #2024 ),
 .UNSPECIFIED., .F., .F.,
 ( 4, 2, 2, 4 ),
 ( 0.005564589980275988848, 0.006950476802621102096, 0.008336363624966217079, 0.01110813726965644357 ),
 .UNSPECIFIED. ) ;
#2125 = DIRECTION ( 'NONE',  ( 1.000000000000000000, -0.000000000000000000, -0.000000000000000000 ) ) ;
#2126 = CIRCLE ( 'NONE', #3320, 0.2000000000000005107 ) ;
#2127 = ADVANCED_FACE ( 'NONE', ( #294, #2317 ), #763, .F. ) ;
#2128 = VERTEX_POINT ( 'NONE', #1206 ) ;
#2129 = EDGE_CURVE ( 'NONE', #3423, #2910, #1530, .T. ) ;
#2130 = EDGE_CURVE ( 'NONE', #924, #705, #2484, .T. ) ;
#2131 = VERTEX_POINT ( 'NONE', #2450 ) ;
#2132 = CARTESIAN_POINT ( 'NONE',  ( -9.525000000000002132, 0.000000000000000000, 17.60000000000000142 ) ) ;
#2133 = DIRECTION ( 'NONE',  ( 0.000000000000000000, 0.000000000000000000, -1.000000000000000000 ) ) ;
#2134 = CIRCLE ( 'NONE', #1947, 3.874999999999958256 ) ;
#2135 = SECURITY_CLASSIFICATION_LEVEL ( 'unclassified' ) ;
#2136 = ADVANCED_FACE ( 'NONE', ( #1250, #314 ), #2802, .T. ) ;
#2137 = LINE ( 'NONE', #1623, #2841 ) ;
#2138 = B_SPLINE_CURVE_WITH_KNOTS ( 'NONE', 3,
 ( #3771, #3412, #3197, #1329, #157, #1010 ),
 .UNSPECIFIED., .F., .F.,
 ( 4, 2, 4 ),
 ( 2.380730676599696337E-07, 0.002782414026671822718, 0.005564589980275985379 ),
 .UNSPECIFIED. ) ;
#2139 = CARTESIAN_POINT ( 'NONE',  ( -9.180332783635199334, -3.149197188353642041, 0.09792507081888469911 ) ) ;
#2140 = DIRECTION ( 'NONE',  ( -1.000000000000000000, -0.000000000000000000, -0.000000000000000000 ) ) ;
#2141 = DIRECTION ( 'NONE',  ( 0.000000000000000000, -1.000000000000000000, 0.000000000000000000 ) ) ;
#2142 = VERTEX_POINT ( 'NONE', #86 ) ;
#2143 = VERTEX_POINT ( 'NONE', #2192 ) ;
#2144 = DIRECTION ( 'NONE',  ( -0.8660254037844377084, 0.000000000000000000, -0.5000000000000017764 ) ) ;
#2145 = CARTESIAN_POINT ( 'NONE',  ( -1.004255918741081555, -6.361483432106216362, 4.820002439908757097 ) ) ;
#2146 = DIRECTION ( 'NONE',  ( 1.000000000000000000, 0.000000000000000000, 0.000000000000000000 ) ) ;
#2147 = ORIENTED_EDGE ( 'NONE', *, *, #3860, .T. ) ;
#2148 = VERTEX_POINT ( 'NONE', #2720 ) ;
#2149 = CARTESIAN_POINT ( 'NONE',  ( 0.000000000000000000, 0.000000000000000000, 0.000000000000000000 ) ) ;
#2150 = AXIS2_PLACEMENT_3D ( 'NONE', #3419, #699, #1356 ) ;
#2151 = CIRCLE ( 'NONE', #2467, 11.11500000000000021 ) ;
#2152 = EDGE_LOOP ( 'NONE', ( #2701, #2727 ) ) ;
#2153 = CARTESIAN_POINT ( 'NONE',  ( 5.499261314031167913, 9.525000000000019895, 16.74926131403118035 ) ) ;
#2154 = DIRECTION ( 'NONE',  ( 0.000000000000000000, 0.000000000000000000, 1.000000000000000000 ) ) ;
#2155 = CYLINDRICAL_SURFACE ( 'NONE', #3838, 3.874999999999845901 ) ;
#2156 = CARTESIAN_POINT ( 'NONE',  ( 0.000000000000000000, 0.000000000000000000, 17.60000000000000142 ) ) ;
#2157 = LINE ( 'NONE', #1863, #910 ) ;
#2158 = ORIENTED_EDGE ( 'NONE', *, *, #1109, .T. ) ;
#2159 = ORIENTED_EDGE ( 'NONE', *, *, #1011, .F. ) ;
#2160 = CARTESIAN_POINT ( 'NONE',  ( -4.950000000000000178, 0.000000000000000000, -2.500000000000005773 ) ) ;
#2161 = PRODUCT_DEFINITION ( '未知', '', #539, #835 ) ;
#2162 = DIRECTION ( 'NONE',  ( 0.000000000000000000, 0.000000000000000000, -1.000000000000000000 ) ) ;
#2163 = ADVANCED_FACE ( 'NONE', ( #63 ), #888, .T. ) ;
#2164 = DIRECTION ( 'NONE',  ( 0.000000000000000000, 0.000000000000000000, -1.000000000000000000 ) ) ;
#2165 = DATE_AND_TIME ( #3668, #1555 ) ;
#2166 = AXIS2_PLACEMENT_3D ( 'NONE', #1496, #1378, #784 ) ;
#2167 = ORIENTED_EDGE ( 'NONE', *, *, #3697, .T. ) ;
#2168 = ORIENTED_EDGE ( 'NONE', *, *, #2111, .T. ) ;
#2169 = DIRECTION ( 'NONE',  ( 1.000000000000000000, 0.000000000000000000, 0.000000000000000000 ) ) ;
#2170 = CONICAL_SURFACE ( 'NONE', #2668, 6.300000000000027356, 0.7853981633974396193 ) ;
#2171 = VERTEX_POINT ( 'NONE', #659 ) ;
#2172 = CYLINDRICAL_SURFACE ( 'NONE', #2349, 4.765000000001082370 ) ;
#2173 = CALENDAR_DATE ( 2025, 23, 7 ) ;
#2174 = ADVANCED_FACE ( 'NONE', ( #2782 ), #2172, .T. ) ;
#2175 = CARTESIAN_POINT ( 'NONE',  ( 7.087157097717552645, -6.774683825530913417, 0.1555587596408638251 ) ) ;
#2176 = DIRECTION ( 'NONE',  ( 0.2588190451025143557, 0.9659258262890700886, 0.000000000000000000 ) ) ;
#2177 = DIRECTION ( 'NONE',  ( -0.000000000000000000, 1.000000000000000000, 1.224646799147353207E-16 ) ) ;
#2178 = CARTESIAN_POINT ( 'NONE',  ( -7.317804019944206040, -6.375191637624831209, 0.08107999114721958778 ) ) ;
#2179 = ADVANCED_FACE ( 'NONE', ( #957 ), #3673, .T. ) ;
#2180 = ORIENTED_EDGE ( 'NONE', *, *, #1055, .F. ) ;
#2181 = VERTEX_POINT ( 'NONE', #1597 ) ;
#2182 = FACE_OUTER_BOUND ( 'NONE', #436, .T. ) ;
#2183 = CONTEXT_DEPENDENT_SHAPE_REPRESENTATION ( #2077, #862 ) ;
#2184 = EDGE_CURVE ( 'NONE', #174, #2569, #3493, .T. ) ;
#2185 = VERTEX_POINT ( 'NONE', #2153 ) ;
#2186 = ORIENTED_EDGE ( 'NONE', *, *, #127, .T. ) ;
#2187 = CARTESIAN_POINT ( 'NONE',  ( -14.50000000000376765, 0.000000000000000000, 0.000000000000000000 ) ) ;
#2188 = CONICAL_SURFACE ( 'NONE', #3385, 9.525000000000000355, 1.047197551196596521 ) ;
#2189 = EDGE_CURVE ( 'NONE', #3414, #2976, #1556, .T. ) ;
#2190 = ORIENTED_EDGE ( 'NONE', *, *, #3470, .T. ) ;
#2191 = ORGANIZATION ( 'NAUO-ORG3', 'UNSPECIFIED', 'UNSPECIFIED' ) ;
#2192 = CARTESIAN_POINT ( 'NONE',  ( 6.900000000000090949, 0.000000000000000000, -3.874999999999845901 ) ) ;
#2193 = CALENDAR_DATE ( 2025, 23, 7 ) ;
#2194 = VECTOR ( 'NONE', #3196, 1000.000000000000000 ) ;
#2195 = CARTESIAN_POINT ( 'NONE',  ( 8.015539861186805837, -5.166677710330946027, 1.546385700154812783E-14 ) ) ;
#2196 = CARTESIAN_POINT ( 'NONE',  ( 6.698905150103431794, 7.486789615715101931, 9.262499999998302869 ) ) ;
#2197 = CARTESIAN_POINT ( 'NONE',  ( -7.909999999999399733, 5.835441997938097505E-16, 4.765000000000782165 ) ) ;
#2198 = ORIENTED_EDGE ( 'NONE', *, *, #2735, .T. ) ;
#2199 = ORIENTED_EDGE ( 'NONE', *, *, #1132, .F. ) ;
#2200 = CARTESIAN_POINT ( 'NONE',  ( 0.000000000000000000, 0.000000000000000000, 0.000000000000000000 ) ) ;
#2201 = EDGE_CURVE ( 'NONE', #2185, #1179, #3095, .T. ) ;
#2202 = DIRECTION ( 'NONE',  ( 0.000000000000000000, 1.000000000000000000, 0.000000000000000000 ) ) ;
#2203 = COORDINATED_UNIVERSAL_TIME_OFFSET ( 8, 0, .AHEAD. ) ;
#2204 = ORIENTED_EDGE ( 'NONE', *, *, #1954, .T. ) ;
#2205 = ORIENTED_EDGE ( 'NONE', *, *, #1827, .F. ) ;
#2206 = DIRECTION ( 'NONE',  ( 0.000000000000000000, 0.000000000000000000, -1.000000000000000000 ) ) ;
#2207 = CARTESIAN_POINT ( 'NONE',  ( 1.149999999999965494, 9.525000000000003908, 5.400000000000000355 ) ) ;
#2208 = ORIENTED_EDGE ( 'NONE', *, *, #1475, .F. ) ;
#2209 = CARTESIAN_POINT ( 'NONE',  ( 6.900000000000636291, 1.064573277424533337, 11.11499999999796451 ) ) ;
#2210 = CALENDAR_DATE ( 2025, 23, 7 ) ;
#2211 = DIRECTION ( 'NONE',  ( -1.000000000000000000, -0.000000000000000000, -0.000000000000000000 ) ) ;
#2212 = CARTESIAN_POINT ( 'NONE',  ( -0.4499999999993606892, 9.625872363062272896, -5.557499999998981366 ) ) ;
#2213 = CARTESIAN_POINT ( 'NONE',  ( 0.000000000000000000, 0.000000000000000000, 15.35253755750896687 ) ) ;
#2214 = ORIENTED_EDGE ( 'NONE', *, *, #1819, .T. ) ;
#2215 = VERTEX_POINT ( 'NONE', #2132 ) ;
#2216 = DIRECTION ( 'NONE',  ( -0.000000000000000000, -0.000000000000000000, -1.000000000000000000 ) ) ;
#2217 = LINE ( 'NONE', #1924, #387 ) ;
#2218 = APPROVAL_ROLE ( '' ) ;
#2219 = EDGE_LOOP ( 'NONE', ( #836, #2487, #2458, #231 ) ) ;
#2220 = PRODUCT_DEFINITION ( '未知', '', #3806, #3437 ) ;
#2221 = EDGE_LOOP ( 'NONE', ( #1289, #566, #309, #715 ) ) ;
#2222 = PLANE ( 'NONE',  #1032 ) ;
#2223 = CARTESIAN_POINT ( 'NONE',  ( 1.150000000000034550, -9.525000000000094502, 5.400000000000000355 ) ) ;
#2224 = AXIS2_PLACEMENT_3D ( 'NONE', #3542, #2981, #814 ) ;
#2225 = APPLICATION_CONTEXT ( 'configuration controlled 3d designs of mechanical parts and assemblies' ) ;
#2226 = AXIS2_PLACEMENT_3D ( 'NONE', #1569, #3645, #3347 ) ;
#2227 = ORIENTED_EDGE ( 'NONE', *, *, #1946, .T. ) ;
#2228 = CARTESIAN_POINT ( 'NONE',  ( -31.30000000000291038, 3.918869757270568543E-16, -3.199999999999214584 ) ) ;
#2229 = AXIS2_PLACEMENT_3D ( 'NONE', #1821, #979, #3341 ) ;
#2230 = APPROVAL_ROLE ( '' ) ;
#2231 = CONICAL_SURFACE ( 'NONE', #514, 4.765000000000782165, 0.7853981633974482790 ) ;
#2232 = CC_DESIGN_DATE_AND_TIME_ASSIGNMENT ( #1151, #2368, ( #1227 ) ) ;
#2233 = EDGE_CURVE ( 'NONE', #3453, #3074, #3333, .T. ) ;
#2234 = EDGE_CURVE ( 'NONE', #1267, #1542, #636, .T. ) ;
#2235 = CARTESIAN_POINT ( 'NONE',  ( 5.561122714418143526E-29, 4.765000000001083258, 0.000000000000000000 ) ) ;
#2236 =( LENGTH_UNIT ( ) NAMED_UNIT ( * ) SI_UNIT ( .MILLI., .METRE. ) );
#2237 = DIRECTION ( 'NONE',  ( 0.8660254037845244168, 6.123233995734946725E-17, 0.4999999999998513966 ) ) ;
#2238 = EDGE_CURVE ( 'NONE', #1213, #1426, #1786, .T. ) ;
#2239 = ORIENTED_EDGE ( 'NONE', *, *, #1887, .T. ) ;
#2240 = DIRECTION ( 'NONE',  ( 0.000000000000000000, 0.000000000000000000, -1.000000000000000000 ) ) ;
#2241 = CARTESIAN_POINT ( 'NONE',  ( 0.000000000000000000, 0.000000000000000000, 0.000000000000000000 ) ) ;
#2242 = DIRECTION ( 'NONE',  ( -0.000000000000000000, -0.000000000000000000, -1.000000000000000000 ) ) ;
#2243 = ORIENTED_EDGE ( 'NONE', *, *, #215, .T. ) ;
#2244 = ORIENTED_EDGE ( 'NONE', *, *, #1845, .T. ) ;
#2245 = DIRECTION ( 'NONE',  ( -1.000000000000000000, 0.000000000000000000, 0.000000000000000000 ) ) ;
#2246 = CARTESIAN_POINT ( 'NONE',  ( 0.4652762284390727920, -9.524999999999995026, -5.869938324472300364E-16 ) ) ;
#2247 = AXIS2_PLACEMENT_3D ( 'NONE', #109, #3185, #183 ) ;
#2248 = APPROVAL ( #3696, '未指定' ) ;
#2249 = ORIENTED_EDGE ( 'NONE', *, *, #1170, .T. ) ;
#2250 = CARTESIAN_POINT ( 'NONE',  ( -1.150000000000023004, 6.336489564419713894, 5.247703998137314585 ) ) ;
#2251 = AXIS2_PLACEMENT_3D ( 'NONE', #3624, #1202, #3075 ) ;
#2252 = EDGE_CURVE ( 'NONE', #3583, #1268, #1228, .T. ) ;
#2253 = PERSON_AND_ORGANIZATION ( #2733, #1526 ) ;
#2254 = AXIS2_PLACEMENT_3D ( 'NONE', #667, #1902, #647 ) ;
#2255 = CC_DESIGN_SECURITY_CLASSIFICATION ( #1493, ( #3920 ) ) ;
#2256 = CARTESIAN_POINT ( 'NONE',  ( -10.10000000000428955, 0.000000000000000000, 0.000000000000000000 ) ) ;
#2257 = VECTOR ( 'NONE', #1459, 999.9999999999998863 ) ;
#2258 = CIRCLE ( 'NONE', #542, 5.449999999999997513 ) ;
#2259 = CARTESIAN_POINT ( 'NONE',  ( 3.455323577095493007E-14, -9.525000000000098055, 5.400000000000000355 ) ) ;
#2260 = CARTESIAN_POINT ( 'NONE',  ( -14.40000000000372182, 0.000000000000000000, -5.474999999998844125 ) ) ;
#2261 = EDGE_LOOP ( 'NONE', ( #1400, #2074, #2418, #2808 ) ) ;
#2262 = CARTESIAN_POINT ( 'NONE',  ( -10.40000000000428848, 0.000000000000000000, 0.000000000000000000 ) ) ;
#2263 = DIRECTION ( 'NONE',  ( 0.000000000000000000, 0.000000000000000000, 1.000000000000000000 ) ) ;
#2264 = PLANE ( 'NONE',  #319 ) ;
#2265 = ORIENTED_EDGE ( 'NONE', *, *, #2233, .T. ) ;
#2266 = VERTEX_POINT ( 'NONE', #3653 ) ;
#2267 = DIRECTION ( 'NONE',  ( 0.000000000000000000, 0.000000000000000000, 1.000000000000000000 ) ) ;
#2268 = CARTESIAN_POINT ( 'NONE',  ( 1.869027305898125935, -9.524999999999979039, 0.09848334842929572230 ) ) ;
#2269 = ORIENTED_EDGE ( 'NONE', *, *, #1287, .T. ) ;
#2270 = CARTESIAN_POINT ( 'NONE',  ( 1.149999999999977041, 6.336489564419723663, 5.400000000000000355 ) ) ;
#2271 = PERSON_AND_ORGANIZATION_ROLE ( 'classification_officer' ) ;
#2272 = CARTESIAN_POINT ( 'NONE',  ( -14.40000000000375380, 0.000000000000000000, 0.000000000000000000 ) ) ;
#2273 = CARTESIAN_POINT ( 'NONE',  ( -10.10000000000428955, 0.000000000000000000, 4.529474167757560288 ) ) ;
#2274 = AXIS2_PLACEMENT_3D ( 'NONE', #3188, #501, #2240 ) ;
#2275 = DIRECTION ( 'NONE',  ( -1.000000000000000000, -0.000000000000000000, -0.000000000000000000 ) ) ;
#2276 = CARTESIAN_POINT ( 'NONE',  ( 6.402153650224613024, -7.961144599948544176, 17.22290479380365724 ) ) ;
#2277 = CARTESIAN_POINT ( 'NONE',  ( -0.1325536793750527742, -6.952018928878311854, -10.18874999999813014 ) ) ;
#2278 = DIRECTION ( 'NONE',  ( -1.000000000000000000, 5.560011140951532788E-17, -0.000000000000000000 ) ) ;
#2279 = DATE_AND_TIME ( #2543, #3138 ) ;
#2280 = ORIENTED_EDGE ( 'NONE', *, *, #1525, .T. ) ;
#2281 = EDGE_CURVE ( 'NONE', #809, #2143, #3039, .T. ) ;
#2282 = EDGE_CURVE ( 'NONE', #2396, #3587, #3175, .T. ) ;
#2283 = FACE_OUTER_BOUND ( 'NONE', #1147, .T. ) ;
#2284 = ORIENTED_EDGE ( 'NONE', *, *, #228, .F. ) ;
#2285 = DIRECTION ( 'NONE',  ( -0.000000000000000000, 0.000000000000000000, -1.000000000000000000 ) ) ;
#2286 =( GEOMETRIC_REPRESENTATION_CONTEXT ( 3 ) GLOBAL_UNCERTAINTY_ASSIGNED_CONTEXT ( ( #1015 ) ) GLOBAL_UNIT_ASSIGNED_CONTEXT ( ( #1733, #2350, #2002 ) ) REPRESENTATION_CONTEXT ( 'NONE', 'WORKASPACE' ) );
#2287 = SHAPE_DEFINITION_REPRESENTATION ( #2391, #1971 ) ;
#2288 = CIRCLE ( 'NONE', #2794, 4.765000000000538805 ) ;
#2289 = TOROIDAL_SURFACE ( 'NONE', #3241, 4.829474167757560110, 0.2999999999999999334 ) ;
#2290 = DIRECTION ( 'NONE',  ( 0.000000000000000000, 0.000000000000000000, 1.000000000000000000 ) ) ;
#2291 = AXIS2_PLACEMENT_3D ( 'NONE', #1288, #2812, #2146 ) ;
#2292 = FACE_BOUND ( 'NONE', #534, .T. ) ;
#2293 = EDGE_CURVE ( 'NONE', #2891, #1857, #1453, .T. ) ;
#2294 = CARTESIAN_POINT ( 'NONE',  ( 5.499261314031300252, -9.524999999999941735, 0.8507386859688205183 ) ) ;
#2295 = CIRCLE ( 'NONE', #582, 3.874999999999843237 ) ;
#2296 = CARTESIAN_POINT ( 'NONE',  ( 6.900000000000090949, 6.735557395311278216E-16, -5.500000000000682121 ) ) ;
#2297 = CARTESIAN_POINT ( 'NONE',  ( -0.1318261303870383039, 5.353137367943504366, -11.11499999999795385 ) ) ;
#2298 = LINE ( 'NONE', #172, #2466 ) ;
#2299 = DIRECTION ( 'NONE',  ( 0.000000000000000000, -1.000000000000000000, 0.000000000000000000 ) ) ;
#2300 = ADVANCED_FACE ( 'NONE', ( #3142 ), #1850, .T. ) ;
#2301 = ORIENTED_EDGE ( 'NONE', *, *, #2896, .T. ) ;
#2302 = ORIENTED_EDGE ( 'NONE', *, *, #2885, .T. ) ;
#2303 = DIRECTION ( 'NONE',  ( -1.000000000000000000, 0.000000000000000000, 0.000000000000000000 ) ) ;
#2304 = DIRECTION ( 'NONE',  ( 0.000000000000000000, 0.000000000000000000, 1.000000000000000000 ) ) ;
#2305 = EDGE_CURVE ( 'NONE', #633, #982, #2664, .T. ) ;
#2306 = ORIENTED_EDGE ( 'NONE', *, *, #917, .T. ) ;
#2307 = CONICAL_SURFACE ( 'NONE', #526, 13.41771913849730069, 1.047197551196595633 ) ;
#2308 = FACE_OUTER_BOUND ( 'NONE', #3289, .T. ) ;
#2309 = EDGE_CURVE ( 'NONE', #691, #82, #3361, .T. ) ;
#2310 = CALENDAR_DATE ( 2025, 23, 7 ) ;
#2311 = AXIS2_PLACEMENT_3D ( 'NONE', #2187, #1830, #3031 ) ;
#2312 = DIRECTION ( 'NONE',  ( 0.8660254037844379305, 0.000000000000000000, 0.5000000000000011102 ) ) ;
#2313 = PERSON ( 'NAUO-PER5', 'UNSPECIFIED', 'UNSPECIFIED', ('UNSPECIFIED'), ('UNSPECIFIED'), ('UNSPECIFIED') ) ;
#2314 = VECTOR ( 'NONE', #3842, 1000.000000000000000 ) ;
#2315 = CARTESIAN_POINT ( 'NONE',  ( 0.000000000000000000, 0.000000000000000000, 17.60000000000000142 ) ) ;
#2316 = DIRECTION ( 'NONE',  ( -7.803524408352708779E-17, -1.000000000000000000, 0.000000000000000000 ) ) ;
#2317 = FACE_OUTER_BOUND ( 'NONE', #1973, .T. ) ;
#2318 = APPROVAL_PERSON_ORGANIZATION ( #1690, #2401, #1389 ) ;
#2319 = CARTESIAN_POINT ( 'NONE',  ( 6.440000000000000391, 7.886725386508954940E-16, 17.10000000000000142 ) ) ;
#2320 = CARTESIAN_POINT ( 'NONE',  ( -8.285320342655021264, 0.000000000000000000, 0.000000000000000000 ) ) ;
#2321 = ORIENTED_EDGE ( 'NONE', *, *, #864, .T. ) ;
#2322 = DIRECTION ( 'NONE',  ( -5.364923030742486669E-17, -1.000000000000000000, 0.000000000000000000 ) ) ;
#2323 = AXIS2_PLACEMENT_3D ( 'NONE', #1562, #2766, #2741 ) ;
#2324 = CARTESIAN_POINT ( 'NONE',  ( -10.40000000000428848, 0.000000000000000000, 0.000000000000000000 ) ) ;
#2325 = ORIENTED_EDGE ( 'NONE', *, *, #3686, .T. ) ;
#2326 = B_SPLINE_CURVE_WITH_KNOTS ( 'NONE', 3,
 ( #3070, #3622, #1265, #905, #3706, #2748 ),
 .UNSPECIFIED., .F., .F.,
 ( 4, 2, 4 ),
 ( 2.380730676605472043E-07, 0.002782414026671824452, 0.005564589980275988848 ),
 .UNSPECIFIED. ) ;
#2327 = CARTESIAN_POINT ( 'NONE',  ( -31.30000000000291038, 4.745506346695969242E-16, -3.874999999999980016 ) ) ;
#2328 = APPROVAL_ROLE ( '' ) ;
#2329 = ORIENTED_EDGE ( 'NONE', *, *, #2860, .F. ) ;
#2330 = CYLINDRICAL_SURFACE ( 'NONE', #348, 4.765000000001082370 ) ;
#2331 = DIRECTION ( 'NONE',  ( 0.000000000000000000, 0.000000000000000000, 1.000000000000000000 ) ) ;
#2332 = CARTESIAN_POINT ( 'NONE',  ( 3.455323577095493007E-14, -9.525000000000098055, 5.400000000000000355 ) ) ;
#2333 = CARTESIAN_POINT ( 'NONE',  ( -1.119903549855042701, -6.342148586609040350, 5.701715551062478404 ) ) ;
#2334 = AXIS2_PLACEMENT_3D ( 'NONE', #2453, #3698, #2740 ) ;
#2335 = CARTESIAN_POINT ( 'NONE',  ( 7.634999999999990905, 0.000000000000000000, 0.000000000000000000 ) ) ;
#2336 = VECTOR ( 'NONE', #1060, 999.9999999999998863 ) ;
#2337 = CARTESIAN_POINT ( 'NONE',  ( 0.000000000000000000, 0.000000000000000000, 15.35253755750896687 ) ) ;
#2338 = ORIENTED_EDGE ( 'NONE', *, *, #64, .T. ) ;
#2339 = ORIENTED_EDGE ( 'NONE', *, *, #3584, .F. ) ;
#2340 = DIRECTION ( 'NONE',  ( -1.000000000000000000, -0.000000000000000000, -0.000000000000000000 ) ) ;
#2341 = CARTESIAN_POINT ( 'NONE',  ( 1.150000000000023004, -6.336489564419715670, 5.400000000000000355 ) ) ;
#2342 = ADVANCED_FACE ( 'NONE', ( #2016 ), #716, .T. ) ;
#2343 = ORIENTED_EDGE ( 'NONE', *, *, #3521, .T. ) ;
#2344 = CARTESIAN_POINT ( 'NONE',  ( 9.525000000000000355, 0.000000000000000000, 0.000000000000000000 ) ) ;
#2345 = PERSON_AND_ORGANIZATION_ROLE ( 'design_supplier' ) ;
#2346 = EDGE_CURVE ( 'NONE', #2171, #691, #68, .T. ) ;
#2347 = EDGE_LOOP ( 'NONE', ( #655, #349 ) ) ;
#2348 = DIRECTION ( 'NONE',  ( 1.000000000000000000, 0.000000000000000000, 0.000000000000000000 ) ) ;
#2349 = AXIS2_PLACEMENT_3D ( 'NONE', #2, #359, #2427 ) ;
#2350 =( NAMED_UNIT ( * ) PLANE_ANGLE_UNIT ( ) SI_UNIT ( $, .RADIAN. ) );
#2351 = EDGE_CURVE ( 'NONE', #2142, #2694, #2288, .T. ) ;
#2352 = LOCAL_TIME ( 18, 43, 25.00000000000000000, #1976 ) ;
#2353 = VECTOR ( 'NONE', #3859, 1000.000000000000000 ) ;
#2354 = DIRECTION ( 'NONE',  ( -1.000000000000000000, -0.000000000000000000, -0.000000000000000000 ) ) ;
#2355 = CONICAL_SURFACE ( 'NONE', #1917, 11.11500000000000021, 1.308996938995753867 ) ;
#2356 = CARTESIAN_POINT ( 'NONE',  ( 0.7061923328187935667, -6.402072382406414519, 6.320163105296655814 ) ) ;
#2357 = DIRECTION ( 'NONE',  ( 0.000000000000000000, 0.000000000000000000, 1.000000000000000000 ) ) ;
#2358 = EDGE_CURVE ( 'NONE', #2928, #1843, #3132, .T. ) ;
#2359 = VECTOR ( 'NONE', #2865, 1000.000000000000000 ) ;
#2360 = VERTEX_POINT ( 'NONE', #1031 ) ;
#2361 = DIRECTION ( 'NONE',  ( 1.000000000000000000, -0.000000000000000000, -0.000000000000000000 ) ) ;
#2362 = CARTESIAN_POINT ( 'NONE',  ( 15.59999999999936193, 0.000000000000000000, 0.000000000000000000 ) ) ;
#2363 = PRODUCT ( '316L-CV3-FMR4-HP', '316L-CV3-FMR4-HP', '', ( #24 ) ) ;
#2364 = ADVANCED_BREP_SHAPE_REPRESENTATION ( '', ( #1150, #884 ), #3613 ) ;
#2365 = ORIENTED_EDGE ( 'NONE', *, *, #3530, .T. ) ;
#2366 = DIRECTION ( 'NONE',  ( 0.000000000000000000, 0.000000000000000000, -1.000000000000000000 ) ) ;
#2367 = CC_DESIGN_PERSON_AND_ORGANIZATION_ASSIGNMENT ( #318, #2411, ( #2220 ) ) ;
#2368 = DATE_TIME_ROLE ( 'classification_date' ) ;
#2369 = VERTEX_POINT ( 'NONE', #776 ) ;
#2370 = SHAPE_REPRESENTATION ( '316L-CV3-FMR4-HP', ( #316, #1780, #2037, #2855, #2224, #65 ), #2286 ) ;
#2371 = CARTESIAN_POINT ( 'NONE',  ( -10.10000000000428955, 0.000000000000000000, 0.000000000000000000 ) ) ;
#2372 = ADVANCED_FACE ( 'NONE', ( #2308 ), #1419, .T. ) ;
#2373 = B_SPLINE_CURVE_WITH_KNOTS ( 'NONE', 3,
 ( #3481, #2843, #3220, #3520, #2825, #3145 ),
 .UNSPECIFIED., .F., .F.,
 ( 4, 2, 4 ),
 ( 0.006417479182149185730, 0.009626103303169944447, 0.01283472742419070230 ),
 .UNSPECIFIED. ) ;
#2374 = DIRECTION ( 'NONE',  ( -3.627636301412553852E-15, 1.000000000000000000, 0.000000000000000000 ) ) ;
#2375 = B_SPLINE_CURVE_WITH_KNOTS ( 'NONE', 3,
 ( #3646, #1521, #3327, #673, #985, #372 ),
 .UNSPECIFIED., .F., .F.,
 ( 4, 2, 4 ),
 ( 0.01002753371955004795, 0.01281024402003885787, 0.01559295432052766953 ),
 .UNSPECIFIED. ) ;
#2376 = CARTESIAN_POINT ( 'NONE',  ( -0.4499999999993617994, -9.625872363062272896, 5.557499999998981366 ) ) ;
#2377 = CIRCLE ( 'NONE', #975, 11.11500000000000021 ) ;
#2378 = FACE_OUTER_BOUND ( 'NONE', #3396, .T. ) ;
#2379 = CARTESIAN_POINT ( 'NONE',  ( -5.450000000000003730, 6.674325055353079182E-16, 0.000000000000000000 ) ) ;
#2380 = VERTEX_POINT ( 'NONE', #1636 ) ;
#2381 = ORIENTED_EDGE ( 'NONE', *, *, #2820, .T. ) ;
#2382 = DIRECTION ( 'NONE',  ( 0.000000000000000000, 0.000000000000000000, -1.000000000000000000 ) ) ;
#2383 = CARTESIAN_POINT ( 'NONE',  ( -0.4082295124750504600, -2.134430033577366714, 11.11499999999796451 ) ) ;
#2384 = AXIS2_PLACEMENT_3D ( 'NONE', #3890, #853, #1412 ) ;
#2385 = AXIS2_PLACEMENT_3D ( 'NONE', #902, #1215, #1181 ) ;
#2386 = ORIENTED_EDGE ( 'NONE', *, *, #3224, .T. ) ;
#2387 = CARTESIAN_POINT ( 'NONE',  ( -5.450000000000003730, 6.674325055353079182E-16, 0.000000000000000000 ) ) ;
#2388 = ORIENTED_EDGE ( 'NONE', *, *, #3709, .F. ) ;
#2389 = FACE_OUTER_BOUND ( 'NONE', #1111, .T. ) ;
#2390 = CARTESIAN_POINT ( 'NONE',  ( 6.439262305701898725, -12.83449648408302757, -2.552913722927555928E-16 ) ) ;
#2391 = PRODUCT_DEFINITION_SHAPE ( 'NONE', 'NONE',  #2076 ) ;
#2392 = CARTESIAN_POINT ( 'NONE',  ( -7.199999999999363354, 0.000000000000000000, -5.475000000000363798 ) ) ;
#2393 = CARTESIAN_POINT ( 'NONE',  ( -0.2476069967578515829, -4.291417101514755750, -11.11499999999796273 ) ) ;
#2394 = CARTESIAN_POINT ( 'NONE',  ( -14.80000000000383054, 0.000000000000000000, 0.000000000000000000 ) ) ;
#2395 = CARTESIAN_POINT ( 'NONE',  ( -7.199999999999363354, 0.000000000000000000, 0.000000000000000000 ) ) ;
#2396 = VERTEX_POINT ( 'NONE', #1689 ) ;
#2397 = ORIENTED_EDGE ( 'NONE', *, *, #1838, .T. ) ;
#2398 = CARTESIAN_POINT ( 'NONE',  ( -14.50000000000376765, 5.961124981258471193E-16, -4.781025403783787375 ) ) ;
#2399 = DIRECTION ( 'NONE',  ( -6.144964491593366446E-17, -1.000000000000000000, 0.000000000000000000 ) ) ;
#2400 = CIRCLE ( 'NONE', #1254, 5.450000000000003730 ) ;
#2401 = APPROVAL ( #2897, '未指定' ) ;
#2402 = EDGE_CURVE ( 'NONE', #2956, #3377, #3336, .T. ) ;
#2403 = EDGE_CURVE ( 'NONE', #3374, #1875, #1013, .T. ) ;
#2404 = ORIENTED_EDGE ( 'NONE', *, *, #3533, .F. ) ;
#2405 = EDGE_LOOP ( 'NONE', ( #3843, #3496, #1487 ) ) ;
#2406 = CARTESIAN_POINT ( 'NONE',  ( 10.54871925222718332, 0.7790823003625551024, 17.00895541415241397 ) ) ;
#2407 = EDGE_CURVE ( 'NONE', #3167, #1245, #2554, .T. ) ;
#2408 = VERTEX_POINT ( 'NONE', #2641 ) ;
#2409 = CARTESIAN_POINT ( 'NONE',  ( -0.2489051501027041979, -7.486789615715101931, 9.262499999998302869 ) ) ;
#2410 = CARTESIAN_POINT ( 'NONE',  ( 6.900000000000632738, -10.16064304989906653, -4.631249999999151434 ) ) ;
#2411 = PERSON_AND_ORGANIZATION_ROLE ( 'creator' ) ;
#2412 = DIRECTION ( 'NONE',  ( 0.000000000000000000, 0.000000000000000000, 1.000000000000000000 ) ) ;
#2413 = CARTESIAN_POINT ( 'NONE',  ( -0.4499999999993612443, 6.034278445082879495E-15, -11.11499999999795918 ) ) ;
#2414 = EDGE_CURVE ( 'NONE', #924, #2828, #3609, .T. ) ;
#2415 = DIRECTION ( 'NONE',  ( 0.000000000000000000, -1.224646799147353207E-16, 1.000000000000000000 ) ) ;
#2416 = CARTESIAN_POINT ( 'NONE',  ( 6.439262305701901390, 6.417248242041517337, -11.11499999999795563 ) ) ;
#2417 = CIRCLE ( 'NONE', #197, 11.11500000000000021 ) ;
#2418 = ORIENTED_EDGE ( 'NONE', *, *, #1055, .T. ) ;
#2419 = ORIENTED_EDGE ( 'NONE', *, *, #3484, .F. ) ;
#2420 = CONICAL_SURFACE ( 'NONE', #1915, 14.11499999999999844, 1.308996938995753867 ) ;
#2421 = CARTESIAN_POINT ( 'NONE',  ( -10.60000000000365539, 0.000000000000000000, 6.300000000000027356 ) ) ;
#2422 = EDGE_CURVE ( 'NONE', #2380, #1205, #832, .T. ) ;
#2423 = ORIENTED_EDGE ( 'NONE', *, *, #1593, .F. ) ;
#2424 = DIRECTION ( 'NONE',  ( 0.000000000000000000, 0.000000000000000000, 1.000000000000000000 ) ) ;
#2425 = ADVANCED_FACE ( 'NONE', ( #273 ), #2107, .T. ) ;
#2426 = EDGE_LOOP ( 'NONE', ( #3158, #140 ) ) ;
#2427 = DIRECTION ( 'NONE',  ( 0.000000000000000000, 0.000000000000000000, 1.000000000000000000 ) ) ;
#2428 = CARTESIAN_POINT ( 'NONE',  ( 0.000000000000000000, 0.000000000000000000, 0.000000000000000000 ) ) ;
#2429 = APPLICATION_CONTEXT ( 'configuration controlled 3d designs of mechanical parts and assemblies' ) ;
#2430 = APPROVAL_STATUS ( 'not_yet_approved' ) ;
#2431 = CIRCLE ( 'NONE', #717, 3.875000000000043965 ) ;
#2432 = CARTESIAN_POINT ( 'NONE',  ( 7.781140988492979638, -5.572668467073530252, 0.02010828335196813629 ) ) ;
#2433 = CIRCLE ( 'NONE', #720, 3.875000000000001776 ) ;
#2434 = CARTESIAN_POINT ( 'NONE',  ( 3.709163999463083172, 9.525000000000014566, 17.21970371548191991 ) ) ;
#2435 = CARTESIAN_POINT ( 'NONE',  ( 1.006550781153894234E-13, -9.525000000000000355, 0.000000000000000000 ) ) ;
#2436 = FACE_OUTER_BOUND ( 'NONE', #3389, .T. ) ;
#2437 = ORIENTED_EDGE ( 'NONE', *, *, #1404, .T. ) ;
#2438 = ORIENTED_EDGE ( 'NONE', *, *, #3850, .T. ) ;
#2439 = VECTOR ( 'NONE', #2718, 1000.000000000000114 ) ;
#2440 = DIRECTION ( 'NONE',  ( -1.000000000000000000, -3.016910393003142859E-15, 0.000000000000000000 ) ) ;
#2441 = CARTESIAN_POINT ( 'NONE',  ( -10.40000000000428848, 0.000000000000000000, 0.000000000000000000 ) ) ;
#2442 = CARTESIAN_POINT ( 'NONE',  ( -10.54984241687412450, 0.7771369221287222073, 17.00830695474097354 ) ) ;
#2443 = AXIS2_PLACEMENT_3D ( 'NONE', #2395, #2691, #588 ) ;
#2444 = CC_DESIGN_SECURITY_CLASSIFICATION ( #1227, ( #539 ) ) ;
#2445 = ORIENTED_EDGE ( 'NONE', *, *, #1174, .T. ) ;
#2446 = CONICAL_SURFACE ( 'NONE', #3641, 6.440000000000000391, 0.7853981633974482790 ) ;
#2447 = CARTESIAN_POINT ( 'NONE',  ( -34.40688589961590793, -6.417248242041518225, -11.11499999999796273 ) ) ;
#2448 = CIRCLE ( 'NONE', #3577, 3.874999999999848566 ) ;
#2449 = VERTEX_POINT ( 'NONE', #2089 ) ;
#2450 = CARTESIAN_POINT ( 'NONE',  ( 7.634999999999990905, 5.835441997938096519E-16, 4.765000000000782165 ) ) ;
#2451 = AXIS2_PLACEMENT_3D ( 'NONE', #327, #13, #270 ) ;
#2452 = EDGE_CURVE ( 'NONE', #179, #506, #867, .T. ) ;
#2453 = CARTESIAN_POINT ( 'NONE',  ( -14.50000000000376765, 0.000000000000000000, 0.000000000000000000 ) ) ;
#2454 = FACE_OUTER_BOUND ( 'NONE', #2261, .T. ) ;
#2455 = FACE_OUTER_BOUND ( 'NONE', #2219, .T. ) ;
#2456 = CARTESIAN_POINT ( 'NONE',  ( 4.950000000000000178, 6.062001655779398511E-16, -2.500000000000005773 ) ) ;
#2457 = VERTEX_POINT ( 'NONE', #3568 ) ;
#2458 = ORIENTED_EDGE ( 'NONE', *, *, #1747, .T. ) ;
#2459 = CARTESIAN_POINT ( 'NONE',  ( 9.275000000000002132, 0.000000000000000000, 0.000000000000000000 ) ) ;
#2460 = CARTESIAN_POINT ( 'NONE',  ( -14.80000000000380744, 3.946032027681065644E-16, -3.222179676971717033 ) ) ;
#2461 = DIRECTION ( 'NONE',  ( -0.7071067811865474617, 0.000000000000000000, 0.7071067811865474617 ) ) ;
#2462 = ORIENTED_EDGE ( 'NONE', *, *, #935, .T. ) ;
#2463 = FACE_BOUND ( 'NONE', #3213, .T. ) ;
#2464 = EDGE_CURVE ( 'NONE', #1131, #216, #2699, .T. ) ;
#2465 = CIRCLE ( 'NONE', #619, 9.525000000000000355 ) ;
#2466 = VECTOR ( 'NONE', #1379, 1000.000000000000000 ) ;
#2467 = AXIS2_PLACEMENT_3D ( 'NONE', #1967, #448, #2316 ) ;
#2468 = ORIENTED_EDGE ( 'NONE', *, *, #2234, .F. ) ;
#2469 = DIRECTION ( 'NONE',  ( -0.7071067811865474617, 8.659560562354932858E-17, 0.7071067811865474617 ) ) ;
#2470 = EDGE_CURVE ( 'NONE', #3269, #2449, #2570, .T. ) ;
#2471 = DATE_AND_TIME ( #2173, #3743 ) ;
#2472 = CARTESIAN_POINT ( 'NONE',  ( 6.582553679375780398, -12.29972579724623927, 0.9262499999998303757 ) ) ;
#2473 = DIRECTION ( 'NONE',  ( 1.000000000000000000, -0.000000000000000000, -0.000000000000000000 ) ) ;
#2474 = EDGE_CURVE ( 'NONE', #3014, #3414, #597, .T. ) ;
#2475 = FACE_OUTER_BOUND ( 'NONE', #3240, .T. ) ;
#2476 = LINE ( 'NONE', #11, #1622 ) ;
#2477 = EDGE_LOOP ( 'NONE', ( #1196, #2662, #1027 ) ) ;
#2478 = DIRECTION ( 'NONE',  ( 0.000000000000000000, 0.000000000000000000, -1.000000000000000000 ) ) ;
#2479 = CARTESIAN_POINT ( 'NONE',  ( -0.4499999999993612443, 2.502005013424638093E-17, 0.000000000000000000 ) ) ;
#2480 =( GEOMETRIC_REPRESENTATION_CONTEXT ( 3 ) GLOBAL_UNCERTAINTY_ASSIGNED_CONTEXT ( ( #2530 ) ) GLOBAL_UNIT_ASSIGNED_CONTEXT ( ( #165, #3261, #3873 ) ) REPRESENTATION_CONTEXT ( 'NONE', 'WORKASPACE' ) );
#2481 = ADVANCED_FACE ( 'NONE', ( #1433 ), #1706, .T. ) ;
#2482 = CARTESIAN_POINT ( 'NONE',  ( 8.475000000000001421, 0.000000000000000000, -3.000000000000000000 ) ) ;
#2483 = CALENDAR_DATE ( 2025, 23, 7 ) ;
#2484 = CIRCLE ( 'NONE', #1596, 4.950000000000000178 ) ;
#2485 = ORIENTED_EDGE ( 'NONE', *, *, #228, .T. ) ;
#2486 = AXIS2_PLACEMENT_3D ( 'NONE', #2156, #2725, #10 ) ;
#2487 = ORIENTED_EDGE ( 'NONE', *, *, #123, .T. ) ;
#2488 = AXIS2_PLACEMENT_3D ( 'NONE', #3027, #307, #2162 ) ;
#2489 = CARTESIAN_POINT ( 'NONE',  ( -16.09999999999936193, 0.000000000000000000, -4.765000000000538805 ) ) ;
#2490 = CIRCLE ( 'NONE', #2731, 9.525000000000002132 ) ;
#2491 = AXIS2_PLACEMENT_3D ( 'NONE', #3443, #724, #1074 ) ;
#2492 = EDGE_LOOP ( 'NONE', ( #3556, #2088 ) ) ;
#2493 = CC_DESIGN_DATE_AND_TIME_ASSIGNMENT ( #3718, #1937, ( #1659 ) ) ;
#2494 = DIRECTION ( 'NONE',  ( 3.627636301412553852E-15, -1.000000000000000000, 0.000000000000000000 ) ) ;
#2495 = CIRCLE ( 'NONE', #2995, 9.525000000000002132 ) ;
#2496 = EDGE_CURVE ( 'NONE', #1741, #691, #1107, .T. ) ;
#2497 = CARTESIAN_POINT ( 'NONE',  ( 5.947941525219547998, -8.747863077871150139, 0.5916930452590308809 ) ) ;
#2498 = CARTESIAN_POINT ( 'NONE',  ( -0.4499999999993612443, 2.502005013424638093E-17, 0.000000000000000000 ) ) ;
#2499 = DIRECTION ( 'NONE',  ( 1.000000000000000000, -0.000000000000000000, -0.000000000000000000 ) ) ;
#2500 = CARTESIAN_POINT ( 'NONE',  ( -14.50000000000376765, 5.855067457385996353E-16, 4.781025403783787375 ) ) ;
#2501 = VERTEX_POINT ( 'NONE', #2344 ) ;
#2502 = ORIENTED_EDGE ( 'NONE', *, *, #1051, .F. ) ;
#2503 = DIRECTION ( 'NONE',  ( 5.364923030742486669E-17, 1.000000000000000000, 0.000000000000000000 ) ) ;
#2504 = DIRECTION ( 'NONE',  ( 0.000000000000000000, 0.000000000000000000, -1.000000000000000000 ) ) ;
#2505 = APPROVAL_DATE_TIME ( #2165, #1523 ) ;
#2506 = VECTOR ( 'NONE', #1149, 999.9999999999998863 ) ;
#2507 = ORIENTED_EDGE ( 'NONE', *, *, #3418, .T. ) ;
#2508 = ORIENTED_EDGE ( 'NONE', *, *, #1819, .F. ) ;
#2509 = CARTESIAN_POINT ( 'NONE',  ( -0.4499999999999060862, 10.16064304989906297, 4.631249999999153211 ) ) ;
#2510 = CARTESIAN_POINT ( 'NONE',  ( -7.087157097717506460, 6.774683825530921411, 0.1555587596408454509 ) ) ;
#2511 = ORIENTED_EDGE ( 'NONE', *, *, #961, .F. ) ;
#2512 = DIRECTION ( 'NONE',  ( 1.000000000000000000, -0.000000000000000000, -0.000000000000000000 ) ) ;
#2513 = APPROVAL_DATE_TIME ( #3734, #2654 ) ;
#2514 = CIRCLE ( 'NONE', #984, 6.440000000000000391 ) ;
#2515 = CARTESIAN_POINT ( 'NONE',  ( -10.40000000000428848, 0.000000000000000000, 0.000000000000000000 ) ) ;
#2516 = CARTESIAN_POINT ( 'NONE',  ( -1.150000000000023226, 6.336489564419716558, 5.552257429281183931 ) ) ;
#2517 = VERTEX_POINT ( 'NONE', #887 ) ;
#2518 = CARTESIAN_POINT ( 'NONE',  ( -10.40000000000428848, 5.914400081109123255E-16, -4.829474167757560110 ) ) ;
#2519 = DIRECTION ( 'NONE',  ( 1.000000000000000000, -0.000000000000000000, -0.000000000000000000 ) ) ;
#2520 = CARTESIAN_POINT ( 'NONE',  ( 9.410626844376087874, 2.750316174469046970, 0.1555587596408459228 ) ) ;
#2521 = PERSON_AND_ORGANIZATION ( #3908, #727 ) ;
#2522 = ORIENTED_EDGE ( 'NONE', *, *, #3069, .F. ) ;
#2523 = EDGE_LOOP ( 'NONE', ( #1567, #1992, #611, #3610, #471, #3883, #830 ) ) ;
#2524 = CARTESIAN_POINT ( 'NONE',  ( 7.780436236922099624, 5.573889132600920782, -5.854691731421723944E-15 ) ) ;
#2525 = CARTESIAN_POINT ( 'NONE',  ( 5.499261314031300252, -9.524999999999941735, 16.74926131403118035 ) ) ;
#2526 = ADVANCED_FACE ( 'NONE', ( #3551 ), #1804, .T. ) ;
#2527 = EDGE_CURVE ( 'NONE', #2910, #3423, #3887, .T. ) ;
#2528 = EDGE_LOOP ( 'NONE', ( #1506, #2508, #858, #654 ) ) ;
#2529 = CARTESIAN_POINT ( 'NONE',  ( -1.119903549855088665, 6.342148586609033245, 5.098284448937522306 ) ) ;
#2530 = UNCERTAINTY_MEASURE_WITH_UNIT (LENGTH_MEASURE( 1.000000000000000082E-05 ), #165, 'distance_accuracy_value', 'NONE');
#2531 = SHAPE_REPRESENTATION ( '316L-CV3-TB6-HP', ( #884 ), #3613 ) ;
#2532 = AXIS2_PLACEMENT_3D ( 'NONE', #3855, #2648, #2039 ) ;
#2533 = ADVANCED_FACE ( 'NONE', ( #1727 ), #255, .F. ) ;
#2534 = CALENDAR_DATE ( 2025, 23, 7 ) ;
#2535 = DIRECTION ( 'NONE',  ( -1.000000000000000000, 0.000000000000000000, 0.000000000000000000 ) ) ;
#2536 = CARTESIAN_POINT ( 'NONE',  ( -0.4499999999993633537, 4.745506346695804567E-16, 3.874999999999845901 ) ) ;
#2537 = DIRECTION ( 'NONE',  ( 0.000000000000000000, 0.000000000000000000, -1.000000000000000000 ) ) ;
#2538 = ORIENTED_EDGE ( 'NONE', *, *, #2716, .T. ) ;
#2539 = ORIENTED_EDGE ( 'NONE', *, *, #2598, .T. ) ;
#2540 = ADVANCED_FACE ( 'NONE', ( #2031 ), #155, .T. ) ;
#2541 = FACE_OUTER_BOUND ( 'NONE', #1447, .T. ) ;
#2542 = CARTESIAN_POINT ( 'NONE',  ( 8.482244080906811590, 4.358322289669030347, -5.809516640901488544E-15 ) ) ;
#2543 = CALENDAR_DATE ( 2025, 23, 7 ) ;
#2544 = ORIENTED_EDGE ( 'NONE', *, *, #1421, .F. ) ;
#2545 = ORIENTED_EDGE ( 'NONE', *, *, #821, .T. ) ;
#2546 = CARTESIAN_POINT ( 'NONE',  ( 8.475000000000001421, 0.000000000000000000, -2.200000000000000178 ) ) ;
#2547 = CARTESIAN_POINT ( 'NONE',  ( 3.709163999463265249, -9.524999999999957723, 0.3802962845181421803 ) ) ;
#2548 = ADVANCED_FACE ( 'NONE', ( #3863 ), #3512, .F. ) ;
#2549 = AXIS2_PLACEMENT_3D ( 'NONE', #1534, #1877, #1914 ) ;
#2550 = LOCAL_TIME ( 18, 43, 25.00000000000000000, #362 ) ;
#2551 = CIRCLE ( 'NONE', #3042, 4.829474167757560110 ) ;
#2552 = EDGE_LOOP ( 'NONE', ( #2560, #557, #3547 ) ) ;
#2553 = VECTOR ( 'NONE', #191, 1000.000000000000000 ) ;
#2554 = LINE ( 'NONE', #3274, #788 ) ;
#2555 = EDGE_CURVE ( 'NONE', #686, #2501, #2813, .T. ) ;
#2556 = CONICAL_SURFACE ( 'NONE', #3500, 13.41771913849730069, 1.047197551196595633 ) ;
#2557 = CARTESIAN_POINT ( 'NONE',  ( -11.80000000000483418, 0.000000000000000000, 6.300000000000027356 ) ) ;
#2558 = CYLINDRICAL_SURFACE ( 'NONE', #1598, 4.765000000000661373 ) ;
#2559 = DIRECTION ( 'NONE',  ( -1.000000000000000000, 0.000000000000000000, 0.000000000000000000 ) ) ;
#2560 = ORIENTED_EDGE ( 'NONE', *, *, #1834, .T. ) ;
#2561 = CARTESIAN_POINT ( 'NONE',  ( -0.2489051501027026714, 7.486789615715100155, 9.262499999998301092 ) ) ;
#2562 = DIRECTION ( 'NONE',  ( -0.000000000000000000, -0.000000000000000000, -1.000000000000000000 ) ) ;
#2563 = CARTESIAN_POINT ( 'NONE',  ( -14.40000000000372182, 0.000000000000000000, 0.000000000000000000 ) ) ;
#2564 = APPLICATION_CONTEXT ( 'configuration controlled 3d designs of mechanical parts and assemblies' ) ;
#2565 = SECURITY_CLASSIFICATION_LEVEL ( 'unclassified' ) ;
#2566 = ORIENTED_EDGE ( 'NONE', *, *, #642, .T. ) ;
#2567 = DIRECTION ( 'NONE',  ( 1.000000000000000000, -0.000000000000000000, -0.000000000000000000 ) ) ;
#2568 = CARTESIAN_POINT ( 'NONE',  ( 0.01073769429882955907, 6.417248242041515560, 11.11499999999796273 ) ) ;
#2569 = VERTEX_POINT ( 'NONE', #596 ) ;
#2570 = B_SPLINE_CURVE_WITH_KNOTS ( 'NONE', 3,
 ( #1166, #2406, #3290, #3255, #1492, #849 ),
 .UNSPECIFIED., .F., .F.,
 ( 4, 2, 4 ),
 ( 2.380730676599704013E-07, 0.002782414026671824452, 0.005564589980275988848 ),
 .UNSPECIFIED. ) ;
#2571 = CARTESIAN_POINT ( 'NONE',  ( 1.119988172474397414, 6.342132471283758122, 5.098675963792311805 ) ) ;
#2572 = VECTOR ( 'NONE', #1331, 1000.000000000000000 ) ;
#2573 = COORDINATED_UNIVERSAL_TIME_OFFSET ( 8, 0, .AHEAD. ) ;
#2574 = ORGANIZATION ( 'NAUO-ORG5', 'UNSPECIFIED', 'UNSPECIFIED' ) ;
#2575 = DIRECTION ( 'NONE',  ( -0.7071067811849467422, 0.000000000000000000, 0.7071067811881482923 ) ) ;
#2576 = AXIS2_PLACEMENT_3D ( 'NONE', #3559, #2647, #3910 ) ;
#2577 = CIRCLE ( 'NONE', #1364, 3.199999999999278089 ) ;
#2578 = DIRECTION ( 'NONE',  ( 0.8660254037844415942, -0.4999999999999950595, 0.000000000000000000 ) ) ;
#2579 = ADVANCED_FACE ( 'NONE', ( #3391 ), #91, .T. ) ;
#2580 = CARTESIAN_POINT ( 'NONE',  ( 0.000000000000000000, 0.000000000000000000, 15.35253755750896687 ) ) ;
#2581 = CARTESIAN_POINT ( 'NONE',  ( 6.900000000000090949, 9.625872363064035042, -5.557500000000000995 ) ) ;
#2582 = CARTESIAN_POINT ( 'NONE',  ( -14.80000000000380744, 0.000000000000000000, 0.000000000000000000 ) ) ;
#2583 = LINE ( 'NONE', #3488, #2553 ) ;
#2584 = VERTEX_POINT ( 'NONE', #1855 ) ;
#2585 = ORIENTED_EDGE ( 'NONE', *, *, #484, .T. ) ;
#2586 = DIRECTION ( 'NONE',  ( 0.000000000000000000, 0.000000000000000000, 1.000000000000000000 ) ) ;
#2587 = EDGE_LOOP ( 'NONE', ( #1411, #1408, #2692, #1345 ) ) ;
#2588 = CARTESIAN_POINT ( 'NONE',  ( 6.857872656291855051, -8.556330989388683861, -7.409999999998642117 ) ) ;
#2589 = ADVANCED_FACE ( 'NONE', ( #1893 ), #1247, .F. ) ;
#2590 = COORDINATED_UNIVERSAL_TIME_OFFSET ( 8, 0, .AHEAD. ) ;
#2591 = FACE_OUTER_BOUND ( 'NONE', #1812, .T. ) ;
#2592 = CIRCLE ( 'NONE', #2899, 4.765000000000782165 ) ;
#2593 = ADVANCED_FACE ( 'NONE', ( #1810 ), #2188, .T. ) ;
#2594 = DIRECTION ( 'NONE',  ( -1.000000000000000000, -0.000000000000000000, -0.000000000000000000 ) ) ;
#2595 = CARTESIAN_POINT ( 'NONE',  ( -0.4499999999993606892, 9.625872363062276449, 5.557499999998983142 ) ) ;
#2596 = CARTESIAN_POINT ( 'NONE',  ( 8.248891971046839799, -4.762499999999971756, 17.60000000000000142 ) ) ;
#2597 = CARTESIAN_POINT ( 'NONE',  ( -0.3023583949538228288, -6.434392441164216159, 6.519602616917394400 ) ) ;
#2598 = EDGE_CURVE ( 'NONE', #2584, #2517, #2700, .T. ) ;
#2599 = CARTESIAN_POINT ( 'NONE',  ( 9.180332783635222427, 3.149197188353576760, 0.09792507081888403297 ) ) ;
#2600 = ORIENTED_EDGE ( 'NONE', *, *, #2184, .F. ) ;
#2601 = ORIENTED_EDGE ( 'NONE', *, *, #1692, .F. ) ;
#2602 = CARTESIAN_POINT ( 'NONE',  ( -0.4499999999999066413, -10.16064304989906653, -4.631249999999151434 ) ) ;
#2603 = DIRECTION ( 'NONE',  ( 0.000000000000000000, 0.000000000000000000, 1.000000000000000000 ) ) ;
#2604 = ADVANCED_FACE ( 'NONE', ( #1552 ), #402, .T. ) ;
#2605 = ORIENTED_EDGE ( 'NONE', *, *, #2746, .T. ) ;
#2606 = CARTESIAN_POINT ( 'NONE',  ( -16.09999999999936193, 0.000000000000000000, 0.000000000000000000 ) ) ;
#2607 = LOCAL_TIME ( 18, 43, 25.00000000000000000, #3907 ) ;
#2608 = COORDINATED_UNIVERSAL_TIME_OFFSET ( 8, 0, .AHEAD. ) ;
#2609 = CONICAL_SURFACE ( 'NONE', #1912, 4.781025403783787375, 0.5235987755981272862 ) ;
#2610 = CARTESIAN_POINT ( 'NONE',  ( 0.000000000000000000, 0.000000000000000000, 0.000000000000000000 ) ) ;
#2611 = CIRCLE ( 'NONE', #74, 6.099999999999753619 ) ;
#2612 = PLANE ( 'NONE',  #644 ) ;
#2613 = CARTESIAN_POINT ( 'NONE',  ( -0.4499999999999064193, 10.16064304989906297, -4.631249999999149658 ) ) ;
#2614 = FACE_OUTER_BOUND ( 'NONE', #1141, .T. ) ;
#2615 = CARTESIAN_POINT ( 'NONE',  ( 1.004666218993191418, -6.361419934119132868, 5.979495875475449473 ) ) ;
#2616 = CARTESIAN_POINT ( 'NONE',  ( -7.199999999999363354, 5.475000000000363798, 0.000000000000000000 ) ) ;
#2617 = ORIENTED_EDGE ( 'NONE', *, *, #698, .T. ) ;
#2618 = DIRECTION ( 'NONE',  ( 0.000000000000000000, 0.000000000000000000, -1.000000000000000000 ) ) ;
#2619 = LINE ( 'NONE', #214, #1019 ) ;
#2620 = ORIENTED_EDGE ( 'NONE', *, *, #357, .F. ) ;
#2621 = DIRECTION ( 'NONE',  ( 1.000000000000000000, -0.000000000000000000, -0.000000000000000000 ) ) ;
#2622 = COORDINATED_UNIVERSAL_TIME_OFFSET ( 8, 0, .AHEAD. ) ;
#2623 = AXIS2_PLACEMENT_3D ( 'NONE', #2149, #3312, #634 ) ;
#2624 = ORIENTED_EDGE ( 'NONE', *, *, #1355, .T. ) ;
#2625 = DIRECTION ( 'NONE',  ( 0.7071067811865493491, 8.659560562354957510E-17, -0.7071067811865456854 ) ) ;
#2626 = CIRCLE ( 'NONE', #2443, 5.475000000000363798 ) ;
#2627 = CIRCLE ( 'NONE', #2576, 5.449999999999997513 ) ;
#2628 = CARTESIAN_POINT ( 'NONE',  ( 0.01073769429882861191, -6.417248242041515560, 11.11499999999796273 ) ) ;
#2629 = LOCAL_TIME ( 18, 43, 25.00000000000000000, #2622 ) ;
#2630 = DIRECTION ( 'NONE',  ( 0.000000000000000000, 0.000000000000000000, -1.000000000000000000 ) ) ;
#2631 = EDGE_CURVE ( 'NONE', #12, #2776, #2121, .T. ) ;
#2632 = CARTESIAN_POINT ( 'NONE',  ( -10.40000000000428848, 0.000000000000000000, 4.829474167757560110 ) ) ;
#2633 = CARTESIAN_POINT ( 'NONE',  ( 6.857872656291858604, 8.556330989388685637, -7.409999999998639453 ) ) ;
#2634 = ORIENTED_EDGE ( 'NONE', *, *, #722, .F. ) ;
#2635 = ORIENTED_EDGE ( 'NONE', *, *, #3413, .T. ) ;
#2636 = CARTESIAN_POINT ( 'NONE',  ( -0.4499999999993612443, 2.502005013424638093E-17, 0.000000000000000000 ) ) ;
#2637 = CIRCLE ( 'NONE', #2824, 11.11500000000000021 ) ;
#2638 = CYLINDRICAL_SURFACE ( 'NONE', #829, 1.149999999999999911 ) ;
#2639 = ADVANCED_BREP_SHAPE_REPRESENTATION ( '', ( #3772, #884 ), #3425 ) ;
#2640 = EDGE_LOOP ( 'NONE', ( #42, #2462, #1809 ) ) ;
#2641 = CARTESIAN_POINT ( 'NONE',  ( -14.80000000000380744, 4.794492218661084261E-16, -3.222179676971717033 ) ) ;
#2642 = EDGE_CURVE ( 'NONE', #988, #51, #1269, .T. ) ;
#2643 = APPROVAL_ROLE ( '' ) ;
#2644 = VERTEX_POINT ( 'NONE', #665 ) ;
#2645 = CARTESIAN_POINT ( 'NONE',  ( 6.900000000000090949, 4.745506346695804567E-16, 3.874999999999845901 ) ) ;
#2646 = ADVANCED_FACE ( 'NONE', ( #2463, #2734 ), #1872, .F. ) ;
#2647 = DIRECTION ( 'NONE',  ( 0.000000000000000000, 0.000000000000000000, 1.000000000000000000 ) ) ;
#2648 = DIRECTION ( 'NONE',  ( 1.000000000000000000, 0.000000000000000000, 0.000000000000000000 ) ) ;
#2649 = VECTOR ( 'NONE', #2575, 1000.000000000000000 ) ;
#2650 = LINE ( 'NONE', #3562, #1469 ) ;
#2651 = CIRCLE ( 'NONE', #869, 4.765000000000782165 ) ;
#2652 = CIRCLE ( 'NONE', #242, 4.529474167757560288 ) ;
#2653 = ORIENTED_EDGE ( 'NONE', *, *, #1775, .T. ) ;
#2654 = APPROVAL ( #1674, '未指定' ) ;
#2655 = ORIENTED_EDGE ( 'NONE', *, *, #2705, .F. ) ;
#2656 = CARTESIAN_POINT ( 'NONE',  ( -6.400365130926600088, -7.964242406242845185, 17.22215417283561223 ) ) ;
#2657 = CARTESIAN_POINT ( 'NONE',  ( -0.9184904074677797681, -6.375057532453794806, 4.692009529690841951 ) ) ;
#2658 = EDGE_CURVE ( 'NONE', #3583, #1503, #25, .T. ) ;
#2659 = ORIENTED_EDGE ( 'NONE', *, *, #1407, .F. ) ;
#2660 = DIRECTION ( 'NONE',  ( -0.000000000000000000, -0.000000000000000000, -1.000000000000000000 ) ) ;
#2661 = COORDINATED_UNIVERSAL_TIME_OFFSET ( 8, 0, .AHEAD. ) ;
#2662 = ORIENTED_EDGE ( 'NONE', *, *, #2474, .F. ) ;
#2663 = DIRECTION ( 'NONE',  ( -1.000000000000000000, -0.000000000000000000, -0.000000000000000000 ) ) ;
#2664 = CIRCLE ( 'NONE', #1139, 11.11500000000000021 ) ;
#2665 = APPROVAL_PERSON_ORGANIZATION ( #1208, #664, #1558 ) ;
#2666 = CIRCLE ( 'NONE', #3427, 6.300000000000027356 ) ;
#2667 = PLANE ( 'NONE',  #1230 ) ;
#2668 = AXIS2_PLACEMENT_3D ( 'NONE', #266, #1484, #2096 ) ;
#2669 = CARTESIAN_POINT ( 'NONE',  ( 0.000000000000000000, 0.000000000000000000, 0.000000000000000000 ) ) ;
#2670 = CARTESIAN_POINT ( 'NONE',  ( -31.30000000000291038, 0.000000000000000000, 0.000000000000000000 ) ) ;
#2671 = CARTESIAN_POINT ( 'NONE',  ( 6.440000000000000391, 0.000000000000000000, 17.10000000000000142 ) ) ;
#2672 = AXIS2_PLACEMENT_3D ( 'NONE', #205, #3818, #3522 ) ;
#2673 = ORIENTED_EDGE ( 'NONE', *, *, #657, .T. ) ;
#2674 = FACE_BOUND ( 'NONE', #1007, .T. ) ;
#2675 = CARTESIAN_POINT ( 'NONE',  ( -4.950000000000000178, 0.000000000000000000, -2.500000000000005773 ) ) ;
#2676 = PRODUCT ( '316L-CV3-TB6-HP', '316L-CV3-TB6-HP', '', ( #3569 ) ) ;
#2677 = CLOSED_SHELL ( 'NONE', ( #2533, #1899, #629, #889, #530, #281, #1014, #253, #3102, #2712, #3222, #3823, #3916, #3154, #3099, #1350, #1431, #2688, #1229, #2872, #3198, #2702, #2593, #520, #3098, #3123, #2604, #593, #1359, #2811, #1248, #2646, #351, #3874, #2127, #2933, #1524, #1771, #3272, #1600, #3891, #1076 ) ) ;
#2678 = B_SPLINE_CURVE_WITH_KNOTS ( 'NONE', 3,
 ( #2595, #1342, #151, #2561, #3765, #3485 ),
 .UNSPECIFIED., .F., .F.,
 ( 4, 2, 4 ),
 ( 0.006417479182149187465, 0.009626103303169946182, 0.01283472742419070403 ),
 .UNSPECIFIED. ) ;
#2679 = ORIENTED_EDGE ( 'NONE', *, *, #3413, .F. ) ;
#2680 = CARTESIAN_POINT ( 'NONE',  ( -34.40688589961590793, -6.417248242041515560, 11.11499999999796273 ) ) ;
#2681 = COORDINATED_UNIVERSAL_TIME_OFFSET ( 8, 0, .AHEAD. ) ;
#2682 = ORIENTED_EDGE ( 'NONE', *, *, #3628, .T. ) ;
#2683 = DIRECTION ( 'NONE',  ( 5.364923030742486669E-17, 1.000000000000000000, 0.000000000000000000 ) ) ;
#2684 = DIRECTION ( 'NONE',  ( 1.000000000000000000, -0.000000000000000000, -0.000000000000000000 ) ) ;
#2685 = CARTESIAN_POINT ( 'NONE',  ( -31.30000000000291038, 0.000000000000000000, 0.000000000000000000 ) ) ;
#2686 = AXIS2_PLACEMENT_3D ( 'NONE', #515, #1749, #2936 ) ;
#2687 = APPROVAL ( #3886, 'UNKNOWN' ) ;
#2688 = ADVANCED_FACE ( 'NONE', ( #18 ), #1163, .T. ) ;
#2689 = EDGE_CURVE ( 'NONE', #923, #2891, #84, .T. ) ;
#2690 = CARTESIAN_POINT ( 'NONE',  ( 8.248891971046772298, 4.762500000000010836, 17.60000000000000142 ) ) ;
#2691 = DIRECTION ( 'NONE',  ( 1.000000000000000000, -0.000000000000000000, -0.000000000000000000 ) ) ;
#2692 = ORIENTED_EDGE ( 'NONE', *, *, #1011, .T. ) ;
#2693 = CC_DESIGN_APPROVAL ( #2687, ( #3072 ) ) ;
#2694 = VERTEX_POINT ( 'NONE', #2489 ) ;
#2695 = CARTESIAN_POINT ( 'NONE',  ( 6.439262305701901390, 6.417248242041517337, -11.11499999999795563 ) ) ;
#2696 = FACE_OUTER_BOUND ( 'NONE', #3030, .T. ) ;
#2697 = ORIENTED_EDGE ( 'NONE', *, *, #1512, .F. ) ;
#2698 = VERTEX_POINT ( 'NONE', #3713 ) ;
#2699 = LINE ( 'NONE', #2911, #661 ) ;
#2700 = B_SPLINE_CURVE_WITH_KNOTS ( 'NONE', 3,
 ( #2778, #310, #656, #1529, #2510, #930, #3093, #3650 ),
 .UNSPECIFIED., .F., .F.,
 ( 4, 2, 2, 4 ),
 ( 0.005564589980275988848, 0.006950476802621102963, 0.008336363624966217079, 0.01110813726965644184 ),
 .UNSPECIFIED. ) ;
#2701 = ORIENTED_EDGE ( 'NONE', *, *, #768, .T. ) ;
#2702 = ADVANCED_FACE ( 'NONE', ( #3671 ), #2877, .T. ) ;
#2703 = SPHERICAL_SURFACE ( 'NONE', #2068, 3.875000000000043965 ) ;
#2704 = DATE_TIME_ROLE ( 'creation_date' ) ;
#2705 = EDGE_CURVE ( 'NONE', #2569, #1608, #330, .T. ) ;
#2706 = CYLINDRICAL_SURFACE ( 'NONE', #413, 3.199999999999214584 ) ;
#2707 = DIRECTION ( 'NONE',  ( 1.000000000000000000, 0.000000000000000000, 0.000000000000000000 ) ) ;
#2708 = CARTESIAN_POINT ( 'NONE',  ( 0.000000000000000000, 0.000000000000000000, 17.60000000000000142 ) ) ;
#2709 = DIRECTION ( 'NONE',  ( -0.000000000000000000, -0.000000000000000000, -1.000000000000000000 ) ) ;
#2710 = ORIENTED_EDGE ( 'NONE', *, *, #3051, .T. ) ;
#2711 = ORIENTED_EDGE ( 'NONE', *, *, #3358, .F. ) ;
#2712 = ADVANCED_FACE ( 'NONE', ( #2283 ), #3136, .T. ) ;
#2713 = CARTESIAN_POINT ( 'NONE',  ( 6.857141256635062021, 2.153087595701816515, -11.11499999999795740 ) ) ;
#2714 = CARTESIAN_POINT ( 'NONE',  ( -11.80000000000483418, 7.715274834628357918E-16, -6.300000000000027356 ) ) ;
#2715 = CIRCLE ( 'NONE', #1832, 11.11500000000000021 ) ;
#2716 = EDGE_CURVE ( 'NONE', #1, #3589, #2058, .T. ) ;
#2717 = ORIENTED_EDGE ( 'NONE', *, *, #2070, .F. ) ;
#2718 = DIRECTION ( 'NONE',  ( -0.7071067811865474617, 8.659560562354932858E-17, -0.7071067811865474617 ) ) ;
#2719 = VERTEX_POINT ( 'NONE', #2853 ) ;
#2720 = CARTESIAN_POINT ( 'NONE',  ( -12.00000000000511058, 0.000000000000000000, 5.674999999999571720 ) ) ;
#2721 = DIRECTION ( 'NONE',  ( 0.7071067811865474617, 8.659560562354932858E-17, 0.7071067811865474617 ) ) ;
#2722 = COORDINATED_UNIVERSAL_TIME_OFFSET ( 8, 0, .AHEAD. ) ;
#2723 = DIRECTION ( 'NONE',  ( 0.000000000000000000, 0.000000000000000000, 1.000000000000000000 ) ) ;
#2724 = CARTESIAN_POINT ( 'NONE',  ( 10.99852262806237846, -4.800953814011748335E-16, 16.74926131403118035 ) ) ;
#2725 = DIRECTION ( 'NONE',  ( -0.000000000000000000, 0.000000000000000000, -1.000000000000000000 ) ) ;
#2726 = CARTESIAN_POINT ( 'NONE',  ( -0.4499999999993633537, 1.347111479061782327E-15, 10.99999999999749889 ) ) ;
#2727 = ORIENTED_EDGE ( 'NONE', *, *, #581, .T. ) ;
#2728 = AXIS2_PLACEMENT_3D ( 'NONE', #962, #2177, #2415 ) ;
#2729 = CARTESIAN_POINT ( 'NONE',  ( 5.499261314031167913, 9.525000000000019895, 0.8507386859688212954 ) ) ;
#2730 = DIRECTION ( 'NONE',  ( 1.000000000000000000, 0.000000000000000000, 0.000000000000000000 ) ) ;
#2731 = AXIS2_PLACEMENT_3D ( 'NONE', #1564, #898, #607 ) ;
#2732 = ORIENTED_EDGE ( 'NONE', *, *, #1108, .F. ) ;
#2733 = PERSON ( '未指定', '未指定', '未指定', ('未指定'), ('未指定'), ('未指定') ) ;
#2734 = FACE_OUTER_BOUND ( 'NONE', #1892, .T. ) ;
#2735 = EDGE_CURVE ( 'NONE', #3861, #1950, #3570, .T. ) ;
#2736 = ORIENTED_EDGE ( 'NONE', *, *, #305, .F. ) ;
#2737 = CARTESIAN_POINT ( 'NONE',  ( 6.581826130387764984, 5.353137367943501701, 11.11499999999796451 ) ) ;
#2738 = APPLICATION_PROTOCOL_DEFINITION ( 'international standard', 'config_control_design', 1994, #2225 ) ;
#2739 = VECTOR ( 'NONE', #1633, 1000.000000000000227 ) ;
#2740 = DIRECTION ( 'NONE',  ( 0.000000000000000000, 0.000000000000000000, 1.000000000000000000 ) ) ;
#2741 = DIRECTION ( 'NONE',  ( 0.000000000000000000, 0.000000000000000000, 1.000000000000000000 ) ) ;
#2742 = DIRECTION ( 'NONE',  ( 0.000000000000000000, -0.000000000000000000, 1.000000000000000000 ) ) ;
#2743 = LINE ( 'NONE', #2500, #1278 ) ;
#2744 = B_SPLINE_CURVE_WITH_KNOTS ( 'NONE', 3,
 ( #939, #2195, #2432, #3399, #2175, #1603, #2497, #1918 ),
 .UNSPECIFIED., .F., .F.,
 ( 4, 2, 2, 4 ),
 ( 0.005564589980275918592, 0.006950476802621014492, 0.008336363624966111260, 0.01110813726965630306 ),
 .UNSPECIFIED. ) ;
#2745 = ORIENTED_EDGE ( 'NONE', *, *, #3686, .F. ) ;
#2746 = EDGE_CURVE ( 'NONE', #1131, #3113, #2138, .T. ) ;
#2747 = FACE_OUTER_BOUND ( 'NONE', #3652, .T. ) ;
#2748 = CARTESIAN_POINT ( 'NONE',  ( -8.248891971046807825, 4.762499999999953992, 0.000000000000000000 ) ) ;
#2749 = AXIS2_PLACEMENT_3D ( 'NONE', #2119, #2141, #1516 ) ;
#2750 = APPROVAL_STATUS ( 'not_yet_approved' ) ;
#2751 = LOCAL_TIME ( 18, 43, 25.00000000000000000, #986 ) ;
#2752 = VERTEX_POINT ( 'NONE', #712 ) ;
#2753 = ORIENTED_EDGE ( 'NONE', *, *, #1996, .F. ) ;
#2754 =( REPRESENTATION_RELATIONSHIP ('NONE','NONE', #2370, #1560 ) REPRESENTATION_RELATIONSHIP_WITH_TRANSFORMATION ( #708 )SHAPE_REPRESENTATION_RELATIONSHIP( ) );
#2755 = CIRCLE ( 'NONE', #3139, 5.450000000000003730 ) ;
#2756 = DIRECTION ( 'NONE',  ( -3.627636301412553852E-15, 1.000000000000000000, 0.000000000000000000 ) ) ;
#2757 = EDGE_CURVE ( 'NONE', #269, #3052, #2377, .T. ) ;
#2758 = TOROIDAL_SURFACE ( 'NONE', #1045, 3.914999999999358327, 0.8000000000001196154 ) ;
#2759 = ORIENTED_EDGE ( 'NONE', *, *, #3229, .F. ) ;
#2760 = CC_DESIGN_DATE_AND_TIME_ASSIGNMENT ( #1083, #804, ( #414 ) ) ;
#2761 = DIRECTION ( 'NONE',  ( 1.000000000000000000, 0.000000000000000000, 0.000000000000000000 ) ) ;
#2762 = ADVANCED_FACE ( 'NONE', ( #142 ), #2837, .T. ) ;
#2763 = PERSON_AND_ORGANIZATION ( #2733, #1526 ) ;
#2764 = EDGE_CURVE ( 'NONE', #347, #3052, #3598, .T. ) ;
#2765 = DIRECTION ( 'NONE',  ( 0.7071067811865536790, 8.659560562354857670E-17, 0.7071067811865414665 ) ) ;
#2766 = DIRECTION ( 'NONE',  ( -1.000000000000000000, -0.000000000000000000, -0.000000000000000000 ) ) ;
#2767 = FACE_OUTER_BOUND ( 'NONE', #594, .T. ) ;
#2768 = CARTESIAN_POINT ( 'NONE',  ( 6.439262305701898725, -12.83449648408302757, -2.552913722927555928E-16 ) ) ;
#2769 = ORIENTED_EDGE ( 'NONE', *, *, #2414, .T. ) ;
#2770 = ORIENTED_EDGE ( 'NONE', *, *, #3518, .F. ) ;
#2771 = CARTESIAN_POINT ( 'NONE',  ( -7.199999999999363354, 0.000000000000000000, 0.000000000000000000 ) ) ;
#2772 = DIRECTION ( 'NONE',  ( -1.000000000000000000, -0.000000000000000000, -0.000000000000000000 ) ) ;
#2773 = CARTESIAN_POINT ( 'NONE',  ( -8.716642953600670651, 3.952331532926382618, 17.57989171664805639 ) ) ;
#2774 = PERSON_AND_ORGANIZATION ( #3257, #2191 ) ;
#2775 = CC_DESIGN_PERSON_AND_ORGANIZATION_ASSIGNMENT ( #1016, #739, ( #3177 ) ) ;
#2776 = VERTEX_POINT ( 'NONE', #2207 ) ;
#2777 = EDGE_LOOP ( 'NONE', ( #1370, #965, #668, #3681 ) ) ;
#2778 = CARTESIAN_POINT ( 'NONE',  ( -8.248891971046807825, 4.762499999999953992, 0.000000000000000000 ) ) ;
#2779 = CIRCLE ( 'NONE', #620, 9.525000000000002132 ) ;
#2780 = EDGE_CURVE ( 'NONE', #3134, #3803, #3791, .T. ) ;
#2781 = VERTEX_POINT ( 'NONE', #2223 ) ;
#2782 = FACE_OUTER_BOUND ( 'NONE', #3710, .T. ) ;
#2783 = CALENDAR_DATE ( 2025, 23, 7 ) ;
#2784 = CARTESIAN_POINT ( 'NONE',  ( 6.440000000000000391, 7.886725386508954940E-16, 0.000000000000000000 ) ) ;
#2785 = DIRECTION ( 'NONE',  ( -1.000000000000000000, -0.000000000000000000, -0.000000000000000000 ) ) ;
#2786 = CARTESIAN_POINT ( 'NONE',  ( -9.400000000004290257, 5.835441997938464326E-16, -4.765000000001082370 ) ) ;
#2787 = ADVANCED_FACE ( 'NONE', ( #3455 ), #1490, .F. ) ;
#2788 = CARTESIAN_POINT ( 'NONE',  ( 0.000000000000000000, 0.000000000000000000, 17.60000000000000142 ) ) ;
#2789 = ORIENTED_EDGE ( 'NONE', *, *, #357, .T. ) ;
#2790 = DIRECTION ( 'NONE',  ( -0.000000000000000000, -0.000000000000000000, -1.000000000000000000 ) ) ;
#2791 = FACE_OUTER_BOUND ( 'NONE', #1239, .T. ) ;
#2792 = DIRECTION ( 'NONE',  ( -0.000000000000000000, -0.000000000000000000, 1.000000000000000000 ) ) ;
#2793 = ITEM_DEFINED_TRANSFORMATION ( 'NONE', 'NONE', #1780,  #884 ) ;
#2794 = AXIS2_PLACEMENT_3D ( 'NONE', #2606, #3181, #3200 ) ;
#2795 = ORIENTED_EDGE ( 'NONE', *, *, #1525, .F. ) ;
#2796 = CIRCLE ( 'NONE', #2486, 6.940000000000001279 ) ;
#2797 = CARTESIAN_POINT ( 'NONE',  ( -7.909999999999399733, 0.000000000000000000, 0.000000000000000000 ) ) ;
#2798 = DIRECTION ( 'NONE',  ( 0.000000000000000000, 0.000000000000000000, 1.000000000000000000 ) ) ;
#2799 = AXIS2_PLACEMENT_3D ( 'NONE', #2670, #820, #3600 ) ;
#2800 = TOROIDAL_SURFACE ( 'NONE', #1663, 8.475000000000001421, 0.8000000000000000444 ) ;
#2801 = ORIENTED_EDGE ( 'NONE', *, *, #2082, .T. ) ;
#2802 = PLANE ( 'NONE',  #3298 ) ;
#2803 = CARTESIAN_POINT ( 'NONE',  ( -5.499261314031100412, -9.525000000000057199, 0.8507386859688216285 ) ) ;
#2804 = DIRECTION ( 'NONE',  ( 1.000000000000000000, 0.000000000000000000, -0.000000000000000000 ) ) ;
#2805 = FACE_OUTER_BOUND ( 'NONE', #3212, .T. ) ;
#2806 = ORIENTED_EDGE ( 'NONE', *, *, #722, .T. ) ;
#2807 = CONICAL_SURFACE ( 'NONE', #2247, 4.950000000000000178, 0.7853981633974509435 ) ;
#2808 = ORIENTED_EDGE ( 'NONE', *, *, #1415, .F. ) ;
#2809 = CARTESIAN_POINT ( 'NONE',  ( -14.80000000000380744, 0.000000000000000000, 0.000000000000000000 ) ) ;
#2810 = EDGE_CURVE ( 'NONE', #2501, #3604, #3773, .T. ) ;
#2811 = ADVANCED_FACE ( 'NONE', ( #3157 ), #1225, .T. ) ;
#2812 = DIRECTION ( 'NONE',  ( -0.000000000000000000, 0.000000000000000000, -1.000000000000000000 ) ) ;
#2813 = CIRCLE ( 'NONE', #1934, 9.525000000000000355 ) ;
#2814 = ORIENTED_EDGE ( 'NONE', *, *, #1470, .T. ) ;
#2815 = VERTEX_POINT ( 'NONE', #458 ) ;
#2816 = FACE_OUTER_BOUND ( 'NONE', #3254, .T. ) ;
#2817 = CARTESIAN_POINT ( 'NONE',  ( 4.609918769206960754, -9.524999999999947065, 0.5940076071407596192 ) ) ;
#2818 = EDGE_CURVE ( 'NONE', #1246, #1752, #3637, .T. ) ;
#2819 = ORIENTED_EDGE ( 'NONE', *, *, #376, .T. ) ;
#2820 = EDGE_CURVE ( 'NONE', #1752, #3199, #1919, .T. ) ;
#2821 = CARTESIAN_POINT ( 'NONE',  ( -1.004330430198346003, 6.361474124963692134, 4.819882234620795458 ) ) ;
#2822 = APPROVAL_DATE_TIME ( #680, #2248 ) ;
#2823 = EDGE_CURVE ( 'NONE', #1491, #1119, #1368, .T. ) ;
#2824 = AXIS2_PLACEMENT_3D ( 'NONE', #2636, #3844, #2322 ) ;
#2825 = CARTESIAN_POINT ( 'NONE',  ( 6.582553679375781286, -6.952018928878310078, 10.18874999999813014 ) ) ;
#2826 = DIRECTION ( 'NONE',  ( -0.000000000000000000, 1.000000000000000000, 1.224646799147353207E-16 ) ) ;
#2827 = EDGE_CURVE ( 'NONE', #2360, #954, #286, .T. ) ;
#2828 = VERTEX_POINT ( 'NONE', #2379 ) ;
#2829 = CARTESIAN_POINT ( 'NONE',  ( 3.709163999463077843, 9.525000000000011013, 0.3802962845180857254 ) ) ;
#2830 = CARTESIAN_POINT ( 'NONE',  ( 6.439262305701899614, 6.417248242041515560, 11.11499999999796273 ) ) ;
#2831 = CARTESIAN_POINT ( 'NONE',  ( 8.248891971046774074, 4.762500000000009948, 0.000000000000000000 ) ) ;
#2832 = APPLICATION_CONTEXT ( 'configuration controlled 3d designs of mechanical parts and assemblies' ) ;
#2833 = EDGE_CURVE ( 'NONE', #3403, #2906, #505, .T. ) ;
#2834 = ORIENTED_EDGE ( 'NONE', *, *, #3521, .F. ) ;
#2835 = ORIENTED_EDGE ( 'NONE', *, *, #838, .T. ) ;
#2836 = CARTESIAN_POINT ( 'NONE',  ( 0.000000000000000000, 0.000000000000000000, 0.000000000000000000 ) ) ;
#2837 = PLANE ( 'NONE',  #3201 ) ;
#2838 = B_SPLINE_CURVE_WITH_KNOTS ( 'NONE', 3,
 ( #2023, #1137, #2333, #3798, #547, #189, #1397, #2597, #841, #785, #3227, #3560, #2356, #1460, #2615, #3506, #1080, #2057 ),
 .UNSPECIFIED., .F., .F.,
 ( 4, 2, 2, 2, 2, 2, 2, 2, 4 ),
 ( 8.940560153363745023E-19, 0.0004503309924036576033, 0.0009006619848073143392, 0.001350992977210971075, 0.001801323969614627811, 0.002251654962018284547, 0.002701985954421941283, 0.003152316946825598019, 0.003602647939229254755 ),
 .UNSPECIFIED. ) ;
#2839 = ORIENTED_EDGE ( 'NONE', *, *, #2705, .T. ) ;
#2840 = CARTESIAN_POINT ( 'NONE',  ( 1.004666218993145232, 6.361419934119140862, 4.820504124524552125 ) ) ;
#2841 = VECTOR ( 'NONE', #2765, 1000.000000000000000 ) ;
#2842 = UNCERTAINTY_MEASURE_WITH_UNIT (LENGTH_MEASURE( 1.000000000000000082E-05 ), #2236, 'distance_accuracy_value', 'NONE');
#2843 = CARTESIAN_POINT ( 'NONE',  ( 6.900000000000632738, -9.091101676225479267, 6.483749999998807745 ) ) ;
#2844 = DIRECTION ( 'NONE',  ( 0.000000000000000000, 0.000000000000000000, 1.000000000000000000 ) ) ;
#2845 = CARTESIAN_POINT ( 'NONE',  ( -14.20000000000299423, 0.000000000000000000, 0.000000000000000000 ) ) ;
#2846 = ORIENTED_EDGE ( 'NONE', *, *, #550, .T. ) ;
#2847 = CARTESIAN_POINT ( 'NONE',  ( -6.440000000000000391, 0.000000000000000000, 0.000000000000000000 ) ) ;
#2848 = CARTESIAN_POINT ( 'NONE',  ( 0.000000000000000000, 0.000000000000000000, 0.000000000000000000 ) ) ;
#2849 = DIRECTION ( 'NONE',  ( -0.000000000000000000, 0.000000000000000000, 1.000000000000000000 ) ) ;
#2850 = PERSON_AND_ORGANIZATION ( #177, #1105 ) ;
#2851 = ORIENTED_EDGE ( 'NONE', *, *, #9, .F. ) ;
#2852 = DIRECTION ( 'NONE',  ( 1.000000000000000000, 0.000000000000000000, 0.000000000000000000 ) ) ;
#2853 = CARTESIAN_POINT ( 'NONE',  ( 0.01073769429882828925, 6.417248242041517337, -11.11499999999795563 ) ) ;
#2854 = AXIS2_PLACEMENT_3D ( 'NONE', #1371, #795, #1673 ) ;
#2855 = AXIS2_PLACEMENT_3D ( 'NONE', #185, #1480, #482 ) ;
#2856 = VECTOR ( 'NONE', #1545, 999.9999999999998863 ) ;
#2857 = ORIENTED_EDGE ( 'NONE', *, *, #3753, .F. ) ;
#2858 = CARTESIAN_POINT ( 'NONE',  ( -1.150000000000023004, 6.336489564419715670, 5.399999999999999467 ) ) ;
#2859 = CC_DESIGN_PERSON_AND_ORGANIZATION_ASSIGNMENT ( #2958, #182, ( #2676 ) ) ;
#2860 = EDGE_CURVE ( 'NONE', #3377, #2776, #3581, .T. ) ;
#2861 = CALENDAR_DATE ( 2025, 23, 7 ) ;
#2862 = AXIS2_PLACEMENT_3D ( 'NONE', #2580, #3783, #1057 ) ;
#2863 = FACE_OUTER_BOUND ( 'NONE', #3452, .T. ) ;
#2864 = CARTESIAN_POINT ( 'NONE',  ( 0.000000000000000000, 0.000000000000000000, 0.000000000000000000 ) ) ;
#2865 = DIRECTION ( 'NONE',  ( -3.627636301412553852E-15, 1.000000000000000000, -0.000000000000000000 ) ) ;
#2866 = CARTESIAN_POINT ( 'NONE',  ( -3.455323577095457666E-14, 9.525000000000000355, 0.000000000000000000 ) ) ;
#2867 = CARTESIAN_POINT ( 'NONE',  ( 5.450000000000003730, 0.000000000000000000, 0.000000000000000000 ) ) ;
#2868 = B_SPLINE_CURVE_WITH_KNOTS ( 'NONE', 3,
 ( #2695, #3345, #3900, #2713, #2102, #3525 ),
 .UNSPECIFIED., .F., .F.,
 ( 4, 2, 4 ),
 ( 0.01307484664840561500, 0.01628701548585392844, 0.01949918432330224535 ),
 .UNSPECIFIED. ) ;
#2869 = CARTESIAN_POINT ( 'NONE',  ( 10.54984241687412272, 0.7771369221287953710, 0.5916930452590259959 ) ) ;
#2870 = ITEM_DEFINED_TRANSFORMATION ( 'NONE', 'NONE', #65,  #884 ) ;
#2871 = EDGE_LOOP ( 'NONE', ( #3104, #3073, #2015, #812 ) ) ;
#2872 = ADVANCED_FACE ( 'NONE', ( #2083 ), #3833, .T. ) ;
#2873 = DIRECTION ( 'NONE',  ( 0.000000000000000000, 0.000000000000000000, 1.000000000000000000 ) ) ;
#2874 = ADVANCED_FACE ( 'NONE', ( #3283 ), #1781, .T. ) ;
#2875 = ORIENTED_EDGE ( 'NONE', *, *, #475, .F. ) ;
#2876 = DIRECTION ( 'NONE',  ( 0.000000000000000000, 0.000000000000000000, -1.000000000000000000 ) ) ;
#2877 = CONICAL_SURFACE ( 'NONE', #3768, 9.525000000000000355, 1.047197551196596521 ) ;
#2878 = DATE_TIME_ROLE ( 'creation_date' ) ;
#2879 = EDGE_CURVE ( 'NONE', #1503, #3683, #822, .T. ) ;
#2880 = CARTESIAN_POINT ( 'NONE',  ( -0.4499999999993612443, 6.034278445082879495E-15, -11.11499999999795918 ) ) ;
#2881 =( REPRESENTATION_RELATIONSHIP ('NONE','NONE', #2370, #1560 ) REPRESENTATION_RELATIONSHIP_WITH_TRANSFORMATION ( #2870 )SHAPE_REPRESENTATION_RELATIONSHIP( ) );
#2882 = SHAPE_REPRESENTATION_RELATIONSHIP ( 'NONE' , 'NONE' ,  #2531, #2364 ) ;
#2883 = CARTESIAN_POINT ( 'NONE',  ( -10.10000000000428955, 5.914400081109123255E-16, -4.829474167757560110 ) ) ;
#2884 = AXIS2_PLACEMENT_3D ( 'NONE', #2045, #2303, #1444 ) ;
#2885 = EDGE_CURVE ( 'NONE', #1542, #1267, #2626, .T. ) ;
#2886 = DIRECTION ( 'NONE',  ( 0.000000000000000000, 0.000000000000000000, 1.000000000000000000 ) ) ;
#2887 = CARTESIAN_POINT ( 'NONE',  ( -0.2484765547127667507, 4.283783471422766276, -11.11499999999795740 ) ) ;
#2888 = CARTESIAN_POINT ( 'NONE',  ( 3.455323577095493007E-14, -9.525000000000098055, 5.400000000000000355 ) ) ;
#2889 = DIRECTION ( 'NONE',  ( -1.000000000000000000, -0.000000000000000000, -0.000000000000000000 ) ) ;
#2890 = ORIENTED_EDGE ( 'NONE', *, *, #1711, .F. ) ;
#2891 = VERTEX_POINT ( 'NONE', #3249 ) ;
#2892 = FACE_OUTER_BOUND ( 'NONE', #292, .T. ) ;
#2893 = CARTESIAN_POINT ( 'NONE',  ( -0.1314455052261171430, 5.355978392821880263, 11.11499999999796451 ) ) ;
#2894 = ORIENTED_EDGE ( 'NONE', *, *, #480, .T. ) ;
#2895 = CARTESIAN_POINT ( 'NONE',  ( -0.5790289712802366706, 6.415415195942379079, 4.395183564413122745 ) ) ;
#2896 = EDGE_CURVE ( 'NONE', #3377, #2956, #1807, .T. ) ;
#2897 = APPROVAL_STATUS ( 'not_yet_approved' ) ;
#2898 = DIRECTION ( 'NONE',  ( 0.000000000000000000, 0.000000000000000000, -1.000000000000000000 ) ) ;
#2899 = AXIS2_PLACEMENT_3D ( 'NONE', #3766, #3448, #3785 ) ;
#2900 = DIRECTION ( 'NONE',  ( 1.000000000000000000, 0.000000000000000000, 0.000000000000000000 ) ) ;
#2901 = FACE_OUTER_BOUND ( 'NONE', #199, .T. ) ;
#2902 = CARTESIAN_POINT ( 'NONE',  ( 15.59999999999936193, 0.000000000000000000, -3.874999999999843237 ) ) ;
#2903 = CARTESIAN_POINT ( 'NONE',  ( -0.1325536793750530240, -12.29972579724623749, 0.9262499999998295985 ) ) ;
#2904 = DIRECTION ( 'NONE',  ( 5.364923030742486669E-17, 1.000000000000000000, 0.000000000000000000 ) ) ;
#2905 = PERSON_AND_ORGANIZATION_ROLE ( 'classification_officer' ) ;
#2906 = VERTEX_POINT ( 'NONE', #3084 ) ;
#2907 = ORIENTED_EDGE ( 'NONE', *, *, #718, .T. ) ;
#2908 = CARTESIAN_POINT ( 'NONE',  ( -6.402153650224555292, 7.961144599948564604, 17.22290479380366435 ) ) ;
#2909 = CARTESIAN_POINT ( 'NONE',  ( 0.9196110353693577322, -6.374897531252518235, 4.693398553326531442 ) ) ;
#2910 = VERTEX_POINT ( 'NONE', #2726 ) ;
#2911 = CARTESIAN_POINT ( 'NONE',  ( -10.99852262806237846, -7.680227302144747393E-14, 17.60000000000000142 ) ) ;
#2912 = CC_DESIGN_APPROVAL ( #426, ( #1270 ) ) ;
#2913 = PERSON_AND_ORGANIZATION_ROLE ( 'creator' ) ;
#2914 = CIRCLE ( 'NONE', #1144, 3.874999999999845901 ) ;
#2915 = ORIENTED_EDGE ( 'NONE', *, *, #46, .T. ) ;
#2916 = DIRECTION ( 'NONE',  ( 0.000000000000000000, 0.000000000000000000, 1.000000000000000000 ) ) ;
#2917 = CIRCLE ( 'NONE', #641, 5.474999999998844125 ) ;
#2918 = DIRECTION ( 'NONE',  ( 5.551115123125782702E-17, 0.8363563802107999434, -0.5481861046037999063 ) ) ;
#2919 = DIRECTION ( 'NONE',  ( 1.000000000000000000, -0.000000000000000000, -0.000000000000000000 ) ) ;
#2920 = CARTESIAN_POINT ( 'NONE',  ( 0.01073769429882934917, 12.83449648408302757, 3.390253964562667636E-15 ) ) ;
#2921 = CARTESIAN_POINT ( 'NONE',  ( -0.4499999999999095279, 1.064573277424541553, -11.11499999999796096 ) ) ;
#2922 = B_SPLINE_CURVE_WITH_KNOTS ( 'NONE', 3,
 ( #2376, #1682, #208, #2080, #2903, #1717 ),
 .UNSPECIFIED., .F., .F.,
 ( 4, 2, 4 ),
 ( 0.006417479182149191802, 0.009626103303169947917, 0.01283472742419070577 ),
 .UNSPECIFIED. ) ;
#2923 = CARTESIAN_POINT ( 'NONE',  ( 6.581445505226844794, -5.355978392821880263, 11.11499999999796451 ) ) ;
#2924 = DIRECTION ( 'NONE',  ( 0.000000000000000000, 0.000000000000000000, 1.000000000000000000 ) ) ;
#2925 = ORIENTED_EDGE ( 'NONE', *, *, #948, .F. ) ;
#2926 = CC_DESIGN_PERSON_AND_ORGANIZATION_ASSIGNMENT ( #3219, #2345, ( #539 ) ) ;
#2927 = EDGE_CURVE ( 'NONE', #3269, #3258, #683, .T. ) ;
#2928 = VERTEX_POINT ( 'NONE', #2456 ) ;
#2929 = EDGE_CURVE ( 'NONE', #2815, #2009, #3658, .T. ) ;
#2930 = CARTESIAN_POINT ( 'NONE',  ( -0.4499999999993617994, -9.625872363062278225, -5.557499999998982254 ) ) ;
#2931 = CARTESIAN_POINT ( 'NONE',  ( 5.450000000000003730, 0.000000000000000000, 0.000000000000000000 ) ) ;
#2932 = CIRCLE ( 'NONE', #3625, 4.765000000001083258 ) ;
#2933 = ADVANCED_FACE ( 'NONE', ( #2436 ), #3063, .F. ) ;
#2934 = ORIENTED_EDGE ( 'NONE', *, *, #2346, .F. ) ;
#2935 = CIRCLE ( 'NONE', #3313, 6.099999999999753619 ) ;
#2936 = DIRECTION ( 'NONE',  ( 5.364923030742486669E-17, 1.000000000000000000, 0.000000000000000000 ) ) ;
#2937 = DATE_AND_TIME ( #3238, #2629 ) ;
#2938 = ORIENTED_EDGE ( 'NONE', *, *, #293, .F. ) ;
#2939 = CARTESIAN_POINT ( 'NONE',  ( 6.582553679375781286, -12.29972579724623571, -0.9262499999998333733 ) ) ;
#2940 = CIRCLE ( 'NONE', #1041, 9.525000000000000355 ) ;
#2941 = APPROVAL ( #3058, '未指定' ) ;
#2942 = CC_DESIGN_APPROVAL ( #1284, ( #1167 ) ) ;
#2943 = AXIS2_PLACEMENT_3D ( 'NONE', #2332, #2374, #855 ) ;
#2944 = CARTESIAN_POINT ( 'NONE',  ( 0.01073769429882955907, 6.417248242041515560, 11.11499999999796273 ) ) ;
#2945 = AXIS2_PLACEMENT_3D ( 'NONE', #3242, #3573, #3612 ) ;
#2946 = FACE_OUTER_BOUND ( 'NONE', #775, .T. ) ;
#2947 = CARTESIAN_POINT ( 'NONE',  ( 6.440000000000000391, 7.886725386508954940E-16, 17.60000000000000142 ) ) ;
#2948 = EDGE_CURVE ( 'NONE', #1214, #676, #1100, .T. ) ;
#2949 = DIRECTION ( 'NONE',  ( 0.000000000000000000, 0.000000000000000000, 1.000000000000000000 ) ) ;
#2950 = EDGE_LOOP ( 'NONE', ( #3857, #3467 ) ) ;
#2951 = ORIENTED_EDGE ( 'NONE', *, *, #3530, .F. ) ;
#2952 = CARTESIAN_POINT ( 'NONE',  ( -7.317451158458278648, -6.375802811646489765, 17.50207492918111285 ) ) ;
#2953 = AXIS2_PLACEMENT_3D ( 'NONE', #2122, #1519, #2440 ) ;
#2954 = CARTESIAN_POINT ( 'NONE',  ( -0.3011145650499281734, -6.434465597612004650, 4.279967116392599635 ) ) ;
#2955 = ORIENTED_EDGE ( 'NONE', *, *, #2055, .F. ) ;
#2956 = VERTEX_POINT ( 'NONE', #943 ) ;
#2957 = CARTESIAN_POINT ( 'NONE',  ( 0.000000000000000000, 0.000000000000000000, 0.000000000000000000 ) ) ;
#2958 = PERSON_AND_ORGANIZATION ( #2733, #1526 ) ;
#2959 = PRODUCT_DEFINITION_SHAPE ( 'NONE', 'NONE',  #133 ) ;
#2960 = VERTEX_POINT ( 'NONE', #2197 ) ;
#2961 = DIRECTION ( 'NONE',  ( 0.000000000000000000, 0.4999999999999998890, 0.8660254037844385966 ) ) ;
#2962 =( LENGTH_UNIT ( ) NAMED_UNIT ( * ) SI_UNIT ( .MILLI., .METRE. ) );
#2963 = CARTESIAN_POINT ( 'NONE',  ( -5.499261314031233638, 9.524999999999979039, 17.60000000000000142 ) ) ;
#2964 = DIRECTION ( 'NONE',  ( 1.000000000000000000, 0.000000000000000000, -0.000000000000000000 ) ) ;
#2965 = CIRCLE ( 'NONE', #3478, 9.525000000000000355 ) ;
#2966 = CARTESIAN_POINT ( 'NONE',  ( 6.940000000000001279, 0.000000000000000000, 17.60000000000000142 ) ) ;
#2967 = CIRCLE ( 'NONE', #241, 5.474999999998844125 ) ;
#2968 = CARTESIAN_POINT ( 'NONE',  ( 1.005036694737545089, 6.361358615046827758, 5.978663742650764945 ) ) ;
#2969 = ORIENTED_EDGE ( 'NONE', *, *, #1174, .F. ) ;
#2970 = ORIENTED_EDGE ( 'NONE', *, *, #3715, .F. ) ;
#2971 = DIRECTION ( 'NONE',  ( 0.000000000000000000, 0.000000000000000000, 1.000000000000000000 ) ) ;
#2972 = CARTESIAN_POINT ( 'NONE',  ( -0.4499999999993606337, 0.000000000000000000, 11.11499999999796273 ) ) ;
#2973 = ORIENTED_EDGE ( 'NONE', *, *, #2346, .T. ) ;
#2974 = DIRECTION ( 'NONE',  ( 1.000000000000000000, -0.000000000000000000, -0.000000000000000000 ) ) ;
#2975 = CALENDAR_DATE ( 2025, 23, 7 ) ;
#2976 = VERTEX_POINT ( 'NONE', #2768 ) ;
#2977 = EDGE_CURVE ( 'NONE', #2181, #1039, #2126, .T. ) ;
#2978 = CARTESIAN_POINT ( 'NONE',  ( -16.09999999999936193, 0.000000000000000000, 0.000000000000000000 ) ) ;
#2979 = LOCAL_TIME ( 18, 43, 25.00000000000000000, #2573 ) ;
#2980 = AXIS2_PLACEMENT_3D ( 'NONE', #423, #3159, #1619 ) ;
#2981 = DIRECTION ( 'NONE',  ( 0.000000000000000000, 0.000000000000000000, 1.000000000000000000 ) ) ;
#2982 = AXIS2_PLACEMENT_3D ( 'NONE', #3124, #384, #3482 ) ;
#2983 = CIRCLE ( 'NONE', #511, 9.525000000000000355 ) ;
#2984 = CARTESIAN_POINT ( 'NONE',  ( -14.40000000000372360, 4.794492218661102011E-16, -3.914999999999358327 ) ) ;
#2985 = AXIS2_PLACEMENT_3D ( 'NONE', #613, #2792, #2730 ) ;
#2986 = CARTESIAN_POINT ( 'NONE',  ( 0.000000000000000000, 0.000000000000000000, 17.10000000000000142 ) ) ;
#2987 = CARTESIAN_POINT ( 'NONE',  ( 8.248891971046839799, -4.762499999999969980, 0.000000000000000000 ) ) ;
#2988 = AXIS2_PLACEMENT_3D ( 'NONE', #168, #112, #2559 ) ;
#2989 = ORIENTED_EDGE ( 'NONE', *, *, #3247, .F. ) ;
#2990 = ORIENTED_EDGE ( 'NONE', *, *, #2252, .F. ) ;
#2991 = LINE ( 'NONE', #1488, #3864 ) ;
#2992 = DIRECTION ( 'NONE',  ( -1.000000000000000000, -3.016910393003142859E-15, 0.000000000000000000 ) ) ;
#2993 = PRODUCT_DEFINITION_SHAPE ( 'NONE', 'NONE',  #3919 ) ;
#2994 = EDGE_CURVE ( 'NONE', #1802, #1245, #2157, .T. ) ;
#2995 = AXIS2_PLACEMENT_3D ( 'NONE', #2004, #432, #1095 ) ;
#2996 = ORIENTED_EDGE ( 'NONE', *, *, #1648, .T. ) ;
#2997 = CARTESIAN_POINT ( 'NONE',  ( -14.80000000000380744, 0.000000000000000000, 3.222179676971717033 ) ) ;
#2998 = ADVANCED_FACE ( 'NONE', ( #2805 ), #1297, .T. ) ;
#2999 = ORIENTED_EDGE ( 'NONE', *, *, #3243, .T. ) ;
#3000 = CARTESIAN_POINT ( 'NONE',  ( -31.30000000000291038, 0.000000000000000000, 0.000000000000000000 ) ) ;
#3001 = PERSON_AND_ORGANIZATION_ROLE ( 'design_supplier' ) ;
#3002 = AXIS2_PLACEMENT_3D ( 'NONE', #1472, #1770, #810 ) ;
#3003 = EDGE_CURVE ( 'NONE', #2906, #1026, #106, .T. ) ;
#3004 = DIRECTION ( 'NONE',  ( -1.000000000000000000, -0.000000000000000000, -0.000000000000000000 ) ) ;
#3005 = DIRECTION ( 'NONE',  ( 0.000000000000000000, 0.000000000000000000, 1.000000000000000000 ) ) ;
#3006 = VECTOR ( 'NONE', #1565, 1000.000000000000000 ) ;
#3007 = CARTESIAN_POINT ( 'NONE',  ( 0.000000000000000000, 4.745506346695804567E-16, 3.874999999999845901 ) ) ;
#3008 = EDGE_CURVE ( 'NONE', #3589, #3090, #3137, .T. ) ;
#3009 = ORIENTED_EDGE ( 'NONE', *, *, #882, .T. ) ;
#3010 = ORIENTED_EDGE ( 'NONE', *, *, #2631, .T. ) ;
#3011 = CARTESIAN_POINT ( 'NONE',  ( 6.900000000000090949, 0.000000000000000000, 0.000000000000000000 ) ) ;
#3012 = CARTESIAN_POINT ( 'NONE',  ( -9.997393957006606158, 0.000000000000000000, 0.000000000000000000 ) ) ;
#3013 = AXIS2_PLACEMENT_3D ( 'NONE', #2498, #3082, #365 ) ;
#3014 = VERTEX_POINT ( 'NONE', #367 ) ;
#3015 = CARTESIAN_POINT ( 'NONE',  ( 0.000000000000000000, 0.000000000000000000, 0.000000000000000000 ) ) ;
#3016 = ORIENTED_EDGE ( 'NONE', *, *, #3418, .F. ) ;
#3017 = DIRECTION ( 'NONE',  ( 1.000000000000000000, -5.560011140951532788E-17, 0.000000000000000000 ) ) ;
#3018 = LINE ( 'NONE', #295, #210 ) ;
#3019 = DIRECTION ( 'NONE',  ( 1.000000000000000000, 0.000000000000000000, 0.000000000000000000 ) ) ;
#3020 = DIRECTION ( 'NONE',  ( -0.000000000000000000, 1.000000000000000000, 1.224646799147353207E-16 ) ) ;
#3021 = CARTESIAN_POINT ( 'NONE',  ( 8.248891971046839799, -4.762499999999971756, 17.60000000000000142 ) ) ;
#3022 = CARTESIAN_POINT ( 'NONE',  ( 6.857872656291857716, 8.556330989388683861, 7.409999999998643005 ) ) ;
#3023 = CARTESIAN_POINT ( 'NONE',  ( -0.5791563662949107405, 6.415418568691968026, 6.404849016035361942 ) ) ;
#3024 = ORIENTED_EDGE ( 'NONE', *, *, #3715, .T. ) ;
#3025 = EDGE_LOOP ( 'NONE', ( #589, #388, #3880, #1195 ) ) ;
#3026 = CARTESIAN_POINT ( 'NONE',  ( 0.000000000000000000, 0.000000000000000000, -0.5000000000000038858 ) ) ;
#3027 = CARTESIAN_POINT ( 'NONE',  ( -14.20000000000299423, 0.000000000000000000, 0.000000000000000000 ) ) ;
#3028 = AXIS2_PLACEMENT_3D ( 'NONE', #2685, #3360, #3005 ) ;
#3029 = CARTESIAN_POINT ( 'NONE',  ( -10.09741881116690543, 1.560757593757150952, 17.22215417283561223 ) ) ;
#3030 = EDGE_LOOP ( 'NONE', ( #2710, #2085, #2605 ) ) ;
#3031 = DIRECTION ( 'NONE',  ( 0.000000000000000000, 0.000000000000000000, -1.000000000000000000 ) ) ;
#3032 = ORIENTED_EDGE ( 'NONE', *, *, #3291, .T. ) ;
#3033 = DIRECTION ( 'NONE',  ( -0.000000000000000000, 0.000000000000000000, -1.000000000000000000 ) ) ;
#3034 = CARTESIAN_POINT ( 'NONE',  ( -0.4078726562911279552, 10.69541373673585483, 3.704999999999321947 ) ) ;
#3035 = DIRECTION ( 'NONE',  ( 0.000000000000000000, 0.000000000000000000, 1.000000000000000000 ) ) ;
#3036 = EDGE_CURVE ( 'NONE', #1246, #3716, #2476, .T. ) ;
#3037 = FACE_OUTER_BOUND ( 'NONE', #3408, .T. ) ;
#3038 = CARTESIAN_POINT ( 'NONE',  ( 5.499261314031300252, -9.524999999999941735, 16.74926131403118035 ) ) ;
#3039 = CIRCLE ( 'NONE', #1334, 3.874999999999845901 ) ;
#3040 = CARTESIAN_POINT ( 'NONE',  ( -1.853183372579807697, 9.524999999999993250, 0.07997378778030780899 ) ) ;
#3041 = CYLINDRICAL_SURFACE ( 'NONE', #3688, 3.874999999999845901 ) ;
#3042 = AXIS2_PLACEMENT_3D ( 'NONE', #2324, #1489, #2304 ) ;
#3043 = EDGE_CURVE ( 'NONE', #22, #686, #2940, .T. ) ;
#3044 = ORIENTED_EDGE ( 'NONE', *, *, #2823, .T. ) ;
#3045 = LOCAL_TIME ( 18, 43, 25.00000000000000000, #2590 ) ;
#3046 = ORIENTED_EDGE ( 'NONE', *, *, #1481, .T. ) ;
#3047 = FACE_OUTER_BOUND ( 'NONE', #1387, .T. ) ;
#3048 = LINE ( 'NONE', #2460, #2856 ) ;
#3049 = CARTESIAN_POINT ( 'NONE',  ( 6.581826130387764984, -5.353137367943500813, -11.11499999999796273 ) ) ;
#3050 = DATE_AND_TIME ( #1309, #1740 ) ;
#3051 = EDGE_CURVE ( 'NONE', #3113, #2215, #3260, .T. ) ;
#3052 = VERTEX_POINT ( 'NONE', #1842 ) ;
#3053 = EDGE_LOOP ( 'NONE', ( #416, #415 ) ) ;
#3054 = DIRECTION ( 'NONE',  ( 0.000000000000000000, 0.000000000000000000, 1.000000000000000000 ) ) ;
#3055 = ADVANCED_FACE ( 'NONE', ( #1606 ), #3041, .F. ) ;
#3056 = ORIENTED_EDGE ( 'NONE', *, *, #864, .F. ) ;
#3057 = DIRECTION ( 'NONE',  ( 0.000000000000000000, 0.4999999999999997780, -0.8660254037844387076 ) ) ;
#3058 = APPROVAL_STATUS ( 'not_yet_approved' ) ;
#3059 = DIRECTION ( 'NONE',  ( -1.000000000000000000, -0.000000000000000000, -0.000000000000000000 ) ) ;
#3060 = CARTESIAN_POINT ( 'NONE',  ( 9.410626844376126954, -2.750316174469026098, 17.44444124035914356 ) ) ;
#3061 = CC_DESIGN_PERSON_AND_ORGANIZATION_ASSIGNMENT ( #1052, #1898, ( #3177 ) ) ;
#3062 = CYLINDRICAL_SURFACE ( 'NONE', #574, 6.300000000000027356 ) ;
#3063 = PLANE ( 'NONE',  #2254 ) ;
#3064 = ORIENTED_EDGE ( 'NONE', *, *, #215, .F. ) ;
#3065 = EDGE_LOOP ( 'NONE', ( #1424, #1327 ) ) ;
#3066 = AXIS2_PLACEMENT_3D ( 'NONE', #236, #1452, #3884 ) ;
#3067 = DIRECTION ( 'NONE',  ( 1.000000000000000000, -5.560011140951532788E-17, 0.000000000000000000 ) ) ;
#3068 = CARTESIAN_POINT ( 'NONE',  ( -0.4499999999993633537, 0.000000000000000000, 0.000000000000000000 ) ) ;
#3069 = EDGE_CURVE ( 'NONE', #859, #2181, #2743, .T. ) ;
#3070 = CARTESIAN_POINT ( 'NONE',  ( -10.99852262806237846, -7.674129572303707347E-14, 0.8507386859688210734 ) ) ;
#3071 = APPROVAL_DATE_TIME ( #3591, #1284 ) ;
#3072 = SECURITY_CLASSIFICATION ( '', '', #99 ) ;
#3073 = ORIENTED_EDGE ( 'NONE', *, *, #750, .T. ) ;
#3074 = VERTEX_POINT ( 'NONE', #3125 ) ;
#3075 = DIRECTION ( 'NONE',  ( 1.000000000000000000, 0.000000000000000000, 0.000000000000000000 ) ) ;
#3076 = CIRCLE ( 'NONE', #3460, 4.529474167757560288 ) ;
#3077 = B_SPLINE_CURVE_WITH_KNOTS ( 'NONE', 3,
 ( #2034, #2410, #1133, #1112, #2939, #2390 ),
 .UNSPECIFIED., .F., .F.,
 ( 4, 2, 4 ),
 ( 0.006417479182149188333, 0.009626103303169944447, 0.01283472742419070056 ),
 .UNSPECIFIED. ) ;
#3078 = CIRCLE ( 'NONE', #796, 4.547566381521780166 ) ;
#3079 = EDGE_LOOP ( 'NONE', ( #2989, #1871, #1476, #1591, #2044, #885 ) ) ;
#3080 = CARTESIAN_POINT ( 'NONE',  ( -6.440000000000000391, 7.886725386508954940E-16, 17.10000000000000142 ) ) ;
#3081 = CARTESIAN_POINT ( 'NONE',  ( 6.900000000000634515, -10.16064304989906475, 4.631249999999148770 ) ) ;
#3082 = DIRECTION ( 'NONE',  ( -1.000000000000000000, 5.560011140951532788E-17, -0.000000000000000000 ) ) ;
#3083 = CARTESIAN_POINT ( 'NONE',  ( -0.9299162373883982369, 9.524999999999995026, -4.133520782600986148E-16 ) ) ;
#3084 = CARTESIAN_POINT ( 'NONE',  ( -5.499261314031100412, -9.525000000000057199, 0.8507386859688216285 ) ) ;
#3085 = ORIENTED_EDGE ( 'NONE', *, *, #3588, .F. ) ;
#3086 = CARTESIAN_POINT ( 'NONE',  ( 0.000000000000000000, 0.000000000000000000, 0.000000000000000000 ) ) ;
#3087 = FACE_OUTER_BOUND ( 'NONE', #844, .T. ) ;
#3088 = DIRECTION ( 'NONE',  ( 0.000000000000000000, 0.000000000000000000, -1.000000000000000000 ) ) ;
#3089 = CALENDAR_DATE ( 2025, 23, 7 ) ;
#3090 = VERTEX_POINT ( 'NONE', #2273 ) ;
#3091 = EDGE_LOOP ( 'NONE', ( #393, #1293, #710, #3769 ) ) ;
#3092 = VECTOR ( 'NONE', #152, 1000.000000000000000 ) ;
#3093 = CARTESIAN_POINT ( 'NONE',  ( -5.947941525219484049, 8.747863077871182114, 0.5916930452590251077 ) ) ;
#3094 = ORIENTED_EDGE ( 'NONE', *, *, #430, .F. ) ;
#3095 = LINE ( 'NONE', #378, #3110 ) ;
#3096 = PERSON_AND_ORGANIZATION_ROLE ( 'creator' ) ;
#3097 = CC_DESIGN_DATE_AND_TIME_ASSIGNMENT ( #689, #631, ( #1167 ) ) ;
#3098 = ADVANCED_FACE ( 'NONE', ( #2901 ), #3558, .T. ) ;
#3099 = ADVANCED_FACE ( 'NONE', ( #1962 ), #3206, .T. ) ;
#3100 = DIRECTION ( 'NONE',  ( 0.000000000000000000, 0.000000000000000000, -1.000000000000000000 ) ) ;
#3101 = DIRECTION ( 'NONE',  ( -0.000000000000000000, -0.000000000000000000, -1.000000000000000000 ) ) ;
#3102 = ADVANCED_FACE ( 'NONE', ( #1983 ), #2800, .T. ) ;
#3103 = ORIENTED_EDGE ( 'NONE', *, *, #2252, .T. ) ;
#3104 = ORIENTED_EDGE ( 'NONE', *, *, #3117, .T. ) ;
#3105 = CARTESIAN_POINT ( 'NONE',  ( -14.40000000000372182, 6.827405905245524860E-16, 5.474999999998844125 ) ) ;
#3106 = LOCAL_TIME ( 18, 43, 25.00000000000000000, #3479 ) ;
#3107 = CARTESIAN_POINT ( 'NONE',  ( 6.858229512475779721, -2.134430033577362273, -11.11499999999796273 ) ) ;
#3108 = CONICAL_SURFACE ( 'NONE', #3366, 14.11499999999999844, 1.308996938995753867 ) ;
#3109 = SECURITY_CLASSIFICATION_LEVEL ( 'unclassified' ) ;
#3110 = VECTOR ( 'NONE', #339, 1000.000000000000000 ) ;
#3111 = EDGE_LOOP ( 'NONE', ( #3472, #1870 ) ) ;
#3112 = CIRCLE ( 'NONE', #3749, 3.874999999999848566 ) ;
#3113 = VERTEX_POINT ( 'NONE', #782 ) ;
#3114 = CARTESIAN_POINT ( 'NONE',  ( 0.01073769429882934917, 12.83449648408302757, 3.390253964562667636E-15 ) ) ;
#3115 = CARTESIAN_POINT ( 'NONE',  ( -34.40688589961590793, -6.417248242041518225, -11.11499999999796273 ) ) ;
#3116 = CIRCLE ( 'NONE', #3617, 4.607820323026930787 ) ;
#3117 = EDGE_CURVE ( 'NONE', #1, #3567, #773, .T. ) ;
#3118 = ORIENTED_EDGE ( 'NONE', *, *, #2233, .F. ) ;
#3119 = CARTESIAN_POINT ( 'NONE',  ( 6.858229512475780609, 2.134430033577366714, 11.11499999999796451 ) ) ;
#3120 = ADVANCED_FACE ( 'NONE', ( #186, #1920 ), #3483, .F. ) ;
#3121 = MECHANICAL_CONTEXT ( 'NONE', #3365, 'mechanical' ) ;
#3122 = DIRECTION ( 'NONE',  ( -1.000000000000000000, -0.000000000000000000, -0.000000000000000000 ) ) ;
#3123 = ADVANCED_FACE ( 'NONE', ( #3187 ), #2556, .T. ) ;
#3124 = CARTESIAN_POINT ( 'NONE',  ( -0.4499999999993633537, 0.000000000000000000, 0.000000000000000000 ) ) ;
#3125 = CARTESIAN_POINT ( 'NONE',  ( 6.439262305701900502, 12.83449648408302757, 3.383087969184151656E-15 ) ) ;
#3126 = CIRCLE ( 'NONE', #1218, 4.765000000000782165 ) ;
#3127 = EDGE_LOOP ( 'NONE', ( #1432, #2386, #2214, #1903 ) ) ;
#3128 = ORIENTED_EDGE ( 'NONE', *, *, #642, .F. ) ;
#3129 = DIRECTION ( 'NONE',  ( 0.000000000000000000, 0.000000000000000000, 1.000000000000000000 ) ) ;
#3130 = CARTESIAN_POINT ( 'NONE',  ( -0.4499999999993633537, 0.000000000000000000, -10.99999999999749889 ) ) ;
#3131 = CALENDAR_DATE ( 2025, 23, 7 ) ;
#3132 = CIRCLE ( 'NONE', #2001, 4.950000000000000178 ) ;
#3133 = ORIENTED_EDGE ( 'NONE', *, *, #3753, .T. ) ;
#3134 = VERTEX_POINT ( 'NONE', #2294 ) ;
#3135 = CARTESIAN_POINT ( 'NONE',  ( -0.4499999999993633537, 10.99999999999749889, 0.000000000000000000 ) ) ;
#3136 = CYLINDRICAL_SURFACE ( 'NONE', #340, 9.275000000000002132 ) ;
#3137 = CIRCLE ( 'NONE', #2749, 0.2999999999999999334 ) ;
#3138 = LOCAL_TIME ( 18, 43, 25.00000000000000000, #746 ) ;
#3139 = AXIS2_PLACEMENT_3D ( 'NONE', #818, #2056, #3301 ) ;
#3140 = ORIENTED_EDGE ( 'NONE', *, *, #1157, .F. ) ;
#3141 = CC_DESIGN_APPROVAL ( #1691, ( #414 ) ) ;
#3142 = FACE_OUTER_BOUND ( 'NONE', #3703, .T. ) ;
#3143 = PERSON_AND_ORGANIZATION ( #2733, #1526 ) ;
#3144 = VECTOR ( 'NONE', #1582, 1000.000000000000000 ) ;
#3145 = CARTESIAN_POINT ( 'NONE',  ( 6.439262305701898725, -6.417248242041515560, 11.11499999999796273 ) ) ;
#3146 = CARTESIAN_POINT ( 'NONE',  ( 0.000000000000000000, 0.000000000000000000, 0.000000000000000000 ) ) ;
#3147 = FACE_OUTER_BOUND ( 'NONE', #1527, .T. ) ;
#3148 = ORIENTED_EDGE ( 'NONE', *, *, #1759, .F. ) ;
#3149 = FACE_OUTER_BOUND ( 'NONE', #3445, .T. ) ;
#3150 = CARTESIAN_POINT ( 'NONE',  ( 0.000000000000000000, 0.000000000000000000, 0.000000000000000000 ) ) ;
#3151 = CARTESIAN_POINT ( 'NONE',  ( -5.499261314031233638, 9.524999999999979039, 16.74926131403118035 ) ) ;
#3152 = COORDINATED_UNIVERSAL_TIME_OFFSET ( 8, 0, .AHEAD. ) ;
#3153 = ORIENTED_EDGE ( 'NONE', *, *, #2927, .T. ) ;
#3154 = ADVANCED_FACE ( 'NONE', ( #429, #3166 ), #1641, .F. ) ;
#3155 = ORIENTED_EDGE ( 'NONE', *, *, #3584, .T. ) ;
#3156 = CARTESIAN_POINT ( 'NONE',  ( -14.80000000000383054, 5.749009933513525457E-16, 4.607820323026930787 ) ) ;
#3157 = FACE_OUTER_BOUND ( 'NONE', #40, .T. ) ;
#3158 = ORIENTED_EDGE ( 'NONE', *, *, #948, .T. ) ;
#3159 = DIRECTION ( 'NONE',  ( -1.000000000000000000, -0.000000000000000000, -0.000000000000000000 ) ) ;
#3160 = AXIS2_PLACEMENT_3D ( 'NONE', #2019, #3440, #1959 ) ;
#3161 = CONICAL_SURFACE ( 'NONE', #3909, 3.222179676971717033, 0.5235987755958393386 ) ;
#3162 = APPLICATION_PROTOCOL_DEFINITION ( 'international standard', 'config_control_design', 1994, #2832 ) ;
#3163 = CARTESIAN_POINT ( 'NONE',  ( -10.40000000000428848, 0.000000000000000000, 6.099999999999753619 ) ) ;
#3164 = DIRECTION ( 'NONE',  ( 0.000000000000000000, -0.000000000000000000, 1.000000000000000000 ) ) ;
#3165 = ADVANCED_FACE ( 'NONE', ( #1320 ), #2003, .F. ) ;
#3166 = FACE_BOUND ( 'NONE', #2492, .T. ) ;
#3167 = VERTEX_POINT ( 'NONE', #2260 ) ;
#3168 = CARTESIAN_POINT ( 'NONE',  ( -11.80000000000483418, 0.000000000000000000, 0.000000000000000000 ) ) ;
#3169 = B_SPLINE_CURVE_WITH_KNOTS ( 'NONE', 3,
 ( #120, #1328, #989, #1615, #734, #103 ),
 .UNSPECIFIED., .F., .F.,
 ( 4, 2, 4 ),
 ( 0.006417479182149190935, 0.009626103303169946182, 0.01283472742419070230 ),
 .UNSPECIFIED. ) ;
#3170 = CARTESIAN_POINT ( 'NONE',  ( 0.01073769429882891029, -6.417248242041518225, -11.11499999999796273 ) ) ;
#3171 = DIRECTION ( 'NONE',  ( 1.000000000000000000, -0.000000000000000000, -0.000000000000000000 ) ) ;
#3172 = ADVANCED_FACE ( 'NONE', ( #1391 ), #262, .T. ) ;
#3173 = ORIENTED_EDGE ( 'NONE', *, *, #1003, .T. ) ;
#3174 = CARTESIAN_POINT ( 'NONE',  ( -0.4499999999999050870, 1.079254363040726306, 11.11499999999796451 ) ) ;
#3175 = CIRCLE ( 'NONE', #1658, 11.11500000000000021 ) ;
#3176 = ADVANCED_FACE ( 'NONE', ( #1358, #3147 ), #2612, .T. ) ;
#3177 = PRODUCT_DEFINITION_FORMATION_WITH_SPECIFIED_SOURCE ( '任何', '', #3276, .NOT_KNOWN. ) ;
#3178 = AXIS2_PLACEMENT_3D ( 'NONE', #1587, #3901, #3621 ) ;
#3179 = ORIENTED_EDGE ( 'NONE', *, *, #2282, .F. ) ;
#3180 = VECTOR ( 'NONE', #3895, 999.9999999999998863 ) ;
#3181 = DIRECTION ( 'NONE',  ( 1.000000000000000000, -0.000000000000000000, -0.000000000000000000 ) ) ;
#3182 = EDGE_CURVE ( 'NONE', #489, #3409, #1678, .T. ) ;
#3183 = COORDINATED_UNIVERSAL_TIME_OFFSET ( 8, 0, .AHEAD. ) ;
#3184 = AXIS2_PLACEMENT_3D ( 'NONE', #1340, #1020, #3503 ) ;
#3185 = DIRECTION ( 'NONE',  ( 0.000000000000000000, 0.000000000000000000, -1.000000000000000000 ) ) ;
#3186 = CLOSED_SHELL ( 'NONE', ( #3878, #774, #584, #2163, #2174, #2589, #3297, #3165, #1303, #808, #1061, #1631, #3172, #1579, #3539, #3631, #184, #1233, #3763, #2526, #3120, #2874, #1127, #1820, #2787, #2579, #2372, #3236, #237, #817, #2052, #648, #703, #1456, #2548, #3416 ) ) ;
#3187 = FACE_OUTER_BOUND ( 'NONE', #1164, .T. ) ;
#3188 = CARTESIAN_POINT ( 'NONE',  ( 6.900000000000090949, 0.000000000000000000, 0.000000000000000000 ) ) ;
#3189 = CARTESIAN_POINT ( 'NONE',  ( -0.4499999999993606892, 9.625872363062272896, -5.557499999998981366 ) ) ;
#3190 = APPROVAL ( #3780, '未指定' ) ;
#3191 = CARTESIAN_POINT ( 'NONE',  ( 5.499261314031300252, -9.524999999999941735, 17.60000000000000142 ) ) ;
#3192 = DIRECTION ( 'NONE',  ( 0.000000000000000000, 0.000000000000000000, 1.000000000000000000 ) ) ;
#3193 = ORIENTED_EDGE ( 'NONE', *, *, #430, .T. ) ;
#3194 = CIRCLE ( 'NONE', #1353, 0.8000000000001196154 ) ;
#3195 = EDGE_LOOP ( 'NONE', ( #3118, #794, #945, #3690, #431, #59 ) ) ;
#3196 = DIRECTION ( 'NONE',  ( -1.000000000000000000, -0.000000000000000000, -0.000000000000000000 ) ) ;
#3197 = CARTESIAN_POINT ( 'NONE',  ( -10.09563029186903371, -1.563855400051479716, 17.22290479380366435 ) ) ;
#3198 = ADVANCED_FACE ( 'NONE', ( #150 ), #1984, .T. ) ;
#3199 = VERTEX_POINT ( 'NONE', #1693 ) ;
#3200 = DIRECTION ( 'NONE',  ( 0.000000000000000000, 0.000000000000000000, -1.000000000000000000 ) ) ;
#3201 = AXIS2_PLACEMENT_3D ( 'NONE', #3115, #693, #1049 ) ;
#3202 = APPROVAL_DATE_TIME ( #3793, #577 ) ;
#3203 = APPROVAL_PERSON_ORGANIZATION ( #2774, #1284, #2218 ) ;
#3204 = CARTESIAN_POINT ( 'NONE',  ( 9.525000000000000355, 0.000000000000000000, 0.000000000000000000 ) ) ;
#3205 = CARTESIAN_POINT ( 'NONE',  ( -6.258992433825494750, -0.7970194816926963188, 31.69999999999872387 ) ) ;
#3206 = CYLINDRICAL_SURFACE ( 'NONE', #321, 9.275000000000002132 ) ;
#3207 = CIRCLE ( 'NONE', #3013, 11.11500000000000021 ) ;
#3208 = CARTESIAN_POINT ( 'NONE',  ( 6.439262305701900502, 12.83449648408302757, 3.383087969184151656E-15 ) ) ;
#3209 = CARTESIAN_POINT ( 'NONE',  ( 0.000000000000000000, 0.000000000000000000, 0.000000000000000000 ) ) ;
#3210 = DIRECTION ( 'NONE',  ( -1.000000000000000000, -0.000000000000000000, -0.000000000000000000 ) ) ;
#3211 = DIRECTION ( 'NONE',  ( -1.000000000000000000, -0.000000000000000000, -0.000000000000000000 ) ) ;
#3212 = EDGE_LOOP ( 'NONE', ( #1305, #685, #1688 ) ) ;
#3213 = EDGE_LOOP ( 'NONE', ( #2814, #2243 ) ) ;
#3214 = DIRECTION ( 'NONE',  ( 1.000000000000000000, 0.000000000000000000, 0.000000000000000000 ) ) ;
#3215 = FACE_OUTER_BOUND ( 'NONE', #1990, .T. ) ;
#3216 = ORIENTED_EDGE ( 'NONE', *, *, #992, .F. ) ;
#3217 = DIRECTION ( 'NONE',  ( -5.364923030742486669E-17, -1.000000000000000000, 0.000000000000000000 ) ) ;
#3218 = B_SPLINE_CURVE_WITH_KNOTS ( 'NONE', 3,
 ( #1306, #1628, #3469, #1645, #2277, #3170 ),
 .UNSPECIFIED., .F., .F.,
 ( 4, 2, 4 ),
 ( 0.006417479182149188333, 0.009626103303169944447, 0.01283472742419070230 ),
 .UNSPECIFIED. ) ;
#3219 = PERSON_AND_ORGANIZATION ( #2733, #1526 ) ;
#3220 = CARTESIAN_POINT ( 'NONE',  ( 6.857872656291858604, -8.556330989388685637, 7.409999999998643894 ) ) ;
#3221 = CONICAL_SURFACE ( 'NONE', #1508, 4.950000000000000178, 0.7853981633974509435 ) ;
#3222 = ADVANCED_FACE ( 'NONE', ( #1000, #3421 ), #1094, .F. ) ;
#3223 = FACE_OUTER_BOUND ( 'NONE', #3914, .T. ) ;
#3224 = EDGE_CURVE ( 'NONE', #3567, #970, #459, .T. ) ;
#3225 = CARTESIAN_POINT ( 'NONE',  ( 7.634999999999990905, 0.000000000000000000, 0.000000000000000000 ) ) ;
#3226 = DIRECTION ( 'NONE',  ( 0.000000000000000000, 0.000000000000000000, 1.000000000000000000 ) ) ;
#3227 = CARTESIAN_POINT ( 'NONE',  ( 0.3007829898663993973, -6.434489973426813059, 6.520181962364155481 ) ) ;
#3228 = DIRECTION ( 'NONE',  ( -1.000000000000000000, -0.000000000000000000, -0.000000000000000000 ) ) ;
#3229 = EDGE_CURVE ( 'NONE', #119, #567, #2295, .T. ) ;
#3230 = CARTESIAN_POINT ( 'NONE',  ( -0.3011145650499754134, 6.434465597612002874, 6.520032883607402852 ) ) ;
#3231 = ORIENTED_EDGE ( 'NONE', *, *, #1845, .F. ) ;
#3232 = CARTESIAN_POINT ( 'NONE',  ( -8.248891971046740323, -4.762500000000066791, 17.60000000000000142 ) ) ;
#3233 = DIRECTION ( 'NONE',  ( -0.7071067811865493491, 0.000000000000000000, -0.7071067811865456854 ) ) ;
#3234 = ORIENTED_EDGE ( 'NONE', *, *, #2238, .F. ) ;
#3235 = DIRECTION ( 'NONE',  ( -0.000000000000000000, -0.000000000000000000, -1.000000000000000000 ) ) ;
#3236 = ADVANCED_FACE ( 'NONE', ( #3223 ), #831, .F. ) ;
#3237 = AXIS2_PLACEMENT_3D ( 'NONE', #1755, #2331, #244 ) ;
#3238 = CALENDAR_DATE ( 2025, 23, 7 ) ;
#3239 = AXIS2_PLACEMENT_3D ( 'NONE', #2441, #1847, #926 ) ;
#3240 = EDGE_LOOP ( 'NONE', ( #1913, #3056, #1955, #3375, #1455, #1347, #2600 ) ) ;
#3241 = AXIS2_PLACEMENT_3D ( 'NONE', #428, #3736, #1056 ) ;
#3242 = CARTESIAN_POINT ( 'NONE',  ( 0.000000000000000000, 0.000000000000000000, 0.000000000000000000 ) ) ;
#3243 = EDGE_CURVE ( 'NONE', #1268, #3683, #2042, .T. ) ;
#3244 = CIRCLE ( 'NONE', #1532, 9.275000000000002132 ) ;
#3245 = DIRECTION ( 'NONE',  ( 0.000000000000000000, 0.000000000000000000, 1.000000000000000000 ) ) ;
#3246 = CARTESIAN_POINT ( 'NONE',  ( 6.900000000000090061, -3.389467538718734466E-16, 11.11500000000000021 ) ) ;
#3247 = EDGE_CURVE ( 'NONE', #216, #2584, #2326, .T. ) ;
#3248 = DIRECTION ( 'NONE',  ( 1.000000000000000000, 0.000000000000000000, 0.000000000000000000 ) ) ;
#3249 = CARTESIAN_POINT ( 'NONE',  ( 6.439262305701898725, -6.417248242041518225, -11.11499999999796273 ) ) ;
#3250 = VERTEX_POINT ( 'NONE', #2482 ) ;
#3251 = CARTESIAN_POINT ( 'NONE',  ( 0.000000000000000000, 5.835441997937947622E-16, 4.765000000000661373 ) ) ;
#3252 = DIRECTION ( 'NONE',  ( -3.627636301412553852E-15, 1.000000000000000000, -0.000000000000000000 ) ) ;
#3253 = VECTOR ( 'NONE', #1207, 1000.000000000000000 ) ;
#3254 = EDGE_LOOP ( 'NONE', ( #3352, #2769, #2284, #964 ) ) ;
#3255 = CARTESIAN_POINT ( 'NONE',  ( 9.179979922149291482, 3.149808362375240200, 17.51892000885278478 ) ) ;
#3256 = CALENDAR_DATE ( 2025, 23, 7 ) ;
#3257 = PERSON ( 'NAUO-PER3', 'UNSPECIFIED', 'UNSPECIFIED', ('UNSPECIFIED'), ('UNSPECIFIED'), ('UNSPECIFIED') ) ;
#3258 = VERTEX_POINT ( 'NONE', #353 ) ;
#3259 = DIRECTION ( 'NONE',  ( -1.000000000000000000, -0.000000000000000000, -0.000000000000000000 ) ) ;
#3260 = CIRCLE ( 'NONE', #1553, 9.525000000000002132 ) ;
#3261 =( NAMED_UNIT ( * ) PLANE_ANGLE_UNIT ( ) SI_UNIT ( $, .RADIAN. ) );
#3262 = LOCAL_TIME ( 18, 43, 25.00000000000000000, #3388 ) ;
#3263 = VECTOR ( 'NONE', #2354, 1000.000000000000000 ) ;
#3264 = LINE ( 'NONE', #226, #1744 ) ;
#3265 = AXIS2_PLACEMENT_3D ( 'NONE', #276, #1753, #2961 ) ;
#3266 = LINE ( 'NONE', #522, #178 ) ;
#3267 = DIRECTION ( 'NONE',  ( 0.000000000000000000, 0.000000000000000000, 1.000000000000000000 ) ) ;
#3268 = CARTESIAN_POINT ( 'NONE',  ( 6.582553679375783950, 6.952018928878312742, -10.18874999999812836 ) ) ;
#3269 = VERTEX_POINT ( 'NONE', #1243 ) ;
#3270 = ORIENTED_EDGE ( 'NONE', *, *, #2818, .F. ) ;
#3271 = CARTESIAN_POINT ( 'NONE',  ( -5.949064689866423450, 8.745917699637425713, 17.00895541415241397 ) ) ;
#3272 = ADVANCED_FACE ( 'NONE', ( #16 ), #1145, .F. ) ;
#3273 = ORIENTED_EDGE ( 'NONE', *, *, #1310, .T. ) ;
#3274 = CARTESIAN_POINT ( 'NONE',  ( -14.20000000000299423, 0.000000000000000000, -5.674999999999571720 ) ) ;
#3275 = PERSON_AND_ORGANIZATION ( #2733, #1526 ) ;
#3276 = PRODUCT ( '316L-GJ-HMR4-TB6-0.6', '316L-GJ-HMR4-TB6-0.6', '', ( #1499 ) ) ;
#3277 = ORIENTED_EDGE ( 'NONE', *, *, #2358, .F. ) ;
#3278 = DIRECTION ( 'NONE',  ( 0.000000000000000000, 0.000000000000000000, 1.000000000000000000 ) ) ;
#3279 = DIRECTION ( 'NONE',  ( 0.000000000000000000, -1.224646799147352961E-16, 1.000000000000000000 ) ) ;
#3280 = DIRECTION ( 'NONE',  ( -1.000000000000000000, -3.016910393003142859E-15, 0.000000000000000000 ) ) ;
#3281 = ADVANCED_FACE ( 'NONE', ( #79 ), #1570, .T. ) ;
#3282 = DIRECTION ( 'NONE',  ( 1.000000000000000000, -0.000000000000000000, -0.000000000000000000 ) ) ;
#3283 = FACE_OUTER_BOUND ( 'NONE', #2777, .T. ) ;
#3284 = ORIENTED_EDGE ( 'NONE', *, *, #598, .F. ) ;
#3285 = LINE ( 'NONE', #1787, #671 ) ;
#3286 = DIRECTION ( 'NONE',  ( 1.000000000000000000, 0.000000000000000000, 0.000000000000000000 ) ) ;
#3287 = EDGE_CURVE ( 'NONE', #2131, #113, #3687, .T. ) ;
#3288 = ORIENTED_EDGE ( 'NONE', *, *, #3484, .T. ) ;
#3289 = EDGE_LOOP ( 'NONE', ( #3332, #2682, #3490, #2969 ) ) ;
#3290 = CARTESIAN_POINT ( 'NONE',  ( 10.09563029186904437, 1.563855400051410882, 17.22290479380366790 ) ) ;
#3291 = EDGE_CURVE ( 'NONE', #1012, #1131, #713, .T. ) ;
#3292 = CALENDAR_DATE ( 2025, 23, 7 ) ;
#3293 = ORIENTED_EDGE ( 'NONE', *, *, #1699, .T. ) ;
#3294 = DIRECTION ( 'NONE',  ( -1.000000000000000000, -0.000000000000000000, -0.000000000000000000 ) ) ;
#3295 = PLANE ( 'NONE',  #3265 ) ;
#3296 = CC_DESIGN_SECURITY_CLASSIFICATION ( #1335, ( #3806 ) ) ;
#3297 = ADVANCED_FACE ( 'NONE', ( #56 ), #3350, .F. ) ;
#3298 = AXIS2_PLACEMENT_3D ( 'NONE', #1858, #679, #3033 ) ;
#3299 = APPLICATION_PROTOCOL_DEFINITION ( 'international standard', 'config_control_design', 1994, #2429 ) ;
#3300 = AXIS2_PLACEMENT_3D ( 'NONE', #3912, #3720, #3420 ) ;
#3301 = DIRECTION ( 'NONE',  ( 1.000000000000000000, 0.000000000000000000, 0.000000000000000000 ) ) ;
#3302 = VECTOR ( 'NONE', #2461, 1000.000000000000114 ) ;
#3303 = CARTESIAN_POINT ( 'NONE',  ( 8.482244080906873762, -4.358322289668996596, 17.59999999999998010 ) ) ;
#3304 = CARTESIAN_POINT ( 'NONE',  ( 6.400365130926652490, 7.964242406242801664, 17.22215417283560512 ) ) ;
#3305 = CARTESIAN_POINT ( 'NONE',  ( 0.1525673339876786050, 6.439984576866326194, 6.549913630437982803 ) ) ;
#3306 = EDGE_LOOP ( 'NONE', ( #952, #3593, #1909, #2732 ) ) ;
#3307 = ORIENTED_EDGE ( 'NONE', *, *, #996, .F. ) ;
#3308 = DIRECTION ( 'NONE',  ( -0.000000000000000000, -0.000000000000000000, 1.000000000000000000 ) ) ;
#3309 = DIRECTION ( 'NONE',  ( 1.000000000000000000, 0.000000000000000000, 0.000000000000000000 ) ) ;
#3310 = EDGE_LOOP ( 'NONE', ( #3722, #1001, #1632, #678, #972, #1575 ) ) ;
#3311 = VERTEX_POINT ( 'NONE', #1588 ) ;
#3312 = DIRECTION ( 'NONE',  ( 0.000000000000000000, 0.000000000000000000, 1.000000000000000000 ) ) ;
#3313 = AXIS2_PLACEMENT_3D ( 'NONE', #1018, #3759, #2290 ) ;
#3314 = ORIENTED_EDGE ( 'NONE', *, *, #462, .T. ) ;
#3315 = DIRECTION ( 'NONE',  ( -1.000000000000000000, -0.000000000000000000, -0.000000000000000000 ) ) ;
#3316 = COORDINATED_UNIVERSAL_TIME_OFFSET ( 8, 0, .AHEAD. ) ;
#3317 = AXIS2_PLACEMENT_3D ( 'NONE', #1292, #3353, #3054 ) ;
#3318 = CARTESIAN_POINT ( 'NONE',  ( -8.285320342655021264, 0.000000000000000000, 0.000000000000000000 ) ) ;
#3319 = CARTESIAN_POINT ( 'NONE',  ( -8.716642953600619137, -3.952331532926503854, 0.02010828335194685471 ) ) ;
#3320 = AXIS2_PLACEMENT_3D ( 'NONE', #1541, #980, #3401 ) ;
#3321 = DIRECTION ( 'NONE',  ( 0.000000000000000000, 0.000000000000000000, 1.000000000000000000 ) ) ;
#3322 = CARTESIAN_POINT ( 'NONE',  ( -7.780436236922057880, -5.573889132600977625, -5.980052607615361183E-15 ) ) ;
#3323 = ORIENTED_EDGE ( 'NONE', *, *, #1874, .F. ) ;
#3324 = LOCAL_TIME ( 18, 43, 25.00000000000000000, #1772 ) ;
#3325 = ORIENTED_EDGE ( 'NONE', *, *, #169, .T. ) ;
#3326 = CARTESIAN_POINT ( 'NONE',  ( -1.149999999999977263, -6.336489564419724552, 5.247742570718817667 ) ) ;
#3327 = CARTESIAN_POINT ( 'NONE',  ( -3.688409626074404812, -9.525000000000037659, 17.22406855347233900 ) ) ;
#3328 = AXIS2_PLACEMENT_3D ( 'NONE', #568, #3067, #306 ) ;
#3329 = EDGE_LOOP ( 'NONE', ( #2938, #39, #2423, #1643, #2437, #2620 ) ) ;
#3330 = CARTESIAN_POINT ( 'NONE',  ( 0.4652762284390737912, -9.524999999999993250, 17.60000000000000142 ) ) ;
#3331 = ADVANCED_FACE ( 'NONE', ( #3387 ), #1848, .F. ) ;
#3332 = ORIENTED_EDGE ( 'NONE', *, *, #196, .F. ) ;
#3333 = LINE ( 'NONE', #3378, #1017 ) ;
#3334 = DIRECTION ( 'NONE',  ( 0.000000000000000000, -1.000000000000000000, 0.000000000000000000 ) ) ;
#3335 = CALENDAR_DATE ( 2025, 23, 7 ) ;
#3336 = B_SPLINE_CURVE_WITH_KNOTS ( 'NONE', 3,
 ( #2858, #2250, #2529, #2821, #477, #3461, #2895, #738, #1352, #126, #180, #1316, #1089, #107, #2840, #2571, #1388, #2270 ),
 .UNSPECIFIED., .F., .F.,
 ( 4, 2, 2, 2, 2, 2, 2, 2, 4 ),
 ( 8.940560153363745023E-19, 0.0004503309924036576033, 0.0009006619848073143392, 0.001350992977210971075, 0.001801323969614627811, 0.002251654962018284547, 0.002701985954421941283, 0.003152316946825598019, 0.003602647939229254755 ),
 .UNSPECIFIED. ) ;
#3337 = CARTESIAN_POINT ( 'NONE',  ( 0.000000000000000000, 0.000000000000000000, -2.500000000000005773 ) ) ;
#3338 = CARTESIAN_POINT ( 'NONE',  ( -9.410626844376066558, -2.750316174469114028, 0.1555587596408454509 ) ) ;
#3339 = CC_DESIGN_PERSON_AND_ORGANIZATION_ASSIGNMENT ( #3707, #81, ( #3072 ) ) ;
#3340 = EDGE_CURVE ( 'NONE', #3403, #2569, #2375, .T. ) ;
#3341 = DIRECTION ( 'NONE',  ( 0.000000000000000000, 0.000000000000000000, -1.000000000000000000 ) ) ;
#3342 = CARTESIAN_POINT ( 'NONE',  ( 0.000000000000000000, 0.000000000000000000, 0.000000000000000000 ) ) ;
#3343 = ORIENTED_EDGE ( 'NONE', *, *, #3043, .T. ) ;
#3344 = ORIENTED_EDGE ( 'NONE', *, *, #3628, .F. ) ;
#3345 = CARTESIAN_POINT ( 'NONE',  ( 6.581445505226847459, 5.355978392821883816, -11.11499999999795385 ) ) ;
#3346 = AXIS2_PLACEMENT_3D ( 'NONE', #3337, #1299, #998 ) ;
#3347 = DIRECTION ( 'NONE',  ( 0.000000000000000000, 1.000000000000000000, 1.224646799147353454E-16 ) ) ;
#3348 = AXIS2_PLACEMENT_3D ( 'NONE', #227, #1439, #1861 ) ;
#3349 = ADVANCED_FACE ( 'NONE', ( #927 ), #1889, .T. ) ;
#3350 = SPHERICAL_SURFACE ( 'NONE', #3497, 3.875000000000043965 ) ;
#3351 = ORIENTED_EDGE ( 'NONE', *, *, #1996, .T. ) ;
#3352 = ORIENTED_EDGE ( 'NONE', *, *, #2130, .F. ) ;
#3353 = DIRECTION ( 'NONE',  ( -1.000000000000000000, -0.000000000000000000, -0.000000000000000000 ) ) ;
#3354 = ORIENTED_EDGE ( 'NONE', *, *, #2010, .F. ) ;
#3355 = CC_DESIGN_DATE_AND_TIME_ASSIGNMENT ( #87, #2878, ( #133 ) ) ;
#3356 = DIRECTION ( 'NONE',  ( 1.000000000000000000, 0.000000000000000000, -0.000000000000000000 ) ) ;
#3357 = DATE_AND_TIME ( #1231, #2607 ) ;
#3358 = EDGE_CURVE ( 'NONE', #805, #2891, #1423, .T. ) ;
#3359 = DIRECTION ( 'NONE',  ( -0.000000000000000000, -0.000000000000000000, -1.000000000000000000 ) ) ;
#3360 = DIRECTION ( 'NONE',  ( -1.000000000000000000, -0.000000000000000000, -0.000000000000000000 ) ) ;
#3361 = CIRCLE ( 'NONE', #2980, 3.874999999999958256 ) ;
#3362 = LINE ( 'NONE', #1883, #1022 ) ;
#3363 = LOCAL_TIME ( 18, 43, 25.00000000000000000, #147 ) ;
#3364 = DIRECTION ( 'NONE',  ( -1.000000000000000000, -0.000000000000000000, -0.000000000000000000 ) ) ;
#3365 = APPLICATION_CONTEXT ( 'configuration controlled 3d designs of mechanical parts and assemblies' ) ;
#3366 = AXIS2_PLACEMENT_3D ( 'NONE', #592, #2123, #2399 ) ;
#3367 = ORIENTED_EDGE ( 'NONE', *, *, #2351, .T. ) ;
#3368 = VECTOR ( 'NONE', #3171, 1000.000000000000000 ) ;
#3369 = DIRECTION ( 'NONE',  ( 0.000000000000000000, 0.000000000000000000, 1.000000000000000000 ) ) ;
#3370 = DIRECTION ( 'NONE',  ( 0.000000000000000000, -1.000000000000000000, 0.000000000000000000 ) ) ;
#3371 = CARTESIAN_POINT ( 'NONE',  ( 6.900000000000090949, 0.000000000000000000, 0.000000000000000000 ) ) ;
#3372 = DIRECTION ( 'NONE',  ( 1.000000000000000000, 0.000000000000000000, 0.000000000000000000 ) ) ;
#3373 = ITEM_DEFINED_TRANSFORMATION ( 'NONE', 'NONE', #2855,  #884 ) ;
#3374 = VERTEX_POINT ( 'NONE', #329 ) ;
#3375 = ORIENTED_EDGE ( 'NONE', *, *, #46, .F. ) ;
#3376 = CARTESIAN_POINT ( 'NONE',  ( 1.006550781153894234E-13, -9.525000000000000355, 17.60000000000000142 ) ) ;
#3377 = VERTEX_POINT ( 'NONE', #3786 ) ;
#3378 = CARTESIAN_POINT ( 'NONE',  ( -34.40688589961590793, 12.83449648408302757, 3.383087969184151656E-15 ) ) ;
#3379 = DIRECTION ( 'NONE',  ( -0.000000000000000000, -0.000000000000000000, -1.000000000000000000 ) ) ;
#3380 = LINE ( 'NONE', #67, #3144 ) ;
#3381 = DIRECTION ( 'NONE',  ( 1.000000000000000000, 0.000000000000000000, -0.000000000000000000 ) ) ;
#3382 = DIRECTION ( 'NONE',  ( -1.000000000000000000, 0.000000000000000000, 0.000000000000000000 ) ) ;
#3383 = EDGE_LOOP ( 'NONE', ( #2697, #175, #2186, #2265, #2338, #2061 ) ) ;
#3384 = EDGE_LOOP ( 'NONE', ( #3476, #3270 ) ) ;
#3385 = AXIS2_PLACEMENT_3D ( 'NONE', #3015, #1592, #291 ) ;
#3386 = CARTESIAN_POINT ( 'NONE',  ( 0.000000000000000000, 0.000000000000000000, 0.000000000000000000 ) ) ;
#3387 = FACE_OUTER_BOUND ( 'NONE', #2221, .T. ) ;
#3388 = COORDINATED_UNIVERSAL_TIME_OFFSET ( 8, 0, .AHEAD. ) ;
#3389 = EDGE_LOOP ( 'NONE', ( #1844, #1886, #2339, #1047, #3153, #117 ) ) ;
#3390 = ORIENTED_EDGE ( 'NONE', *, *, #78, .F. ) ;
#3391 = FACE_OUTER_BOUND ( 'NONE', #274, .T. ) ;
#3392 = PRODUCT_RELATED_PRODUCT_CATEGORY ( 'detail', '', ( #3592 ) ) ;
#3393 = ADVANCED_FACE ( 'NONE', ( #1062 ), #769, .T. ) ;
#3394 = EDGE_CURVE ( 'NONE', #290, #1245, #3746, .T. ) ;
#3395 = CIRCLE ( 'NONE', #3762, 5.500000000000682121 ) ;
#3396 = EDGE_LOOP ( 'NONE', ( #3148, #421, #1769 ) ) ;
#3397 = CARTESIAN_POINT ( 'NONE',  ( -34.40688589961590793, -12.83449648408302934, 3.310669089243456931E-16 ) ) ;
#3398 = APPROVAL_ROLE ( '' ) ;
#3399 = CARTESIAN_POINT ( 'NONE',  ( 7.317451158458410987, -6.375802811646385848, 0.09792507081890376719 ) ) ;
#3400 = FACE_OUTER_BOUND ( 'NONE', #2477, .T. ) ;
#3401 = DIRECTION ( 'NONE',  ( 0.000000000000000000, 0.000000000000000000, -1.000000000000000000 ) ) ;
#3402 = EDGE_LOOP ( 'NONE', ( #1366, #1635, #1684, #669, #2545 ) ) ;
#3403 = VERTEX_POINT ( 'NONE', #1082 ) ;
#3404 = EDGE_CURVE ( 'NONE', #254, #2644, #3739, .T. ) ;
#3405 = CARTESIAN_POINT ( 'NONE',  ( -0.4499999999993612443, 2.502005013424638093E-17, 0.000000000000000000 ) ) ;
#3406 = CARTESIAN_POINT ( 'NONE',  ( 0.000000000000000000, 0.000000000000000000, 0.000000000000000000 ) ) ;
#3407 = APPROVAL_ROLE ( '' ) ;
#3408 = EDGE_LOOP ( 'NONE', ( #203, #733, #3140, #626 ) ) ;
#3409 = VERTEX_POINT ( 'NONE', #3426 ) ;
#3410 = DIRECTION ( 'NONE',  ( -1.000000000000000000, 0.000000000000000000, 0.000000000000000000 ) ) ;
#3411 = AXIS2_PLACEMENT_3D ( 'NONE', #2669, #1697, #2630 ) ;
#3412 = CARTESIAN_POINT ( 'NONE',  ( -10.54871925222717444, -0.7790823003626276000, 17.00895541415241397 ) ) ;
#3413 = EDGE_CURVE ( 'NONE', #2143, #119, #2583, .T. ) ;
#3414 = VERTEX_POINT ( 'NONE', #1988 ) ;
#3415 = DIRECTION ( 'NONE',  ( 0.000000000000000000, 0.000000000000000000, -1.000000000000000000 ) ) ;
#3416 = ADVANCED_FACE ( 'NONE', ( #488, #434 ), #1647, .F. ) ;
#3417 = APPROVAL_DATE_TIME ( #756, #956 ) ;
#3418 = EDGE_CURVE ( 'NONE', #809, #567, #1698, .T. ) ;
#3419 = CARTESIAN_POINT ( 'NONE',  ( 0.000000000000000000, 0.000000000000000000, 15.35253755750896687 ) ) ;
#3420 = DIRECTION ( 'NONE',  ( 0.000000000000000000, 0.000000000000000000, 1.000000000000000000 ) ) ;
#3421 = FACE_OUTER_BOUND ( 'NONE', #1046, .T. ) ;
#3422 = ORIENTED_EDGE ( 'NONE', *, *, #3247, .T. ) ;
#3423 = VERTEX_POINT ( 'NONE', #3130 ) ;
#3424 = DIRECTION ( 'NONE',  ( 1.000000000000000000, 0.000000000000000000, 0.000000000000000000 ) ) ;
#3425 =( GEOMETRIC_REPRESENTATION_CONTEXT ( 3 ) GLOBAL_UNCERTAINTY_ASSIGNED_CONTEXT ( ( #1936 ) ) GLOBAL_UNIT_ASSIGNED_CONTEXT ( ( #2962, #499, #3816 ) ) REPRESENTATION_CONTEXT ( 'NONE', 'WORKASPACE' ) );
#3426 = CARTESIAN_POINT ( 'NONE',  ( -1.149999999999977041, -6.336489564419723663, 5.400000000000001243 ) ) ;
#3427 = AXIS2_PLACEMENT_3D ( 'NONE', #628, #2772, #1867 ) ;
#3428 = PERSON_AND_ORGANIZATION_ROLE ( 'classification_officer' ) ;
#3429 = ORIENTED_EDGE ( 'NONE', *, *, #376, .F. ) ;
#3430 = VECTOR ( 'NONE', #3782, 1000.000000000000000 ) ;
#3431 = ORIENTED_EDGE ( 'NONE', *, *, #1874, .T. ) ;
#3432 = CARTESIAN_POINT ( 'NONE',  ( -0.2489051501027028934, 11.76495511040944386, 1.852499999999664082 ) ) ;
#3433 = CARTESIAN_POINT ( 'NONE',  ( -14.60000000000372289, 0.000000000000000000, 0.000000000000000000 ) ) ;
#3434 = CIRCLE ( 'NONE', #1721, 11.11499999999999666 ) ;
#3435 = ORIENTED_EDGE ( 'NONE', *, *, #363, .F. ) ;
#3436 = DIRECTION ( 'NONE',  ( -1.000000000000000000, -0.000000000000000000, -0.000000000000000000 ) ) ;
#3437 = DESIGN_CONTEXT ( 'detailed design', #124, 'design' ) ;
#3438 = B_SPLINE_CURVE_WITH_KNOTS ( 'NONE', 3,
 ( #326, #1543, #1627, #1904, #35, #2829, #1240, #75 ),
 .UNSPECIFIED., .F., .F.,
 ( 4, 2, 2, 4 ),
 ( 0.01559295432091821129, 0.01698526139266470086, 0.01837756846441118697, 0.02116218260790416611 ),
 .UNSPECIFIED. ) ;
#3439 = DATE_AND_TIME ( #974, #2352 ) ;
#3440 = DIRECTION ( 'NONE',  ( -0.000000000000000000, -0.000000000000000000, -1.000000000000000000 ) ) ;
#3441 = FACE_OUTER_BOUND ( 'NONE', #3306, .T. ) ;
#3442 = ADVANCED_FACE ( 'NONE', ( #707 ), #2355, .T. ) ;
#3443 = CARTESIAN_POINT ( 'NONE',  ( -12.00000000000510880, 5.674999999999571720, 0.000000000000000000 ) ) ;
#3444 = AXIS2_PLACEMENT_3D ( 'NONE', #2362, #510, #3566 ) ;
#3445 = EDGE_LOOP ( 'NONE', ( #2343, #230, #3711, #1551 ) ) ;
#3446 = CIRCLE ( 'NONE', #400, 4.954230484540647517 ) ;
#3447 = CARTESIAN_POINT ( 'NONE',  ( 1.150000000000023004, -6.336489564419715670, 5.400000000000000355 ) ) ;
#3448 = DIRECTION ( 'NONE',  ( 1.000000000000000000, -0.000000000000000000, -0.000000000000000000 ) ) ;
#3449 = CARTESIAN_POINT ( 'NONE',  ( 0.01073769429882934917, 12.83449648408302757, 3.390253964562667636E-15 ) ) ;
#3450 = CONTEXT_DEPENDENT_SHAPE_REPRESENTATION ( #2754, #1152 ) ;
#3451 = AXIS2_PLACEMENT_3D ( 'NONE', #1129, #3832, #2072 ) ;
#3452 = EDGE_LOOP ( 'NONE', ( #3277, #2617, #1322, #2159 ) ) ;
#3453 = VERTEX_POINT ( 'NONE', #3449 ) ;
#3454 = LINE ( 'NONE', #3712, #2739 ) ;
#3455 = FACE_OUTER_BOUND ( 'NONE', #139, .T. ) ;
#3456 = AXIS2_PLACEMENT_3D ( 'NONE', #1349, #753, #1972 ) ;
#3457 = CC_DESIGN_SECURITY_CLASSIFICATION ( #3072, ( #3917 ) ) ;
#3458 = CIRCLE ( 'NONE', #32, 4.607820323026930787 ) ;
#3459 = ORIENTED_EDGE ( 'NONE', *, *, #653, .T. ) ;
#3460 = AXIS2_PLACEMENT_3D ( 'NONE', #519, #3259, #1172 ) ;
#3461 = CARTESIAN_POINT ( 'NONE',  ( -0.7071137998892593757, 6.401951519573364280, 4.480813566364586720 ) ) ;
#3462 = EDGE_CURVE ( 'NONE', #859, #1205, #1790, .T. ) ;
#3463 = VECTOR ( 'NONE', #2361, 1000.000000000000000 ) ;
#3464 = CARTESIAN_POINT ( 'NONE',  ( 8.248891971046774074, 4.762500000000009948, 0.000000000000000000 ) ) ;
#3465 = EDGE_CURVE ( 'NONE', #3167, #1341, #2917, .T. ) ;
#3466 = CARTESIAN_POINT ( 'NONE',  ( 0.000000000000000000, 0.000000000000000000, -3.000000000000000000 ) ) ;
#3467 = ORIENTED_EDGE ( 'NONE', *, *, #2351, .F. ) ;
#3468 = DIRECTION ( 'NONE',  ( 0.000000000000000000, 0.000000000000000000, 1.000000000000000000 ) ) ;
#3469 = CARTESIAN_POINT ( 'NONE',  ( -0.4078726562911291764, -8.556330989388690966, -7.409999999998639453 ) ) ;
#3470 = EDGE_CURVE ( 'NONE', #686, #3258, #148, .T. ) ;
#3471 = CARTESIAN_POINT ( 'NONE',  ( -10.40000000000429026, 4.829474167757560110, 0.000000000000000000 ) ) ;
#3472 = ORIENTED_EDGE ( 'NONE', *, *, #2631, .F. ) ;
#3473 = ORIENTED_EDGE ( 'NONE', *, *, #289, .F. ) ;
#3474 = DIRECTION ( 'NONE',  ( -5.364923030742486669E-17, -1.000000000000000000, 0.000000000000000000 ) ) ;
#3475 = EDGE_CURVE ( 'NONE', #1585, #3649, #200, .T. ) ;
#3476 = ORIENTED_EDGE ( 'NONE', *, *, #882, .F. ) ;
#3477 = CARTESIAN_POINT ( 'NONE',  ( -6.100000000003942269, 0.000000000000000000, 0.000000000000000000 ) ) ;
#3478 = AXIS2_PLACEMENT_3D ( 'NONE', #47, #3379, #1277 ) ;
#3479 = COORDINATED_UNIVERSAL_TIME_OFFSET ( 8, 0, .AHEAD. ) ;
#3480 = CC_DESIGN_PERSON_AND_ORGANIZATION_ASSIGNMENT ( #3756, #463, ( #3592 ) ) ;
#3481 = CARTESIAN_POINT ( 'NONE',  ( 6.900000000000089173, -9.625872363064036819, 5.557499999999997442 ) ) ;
#3482 = DIRECTION ( 'NONE',  ( 0.000000000000000000, 0.000000000000000000, -1.000000000000000000 ) ) ;
#3483 = PLANE ( 'NONE',  #2491 ) ;
#3484 = EDGE_CURVE ( 'NONE', #2694, #2752, #2217, .T. ) ;
#3485 = CARTESIAN_POINT ( 'NONE',  ( 0.01073769429882955907, 6.417248242041515560, 11.11499999999796273 ) ) ;
#3486 = CARTESIAN_POINT ( 'NONE',  ( 7.780436236922175119, -5.573889132600873708, 17.59999999999998366 ) ) ;
#3487 = CARTESIAN_POINT ( 'NONE',  ( 0.000000000000000000, 0.000000000000000000, -3.000000000000000000 ) ) ;
#3488 = CARTESIAN_POINT ( 'NONE',  ( 0.000000000000000000, 0.000000000000000000, -3.874999999999845901 ) ) ;
#3489 = VERTEX_POINT ( 'NONE', #412 ) ;
#3490 = ORIENTED_EDGE ( 'NONE', *, *, #3462, .T. ) ;
#3491 = APPROVAL_PERSON_ORGANIZATION ( #1859, #2941, #44 ) ;
#3492 = DIRECTION ( 'NONE',  ( 1.000000000000000000, 0.000000000000000000, 0.000000000000000000 ) ) ;
#3493 = CIRCLE ( 'NONE', #2549, 9.525000000000002132 ) ;
#3494 = CIRCLE ( 'NONE', #2229, 11.11499999999999666 ) ;
#3495 =( REPRESENTATION_RELATIONSHIP ('NONE','NONE', #2370, #2531 ) REPRESENTATION_RELATIONSHIP_WITH_TRANSFORMATION ( #2793 )SHAPE_REPRESENTATION_RELATIONSHIP( ) );
#3496 = ORIENTED_EDGE ( 'NONE', *, *, #1531, .F. ) ;
#3497 = AXIS2_PLACEMENT_3D ( 'NONE', #630, #2164, #2202 ) ;
#3498 = DIRECTION ( 'NONE',  ( 1.000000000000000000, 0.000000000000000000, -0.000000000000000000 ) ) ;
#3499 = DATE_AND_TIME ( #2975, #1713 ) ;
#3500 = AXIS2_PLACEMENT_3D ( 'NONE', #2213, #3761, #1376 ) ;
#3501 = PLANE ( 'NONE',  #2116 ) ;
#3502 = FACE_OUTER_BOUND ( 'NONE', #1650, .T. ) ;
#3503 = DIRECTION ( 'NONE',  ( 1.000000000000000000, 0.000000000000000000, 0.000000000000000000 ) ) ;
#3504 = CARTESIAN_POINT ( 'NONE',  ( 0.000000000000000000, 1.347111479061782327E-15, 10.99999999999749889 ) ) ;
#3505 = CARTESIAN_POINT ( 'NONE',  ( 0.01073769429882828925, 6.417248242041517337, -11.11499999999795563 ) ) ;
#3506 = CARTESIAN_POINT ( 'NONE',  ( 1.119988172474444044, -6.342132471283748352, 5.701324036207689794 ) ) ;
#3507 = CARTESIAN_POINT ( 'NONE',  ( 10.09741881116689299, 1.560757593757219563, 0.3778458271643921340 ) ) ;
#3508 = ORIENTED_EDGE ( 'NONE', *, *, #1404, .F. ) ;
#3509 = ORIENTED_EDGE ( 'NONE', *, *, #69, .T. ) ;
#3510 = CARTESIAN_POINT ( 'NONE',  ( 0.000000000000000000, 0.000000000000000000, 0.000000000000000000 ) ) ;
#3511 = CARTESIAN_POINT ( 'NONE',  ( 1.150000000000023004, -6.336489564419715670, 5.249768139964276159 ) ) ;
#3512 = TOROIDAL_SURFACE ( 'NONE', #3066, 4.829474167757560110, 0.2999999999999999334 ) ;
#3513 = ORIENTED_EDGE ( 'NONE', *, *, #2474, .T. ) ;
#3514 = DIRECTION ( 'NONE',  ( 1.000000000000000000, 0.000000000000000000, 0.000000000000000000 ) ) ;
#3515 = AXIS2_PLACEMENT_3D ( 'NONE', #1260, #1822, #922 ) ;
#3516 = CC_DESIGN_DATE_AND_TIME_ASSIGNMENT ( #3689, #787, ( #1493 ) ) ;
#3517 = ADVANCED_FACE ( 'NONE', ( #1044 ), #2264, .T. ) ;
#3518 = EDGE_CURVE ( 'NONE', #705, #2928, #3744, .T. ) ;
#3519 = SECURITY_CLASSIFICATION_LEVEL ( 'unclassified' ) ;
#3520 = CARTESIAN_POINT ( 'NONE',  ( 6.698905150103431794, -7.486789615715100155, 9.262499999998301092 ) ) ;
#3521 = EDGE_CURVE ( 'NONE', #1106, #17, #2611, .T. ) ;
#3522 = DIRECTION ( 'NONE',  ( 0.000000000000000000, -1.224646799147353207E-16, 1.000000000000000000 ) ) ;
#3523 = CIRCLE ( 'NONE', #2012, 4.765000000001082370 ) ;
#3524 = DIRECTION ( 'NONE',  ( 0.000000000000000000, 0.000000000000000000, 1.000000000000000000 ) ) ;
#3525 = CARTESIAN_POINT ( 'NONE',  ( 6.900000000000090061, 5.670311641077862597E-15, -11.11500000000000021 ) ) ;
#3526 = CARTESIAN_POINT ( 'NONE',  ( -14.40000000000372182, 0.000000000000000000, 0.000000000000000000 ) ) ;
#3527 = CARTESIAN_POINT ( 'NONE',  ( -10.10000000000428955, 5.547006041364917613E-16, -4.529474167757560288 ) ) ;
#3528 = APPROVAL_STATUS ( 'not_yet_approved' ) ;
#3529 = EDGE_LOOP ( 'NONE', ( #2834, #3435 ) ) ;
#3530 = EDGE_CURVE ( 'NONE', #805, #2360, #3434, .T. ) ;
#3531 = CARTESIAN_POINT ( 'NONE',  ( 0.01073769429882818691, -12.83449648408302757, -3.166195687737126502E-16 ) ) ;
#3532 = CARTESIAN_POINT ( 'NONE',  ( 0.5808478393081842883, -6.415274294920989107, 4.396052139723290786 ) ) ;
#3533 = EDGE_CURVE ( 'NONE', #1503, #517, #1736, .T. ) ;
#3534 = EDGE_LOOP ( 'NONE', ( #3016, #737, #2635, #1773 ) ) ;
#3535 = CARTESIAN_POINT ( 'NONE',  ( 3.455323577095493007E-14, -9.525000000000098055, 5.400000000000000355 ) ) ;
#3536 = COORDINATED_UNIVERSAL_TIME_OFFSET ( 8, 0, .AHEAD. ) ;
#3537 = DESIGN_CONTEXT ( 'detailed design', #2832, 'design' ) ;
#3538 = ORIENTED_EDGE ( 'NONE', *, *, #2823, .F. ) ;
#3539 = ADVANCED_FACE ( 'NONE', ( #1099 ), #2170, .T. ) ;
#3540 = FACE_OUTER_BOUND ( 'NONE', #2871, .T. ) ;
#3541 = CONICAL_SURFACE ( 'NONE', #3665, 11.11500000000000021, 1.308996938995753867 ) ;
#3542 = CARTESIAN_POINT ( 'NONE',  ( -22.35899243382485579, -0.7970194816926956527, 31.69999999999873097 ) ) ;
#3543 = DIRECTION ( 'NONE',  ( 1.000000000000000000, -0.000000000000000000, -0.000000000000000000 ) ) ;
#3544 = CYLINDRICAL_SURFACE ( 'NONE', #3411, 10.99999999999749889 ) ;
#3545 = DIRECTION ( 'NONE',  ( 0.000000000000000000, 0.000000000000000000, 1.000000000000000000 ) ) ;
#3546 = CARTESIAN_POINT ( 'NONE',  ( -31.30000000000291038, 0.000000000000000000, 0.000000000000000000 ) ) ;
#3547 = ORIENTED_EDGE ( 'NONE', *, *, #3804, .T. ) ;
#3548 = FACE_OUTER_BOUND ( 'NONE', #900, .T. ) ;
#3549 = CARTESIAN_POINT ( 'NONE',  ( -14.50000000000376765, 0.000000000000000000, 0.000000000000000000 ) ) ;
#3550 = VERTEX_POINT ( 'NONE', #1158 ) ;
#3551 = FACE_OUTER_BOUND ( 'NONE', #211, .T. ) ;
#3552 = CC_DESIGN_APPROVAL ( #2248, ( #2076 ) ) ;
#3553 = PERSON_AND_ORGANIZATION ( #2733, #1526 ) ;
#3554 = CIRCLE ( 'NONE', #3178, 1.149999999999999911 ) ;
#3555 = AXIS2_PLACEMENT_3D ( 'NONE', #1611, #3667, #3372 ) ;
#3556 = ORIENTED_EDGE ( 'NONE', *, *, #2402, .F. ) ;
#3557 = CARTESIAN_POINT ( 'NONE',  ( 4.950000000000000178, 6.062001655779398511E-16, -0.5000000000000038858 ) ) ;
#3558 = CONICAL_SURFACE ( 'NONE', #3184, 9.525000000000000355, 1.047197551196596521 ) ;
#3559 = CARTESIAN_POINT ( 'NONE',  ( 0.000000000000000000, 0.000000000000000000, -3.000000000000000000 ) ) ;
#3560 = CARTESIAN_POINT ( 'NONE',  ( 0.5796403954544853132, -6.415383748232097894, 6.404636774041423841 ) ) ;
#3561 = ADVANCED_FACE ( 'NONE', ( #2378 ), #575, .T. ) ;
#3562 = CARTESIAN_POINT ( 'NONE',  ( -34.40688589961590793, 6.417248242041515560, 11.11499999999796273 ) ) ;
#3563 = CARTESIAN_POINT ( 'NONE',  ( 6.698905150103431794, 7.486789615715098378, -9.262499999998295763 ) ) ;
#3564 = EDGE_LOOP ( 'NONE', ( #3538, #614, #2084, #2970 ) ) ;
#3565 = CARTESIAN_POINT ( 'NONE',  ( -9.997393957006606158, 0.000000000000000000, 0.000000000000000000 ) ) ;
#3566 = DIRECTION ( 'NONE',  ( 0.000000000000000000, 0.000000000000000000, -1.000000000000000000 ) ) ;
#3567 = VERTEX_POINT ( 'NONE', #3527 ) ;
#3568 = CARTESIAN_POINT ( 'NONE',  ( -6.100000000003942269, 0.000000000000000000, 3.874999999999958256 ) ) ;
#3569 = MECHANICAL_CONTEXT ( 'NONE', #1200, 'mechanical' ) ;
#3570 = CIRCLE ( 'NONE', #1873, 3.874999999999845901 ) ;
#3571 = EDGE_LOOP ( 'NONE', ( #2249, #3603 ) ) ;
#3572 = EDGE_CURVE ( 'NONE', #754, #3489, #1084, .T. ) ;
#3573 = DIRECTION ( 'NONE',  ( -1.000000000000000000, -0.000000000000000000, -0.000000000000000000 ) ) ;
#3574 = LOCAL_TIME ( 18, 43, 25.00000000000000000, #2608 ) ;
#3575 = EDGE_CURVE ( 'NONE', #2101, #3861, #229, .T. ) ;
#3576 = DIRECTION ( 'NONE',  ( -0.5000000000000069944, 0.8660254037844345998, 0.000000000000000000 ) ) ;
#3577 = AXIS2_PLACEMENT_3D ( 'NONE', #2978, #544, #1154 ) ;
#3578 = DIRECTION ( 'NONE',  ( 0.000000000000000000, 0.000000000000000000, 1.000000000000000000 ) ) ;
#3579 = CARTESIAN_POINT ( 'NONE',  ( 7.087157097717456722, 6.774683825530972037, 17.44444124035915422 ) ) ;
#3580 = AXIS2_PLACEMENT_3D ( 'NONE', #2771, #627, #2478 ) ;
#3581 = LINE ( 'NONE', #2098, #2060 ) ;
#3582 = ORIENTED_EDGE ( 'NONE', *, *, #604, .T. ) ;
#3583 = VERTEX_POINT ( 'NONE', #857 ) ;
#3584 = EDGE_CURVE ( 'NONE', #2449, #2185, #2124, .T. ) ;
#3585 = CARTESIAN_POINT ( 'NONE',  ( -9.400000000004290257, 0.000000000000000000, 0.000000000000000000 ) ) ;
#3586 = CARTESIAN_POINT ( 'NONE',  ( -6.100000000003882761, -8.526512829121202230E-14, 0.000000000000000000 ) ) ;
#3587 = VERTEX_POINT ( 'NONE', #2041 ) ;
#3588 = EDGE_CURVE ( 'NONE', #2960, #1542, #247, .T. ) ;
#3589 = VERTEX_POINT ( 'NONE', #2632 ) ;
#3590 = DIRECTION ( 'NONE',  ( 0.7071067811865474617, 0.000000000000000000, -0.7071067811865474617 ) ) ;
#3591 = DATE_AND_TIME ( #1006, #1811 ) ;
#3592 = PRODUCT ( '316L-GN-HMR4-9.9', '316L-GN-HMR4-9.9', '', ( #3121 ) ) ;
#3593 = ORIENTED_EDGE ( 'NONE', *, *, #78, .T. ) ;
#3594 = PLANE ( 'NONE',  #1463 ) ;
#3595 = DIRECTION ( 'NONE',  ( 0.000000000000000000, 0.000000000000000000, 1.000000000000000000 ) ) ;
#3596 = AXIS2_PLACEMENT_3D ( 'NONE', #2848, #3578, #2964 ) ;
#3597 = CARTESIAN_POINT ( 'NONE',  ( -31.30000000000291038, 0.000000000000000000, 0.000000000000000000 ) ) ;
#3598 = B_SPLINE_CURVE_WITH_KNOTS ( 'NONE', 3,
 ( #2568, #2893, #395, #122, #3174, #1652 ),
 .UNSPECIFIED., .F., .F.,
 ( 4, 2, 4 ),
 ( 0.01307484664840560806, 0.01628701548585392497, 0.01949918432330224188 ),
 .UNSPECIFIED. ) ;
#3599 = CARTESIAN_POINT ( 'NONE',  ( -8.248891971046740323, -4.762500000000066791, 0.000000000000000000 ) ) ;
#3600 = DIRECTION ( 'NONE',  ( 0.000000000000000000, 0.000000000000000000, 1.000000000000000000 ) ) ;
#3601 = EDGE_CURVE ( 'NONE', #347, #1426, #2650, .T. ) ;
#3602 = CARTESIAN_POINT ( 'NONE',  ( 1.149999999999977041, 6.336489564419721887, 5.550231860035724551 ) ) ;
#3603 = ORIENTED_EDGE ( 'NONE', *, *, #2281, .T. ) ;
#3604 = VERTEX_POINT ( 'NONE', #2987 ) ;
#3605 = DIRECTION ( 'NONE',  ( 0.000000000000000000, 0.000000000000000000, -1.000000000000000000 ) ) ;
#3606 = CARTESIAN_POINT ( 'NONE',  ( -7.199999999999363354, 0.000000000000000000, -5.475000000000363798 ) ) ;
#3607 = ORIENTED_EDGE ( 'NONE', *, *, #1711, .T. ) ;
#3608 = ORIENTED_EDGE ( 'NONE', *, *, #2929, .T. ) ;
#3609 = LINE ( 'NONE', #2387, #1620 ) ;
#3610 = ORIENTED_EDGE ( 'NONE', *, *, #1113, .T. ) ;
#3611 = DIRECTION ( 'NONE',  ( -6.144964491593366446E-17, -1.000000000000000000, 0.000000000000000000 ) ) ;
#3612 = DIRECTION ( 'NONE',  ( 0.000000000000000000, 0.000000000000000000, 1.000000000000000000 ) ) ;
#3613 =( GEOMETRIC_REPRESENTATION_CONTEXT ( 3 ) GLOBAL_UNCERTAINTY_ASSIGNED_CONTEXT ( ( #2842 ) ) GLOBAL_UNIT_ASSIGNED_CONTEXT ( ( #2236, #723, #110 ) ) REPRESENTATION_CONTEXT ( 'NONE', 'WORKASPACE' ) );
#3614 = AXIS2_PLACEMENT_3D ( 'NONE', #1896, #1273, #3415 ) ;
#3615 = PERSON_AND_ORGANIZATION_ROLE ( 'creator' ) ;
#3616 = CARTESIAN_POINT ( 'NONE',  ( 15.59999999999936193, 0.000000000000000000, -4.765000000000782165 ) ) ;
#3617 = AXIS2_PLACEMENT_3D ( 'NONE', #2394, #3856, #1420 ) ;
#3618 = CARTESIAN_POINT ( 'NONE',  ( 9.180332783635268612, -3.149197188353554111, 17.50207492918109509 ) ) ;
#3619 = CARTESIAN_POINT ( 'NONE',  ( 6.096152422706743401, -3.389467538718816803E-16, 0.000000000000000000 ) ) ;
#3620 = ORIENTED_EDGE ( 'NONE', *, *, #2994, .T. ) ;
#3621 = DIRECTION ( 'NONE',  ( -1.000000000000000000, -3.016910393003142859E-15, 0.000000000000000000 ) ) ;
#3622 = CARTESIAN_POINT ( 'NONE',  ( -10.54871925222719042, 0.7790823003624812726, 0.5910445858475857905 ) ) ;
#3623 = ORIENTED_EDGE ( 'NONE', *, *, #2885, .F. ) ;
#3624 = CARTESIAN_POINT ( 'NONE',  ( 0.000000000000000000, 0.000000000000000000, 17.10000000000000142 ) ) ;
#3625 = AXIS2_PLACEMENT_3D ( 'NONE', #2428, #1348, #1651 ) ;
#3626 = VECTOR ( 'NONE', #1336, 1000.000000000000000 ) ;
#3627 = ORIENTED_EDGE ( 'NONE', *, *, #2055, .T. ) ;
#3628 = EDGE_CURVE ( 'NONE', #2815, #859, #3116, .T. ) ;
#3629 = DIRECTION ( 'NONE',  ( 0.000000000000000000, -0.8660254037844388186, -0.4999999999999998335 ) ) ;
#3630 = DIRECTION ( 'NONE',  ( 0.000000000000000000, 0.000000000000000000, 1.000000000000000000 ) ) ;
#3631 = ADVANCED_FACE ( 'NONE', ( #1138 ), #3841, .T. ) ;
#3632 = DATE_AND_TIME ( #2783, #2550 ) ;
#3633 = AXIS2_PLACEMENT_3D ( 'NONE', #146, #3436, #3812 ) ;
#3634 = ADVANCED_FACE ( 'NONE', ( #842, #877 ), #587, .T. ) ;
#3635 = CARTESIAN_POINT ( 'NONE',  ( -1.853183372580810451, -9.525000000000018119, 0.07997378778043237602 ) ) ;
#3636 = CYLINDRICAL_SURFACE ( 'NONE', #492, 4.765000000000782165 ) ;
#3637 = CIRCLE ( 'NONE', #1808, 4.765000000001083258 ) ;
#3638 = CC_DESIGN_APPROVAL ( #280, ( #1493 ) ) ;
#3639 = CARTESIAN_POINT ( 'NONE',  ( 6.096152422706743401, -3.389467538718816803E-16, 0.000000000000000000 ) ) ;
#3640 = CARTESIAN_POINT ( 'NONE',  ( -0.9184904074678260644, 6.375057532453786813, 6.107990470309157871 ) ) ;
#3641 = AXIS2_PLACEMENT_3D ( 'NONE', #874, #3245, #1192 ) ;
#3642 = EDGE_LOOP ( 'NONE', ( #1891, #1436, #2445, #553 ) ) ;
#3643 = ORIENTED_EDGE ( 'NONE', *, *, #3394, .T. ) ;
#3644 = CARTESIAN_POINT ( 'NONE',  ( 0.000000000000000000, 0.000000000000000000, 0.000000000000000000 ) ) ;
#3645 = DIRECTION ( 'NONE',  ( 0.000000000000000000, 1.224646799147353207E-16, -1.000000000000000000 ) ) ;
#3646 = CARTESIAN_POINT ( 'NONE',  ( -5.499261314031101300, -9.525000000000057199, 16.74926131403117679 ) ) ;
#3647 = CC_DESIGN_PERSON_AND_ORGANIZATION_ASSIGNMENT ( #3553, #2913, ( #1270 ) ) ;
#3648 = TOROIDAL_SURFACE ( 'NONE', #2323, 4.954230484540701696, 0.2000000000000002609 ) ;
#3649 = VERTEX_POINT ( 'NONE', #548 ) ;
#3650 = CARTESIAN_POINT ( 'NONE',  ( -5.499261314031233638, 9.524999999999979039, 0.8507386859688200742 ) ) ;
#3651 = ADVANCED_FACE ( 'NONE', ( #3822 ), #2231, .T. ) ;
#3652 = EDGE_LOOP ( 'NONE', ( #2990, #1165, #1518, #3669 ) ) ;
#3653 = CARTESIAN_POINT ( 'NONE',  ( 9.275000000000002132, 0.000000000000000000, -2.200000000000000178 ) ) ;
#3654 = PERSON_AND_ORGANIZATION_ROLE ( 'classification_officer' ) ;
#3655 = CARTESIAN_POINT ( 'NONE',  ( 0.000000000000000000, 0.000000000000000000, 0.000000000000000000 ) ) ;
#3656 = DIRECTION ( 'NONE',  ( -1.000000000000000000, 0.000000000000000000, 0.000000000000000000 ) ) ;
#3657 = DIRECTION ( 'NONE',  ( -1.000000000000000000, 5.560011140951532788E-17, -0.000000000000000000 ) ) ;
#3658 = LINE ( 'NONE', #3680, #3006 ) ;
#3659 = EDGE_LOOP ( 'NONE', ( #2846, #2048, #3231, #2419 ) ) ;
#3660 = MANIFOLD_SOLID_BREP ( '切除-拉伸2', #2677 ) ;
#3661 = CARTESIAN_POINT ( 'NONE',  ( -10.40000000000428848, 7.592810154713455729E-16, -6.099999999999753619 ) ) ;
#3662 = DIRECTION ( 'NONE',  ( 1.000000000000000000, 0.000000000000000000, 0.000000000000000000 ) ) ;
#3663 = VECTOR ( 'NONE', #3675, 1000.000000000000227 ) ;
#3664 = DIRECTION ( 'NONE',  ( -1.000000000000000000, 0.000000000000000000, 0.000000000000000000 ) ) ;
#3665 = AXIS2_PLACEMENT_3D ( 'NONE', #3405, #764, #2503 ) ;
#3666 = AXIS2_PLACEMENT_3D ( 'NONE', #187, #466, #3468 ) ;
#3667 = DIRECTION ( 'NONE',  ( -0.000000000000000000, 0.000000000000000000, 1.000000000000000000 ) ) ;
#3668 = CALENDAR_DATE ( 2025, 23, 7 ) ;
#3669 = ORIENTED_EDGE ( 'NONE', *, *, #3243, .F. ) ;
#3670 = ORIENTED_EDGE ( 'NONE', *, *, #293, .T. ) ;
#3671 = FACE_OUTER_BOUND ( 'NONE', #456, .T. ) ;
#3672 = ORIENTED_EDGE ( 'NONE', *, *, #1965, .F. ) ;
#3673 = PLANE ( 'NONE',  #2035 ) ;
#3674 = PERSON_AND_ORGANIZATION ( #2733, #1526 ) ;
#3675 = DIRECTION ( 'NONE',  ( 0.9396926207859309654, 0.000000000000000000, -0.3420201433256068180 ) ) ;
#3676 = CARTESIAN_POINT ( 'NONE',  ( -12.00000000000511058, 0.000000000000000000, -6.099999999999753619 ) ) ;
#3677 = CIRCLE ( 'NONE', #2166, 4.765000000001082370 ) ;
#3678 = DIRECTION ( 'NONE',  ( 0.000000000000000000, 0.000000000000000000, 1.000000000000000000 ) ) ;
#3679 = LOCAL_TIME ( 18, 43, 25.00000000000000000, #2661 ) ;
#3680 = CARTESIAN_POINT ( 'NONE',  ( -14.50000000000376765, 0.000000000000000000, -4.781025403783787375 ) ) ;
#3681 = ORIENTED_EDGE ( 'NONE', *, *, #714, .F. ) ;
#3682 = AXIS2_PLACEMENT_3D ( 'NONE', #1344, #2889, #3192 ) ;
#3683 = VERTEX_POINT ( 'NONE', #2966 ) ;
#3684 = CARTESIAN_POINT ( 'NONE',  ( -0.4499999999993633537, 0.000000000000000000, -3.874999999999845901 ) ) ;
#3685 = DIRECTION ( 'NONE',  ( -1.000000000000000000, 5.560011140951532788E-17, -0.000000000000000000 ) ) ;
#3686 = EDGE_CURVE ( 'NONE', #2030, #2457, #1461, .T. ) ;
#3687 = LINE ( 'NONE', #1219, #3302 ) ;
#3688 = AXIS2_PLACEMENT_3D ( 'NONE', #1584, #1212, #1281 ) ;
#3689 = DATE_AND_TIME ( #2483, #3262 ) ;
#3690 = ORIENTED_EDGE ( 'NONE', *, *, #3601, .T. ) ;
#3691 = EDGE_LOOP ( 'NONE', ( #599, #95, #2381, #2205 ) ) ;
#3692 = CARTESIAN_POINT ( 'NONE',  ( 2.332295471198202907, -9.524999999999971934, 17.44325433951765092 ) ) ;
#3693 = AXIS2_PLACEMENT_3D ( 'NONE', #52, #3369, #800 ) ;
#3694 = ORIENTED_EDGE ( 'NONE', *, *, #1037, .F. ) ;
#3695 = DIRECTION ( 'NONE',  ( 1.000000000000000000, 0.000000000000000000, 0.000000000000000000 ) ) ;
#3696 = APPROVAL_STATUS ( 'not_yet_approved' ) ;
#3697 = EDGE_CURVE ( 'NONE', #2517, #22, #368, .T. ) ;
#3698 = DIRECTION ( 'NONE',  ( -1.000000000000000000, -0.000000000000000000, -0.000000000000000000 ) ) ;
#3699 = CARTESIAN_POINT ( 'NONE',  ( -10.54984241687411384, -0.7771369221288686457, 0.5916930452590263290 ) ) ;
#3700 = PLANE ( 'NONE',  #512 ) ;
#3701 = CARTESIAN_POINT ( 'NONE',  ( -5.499261314031100412, -9.525000000000057199, 0.8507386859688216285 ) ) ;
#3702 = EDGE_CURVE ( 'NONE', #2449, #174, #2490, .T. ) ;
#3703 = EDGE_LOOP ( 'NONE', ( #2951, #3354, #527 ) ) ;
#3704 = ORIENTED_EDGE ( 'NONE', *, *, #233, .T. ) ;
#3705 = FACE_BOUND ( 'NONE', #789, .T. ) ;
#3706 = CARTESIAN_POINT ( 'NONE',  ( -8.717347705171475170, 3.951110867399036941, -6.112189747387031247E-15 ) ) ;
#3707 = PERSON_AND_ORGANIZATION ( #934, #100 ) ;
#3708 = SECURITY_CLASSIFICATION ( '', '', #3109 ) ;
#3709 = EDGE_CURVE ( 'NONE', #1585, #1214, #3362, .T. ) ;
#3710 = EDGE_LOOP ( 'NONE', ( #3009, #513, #2717, #1002 ) ) ;
#3711 = ORIENTED_EDGE ( 'NONE', *, *, #1216, .F. ) ;
#3712 = CARTESIAN_POINT ( 'NONE',  ( -9.400000000004290257, 5.835441997938464326E-16, 4.765000000001082370 ) ) ;
#3713 = CARTESIAN_POINT ( 'NONE',  ( -7.199999999999363354, 0.000000000000000000, -10.99999999999749889 ) ) ;
#3714 = CIRCLE ( 'NONE', #2451, 4.765000000000782165 ) ;
#3715 = EDGE_CURVE ( 'NONE', #1119, #1895, #3244, .T. ) ;
#3716 = VERTEX_POINT ( 'NONE', #2786 ) ;
#3717 = CARTESIAN_POINT ( 'NONE',  ( 6.096152422706742513, -14.11499999999999844, 0.000000000000000000 ) ) ;
#3718 = DATE_AND_TIME ( #108, #3106 ) ;
#3719 = CARTESIAN_POINT ( 'NONE',  ( 6.900000000000089173, -9.625872363064036819, 5.557499999999997442 ) ) ;
#3720 = DIRECTION ( 'NONE',  ( -1.000000000000000000, -0.000000000000000000, -0.000000000000000000 ) ) ;
#3721 = CARTESIAN_POINT ( 'NONE',  ( -6.402153650224446935, -7.961144599948655198, 0.3770952061963313007 ) ) ;
#3722 = ORIENTED_EDGE ( 'NONE', *, *, #1699, .F. ) ;
#3723 = EDGE_LOOP ( 'NONE', ( #3307, #1030, #1121 ) ) ;
#3724 = DIRECTION ( 'NONE',  ( 0.000000000000000000, 0.000000000000000000, -1.000000000000000000 ) ) ;
#3725 = CARTESIAN_POINT ( 'NONE',  ( -0.9299162373883981259, 9.524999999999996803, 17.60000000000000142 ) ) ;
#3726 = SECURITY_CLASSIFICATION_LEVEL ( 'unclassified' ) ;
#3727 = ORIENTED_EDGE ( 'NONE', *, *, #535, .T. ) ;
#3728 = ORIENTED_EDGE ( 'NONE', *, *, #1372, .T. ) ;
#3729 = CARTESIAN_POINT ( 'NONE',  ( 8.248891971046774074, 4.762500000000009948, 0.000000000000000000 ) ) ;
#3730 = CIRCLE ( 'NONE', #2025, 8.475000000000001421 ) ;
#3731 = CARTESIAN_POINT ( 'NONE',  ( -10.40000000000428848, 0.000000000000000000, 0.000000000000000000 ) ) ;
#3732 = EDGE_LOOP ( 'NONE', ( #2753, #1853 ) ) ;
#3733 = CARTESIAN_POINT ( 'NONE',  ( 0.000000000000000000, 0.000000000000000000, -2.500000000000005773 ) ) ;
#3734 = DATE_AND_TIME ( #2534, #2979 ) ;
#3735 = LINE ( 'NONE', #3163, #2649 ) ;
#3736 = DIRECTION ( 'NONE',  ( -1.000000000000000000, -0.000000000000000000, -0.000000000000000000 ) ) ;
#3737 = DIRECTION ( 'NONE',  ( 0.000000000000000000, 0.000000000000000000, 1.000000000000000000 ) ) ;
#3738 = ORIENTED_EDGE ( 'NONE', *, *, #2281, .F. ) ;
#3739 = B_SPLINE_CURVE_WITH_KNOTS ( 'NONE', 3,
 ( #786, #3725, #116, #1948, #766, #3151 ),
 .UNSPECIFIED., .F., .F.,
 ( 4, 2, 4 ),
 ( 0.03038055683586330519, 0.03316512640569456438, 0.03594969597552582358 ),
 .UNSPECIFIED. ) ;
#3740 = CARTESIAN_POINT ( 'NONE',  ( -1.150000000000034550, 9.524999999999996803, 5.400000000000000355 ) ) ;
#3741 = AXIS2_PLACEMENT_3D ( 'NONE', #3797, #1396, #3611 ) ;
#3742 = DIRECTION ( 'NONE',  ( 1.000000000000000000, 0.000000000000000000, 0.000000000000000000 ) ) ;
#3743 = LOCAL_TIME ( 18, 43, 25.00000000000000000, #3316 ) ;
#3744 = LINE ( 'NONE', #1363, #1204 ) ;
#3745 = CONICAL_SURFACE ( 'NONE', #767, 6.440000000000000391, 0.7853981633974482790 ) ;
#3746 = CIRCLE ( 'NONE', #3682, 5.674999999999571720 ) ;
#3747 = ORIENTED_EDGE ( 'NONE', *, *, #2309, .T. ) ;
#3748 = ADVANCED_FACE ( 'NONE', ( #2767 ), #2420, .T. ) ;
#3749 = AXIS2_PLACEMENT_3D ( 'NONE', #1280, #2499, #1901 ) ;
#3750 = EDGE_LOOP ( 'NONE', ( #2485, #1311 ) ) ;
#3751 = CARTESIAN_POINT ( 'NONE',  ( 0.000000000000000000, 0.000000000000000000, 17.60000000000000142 ) ) ;
#3752 = DIRECTION ( 'NONE',  ( -1.000000000000000000, 0.000000000000000000, 0.000000000000000000 ) ) ;
#3753 = EDGE_CURVE ( 'NONE', #1857, #805, #3494, .T. ) ;
#3754 = EDGE_LOOP ( 'NONE', ( #3155, #2996, #2321 ) ) ;
#3755 = CARTESIAN_POINT ( 'NONE',  ( 6.698905150103431794, -7.486789615715101931, -9.262499999998304645 ) ) ;
#3756 = PERSON_AND_ORGANIZATION ( #2733, #1526 ) ;
#3757 = CC_DESIGN_PERSON_AND_ORGANIZATION_ASSIGNMENT ( #1410, #3866, ( #1198 ) ) ;
#3758 = EDGE_CURVE ( 'NONE', #2009, #1403, #701, .T. ) ;
#3759 = DIRECTION ( 'NONE',  ( -1.000000000000000000, -0.000000000000000000, -0.000000000000000000 ) ) ;
#3760 = PLANE ( 'NONE',  #71 ) ;
#3761 = DIRECTION ( 'NONE',  ( -0.000000000000000000, -0.000000000000000000, -1.000000000000000000 ) ) ;
#3762 = AXIS2_PLACEMENT_3D ( 'NONE', #3011, #1846, #3605 ) ;
#3763 = ADVANCED_FACE ( 'NONE', ( #2455 ), #3062, .T. ) ;
#3764 = ORIENTED_EDGE ( 'NONE', *, *, #2496, .F. ) ;
#3765 = CARTESIAN_POINT ( 'NONE',  ( -0.1325536793750513587, 6.952018928878306525, 10.18874999999813724 ) ) ;
#3766 = CARTESIAN_POINT ( 'NONE',  ( 7.634999999999990905, 0.000000000000000000, 0.000000000000000000 ) ) ;
#3767 = DIRECTION ( 'NONE',  ( 1.000000000000000000, -0.000000000000000000, -0.000000000000000000 ) ) ;
#3768 = AXIS2_PLACEMENT_3D ( 'NONE', #953, #2424, #2169 ) ;
#3769 = ORIENTED_EDGE ( 'NONE', *, *, #1067, .F. ) ;
#3770 = DIRECTION ( 'NONE',  ( 1.000000000000000000, -0.000000000000000000, -0.000000000000000000 ) ) ;
#3771 = CARTESIAN_POINT ( 'NONE',  ( -10.99852262806237846, -7.632217764024648044E-14, 16.74926131403118035 ) ) ;
#3772 = MANIFOLD_SOLID_BREP ( '旋转1', #3186 ) ;
#3773 = CIRCLE ( 'NONE', #1938, 9.525000000000000355 ) ;
#3774 = CC_DESIGN_PERSON_AND_ORGANIZATION_ASSIGNMENT ( #1916, #399, ( #133 ) ) ;
#3775 = DIRECTION ( 'NONE',  ( -1.000000000000000000, -0.000000000000000000, -0.000000000000000000 ) ) ;
#3776 = EDGE_LOOP ( 'NONE', ( #369, #1626, #239 ) ) ;
#3777 = CIRCLE ( 'NONE', #1745, 5.674999999999571720 ) ;
#3778 = CARTESIAN_POINT ( 'NONE',  ( 6.900000000000634515, -9.091101676225482819, -6.483749999998813962 ) ) ;
#3779 = EDGE_CURVE ( 'NONE', #1426, #625, #311, .T. ) ;
#3780 = APPROVAL_STATUS ( 'not_yet_approved' ) ;
#3781 = DIRECTION ( 'NONE',  ( -1.000000000000000000, -0.000000000000000000, -0.000000000000000000 ) ) ;
#3782 = DIRECTION ( 'NONE',  ( -1.000000000000000000, -0.000000000000000000, -0.000000000000000000 ) ) ;
#3783 = DIRECTION ( 'NONE',  ( -0.000000000000000000, -0.000000000000000000, -1.000000000000000000 ) ) ;
#3784 = CARTESIAN_POINT ( 'NONE',  ( -0.2489051501027031155, 11.76495511040944031, -1.852499999999657643 ) ) ;
#3785 = DIRECTION ( 'NONE',  ( 0.000000000000000000, 0.000000000000000000, -1.000000000000000000 ) ) ;
#3786 = CARTESIAN_POINT ( 'NONE',  ( 1.149999999999977041, 6.336489564419723663, 5.400000000000000355 ) ) ;
#3787 = ORIENTED_EDGE ( 'NONE', *, *, #2929, .F. ) ;
#3788 = EDGE_LOOP ( 'NONE', ( #2801, #870, #2839 ) ) ;
#3789 = CARTESIAN_POINT ( 'NONE',  ( -9.275000000000002132, 1.135859906209170235E-15, -3.000000000000000000 ) ) ;
#3790 = EDGE_LOOP ( 'NONE', ( #2659, #1021, #2438, #2091 ) ) ;
#3791 = B_SPLINE_CURVE_WITH_KNOTS ( 'NONE', 3,
 ( #1386, #2817, #2547, #1616, #2268, #1029, #2246, #104 ),
 .UNSPECIFIED., .F., .F.,
 ( 4, 2, 2, 4 ),
 ( 0.02480760746573276720, 0.02759408215062075093, 0.02898731949306473932, 0.03038055683550873118 ),
 .UNSPECIFIED. ) ;
#3792 = CARTESIAN_POINT ( 'NONE',  ( 6.900000000000089173, -9.625872363064036819, -5.557500000000000995 ) ) ;
#3793 = DATE_AND_TIME ( #834, #3045 ) ;
#3794 = FACE_OUTER_BOUND ( 'NONE', #3384, .T. ) ;
#3795 = DIRECTION ( 'NONE',  ( 1.000000000000000000, 0.000000000000000000, 0.000000000000000000 ) ) ;
#3796 = CARTESIAN_POINT ( 'NONE',  ( 5.449999999999997513, 6.674325055353072280E-16, -3.000000000000000000 ) ) ;
#3797 = CARTESIAN_POINT ( 'NONE',  ( 6.096152422706743401, -3.389467538718816803E-16, 0.000000000000000000 ) ) ;
#3798 = CARTESIAN_POINT ( 'NONE',  ( -1.004330430198299817, -6.361474124963699239, 5.980117765379207029 ) ) ;
#3799 = CARTESIAN_POINT ( 'NONE',  ( 10.99852262806237846, 2.215317249701455172E-16, 0.8507386859688209624 ) ) ;
#3800 = ORIENTED_EDGE ( 'NONE', *, *, #2658, .T. ) ;
#3801 = PRODUCT_RELATED_PRODUCT_CATEGORY ( 'detail', '', ( #2676 ) ) ;
#3802 = EDGE_CURVE ( 'NONE', #3683, #1268, #2796, .T. ) ;
#3803 = VERTEX_POINT ( 'NONE', #2435 ) ;
#3804 = EDGE_CURVE ( 'NONE', #2569, #3113, #2103, .T. ) ;
#3805 = CARTESIAN_POINT ( 'NONE',  ( -8.015539861186704584, -5.166677710331041951, 17.60000000000001918 ) ) ;
#3806 = PRODUCT_DEFINITION_FORMATION_WITH_SPECIFIED_SOURCE ( '任何', '', #2363, .NOT_KNOWN. ) ;
#3807 = CARTESIAN_POINT ( 'NONE',  ( 0.000000000000000000, 0.000000000000000000, 0.000000000000000000 ) ) ;
#3808 = CIRCLE ( 'NONE', #1719, 11.11499999999999666 ) ;
#3809 = ADVANCED_FACE ( 'NONE', ( #3400 ), #1081, .T. ) ;
#3810 = ORIENTED_EDGE ( 'NONE', *, *, #653, .F. ) ;
#3811 = AXIS2_PLACEMENT_3D ( 'NONE', #136, #2299, #1683 ) ;
#3812 = DIRECTION ( 'NONE',  ( 0.000000000000000000, 0.000000000000000000, 1.000000000000000000 ) ) ;
#3813 = B_SPLINE_CURVE_WITH_KNOTS ( 'NONE', 3,
 ( #3599, #2117, #3319, #2139, #3338, #622, #3699, #1882 ),
 .UNSPECIFIED., .F., .F.,
 ( 4, 2, 2, 4 ),
 ( 0.005564589980275988848, 0.006950476802621104698, 0.008336363624966218813, 0.01110813726965644531 ),
 .UNSPECIFIED. ) ;
#3814 = APPROVAL_DATE_TIME ( #2937, #45 ) ;
#3815 = CARTESIAN_POINT ( 'NONE',  ( -12.00000000000511058, 0.000000000000000000, 0.000000000000000000 ) ) ;
#3816 =( NAMED_UNIT ( * ) SI_UNIT ( $, .STERADIAN. ) SOLID_ANGLE_UNIT ( ) );
#3817 = EDGE_CURVE ( 'NONE', #3489, #248, #198, .T. ) ;
#3818 = DIRECTION ( 'NONE',  ( -0.000000000000000000, 1.000000000000000000, 1.224646799147353207E-16 ) ) ;
#3819 = CARTESIAN_POINT ( 'NONE',  ( -0.1325536793750521913, 12.29972579724623571, -0.9262499999998273781 ) ) ;
#3820 = CARTESIAN_POINT ( 'NONE',  ( -0.4499999999993612443, 2.502005013424638093E-17, 0.000000000000000000 ) ) ;
#3821 = DIRECTION ( 'NONE',  ( -0.8660254037844415942, 0.4999999999999949485, 0.000000000000000000 ) ) ;
#3822 = FACE_OUTER_BOUND ( 'NONE', #1443, .T. ) ;
#3823 = ADVANCED_FACE ( 'NONE', ( #682, #2475 ), #3700, .T. ) ;
#3824 = CONICAL_SURFACE ( 'NONE', #1220, 5.475000000000363798, 0.7853981633971276466 ) ;
#3825 = EDGE_LOOP ( 'NONE', ( #1550, #304, #2955 ) ) ;
#3826 = CARTESIAN_POINT ( 'NONE',  ( -0.4078726562911292319, -10.69541373673585838, -3.704999999999321059 ) ) ;
#3827 = DIRECTION ( 'NONE',  ( 0.000000000000000000, 0.000000000000000000, -1.000000000000000000 ) ) ;
#3828 = B_SPLINE_CURVE_WITH_KNOTS ( 'NONE', 3,
 ( #3021, #3303, #1501, #3618, #3060, #8, #645, #2724 ),
 .UNSPECIFIED., .F., .F.,
 ( 4, 2, 2, 4 ),
 ( 0.005564589980275919459, 0.006950476802621015360, 0.008336363624966111260, 0.01110813726965630306 ),
 .UNSPECIFIED. ) ;
#3829 = AXIS2_PLACEMENT_3D ( 'NONE', #537, #572, #494 ) ;
#3830 = EDGE_CURVE ( 'NONE', #3831, #2101, #3112, .T. ) ;
#3831 = VERTEX_POINT ( 'NONE', #283 ) ;
#3832 = DIRECTION ( 'NONE',  ( 1.000000000000000000, -0.000000000000000000, -0.000000000000000000 ) ) ;
#3833 = CONICAL_SURFACE ( 'NONE', #407, 13.41771913849730069, 1.047197551196595633 ) ;
#3834 = DATE_AND_TIME ( #3848, #474 ) ;
#3835 = APPROVAL_PERSON_ORGANIZATION ( #2850, #280, #453 ) ;
#3836 = ORIENTED_EDGE ( 'NONE', *, *, #1481, .F. ) ;
#3837 = DIRECTION ( 'NONE',  ( -0.000000000000000000, -0.000000000000000000, -1.000000000000000000 ) ) ;
#3838 = AXIS2_PLACEMENT_3D ( 'NONE', #897, #342, #3911 ) ;
#3839 = CARTESIAN_POINT ( 'NONE',  ( 6.698905150103432682, 11.76495511040944386, -1.852499999999658309 ) ) ;
#3840 = CARTESIAN_POINT ( 'NONE',  ( 6.697606996758579179, -4.291417101514753085, 11.11499999999796451 ) ) ;
#3841 = CYLINDRICAL_SURFACE ( 'NONE', #2799, 6.300000000000027356 ) ;
#3842 = DIRECTION ( 'NONE',  ( -0.000000000000000000, -0.000000000000000000, -1.000000000000000000 ) ) ;
#3843 = ORIENTED_EDGE ( 'NONE', *, *, #143, .T. ) ;
#3844 = DIRECTION ( 'NONE',  ( -1.000000000000000000, 5.560011140951532788E-17, -0.000000000000000000 ) ) ;
#3845 = CARTESIAN_POINT ( 'NONE',  ( 7.634999999999990905, 0.000000000000000000, 0.000000000000000000 ) ) ;
#3846 = ORIENTED_EDGE ( 'NONE', *, *, #9, .T. ) ;
#3847 = CARTESIAN_POINT ( 'NONE',  ( 0.000000000000000000, 0.000000000000000000, 0.000000000000000000 ) ) ;
#3848 = CALENDAR_DATE ( 2025, 23, 7 ) ;
#3849 = EDGE_LOOP ( 'NONE', ( #2795, #1065, #2890 ) ) ;
#3850 = EDGE_CURVE ( 'NONE', #1403, #1039, #1788, .T. ) ;
#3851 = CARTESIAN_POINT ( 'NONE',  ( -14.76158367259185944, 0.000000000000000000, 0.000000000000000000 ) ) ;
#3852 = CIRCLE ( 'NONE', #684, 3.222179676971717033 ) ;
#3853 = AXIS2_PLACEMENT_3D ( 'NONE', #206, #2275, #1985 ) ;
#3854 = CARTESIAN_POINT ( 'NONE',  ( 6.900000000000090949, -3.389467538718816803E-16, -2.261695613380076942E-15 ) ) ;
#3855 = CARTESIAN_POINT ( 'NONE',  ( -9.400000000004290257, 0.000000000000000000, 0.000000000000000000 ) ) ;
#3856 = DIRECTION ( 'NONE',  ( -1.000000000000000000, -0.000000000000000000, -0.000000000000000000 ) ) ;
#3857 = ORIENTED_EDGE ( 'NONE', *, *, #550, .F. ) ;
#3858 = CARTESIAN_POINT ( 'NONE',  ( -5.947941525219363257, -8.747863077871267379, 17.00830695474097354 ) ) ;
#3859 = DIRECTION ( 'NONE',  ( -0.000000000000000000, -0.000000000000000000, -1.000000000000000000 ) ) ;
#3860 = EDGE_CURVE ( 'NONE', #625, #1213, #3808, .T. ) ;
#3861 = VERTEX_POINT ( 'NONE', #2536 ) ;
#3862 = ORIENTED_EDGE ( 'NONE', *, *, #2470, .T. ) ;
#3863 = FACE_OUTER_BOUND ( 'NONE', #1669, .T. ) ;
#3864 = VECTOR ( 'NONE', #2144, 999.9999999999998863 ) ;
#3865 = APPROVAL_PERSON_ORGANIZATION ( #1317, #426, #1637 ) ;
#3866 = PERSON_AND_ORGANIZATION_ROLE ( 'classification_officer' ) ;
#3867 = CIRCLE ( 'NONE', #1528, 9.275000000000002132 ) ;
#3868 = ADVANCED_FACE ( 'NONE', ( #999 ), #2558, .T. ) ;
#3869 = AXIS2_PLACEMENT_3D ( 'NONE', #1398, #2081, #1177 ) ;
#3870 = ORIENTED_EDGE ( 'NONE', *, *, #3709, .T. ) ;
#3871 = CARTESIAN_POINT ( 'NONE',  ( -8.285320342655021264, -3.199999999999151079, -4.332188051983205044E-16 ) ) ;
#3872 = AXIS2_PLACEMENT_3D ( 'NONE', #2845, #465, #2537 ) ;
#3873 =( NAMED_UNIT ( * ) SI_UNIT ( $, .STERADIAN. ) SOLID_ANGLE_UNIT ( ) );
#3874 = ADVANCED_FACE ( 'NONE', ( #403 ), #3760, .F. ) ;
#3875 = CARTESIAN_POINT ( 'NONE',  ( -10.99852262806237846, -7.680227302144747393E-14, 17.60000000000000142 ) ) ;
#3876 = FACE_OUTER_BOUND ( 'NONE', #3329, .T. ) ;
#3877 = DIRECTION ( 'NONE',  ( -0.000000000000000000, -0.000000000000000000, -1.000000000000000000 ) ) ;
#3878 = ADVANCED_FACE ( 'NONE', ( #3441 ), #2289, .F. ) ;
#3879 = ORIENTED_EDGE ( 'NONE', *, *, #672, .F. ) ;
#3880 = ORIENTED_EDGE ( 'NONE', *, *, #2358, .T. ) ;
#3881 = PLANE ( 'NONE',  #224 ) ;
#3882 = CARTESIAN_POINT ( 'NONE',  ( -14.40000000000373781, 0.000000000000000000, 4.954230484540674162 ) ) ;
#3883 = ORIENTED_EDGE ( 'NONE', *, *, #2305, .T. ) ;
#3884 = DIRECTION ( 'NONE',  ( 0.000000000000000000, 0.000000000000000000, 1.000000000000000000 ) ) ;
#3885 = CC_DESIGN_DATE_AND_TIME_ASSIGNMENT ( #3357, #1275, ( #1335 ) ) ;
#3886 = APPROVAL_STATUS ( 'not_yet_approved' ) ;
#3887 = CIRCLE ( 'NONE', #1295, 10.99999999999749889 ) ;
#3888 = EDGE_LOOP ( 'NONE', ( #3582, #3620, #571, #560 ) ) ;
#3889 = CARTESIAN_POINT ( 'NONE',  ( -0.4082295124750509041, 2.134430033577373376, -11.11499999999796096 ) ) ;
#3890 = CARTESIAN_POINT ( 'NONE',  ( -8.475000000000001421, 1.037888162277381998E-15, -2.200000000000000178 ) ) ;
#3891 = ADVANCED_FACE ( 'NONE', ( #1960 ), #1677, .F. ) ;
#3892 = APPROVAL_PERSON_ORGANIZATION ( #516, #45, #559 ) ;
#3893 = FACE_OUTER_BOUND ( 'NONE', #1088, .T. ) ;
#3894 = DIRECTION ( 'NONE',  ( -5.364923030742486669E-17, -1.000000000000000000, 0.000000000000000000 ) ) ;
#3895 = DIRECTION ( 'NONE',  ( 0.7071067811867742803, 8.659560562352157054E-17, 0.7071067811863208652 ) ) ;
#3896 = CIRCLE ( 'NONE', #1173, 11.11499999999999666 ) ;
#3897 = CARTESIAN_POINT ( 'NONE',  ( 0.3020164383957090748, 6.434431953361674950, 6.519857843443488399 ) ) ;
#3898 = EDGE_LOOP ( 'NONE', ( #3836, #3607, #3728, #58, #1471, #460 ) ) ;
#3899 = ORIENTED_EDGE ( 'NONE', *, *, #3069, .T. ) ;
#3900 = CARTESIAN_POINT ( 'NONE',  ( 6.697606996758580955, 4.291417101514761967, -11.11499999999795740 ) ) ;
#3901 = DIRECTION ( 'NONE',  ( -3.627636301412553852E-15, 1.000000000000000000, 0.000000000000000000 ) ) ;
#3902 = ORIENTED_EDGE ( 'NONE', *, *, #2689, .F. ) ;
#3903 = DIRECTION ( 'NONE',  ( -3.627636301412553852E-15, 1.000000000000000000, -0.000000000000000000 ) ) ;
#3904 = VERTEX_POINT ( 'NONE', #2212 ) ;
#3905 = FACE_OUTER_BOUND ( 'NONE', #3195, .T. ) ;
#3906 = CARTESIAN_POINT ( 'NONE',  ( -6.100000000003882761, -8.526512829121202230E-14, 0.000000000000000000 ) ) ;
#3907 = COORDINATED_UNIVERSAL_TIME_OFFSET ( 8, 0, .AHEAD. ) ;
#3908 = PERSON ( 'NAUO-PER2', 'UNSPECIFIED', 'UNSPECIFIED', ('UNSPECIFIED'), ('UNSPECIFIED'), ('UNSPECIFIED') ) ;
#3909 = AXIS2_PLACEMENT_3D ( 'NONE', #2582, #1324, #706 ) ;
#3910 = DIRECTION ( 'NONE',  ( 1.000000000000000000, 0.000000000000000000, 0.000000000000000000 ) ) ;
#3911 = DIRECTION ( 'NONE',  ( 0.000000000000000000, 0.000000000000000000, -1.000000000000000000 ) ) ;
#3912 = CARTESIAN_POINT ( 'NONE',  ( -14.40000000000375380, 0.000000000000000000, 0.000000000000000000 ) ) ;
#3913 = CARTESIAN_POINT ( 'NONE',  ( -0.1512624962753072178, 6.440015357038896049, 6.550085999431236594 ) ) ;
#3914 = EDGE_LOOP ( 'NONE', ( #2199, #234, #1304, #2624 ) ) ;
#3915 = ORIENTED_EDGE ( 'NONE', *, *, #3465, .F. ) ;
#3916 = ADVANCED_FACE ( 'NONE', ( #2292, #3502 ), #1301, .F. ) ;
#3917 = NEXT_ASSEMBLY_USAGE_OCCURRENCE ( 'NAUO1', ' ', ' ', #2220, #2161, $ ) ;
#3918 = NEXT_ASSEMBLY_USAGE_OCCURRENCE ( 'NAUO2', ' ', ' ', #2220, #2076, $ ) ;
#3919 = NEXT_ASSEMBLY_USAGE_OCCURRENCE ( 'NAUO3', ' ', ' ', #2220, #2076, $ ) ;
#3920 = NEXT_ASSEMBLY_USAGE_OCCURRENCE ( 'NAUO4', ' ', ' ', #2220, #133, $ ) ;
#3921 = NEXT_ASSEMBLY_USAGE_OCCURRENCE ( 'NAUO5', ' ', ' ', #2220, #133, $ ) ;
ENDSEC;
END-ISO-10303-21;
