ISO-10303-21;
HEADER;
FILE_DESCRIPTION (( 'STEP AP203' ),
    '1' );
FILE_NAME ('316L-DV12A-FMR4-HP(低压阴螺纹手动外形图).STEP',
    '2023-09-06T05:59:25',
    ( '' ),
    ( '' ),
    'SwSTEP 2.0',
    'SolidWorks 2014',
    '' );
FILE_SCHEMA (( 'CONFIG_CONTROL_DESIGN' ));
ENDSEC;

DATA;
#1 = DIRECTION ( 'NONE',  ( 0.0000000000000000000, 0.0000000000000000000, 1.000000000000000000 ) ) ;
#2 = CARTESIAN_POINT ( 'NONE',  ( -13.05465439984742000, 0.0000000000000000000, -5.674999999999997200 ) ) ;
#3 = CARTESIAN_POINT ( 'NONE',  ( 1.006550781153894200E-013, -9.525000000000000400, 0.0000000000000000000 ) ) ;
#4 = ORIENTED_EDGE ( 'NONE', *, *, #7871, .F. ) ;
#5 = ADVANCED_FACE ( 'NONE', ( #2317 ), #5134, .F. ) ;
#6 = CARTESIAN_POINT ( 'NONE',  ( -2.505195764089542800, 1.764584338990073100, -20.83700186254390400 ) ) ;
#7 = CARTESIAN_POINT ( 'NONE',  ( -4.419605437963948400, 23.09492482837286800, -19.21911164059534400 ) ) ;
#8 = ORIENTED_EDGE ( 'NONE', *, *, #2211, .T. ) ;
#9 = CARTESIAN_POINT ( 'NONE',  ( 1.408344576769477600E-016, 6.440000000000000400, 4.250000000000001800 ) ) ;
#10 = CARTESIAN_POINT ( 'NONE',  ( -13.79999999999999900, -3.851286324154184300E-015, 0.0000000000000000000 ) ) ;
#11 = EDGE_LOOP ( 'NONE', ( #7531, #2074, #2765, #6157 ) ) ;
#12 = DIRECTION ( 'NONE',  ( -1.000000000000000000, 8.775090700452169200E-016, 0.0000000000000000000 ) ) ;
#13 = AXIS2_PLACEMENT_3D ( 'NONE', #8027, #3559, #3628 ) ;
#14 = EDGE_CURVE ( 'NONE', #9416, #2133, #344, .T. ) ;
#15 = CARTESIAN_POINT ( 'NONE',  ( 1.954271688112465500, 0.8117971011559428400, 0.6318893849766349400 ) ) ;
#16 = B_SPLINE_CURVE_WITH_KNOTS ( 'NONE', 3,
 ( #7150, #4961, #2004, #6373, #6502, #5634, #7119, #7876 ),
 .UNSPECIFIED., .F., .F.,
 ( 4, 2, 2, 4 ),
 ( 0.005564589980275986200, 0.006950476802621102100, 0.008336363624966217100, 0.01110813726965644500 ),
 .UNSPECIFIED. ) ;
#17 = CARTESIAN_POINT ( 'NONE',  ( 4.929141392239747800, 17.49812500000000900, -11.90000000000003200 ) ) ;
#18 = EDGE_LOOP ( 'NONE', ( #296, #8593, #7910, #5912 ) ) ;
#19 = ADVANCED_FACE ( 'NONE', ( #8044 ), #3715, .T. ) ;
#20 = LINE ( 'NONE', #5102, #4357 ) ;
#21 = ORIENTED_EDGE ( 'NONE', *, *, #3906, .F. ) ;
#22 = DIRECTION ( 'NONE',  ( 0.0000000000000000000, 1.000000000000000000, 0.0000000000000000000 ) ) ;
#23 = DIRECTION ( 'NONE',  ( 8.659560562354932900E-017, -0.7071067811865474600, 0.7071067811865474600 ) ) ;
#24 = CARTESIAN_POINT ( 'NONE',  ( 9.433607201078620700, 24.29969919575330600, 15.33818688812703900 ) ) ;
#25 = CARTESIAN_POINT ( 'NONE',  ( 5.312971222579579800, 16.48687500000001200, 12.82664718204931200 ) ) ;
#27 = VERTEX_POINT ( 'NONE', #891 ) ;
#26 = ORIENTED_EDGE ( 'NONE', *, *, #759, .T. ) ;
#28 = CARTESIAN_POINT ( 'NONE',  ( 0.0000000000000000000, 0.0000000000000000000, 0.0000000000000000000 ) ) ;
#29 = AXIS2_PLACEMENT_3D ( 'NONE', #5998, #6772, #81 ) ;
#30 = DIRECTION ( 'NONE',  ( 0.0000000000000000000, 0.0000000000000000000, -1.000000000000000000 ) ) ;
#31 = CIRCLE ( 'NONE', #4550, 11.09999999999998500 ) ;
#32 = EDGE_CURVE ( 'NONE', #1770, #4000, #9663, .T. ) ;
#33 = ORIENTED_EDGE ( 'NONE', *, *, #6298, .T. ) ;
#34 = ADVANCED_FACE ( 'NONE', ( #6063 ), #9555, .F. ) ;
#35 = CARTESIAN_POINT ( 'NONE',  ( 0.0000000000000000000, 0.0000000000000000000, 0.0000000000000000000 ) ) ;
#36 = ORIENTED_EDGE ( 'NONE', *, *, #5906, .F. ) ;
#37 = CARTESIAN_POINT ( 'NONE',  ( -4.764252548586149800, 0.03066562301164290500, -18.85352584841405100 ) ) ;
#38 = DATE_AND_TIME ( #9272, #5774 ) ;
#39 = CARTESIAN_POINT ( 'NONE',  ( -5.499261314031233600, 9.524999999999979000, 0.8507386859688200700 ) ) ;
#40 = AXIS2_PLACEMENT_3D ( 'NONE', #1044, #8382, #3911 ) ;
#41 = CC_DESIGN_APPROVAL ( #4763, ( #3065 ) ) ;
#42 = FACE_BOUND ( 'NONE', #3796, .T. ) ;
#43 = VECTOR ( 'NONE', #8867, 999.9999999999998900 ) ;
#44 = CARTESIAN_POINT ( 'NONE',  ( -2.034263162620930200, 2.285941745493805100, -0.2916141632692254000 ) ) ;
#45 = CARTESIAN_POINT ( 'NONE',  ( 19.19236170130675800, 22.49822431844756900, -6.804852038801053400 ) ) ;
#46 = CARTESIAN_POINT ( 'NONE',  ( 0.0000000000000000000, 20.63746869550590200, 0.0000000000000000000 ) ) ;
#47 = VERTEX_POINT ( 'NONE', #7957 ) ;
#48 = CARTESIAN_POINT ( 'NONE',  ( -1.725874147982911200, 0.0000000000000000000, -15.50423678951415600 ) ) ;
#49 = CARTESIAN_POINT ( 'NONE',  ( -16.95045816486630100, 2.000000000000001800, -12.39685314912906700 ) ) ;
#50 = VECTOR ( 'NONE', #8172, 1000.000000000000000 ) ;
#51 = FACE_OUTER_BOUND ( 'NONE', #7464, .T. ) ;
#52 = VERTEX_POINT ( 'NONE', #1269 ) ;
#53 = DATE_AND_TIME ( #4759, #8481 ) ;
#54 = CARTESIAN_POINT ( 'NONE',  ( 8.414570696119975300, 17.10125000000000700, 8.414570696119856300 ) ) ;
#55 = CARTESIAN_POINT ( 'NONE',  ( 18.48684210526295100, 0.0000000000000000000, 4.385962719298598600 ) ) ;
#56 = ORIENTED_EDGE ( 'NONE', *, *, #5617, .F. ) ;
#57 = CARTESIAN_POINT ( 'NONE',  ( 0.0000000000000000000, 0.0000000000000000000, 17.10000000000000100 ) ) ;
#58 = CARTESIAN_POINT ( 'NONE',  ( 5.499261314031300300, -9.524999999999941700, 16.74926131403118000 ) ) ;
#59 = CARTESIAN_POINT ( 'NONE',  ( -8.414570696119973500, 20.47625000000000000, -8.414570696119856300 ) ) ;
#60 = CYLINDRICAL_SURFACE ( 'NONE', #5667, 11.89999999999999900 ) ;
#61 = LINE ( 'NONE', #3641, #916 ) ;
#62 = DIRECTION ( 'NONE',  ( 0.0000000000000000000, -1.000000000000000000, 0.0000000000000000000 ) ) ;
#63 = VERTEX_POINT ( 'NONE', #5380 ) ;
#64 = CARTESIAN_POINT ( 'NONE',  ( 12.27635182233308000, 0.0000000000000000000, 0.0000000000000000000 ) ) ;
#65 = PERSON_AND_ORGANIZATION ( #4303, #4183 ) ;
#66 = CARTESIAN_POINT ( 'NONE',  ( 0.09052260165510445100, 1.046603324151596000, -2.048078560182361200 ) ) ;
#67 = VERTEX_POINT ( 'NONE', #1074 ) ;
#68 = CARTESIAN_POINT ( 'NONE',  ( -3.703005886603586600, 22.49822397585539900, -20.02349908884414700 ) ) ;
#69 = VERTEX_POINT ( 'NONE', #8124 ) ;
#70 = VERTEX_POINT ( 'NONE', #2744 ) ;
#71 = FACE_BOUND ( 'NONE', #9458, .T. ) ;
#72 = DIRECTION ( 'NONE',  ( -0.0000000000000000000, -1.000000000000000000, -0.0000000000000000000 ) ) ;
#73 = ORIENTED_EDGE ( 'NONE', *, *, #5056, .F. ) ;
#74 = ORIENTED_EDGE ( 'NONE', *, *, #8818, .T. ) ;
#75 = AXIS2_PLACEMENT_3D ( 'NONE', #1935, #2753, #469 ) ;
#76 = CARTESIAN_POINT ( 'NONE',  ( -1.929386537009424300, 2.193008021375984800, -0.7064858967516580700 ) ) ;
#77 = CARTESIAN_POINT ( 'NONE',  ( -8.980256121069064800, 16.17563021535169600, 8.980256121069192700 ) ) ;
#78 = VERTEX_POINT ( 'NONE', #3228 ) ;
#79 = EDGE_CURVE ( 'NONE', #1958, #8684, #1152, .T. ) ;
#80 = CYLINDRICAL_SURFACE ( 'NONE', #2029, 11.89999999999999900 ) ;
#81 = DIRECTION ( 'NONE',  ( 1.000000000000000000, -8.775090700452170200E-016, 0.0000000000000000000 ) ) ;
#82 = CARTESIAN_POINT ( 'NONE',  ( -1.973595035689176700, 2.232125178712569500, 0.5726346151087575700 ) ) ;
#83 = CARTESIAN_POINT ( 'NONE',  ( 1.522235584190014200E-030, 13.71446665693450000, -2.050000000000001200 ) ) ;
#84 = EDGE_CURVE ( 'NONE', #2056, #2647, #5709, .T. ) ;
#85 = CARTESIAN_POINT ( 'NONE',  ( 9.000000000000001800, -11.19999999999999900, -9.000000000000000000 ) ) ;
#86 = CYLINDRICAL_SURFACE ( 'NONE', #5307, 11.89999999999999900 ) ;
#87 = DIRECTION ( 'NONE',  ( -0.5773502691896258400, 0.5773502691896258400, -0.5773502691896258400 ) ) ;
#88 = ADVANCED_FACE ( 'NONE', ( #7679 ), #2676, .T. ) ;
#89 = EDGE_LOOP ( 'NONE', ( #217, #9488, #7143, #5539 ) ) ;
#90 = CARTESIAN_POINT ( 'NONE',  ( 0.0000000000000000000, 0.0000000000000000000, -2.499999999999996000 ) ) ;
#91 = AXIS2_PLACEMENT_3D ( 'NONE', #8940, #8224, #5203 ) ;
#92 = CARTESIAN_POINT ( 'NONE',  ( -8.414570696119973500, 16.46625000000000900, -8.414570696119856300 ) ) ;
#93 = AXIS2_PLACEMENT_3D ( 'NONE', #8899, #4328, #5079 ) ;
#94 = DIRECTION ( 'NONE',  ( -0.8660254037844415900, 0.4999999999999949500, 0.0000000000000000000 ) ) ;
#95 = DIRECTION ( 'NONE',  ( -1.231304080816852700E-016, 1.000000000000000000, 0.0000000000000000000 ) ) ;
#96 = CARTESIAN_POINT ( 'NONE',  ( 5.949064689866487400, -8.745917699637393700, 17.00895541415241000 ) ) ;
#97 = VECTOR ( 'NONE', #2111, 1000.000000000000000 ) ;
#98 = CARTESIAN_POINT ( 'NONE',  ( 9.192421541439368800E-014, 13.86750000000001600, 12.82664718204935100 ) ) ;
#99 = EDGE_CURVE ( 'NONE', #1915, #8439, #6705, .T. ) ;
#100 = CARTESIAN_POINT ( 'NONE',  ( 5.260512242138388700, 12.60375521535169500, 12.69999999999992600 ) ) ;
#101 = CARTESIAN_POINT ( 'NONE',  ( 6.400365130926765300, -7.964242406242734200, 0.3778458271644037900 ) ) ;
#102 = DIRECTION ( 'NONE',  ( 8.881784197001252300E-016, 0.0000000000000000000, 1.000000000000000000 ) ) ;
#103 = EDGE_CURVE ( 'NONE', #9528, #6119, #3150, .T. ) ;
#104 = AXIS2_PLACEMENT_3D ( 'NONE', #464, #2581, #9264 ) ;
#105 = CYLINDRICAL_SURFACE ( 'NONE', #4539, 14.19999999999999900 ) ;
#106 = CARTESIAN_POINT ( 'NONE',  ( 12.69999999999996900, 12.98811978464833700, -9.023892744153249100E-014 ) ) ;
#107 = CARTESIAN_POINT ( 'NONE',  ( -16.95045816486630100, 20.63746869550590200, -12.39685314912906700 ) ) ;
#108 = ORIENTED_EDGE ( 'NONE', *, *, #1475, .F. ) ;
#109 = CARTESIAN_POINT ( 'NONE',  ( -9.803842999081297200, 17.09423820329189400, -7.932631179064205000 ) ) ;
#110 = ADVANCED_FACE ( 'NONE', ( #8516 ), #3611, .T. ) ;
#111 = CARTESIAN_POINT ( 'NONE',  ( 18.58147011433370100, 23.46268770547645500, 4.879508307651915000 ) ) ;
#112 = ORIENTED_EDGE ( 'NONE', *, *, #839, .T. ) ;
#113 = LINE ( 'NONE', #3454, #240 ) ;
#114 = CARTESIAN_POINT ( 'NONE',  ( -5.064956904762353500, 23.46268770547655100, -18.53177931250035500 ) ) ;
#115 = CC_DESIGN_APPROVAL ( #7001, ( #7181 ) ) ;
#116 = CARTESIAN_POINT ( 'NONE',  ( -18.48684210526283100, 0.0000000000000000000, -4.385962719299097800 ) ) ;
#117 = VERTEX_POINT ( 'NONE', #8400 ) ;
#118 = CARTESIAN_POINT ( 'NONE',  ( -0.3017175119825188400, 6.434441426673038800, 6.519903982726656700 ) ) ;
#119 = DIRECTION ( 'NONE',  ( -8.775090700452169200E-016, -1.000000000000000000, -0.0000000000000000000 ) ) ;
#120 = ORIENTED_EDGE ( 'NONE', *, *, #5831, .T. ) ;
#121 = B_SPLINE_CURVE_WITH_KNOTS ( 'NONE', 3,
 ( #7746, #3947, #9253, #2671, #3403, #8602, #7886, #4937, #7101, #8635, #8572, #354 ),
 .UNSPECIFIED., .F., .F.,
 ( 4, 2, 2, 2, 2, 4 ),
 ( 2.344180752267651300E-007, 0.003137532069197816000, 0.006274829720320404900, 0.007843478545881701900, 0.009412127371442995500, 0.01254942502256558800 ),
 .UNSPECIFIED. ) ;
#122 = EDGE_CURVE ( 'NONE', #3527, #9106, #1801, .T. ) ;
#123 = VERTEX_POINT ( 'NONE', #5510 ) ;
#124 = CARTESIAN_POINT ( 'NONE',  ( 4.929141392239747800, 20.03812500000000100, -11.90000000000003200 ) ) ;
#125 = DIRECTION ( 'NONE',  ( 0.0000000000000000000, 0.0000000000000000000, -1.000000000000000000 ) ) ;
#126 = CARTESIAN_POINT ( 'NONE',  ( -9.438646482267326800, 17.27338775692441400, 8.123477795785541700 ) ) ;
#127 = CARTESIAN_POINT ( 'NONE',  ( 9.192421541439368800E-014, 12.59750000000001800, 12.82664718204935100 ) ) ;
#128 = CARTESIAN_POINT ( 'NONE',  ( -8.965523947390061500E-014, 17.57750000000000800, -11.89999999999999900 ) ) ;
#129 = ORIENTED_EDGE ( 'NONE', *, *, #9101, .T. ) ;
#130 = DIRECTION ( 'NONE',  ( 1.000000000000000000, -8.462065736472224900E-016, 0.0000000000000000000 ) ) ;
#131 = CARTESIAN_POINT ( 'NONE',  ( 0.01823420001822034800, 1.042832680730699600, -2.050000000000001200 ) ) ;
#132 = CARTESIAN_POINT ( 'NONE',  ( 14.28999999999999700, -23.09999999999999800, -8.250335346719754900 ) ) ;
#133 = ADVANCED_FACE ( 'NONE', ( #8851, #6518 ), #6191, .T. ) ;
#134 = DIRECTION ( 'NONE',  ( 0.0000000000000000000, 0.0000000000000000000, -1.000000000000000000 ) ) ;
#135 = DIRECTION ( 'NONE',  ( 0.0000000000000000000, -1.000000000000000000, 0.0000000000000000000 ) ) ;
#136 = CARTESIAN_POINT ( 'NONE',  ( 11.88412758796775700, 10.90000000000000700, 0.6144196228178397900 ) ) ;
#137 = DIRECTION ( 'NONE',  ( 0.9848077530122093500, 0.0000000000000000000, -0.1736481776669235300 ) ) ;
#138 = FACE_OUTER_BOUND ( 'NONE', #7210, .T. ) ;
#139 = ORIENTED_EDGE ( 'NONE', *, *, #9382, .F. ) ;
#140 = CARTESIAN_POINT ( 'NONE',  ( -2.050000000000001200, 2.299999999999994500, -2.193834799194117400E-021 ) ) ;
#142 = ORIENTED_EDGE ( 'NONE', *, *, #1402, .T. ) ;
#141 = ORIENTED_EDGE ( 'NONE', *, *, #590, .T. ) ;
#143 = CARTESIAN_POINT ( 'NONE',  ( 1.026685611952905400E-014, 11.70000000000001900, 0.0000000000000000000 ) ) ;
#144 = CARTESIAN_POINT ( 'NONE',  ( 7.349999999999998800, -1.247078193226541600E-015, 0.0000000000000000000 ) ) ;
#145 = DIRECTION ( 'NONE',  ( -0.0000000000000000000, -0.0000000000000000000, -1.000000000000000000 ) ) ;
#146 = DIRECTION ( 'NONE',  ( 4.205219310670844300E-016, 0.0000000000000000000, 1.000000000000000000 ) ) ;
#147 = AXIS2_PLACEMENT_3D ( 'NONE', #754, #7459, #7492 ) ;
#148 = CARTESIAN_POINT ( 'NONE',  ( 14.29000000000000400, -10.11903944969407500, 2.095102335171737300 ) ) ;
#149 = FACE_OUTER_BOUND ( 'NONE', #362, .T. ) ;
#150 = CARTESIAN_POINT ( 'NONE',  ( 1.203456888229273200E-014, 13.71446665693450500, 0.0000000000000000000 ) ) ;
#151 = ORIENTED_EDGE ( 'NONE', *, *, #6298, .F. ) ;
#152 = AXIS2_PLACEMENT_3D ( 'NONE', #8477, #1913, #5773 ) ;
#153 = EDGE_CURVE ( 'NONE', #8907, #2927, #8739, .T. ) ;
#155 = ORIENTED_EDGE ( 'NONE', *, *, #5249, .F. ) ;
#154 = EDGE_LOOP ( 'NONE', ( #8, #6317 ) ) ;
#156 = CALENDAR_DATE ( 2023, 6, 9 ) ;
#157 = ORIENTED_EDGE ( 'NONE', *, *, #7820, .F. ) ;
#158 = CARTESIAN_POINT ( 'NONE',  ( 4.929141392239922800, 13.21187500000001300, 11.89999999999996300 ) ) ;
#159 = CARTESIAN_POINT ( 'NONE',  ( 7.708822511778873100, 17.69600855573832400, -9.211189171423017200 ) ) ;
#160 = ADVANCED_FACE ( 'NONE', ( #4087 ), #9079, .T. ) ;
#161 = DIRECTION ( 'NONE',  ( 0.8660254037844386000, 0.0000000000000000000, -0.5000000000000001100 ) ) ;
#162 = EDGE_CURVE ( 'NONE', #1329, #6846, #2085, .T. ) ;
#163 = AXIS2_PLACEMENT_3D ( 'NONE', #9650, #746, #5967 ) ;
#164 = CONICAL_SURFACE ( 'NONE', #3550, 11.89999999999999000, 0.7853981633974341800 ) ;
#165 = CARTESIAN_POINT ( 'NONE',  ( -9.069809202314351300, 13.70875000000001600, 9.069809202314482700 ) ) ;
#166 = B_SPLINE_CURVE_WITH_KNOTS ( 'NONE', 3,
 ( #562, #4097, #3414, #1119, #9369, #7053 ),
 .UNSPECIFIED., .F., .F.,
 ( 4, 2, 4 ),
 ( 0.03038055683550873100, 0.03316512640533680200, 0.03594969597516487600 ),
 .UNSPECIFIED. ) ;
#167 = CARTESIAN_POINT ( 'NONE',  ( 8.980256121069192700, 12.68313021535169800, 8.980256121069064800 ) ) ;
#168 = AXIS2_PLACEMENT_3D ( 'NONE', #4889, #5627, #9368 ) ;
#169 = VERTEX_POINT ( 'NONE', #6698 ) ;
#170 = ORIENTED_EDGE ( 'NONE', *, *, #409, .F. ) ;
#171 = DIRECTION ( 'NONE',  ( -8.775090700452169200E-016, -1.000000000000000000, -0.0000000000000000000 ) ) ;
#172 = CARTESIAN_POINT ( 'NONE',  ( -13.44999999999999900, 8.900000000000016300, 12.94999999999999200 ) ) ;
#173 = CARTESIAN_POINT ( 'NONE',  ( 0.0000000000000000000, 24.00000000000000000, 16.68470121112101300 ) ) ;
#174 = CIRCLE ( 'NONE', #8275, 15.60000000000000000 ) ;
#175 = DIRECTION ( 'NONE',  ( 1.243449787580175600E-014, 0.0000000000000000000, 1.000000000000000000 ) ) ;
#176 = FACE_OUTER_BOUND ( 'NONE', #681, .T. ) ;
#177 = CARTESIAN_POINT ( 'NONE',  ( 4.929141392239929900, 15.75187500000001300, 11.89999999999995900 ) ) ;
#178 = ORIENTED_EDGE ( 'NONE', *, *, #2828, .T. ) ;
#179 = CARTESIAN_POINT ( 'NONE',  ( -16.95045816486629400, 2.000000000000001800, 12.39685314912908800 ) ) ;
#180 = DIRECTION ( 'NONE',  ( 1.000000000000000000, -8.746504920891471700E-016, 0.0000000000000000000 ) ) ;
#181 = CC_DESIGN_DATE_AND_TIME_ASSIGNMENT ( #1013, #514, ( #557 ) ) ;
#182 = VERTEX_POINT ( 'NONE', #3795 ) ;
#183 = UNCERTAINTY_MEASURE_WITH_UNIT (LENGTH_MEASURE( 1.000000000000000100E-005 ), #6773, 'distance_accuracy_value', 'NONE');
#184 = CONICAL_SURFACE ( 'NONE', #7403, 13.41771913849730100, 1.047197551196595600 ) ;
#185 = CARTESIAN_POINT ( 'NONE',  ( 5.719310547109079000, 11.57087599768569500, 11.22251209713994400 ) ) ;
#186 = DIRECTION ( 'NONE',  ( 0.0000000000000000000, 1.000000000000000000, 0.0000000000000000000 ) ) ;
#187 = DIRECTION ( 'NONE',  ( 0.0000000000000000000, 0.0000000000000000000, 1.000000000000000000 ) ) ;
#188 = EDGE_CURVE ( 'NONE', #8157, #8843, #5601, .T. ) ;
#189 = CARTESIAN_POINT ( 'NONE',  ( -2.050000000000001200, 2.299999999999994500, 0.1451016197204753300 ) ) ;
#190 = EDGE_LOOP ( 'NONE', ( #1943, #1430, #547, #5012 ) ) ;
#191 = APPROVAL_DATE_TIME ( #3001, #2176 ) ;
#192 = CARTESIAN_POINT ( 'NONE',  ( -1.004856625985218500, -6.361389186182236700, 5.979141670138437400 ) ) ;
#193 = CARTESIAN_POINT ( 'NONE',  ( 14.29000000000000100, -10.57175602935784300, 5.236102860722977100 ) ) ;
#194 = CARTESIAN_POINT ( 'NONE',  ( -5.949064689866300900, -8.745917699637505600, 0.5910445858475861200 ) ) ;
#195 = ORIENTED_EDGE ( 'NONE', *, *, #7232, .T. ) ;
#196 = VERTEX_POINT ( 'NONE', #925 ) ;
#197 = ADVANCED_FACE ( 'NONE', ( #1386 ), #8628, .T. ) ;
#198 = VECTOR ( 'NONE', #3352, 1000.000000000000100 ) ;
#199 = FACE_OUTER_BOUND ( 'NONE', #6106, .T. ) ;
#200 = CARTESIAN_POINT ( 'NONE',  ( 11.89999999999996500, 12.25937500000001800, -4.929141392239915700 ) ) ;
#201 = CARTESIAN_POINT ( 'NONE',  ( 7.379662733313867100, 17.70041771656325100, -9.471402681860809000 ) ) ;
#202 = DIRECTION ( 'NONE',  ( 0.0000000000000000000, 0.0000000000000000000, 1.000000000000000000 ) ) ;
#203 = CARTESIAN_POINT ( 'NONE',  ( -5.445065917666424200, 0.0000000000000000000, -18.20305625855910100 ) ) ;
#204 = VERTEX_POINT ( 'NONE', #6861 ) ;
#205 = CARTESIAN_POINT ( 'NONE',  ( -12.82664718204935100, 13.55000000000001700, 8.956799855210032000E-014 ) ) ;
#206 = CARTESIAN_POINT ( 'NONE',  ( 10.09741881116691600, -1.560757593757208000, 17.22215417283559800 ) ) ;
#207 = EDGE_LOOP ( 'NONE', ( #8446, #3267, #4404, #7570 ) ) ;
#208 = CIRCLE ( 'NONE', #7572, 2.300000000000001600 ) ;
#209 = CARTESIAN_POINT ( 'NONE',  ( 18.99999999999992200, 0.0000000000000000000, 32.90896534380871000 ) ) ;
#210 = VERTEX_POINT ( 'NONE', #6186 ) ;
#211 = CARTESIAN_POINT ( 'NONE',  ( 8.248891971046774100, 4.762500000000009900, 0.0000000000000000000 ) ) ;
#212 = VECTOR ( 'NONE', #8551, 1000.000000000000100 ) ;
#213 = CARTESIAN_POINT ( 'NONE',  ( -11.89999999999999900, 16.82500000000000600, 9.184123401037864100E-014 ) ) ;
#214 = ORIENTED_EDGE ( 'NONE', *, *, #1475, .T. ) ;
#215 = CARTESIAN_POINT ( 'NONE',  ( 0.6319030111433349100, 1.085100774215187700, -1.967740122013697600 ) ) ;
#216 = CARTESIAN_POINT ( 'NONE',  ( 0.0000000000000000000, 9.525000000000019900, 5.400000000000002100 ) ) ;
#217 = ORIENTED_EDGE ( 'NONE', *, *, #5901, .F. ) ;
#218 = DIRECTION ( 'NONE',  ( 0.0000000000000000000, -1.000000000000000000, 0.0000000000000000000 ) ) ;
#219 = ORIENTED_EDGE ( 'NONE', *, *, #1665, .T. ) ;
#220 = CONICAL_SURFACE ( 'NONE', #6303, 12.69999999999998900, 0.7853981633974418400 ) ;
#221 = AXIS2_PLACEMENT_3D ( 'NONE', #7817, #6412, #6344 ) ;
#222 = CARTESIAN_POINT ( 'NONE',  ( 3.489849930629358900, 11.54595508727841500, 12.05740128749091700 ) ) ;
#223 = CARTESIAN_POINT ( 'NONE',  ( 19.30117341649013300, 20.92763434747233500, 8.248542851656225100 ) ) ;
#224 = CARTESIAN_POINT ( 'NONE',  ( -3.586772846850890200, 30.00000000000000000, 20.16406719884645000 ) ) ;
#225 = EDGE_CURVE ( 'NONE', #2777, #4364, #334, .T. ) ;
#226 = DIRECTION ( 'NONE',  ( -1.000000000000000000, 0.0000000000000000000, 6.835110704188920400E-033 ) ) ;
#227 = CARTESIAN_POINT ( 'NONE',  ( -1.149942193696761300, 6.336500055598310900, 5.550792752754645700 ) ) ;
#228 = CARTESIAN_POINT ( 'NONE',  ( 12.94999999999999200, 9.400000000000000400, -12.94999999999999200 ) ) ;
#229 = FACE_OUTER_BOUND ( 'NONE', #6261, .T. ) ;
#230 = AXIS2_PLACEMENT_3D ( 'NONE', #5897, #1423, #8926 ) ;
#231 = CARTESIAN_POINT ( 'NONE',  ( 8.414570696119975300, 12.02125000000001800, 8.414570696119856300 ) ) ;
#232 = AXIS2_PLACEMENT_3D ( 'NONE', #3603, #8812, #9590 ) ;
#233 = CARTESIAN_POINT ( 'NONE',  ( -1.364715712891807500, 17.79999999999999400, -11.82148683639186600 ) ) ;
#234 = DIRECTION ( 'NONE',  ( 0.5000000000000001100, 0.0000000000000000000, 0.8660254037844386000 ) ) ;
#235 = CARTESIAN_POINT ( 'NONE',  ( 12.27635182233306900, 0.0000000000000000000, 8.045708121834925600 ) ) ;
#236 = CARTESIAN_POINT ( 'NONE',  ( 4.929141392239922800, 18.49187500000000400, 11.89999999999996300 ) ) ;
#237 = EDGE_CURVE ( 'NONE', #9378, #8366, #9454, .T. ) ;
#238 = DIRECTION ( 'NONE',  ( -8.775090700452169200E-016, -1.000000000000000000, -0.0000000000000000000 ) ) ;
#239 = ORIENTED_EDGE ( 'NONE', *, *, #4179, .T. ) ;
#240 = VECTOR ( 'NONE', #8751, 1000.000000000000000 ) ;
#241 = EDGE_LOOP ( 'NONE', ( #6334, #8580, #4176, #7312, #5919, #4723 ) ) ;
#242 = CARTESIAN_POINT ( 'NONE',  ( 6.440000000000000400, 7.886725386508954900E-016, 17.60000000000000100 ) ) ;
#243 = AXIS2_PLACEMENT_3D ( 'NONE', #1590, #5421, #4631 ) ;
#244 = ADVANCED_FACE ( 'NONE', ( #2903 ), #795, .F. ) ;
#245 = DIRECTION ( 'NONE',  ( 0.0000000000000000000, 0.0000000000000000000, 1.000000000000000000 ) ) ;
#246 = CARTESIAN_POINT ( 'NONE',  ( 0.0000000000000000000, 23.09492482837286800, 0.0000000000000000000 ) ) ;
#247 = DIRECTION ( 'NONE',  ( -0.0000000000000000000, 1.000000000000000000, 0.0000000000000000000 ) ) ;
#248 = VERTEX_POINT ( 'NONE', #4611 ) ;
#249 = FACE_OUTER_BOUND ( 'NONE', #8776, .T. ) ;
#250 = CARTESIAN_POINT ( 'NONE',  ( -12.69999999999996700, 16.01688021535168700, 8.868362600661531000E-014 ) ) ;
#251 = ORIENTED_EDGE ( 'NONE', *, *, #7319, .F. ) ;
#252 = CARTESIAN_POINT ( 'NONE',  ( -0.8355290000671491400, 11.50199581524666200, 12.48043916176669300 ) ) ;
#253 = CARTESIAN_POINT ( 'NONE',  ( -13.25465439984741100, 0.0000000000000000000, 2.991239569296595800 ) ) ;
#254 = DIRECTION ( 'NONE',  ( 0.0000000000000000000, -1.000000000000000000, 0.0000000000000000000 ) ) ;
#255 = MECHANICAL_CONTEXT ( 'NONE', #1823, 'mechanical' ) ;
#256 = EDGE_LOOP ( 'NONE', ( #1646, #1259, #8449, #749 ) ) ;
#257 = DIRECTION ( 'NONE',  ( 0.0000000000000000000, 0.0000000000000000000, 1.000000000000000000 ) ) ;
#258 = EDGE_CURVE ( 'NONE', #67, #7652, #8957, .T. ) ;
#259 = CARTESIAN_POINT ( 'NONE',  ( -8.414570696119973500, 11.38625000000002000, -8.414570696119856300 ) ) ;
#260 = VERTEX_POINT ( 'NONE', #5403 ) ;
#261 = DIRECTION ( 'NONE',  ( 8.775090700452169200E-016, 1.000000000000000000, 0.0000000000000000000 ) ) ;
#262 = CARTESIAN_POINT ( 'NONE',  ( -3.350341220921309000, 17.34842668415553700, 11.91563864929522700 ) ) ;
#263 = CARTESIAN_POINT ( 'NONE',  ( 0.0000000000000000000, 24.00000000000000000, 0.0000000000000000000 ) ) ;
#264 = ORIENTED_EDGE ( 'NONE', *, *, #7345, .F. ) ;
#265 = CARTESIAN_POINT ( 'NONE',  ( 11.90000000000003600, 17.38062500000001300, 4.929141392239745100 ) ) ;
#266 = VERTEX_POINT ( 'NONE', #7561 ) ;
#267 = CARTESIAN_POINT ( 'NONE',  ( -18.58991773347948100, -4.269046054161672200E-016, 4.844546418526762800 ) ) ;
#268 = ORIENTED_EDGE ( 'NONE', *, *, #3823, .T. ) ;
#269 = FACE_OUTER_BOUND ( 'NONE', #370, .T. ) ;
#270 = ORIENTED_EDGE ( 'NONE', *, *, #2403, .T. ) ;
#271 = CARTESIAN_POINT ( 'NONE',  ( -19.19236170130644200, 22.49822431844801300, 6.804852038800850900 ) ) ;
#272 = AXIS2_PLACEMENT_3D ( 'NONE', #4552, #1642, #2430 ) ;
#273 = CARTESIAN_POINT ( 'NONE',  ( -8.017523061292044300E-014, 12.69750000000001600, -11.89999999999999900 ) ) ;
#275 = ORIENTED_EDGE ( 'NONE', *, *, #8565, .F. ) ;
#274 = ORIENTED_EDGE ( 'NONE', *, *, #6724, .T. ) ;
#276 = CARTESIAN_POINT ( 'NONE',  ( -12.46752603324307500, 17.16727713021779100, -1.478416693754744300 ) ) ;
#277 = EDGE_CURVE ( 'NONE', #9047, #5022, #6286, .T. ) ;
#278 = EDGE_CURVE ( 'NONE', #8786, #1329, #5157, .T. ) ;
#279 = FACE_OUTER_BOUND ( 'NONE', #4349, .T. ) ;
#280 = DIRECTION ( 'NONE',  ( -0.0000000000000000000, -0.0000000000000000000, -1.000000000000000000 ) ) ;
#281 = ORIENTED_EDGE ( 'NONE', *, *, #424, .T. ) ;
#282 = CARTESIAN_POINT ( 'NONE',  ( 0.0000000000000000000, 0.0000000000000000000, 17.60000000000000100 ) ) ;
#283 = CARTESIAN_POINT ( 'NONE',  ( 4.609918769207009600, 9.525000000000018100, 0.5940076071408123500 ) ) ;
#284 = CARTESIAN_POINT ( 'NONE',  ( 13.44999999999999900, -11.19999999999999800, 12.94999999999999200 ) ) ;
#285 = ORIENTED_EDGE ( 'NONE', *, *, #6987, .F. ) ;
#286 = CARTESIAN_POINT ( 'NONE',  ( -70.31317938492168200, 8.641945085602488400, 0.0000000000000000000 ) ) ;
#287 = APPROVAL_DATE_TIME ( #8918, #8988 ) ;
#288 = AXIS2_PLACEMENT_3D ( 'NONE', #3135, #72, #8401 ) ;
#289 = CARTESIAN_POINT ( 'NONE',  ( 0.0000000000000000000, 0.0000000000000000000, 0.0000000000000000000 ) ) ;
#290 = AXIS2_PLACEMENT_3D ( 'NONE', #64, #5304, #7731 ) ;
#291 = LINE ( 'NONE', #6056, #7506 ) ;
#292 = ADVANCED_FACE ( 'NONE', ( #9323 ), #3269, .T. ) ;
#293 = FACE_OUTER_BOUND ( 'NONE', #8569, .T. ) ;
#294 = EDGE_CURVE ( 'NONE', #7138, #9607, #5271, .T. ) ;
#295 = CARTESIAN_POINT ( 'NONE',  ( -8.382592070995923700E-014, 15.03750000000001200, -11.89999999999999900 ) ) ;
#296 = ORIENTED_EDGE ( 'NONE', *, *, #277, .T. ) ;
#297 = CARTESIAN_POINT ( 'NONE',  ( 4.449219682286108800, 17.73706895484004800, -11.13652166967920500 ) ) ;
#298 = CARTESIAN_POINT ( 'NONE',  ( -8.980256121069194500, 14.73436978464833300, -8.980256121069066600 ) ) ;
#299 = DIRECTION ( 'NONE',  ( -0.0000000000000000000, -1.000000000000000000, -0.0000000000000000000 ) ) ;
#300 = EDGE_CURVE ( 'NONE', #3897, #6315, #6626, .T. ) ;
#301 = AXIS2_PLACEMENT_3D ( 'NONE', #7510, #7478, #6030 ) ;
#302 = CARTESIAN_POINT ( 'NONE',  ( 11.89999999999999900, 16.19000000000000800, -8.455458555545188700E-014 ) ) ;
#303 = CIRCLE ( 'NONE', #5277, 1.000000000000000400 ) ;
#304 = CARTESIAN_POINT ( 'NONE',  ( 0.0000000000000000000, -11.19999999999999900, -12.94999999999999200 ) ) ;
#305 = CONICAL_SURFACE ( 'NONE', #306, 9.525000000000000400, 1.047197551196596500 ) ;
#306 = AXIS2_PLACEMENT_3D ( 'NONE', #3374, #5490, #6228 ) ;
#307 = ORIENTED_EDGE ( 'NONE', *, *, #8850, .T. ) ;
#308 = CARTESIAN_POINT ( 'NONE',  ( -6.710680523104183900, -21.24851403046388400, 12.62625748697972800 ) ) ;
#309 = LOCAL_TIME ( 13, 59, 25.00000000000000000, #6489 ) ;
#310 = DIRECTION ( 'NONE',  ( 0.0000000000000000000, -1.000000000000000000, 0.0000000000000000000 ) ) ;
#311 = CARTESIAN_POINT ( 'NONE',  ( 0.1083897543756180400, 1.048450446541746400, 2.047132546062027100 ) ) ;
#312 = ORIENTED_EDGE ( 'NONE', *, *, #3294, .T. ) ;
#313 =( BOUNDED_CURVE ( )  B_SPLINE_CURVE ( 2, ( #5527, #1110, #298, #6272, #4251, #9486, #3504, #1333, #5815 ),
 .UNSPECIFIED., .F., .F. ) 
 B_SPLINE_CURVE_WITH_KNOTS ( ( 3, 2, 2, 2, 3 ),
 ( 0.5000000000000000000, 0.5156250000000000000, 0.5312500000000000000, 0.5468750000000000000, 0.5625000000000000000 ),
 .UNSPECIFIED. ) 
 CURVE ( )  GEOMETRIC_REPRESENTATION_ITEM ( )  RATIONAL_B_SPLINE_CURVE ( ( 1.000000000000000000, 0.9238795325112867400, 1.000000000000000000, 0.9238795325112867400, 1.000000000000000000, 0.9238795325112867400, 1.000000000000000000, 0.9238795325112867400, 1.000000000000000000 ) ) 
 REPRESENTATION_ITEM ( '' )  );
#314 = CIRCLE ( 'NONE', #1413, 14.20000000000000100 ) ;
#315 = FACE_OUTER_BOUND ( 'NONE', #1607, .T. ) ;
#316 = CARTESIAN_POINT ( 'NONE',  ( 12.64523126179759200, 11.70000000000000600, 1.178187733621459200 ) ) ;
#317 = ORIENTED_EDGE ( 'NONE', *, *, #8355, .T. ) ;
#318 = CC_DESIGN_APPROVAL ( #5694, ( #8811 ) ) ;
#319 = COORDINATED_UNIVERSAL_TIME_OFFSET ( 8, 0, .AHEAD. ) ;
#320 = ORIENTED_EDGE ( 'NONE', *, *, #294, .T. ) ;
#321 = CARTESIAN_POINT ( 'NONE',  ( 10.46682944667153600, 11.63470091066669100, 7.087985194498187100 ) ) ;
#322 = VERTEX_POINT ( 'NONE', #83 ) ;
#323 = ORIENTED_EDGE ( 'NONE', *, *, #7362, .T. ) ;
#324 = CYLINDRICAL_SURFACE ( 'NONE', #6038, 21.00000000000000000 ) ;
#325 = CARTESIAN_POINT ( 'NONE',  ( 2.532823420761158700E-016, 1.042832680730699300, 2.050000000000001200 ) ) ;
#326 = EDGE_CURVE ( 'NONE', #6315, #9408, #5240, .T. ) ;
#327 = APPLICATION_PROTOCOL_DEFINITION ( 'international standard', 'config_control_design', 1994, #1823 ) ;
#328 = CARTESIAN_POINT ( 'NONE',  ( -13.99999999999999800, 4.349899922066655200E-016, 3.399999999999999900 ) ) ;
#329 = DESIGN_CONTEXT ( 'detailed design', #417, 'design' ) ;
#330 = CARTESIAN_POINT ( 'NONE',  ( -9.000000000000001800, -1.199999999999999700, 11.49999999999999800 ) ) ;
#331 = ORIENTED_EDGE ( 'NONE', *, *, #3420, .T. ) ;
#332 = VERTEX_POINT ( 'NONE', #6098 ) ;
#333 = ORIENTED_EDGE ( 'NONE', *, *, #32, .F. ) ;
#334 = LINE ( 'NONE', #2324, #3496 ) ;
#335 = CARTESIAN_POINT ( 'NONE',  ( 9.069809202314482700, 17.83625000000000700, 9.069809202314353100 ) ) ;
#336 = DIRECTION ( 'NONE',  ( -3.552713678800500900E-015, 0.0000000000000000000, 1.000000000000000000 ) ) ;
#337 = CARTESIAN_POINT ( 'NONE',  ( -16.91419005307685500, 1.941561363587978500, 12.44644324302000100 ) ) ;
#338 = CARTESIAN_POINT ( 'NONE',  ( -8.566455892571651600, 24.29969919575374200, 15.83883692952094100 ) ) ;
#339 = CARTESIAN_POINT ( 'NONE',  ( 8.248585258425048900E-015, 9.400000000000012800, 0.0000000000000000000 ) ) ;
#340 = CYLINDRICAL_SURFACE ( 'NONE', #2617, 5.674999999999997200 ) ;
#341 = CARTESIAN_POINT ( 'NONE',  ( -11.90000000000003200, 16.74562500000000800, -4.929141392239748700 ) ) ;
#342 = DIRECTION ( 'NONE',  ( 0.0000000000000000000, 0.0000000000000000000, 1.000000000000000000 ) ) ;
#343 = CARTESIAN_POINT ( 'NONE',  ( 0.0000000000000000000, 3.918869757271530500E-016, -3.200000000000000200 ) ) ;
#344 = LINE ( 'NONE', #5997, #1857 ) ;
#345 = ADVANCED_FACE ( 'NONE', ( #8037 ), #5024, .T. ) ;
#346 = VECTOR ( 'NONE', #4151, 999.9999999999998900 ) ;
#347 = CARTESIAN_POINT ( 'NONE',  ( 10.26249793774846400, 11.70000000000000800, -7.481385973047218300 ) ) ;
#348 = AXIS2_PLACEMENT_3D ( 'NONE', #8779, #5142, #1382 ) ;
#349 = AXIS2_PLACEMENT_3D ( 'NONE', #5147, #9538, #3576 ) ;
#350 = DIRECTION ( 'NONE',  ( -1.000000000000000000, -0.0000000000000000000, -0.0000000000000000000 ) ) ;
#351 = CARTESIAN_POINT ( 'NONE',  ( 4.929141392239937900, 11.94187500000002100, 11.89999999999995400 ) ) ;
#352 = LINE ( 'NONE', #4542, #3849 ) ;
#353 = EDGE_CURVE ( 'NONE', #2786, #4135, #4553, .T. ) ;
#354 = CARTESIAN_POINT ( 'NONE',  ( 1.725874147982901600, -20.49170962313452500, -15.50423678951416000 ) ) ;
#355 =( NAMED_UNIT ( * ) SI_UNIT ( $, .STERADIAN. ) SOLID_ANGLE_UNIT ( ) );
#356 = VERTEX_POINT ( 'NONE', #1524 ) ;
#357 = DIRECTION ( 'NONE',  ( 1.000000000000000000, -8.896017825522095500E-016, 0.0000000000000000000 ) ) ;
#358 = B_SPLINE_CURVE_WITH_KNOTS ( 'NONE', 3,
 ( #2128, #2071, #9632, #3541, #5085, #600, #633, #8074, #2157, #5833, #6600, #7343 ),
 .UNSPECIFIED., .F., .F.,
 ( 4, 2, 2, 2, 2, 4 ),
 ( 2.344180752311868800E-007, 0.003137532069197818200, 0.006274829720320405800, 0.007843478545881700200, 0.009412127371442995500, 0.01254942502256558300 ),
 .UNSPECIFIED. ) ;
#359 = CARTESIAN_POINT ( 'NONE',  ( -5.260512242138209300, 12.59124478464833900, 12.70000000000000300 ) ) ;
#360 = EDGE_CURVE ( 'NONE', #2819, #7504, #8311, .T. ) ;
#361 = AXIS2_PLACEMENT_3D ( 'NONE', #1774, #4790, #5531 ) ;
#362 = EDGE_LOOP ( 'NONE', ( #8810, #7907, #1552, #1134 ) ) ;
#363 = LINE ( 'NONE', #2188, #9456 ) ;
#364 = AXIS2_PLACEMENT_3D ( 'NONE', #3522, #1263, #1189 ) ;
#365 = CARTESIAN_POINT ( 'NONE',  ( 12.82664718204935100, 17.99500000000000800, -9.113880979362924500E-014 ) ) ;
#366 = ORIENTED_EDGE ( 'NONE', *, *, #4107, .T. ) ;
#367 = CARTESIAN_POINT ( 'NONE',  ( 12.94999999999999200, -10.69999999999999000, 13.44999999999999900 ) ) ;
#368 = UNCERTAINTY_MEASURE_WITH_UNIT (LENGTH_MEASURE( 1.000000000000000100E-005 ), #5520, 'distance_accuracy_value', 'NONE');
#369 = CARTESIAN_POINT ( 'NONE',  ( -11.89999999999996300, 15.63437500000001100, 4.929141392239922800 ) ) ;
#370 = EDGE_LOOP ( 'NONE', ( #6500, #7842, #1581 ) ) ;
#371 = CARTESIAN_POINT ( 'NONE',  ( -2.619865889632947600, -20.73077476430514600, 14.98809041681921200 ) ) ;
#372 = ORIENTED_EDGE ( 'NONE', *, *, #3182, .T. ) ;
#373 = AXIS2_PLACEMENT_3D ( 'NONE', #3323, #8528, #1842 ) ;
#374 = DIRECTION ( 'NONE',  ( -8.775090700452169200E-016, -1.000000000000000000, -0.0000000000000000000 ) ) ;
#375 = APPROVAL ( #7068, '未指定' ) ;
#376 = DIRECTION ( 'NONE',  ( 1.000000000000000000, 1.231304080816852700E-016, -0.0000000000000000000 ) ) ;
#377 = CARTESIAN_POINT ( 'NONE',  ( 0.0000000000000000000, 0.0000000000000000000, 0.0000000000000000000 ) ) ;
#378 = CARTESIAN_POINT ( 'NONE',  ( 8.475000000000001400, 0.0000000000000000000, -3.000000000000000000 ) ) ;
#379 = EDGE_CURVE ( 'NONE', #7954, #9206, #6984, .T. ) ;
#380 = EDGE_LOOP ( 'NONE', ( #5353, #7258, #1206 ) ) ;
#381 = DIRECTION ( 'NONE',  ( 0.0000000000000000000, 0.0000000000000000000, 1.000000000000000000 ) ) ;
#382 = DIRECTION ( 'NONE',  ( 0.0000000000000000000, 0.0000000000000000000, 1.000000000000000000 ) ) ;
#383 = PERSON_AND_ORGANIZATION_ROLE ( 'classification_officer' ) ;
#384 = CARTESIAN_POINT ( 'NONE',  ( -12.27635182233306700, 0.0000000000000000000, 0.0000000000000000000 ) ) ;
#385 = CIRCLE ( 'NONE', #3998, 2.899999999999992800 ) ;
#386 = CARTESIAN_POINT ( 'NONE',  ( -4.419605437963924500, 23.09492482837286800, 19.21911164059535100 ) ) ;
#387 = ORIENTED_EDGE ( 'NONE', *, *, #7112, .T. ) ;
#388 = ADVANCED_FACE ( 'NONE', ( #9069 ), #9440, .T. ) ;
#390 = ORIENTED_EDGE ( 'NONE', *, *, #9308, .F. ) ;
#389 = EDGE_LOOP ( 'NONE', ( #7696, #6512, #2906, #7265 ) ) ;
#391 = CARTESIAN_POINT ( 'NONE',  ( 5.312971222579394100, 18.23312500000000500, -12.82664718204939000 ) ) ;
#392 = DIRECTION ( 'NONE',  ( -0.0000000000000000000, -1.000000000000000000, -0.0000000000000000000 ) ) ;
#393 = FACE_BOUND ( 'NONE', #4877, .T. ) ;
#394 = CARTESIAN_POINT ( 'NONE',  ( -4.929141392239914800, 14.04687500000001800, -11.89999999999996500 ) ) ;
#395 = ORIENTED_EDGE ( 'NONE', *, *, #9685, .F. ) ;
#396 = ORIENTED_EDGE ( 'NONE', *, *, #7968, .F. ) ;
#397 = ORIENTED_EDGE ( 'NONE', *, *, #9298, .F. ) ;
#398 = CARTESIAN_POINT ( 'NONE',  ( 9.405474817352390100, -21.11676409561717800, 11.07041727578486400 ) ) ;
#399 = APPROVAL_PERSON_ORGANIZATION ( #6126, #4832, #5063 ) ;
#400 = CARTESIAN_POINT ( 'NONE',  ( -9.454654399847413500, 7.715274834628321400E-016, 6.299999999999996300 ) ) ;
#401 = DIRECTION ( 'NONE',  ( 1.000000000000000000, -0.0000000000000000000, -0.0000000000000000000 ) ) ;
#402 = CARTESIAN_POINT ( 'NONE',  ( -7.143125246700833800E-014, 16.50750000000000700, -11.89999999999999900 ) ) ;
#403 = LINE ( 'NONE', #5099, #43 ) ;
#404 = AXIS2_PLACEMENT_3D ( 'NONE', #545, #7227, #4312 ) ;
#405 = CARTESIAN_POINT ( 'NONE',  ( -11.44999999999999800, 7.060900368822721000, 0.0000000000000000000 ) ) ;
#406 = DIRECTION ( 'NONE',  ( 1.000000000000000000, -0.0000000000000000000, -0.0000000000000000000 ) ) ;
#407 = DIRECTION ( 'NONE',  ( 0.0000000000000000000, 0.0000000000000000000, -1.000000000000000000 ) ) ;
#408 = EDGE_LOOP ( 'NONE', ( #8389, #8732, #5470, #2255 ) ) ;
#409 = EDGE_CURVE ( 'NONE', #1795, #7380, #5358, .T. ) ;
#410 = EDGE_LOOP ( 'NONE', ( #3783, #9640, #139, #3775 ) ) ;
#411 = EDGE_CURVE ( 'NONE', #5958, #9114, #7437, .T. ) ;
#412 = CARTESIAN_POINT ( 'NONE',  ( 15.47756630766386000, 0.5169332074739022600, -13.22063796153373400 ) ) ;
#413 = VECTOR ( 'NONE', #3226, 1000.000000000000000 ) ;
#414 = CARTESIAN_POINT ( 'NONE',  ( -10.77714884215847800, 11.37525654436631600, 6.095885231848480900 ) ) ;
#415 = CARTESIAN_POINT ( 'NONE',  ( 11.89999999999994500, 12.25937500000001800, -4.929141392239959200 ) ) ;
#416 = TOROIDAL_SURFACE ( 'NONE', #5790, 4.688733431983854100, 1.000000000000000400 ) ;
#417 = APPLICATION_CONTEXT ( 'configuration controlled 3d designs of mechanical parts and assemblies' ) ;
#418 = ORIENTED_EDGE ( 'NONE', *, *, #5625, .F. ) ;
#419 = AXIS2_PLACEMENT_3D ( 'NONE', #5622, #1145, #6360 ) ;
#420 = CARTESIAN_POINT ( 'NONE',  ( -13.44999999999999900, 8.900000000000016300, 12.94999999999999200 ) ) ;
#421 = CARTESIAN_POINT ( 'NONE',  ( -4.260135241695377500, 23.00404842813323100, 19.38895555806066900 ) ) ;
#422 = ORIENTED_EDGE ( 'NONE', *, *, #6353, .F. ) ;
#423 = AXIS2_PLACEMENT_3D ( 'NONE', #1648, #2366, #3101 ) ;
#424 = EDGE_CURVE ( 'NONE', #7426, #4162, #2548, .T. ) ;
#425 = TOROIDAL_SURFACE ( 'NONE', #423, 7.060900368822721000, 0.9999999999999991100 ) ;
#426 = CARTESIAN_POINT ( 'NONE',  ( -9.069809202314351300, 18.78875000000000700, 9.069809202314482700 ) ) ;
#427 = ORIENTED_EDGE ( 'NONE', *, *, #9152, .T. ) ;
#428 = PERSON_AND_ORGANIZATION ( #4303, #4183 ) ;
#429 = CARTESIAN_POINT ( 'NONE',  ( -12.69999999999996900, 16.16311978464833400, 8.868362600661534700E-014 ) ) ;
#430 = PLANE ( 'NONE',  #4994 ) ;
#431 = DIRECTION ( 'NONE',  ( 0.0000000000000000000, 0.0000000000000000000, -1.000000000000000000 ) ) ;
#432 = VERTEX_POINT ( 'NONE', #4778 ) ;
#433 = EDGE_CURVE ( 'NONE', #6311, #5689, #4653, .T. ) ;
#434 = AXIS2_PLACEMENT_3D ( 'NONE', #2782, #8029, #5100 ) ;
#435 = ORIENTED_EDGE ( 'NONE', *, *, #1822, .F. ) ;
#436 = CARTESIAN_POINT ( 'NONE',  ( 11.90000000000003600, 11.03062500000001800, 4.929141392239745100 ) ) ;
#437 = DIRECTION ( 'NONE',  ( -1.000000000000000000, -0.0000000000000000000, -0.0000000000000000000 ) ) ;
#438 = ORIENTED_EDGE ( 'NONE', *, *, #2793, .T. ) ;
#439 = B_SPLINE_CURVE_WITH_KNOTS ( 'NONE', 3,
 ( #9255, #4741, #2573, #7791, #9452, #1886, #8606, #459 ),
 .UNSPECIFIED., .F., .F.,
 ( 4, 2, 2, 4 ),
 ( 0.005564589980275985400, 0.006950476802621102100, 0.008336363624966217100, 0.01110813726965644500 ),
 .UNSPECIFIED. ) ;
#440 = VECTOR ( 'NONE', #3188, 1000.000000000000000 ) ;
#441 = CIRCLE ( 'NONE', #9164, 19.72072930905315500 ) ;
#442 = DIRECTION ( 'NONE',  ( 1.000000000000000000, 0.0000000000000000000, -0.0000000000000000000 ) ) ;
#443 = CARTESIAN_POINT ( 'NONE',  ( 7.087157097717456700, 6.774683825530972000, 17.44444124035915400 ) ) ;
#444 = ADVANCED_FACE ( 'NONE', ( #7798 ), #6055, .T. ) ;
#445 = ORIENTED_EDGE ( 'NONE', *, *, #5301, .F. ) ;
#446 = CARTESIAN_POINT ( 'NONE',  ( -10.65465439984741300, 0.0000000000000000000, -6.299999999999996300 ) ) ;
#447 = ORIENTED_EDGE ( 'NONE', *, *, #6116, .F. ) ;
#448 = CYLINDRICAL_SURFACE ( 'NONE', #8536, 12.69999999999998500 ) ;
#449 = CC_DESIGN_PERSON_AND_ORGANIZATION_ASSIGNMENT ( #2859, #6539, ( #4271 ) ) ;
#450 = DIRECTION ( 'NONE',  ( 0.0000000000000000000, -1.000000000000000000, 0.0000000000000000000 ) ) ;
#451 = CIRCLE ( 'NONE', #4950, 3.200000000000000200 ) ;
#452 = CARTESIAN_POINT ( 'NONE',  ( -5.743329534442226600, 4.837354856632041100E-016, -3.949999999999997100 ) ) ;
#453 = CARTESIAN_POINT ( 'NONE',  ( 8.947569504916659300, -10.13353035464665900, -11.33478903118297900 ) ) ;
#454 = ORIENTED_EDGE ( 'NONE', *, *, #1614, .T. ) ;
#455 = EDGE_CURVE ( 'NONE', #4358, #8624, #6578, .T. ) ;
#456 = APPLICATION_PROTOCOL_DEFINITION ( 'international standard', 'config_control_design', 1994, #1165 ) ;
#457 = CARTESIAN_POINT ( 'NONE',  ( -3.407832273195497800, 0.8555411948446615100, 20.38047157315338600 ) ) ;
#458 = ORIENTED_EDGE ( 'NONE', *, *, #7362, .F. ) ;
#459 = CARTESIAN_POINT ( 'NONE',  ( -5.499261314031101300, -9.525000000000057200, 16.74926131403117700 ) ) ;
#460 = ORIENTED_EDGE ( 'NONE', *, *, #3602, .T. ) ;
#461 = CARTESIAN_POINT ( 'NONE',  ( 0.0000000000000000000, 0.0000000000000000000, -0.5000000000000143200 ) ) ;
#462 = CIRCLE ( 'NONE', #6928, 0.9999999999999991100 ) ;
#463 = CARTESIAN_POINT ( 'NONE',  ( 5.312971222579579800, 19.02687500000000400, 12.82664718204931200 ) ) ;
#464 = CARTESIAN_POINT ( 'NONE',  ( -4.444291428765573000, 0.0000000000000000000, 0.0000000000000000000 ) ) ;
#465 = CARTESIAN_POINT ( 'NONE',  ( 4.929141392239922800, 10.87187500000002100, 11.89999999999996300 ) ) ;
#466 = DIRECTION ( 'NONE',  ( -8.775090700452169200E-016, -1.000000000000000000, -0.0000000000000000000 ) ) ;
#467 = CIRCLE ( 'NONE', #6483, 14.19999999999999900 ) ;
#468 = AXIS2_PLACEMENT_3D ( 'NONE', #4907, #5726, #2763 ) ;
#469 = DIRECTION ( 'NONE',  ( 0.0000000000000000000, 0.0000000000000000000, 1.000000000000000000 ) ) ;
#470 = CARTESIAN_POINT ( 'NONE',  ( -10.76942092117335100, -10.37809659726469900, 10.28294262558369200 ) ) ;
#471 = EDGE_CURVE ( 'NONE', #3832, #7248, #4315, .T. ) ;
#472 = DIRECTION ( 'NONE',  ( 3.627636301412553900E-015, -1.000000000000000000, 0.0000000000000000000 ) ) ;
#473 = CARTESIAN_POINT ( 'NONE',  ( 5.445065917668520300, 0.0000000000000000000, -18.20305625855847600 ) ) ;
#474 = ORIENTED_EDGE ( 'NONE', *, *, #2155, .T. ) ;
#475 = CIRCLE ( 'NONE', #5849, 21.00000000000000000 ) ;
#476 = CARTESIAN_POINT ( 'NONE',  ( 0.0000000000000000000, 17.80000000000000100, -11.89999999999999900 ) ) ;
#477 = AXIS2_PLACEMENT_3D ( 'NONE', #1866, #9305, #4885 ) ;
#478 = EDGE_LOOP ( 'NONE', ( #7354, #3764, #1062, #8914 ) ) ;
#479 = CARTESIAN_POINT ( 'NONE',  ( -9.454654399847413500, 0.0000000000000000000, -6.299999999999996300 ) ) ;
#480 = AXIS2_PLACEMENT_3D ( 'NONE', #5148, #2923, #1446 ) ;
#481 = CARTESIAN_POINT ( 'NONE',  ( -12.30891361455901900, 11.30891361455906700, 8.595268437332998700E-014 ) ) ;
#482 = EDGE_CURVE ( 'NONE', #9240, #827, #8613, .T. ) ;
#483 = CARTESIAN_POINT ( 'NONE',  ( 1.122512155537489600E-013, 17.14250000000000900, 11.89999999999999900 ) ) ;
#484 = APPROVAL_ROLE ( '' ) ;
#485 = ORIENTED_EDGE ( 'NONE', *, *, #2609, .T. ) ;
#486 = CIRCLE ( 'NONE', #2301, 5.674999999999997200 ) ;
#487 = CARTESIAN_POINT ( 'NONE',  ( -10.85465439984741200, 0.0000000000000000000, 0.0000000000000000000 ) ) ;
#488 = PRODUCT_DEFINITION_SHAPE ( 'NONE', 'NONE',  #9694 ) ;
#489 = CARTESIAN_POINT ( 'NONE',  ( 0.0000000000000000000, 17.80000000000000100, -11.89999999999999900 ) ) ;
#490 = EDGE_CURVE ( 'NONE', #4403, #69, #6864, .T. ) ;
#491 = ADVANCED_FACE ( 'NONE', ( #2791, #6514 ), #3373, .T. ) ;
#492 = AXIS2_PLACEMENT_3D ( 'NONE', #9006, #1450, #8179 ) ;
#493 = CARTESIAN_POINT ( 'NONE',  ( 12.82664718204935100, 14.18500000000001600, -9.113880979362924500E-014 ) ) ;
#494 = EDGE_LOOP ( 'NONE', ( #7015, #5707, #4718, #1477 ) ) ;
#495 = DIRECTION ( 'NONE',  ( 1.000000000000000000, -0.0000000000000000000, -0.0000000000000000000 ) ) ;
#496 = DIRECTION ( 'NONE',  ( 0.0000000000000000000, 0.0000000000000000000, 1.000000000000000000 ) ) ;
#497 = CARTESIAN_POINT ( 'NONE',  ( -8.414570696119854500, 13.17375000000001600, 8.414570696119975300 ) ) ;
#498 = DIRECTION ( 'NONE',  ( 0.0000000000000000000, -0.7071067811865487900, -0.7071067811865463500 ) ) ;
#499 = ORIENTED_EDGE ( 'NONE', *, *, #7463, .F. ) ;
#500 = CARTESIAN_POINT ( 'NONE',  ( -12.44999999999999900, 0.0000000000000000000, 0.0000000000000000000 ) ) ;
#501 = CC_DESIGN_PERSON_AND_ORGANIZATION_ASSIGNMENT ( #5456, #4113, ( #6000 ) ) ;
#502 = ORIENTED_EDGE ( 'NONE', *, *, #9502, .F. ) ;
#503 = VERTEX_POINT ( 'NONE', #3429 ) ;
#504 = CARTESIAN_POINT ( 'NONE',  ( 9.000000000000001800, -1.199999999999999700, -9.000000000000000000 ) ) ;
#505 = CARTESIAN_POINT ( 'NONE',  ( 12.82664718204935100, 20.53500000000000000, -9.113880979362923200E-014 ) ) ;
#506 = EDGE_CURVE ( 'NONE', #4166, #3330, #7094, .T. ) ;
#507 = EDGE_LOOP ( 'NONE', ( #4569, #4121, #73, #3554 ) ) ;
#508 = FACE_OUTER_BOUND ( 'NONE', #507, .T. ) ;
#509 = VERTEX_POINT ( 'NONE', #7889 ) ;
#510 = DIRECTION ( 'NONE',  ( -8.775090700452169200E-016, -1.000000000000000000, -0.0000000000000000000 ) ) ;
#511 = CARTESIAN_POINT ( 'NONE',  ( 11.13401480975760500, 11.19180802702707400, 5.079828235642086300 ) ) ;
#513 = ORIENTED_EDGE ( 'NONE', *, *, #6604, .T. ) ;
#512 = ORIENTED_EDGE ( 'NONE', *, *, #6686, .T. ) ;
#514 = DATE_TIME_ROLE ( 'creation_date' ) ;
#515 = VERTEX_POINT ( 'NONE', #3142 ) ;
#516 = DIRECTION ( 'NONE',  ( -0.0000000000000000000, 1.000000000000000000, -0.0000000000000000000 ) ) ;
#517 = CARTESIAN_POINT ( 'NONE',  ( -12.69999999999998500, 1.114436518957424200E-014, 1.555301434917136900E-015 ) ) ;
#518 = FACE_OUTER_BOUND ( 'NONE', #1432, .T. ) ;
#519 = ORIENTED_EDGE ( 'NONE', *, *, #4309, .F. ) ;
#520 = CARTESIAN_POINT ( 'NONE',  ( -9.035340417286478800E-014, 13.23250000000001800, -12.82664718204935100 ) ) ;
#521 = EDGE_LOOP ( 'NONE', ( #5345, #2191, #9142, #3608 ) ) ;
#522 = ITEM_DEFINED_TRANSFORMATION ( 'NONE', 'NONE', #1057,  #1296 ) ;
#523 = CARTESIAN_POINT ( 'NONE',  ( -7.726057123094974100E-014, 13.76750000000001600, -11.89999999999999900 ) ) ;
#524 = CARTESIAN_POINT ( 'NONE',  ( -14.29000000000000300, -21.18096144795428500, 2.095117946068369100 ) ) ;
#525 = CARTESIAN_POINT ( 'NONE',  ( -11.90000000000003200, 12.93562500000001600, -4.929141392239748700 ) ) ;
#526 = FACE_OUTER_BOUND ( 'NONE', #6223, .T. ) ;
#527 = CARTESIAN_POINT ( 'NONE',  ( -9.000000000000001800, -10.80000000000000600, 9.000000000000000000 ) ) ;
#528 = CYLINDRICAL_SURFACE ( 'NONE', #2099, 3.199999999999998800 ) ;
#529 = DIRECTION ( 'NONE',  ( 0.0000000000000000000, 0.0000000000000000000, -1.000000000000000000 ) ) ;
#530 = AXIS2_PLACEMENT_3D ( 'NONE', #2892, #1438, #8878 ) ;
#531 = ORIENTED_EDGE ( 'NONE', *, *, #7683, .F. ) ;
#532 = ADVANCED_FACE ( 'NONE', ( #5592 ), #3141, .T. ) ;
#533 = VECTOR ( 'NONE', #6673, 1000.000000000000000 ) ;
#534 = CARTESIAN_POINT ( 'NONE',  ( -18.85404163790688500, 23.09492482837286800, -5.782065236316666000 ) ) ;
#535 = DIRECTION ( 'NONE',  ( 0.0000000000000000000, -1.000000000000000000, 0.0000000000000000000 ) ) ;
#536 = LINE ( 'NONE', #6042, #8223 ) ;
#537 = EDGE_CURVE ( 'NONE', #63, #1792, #2825, .T. ) ;
#538 = ORIENTED_EDGE ( 'NONE', *, *, #6987, .T. ) ;
#539 = COORDINATED_UNIVERSAL_TIME_OFFSET ( 8, 0, .AHEAD. ) ;
#540 = CLOSED_SHELL ( 'NONE', ( #1514, #3092, #8609, #6355, #292, #5632, #1765, #8993, #1465, #1365, #676, #4658, #8194, #623, #7425, #9657, #6547, #1406, #5448, #110, #2093, #9621, #4118, #2890, #491, #8120, #1712, #4809, #6120, #9088, #8069, #6707, #9297, #3191 ) ) ;
#541 = CARTESIAN_POINT ( 'NONE',  ( 15.66920801439301200, 0.6554350922095171200, -13.18827000240090000 ) ) ;
#542 = CARTESIAN_POINT ( 'NONE',  ( 16.95045816486669600, 20.63746869550590200, 12.39685314912946800 ) ) ;
#543 = CYLINDRICAL_SURFACE ( 'NONE', #726, 14.20000000000000100 ) ;
#544 = LINE ( 'NONE', #8699, #3938 ) ;
#545 = CARTESIAN_POINT ( 'NONE',  ( 13.44999999999999900, 19.99999999999999600, 12.94999999999999200 ) ) ;
#546 = AXIS2_PLACEMENT_3D ( 'NONE', #3583, #4362, #4239 ) ;
#547 = ORIENTED_EDGE ( 'NONE', *, *, #4510, .T. ) ;
#548 = COORDINATED_UNIVERSAL_TIME_OFFSET ( 8, 0, .AHEAD. ) ;
#549 = ORIENTED_EDGE ( 'NONE', *, *, #8411, .T. ) ;
#550 = EDGE_CURVE ( 'NONE', #5108, #9179, #1143, .T. ) ;
#551 = ORIENTED_EDGE ( 'NONE', *, *, #1632, .F. ) ;
#552 = VECTOR ( 'NONE', #984, 1000.000000000000100 ) ;
#553 = CARTESIAN_POINT ( 'NONE',  ( -9.069809202314482700, 14.66125000000001500, -9.069809202314353100 ) ) ;
#554 = DIRECTION ( 'NONE',  ( 0.0000000000000000000, -0.0000000000000000000, 1.000000000000000000 ) ) ;
#555 = CARTESIAN_POINT ( 'NONE',  ( -8.308988999489114400E-014, 11.42750000000002000, -11.89999999999999900 ) ) ;
#556 = EDGE_CURVE ( 'NONE', #4308, #6589, #7213, .T. ) ;
#557 = PRODUCT_DEFINITION ( '未知', '', #5073, #4088 ) ;
#558 = ORIENTED_EDGE ( 'NONE', *, *, #9283, .F. ) ;
#559 = ORIENTED_EDGE ( 'NONE', *, *, #1782, .T. ) ;
#560 = DIRECTION ( 'NONE',  ( -5.062054713723247700E-019, -1.000000000000000000, -0.0000000000000000000 ) ) ;
#561 = FACE_OUTER_BOUND ( 'NONE', #5822, .T. ) ;
#562 = CARTESIAN_POINT ( 'NONE',  ( 1.006550781153894200E-013, -9.525000000000000400, 0.0000000000000000000 ) ) ;
#563 = CYLINDRICAL_SURFACE ( 'NONE', #612, 2.499999999999998700 ) ;
#564 = CARTESIAN_POINT ( 'NONE',  ( -14.28999999999999700, -23.09999999999999800, 8.250335346719758400 ) ) ;
#565 = CARTESIAN_POINT ( 'NONE',  ( 18.97740699945800500, 0.2370420606332059900, -6.179698686283291700 ) ) ;
#566 = CARTESIAN_POINT ( 'NONE',  ( -5.499261314031100400, -9.525000000000057200, 17.60000000000000100 ) ) ;
#567 = ORIENTED_EDGE ( 'NONE', *, *, #5740, .F. ) ;
#568 = DIRECTION ( 'NONE',  ( -1.000000000000000000, 0.0000000000000000000, 0.0000000000000000000 ) ) ;
#569 = DIRECTION ( 'NONE',  ( 0.0000000000000000000, 0.0000000000000000000, 1.000000000000000000 ) ) ;
#570 = DIRECTION ( 'NONE',  ( 0.0000000000000000000, 0.0000000000000000000, 1.000000000000000000 ) ) ;
#571 = VECTOR ( 'NONE', #675, 1000.000000000000000 ) ;
#572 = CARTESIAN_POINT ( 'NONE',  ( 12.15037587598729900, 11.31743565793399100, 2.089572392449212700 ) ) ;
#573 = CARTESIAN_POINT ( 'NONE',  ( 3.586772846851115300, 22.32467817596664300, 20.16406719884748400 ) ) ;
#574 = DATE_TIME_ROLE ( 'classification_date' ) ;
#575 = CARTESIAN_POINT ( 'NONE',  ( 10.35054178693426900, 10.97480056896054100, -6.074665357722041700 ) ) ;
#576 = CARTESIAN_POINT ( 'NONE',  ( -4.698946659092282400, 17.46144550748707400, -11.33263444100517600 ) ) ;
#577 = ADVANCED_FACE ( 'NONE', ( #5482 ), #5036, .T. ) ;
#578 = CIRCLE ( 'NONE', #6666, 4.607820323027546300 ) ;
#579 = CARTESIAN_POINT ( 'NONE',  ( -12.82664718204939000, 10.93062500000002400, -5.312971222579394100 ) ) ;
#580 = DIRECTION ( 'NONE',  ( 0.0000000000000000000, -1.000000000000000000, 0.0000000000000000000 ) ) ;
#581 = VERTEX_POINT ( 'NONE', #8017 ) ;
#582 = DIRECTION ( 'NONE',  ( -1.000000000000000000, -0.0000000000000000000, -0.0000000000000000000 ) ) ;
#583 = CARTESIAN_POINT ( 'NONE',  ( 0.0000000000000000000, 0.0000000000000000000, 0.0000000000000000000 ) ) ;
#584 = DIRECTION ( 'NONE',  ( 0.0000000000000000000, 0.0000000000000000000, -1.000000000000000000 ) ) ;
#585 = AXIS2_PLACEMENT_3D ( 'NONE', #1338, #6556, #2848 ) ;
#586 = ORIENTED_EDGE ( 'NONE', *, *, #5964, .F. ) ;
#587 = VECTOR ( 'NONE', #8950, 1000.000000000000000 ) ;
#588 = EDGE_CURVE ( 'NONE', #9047, #2706, #8507, .T. ) ;
#589 = PLANE ( 'NONE',  #7142 ) ;
#590 = EDGE_CURVE ( 'NONE', #6430, #6273, #1080, .T. ) ;
#591 = ORIENTED_EDGE ( 'NONE', *, *, #2297, .T. ) ;
#592 = DIRECTION ( 'NONE',  ( 0.0000000000000000000, 0.0000000000000000000, 1.000000000000000000 ) ) ;
#593 = CARTESIAN_POINT ( 'NONE',  ( 0.1083897543756196700, -2.114194236346733600E-015, 0.0000000000000000000 ) ) ;
#594 = EDGE_LOOP ( 'NONE', ( #8819, #2945 ) ) ;
#595 = DIRECTION ( 'NONE',  ( 1.000000000000000000, 0.0000000000000000000, 0.0000000000000000000 ) ) ;
#596 = CARTESIAN_POINT ( 'NONE',  ( -11.89999999999997500, 17.80000000000002200, 1.457329690985349000E-015 ) ) ;
#597 = ORIENTED_EDGE ( 'NONE', *, *, #5110, .T. ) ;
#598 = AXIS2_PLACEMENT_3D ( 'NONE', #8392, #234, #161 ) ;
#599 = PERSON ( 'NAUO-PER3', 'UNSPECIFIED', 'UNSPECIFIED', ('UNSPECIFIED'), ('UNSPECIFIED'), ('UNSPECIFIED') ) ;
#600 = CARTESIAN_POINT ( 'NONE',  ( -7.579319476895821400, -21.24851403046387700, -12.12474855317953100 ) ) ;
#601 =( BOUNDED_CURVE ( )  B_SPLINE_CURVE ( 2, ( #9524, #8809, #1304 ),
 .UNSPECIFIED., .F., .F. ) 
 B_SPLINE_CURVE_WITH_KNOTS ( ( 3, 3 ),
 ( 0.2789275894978148800, 0.2812499999999840100 ),
 .UNSPECIFIED. ) 
 CURVE ( )  GEOMETRIC_REPRESENTATION_ITEM ( )  RATIONAL_B_SPLINE_CURVE ( ( 0.9807351085325344300, 0.9886858897198154100, 0.9999999999999220600 ) ) 
 REPRESENTATION_ITEM ( '' )  );
#602 = AXIS2_PLACEMENT_3D ( 'NONE', #9222, #6289, #8537 ) ;
#603 = CARTESIAN_POINT ( 'NONE',  ( 15.66920801439250800, 22.32467817597903800, 13.18827000240093900 ) ) ;
#604 = B_SPLINE_CURVE_WITH_KNOTS ( 'NONE', 3,
 ( #8021, #2201, #2904, #7474, #4433, #4529 ),
 .UNSPECIFIED., .F., .F.,
 ( 4, 2, 4 ),
 ( 5.416208058820993800E-007, 0.0007387541640708884900, 0.001476966707335894800 ),
 .UNSPECIFIED. ) ;
#605 = EDGE_CURVE ( 'NONE', #4812, #5388, #4535, .T. ) ;
#606 = CARTESIAN_POINT ( 'NONE',  ( -5.499261314031101300, -9.525000000000057200, 16.74926131403117700 ) ) ;
#607 = SECURITY_CLASSIFICATION_LEVEL ( 'unclassified' ) ;
#608 = DIRECTION ( 'NONE',  ( 0.0000000000000000000, 0.0000000000000000000, 1.000000000000000000 ) ) ;
#609 = VERTEX_POINT ( 'NONE', #5180 ) ;
#610 = CARTESIAN_POINT ( 'NONE',  ( 1.571842864607731800, 17.21507224021938500, -12.39296226673580400 ) ) ;
#611 = EDGE_CURVE ( 'NONE', #9179, #6315, #9020, .T. ) ;
#612 = AXIS2_PLACEMENT_3D ( 'NONE', #8629, #7118, #7144 ) ;
#613 = CARTESIAN_POINT ( 'NONE',  ( -3.497296120807545700, 0.7554953443885100700, -20.27227717335864600 ) ) ;
#614 = CARTESIAN_POINT ( 'NONE',  ( -14.29000000000000400, -20.49170962313452500, -6.257467538869049100 ) ) ;
#615 = CIRCLE ( 'NONE', #4491, 6.440000000000000400 ) ;
#616 = EDGE_LOOP ( 'NONE', ( #2001, #5646, #735 ) ) ;
#617 = CARTESIAN_POINT ( 'NONE',  ( -19.37841981626295500, 1.076989761241256000, -7.499864114286771700 ) ) ;
#619 = ORIENTED_EDGE ( 'NONE', *, *, #1348, .T. ) ;
#618 = ORIENTED_EDGE ( 'NONE', *, *, #1948, .F. ) ;
#620 = DIRECTION ( 'NONE',  ( 0.8660254037844390400, 0.0000000000000000000, -0.4999999999999991100 ) ) ;
#621 = CC_DESIGN_PERSON_AND_ORGANIZATION_ASSIGNMENT ( #7521, #3371, ( #6000 ) ) ;
#622 = CARTESIAN_POINT ( 'NONE',  ( 5.445065917667760000, 0.0000000000000000000, 18.20305625855870000 ) ) ;
#623 = ADVANCED_FACE ( 'NONE', ( #3833 ), #6749, .F. ) ;
#624 = LINE ( 'NONE', #8402, #4256 ) ;
#625 = VERTEX_POINT ( 'NONE', #1417 ) ;
#626 = CARTESIAN_POINT ( 'NONE',  ( 2.581473850271385300E-016, 6.440000000000000400, 6.550000000000001600 ) ) ;
#627 = ORIENTED_EDGE ( 'NONE', *, *, #6909, .F. ) ;
#628 = CARTESIAN_POINT ( 'NONE',  ( 1.725874147982901600, -20.49170962313452500, -15.50423678951416000 ) ) ;
#629 = VERTEX_POINT ( 'NONE', #5124 ) ;
#630 = EDGE_CURVE ( 'NONE', #7378, #8364, #9549, .T. ) ;
#631 = LOCAL_TIME ( 13, 59, 25.00000000000000000, #7742 ) ;
#632 = PRODUCT_DEFINITION_SHAPE ( 'NONE', 'NONE',  #9692 ) ;
#633 = CARTESIAN_POINT ( 'NONE',  ( -8.034646945590148800, -21.23228174283605800, -11.86186511655942700 ) ) ;
#634 = CARTESIAN_POINT ( 'NONE',  ( -10.85465439984741200, 6.949870585161225800E-016, 5.674999999999997200 ) ) ;
#635 = VECTOR ( 'NONE', #7959, 1000.000000000000000 ) ;
#636 = CARTESIAN_POINT ( 'NONE',  ( -19.25598086124321300, 30.00000000000000000, 6.975797196446050600 ) ) ;
#637 = CARTESIAN_POINT ( 'NONE',  ( 3.709163999463083200, 9.525000000000014600, 17.21970371548192000 ) ) ;
#638 = ORIENTED_EDGE ( 'NONE', *, *, #4596, .F. ) ;
#639 = CARTESIAN_POINT ( 'NONE',  ( -13.44999999999999900, -10.69999999999999400, -12.94999999999999200 ) ) ;
#640 = ORIENTED_EDGE ( 'NONE', *, *, #1163, .F. ) ;
#641 = CYLINDRICAL_SURFACE ( 'NONE', #8953, 12.69999999999998500 ) ;
#642 = CONICAL_SURFACE ( 'NONE', #5489, 12.69999999999998900, 0.7853981633974418400 ) ;
#643 = CARTESIAN_POINT ( 'NONE',  ( -12.82664718204935100, 9.740000000000025100, 8.956799855210033200E-014 ) ) ;
#644 = ORIENTED_EDGE ( 'NONE', *, *, #8493, .T. ) ;
#645 = DIRECTION ( 'NONE',  ( -8.775090700452169200E-016, -1.000000000000000000, -0.0000000000000000000 ) ) ;
#646 = CARTESIAN_POINT ( 'NONE',  ( 2.384394636096357700, 20.78270896379854800, -20.86162577143528600 ) ) ;
#647 = ORIENTED_EDGE ( 'NONE', *, *, #2616, .T. ) ;
#648 = ORIENTED_EDGE ( 'NONE', *, *, #4878, .T. ) ;
#649 = LINE ( 'NONE', #8837, #3924 ) ;
#650 = ORIENTED_EDGE ( 'NONE', *, *, #9465, .F. ) ;
#651 = PERSON_AND_ORGANIZATION ( #4303, #4183 ) ;
#652 = AXIS2_PLACEMENT_3D ( 'NONE', #1407, #717, #8137 ) ;
#653 = CARTESIAN_POINT ( 'NONE',  ( 3.846108121414077100, 0.4098623777665208500, 19.85494141735030400 ) ) ;
#654 = ORIENTED_EDGE ( 'NONE', *, *, #2351, .F. ) ;
#655 = ORIENTED_EDGE ( 'NONE', *, *, #2471, .F. ) ;
#656 = AXIS2_PLACEMENT_3D ( 'NONE', #8784, #1387, #5119 ) ;
#657 = CARTESIAN_POINT ( 'NONE',  ( 10.99852262806237800, 0.0000000000000000000, 17.60000000000000100 ) ) ;
#658 = CARTESIAN_POINT ( 'NONE',  ( 19.11692457337020600, 0.4084536829783890800, -6.593722980966856700 ) ) ;
#659 = ORIENTED_EDGE ( 'NONE', *, *, #482, .T. ) ;
#660 = CARTESIAN_POINT ( 'NONE',  ( 9.069809202314353100, 19.42375000000000200, -9.069809202314482700 ) ) ;
#661 = EDGE_CURVE ( 'NONE', #7721, #4467, #3601, .T. ) ;
#662 = CIRCLE ( 'NONE', #1039, 13.99999999999999600 ) ;
#663 = DIRECTION ( 'NONE',  ( 0.9848077530122093500, 2.126576849575687800E-017, 0.1736481776669235300 ) ) ;
#664 = CARTESIAN_POINT ( 'NONE',  ( 4.929141392239731800, 11.34812500000001900, -11.90000000000004300 ) ) ;
#665 = EDGE_CURVE ( 'NONE', #1097, #6390, #8845, .T. ) ;
#666 = AXIS2_PLACEMENT_3D ( 'NONE', #1084, #5661, #5602 ) ;
#667 = ORIENTED_EDGE ( 'NONE', *, *, #1853, .F. ) ;
#668 = CARTESIAN_POINT ( 'NONE',  ( -6.479832041109383500, 17.04989497672415400, -10.87077094898494800 ) ) ;
#669 =( REPRESENTATION_RELATIONSHIP ('NONE','NONE', #2711, #2590 ) REPRESENTATION_RELATIONSHIP_WITH_TRANSFORMATION ( #1679 )SHAPE_REPRESENTATION_RELATIONSHIP( ) );
#670 = CARTESIAN_POINT ( 'NONE',  ( -10.99852262806237800, -7.680227302144747400E-014, 17.60000000000000100 ) ) ;
#671 = VERTEX_POINT ( 'NONE', #2231 ) ;
#672 = DIRECTION ( 'NONE',  ( -1.776356839400250500E-015, 0.0000000000000000000, -1.000000000000000000 ) ) ;
#673 = LINE ( 'NONE', #2982, #3708 ) ;
#674 = ORIENTED_EDGE ( 'NONE', *, *, #8540, .T. ) ;
#675 = DIRECTION ( 'NONE',  ( 0.7071067811865435800, 0.7071067811865514600, 8.659560562354876200E-017 ) ) ;
#676 = ADVANCED_FACE ( 'NONE', ( #561 ), #9207, .T. ) ;
#677 = CYLINDRICAL_SURFACE ( 'NONE', #434, 3.200000000000000200 ) ;
#678 = VERTEX_POINT ( 'NONE', #3645 ) ;
#679 = CARTESIAN_POINT ( 'NONE',  ( -2.742929126536621400, 1.532234675445130800, -20.76810205898537700 ) ) ;
#680 = CARTESIAN_POINT ( 'NONE',  ( 0.0000000000000000000, -10.80829037686547000, 0.0000000000000000000 ) ) ;
#681 = EDGE_LOOP ( 'NONE', ( #3838, #855, #3734, #5857 ) ) ;
#682 = ORIENTED_EDGE ( 'NONE', *, *, #8662, .T. ) ;
#683 = CARTESIAN_POINT ( 'NONE',  ( 3.409180836533436400, 22.05951822187721200, -20.37884066855405900 ) ) ;
#684 = CC_DESIGN_PERSON_AND_ORGANIZATION_ASSIGNMENT ( #6726, #2672, ( #5073 ) ) ;
#685 = DIRECTION ( 'NONE',  ( 0.0000000000000000000, 0.0000000000000000000, -1.000000000000000000 ) ) ;
#686 = CIRCLE ( 'NONE', #8620, 1.000000000000000400 ) ;
#687 = CARTESIAN_POINT ( 'NONE',  ( -13.65465439984741300, 0.0000000000000000000, 0.0000000000000000000 ) ) ;
#688 = DIRECTION ( 'NONE',  ( 0.0000000000000000000, 0.0000000000000000000, 1.000000000000000000 ) ) ;
#689 = EDGE_CURVE ( 'NONE', #8842, #4560, #7300, .T. ) ;
#690 = CARTESIAN_POINT ( 'NONE',  ( 0.0000000000000000000, 13.71446665693450000, 0.0000000000000000000 ) ) ;
#691 = DIRECTION ( 'NONE',  ( 0.0000000000000000000, 0.0000000000000000000, -1.000000000000000000 ) ) ;
#692 = DIRECTION ( 'NONE',  ( 0.0000000000000000000, -0.0000000000000000000, -1.000000000000000000 ) ) ;
#693 = DIRECTION ( 'NONE',  ( 1.000000000000000000, 0.0000000000000000000, 0.0000000000000000000 ) ) ;
#694 = CIRCLE ( 'NONE', #6034, 8.252653961416930500 ) ;
#695 = CARTESIAN_POINT ( 'NONE',  ( -9.035340417286477600E-014, 18.31250000000000700, -12.82664718204935100 ) ) ;
#696 = DIRECTION ( 'NONE',  ( 1.000000000000000000, -8.746504920891471700E-016, 0.0000000000000000000 ) ) ;
#697 = CARTESIAN_POINT ( 'NONE',  ( 0.0000000000000000000, 0.0000000000000000000, 0.0000000000000000000 ) ) ;
#698 = CARTESIAN_POINT ( 'NONE',  ( -5.499261314031100400, -9.525000000000057200, 17.60000000000000100 ) ) ;
#699 = ORIENTED_EDGE ( 'NONE', *, *, #987, .T. ) ;
#700 = CIRCLE ( 'NONE', #7215, 6.299999999999996300 ) ;
#701 = CARTESIAN_POINT ( 'NONE',  ( -11.67190269737710700, -10.56969817910534500, -9.761894529153710900 ) ) ;
#702 = CARTESIAN_POINT ( 'NONE',  ( -14.29000000000000300, -10.05208102775972300, -1.050733877700991800 ) ) ;
#703 = DIRECTION ( 'NONE',  ( 1.000000000000000000, 0.0000000000000000000, 0.0000000000000000000 ) ) ;
#704 = ORIENTED_EDGE ( 'NONE', *, *, #3063, .F. ) ;
#705 = CARTESIAN_POINT ( 'NONE',  ( -3.586772846850905700, 0.6554350922081675400, -20.16406719884644600 ) ) ;
#706 = ORIENTED_EDGE ( 'NONE', *, *, #5423, .T. ) ;
#707 = VECTOR ( 'NONE', #6670, 1000.000000000000100 ) ;
#708 = CARTESIAN_POINT ( 'NONE',  ( 16.61129520070223400, 21.21594217405438300, -12.76203664184057200 ) ) ;
#709 = CARTESIAN_POINT ( 'NONE',  ( 2.566290984841218300, 20.99886031810260400, -20.82156651333469500 ) ) ;
#710 = CARTESIAN_POINT ( 'NONE',  ( -16.74969253877023000, 1.706271053305409700, 12.63241746158347000 ) ) ;
#711 = AXIS2_PLACEMENT_3D ( 'NONE', #3426, #2667, #6438 ) ;
#712 = EDGE_CURVE ( 'NONE', #9249, #503, #1036, .T. ) ;
#713 = CARTESIAN_POINT ( 'NONE',  ( 0.0000000000000000000, 1.042832680730699600, -2.050000000000001200 ) ) ;
#714 = EDGE_LOOP ( 'NONE', ( #3177, #1687, #4019, #6859 ) ) ;
#715 = CARTESIAN_POINT ( 'NONE',  ( 14.29000000000000300, -21.18096144795448100, 2.095117946065573100 ) ) ;
#716 = ADVANCED_FACE ( 'NONE', ( #1735 ), #4366, .F. ) ;
#717 = DIRECTION ( 'NONE',  ( 0.0000000000000000000, 1.000000000000000000, 0.0000000000000000000 ) ) ;
#718 = CARTESIAN_POINT ( 'NONE',  ( -13.99999999999999800, 0.0000000000000000000, -3.399999999999999900 ) ) ;
#719 = B_SPLINE_CURVE_WITH_KNOTS ( 'NONE', 3,
 ( #5055, #2126, #9471, #8005, #1385, #6596, #4300, #8817, #5116, #4332, #2069, #3538 ),
 .UNSPECIFIED., .F., .F.,
 ( 4, 2, 2, 2, 2, 4 ),
 ( -9.403254081136424800E-006, 0.0002449715669431448500, 0.0004993463879674261000, 0.001008096030015985100, 0.001516845672064544200, 0.002025595314113103000 ),
 .UNSPECIFIED. ) ;
#720 = CARTESIAN_POINT ( 'NONE',  ( -5.312971222579573500, 17.12187500000000600, -12.82664718204931400 ) ) ;
#721 = AXIS2_PLACEMENT_3D ( 'NONE', #9412, #1127, #5607 ) ;
#722 = CARTESIAN_POINT ( 'NONE',  ( 3.520579078826653300, -10.37809659726469700, 14.46806341457557100 ) ) ;
#723 = ORIENTED_EDGE ( 'NONE', *, *, #3993, .F. ) ;
#724 = CONICAL_SURFACE ( 'NONE', #6357, 3.399999999999999900, 0.1745329251994260100 ) ;
#725 = ORIENTED_EDGE ( 'NONE', *, *, #153, .F. ) ;
#726 = AXIS2_PLACEMENT_3D ( 'NONE', #1434, #7336, #592 ) ;
#727 = DIRECTION ( 'NONE',  ( -0.0000000000000000000, -1.000000000000000000, -0.0000000000000000000 ) ) ;
#728 = VERTEX_POINT ( 'NONE', #2433 ) ;
#729 = EDGE_CURVE ( 'NONE', #7381, #4000, #2311, .T. ) ;
#730 = VERTEX_POINT ( 'NONE', #1644 ) ;
#731 = ADVANCED_FACE ( 'NONE', ( #2664 ), #80, .T. ) ;
#732 = CARTESIAN_POINT ( 'NONE',  ( 0.4652762284380224700, 9.525000000000003900, 17.60000000000000500 ) ) ;
#733 = CARTESIAN_POINT ( 'NONE',  ( -14.29000000000000400, -10.11948122645173100, -2.096559093200655300 ) ) ;
#734 = CARTESIAN_POINT ( 'NONE',  ( -11.89999999999999900, 15.55500000000001000, 9.475589339234934200E-014 ) ) ;
#735 = ORIENTED_EDGE ( 'NONE', *, *, #2988, .F. ) ;
#736 = AXIS2_PLACEMENT_3D ( 'NONE', #8890, #4439, #1460 ) ;
#737 = LINE ( 'NONE', #4039, #4015 ) ;
#738 = ORIENTED_EDGE ( 'NONE', *, *, #689, .T. ) ;
#740 = ORIENTED_EDGE ( 'NONE', *, *, #9355, .F. ) ;
#739 = ORIENTED_EDGE ( 'NONE', *, *, #5783, .T. ) ;
#741 = CONTEXT_DEPENDENT_SHAPE_REPRESENTATION ( #2106, #7487 ) ;
#742 = CARTESIAN_POINT ( 'NONE',  ( 14.73587640020000600, 6.949870585161225800E-016, 5.674999999999997200 ) ) ;
#743 = CARTESIAN_POINT ( 'NONE',  ( -12.70000000000000500, 13.54374478464833800, -5.260512242138206700 ) ) ;
#744 = CARTESIAN_POINT ( 'NONE',  ( -11.89999999999996800, 15.43437500000001000, 4.929141392239910300 ) ) ;
#745 = FACE_BOUND ( 'NONE', #4155, .T. ) ;
#746 = DIRECTION ( 'NONE',  ( 0.0000000000000000000, 1.000000000000000000, 0.0000000000000000000 ) ) ;
#747 = ORIENTED_EDGE ( 'NONE', *, *, #7112, .F. ) ;
#748 = DIRECTION ( 'NONE',  ( 1.000000000000000000, 0.0000000000000000000, 0.0000000000000000000 ) ) ;
#749 = ORIENTED_EDGE ( 'NONE', *, *, #4376, .F. ) ;
#750 = LOCAL_TIME ( 13, 59, 25.00000000000000000, #1927 ) ;
#751 = CARTESIAN_POINT ( 'NONE',  ( -8.382592070995923700E-014, 18.84750000000000400, -11.89999999999999900 ) ) ;
#752 = CARTESIAN_POINT ( 'NONE',  ( -8.946127672407389400E-014, 14.42938021535169600, -12.69999999999996700 ) ) ;
#753 = CIRCLE ( 'NONE', #5655, 6.099999999999998800 ) ;
#754 = CARTESIAN_POINT ( 'NONE',  ( 0.0000000000000000000, 0.0000000000000000000, 0.0000000000000000000 ) ) ;
#755 = CARTESIAN_POINT ( 'NONE',  ( 0.0000000000000000000, -20.49170962313452500, 0.0000000000000000000 ) ) ;
#756 = CARTESIAN_POINT ( 'NONE',  ( 9.875733029065646200, 24.27204651753703500, 15.10445474261239900 ) ) ;
#757 = FACE_OUTER_BOUND ( 'NONE', #4600, .T. ) ;
#758 = CARTESIAN_POINT ( 'NONE',  ( 9.192421541439368800E-014, 17.67750000000000900, 12.82664718204935100 ) ) ;
#759 = EDGE_CURVE ( 'NONE', #8216, #625, #7550, .T. ) ;
#760 = CARTESIAN_POINT ( 'NONE',  ( 0.0000000000000000000, 0.0000000000000000000, 0.0000000000000000000 ) ) ;
#761 = CARTESIAN_POINT ( 'NONE',  ( -18.36946682666901200, 23.76330531917479400, 3.949647367742064000 ) ) ;
#762 = VECTOR ( 'NONE', #3844, 1000.000000000000000 ) ;
#763 = DIRECTION ( 'NONE',  ( 0.0000000000000000000, 0.0000000000000000000, 1.000000000000000000 ) ) ;
#764 = CONICAL_SURFACE ( 'NONE', #8153, 3.703925678971643300, 0.1745329251994260100 ) ;
#765 = VERTEX_POINT ( 'NONE', #2300 ) ;
#766 = CALENDAR_DATE ( 2023, 6, 9 ) ;
#767 = CARTESIAN_POINT ( 'NONE',  ( 12.69999999999999900, 11.70000000000000800, 1.555301434917137200E-015 ) ) ;
#768 = ADVANCED_FACE ( 'NONE', ( #4783 ), #324, .T. ) ;
#769 = ORIENTED_EDGE ( 'NONE', *, *, #3295, .F. ) ;
#770 = FACE_OUTER_BOUND ( 'NONE', #1732, .T. ) ;
#771 = CYLINDRICAL_SURFACE ( 'NONE', #3904, 21.00000000000000000 ) ;
#772 = CARTESIAN_POINT ( 'NONE',  ( 0.0000000000000000000, -8.199999999999999300, 14.19999999999999900 ) ) ;
#773 = EDGE_CURVE ( 'NONE', #9425, #1915, #7669, .T. ) ;
#774 = DIRECTION ( 'NONE',  ( -8.775090700452169200E-016, -1.000000000000000000, -0.0000000000000000000 ) ) ;
#775 = DIRECTION ( 'NONE',  ( 1.000000000000000000, -0.0000000000000000000, 1.224646799147353200E-016 ) ) ;
#776 = PERSON_AND_ORGANIZATION ( #4303, #4183 ) ;
#777 = CARTESIAN_POINT ( 'NONE',  ( 1.150086511121018300, 6.336473863648589800, 5.551261791825659500 ) ) ;
#778 = EDGE_CURVE ( 'NONE', #8361, #6807, #4775, .T. ) ;
#779 = CARTESIAN_POINT ( 'NONE',  ( -16.51426793795353700, 1.415705397458408600, -12.83744352065117200 ) ) ;
#780 = DIRECTION ( 'NONE',  ( 0.0000000000000000000, -1.000000000000000000, 0.0000000000000000000 ) ) ;
#781 = ORIENTED_EDGE ( 'NONE', *, *, #3305, .F. ) ;
#782 = MANIFOLD_SOLID_BREP ( '圆角1', #8090 ) ;
#783 = ADVANCED_FACE ( 'NONE', ( #2778 ), #4190, .T. ) ;
#784 = ORIENTED_EDGE ( 'NONE', *, *, #5927, .T. ) ;
#785 = EDGE_LOOP ( 'NONE', ( #3027, #6220, #2112, #8387 ) ) ;
#786 = VECTOR ( 'NONE', #247, 1000.000000000000000 ) ;
#787 = CARTESIAN_POINT ( 'NONE',  ( 11.89999999999999900, 17.26000000000000900, -8.455458555545191200E-014 ) ) ;
#788 = CARTESIAN_POINT ( 'NONE',  ( 12.69999999999996900, 14.25811978464833600, -9.023892744153249100E-014 ) ) ;
#789 = AXIS2_PLACEMENT_3D ( 'NONE', #4336, #6567, #9541 ) ;
#790 = CARTESIAN_POINT ( 'NONE',  ( 0.09036699355935866300, 1.046587237246076300, 2.048086799181495300 ) ) ;
#791 = EDGE_LOOP ( 'NONE', ( #4710, #2547, #2894, #6444, #331, #2397, #8063, #1353, #5751, #2139, #141, #6630, #3663, #142, #3436, #5181, #5191, #4590, #4063, #9136, #9194, #397, #8298, #3222, #4900, #5557 ) ) ;
#792 = CARTESIAN_POINT ( 'NONE',  ( 5.312971222579394100, 15.69312500000001300, -12.82664718204939000 ) ) ;
#793 = EDGE_CURVE ( 'NONE', #6930, #6176, #3131, .T. ) ;
#794 = ORIENTED_EDGE ( 'NONE', *, *, #7796, .T. ) ;
#795 = CONICAL_SURFACE ( 'NONE', #5250, 2.499999999999998700, 0.7853981633974477200 ) ;
#796 = CARTESIAN_POINT ( 'NONE',  ( 10.77636534613066600, -10.37984437250001300, 10.27893325996521100 ) ) ;
#797 = DIRECTION ( 'NONE',  ( -0.0000000000000000000, -0.0000000000000000000, -1.000000000000000000 ) ) ;
#798 = EDGE_CURVE ( 'NONE', #4687, #7271, #5866, .T. ) ;
#799 = AXIS2_PLACEMENT_3D ( 'NONE', #7495, #6014, #6048 ) ;
#800 = FACE_OUTER_BOUND ( 'NONE', #8327, .T. ) ;
#801 = CARTESIAN_POINT ( 'NONE',  ( 14.73587640020000600, 0.0000000000000000000, -6.299999999999996300 ) ) ;
#802 = AXIS2_PLACEMENT_3D ( 'NONE', #4086, #8482, #257 ) ;
#803 = CARTESIAN_POINT ( 'NONE',  ( -5.445065917666424200, 0.0000000000000000000, -18.20305625855910100 ) ) ;
#804 = CARTESIAN_POINT ( 'NONE',  ( -4.929141392239742500, 15.79312500000001200, 11.90000000000003800 ) ) ;
#805 = VECTOR ( 'NONE', #1000, 1000.000000000000000 ) ;
#806 = ADVANCED_FACE ( 'NONE', ( #1028 ), #4068, .F. ) ;
#807 = VECTOR ( 'NONE', #5426, 1000.000000000000000 ) ;
#808 = CARTESIAN_POINT ( 'NONE',  ( -1.928700779538300000, 2.192405920891417700, 0.7082212400555906200 ) ) ;
#809 = CC_DESIGN_DATE_AND_TIME_ASSIGNMENT ( #2259, #2773, ( #8002 ) ) ;
#810 = DIRECTION ( 'NONE',  ( -0.0000000000000000000, -1.000000000000000000, -0.0000000000000000000 ) ) ;
#811 = TOROIDAL_SURFACE ( 'NONE', #419, 18.00000000000000400, 3.000000000000000000 ) ;
#812 = DIRECTION ( 'NONE',  ( -1.000000000000000000, -0.0000000000000000000, -0.0000000000000000000 ) ) ;
#813 = EDGE_CURVE ( 'NONE', #3599, #6969, #6168, .T. ) ;
#814 = ORIENTED_EDGE ( 'NONE', *, *, #8959, .T. ) ;
#815 = DIRECTION ( 'NONE',  ( 1.000000000000000000, -0.0000000000000000000, -0.0000000000000000000 ) ) ;
#816 = DIRECTION ( 'NONE',  ( 1.000000000000000000, -0.0000000000000000000, -0.0000000000000000000 ) ) ;
#817 = CARTESIAN_POINT ( 'NONE',  ( -13.44999999999999900, 0.0000000000000000000, 0.0000000000000000000 ) ) ;
#818 = CARTESIAN_POINT ( 'NONE',  ( 12.82664718204935100, 12.91500000000001900, -9.113880979362923200E-014 ) ) ;
#819 = ORIENTED_EDGE ( 'NONE', *, *, #9475, .T. ) ;
#820 = CIRCLE ( 'NONE', #4188, 7.060900368822721000 ) ;
#821 = CARTESIAN_POINT ( 'NONE',  ( -2.086674286657633700E-017, -3.702239058767077500, 0.0000000000000000000 ) ) ;
#822 = EDGE_LOOP ( 'NONE', ( #586, #6054, #4978, #2505 ) ) ;
#823 = CARTESIAN_POINT ( 'NONE',  ( -11.69999999999998900, 1.026685611952902800E-014, 1.432836755002401700E-015 ) ) ;
#824 = ORIENTED_EDGE ( 'NONE', *, *, #2091, .T. ) ;
#825 = ADVANCED_FACE ( 'NONE', ( #9428, #3015 ), #3162, .F. ) ;
#826 = CARTESIAN_POINT ( 'NONE',  ( -13.94176023471901600, 0.02989860395284298800, -13.55361957821037500 ) ) ;
#827 = VERTEX_POINT ( 'NONE', #3899 ) ;
#828 = SHAPE_REPRESENTATION ( '316L-DV1-G-MR4-21.5M', ( #1296 ), #8974 ) ;
#829 = CARTESIAN_POINT ( 'NONE',  ( -0.6843919803066449400, 1.243862328889966200, -1.936609009998663900 ) ) ;
#830 = CARTESIAN_POINT ( 'NONE',  ( 19.12530091371903800, 22.64442577216162200, -6.617422698314517700 ) ) ;
#831 = CARTESIAN_POINT ( 'NONE',  ( -10.78197280963644300, 24.16114746403463400, -14.66843699062040900 ) ) ;
#832 = ORIENTED_EDGE ( 'NONE', *, *, #7435, .T. ) ;
#833 = CARTESIAN_POINT ( 'NONE',  ( 5.260512242138205800, 13.22624478464833700, -12.70000000000000500 ) ) ;
#834 = AXIS2_PLACEMENT_3D ( 'NONE', #8070, #2917, #2124 ) ;
#835 = CARTESIAN_POINT ( 'NONE',  ( -1.004823314737297100, 6.361392595829125100, 5.979015230789956400 ) ) ;
#836 = AXIS2_PLACEMENT_3D ( 'NONE', #6199, #3332, #7642 ) ;
#837 = VERTEX_POINT ( 'NONE', #179 ) ;
#838 = B_SPLINE_CURVE_WITH_KNOTS ( 'NONE', 3,
 ( #9689, #6046, #5235, #3081, #3827, #7460, #3023, #9210, #1740, #9064 ),
 .UNSPECIFIED., .F., .F.,
 ( 4, 2, 2, 2, 4 ),
 ( -1.095445854363450900E-005, 0.0002729282469291734800, 0.0005568109524019815300, 0.001124576363347602400, 0.002260107185238836300 ),
 .UNSPECIFIED. ) ;
#839 = EDGE_CURVE ( 'NONE', #9392, #2962, #7203, .T. ) ;
#840 = CARTESIAN_POINT ( 'NONE',  ( 14.00000000000000000, 17.80000000000000100, -13.44999999999999900 ) ) ;
#841 = VECTOR ( 'NONE', #3208, 1000.000000000000000 ) ;
#842 = ORIENTED_EDGE ( 'NONE', *, *, #2274, .F. ) ;
#843 = DIRECTION ( 'NONE',  ( -0.4999999999999949500, -0.8660254037844415900, 0.0000000000000000000 ) ) ;
#844 = CARTESIAN_POINT ( 'NONE',  ( 9.564848863492874400E-015, 10.90000000000001100, 0.0000000000000000000 ) ) ;
#845 = CARTESIAN_POINT ( 'NONE',  ( 8.414570696119973500, 16.03125000000001100, 8.414570696119856300 ) ) ;
#846 = EDGE_CURVE ( 'NONE', #6550, #2133, #2183, .T. ) ;
#847 = AXIS2_PLACEMENT_3D ( 'NONE', #461, #5588, #4876 ) ;
#848 = CARTESIAN_POINT ( 'NONE',  ( 12.82664718204939200, 14.10562500000001400, 5.312971222579391500 ) ) ;
#850 = ORIENTED_EDGE ( 'NONE', *, *, #353, .T. ) ;
#849 = ORIENTED_EDGE ( 'NONE', *, *, #3955, .F. ) ;
#851 = AXIS2_PLACEMENT_3D ( 'NONE', #2710, #8681, #2584 ) ;
#852 = DIRECTION ( 'NONE',  ( 1.000000000000000000, 0.0000000000000000000, 0.0000000000000000000 ) ) ;
#853 = CARTESIAN_POINT ( 'NONE',  ( 9.180332783635222400, 3.149197188353576800, 0.09792507081888403300 ) ) ;
#854 = LINE ( 'NONE', #698, #9606 ) ;
#855 = ORIENTED_EDGE ( 'NONE', *, *, #6346, .T. ) ;
#856 = EDGE_LOOP ( 'NONE', ( #9610, #6452, #6776, #8586 ) ) ;
#857 = CARTESIAN_POINT ( 'NONE',  ( 0.0000000000000000000, 0.0000000000000000000, 0.0000000000000000000 ) ) ;
#858 = CARTESIAN_POINT ( 'NONE',  ( 15.48935550388091700, 22.49822439696368900, -13.21864678629387100 ) ) ;
#859 = ORIENTED_EDGE ( 'NONE', *, *, #7158, .F. ) ;
#860 = CARTESIAN_POINT ( 'NONE',  ( -16.19274334556727600, 21.77909615978121500, -13.04118017212738000 ) ) ;
#861 = APPROVAL_PERSON_ORGANIZATION ( #2859, #1433, #9572 ) ;
#862 = CARTESIAN_POINT ( 'NONE',  ( -10.02972735007080700, 17.09795983556018200, -7.638995802148660800 ) ) ;
#863 = AXIS2_PLACEMENT_3D ( 'NONE', #3831, #4686, #9102 ) ;
#864 = CC_DESIGN_PERSON_AND_ORGANIZATION_ASSIGNMENT ( #5331, #1949, ( #7915 ) ) ;
#865 = CIRCLE ( 'NONE', #3981, 19.72072930905315500 ) ;
#866 = CARTESIAN_POINT ( 'NONE',  ( 7.349999999999999600, -3.084843528204037900E-015, 0.0000000000000000000 ) ) ;
#867 = DIRECTION ( 'NONE',  ( 1.000000000000000000, 0.0000000000000000000, -0.0000000000000000000 ) ) ;
#868 = ORIENTED_EDGE ( 'NONE', *, *, #7727, .T. ) ;
#869 = EDGE_CURVE ( 'NONE', #6830, #1661, #2539, .T. ) ;
#870 = CARTESIAN_POINT ( 'NONE',  ( -14.29000000000000400, -23.09999999999999800, -8.250335346719747800 ) ) ;
#871 = CARTESIAN_POINT ( 'NONE',  ( 1.408344576769477600E-016, 6.440000000000000400, 4.250000000000001800 ) ) ;
#872 = DIRECTION ( 'NONE',  ( 0.0000000000000000000, 0.0000000000000000000, -1.000000000000000000 ) ) ;
#873 = CIRCLE ( 'NONE', #8469, 7.060900368822721000 ) ;
#874 = ADVANCED_FACE ( 'NONE', ( #3822 ), #6934, .F. ) ;
#875 = LINE ( 'NONE', #4584, #6140 ) ;
#876 = CARTESIAN_POINT ( 'NONE',  ( -13.44999999999999900, -10.69999999999999400, 13.44999999999999900 ) ) ;
#877 = ORIENTED_EDGE ( 'NONE', *, *, #2953, .F. ) ;
#878 = CARTESIAN_POINT ( 'NONE',  ( 4.929141392239922800, 19.56187500000000400, 11.89999999999996300 ) ) ;
#879 = ORIENTED_EDGE ( 'NONE', *, *, #7291, .T. ) ;
#880 = PLANE ( 'NONE',  #1210 ) ;
#881 = CARTESIAN_POINT ( 'NONE',  ( 11.50007457652316800, 17.54209598205188300, 3.965820559391619100 ) ) ;
#882 = CARTESIAN_POINT ( 'NONE',  ( 5.064956904763319800, 23.46268770547642600, 18.53177931250027300 ) ) ;
#883 = CARTESIAN_POINT ( 'NONE',  ( 12.82664718204939200, 11.56562500000001800, 5.312971222579391500 ) ) ;
#884 = CYLINDRICAL_SURFACE ( 'NONE', #7927, 4.549999999999999800 ) ;
#885 = VECTOR ( 'NONE', #1512, 1000.000000000000100 ) ;
#886 = B_SPLINE_CURVE_WITH_KNOTS ( 'NONE', 3,
 ( #7698, #267, #5507, #6246, #1082, #7867, #1839, #1871 ),
 .UNSPECIFIED., .F., .F.,
 ( 4, 2, 2, 4 ),
 ( 0.01166088545170260500, 0.01306001561136709400, 0.01375958069119933600, 0.01445914577103158000 ),
 .UNSPECIFIED. ) ;
#887 = ORIENTED_EDGE ( 'NONE', *, *, #2351, .T. ) ;
#888 = PERSON_AND_ORGANIZATION ( #4303, #4183 ) ;
#889 = CARTESIAN_POINT ( 'NONE',  ( -4.444291428765573000, 0.0000000000000000000, -3.199999999999998800 ) ) ;
#890 = ORIENTED_EDGE ( 'NONE', *, *, #1461, .F. ) ;
#891 = CARTESIAN_POINT ( 'NONE',  ( 1.738998454789241500E-015, -8.199999999999999300, -14.19999999999999900 ) ) ;
#892 = ORIENTED_EDGE ( 'NONE', *, *, #4235, .T. ) ;
#893 = VERTEX_POINT ( 'NONE', #8372 ) ;
#894 = CARTESIAN_POINT ( 'NONE',  ( -15.33612881583133400, 30.00000000000000000, -11.21620046825956900 ) ) ;
#895 = CARTESIAN_POINT ( 'NONE',  ( -14.29000000000000400, -10.80829037686547000, -6.257467538869049100 ) ) ;
#896 = LINE ( 'NONE', #1395, #5349 ) ;
#897 = DIRECTION ( 'NONE',  ( -1.000000000000000000, -0.0000000000000000000, -0.0000000000000000000 ) ) ;
#898 = CARTESIAN_POINT ( 'NONE',  ( -11.99999999999997900, 9.700000000000022400, 1.469576158976822400E-015 ) ) ;
#899 = CARTESIAN_POINT ( 'NONE',  ( -6.402153650224555300, 7.961144599948564600, 17.22290479380366400 ) ) ;
#900 = SHAPE_REPRESENTATION_RELATIONSHIP ( 'NONE' , 'NONE' ,  #828, #6704 ) ;
#901 = ORIENTED_EDGE ( 'NONE', *, *, #103, .F. ) ;
#902 = DIRECTION ( 'NONE',  ( 0.0000000000000000000, 1.000000000000000000, 0.0000000000000000000 ) ) ;
#903 = ORIENTED_EDGE ( 'NONE', *, *, #2230, .T. ) ;
#904 = EDGE_CURVE ( 'NONE', #2298, #5621, #4415, .T. ) ;
#905 = FACE_OUTER_BOUND ( 'NONE', #11, .T. ) ;
#906 = CARTESIAN_POINT ( 'NONE',  ( -12.60522836978962700, 23.76330531917486900, -13.93360124199955100 ) ) ;
#907 = CARTESIAN_POINT ( 'NONE',  ( -2.050000000000001200, 2.299999999999994500, -2.193834799194117400E-021 ) ) ;
#908 = CARTESIAN_POINT ( 'NONE',  ( -0.1502322048931625500, -6.440000000000000400, 4.250000000000001800 ) ) ;
#909 = EDGE_CURVE ( 'NONE', #4962, #5909, #1381, .T. ) ;
#910 = DIRECTION ( 'NONE',  ( 0.0000000000000000000, 0.0000000000000000000, -1.000000000000000000 ) ) ;
#911 = FACE_OUTER_BOUND ( 'NONE', #1963, .T. ) ;
#912 = DIRECTION ( 'NONE',  ( 0.0000000000000000000, 0.0000000000000000000, -1.000000000000000000 ) ) ;
#913 = ORIENTED_EDGE ( 'NONE', *, *, #8611, .T. ) ;
#914 = AXIS2_PLACEMENT_3D ( 'NONE', #4354, #1253, #3513 ) ;
#915 = ORIENTED_EDGE ( 'NONE', *, *, #7639, .T. ) ;
#916 = VECTOR ( 'NONE', #7286, 1000.000000000000000 ) ;
#917 = CARTESIAN_POINT ( 'NONE',  ( -11.90000000000003200, 14.00562500000001600, -4.929141392239748700 ) ) ;
#918 = B_SPLINE_CURVE_WITH_KNOTS ( 'NONE', 3,
 ( #5278, #7605, #7573, #2306, #5387, #2333, #5253, #8303, #1519, #3068, #8276, #3810, #111, #4563 ),
 .UNSPECIFIED., .F., .F.,
 ( 4, 2, 2, 2, 2, 2, 4 ),
 ( 5.439140883527366600E-007, 0.002998086993937739000, 0.004496858533862432000, 0.005995630073787124900, 0.007494401613711818700, 0.008993173153636511600, 0.01199071623348590100 ),
 .UNSPECIFIED. ) ;
#919 = AXIS2_PLACEMENT_3D ( 'NONE', #1063, #280, #7710 ) ;
#920 = CARTESIAN_POINT ( 'NONE',  ( -0.5559294013235592800, 17.37765506874751900, 12.31637727401417200 ) ) ;
#921 = DIRECTION ( 'NONE',  ( -1.000000000000000000, -0.0000000000000000000, -0.0000000000000000000 ) ) ;
#922 = FACE_OUTER_BOUND ( 'NONE', #7969, .T. ) ;
#923 = CARTESIAN_POINT ( 'NONE',  ( -9.069809202314351300, 12.43875000000001800, 9.069809202314482700 ) ) ;
#924 = EDGE_CURVE ( 'NONE', #5758, #6570, #7427, .T. ) ;
#925 = CARTESIAN_POINT ( 'NONE',  ( -2.260760671697740900, 20.63746869550590200, 20.87795395112411300 ) ) ;
#926 = CARTESIAN_POINT ( 'NONE',  ( -8.980256121069064800, 14.90563021535169200, 8.980256121069192700 ) ) ;
#927 = DIRECTION ( 'NONE',  ( -1.000000000000000000, -0.0000000000000000000, -0.0000000000000000000 ) ) ;
#928 = EDGE_CURVE ( 'NONE', #2524, #2837, #1956, .T. ) ;
#929 = AXIS2_PLACEMENT_3D ( 'NONE', #1874, #9241, #4130 ) ;
#930 = ADVANCED_FACE ( 'NONE', ( #4301 ), #8379, .F. ) ;
#931 = CIRCLE ( 'NONE', #6858, 0.8000000000000003800 ) ;
#932 = CARTESIAN_POINT ( 'NONE',  ( -13.04177618759629300, 0.0000000000000000000, -13.81709353925949000 ) ) ;
#933 = CARTESIAN_POINT ( 'NONE',  ( 13.19999999999999400, 8.899999999999995000, 13.19999999999999800 ) ) ;
#934 = CARTESIAN_POINT ( 'NONE',  ( 8.414570696119842100, 16.14875000000001000, -8.414570696119989500 ) ) ;
#935 = DIRECTION ( 'NONE',  ( -0.0000000000000000000, -1.000000000000000000, -0.0000000000000000000 ) ) ;
#936 = EDGE_LOOP ( 'NONE', ( #5763, #1724, #2251, #5687 ) ) ;
#937 = FACE_OUTER_BOUND ( 'NONE', #7452, .T. ) ;
#938 = CARTESIAN_POINT ( 'NONE',  ( 5.499261314031167900, 9.525000000000019900, 0.8507386859688213000 ) ) ;
#939 = CARTESIAN_POINT ( 'NONE',  ( 3.831793927291135700, 22.64442538715941200, 19.87170822049520100 ) ) ;
#940 = CARTESIAN_POINT ( 'NONE',  ( -0.7080109050740724900, -6.401849294338801700, 6.318474458346659400 ) ) ;
#941 = VERTEX_POINT ( 'NONE', #5908 ) ;
#942 = CARTESIAN_POINT ( 'NONE',  ( 14.28999999999999700, -10.37821148760900600, -4.184360038272044100 ) ) ;
#943 = EDGE_CURVE ( 'NONE', #1676, #1203, #9340, .T. ) ;
#944 = EDGE_LOOP ( 'NONE', ( #5077, #8504, #4781 ) ) ;
#945 = PERSON_AND_ORGANIZATION ( #4303, #4183 ) ;
#946 = CARTESIAN_POINT ( 'NONE',  ( 11.90000000000003600, 13.37062500000001600, 4.929141392239745100 ) ) ;
#947 = DIRECTION ( 'NONE',  ( 0.7071067811865512400, 0.7071067811865439100, 8.659560562354971100E-017 ) ) ;
#948 = CARTESIAN_POINT ( 'NONE',  ( 11.90000000000000000, 10.90000000000000000, 0.0000000000000000000 ) ) ;
#949 = CARTESIAN_POINT ( 'NONE',  ( -1.769575318512502900, 17.36523842471244800, 12.21392046405052100 ) ) ;
#950 = DIRECTION ( 'NONE',  ( 2.664535259100375700E-015, 0.0000000000000000000, -1.000000000000000000 ) ) ;
#951 = CARTESIAN_POINT ( 'NONE',  ( -5.312971222579396800, 11.24812500000002100, 12.82664718204939000 ) ) ;
#952 = DIRECTION ( 'NONE',  ( -0.0000000000000000000, -1.000000000000000000, -0.0000000000000000000 ) ) ;
#953 = VERTEX_POINT ( 'NONE', #2948 ) ;
#954 = CARTESIAN_POINT ( 'NONE',  ( -19.37468617176541100, 1.415705423272142400, 7.883053825936912100 ) ) ;
#955 = CARTESIAN_POINT ( 'NONE',  ( -8.248891971046740300, -4.762500000000066800, 0.0000000000000000000 ) ) ;
#956 = ADVANCED_FACE ( 'NONE', ( #8148 ), #8256, .T. ) ;
#957 = CARTESIAN_POINT ( 'NONE',  ( 2.049999999999999800, 0.0000000000000000000, 0.0000000000000000000 ) ) ;
#958 = CARTESIAN_POINT ( 'NONE',  ( -11.90000000000004500, 16.74562500000000800, -4.929141392239722000 ) ) ;
#959 = AXIS2_PLACEMENT_3D ( 'NONE', #4209, #569, #8199 ) ;
#960 = CARTESIAN_POINT ( 'NONE',  ( 0.0000000000000000000, 20.63746869550590200, 0.0000000000000000000 ) ) ;
#961 = DIRECTION ( 'NONE',  ( -1.000000000000000000, 8.195543980992796600E-016, 0.0000000000000000000 ) ) ;
#962 = ORIENTED_EDGE ( 'NONE', *, *, #9283, .T. ) ;
#963 = FACE_OUTER_BOUND ( 'NONE', #6024, .T. ) ;
#964 = EDGE_CURVE ( 'NONE', #1661, #7417, #1254, .T. ) ;
#965 = EDGE_LOOP ( 'NONE', ( #4424, #699, #3315, #9120 ) ) ;
#966 = VERTEX_POINT ( 'NONE', #5260 ) ;
#967 = CARTESIAN_POINT ( 'NONE',  ( 2.715118120302807600, 11.53767889761905600, 12.24665321736921800 ) ) ;
#968 = ORIENTED_EDGE ( 'NONE', *, *, #2290, .T. ) ;
#969 = DIRECTION ( 'NONE',  ( -0.0000000000000000000, -0.0000000000000000000, -1.000000000000000000 ) ) ;
#970 = DIRECTION ( 'NONE',  ( -0.0000000000000000000, -1.000000000000000000, -0.0000000000000000000 ) ) ;
#971 =( NAMED_UNIT ( * ) PLANE_ANGLE_UNIT ( ) SI_UNIT ( $, .RADIAN. ) );
#972 = CARTESIAN_POINT ( 'NONE',  ( 14.00000000000000000, 0.0000000000000000000, 0.0000000000000000000 ) ) ;
#973 = AXIS2_PLACEMENT_3D ( 'NONE', #246, #5477, #1091 ) ;
#974 = CARTESIAN_POINT ( 'NONE',  ( -1.004643839863985900, 6.361424479526792900, 4.820373318281166800 ) ) ;
#975 = ORIENTED_EDGE ( 'NONE', *, *, #9558, .T. ) ;
#976 = FACE_OUTER_BOUND ( 'NONE', #8980, .T. ) ;
#977 = ORIENTED_EDGE ( 'NONE', *, *, #2508, .T. ) ;
#978 = AXIS2_PLACEMENT_3D ( 'NONE', #8045, #6535, #2830 ) ;
#979 = ADVANCED_FACE ( 'NONE', ( #71, #5231 ), #1568, .T. ) ;
#980 = EDGE_CURVE ( 'NONE', #3311, #3046, #673, .T. ) ;
#982 = ORIENTED_EDGE ( 'NONE', *, *, #2804, .T. ) ;
#981 = ORIENTED_EDGE ( 'NONE', *, *, #1632, .T. ) ;
#983 = CARTESIAN_POINT ( 'NONE',  ( -4.929141392239914800, 13.84687500000001700, -11.89999999999996500 ) ) ;
#984 = DIRECTION ( 'NONE',  ( 0.7071067811865474600, 4.903554850278087400E-015, -0.7071067811865474600 ) ) ;
#985 = CARTESIAN_POINT ( 'NONE',  ( 9.485890743062897800, 17.66992707975653700, -7.410679677741389200 ) ) ;
#986 = CARTESIAN_POINT ( 'NONE',  ( -8.577833150995530800, 17.28533967770009000, 8.983826084736394400 ) ) ;
#987 = EDGE_CURVE ( 'NONE', #1652, #3743, #3257, .T. ) ;
#988 = CONICAL_SURFACE ( 'NONE', #9547, 6.440000000000000400, 0.7853981633974482800 ) ;
#989 = CARTESIAN_POINT ( 'NONE',  ( -11.89999999999996300, 18.17437500000000500, 4.929141392239922800 ) ) ;
#990 = CARTESIAN_POINT ( 'NONE',  ( 8.248891971046839800, -4.762499999999971800, 17.60000000000000100 ) ) ;
#991 = EDGE_LOOP ( 'NONE', ( #4534, #1852, #3670, #2394, #2437 ) ) ;
#992 = DIRECTION ( 'NONE',  ( -1.000000000000000000, 0.0000000000000000000, 0.0000000000000000000 ) ) ;
#993 = AXIS2_PLACEMENT_3D ( 'NONE', #8764, #608, #2134 ) ;
#994 = ORIENTED_EDGE ( 'NONE', *, *, #9648, .T. ) ;
#995 = CARTESIAN_POINT ( 'NONE',  ( -13.99999999999999800, -3.702239058767077500, 1.714505518806294400E-015 ) ) ;
#996 = ITEM_DEFINED_TRANSFORMATION ( 'NONE', 'NONE', #5386,  #1296 ) ;
#997 = CARTESIAN_POINT ( 'NONE',  ( 0.0000000000000000000, 17.80000000000000100, 0.0000000000000000000 ) ) ;
#998 = DIRECTION ( 'NONE',  ( 0.4999999999999997800, 0.0000000000000000000, -0.8660254037844388200 ) ) ;
#999 = VECTOR ( 'NONE', #5702, 1000.000000000000000 ) ;
#1000 = DIRECTION ( 'NONE',  ( -0.0000000000000000000, -1.000000000000000000, -0.0000000000000000000 ) ) ;
#1001 = CIRCLE ( 'NONE', #3485, 3.200000000000000200 ) ;
#1002 = CARTESIAN_POINT ( 'NONE',  ( -13.79999999999999900, -3.851286324154184300E-015, 0.0000000000000000000 ) ) ;
#1003 = CARTESIAN_POINT ( 'NONE',  ( 5.050000000000002500, 6.184466335694136000E-016, -3.000000000000000000 ) ) ;
#1004 = DIRECTION ( 'NONE',  ( -0.0000000000000000000, 1.000000000000000000, 1.224646799147353200E-016 ) ) ;
#1005 = DIRECTION ( 'NONE',  ( 0.0000000000000000000, -1.000000000000000000, 0.0000000000000000000 ) ) ;
#1006 = CC_DESIGN_SECURITY_CLASSIFICATION ( #8002, ( #9695 ) ) ;
#1007 = FACE_OUTER_BOUND ( 'NONE', #389, .T. ) ;
#1008 = CARTESIAN_POINT ( 'NONE',  ( -1.234750609217242400, 11.49797866629050200, 12.44316257276878300 ) ) ;
#1009 = VECTOR ( 'NONE', #620, 1000.000000000000100 ) ;
#1010 = EDGE_CURVE ( 'NONE', #2209, #47, #3424, .T. ) ;
#1011 = APPROVAL_ROLE ( '' ) ;
#1012 = ORIENTED_EDGE ( 'NONE', *, *, #5701, .F. ) ;
#1013 = DATE_AND_TIME ( #9638, #7895 ) ;
#1014 = CARTESIAN_POINT ( 'NONE',  ( -2.864479826189502400, 21.36036764622679500, -20.71863277722624700 ) ) ;
#1015 = PLANE ( 'NONE',  #1860 ) ;
#1016 = ORIENTED_EDGE ( 'NONE', *, *, #3973, .F. ) ;
#1017 = CIRCLE ( 'NONE', #4427, 2.050000000000001200 ) ;
#1018 = CIRCLE ( 'NONE', #2913, 8.252653961416930500 ) ;
#1019 = CARTESIAN_POINT ( 'NONE',  ( -4.929141392239914800, 11.30687500000001900, -11.89999999999996500 ) ) ;
#1020 = DATE_AND_TIME ( #8831, #7200 ) ;
#1021 = CARTESIAN_POINT ( 'NONE',  ( 11.62175118965594200, 17.61977942579262900, -3.323420690746736700 ) ) ;
#1022 = CARTESIAN_POINT ( 'NONE',  ( -12.34137136263139400, 17.20206881992978900, 2.012741687560337700 ) ) ;
#1023 = CARTESIAN_POINT ( 'NONE',  ( 0.0000000000000000000, 2.000000000000000000, 0.0000000000000000000 ) ) ;
#1024 = ORIENTED_EDGE ( 'NONE', *, *, #5980, .T. ) ;
#1025 = CARTESIAN_POINT ( 'NONE',  ( -8.382592070995921100E-014, 17.77750000000000300, -11.89999999999999900 ) ) ;
#1026 = CARTESIAN_POINT ( 'NONE',  ( -2.086674286657633700E-017, -3.702239058767077500, 0.0000000000000000000 ) ) ;
#1027 = ORIENTED_EDGE ( 'NONE', *, *, #3149, .T. ) ;
#1028 = FACE_OUTER_BOUND ( 'NONE', #5225, .T. ) ;
#1029 = CARTESIAN_POINT ( 'NONE',  ( 0.0000000000000000000, 0.0000000000000000000, 0.0000000000000000000 ) ) ;
#1030 = FACE_OUTER_BOUND ( 'NONE', #3706, .T. ) ;
#1031 = ADVANCED_FACE ( 'NONE', ( #8025, #8726 ), #2347, .F. ) ;
#1032 = B_SPLINE_CURVE_WITH_KNOTS ( 'NONE', 3,
 ( #3427, #7919, #4112, #9289, #6347, #3461, #5612, #8663, #7129, #4144, #7067, #4214, #9420, #8541 ),
 .UNSPECIFIED., .F., .F.,
 ( 4, 2, 2, 2, 2, 2, 4 ),
 ( 5.439140883573309700E-007, 0.002998086993937353900, 0.004496858533861850000, 0.005995630073786347700, 0.007494401613710845500, 0.008993173153635344200, 0.01199071623348433800 ),
 .UNSPECIFIED. ) ;
#1033 = EDGE_LOOP ( 'NONE', ( #4334, #4996, #4469 ) ) ;
#1034 = EDGE_LOOP ( 'NONE', ( #6090, #2245, #4077, #1108 ) ) ;
#1035 = DIRECTION ( 'NONE',  ( 1.000000000000000000, -8.775090700452169200E-016, 0.0000000000000000000 ) ) ;
#1036 = CIRCLE ( 'NONE', #8092, 19.00000000000000400 ) ;
#1037 = AXIS2_PLACEMENT_3D ( 'NONE', #2287, #6078, #3826 ) ;
#1038 = CONICAL_SURFACE ( 'NONE', #7298, 6.100000000000000500, 0.7853981633974418400 ) ;
#1039 = AXIS2_PLACEMENT_3D ( 'NONE', #1223, #1944, #4935 ) ;
#1040 = CARTESIAN_POINT ( 'NONE',  ( 12.40591986552564100, 11.68395667103950300, 2.759762542859597100 ) ) ;
#1041 = CARTESIAN_POINT ( 'NONE',  ( 19.25598086124352500, 22.32467817596708700, 6.975797196446237100 ) ) ;
#1042 = EDGE_CURVE ( 'NONE', #1658, #4403, #6391, .T. ) ;
#1043 = PERSON_AND_ORGANIZATION_ROLE ( 'creator' ) ;
#1044 = CARTESIAN_POINT ( 'NONE',  ( 12.44999999999999900, 8.647109035777110400E-016, -7.060900368822721000 ) ) ;
#1045 = VECTOR ( 'NONE', #7135, 1000.000000000000000 ) ;
#1046 = CARTESIAN_POINT ( 'NONE',  ( -9.069809202314482700, 17.20125000000000900, -9.069809202314353100 ) ) ;
#1047 = CARTESIAN_POINT ( 'NONE',  ( -4.929141392239898800, 11.50687500000001900, -11.89999999999997400 ) ) ;
#1048 = CARTESIAN_POINT ( 'NONE',  ( -9.868399094356496100, 24.27242179343813400, 15.10839948273447300 ) ) ;
#1049 = CARTESIAN_POINT ( 'NONE',  ( -8.414570696119854500, 18.25375000000000700, 8.414570696119975300 ) ) ;
#1050 = EDGE_CURVE ( 'NONE', #6969, #5022, #3484, .T. ) ;
#1051 = DIRECTION ( 'NONE',  ( -8.775090700452169200E-016, -1.000000000000000000, -0.0000000000000000000 ) ) ;
#1052 = FACE_OUTER_BOUND ( 'NONE', #6446, .T. ) ;
#1053 = CARTESIAN_POINT ( 'NONE',  ( 3.831793927292864100, 22.64442538716051300, -19.87170822049382600 ) ) ;
#1054 = ORIENTED_EDGE ( 'NONE', *, *, #7914, .F. ) ;
#1055 = CARTESIAN_POINT ( 'NONE',  ( -8.946127672407389400E-014, 13.15938021535169600, -12.69999999999996700 ) ) ;
#1056 = EDGE_CURVE ( 'NONE', #3364, #2409, #6742, .T. ) ;
#1057 = AXIS2_PLACEMENT_3D ( 'NONE', #9226, #4048, #226 ) ;
#1058 = CARTESIAN_POINT ( 'NONE',  ( 9.000000000000001800, -11.19999999999999900, -6.500000000000000900 ) ) ;
#1059 = PLANE ( 'NONE',  #8719 ) ;
#1060 = EDGE_LOOP ( 'NONE', ( #6680, #3264, #1437, #7069 ) ) ;
#1061 = VECTOR ( 'NONE', #1229, 1000.000000000000000 ) ;
#1062 = ORIENTED_EDGE ( 'NONE', *, *, #6590, .F. ) ;
#1063 = CARTESIAN_POINT ( 'NONE',  ( 0.0000000000000000000, 0.0000000000000000000, 0.0000000000000000000 ) ) ;
#1064 = CARTESIAN_POINT ( 'NONE',  ( 19.35789552848813600, 21.21594212953505800, 8.004785350667811300 ) ) ;
#1065 = CARTESIAN_POINT ( 'NONE',  ( 0.0000000000000000000, -17.91297949373559800, 0.0000000000000000000 ) ) ;
#1066 = DIRECTION ( 'NONE',  ( -0.0000000000000000000, 0.0000000000000000000, -1.000000000000000000 ) ) ;
#1067 = DIRECTION ( 'NONE',  ( 0.0000000000000000000, 0.0000000000000000000, 1.000000000000000000 ) ) ;
#1068 = EDGE_LOOP ( 'NONE', ( #251, #591, #7982, #1881 ) ) ;
#1069 = DIRECTION ( 'NONE',  ( 0.0000000000000000000, 0.0000000000000000000, -1.000000000000000000 ) ) ;
#1070 = DIRECTION ( 'NONE',  ( 1.049727191138618300E-016, -0.5150380749100547100, 0.8571673007021120000 ) ) ;
#1071 = ADVANCED_FACE ( 'NONE', ( #1488 ), #6505, .T. ) ;
#1072 = CARTESIAN_POINT ( 'NONE',  ( -12.82664718204935100, 18.63000000000000600, 8.956799855210033200E-014 ) ) ;
#1073 = ORIENTED_EDGE ( 'NONE', *, *, #909, .T. ) ;
#1074 = CARTESIAN_POINT ( 'NONE',  ( 11.90000000000000600, 17.80000000000000100, 0.0000000000000000000 ) ) ;
#1075 = CARTESIAN_POINT ( 'NONE',  ( 12.27635182233308000, 0.0000000000000000000, 0.0000000000000000000 ) ) ;
#1076 = DIRECTION ( 'NONE',  ( 0.0000000000000000000, 0.0000000000000000000, -1.000000000000000000 ) ) ;
#1077 = DIRECTION ( 'NONE',  ( 0.0000000000000000000, 0.0000000000000000000, 1.000000000000000000 ) ) ;
#1078 = B_SPLINE_CURVE_WITH_KNOTS ( 'NONE', 3,
 ( #3697, #1637, #7591, #2321, #5335, #756, #24, #8999, #5974, #3024, #3050, #6817, #882, #2350 ),
 .UNSPECIFIED., .F., .F.,
 ( 4, 2, 2, 2, 2, 2, 4 ),
 ( 5.439140883671454400E-007, 0.002998086993937595900, 0.004496858533862208200, 0.005995630073786819600, 0.007494401613711431000, 0.008993173153636045000, 0.01199071623348526800 ),
 .UNSPECIFIED. ) ;
#1079 = CARTESIAN_POINT ( 'NONE',  ( -11.89999999999999900, 15.55500000000001000, 8.309725586446653600E-014 ) ) ;
#1080 =( BOUNDED_CURVE ( )  B_SPLINE_CURVE ( 2, ( #5804, #6542, #2867, #2833, #2109, #8080, #8665, #4216, #4973 ),
 .UNSPECIFIED., .F., .F. ) 
 B_SPLINE_CURVE_WITH_KNOTS ( ( 3, 2, 2, 2, 3 ),
 ( 0.7187500000000000000, 0.7343750000000000000, 0.7500000000000000000, 0.7656250000000000000, 0.7812500000000000000 ),
 .UNSPECIFIED. ) 
 CURVE ( )  GEOMETRIC_REPRESENTATION_ITEM ( )  RATIONAL_B_SPLINE_CURVE ( ( 1.000000000000000000, 0.9238795325112867400, 1.000000000000000000, 0.9238795325112867400, 1.000000000000000000, 0.9238795325112867400, 1.000000000000000000, 0.9238795325112867400, 1.000000000000000000 ) ) 
 REPRESENTATION_ITEM ( '' )  );
#1081 = CARTESIAN_POINT ( 'NONE',  ( 3.586772846851588300, 0.6554350922095983900, -20.16406719884721700 ) ) ;
#1082 = CARTESIAN_POINT ( 'NONE',  ( -18.97740699945774500, 0.2370420606330651000, 6.179698686283226800 ) ) ;
#1083 = DIRECTION ( 'NONE',  ( 0.0000000000000000000, 0.0000000000000000000, -1.000000000000000000 ) ) ;
#1084 = CARTESIAN_POINT ( 'NONE',  ( -14.00000000000000000, 0.0000000000000000000, 0.0000000000000000000 ) ) ;
#1085 = CIRCLE ( 'NONE', #2490, 11.69999999999998900 ) ;
#1086 = ORIENTED_EDGE ( 'NONE', *, *, #360, .T. ) ;
#1087 = DIRECTION ( 'NONE',  ( 1.000000000000000000, -8.775090700452170200E-016, 0.0000000000000000000 ) ) ;
#1088 = CARTESIAN_POINT ( 'NONE',  ( 0.0000000000000000000, 0.0000000000000000000, 17.60000000000000100 ) ) ;
#1090 = EDGE_LOOP ( 'NONE', ( #644, #8438, #502, #2261 ) ) ;
#1089 = VERTEX_POINT ( 'NONE', #8866 ) ;
#1091 = DIRECTION ( 'NONE',  ( 0.0000000000000000000, 0.0000000000000000000, 1.000000000000000000 ) ) ;
#1092 = DIRECTION ( 'NONE',  ( -0.7071067811865463500, 8.659560562354919300E-017, 0.7071067811865487900 ) ) ;
#1093 = EDGE_CURVE ( 'NONE', #581, #9581, #9537, .T. ) ;
#1094 = EDGE_CURVE ( 'NONE', #4189, #8802, #7539, .T. ) ;
#1095 = VECTOR ( 'NONE', #7814, 1000.000000000000100 ) ;
#1096 = ORIENTED_EDGE ( 'NONE', *, *, #7221, .T. ) ;
#1097 = VERTEX_POINT ( 'NONE', #7383 ) ;
#1098 = CARTESIAN_POINT ( 'NONE',  ( 11.89999999999999900, 10.91000000000002000, -1.472344940069727500E-013 ) ) ;
#1099 = CARTESIAN_POINT ( 'NONE',  ( 11.89999999999996300, 17.53937500000000300, -4.929141392239926300 ) ) ;
#1100 = ORIENTED_EDGE ( 'NONE', *, *, #506, .T. ) ;
#1101 = DIRECTION ( 'NONE',  ( -0.4434853479292394400, 0.0000000000000000000, 0.8962816221322857900 ) ) ;
#1102 = CARTESIAN_POINT ( 'NONE',  ( -13.44999999999999900, 8.900000000000016300, -13.44999999999999900 ) ) ;
#1103 = AXIS2_PLACEMENT_3D ( 'NONE', #5516, #2535, #6970 ) ;
#1104 = LINE ( 'NONE', #4641, #7752 ) ;
#1105 = CIRCLE ( 'NONE', #8657, 9.525000000000002100 ) ;
#1106 = EDGE_CURVE ( 'NONE', #6916, #7342, #6973, .T. ) ;
#1107 = CARTESIAN_POINT ( 'NONE',  ( 12.82664718204935100, 19.26500000000000400, -9.113880979362924500E-014 ) ) ;
#1108 = ORIENTED_EDGE ( 'NONE', *, *, #5856, .F. ) ;
#1109 = CARTESIAN_POINT ( 'NONE',  ( 13.44999999999999900, 8.899999999999993200, 13.44999999999999900 ) ) ;
#1110 = CARTESIAN_POINT ( 'NONE',  ( -12.70000000000000500, 14.81374478464833200, -5.260512242138206700 ) ) ;
#1111 = CARTESIAN_POINT ( 'NONE',  ( -9.000000000000001800, -1.199999999999999700, 9.000000000000000000 ) ) ;
#1112 = EDGE_CURVE ( 'NONE', #6601, #5092, #5471, .T. ) ;
#1113 = AXIS2_PLACEMENT_3D ( 'NONE', #500, #4955, #5693 ) ;
#1114 = CARTESIAN_POINT ( 'NONE',  ( 8.528325040094456200E-014, 14.60250000000001200, 11.89999999999999900 ) ) ;
#1115 = LINE ( 'NONE', #2339, #8807 ) ;
#1116 = DIRECTION ( 'NONE',  ( -1.000000000000000000, -0.0000000000000000000, -0.0000000000000000000 ) ) ;
#1117 = FACE_OUTER_BOUND ( 'NONE', #3379, .T. ) ;
#1118 = EDGE_LOOP ( 'NONE', ( #9573, #5179, #7878, #3421, #640 ) ) ;
#1119 = CARTESIAN_POINT ( 'NONE',  ( -3.688409626074399500, -9.525000000000041200, 0.3759314465276654100 ) ) ;
#1120 = CARTESIAN_POINT ( 'NONE',  ( -5.260512242138207600, 13.71500521535169700, 12.70000000000000100 ) ) ;
#1121 = CARTESIAN_POINT ( 'NONE',  ( 19.23603106471235700, 1.941561358139002800, 8.424896642194172000 ) ) ;
#1122 = VERTEX_POINT ( 'NONE', #8056 ) ;
#1123 = ADVANCED_FACE ( 'NONE', ( #7786 ), #2428, .F. ) ;
#1124 = LINE ( 'NONE', #2072, #2756 ) ;
#1125 = DIRECTION ( 'NONE',  ( 0.0000000000000000000, 0.0000000000000000000, -1.000000000000000000 ) ) ;
#1126 = CONICAL_SURFACE ( 'NONE', #290, 3.703925678971643300, 0.1745329251994260100 ) ;
#1127 = DIRECTION ( 'NONE',  ( -0.0000000000000000000, -0.0000000000000000000, -1.000000000000000000 ) ) ;
#1128 = ORIENTED_EDGE ( 'NONE', *, *, #7912, .T. ) ;
#1129 = CC_DESIGN_DATE_AND_TIME_ASSIGNMENT ( #7992, #8827, ( #8508 ) ) ;
#1130 = COORDINATED_UNIVERSAL_TIME_OFFSET ( 8, 0, .AHEAD. ) ;
#1131 = ORIENTED_EDGE ( 'NONE', *, *, #9468, .T. ) ;
#1132 = ORIENTED_EDGE ( 'NONE', *, *, #3923, .T. ) ;
#1133 = CARTESIAN_POINT ( 'NONE',  ( -10.57791107419760700, 11.37947052706035600, 6.443321864832870300 ) ) ;
#1134 = ORIENTED_EDGE ( 'NONE', *, *, #9413, .F. ) ;
#1135 = CARTESIAN_POINT ( 'NONE',  ( -2.581473850271385300E-016, -6.440000000000000400, 6.550000000000001600 ) ) ;
#1136 = CYLINDRICAL_SURFACE ( 'NONE', #6472, 6.299999999999996300 ) ;
#1137 = CARTESIAN_POINT ( 'NONE',  ( 4.929141392239927200, 17.22187500000000800, 11.89999999999995900 ) ) ;
#1138 = EDGE_CURVE ( 'NONE', #8891, #6863, #6277, .T. ) ;
#1139 = APPLICATION_PROTOCOL_DEFINITION ( 'international standard', 'config_control_design', 1994, #4215 ) ;
#1140 = DIRECTION ( 'NONE',  ( -0.0000000000000000000, -0.0000000000000000000, -1.000000000000000000 ) ) ;
#1141 = VERTEX_POINT ( 'NONE', #9518 ) ;
#1142 = ORIENTED_EDGE ( 'NONE', *, *, #2670, .F. ) ;
#1143 = LINE ( 'NONE', #5004, #5825 ) ;
#1144 = CARTESIAN_POINT ( 'NONE',  ( -12.82664718204939000, 19.82062500000000700, -5.312971222579394100 ) ) ;
#1145 = DIRECTION ( 'NONE',  ( 0.0000000000000000000, 1.000000000000000000, 0.0000000000000000000 ) ) ;
#1146 = B_SPLINE_CURVE_WITH_KNOTS ( 'NONE', 3,
 ( #6625, #2146, #3657, #8285, #8932, #5230, #3821, #2344, #1466, #2976, #3045, #15, #8898, #2247, #4509, #6779, #6685, #6074 ),
 .UNSPECIFIED., .F., .F.,
 ( 4, 2, 2, 2, 2, 2, 2, 2, 4 ),
 ( 1.984870226103156900E-007, 0.0003927645013514735000, 0.0007853305156803367500, 0.001177896530009199400, 0.001570462544338062200, 0.002355594572995788300, 0.002748160587324651900, 0.002944443594489083500, 0.003140726601653515100 ),
 .UNSPECIFIED. ) ;
#1147 = CARTESIAN_POINT ( 'NONE',  ( 11.89999999999996500, 11.18937500000001800, -4.929141392239915700 ) ) ;
#1148 = B_SPLINE_CURVE_WITH_KNOTS ( 'NONE', 3,
 ( #573, #2771, #5802, #8731, #4276, #3619, #9476, #1288 ),
 .UNSPECIFIED., .F., .F.,
 ( 4, 2, 2, 4 ),
 ( 3.529814596559328600E-007, 0.001137198964804757200, 0.001705621956477312100, 0.002274044948149867000 ),
 .UNSPECIFIED. ) ;
#1149 = VERTEX_POINT ( 'NONE', #2118 ) ;
#1150 = CARTESIAN_POINT ( 'NONE',  ( 14.29000000000000400, -20.49170962313452500, 6.257467538869049100 ) ) ;
#1151 = DIRECTION ( 'NONE',  ( 0.0000000000000000000, -1.000000000000000000, 0.0000000000000000000 ) ) ;
#1152 = CIRCLE ( 'NONE', #2362, 2.899999999999992800 ) ;
#1153 = CARTESIAN_POINT ( 'NONE',  ( 8.015539861186733000, 5.166677710330987800, 17.60000000000000500 ) ) ;
#1154 = FACE_OUTER_BOUND ( 'NONE', #8322, .T. ) ;
#1155 = CARTESIAN_POINT ( 'NONE',  ( 2.050000000000001600, 0.6609346322114813000, -1.423535324875093600E-015 ) ) ;
#1156 = DIRECTION ( 'NONE',  ( -1.000000000000000000, 5.062054713723247700E-019, 0.0000000000000000000 ) ) ;
#1157 = DIRECTION ( 'NONE',  ( -5.062054713723247700E-019, -1.000000000000000000, -0.0000000000000000000 ) ) ;
#1158 = AXIS2_PLACEMENT_3D ( 'NONE', #2796, #7365, #7337 ) ;
#1159 = DIRECTION ( 'NONE',  ( -0.0000000000000000000, -1.000000000000000000, -0.0000000000000000000 ) ) ;
#1160 = AXIS2_PLACEMENT_3D ( 'NONE', #4483, #6017, #30 ) ;
#1161 = CARTESIAN_POINT ( 'NONE',  ( -11.30370392737969400, 11.36257219381220600, 5.021559327746458300 ) ) ;
#1162 = FACE_OUTER_BOUND ( 'NONE', #7956, .T. ) ;
#1163 = EDGE_CURVE ( 'NONE', #503, #4451, #5584, .T. ) ;
#1164 = DIRECTION ( 'NONE',  ( -0.0000000000000000000, -1.000000000000000000, -0.0000000000000000000 ) ) ;
#1165 = APPLICATION_CONTEXT ( 'configuration controlled 3d designs of mechanical parts and assemblies' ) ;
#1166 = CARTESIAN_POINT ( 'NONE',  ( -16.95045816486629400, 20.63746869550590200, 12.39685314912908800 ) ) ;
#1167 = EDGE_CURVE ( 'NONE', #9566, #1711, #5582, .T. ) ;
#1168 = AXIS2_PLACEMENT_3D ( 'NONE', #2216, #2015, #8930 ) ;
#1169 = ADVANCED_FACE ( 'NONE', ( #3591 ), #1600, .T. ) ;
#1170 = ORIENTED_EDGE ( 'NONE', *, *, #7451, .T. ) ;
#1171 = LINE ( 'NONE', #4384, #1989 ) ;
#1172 = AXIS2_PLACEMENT_3D ( 'NONE', #5162, #1428, #9680 ) ;
#1173 = CARTESIAN_POINT ( 'NONE',  ( -9.035340417286478800E-014, 19.58250000000000700, -12.82664718204935100 ) ) ;
#1174 = ORIENTED_EDGE ( 'NONE', *, *, #1482, .T. ) ;
#1175 = DIRECTION ( 'NONE',  ( -8.775090700452169200E-016, -1.000000000000000000, -0.0000000000000000000 ) ) ;
#1176 = CARTESIAN_POINT ( 'NONE',  ( -5.064305753986698900, 23.46231663777934500, 18.53247282138905700 ) ) ;
#1177 = CARTESIAN_POINT ( 'NONE',  ( 12.94999999999999200, 9.400000000000000400, 12.94999999999999200 ) ) ;
#1178 = CARTESIAN_POINT ( 'NONE',  ( 8.414570696119856300, 13.80875000000001400, -8.414570696119973500 ) ) ;
#1179 = DIRECTION ( 'NONE',  ( 0.0000000000000000000, 1.000000000000000000, 0.0000000000000000000 ) ) ;
#1180 = ORIENTED_EDGE ( 'NONE', *, *, #7272, .T. ) ;
#1181 = LINE ( 'NONE', #5924, #6431 ) ;
#1182 = SECURITY_CLASSIFICATION ( '', '', #2541 ) ;
#1183 = CARTESIAN_POINT ( 'NONE',  ( -8.414570696119838500, 14.44375000000001200, 8.414570696119991300 ) ) ;
#1184 = EDGE_CURVE ( 'NONE', #8693, #5115, #208, .T. ) ;
#1185 = EDGE_LOOP ( 'NONE', ( #2293, #6624, #3934, #170 ) ) ;
#1186 = DIRECTION ( 'NONE',  ( 0.0000000000000000000, 1.000000000000000000, 1.224646799147353200E-016 ) ) ;
#1187 = CARTESIAN_POINT ( 'NONE',  ( 8.414570696119833200, 11.06875000000001900, -8.414570696119996600 ) ) ;
#1188 = APPROVAL_STATUS ( 'not_yet_approved' ) ;
#1189 = DIRECTION ( 'NONE',  ( 0.0000000000000000000, 0.0000000000000000000, 1.000000000000000000 ) ) ;
#1190 = ORIENTED_EDGE ( 'NONE', *, *, #379, .T. ) ;
#1191 = VECTOR ( 'NONE', #2022, 1000.000000000000000 ) ;
#1192 = DIRECTION ( 'NONE',  ( -1.000000000000000000, -0.0000000000000000000, -0.0000000000000000000 ) ) ;
#1193 = ORIENTED_EDGE ( 'NONE', *, *, #3254, .F. ) ;
#1194 =( BOUNDED_CURVE ( )  B_SPLINE_CURVE ( 2, ( #1995, #7960, #6552, #4347, #5845, #6583, #4463, #8088, #6621 ),
 .UNSPECIFIED., .F., .F. ) 
 B_SPLINE_CURVE_WITH_KNOTS ( ( 3, 2, 2, 2, 3 ),
 ( 0.5312500000000000000, 0.5468750000000000000, 0.5625000000000000000, 0.5781250000000000000, 0.5937500000000000000 ),
 .UNSPECIFIED. ) 
 CURVE ( )  GEOMETRIC_REPRESENTATION_ITEM ( )  RATIONAL_B_SPLINE_CURVE ( ( 1.000000000000000000, 0.9238795325112867400, 1.000000000000000000, 0.9238795325112867400, 1.000000000000000000, 0.9238795325112867400, 1.000000000000000000, 0.9238795325112867400, 1.000000000000000000 ) ) 
 REPRESENTATION_ITEM ( '' )  );
#1195 = EDGE_LOOP ( 'NONE', ( #9068, #7082, #2196 ) ) ;
#1196 = ORIENTED_EDGE ( 'NONE', *, *, #3334, .T. ) ;
#1197 = CARTESIAN_POINT ( 'NONE',  ( 12.82664718204935100, 11.64500000000002100, -9.113880979362924500E-014 ) ) ;
#1198 = CARTESIAN_POINT ( 'NONE',  ( 12.69999999999998500, -1.114436518957424200E-014, 0.0000000000000000000 ) ) ;
#1199 = CARTESIAN_POINT ( 'NONE',  ( 11.89999999999994700, 13.52937500000001800, -4.929141392239957400 ) ) ;
#1200 = CARTESIAN_POINT ( 'NONE',  ( 8.248891971046839800, -4.762499999999970000, 0.0000000000000000000 ) ) ;
#1201 = CIRCLE ( 'NONE', #7401, 21.00000000000000000 ) ;
#1202 = CARTESIAN_POINT ( 'NONE',  ( -2.086674286657633700E-017, -3.702239058767077500, 0.0000000000000000000 ) ) ;
#1203 = VERTEX_POINT ( 'NONE', #4629 ) ;
#1204 = DIRECTION ( 'NONE',  ( 0.0000000000000000000, 0.0000000000000000000, 1.000000000000000000 ) ) ;
#1206 = ORIENTED_EDGE ( 'NONE', *, *, #2638, .T. ) ;
#1205 = ORIENTED_EDGE ( 'NONE', *, *, #7779, .F. ) ;
#1207 = COORDINATED_UNIVERSAL_TIME_OFFSET ( 8, 0, .AHEAD. ) ;
#1208 = DIRECTION ( 'NONE',  ( 0.5773502691896236200, -0.5773502691896258400, 0.5773502691896278400 ) ) ;
#1209 = CARTESIAN_POINT ( 'NONE',  ( 1.408343819019456000E-016, -9.525000000000057200, 4.250000000000001800 ) ) ;
#1210 = AXIS2_PLACEMENT_3D ( 'NONE', #5334, #22, #6108 ) ;
#1211 = ADVANCED_FACE ( 'NONE', ( #3946 ), #448, .T. ) ;
#1212 = FACE_BOUND ( 'NONE', #2481, .T. ) ;
#1213 = DIRECTION ( 'NONE',  ( 0.0000000000000000000, 0.0000000000000000000, 1.000000000000000000 ) ) ;
#1214 = EDGE_LOOP ( 'NONE', ( #5657, #6615, #1542, #4259, #7620, #7317 ) ) ;
#1215 = DIRECTION ( 'NONE',  ( 0.0000000000000000000, 1.000000000000000000, 0.0000000000000000000 ) ) ;
#1216 = EDGE_CURVE ( 'NONE', #2898, #9240, #5013, .T. ) ;
#1217 = ORIENTED_EDGE ( 'NONE', *, *, #3780, .F. ) ;
#1218 = PERSON_AND_ORGANIZATION ( #4303, #4183 ) ;
#1219 = PERSON ( 'NAUO-PER2', 'UNSPECIFIED', 'UNSPECIFIED', ('UNSPECIFIED'), ('UNSPECIFIED'), ('UNSPECIFIED') ) ;
#1220 = CARTESIAN_POINT ( 'NONE',  ( 15.27182841686996200, 0.4098618270481244100, -13.25829827374066200 ) ) ;
#1221 = CYLINDRICAL_SURFACE ( 'NONE', #6643, 14.20000000000000100 ) ;
#1222 = CARTESIAN_POINT ( 'NONE',  ( -12.22937918068782900, 11.32490056179872600, 1.582174535673210900 ) ) ;
#1223 = CARTESIAN_POINT ( 'NONE',  ( -7.884259052232641100E-018, 21.94442923809691900, 0.0000000000000000000 ) ) ;
#1224 = CIRCLE ( 'NONE', #8961, 2.299999999999999800 ) ;
#1225 = CARTESIAN_POINT ( 'NONE',  ( -1.365213330385478600E-014, 13.71446665693450000, 0.0000000000000000000 ) ) ;
#1226 = APPROVAL_ROLE ( '' ) ;
#1227 = CARTESIAN_POINT ( 'NONE',  ( -2.506044059125967800, 1.764135332255405000, 20.83978316357330100 ) ) ;
#1228 = AXIS2_PLACEMENT_3D ( 'NONE', #6504, #5855, #2031 ) ;
#1229 = DIRECTION ( 'NONE',  ( -0.0000000000000000000, 1.000000000000000000, -0.0000000000000000000 ) ) ;
#1230 = CARTESIAN_POINT ( 'NONE',  ( 0.0000000000000000000, 2.000000000000000000, 0.0000000000000000000 ) ) ;
#1231 = AXIS2_PLACEMENT_3D ( 'NONE', #9342, #7116, #2657 ) ;
#1232 = EDGE_LOOP ( 'NONE', ( #3942, #8115, #4573, #333 ) ) ;
#1233 = EDGE_CURVE ( 'NONE', #182, #4965, #5813, .T. ) ;
#1234 = FACE_OUTER_BOUND ( 'NONE', #4903, .T. ) ;
#1235 = CARTESIAN_POINT ( 'NONE',  ( 9.069809202314353100, 13.07375000000001800, -9.069809202314482700 ) ) ;
#1236 = ORIENTED_EDGE ( 'NONE', *, *, #411, .T. ) ;
#1237 = DIRECTION ( 'NONE',  ( 0.0000000000000000000, 1.000000000000000000, 0.0000000000000000000 ) ) ;
#1238 = COORDINATED_UNIVERSAL_TIME_OFFSET ( 8, 0, .AHEAD. ) ;
#1239 = CARTESIAN_POINT ( 'NONE',  ( 1.209951936996610200E-013, 13.33250000000001400, 11.89999999999999900 ) ) ;
#1240 = CARTESIAN_POINT ( 'NONE',  ( -15.29350649495896500, 22.64442586040208700, -13.25428512093425000 ) ) ;
#1241 = EDGE_CURVE ( 'NONE', #4381, #63, #5700, .T. ) ;
#1242 = AXIS2_PLACEMENT_3D ( 'NONE', #7214, #1248, #4262 ) ;
#1243 = ORIENTED_EDGE ( 'NONE', *, *, #7912, .F. ) ;
#1244 = CARTESIAN_POINT ( 'NONE',  ( 8.414570696119975300, 10.95125000000001900, 8.414570696119856300 ) ) ;
#1245 = LINE ( 'NONE', #6563, #2059 ) ;
#1246 = CIRCLE ( 'NONE', #6093, 0.2999999999999999300 ) ;
#1247 = CARTESIAN_POINT ( 'NONE',  ( 19.25598086124352500, 30.00000000000000000, 6.975797196446237100 ) ) ;
#1248 = DIRECTION ( 'NONE',  ( -0.0000000000000000000, 1.000000000000000000, -0.0000000000000000000 ) ) ;
#1249 = CALENDAR_DATE ( 2023, 6, 9 ) ;
#1250 = EDGE_LOOP ( 'NONE', ( #7607, #5078, #5770 ) ) ;
#1251 = CARTESIAN_POINT ( 'NONE',  ( 11.44999999999999900, 0.0000000000000000000, 0.0000000000000000000 ) ) ;
#1252 = ORIENTED_EDGE ( 'NONE', *, *, #1793, .T. ) ;
#1253 = DIRECTION ( 'NONE',  ( 1.000000000000000000, -0.0000000000000000000, -0.0000000000000000000 ) ) ;
#1254 = LINE ( 'NONE', #5294, #2303 ) ;
#1255 = CARTESIAN_POINT ( 'NONE',  ( -4.289526135271634300, 0.1732283458431018200, 19.35700023932912100 ) ) ;
#1256 = LINE ( 'NONE', #5071, #3953 ) ;
#1257 = DIRECTION ( 'NONE',  ( -1.237404653380196600E-016, 1.000000000000000000, 0.0000000000000000000 ) ) ;
#1258 = CARTESIAN_POINT ( 'NONE',  ( 0.9201755227901119400, -6.374834636609563200, 4.693824413990622400 ) ) ;
#1259 = ORIENTED_EDGE ( 'NONE', *, *, #8973, .T. ) ;
#1260 = EDGE_CURVE ( 'NONE', #9343, #4283, #4142, .T. ) ;
#1261 = PERSON_AND_ORGANIZATION_ROLE ( 'classification_officer' ) ;
#1262 = ORIENTED_EDGE ( 'NONE', *, *, #471, .T. ) ;
#1263 = DIRECTION ( 'NONE',  ( -1.000000000000000000, -0.0000000000000000000, -0.0000000000000000000 ) ) ;
#1264 = VECTOR ( 'NONE', #5325, 1000.000000000000000 ) ;
#1265 = DIRECTION ( 'NONE',  ( 1.000000000000000000, -8.896017825522095500E-016, 0.0000000000000000000 ) ) ;
#1266 = ADVANCED_FACE ( 'NONE', ( #6735 ), #6850, .T. ) ;
#1267 = VECTOR ( 'NONE', #6694, 1000.000000000000000 ) ;
#1268 = CARTESIAN_POINT ( 'NONE',  ( -9.069809202314351300, 14.97875000000001400, 9.069809202314482700 ) ) ;
#1269 = CARTESIAN_POINT ( 'NONE',  ( 11.90633974596221900, 10.90633974596222100, -5.199830294817119200E-012 ) ) ;
#1270 = CARTESIAN_POINT ( 'NONE',  ( -11.89999999999996700, 13.09437500000001700, 4.929141392239915700 ) ) ;
#1271 = CARTESIAN_POINT ( 'NONE',  ( -14.87953514389049500, 22.89746306900032400, -13.33688527714409100 ) ) ;
#1272 = CARTESIAN_POINT ( 'NONE',  ( 0.0000000000000000000, 24.81915204428899500, 0.0000000000000000000 ) ) ;
#1273 = CARTESIAN_POINT ( 'NONE',  ( 11.90000000000003600, 12.30062500000001600, 4.929141392239745100 ) ) ;
#1274 = CARTESIAN_POINT ( 'NONE',  ( 1.209951936996610200E-013, 13.13250000000001600, 11.89999999999999900 ) ) ;
#1275 = AXIS2_PLACEMENT_3D ( 'NONE', #4129, #1208, #498 ) ;
#1276 = EDGE_CURVE ( 'NONE', #8624, #4358, #7582, .T. ) ;
#1277 = CARTESIAN_POINT ( 'NONE',  ( 0.0000000000000000000, 2.000000000000000000, -21.00000000000000400 ) ) ;
#1278 = EDGE_CURVE ( 'NONE', #2013, #8933, #1018, .T. ) ;
#1279 = CARTESIAN_POINT ( 'NONE',  ( -13.65465439984741300, 0.0000000000000000000, 0.0000000000000000000 ) ) ;
#1280 = CARTESIAN_POINT ( 'NONE',  ( -14.00000000000001100, 8.900000000000018100, -13.44999999999999900 ) ) ;
#1281 = LINE ( 'NONE', #7751, #8274 ) ;
#1282 = ORIENTED_EDGE ( 'NONE', *, *, #1793, .F. ) ;
#1283 = AXIS2_PLACEMENT_3D ( 'NONE', #5949, #7440, #3732 ) ;
#1284 = CARTESIAN_POINT ( 'NONE',  ( -8.414570696119865200, 11.70375000000001900, 8.414570696119964700 ) ) ;
#1285 = DIRECTION ( 'NONE',  ( 0.0000000000000000000, 0.0000000000000000000, 1.000000000000000000 ) ) ;
#1286 = CARTESIAN_POINT ( 'NONE',  ( 0.3013277049262286200, -6.434457165968404400, 4.280011899811172200 ) ) ;
#1287 = EDGE_CURVE ( 'NONE', #9472, #1122, #3837, .T. ) ;
#1288 = CARTESIAN_POINT ( 'NONE',  ( 2.260760671697890500, 20.63746869550590200, 20.87795395112464500 ) ) ;
#1289 =( REPRESENTATION_RELATIONSHIP ('NONE','NONE', #2711, #7475 ) REPRESENTATION_RELATIONSHIP_WITH_TRANSFORMATION ( #996 )SHAPE_REPRESENTATION_RELATIONSHIP( ) );
#1290 = EDGE_LOOP ( 'NONE', ( #7384, #4031 ) ) ;
#1291 = LINE ( 'NONE', #5091, #4565 ) ;
#1292 = CARTESIAN_POINT ( 'NONE',  ( -11.65938315560249100, 11.26783856265874700, -3.896331436003039400 ) ) ;
#1293 = CARTESIAN_POINT ( 'NONE',  ( 4.894345937579669400, 17.08306706680286200, -11.63682309979578400 ) ) ;
#1294 = ORIENTED_EDGE ( 'NONE', *, *, #7576, .F. ) ;
#1295 = EDGE_CURVE ( 'NONE', #4166, #4812, #2656, .T. ) ;
#1296 = AXIS2_PLACEMENT_3D ( 'NONE', #4670, #1689, #2272 ) ;
#1297 = AXIS2_PLACEMENT_3D ( 'NONE', #384, #8445, #3983 ) ;
#1298 = CARTESIAN_POINT ( 'NONE',  ( -12.82664718204931200, 13.62937500000001600, 5.312971222579581500 ) ) ;
#1299 = VERTEX_POINT ( 'NONE', #4998 ) ;
#1300 = CARTESIAN_POINT ( 'NONE',  ( -11.89999999999999900, 14.08500000000001500, 9.767055277432003100E-014 ) ) ;
#1301 = CARTESIAN_POINT ( 'NONE',  ( -14.29000000000000100, -20.91968585628011500, 4.199182664339061500 ) ) ;
#1302 = DIRECTION ( 'NONE',  ( 0.0000000000000000000, 1.000000000000000000, -1.224646799147353200E-016 ) ) ;
#1303 = DIRECTION ( 'NONE',  ( -0.7071067811865422400, 0.7071067811865527900, 0.0000000000000000000 ) ) ;
#1304 = CARTESIAN_POINT ( 'NONE',  ( -8.965523947390061500E-014, 17.77750000000000300, -11.89999999999999900 ) ) ;
#1305 = ORIENTED_EDGE ( 'NONE', *, *, #8875, .T. ) ;
#1306 = CC_DESIGN_DATE_AND_TIME_ASSIGNMENT ( #5905, #8664, ( #1628 ) ) ;
#1307 = CARTESIAN_POINT ( 'NONE',  ( -10.77636534613066000, -20.92015562749998400, 10.27893325996521600 ) ) ;
#1308 = ORIENTED_EDGE ( 'NONE', *, *, #4486, .T. ) ;
#1309 = ADVANCED_FACE ( 'NONE', ( #3005 ), #771, .T. ) ;
#1310 = CARTESIAN_POINT ( 'NONE',  ( 7.445345600152586800, 2.828934106030382400E-016, 2.309999999999996900 ) ) ;
#1311 = DIRECTION ( 'NONE',  ( -5.062054713723247700E-019, -1.000000000000000000, -0.0000000000000000000 ) ) ;
#1312 = CARTESIAN_POINT ( 'NONE',  ( -9.035340417286477600E-014, 20.85250000000000300, -12.82664718204935100 ) ) ;
#1313 = EDGE_CURVE ( 'NONE', #9493, #728, #1246, .T. ) ;
#1314 = CARTESIAN_POINT ( 'NONE',  ( 0.0000000000000000000, 17.80000000000000100, -11.89999999999999900 ) ) ;
#1315 = LINE ( 'NONE', #3447, #9008 ) ;
#1316 = ORIENTED_EDGE ( 'NONE', *, *, #3398, .T. ) ;
#1317 = CARTESIAN_POINT ( 'NONE',  ( 0.1083897543756179300, -2.138740617938784200E-015, 0.0000000000000000000 ) ) ;
#1318 = CARTESIAN_POINT ( 'NONE',  ( -13.99999999999999600, 21.94442923809691900, 1.714505518806294200E-015 ) ) ;
#1319 =( BOUNDED_CURVE ( )  B_SPLINE_CURVE ( 2, ( #273, #3419, #4169, #4101, #7090, #2527, #1813, #6309, #7739 ),
 .UNSPECIFIED., .F., .F. ) 
 B_SPLINE_CURVE_WITH_KNOTS ( ( 3, 2, 2, 2, 3 ),
 ( 0.7812500000000000000, 0.7968750000000000000, 0.8125000000000000000, 0.8281250000000000000, 0.8437500000000000000 ),
 .UNSPECIFIED. ) 
 CURVE ( )  GEOMETRIC_REPRESENTATION_ITEM ( )  RATIONAL_B_SPLINE_CURVE ( ( 1.000000000000000000, 0.9238795325112867400, 1.000000000000000000, 0.9238795325112867400, 1.000000000000000000, 0.9238795325112867400, 1.000000000000000000, 0.9238795325112867400, 1.000000000000000000 ) ) 
 REPRESENTATION_ITEM ( '' )  );
#1320 = CARTESIAN_POINT ( 'NONE',  ( 10.99852262806237800, -4.800953814011748300E-016, 16.74926131403118000 ) ) ;
#1322 = ORIENTED_EDGE ( 'NONE', *, *, #7576, .T. ) ;
#1321 = EDGE_LOOP ( 'NONE', ( #6768, #3890, #4058, #7332, #7966 ) ) ;
#1323 = APPROVAL_STATUS ( 'not_yet_approved' ) ;
#1324 = CARTESIAN_POINT ( 'NONE',  ( -3.201113830513380200, 1.071902741719309900, 20.54191042331428800 ) ) ;
#1325 = CARTESIAN_POINT ( 'NONE',  ( -8.144867450319653200, 11.20154112286664400, -9.093833221413431600 ) ) ;
#1326 = CARTESIAN_POINT ( 'NONE',  ( -8.200860767231082700, 17.63092547069601000, -8.895880490376489600 ) ) ;
#1327 = VECTOR ( 'NONE', #5549, 1000.000000000000000 ) ;
#1328 = ORIENTED_EDGE ( 'NONE', *, *, #7448, .F. ) ;
#1329 = VERTEX_POINT ( 'NONE', #3 ) ;
#1330 = CARTESIAN_POINT ( 'NONE',  ( -9.069809202314351300, 12.43875000000001800, 9.069809202314482700 ) ) ;
#1331 = ORIENTED_EDGE ( 'NONE', *, *, #6243, .F. ) ;
#1332 = CONTEXT_DEPENDENT_SHAPE_REPRESENTATION ( #2076, #2989 ) ;
#1333 = CARTESIAN_POINT ( 'NONE',  ( 12.69999999999993200, 14.33749478464833500, -5.260512242138386100 ) ) ;
#1334 = DIRECTION ( 'NONE',  ( -7.993605777301127100E-015, 0.0000000000000000000, 1.000000000000000000 ) ) ;
#1335 = DIRECTION ( 'NONE',  ( 0.0000000000000000000, 0.0000000000000000000, 1.000000000000000000 ) ) ;
#1336 = LINE ( 'NONE', #9473, #999 ) ;
#1337 = CARTESIAN_POINT ( 'NONE',  ( 14.73587640020000600, 7.715274834628321400E-016, 6.299999999999996300 ) ) ;
#1338 = CARTESIAN_POINT ( 'NONE',  ( 0.0000000000000000000, 0.0000000000000000000, 0.0000000000000000000 ) ) ;
#1339 = ORIENTED_EDGE ( 'NONE', *, *, #7964, .T. ) ;
#1340 = AXIS2_PLACEMENT_3D ( 'NONE', #57, #5369, #5973 ) ;
#1341 = DIRECTION ( 'NONE',  ( 0.0000000000000000000, 0.0000000000000000000, -1.000000000000000000 ) ) ;
#1342 = AXIS2_PLACEMENT_3D ( 'NONE', #143, #1554, #1625 ) ;
#1343 = VECTOR ( 'NONE', #1151, 1000.000000000000000 ) ;
#1344 = DIRECTION ( 'NONE',  ( 1.000000000000000000, 0.0000000000000000000, 0.0000000000000000000 ) ) ;
#1345 = DIRECTION ( 'NONE',  ( 0.0000000000000000000, 0.0000000000000000000, -1.000000000000000000 ) ) ;
#1346 = FACE_BOUND ( 'NONE', #1290, .T. ) ;
#1347 = CARTESIAN_POINT ( 'NONE',  ( 9.192421541439368800E-014, 20.21750000000000100, 12.82664718204935100 ) ) ;
#1348 = EDGE_CURVE ( 'NONE', #8019, #3311, #1368, .T. ) ;
#1349 = ORIENTED_EDGE ( 'NONE', *, *, #4355, .T. ) ;
#1350 = DATE_AND_TIME ( #7304, #9291 ) ;
#1351 = PERSON ( 'NAUO-PER5', 'UNSPECIFIED', 'UNSPECIFIED', ('UNSPECIFIED'), ('UNSPECIFIED'), ('UNSPECIFIED') ) ;
#1352 = DIRECTION ( 'NONE',  ( -0.0000000000000000000, 1.000000000000000000, -0.0000000000000000000 ) ) ;
#1353 = ORIENTED_EDGE ( 'NONE', *, *, #9502, .T. ) ;
#1354 = EDGE_CURVE ( 'NONE', #248, #9249, #2094, .T. ) ;
#1355 = AXIS2_PLACEMENT_3D ( 'NONE', #3738, #9603, #8887 ) ;
#1356 = CARTESIAN_POINT ( 'NONE',  ( -15.66920801439211000, 22.32467817597984400, -13.18827000240032100 ) ) ;
#1357 = CIRCLE ( 'NONE', #602, 3.449999999999999700 ) ;
#1358 = CIRCLE ( 'NONE', #152, 21.00000000000000000 ) ;
#1359 = PERSON_AND_ORGANIZATION_ROLE ( 'classification_officer' ) ;
#1360 = AXIS2_PLACEMENT_3D ( 'NONE', #6263, #2604, #7010 ) ;
#1361 = VERTEX_POINT ( 'NONE', #136 ) ;
#1362 = PERSON_AND_ORGANIZATION ( #4303, #4183 ) ;
#1363 = CARTESIAN_POINT ( 'NONE',  ( 8.414570696119838500, 15.07875000000001200, -8.414570696119989500 ) ) ;
#1364 = ORIENTED_EDGE ( 'NONE', *, *, #8855, .T. ) ;
#1365 = ADVANCED_FACE ( 'NONE', ( #5915 ), #7416, .T. ) ;
#1366 = ORIENTED_EDGE ( 'NONE', *, *, #7406, .T. ) ;
#1367 = ORIENTED_EDGE ( 'NONE', *, *, #1744, .F. ) ;
#1368 = CIRCLE ( 'NONE', #4927, 6.099999999999990800 ) ;
#1369 = CARTESIAN_POINT ( 'NONE',  ( 5.312971222579394100, 10.61312500000002300, -12.82664718204939000 ) ) ;
#1370 = CARTESIAN_POINT ( 'NONE',  ( 8.980256121069194500, 16.63936978464833100, 8.980256121069066600 ) ) ;
#1371 = DIRECTION ( 'NONE',  ( -0.0000000000000000000, -1.000000000000000000, -0.0000000000000000000 ) ) ;
#1372 = EDGE_CURVE ( 'NONE', #4308, #966, #7900, .T. ) ;
#1373 = CC_DESIGN_APPROVAL ( #1548, ( #4697 ) ) ;
#1374 = ORIENTED_EDGE ( 'NONE', *, *, #455, .F. ) ;
#1375 = ORIENTED_EDGE ( 'NONE', *, *, #4414, .F. ) ;
#1376 = VECTOR ( 'NONE', #2407, 1000.000000000000000 ) ;
#1377 = EDGE_CURVE ( 'NONE', #5092, #2647, #8370, .T. ) ;
#1378 = CARTESIAN_POINT ( 'NONE',  ( 14.28999999999999900, -21.24791757455602000, -1.050780078294361500 ) ) ;
#1379 = VECTOR ( 'NONE', #6837, 1000.000000000000000 ) ;
#1380 = B_SPLINE_CURVE_WITH_KNOTS ( 'NONE', 3,
 ( #58, #96, #6856, #5299, #3855, #8319 ),
 .UNSPECIFIED., .F., .F.,
 ( 4, 2, 4 ),
 ( 2.380730676607476600E-007, 0.002782414026671791500, 0.005564589980275919500 ),
 .UNSPECIFIED. ) ;
#1381 = B_SPLINE_CURVE_WITH_KNOTS ( 'NONE', 3,
 ( #4694, #7637, #3940, #6194, #8434, #4726, #5478, #55 ),
 .UNSPECIFIED., .F., .F.,
 ( 4, 2, 2, 4 ),
 ( 2.578624015932483600E-007, 0.0007047824201678804600, 0.001409306977934167800, 0.002818356093466744900 ),
 .UNSPECIFIED. ) ;
#1382 = DIRECTION ( 'NONE',  ( 0.0000000000000000000, 0.0000000000000000000, 1.000000000000000000 ) ) ;
#1383 = DIRECTION ( 'NONE',  ( -1.000000000000000000, -0.0000000000000000000, -0.0000000000000000000 ) ) ;
#1384 = ORIENTED_EDGE ( 'NONE', *, *, #2485, .T. ) ;
#1385 = CARTESIAN_POINT ( 'NONE',  ( 16.74969253876925300, 1.706271053310044000, -12.63241746158587600 ) ) ;
#1386 = FACE_OUTER_BOUND ( 'NONE', #4587, .T. ) ;
#1387 = DIRECTION ( 'NONE',  ( 1.000000000000000000, -0.0000000000000000000, -0.0000000000000000000 ) ) ;
#1388 = DIRECTION ( 'NONE',  ( 0.0000000000000000000, 0.0000000000000000000, -1.000000000000000000 ) ) ;
#1389 = CARTESIAN_POINT ( 'NONE',  ( 15.48935550387632900, 22.49822439696732300, 13.21864678629464700 ) ) ;
#1390 = CIRCLE ( 'NONE', #6988, 3.399999999999999900 ) ;
#1391 = CARTESIAN_POINT ( 'NONE',  ( 0.0000000000000000000, -9.999999999999998200, 0.0000000000000000000 ) ) ;
#1392 = DIRECTION ( 'NONE',  ( 0.0000000000000000000, -1.000000000000000000, 0.0000000000000000000 ) ) ;
#1393 = CARTESIAN_POINT ( 'NONE',  ( 11.89999999999996800, 14.99937500000001300, -4.929141392239910300 ) ) ;
#1394 = CONICAL_SURFACE ( 'NONE', #6536, 6.299999999999996300, 0.7853981633974613800 ) ;
#1395 = CARTESIAN_POINT ( 'NONE',  ( 9.000000000000001800, -1.199999999999999700, -6.500000000000000900 ) ) ;
#1396 = ORIENTED_EDGE ( 'NONE', *, *, #4811, .F. ) ;
#1397 = CARTESIAN_POINT ( 'NONE',  ( 18.85404163790699900, 23.09492482837286800, -5.782065236316269900 ) ) ;
#1398 = CARTESIAN_POINT ( 'NONE',  ( 8.414570696119843900, 17.41875000000000600, -8.414570696119986000 ) ) ;
#1399 = AXIS2_PLACEMENT_3D ( 'NONE', #6783, #3787, #1533 ) ;
#1400 = VERTEX_POINT ( 'NONE', #9417 ) ;
#1401 = VECTOR ( 'NONE', #5261, 1000.000000000000000 ) ;
#1402 = EDGE_CURVE ( 'NONE', #1767, #1361, #9022, .T. ) ;
#1403 = CARTESIAN_POINT ( 'NONE',  ( -7.884259052232641100E-018, 21.94442923809691900, 0.0000000000000000000 ) ) ;
#1404 = EDGE_CURVE ( 'NONE', #6972, #5794, #544, .T. ) ;
#1405 = EDGE_LOOP ( 'NONE', ( #4564, #4073, #4623, #7473 ) ) ;
#1406 = ADVANCED_FACE ( 'NONE', ( #6494 ), #8836, .F. ) ;
#1407 = CARTESIAN_POINT ( 'NONE',  ( 9.000000000000001800, -11.19999999999999900, -9.000000000000000000 ) ) ;
#1408 = CARTESIAN_POINT ( 'NONE',  ( 9.069809202314482700, 19.10625000000000600, 9.069809202314353100 ) ) ;
#1409 = ORIENTED_EDGE ( 'NONE', *, *, #1458, .T. ) ;
#1410 = FACE_BOUND ( 'NONE', #594, .T. ) ;
#1411 = AXIS2_PLACEMENT_3D ( 'NONE', #8304, #8958, #187 ) ;
#1412 = CARTESIAN_POINT ( 'NONE',  ( 9.000000000000001800, -1.199999999999999700, -6.500000000000000900 ) ) ;
#1413 = AXIS2_PLACEMENT_3D ( 'NONE', #2459, #4654, #9180 ) ;
#1414 = DIRECTION ( 'NONE',  ( -1.000000000000000000, 0.0000000000000000000, 0.0000000000000000000 ) ) ;
#1415 = EDGE_CURVE ( 'NONE', #5599, #7076, #4642, .T. ) ;
#1416 = CARTESIAN_POINT ( 'NONE',  ( 4.419605437964995600, 23.09492482837286400, 19.21911164059511300 ) ) ;
#1417 = CARTESIAN_POINT ( 'NONE',  ( 0.0000000000000000000, 20.63746869550590200, -21.00000000000000000 ) ) ;
#1418 = CARTESIAN_POINT ( 'NONE',  ( 0.6382647951727119500, 11.10118521549366700, -12.11058088006517000 ) ) ;
#1419 = ORIENTED_EDGE ( 'NONE', *, *, #9125, .T. ) ;
#1420 = CARTESIAN_POINT ( 'NONE',  ( -11.90000000000004500, 15.47562500000001000, -4.929141392239719400 ) ) ;
#1421 = EDGE_CURVE ( 'NONE', #9205, #1494, #662, .T. ) ;
#1422 = AXIS2_PLACEMENT_3D ( 'NONE', #7625, #3181, #3992 ) ;
#1423 = DIRECTION ( 'NONE',  ( 0.0000000000000000000, 1.000000000000000000, 0.0000000000000000000 ) ) ;
#1424 = CARTESIAN_POINT ( 'NONE',  ( -14.28999999999999700, 0.0000000000000000000, 6.257467538869061500 ) ) ;
#1425 = EDGE_LOOP ( 'NONE', ( #5933, #1339, #5333, #1409 ) ) ;
#1426 = FACE_OUTER_BOUND ( 'NONE', #4526, .T. ) ;
#1427 = ORIENTED_EDGE ( 'NONE', *, *, #8913, .F. ) ;
#1428 = DIRECTION ( 'NONE',  ( -1.000000000000000000, -0.0000000000000000000, -0.0000000000000000000 ) ) ;
#1429 = CARTESIAN_POINT ( 'NONE',  ( -12.69999999999998500, 1.114436518957424200E-014, 1.555301434917136900E-015 ) ) ;
#1431 = ORIENTED_EDGE ( 'NONE', *, *, #6112, .F. ) ;
#1430 = ORIENTED_EDGE ( 'NONE', *, *, #8355, .F. ) ;
#1432 = EDGE_LOOP ( 'NONE', ( #5237, #4006, #7124, #2643, #7320 ) ) ;
#1433 = APPROVAL ( #1323, 'UNKNOWN' ) ;
#1434 = CARTESIAN_POINT ( 'NONE',  ( 0.0000000000000000000, 0.0000000000000000000, 0.0000000000000000000 ) ) ;
#1435 = LINE ( 'NONE', #1647, #8900 ) ;
#1436 = CARTESIAN_POINT ( 'NONE',  ( 12.69999999999996700, 14.11188021535169500, -9.023892744153245300E-014 ) ) ;
#1437 = ORIENTED_EDGE ( 'NONE', *, *, #5372, .F. ) ;
#1438 = DIRECTION ( 'NONE',  ( 0.7071067811865475700, 0.7071067811865475700, 0.0000000000000000000 ) ) ;
#1439 = CARTESIAN_POINT ( 'NONE',  ( 12.69999999999998500, -1.114436518957424200E-014, 0.0000000000000000000 ) ) ;
#1440 =( BOUNDED_CURVE ( )  B_SPLINE_CURVE ( 2, ( #4286, #2816, #9432, #1199, #4982, #8769, #9519, #3468, #5070 ),
 .UNSPECIFIED., .F., .F. ) 
 B_SPLINE_CURVE_WITH_KNOTS ( ( 3, 2, 2, 2, 3 ),
 ( 0.6562500000000000000, 0.6718750000000000000, 0.6875000000000000000, 0.7031250000000000000, 0.7187500000000000000 ),
 .UNSPECIFIED. ) 
 CURVE ( )  GEOMETRIC_REPRESENTATION_ITEM ( )  RATIONAL_B_SPLINE_CURVE ( ( 1.000000000000000000, 0.9238795325112867400, 1.000000000000000000, 0.9238795325112867400, 1.000000000000000000, 0.9238795325112867400, 1.000000000000000000, 0.9238795325112867400, 1.000000000000000000 ) ) 
 REPRESENTATION_ITEM ( '' )  );
#1441 = CARTESIAN_POINT ( 'NONE',  ( -12.82664718204931200, 18.70937500000000900, 5.312971222579581500 ) ) ;
#1443 = ORIENTED_EDGE ( 'NONE', *, *, #7779, .T. ) ;
#1442 = ORIENTED_EDGE ( 'NONE', *, *, #3498, .F. ) ;
#1444 = EDGE_CURVE ( 'NONE', #6273, #5873, #9627, .T. ) ;
#1445 = ORIENTED_EDGE ( 'NONE', *, *, #8636, .F. ) ;
#1446 = DIRECTION ( 'NONE',  ( 0.0000000000000000000, -1.224646799147353500E-016, 1.000000000000000000 ) ) ;
#1447 = CIRCLE ( 'NONE', #3917, 3.399999999999999900 ) ;
#1448 = DIRECTION ( 'NONE',  ( -0.0000000000000000000, -0.0000000000000000000, -1.000000000000000000 ) ) ;
#1449 = CARTESIAN_POINT ( 'NONE',  ( -2.619865889632938300, -10.56922523569485300, -14.98809041681920800 ) ) ;
#1450 = DIRECTION ( 'NONE',  ( 0.0000000000000000000, 0.0000000000000000000, 1.000000000000000000 ) ) ;
#1451 = ORIENTED_EDGE ( 'NONE', *, *, #8117, .T. ) ;
#1452 = CARTESIAN_POINT ( 'NONE',  ( 12.69999999999996700, 16.65188021535168900, -9.023892744153245300E-014 ) ) ;
#1453 = ADVANCED_FACE ( 'NONE', ( #6384 ), #2896, .T. ) ;
#1454 = FACE_OUTER_BOUND ( 'NONE', #8354, .T. ) ;
#1455 = FACE_OUTER_BOUND ( 'NONE', #2138, .T. ) ;
#1456 = CARTESIAN_POINT ( 'NONE',  ( -12.82664718204931200, 9.819375000000023900, 5.312971222579581500 ) ) ;
#1457 = DIRECTION ( 'NONE',  ( -0.0000000000000000000, 1.000000000000000000, -0.0000000000000000000 ) ) ;
#1458 = EDGE_CURVE ( 'NONE', #2130, #5883, #8312, .T. ) ;
#1459 = CARTESIAN_POINT ( 'NONE',  ( 8.511837979438613700E-015, 9.700000000000011700, 0.0000000000000000000 ) ) ;
#1460 = DIRECTION ( 'NONE',  ( 0.0000000000000000000, 0.0000000000000000000, -1.000000000000000000 ) ) ;
#1461 = EDGE_CURVE ( 'NONE', #3046, #1770, #5691, .T. ) ;
#1462 = CARTESIAN_POINT ( 'NONE',  ( -13.99999999999999800, 0.0000000000000000000, 0.0000000000000000000 ) ) ;
#1463 = CARTESIAN_POINT ( 'NONE',  ( -16.30111457907350600, 1.190065176463494200, 12.97260631455548600 ) ) ;
#1464 = SPHERICAL_SURFACE ( 'NONE', #6602, 2.299999999999999800 ) ;
#1465 = ADVANCED_FACE ( 'NONE', ( #4406 ), #1136, .T. ) ;
#1466 = CARTESIAN_POINT ( 'NONE',  ( 1.411198324284514700, 1.029582330437466500, 1.492581830847414100 ) ) ;
#1467 = VERTEX_POINT ( 'NONE', #8757 ) ;
#1468 = APPROVAL_PERSON_ORGANIZATION ( #651, #7680, #7821 ) ;
#1469 = AXIS2_PLACEMENT_3D ( 'NONE', #2288, #1636, #1076 ) ;
#1470 = CARTESIAN_POINT ( 'NONE',  ( -11.89999999999996300, 19.24437500000000500, 4.929141392239922800 ) ) ;
#1471 = CARTESIAN_POINT ( 'NONE',  ( 11.44999999999999800, 7.060900368822721000, 0.0000000000000000000 ) ) ;
#1472 = ORIENTED_EDGE ( 'NONE', *, *, #5964, .T. ) ;
#1473 = AXIS2_PLACEMENT_3D ( 'NONE', #2195, #8171, #8324 ) ;
#1474 = CARTESIAN_POINT ( 'NONE',  ( 12.82664718204939200, 19.18562500000000200, 5.312971222579391500 ) ) ;
#1475 = EDGE_CURVE ( 'NONE', #4632, #8209, #4436, .T. ) ;
#1476 = FACE_OUTER_BOUND ( 'NONE', #7216, .T. ) ;
#1477 = ORIENTED_EDGE ( 'NONE', *, *, #1112, .F. ) ;
#1478 = CARTESIAN_POINT ( 'NONE',  ( 6.710680523104183100, -10.05148596953611500, 12.62625748697972800 ) ) ;
#1479 = COORDINATED_UNIVERSAL_TIME_OFFSET ( 8, 0, .AHEAD. ) ;
#1480 = CARTESIAN_POINT ( 'NONE',  ( -18.01845730975020000, 24.27242179343797400, -0.9920845690287654100 ) ) ;
#1481 =( BOUNDED_CURVE ( )  B_SPLINE_CURVE ( 2, ( #9149, #2327, #934, #4693, #5350, #6161, #1717, #177, #5409 ),
 .UNSPECIFIED., .F., .F. ) 
 B_SPLINE_CURVE_WITH_KNOTS ( ( 3, 2, 2, 2, 3 ),
 ( 0.4062500000000000000, 0.4218750000000000000, 0.4375000000000000000, 0.4531250000000000000, 0.4687500000000000000 ),
 .UNSPECIFIED. ) 
 CURVE ( )  GEOMETRIC_REPRESENTATION_ITEM ( )  RATIONAL_B_SPLINE_CURVE ( ( 1.000000000000000000, 0.9238795325112867400, 1.000000000000000000, 0.9238795325112867400, 1.000000000000000000, 0.9238795325112867400, 1.000000000000000000, 0.9238795325112867400, 1.000000000000000000 ) ) 
 REPRESENTATION_ITEM ( '' )  );
#1482 = EDGE_CURVE ( 'NONE', #2852, #3491, #7195, .T. ) ;
#1483 = AXIS2_PLACEMENT_3D ( 'NONE', #8765, #7443, #3033 ) ;
#1484 = ORIENTED_EDGE ( 'NONE', *, *, #759, .F. ) ;
#1485 = AXIS2_PLACEMENT_3D ( 'NONE', #9491, #5045, #584 ) ;
#1486 = ORIENTED_EDGE ( 'NONE', *, *, #778, .F. ) ;
#1487 = DIRECTION ( 'NONE',  ( 0.0000000000000000000, 0.0000000000000000000, 1.000000000000000000 ) ) ;
#1488 = FACE_OUTER_BOUND ( 'NONE', #4178, .T. ) ;
#1489 = CARTESIAN_POINT ( 'NONE',  ( 7.445345600152586800, 0.0000000000000000000, 0.0000000000000000000 ) ) ;
#1490 = CYLINDRICAL_SURFACE ( 'NONE', #7803, 12.69999999999998500 ) ;
#1491 = ADVANCED_FACE ( 'NONE', ( #5217 ), #2414, .T. ) ;
#1492 = VERTEX_POINT ( 'NONE', #542 ) ;
#1493 = CARTESIAN_POINT ( 'NONE',  ( 4.549999999999999800, 0.0000000000000000000, -2.499999999999996000 ) ) ;
#1494 = VERTEX_POINT ( 'NONE', #1318 ) ;
#1495 = VECTOR ( 'NONE', #1392, 1000.000000000000000 ) ;
#1496 = CARTESIAN_POINT ( 'NONE',  ( -0.9299162373883981300, 9.524999999999996800, 17.60000000000000100 ) ) ;
#1497 = CARTESIAN_POINT ( 'NONE',  ( 19.25598086124345800, 0.6554350922090780300, -6.975797196446034600 ) ) ;
#1498 = APPROVAL ( #4365, 'UNKNOWN' ) ;
#1499 = DIRECTION ( 'NONE',  ( 0.0000000000000000000, 0.7071067811865487900, -0.7071067811865463500 ) ) ;
#1500 = VECTOR ( 'NONE', #2026, 1000.000000000000000 ) ;
#1501 = B_SPLINE_CURVE_WITH_KNOTS ( 'NONE', 3,
 ( #907, #189, #6134, #82, #808, #6800, #3105, #4567, #3877, #2404, #1627, #3909, #3071, #4537, #5323, #6069 ),
 .UNSPECIFIED., .F., .F.,
 ( 4, 2, 2, 2, 2, 2, 2, 4 ),
 ( 0.003495469467092875000, 0.003931723846959578700, 0.004367978226826283200, 0.005240486986559690600, 0.006112995746293098000, 0.006549250126159802600, 0.006767377316093154000, 0.006985504506026505400 ),
 .UNSPECIFIED. ) ;
#1502 = DIRECTION ( 'NONE',  ( 0.0000000000000000000, 0.0000000000000000000, -1.000000000000000000 ) ) ;
#1503 = EDGE_CURVE ( 'NONE', #1598, #4603, #8142, .T. ) ;
#1504 = CARTESIAN_POINT ( 'NONE',  ( -11.89999999999999900, 17.89500000000000700, 8.309725586446656100E-014 ) ) ;
#1505 = ADVANCED_FACE ( 'NONE', ( #4891 ), #7318, .T. ) ;
#1506 = CARTESIAN_POINT ( 'NONE',  ( 12.11555136271317000, 17.58444863728682300, -1.141873653301110300E-011 ) ) ;
#1507 = CARTESIAN_POINT ( 'NONE',  ( -13.25465439984741100, 0.0000000000000000000, 0.0000000000000000000 ) ) ;
#1508 = CARTESIAN_POINT ( 'NONE',  ( -18.85404163790688200, 23.09492482837286800, 5.782065236316675800 ) ) ;
#1509 = LINE ( 'NONE', #4217, #346 ) ;
#1510 = CARTESIAN_POINT ( 'NONE',  ( 5.312971222579579800, 15.21687500000001400, 12.82664718204931200 ) ) ;
#1511 = CARTESIAN_POINT ( 'NONE',  ( 12.56412585201709000, -10.80829037686547000, 9.246769250645106900 ) ) ;
#1512 = DIRECTION ( 'NONE',  ( 2.623755202233439100E-015, -0.7071067811865474600, 0.7071067811865474600 ) ) ;
#1513 = CARTESIAN_POINT ( 'NONE',  ( 38.00000000000000000, 0.0000000000000000000, 0.0000000000000000000 ) ) ;
#1514 = ADVANCED_FACE ( 'NONE', ( #5001 ), #3700, .T. ) ;
#1515 = CYLINDRICAL_SURFACE ( 'NONE', #1037, 12.69999999999998500 ) ;
#1516 = CARTESIAN_POINT ( 'NONE',  ( -13.44999999999999900, -11.19999999999999800, -12.94999999999999200 ) ) ;
#1517 = DIRECTION ( 'NONE',  ( -1.000000000000000000, 0.0000000000000000000, 0.0000000000000000000 ) ) ;
#1518 = ORIENTED_EDGE ( 'NONE', *, *, #6095, .F. ) ;
#1519 = CARTESIAN_POINT ( 'NONE',  ( 18.01845730975042100, 24.27242179343782200, 0.9920845690286983500 ) ) ;
#1520 = EDGE_LOOP ( 'NONE', ( #8897, #7372, #9469, #4721 ) ) ;
#1521 = CARTESIAN_POINT ( 'NONE',  ( 8.980256121069192700, 16.49313021535169500, 8.980256121069064800 ) ) ;
#1522 = LINE ( 'NONE', #2735, #1061 ) ;
#1523 = CARTESIAN_POINT ( 'NONE',  ( -9.000000000000001800, -11.19999999999999900, 9.000000000000000000 ) ) ;
#1524 = CARTESIAN_POINT ( 'NONE',  ( -12.69999999999996900, 12.35311978464833900, 8.868362600661534700E-014 ) ) ;
#1525 = AXIS2_PLACEMENT_3D ( 'NONE', #593, #6559, #9591 ) ;
#1526 = ORIENTED_EDGE ( 'NONE', *, *, #6243, .T. ) ;
#1527 = CARTESIAN_POINT ( 'NONE',  ( -16.18925859247894300, 1.071901979810200100, -13.04320153235586200 ) ) ;
#1528 = CARTESIAN_POINT ( 'NONE',  ( 0.0000000000000000000, 0.0000000000000000000, 0.0000000000000000000 ) ) ;
#1529 = EDGE_CURVE ( 'NONE', #8361, #2956, #6964, .T. ) ;
#1530 = CARTESIAN_POINT ( 'NONE',  ( 0.0000000000000000000, 0.0000000000000000000, 0.0000000000000000000 ) ) ;
#1531 = ORIENTED_EDGE ( 'NONE', *, *, #5008, .T. ) ;
#1532 = CARTESIAN_POINT ( 'NONE',  ( -8.414570696119973500, 20.27625000000000100, -8.414570696119856300 ) ) ;
#1533 = DIRECTION ( 'NONE',  ( 0.0000000000000000000, 0.0000000000000000000, -1.000000000000000000 ) ) ;
#1534 = CARTESIAN_POINT ( 'NONE',  ( 14.61889256232162300, 0.1732287560538163000, 13.39333833807934000 ) ) ;
#1535 = ADVANCED_FACE ( 'NONE', ( #8487 ), #9644, .T. ) ;
#1536 = CARTESIAN_POINT ( 'NONE',  ( 12.94999999999999200, -10.69999999999999000, -13.44999999999999900 ) ) ;
#1537 = CARTESIAN_POINT ( 'NONE',  ( -5.312971222579573500, 15.85187500000001200, -12.82664718204931400 ) ) ;
#1538 = AXIS2_PLACEMENT_3D ( 'NONE', #1391, #6871, #3097 ) ;
#1539 = DIRECTION ( 'NONE',  ( 0.0000000000000000000, 1.000000000000000000, 0.0000000000000000000 ) ) ;
#1540 = VERTEX_POINT ( 'NONE', #5150 ) ;
#1541 = DIRECTION ( 'NONE',  ( 0.0000000000000000000, 0.0000000000000000000, 1.000000000000000000 ) ) ;
#1542 = ORIENTED_EDGE ( 'NONE', *, *, #300, .F. ) ;
#1543 = EDGE_CURVE ( 'NONE', #9490, #9472, #7583, .T. ) ;
#1544 = DIRECTION ( 'NONE',  ( -8.775090700452169200E-016, -1.000000000000000000, -0.0000000000000000000 ) ) ;
#1545 = CARTESIAN_POINT ( 'NONE',  ( -16.74886011866726000, 20.99886021302368300, -12.63325637848159000 ) ) ;
#1546 = AXIS2_PLACEMENT_3D ( 'NONE', #1523, #7476, #4533 ) ;
#1547 = VERTEX_POINT ( 'NONE', #8741 ) ;
#1548 = APPROVAL ( #4701, '未指定' ) ;
#1549 = CIRCLE ( 'NONE', #2868, 3.200000000000000200 ) ;
#1550 = ORIENTED_EDGE ( 'NONE', *, *, #4434, .F. ) ;
#1551 = CARTESIAN_POINT ( 'NONE',  ( -1.973462845978113600, 2.232007762856301500, -0.5733322165722794000 ) ) ;
#1553 = ORIENTED_EDGE ( 'NONE', *, *, #7095, .F. ) ;
#1552 = ORIENTED_EDGE ( 'NONE', *, *, #7093, .F. ) ;
#1554 = DIRECTION ( 'NONE',  ( -8.775090700452169200E-016, -1.000000000000000000, -0.0000000000000000000 ) ) ;
#1555 = CARTESIAN_POINT ( 'NONE',  ( 0.9194116169934671800, 6.374922439345239100, 6.106793499458254000 ) ) ;
#1556 = CARTESIAN_POINT ( 'NONE',  ( 14.29000000000000600, -10.38029545421536600, 4.199054995019786000 ) ) ;
#1557 = CIRCLE ( 'NONE', #4241, 15.60000000000000000 ) ;
#1558 = DIRECTION ( 'NONE',  ( 1.000000000000000000, -0.0000000000000000000, -0.0000000000000000000 ) ) ;
#1559 = ORIENTED_EDGE ( 'NONE', *, *, #4931, .F. ) ;
#1560 = ORIENTED_EDGE ( 'NONE', *, *, #7232, .F. ) ;
#1561 = ADVANCED_FACE ( 'NONE', ( #5117 ), #6160, .F. ) ;
#1562 = B_SPLINE_CURVE_WITH_KNOTS ( 'NONE', 3,
 ( #3344, #4093, #2649, #3411, #7896, #2682, #8616, #3439 ),
 .UNSPECIFIED., .F., .F.,
 ( 4, 2, 2, 4 ),
 ( 0.005564589980275988800, 0.006950476802621103000, 0.008336363624966217100, 0.01110813726965644200 ),
 .UNSPECIFIED. ) ;
#1563 = DIRECTION ( 'NONE',  ( 1.000000000000000000, 0.0000000000000000000, -4.205219310670844300E-016 ) ) ;
#1564 = EDGE_LOOP ( 'NONE', ( #7349, #9578, #9662, #5394 ) ) ;
#1565 = LOCAL_TIME ( 13, 59, 25.00000000000000000, #7631 ) ;
#1566 = CARTESIAN_POINT ( 'NONE',  ( 8.528325040094458700E-014, 18.21250000000000600, 11.89999999999999900 ) ) ;
#1567 = PRODUCT_DEFINITION_SHAPE ( 'NONE', 'NONE',  #1628 ) ;
#1568 = PLANE ( 'NONE',  #6586 ) ;
#1569 = CYLINDRICAL_SURFACE ( 'NONE', #9279, 7.899999999999999500 ) ;
#1570 = CARTESIAN_POINT ( 'NONE',  ( 0.0000000000000000000, -10.80829037686547000, 0.0000000000000000000 ) ) ;
#1571 = DIRECTION ( 'NONE',  ( 0.0000000000000000000, 0.0000000000000000000, -1.000000000000000000 ) ) ;
#1572 = CARTESIAN_POINT ( 'NONE',  ( 11.90000000000004500, 16.11062500000001000, 4.929141392239721100 ) ) ;
#1573 = CYLINDRICAL_SURFACE ( 'NONE', #2798, 20.00000000000086300 ) ;
#1574 = CARTESIAN_POINT ( 'NONE',  ( 9.069809202314353100, 13.07375000000001800, -9.069809202314482700 ) ) ;
#1575 = CARTESIAN_POINT ( 'NONE',  ( 9.101657815899102500E-014, 12.52438021535169800, 12.69999999999996700 ) ) ;
#1576 = ORIENTED_EDGE ( 'NONE', *, *, #5122, .T. ) ;
#1577 = CARTESIAN_POINT ( 'NONE',  ( -8.946127672407389400E-014, 16.96938021535168800, -12.69999999999996700 ) ) ;
#1578 = CARTESIAN_POINT ( 'NONE',  ( 10.09741881116689300, 1.560757593757219600, 0.3778458271643921300 ) ) ;
#1579 = FACE_OUTER_BOUND ( 'NONE', #494, .T. ) ;
#1580 = CIRCLE ( 'NONE', #4672, 5.474999999999998800 ) ;
#1581 = ORIENTED_EDGE ( 'NONE', *, *, #9434, .T. ) ;
#1582 = COORDINATED_UNIVERSAL_TIME_OFFSET ( 8, 0, .AHEAD. ) ;
#1583 = ORIENTED_EDGE ( 'NONE', *, *, #5519, .T. ) ;
#1584 = ADVANCED_FACE ( 'NONE', ( #7904, #1476 ), #7991, .T. ) ;
#1585 = FACE_OUTER_BOUND ( 'NONE', #6214, .T. ) ;
#1586 = LINE ( 'NONE', #4893, #2292 ) ;
#1587 = CARTESIAN_POINT ( 'NONE',  ( 18.98984907001736400, 22.89746300178787300, -6.217612916956493800 ) ) ;
#1588 = EDGE_CURVE ( 'NONE', #8439, #3085, #2388, .T. ) ;
#1589 = CARTESIAN_POINT ( 'NONE',  ( -9.875733029065550300, 24.27204651753746800, -15.10445474261173300 ) ) ;
#1590 = CARTESIAN_POINT ( 'NONE',  ( -17.38157894736792000, 30.00000000000000000, -7.673376916090842500 ) ) ;
#1591 = EDGE_LOOP ( 'NONE', ( #8790, #5903, #74, #4114 ) ) ;
#1592 = COORDINATED_UNIVERSAL_TIME_OFFSET ( 8, 0, .AHEAD. ) ;
#1593 = CARTESIAN_POINT ( 'NONE',  ( 1.119857264706282100, 6.342158300342950900, 5.097985071271195600 ) ) ;
#1594 = EDGE_CURVE ( 'NONE', #4441, #4343, #2698, .T. ) ;
#1595 = DIRECTION ( 'NONE',  ( -0.0000000000000000000, -1.000000000000000000, -0.0000000000000000000 ) ) ;
#1596 = ORIENTED_EDGE ( 'NONE', *, *, #4430, .F. ) ;
#1597 = CARTESIAN_POINT ( 'NONE',  ( -4.929141392239895200, 12.77687500000001600, -11.89999999999997400 ) ) ;
#1598 = VERTEX_POINT ( 'NONE', #2269 ) ;
#1599 = DIRECTION ( 'NONE',  ( 1.000000000000000000, 0.0000000000000000000, 0.0000000000000000000 ) ) ;
#1600 = CYLINDRICAL_SURFACE ( 'NONE', #2398, 11.89999999999999900 ) ;
#1601 = ORIENTED_EDGE ( 'NONE', *, *, #5980, .F. ) ;
#1602 = AXIS2_PLACEMENT_3D ( 'NONE', #7691, #202, #3250 ) ;
#1603 = CARTESIAN_POINT ( 'NONE',  ( -4.929141392239914800, 17.65687500000000700, -11.89999999999996500 ) ) ;
#1604 = DIRECTION ( 'NONE',  ( 1.000000000000000000, 1.231304080816852700E-016, -0.0000000000000000000 ) ) ;
#1605 = CARTESIAN_POINT ( 'NONE',  ( 0.1083897543756196700, -2.114194236346733600E-015, 0.0000000000000000000 ) ) ;
#1606 = CARTESIAN_POINT ( 'NONE',  ( 9.564848863492874400E-015, 10.90000000000001100, 0.0000000000000000000 ) ) ;
#1607 = EDGE_LOOP ( 'NONE', ( #7479, #8033, #2662, #7810 ) ) ;
#1608 = CARTESIAN_POINT ( 'NONE',  ( -12.82664718204935100, 12.28000000000001900, 8.956799855210032000E-014 ) ) ;
#1609 = EDGE_CURVE ( 'NONE', #1400, #2507, #2171, .T. ) ;
#1610 = CARTESIAN_POINT ( 'NONE',  ( -5.260512242138207600, 12.44500521535169700, 12.70000000000000100 ) ) ;
#1611 = ORIENTED_EDGE ( 'NONE', *, *, #9561, .T. ) ;
#1612 = VECTOR ( 'NONE', #2733, 1000.000000000000000 ) ;
#1613 = CARTESIAN_POINT ( 'NONE',  ( -8.716642953600619100, -3.952331532926503900, 0.02010828335194685500 ) ) ;
#1614 = EDGE_CURVE ( 'NONE', #8102, #2056, #896, .T. ) ;
#1615 = AXIS2_PLACEMENT_3D ( 'NONE', #5776, #8676, #9557 ) ;
#1616 = FACE_OUTER_BOUND ( 'NONE', #8604, .T. ) ;
#1617 = ADVANCED_FACE ( 'NONE', ( #199 ), #4768, .F. ) ;
#1618 = CARTESIAN_POINT ( 'NONE',  ( 1.491765419076868400E-014, 16.99999999999999300, 0.0000000000000000000 ) ) ;
#1619 = ORIENTED_EDGE ( 'NONE', *, *, #7853, .F. ) ;
#1620 = CARTESIAN_POINT ( 'NONE',  ( 0.0000000000000000000, 0.0000000000000000000, 15.35253755750896700 ) ) ;
#1621 = CARTESIAN_POINT ( 'NONE',  ( -10.65838833122023000, 17.10937854939091100, -6.712828801858464100 ) ) ;
#1622 = EDGE_LOOP ( 'NONE', ( #8207, #372, #5540, #7052 ) ) ;
#1623 = CIRCLE ( 'NONE', #7169, 6.440000000000000400 ) ;
#1624 = CARTESIAN_POINT ( 'NONE',  ( 9.275000000000002100, 0.0000000000000000000, 0.0000000000000000000 ) ) ;
#1625 = DIRECTION ( 'NONE',  ( 1.000000000000000000, -8.195543980992796600E-016, 0.0000000000000000000 ) ) ;
#1626 = CARTESIAN_POINT ( 'NONE',  ( -9.433607201078436000, 24.29969919575374600, -15.33818688812641700 ) ) ;
#1627 = CARTESIAN_POINT ( 'NONE',  ( -0.5616800317630530300, 1.177882457582258800, 1.976367003650666200 ) ) ;
#1628 = PRODUCT_DEFINITION ( '未知', '', #6000, #5792 ) ;
#1629 = CARTESIAN_POINT ( 'NONE',  ( 2.581473850271385300E-016, 6.440000000000000400, 6.550000000000001600 ) ) ;
#1630 = CARTESIAN_POINT ( 'NONE',  ( 17.38157894736791700, 30.00000000000000000, -7.673376916090833600 ) ) ;
#1631 = CARTESIAN_POINT ( 'NONE',  ( 0.0000000000000000000, -10.80829037686547000, -15.60000000000000000 ) ) ;
#1632 = EDGE_CURVE ( 'NONE', #5883, #2367, #3711, .T. ) ;
#1633 = ORIENTED_EDGE ( 'NONE', *, *, #9475, .F. ) ;
#1634 = CARTESIAN_POINT ( 'NONE',  ( -8.414570696119854500, 14.24375000000001300, 8.414570696119975300 ) ) ;
#1635 = PLANE ( 'NONE',  #1720 ) ;
#1636 = DIRECTION ( 'NONE',  ( -0.0000000000000000000, -1.000000000000000000, -0.0000000000000000000 ) ) ;
#1637 = CARTESIAN_POINT ( 'NONE',  ( 13.51743938127360800, 23.46231663777921000, 13.65205384617958700 ) ) ;
#1638 = CARTESIAN_POINT ( 'NONE',  ( -4.929141392239914800, 20.39687500000000900, -11.89999999999996500 ) ) ;
#1639 = ORIENTED_EDGE ( 'NONE', *, *, #5198, .T. ) ;
#1640 = CIRCLE ( 'NONE', #2849, 20.00000000000062900 ) ;
#1641 = VERTEX_POINT ( 'NONE', #3069 ) ;
#1642 = DIRECTION ( 'NONE',  ( 0.8660254037844346000, 0.5000000000000069900, -0.0000000000000000000 ) ) ;
#1643 = DIRECTION ( 'NONE',  ( -0.8660254037844387100, 0.0000000000000000000, -0.4999999999999997200 ) ) ;
#1644 = CARTESIAN_POINT ( 'NONE',  ( -8.475000000000001400, 1.086874034243276200E-015, -3.000000000000000000 ) ) ;
#1645 = DIRECTION ( 'NONE',  ( 0.0000000000000000000, 0.0000000000000000000, 1.000000000000000000 ) ) ;
#1646 = ORIENTED_EDGE ( 'NONE', *, *, #6743, .T. ) ;
#1647 = CARTESIAN_POINT ( 'NONE',  ( 12.56412585201709000, 0.0000000000000000000, -9.246769250645101600 ) ) ;
#1648 = CARTESIAN_POINT ( 'NONE',  ( 12.44999999999999900, 0.0000000000000000000, 0.0000000000000000000 ) ) ;
#1649 = CARTESIAN_POINT ( 'NONE',  ( 12.64523126179759200, 11.70000000000000600, 1.178187733621459200 ) ) ;
#1650 = CARTESIAN_POINT ( 'NONE',  ( 7.780436236922099600, 5.573889132600920800, -5.854691731421723900E-015 ) ) ;
#1651 =( NAMED_UNIT ( * ) SI_UNIT ( $, .STERADIAN. ) SOLID_ANGLE_UNIT ( ) );
#1652 = VERTEX_POINT ( 'NONE', #8984 ) ;
#1653 = CARTESIAN_POINT ( 'NONE',  ( -0.3018256826720279200, -6.434419373249308000, 4.280244147722369200 ) ) ;
#1654 = CARTESIAN_POINT ( 'NONE',  ( -0.7075251445112176200, 6.401905303247657400, 6.318870072111342200 ) ) ;
#1655 = ADVANCED_FACE ( 'NONE', ( #2770 ), #7657, .F. ) ;
#1656 = EDGE_CURVE ( 'NONE', #2173, #5125, #1978, .T. ) ;
#1657 = CARTESIAN_POINT ( 'NONE',  ( -8.414570696119973500, 12.65625000000001800, -8.414570696119856300 ) ) ;
#1658 = VERTEX_POINT ( 'NONE', #8277 ) ;
#1659 = CYLINDRICAL_SURFACE ( 'NONE', #5011, 11.89999999999999900 ) ;
#1660 = DIRECTION ( 'NONE',  ( 1.000000000000000000, -0.0000000000000000000, -0.0000000000000000000 ) ) ;
#1661 = VERTEX_POINT ( 'NONE', #4083 ) ;
#1662 = CARTESIAN_POINT ( 'NONE',  ( -8.414570696119865200, 11.90375000000001800, 8.414570696119964700 ) ) ;
#1663 = CARTESIAN_POINT ( 'NONE',  ( 1.450373564454685800, 17.39772057005680800, 12.24313065849361800 ) ) ;
#1664 = DIRECTION ( 'NONE',  ( 0.0000000000000000000, 0.0000000000000000000, 1.000000000000000000 ) ) ;
#1665 = EDGE_CURVE ( 'NONE', #4560, #8210, #8716, .T. ) ;
#1666 = CARTESIAN_POINT ( 'NONE',  ( -5.312971222579573500, 12.04187500000001900, -12.82664718204931400 ) ) ;
#1668 = ORIENTED_EDGE ( 'NONE', *, *, #1404, .T. ) ;
#1667 = ORIENTED_EDGE ( 'NONE', *, *, #4333, .T. ) ;
#1669 = CARTESIAN_POINT ( 'NONE',  ( -13.99999999999999800, -10.69999999999999000, 13.44999999999999900 ) ) ;
#1670 = CARTESIAN_POINT ( 'NONE',  ( -10.09741881116688100, -1.560757593757291100, 0.3778458271643913600 ) ) ;
#1671 = DIRECTION ( 'NONE',  ( -1.000000000000000000, 0.0000000000000000000, 0.0000000000000000000 ) ) ;
#1672 = CONICAL_SURFACE ( 'NONE', #1538, 14.19999999999999900, 1.047197551196600500 ) ;
#1673 = ORIENTED_EDGE ( 'NONE', *, *, #103, .T. ) ;
#1674 = DIRECTION ( 'NONE',  ( 0.0000000000000000000, 0.0000000000000000000, 1.000000000000000000 ) ) ;
#1675 = CARTESIAN_POINT ( 'NONE',  ( 1.588915744860076800, 0.9906179837802151500, -1.301860843070721500 ) ) ;
#1677 = EDGE_LOOP ( 'NONE', ( #2958, #1596, #3957, #2345, #8287, #6819 ) ) ;
#1676 = VERTEX_POINT ( 'NONE', #3203 ) ;
#1678 = DIRECTION ( 'NONE',  ( 0.7071067811865398000, 0.0000000000000000000, -0.7071067811865552300 ) ) ;
#1679 = ITEM_DEFINED_TRANSFORMATION ( 'NONE', 'NONE', #8745,  #1296 ) ;
#1680 = DIRECTION ( 'NONE',  ( 0.0000000000000000000, 0.0000000000000000000, 1.000000000000000000 ) ) ;
#1681 = ORIENTED_EDGE ( 'NONE', *, *, #1112, .T. ) ;
#1682 = CC_DESIGN_PERSON_AND_ORGANIZATION_ASSIGNMENT ( #2418, #2444, ( #2665 ) ) ;
#1683 = VECTOR ( 'NONE', #4084, 1000.000000000000000 ) ;
#1684 = CARTESIAN_POINT ( 'NONE',  ( 12.64523126179759200, 11.70000000000000600, 1.178187733621459200 ) ) ;
#1685 = DIRECTION ( 'NONE',  ( -1.000000000000000000, -1.056746226933222200E-014, 0.0000000000000000000 ) ) ;
#1686 = DIRECTION ( 'NONE',  ( -0.7071067811865463500, 0.0000000000000000000, -0.7071067811865487900 ) ) ;
#1687 = ORIENTED_EDGE ( 'NONE', *, *, #1969, .T. ) ;
#1688 = EDGE_CURVE ( 'NONE', #204, #1697, #2934, .T. ) ;
#1689 = DIRECTION ( 'NONE',  ( 0.0000000000000000000, 0.0000000000000000000, 1.000000000000000000 ) ) ;
#1690 = PERSON_AND_ORGANIZATION ( #4303, #4183 ) ;
#1691 = DIRECTION ( 'NONE',  ( 1.000000000000000000, 0.0000000000000000000, 0.0000000000000000000 ) ) ;
#1692 = DIRECTION ( 'NONE',  ( 0.0000000000000000000, 1.000000000000000000, 0.0000000000000000000 ) ) ;
#1693 = ADVANCED_FACE ( 'NONE', ( #9313 ), #6290, .T. ) ;
#1694 = DIRECTION ( 'NONE',  ( 0.0000000000000000000, -1.000000000000000000, 0.0000000000000000000 ) ) ;
#1695 = TOROIDAL_SURFACE ( 'NONE', #2228, 3.949999999999997100, 0.5000000000000000000 ) ;
#1696 = VECTOR ( 'NONE', #9320, 1000.000000000000000 ) ;
#1697 = VERTEX_POINT ( 'NONE', #4668 ) ;
#1698 = CARTESIAN_POINT ( 'NONE',  ( 11.90000000000003600, 14.64062500000001200, 4.929141392239745100 ) ) ;
#1699 = CARTESIAN_POINT ( 'NONE',  ( 0.0000000000000000000, -20.49170962313452500, 0.0000000000000000000 ) ) ;
#1700 = CARTESIAN_POINT ( 'NONE',  ( -11.21450320915692200, 17.23999573774951300, 5.445254654615440300 ) ) ;
#1701 = DIRECTION ( 'NONE',  ( 0.0000000000000000000, 1.000000000000000000, 0.0000000000000000000 ) ) ;
#1702 = CARTESIAN_POINT ( 'NONE',  ( 5.312971222579394100, 11.88312500000002300, -12.82664718204939000 ) ) ;
#1703 = LINE ( 'NONE', #8108, #3356 ) ;
#1704 = CARTESIAN_POINT ( 'NONE',  ( 9.000000000000001800, -11.19999999999999900, -6.100000000000006800 ) ) ;
#1705 = ORIENTED_EDGE ( 'NONE', *, *, #3237, .T. ) ;
#1706 = DIRECTION ( 'NONE',  ( -1.000000000000000000, 0.0000000000000000000, 0.0000000000000000000 ) ) ;
#1707 = CARTESIAN_POINT ( 'NONE',  ( -19.30080363471641600, 1.764135420023106700, 8.249593853745961900 ) ) ;
#1708 = LOCAL_TIME ( 13, 59, 25.00000000000000000, #539 ) ;
#1709 = CARTESIAN_POINT ( 'NONE',  ( -10.54984241687411400, -0.7771369221288686500, 0.5916930452590263300 ) ) ;
#1710 = PLANE ( 'NONE',  #3175 ) ;
#1711 = VERTEX_POINT ( 'NONE', #6068 ) ;
#1712 = ADVANCED_FACE ( 'NONE', ( #7083, #3474 ), #3944, .T. ) ;
#1713 = DIRECTION ( 'NONE',  ( 1.000000000000000000, -9.376883653928700400E-016, 0.0000000000000000000 ) ) ;
#1714 = FACE_OUTER_BOUND ( 'NONE', #89, .T. ) ;
#1715 = DIRECTION ( 'NONE',  ( 0.0000000000000000000, 0.0000000000000000000, 1.000000000000000000 ) ) ;
#1716 = CALENDAR_DATE ( 2023, 6, 9 ) ;
#1717 = CARTESIAN_POINT ( 'NONE',  ( 8.414570696119973500, 15.83125000000001100, 8.414570696119856300 ) ) ;
#1718 = DIRECTION ( 'NONE',  ( 0.0000000000000000000, 0.0000000000000000000, 1.000000000000000000 ) ) ;
#1719 = CALENDAR_DATE ( 2023, 6, 9 ) ;
#1720 = AXIS2_PLACEMENT_3D ( 'NONE', #4516, #94, #843 ) ;
#1721 = ORIENTED_EDGE ( 'NONE', *, *, #3985, .T. ) ;
#1722 = AXIS2_PLACEMENT_3D ( 'NONE', #6125, #1754, #4662 ) ;
#1723 = CARTESIAN_POINT ( 'NONE',  ( 1.151935503167732700, 11.52149489594262000, 12.49344764673073100 ) ) ;
#1724 = ORIENTED_EDGE ( 'NONE', *, *, #8060, .T. ) ;
#1725 = EDGE_CURVE ( 'NONE', #5884, #1652, #8601, .T. ) ;
#1726 = VECTOR ( 'NONE', #947, 999.9999999999998900 ) ;
#1727 = APPROVAL_STATUS ( 'not_yet_approved' ) ;
#1728 = CARTESIAN_POINT ( 'NONE',  ( 0.0000000000000000000, 0.0000000000000000000, 0.0000000000000000000 ) ) ;
#1729 = DIRECTION ( 'NONE',  ( 8.775090700452169200E-016, 1.000000000000000000, 0.0000000000000000000 ) ) ;
#1730 = CYLINDRICAL_SURFACE ( 'NONE', #243, 2.000000000000000000 ) ;
#1731 = DIRECTION ( 'NONE',  ( -0.0000000000000000000, -1.000000000000000000, -0.0000000000000000000 ) ) ;
#1732 = EDGE_LOOP ( 'NONE', ( #3448, #4322, #7699, #8734 ) ) ;
#1733 = AXIS2_PLACEMENT_3D ( 'NONE', #2969, #8185, #3716 ) ;
#1734 = ORIENTED_EDGE ( 'NONE', *, *, #7130, .F. ) ;
#1735 = FACE_OUTER_BOUND ( 'NONE', #6155, .T. ) ;
#1736 = CARTESIAN_POINT ( 'NONE',  ( 8.528325040094458700E-014, 11.86250000000001800, 11.89999999999999900 ) ) ;
#1737 = PRODUCT_DEFINITION_SHAPE ( 'NONE', 'NONE',  #7480 ) ;
#1738 = AXIS2_PLACEMENT_3D ( 'NONE', #6764, #9691, #2991 ) ;
#1739 = CARTESIAN_POINT ( 'NONE',  ( 6.334670176221745700, 17.71396235928759900, -10.18418504397528900 ) ) ;
#1740 = CARTESIAN_POINT ( 'NONE',  ( -19.35318426680755300, 22.05951786752985900, 7.236983472782506000 ) ) ;
#1741 = DIRECTION ( 'NONE',  ( 0.0000000000000000000, -1.000000000000000000, 0.0000000000000000000 ) ) ;
#1742 = CYLINDRICAL_SURFACE ( 'NONE', #1242, 15.60000000000000000 ) ;
#1743 = CARTESIAN_POINT ( 'NONE',  ( 8.414570696119975300, 17.30125000000000700, 8.414570696119856300 ) ) ;
#1744 = EDGE_CURVE ( 'NONE', #9106, #3333, #441, .T. ) ;
#1745 = CARTESIAN_POINT ( 'NONE',  ( 8.482244080906873800, -4.358322289668996600, 17.59999999999998000 ) ) ;
#1746 = DIRECTION ( 'NONE',  ( 0.0000000000000000000, 0.0000000000000000000, -1.000000000000000000 ) ) ;
#1747 = CARTESIAN_POINT ( 'NONE',  ( 12.94999999999999200, -10.69999999999999000, 13.44999999999999900 ) ) ;
#1748 = EDGE_CURVE ( 'NONE', #9581, #2545, #2528, .T. ) ;
#1749 = AXIS2_PLACEMENT_3D ( 'NONE', #7967, #3509, #6496 ) ;
#1750 = LINE ( 'NONE', #6305, #3961 ) ;
#1751 = B_SPLINE_CURVE_WITH_KNOTS ( 'NONE', 3,
 ( #6977, #2543, #7070, #1014, #9333, #5615, #3303, #3338 ),
 .UNSPECIFIED., .F., .F.,
 ( 4, 2, 2, 4 ),
 ( 3.529814598414918400E-007, 0.001137198964805852000, 0.001705621956478856900, 0.002274044948151862000 ),
 .UNSPECIFIED. ) ;
#1752 = CARTESIAN_POINT ( 'NONE',  ( -9.000000000000001800, -10.80000000000000600, 9.000000000000000000 ) ) ;
#1753 = DIRECTION ( 'NONE',  ( 0.0000000000000000000, 0.7071067811865462400, 0.7071067811865487900 ) ) ;
#1754 = DIRECTION ( 'NONE',  ( -8.775090700452169200E-016, -1.000000000000000000, 0.0000000000000000000 ) ) ;
#1755 = CARTESIAN_POINT ( 'NONE',  ( 10.63325712465975700, 11.67507647882132500, -6.930492846439891600 ) ) ;
#1756 = CARTESIAN_POINT ( 'NONE',  ( -2.797381773929364300, 11.48177447791431400, 12.18346110940600200 ) ) ;
#1757 = ORIENTED_EDGE ( 'NONE', *, *, #3044, .F. ) ;
#1758 = CARTESIAN_POINT ( 'NONE',  ( 12.27635182233308000, 0.0000000000000000000, 3.703925678971643300 ) ) ;
#1759 = VECTOR ( 'NONE', #9563, 1000.000000000000000 ) ;
#1760 = PLANE ( 'NONE',  #8733 ) ;
#1761 = CC_DESIGN_PERSON_AND_ORGANIZATION_ASSIGNMENT ( #6126, #5803, ( #3008 ) ) ;
#1762 = VERTEX_POINT ( 'NONE', #4773 ) ;
#1763 = CARTESIAN_POINT ( 'NONE',  ( 15.66920801439301200, 30.00000000000000000, -13.18827000240090000 ) ) ;
#1764 = CARTESIAN_POINT ( 'NONE',  ( 0.0000000000000000000, 0.0000000000000000000, 15.35253755750896700 ) ) ;
#1765 = ADVANCED_FACE ( 'NONE', ( #315 ), #4880, .T. ) ;
#1766 = EDGE_CURVE ( 'NONE', #8843, #4000, #9188, .T. ) ;
#1767 = VERTEX_POINT ( 'NONE', #5486 ) ;
#1768 = CIRCLE ( 'NONE', #9015, 6.940000000000001300 ) ;
#1769 = CARTESIAN_POINT ( 'NONE',  ( -4.929141392239751300, 15.59312500000001500, 11.90000000000003200 ) ) ;
#1770 = VERTEX_POINT ( 'NONE', #6224 ) ;
#1771 = CARTESIAN_POINT ( 'NONE',  ( 0.3220053412525829600, 17.78255371790913500, -11.94286377823122300 ) ) ;
#1772 = CARTESIAN_POINT ( 'NONE',  ( 5.301602514430340000, 17.44052207780691100, 11.08296264324624800 ) ) ;
#1773 = CARTESIAN_POINT ( 'NONE',  ( 11.90000000000003600, 16.11062500000001300, 4.929141392239745100 ) ) ;
#1774 = CARTESIAN_POINT ( 'NONE',  ( 14.00000000000000000, 0.0000000000000000000, 0.0000000000000000000 ) ) ;
#1775 = CARTESIAN_POINT ( 'NONE',  ( -6.255353054409853900, -21.23228174283605800, 12.88914092359983400 ) ) ;
#1776 = ORIENTED_EDGE ( 'NONE', *, *, #611, .F. ) ;
#1777 = CARTESIAN_POINT ( 'NONE',  ( 0.9324499088804767400, -9.524999999999989700, 17.58019026657241600 ) ) ;
#1778 = CARTESIAN_POINT ( 'NONE',  ( -14.29000000000000400, 0.0000000000000000000, -6.257467538869049100 ) ) ;
#1779 = CARTESIAN_POINT ( 'NONE',  ( 11.74508403593978100, 11.57278051697924900, -4.533878020562830200 ) ) ;
#1780 = EDGE_CURVE ( 'NONE', #1661, #6570, #9300, .T. ) ;
#1781 = ORIENTED_EDGE ( 'NONE', *, *, #4486, .F. ) ;
#1782 = EDGE_CURVE ( 'NONE', #6939, #332, #1830, .T. ) ;
#1783 = ORIENTED_EDGE ( 'NONE', *, *, #6740, .F. ) ;
#1784 = CARTESIAN_POINT ( 'NONE',  ( 11.64579827542596400, 11.65923524848032300, 5.025561941861691500 ) ) ;
#1785 = DIRECTION ( 'NONE',  ( 0.0000000000000000000, -1.000000000000000000, 0.0000000000000000000 ) ) ;
#1786 = CARTESIAN_POINT ( 'NONE',  ( 18.48684210526294800, 0.0000000000000000000, -4.385962719298595900 ) ) ;
#1787 = DATE_TIME_ROLE ( 'creation_date' ) ;
#1788 = DIRECTION ( 'NONE',  ( -1.000000000000000000, -0.0000000000000000000, -0.0000000000000000000 ) ) ;
#1789 = VERTEX_POINT ( 'NONE', #3580 ) ;
#1790 = FACE_OUTER_BOUND ( 'NONE', #9307, .T. ) ;
#1791 = CARTESIAN_POINT ( 'NONE',  ( 0.0000000000000000000, 23.09492482837286800, 19.72072930905315500 ) ) ;
#1792 = VERTEX_POINT ( 'NONE', #5835 ) ;
#1793 = EDGE_CURVE ( 'NONE', #7049, #5050, #2883, .T. ) ;
#1795 = VERTEX_POINT ( 'NONE', #9108 ) ;
#1794 = ORIENTED_EDGE ( 'NONE', *, *, #7448, .T. ) ;
#1796 = CARTESIAN_POINT ( 'NONE',  ( 9.069809202314353100, 16.88375000000001000, -9.069809202314482700 ) ) ;
#1797 = EDGE_CURVE ( 'NONE', #1762, #6842, #5801, .T. ) ;
#1798 =( GEOMETRIC_REPRESENTATION_CONTEXT ( 3 ) GLOBAL_UNCERTAINTY_ASSIGNED_CONTEXT ( ( #183 ) ) GLOBAL_UNIT_ASSIGNED_CONTEXT ( ( #6773, #5586, #2509 ) ) REPRESENTATION_CONTEXT ( 'NONE', 'WORKASPACE' ) );
#1799 = CYLINDRICAL_SURFACE ( 'NONE', #2416, 11.09999999999998500 ) ;
#1800 = CARTESIAN_POINT ( 'NONE',  ( 4.929141392239922800, 15.95187500000001000, 11.89999999999996300 ) ) ;
#1801 = B_SPLINE_CURVE_WITH_KNOTS ( 'NONE', 3,
 ( #2462, #271, #9144, #2525, #7738, #4036 ),
 .UNSPECIFIED., .F., .F.,
 ( 4, 2, 4 ),
 ( 2.879055261881161800E-007, 0.0007385004487872673400, 0.001476712992048346700 ),
 .UNSPECIFIED. ) ;
#1802 = DIRECTION ( 'NONE',  ( 1.000000000000000000, 0.0000000000000000000, 0.0000000000000000000 ) ) ;
#1803 = VERTEX_POINT ( 'NONE', #957 ) ;
#1804 = AXIS2_PLACEMENT_3D ( 'NONE', #8576, #9228, #1069 ) ;
#1805 = ORIENTED_EDGE ( 'NONE', *, *, #1241, .T. ) ;
#1806 = CARTESIAN_POINT ( 'NONE',  ( 2.618097302622901500, -20.73030182089466000, 14.98911151100554500 ) ) ;
#1807 = CALENDAR_DATE ( 2023, 6, 9 ) ;
#1808 = CARTESIAN_POINT ( 'NONE',  ( -11.90000000000004500, 16.54562500000000800, -4.929141392239722000 ) ) ;
#1809 = DIRECTION ( 'NONE',  ( 0.0000000000000000000, -1.000000000000000000, -0.0000000000000000000 ) ) ;
#1810 = VECTOR ( 'NONE', #3881, 1000.000000000000000 ) ;
#1811 = ADVANCED_FACE ( 'NONE', ( #4055 ), #1710, .T. ) ;
#1812 = FACE_OUTER_BOUND ( 'NONE', #521, .T. ) ;
#1813 = CARTESIAN_POINT ( 'NONE',  ( 8.414570696119978900, 12.22125000000001700, 8.414570696119851000 ) ) ;
#1814 = DIRECTION ( 'NONE',  ( -0.0000000000000000000, 1.000000000000000000, -0.0000000000000000000 ) ) ;
#1815 = ORIENTED_EDGE ( 'NONE', *, *, #4544, .T. ) ;
#1816 = CC_DESIGN_PERSON_AND_ORGANIZATION_ASSIGNMENT ( #3240, #383, ( #7815 ) ) ;
#1817 = VECTOR ( 'NONE', #7700, 1000.000000000000100 ) ;
#1818 = CARTESIAN_POINT ( 'NONE',  ( 8.049096687469855700, 11.59938906676269700, 9.701204759967234600 ) ) ;
#1819 = CARTESIAN_POINT ( 'NONE',  ( 18.85404163790699900, 23.09492482837286800, -5.782065236316269900 ) ) ;
#1820 = CARTESIAN_POINT ( 'NONE',  ( 0.5801320350610871300, -6.415334500415310600, 6.404323259443804000 ) ) ;
#1821 = CIRCLE ( 'NONE', #2478, 1.969532683894253300 ) ;
#1822 = EDGE_CURVE ( 'NONE', #3330, #4166, #9523, .T. ) ;
#1823 = APPLICATION_CONTEXT ( 'configuration controlled 3d designs of mechanical parts and assemblies' ) ;
#1824 = ORIENTED_EDGE ( 'NONE', *, *, #5444, .F. ) ;
#1825 = CALENDAR_DATE ( 2023, 6, 9 ) ;
#1826 = DIRECTION ( 'NONE',  ( -1.000000000000000000, -0.0000000000000000000, -0.0000000000000000000 ) ) ;
#1827 = ORIENTED_EDGE ( 'NONE', *, *, #9561, .F. ) ;
#1828 = ORIENTED_EDGE ( 'NONE', *, *, #409, .T. ) ;
#1829 = LINE ( 'NONE', #1314, #2413 ) ;
#1830 = LINE ( 'NONE', #1758, #6833 ) ;
#1831 = CARTESIAN_POINT ( 'NONE',  ( -9.069809202314482700, 18.47125000000000800, -9.069809202314353100 ) ) ;
#1832 = ORIENTED_EDGE ( 'NONE', *, *, #6463, .F. ) ;
#1833 = LOCAL_TIME ( 13, 59, 25.00000000000000000, #5807 ) ;
#1834 = CARTESIAN_POINT ( 'NONE',  ( -4.419605437963924500, 23.09492482837286800, 19.21911164059535100 ) ) ;
#1835 = ORIENTED_EDGE ( 'NONE', *, *, #5418, .F. ) ;
#1836 = ORIENTED_EDGE ( 'NONE', *, *, #6968, .F. ) ;
#1837 = CARTESIAN_POINT ( 'NONE',  ( -11.89999999999999900, 19.36500000000000200, 8.309725586446653600E-014 ) ) ;
#1838 = VECTOR ( 'NONE', #2215, 1000.000000000000000 ) ;
#1839 = CARTESIAN_POINT ( 'NONE',  ( -19.18834922387443200, 0.5172554916220669700, 6.794070481989443500 ) ) ;
#1840 = DIRECTION ( 'NONE',  ( -1.000000000000000000, -0.0000000000000000000, -0.0000000000000000000 ) ) ;
#1841 = ORIENTED_EDGE ( 'NONE', *, *, #8956, .F. ) ;
#1842 = DIRECTION ( 'NONE',  ( -0.0000000000000000000, 0.0000000000000000000, 1.000000000000000000 ) ) ;
#1843 = ORIENTED_EDGE ( 'NONE', *, *, #1986, .T. ) ;
#1844 = CARTESIAN_POINT ( 'NONE',  ( 19.00000000000038400, 30.00000000000000000, -32.90896534380844700 ) ) ;
#1845 = ORIENTED_EDGE ( 'NONE', *, *, #8959, .F. ) ;
#1846 = CARTESIAN_POINT ( 'NONE',  ( -8.980256121069194500, 12.19436978464833900, -8.980256121069066600 ) ) ;
#1847 = VECTOR ( 'NONE', #6150, 1000.000000000000000 ) ;
#1848 = AXIS2_PLACEMENT_3D ( 'NONE', #7250, #9498, #7185 ) ;
#1849 = CIRCLE ( 'NONE', #3798, 11.99999999999998800 ) ;
#1850 = AXIS2_PLACEMENT_3D ( 'NONE', #697, #4429, #8854 ) ;
#1851 = CARTESIAN_POINT ( 'NONE',  ( -9.449782312267597500, 11.39993541140920800, 8.067884343798967400 ) ) ;
#1852 = ORIENTED_EDGE ( 'NONE', *, *, #2160, .T. ) ;
#1853 = EDGE_CURVE ( 'NONE', #123, #4962, #6280, .T. ) ;
#1854 = CARTESIAN_POINT ( 'NONE',  ( 16.19274334558716100, 21.77909615975545100, 13.04118017211677800 ) ) ;
#1855 = APPROVAL_ROLE ( '' ) ;
#1856 = DIRECTION ( 'NONE',  ( 0.0000000000000000000, 0.0000000000000000000, -1.000000000000000000 ) ) ;
#1857 = VECTOR ( 'NONE', #5320, 999.9999999999998900 ) ;
#1858 = CARTESIAN_POINT ( 'NONE',  ( -4.110313416714131300, 22.89746270853419900, 19.55449859237712600 ) ) ;
#1859 = EDGE_CURVE ( 'NONE', #9490, #1767, #2060, .T. ) ;
#1860 = AXIS2_PLACEMENT_3D ( 'NONE', #9258, #6910, #5522 ) ;
#1861 = ADVANCED_FACE ( 'NONE', ( #8591 ), #8826, .F. ) ;
#1862 = VECTOR ( 'NONE', #1070, 1000.000000000000000 ) ;
#1863 = AXIS2_PLACEMENT_3D ( 'NONE', #2057, #2087, #5044 ) ;
#1864 = CARTESIAN_POINT ( 'NONE',  ( -5.312971222579573500, 17.12187500000000600, -12.82664718204931400 ) ) ;
#1865 = CARTESIAN_POINT ( 'NONE',  ( 12.69999999999998500, -1.114436518957424200E-014, 0.0000000000000000000 ) ) ;
#1866 = CARTESIAN_POINT ( 'NONE',  ( 0.0000000000000000000, 0.0000000000000000000, 0.0000000000000000000 ) ) ;
#1867 = CARTESIAN_POINT ( 'NONE',  ( -4.929141392239914800, 19.12687500000000500, -11.89999999999996500 ) ) ;
#1868 = CARTESIAN_POINT ( 'NONE',  ( -9.000000000000001800, -11.19999999999999900, 11.89999999999999100 ) ) ;
#1869 = LINE ( 'NONE', #3080, #6073 ) ;
#1870 =( BOUNDED_CURVE ( )  B_SPLINE_CURVE ( 2, ( #9445, #9470, #1183, #1906, #3455, #5029, #1937, #5753, #3481 ),
 .UNSPECIFIED., .F., .F. ) 
 B_SPLINE_CURVE_WITH_KNOTS ( ( 3, 2, 2, 2, 3 ),
 ( 0.5937500000000000000, 0.6093750000000000000, 0.6250000000000000000, 0.6406250000000000000, 0.6562500000000000000 ),
 .UNSPECIFIED. ) 
 CURVE ( )  GEOMETRIC_REPRESENTATION_ITEM ( )  RATIONAL_B_SPLINE_CURVE ( ( 1.000000000000000000, 0.9238795325112867400, 1.000000000000000000, 0.9238795325112867400, 1.000000000000000000, 0.9238795325112867400, 1.000000000000000000, 0.9238795325112867400, 1.000000000000000000 ) ) 
 REPRESENTATION_ITEM ( '' )  );
#1871 = CARTESIAN_POINT ( 'NONE',  ( -19.25598086124292500, 0.6554350922084969400, 6.975797196445944900 ) ) ;
#1872 = ORIENTED_EDGE ( 'NONE', *, *, #2810, .T. ) ;
#1873 = EDGE_CURVE ( 'NONE', #6660, #6435, #6026, .T. ) ;
#1874 = CARTESIAN_POINT ( 'NONE',  ( 0.1083897543756197100, -0.3304673161057467000, 4.047057408917166700E-017 ) ) ;
#1875 = CC_DESIGN_PERSON_AND_ORGANIZATION_ASSIGNMENT ( #776, #3404, ( #6249 ) ) ;
#1876 = CARTESIAN_POINT ( 'NONE',  ( -19.25598086124352900, 30.00000000000000000, -6.975797196446231800 ) ) ;
#1877 = CARTESIAN_POINT ( 'NONE',  ( -7.143125246700833800E-014, 16.30750000000000800, -11.89999999999999900 ) ) ;
#1878 = ORIENTED_EDGE ( 'NONE', *, *, #8493, .F. ) ;
#1879 = APPROVAL_PERSON_ORGANIZATION ( #945, #3143, #2731 ) ;
#1880 = EDGE_CURVE ( 'NONE', #9093, #2962, #8244, .T. ) ;
#1881 = ORIENTED_EDGE ( 'NONE', *, *, #7236, .F. ) ;
#1882 = DIRECTION ( 'NONE',  ( 2.664535259100375700E-015, 0.0000000000000000000, 1.000000000000000000 ) ) ;
#1883 = CARTESIAN_POINT ( 'NONE',  ( -8.017523061292044300E-014, 12.49750000000001600, -11.89999999999999900 ) ) ;
#1884 = PERSON_AND_ORGANIZATION_ROLE ( 'design_owner' ) ;
#1885 = ORIENTED_EDGE ( 'NONE', *, *, #537, .F. ) ;
#1886 = CARTESIAN_POINT ( 'NONE',  ( -6.400365130926600100, -7.964242406242845200, 17.22215417283561200 ) ) ;
#1887 = PRODUCT_DEFINITION_SHAPE ( 'NONE', 'NONE',  #3261 ) ;
#1888 = CARTESIAN_POINT ( 'NONE',  ( 5.260512242138389600, 12.74999478464833700, 12.69999999999992800 ) ) ;
#1889 = CARTESIAN_POINT ( 'NONE',  ( -4.929141392239751300, 10.51312500000002000, 11.90000000000003200 ) ) ;
#1890 = ORIENTED_EDGE ( 'NONE', *, *, #5519, .F. ) ;
#1891 = CARTESIAN_POINT ( 'NONE',  ( 11.90000000000000000, 10.90000000000000000, 1.482518660869983500E-015 ) ) ;
#1892 = CARTESIAN_POINT ( 'NONE',  ( -12.69999999999996700, 12.20688021535169700, 8.868362600661531000E-014 ) ) ;
#1893 = CARTESIAN_POINT ( 'NONE',  ( 13.04177618759502400, 0.0000000000000000000, -13.81709353926069800 ) ) ;
#1894 = CARTESIAN_POINT ( 'NONE',  ( 8.414570696119975300, 13.49125000000001300, 8.414570696119856300 ) ) ;
#1895 = PLANE ( 'NONE',  #6187 ) ;
#1896 = CARTESIAN_POINT ( 'NONE',  ( 4.419605437965678600, 23.09492482837286800, -19.21911164059494900 ) ) ;
#1897 = CARTESIAN_POINT ( 'NONE',  ( -2.322037116757902800, 20.70927094627847300, 20.87131865642970400 ) ) ;
#1898 = DIRECTION ( 'NONE',  ( -0.0000000000000000000, 1.000000000000000000, -0.0000000000000000000 ) ) ;
#1899 = CIRCLE ( 'NONE', #9178, 11.89999999999999000 ) ;
#1900 = ORIENTED_EDGE ( 'NONE', *, *, #3930, .F. ) ;
#1901 = ADVANCED_FACE ( 'NONE', ( #3582 ), #5575, .T. ) ;
#1902 = AXIS2_PLACEMENT_3D ( 'NONE', #7622, #6915, #2814 ) ;
#1903 = CARTESIAN_POINT ( 'NONE',  ( 1.006550781153894200E-013, -9.525000000000000400, 17.60000000000000100 ) ) ;
#1905 = ORIENTED_EDGE ( 'NONE', *, *, #4479, .F. ) ;
#1904 = VERTEX_POINT ( 'NONE', #5978 ) ;
#1906 = CARTESIAN_POINT ( 'NONE',  ( -11.89999999999996800, 14.36437500000001300, 4.929141392239912100 ) ) ;
#1907 = EDGE_CURVE ( 'NONE', #6379, #2545, #7395, .T. ) ;
#1908 = EDGE_CURVE ( 'NONE', #609, #7132, #7310, .T. ) ;
#1909 = CARTESIAN_POINT ( 'NONE',  ( 13.94550459449612000, 0.03066541711219594400, -13.55272703383661400 ) ) ;
#1910 = LINE ( 'NONE', #8103, #2605 ) ;
#1911 = ORIENTED_EDGE ( 'NONE', *, *, #3777, .T. ) ;
#1912 = CARTESIAN_POINT ( 'NONE',  ( -13.44999999999999900, -10.69999999999999400, 12.94999999999999200 ) ) ;
#1913 = DIRECTION ( 'NONE',  ( -0.0000000000000000000, -1.000000000000000000, -0.0000000000000000000 ) ) ;
#1915 = VERTEX_POINT ( 'NONE', #9181 ) ;
#1914 = VERTEX_POINT ( 'NONE', #6701 ) ;
#1916 = APPROVAL_ROLE ( '' ) ;
#1917 = LOCAL_TIME ( 13, 59, 25.00000000000000000, #1207 ) ;
#1918 = AXIS2_PLACEMENT_3D ( 'NONE', #8805, #2940, #7358 ) ;
#1919 = ORIENTED_EDGE ( 'NONE', *, *, #9331, .T. ) ;
#1920 = CARTESIAN_POINT ( 'NONE',  ( 12.56412585201709000, -10.80829037686547000, 9.246769250645106900 ) ) ;
#1921 = DIRECTION ( 'NONE',  ( -0.0000000000000000000, -1.000000000000000000, -0.0000000000000000000 ) ) ;
#1922 = AXIS2_PLACEMENT_3D ( 'NONE', #2346, #3018, #3114 ) ;
#1923 = CIRCLE ( 'NONE', #8605, 5.674999999999997200 ) ;
#1924 = EDGE_CURVE ( 'NONE', #322, #117, #7529, .T. ) ;
#1925 = CARTESIAN_POINT ( 'NONE',  ( 11.89999999999999900, 10.91000000000002000, -8.455458555545191200E-014 ) ) ;
#1926 = ORIENTED_EDGE ( 'NONE', *, *, #482, .F. ) ;
#1927 = COORDINATED_UNIVERSAL_TIME_OFFSET ( 8, 0, .AHEAD. ) ;
#1928 = EDGE_CURVE ( 'NONE', #7281, #6972, #4291, .T. ) ;
#1929 = AXIS2_PLACEMENT_3D ( 'NONE', #6920, #6212, #5500 ) ;
#1930 = CARTESIAN_POINT ( 'NONE',  ( -11.89999999999996300, 10.55437500000002000, 4.929141392239922800 ) ) ;
#1931 = LINE ( 'NONE', #1747, #1817 ) ;
#1932 = CARTESIAN_POINT ( 'NONE',  ( 1.457329690985350200E-015, 17.80000000000000100, 11.89999999999999900 ) ) ;
#1933 = CYLINDRICAL_SURFACE ( 'NONE', #9161, 19.99999999999998900 ) ;
#1934 = ORIENTED_EDGE ( 'NONE', *, *, #3618, .F. ) ;
#1935 = CARTESIAN_POINT ( 'NONE',  ( 0.0000000000000000000, 25.00000000000000000, 0.0000000000000000000 ) ) ;
#1936 = FACE_OUTER_BOUND ( 'NONE', #2073, .T. ) ;
#1937 = CARTESIAN_POINT ( 'NONE',  ( -8.414570696120007300, 14.12625000000001300, -8.414570696119822600 ) ) ;
#1938 = DIRECTION ( 'NONE',  ( -0.0000000000000000000, -1.000000000000000000, -0.0000000000000000000 ) ) ;
#1939 = ORIENTED_EDGE ( 'NONE', *, *, #6112, .T. ) ;
#1940 = LOCAL_TIME ( 13, 59, 25.00000000000000000, #8008 ) ;
#1941 = CARTESIAN_POINT ( 'NONE',  ( 15.66920801439301200, 0.6554350922095171200, -13.18827000240090000 ) ) ;
#1942 = ORIENTED_EDGE ( 'NONE', *, *, #2925, .F. ) ;
#1943 = ORIENTED_EDGE ( 'NONE', *, *, #5329, .F. ) ;
#1944 = DIRECTION ( 'NONE',  ( -5.062054713723247700E-019, -1.000000000000000000, -0.0000000000000000000 ) ) ;
#1945 = CARTESIAN_POINT ( 'NONE',  ( 1.149942193696761300, -6.336500055598310900, 5.550792752754645700 ) ) ;
#1946 = LINE ( 'NONE', #2947, #6383 ) ;
#1947 = CARTESIAN_POINT ( 'NONE',  ( 15.94400375185512100, 22.05951778622979400, 13.14185746855539700 ) ) ;
#1948 = EDGE_CURVE ( 'NONE', #678, #2788, #1586, .T. ) ;
#1949 = PERSON_AND_ORGANIZATION_ROLE ( 'design_owner' ) ;
#1950 = ORIENTED_EDGE ( 'NONE', *, *, #3794, .F. ) ;
#1951 = CARTESIAN_POINT ( 'NONE',  ( -8.248891971046806000, 4.762499999999953100, 17.60000000000000100 ) ) ;
#1952 = CARTESIAN_POINT ( 'NONE',  ( 12.70000000000000800, 12.90874478464834000, 5.260512242138204000 ) ) ;
#1953 = ADVANCED_FACE ( 'NONE', ( #6267 ), #1126, .T. ) ;
#1954 = EDGE_LOOP ( 'NONE', ( #8461, #5739, #4660, #1170 ) ) ;
#1955 = ORIENTED_EDGE ( 'NONE', *, *, #8971, .T. ) ;
#1956 = LINE ( 'NONE', #3048, #8951 ) ;
#1957 = CARTESIAN_POINT ( 'NONE',  ( -5.312971222579573500, 14.58187500000001600, -12.82664718204931400 ) ) ;
#1958 = VERTEX_POINT ( 'NONE', #5315 ) ;
#1959 = DIRECTION ( 'NONE',  ( -0.0000000000000000000, -1.000000000000000000, -0.0000000000000000000 ) ) ;
#1960 = LINE ( 'NONE', #742, #7329 ) ;
#1961 = CARTESIAN_POINT ( 'NONE',  ( 4.929141392239747800, 13.88812500000001600, -11.90000000000003200 ) ) ;
#1962 = CARTESIAN_POINT ( 'NONE',  ( 0.0000000000000000000, 0.0000000000000000000, 3.200000000000000200 ) ) ;
#1963 = EDGE_LOOP ( 'NONE', ( #8990, #129, #7161 ) ) ;
#1964 = AXIS2_PLACEMENT_3D ( 'NONE', #4208, #8728, #8597 ) ;
#1965 = ORIENTED_EDGE ( 'NONE', *, *, #3690, .F. ) ;
#1966 = EDGE_CURVE ( 'NONE', #7652, #9139, #7074, .T. ) ;
#1967 = ORIENTED_EDGE ( 'NONE', *, *, #5737, .F. ) ;
#1968 = CARTESIAN_POINT ( 'NONE',  ( 2.383157559843419800, 1.882896735249267200, -20.86470025434506700 ) ) ;
#1969 = EDGE_CURVE ( 'NONE', #625, #3704, #1358, .T. ) ;
#1970 = CIRCLE ( 'NONE', #361, 3.200000000000000200 ) ;
#1971 = CARTESIAN_POINT ( 'NONE',  ( 9.564848863492874400E-015, 10.90000000000001100, 0.0000000000000000000 ) ) ;
#1972 = PLANE ( 'NONE',  #7530 ) ;
#1973 = PERSON ( 'NAUO-PER6', 'UNSPECIFIED', 'UNSPECIFIED', ('UNSPECIFIED'), ('UNSPECIFIED'), ('UNSPECIFIED') ) ;
#1974 = DIRECTION ( 'NONE',  ( 0.0000000000000000000, 0.0000000000000000000, 1.000000000000000000 ) ) ;
#1975 = AXIS2_PLACEMENT_3D ( 'NONE', #821, #3086, #852 ) ;
#1976 = DIRECTION ( 'NONE',  ( -0.0000000000000000000, -1.000000000000000000, -0.0000000000000000000 ) ) ;
#1977 = CARTESIAN_POINT ( 'NONE',  ( 11.90000000000000000, 10.90504963438918800, 0.3074148288386006100 ) ) ;
#1978 = B_SPLINE_CURVE_WITH_KNOTS ( 'NONE', 3,
 ( #9013, #45, #830, #1587, #7548, #1819 ),
 .UNSPECIFIED., .F., .F.,
 ( 4, 2, 4 ),
 ( 2.879055260478478400E-007, 0.0007385004487875919500, 0.001476712992049136000 ),
 .UNSPECIFIED. ) ;
#1979 = CIRCLE ( 'NONE', #7986, 4.688733431983859400 ) ;
#1980 = EDGE_CURVE ( 'NONE', #8798, #5285, #9049, .T. ) ;
#1981 = DIRECTION ( 'NONE',  ( 0.0000000000000000000, 0.0000000000000000000, 1.000000000000000000 ) ) ;
#1982 = APPROVAL_ROLE ( '' ) ;
#1983 = CARTESIAN_POINT ( 'NONE',  ( -2.383157556803271700, 1.882896732034740300, 20.86470025467372500 ) ) ;
#1984 = CARTESIAN_POINT ( 'NONE',  ( -12.13643577123406400, 11.28881516175752400, -1.970045259178705900 ) ) ;
#1985 = CARTESIAN_POINT ( 'NONE',  ( 8.980256121069194500, 12.82936978464833500, 8.980256121069066600 ) ) ;
#1986 = EDGE_CURVE ( 'NONE', #8082, #9392, #5105, .T. ) ;
#1987 = AXIS2_PLACEMENT_3D ( 'NONE', #3242, #1731, #9163 ) ;
#1988 = VERTEX_POINT ( 'NONE', #788 ) ;
#1989 = VECTOR ( 'NONE', #5942, 1000.000000000000000 ) ;
#1990 = AXIS2_PLACEMENT_3D ( 'NONE', #7307, #1302, #9489 ) ;
#1991 = CARTESIAN_POINT ( 'NONE',  ( -5.312971222579396800, 15.05812500000001600, 12.82664718204939000 ) ) ;
#1992 = ORIENTED_EDGE ( 'NONE', *, *, #5672, .T. ) ;
#1993 = DIRECTION ( 'NONE',  ( -0.0000000000000000000, -0.0000000000000000000, -1.000000000000000000 ) ) ;
#1994 = DIRECTION ( 'NONE',  ( -0.0000000000000000000, -0.0000000000000000000, -1.000000000000000000 ) ) ;
#1995 = CARTESIAN_POINT ( 'NONE',  ( -7.434591184897904000E-014, 15.03750000000001200, -11.89999999999999900 ) ) ;
#1996 = CARTESIAN_POINT ( 'NONE',  ( -7.900000000000002100, -8.199999999999999300, 9.674709713264092100E-016 ) ) ;
#1997 = CARTESIAN_POINT ( 'NONE',  ( -19.35716849246111300, 1.532234890536980700, -8.008604952774190300 ) ) ;
#1998 = EDGE_LOOP ( 'NONE', ( #3574, #1419, #8127, #5875 ) ) ;
#1999 = CYLINDRICAL_SURFACE ( 'NONE', #3362, 1.149999999999999900 ) ;
#2000 = CC_DESIGN_DATE_AND_TIME_ASSIGNMENT ( #8695, #7949, ( #7480 ) ) ;
#2001 = ORIENTED_EDGE ( 'NONE', *, *, #1167, .T. ) ;
#2002 = ADVANCED_FACE ( 'NONE', ( #5366, #2908 ), #2907, .F. ) ;
#2003 = CARTESIAN_POINT ( 'NONE',  ( -18.92139557591050200, 23.00404857798639900, -6.005092068397480900 ) ) ;
#2004 = CARTESIAN_POINT ( 'NONE',  ( -8.716642953600670700, 3.952331532926382600, 17.57989171664805600 ) ) ;
#2005 = CARTESIAN_POINT ( 'NONE',  ( 12.82664718204939200, 20.45562500000000100, 5.312971222579391500 ) ) ;
#2006 = EDGE_CURVE ( 'NONE', #1467, #5884, #8266, .T. ) ;
#2007 = ORIENTED_EDGE ( 'NONE', *, *, #8615, .F. ) ;
#2008 = CARTESIAN_POINT ( 'NONE',  ( -4.136927488685830500, 0.2370420337827754700, 19.52476585760346600 ) ) ;
#2009 = DIRECTION ( 'NONE',  ( 1.000000000000000000, -0.0000000000000000000, -0.0000000000000000000 ) ) ;
#2010 = CARTESIAN_POINT ( 'NONE',  ( 0.0000000000000000000, 0.0000000000000000000, 0.0000000000000000000 ) ) ;
#2011 = DIRECTION ( 'NONE',  ( 0.0000000000000000000, 0.0000000000000000000, 1.000000000000000000 ) ) ;
#2012 = ORIENTED_EDGE ( 'NONE', *, *, #712, .T. ) ;
#2013 = VERTEX_POINT ( 'NONE', #4335 ) ;
#2014 = CARTESIAN_POINT ( 'NONE',  ( -9.069809202314482700, 12.12125000000002100, -9.069809202314353100 ) ) ;
#2015 = DIRECTION ( 'NONE',  ( 0.8660254037844415900, -0.4999999999999950600, 0.0000000000000000000 ) ) ;
#2016 = CARTESIAN_POINT ( 'NONE',  ( -2.260760671697740900, 30.00000000000000000, 20.87795395112411300 ) ) ;
#2017 = DIRECTION ( 'NONE',  ( 0.0000000000000000000, 0.0000000000000000000, 1.000000000000000000 ) ) ;
#2018 = ORIENTED_EDGE ( 'NONE', *, *, #32, .T. ) ;
#2019 = LINE ( 'NONE', #476, #6690 ) ;
#2020 = CARTESIAN_POINT ( 'NONE',  ( 4.929141392239747800, 11.34812500000002100, -11.90000000000003200 ) ) ;
#2021 = ORIENTED_EDGE ( 'NONE', *, *, #1748, .T. ) ;
#2022 = DIRECTION ( 'NONE',  ( 0.0000000000000000000, 0.0000000000000000000, 1.000000000000000000 ) ) ;
#2024 = ORIENTED_EDGE ( 'NONE', *, *, #1415, .T. ) ;
#2023 = ORIENTED_EDGE ( 'NONE', *, *, #813, .F. ) ;
#2025 = FACE_BOUND ( 'NONE', #8034, .T. ) ;
#2026 = DIRECTION ( 'NONE',  ( -0.0000000000000000000, 1.000000000000000000, -0.0000000000000000000 ) ) ;
#2027 = AXIS2_PLACEMENT_3D ( 'NONE', #35, #1544, #3061 ) ;
#2028 = VECTOR ( 'NONE', #8015, 1000.000000000000000 ) ;
#2029 = AXIS2_PLACEMENT_3D ( 'NONE', #6767, #8976, #8232 ) ;
#2030 = ORIENTED_EDGE ( 'NONE', *, *, #1042, .T. ) ;
#2031 = DIRECTION ( 'NONE',  ( 1.000000000000000000, -8.896017825522095500E-016, 0.0000000000000000000 ) ) ;
#2032 = EDGE_CURVE ( 'NONE', #260, #7417, #6617, .T. ) ;
#2033 = ORIENTED_EDGE ( 'NONE', *, *, #5146, .T. ) ;
#2034 = LOCAL_TIME ( 13, 59, 25.00000000000000000, #4033 ) ;
#2035 = CARTESIAN_POINT ( 'NONE',  ( 0.0000000000000000000, 0.0000000000000000000, 0.0000000000000000000 ) ) ;
#2036 = B_SPLINE_CURVE_WITH_KNOTS ( 'NONE', 3,
 ( #9466, #1897, #4894, #5023, #5692, #5630, #7180, #3476, #7938, #6461 ),
 .UNSPECIFIED., .F., .F.,
 ( 4, 2, 2, 2, 4 ),
 ( -1.095445854363437900E-005, 0.0002729283145387895200, 0.0005568110876212133900, 0.001124576633786062000, 0.002260107726115762500 ),
 .UNSPECIFIED. ) ;
#2037 = FACE_OUTER_BOUND ( 'NONE', #2640, .T. ) ;
#2038 = DIRECTION ( 'NONE',  ( -0.8660254037844380400, -0.5000000000000010000, 0.0000000000000000000 ) ) ;
#2039 = VECTOR ( 'NONE', #9614, 1000.000000000000000 ) ;
#2040 =( BOUNDED_CURVE ( )  B_SPLINE_CURVE ( 2, ( #8550, #2614, #7832, #3383, #4786, #4817, #9337, #6394, #1892 ),
 .UNSPECIFIED., .F., .F. ) 
 B_SPLINE_CURVE_WITH_KNOTS ( ( 3, 2, 2, 2, 3 ),
 ( 0.07499315787941110400, 0.07812500000000000000, 0.09375000000000000000, 0.1093750000000000000, 0.1250000000000000000 ),
 .UNSPECIFIED. ) 
 CURVE ( )  GEOMETRIC_REPRESENTATION_ITEM ( )  RATIONAL_B_SPLINE_CURVE ( ( 0.9756014802041257400, 0.9847425736755155400, 1.000000000000000000, 0.9238795325112867400, 1.000000000000000000, 0.9238795325112867400, 1.000000000000000000, 0.9238795325112867400, 1.000000000000000000 ) ) 
 REPRESENTATION_ITEM ( '' )  );
#2041 = APPROVAL_ROLE ( '' ) ;
#2042 = AXIS2_PLACEMENT_3D ( 'NONE', #9191, #7025, #1035 ) ;
#2043 = CARTESIAN_POINT ( 'NONE',  ( -2.526108094830910900, 11.13394420070223800, -11.88768820103812000 ) ) ;
#2044 = ORIENTED_EDGE ( 'NONE', *, *, #928, .F. ) ;
#2045 = ADVANCED_FACE ( 'NONE', ( #3357 ), #9654, .T. ) ;
#2046 = EDGE_CURVE ( 'NONE', #9093, #5794, #61, .T. ) ;
#2047 = CIRCLE ( 'NONE', #3159, 1.149999999999999900 ) ;
#2048 = CIRCLE ( 'NONE', #6171, 8.045708121834925600 ) ;
#2049 = CARTESIAN_POINT ( 'NONE',  ( 12.82664718204939200, 11.56562500000001800, 5.312971222579391500 ) ) ;
#2050 = ORIENTED_EDGE ( 'NONE', *, *, #5878, .F. ) ;
#2051 = APPROVAL_PERSON_ORGANIZATION ( #3467, #375, #1982 ) ;
#2052 = DIRECTION ( 'NONE',  ( 0.0000000000000000000, -1.000000000000000000, 0.0000000000000000000 ) ) ;
#2053 = CARTESIAN_POINT ( 'NONE',  ( -14.29000000000000100, -20.72824037380243600, 5.236118392019303500 ) ) ;
#2054 = AXIS2_PLACEMENT_3D ( 'NONE', #7701, #3289, #3263 ) ;
#2055 = APPROVAL ( #4147, '未指定' ) ;
#2056 = VERTEX_POINT ( 'NONE', #1412 ) ;
#2057 = CARTESIAN_POINT ( 'NONE',  ( 0.0000000000000000000, 2.000000000000000000, 0.0000000000000000000 ) ) ;
#2058 = DIRECTION ( 'NONE',  ( 0.0000000000000000000, -1.000000000000000000, 0.0000000000000000000 ) ) ;
#2059 = VECTOR ( 'NONE', #2800, 1000.000000000000000 ) ;
#2060 = LINE ( 'NONE', #3017, #3809 ) ;
#2061 = CARTESIAN_POINT ( 'NONE',  ( -11.44999999999999800, 0.0000000000000000000, 0.0000000000000000000 ) ) ;
#2062 = EDGE_LOOP ( 'NONE', ( #5682, #7636, #3124, #8317 ) ) ;
#2063 = CARTESIAN_POINT ( 'NONE',  ( 19.37442194379016100, 1.417408299282242100, 7.884885345075089100 ) ) ;
#2064 = CALENDAR_DATE ( 2023, 6, 9 ) ;
#2065 = ORIENTED_EDGE ( 'NONE', *, *, #2772, .F. ) ;
#2066 = CARTESIAN_POINT ( 'NONE',  ( 14.00000000000000000, 0.0000000000000000000, 3.200000000000000200 ) ) ;
#2067 = DIRECTION ( 'NONE',  ( -0.0000000000000000000, -1.000000000000000000, -0.0000000000000000000 ) ) ;
#2068 = ORIENTED_EDGE ( 'NONE', *, *, #225, .F. ) ;
#2069 = CARTESIAN_POINT ( 'NONE',  ( 15.80765931379956900, 0.7554955969860339700, -13.16488581282685500 ) ) ;
#2070 = VECTOR ( 'NONE', #5311, 1000.000000000000000 ) ;
#2071 = CARTESIAN_POINT ( 'NONE',  ( -2.618097302622896200, -20.73030182089466000, -14.98911151100554800 ) ) ;
#2072 = CARTESIAN_POINT ( 'NONE',  ( 11.69999999999998900, -1.026685611952902800E-014, 0.0000000000000000000 ) ) ;
#2073 = EDGE_LOOP ( 'NONE', ( #3774, #968, #7755, #3684, #5675, #655, #8156, #5965, #3301, #3084 ) ) ;
#2074 = ORIENTED_EDGE ( 'NONE', *, *, #8230, .T. ) ;
#2075 = PLANE ( 'NONE',  #6736 ) ;
#2076 =( REPRESENTATION_RELATIONSHIP ('NONE','NONE', #2711, #828 ) REPRESENTATION_RELATIONSHIP_WITH_TRANSFORMATION ( #6942 )SHAPE_REPRESENTATION_RELATIONSHIP( ) );
#2077 = ORIENTED_EDGE ( 'NONE', *, *, #4596, .T. ) ;
#2078 = CARTESIAN_POINT ( 'NONE',  ( -11.20114851541086100, 11.25514193145512300, -4.987831543169527000 ) ) ;
#2079 = VECTOR ( 'NONE', #8763, 1000.000000000000100 ) ;
#2080 = CARTESIAN_POINT ( 'NONE',  ( 1.140028159679984800, 17.23140902440309600, -12.42378746397329100 ) ) ;
#2081 = LINE ( 'NONE', #9690, #6288 ) ;
#2082 = ORIENTED_EDGE ( 'NONE', *, *, #4414, .T. ) ;
#2083 = CARTESIAN_POINT ( 'NONE',  ( 5.312971222579394100, 14.42312500000001700, -12.82664718204939000 ) ) ;
#2084 = DIRECTION ( 'NONE',  ( -0.0000000000000000000, -1.000000000000000000, -0.0000000000000000000 ) ) ;
#2085 = CIRCLE ( 'NONE', #863, 9.525000000000000400 ) ;
#2086 = CARTESIAN_POINT ( 'NONE',  ( -3.688409626073299500, 9.524999999999987900, 17.22406855347259100 ) ) ;
#2087 = DIRECTION ( 'NONE',  ( -0.0000000000000000000, -1.000000000000000000, -0.0000000000000000000 ) ) ;
#2088 = CARTESIAN_POINT ( 'NONE',  ( 0.0000000000000000000, 17.80000000000000100, 0.0000000000000000000 ) ) ;
#2089 = FACE_OUTER_BOUND ( 'NONE', #7898, .T. ) ;
#2090 = AXIS2_PLACEMENT_3D ( 'NONE', #7454, #3014, #8219 ) ;
#2091 = EDGE_CURVE ( 'NONE', #1792, #2209, #4916, .T. ) ;
#2092 = EDGE_CURVE ( 'NONE', #7026, #4637, #5573, .T. ) ;
#2093 = ADVANCED_FACE ( 'NONE', ( #2170 ), #4405, .T. ) ;
#2094 = B_SPLINE_CURVE_WITH_KNOTS ( 'NONE', 3,
 ( #5248, #4528, #5986, #3617, #6062, #37, #4559, #803 ),
 .UNSPECIFIED., .F., .F.,
 ( 4, 2, 2, 4 ),
 ( 3.135870270281971500E-007, 0.0007048378974616154800, 0.001409362207896202800, 0.002818410828765379200 ),
 .UNSPECIFIED. ) ;
#2095 = DIRECTION ( 'NONE',  ( 0.0000000000000000000, -1.000000000000000000, 0.0000000000000000000 ) ) ;
#2096 = CARTESIAN_POINT ( 'NONE',  ( 1.544415963279582900E-014, 17.60000000000001200, 0.0000000000000000000 ) ) ;
#2097 = FACE_OUTER_BOUND ( 'NONE', #4370, .T. ) ;
#2098 = CARTESIAN_POINT ( 'NONE',  ( -5.312971222579396800, 20.13812499999999900, 12.82664718204939000 ) ) ;
#2099 = AXIS2_PLACEMENT_3D ( 'NONE', #5143, #8879, #1345 ) ;
#2100 = ORIENTED_EDGE ( 'NONE', *, *, #5831, .F. ) ;
#2101 = DIRECTION ( 'NONE',  ( 0.0000000000000000000, -1.000000000000000000, 0.0000000000000000000 ) ) ;
#2102 = AXIS2_PLACEMENT_3D ( 'NONE', #209, #952, #6188 ) ;
#2103 = CARTESIAN_POINT ( 'NONE',  ( 10.99852262806237800, 0.0000000000000000000, 17.60000000000000100 ) ) ;
#2104 = DIRECTION ( 'NONE',  ( 0.0000000000000000000, -1.000000000000000000, 0.0000000000000000000 ) ) ;
#2105 = EDGE_CURVE ( 'NONE', #9408, #5108, #358, .T. ) ;
#2106 =( REPRESENTATION_RELATIONSHIP ('NONE','NONE', #2711, #6902 ) REPRESENTATION_RELATIONSHIP_WITH_TRANSFORMATION ( #4727 )SHAPE_REPRESENTATION_RELATIONSHIP( ) );
#2107 = ORIENTED_EDGE ( 'NONE', *, *, #4819, .T. ) ;
#2108 = LINE ( 'NONE', #446, #7350 ) ;
#2109 = CARTESIAN_POINT ( 'NONE',  ( -11.89999999999999900, 12.81500000000001700, 1.005852121562907300E-013 ) ) ;
#2110 = DIRECTION ( 'NONE',  ( -0.0000000000000000000, 1.000000000000000000, -0.0000000000000000000 ) ) ;
#2111 = DIRECTION ( 'NONE',  ( -8.775090700452169200E-016, -1.000000000000000000, -0.0000000000000000000 ) ) ;
#2112 = ORIENTED_EDGE ( 'NONE', *, *, #5809, .T. ) ;
#2113 = EDGE_CURVE ( 'NONE', #2669, #2130, #1245, .T. ) ;
#2114 = AXIS2_PLACEMENT_3D ( 'NONE', #3170, #3812, #9053 ) ;
#2115 = EDGE_LOOP ( 'NONE', ( #1794, #3640, #5258, #618 ) ) ;
#2116 = CARTESIAN_POINT ( 'NONE',  ( -5.312971222579573500, 10.77187500000002500, -12.82664718204931400 ) ) ;
#2117 = ORIENTED_EDGE ( 'NONE', *, *, #8472, .T. ) ;
#2118 = CARTESIAN_POINT ( 'NONE',  ( -12.56412585201708300, -20.49170962313452500, 9.246769250645112200 ) ) ;
#2119 = CARTESIAN_POINT ( 'NONE',  ( 15.66920801439301200, 22.32467817596633000, -13.18827000240090000 ) ) ;
#2120 = CARTESIAN_POINT ( 'NONE',  ( -1.965893980413407500, 16.99999999999999300, -12.54692236597381000 ) ) ;
#2121 = ORIENTED_EDGE ( 'NONE', *, *, #5878, .T. ) ;
#2122 = CC_DESIGN_APPROVAL ( #7680, ( #6000 ) ) ;
#2123 = CARTESIAN_POINT ( 'NONE',  ( 7.445345600152586800, 0.0000000000000000000, 0.0000000000000000000 ) ) ;
#2124 = DIRECTION ( 'NONE',  ( 0.0000000000000000000, 0.0000000000000000000, -1.000000000000000000 ) ) ;
#2125 = CARTESIAN_POINT ( 'NONE',  ( 18.48684210526294800, 0.0000000000000000000, -4.385962719298595900 ) ) ;
#2126 = CARTESIAN_POINT ( 'NONE',  ( 16.91419005218383700, 1.941561365182245200, -12.44644324424197300 ) ) ;
#2127 = EDGE_CURVE ( 'NONE', #2655, #78, #1829, .T. ) ;
#2128 = CARTESIAN_POINT ( 'NONE',  ( -1.725874147982911200, -20.49170962313452500, -15.50423678951415600 ) ) ;
#2129 = CIRCLE ( 'NONE', #5377, 21.00000000000000000 ) ;
#2130 = VERTEX_POINT ( 'NONE', #2922 ) ;
#2131 = CARTESIAN_POINT ( 'NONE',  ( -3.429036895781920600, 17.01520663867609100, -12.23552710048083400 ) ) ;
#2133 = VERTEX_POINT ( 'NONE', #8820 ) ;
#2132 = ORIENTED_EDGE ( 'NONE', *, *, #7485, .F. ) ;
#2134 = DIRECTION ( 'NONE',  ( 1.000000000000000000, 0.0000000000000000000, 0.0000000000000000000 ) ) ;
#2135 = CARTESIAN_POINT ( 'NONE',  ( -10.44093898884632700, 17.78224767634673500, -5.762462309067857700 ) ) ;
#2136 = ADVANCED_FACE ( 'NONE', ( #3581 ), #7528, .T. ) ;
#2137 = LINE ( 'NONE', #6531, #7862 ) ;
#2138 = EDGE_LOOP ( 'NONE', ( #5229, #7668, #1305, #6075, #1832, #6378 ) ) ;
#2139 = ORIENTED_EDGE ( 'NONE', *, *, #5056, .T. ) ;
#2140 = PERSON_AND_ORGANIZATION ( #8658, #7382 ) ;
#2141 = CARTESIAN_POINT ( 'NONE',  ( 0.0000000000000000000, 17.80000000000000100, 0.0000000000000000000 ) ) ;
#2142 = VERTEX_POINT ( 'NONE', #3672 ) ;
#2143 = CARTESIAN_POINT ( 'NONE',  ( -16.79475968078293100, 1.764135440157961900, -12.59018931916343200 ) ) ;
#2144 = TOROIDAL_SURFACE ( 'NONE', #4745, 19.00000000000000400, 2.000000000000000000 ) ;
#2145 = ORIENTED_EDGE ( 'NONE', *, *, #4360, .F. ) ;
#2146 = CARTESIAN_POINT ( 'NONE',  ( 0.2402412795406592400, 1.062081376333257900, 2.040151388708938200 ) ) ;
#2147 = ORIENTED_EDGE ( 'NONE', *, *, #7406, .F. ) ;
#2148 = AXIS2_PLACEMENT_3D ( 'NONE', #4284, #5041, #554 ) ;
#2149 = VECTOR ( 'NONE', #529, 1000.000000000000000 ) ;
#2150 = CARTESIAN_POINT ( 'NONE',  ( -5.499261314031101300, -9.525000000000057200, 16.74926131403117700 ) ) ;
#2151 = CARTESIAN_POINT ( 'NONE',  ( -5.743329534442226600, 0.0000000000000000000, -4.449999999999997500 ) ) ;
#2152 = CONICAL_SURFACE ( 'NONE', #2965, 12.69999999999998900, 0.7853981633974418400 ) ;
#2153 = B_SPLINE_CURVE_WITH_KNOTS ( 'NONE', 3,
 ( #8352, #3920, #8456, #3153, #1022, #6986, #4680, #5464, #1700, #5434, #4748, #6855, #126, #986, #3991, #8318, #6889, #6239, #3118, #9170, #9098, #262, #5400, #949, #4648, #920, #6147, #1663, #3854, #6919, #6952, #5499, #1772, #3180, #2422, #6180, #7624, #2483, #7558, #9132, #2453, #4607, #5370, #881, #7661, #3959, #3215, #8421, #6109 ),
 .UNSPECIFIED., .F., .F.,
 ( 4, 2, 2, 2, 2, 2, 2, 2, 1, 2, 2, 2, 2, 2, 2, 2, 2, 2, 2, 2, 2, 2, 2, 2, 4 ),
 ( 0.01793288862705931900, 0.01914856647236398000, 0.02036424431766863800, 0.02279560000827796100, 0.02401127785358262200, 0.02522695569888728400, 0.02765831138949660700, 0.02887398923480127100, 0.03008966708010593600, 0.03130534492541060800, 0.03252102277071527300, 0.03495237846132461000, 0.03616805630662928200, 0.03738373415193395300, 0.03981508984254328300, 0.04103076768784795500, 0.04224644553315262700, 0.04467780122376196300, 0.04710915691437130000, 0.04832483475967597200, 0.04954051260498064400, 0.05197186829558997400, 0.05318754614089464500, 0.05440322398619931700, 0.05683457967680866100 ),
 .UNSPECIFIED. ) ;
#2154 = CARTESIAN_POINT ( 'NONE',  ( 5.312971222579394100, 18.23312500000000500, -12.82664718204939000 ) ) ;
#2155 = EDGE_CURVE ( 'NONE', #9385, #8786, #3952, .T. ) ;
#2156 = ORIENTED_EDGE ( 'NONE', *, *, #8452, .T. ) ;
#2157 = CARTESIAN_POINT ( 'NONE',  ( -9.405474817352384800, -21.11676409561718200, -11.07041727578486100 ) ) ;
#2158 = ORIENTED_EDGE ( 'NONE', *, *, #8794, .T. ) ;
#2159 = DIRECTION ( 'NONE',  ( -1.000000000000000000, 0.0000000000000000000, 0.0000000000000000000 ) ) ;
#2160 = EDGE_CURVE ( 'NONE', #3654, #503, #6025, .T. ) ;
#2161 = FACE_OUTER_BOUND ( 'NONE', #7424, .T. ) ;
#2162 = CARTESIAN_POINT ( 'NONE',  ( -7.403339012350683900, 17.06126000871852000, -10.25018060105412200 ) ) ;
#2163 = CARTESIAN_POINT ( 'NONE',  ( 5.499261314031167900, 9.525000000000019900, 16.74926131403118000 ) ) ;
#2164 = AXIS2_PLACEMENT_3D ( 'NONE', #3074, #6803, #7513 ) ;
#2165 = CARTESIAN_POINT ( 'NONE',  ( 11.52562799247183800, 10.94007509389543000, -3.143765314789239700 ) ) ;
#2166 = ORIENTED_EDGE ( 'NONE', *, *, #2925, .T. ) ;
#2167 = APPROVAL_PERSON_ORGANIZATION ( #4512, #2055, #4181 ) ;
#2168 = ORIENTED_EDGE ( 'NONE', *, *, #3237, .F. ) ;
#2169 = ORIENTED_EDGE ( 'NONE', *, *, #4802, .F. ) ;
#2170 = FACE_OUTER_BOUND ( 'NONE', #1405, .T. ) ;
#2171 = CIRCLE ( 'NONE', #1342, 12.69999999999998900 ) ;
#2172 = CARTESIAN_POINT ( 'NONE',  ( -9.035340417286478800E-014, 10.69250000000002400, -12.82664718204935100 ) ) ;
#2173 = VERTEX_POINT ( 'NONE', #8909 ) ;
#2174 = CARTESIAN_POINT ( 'NONE',  ( -4.604223021014521000, 9.524999999999982600, 17.00763661373532200 ) ) ;
#2175 = CARTESIAN_POINT ( 'NONE',  ( 2.043286593292931400E-015, 24.00000000000000000, -16.68470121112101300 ) ) ;
#2176 = APPROVAL ( #4972, '未指定' ) ;
#2177 = PERSON_AND_ORGANIZATION ( #4303, #4183 ) ;
#2178 = DIRECTION ( 'NONE',  ( 0.0000000000000000000, 0.0000000000000000000, 1.000000000000000000 ) ) ;
#2179 = DIRECTION ( 'NONE',  ( 1.000000000000000000, -0.0000000000000000000, -0.0000000000000000000 ) ) ;
#2180 = ORIENTED_EDGE ( 'NONE', *, *, #8299, .T. ) ;
#2181 = ORIENTED_EDGE ( 'NONE', *, *, #3850, .F. ) ;
#2182 = CARTESIAN_POINT ( 'NONE',  ( 1.151658749357196400E-013, 15.87250000000001100, 11.89999999999999900 ) ) ;
#2183 = CIRCLE ( 'NONE', #5544, 1.000000000000000400 ) ;
#2184 = EDGE_CURVE ( 'NONE', #6916, #7260, #7695, .T. ) ;
#2185 = CARTESIAN_POINT ( 'NONE',  ( 3.586772846851115300, 0.6554350922091458600, 20.16406719884748400 ) ) ;
#2186 = ADVANCED_FACE ( 'NONE', ( #7903 ), #4054, .T. ) ;
#2187 = CONICAL_SURFACE ( 'NONE', #4820, 9.525000000000000400, 1.047197551196596500 ) ;
#2188 = CARTESIAN_POINT ( 'NONE',  ( 14.73587640020000600, 5.449678256205718800E-016, 4.449999999999997500 ) ) ;
#2189 = DIRECTION ( 'NONE',  ( 0.0000000000000000000, -1.000000000000000000, 0.0000000000000000000 ) ) ;
#2190 = CARTESIAN_POINT ( 'NONE',  ( -7.579319476895821400, -10.05148596953611500, 12.12474855317953300 ) ) ;
#2191 = ORIENTED_EDGE ( 'NONE', *, *, #1313, .T. ) ;
#2192 = CARTESIAN_POINT ( 'NONE',  ( 12.82664718204935100, 16.72500000000001200, -9.113880979362923200E-014 ) ) ;
#2193 = EDGE_LOOP ( 'NONE', ( #395, #454, #6343 ) ) ;
#2194 = VERTEX_POINT ( 'NONE', #3028 ) ;
#2195 = CARTESIAN_POINT ( 'NONE',  ( 0.0000000000000000000, 0.0000000000000000000, 17.60000000000000100 ) ) ;
#2196 = ORIENTED_EDGE ( 'NONE', *, *, #5641, .T. ) ;
#2197 = CARTESIAN_POINT ( 'NONE',  ( 1.561966144680487000E-014, 17.80000000000001100, 0.0000000000000000000 ) ) ;
#2198 = APPROVAL_DATE_TIME ( #6066, #3143 ) ;
#2199 = B_SPLINE_CURVE_WITH_KNOTS ( 'NONE', 3,
 ( #9314, #8625, #1053, #4032, #4128, #1896 ),
 .UNSPECIFIED., .F., .F.,
 ( 4, 2, 4 ),
 ( 3.501226512024996300E-007, 0.0007385626660467696100, 0.001476775209442337200 ),
 .UNSPECIFIED. ) ;
#2200 = DIRECTION ( 'NONE',  ( -0.0000000000000000000, -1.000000000000000000, -0.0000000000000000000 ) ) ;
#2201 = CARTESIAN_POINT ( 'NONE',  ( 18.92139557591062600, 23.00404857798638500, 6.005092068397154900 ) ) ;
#2202 = TOROIDAL_SURFACE ( 'NONE', #7663, 7.060900368822721000, 0.9999999999999991100 ) ;
#2203 = CARTESIAN_POINT ( 'NONE',  ( 5.260512242138389600, 16.55999478464833200, 12.69999999999992800 ) ) ;
#2204 = CARTESIAN_POINT ( 'NONE',  ( 0.0000000000000000000, -9.525000000000057200, 6.550000000000001600 ) ) ;
#2205 = CARTESIAN_POINT ( 'NONE',  ( 1.738998454789241500E-015, -21.30000000000000100, -14.20000000000000100 ) ) ;
#2206 = AXIS2_PLACEMENT_3D ( 'NONE', #7538, #8300, #3839 ) ;
#2208 = CARTESIAN_POINT ( 'NONE',  ( -11.89999999999998300, 10.90000000000002000, 0.0000000000000000000 ) ) ;
#2207 = B_SPLINE_CURVE_WITH_KNOTS ( 'NONE', 3,
 ( #4822, #2455, #3925, #7666, #7694, #3963, #3283, #8460 ),
 .UNSPECIFIED., .F., .F.,
 ( 4, 2, 2, 4 ),
 ( 2.902788230835448100E-007, 0.001137135809203703200, 0.001705558574394012000, 0.002273981339584320700 ),
 .UNSPECIFIED. ) ;
#2209 = VERTEX_POINT ( 'NONE', #3761 ) ;
#2210 = CYLINDRICAL_SURFACE ( 'NONE', #6339, 2.050000000000001200 ) ;
#2211 = EDGE_CURVE ( 'NONE', #1089, #6340, #5690, .T. ) ;
#2212 = DIRECTION ( 'NONE',  ( -0.7071067811865474600, -0.7071067811865474600, 0.0000000000000000000 ) ) ;
#2213 = ORIENTED_EDGE ( 'NONE', *, *, #6775, .T. ) ;
#2214 = DIRECTION ( 'NONE',  ( 0.0000000000000000000, 0.0000000000000000000, 1.000000000000000000 ) ) ;
#2215 = DIRECTION ( 'NONE',  ( -0.0000000000000000000, 1.000000000000000000, -0.0000000000000000000 ) ) ;
#2216 = CARTESIAN_POINT ( 'NONE',  ( -5.499261314031233600, 9.524999999999979000, 17.60000000000000100 ) ) ;
#2217 = ADVANCED_FACE ( 'NONE', ( #3245 ), #60, .T. ) ;
#2218 = CARTESIAN_POINT ( 'NONE',  ( -2.618097302622907300, -10.56969817910534300, 14.98911151100554300 ) ) ;
#2219 = CARTESIAN_POINT ( 'NONE',  ( 9.192421541439368800E-014, 16.40750000000001300, 12.82664718204935100 ) ) ;
#2220 = CARTESIAN_POINT ( 'NONE',  ( -13.99999999999999800, -10.69999999999999000, 13.44999999999999900 ) ) ;
#2221 = EDGE_LOOP ( 'NONE', ( #3632, #5419, #3752, #285, #5699, #6337, #9389, #1484 ) ) ;
#2222 = LINE ( 'NONE', #2627, #5959 ) ;
#2223 = AXIS2_PLACEMENT_3D ( 'NONE', #5034, #8759, #7196 ) ;
#2224 = CARTESIAN_POINT ( 'NONE',  ( 6.255353054409853900, -10.06771825716393900, 12.88914092359982700 ) ) ;
#2225 = CARTESIAN_POINT ( 'NONE',  ( 0.0000000000000000000, 2.000000000000000000, 0.0000000000000000000 ) ) ;
#2226 = ORIENTED_EDGE ( 'NONE', *, *, #7168, .T. ) ;
#2227 =( BOUNDED_CURVE ( )  B_SPLINE_CURVE ( 2, ( #6474, #5087, #1284, #5834, #4523, #2957, #5270, #4485, #2229 ),
 .UNSPECIFIED., .F., .F. ) 
 B_SPLINE_CURVE_WITH_KNOTS ( ( 3, 2, 2, 2, 3 ),
 ( 0.8437500000000000000, 0.8593750000000000000, 0.8750000000000000000, 0.8906250000000000000, 0.9062500000000000000 ),
 .UNSPECIFIED. ) 
 CURVE ( )  GEOMETRIC_REPRESENTATION_ITEM ( )  RATIONAL_B_SPLINE_CURVE ( ( 1.000000000000000000, 0.9238795325112867400, 1.000000000000000000, 0.9238795325112867400, 1.000000000000000000, 0.9238795325112867400, 1.000000000000000000, 0.9238795325112867400, 1.000000000000000000 ) ) 
 REPRESENTATION_ITEM ( '' )  );
#2228 = AXIS2_PLACEMENT_3D ( 'NONE', #8229, #2159, #7500 ) ;
#2229 = CARTESIAN_POINT ( 'NONE',  ( -8.308988999489114400E-014, 11.22750000000002000, -11.89999999999999900 ) ) ;
#2230 = EDGE_CURVE ( 'NONE', #2367, #9425, #6561, .T. ) ;
#2231 = CARTESIAN_POINT ( 'NONE',  ( -19.25598086124352900, 22.32467817596733900, -6.975797196446231800 ) ) ;
#2232 = CARTESIAN_POINT ( 'NONE',  ( -14.29000000000000100, -10.38029545421603600, 4.199054995024101600 ) ) ;
#2233 = ORIENTED_EDGE ( 'NONE', *, *, #3442, .F. ) ;
#2234 = CARTESIAN_POINT ( 'NONE',  ( 0.0000000000000000000, 0.0000000000000000000, 17.60000000000000100 ) ) ;
#2235 = AXIS2_PLACEMENT_3D ( 'NONE', #6251, #6997, #1087 ) ;
#2236 = CC_DESIGN_PERSON_AND_ORGANIZATION_ASSIGNMENT ( #7421, #3335, ( #1182 ) ) ;
#2237 = ADVANCED_FACE ( 'NONE', ( #7656 ), #8141, .F. ) ;
#2238 = CARTESIAN_POINT ( 'NONE',  ( 0.0000000000000000000, 2.000000000000000000, 0.0000000000000000000 ) ) ;
#2239 = DIRECTION ( 'NONE',  ( -1.000000000000000000, 0.0000000000000000000, 0.0000000000000000000 ) ) ;
#2240 = CARTESIAN_POINT ( 'NONE',  ( 3.197621906357010200, 21.77909648863656100, -20.54391701506184700 ) ) ;
#2241 = ORIENTED_EDGE ( 'NONE', *, *, #1377, .F. ) ;
#2242 = CARTESIAN_POINT ( 'NONE',  ( -18.70975827571349400, 0.03066545550722198800, -5.300798002121936700 ) ) ;
#2243 = CARTESIAN_POINT ( 'NONE',  ( -16.87778172186117900, 1.882896792228208000, -12.49622506165572500 ) ) ;
#2244 = ORIENTED_EDGE ( 'NONE', *, *, #778, .T. ) ;
#2245 = ORIENTED_EDGE ( 'NONE', *, *, #5106, .T. ) ;
#2246 = ADVANCED_FACE ( 'NONE', ( #6493 ), #8715, .T. ) ;
#2247 = CARTESIAN_POINT ( 'NONE',  ( 2.025353592964384700, 0.7167813006314045500, 0.3232012134143661400 ) ) ;
#2248 = CARTESIAN_POINT ( 'NONE',  ( -8.382592070995923700E-014, 17.57750000000000800, -11.89999999999999900 ) ) ;
#2249 = ORIENTED_EDGE ( 'NONE', *, *, #8896, .F. ) ;
#2250 = CIRCLE ( 'NONE', #9033, 0.5000000000000000000 ) ;
#2251 = ORIENTED_EDGE ( 'NONE', *, *, #2274, .T. ) ;
#2252 = CARTESIAN_POINT ( 'NONE',  ( 13.49045868867262300, -1.448426339804853100E-016, 13.67706794148273100 ) ) ;
#2253 = CARTESIAN_POINT ( 'NONE',  ( 7.349999999999999600, -3.084843528204037900E-015, 0.0000000000000000000 ) ) ;
#2254 = CARTESIAN_POINT ( 'NONE',  ( -12.82664718204939000, 19.82062500000000700, -5.312971222579394100 ) ) ;
#2256 = ORIENTED_EDGE ( 'NONE', *, *, #6141, .T. ) ;
#2255 = ORIENTED_EDGE ( 'NONE', *, *, #3121, .F. ) ;
#2257 = EDGE_CURVE ( 'NONE', #5214, #5863, #6266, .T. ) ;
#2258 = DIRECTION ( 'NONE',  ( 0.0000000000000000000, 0.0000000000000000000, 1.000000000000000000 ) ) ;
#2259 = DATE_AND_TIME ( #8105, #3450 ) ;
#2260 = FACE_OUTER_BOUND ( 'NONE', #7306, .T. ) ;
#2261 = ORIENTED_EDGE ( 'NONE', *, *, #2127, .F. ) ;
#2262 = CARTESIAN_POINT ( 'NONE',  ( -4.884525182647613500, -10.18323590438283000, -13.68058876437439700 ) ) ;
#2263 = ORIENTED_EDGE ( 'NONE', *, *, #5781, .F. ) ;
#2264 = CARTESIAN_POINT ( 'NONE',  ( 13.79999999999999700, 3.200000000000000200, 0.0000000000000000000 ) ) ;
#2265 = CIRCLE ( 'NONE', #959, 9.275000000000002100 ) ;
#2266 = FACE_OUTER_BOUND ( 'NONE', #9479, .T. ) ;
#2267 = AXIS2_PLACEMENT_3D ( 'NONE', #8627, #4925, #442 ) ;
#2268 = CARTESIAN_POINT ( 'NONE',  ( -12.69999999999996900, 13.62311978464833500, 8.868362600661534700E-014 ) ) ;
#2269 = CARTESIAN_POINT ( 'NONE',  ( 7.445345600152586800, 3.918869757271530000E-016, 3.199999999999999700 ) ) ;
#2270 = EDGE_CURVE ( 'NONE', #8929, #8484, #2504, .T. ) ;
#2271 = EDGE_LOOP ( 'NONE', ( #2858, #6633, #1328, #8531 ) ) ;
#2272 = DIRECTION ( 'NONE',  ( 1.000000000000000000, 0.0000000000000000000, 0.0000000000000000000 ) ) ;
#2273 = CARTESIAN_POINT ( 'NONE',  ( 8.980256121069066600, 13.14686978464833600, -8.980256121069194500 ) ) ;
#2274 = EDGE_CURVE ( 'NONE', #1203, #2130, #8722, .T. ) ;
#2275 = DIRECTION ( 'NONE',  ( 0.0000000000000000000, 0.0000000000000000000, 1.000000000000000000 ) ) ;
#2276 = DIRECTION ( 'NONE',  ( -1.000000000000000000, 8.775090700452169200E-016, 0.0000000000000000000 ) ) ;
#2277 = VECTOR ( 'NONE', #3190, 1000.000000000000000 ) ;
#2278 = CIRCLE ( 'NONE', #5118, 2.499999999999998700 ) ;
#2279 = DIRECTION ( 'NONE',  ( 0.0000000000000000000, 0.0000000000000000000, 1.000000000000000000 ) ) ;
#2280 = ORIENTED_EDGE ( 'NONE', *, *, #9023, .T. ) ;
#2281 = DATE_AND_TIME ( #1825, #4285 ) ;
#2282 = AXIS2_PLACEMENT_3D ( 'NONE', #8871, #8675, #4468 ) ;
#2283 = CARTESIAN_POINT ( 'NONE',  ( -8.382592070995923700E-014, 20.11750000000000300, -11.89999999999999900 ) ) ;
#2284 = ADVANCED_FACE ( 'NONE', ( #4520 ), #2291, .T. ) ;
#2285 = VERTEX_POINT ( 'NONE', #5441 ) ;
#2286 = AXIS2_PLACEMENT_3D ( 'NONE', #3488, #4934, #4833 ) ;
#2287 = CARTESIAN_POINT ( 'NONE',  ( 0.0000000000000000000, 0.0000000000000000000, 0.0000000000000000000 ) ) ;
#2288 = CARTESIAN_POINT ( 'NONE',  ( 0.0000000000000000000, 17.80000000000000100, 0.0000000000000000000 ) ) ;
#2289 = CARTESIAN_POINT ( 'NONE',  ( -9.035340417286477600E-014, 15.77250000000001200, -12.82664718204935100 ) ) ;
#2290 = EDGE_CURVE ( 'NONE', #9613, #2966, #4180, .T. ) ;
#2291 = CYLINDRICAL_SURFACE ( 'NONE', #3731, 21.00000000000000000 ) ;
#2292 = VECTOR ( 'NONE', #9652, 1000.000000000000000 ) ;
#2293 = ORIENTED_EDGE ( 'NONE', *, *, #6040, .F. ) ;
#2294 = CARTESIAN_POINT ( 'NONE',  ( 0.0000000000000000000, 2.000000000000000000, -19.00000000000000400 ) ) ;
#2295 = PERSON_AND_ORGANIZATION ( #4303, #4183 ) ;
#2296 = DIRECTION ( 'NONE',  ( -0.0000000000000000000, 1.000000000000000000, -0.0000000000000000000 ) ) ;
#2297 = EDGE_CURVE ( 'NONE', #5890, #1467, #314, .T. ) ;
#2298 = VERTEX_POINT ( 'NONE', #6958 ) ;
#2299 = ADVANCED_FACE ( 'NONE', ( #5800 ), #7771, .T. ) ;
#2300 = CARTESIAN_POINT ( 'NONE',  ( -4.549999999999999800, 5.572142936120457300E-016, -2.499999999999996000 ) ) ;
#2301 = AXIS2_PLACEMENT_3D ( 'NONE', #487, #4182, #5643 ) ;
#2302 = VERTEX_POINT ( 'NONE', #3927 ) ;
#2303 = VECTOR ( 'NONE', #815, 1000.000000000000000 ) ;
#2304 = DIRECTION ( 'NONE',  ( -0.0000000000000000000, -1.000000000000000000, -0.0000000000000000000 ) ) ;
#2305 = ORIENTED_EDGE ( 'NONE', *, *, #7985, .F. ) ;
#2306 = CARTESIAN_POINT ( 'NONE',  ( 18.15061250387702400, 24.07865626561174100, -2.498239936126359400 ) ) ;
#2307 = DIRECTION ( 'NONE',  ( 1.049727191138618300E-016, -0.5150380749100547100, 0.8571673007021120000 ) ) ;
#2308 = CARTESIAN_POINT ( 'NONE',  ( 0.9324499088765401100, 9.525000000000002100, 0.01980973342734828100 ) ) ;
#2309 = CARTESIAN_POINT ( 'NONE',  ( 1.026685611952905400E-014, 11.70000000000001900, 0.0000000000000000000 ) ) ;
#2310 = ORIENTED_EDGE ( 'NONE', *, *, #7297, .F. ) ;
#2311 = LINE ( 'NONE', #7633, #7326 ) ;
#2312 = PLANE ( 'NONE',  #2546 ) ;
#2313 = CC_DESIGN_SECURITY_CLASSIFICATION ( #7815, ( #6000 ) ) ;
#2314 = CARTESIAN_POINT ( 'NONE',  ( 14.29000000000000400, -10.80829037686547000, 6.257467538869049100 ) ) ;
#2315 = CIRCLE ( 'NONE', #4125, 2.299999999999999800 ) ;
#2316 = EDGE_CURVE ( 'NONE', #4530, #941, #5914, .T. ) ;
#2317 = FACE_OUTER_BOUND ( 'NONE', #7579, .T. ) ;
#2318 = CARTESIAN_POINT ( 'NONE',  ( -8.414570696119854500, 16.78375000000001200, 8.414570696119975300 ) ) ;
#2319 = CARTESIAN_POINT ( 'NONE',  ( 15.47801228809004400, 0.5172555231672311100, 13.22056263619632700 ) ) ;
#2320 = CARTESIAN_POINT ( 'NONE',  ( 9.000000000000001800, -10.80000000000000600, -6.500000000000000900 ) ) ;
#2321 = CARTESIAN_POINT ( 'NONE',  ( 11.23884550137268700, 24.07865626561165200, 14.46977155454203500 ) ) ;
#2322 = CONICAL_SURFACE ( 'NONE', #847, 4.549999999999999800, 0.7853981633974466100 ) ;
#2323 = CARTESIAN_POINT ( 'NONE',  ( -9.035340417286477600E-014, 13.23250000000001800, -12.82664718204935100 ) ) ;
#2324 = CARTESIAN_POINT ( 'NONE',  ( 5.050000000000002500, 6.184466335694136000E-016, -3.000000000000000000 ) ) ;
#2325 = DIRECTION ( 'NONE',  ( 0.0000000000000000000, 0.0000000000000000000, 1.000000000000000000 ) ) ;
#2326 = LINE ( 'NONE', #1109, #5039 ) ;
#2327 = CARTESIAN_POINT ( 'NONE',  ( 4.929141392239743300, 16.22812500000000900, -11.90000000000003800 ) ) ;
#2328 = CARTESIAN_POINT ( 'NONE',  ( -16.61289230557648000, 21.21351231810185600, -12.76064332511258200 ) ) ;
#2329 = ORIENTED_EDGE ( 'NONE', *, *, #6476, .F. ) ;
#2330 = CARTESIAN_POINT ( 'NONE',  ( -7.317804019944292200, 6.375191637624730000, 17.51892000885278500 ) ) ;
#2331 = B_SPLINE_CURVE_WITH_KNOTS ( 'NONE', 3,
 ( #5918, #4454, #761, #3763, #5208, #5948, #7468, #8972, #1480, #6702, #9036, #6820, #4581, #5343 ),
 .UNSPECIFIED., .F., .F.,
 ( 4, 2, 2, 2, 2, 2, 4 ),
 ( 5.439140883452624500E-007, 0.002998086993937956700, 0.004496858533862762400, 0.005995630073787568100, 0.007494401613712373800, 0.008993173153637179500, 0.01199071623348679100 ),
 .UNSPECIFIED. ) ;
#2332 =( BOUNDED_CURVE ( )  B_SPLINE_CURVE ( 2, ( #7167, #5127, #1363, #1393, #5007, #5066, #3623, #4279, #6480 ),
 .UNSPECIFIED., .F., .F. ) 
 B_SPLINE_CURVE_WITH_KNOTS ( ( 3, 2, 2, 2, 3 ),
 ( 0.5312500000000000000, 0.5468750000000000000, 0.5625000000000000000, 0.5781250000000000000, 0.5937500000000000000 ),
 .UNSPECIFIED. ) 
 CURVE ( )  GEOMETRIC_REPRESENTATION_ITEM ( )  RATIONAL_B_SPLINE_CURVE ( ( 1.000000000000000000, 0.9238795325112867400, 1.000000000000000000, 0.9238795325112867400, 1.000000000000000000, 0.9238795325112867400, 1.000000000000000000, 0.9238795325112867400, 1.000000000000000000 ) ) 
 REPRESENTATION_ITEM ( '' )  );
#2333 = CARTESIAN_POINT ( 'NONE',  ( 18.01870803194733000, 24.27204651753715900, -1.000408312857787900 ) ) ;
#2334 = ORIENTED_EDGE ( 'NONE', *, *, #5901, .T. ) ;
#2335 = CIRCLE ( 'NONE', #3658, 13.99999999999999800 ) ;
#2336 = CARTESIAN_POINT ( 'NONE',  ( -3.455323577095457700E-014, 9.525000000000000400, 0.0000000000000000000 ) ) ;
#2337 = CARTESIAN_POINT ( 'NONE',  ( 1.149913114336698700, 6.336505333165963100, 5.247425617467091500 ) ) ;
#2338 = ORIENTED_EDGE ( 'NONE', *, *, #3740, .T. ) ;
#2339 = CARTESIAN_POINT ( 'NONE',  ( 13.44999999999999900, 1.010658625831996800E-015, 8.252653961416930500 ) ) ;
#2340 = AXIS2_PLACEMENT_3D ( 'NONE', #5058, #568, #9567 ) ;
#2341 = ORIENTED_EDGE ( 'NONE', *, *, #3422, .F. ) ;
#2342 = ADVANCED_FACE ( 'NONE', ( #9522 ), #9186, .T. ) ;
#2343 = EDGE_CURVE ( 'NONE', #1494, #3137, #8486, .T. ) ;
#2344 = CARTESIAN_POINT ( 'NONE',  ( 1.311997765771970800, 1.045172763623670700, 1.580610687728796000 ) ) ;
#2345 = ORIENTED_EDGE ( 'NONE', *, *, #6460, .F. ) ;
#2346 = CARTESIAN_POINT ( 'NONE',  ( 0.0000000000000000000, 0.0000000000000000000, 17.60000000000000100 ) ) ;
#2347 = PLANE ( 'NONE',  #7089 ) ;
#2348 = CARTESIAN_POINT ( 'NONE',  ( -14.29000000000000400, -20.49170962313452500, -6.257467538869049100 ) ) ;
#2349 = DIRECTION ( 'NONE',  ( 1.000000000000000000, -0.0000000000000000000, -0.0000000000000000000 ) ) ;
#2350 = CARTESIAN_POINT ( 'NONE',  ( 4.419605437964995600, 23.09492482837286400, 19.21911164059511300 ) ) ;
#2351 = EDGE_CURVE ( 'NONE', #6809, #8350, #3808, .T. ) ;
#2352 = AXIS2_PLACEMENT_3D ( 'NONE', #5468, #3185, #9135 ) ;
#2353 = CARTESIAN_POINT ( 'NONE',  ( -9.069809202314482700, 14.66125000000001500, -9.069809202314353100 ) ) ;
#2354 = DIRECTION ( 'NONE',  ( 1.000000000000000000, -8.775090700452169200E-016, 0.0000000000000000000 ) ) ;
#2355 = ORIENTED_EDGE ( 'NONE', *, *, #846, .F. ) ;
#2356 = CARTESIAN_POINT ( 'NONE',  ( -19.25598086124292500, 0.6554350922084969400, 6.975797196445944900 ) ) ;
#2357 = CARTESIAN_POINT ( 'NONE',  ( -10.99852262806237800, -7.674129572303707300E-014, 0.8507386859688210700 ) ) ;
#2358 = DIRECTION ( 'NONE',  ( -0.7071067811865521200, 8.659560562354877400E-017, -0.7071067811865430200 ) ) ;
#2359 = CARTESIAN_POINT ( 'NONE',  ( 19.25889518965571400, 20.78270892927276500, -8.365866585893261500 ) ) ;
#2360 = CARTESIAN_POINT ( 'NONE',  ( 12.56412585201709000, -10.80829037686547000, -9.246769250645101600 ) ) ;
#2361 = DIRECTION ( 'NONE',  ( 0.0000000000000000000, 0.0000000000000000000, 1.000000000000000000 ) ) ;
#2362 = AXIS2_PLACEMENT_3D ( 'NONE', #9245, #3967, #6962 ) ;
#2363 = CC_DESIGN_PERSON_AND_ORGANIZATION_ASSIGNMENT ( #4634, #3428, ( #6599 ) ) ;
#2364 = LINE ( 'NONE', #5020, #1191 ) ;
#2365 = ORIENTED_EDGE ( 'NONE', *, *, #4971, .T. ) ;
#2366 = DIRECTION ( 'NONE',  ( -1.000000000000000000, -0.0000000000000000000, -0.0000000000000000000 ) ) ;
#2368 = ORIENTED_EDGE ( 'NONE', *, *, #4382, .F. ) ;
#2367 = VERTEX_POINT ( 'NONE', #6865 ) ;
#2369 = CARTESIAN_POINT ( 'NONE',  ( -7.329775885173738500, 24.16404021836095600, -16.65928383357233100 ) ) ;
#2370 = EDGE_CURVE ( 'NONE', #2956, #6379, #886, .T. ) ;
#2371 =( LENGTH_UNIT ( ) NAMED_UNIT ( * ) SI_UNIT ( .MILLI., .METRE. ) );
#2372 = CARTESIAN_POINT ( 'NONE',  ( -1.150057636807132200, 6.336479104002720000, 5.250090243316072300 ) ) ;
#2373 = LINE ( 'NONE', #7092, #5185 ) ;
#2374 = ORIENTED_EDGE ( 'NONE', *, *, #6927, .F. ) ;
#2375 = EDGE_LOOP ( 'NONE', ( #5269, #977, #6907, #2233 ) ) ;
#2376 = DIRECTION ( 'NONE',  ( 0.0000000000000000000, 0.0000000000000000000, 1.000000000000000000 ) ) ;
#2377 = EDGE_LOOP ( 'NONE', ( #7918, #9438 ) ) ;
#2378 = CARTESIAN_POINT ( 'NONE',  ( 11.89999999999999900, 13.45000000000001500, -8.455458555545191200E-014 ) ) ;
#2379 = DIRECTION ( 'NONE',  ( -0.0000000000000000000, -1.000000000000000000, -0.0000000000000000000 ) ) ;
#2380 = CARTESIAN_POINT ( 'NONE',  ( 3.586772846851400000, 22.32467817597280300, -20.16406719884744100 ) ) ;
#2381 = VECTOR ( 'NONE', #9582, 1000.000000000000000 ) ;
#2382 = CARTESIAN_POINT ( 'NONE',  ( -12.82664718204939000, 12.20062500000001800, -5.312971222579394100 ) ) ;
#2383 = DIRECTION ( 'NONE',  ( -8.775090700452169200E-016, -1.000000000000000000, -0.0000000000000000000 ) ) ;
#2384 = ORIENTED_EDGE ( 'NONE', *, *, #7451, .F. ) ;
#2385 = ORIENTED_EDGE ( 'NONE', *, *, #6905, .F. ) ;
#2386 = CARTESIAN_POINT ( 'NONE',  ( 10.99852262806237800, 2.215317249701455200E-016, 0.8507386859688209600 ) ) ;
#2387 = VECTOR ( 'NONE', #9633, 1000.000000000000100 ) ;
#2388 =( BOUNDED_CURVE ( )  B_SPLINE_CURVE ( 2, ( #5842, #2876, #1370, #2203, #3648, #7418, #8838, #8865, #5896 ),
 .UNSPECIFIED., .F., .F. ) 
 B_SPLINE_CURVE_WITH_KNOTS ( ( 3, 2, 2, 2, 3 ),
 ( 0.3125000000000000000, 0.3281250000000000000, 0.3437500000000000000, 0.3593750000000000000, 0.3750000000000000000 ),
 .UNSPECIFIED. ) 
 CURVE ( )  GEOMETRIC_REPRESENTATION_ITEM ( )  RATIONAL_B_SPLINE_CURVE ( ( 1.000000000000000000, 0.9238795325112867400, 1.000000000000000000, 0.9238795325112867400, 1.000000000000000000, 0.9238795325112867400, 1.000000000000000000, 0.9238795325112867400, 1.000000000000000000 ) ) 
 REPRESENTATION_ITEM ( '' )  );
#2389 = ADVANCED_FACE ( 'NONE', ( #7194 ), #7594, .F. ) ;
#2390 = CARTESIAN_POINT ( 'NONE',  ( -15.66920801439193200, 0.6554350922085008200, -13.18827000240034800 ) ) ;
#2391 = LINE ( 'NONE', #3898, #4620 ) ;
#2392 = CARTESIAN_POINT ( 'NONE',  ( 15.29350649496280600, 22.64442586039896100, -13.25428512093424900 ) ) ;
#2393 = DIRECTION ( 'NONE',  ( 0.0000000000000000000, 0.0000000000000000000, 1.000000000000000000 ) ) ;
#2394 = ORIENTED_EDGE ( 'NONE', *, *, #1354, .F. ) ;
#2395 = CARTESIAN_POINT ( 'NONE',  ( 12.44999999999999900, 5.742042389534210700E-016, -4.688733431983854100 ) ) ;
#2396 = CARTESIAN_POINT ( 'NONE',  ( -7.726057123094974100E-014, 13.96750000000001500, -11.89999999999999900 ) ) ;
#2397 = ORIENTED_EDGE ( 'NONE', *, *, #4185, .T. ) ;
#2398 = AXIS2_PLACEMENT_3D ( 'NONE', #2141, #1371, #6878 ) ;
#2399 = CYLINDRICAL_SURFACE ( 'NONE', #6107, 1.149999999999999900 ) ;
#2400 = CARTESIAN_POINT ( 'NONE',  ( -0.9197178771811013200, 1.387329118893577200, -1.836563602685609100 ) ) ;
#2401 = CARTESIAN_POINT ( 'NONE',  ( -12.69999999999996700, 16.01688021535168700, 8.868362600661531000E-014 ) ) ;
#2402 = CARTESIAN_POINT ( 'NONE',  ( 0.0000000000000000000, 0.0000000000000000000, 3.200000000000000200 ) ) ;
#2403 = EDGE_CURVE ( 'NONE', #4874, #8412, #2199, .T. ) ;
#2404 = CARTESIAN_POINT ( 'NONE',  ( -0.6863807938583110800, 1.245044359540486500, 1.935803423452306000 ) ) ;
#2405 = ORIENTED_EDGE ( 'NONE', *, *, #2479, .T. ) ;
#2406 = LOCAL_TIME ( 13, 59, 25.00000000000000000, #6023 ) ;
#2407 = DIRECTION ( 'NONE',  ( 1.000000000000000000, 1.231304080816852700E-016, -0.0000000000000000000 ) ) ;
#2408 = EDGE_CURVE ( 'NONE', #1329, #9042, #166, .T. ) ;
#2409 = VERTEX_POINT ( 'NONE', #9239 ) ;
#2410 = CARTESIAN_POINT ( 'NONE',  ( 0.0000000000000000000, -8.199999999999999300, 0.0000000000000000000 ) ) ;
#2411 = ORIENTED_EDGE ( 'NONE', *, *, #2609, .F. ) ;
#2412 = EDGE_LOOP ( 'NONE', ( #3053, #9059, #427, #849 ) ) ;
#2413 = VECTOR ( 'NONE', #8852, 1000.000000000000000 ) ;
#2414 = CYLINDRICAL_SURFACE ( 'NONE', #9656, 14.19999999999999900 ) ;
#2415 = ORIENTED_EDGE ( 'NONE', *, *, #1260, .T. ) ;
#2416 = AXIS2_PLACEMENT_3D ( 'NONE', #3169, #8512, #6226 ) ;
#2417 = CARTESIAN_POINT ( 'NONE',  ( -4.929141392239914800, 12.57687500000001500, -11.89999999999996500 ) ) ;
#2418 = PERSON_AND_ORGANIZATION ( #4303, #4183 ) ;
#2419 = CARTESIAN_POINT ( 'NONE',  ( 11.10000000000000000, 17.60000000000000100, 1.359357947053560200E-015 ) ) ;
#2420 = AXIS2_PLACEMENT_3D ( 'NONE', #6876, #6067, #3905 ) ;
#2421 = CARTESIAN_POINT ( 'NONE',  ( 3.244754478949095900, 17.75088563378989200, -11.50779693861578500 ) ) ;
#2422 = CARTESIAN_POINT ( 'NONE',  ( 7.365511512588888400, 17.46630267740861300, 9.801777916916488900 ) ) ;
#2423 = ORIENTED_EDGE ( 'NONE', *, *, #4544, .F. ) ;
#2424 = CARTESIAN_POINT ( 'NONE',  ( -12.82664718204939000, 14.74062500000001400, -5.312971222579394100 ) ) ;
#2425 = EDGE_CURVE ( 'NONE', #1149, #3325, #3760, .T. ) ;
#2426 = DIRECTION ( 'NONE',  ( -5.062054713723247700E-019, -1.000000000000000000, -0.0000000000000000000 ) ) ;
#2427 = ORIENTED_EDGE ( 'NONE', *, *, #5286, .T. ) ;
#2428 = TOROIDAL_SURFACE ( 'NONE', #13, 4.688733431983854100, 1.000000000000000400 ) ;
#2429 = DIRECTION ( 'NONE',  ( 0.0000000000000000000, -1.000000000000000000, 0.0000000000000000000 ) ) ;
#2430 = DIRECTION ( 'NONE',  ( -0.5000000000000069900, 0.8660254037844346000, 0.0000000000000000000 ) ) ;
#2431 = EDGE_CURVE ( 'NONE', #3599, #7281, #9299, .T. ) ;
#2432 = AXIS2_PLACEMENT_3D ( 'NONE', #1606, #3119, #9065 ) ;
#2433 = CARTESIAN_POINT ( 'NONE',  ( -11.69999999999998000, 9.700000000000022400, 1.432836755002402100E-015 ) ) ;
#2434 = ORIENTED_EDGE ( 'NONE', *, *, #162, .T. ) ;
#2435 = CARTESIAN_POINT ( 'NONE',  ( 1.026685611952905400E-014, 11.70000000000001900, 0.0000000000000000000 ) ) ;
#2436 = DIRECTION ( 'NONE',  ( 0.0000000000000000000, 0.0000000000000000000, 1.000000000000000000 ) ) ;
#2437 = ORIENTED_EDGE ( 'NONE', *, *, #2695, .F. ) ;
#2438 = CARTESIAN_POINT ( 'NONE',  ( -12.52531215048902700, 17.17468784951089200, -0.7405438396166942300 ) ) ;
#2439 = ORIENTED_EDGE ( 'NONE', *, *, #3974, .T. ) ;
#2440 = CYLINDRICAL_SURFACE ( 'NONE', #9605, 9.275000000000002100 ) ;
#2441 = CARTESIAN_POINT ( 'NONE',  ( 8.946607661182728300, 11.61110671982999800, 8.923291419054306700 ) ) ;
#2442 = DIRECTION ( 'NONE',  ( 1.000000000000000000, 1.231304080816852700E-016, -0.0000000000000000000 ) ) ;
#2443 = CARTESIAN_POINT ( 'NONE',  ( -5.050000000000002500, 0.0000000000000000000, -3.000000000000000000 ) ) ;
#2444 = PERSON_AND_ORGANIZATION_ROLE ( 'design_owner' ) ;
#2445 = CARTESIAN_POINT ( 'NONE',  ( -1.003954952568888200, -6.361534929019632600, 4.819166320102816300 ) ) ;
#2446 = CARTESIAN_POINT ( 'NONE',  ( -10.85465439984741200, 0.0000000000000000000, 0.0000000000000000000 ) ) ;
#2447 = CARTESIAN_POINT ( 'NONE',  ( -10.09563029186905500, 1.563855400051340000, 0.3770952061963319100 ) ) ;
#2448 = ADVANCED_FACE ( 'NONE', ( #1585 ), #3936, .T. ) ;
#2449 = EDGE_CURVE ( 'NONE', #8378, #2285, #8245, .T. ) ;
#2450 = CARTESIAN_POINT ( 'NONE',  ( 8.414570696119856300, 13.60875000000001500, -8.414570696119973500 ) ) ;
#2451 = CARTESIAN_POINT ( 'NONE',  ( 3.497296120807121200, 0.7554953443905386700, 20.27227717336045000 ) ) ;
#2452 = CARTESIAN_POINT ( 'NONE',  ( 2.835676896825123400, 17.75548629080735800, -11.61080531405517900 ) ) ;
#2453 = CARTESIAN_POINT ( 'NONE',  ( 10.53312843541796400, 17.51603388845841600, 6.176913504170745000 ) ) ;
#2454 = CARTESIAN_POINT ( 'NONE',  ( 9.069809202314482700, 12.75625000000001700, 9.069809202314353100 ) ) ;
#2455 = CARTESIAN_POINT ( 'NONE',  ( -19.35314932555500500, 22.05961318345782700, -7.236889585379968200 ) ) ;
#2456 = CARTESIAN_POINT ( 'NONE',  ( 0.4652762284390727900, -9.524999999999995000, -5.869938324472300400E-016 ) ) ;
#2457 = ORIENTED_EDGE ( 'NONE', *, *, #8170, .F. ) ;
#2458 = FACE_BOUND ( 'NONE', #6827, .T. ) ;
#2459 = CARTESIAN_POINT ( 'NONE',  ( 0.0000000000000000000, -23.10000000000000100, 0.0000000000000000000 ) ) ;
#2460 = EDGE_LOOP ( 'NONE', ( #6789, #7324, #1142 ) ) ;
#2461 = DIRECTION ( 'NONE',  ( 0.0000000000000000000, 0.0000000000000000000, 1.000000000000000000 ) ) ;
#2462 = CARTESIAN_POINT ( 'NONE',  ( -19.25598086124321300, 22.32467817598112000, 6.975797196446050600 ) ) ;
#2463 = B_SPLINE_CURVE_WITH_KNOTS ( 'NONE', 3,
 ( #5420, #6259, #3299, #3238, #1650, #4047 ),
 .UNSPECIFIED., .F., .F.,
 ( 4, 2, 4 ),
 ( 2.380730676605010100E-007, 0.002782414026671824500, 0.005564589980275988800 ),
 .UNSPECIFIED. ) ;
#2464 = AXIS2_PLACEMENT_3D ( 'NONE', #2035, #2631, #9352 ) ;
#2465 = CARTESIAN_POINT ( 'NONE',  ( 2.050000000000001600, 0.6609346322114813000, -1.423535324875093600E-015 ) ) ;
#2466 = DIRECTION ( 'NONE',  ( 0.0000000000000000000, 1.000000000000000000, 0.0000000000000000000 ) ) ;
#2467 = ORIENTED_EDGE ( 'NONE', *, *, #6287, .T. ) ;
#2468 = CIRCLE ( 'NONE', #7351, 21.00000000000000000 ) ;
#2469 = CARTESIAN_POINT ( 'NONE',  ( 0.0000000000000000000, -21.30000000000000100, 14.20000000000000100 ) ) ;
#2470 = EDGE_CURVE ( 'NONE', #893, #5173, #8368, .T. ) ;
#2471 = EDGE_CURVE ( 'NONE', #3470, #2409, #6510, .T. ) ;
#2472 = CARTESIAN_POINT ( 'NONE',  ( 0.0000000000000000000, -17.91297949373559800, 20.06649160312764500 ) ) ;
#2473 = APPROVAL_ROLE ( '' ) ;
#2474 = ORIENTED_EDGE ( 'NONE', *, *, #2599, .T. ) ;
#2475 = AXIS2_PLACEMENT_3D ( 'NONE', #4233, #6465, #1156 ) ;
#2476 = CARTESIAN_POINT ( 'NONE',  ( 8.980256121069194500, 15.36936978464833300, 8.980256121069066600 ) ) ;
#2477 = CARTESIAN_POINT ( 'NONE',  ( 0.0000000000000000000, 0.0000000000000000000, 0.0000000000000000000 ) ) ;
#2478 = AXIS2_PLACEMENT_3D ( 'NONE', #8332, #5314, #3803 ) ;
#2479 = EDGE_CURVE ( 'NONE', #47, #6809, #3643, .T. ) ;
#2480 = CARTESIAN_POINT ( 'NONE',  ( -11.89999999999996300, 14.16437500000001400, 4.929141392239922800 ) ) ;
#2481 = EDGE_LOOP ( 'NONE', ( #387, #879 ) ) ;
#2482 = CARTESIAN_POINT ( 'NONE',  ( 8.640184680313151200, 17.68313007654712600, -8.362515944511224900 ) ) ;
#2483 = CARTESIAN_POINT ( 'NONE',  ( 9.108199171718331000, 17.49066194805500300, 8.140772847439198000 ) ) ;
#2484 = EDGE_LOOP ( 'NONE', ( #8023, #36, #4511, #1965 ) ) ;
#2485 = EDGE_CURVE ( 'NONE', #7260, #8378, #1946, .T. ) ;
#2486 = CARTESIAN_POINT ( 'NONE',  ( 11.90000000000003600, 14.84062500000001200, 4.929141392239745100 ) ) ;
#2487 = CARTESIAN_POINT ( 'NONE',  ( -14.84234103376083200, 0.2375954962423720300, 13.34466490723816000 ) ) ;
#2488 = ORIENTED_EDGE ( 'NONE', *, *, #7221, .F. ) ;
#2489 = CARTESIAN_POINT ( 'NONE',  ( 2.332295471198199800, -9.524999999999977300, 0.1567456604823452600 ) ) ;
#2490 = AXIS2_PLACEMENT_3D ( 'NONE', #9402, #466, #5716 ) ;
#2491 = ORIENTED_EDGE ( 'NONE', *, *, #3794, .T. ) ;
#2492 = TOROIDAL_SURFACE ( 'NONE', #2042, 11.99999999999998800, 0.2999999999999999900 ) ;
#2493 = ORIENTED_EDGE ( 'NONE', *, *, #9044, .F. ) ;
#2494 = ADVANCED_FACE ( 'NONE', ( #6963 ), #3699, .T. ) ;
#2495 = CARTESIAN_POINT ( 'NONE',  ( 14.43443619994192100, 23.09492482837286800, -13.43704640427926100 ) ) ;
#2497 = ORIENTED_EDGE ( 'NONE', *, *, #7518, .F. ) ;
#2496 = EDGE_LOOP ( 'NONE', ( #7051, #2334, #6113, #6710 ) ) ;
#2498 = CARTESIAN_POINT ( 'NONE',  ( 7.349999999999998800, -1.247078193226541600E-015, 0.0000000000000000000 ) ) ;
#2499 = DATE_AND_TIME ( #4482, #8211 ) ;
#2500 = CARTESIAN_POINT ( 'NONE',  ( 1.239098530816317200E-013, 11.86250000000001800, 11.89999999999999900 ) ) ;
#2501 = CC_DESIGN_PERSON_AND_ORGANIZATION_ASSIGNMENT ( #2140, #9509, ( #8002 ) ) ;
#2502 = FACE_OUTER_BOUND ( 'NONE', #5458, .T. ) ;
#2503 = CARTESIAN_POINT ( 'NONE',  ( 6.748901546321807400, 11.58318143011430800, 10.62759966832173800 ) ) ;
#2504 =( BOUNDED_CURVE ( )  B_SPLINE_CURVE ( 2, ( #9070, #9215, #7562, #3862, #128 ),
 .UNSPECIFIED., .F., .F. ) 
 B_SPLINE_CURVE_WITH_KNOTS ( ( 3, 2, 3 ),
 ( 0.2592939658594148900, 0.2656250000000000000, 0.2812500000000000000 ),
 .UNSPECIFIED. ) 
 CURVE ( )  GEOMETRIC_REPRESENTATION_ITEM ( )  RATIONAL_B_SPLINE_CURVE ( ( 0.9633083604253873700, 0.9691570381780261200, 1.000000000000000000, 0.9238795325112867400, 1.000000000000000000 ) ) 
 REPRESENTATION_ITEM ( '' )  );
#2505 = ORIENTED_EDGE ( 'NONE', *, *, #1094, .T. ) ;
#2506 = DIRECTION ( 'NONE',  ( 0.0000000000000000000, 0.0000000000000000000, -1.000000000000000000 ) ) ;
#2507 = VERTEX_POINT ( 'NONE', #9620 ) ;
#2508 = EDGE_CURVE ( 'NONE', #8216, #5725, #9418, .T. ) ;
#2509 =( NAMED_UNIT ( * ) SI_UNIT ( $, .STERADIAN. ) SOLID_ANGLE_UNIT ( ) );
#2510 = APPROVAL_PERSON_ORGANIZATION ( #4495, #5694, #5035 ) ;
#2511 = CARTESIAN_POINT ( 'NONE',  ( 12.70000000000000800, 15.44874478464833500, 5.260512242138204000 ) ) ;
#2512 = DIRECTION ( 'NONE',  ( -1.000000000000000000, 0.0000000000000000000, 0.0000000000000000000 ) ) ;
#2513 = CIRCLE ( 'NONE', #7446, 3.200000000000000200 ) ;
#2514 = LINE ( 'NONE', #7366, #6475 ) ;
#2515 = CARTESIAN_POINT ( 'NONE',  ( 8.414570696119856300, 14.87875000000001400, -8.414570696119973500 ) ) ;
#2516 = CARTESIAN_POINT ( 'NONE',  ( -4.929141392239690100, 11.98312500000002100, 11.90000000000005900 ) ) ;
#2517 = DIRECTION ( 'NONE',  ( 0.0000000000000000000, 0.0000000000000000000, 1.000000000000000000 ) ) ;
#2518 = CARTESIAN_POINT ( 'NONE',  ( 8.528325040094456200E-014, 17.14250000000000900, 11.89999999999999900 ) ) ;
#2519 = CONICAL_SURFACE ( 'NONE', #8290, 20.06649160312764500, 1.047197551196600500 ) ;
#2520 = CIRCLE ( 'NONE', #7269, 8.045708121834929100 ) ;
#2521 = ORIENTED_EDGE ( 'NONE', *, *, #7776, .T. ) ;
#2522 = CARTESIAN_POINT ( 'NONE',  ( -5.342430495083339900, -21.16646964535334900, 13.41621700897627700 ) ) ;
#2523 = APPROVAL_DATE_TIME ( #8709, #2055 ) ;
#2524 = VERTEX_POINT ( 'NONE', #2850 ) ;
#2525 = CARTESIAN_POINT ( 'NONE',  ( -18.98984907001716100, 22.89746300178800500, 6.217612916956619000 ) ) ;
#2526 = CONICAL_SURFACE ( 'NONE', #9484, 2.499999999999998700, 0.7853981633974482800 ) ;
#2527 = CARTESIAN_POINT ( 'NONE',  ( 11.90000000000003200, 12.30062500000001600, 4.929141392239754000 ) ) ;
#2528 = LINE ( 'NONE', #5417, #9062 ) ;
#2529 = CARTESIAN_POINT ( 'NONE',  ( 11.51687670745691200, 11.59836798052948100, -5.149653555048292500 ) ) ;
#2530 = VERTEX_POINT ( 'NONE', #4445 ) ;
#2531 = DATE_AND_TIME ( #3587, #4884 ) ;
#2532 = AXIS2_PLACEMENT_3D ( 'NONE', #5829, #2095, #692 ) ;
#2533 = ORIENTED_EDGE ( 'NONE', *, *, #5701, .T. ) ;
#2534 = AXIS2_PLACEMENT_3D ( 'NONE', #9391, #3337, #9359 ) ;
#2535 = DIRECTION ( 'NONE',  ( 1.000000000000000000, -0.0000000000000000000, -0.0000000000000000000 ) ) ;
#2536 = DIRECTION ( 'NONE',  ( -1.000000000000000000, 0.0000000000000000000, 0.0000000000000000000 ) ) ;
#2537 = EDGE_LOOP ( 'NONE', ( #5850, #4236 ) ) ;
#2538 = EDGE_CURVE ( 'NONE', #2875, #3743, #3473, .T. ) ;
#2539 = CIRCLE ( 'NONE', #7027, 2.309999999999996500 ) ;
#2540 = CARTESIAN_POINT ( 'NONE',  ( 7.445345600152586800, 2.309999999999996900, 0.0000000000000000000 ) ) ;
#2541 = SECURITY_CLASSIFICATION_LEVEL ( 'unclassified' ) ;
#2542 = CARTESIAN_POINT ( 'NONE',  ( -7.884259052232641100E-018, 21.94442923809691900, 0.0000000000000000000 ) ) ;
#2543 = CARTESIAN_POINT ( 'NONE',  ( -3.409244906370097400, 22.05961388358847200, -20.37876318476481400 ) ) ;
#2544 = ADVANCED_FACE ( 'NONE', ( #1714 ), #5000, .T. ) ;
#2545 = VERTEX_POINT ( 'NONE', #6591 ) ;
#2546 = AXIS2_PLACEMENT_3D ( 'NONE', #9083, #4566, #867 ) ;
#2547 = ORIENTED_EDGE ( 'NONE', *, *, #8485, .F. ) ;
#2548 = CIRCLE ( 'NONE', #7933, 3.200000000000000200 ) ;
#2549 = CARTESIAN_POINT ( 'NONE',  ( 12.82664718204939200, 17.91562500000000900, 5.312971222579391500 ) ) ;
#2550 = CARTESIAN_POINT ( 'NONE',  ( 13.44999999999999900, 1.010658625831996800E-015, 8.252653961416930500 ) ) ;
#2551 = DIRECTION ( 'NONE',  ( 0.5773502691896258400, 0.5773502691896258400, -0.5773502691896258400 ) ) ;
#2552 = DIRECTION ( 'NONE',  ( 0.0000000000000000000, 0.0000000000000000000, -1.000000000000000000 ) ) ;
#2553 = CARTESIAN_POINT ( 'NONE',  ( -8.414570696119973500, 19.20625000000000400, -8.414570696119856300 ) ) ;
#2554 = EDGE_CURVE ( 'NONE', #4603, #1598, #8942, .T. ) ;
#2555 = DIRECTION ( 'NONE',  ( 1.000000000000000000, 0.0000000000000000000, 0.0000000000000000000 ) ) ;
#2556 = DIRECTION ( 'NONE',  ( 1.000000000000000000, -8.746504920891471700E-016, 0.0000000000000000000 ) ) ;
#2557 = CARTESIAN_POINT ( 'NONE',  ( 6.216747625905288300, -21.24705545965125700, 12.91142977813911900 ) ) ;
#2558 = CARTESIAN_POINT ( 'NONE',  ( 0.0000000000000000000, -9.525000000000057200, 5.400000000000002100 ) ) ;
#2559 = ORIENTED_EDGE ( 'NONE', *, *, #5617, .T. ) ;
#2560 = AXIS2_PLACEMENT_3D ( 'NONE', #8396, #2383, #7499 ) ;
#2561 = DIRECTION ( 'NONE',  ( 0.0000000000000000000, 0.0000000000000000000, -1.000000000000000000 ) ) ;
#2562 = CC_DESIGN_PERSON_AND_ORGANIZATION_ASSIGNMENT ( #3477, #1043, ( #4697 ) ) ;
#2563 = FACE_OUTER_BOUND ( 'NONE', #5659, .T. ) ;
#2564 = CARTESIAN_POINT ( 'NONE',  ( 8.001812990500893000, 16.97774862093830700, -9.958699251637355600 ) ) ;
#2565 = CARTESIAN_POINT ( 'NONE',  ( 19.25598086124352200, 22.32467817598033500, -6.975797196446222000 ) ) ;
#2566 = CARTESIAN_POINT ( 'NONE',  ( 12.56298917378364700, 11.69207212164472800, 1.975417360509227600 ) ) ;
#2567 = CARTESIAN_POINT ( 'NONE',  ( 19.21121883656459100, 20.63746869550590200, 8.481100801995168600 ) ) ;
#2568 = FACE_OUTER_BOUND ( 'NONE', #9151, .T. ) ;
#2569 = CARTESIAN_POINT ( 'NONE',  ( 0.9192018991245758400, -6.374954996744043500, 6.107093988224544700 ) ) ;
#2570 = CARTESIAN_POINT ( 'NONE',  ( 6.940000000000001300, 0.0000000000000000000, 17.60000000000000100 ) ) ;
#2571 = CARTESIAN_POINT ( 'NONE',  ( 1.561966144680487000E-014, 17.80000000000001100, 0.0000000000000000000 ) ) ;
#2572 = ORIENTED_EDGE ( 'NONE', *, *, #2994, .F. ) ;
#2573 = CARTESIAN_POINT ( 'NONE',  ( -7.781140988492865100, -5.572668467073628000, 17.57989171664805600 ) ) ;
#2574 = CARTESIAN_POINT ( 'NONE',  ( 0.0000000000000000000, -10.80829037686547000, 0.0000000000000000000 ) ) ;
#2575 = ORIENTED_EDGE ( 'NONE', *, *, #2597, .F. ) ;
#2576 = FACE_OUTER_BOUND ( 'NONE', #8952, .T. ) ;
#2577 = CARTESIAN_POINT ( 'NONE',  ( -5.312971222579573500, 18.39187500000000600, -12.82664718204931400 ) ) ;
#2578 = EDGE_LOOP ( 'NONE', ( #7725, #8295 ) ) ;
#2579 = CARTESIAN_POINT ( 'NONE',  ( -8.946127672407391900E-014, 15.84561978464833100, -12.69999999999996900 ) ) ;
#2580 = CARTESIAN_POINT ( 'NONE',  ( -11.21936295751368800, 24.08264467504846400, 14.47784635673840000 ) ) ;
#2581 = DIRECTION ( 'NONE',  ( 1.000000000000000000, -0.0000000000000000000, -0.0000000000000000000 ) ) ;
#2582 = CARTESIAN_POINT ( 'NONE',  ( -4.929141392239751300, 18.33312500000001000, 11.90000000000003200 ) ) ;
#2583 = ORIENTED_EDGE ( 'NONE', *, *, #4479, .T. ) ;
#2584 = DIRECTION ( 'NONE',  ( 0.0000000000000000000, 0.0000000000000000000, -1.000000000000000000 ) ) ;
#2585 = B_SPLINE_CURVE_WITH_KNOTS ( 'NONE', 3,
 ( #2119, #6675, #5868, #3685, #708, #4375, #9677, #2840 ),
 .UNSPECIFIED., .F., .F.,
 ( 4, 2, 2, 4 ),
 ( 2.758948934290761100E-007, 0.001137121321361836500, 0.001705544034596036600, 0.002273966747830236600 ),
 .UNSPECIFIED. ) ;
#2586 = CARTESIAN_POINT ( 'NONE',  ( -1.725874147982919400, -20.49170962313452900, 15.50423678951415400 ) ) ;
#2587 = ORIENTED_EDGE ( 'NONE', *, *, #8170, .T. ) ;
#2588 = DIRECTION ( 'NONE',  ( -8.775090700452169200E-016, -1.000000000000000000, -0.0000000000000000000 ) ) ;
#2589 = CARTESIAN_POINT ( 'NONE',  ( 1.122512155537489600E-013, 17.14250000000000900, 11.89999999999999900 ) ) ;
#2590 = SHAPE_REPRESENTATION ( 'DV1手动部分外形图', ( #1296 ), #1798 ) ;
#2591 = ADVANCED_FACE ( 'NONE', ( #2769 ), #543, .T. ) ;
#2592 = CARTESIAN_POINT ( 'NONE',  ( -12.69999999999996700, 13.47688021535169700, 8.868362600661531000E-014 ) ) ;
#2593 = AXIS2_PLACEMENT_3D ( 'NONE', #6756, #1563, #3076 ) ;
#2594 = DIRECTION ( 'NONE',  ( -1.000000000000000000, 0.0000000000000000000, -0.0000000000000000000 ) ) ;
#2595 = CARTESIAN_POINT ( 'NONE',  ( 0.0000000000000000000, -10.80829037686547000, 0.0000000000000000000 ) ) ;
#2596 = CARTESIAN_POINT ( 'NONE',  ( 0.0000000000000000000, 17.80000000000000100, 0.0000000000000000000 ) ) ;
#2597 = EDGE_CURVE ( 'NONE', #4530, #9493, #3004, .T. ) ;
#2598 = EDGE_LOOP ( 'NONE', ( #2338, #5534 ) ) ;
#2599 = EDGE_CURVE ( 'NONE', #117, #322, #1017, .T. ) ;
#2600 = CARTESIAN_POINT ( 'NONE',  ( -11.14057423231389700, 11.36679308115674500, 5.383767851001279900 ) ) ;
#2601 = CARTESIAN_POINT ( 'NONE',  ( 12.69999999999992800, 15.46125521535169300, -5.260512242138384300 ) ) ;
#2602 = DIRECTION ( 'NONE',  ( -8.775090700452169200E-016, -1.000000000000000000, -0.0000000000000000000 ) ) ;
#2603 = APPROVAL_STATUS ( 'not_yet_approved' ) ;
#2604 = DIRECTION ( 'NONE',  ( 0.0000000000000000000, 0.0000000000000000000, 1.000000000000000000 ) ) ;
#2605 = VECTOR ( 'NONE', #4386, 1000.000000000000000 ) ;
#2606 = DIRECTION ( 'NONE',  ( 0.0000000000000000000, 0.0000000000000000000, 1.000000000000000000 ) ) ;
#2607 = ORIENTED_EDGE ( 'NONE', *, *, #3107, .T. ) ;
#2608 = AXIS2_PLACEMENT_3D ( 'NONE', #4275, #8075, #1388 ) ;
#2609 = EDGE_CURVE ( 'NONE', #1762, #4067, #8243, .T. ) ;
#2611 = ORIENTED_EDGE ( 'NONE', *, *, #8554, .T. ) ;
#2610 = ORIENTED_EDGE ( 'NONE', *, *, #1688, .F. ) ;
#2612 = CARTESIAN_POINT ( 'NONE',  ( -12.82664718204939000, 16.01062500000001200, -5.312971222579394100 ) ) ;
#2613 = CARTESIAN_POINT ( 'NONE',  ( -12.70000000000000500, 16.08374478464832800, -5.260512242138206700 ) ) ;
#2614 = CARTESIAN_POINT ( 'NONE',  ( 9.679752553879833200, 11.71570377655336200, -8.280759688258434900 ) ) ;
#2615 = CARTESIAN_POINT ( 'NONE',  ( 1.725874147982899600, -10.80829037686547000, -15.50423678951415800 ) ) ;
#2616 = EDGE_CURVE ( 'NONE', #2723, #4108, #4290, .T. ) ;
#2617 = AXIS2_PLACEMENT_3D ( 'NONE', #5911, #8001, #4231 ) ;
#2618 = CARTESIAN_POINT ( 'NONE',  ( -4.929141392239751300, 14.52312500000001300, 11.90000000000003200 ) ) ;
#2619 = EDGE_LOOP ( 'NONE', ( #1384, #6697, #8388, #4387 ) ) ;
#2620 = DIRECTION ( 'NONE',  ( 1.000000000000000000, 0.0000000000000000000, 0.0000000000000000000 ) ) ;
#2621 = ORIENTED_EDGE ( 'NONE', *, *, #3740, .F. ) ;
#2622 = EDGE_LOOP ( 'NONE', ( #5310, #8451, #519, #4957 ) ) ;
#2623 = CARTESIAN_POINT ( 'NONE',  ( 3.513634653869340200, -20.92015562749998400, 14.47207278019404500 ) ) ;
#2624 = PERSON_AND_ORGANIZATION ( #599, #4261 ) ;
#2625 = CARTESIAN_POINT ( 'NONE',  ( -13.44999999999999900, 0.0000000000000000000, 8.252653961416930500 ) ) ;
#2626 = VECTOR ( 'NONE', #23, 1000.000000000000100 ) ;
#2627 = CARTESIAN_POINT ( 'NONE',  ( 1.738998454789241500E-015, 0.0000000000000000000, -14.20000000000000100 ) ) ;
#2628 = CARTESIAN_POINT ( 'NONE',  ( -14.00000000000000200, -10.69999999999999000, -13.44999999999999900 ) ) ;
#2629 = ORIENTED_EDGE ( 'NONE', *, *, #4943, .T. ) ;
#2630 = CC_DESIGN_SECURITY_CLASSIFICATION ( #8555, ( #5073 ) ) ;
#2631 = DIRECTION ( 'NONE',  ( -8.775090700452169200E-016, -1.000000000000000000, -0.0000000000000000000 ) ) ;
#2632 = LINE ( 'NONE', #343, #6018 ) ;
#2633 = CARTESIAN_POINT ( 'NONE',  ( -11.73900516154914300, 11.34994090226887300, 3.917034000047896500 ) ) ;
#2634 = CARTESIAN_POINT ( 'NONE',  ( 11.89999999999999900, 12.18000000000001900, -5.976524906955014000E-014 ) ) ;
#2635 = CARTESIAN_POINT ( 'NONE',  ( 2.618097302622886000, -10.56969817910533900, -14.98911151100554800 ) ) ;
#2636 = CIRCLE ( 'NONE', #6781, 19.00000000000000400 ) ;
#2637 = CARTESIAN_POINT ( 'NONE',  ( 11.90000000000004500, 17.38062500000000900, 4.929141392239723800 ) ) ;
#2638 = EDGE_CURVE ( 'NONE', #6957, #4560, #9643, .T. ) ;
#2639 = DATE_TIME_ROLE ( 'classification_date' ) ;
#2640 = EDGE_LOOP ( 'NONE', ( #3495, #6540 ) ) ;
#2641 = DIRECTION ( 'NONE',  ( 1.000000000000000000, 0.0000000000000000000, 0.0000000000000000000 ) ) ;
#2642 = DIRECTION ( 'NONE',  ( 0.0000000000000000000, 0.0000000000000000000, 1.000000000000000000 ) ) ;
#2643 = ORIENTED_EDGE ( 'NONE', *, *, #9667, .F. ) ;
#2644 = EDGE_LOOP ( 'NONE', ( #7391, #4626 ) ) ;
#2645 = ADVANCED_FACE ( 'NONE', ( #6734 ), #4390, .F. ) ;
#2646 = CARTESIAN_POINT ( 'NONE',  ( -5.312971222579396800, 18.86812500000001300, 12.82664718204939000 ) ) ;
#2647 = VERTEX_POINT ( 'NONE', #2980 ) ;
#2648 = LOCAL_TIME ( 13, 59, 25.00000000000000000, #1238 ) ;
#2649 = CARTESIAN_POINT ( 'NONE',  ( -7.781140988492938800, 5.572668467073522300, 0.02010828335194611900 ) ) ;
#2650 = CARTESIAN_POINT ( 'NONE',  ( -13.51651320957105400, 23.46268770547654700, 13.65227100484776900 ) ) ;
#2651 = CARTESIAN_POINT ( 'NONE',  ( -11.44999999999999800, 0.0000000000000000000, 7.060900368822721000 ) ) ;
#2652 = ORIENTED_EDGE ( 'NONE', *, *, #2155, .F. ) ;
#2653 = ORIENTED_EDGE ( 'NONE', *, *, #2211, .F. ) ;
#2654 = CARTESIAN_POINT ( 'NONE',  ( -11.89999999999999900, 14.28500000000001300, 8.309725586446653600E-014 ) ) ;
#2655 = VERTEX_POINT ( 'NONE', #9580 ) ;
#2656 = CIRCLE ( 'NONE', #3418, 0.5000000000000000000 ) ;
#2657 = DIRECTION ( 'NONE',  ( 0.0000000000000000000, 0.0000000000000000000, 1.000000000000000000 ) ) ;
#2658 = CARTESIAN_POINT ( 'NONE',  ( -8.980256121069064800, 13.63563021535169600, 8.980256121069192700 ) ) ;
#2659 = SHAPE_DEFINITION_REPRESENTATION ( #1567, #828 ) ;
#2660 = B_SPLINE_CURVE_WITH_KNOTS ( 'NONE', 3,
 ( #3873, #8982, #8376, #3036, #829, #2400, #9010, #3138, #6027, #4589, #4667, #76, #1551, #44, #8337, #140 ),
 .UNSPECIFIED., .F., .F.,
 ( 4, 2, 2, 2, 2, 2, 2, 4 ),
 ( 0.0000000000000000000, 0.0004369336833866093700, 0.0008738673667732187400, 0.001310801050159828000, 0.001747734733546437500, 0.002621602100319656000, 0.003058535783706265500, 0.003495469467092875000 ),
 .UNSPECIFIED. ) ;
#2661 = ORIENTED_EDGE ( 'NONE', *, *, #3906, .T. ) ;
#2662 = ORIENTED_EDGE ( 'NONE', *, *, #4682, .F. ) ;
#2663 = DIRECTION ( 'NONE',  ( -0.0000000000000000000, -0.0000000000000000000, -1.000000000000000000 ) ) ;
#2664 = FACE_OUTER_BOUND ( 'NONE', #408, .T. ) ;
#2665 = PRODUCT ( '316L-DV12A-FMR4-HP(低压阴螺纹手动外形图)', '316L-DV12A-FMR4-HP(低压阴螺纹手动外形图)', '', ( #255 ) ) ;
#2666 = CIRCLE ( 'NONE', #5446, 15.60000000000000000 ) ;
#2667 = DIRECTION ( 'NONE',  ( -0.0000000000000000000, -1.000000000000000000, -0.0000000000000000000 ) ) ;
#2668 = CARTESIAN_POINT ( 'NONE',  ( 1.725874147982899600, -10.80829037686547000, -15.50423678951415800 ) ) ;
#2669 = VERTEX_POINT ( 'NONE', #7356 ) ;
#2670 = EDGE_CURVE ( 'NONE', #3908, #2706, #3235, .T. ) ;
#2671 = CARTESIAN_POINT ( 'NONE',  ( 8.977052440135471700, -21.17871267772746800, -11.31776705059790600 ) ) ;
#2672 = PERSON_AND_ORGANIZATION_ROLE ( 'creator' ) ;
#2673 = CARTESIAN_POINT ( 'NONE',  ( 13.79999999999999700, -4.528870610996715000E-016, 0.0000000000000000000 ) ) ;
#2674 = VERTEX_POINT ( 'NONE', #9645 ) ;
#2675 = DIRECTION ( 'NONE',  ( -1.776356839400250500E-015, 0.0000000000000000000, -1.000000000000000000 ) ) ;
#2676 = CYLINDRICAL_SURFACE ( 'NONE', #2235, 12.69999999999998500 ) ;
#2677 = DIRECTION ( 'NONE',  ( -0.0000000000000000000, -1.000000000000000000, -0.0000000000000000000 ) ) ;
#2678 = EDGE_CURVE ( 'NONE', #2962, #8891, #649, .T. ) ;
#2679 = FACE_OUTER_BOUND ( 'NONE', #7491, .T. ) ;
#2680 = AXIS2_PLACEMENT_3D ( 'NONE', #6429, #4851, #8623 ) ;
#2681 = CARTESIAN_POINT ( 'NONE',  ( 12.82664718204931400, 16.80437500000001100, -5.312971222579575300 ) ) ;
#2682 = CARTESIAN_POINT ( 'NONE',  ( -6.400365130926707600, 7.964242406242756400, 0.3778458271643913000 ) ) ;
#2683 = CARTESIAN_POINT ( 'NONE',  ( -8.382592070995921100E-014, 12.69750000000001600, -11.89999999999999900 ) ) ;
#2684 = CARTESIAN_POINT ( 'NONE',  ( 7.899999999999997700, 21.94442923809691900, 0.0000000000000000000 ) ) ;
#2685 = TOROIDAL_SURFACE ( 'NONE', #4361, 19.00000000000000400, 2.000000000000000000 ) ;
#2686 = CARTESIAN_POINT ( 'NONE',  ( -12.69999999999996700, 13.47688021535169700, 8.868362600661531000E-014 ) ) ;
#2687 = CARTESIAN_POINT ( 'NONE',  ( 1.026685611952905400E-014, 11.70000000000001900, 0.0000000000000000000 ) ) ;
#2688 = CC_DESIGN_DATE_AND_TIME_ASSIGNMENT ( #8718, #6204, ( #1182 ) ) ;
#2689 = ADVANCED_FACE ( 'NONE', ( #1007 ), #2399, .F. ) ;
#2690 = CARTESIAN_POINT ( 'NONE',  ( -19.19236170130812300, 22.49822431844421500, -6.804852038805485400 ) ) ;
#2691 = CARTESIAN_POINT ( 'NONE',  ( 13.44999999999999900, -10.69999999999999400, 0.0000000000000000000 ) ) ;
#2692 = EDGE_LOOP ( 'NONE', ( #1331, #4192, #3173, #513 ) ) ;
#2693 = FACE_OUTER_BOUND ( 'NONE', #2271, .T. ) ;
#2694 = DIRECTION ( 'NONE',  ( 0.0000000000000000000, -1.000000000000000000, 0.0000000000000000000 ) ) ;
#2695 = EDGE_CURVE ( 'NONE', #5725, #248, #6831, .T. ) ;
#2696 = ORIENTED_EDGE ( 'NONE', *, *, #7802, .F. ) ;
#2697 = DIRECTION ( 'NONE',  ( -0.0000000000000000000, -1.000000000000000000, -0.0000000000000000000 ) ) ;
#2698 =( BOUNDED_CURVE ( )  B_SPLINE_CURVE ( 2, ( #8377, #5389, #1649 ),
 .UNSPECIFIED., .F., .F. ) 
 B_SPLINE_CURVE_WITH_KNOTS ( ( 3, 3 ),
 ( 0.8125000000000000000, 0.8143806212009749900 ),
 .UNSPECIFIED. ) 
 CURVE ( )  GEOMETRIC_REPRESENTATION_ITEM ( )  RATIONAL_B_SPLINE_CURVE ( ( 1.000000000000000000, 0.9908381590408063000, 0.9838817519821336800 ) ) 
 REPRESENTATION_ITEM ( '' )  );
#2699 = CARTESIAN_POINT ( 'NONE',  ( 15.66920801439250800, 22.32467817597903800, 13.18827000240093900 ) ) ;
#2700 = APPROVAL_STATUS ( 'not_yet_approved' ) ;
#2701 = ORIENTED_EDGE ( 'NONE', *, *, #277, .F. ) ;
#2702 = CONICAL_SURFACE ( 'NONE', #1297, 8.045708121834929100, 0.1745329251994323400 ) ;
#2703 = CARTESIAN_POINT ( 'NONE',  ( -16.18709195196236200, 21.78592051850842300, 13.04400637613645000 ) ) ;
#2704 = CARTESIAN_POINT ( 'NONE',  ( -9.000000000000001800, -1.199999999999999700, 9.000000000000000000 ) ) ;
#2705 = CARTESIAN_POINT ( 'NONE',  ( 5.312971222579579800, 15.21687500000001400, 12.82664718204931200 ) ) ;
#2706 = VERTEX_POINT ( 'NONE', #9676 ) ;
#2707 = CARTESIAN_POINT ( 'NONE',  ( -13.41771913849730100, 0.0000000000000000000, 15.35253755750896700 ) ) ;
#2708 = CARTESIAN_POINT ( 'NONE',  ( -12.94999999999999200, -10.69999999999999000, -13.44999999999999900 ) ) ;
#2709 = CARTESIAN_POINT ( 'NONE',  ( 11.89999999999996500, 13.72937500000001300, -4.929141392239915700 ) ) ;
#2710 = CARTESIAN_POINT ( 'NONE',  ( -10.65465439984741300, 0.0000000000000000000, 0.0000000000000000000 ) ) ;
#2711 = SHAPE_REPRESENTATION ( '316L-DV12A-FMR4-HP(低压阴螺纹手动外形图)', ( #5571, #5386, #7360, #1057, #9373, #7242, #8745 ), #7735 ) ;
#2712 = CARTESIAN_POINT ( 'NONE',  ( -8.980256121069192700, 13.31813021535169700, -8.980256121069064800 ) ) ;
#2713 = ORIENTED_EDGE ( 'NONE', *, *, #8282, .T. ) ;
#2714 = VECTOR ( 'NONE', #8383, 1000.000000000000000 ) ;
#2715 = AXIS2_PLACEMENT_3D ( 'NONE', #1279, #5697, #1213 ) ;
#2716 = ORIENTED_EDGE ( 'NONE', *, *, #556, .T. ) ;
#2717 = ORIENTED_EDGE ( 'NONE', *, *, #2968, .T. ) ;
#2718 = CARTESIAN_POINT ( 'NONE',  ( 0.1083897543756179300, -2.138740617938784200E-015, 0.0000000000000000000 ) ) ;
#2719 = ORIENTED_EDGE ( 'NONE', *, *, #8670, .F. ) ;
#2720 = DIRECTION ( 'NONE',  ( 0.0000000000000000000, 0.0000000000000000000, -1.000000000000000000 ) ) ;
#2721 = EDGE_CURVE ( 'NONE', #4451, #8666, #3392, .T. ) ;
#2722 = CARTESIAN_POINT ( 'NONE',  ( 0.0000000000000000000, 24.81915204428899500, -17.25827764747206300 ) ) ;
#2723 = VERTEX_POINT ( 'NONE', #5867 ) ;
#2724 = CYLINDRICAL_SURFACE ( 'NONE', #7042, 6.440000000000000400 ) ;
#2725 = ORIENTED_EDGE ( 'NONE', *, *, #798, .T. ) ;
#2726 = CARTESIAN_POINT ( 'NONE',  ( -18.48684210526282700, 0.0000000000000000000, 4.385962719299098600 ) ) ;
#2727 = CARTESIAN_POINT ( 'NONE',  ( 12.69999999999996700, 15.38188021535169400, -9.023892744153245300E-014 ) ) ;
#2728 = CARTESIAN_POINT ( 'NONE',  ( 9.179979922149291500, 3.149808362375240200, 17.51892000885278500 ) ) ;
#2730 = EDGE_LOOP ( 'NONE', ( #627, #1526, #674, #5153 ) ) ;
#2729 = ORIENTED_EDGE ( 'NONE', *, *, #6463, .T. ) ;
#2731 = APPROVAL_ROLE ( '' ) ;
#2732 = ORGANIZATION ( 'NAUO-ORG5', 'UNSPECIFIED', 'UNSPECIFIED' ) ;
#2733 = DIRECTION ( 'NONE',  ( 0.0000000000000000000, -1.000000000000000000, 0.0000000000000000000 ) ) ;
#2734 = AXIS2_PLACEMENT_3D ( 'NONE', #4770, #3941, #1680 ) ;
#2735 = CARTESIAN_POINT ( 'NONE',  ( 0.0000000000000000000, -9.525000000000057200, 6.550000000000001600 ) ) ;
#2736 = AXIS2_PLACEMENT_3D ( 'NONE', #3642, #8756, #8822 ) ;
#2737 = ADVANCED_FACE ( 'NONE', ( #2995 ), #6954, .T. ) ;
#2738 = LINE ( 'NONE', #284, #1327 ) ;
#2739 = EDGE_CURVE ( 'NONE', #6983, #6930, #8358, .T. ) ;
#2740 = ORIENTED_EDGE ( 'NONE', *, *, #5501, .F. ) ;
#2741 = CARTESIAN_POINT ( 'NONE',  ( -12.82664718204935100, 14.82000000000001400, 8.956799855210033200E-014 ) ) ;
#2742 = ORIENTED_EDGE ( 'NONE', *, *, #7713, .T. ) ;
#2743 = APPROVAL_DATE_TIME ( #38, #3634 ) ;
#2744 = CARTESIAN_POINT ( 'NONE',  ( -8.965523947390061500E-014, 17.77750000000000300, -11.89999999999999900 ) ) ;
#2745 = CARTESIAN_POINT ( 'NONE',  ( -12.94999999999999200, -10.69999999999999000, 13.44999999999999900 ) ) ;
#2746 = CARTESIAN_POINT ( 'NONE',  ( 0.0000000000000000000, 0.0000000000000000000, 0.0000000000000000000 ) ) ;
#2747 = CARTESIAN_POINT ( 'NONE',  ( -14.29000000000000600, -21.18051446901472400, -2.096596759551197000 ) ) ;
#2748 = AXIS2_PLACEMENT_3D ( 'NONE', #7729, #1051, #2556 ) ;
#2749 = PRODUCT_RELATED_PRODUCT_CATEGORY ( 'detail', '', ( #2665 ) ) ;
#2750 = CYLINDRICAL_SURFACE ( 'NONE', #468, 15.60000000000000000 ) ;
#2751 = CARTESIAN_POINT ( 'NONE',  ( -19.37442194379016100, 1.417408299282245000, -7.884885345075096200 ) ) ;
#2752 = TOROIDAL_SURFACE ( 'NONE', #6470, 0.3304673161057445900, 1.969532683894253300 ) ;
#2753 = DIRECTION ( 'NONE',  ( 0.0000000000000000000, 1.000000000000000000, 0.0000000000000000000 ) ) ;
#2754 = CARTESIAN_POINT ( 'NONE',  ( -8.947569504916662800, -10.13353035464665900, 11.33478903118298600 ) ) ;
#2755 = DIRECTION ( 'NONE',  ( 0.0000000000000000000, 1.000000000000000000, 0.0000000000000000000 ) ) ;
#2756 = VECTOR ( 'NONE', #7223, 1000.000000000000000 ) ;
#2757 = CARTESIAN_POINT ( 'NONE',  ( 0.0000000000000000000, 20.63746869550590200, 0.0000000000000000000 ) ) ;
#2758 = DIRECTION ( 'NONE',  ( -0.0000000000000000000, -1.000000000000000000, -0.0000000000000000000 ) ) ;
#2759 = FACE_OUTER_BOUND ( 'NONE', #2847, .T. ) ;
#2760 = CARTESIAN_POINT ( 'NONE',  ( -9.069809202314482700, 21.01125000000000000, -9.069809202314353100 ) ) ;
#2761 = ORIENTED_EDGE ( 'NONE', *, *, #8408, .T. ) ;
#2762 = PERSON_AND_ORGANIZATION ( #4303, #4183 ) ;
#2763 = DIRECTION ( 'NONE',  ( 0.0000000000000000000, 0.0000000000000000000, 1.000000000000000000 ) ) ;
#2764 = B_SPLINE_CURVE_WITH_KNOTS ( 'NONE', 3,
 ( #211, #6057, #7534, #853, #4615, #1578, #9140, #2386 ),
 .UNSPECIFIED., .F., .F.,
 ( 4, 2, 2, 4 ),
 ( 0.005564589980275988800, 0.006950476802621102100, 0.008336363624966215300, 0.01110813726965644500 ),
 .UNSPECIFIED. ) ;
#2765 = ORIENTED_EDGE ( 'NONE', *, *, #1853, .T. ) ;
#2766 = CARTESIAN_POINT ( 'NONE',  ( 0.0000000000000000000, 20.63746869550590200, 0.0000000000000000000 ) ) ;
#2767 = CARTESIAN_POINT ( 'NONE',  ( -13.25465439984741200, 0.0000000000000000000, 0.0000000000000000000 ) ) ;
#2768 =( BOUNDED_CURVE ( )  B_SPLINE_CURVE ( 2, ( #7623, #2516, #1662, #6888, #8490, #5526, #9097, #1047, #6271 ),
 .UNSPECIFIED., .F., .F. ) 
 B_SPLINE_CURVE_WITH_KNOTS ( ( 3, 2, 2, 2, 3 ),
 ( 0.8437500000000000000, 0.8593750000000000000, 0.8750000000000000000, 0.8906250000000000000, 0.9062500000000000000 ),
 .UNSPECIFIED. ) 
 CURVE ( )  GEOMETRIC_REPRESENTATION_ITEM ( )  RATIONAL_B_SPLINE_CURVE ( ( 1.000000000000000000, 0.9238795325112867400, 1.000000000000000000, 0.9238795325112867400, 1.000000000000000000, 0.9238795325112867400, 1.000000000000000000, 0.9238795325112867400, 1.000000000000000000 ) ) 
 REPRESENTATION_ITEM ( '' )  );
#2769 = FACE_OUTER_BOUND ( 'NONE', #4145, .T. ) ;
#2770 = FACE_OUTER_BOUND ( 'NONE', #7520, .T. ) ;
#2771 = CARTESIAN_POINT ( 'NONE',  ( 3.409244906370660900, 22.05961388358706900, 20.37876318476545400 ) ) ;
#2772 = EDGE_CURVE ( 'NONE', #7794, #8849, #4168, .T. ) ;
#2773 = DATE_TIME_ROLE ( 'classification_date' ) ;
#2774 = DIRECTION ( 'NONE',  ( 0.0000000000000000000, 0.0000000000000000000, 1.000000000000000000 ) ) ;
#2775 = LOCAL_TIME ( 13, 59, 25.00000000000000000, #1592 ) ;
#2776 = ORIENTED_EDGE ( 'NONE', *, *, #5364, .F. ) ;
#2777 = VERTEX_POINT ( 'NONE', #1493 ) ;
#2778 = FACE_OUTER_BOUND ( 'NONE', #7888, .T. ) ;
#2779 = CARTESIAN_POINT ( 'NONE',  ( -9.035340417286478800E-014, 11.96250000000002000, -12.82664718204935100 ) ) ;
#2780 = CARTESIAN_POINT ( 'NONE',  ( -11.89999999999999900, 13.01500000000001700, 1.005852121562907300E-013 ) ) ;
#2781 = DIRECTION ( 'NONE',  ( 0.0000000000000000000, -1.000000000000000000, 0.0000000000000000000 ) ) ;
#2782 = CARTESIAN_POINT ( 'NONE',  ( 0.0000000000000000000, 0.0000000000000000000, 0.0000000000000000000 ) ) ;
#2783 = SHAPE_REPRESENTATION_RELATIONSHIP ( 'NONE' , 'NONE' ,  #2590, #6576 ) ;
#2784 = CARTESIAN_POINT ( 'NONE',  ( -11.89999999999999900, 11.74500000000001700, 8.309725586446653600E-014 ) ) ;
#2785 = DIRECTION ( 'NONE',  ( 0.0000000000000000000, -1.000000000000000000, 0.0000000000000000000 ) ) ;
#2786 = VERTEX_POINT ( 'NONE', #2268 ) ;
#2787 = AXIS2_PLACEMENT_3D ( 'NONE', #8844, #8874, #4380 ) ;
#2788 = VERTEX_POINT ( 'NONE', #1624 ) ;
#2789 = EDGE_CURVE ( 'NONE', #2056, #6601, #5209, .T. ) ;
#2790 = DIRECTION ( 'NONE',  ( -8.775090700452169200E-016, -1.000000000000000000, -0.0000000000000000000 ) ) ;
#2791 = FACE_OUTER_BOUND ( 'NONE', #3115, .T. ) ;
#2792 = CARTESIAN_POINT ( 'NONE',  ( 19.31484071104931700, 1.706271022179155100, 8.189450481488782100 ) ) ;
#2793 = EDGE_CURVE ( 'NONE', #4389, #678, #6484, .T. ) ;
#2794 = ADVANCED_FACE ( 'NONE', ( #5104 ), #425, .F. ) ;
#2795 = CIRCLE ( 'NONE', #2432, 11.89999999999999000 ) ;
#2796 = CARTESIAN_POINT ( 'NONE',  ( -5.395792855659581900E-015, -23.09999999999999800, -16.50067069343950300 ) ) ;
#2797 = DIRECTION ( 'NONE',  ( 0.0000000000000000000, 0.0000000000000000000, -1.000000000000000000 ) ) ;
#2798 = AXIS2_PLACEMENT_3D ( 'NONE', #5775, #2052, #7263 ) ;
#2799 = VECTOR ( 'NONE', #1660, 1000.000000000000000 ) ;
#2800 = DIRECTION ( 'NONE',  ( -8.775090700452169200E-016, -1.000000000000000000, -0.0000000000000000000 ) ) ;
#2801 = DIRECTION ( 'NONE',  ( 0.0000000000000000000, 1.000000000000000000, 0.0000000000000000000 ) ) ;
#2802 = CARTESIAN_POINT ( 'NONE',  ( -10.65465439984741300, 0.0000000000000000000, 0.0000000000000000000 ) ) ;
#2803 = CYLINDRICAL_SURFACE ( 'NONE', #8047, 20.00000000000085600 ) ;
#2804 = EDGE_CURVE ( 'NONE', #6570, #8032, #9176, .T. ) ;
#2805 = CARTESIAN_POINT ( 'NONE',  ( -12.94999999999999200, -11.19999999999999900, -12.94999999999999200 ) ) ;
#2806 = DATE_TIME_ROLE ( 'classification_date' ) ;
#2807 = CARTESIAN_POINT ( 'NONE',  ( -2.260760671697740900, 2.000000000000001800, 20.87795395112411300 ) ) ;
#2808 = CARTESIAN_POINT ( 'NONE',  ( -0.5569692599770885700, 11.11324001437605500, -12.10698499977346800 ) ) ;
#2809 = DIRECTION ( 'NONE',  ( 0.0000000000000000000, 0.0000000000000000000, 1.000000000000000000 ) ) ;
#2810 = EDGE_CURVE ( 'NONE', #3819, #6326, #2660, .T. ) ;
#2811 = AXIS2_PLACEMENT_3D ( 'NONE', #9171, #8492, #7724 ) ;
#2812 = FACE_OUTER_BOUND ( 'NONE', #4408, .T. ) ;
#2813 = CARTESIAN_POINT ( 'NONE',  ( 12.82664718204939200, 14.10562500000001400, 5.312971222579391500 ) ) ;
#2814 = DIRECTION ( 'NONE',  ( 1.000000000000000000, 0.0000000000000000000, 0.0000000000000000000 ) ) ;
#2815 = VERTEX_POINT ( 'NONE', #9081 ) ;
#2816 = CARTESIAN_POINT ( 'NONE',  ( 4.929141392239737100, 13.68812500000001500, -11.90000000000003900 ) ) ;
#2817 = DIRECTION ( 'NONE',  ( 0.0000000000000000000, -1.000000000000000000, 0.0000000000000000000 ) ) ;
#2818 = CARTESIAN_POINT ( 'NONE',  ( -12.44999999999999900, 5.742042389534210700E-016, -4.688733431983854100 ) ) ;
#2819 = VERTEX_POINT ( 'NONE', #9117 ) ;
#2820 = FACE_OUTER_BOUND ( 'NONE', #6037, .T. ) ;
#2821 = CARTESIAN_POINT ( 'NONE',  ( -10.65465439984741300, 0.0000000000000000000, 0.0000000000000000000 ) ) ;
#2822 = CC_DESIGN_APPROVAL ( #3143, ( #7480 ) ) ;
#2823 = ORIENTED_EDGE ( 'NONE', *, *, #9237, .T. ) ;
#2824 = B_SPLINE_CURVE_WITH_KNOTS ( 'NONE', 3,
 ( #3532, #4294, #8686, #9441, #9495, #5717, #1968, #5168 ),
 .UNSPECIFIED., .F., .F.,
 ( 4, 2, 2, 4 ),
 ( 3.140364547233788200E-007, 0.001019780767881113800, 0.001529514133594308400, 0.002039247499307503000 ),
 .UNSPECIFIED. ) ;
#2825 = B_SPLINE_CURVE_WITH_KNOTS ( 'NONE', 3,
 ( #5587, #457, #1324, #7256, #9477, #1227, #1983, #2807 ),
 .UNSPECIFIED., .F., .F.,
 ( 4, 2, 2, 4 ),
 ( 3.140364547162515600E-007, 0.001019780767881764800, 0.001529514133595287400, 0.002039247499308810100 ),
 .UNSPECIFIED. ) ;
#2826 = VERTEX_POINT ( 'NONE', #9050 ) ;
#2827 = CARTESIAN_POINT ( 'NONE',  ( 5.312971222579394100, 20.77312500000000400, -12.82664718204939000 ) ) ;
#2828 = EDGE_CURVE ( 'NONE', #5125, #1547, #918, .T. ) ;
#2829 = ORIENTED_EDGE ( 'NONE', *, *, #6285, .F. ) ;
#2830 = DIRECTION ( 'NONE',  ( 0.0000000000000000000, 0.0000000000000000000, 1.000000000000000000 ) ) ;
#2831 = DIRECTION ( 'NONE',  ( -0.0000000000000000000, 1.000000000000000000, -0.0000000000000000000 ) ) ;
#2832 = DIRECTION ( 'NONE',  ( 0.0000000000000000000, 0.0000000000000000000, -1.000000000000000000 ) ) ;
#2833 = CARTESIAN_POINT ( 'NONE',  ( -11.89999999999996700, 12.89437500000001600, 4.929141392239915700 ) ) ;
#2834 = CARTESIAN_POINT ( 'NONE',  ( -6.225432831693609600, 11.17669472214245700, -10.49473355833304000 ) ) ;
#2835 = ORIENTED_EDGE ( 'NONE', *, *, #6966, .T. ) ;
#2836 = ADVANCED_FACE ( 'NONE', ( #4753 ), #1464, .F. ) ;
#2837 = VERTEX_POINT ( 'NONE', #772 ) ;
#2838 = CARTESIAN_POINT ( 'NONE',  ( 5.312971222579394100, 13.15312500000001900, -12.82664718204939000 ) ) ;
#2839 = CARTESIAN_POINT ( 'NONE',  ( 11.89999999999994500, 11.18937500000002000, -4.929141392239962700 ) ) ;
#2840 = CARTESIAN_POINT ( 'NONE',  ( 16.95045816486702600, 20.63746869550590200, -12.39685314912947300 ) ) ;
#2841 = CARTESIAN_POINT ( 'NONE',  ( -14.28999999999999700, -21.24815904843335800, 1.045076710060251800 ) ) ;
#2842 = CIRCLE ( 'NONE', #1172, 4.688733431983859400 ) ;
#2843 = CARTESIAN_POINT ( 'NONE',  ( 16.61341206547808400, 1.531211798404038500, 12.76022017758051400 ) ) ;
#2844 = ORIENTED_EDGE ( 'NONE', *, *, #7274, .T. ) ;
#2845 = CARTESIAN_POINT ( 'NONE',  ( 10.99852262806237800, -4.800953814011748300E-016, 16.74926131403118000 ) ) ;
#2847 = EDGE_LOOP ( 'NONE', ( #1705, #8755, #5121, #9035 ) ) ;
#2846 = EDGE_LOOP ( 'NONE', ( #4831, #9686 ) ) ;
#2848 = DIRECTION ( 'NONE',  ( 1.000000000000000000, -8.775090700452170200E-016, 0.0000000000000000000 ) ) ;
#2849 = AXIS2_PLACEMENT_3D ( 'NONE', #3885, #2379, #7590 ) ;
#2850 = CARTESIAN_POINT ( 'NONE',  ( 0.0000000000000000000, -9.999999999999998200, 14.19999999999999900 ) ) ;
#2851 = FACE_OUTER_BOUND ( 'NONE', #6533, .T. ) ;
#2852 = VERTEX_POINT ( 'NONE', #3976 ) ;
#2853 = PLANE ( 'NONE',  #834 ) ;
#2854 = DIRECTION ( 'NONE',  ( -0.0000000000000000000, 0.0000000000000000000, -1.000000000000000000 ) ) ;
#2855 = ORIENTED_EDGE ( 'NONE', *, *, #2914, .T. ) ;
#2856 = DIRECTION ( 'NONE',  ( -1.000000000000000000, -0.0000000000000000000, -0.0000000000000000000 ) ) ;
#2857 = EDGE_CURVE ( 'NONE', #629, #4812, #1357, .T. ) ;
#2858 = ORIENTED_EDGE ( 'NONE', *, *, #8117, .F. ) ;
#2859 = PERSON_AND_ORGANIZATION ( #1973, #9611 ) ;
#2860 = DIRECTION ( 'NONE',  ( 1.000000000000000000, 0.0000000000000000000, 0.0000000000000000000 ) ) ;
#2861 = EDGE_CURVE ( 'NONE', #2674, #3140, #8129, .T. ) ;
#2862 = AXIS2_PLACEMENT_3D ( 'NONE', #1528, #3782, #7514 ) ;
#2863 = CARTESIAN_POINT ( 'NONE',  ( -16.51408919099021900, 21.35549403633808700, -12.83746361703479600 ) ) ;
#2864 = CIRCLE ( 'NONE', #1733, 11.29999999999998500 ) ;
#2865 = CARTESIAN_POINT ( 'NONE',  ( 10.54871925222718300, 0.7790823003625551000, 17.00895541415241400 ) ) ;
#2866 = SECURITY_CLASSIFICATION_LEVEL ( 'unclassified' ) ;
#2867 = CARTESIAN_POINT ( 'NONE',  ( -8.414570696119867000, 12.97375000000001700, 8.414570696119962900 ) ) ;
#2868 = AXIS2_PLACEMENT_3D ( 'NONE', #4923, #437, #3349 ) ;
#2869 = CARTESIAN_POINT ( 'NONE',  ( 11.91445078399383900, 10.91445078399419300, -0.7949200099653194200 ) ) ;
#2870 = EDGE_LOOP ( 'NONE', ( #3515, #1316, #981, #2423 ) ) ;
#2871 = CARTESIAN_POINT ( 'NONE',  ( -7.231979454295665000, 17.58106128238053500, -9.733920616649323100 ) ) ;
#2872 = VECTOR ( 'NONE', #3059, 1000.000000000000000 ) ;
#2873 = VECTOR ( 'NONE', #3840, 1000.000000000000000 ) ;
#2874 = CARTESIAN_POINT ( 'NONE',  ( 5.312971222579579800, 10.13687500000002300, 12.82664718204931200 ) ) ;
#2875 = VERTEX_POINT ( 'NONE', #9250 ) ;
#2876 = CARTESIAN_POINT ( 'NONE',  ( 12.70000000000000800, 16.71874478464832900, 5.260512242138204000 ) ) ;
#2877 = CARTESIAN_POINT ( 'NONE',  ( 0.0000000000000000000, -8.199999999999999300, 0.0000000000000000000 ) ) ;
#2878 = DIRECTION ( 'NONE',  ( 1.000000000000000000, -8.775090700452169200E-016, 0.0000000000000000000 ) ) ;
#2879 = AXIS2_PLACEMENT_3D ( 'NONE', #4755, #3879, #6774 ) ;
#2880 = APPROVAL ( #5642, '未指定' ) ;
#2881 = ORIENTED_EDGE ( 'NONE', *, *, #5110, .F. ) ;
#2882 = CIRCLE ( 'NONE', #3613, 20.00000000000039800 ) ;
#2883 = CIRCLE ( 'NONE', #9353, 5.674999999999997200 ) ;
#2884 = DIRECTION ( 'NONE',  ( 1.000000000000000000, 0.0000000000000000000, -0.0000000000000000000 ) ) ;
#2885 = EDGE_CURVE ( 'NONE', #7357, #4467, #8705, .T. ) ;
#2886 = ORIENTED_EDGE ( 'NONE', *, *, #6375, .F. ) ;
#2887 = LOCAL_TIME ( 13, 59, 25.00000000000000000, #548 ) ;
#2888 = CARTESIAN_POINT ( 'NONE',  ( 14.29000000000000600, -20.91968585628091400, 4.199182664333877200 ) ) ;
#2889 = ORIENTED_EDGE ( 'NONE', *, *, #84, .F. ) ;
#2890 = ADVANCED_FACE ( 'NONE', ( #7640 ), #5337, .T. ) ;
#2891 = ORIENTED_EDGE ( 'NONE', *, *, #79, .T. ) ;
#2892 = CARTESIAN_POINT ( 'NONE',  ( 13.44999999999999900, 8.899999999999993200, 0.0000000000000000000 ) ) ;
#2893 = DIRECTION ( 'NONE',  ( -8.775090700452169200E-016, -1.000000000000000000, -0.0000000000000000000 ) ) ;
#2894 = ORIENTED_EDGE ( 'NONE', *, *, #2270, .T. ) ;
#2895 =( BOUNDED_CURVE ( )  B_SPLINE_CURVE ( 2, ( #4968, #5640, #9330, #1099, #4912, #2637, #5673, #1137, #483 ),
 .UNSPECIFIED., .F., .F. ) 
 B_SPLINE_CURVE_WITH_KNOTS ( ( 3, 2, 2, 2, 3 ),
 ( 0.2812500000000000000, 0.2968750000000000000, 0.3125000000000000000, 0.3281250000000000000, 0.3437500000000000000 ),
 .UNSPECIFIED. ) 
 CURVE ( )  GEOMETRIC_REPRESENTATION_ITEM ( )  RATIONAL_B_SPLINE_CURVE ( ( 1.000000000000000000, 0.9238795325112867400, 1.000000000000000000, 0.9238795325112867400, 1.000000000000000000, 0.9238795325112867400, 1.000000000000000000, 0.9238795325112867400, 1.000000000000000000 ) ) 
 REPRESENTATION_ITEM ( '' )  );
#2896 = CYLINDRICAL_SURFACE ( 'NONE', #7218, 2.000000000000000000 ) ;
#2897 = CARTESIAN_POINT ( 'NONE',  ( 15.29350649495899500, 22.64442586040159000, 13.25428512093492700 ) ) ;
#2898 = VERTEX_POINT ( 'NONE', #3943 ) ;
#2899 = DIRECTION ( 'NONE',  ( 0.0000000000000000000, -1.000000000000000000, 0.0000000000000000000 ) ) ;
#2900 = DIRECTION ( 'NONE',  ( -0.4999999999999977200, 0.0000000000000000000, 0.8660254037844398200 ) ) ;
#2901 = ORIENTED_EDGE ( 'NONE', *, *, #2933, .F. ) ;
#2902 = CARTESIAN_POINT ( 'NONE',  ( -5.530092287193666900, 11.16822135689756700, -10.86821320548657300 ) ) ;
#2903 = FACE_OUTER_BOUND ( 'NONE', #7716, .T. ) ;
#2904 = CARTESIAN_POINT ( 'NONE',  ( 18.98984907001800700, 22.89746300178687500, 6.217612916958493100 ) ) ;
#2905 = FACE_OUTER_BOUND ( 'NONE', #3212, .T. ) ;
#2906 = ORIENTED_EDGE ( 'NONE', *, *, #455, .T. ) ;
#2907 = PLANE ( 'NONE',  #9531 ) ;
#2908 = FACE_OUTER_BOUND ( 'NONE', #6798, .T. ) ;
#2909 = CARTESIAN_POINT ( 'NONE',  ( 12.94999999999999200, -10.69999999999999000, 13.44999999999999900 ) ) ;
#2910 = CARTESIAN_POINT ( 'NONE',  ( 19.37468617176602200, 1.415705423273102100, -7.883053825936182000 ) ) ;
#2911 = DIRECTION ( 'NONE',  ( -1.000000000000000000, 0.0000000000000000000, 0.0000000000000000000 ) ) ;
#2912 = FACE_OUTER_BOUND ( 'NONE', #9295, .T. ) ;
#2913 = AXIS2_PLACEMENT_3D ( 'NONE', #3546, #4238, #5798 ) ;
#2914 = EDGE_CURVE ( 'NONE', #3333, #2302, #6418, .T. ) ;
#2915 = EDGE_CURVE ( 'NONE', #4343, #7410, #8870, .T. ) ;
#2916 = CARTESIAN_POINT ( 'NONE',  ( 3.710624621744368600, 0.5169338262740440500, 20.01428526116212900 ) ) ;
#2917 = DIRECTION ( 'NONE',  ( -0.7071067811865463500, -0.7071067811865487900, -0.0000000000000000000 ) ) ;
#2918 = CARTESIAN_POINT ( 'NONE',  ( -13.04177618759629300, 0.0000000000000000000, -13.81709353925949000 ) ) ;
#2919 = CIRCLE ( 'NONE', #5981, 9.525000000000000400 ) ;
#2920 = CARTESIAN_POINT ( 'NONE',  ( 9.069809202314353100, 16.88375000000001000, -9.069809202314482700 ) ) ;
#2921 = AXIS2_PLACEMENT_3D ( 'NONE', #8087, #4462, #6620 ) ;
#2922 = CARTESIAN_POINT ( 'NONE',  ( 12.69999999999996700, 15.38188021535169400, -9.023892744153245300E-014 ) ) ;
#2923 = DIRECTION ( 'NONE',  ( -0.0000000000000000000, 1.000000000000000000, 1.224646799147353200E-016 ) ) ;
#2924 = AXIS2_PLACEMENT_3D ( 'NONE', #7882, #2697, #1882 ) ;
#2925 = EDGE_CURVE ( 'NONE', #6809, #6807, #8590, .T. ) ;
#2926 = CARTESIAN_POINT ( 'NONE',  ( 11.89999999999999900, 13.65000000000001500, -1.414051752430313500E-013 ) ) ;
#2927 = VERTEX_POINT ( 'NONE', #7845 ) ;
#2928 = FACE_OUTER_BOUND ( 'NONE', #8495, .T. ) ;
#2929 = DIRECTION ( 'NONE',  ( -1.000000000000000000, 0.0000000000000000000, 0.0000000000000000000 ) ) ;
#2930 = CARTESIAN_POINT ( 'NONE',  ( -0.9570836862646579000, 11.11735395637022900, -12.08599220643363000 ) ) ;
#2931 = CARTESIAN_POINT ( 'NONE',  ( -15.66920801439210600, 0.6554350922083549400, 13.18827000240033900 ) ) ;
#2932 = ORIENTED_EDGE ( 'NONE', *, *, #6175, .T. ) ;
#2933 = EDGE_CURVE ( 'NONE', #9385, #1329, #6371, .T. ) ;
#2934 = B_SPLINE_CURVE_WITH_KNOTS ( 'NONE', 3,
 ( #1041, #7028, #3298, #4734, #1064, #223, #7004, #2567 ),
 .UNSPECIFIED., .F., .F.,
 ( 4, 2, 2, 4 ),
 ( 2.902788232702642300E-007, 0.001137135809203799700, 0.001705558574394060800, 0.002273981339584322000 ),
 .UNSPECIFIED. ) ;
#2935 = AXIS2_PLACEMENT_3D ( 'NONE', #7046, #1959, #431 ) ;
#2936 = ADVANCED_FACE ( 'NONE', ( #2161 ), #884, .F. ) ;
#2937 = DIRECTION ( 'NONE',  ( 0.0000000000000000000, 0.0000000000000000000, 1.000000000000000000 ) ) ;
#2938 = ORIENTED_EDGE ( 'NONE', *, *, #3912, .F. ) ;
#2939 = FACE_OUTER_BOUND ( 'NONE', #3804, .T. ) ;
#2940 = DIRECTION ( 'NONE',  ( -0.0000000000000000000, -1.000000000000000000, -0.0000000000000000000 ) ) ;
#2941 = CARTESIAN_POINT ( 'NONE',  ( 19.21121883656459400, 2.000000000000001800, -8.481100801995154400 ) ) ;
#2942 = CARTESIAN_POINT ( 'NONE',  ( -7.434591184897904000E-014, 15.03750000000001200, -11.89999999999999900 ) ) ;
#2944 = CARTESIAN_POINT ( 'NONE',  ( -14.29000000000000400, -10.80829037686547000, -6.257467538869049100 ) ) ;
#2943 = B_SPLINE_CURVE_WITH_KNOTS ( 'NONE', 3,
 ( #2931, #5213, #3996, #2487, #8497, #3314, #7728, #7760 ),
 .UNSPECIFIED., .F., .F.,
 ( 4, 2, 2, 4 ),
 ( 2.450904225294951500E-007, 0.0007047697048711753700, 0.001409294319319821400, 0.002818343548217112000 ),
 .UNSPECIFIED. ) ;
#2945 = ORIENTED_EDGE ( 'NONE', *, *, #360, .F. ) ;
#2946 = CC_DESIGN_DATE_AND_TIME_ASSIGNMENT ( #6935, #6478, ( #4271 ) ) ;
#2947 = CARTESIAN_POINT ( 'NONE',  ( 1.725874147982920700, 0.0000000000000000000, 15.50423678951415600 ) ) ;
#2948 = CARTESIAN_POINT ( 'NONE',  ( 14.28999999999999700, -10.80829037686547000, -6.257467538869064100 ) ) ;
#2949 = CARTESIAN_POINT ( 'NONE',  ( -9.454654399847413500, 0.0000000000000000000, 0.0000000000000000000 ) ) ;
#2950 = DIRECTION ( 'NONE',  ( 0.0000000000000000000, 0.0000000000000000000, 1.000000000000000000 ) ) ;
#2951 = CARTESIAN_POINT ( 'NONE',  ( -5.499261314031100400, -9.525000000000057200, 0.8507386859688216300 ) ) ;
#2952 = CARTESIAN_POINT ( 'NONE',  ( 12.82664718204931400, 18.07437500000000300, -5.312971222579575300 ) ) ;
#2953 = EDGE_CURVE ( 'NONE', #1097, #4308, #9410, .T. ) ;
#2954 = ORIENTED_EDGE ( 'NONE', *, *, #980, .F. ) ;
#2955 = FACE_OUTER_BOUND ( 'NONE', #9609, .T. ) ;
#2956 = VERTEX_POINT ( 'NONE', #2726 ) ;
#2957 = CARTESIAN_POINT ( 'NONE',  ( -11.90000000000005000, 11.46562500000002100, -4.929141392239710500 ) ) ;
#2958 = ORIENTED_EDGE ( 'NONE', *, *, #798, .F. ) ;
#2959 = ORIENTED_EDGE ( 'NONE', *, *, #3305, .T. ) ;
#2960 = CARTESIAN_POINT ( 'NONE',  ( -14.28999999999999700, -10.57175602935805100, 5.236102860723875100 ) ) ;
#2961 = CARTESIAN_POINT ( 'NONE',  ( 14.29000000000000400, 0.0000000000000000000, 6.257467538869049100 ) ) ;
#2962 = VERTEX_POINT ( 'NONE', #4909 ) ;
#2963 = LINE ( 'NONE', #5352, #6929 ) ;
#2964 = ORIENTED_EDGE ( 'NONE', *, *, #6647, .T. ) ;
#2965 = AXIS2_PLACEMENT_3D ( 'NONE', #2435, #3195, #961 ) ;
#2967 = ORIENTED_EDGE ( 'NONE', *, *, #7847, .F. ) ;
#2966 = VERTEX_POINT ( 'NONE', #5638 ) ;
#2968 = EDGE_CURVE ( 'NONE', #5330, #6435, #4627, .T. ) ;
#2969 = CARTESIAN_POINT ( 'NONE',  ( 1.561966144680487000E-014, 17.80000000000001100, 0.0000000000000000000 ) ) ;
#2970 = CARTESIAN_POINT ( 'NONE',  ( -6.440000000000000400, 7.886725386508954900E-016, 17.10000000000000100 ) ) ;
#2971 = EDGE_CURVE ( 'NONE', #9103, #4637, #7407, .T. ) ;
#2972 = CARTESIAN_POINT ( 'NONE',  ( -15.66920801439193200, 0.6554350922085008200, -13.18827000240034800 ) ) ;
#2973 = FACE_OUTER_BOUND ( 'NONE', #5955, .T. ) ;
#2974 = CARTESIAN_POINT ( 'NONE',  ( 12.44999999999999900, 0.0000000000000000000, 0.0000000000000000000 ) ) ;
#2975 = ORIENTED_EDGE ( 'NONE', *, *, #4592, .T. ) ;
#2976 = CARTESIAN_POINT ( 'NONE',  ( 1.676189835216507400, 0.9715197356752061100, 1.208309796895569800 ) ) ;
#2977 = VERTEX_POINT ( 'NONE', #1912 ) ;
#2978 = DATE_AND_TIME ( #6469, #1565 ) ;
#2979 = AXIS2_PLACEMENT_3D ( 'NONE', #2096, #6656, #5943 ) ;
#2980 = CARTESIAN_POINT ( 'NONE',  ( 9.000000000000001800, -10.80000000000000600, -6.500000000000000900 ) ) ;
#2981 = ADVANCED_FACE ( 'NONE', ( #1234 ), #5451, .F. ) ;
#2982 = CARTESIAN_POINT ( 'NONE',  ( -10.65465439984741300, 7.715274834628321400E-016, 6.299999999999996300 ) ) ;
#2983 = CIRCLE ( 'NONE', #8647, 5.050000000000013100 ) ;
#2984 = CARTESIAN_POINT ( 'NONE',  ( 0.1083897543756180400, 1.048450446541746400, 2.047132546062027100 ) ) ;
#2985 = DIRECTION ( 'NONE',  ( 0.0000000000000000000, 0.0000000000000000000, 1.000000000000000000 ) ) ;
#2986 = FACE_OUTER_BOUND ( 'NONE', #6039, .T. ) ;
#2987 = CARTESIAN_POINT ( 'NONE',  ( 9.069809202314482700, 15.29625000000001300, 9.069809202314353100 ) ) ;
#2988 = EDGE_CURVE ( 'NONE', #9566, #2674, #9634, .T. ) ;
#2989 = PRODUCT_DEFINITION_SHAPE ( 'NONE', 'NONE',  #9693 ) ;
#2990 = CARTESIAN_POINT ( 'NONE',  ( 8.073252374094719700, -10.05294454034874500, 11.83957626202014200 ) ) ;
#2991 = DIRECTION ( 'NONE',  ( 0.0000000000000000000, 1.000000000000000000, 0.0000000000000000000 ) ) ;
#2992 = ORIENTED_EDGE ( 'NONE', *, *, #4376, .T. ) ;
#2993 = DIRECTION ( 'NONE',  ( -1.000000000000000000, 0.0000000000000000000, 0.0000000000000000000 ) ) ;
#2994 = EDGE_CURVE ( 'NONE', #5884, #9613, #9048, .T. ) ;
#2995 = FACE_OUTER_BOUND ( 'NONE', #1677, .T. ) ;
#2996 = ADVANCED_FACE ( 'NONE', ( #6722 ), #5669, .F. ) ;
#2997 = CARTESIAN_POINT ( 'NONE',  ( 0.9324499088765415600, 9.525000000000005700, 17.58019026657265000 ) ) ;
#2998 = CIRCLE ( 'NONE', #2090, 9.525000000000002100 ) ;
#2999 = CARTESIAN_POINT ( 'NONE',  ( -14.29000000000000400, -10.57053452402854200, -5.230828352345399800 ) ) ;
#3000 = ORIENTED_EDGE ( 'NONE', *, *, #6285, .T. ) ;
#3001 = DATE_AND_TIME ( #5789, #1708 ) ;
#3002 = CARTESIAN_POINT ( 'NONE',  ( -7.434591184897904000E-014, 15.23750000000001100, -11.89999999999999900 ) ) ;
#3003 = ORIENTED_EDGE ( 'NONE', *, *, #3102, .F. ) ;
#3004 = CIRCLE ( 'NONE', #232, 11.99999999999998800 ) ;
#3005 = FACE_OUTER_BOUND ( 'NONE', #3635, .T. ) ;
#3006 = DIRECTION ( 'NONE',  ( 0.0000000000000000000, 0.0000000000000000000, -1.000000000000000000 ) ) ;
#3007 = DIRECTION ( 'NONE',  ( 0.0000000000000000000, 0.0000000000000000000, 1.000000000000000000 ) ) ;
#3008 = SECURITY_CLASSIFICATION ( '', '', #2866 ) ;
#3009 = CALENDAR_DATE ( 2023, 6, 9 ) ;
#3010 = CARTESIAN_POINT ( 'NONE',  ( 12.69999999999993200, 13.06749478464833900, -5.260512242138386100 ) ) ;
#3011 = CARTESIAN_POINT ( 'NONE',  ( 14.28999999999999700, -10.57053452402845500, -5.230828352345029400 ) ) ;
#3012 = ORIENTED_EDGE ( 'NONE', *, *, #258, .T. ) ;
#3013 = ORIENTED_EDGE ( 'NONE', *, *, #2316, .T. ) ;
#3014 = DIRECTION ( 'NONE',  ( -0.0000000000000000000, -0.0000000000000000000, -1.000000000000000000 ) ) ;
#3015 = FACE_OUTER_BOUND ( 'NONE', #7040, .T. ) ;
#3016 = EDGE_CURVE ( 'NONE', #6167, #941, #1124, .T. ) ;
#3017 = CARTESIAN_POINT ( 'NONE',  ( 0.0000000000000000000, 17.80000000000000100, -11.89999999999999900 ) ) ;
#3018 = DIRECTION ( 'NONE',  ( -0.0000000000000000000, -0.0000000000000000000, -1.000000000000000000 ) ) ;
#3019 = VECTOR ( 'NONE', #6646, 1000.000000000000000 ) ;
#3020 = CARTESIAN_POINT ( 'NONE',  ( 2.505195764093436100, 1.764584338994625200, 20.83700186254403500 ) ) ;
#3021 = CARTESIAN_POINT ( 'NONE',  ( -4.549999999999999800, 5.572142936120457300E-016, -3.000000000000000000 ) ) ;
#3022 = ADVANCED_FACE ( 'NONE', ( #4989 ), #4393, .F. ) ;
#3023 = CARTESIAN_POINT ( 'NONE',  ( -19.37461421205359000, 21.35549407508135600, 7.882888917229126800 ) ) ;
#3024 = CARTESIAN_POINT ( 'NONE',  ( 7.329775885174330000, 24.16404021836055400, 16.65928383357266200 ) ) ;
#3025 = ORIENTED_EDGE ( 'NONE', *, *, #7727, .F. ) ;
#3026 = CARTESIAN_POINT ( 'NONE',  ( 12.82664718204939200, 17.91562500000000900, 5.312971222579391500 ) ) ;
#3027 = ORIENTED_EDGE ( 'NONE', *, *, #3182, .F. ) ;
#3028 = CARTESIAN_POINT ( 'NONE',  ( -9.254654399847414200, 5.449678256205717800E-016, 4.449999999999996600 ) ) ;
#3029 = CARTESIAN_POINT ( 'NONE',  ( 2.260760671697890500, 30.00000000000000000, 20.87795395112464500 ) ) ;
#3030 = PERSON_AND_ORGANIZATION ( #4303, #4183 ) ;
#3031 = CARTESIAN_POINT ( 'NONE',  ( 6.440000000000000400, 0.0000000000000000000, 17.10000000000000100 ) ) ;
#3032 = DIRECTION ( 'NONE',  ( 0.0000000000000000000, 0.0000000000000000000, -1.000000000000000000 ) ) ;
#3033 = DIRECTION ( 'NONE',  ( 0.0000000000000000000, 0.0000000000000000000, -1.000000000000000000 ) ) ;
#3034 = ADVANCED_FACE ( 'NONE', ( #1936 ), #2519, .T. ) ;
#3035 = LINE ( 'NONE', #6712, #7688 ) ;
#3036 = CARTESIAN_POINT ( 'NONE',  ( -0.5608904233199663000, 1.177517174045585900, -1.976580462623437800 ) ) ;
#3037 = CARTESIAN_POINT ( 'NONE',  ( -8.570769583954099600, 24.29988525591128800, -15.83620107872993700 ) ) ;
#3038 = AXIS2_PLACEMENT_3D ( 'NONE', #1570, #3117, #4575 ) ;
#3039 = CARTESIAN_POINT ( 'NONE',  ( -11.44999999999999800, 0.0000000000000000000, 0.0000000000000000000 ) ) ;
#3040 = CARTESIAN_POINT ( 'NONE',  ( 8.248891971046772300, 4.762500000000010800, 17.60000000000000100 ) ) ;
#3041 = AXIS2_PLACEMENT_3D ( 'NONE', #8901, #7490, #8259 ) ;
#3042 = ADVANCED_FACE ( 'NONE', ( #8931 ), #3122, .T. ) ;
#3043 = LINE ( 'NONE', #8385, #8753 ) ;
#3044 = EDGE_CURVE ( 'NONE', #7721, #2826, #3688, .T. ) ;
#3045 = CARTESIAN_POINT ( 'NONE',  ( 1.815700259159327000, 0.9157423076839077400, 0.9846728756826436100 ) ) ;
#3046 = VERTEX_POINT ( 'NONE', #5858 ) ;
#3047 = CARTESIAN_POINT ( 'NONE',  ( 11.90000000000003600, 19.72062500000000200, 4.929141392239745100 ) ) ;
#3048 = CARTESIAN_POINT ( 'NONE',  ( 0.0000000000000000000, 0.0000000000000000000, 14.19999999999999900 ) ) ;
#3049 = DIRECTION ( 'NONE',  ( -1.000000000000000000, -0.0000000000000000000, -0.0000000000000000000 ) ) ;
#3050 = CARTESIAN_POINT ( 'NONE',  ( 6.928501258267278500, 24.08264467504810800, 16.95517651385442900 ) ) ;
#3051 = CARTESIAN_POINT ( 'NONE',  ( -12.82664718204935100, 14.82000000000001400, 8.956799855210032000E-014 ) ) ;
#3052 = DIRECTION ( 'NONE',  ( -0.7071067811865521200, 0.0000000000000000000, 0.7071067811865430200 ) ) ;
#3053 = ORIENTED_EDGE ( 'NONE', *, *, #7393, .T. ) ;
#3054 = FACE_OUTER_BOUND ( 'NONE', #3072, .T. ) ;
#3055 = AXIS2_PLACEMENT_3D ( 'NONE', #5480, #218, #5450 ) ;
#3056 = CARTESIAN_POINT ( 'NONE',  ( 5.499261314031300300, -9.524999999999941700, 0.8507386859688205200 ) ) ;
#3057 = DIRECTION ( 'NONE',  ( -0.0000000000000000000, -0.0000000000000000000, -1.000000000000000000 ) ) ;
#3058 = ORIENTED_EDGE ( 'NONE', *, *, #1167, .F. ) ;
#3059 = DIRECTION ( 'NONE',  ( 8.659560562354929200E-017, -0.7071067811865479100, 0.7071067811865471300 ) ) ;
#3060 = DIRECTION ( 'NONE',  ( 0.0000000000000000000, 0.0000000000000000000, -1.000000000000000000 ) ) ;
#3061 = DIRECTION ( 'NONE',  ( 1.000000000000000000, -8.775090700452170200E-016, 0.0000000000000000000 ) ) ;
#3062 = ORIENTED_EDGE ( 'NONE', *, *, #7485, .T. ) ;
#3063 = EDGE_CURVE ( 'NONE', #765, #2777, #5679, .T. ) ;
#3064 =( BOUNDED_CURVE ( )  B_SPLINE_CURVE ( 2, ( #6994, #9183, #3259, #5509, #1055, #6495, #2712, #4953, #2686 ),
 .UNSPECIFIED., .F., .F. ) 
 B_SPLINE_CURVE_WITH_KNOTS ( ( 3, 2, 2, 2, 3 ),
 ( 0.1875000000000000000, 0.2031250000000000000, 0.2187500000000000000, 0.2343750000000000000, 0.2500000000000000000 ),
 .UNSPECIFIED. ) 
 CURVE ( )  GEOMETRIC_REPRESENTATION_ITEM ( )  RATIONAL_B_SPLINE_CURVE ( ( 1.000000000000000000, 0.9238795325112867400, 1.000000000000000000, 0.9238795325112867400, 1.000000000000000000, 0.9238795325112867400, 1.000000000000000000, 0.9238795325112867400, 1.000000000000000000 ) ) 
 REPRESENTATION_ITEM ( '' )  );
#3065 = PRODUCT_DEFINITION_FORMATION_WITH_SPECIFIED_SOURCE ( '任何', '', #2665, .NOT_KNOWN. ) ;
#3066 = ADVANCED_FACE ( 'NONE', ( #8825 ), #6832, .T. ) ;
#3067 = B_SPLINE_CURVE_WITH_KNOTS ( 'NONE', 3,
 ( #7296, #2135, #3552, #5093, #4316, #4244, #1326, #2871, #8703, #8736, #8083, #576, #7353, #8832, #3497, #4341, #4368, #9550, #9577, #2080, #610, #5840, #6515, #1293, #3523, #9453, #7327, #7230 ),
 .UNSPECIFIED., .F., .F.,
 ( 4, 2, 2, 2, 2, 2, 2, 2, 2, 2, 2, 2, 2, 4 ),
 ( 4.970429286106088200E-016, 0.001291250424517673000, 0.002582500849034849100, 0.005165001698069200300, 0.006456252122586376800, 0.007747502547103554200, 0.01033000339613790500, 0.01162125382065508000, 0.01291250424517225600, 0.01420375466968943100, 0.01549500509420660900, 0.01807750594324095800, 0.01936875636775813700, 0.02066000679227531300 ),
 .UNSPECIFIED. ) ;
#3068 = CARTESIAN_POINT ( 'NONE',  ( 18.09225095131634100, 24.16404021836067500, 1.981869796178861800 ) ) ;
#3069 = CARTESIAN_POINT ( 'NONE',  ( 2.260760671698242700, 2.000000000000001800, -20.87795395112516400 ) ) ;
#3070 = DIRECTION ( 'NONE',  ( 0.0000000000000000000, -0.4999999999999976100, -0.8660254037844400400 ) ) ;
#3071 = CARTESIAN_POINT ( 'NONE',  ( -0.2901861929251793300, 1.080184379181143600, 2.030634477646808400 ) ) ;
#3072 = EDGE_LOOP ( 'NONE', ( #2457, #7041, #6208, #2280 ) ) ;
#3073 = CARTESIAN_POINT ( 'NONE',  ( 0.1502322048931630800, 6.439999999999999500, 4.250000000000002700 ) ) ;
#3074 = CARTESIAN_POINT ( 'NONE',  ( -13.05465439984742000, 0.0000000000000000000, 0.0000000000000000000 ) ) ;
#3075 = CARTESIAN_POINT ( 'NONE',  ( -12.27635182233306700, 9.853150698279008300E-016, -8.045708121834929100 ) ) ;
#3076 = DIRECTION ( 'NONE',  ( -4.205219310670844300E-016, 0.0000000000000000000, -1.000000000000000000 ) ) ;
#3077 = CARTESIAN_POINT ( 'NONE',  ( -11.89999999999996300, 16.70437500000000600, 4.929141392239922800 ) ) ;
#3078 = FACE_OUTER_BOUND ( 'NONE', #5581, .T. ) ;
#3079 = ORIENTED_EDGE ( 'NONE', *, *, #3063, .T. ) ;
#3080 = CARTESIAN_POINT ( 'NONE',  ( 1.725874147982899800, 0.0000000000000000000, -15.50423678951415800 ) ) ;
#3081 = CARTESIAN_POINT ( 'NONE',  ( -19.29824936307444000, 20.92702910605369500, 8.248035713895157900 ) ) ;
#3082 = DIRECTION ( 'NONE',  ( -1.000000000000000000, 0.0000000000000000000, 0.0000000000000000000 ) ) ;
#3083 = CARTESIAN_POINT ( 'NONE',  ( -9.069809202314482700, 13.39125000000001700, -9.069809202314353100 ) ) ;
#3085 = VERTEX_POINT ( 'NONE', #8011 ) ;
#3084 = ORIENTED_EDGE ( 'NONE', *, *, #1725, .F. ) ;
#3086 = DIRECTION ( 'NONE',  ( -5.062054713723247700E-019, -1.000000000000000000, -0.0000000000000000000 ) ) ;
#3087 = CARTESIAN_POINT ( 'NONE',  ( -19.39037317258389600, 1.071902121975060200, 7.498708605805199500 ) ) ;
#3088 = CARTESIAN_POINT ( 'NONE',  ( -13.79999999999999900, 2.299999999999993200, 0.0000000000000000000 ) ) ;
#3089 = FACE_OUTER_BOUND ( 'NONE', #3870, .T. ) ;
#3090 = VERTEX_POINT ( 'NONE', #634 ) ;
#3091 = VERTEX_POINT ( 'NONE', #541 ) ;
#3092 = ADVANCED_FACE ( 'NONE', ( #6605 ), #4879, .F. ) ;
#3093 = CARTESIAN_POINT ( 'NONE',  ( -12.94999999999999200, -11.19999999999999800, 13.44999999999999900 ) ) ;
#3094 = VERTEX_POINT ( 'NONE', #3614 ) ;
#3095 = CARTESIAN_POINT ( 'NONE',  ( -13.99999999999999800, 0.0000000000000000000, 0.0000000000000000000 ) ) ;
#3096 = APPROVAL_DATE_TIME ( #7749, #6196 ) ;
#3097 = DIRECTION ( 'NONE',  ( 0.0000000000000000000, 0.0000000000000000000, -1.000000000000000000 ) ) ;
#3098 = CONICAL_SURFACE ( 'NONE', #4100, 21.00000000000000000, 0.9599310885968759300 ) ;
#3099 = CONICAL_SURFACE ( 'NONE', #2979, 11.09999999999998500, 0.7853981633974526100 ) ;
#3100 = AXIS2_PLACEMENT_3D ( 'NONE', #5328, #5969, #1502 ) ;
#3101 = DIRECTION ( 'NONE',  ( 0.0000000000000000000, 0.0000000000000000000, 1.000000000000000000 ) ) ;
#3102 = EDGE_CURVE ( 'NONE', #7378, #5214, #3975, .T. ) ;
#3103 = DIRECTION ( 'NONE',  ( -0.0000000000000000000, -0.7071067811865474600, -0.7071067811865474600 ) ) ;
#3104 = ORIENTED_EDGE ( 'NONE', *, *, #9586, .F. ) ;
#3105 = CARTESIAN_POINT ( 'NONE',  ( -1.604090789826550000, 1.910297053378465800, 1.300882343225461700 ) ) ;
#3106 = CARTESIAN_POINT ( 'NONE',  ( 0.0000000000000000000, -10.80829037686547000, 0.0000000000000000000 ) ) ;
#3107 = EDGE_CURVE ( 'NONE', #9206, #5876, #4506, .T. ) ;
#3108 = DIRECTION ( 'NONE',  ( -0.9848077530122081300, 2.126576849575763900E-017, -0.1736481776669296700 ) ) ;
#3109 = FACE_OUTER_BOUND ( 'NONE', #8365, .T. ) ;
#3110 = CIRCLE ( 'NONE', #5291, 4.449999999999996600 ) ;
#3111 = CARTESIAN_POINT ( 'NONE',  ( -5.445065917666410900, 0.0000000000000000000, 18.20305625855910500 ) ) ;
#3112 = ORIENTED_EDGE ( 'NONE', *, *, #471, .F. ) ;
#3113 = AXIS2_PLACEMENT_3D ( 'NONE', #2628, #1753, #3266 ) ;
#3114 = DIRECTION ( 'NONE',  ( -1.000000000000000000, 0.0000000000000000000, 0.0000000000000000000 ) ) ;
#3115 = EDGE_LOOP ( 'NONE', ( #619, #8610 ) ) ;
#3116 = AXIS2_PLACEMENT_3D ( 'NONE', #6663, #2296, #5149 ) ;
#3117 = DIRECTION ( 'NONE',  ( -0.0000000000000000000, 1.000000000000000000, -0.0000000000000000000 ) ) ;
#3118 = CARTESIAN_POINT ( 'NONE',  ( -5.609051806756609100, 17.32267179246581500, 11.04080484276175700 ) ) ;
#3119 = DIRECTION ( 'NONE',  ( -8.775090700452169200E-016, -1.000000000000000000, -0.0000000000000000000 ) ) ;
#3120 = CARTESIAN_POINT ( 'NONE',  ( 5.312971222579579800, 12.67687500000001700, 12.82664718204931200 ) ) ;
#3121 = EDGE_CURVE ( 'NONE', #5873, #1767, #2227, .T. ) ;
#3122 = CYLINDRICAL_SURFACE ( 'NONE', #8420, 2.000000000000001800 ) ;
#3123 = VECTOR ( 'NONE', #5941, 1000.000000000000000 ) ;
#3124 = ORIENTED_EDGE ( 'NONE', *, *, #6922, .T. ) ;
#3125 = CARTESIAN_POINT ( 'NONE',  ( 11.99999999999999600, 9.700000000000002800, 0.0000000000000000000 ) ) ;
#3126 = APPROVAL_PERSON_ORGANIZATION ( #1362, #2880, #484 ) ;
#3127 = ORIENTED_EDGE ( 'NONE', *, *, #6099, .T. ) ;
#3128 = EDGE_CURVE ( 'NONE', #6830, #5758, #1703, .T. ) ;
#3129 = B_SPLINE_CURVE_WITH_KNOTS ( 'NONE', 3,
 ( #1497, #7334, #6717, #2910, #8126, #3649, #8868, #2941 ),
 .UNSPECIFIED., .F., .F.,
 ( 4, 2, 2, 4 ),
 ( 2.582520043899257800E-007, 0.001019724557125625200, 0.001529457709686241100, 0.002039190862246857000 ),
 .UNSPECIFIED. ) ;
#3130 = ORIENTED_EDGE ( 'NONE', *, *, #9237, .F. ) ;
#3131 = B_SPLINE_CURVE_WITH_KNOTS ( 'NONE', 3,
 ( #5407, #4619, #3133, #4582, #68, #6823 ),
 .UNSPECIFIED., .F., .F.,
 ( 4, 2, 4 ),
 ( 5.416199125810628600E-007, 0.0007387541633086241100, 0.001476966706704666500 ),
 .UNSPECIFIED. ) ;
#3132 = EDGE_LOOP ( 'NONE', ( #2355, #1824, #5211, #7975 ) ) ;
#3133 = CARTESIAN_POINT ( 'NONE',  ( -4.110313416713467800, 22.89746270853373000, -19.55449859237786800 ) ) ;
#3134 = DIRECTION ( 'NONE',  ( -0.7071067811865475700, 0.0000000000000000000, 0.7071067811865475700 ) ) ;
#3135 = CARTESIAN_POINT ( 'NONE',  ( 0.0000000000000000000, 0.0000000000000000000, 0.0000000000000000000 ) ) ;
#3136 = CARTESIAN_POINT ( 'NONE',  ( -16.79213315032062300, 20.92702909032001200, -12.58875633009873200 ) ) ;
#3137 = VERTEX_POINT ( 'NONE', #9665 ) ;
#3138 = CARTESIAN_POINT ( 'NONE',  ( -1.235747242072043000, 1.615456778538793400, -1.640338882096567600 ) ) ;
#3139 = DIRECTION ( 'NONE',  ( 0.0000000000000000000, 0.0000000000000000000, 1.000000000000000000 ) ) ;
#3140 = VERTEX_POINT ( 'NONE', #8946 ) ;
#3141 = CONICAL_SURFACE ( 'NONE', #2534, 14.19999999999999900, 1.047197551196600500 ) ;
#3142 = CARTESIAN_POINT ( 'NONE',  ( -10.85465439984741200, 0.0000000000000000000, -5.674999999999997200 ) ) ;
#3143 = APPROVAL ( #9421, '未指定' ) ;
#3144 = DIRECTION ( 'NONE',  ( 0.0000000000000000000, -1.000000000000000000, 0.0000000000000000000 ) ) ;
#3145 = DIRECTION ( 'NONE',  ( 0.0000000000000000000, -1.000000000000000000, 0.0000000000000000000 ) ) ;
#3146 = ADVANCED_FACE ( 'NONE', ( #7309 ), #184, .T. ) ;
#3147 = ORIENTED_EDGE ( 'NONE', *, *, #6175, .F. ) ;
#3148 = CARTESIAN_POINT ( 'NONE',  ( -11.44999999999999800, 0.0000000000000000000, 4.688733431983856700 ) ) ;
#3149 = EDGE_CURVE ( 'NONE', #2524, #7374, #7073, .T. ) ;
#3150 = CIRCLE ( 'NONE', #5870, 11.09999999999998400 ) ;
#3151 = CARTESIAN_POINT ( 'NONE',  ( -8.382592070995923700E-014, 16.30750000000000800, -11.89999999999999900 ) ) ;
#3152 = CARTESIAN_POINT ( 'NONE',  ( -9.254654399847414200, 0.0000000000000000000, 0.0000000000000000000 ) ) ;
#3153 = CARTESIAN_POINT ( 'NONE',  ( -12.40455242486760500, 17.19791561265896400, 1.610476656462466400 ) ) ;
#3154 = FACE_OUTER_BOUND ( 'NONE', #3695, .T. ) ;
#3155 = CARTESIAN_POINT ( 'NONE',  ( 9.069809202314482700, 14.02625000000001500, 9.069809202314353100 ) ) ;
#3156 = CARTESIAN_POINT ( 'NONE',  ( 1.457329690985350200E-015, 17.80000000000000100, 11.89999999999999900 ) ) ;
#3157 = CARTESIAN_POINT ( 'NONE',  ( -13.05465439984742000, 0.0000000000000000000, 0.0000000000000000000 ) ) ;
#3158 = VECTOR ( 'NONE', #9459, 1000.000000000000000 ) ;
#3159 = AXIS2_PLACEMENT_3D ( 'NONE', #2558, #3964, #4761 ) ;
#3160 = CARTESIAN_POINT ( 'NONE',  ( 1.411206265628322400, 1.029604922483224200, -1.492645897336815300 ) ) ;
#3161 = DIRECTION ( 'NONE',  ( 1.000000000000000000, -0.0000000000000000000, -0.0000000000000000000 ) ) ;
#3162 = PLANE ( 'NONE',  #1722 ) ;
#3163 = ADVANCED_FACE ( 'NONE', ( #3464 ), #5900, .F. ) ;
#3164 = CARTESIAN_POINT ( 'NONE',  ( 9.000000000000001800, -1.199999999999999700, -9.000000000000000000 ) ) ;
#3165 = ORIENTED_EDGE ( 'NONE', *, *, #1461, .T. ) ;
#3166 = CARTESIAN_POINT ( 'NONE',  ( -5.260512242138207600, 16.25500521535169100, 12.70000000000000100 ) ) ;
#3167 = FACE_BOUND ( 'NONE', #6123, .T. ) ;
#3168 = DIRECTION ( 'NONE',  ( 1.000000000000000000, -8.775090700452170200E-016, 0.0000000000000000000 ) ) ;
#3169 = CARTESIAN_POINT ( 'NONE',  ( 0.0000000000000000000, 0.0000000000000000000, 0.0000000000000000000 ) ) ;
#3170 = CARTESIAN_POINT ( 'NONE',  ( -5.743329534442226600, 0.0000000000000000000, 0.0000000000000000000 ) ) ;
#3171 = CARTESIAN_POINT ( 'NONE',  ( 0.0000000000000000000, 0.0000000000000000000, 0.0000000000000000000 ) ) ;
#3172 = AXIS2_PLACEMENT_3D ( 'NONE', #9532, #8165, #1344 ) ;
#3173 = ORIENTED_EDGE ( 'NONE', *, *, #8994, .T. ) ;
#3174 = DIRECTION ( 'NONE',  ( 0.9848077530122075800, 2.126576849575801200E-017, 0.1736481776669327700 ) ) ;
#3175 = AXIS2_PLACEMENT_3D ( 'NONE', #132, #998, #1643 ) ;
#3176 = EDGE_CURVE ( 'NONE', #5909, #5357, #2882, .T. ) ;
#3177 = ORIENTED_EDGE ( 'NONE', *, *, #4106, .F. ) ;
#3178 = CYLINDRICAL_SURFACE ( 'NONE', #1360, 4.549999999999999800 ) ;
#3179 = CARTESIAN_POINT ( 'NONE',  ( 4.929141392239747800, 16.22812500000000900, -11.90000000000003200 ) ) ;
#3180 = CARTESIAN_POINT ( 'NONE',  ( 6.011705449693186800, 17.44911971002027000, 10.70540636591599300 ) ) ;
#3181 = DIRECTION ( 'NONE',  ( -0.0000000000000000000, -0.0000000000000000000, -1.000000000000000000 ) ) ;
#3182 = EDGE_CURVE ( 'NONE', #6868, #8798, #8231, .T. ) ;
#3183 = AXIS2_PLACEMENT_3D ( 'NONE', #289, #1826, #7792 ) ;
#3184 = CARTESIAN_POINT ( 'NONE',  ( -11.89999999999999900, 20.63500000000000200, 8.309725586446653600E-014 ) ) ;
#3185 = DIRECTION ( 'NONE',  ( 0.0000000000000000000, -1.000000000000000000, 0.0000000000000000000 ) ) ;
#3186 = CARTESIAN_POINT ( 'NONE',  ( -9.254654399847414200, 0.0000000000000000000, 6.100000000000000500 ) ) ;
#3187 = AXIS2_PLACEMENT_3D ( 'NONE', #85, #1595, #910 ) ;
#3188 = DIRECTION ( 'NONE',  ( -5.062054713723247700E-019, -1.000000000000000000, -0.0000000000000000000 ) ) ;
#3189 = ORIENTED_EDGE ( 'NONE', *, *, #773, .F. ) ;
#3190 = DIRECTION ( 'NONE',  ( -0.0000000000000000000, -1.000000000000000000, -0.0000000000000000000 ) ) ;
#3191 = ADVANCED_FACE ( 'NONE', ( #7892 ), #1695, .T. ) ;
#3192 = CARTESIAN_POINT ( 'NONE',  ( -4.929141392239745100, 17.06312500000001000, 11.90000000000003800 ) ) ;
#3193 = B_SPLINE_CURVE_WITH_KNOTS ( 'NONE', 3,
 ( #9556, #1496, #6645, #2086, #2174, #8058 ),
 .UNSPECIFIED., .F., .F.,
 ( 4, 2, 4 ),
 ( 0.03038055683586330500, 0.03316512640569456400, 0.03594969597552582400 ),
 .UNSPECIFIED. ) ;
#3194 = CARTESIAN_POINT ( 'NONE',  ( 1.103221001132063100, 1.067664648972970000, -1.732754799241450300 ) ) ;
#3195 = DIRECTION ( 'NONE',  ( 8.775090700452169200E-016, 1.000000000000000000, 0.0000000000000000000 ) ) ;
#3196 = DIRECTION ( 'NONE',  ( 1.000000000000000000, -0.0000000000000000000, -0.0000000000000000000 ) ) ;
#3197 = CARTESIAN_POINT ( 'NONE',  ( -11.44999999999999800, 5.742042389534214600E-016, -4.688733431983856700 ) ) ;
#3198 = ORIENTED_EDGE ( 'NONE', *, *, #6420, .F. ) ;
#3199 = CC_DESIGN_PERSON_AND_ORGANIZATION_ASSIGNMENT ( #6262, #9390, ( #5073 ) ) ;
#3200 = CONICAL_SURFACE ( 'NONE', #5984, 2.991239569296595800, 1.047197551196593200 ) ;
#3201 = ORIENTED_EDGE ( 'NONE', *, *, #1042, .F. ) ;
#3202 = ORIENTED_EDGE ( 'NONE', *, *, #7274, .F. ) ;
#3203 = CARTESIAN_POINT ( 'NONE',  ( 12.69999999999996700, 14.11188021535169500, -9.023892744153245300E-014 ) ) ;
#3204 = DIRECTION ( 'NONE',  ( 0.0000000000000000000, 1.000000000000000000, 0.0000000000000000000 ) ) ;
#3205 = EDGE_LOOP ( 'NONE', ( #8656, #5313, #7704, #2132 ) ) ;
#3206 = EDGE_CURVE ( 'NONE', #4933, #6340, #4042, .T. ) ;
#3207 = DIRECTION ( 'NONE',  ( 0.0000000000000000000, 0.0000000000000000000, 1.000000000000000000 ) ) ;
#3208 = DIRECTION ( 'NONE',  ( -0.0000000000000000000, 1.000000000000000000, -0.0000000000000000000 ) ) ;
#3209 = FACE_OUTER_BOUND ( 'NONE', #5629, .T. ) ;
#3210 = ORIENTED_EDGE ( 'NONE', *, *, #8651, .F. ) ;
#3212 = EDGE_LOOP ( 'NONE', ( #3025, #8799, #2024 ) ) ;
#3211 = VERTEX_POINT ( 'NONE', #5242 ) ;
#3213 = ITEM_DEFINED_TRANSFORMATION ( 'NONE', 'NONE', #9373,  #1296 ) ;
#3214 = CARTESIAN_POINT ( 'NONE',  ( 4.929141392239747800, 14.95812500000001300, -11.90000000000003200 ) ) ;
#3215 = CARTESIAN_POINT ( 'NONE',  ( 12.05140565262880500, 17.56797566797373700, 1.611036353067781600 ) ) ;
#3216 = CARTESIAN_POINT ( 'NONE',  ( -12.56412585201709200, -10.80829037686547000, -9.246769250645098000 ) ) ;
#3217 = CIRCLE ( 'NONE', #7103, 11.09999999999998500 ) ;
#3218 = CARTESIAN_POINT ( 'NONE',  ( 8.414570696119975300, 19.84125000000000200, 8.414570696119856300 ) ) ;
#3219 = DIRECTION ( 'NONE',  ( -1.000000000000000000, 9.376883653928698500E-016, 0.0000000000000000000 ) ) ;
#3220 = EDGE_LOOP ( 'NONE', ( #6047, #155, #4842, #1673 ) ) ;
#3221 = CARTESIAN_POINT ( 'NONE',  ( -9.254654399847414200, 0.0000000000000000000, 0.0000000000000000000 ) ) ;
#3222 = ORIENTED_EDGE ( 'NONE', *, *, #6810, .F. ) ;
#3223 = DIRECTION ( 'NONE',  ( -0.0000000000000000000, -1.000000000000000000, -0.0000000000000000000 ) ) ;
#3224 = CARTESIAN_POINT ( 'NONE',  ( -19.21121883656405100, 2.000000000000001800, 8.481100801995044200 ) ) ;
#3225 = PERSON_AND_ORGANIZATION ( #4303, #4183 ) ;
#3226 = DIRECTION ( 'NONE',  ( 0.0000000000000000000, 1.000000000000000000, 0.0000000000000000000 ) ) ;
#3227 = FACE_OUTER_BOUND ( 'NONE', #1068, .T. ) ;
#3228 = CARTESIAN_POINT ( 'NONE',  ( -7.434591184897904000E-014, 15.03750000000001200, -11.89999999999999900 ) ) ;
#3229 = CIRCLE ( 'NONE', #8673, 11.69999999999998900 ) ;
#3230 = CARTESIAN_POINT ( 'NONE',  ( 0.0000000000000000000, -21.30000000000000100, 0.0000000000000000000 ) ) ;
#3231 = DIRECTION ( 'NONE',  ( -0.0000000000000000000, 1.000000000000000000, 0.0000000000000000000 ) ) ;
#3232 = CARTESIAN_POINT ( 'NONE',  ( 12.39381191565516400, 11.44553358200161800, -1.313075787246421600 ) ) ;
#3233 = B_SPLINE_CURVE_WITH_KNOTS ( 'NONE', 3,
 ( #1941, #412, #1220, #5755, #3423, #1909, #7880, #3516 ),
 .UNSPECIFIED., .F., .F.,
 ( 4, 2, 2, 4 ),
 ( 2.450904225295877400E-007, 0.0007047697048718151600, 0.001409294319321100800, 0.002818343548219670700 ),
 .UNSPECIFIED. ) ;
#3234 = AXIS2_PLACEMENT_3D ( 'NONE', #216, #2466, #2436 ) ;
#3235 = LINE ( 'NONE', #4500, #533 ) ;
#3236 = CARTESIAN_POINT ( 'NONE',  ( 7.084828439437276700, 11.58727910419305800, 10.41177160952374200 ) ) ;
#3237 = EDGE_CURVE ( 'NONE', #6972, #8789, #6593, .T. ) ;
#3238 = CARTESIAN_POINT ( 'NONE',  ( 7.317804019944251300, 6.375191637624780600, 0.08107999114721987900 ) ) ;
#3239 = ORIENTED_EDGE ( 'NONE', *, *, #2105, .F. ) ;
#3240 = PERSON_AND_ORGANIZATION ( #4303, #4183 ) ;
#3241 = DIRECTION ( 'NONE',  ( 0.0000000000000000000, -1.000000000000000000, 0.0000000000000000000 ) ) ;
#3242 = CARTESIAN_POINT ( 'NONE',  ( -9.000000000000001800, -1.199999999999999700, 9.000000000000000000 ) ) ;
#3243 = ORIENTED_EDGE ( 'NONE', *, *, #2479, .F. ) ;
#3244 = ADVANCED_FACE ( 'NONE', ( #9624 ), #9512, .T. ) ;
#3245 = FACE_OUTER_BOUND ( 'NONE', #5427, .T. ) ;
#3246 = AXIS2_PLACEMENT_3D ( 'NONE', #7848, #7031, #382 ) ;
#3247 = CARTESIAN_POINT ( 'NONE',  ( -8.414570696119854500, 11.70375000000001900, 8.414570696119975300 ) ) ;
#3248 = APPROVAL_DATE_TIME ( #8594, #1548 ) ;
#3249 = DIRECTION ( 'NONE',  ( -1.000000000000000000, 8.775090700452169200E-016, 0.0000000000000000000 ) ) ;
#3250 = DIRECTION ( 'NONE',  ( 1.000000000000000000, 0.0000000000000000000, 0.0000000000000000000 ) ) ;
#3251 = DIRECTION ( 'NONE',  ( 0.0000000000000000000, -1.000000000000000000, 0.0000000000000000000 ) ) ;
#3252 = ORIENTED_EDGE ( 'NONE', *, *, #9597, .T. ) ;
#3253 = CARTESIAN_POINT ( 'NONE',  ( -11.90000000000003200, 18.01562500000000700, -4.929141392239748700 ) ) ;
#3254 = EDGE_CURVE ( 'NONE', #609, #2209, #3799, .T. ) ;
#3255 = DIRECTION ( 'NONE',  ( 0.0000000000000000000, 0.0000000000000000000, 1.000000000000000000 ) ) ;
#3256 = ORIENTED_EDGE ( 'NONE', *, *, #4561, .F. ) ;
#3257 = LINE ( 'NONE', #8937, #1838 ) ;
#3258 = CARTESIAN_POINT ( 'NONE',  ( 9.101657815899102500E-014, 15.06438021535169000, 12.69999999999996700 ) ) ;
#3259 = CARTESIAN_POINT ( 'NONE',  ( 8.980256121069064800, 13.00063021535169700, -8.980256121069192700 ) ) ;
#3260 = AXIS2_PLACEMENT_3D ( 'NONE', #3106, #3747, #7511 ) ;
#3261 = PRODUCT_DEFINITION ( '未知', '', #6249, #329 ) ;
#3262 = VECTOR ( 'NONE', #3746, 1000.000000000000100 ) ;
#3263 = DIRECTION ( 'NONE',  ( 0.0000000000000000000, 0.0000000000000000000, -1.000000000000000000 ) ) ;
#3264 = ORIENTED_EDGE ( 'NONE', *, *, #5170, .T. ) ;
#3265 = CARTESIAN_POINT ( 'NONE',  ( 14.66125998552584500, 23.00404861233202800, -13.38386322969486900 ) ) ;
#3266 = DIRECTION ( 'NONE',  ( -1.000000000000000000, 0.0000000000000000000, 0.0000000000000000000 ) ) ;
#3267 = ORIENTED_EDGE ( 'NONE', *, *, #7683, .T. ) ;
#3268 = CARTESIAN_POINT ( 'NONE',  ( -12.20223944909608200, 17.15193262439698100, -2.949263499298243800 ) ) ;
#3269 = CONICAL_SURFACE ( 'NONE', #7412, 6.100000000000000500, 0.7853981633974418400 ) ;
#3270 = FACE_OUTER_BOUND ( 'NONE', #1998, .T. ) ;
#3271 = CARTESIAN_POINT ( 'NONE',  ( -3.556793683287585100, 11.47349742457191200, 11.96222547043329100 ) ) ;
#3272 = CARTESIAN_POINT ( 'NONE',  ( 2.332295471196617100, 9.525000000000007500, 0.1567456604821346200 ) ) ;
#3273 = CARTESIAN_POINT ( 'NONE',  ( -39.81317938492168200, 8.641945085602492000, 0.0000000000000000000 ) ) ;
#3274 = DIRECTION ( 'NONE',  ( 0.0000000000000000000, 0.0000000000000000000, 1.000000000000000000 ) ) ;
#3275 = CARTESIAN_POINT ( 'NONE',  ( 5.260512242138389600, 15.28999478464833000, 12.69999999999992800 ) ) ;
#3276 = DIRECTION ( 'NONE',  ( -1.065814103640150300E-014, 0.0000000000000000000, -1.000000000000000000 ) ) ;
#3277 = LINE ( 'NONE', #489, #6523 ) ;
#3278 = EDGE_CURVE ( 'NONE', #9106, #3094, #2331, .T. ) ;
#3279 = CARTESIAN_POINT ( 'NONE',  ( -8.414570696119854500, 15.51375000000001200, 8.414570696119975300 ) ) ;
#3280 = DIRECTION ( 'NONE',  ( 0.9848077530122075800, 0.0000000000000000000, -0.1736481776669327700 ) ) ;
#3281 = CARTESIAN_POINT ( 'NONE',  ( -9.000000000000001800, -10.80000000000000600, 9.000000000000000000 ) ) ;
#3282 = CARTESIAN_POINT ( 'NONE',  ( -8.382592070995921100E-014, 16.50750000000000700, -11.89999999999999900 ) ) ;
#3283 = CARTESIAN_POINT ( 'NONE',  ( -19.26106024217354200, 20.78123942547517100, -8.368201053174299600 ) ) ;
#3284 = FACE_OUTER_BOUND ( 'NONE', #6799, .T. ) ;
#3285 = CARTESIAN_POINT ( 'NONE',  ( -13.44999999999999900, 8.900000000000016300, -12.94999999999999200 ) ) ;
#3286 = ORIENTED_EDGE ( 'NONE', *, *, #9465, .T. ) ;
#3287 = CARTESIAN_POINT ( 'NONE',  ( -8.414570696119843900, 16.78375000000001200, 8.414570696119987800 ) ) ;
#3288 = ADVANCED_FACE ( 'NONE', ( #6822 ), #4656, .T. ) ;
#3289 = DIRECTION ( 'NONE',  ( 1.000000000000000000, -0.0000000000000000000, -0.0000000000000000000 ) ) ;
#3290 = CARTESIAN_POINT ( 'NONE',  ( 11.90425494500886900, 10.90425494500878800, 0.2043203333651157600 ) ) ;
#3291 = CARTESIAN_POINT ( 'NONE',  ( 12.69999999999996900, 11.71811978464834100, -9.023892744153249100E-014 ) ) ;
#3292 = EDGE_LOOP ( 'NONE', ( #6389, #5398 ) ) ;
#3293 = LINE ( 'NONE', #1876, #9223 ) ;
#3294 = EDGE_CURVE ( 'NONE', #2674, #169, #2764, .T. ) ;
#3295 = EDGE_CURVE ( 'NONE', #6660, #9375, #873, .T. ) ;
#3296 = EDGE_LOOP ( 'NONE', ( #5080, #7165, #3331, #3189, #5772 ) ) ;
#3297 = CARTESIAN_POINT ( 'NONE',  ( -15.29350649496236000, 22.64442586039978500, 13.25428512093360200 ) ) ;
#3298 = CARTESIAN_POINT ( 'NONE',  ( 19.38998687023822100, 21.78592067791751700, 7.496429512513156400 ) ) ;
#3299 = CARTESIAN_POINT ( 'NONE',  ( 6.402153650224500200, 7.961144599948611700, 0.3770952061963316300 ) ) ;
#3300 = DIRECTION ( 'NONE',  ( 1.000000000000000000, 0.0000000000000000000, 0.0000000000000000000 ) ) ;
#3301 = ORIENTED_EDGE ( 'NONE', *, *, #5906, .T. ) ;
#3302 = CARTESIAN_POINT ( 'NONE',  ( 0.1522566715715885600, 6.440000000000002200, 6.550000000000003400 ) ) ;
#3303 = CARTESIAN_POINT ( 'NONE',  ( -2.383455472266177800, 20.78123948421187700, -20.86466799502013500 ) ) ;
#3304 = DIRECTION ( 'NONE',  ( 0.0000000000000000000, 0.0000000000000000000, 1.000000000000000000 ) ) ;
#3305 = EDGE_CURVE ( 'NONE', #8907, #7536, #7177, .T. ) ;
#3306 = CARTESIAN_POINT ( 'NONE',  ( 11.90000000000003600, 10.83062500000002100, 4.929141392239745100 ) ) ;
#3307 = VERTEX_POINT ( 'NONE', #3891 ) ;
#3308 = CARTESIAN_POINT ( 'NONE',  ( 11.19505435126568900, 17.63360752048648500, -4.521820821651886000 ) ) ;
#3309 = CARTESIAN_POINT ( 'NONE',  ( -14.43443619994282500, 23.09492482837286800, 13.43704640427829800 ) ) ;
#3310 = DIRECTION ( 'NONE',  ( 2.664535259100375700E-015, 0.0000000000000000000, 1.000000000000000000 ) ) ;
#3311 = VERTEX_POINT ( 'NONE', #8325 ) ;
#3312 = EDGE_CURVE ( 'NONE', #6846, #8364, #8963, .T. ) ;
#3313 = CARTESIAN_POINT ( 'NONE',  ( 8.414570696119856300, 15.07875000000001200, -8.414570696119973500 ) ) ;
#3314 = CARTESIAN_POINT ( 'NONE',  ( -13.94550459449654600, 0.03066541711216197500, 13.55272703383574000 ) ) ;
#3315 = ORIENTED_EDGE ( 'NONE', *, *, #2538, .F. ) ;
#3316 =( BOUNDED_CURVE ( )  B_SPLINE_CURVE ( 2, ( #429, #2613, #7831, #4193, #2579, #5559, #7044, #3382, #4816 ),
 .UNSPECIFIED., .F., .F. ) 
 B_SPLINE_CURVE_WITH_KNOTS ( ( 3, 2, 2, 2, 3 ),
 ( 0.3750000000000000000, 0.3906250000000000000, 0.4062500000000000000, 0.4218750000000000000, 0.4375000000000000000 ),
 .UNSPECIFIED. ) 
 CURVE ( )  GEOMETRIC_REPRESENTATION_ITEM ( )  RATIONAL_B_SPLINE_CURVE ( ( 1.000000000000000000, 0.9238795325112867400, 1.000000000000000000, 0.9238795325112867400, 1.000000000000000000, 0.9238795325112867400, 1.000000000000000000, 0.9238795325112867400, 1.000000000000000000 ) ) 
 REPRESENTATION_ITEM ( '' )  );
#3317 = CARTESIAN_POINT ( 'NONE',  ( -5.050000000000002500, 0.0000000000000000000, -3.000000000000000000 ) ) ;
#3318 = CARTESIAN_POINT ( 'NONE',  ( 14.29000000000000400, -20.49170962313452500, 6.257467538869049100 ) ) ;
#3319 = CARTESIAN_POINT ( 'NONE',  ( 1.026685611952905400E-014, 11.70000000000001900, 0.0000000000000000000 ) ) ;
#3320 = ORIENTED_EDGE ( 'NONE', *, *, #14, .T. ) ;
#3321 = TOROIDAL_SURFACE ( 'NONE', #1863, 19.00000000000000400, 2.000000000000000000 ) ;
#3322 = ORIENTED_EDGE ( 'NONE', *, *, #3206, .T. ) ;
#3323 = CARTESIAN_POINT ( 'NONE',  ( -13.44999999999999900, 19.99999999999999600, 0.0000000000000000000 ) ) ;
#3324 = CARTESIAN_POINT ( 'NONE',  ( 0.4652762284390737900, -9.524999999999993200, 17.60000000000000100 ) ) ;
#3326 = VERTEX_POINT ( 'NONE', #3088 ) ;
#3325 = VERTEX_POINT ( 'NONE', #5305 ) ;
#3327 = DIRECTION ( 'NONE',  ( 1.000000000000000000, 0.0000000000000000000, 0.0000000000000000000 ) ) ;
#3328 = CC_DESIGN_PERSON_AND_ORGANIZATION_ASSIGNMENT ( #9159, #9546, ( #4255 ) ) ;
#3329 = CIRCLE ( 'NONE', #6911, 4.688733431983859400 ) ;
#3330 = VERTEX_POINT ( 'NONE', #889 ) ;
#3331 = ORIENTED_EDGE ( 'NONE', *, *, #8485, .T. ) ;
#3332 = DIRECTION ( 'NONE',  ( 0.0000000000000000000, 1.000000000000000000, 0.0000000000000000000 ) ) ;
#3333 = VERTEX_POINT ( 'NONE', #3865 ) ;
#3334 = EDGE_CURVE ( 'NONE', #2977, #6863, #5563, .T. ) ;
#3335 = PERSON_AND_ORGANIZATION_ROLE ( 'classification_officer' ) ;
#3336 = LOCAL_TIME ( 13, 59, 25.00000000000000000, #6711 ) ;
#3337 = DIRECTION ( 'NONE',  ( 0.0000000000000000000, -1.000000000000000000, 0.0000000000000000000 ) ) ;
#3338 = CARTESIAN_POINT ( 'NONE',  ( -2.260760671697823500, 20.63746869550590200, -20.87795395112465600 ) ) ;
#3339 = COORDINATED_UNIVERSAL_TIME_OFFSET ( 8, 0, .AHEAD. ) ;
#3340 = ADVANCED_FACE ( 'NONE', ( #5668 ), #8429, .F. ) ;
#3341 = CYLINDRICAL_SURFACE ( 'NONE', #3430, 21.00000000000000000 ) ;
#3342 = CARTESIAN_POINT ( 'NONE',  ( 9.192421541439370100E-014, 17.67750000000000900, 12.82664718204935100 ) ) ;
#3343 = ORIENTED_EDGE ( 'NONE', *, *, #6848, .F. ) ;
#3344 = CARTESIAN_POINT ( 'NONE',  ( -8.248891971046807800, 4.762499999999954000, 0.0000000000000000000 ) ) ;
#3345 = CARTESIAN_POINT ( 'NONE',  ( 19.25598086124352500, 0.6554350922089134900, 6.975797196446237100 ) ) ;
#3346 = CARTESIAN_POINT ( 'NONE',  ( -13.19999999999999800, -10.69999999999999200, 13.19999999999999400 ) ) ;
#3347 = CARTESIAN_POINT ( 'NONE',  ( -11.89999999999996300, 16.90437500000000500, 4.929141392239922800 ) ) ;
#3348 = VECTOR ( 'NONE', #7021, 1000.000000000000000 ) ;
#3349 = DIRECTION ( 'NONE',  ( 0.0000000000000000000, 0.0000000000000000000, 1.000000000000000000 ) ) ;
#3350 = LINE ( 'NONE', #6254, #9039 ) ;
#3351 = ORIENTED_EDGE ( 'NONE', *, *, #9044, .T. ) ;
#3352 = DIRECTION ( 'NONE',  ( 0.7071067811865474600, -0.0000000000000000000, -0.7071067811865474600 ) ) ;
#3353 = APPROVAL_PERSON_ORGANIZATION ( #428, #5193, #8637 ) ;
#3354 = DIRECTION ( 'NONE',  ( 1.000000000000000000, -8.195543980992796600E-016, 0.0000000000000000000 ) ) ;
#3355 = ORIENTED_EDGE ( 'NONE', *, *, #9082, .T. ) ;
#3356 = VECTOR ( 'NONE', #9505, 999.9999999999998900 ) ;
#3357 = FACE_OUTER_BOUND ( 'NONE', #7201, .T. ) ;
#3358 = CARTESIAN_POINT ( 'NONE',  ( 0.0000000000000000000, -9.999999999999998200, 0.0000000000000000000 ) ) ;
#3359 = DIRECTION ( 'NONE',  ( 0.7071067811865463500, 0.0000000000000000000, 0.7071067811865487900 ) ) ;
#3360 = ORIENTED_EDGE ( 'NONE', *, *, #6664, .T. ) ;
#3361 = DATE_AND_TIME ( #9303, #1833 ) ;
#3362 = AXIS2_PLACEMENT_3D ( 'NONE', #5953, #6709, #7472 ) ;
#3363 = ORIENTED_EDGE ( 'NONE', *, *, #8158, .F. ) ;
#3364 = VERTEX_POINT ( 'NONE', #9003 ) ;
#3365 = CARTESIAN_POINT ( 'NONE',  ( -9.937090486140100200, 11.39188632989450600, 7.445959625980562700 ) ) ;
#3366 = EDGE_LOOP ( 'NONE', ( #8669, #5886 ) ) ;
#3367 = DIRECTION ( 'NONE',  ( 0.0000000000000000000, -1.000000000000000000, 0.0000000000000000000 ) ) ;
#3368 = CARTESIAN_POINT ( 'NONE',  ( 6.216747625905280300, -10.05294454034874400, -12.91142977813911800 ) ) ;
#3369 = EDGE_CURVE ( 'NONE', #2815, #728, #3913, .T. ) ;
#3370 = VECTOR ( 'NONE', #5452, 1000.000000000000000 ) ;
#3371 = PERSON_AND_ORGANIZATION_ROLE ( 'creator' ) ;
#3372 = ORIENTED_EDGE ( 'NONE', *, *, #2343, .T. ) ;
#3373 = PLANE ( 'NONE',  #4731 ) ;
#3374 = CARTESIAN_POINT ( 'NONE',  ( 0.0000000000000000000, 0.0000000000000000000, 0.0000000000000000000 ) ) ;
#3375 = EDGE_CURVE ( 'NONE', #5876, #3819, #7241, .T. ) ;
#3376 = AXIS2_PLACEMENT_3D ( 'NONE', #150, #119, #5396 ) ;
#3377 = EDGE_LOOP ( 'NONE', ( #4883, #2575, #3013, #1518 ) ) ;
#3378 = AXIS2_PLACEMENT_3D ( 'NONE', #10, #8928, #2275 ) ;
#3379 = EDGE_LOOP ( 'NONE', ( #7944, #2241, #6448, #9347 ) ) ;
#3380 = VECTOR ( 'NONE', #2900, 1000.000000000000100 ) ;
#3381 = CARTESIAN_POINT ( 'NONE',  ( 5.312971222579579800, 17.75687500000001200, 12.82664718204931200 ) ) ;
#3382 = CARTESIAN_POINT ( 'NONE',  ( 12.69999999999993200, 15.60749478464833300, -5.260512242138386100 ) ) ;
#3383 = CARTESIAN_POINT ( 'NONE',  ( 5.260512242138204900, 11.81000521535170100, -12.70000000000000300 ) ) ;
#3384 = VECTOR ( 'NONE', #5686, 1000.000000000000000 ) ;
#3385 = CARTESIAN_POINT ( 'NONE',  ( 11.89999999999996500, 17.53937500000000300, -4.929141392239915700 ) ) ;
#3386 = DIRECTION ( 'NONE',  ( 0.0000000000000000000, 0.0000000000000000000, 1.000000000000000000 ) ) ;
#3387 = ORIENTED_EDGE ( 'NONE', *, *, #8473, .F. ) ;
#3388 = DIRECTION ( 'NONE',  ( -8.775090700452169200E-016, -1.000000000000000000, -0.0000000000000000000 ) ) ;
#3389 = VECTOR ( 'NONE', #3052, 1000.000000000000000 ) ;
#3390 = DIRECTION ( 'NONE',  ( 0.0000000000000000000, -1.000000000000000000, 0.0000000000000000000 ) ) ;
#3391 = CC_DESIGN_APPROVAL ( #5871, ( #6249 ) ) ;
#3392 = B_SPLINE_CURVE_WITH_KNOTS ( 'NONE', 3,
 ( #8122, #8085, #3683, #6580, #5187, #5931, #5218, #5132 ),
 .UNSPECIFIED., .F., .F.,
 ( 4, 2, 2, 4 ),
 ( 0.01166087292114759700, 0.01306000286045925500, 0.01375956783011508100, 0.01445913279977090500 ),
 .UNSPECIFIED. ) ;
#3393 = ADVANCED_FACE ( 'NONE', ( #4868 ), #3459, .T. ) ;
#3394 = CYLINDRICAL_SURFACE ( 'NONE', #3183, 3.200000000000000200 ) ;
#3395 = DIRECTION ( 'NONE',  ( 1.000000000000000000, 1.231304080816852700E-016, -0.0000000000000000000 ) ) ;
#3396 = CARTESIAN_POINT ( 'NONE',  ( -13.65465439984741600, 0.0000000000000000000, -4.607820323027546300 ) ) ;
#3397 = CARTESIAN_POINT ( 'NONE',  ( -8.946127672407391900E-014, 12.03561978464833800, -12.69999999999996900 ) ) ;
#3398 = EDGE_CURVE ( 'NONE', #3085, #5883, #3681, .T. ) ;
#3399 = CARTESIAN_POINT ( 'NONE',  ( 16.95045816486702600, 30.00000000000000000, -12.39685314912947300 ) ) ;
#3400 = CARTESIAN_POINT ( 'NONE',  ( -11.95758307893038500, 11.34156146063482500, 3.156980998584056700 ) ) ;
#3401 = CARTESIAN_POINT ( 'NONE',  ( 1.239098530816317200E-013, 11.86250000000001800, 11.89999999999999900 ) ) ;
#3402 = CYLINDRICAL_SURFACE ( 'NONE', #3499, 1.999999999999999100 ) ;
#3403 = CARTESIAN_POINT ( 'NONE',  ( 8.073252374094710900, -21.24705545965125700, -11.83957626202014200 ) ) ;
#3404 = PERSON_AND_ORGANIZATION_ROLE ( 'creator' ) ;
#3405 = ORIENTED_EDGE ( 'NONE', *, *, #5548, .F. ) ;
#3406 = DIRECTION ( 'NONE',  ( -0.0000000000000000000, -1.000000000000000000, -0.0000000000000000000 ) ) ;
#3407 = ORIENTED_EDGE ( 'NONE', *, *, #4838, .F. ) ;
#3408 = FACE_OUTER_BOUND ( 'NONE', #7629, .T. ) ;
#3409 = CARTESIAN_POINT ( 'NONE',  ( 9.069809202314353100, 18.15375000000000600, -9.069809202314482700 ) ) ;
#3410 = EDGE_LOOP ( 'NONE', ( #3256, #4571, #9377, #4480, #4708, #5469 ) ) ;
#3411 = CARTESIAN_POINT ( 'NONE',  ( -7.317451158458369200, 6.375802811646390300, 0.09792507081888404700 ) ) ;
#3412 = CARTESIAN_POINT ( 'NONE',  ( -8.980256121069066600, 13.78186978464833400, 8.980256121069194500 ) ) ;
#3413 = CARTESIAN_POINT ( 'NONE',  ( 4.929141392239747800, 12.61812500000001700, -11.90000000000003200 ) ) ;
#3414 = CARTESIAN_POINT ( 'NONE',  ( -1.853183372580810500, -9.525000000000018100, 0.07997378778043237600 ) ) ;
#3415 = ORIENTED_EDGE ( 'NONE', *, *, #8472, .F. ) ;
#3416 = CONICAL_SURFACE ( 'NONE', #9671, 2.499999999999998700, 1.029744258676653900 ) ;
#3417 = PLANE ( 'NONE',  #2267 ) ;
#3418 = AXIS2_PLACEMENT_3D ( 'NONE', #7321, #4494, #8978 ) ;
#3419 = CARTESIAN_POINT ( 'NONE',  ( 4.929141392239733600, 12.61812500000001700, -11.90000000000003900 ) ) ;
#3420 = EDGE_CURVE ( 'NONE', #7536, #4373, #3767, .T. ) ;
#3421 = ORIENTED_EDGE ( 'NONE', *, *, #2721, .F. ) ;
#3422 = EDGE_CURVE ( 'NONE', #8877, #67, #8584, .T. ) ;
#3423 = CARTESIAN_POINT ( 'NONE',  ( 14.61740511665309900, 0.1729267981159534300, -13.39369354407095800 ) ) ;
#3424 = B_SPLINE_CURVE_WITH_KNOTS ( 'NONE', 3,
 ( #3755, #7457, #8193, #3020, #3726, #8964, #6758, #3825, #5368, #6887, #2451, #6077 ),
 .UNSPECIFIED., .F., .F.,
 ( 4, 2, 2, 2, 2, 4 ),
 ( -9.403254081137265100E-006, 0.0002449717126377614300, 0.0004993466793566601300, 0.001008096612794456200, 0.001516846546232252200, 0.002025596479670048600 ),
 .UNSPECIFIED. ) ;
#3425 = CARTESIAN_POINT ( 'NONE',  ( -5.770369618823731500, 11.44827473517575600, 11.05894814921984300 ) ) ;
#3426 = CARTESIAN_POINT ( 'NONE',  ( -9.000000000000001800, -1.199999999999999700, 9.000000000000000000 ) ) ;
#3427 = CARTESIAN_POINT ( 'NONE',  ( 4.419605437965678600, 23.09492482837286800, -19.21911164059494900 ) ) ;
#3428 = PERSON_AND_ORGANIZATION_ROLE ( 'design_owner' ) ;
#3429 = CARTESIAN_POINT ( 'NONE',  ( 0.0000000000000000000, 0.0000000000000000000, -19.00000000000000400 ) ) ;
#3430 = AXIS2_PLACEMENT_3D ( 'NONE', #2746, #4225, #3440 ) ;
#3431 = ORIENTED_EDGE ( 'NONE', *, *, #9597, .F. ) ;
#3432 = ORIENTED_EDGE ( 'NONE', *, *, #3985, .F. ) ;
#3433 = AXIS2_PLACEMENT_3D ( 'NONE', #452, #1186, #8698 ) ;
#3434 = ADVANCED_FACE ( 'NONE', ( #1454 ), #7632, .T. ) ;
#3435 = EDGE_CURVE ( 'NONE', #5173, #893, #2047, .T. ) ;
#3437 = ORIENTED_EDGE ( 'NONE', *, *, #8095, .F. ) ;
#3436 = ORIENTED_EDGE ( 'NONE', *, *, #7341, .F. ) ;
#3438 = CARTESIAN_POINT ( 'NONE',  ( -5.312971222579396800, 16.32812500000001100, 12.82664718204939000 ) ) ;
#3439 = CARTESIAN_POINT ( 'NONE',  ( -5.499261314031233600, 9.524999999999979000, 0.8507386859688200700 ) ) ;
#3440 = DIRECTION ( 'NONE',  ( 0.0000000000000000000, 0.0000000000000000000, -1.000000000000000000 ) ) ;
#3441 = CARTESIAN_POINT ( 'NONE',  ( 0.0000000000000000000, -20.49170962313452500, 0.0000000000000000000 ) ) ;
#3442 = EDGE_CURVE ( 'NONE', #6176, #248, #4618, .T. ) ;
#3443 = AXIS2_PLACEMENT_3D ( 'NONE', #3717, #5220, #3007 ) ;
#3444 = CYLINDRICAL_SURFACE ( 'NONE', #6053, 2.050000000000001200 ) ;
#3445 = CARTESIAN_POINT ( 'NONE',  ( 8.528325040094456200E-014, 10.79250000000002000, 11.89999999999999900 ) ) ;
#3446 = ORIENTED_EDGE ( 'NONE', *, *, #661, .T. ) ;
#3447 = CARTESIAN_POINT ( 'NONE',  ( 9.000000000000001800, -10.80000000000000600, -11.49999999999999800 ) ) ;
#3449 = ORIENTED_EDGE ( 'NONE', *, *, #5106, .F. ) ;
#3448 = ORIENTED_EDGE ( 'NONE', *, *, #7030, .F. ) ;
#3450 = LOCAL_TIME ( 13, 59, 25.00000000000000000, #8333 ) ;
#3451 = ORIENTED_EDGE ( 'NONE', *, *, #8554, .F. ) ;
#3452 = DIRECTION ( 'NONE',  ( 0.0000000000000000000, 0.0000000000000000000, -1.000000000000000000 ) ) ;
#3453 = VECTOR ( 'NONE', #3070, 1000.000000000000000 ) ;
#3454 = CARTESIAN_POINT ( 'NONE',  ( 5.499261314031300300, -9.524999999999941700, 17.60000000000000100 ) ) ;
#3455 = CARTESIAN_POINT ( 'NONE',  ( -11.89999999999999900, 14.28500000000001300, 9.767055277432003100E-014 ) ) ;
#3456 = CARTESIAN_POINT ( 'NONE',  ( 12.69999999999993200, 11.79749478464834000, -5.260512242138386100 ) ) ;
#3457 = ORIENTED_EDGE ( 'NONE', *, *, #9434, .F. ) ;
#3458 = CALENDAR_DATE ( 2023, 6, 9 ) ;
#3459 = CONICAL_SURFACE ( 'NONE', #4289, 11.89999999999999000, 0.7853981633974341800 ) ;
#3460 = FACE_OUTER_BOUND ( 'NONE', #2578, .T. ) ;
#3461 = CARTESIAN_POINT ( 'NONE',  ( 8.142975002882186800, 24.27204651753687500, -16.10486305547018300 ) ) ;
#3462 = EDGE_CURVE ( 'NONE', #6981, #4960, #7759, .T. ) ;
#3463 = PERSON_AND_ORGANIZATION_ROLE ( 'creator' ) ;
#3464 = FACE_OUTER_BOUND ( 'NONE', #9358, .T. ) ;
#3465 = CARTESIAN_POINT ( 'NONE',  ( -12.82664718204931200, 14.89937500000001300, 5.312971222579581500 ) ) ;
#3466 = ORIENTED_EDGE ( 'NONE', *, *, #869, .T. ) ;
#3467 = PERSON_AND_ORGANIZATION ( #4303, #4183 ) ;
#3468 = CARTESIAN_POINT ( 'NONE',  ( 4.929141392239935200, 13.21187500000001500, 11.89999999999995600 ) ) ;
#3469 = CARTESIAN_POINT ( 'NONE',  ( 8.717347705171503600, -3.951110867399066700, 1.545665722149647300E-014 ) ) ;
#3470 = VERTEX_POINT ( 'NONE', #3318 ) ;
#3471 = CARTESIAN_POINT ( 'NONE',  ( 11.90000000000003600, 13.57062500000001700, 4.929141392239745100 ) ) ;
#3472 = AXIS2_PLACEMENT_3D ( 'NONE', #1530, #4443, #7484 ) ;
#3473 = CIRCLE ( 'NONE', #93, 15.60000000000000000 ) ;
#3474 = FACE_BOUND ( 'NONE', #3292, .T. ) ;
#3475 = EDGE_CURVE ( 'NONE', #1914, #332, #303, .T. ) ;
#3476 = CARTESIAN_POINT ( 'NONE',  ( -3.197621906394770600, 21.77909648868769600, 20.54391701503821100 ) ) ;
#3477 = PERSON_AND_ORGANIZATION ( #4303, #4183 ) ;
#3478 = EDGE_CURVE ( 'NONE', #1299, #5241, #5784, .T. ) ;
#3479 = ADVANCED_FACE ( 'NONE', ( #8003 ), #4159, .T. ) ;
#3480 = ORIENTED_EDGE ( 'NONE', *, *, #8818, .F. ) ;
#3481 = CARTESIAN_POINT ( 'NONE',  ( -7.726057123094974100E-014, 13.96750000000001500, -11.89999999999999900 ) ) ;
#3482 = ORIENTED_EDGE ( 'NONE', *, *, #1010, .F. ) ;
#3483 = ORIENTED_EDGE ( 'NONE', *, *, #8973, .F. ) ;
#3484 = LINE ( 'NONE', #5462, #552 ) ;
#3485 = AXIS2_PLACEMENT_3D ( 'NONE', #7431, #3049, #2950 ) ;
#3486 = CARTESIAN_POINT ( 'NONE',  ( -4.877304130657793600, 0.0000000000000000000, 0.0000000000000000000 ) ) ;
#3487 = CONICAL_SURFACE ( 'NONE', #7598, 3.222179676972447100, 0.5235987755983000400 ) ;
#3488 = CARTESIAN_POINT ( 'NONE',  ( 0.0000000000000000000, -9.525000000000057200, 5.400000000000002100 ) ) ;
#3489 = CARTESIAN_POINT ( 'NONE',  ( -8.308988999489114400E-014, 11.22750000000002000, -11.89999999999999900 ) ) ;
#3490 = B_SPLINE_CURVE_WITH_KNOTS ( 'NONE', 3,
 ( #1506, #7756, #4747, #3990, #9209, #6918, #1021, #8455, #3308, #4711, #6238, #985, #6145, #2482, #9234, #159, #201, #4785, #1739, #8521, #297, #2421, #2452, #4647, #5433, #1771, #7722, #233 ),
 .UNSPECIFIED., .F., .F.,
 ( 4, 2, 2, 2, 2, 2, 2, 2, 2, 2, 2, 2, 2, 4 ),
 ( 0.05683457967680866800, 0.05810567136772974000, 0.05937676305865081200, 0.06064785474957188500, 0.06191894644049295700, 0.06446112982233509500, 0.06573222151325616700, 0.06700331320417725300, 0.06827440489509831200, 0.06954549658601938400, 0.07208767996786152900, 0.07335877165878260100, 0.07462986334970367300, 0.07717204673154580400 ),
 .UNSPECIFIED. ) ;
#3491 = VERTEX_POINT ( 'NONE', #9273 ) ;
#3492 = EDGE_CURVE ( 'NONE', #1904, #432, #2632, .T. ) ;
#3493 = DIRECTION ( 'NONE',  ( 1.000000000000000000, -8.775090700452169200E-016, 0.0000000000000000000 ) ) ;
#3494 = APPROVAL_STATUS ( 'not_yet_approved' ) ;
#3495 = ORIENTED_EDGE ( 'NONE', *, *, #9167, .T. ) ;
#3496 = VECTOR ( 'NONE', #4651, 1000.000000000000000 ) ;
#3497 = CARTESIAN_POINT ( 'NONE',  ( -2.256474205788787700, 17.35949369140195800, -12.13995251344223000 ) ) ;
#3498 = EDGE_CURVE ( 'NONE', #2530, #9392, #1931, .T. ) ;
#3499 = AXIS2_PLACEMENT_3D ( 'NONE', #1630, #780, #8992 ) ;
#3500 = FACE_OUTER_BOUND ( 'NONE', #190, .T. ) ;
#3501 = AXIS2_PLACEMENT_3D ( 'NONE', #5247, #8202, #1487 ) ;
#3502 = CARTESIAN_POINT ( 'NONE',  ( 12.82664718204931400, 12.99437500000002100, -5.312971222579575300 ) ) ;
#3503 = DIRECTION ( 'NONE',  ( 1.224646799147353200E-016, 1.000000000000000000, -0.0000000000000000000 ) ) ;
#3504 = CARTESIAN_POINT ( 'NONE',  ( 8.980256121069066600, 14.41686978464833400, -8.980256121069194500 ) ) ;
#3505 = CARTESIAN_POINT ( 'NONE',  ( 11.09999999999999600, 13.71446665693449400, 0.0000000000000000000 ) ) ;
#3506 = DIRECTION ( 'NONE',  ( 0.0000000000000000000, -0.0000000000000000000, 1.000000000000000000 ) ) ;
#3507 = CIRCLE ( 'NONE', #7854, 9.525000000000002100 ) ;
#3508 = DIRECTION ( 'NONE',  ( -0.0000000000000000000, 0.0000000000000000000, 1.000000000000000000 ) ) ;
#3509 = DIRECTION ( 'NONE',  ( -8.775090700452169200E-016, -1.000000000000000000, -0.0000000000000000000 ) ) ;
#3510 = CC_DESIGN_PERSON_AND_ORGANIZATION_ASSIGNMENT ( #3225, #3584, ( #6497 ) ) ;
#3511 = DIRECTION ( 'NONE',  ( -1.000000000000000000, 0.0000000000000000000, 0.0000000000000000000 ) ) ;
#3512 = CIRCLE ( 'NONE', #1340, 6.440000000000000400 ) ;
#3513 = DIRECTION ( 'NONE',  ( 0.0000000000000000000, 0.0000000000000000000, -1.000000000000000000 ) ) ;
#3514 = EDGE_CURVE ( 'NONE', #8366, #8955, #3064, .T. ) ;
#3515 = ORIENTED_EDGE ( 'NONE', *, *, #1588, .T. ) ;
#3516 = CARTESIAN_POINT ( 'NONE',  ( 13.04177618759502400, 0.0000000000000000000, -13.81709353926069800 ) ) ;
#3517 = DIRECTION ( 'NONE',  ( 0.5000000000000010000, -0.8660254037844380400, 0.0000000000000000000 ) ) ;
#3518 = CARTESIAN_POINT ( 'NONE',  ( 1.004643839863985900, -6.361424479526792900, 4.820373318281166800 ) ) ;
#3519 = DIRECTION ( 'NONE',  ( 1.000000000000000000, 0.0000000000000000000, 0.0000000000000000000 ) ) ;
#3520 = EDGE_LOOP ( 'NONE', ( #4733, #819, #975, #6546 ) ) ;
#3521 = FACE_OUTER_BOUND ( 'NONE', #2598, .T. ) ;
#3522 = CARTESIAN_POINT ( 'NONE',  ( -12.27635182233308000, 0.0000000000000000000, 0.0000000000000000000 ) ) ;
#3523 = CARTESIAN_POINT ( 'NONE',  ( 5.296999386022869200, 17.06625557255968700, -11.47774246166036200 ) ) ;
#3524 = ORIENTED_EDGE ( 'NONE', *, *, #7713, .F. ) ;
#3525 = ADVANCED_FACE ( 'NONE', ( #4280 ), #6332, .T. ) ;
#3526 = CARTESIAN_POINT ( 'NONE',  ( 5.312971222579579800, 12.67687500000001700, 12.82664718204931200 ) ) ;
#3527 = VERTEX_POINT ( 'NONE', #7906 ) ;
#3528 = DIRECTION ( 'NONE',  ( 0.0000000000000000000, 1.000000000000000000, 0.0000000000000000000 ) ) ;
#3529 = CARTESIAN_POINT ( 'NONE',  ( -19.23603106471601600, 1.941561358148509600, -8.424896642185906600 ) ) ;
#3530 = DIRECTION ( 'NONE',  ( 0.7071067811865475700, 0.0000000000000000000, -0.7071067811865475700 ) ) ;
#3531 = ORIENTED_EDGE ( 'NONE', *, *, #4949, .F. ) ;
#3532 = CARTESIAN_POINT ( 'NONE',  ( 3.586772846851588300, 0.6554350922095983900, -20.16406719884721700 ) ) ;
#3533 = AXIS2_PLACEMENT_3D ( 'NONE', #6393, #6300, #5594 ) ;
#3534 = ORIENTED_EDGE ( 'NONE', *, *, #5176, .T. ) ;
#3535 = DIRECTION ( 'NONE',  ( -0.0000000000000000000, 1.000000000000000000, -0.0000000000000000000 ) ) ;
#3536 = CARTESIAN_POINT ( 'NONE',  ( 3.586772846851400000, 30.00000000000000000, -20.16406719884744100 ) ) ;
#3537 = ORIENTED_EDGE ( 'NONE', *, *, #7236, .T. ) ;
#3538 = CARTESIAN_POINT ( 'NONE',  ( 15.66920801439301200, 0.6554350922095171200, -13.18827000240090000 ) ) ;
#3539 = EDGE_CURVE ( 'NONE', #7248, #3832, #3570, .T. ) ;
#3540 = DIRECTION ( 'NONE',  ( -0.7071067811865382500, -0.7071067811865569000, 8.659560562354810800E-017 ) ) ;
#3541 = CARTESIAN_POINT ( 'NONE',  ( -5.312947559864526600, -21.17871267772746800, -13.43323898956135500 ) ) ;
#3542 = ORIENTED_EDGE ( 'NONE', *, *, #1372, .T. ) ;
#3543 = FACE_BOUND ( 'NONE', #9641, .T. ) ;
#3544 = ORIENTED_EDGE ( 'NONE', *, *, #2678, .T. ) ;
#3545 = DIRECTION ( 'NONE',  ( 0.0000000000000000000, 0.0000000000000000000, -1.000000000000000000 ) ) ;
#3546 = CARTESIAN_POINT ( 'NONE',  ( -13.44999999999999900, 0.0000000000000000000, 0.0000000000000000000 ) ) ;
#3547 = DIRECTION ( 'NONE',  ( 0.0000000000000000000, -1.000000000000000000, 0.0000000000000000000 ) ) ;
#3549 = EDGE_LOOP ( 'NONE', ( #7981, #1472, #2611, #5935 ) ) ;
#3548 = ORIENTED_EDGE ( 'NONE', *, *, #1233, .F. ) ;
#3550 = AXIS2_PLACEMENT_3D ( 'NONE', #3594, #7385, #7419 ) ;
#3551 = CARTESIAN_POINT ( 'NONE',  ( 5.209675419483174300, 11.05028497295908400, -10.89475104777451400 ) ) ;
#3552 = CARTESIAN_POINT ( 'NONE',  ( -10.24150715374035900, 17.76470098244551500, -6.143905909954265000 ) ) ;
#3553 = LINE ( 'NONE', #3907, #9016 ) ;
#3554 = ORIENTED_EDGE ( 'NONE', *, *, #6008, .F. ) ;
#3555 = ORIENTED_EDGE ( 'NONE', *, *, #869, .F. ) ;
#3556 = CARTESIAN_POINT ( 'NONE',  ( -5.312971222579396800, 11.24812500000002300, 12.82664718204939000 ) ) ;
#3557 = ORIENTED_EDGE ( 'NONE', *, *, #7463, .T. ) ;
#3558 = CALENDAR_DATE ( 2023, 6, 9 ) ;
#3559 = DIRECTION ( 'NONE',  ( -1.000000000000000000, -0.0000000000000000000, -0.0000000000000000000 ) ) ;
#3560 = CARTESIAN_POINT ( 'NONE',  ( -14.29000000000000100, -20.72947409924118400, -5.230791116725280100 ) ) ;
#3561 = CC_DESIGN_PERSON_AND_ORGANIZATION_ASSIGNMENT ( #2295, #4085, ( #3065 ) ) ;
#3562 = DIRECTION ( 'NONE',  ( -0.0000000000000000000, 1.000000000000000000, 1.224646799147353200E-016 ) ) ;
#3563 = FACE_OUTER_BOUND ( 'NONE', #4764, .T. ) ;
#3564 = CARTESIAN_POINT ( 'NONE',  ( 4.929141392239746900, 17.49812500000000900, -11.90000000000003800 ) ) ;
#3565 = LINE ( 'NONE', #5560, #9031 ) ;
#3566 = DIRECTION ( 'NONE',  ( 0.0000000000000000000, 0.0000000000000000000, 1.000000000000000000 ) ) ;
#3567 = ORIENTED_EDGE ( 'NONE', *, *, #4119, .T. ) ;
#3568 = CARTESIAN_POINT ( 'NONE',  ( 14.28999999999999700, -20.92179052562914900, -4.184340861300995600 ) ) ;
#3569 = ADVANCED_FACE ( 'NONE', ( #7515 ), #641, .T. ) ;
#3570 = CIRCLE ( 'NONE', #5476, 2.300000000000001600 ) ;
#3571 = CARTESIAN_POINT ( 'NONE',  ( -12.30891361455901900, 11.30891361455906700, 8.595268437332998700E-014 ) ) ;
#3572 = LINE ( 'NONE', #8371, #2873 ) ;
#3573 = CARTESIAN_POINT ( 'NONE',  ( -12.82664718204935100, 21.17000000000000200, 8.956799855210032000E-014 ) ) ;
#3574 = ORIENTED_EDGE ( 'NONE', *, *, #6482, .F. ) ;
#3575 = APPROVAL_DATE_TIME ( #1350, #5193 ) ;
#3576 = DIRECTION ( 'NONE',  ( 7.105427357601001900E-015, 0.0000000000000000000, -1.000000000000000000 ) ) ;
#3577 = EDGE_LOOP ( 'NONE', ( #8265, #3864, #7363, #9019 ) ) ;
#3578 = CARTESIAN_POINT ( 'NONE',  ( -8.717347705171423700, -3.951110867399156000, 17.60000000000001200 ) ) ;
#3579 = ORIENTED_EDGE ( 'NONE', *, *, #9589, .T. ) ;
#3580 = CARTESIAN_POINT ( 'NONE',  ( -9.275000000000002100, 1.135859906209170200E-015, -2.200000000000000200 ) ) ;
#3581 = FACE_OUTER_BOUND ( 'NONE', #1034, .T. ) ;
#3582 = FACE_OUTER_BOUND ( 'NONE', #1118, .T. ) ;
#3583 = CARTESIAN_POINT ( 'NONE',  ( -13.25465439984741200, 0.0000000000000000000, 0.0000000000000000000 ) ) ;
#3584 = PERSON_AND_ORGANIZATION_ROLE ( 'design_supplier' ) ;
#3585 = CARTESIAN_POINT ( 'NONE',  ( -11.89410089001540500, 11.27625701600870800, -3.142219634571120400 ) ) ;
#3586 = ORIENTED_EDGE ( 'NONE', *, *, #2885, .F. ) ;
#3587 = CALENDAR_DATE ( 2023, 6, 9 ) ;
#3588 = CARTESIAN_POINT ( 'NONE',  ( -11.44999999999999800, 0.0000000000000000000, 0.0000000000000000000 ) ) ;
#3589 = EDGE_LOOP ( 'NONE', ( #9172, #2696, #5648, #3647, #3851, #551, #8691, #842, #7574, #3480, #7762, #8191, #5979, #2050, #4458, #6725, #2967, #2310, #9060, #2263, #6087, #1878, #1445, #5614, #725, #1890 ) ) ;
#3590 = ORIENTED_EDGE ( 'NONE', *, *, #4801, .T. ) ;
#3591 = FACE_OUTER_BOUND ( 'NONE', #4834, .T. ) ;
#3592 = CARTESIAN_POINT ( 'NONE',  ( 9.069809202314353100, 14.34375000000001600, -9.069809202314482700 ) ) ;
#3593 = CARTESIAN_POINT ( 'NONE',  ( 6.002643781541124200, 10.90000000000000200, 10.27512859442283100 ) ) ;
#3594 = CARTESIAN_POINT ( 'NONE',  ( 1.561966144680487000E-014, 17.80000000000001100, 0.0000000000000000000 ) ) ;
#3595 = CARTESIAN_POINT ( 'NONE',  ( 0.0000000000000000000, 20.63746869550590200, 0.0000000000000000000 ) ) ;
#3596 = DIRECTION ( 'NONE',  ( 1.000000000000000000, 0.0000000000000000000, 0.0000000000000000000 ) ) ;
#3597 = ORIENTED_EDGE ( 'NONE', *, *, #9667, .T. ) ;
#3598 = AXIS2_PLACEMENT_3D ( 'NONE', #997, #4825, #1083 ) ;
#3599 = VERTEX_POINT ( 'NONE', #9406 ) ;
#3600 = EDGE_CURVE ( 'NONE', #210, #6842, #9286, .T. ) ;
#3601 = CIRCLE ( 'NONE', #9585, 4.607820323027546300 ) ;
#3602 = EDGE_CURVE ( 'NONE', #2723, #3599, #7301, .T. ) ;
#3603 = CARTESIAN_POINT ( 'NONE',  ( 8.248585258425048900E-015, 9.400000000000012800, 0.0000000000000000000 ) ) ;
#3604 = CIRCLE ( 'NONE', #1422, 8.475000000000001400 ) ;
#3605 = CARTESIAN_POINT ( 'NONE',  ( 1.122512155537489600E-013, 16.94250000000001000, 11.89999999999999900 ) ) ;
#3606 = CARTESIAN_POINT ( 'NONE',  ( 13.79999999999999700, 3.918869757271530500E-016, -3.200000000000000200 ) ) ;
#3607 = B_SPLINE_CURVE_WITH_KNOTS ( 'NONE', 3,
 ( #5391, #6836, #4501, #3811, #4593, #2336 ),
 .UNSPECIFIED., .F., .F.,
 ( 4, 2, 4 ),
 ( 0.01002753371993827900, 0.01281024402042824400, 0.01559295432091821100 ),
 .UNSPECIFIED. ) ;
#3608 = ORIENTED_EDGE ( 'NONE', *, *, #2316, .F. ) ;
#3609 = CARTESIAN_POINT ( 'NONE',  ( 5.312971222579579800, 20.29687500000000400, 12.82664718204931200 ) ) ;
#3610 = AXIS2_PLACEMENT_3D ( 'NONE', #755, #6786, #3696 ) ;
#3611 = CYLINDRICAL_SURFACE ( 'NONE', #2054, 3.199999999999998800 ) ;
#3612 = DIRECTION ( 'NONE',  ( 0.0000000000000000000, 0.0000000000000000000, 1.000000000000000000 ) ) ;
#3613 = AXIS2_PLACEMENT_3D ( 'NONE', #1513, #727, #1541 ) ;
#3614 = CARTESIAN_POINT ( 'NONE',  ( -18.85404163790688500, 23.09492482837286800, -5.782065236316666000 ) ) ;
#3615 = CARTESIAN_POINT ( 'NONE',  ( 14.73587640020000600, 0.0000000000000000000, 0.0000000000000000000 ) ) ;
#3616 = FACE_OUTER_BOUND ( 'NONE', #9548, .T. ) ;
#3617 = CARTESIAN_POINT ( 'NONE',  ( -4.135647762217762300, 0.2375957319052711400, -19.52617743203251900 ) ) ;
#3618 = EDGE_CURVE ( 'NONE', #196, #4381, #2036, .T. ) ;
#3619 = CARTESIAN_POINT ( 'NONE',  ( 2.507139069128794300, 20.92763436608078100, 20.83957791793506000 ) ) ;
#3620 = PERSON_AND_ORGANIZATION_ROLE ( 'classification_officer' ) ;
#3621 = CARTESIAN_POINT ( 'NONE',  ( -13.65465439984741600, 0.0000000000000000000, 0.0000000000000000000 ) ) ;
#3622 = CARTESIAN_POINT ( 'NONE',  ( 11.16800485098188900, 10.95313557785469000, -4.278871016314653300 ) ) ;
#3623 = CARTESIAN_POINT ( 'NONE',  ( 8.414570696119975300, 14.76125000000001300, 8.414570696119854500 ) ) ;
#3624 = EDGE_CURVE ( 'NONE', #204, #4962, #5326, .T. ) ;
#3625 = ADVANCED_FACE ( 'NONE', ( #6364, #3109 ), #6368, .T. ) ;
#3626 = FACE_OUTER_BOUND ( 'NONE', #6739, .T. ) ;
#3627 = CARTESIAN_POINT ( 'NONE',  ( 12.82664718204939200, 10.29562500000002400, 5.312971222579391500 ) ) ;
#3628 = DIRECTION ( 'NONE',  ( 0.0000000000000000000, 0.0000000000000000000, 1.000000000000000000 ) ) ;
#3629 = ORIENTED_EDGE ( 'NONE', *, *, #2032, .T. ) ;
#3630 = CARTESIAN_POINT ( 'NONE',  ( -13.65465439984741300, 3.946032027681960000E-016, -3.222179676972447100 ) ) ;
#3631 = DIRECTION ( 'NONE',  ( 0.0000000000000000000, -0.0000000000000000000, 1.000000000000000000 ) ) ;
#3632 = ORIENTED_EDGE ( 'NONE', *, *, #6771, .F. ) ;
#3633 = VECTOR ( 'NONE', #5113, 1000.000000000000000 ) ;
#3634 = APPROVAL ( #4337, 'UNKNOWN' ) ;
#3635 = EDGE_LOOP ( 'NONE', ( #7433, #2021, #5812, #6206 ) ) ;
#3636 = PLANE ( 'NONE',  #2532 ) ;
#3637 = DIRECTION ( 'NONE',  ( 0.0000000000000000000, 1.000000000000000000, 0.0000000000000000000 ) ) ;
#3638 = DIRECTION ( 'NONE',  ( 0.0000000000000000000, 0.0000000000000000000, 1.000000000000000000 ) ) ;
#3639 = EDGE_CURVE ( 'NONE', #2530, #2706, #5095, .T. ) ;
#3640 = ORIENTED_EDGE ( 'NONE', *, *, #6482, .T. ) ;
#3641 = CARTESIAN_POINT ( 'NONE',  ( 12.94999999999999200, 9.400000000000000400, -13.44999999999999900 ) ) ;
#3642 = CARTESIAN_POINT ( 'NONE',  ( 0.0000000000000000000, -21.30000000000000100, 0.0000000000000000000 ) ) ;
#3643 = B_SPLINE_CURVE_WITH_KNOTS ( 'NONE', 3,
 ( #2185, #2916, #653, #4351, #8038, #8098, #7275, #622 ),
 .UNSPECIFIED., .F., .F.,
 ( 4, 2, 2, 4 ),
 ( 3.135870272599825300E-007, 0.0007048378974623684600, 0.001409362207897476300, 0.002818410828767684600 ),
 .UNSPECIFIED. ) ;
#3644 = APPROVAL_ROLE ( '' ) ;
#3645 = CARTESIAN_POINT ( 'NONE',  ( 9.275000000000002100, 0.0000000000000000000, -2.200000000000000200 ) ) ;
#3646 = CARTESIAN_POINT ( 'NONE',  ( 4.111694818790778200, 11.06323535961699800, -11.34779056330348400 ) ) ;
#3647 = ORIENTED_EDGE ( 'NONE', *, *, #5799, .F. ) ;
#3648 = CARTESIAN_POINT ( 'NONE',  ( 9.101657815899105100E-014, 16.48061978464832900, 12.69999999999996900 ) ) ;
#3649 = CARTESIAN_POINT ( 'NONE',  ( 19.30080363471749600, 1.764135420025334100, -8.249593853744160700 ) ) ;
#3650 = CYLINDRICAL_SURFACE ( 'NONE', #1485, 20.00000000000022000 ) ;
#3651 = EDGE_LOOP ( 'NONE', ( #4260, #8573, #559, #4 ) ) ;
#3652 = CARTESIAN_POINT ( 'NONE',  ( -4.929141392239931600, 15.11687500000001300, -11.89999999999995800 ) ) ;
#3653 = CARTESIAN_POINT ( 'NONE',  ( -11.90000000000004800, 12.93562500000001600, -4.929141392239714000 ) ) ;
#3655 = ORIENTED_EDGE ( 'NONE', *, *, #9030, .F. ) ;
#3654 = VERTEX_POINT ( 'NONE', #1277 ) ;
#3656 = ORIENTED_EDGE ( 'NONE', *, *, #1859, .F. ) ;
#3657 = CARTESIAN_POINT ( 'NONE',  ( 0.3696134027776618000, 1.071090684054203600, 2.020644366558465700 ) ) ;
#3658 = AXIS2_PLACEMENT_3D ( 'NONE', #8939, #7430, #3727 ) ;
#3659 = DIRECTION ( 'NONE',  ( 0.0000000000000000000, 0.0000000000000000000, 1.000000000000000000 ) ) ;
#3660 = ADVANCED_FACE ( 'NONE', ( #4383, #8344 ), #3417, .T. ) ;
#3661 = FACE_OUTER_BOUND ( 'NONE', #5479, .T. ) ;
#3662 = DIRECTION ( 'NONE',  ( -0.0000000000000000000, 1.000000000000000000, -0.0000000000000000000 ) ) ;
#3663 = ORIENTED_EDGE ( 'NONE', *, *, #3121, .T. ) ;
#3664 = AXIS2_PLACEMENT_3D ( 'NONE', #4897, #401, #8465 ) ;
#3665 = DIRECTION ( 'NONE',  ( -1.000000000000000000, 0.0000000000000000000, 0.0000000000000000000 ) ) ;
#3666 = CARTESIAN_POINT ( 'NONE',  ( 3.586772846851115300, 22.32467817596664300, 20.16406719884748400 ) ) ;
#3667 = CARTESIAN_POINT ( 'NONE',  ( 9.192421541439368800E-014, 18.94750000000000500, 12.82664718204935100 ) ) ;
#3668 = EDGE_CURVE ( 'NONE', #6311, #4189, #8121, .T. ) ;
#3670 = ORIENTED_EDGE ( 'NONE', *, *, #712, .F. ) ;
#3669 = EDGE_LOOP ( 'NONE', ( #2384, #2374 ) ) ;
#3671 = ORIENTED_EDGE ( 'NONE', *, *, #5031, .F. ) ;
#3672 = CARTESIAN_POINT ( 'NONE',  ( -4.419605437963924500, 23.09492482837286800, 19.21911164059535100 ) ) ;
#3673 = EDGE_CURVE ( 'NONE', #9375, #5330, #6139, .T. ) ;
#3674 = AXIS2_PLACEMENT_3D ( 'NONE', #6778, #6754, #2276 ) ;
#3675 = FACE_OUTER_BOUND ( 'NONE', #256, .T. ) ;
#3676 = DIRECTION ( 'NONE',  ( 1.000000000000000000, -0.0000000000000000000, -0.0000000000000000000 ) ) ;
#3677 = CARTESIAN_POINT ( 'NONE',  ( 9.465154838213875300, 10.99198351256331900, -7.406614495113801800 ) ) ;
#3678 = ORIENTED_EDGE ( 'NONE', *, *, #5392, .F. ) ;
#3679 = APPROVAL_PERSON_ORGANIZATION ( #1218, #6196, #2041 ) ;
#3680 = DIRECTION ( 'NONE',  ( 0.0000000000000000000, 0.0000000000000000000, -1.000000000000000000 ) ) ;
#3681 = LINE ( 'NONE', #4856, #5447 ) ;
#3682 = LINE ( 'NONE', #4799, #1696 ) ;
#3683 = CARTESIAN_POINT ( 'NONE',  ( 4.766898668834961100, 0.02989874383841521800, -18.85072844979541500 ) ) ;
#3684 = ORIENTED_EDGE ( 'NONE', *, *, #5481, .F. ) ;
#3685 = CARTESIAN_POINT ( 'NONE',  ( 16.51062208809272000, 21.36036806084184600, -12.84002888511820100 ) ) ;
#3686 = CC_DESIGN_PERSON_AND_ORGANIZATION_ASSIGNMENT ( #888, #1261, ( #6369 ) ) ;
#3687 = CARTESIAN_POINT ( 'NONE',  ( -10.65465439984741300, 0.0000000000000000000, 0.0000000000000000000 ) ) ;
#3688 = LINE ( 'NONE', #9568, #8475 ) ;
#3689 = DIRECTION ( 'NONE',  ( 0.7071067811865435800, 0.7071067811865514600, 8.659560562354876200E-017 ) ) ;
#3690 = EDGE_CURVE ( 'NONE', #3743, #7260, #174, .T. ) ;
#3691 = ORIENTED_EDGE ( 'NONE', *, *, #689, .F. ) ;
#3692 = PERSON_AND_ORGANIZATION ( #4303, #4183 ) ;
#3693 = DIRECTION ( 'NONE',  ( 1.000000000000000000, -0.0000000000000000000, -0.0000000000000000000 ) ) ;
#3694 = CARTESIAN_POINT ( 'NONE',  ( 5.260512242138204900, 14.35000521535169700, -12.70000000000000300 ) ) ;
#3695 = EDGE_LOOP ( 'NONE', ( #2823, #1451 ) ) ;
#3696 = DIRECTION ( 'NONE',  ( 0.0000000000000000000, 0.0000000000000000000, 1.000000000000000000 ) ) ;
#3697 = CARTESIAN_POINT ( 'NONE',  ( 14.43443619994202900, 23.09492482837286800, 13.43704640427915300 ) ) ;
#3698 = CARTESIAN_POINT ( 'NONE',  ( -12.82664718204931200, 17.43937500000000500, 5.312971222579581500 ) ) ;
#3699 = CYLINDRICAL_SURFACE ( 'NONE', #5795, 15.60000000000000000 ) ;
#3700 = TOROIDAL_SURFACE ( 'NONE', #7458, 3.949999999999997100, 0.5000000000000000000 ) ;
#3701 = ORIENTED_EDGE ( 'NONE', *, *, #2006, .F. ) ;
#3702 = CARTESIAN_POINT ( 'NONE',  ( 12.69999999999992800, 16.73125521535168800, -5.260512242138384300 ) ) ;
#3703 = CALENDAR_DATE ( 2023, 6, 9 ) ;
#3704 = VERTEX_POINT ( 'NONE', #8685 ) ;
#3705 = CARTESIAN_POINT ( 'NONE',  ( -12.56412585201709200, -10.80829037686547000, -9.246769250645098000 ) ) ;
#3706 = EDGE_LOOP ( 'NONE', ( #3210, #3712, #33, #5010 ) ) ;
#3707 = DIRECTION ( 'NONE',  ( 1.000000000000000000, 0.0000000000000000000, 0.0000000000000000000 ) ) ;
#3708 = VECTOR ( 'NONE', #6728, 1000.000000000000000 ) ;
#3709 = ADVANCED_FACE ( 'NONE', ( #7881 ), #7311, .F. ) ;
#3710 = CIRCLE ( 'NONE', #301, 2.999999999999999100 ) ;
#3711 =( BOUNDED_CURVE ( )  B_SPLINE_CURVE ( 2, ( #2401, #8338, #77, #3166, #5280, #5995, #1521, #6835, #6747 ),
 .UNSPECIFIED., .F., .F. ) 
 B_SPLINE_CURVE_WITH_KNOTS ( ( 3, 2, 2, 2, 3 ),
 ( 0.5000000000000000000, 0.5156250000000000000, 0.5312500000000000000, 0.5468750000000000000, 0.5625000000000000000 ),
 .UNSPECIFIED. ) 
 CURVE ( )  GEOMETRIC_REPRESENTATION_ITEM ( )  RATIONAL_B_SPLINE_CURVE ( ( 1.000000000000000000, 0.9238795325112867400, 1.000000000000000000, 0.9238795325112867400, 1.000000000000000000, 0.9238795325112867400, 1.000000000000000000, 0.9238795325112867400, 1.000000000000000000 ) ) 
 REPRESENTATION_ITEM ( '' )  );
#3712 = ORIENTED_EDGE ( 'NONE', *, *, #424, .F. ) ;
#3713 = CARTESIAN_POINT ( 'NONE',  ( -2.321841043662176600, 1.941561330116931400, -20.87133988812438200 ) ) ;
#3714 = EDGE_LOOP ( 'NONE', ( #7502, #1805, #8152, #8886 ) ) ;
#3715 = CONICAL_SURFACE ( 'NONE', #4253, 12.69999999999998900, 0.7853981633974418400 ) ;
#3716 = DIRECTION ( 'NONE',  ( 1.000000000000000000, -9.210921111381288300E-016, 0.0000000000000000000 ) ) ;
#3717 = CARTESIAN_POINT ( 'NONE',  ( 0.0000000000000000000, 0.0000000000000000000, 0.0000000000000000000 ) ) ;
#3718 = AXIS2_PLACEMENT_3D ( 'NONE', #1075, #9304, #7859 ) ;
#3719 = CARTESIAN_POINT ( 'NONE',  ( -12.94999999999999200, -11.19999999999999900, -12.94999999999999200 ) ) ;
#3720 = FACE_OUTER_BOUND ( 'NONE', #4601, .T. ) ;
#3721 = DIRECTION ( 'NONE',  ( 0.0000000000000000000, 0.0000000000000000000, -1.000000000000000000 ) ) ;
#3722 = ADVANCED_FACE ( 'NONE', ( #5892 ), #764, .T. ) ;
#3723 = EDGE_CURVE ( 'NONE', #8877, #70, #601, .T. ) ;
#3724 = CARTESIAN_POINT ( 'NONE',  ( 12.69999999999999900, 11.70000000000000800, 1.555301434917137200E-015 ) ) ;
#3725 = CARTESIAN_POINT ( 'NONE',  ( 8.414570696119856300, 18.68875000000000200, -8.414570696119973500 ) ) ;
#3726 = CARTESIAN_POINT ( 'NONE',  ( 2.565148334856266500, 1.706270886484437400, 20.82186793002137300 ) ) ;
#3727 = DIRECTION ( 'NONE',  ( 0.0000000000000000000, 0.0000000000000000000, -1.000000000000000000 ) ) ;
#3728 = CARTESIAN_POINT ( 'NONE',  ( 11.89999999999996800, 16.26937500000001100, -4.929141392239910300 ) ) ;
#3729 = CARTESIAN_POINT ( 'NONE',  ( 9.192421541439368800E-014, 15.13750000000001200, 12.82664718204935100 ) ) ;
#3730 = CARTESIAN_POINT ( 'NONE',  ( 12.94999999999999200, 9.400000000000000400, 12.94999999999999200 ) ) ;
#3731 = AXIS2_PLACEMENT_3D ( 'NONE', #4758, #3223, #7670 ) ;
#3732 = DIRECTION ( 'NONE',  ( 0.0000000000000000000, 0.0000000000000000000, 1.000000000000000000 ) ) ;
#3733 = EDGE_CURVE ( 'NONE', #1770, #3046, #8478, .T. ) ;
#3734 = ORIENTED_EDGE ( 'NONE', *, *, #1444, .F. ) ;
#3735 = CYLINDRICAL_SURFACE ( 'NONE', #1848, 20.00000000000039800 ) ;
#3736 = CARTESIAN_POINT ( 'NONE',  ( -1.725874147982906500, -10.80829037686547000, -15.50423678951415600 ) ) ;
#3737 = CARTESIAN_POINT ( 'NONE',  ( -14.28999999999999700, -10.80829037686547000, 6.257467538869061500 ) ) ;
#3738 = CARTESIAN_POINT ( 'NONE',  ( 0.0000000000000000000, -8.199999999999999300, 0.0000000000000000000 ) ) ;
#3739 = ORIENTED_EDGE ( 'NONE', *, *, #9082, .F. ) ;
#3740 = EDGE_CURVE ( 'NONE', #9375, #6660, #8233, .T. ) ;
#3741 = CC_DESIGN_DATE_AND_TIME_ASSIGNMENT ( #9415, #2639, ( #8555 ) ) ;
#3742 = ADVANCED_FACE ( 'NONE', ( #4743 ), #1569, .T. ) ;
#3743 = VERTEX_POINT ( 'NONE', #5902 ) ;
#3744 = VECTOR ( 'NONE', #6061, 1000.000000000000000 ) ;
#3745 = CARTESIAN_POINT ( 'NONE',  ( -12.27635182233306700, 0.0000000000000000000, 8.045708121834929100 ) ) ;
#3746 = DIRECTION ( 'NONE',  ( -0.7071067811865474600, 8.659560562354932900E-017, 0.7071067811865474600 ) ) ;
#3747 = DIRECTION ( 'NONE',  ( -0.0000000000000000000, 1.000000000000000000, -0.0000000000000000000 ) ) ;
#3748 = VERTEX_POINT ( 'NONE', #2182 ) ;
#3749 = DIRECTION ( 'NONE',  ( 1.000000000000000000, -0.0000000000000000000, -0.0000000000000000000 ) ) ;
#3750 = DIRECTION ( 'NONE',  ( 0.0000000000000000000, 0.0000000000000000000, -1.000000000000000000 ) ) ;
#3751 = DIRECTION ( 'NONE',  ( 6.448786156047610700E-017, 0.0000000000000000000, 1.000000000000000000 ) ) ;
#3752 = ORIENTED_EDGE ( 'NONE', *, *, #2739, .F. ) ;
#3753 = CARTESIAN_POINT ( 'NONE',  ( 11.89999999999999900, 19.80000000000000100, -8.455458555545191200E-014 ) ) ;
#3754 = ADVANCED_FACE ( 'NONE', ( #2759 ), #589, .T. ) ;
#3755 = CARTESIAN_POINT ( 'NONE',  ( 2.260760671697890500, 2.000000000000001800, 20.87795395112464500 ) ) ;
#3756 = CARTESIAN_POINT ( 'NONE',  ( 13.94176023471842800, 0.02989860395285437100, 13.55361957821120500 ) ) ;
#3757 = CARTESIAN_POINT ( 'NONE',  ( -12.82664718204935100, 17.36000000000000700, 8.956799855210032000E-014 ) ) ;
#3758 = EDGE_CURVE ( 'NONE', #5689, #6311, #4756, .T. ) ;
#3759 = ORIENTED_EDGE ( 'NONE', *, *, #4434, .T. ) ;
#3760 = B_SPLINE_CURVE_WITH_KNOTS ( 'NONE', 3,
 ( #4792, #4854, #1307, #4163, #6331, #308, #1775, #2522, #8501, #5532, #371, #2586 ),
 .UNSPECIFIED., .F., .F.,
 ( 4, 2, 2, 2, 2, 4 ),
 ( 2.344180752282628400E-007, 0.003137532069197812600, 0.006274829720320397100, 0.007843478545881688000, 0.009412127371442978100, 0.01254942502256555700 ),
 .UNSPECIFIED. ) ;
#3761 = CARTESIAN_POINT ( 'NONE',  ( 2.260760671697890500, 2.000000000000001800, 20.87795395112464500 ) ) ;
#3762 = ORIENTED_EDGE ( 'NONE', *, *, #2431, .F. ) ;
#3763 = CARTESIAN_POINT ( 'NONE',  ( -18.15061250387682200, 24.07865626561188700, 2.498239936126549900 ) ) ;
#3764 = ORIENTED_EDGE ( 'NONE', *, *, #3128, .T. ) ;
#3765 = ADVANCED_FACE ( 'NONE', ( #4857 ), #4497, .T. ) ;
#3766 = DIRECTION ( 'NONE',  ( 1.224646799147353200E-016, -1.074638673853645500E-031, 1.000000000000000000 ) ) ;
#3767 =( BOUNDED_CURVE ( )  B_SPLINE_CURVE ( 2, ( #6307, #6278, #3287, #5472, #6960, #1808, #4001, #5569, #7084 ),
 .UNSPECIFIED., .F., .F. ) 
 B_SPLINE_CURVE_WITH_KNOTS ( ( 3, 2, 2, 2, 3 ),
 ( 0.3437500000000000000, 0.3593750000000000000, 0.3750000000000000000, 0.3906250000000000000, 0.4062500000000000000 ),
 .UNSPECIFIED. ) 
 CURVE ( )  GEOMETRIC_REPRESENTATION_ITEM ( )  RATIONAL_B_SPLINE_CURVE ( ( 1.000000000000000000, 0.9238795325112867400, 1.000000000000000000, 0.9238795325112867400, 1.000000000000000000, 0.9238795325112867400, 1.000000000000000000, 0.9238795325112867400, 1.000000000000000000 ) ) 
 REPRESENTATION_ITEM ( '' )  );
#3768 = ORIENTED_EDGE ( 'NONE', *, *, #5282, .F. ) ;
#3769 = FACE_OUTER_BOUND ( 'NONE', #4258, .T. ) ;
#3770 = EDGE_LOOP ( 'NONE', ( #445, #6264, #8995, #7785 ) ) ;
#3771 = B_SPLINE_CURVE_WITH_KNOTS ( 'NONE', 3,
 ( #5710, #7825, #6324, #1858, #421, #386 ),
 .UNSPECIFIED., .F., .F.,
 ( 4, 2, 4 ),
 ( 3.501226512082426200E-007, 0.0007385626660455709200, 0.001476775209439933500 ),
 .UNSPECIFIED. ) ;
#3772 = AXIS2_PLACEMENT_3D ( 'NONE', #2821, #6525, #5877 ) ;
#3773 = DIRECTION ( 'NONE',  ( 0.0000000000000000000, 0.0000000000000000000, 1.000000000000000000 ) ) ;
#3775 = ORIENTED_EDGE ( 'NONE', *, *, #7007, .F. ) ;
#3774 = ORIENTED_EDGE ( 'NONE', *, *, #2994, .T. ) ;
#3776 = VERTEX_POINT ( 'NONE', #5393 ) ;
#3777 = EDGE_CURVE ( 'NONE', #4467, #4493, #6012, .T. ) ;
#3778 = PLANE ( 'NONE',  #9435 ) ;
#3779 = CARTESIAN_POINT ( 'NONE',  ( 0.5800120672147699400, 6.415325105825623100, 6.404248581342878700 ) ) ;
#3780 = EDGE_CURVE ( 'NONE', #8906, #7316, #1146, .T. ) ;
#3781 = TOROIDAL_SURFACE ( 'NONE', #5430, 18.00000000000000400, 3.000000000000000000 ) ;
#3782 = DIRECTION ( 'NONE',  ( -0.0000000000000000000, -1.000000000000000000, -0.0000000000000000000 ) ) ;
#3783 = ORIENTED_EDGE ( 'NONE', *, *, #1138, .T. ) ;
#3784 = ORIENTED_EDGE ( 'NONE', *, *, #5548, .T. ) ;
#3785 = SHAPE_DEFINITION_REPRESENTATION ( #1737, #7475 ) ;
#3786 = CARTESIAN_POINT ( 'NONE',  ( -4.929141392239751300, 18.13312500000000700, 11.90000000000003200 ) ) ;
#3787 = DIRECTION ( 'NONE',  ( 1.000000000000000000, 0.0000000000000000000, 0.0000000000000000000 ) ) ;
#3788 = AXIS2_PLACEMENT_3D ( 'NONE', #2766, #2801, #8046 ) ;
#3789 = VECTOR ( 'NONE', #450, 1000.000000000000000 ) ;
#3790 = DIRECTION ( 'NONE',  ( -1.000000000000000000, 0.0000000000000000000, 0.0000000000000000000 ) ) ;
#3791 = CARTESIAN_POINT ( 'NONE',  ( 11.89999999999999900, 16.19000000000000800, -9.329856370136399200E-014 ) ) ;
#3792 = VECTOR ( 'NONE', #2781, 1000.000000000000000 ) ;
#3793 = CARTESIAN_POINT ( 'NONE',  ( -9.069809202314482700, 18.47125000000000800, -9.069809202314353100 ) ) ;
#3794 = EDGE_CURVE ( 'NONE', #6435, #5330, #2520, .T. ) ;
#3795 = CARTESIAN_POINT ( 'NONE',  ( -13.79999999999999700, 0.0000000000000000000, 3.200000000000000200 ) ) ;
#3796 = EDGE_LOOP ( 'NONE', ( #281, #8902 ) ) ;
#3797 = EDGE_CURVE ( 'NONE', #4108, #6863, #536, .T. ) ;
#3798 = AXIS2_PLACEMENT_3D ( 'NONE', #339, #8618, #4123 ) ;
#3799 = LINE ( 'NONE', #3029, #50 ) ;
#3800 = CARTESIAN_POINT ( 'NONE',  ( 0.0000000000000000000, 0.0000000000000000000, 0.0000000000000000000 ) ) ;
#3801 = FACE_OUTER_BOUND ( 'NONE', #1033, .T. ) ;
#3802 = CARTESIAN_POINT ( 'NONE',  ( -14.28999999999999700, -10.11903944969422800, 2.095102335174061200 ) ) ;
#3803 = DIRECTION ( 'NONE',  ( -1.000000000000000000, 0.0000000000000000000, 0.0000000000000000000 ) ) ;
#3804 = EDGE_LOOP ( 'NONE', ( #5411, #3202, #5656, #2881, #9595, #1375 ) ) ;
#3805 = DIRECTION ( 'NONE',  ( 1.000000000000000000, -0.0000000000000000000, -0.0000000000000000000 ) ) ;
#3806 = LOCAL_TIME ( 13, 59, 25.00000000000000000, #7646 ) ;
#3807 = ORIENTED_EDGE ( 'NONE', *, *, #1278, .T. ) ;
#3808 = CIRCLE ( 'NONE', #2102, 20.00000000000022000 ) ;
#3809 = VECTOR ( 'NONE', #8268, 1000.000000000000000 ) ;
#3810 = CARTESIAN_POINT ( 'NONE',  ( 18.36785718158144900, 23.76556932822196100, 3.944211957654170800 ) ) ;
#3811 = CARTESIAN_POINT ( 'NONE',  ( -1.853183372579807700, 9.524999999999993200, 0.07997378778030780900 ) ) ;
#3812 = DIRECTION ( 'NONE',  ( -1.000000000000000000, 0.0000000000000000000, 0.0000000000000000000 ) ) ;
#3813 = ORIENTED_EDGE ( 'NONE', *, *, #5641, .F. ) ;
#3814 = CC_DESIGN_SECURITY_CLASSIFICATION ( #7181, ( #9694 ) ) ;
#3815 = APPROVAL_PERSON_ORGANIZATION ( #9423, #4763, #7008 ) ;
#3816 = CARTESIAN_POINT ( 'NONE',  ( 4.549999999999999800, 0.0000000000000000000, -3.000000000000000000 ) ) ;
#3817 = ORIENTED_EDGE ( 'NONE', *, *, #1907, .F. ) ;
#3818 = CARTESIAN_POINT ( 'NONE',  ( 5.049999999999999800, -3.227209084889968100E-015, 0.0000000000000000000 ) ) ;
#3819 = VERTEX_POINT ( 'NONE', #713 ) ;
#3820 = ADVANCED_FACE ( 'NONE', ( #3563 ), #4274, .T. ) ;
#3821 = CARTESIAN_POINT ( 'NONE',  ( 1.100091147205278100, 1.067922460193764500, 1.734781759009967900 ) ) ;
#3822 = FACE_OUTER_BOUND ( 'NONE', #6490, .T. ) ;
#3823 = EDGE_CURVE ( 'NONE', #2777, #765, #5777, .T. ) ;
#3824 = CARTESIAN_POINT ( 'NONE',  ( -8.414570696119854500, 18.05375000000000800, 8.414570696119975300 ) ) ;
#3825 = CARTESIAN_POINT ( 'NONE',  ( 3.084049776735874500, 1.190064723411459600, 20.60348222922949900 ) ) ;
#3826 = DIRECTION ( 'NONE',  ( 1.000000000000000000, -8.775090700452170200E-016, 0.0000000000000000000 ) ) ;
#3827 = CARTESIAN_POINT ( 'NONE',  ( -19.31515102008610200, 20.99886023263070100, 8.188310141600661400 ) ) ;
#3828 = ORIENTED_EDGE ( 'NONE', *, *, #5170, .F. ) ;
#3829 = ORIENTED_EDGE ( 'NONE', *, *, #8278, .F. ) ;
#3830 = CARTESIAN_POINT ( 'NONE',  ( -5.312971222579573500, 14.58187500000001600, -12.82664718204931400 ) ) ;
#3831 = CARTESIAN_POINT ( 'NONE',  ( 0.0000000000000000000, 0.0000000000000000000, 0.0000000000000000000 ) ) ;
#3832 = VERTEX_POINT ( 'NONE', #4545 ) ;
#3833 = FACE_OUTER_BOUND ( 'NONE', #478, .T. ) ;
#3834 = CARTESIAN_POINT ( 'NONE',  ( 5.342430495083340800, -10.13353035464665700, 13.41621700897627700 ) ) ;
#3835 = CARTESIAN_POINT ( 'NONE',  ( 0.03643194662692081400, 1.043312934816006400, -2.049755897520309000 ) ) ;
#3836 = SHAPE_DEFINITION_REPRESENTATION ( #7199, #2711 ) ;
#3837 = B_SPLINE_CURVE_WITH_KNOTS ( 'NONE', 3,
 ( #6382, #9507, #7157, #8049, #4307, #6537, #6507, #511, #7225, #5061, #572, #6828, #6568, #6022 ),
 .UNSPECIFIED., .F., .F.,
 ( 4, 2, 2, 2, 2, 2, 4 ),
 ( 5.279668731190015500E-016, 0.001591008114409105800, 0.003182016228817683300, 0.006364032457634834900, 0.009546048686451987000, 0.01113705680086056300, 0.01272806491526913700 ),
 .UNSPECIFIED. ) ;
#3838 = ORIENTED_EDGE ( 'NONE', *, *, #7297, .T. ) ;
#3839 = DIRECTION ( 'NONE',  ( 1.000000000000000000, 0.0000000000000000000, 0.0000000000000000000 ) ) ;
#3840 = DIRECTION ( 'NONE',  ( -0.0000000000000000000, 1.000000000000000000, -0.0000000000000000000 ) ) ;
#3841 = ORIENTED_EDGE ( 'NONE', *, *, #7518, .T. ) ;
#3842 = ADVANCED_FACE ( 'NONE', ( #6485 ), #6808, .T. ) ;
#3843 = CONICAL_SURFACE ( 'NONE', #1987, 2.499999999999998700, 1.029744258676653900 ) ;
#3844 = DIRECTION ( 'NONE',  ( -0.8660254037844380400, 0.0000000000000000000, 0.5000000000000010000 ) ) ;
#3845 = CARTESIAN_POINT ( 'NONE',  ( 3.703005886603720300, 22.49822397585444700, 20.02349908884491800 ) ) ;
#3846 = CARTESIAN_POINT ( 'NONE',  ( -0.9201755227901118300, 6.374834636609563200, 4.693824413990621600 ) ) ;
#3847 = CARTESIAN_POINT ( 'NONE',  ( -13.44999999999999900, 8.900000000000016300, -12.94999999999999200 ) ) ;
#3848 = AXIS2_PLACEMENT_3D ( 'NONE', #9252, #8510, #4699 ) ;
#3849 = VECTOR ( 'NONE', #12, 1000.000000000000000 ) ;
#3850 = EDGE_CURVE ( 'NONE', #7924, #52, #8706, .T. ) ;
#3851 = ORIENTED_EDGE ( 'NONE', *, *, #2230, .F. ) ;
#3852 = CARTESIAN_POINT ( 'NONE',  ( 8.414570696119856300, 19.95875000000000600, -8.414570696119973500 ) ) ;
#3853 = CARTESIAN_POINT ( 'NONE',  ( 13.04177618759520600, 0.0000000000000000000, 13.81709353926052100 ) ) ;
#3854 = CARTESIAN_POINT ( 'NONE',  ( 2.638711846039125700, 17.41039074689366500, 12.00977241848748100 ) ) ;
#3855 = CARTESIAN_POINT ( 'NONE',  ( 7.780436236922175100, -5.573889132600873700, 17.59999999999998400 ) ) ;
#3856 = EDGE_CURVE ( 'NONE', #4364, #4110, #4035, .T. ) ;
#3857 = AXIS2_PLACEMENT_3D ( 'NONE', #687, #495, #6683 ) ;
#3858 = CARTESIAN_POINT ( 'NONE',  ( -9.069809202314351300, 11.16875000000002100, 9.069809202314482700 ) ) ;
#3859 = CARTESIAN_POINT ( 'NONE',  ( 12.69999999999996700, 12.84188021535169900, -9.023892744153245300E-014 ) ) ;
#3860 = VERTEX_POINT ( 'NONE', #8255 ) ;
#3861 = CYLINDRICAL_SURFACE ( 'NONE', #147, 15.60000000000000000 ) ;
#3862 = CARTESIAN_POINT ( 'NONE',  ( -4.929141392239926300, 17.65687500000000700, -11.89999999999996300 ) ) ;
#3863 = CARTESIAN_POINT ( 'NONE',  ( -19.26093922051267500, 1.882896781022211000, 8.368475189004007200 ) ) ;
#3864 = ORIENTED_EDGE ( 'NONE', *, *, #6040, .T. ) ;
#3865 = CARTESIAN_POINT ( 'NONE',  ( -14.43443619994282500, 23.09492482837286800, 13.43704640427829800 ) ) ;
#3866 = ADVANCED_FACE ( 'NONE', ( #4508 ), #9027, .T. ) ;
#3867 = CARTESIAN_POINT ( 'NONE',  ( -14.84047904870554100, 0.2370418943709766400, -13.34506732214175700 ) ) ;
#3868 = CARTESIAN_POINT ( 'NONE',  ( 13.79999999999999700, 2.300000000000001200, 0.0000000000000000000 ) ) ;
#3869 = DIRECTION ( 'NONE',  ( 0.0000000000000000000, 0.0000000000000000000, -1.000000000000000000 ) ) ;
#3870 = EDGE_LOOP ( 'NONE', ( #56, #8626, #4248, #7330 ) ) ;
#3871 = AXIS2_PLACEMENT_3D ( 'NONE', #28, #2258, #7249 ) ;
#3872 = PRODUCT_RELATED_PRODUCT_CATEGORY ( 'detail', '', ( #5791 ) ) ;
#3873 = CARTESIAN_POINT ( 'NONE',  ( 0.0000000000000000000, 1.042832680730699600, -2.050000000000001200 ) ) ;
#3874 = DIRECTION ( 'NONE',  ( -1.000000000000000000, 0.0000000000000000000, 0.0000000000000000000 ) ) ;
#3875 = CARTESIAN_POINT ( 'NONE',  ( -14.43443619994283000, 23.09492482837287100, -13.43704640427828100 ) ) ;
#3876 = EDGE_CURVE ( 'NONE', #5863, #6957, #2998, .T. ) ;
#3877 = CARTESIAN_POINT ( 'NONE',  ( -1.035053568989334100, 1.457704820209388100, 1.787450156796368100 ) ) ;
#3878 = EDGE_LOOP ( 'NONE', ( #9351, #3372, #682, #7546 ) ) ;
#3879 = DIRECTION ( 'NONE',  ( 1.000000000000000000, 0.0000000000000000000, 0.0000000000000000000 ) ) ;
#3880 = CARTESIAN_POINT ( 'NONE',  ( -8.017523061292044300E-014, 12.69750000000001600, -11.89999999999999900 ) ) ;
#3881 = DIRECTION ( 'NONE',  ( 0.0000000000000000000, 0.0000000000000000000, 1.000000000000000000 ) ) ;
#3882 = CARTESIAN_POINT ( 'NONE',  ( -8.414570696119973500, 13.92625000000001600, -8.414570696119856300 ) ) ;
#3883 = FACE_OUTER_BOUND ( 'NONE', #1622, .T. ) ;
#3884 = ORIENTED_EDGE ( 'NONE', *, *, #5783, .F. ) ;
#3885 = CARTESIAN_POINT ( 'NONE',  ( -38.00000000000000000, 0.0000000000000000000, 8.981320299058706400E-015 ) ) ;
#3886 = ADVANCED_FACE ( 'NONE', ( #42, #5317 ), #4572, .F. ) ;
#3887 = CARTESIAN_POINT ( 'NONE',  ( 19.25598086124345800, 0.6554350922090780300, -6.975797196446034600 ) ) ;
#3888 = CARTESIAN_POINT ( 'NONE',  ( -12.82664718204935100, 11.01000000000002100, 8.956799855210032000E-014 ) ) ;
#3890 = ORIENTED_EDGE ( 'NONE', *, *, #9107, .T. ) ;
#3889 = EDGE_LOOP ( 'NONE', ( #9197, #3165, #2018, #3841 ) ) ;
#3891 = CARTESIAN_POINT ( 'NONE',  ( -12.56412585201708300, -10.80829037686547000, 9.246769250645112200 ) ) ;
#3892 = VECTOR ( 'NONE', #3241, 1000.000000000000000 ) ;
#3893 = ORIENTED_EDGE ( 'NONE', *, *, #813, .T. ) ;
#3894 = B_SPLINE_CURVE_WITH_KNOTS ( 'NONE', 3,
 ( #5818, #6554, #6521, #8772, #2843, #5075, #4288, #8062 ),
 .UNSPECIFIED., .F., .F.,
 ( 4, 2, 2, 4 ),
 ( 2.454550940127172100E-007, 0.001019711662416465000, 0.001529444766077692400, 0.002039177869738919900 ),
 .UNSPECIFIED. ) ;
#3895 = CARTESIAN_POINT ( 'NONE',  ( 1.314067014872313700, 1.044870462717771200, -1.578848837621156200 ) ) ;
#3897 = VERTEX_POINT ( 'NONE', #1631 ) ;
#3896 = VERTEX_POINT ( 'NONE', #3148 ) ;
#3898 = CARTESIAN_POINT ( 'NONE',  ( 19.25598086124352200, 30.00000000000000000, -6.975797196446222000 ) ) ;
#3899 = CARTESIAN_POINT ( 'NONE',  ( -12.94999999999999200, -11.19999999999999900, -12.94999999999999200 ) ) ;
#3900 = APPROVAL_DATE_TIME ( #6459, #1433 ) ;
#3901 = CARTESIAN_POINT ( 'NONE',  ( -2.705861578575723000, 17.00754978532385700, -12.42333985902004300 ) ) ;
#3902 = ORIENTED_EDGE ( 'NONE', *, *, #6788, .T. ) ;
#3903 = CYLINDRICAL_SURFACE ( 'NONE', #1411, 15.60000000000000000 ) ;
#3904 = AXIS2_PLACEMENT_3D ( 'NONE', #2010, #2304, #3032 ) ;
#3905 = DIRECTION ( 'NONE',  ( 0.0000000000000000000, 0.0000000000000000000, 1.000000000000000000 ) ) ;
#3906 = EDGE_CURVE ( 'NONE', #9310, #4451, #6258, .T. ) ;
#3907 = CARTESIAN_POINT ( 'NONE',  ( 0.0000000000000000000, 17.80000000000000100, -11.89999999999999900 ) ) ;
#3908 = VERTEX_POINT ( 'NONE', #5257 ) ;
#3909 = CARTESIAN_POINT ( 'NONE',  ( -0.3593919564985299000, 1.101257569710870400, 2.019428178818023100 ) ) ;
#3910 = APPROVAL_PERSON_ORGANIZATION ( #4272, #8988, #7323 ) ;
#3911 = DIRECTION ( 'NONE',  ( 0.0000000000000000000, -1.224646799147353500E-016, 1.000000000000000000 ) ) ;
#3912 = EDGE_CURVE ( 'NONE', #8145, #1089, #7059, .T. ) ;
#3913 = LINE ( 'NONE', #823, #9037 ) ;
#3914 = ADVANCED_FACE ( 'NONE', ( #3227 ), #1221, .T. ) ;
#3915 = FACE_OUTER_BOUND ( 'NONE', #2692, .T. ) ;
#3916 = ORIENTED_EDGE ( 'NONE', *, *, #6302, .F. ) ;
#3917 = AXIS2_PLACEMENT_3D ( 'NONE', #7508, #5283, #8279 ) ;
#3918 = CARTESIAN_POINT ( 'NONE',  ( -8.382592070995923700E-014, 12.49750000000001600, -11.89999999999999900 ) ) ;
#3919 = AXIS2_PLACEMENT_3D ( 'NONE', #7193, #6316, #7289 ) ;
#3920 = CARTESIAN_POINT ( 'NONE',  ( -12.51422759781521200, 17.18577240218478500, 0.4016141550950376700 ) ) ;
#3921 = CARTESIAN_POINT ( 'NONE',  ( -12.51812523131016300, 17.18187476868981600, -7.635464354253209400E-013 ) ) ;
#3922 = CARTESIAN_POINT ( 'NONE',  ( 11.89999999999996500, 20.07937499999999900, -4.929141392239915700 ) ) ;
#3923 = EDGE_CURVE ( 'NONE', #6969, #2977, #8697, .T. ) ;
#3924 = VECTOR ( 'NONE', #6715, 1000.000000000000000 ) ;
#3925 = CARTESIAN_POINT ( 'NONE',  ( -19.38998687023821800, 21.78592067791760900, -7.496429512513069300 ) ) ;
#3926 = EDGE_LOOP ( 'NONE', ( #3355, #9492, #323 ) ) ;
#3927 = CARTESIAN_POINT ( 'NONE',  ( -15.66920801439210600, 22.32467817596788600, 13.18827000240033900 ) ) ;
#3928 = APPROVAL_PERSON_ORGANIZATION ( #8934, #6801, #6386 ) ;
#3929 = CARTESIAN_POINT ( 'NONE',  ( 0.1083897543756179300, 1.048450446541747200, -2.047132546062026700 ) ) ;
#3930 = EDGE_CURVE ( 'NONE', #6807, #63, #9133, .T. ) ;
#3931 = DIRECTION ( 'NONE',  ( 1.000000000000000000, -0.0000000000000000000, -0.0000000000000000000 ) ) ;
#3932 = AXIS2_PLACEMENT_3D ( 'NONE', #263, #4712, #9099 ) ;
#3933 = ORIENTED_EDGE ( 'NONE', *, *, #7389, .T. ) ;
#3934 = ORIENTED_EDGE ( 'NONE', *, *, #5946, .T. ) ;
#3935 = CARTESIAN_POINT ( 'NONE',  ( -8.414570696119843900, 16.98375000000000800, 8.414570696119987800 ) ) ;
#3936 = TOROIDAL_SURFACE ( 'NONE', #1231, 16.68470121112101300, 1.000000000000000000 ) ;
#3937 = CARTESIAN_POINT ( 'NONE',  ( 1.668477414315185300, 0.9669561416070279200, -1.197931531734345100 ) ) ;
#3938 = VECTOR ( 'NONE', #7946, 1000.000000000000100 ) ;
#3939 = CARTESIAN_POINT ( 'NONE',  ( 0.0000000000000000000, 0.0000000000000000000, 0.0000000000000000000 ) ) ;
#3940 = CARTESIAN_POINT ( 'NONE',  ( 19.11793739797801800, 0.4098619297413010300, 6.596642446104331400 ) ) ;
#3941 = DIRECTION ( 'NONE',  ( -1.000000000000000000, -0.0000000000000000000, -0.0000000000000000000 ) ) ;
#3942 = ORIENTED_EDGE ( 'NONE', *, *, #3733, .T. ) ;
#3943 = CARTESIAN_POINT ( 'NONE',  ( 12.94999999999999200, -11.19999999999999900, 12.94999999999999200 ) ) ;
#3944 = PLANE ( 'NONE',  #6341 ) ;
#3945 = EDGE_LOOP ( 'NONE', ( #5112, #2621, #7866, #2717 ) ) ;
#3946 = FACE_OUTER_BOUND ( 'NONE', #6294, .T. ) ;
#3947 = CARTESIAN_POINT ( 'NONE',  ( 11.67190269737710700, -20.73030182089466000, -9.761894529153716200 ) ) ;
#3948 = CARTESIAN_POINT ( 'NONE',  ( 0.0000000000000000000, 0.0000000000000000000, 0.0000000000000000000 ) ) ;
#3949 = CARTESIAN_POINT ( 'NONE',  ( -2.045450131536062300, 30.00000000000000000, -18.88957738435028600 ) ) ;
#3950 = CARTESIAN_POINT ( 'NONE',  ( -0.1522951446682494500, 6.439999999999998600, 6.550000000000000700 ) ) ;
#3951 = ADVANCED_FACE ( 'NONE', ( #6713 ), #3098, .T. ) ;
#3952 = B_SPLINE_CURVE_WITH_KNOTS ( 'NONE', 3,
 ( #4388, #8883, #4426, #6662, #7253, #101, #8267, #3056 ),
 .UNSPECIFIED., .F., .F.,
 ( 4, 2, 2, 4 ),
 ( 0.005564589980275918600, 0.006950476802621014500, 0.008336363624966111300, 0.01110813726965630300 ),
 .UNSPECIFIED. ) ;
#3953 = VECTOR ( 'NONE', #2817, 1000.000000000000000 ) ;
#3954 = ORIENTED_EDGE ( 'NONE', *, *, #9023, .F. ) ;
#3955 = EDGE_CURVE ( 'NONE', #7827, #9057, #4984, .T. ) ;
#3956 = ORIENTED_EDGE ( 'NONE', *, *, #4643, .T. ) ;
#3957 = ORIENTED_EDGE ( 'NONE', *, *, #294, .F. ) ;
#3958 = CARTESIAN_POINT ( 'NONE',  ( 11.89999999999999900, 12.18000000000001900, -8.455458555545191200E-014 ) ) ;
#3959 = CARTESIAN_POINT ( 'NONE',  ( 11.82562332909752500, 17.55516351066852800, 2.795198868857407900 ) ) ;
#3960 = CARTESIAN_POINT ( 'NONE',  ( -12.94999999999999200, -11.19999999999999900, 12.94999999999999200 ) ) ;
#3961 = VECTOR ( 'NONE', #238, 1000.000000000000000 ) ;
#3962 = CARTESIAN_POINT ( 'NONE',  ( 8.528325040094456200E-014, 19.68250000000000100, 11.89999999999999900 ) ) ;
#3963 = CARTESIAN_POINT ( 'NONE',  ( -19.30117341649016200, 20.92763434747235300, -8.248542851656189600 ) ) ;
#3964 = DIRECTION ( 'NONE',  ( 0.0000000000000000000, 1.000000000000000000, 0.0000000000000000000 ) ) ;
#3965 = ADVANCED_FACE ( 'NONE', ( #6473 ), #2750, .T. ) ;
#3966 = TOROIDAL_SURFACE ( 'NONE', #3994, 19.00000000000000400, 2.000000000000000000 ) ;
#3967 = DIRECTION ( 'NONE',  ( 0.0000000000000000000, 1.000000000000000000, 0.0000000000000000000 ) ) ;
#3968 = AXIS2_PLACEMENT_3D ( 'NONE', #8464, #4069, #9370 ) ;
#3969 = CARTESIAN_POINT ( 'NONE',  ( 1.861772920729458900, 0.8812481512571742600, -0.8675599032594638600 ) ) ;
#3970 = DIRECTION ( 'NONE',  ( 8.881784197001252300E-016, 0.0000000000000000000, -1.000000000000000000 ) ) ;
#3971 = DIRECTION ( 'NONE',  ( 0.0000000000000000000, -1.224646799147353000E-016, 1.000000000000000000 ) ) ;
#3972 = CARTESIAN_POINT ( 'NONE',  ( 0.1083897543756179300, 1.048450446541747200, -2.047132546062026700 ) ) ;
#3973 = EDGE_CURVE ( 'NONE', #4715, #7202, #2513, .T. ) ;
#3974 = EDGE_CURVE ( 'NONE', #3091, #9310, #3233, .T. ) ;
#3975 = B_SPLINE_CURVE_WITH_KNOTS ( 'NONE', 3,
 ( #9448, #4359, #4997, #5759, #3578, #5727 ),
 .UNSPECIFIED., .F., .F.,
 ( 4, 2, 4 ),
 ( 2.380730676599696300E-007, 0.002782414026671822700, 0.005564589980275985400 ),
 .UNSPECIFIED. ) ;
#3976 = CARTESIAN_POINT ( 'NONE',  ( -13.25465439984741200, 0.0000000000000000000, -5.474999999999998800 ) ) ;
#3977 = ORIENTED_EDGE ( 'NONE', *, *, #8314, .F. ) ;
#3978 = CYLINDRICAL_SURFACE ( 'NONE', #4350, 2.299999999999996700 ) ;
#3979 = DIRECTION ( 'NONE',  ( -0.0000000000000000000, -1.000000000000000000, -0.0000000000000000000 ) ) ;
#3980 = DIRECTION ( 'NONE',  ( 0.8962816221322857900, 0.0000000000000000000, 0.4434853479292394400 ) ) ;
#3981 = AXIS2_PLACEMENT_3D ( 'NONE', #8617, #8581, #4156 ) ;
#3982 = ORIENTED_EDGE ( 'NONE', *, *, #7979, .T. ) ;
#3983 = DIRECTION ( 'NONE',  ( 0.0000000000000000000, 0.0000000000000000000, 1.000000000000000000 ) ) ;
#3984 = AXIS2_PLACEMENT_3D ( 'NONE', #8770, #582, #4324 ) ;
#3985 = EDGE_CURVE ( 'NONE', #4812, #629, #5202, .T. ) ;
#3986 = EDGE_LOOP ( 'NONE', ( #723, #6128, #9637, #5057 ) ) ;
#3987 = LINE ( 'NONE', #8638, #4452 ) ;
#3988 = CARTESIAN_POINT ( 'NONE',  ( -4.929141392239751300, 13.05312500000001700, 11.90000000000003200 ) ) ;
#3989 = EDGE_LOOP ( 'NONE', ( #2033, #8183 ) ) ;
#3990 = CARTESIAN_POINT ( 'NONE',  ( 11.98754637825159400, 17.60183483942742200, -1.685720853141026600 ) ) ;
#3991 = CARTESIAN_POINT ( 'NONE',  ( -8.276168950353858000, 17.28935787006341600, 9.256957615066060200 ) ) ;
#3992 = DIRECTION ( 'NONE',  ( 1.000000000000000000, 0.0000000000000000000, 0.0000000000000000000 ) ) ;
#3993 = EDGE_CURVE ( 'NONE', #7381, #8157, #753, .T. ) ;
#3994 = AXIS2_PLACEMENT_3D ( 'NONE', #1230, #2677, #5645 ) ;
#3995 = CARTESIAN_POINT ( 'NONE',  ( -8.382592070995921100E-014, 19.04750000000000300, -11.89999999999999900 ) ) ;
#3996 = CARTESIAN_POINT ( 'NONE',  ( -15.27182841686926600, 0.4098618270474392300, 13.25829827374006300 ) ) ;
#3997 = CARTESIAN_POINT ( 'NONE',  ( 3.709163999463265200, -9.524999999999957700, 0.3802962845181421800 ) ) ;
#3998 = AXIS2_PLACEMENT_3D ( 'NONE', #5598, #1179, #6330 ) ;
#3999 = CARTESIAN_POINT ( 'NONE',  ( -2.045450131536040500, 30.00000000000000000, 18.88957738435028200 ) ) ;
#4000 = VERTEX_POINT ( 'NONE', #479 ) ;
#4001 = CARTESIAN_POINT ( 'NONE',  ( -8.414570696119973500, 16.46625000000000900, -8.414570696119856300 ) ) ;
#4002 = CARTESIAN_POINT ( 'NONE',  ( 14.87953514389216800, 22.89746306899910200, -13.33688527714448200 ) ) ;
#4003 = CARTESIAN_POINT ( 'NONE',  ( 1.738998454789241500E-015, -23.10000000000000100, -14.20000000000000100 ) ) ;
#4004 = ORIENTED_EDGE ( 'NONE', *, *, #278, .F. ) ;
#4005 = CC_DESIGN_APPROVAL ( #5193, ( #7815 ) ) ;
#4006 = ORIENTED_EDGE ( 'NONE', *, *, #1908, .F. ) ;
#4007 = DIRECTION ( 'NONE',  ( -0.0000000000000000000, -1.000000000000000000, -0.0000000000000000000 ) ) ;
#4008 = CARTESIAN_POINT ( 'NONE',  ( 0.0000000000000000000, 23.09492482837286800, 0.0000000000000000000 ) ) ;
#4009 = CARTESIAN_POINT ( 'NONE',  ( 3.709163999463077800, 9.525000000000011000, 0.3802962845180857300 ) ) ;
#4010 = CARTESIAN_POINT ( 'NONE',  ( 16.95045816486669600, 20.63746869550590200, 12.39685314912946800 ) ) ;
#4011 = EDGE_CURVE ( 'NONE', #7380, #1795, #2983, .T. ) ;
#4012 = DIRECTION ( 'NONE',  ( 0.0000000000000000000, 0.0000000000000000000, 1.000000000000000000 ) ) ;
#4013 = CARTESIAN_POINT ( 'NONE',  ( 9.101657815899105100E-014, 15.21061978464833200, 12.69999999999996900 ) ) ;
#4014 = ORIENTED_EDGE ( 'NONE', *, *, #5244, .T. ) ;
#4015 = VECTOR ( 'NONE', #935, 1000.000000000000000 ) ;
#4016 = DIRECTION ( 'NONE',  ( -0.0000000000000000000, 1.000000000000000000, -0.0000000000000000000 ) ) ;
#4017 = ORIENTED_EDGE ( 'NONE', *, *, #6664, .F. ) ;
#4018 = ADVANCED_FACE ( 'NONE', ( #8922 ), #6250, .T. ) ;
#4020 = ORIENTED_EDGE ( 'NONE', *, *, #5031, .T. ) ;
#4019 = ORIENTED_EDGE ( 'NONE', *, *, #4124, .T. ) ;
#4021 = APPROVAL_DATE_TIME ( #2499, #1498 ) ;
#4022 = CARTESIAN_POINT ( 'NONE',  ( 11.89999999999999900, 14.72000000000001500, -8.455458555545191200E-014 ) ) ;
#4023 = DIRECTION ( 'NONE',  ( -0.0000000000000000000, 1.000000000000000000, -0.0000000000000000000 ) ) ;
#4024 = DIRECTION ( 'NONE',  ( 1.000000000000000000, -0.0000000000000000000, -0.0000000000000000000 ) ) ;
#4025 = CARTESIAN_POINT ( 'NONE',  ( 12.27635182233306900, 0.0000000000000000000, 0.0000000000000000000 ) ) ;
#4026 = TOROIDAL_SURFACE ( 'NONE', #546, 3.914999999999996500, 0.7999999999999983800 ) ;
#4027 = CARTESIAN_POINT ( 'NONE',  ( 11.90000000000003600, 18.65062500000000500, 4.929141392239745100 ) ) ;
#4028 = DIRECTION ( 'NONE',  ( 0.0000000000000000000, 0.0000000000000000000, -1.000000000000000000 ) ) ;
#4029 = EDGE_LOOP ( 'NONE', ( #2891, #9227 ) ) ;
#4030 = CARTESIAN_POINT ( 'NONE',  ( 4.609918769206960800, -9.524999999999947100, 0.5940076071407596200 ) ) ;
#4031 = ORIENTED_EDGE ( 'NONE', *, *, #3758, .F. ) ;
#4032 = CARTESIAN_POINT ( 'NONE',  ( 4.110313416715343700, 22.89746270853388000, -19.55449859237726800 ) ) ;
#4033 = COORDINATED_UNIVERSAL_TIME_OFFSET ( 8, 0, .AHEAD. ) ;
#4034 = DIRECTION ( 'NONE',  ( 0.0000000000000000000, -1.000000000000000000, 0.0000000000000000000 ) ) ;
#4035 = CIRCLE ( 'NONE', #9145, 5.050000000000002500 ) ;
#4036 = CARTESIAN_POINT ( 'NONE',  ( -18.85404163790688200, 23.09492482837286800, 5.782065236316675800 ) ) ;
#4037 = LINE ( 'NONE', #8125, #2039 ) ;
#4038 = DIRECTION ( 'NONE',  ( 0.0000000000000000000, -1.000000000000000000, 0.0000000000000000000 ) ) ;
#4039 = CARTESIAN_POINT ( 'NONE',  ( 1.457329690985350200E-015, 17.80000000000000100, 11.89999999999999900 ) ) ;
#4040 = ORIENTED_EDGE ( 'NONE', *, *, #8787, .T. ) ;
#4041 = AXIS2_PLACEMENT_3D ( 'NONE', #1065, #7099, #4836 ) ;
#4042 = LINE ( 'NONE', #4391, #2872 ) ;
#4043 = CARTESIAN_POINT ( 'NONE',  ( 11.94485072925408500, 11.66745524983103100, 4.292475245393612600 ) ) ;
#4044 = DIRECTION ( 'NONE',  ( -1.000000000000000000, 0.0000000000000000000, 0.0000000000000000000 ) ) ;
#4045 = VECTOR ( 'NONE', #2067, 1000.000000000000000 ) ;
#4046 = EDGE_CURVE ( 'NONE', #6684, #8640, #1336, .T. ) ;
#4047 = CARTESIAN_POINT ( 'NONE',  ( 8.248891971046774100, 4.762500000000009900, 0.0000000000000000000 ) ) ;
#4048 = DIRECTION ( 'NONE',  ( -2.609982365541975900E-033, -0.9242245927363030900, -0.3818493186865927200 ) ) ;
#4049 = ORIENTED_EDGE ( 'NONE', *, *, #2933, .T. ) ;
#4050 = COORDINATED_UNIVERSAL_TIME_OFFSET ( 8, 0, .AHEAD. ) ;
#4051 = CARTESIAN_POINT ( 'NONE',  ( 0.0000000000000000000, 25.00000000000000000, 16.68470121112101300 ) ) ;
#4052 = CARTESIAN_POINT ( 'NONE',  ( -10.54871925222719000, 0.7790823003624812700, 0.5910445858475857900 ) ) ;
#4053 = ORIENTED_EDGE ( 'NONE', *, *, #3462, .F. ) ;
#4054 = CONICAL_SURFACE ( 'NONE', #1160, 21.00000000000000000, 0.9599310885968759300 ) ;
#4055 = FACE_OUTER_BOUND ( 'NONE', #5820, .T. ) ;
#4056 = AXIS2_PLACEMENT_3D ( 'NONE', #4137, #1215, #7151 ) ;
#4057 = CARTESIAN_POINT ( 'NONE',  ( 12.82664718204931400, 19.34437500000000700, -5.312971222579575300 ) ) ;
#4058 = ORIENTED_EDGE ( 'NONE', *, *, #9661, .F. ) ;
#4059 = DATE_AND_TIME ( #1719, #5578 ) ;
#4060 = CARTESIAN_POINT ( 'NONE',  ( -13.79999999999999900, -2.300000000000000700, 2.816687638038910100E-016 ) ) ;
#4061 = CARTESIAN_POINT ( 'NONE',  ( 1.180805343176903200E-013, 14.40250000000001200, 11.89999999999999900 ) ) ;
#4062 = DIRECTION ( 'NONE',  ( 0.0000000000000000000, -1.000000000000000000, 0.0000000000000000000 ) ) ;
#4063 = ORIENTED_EDGE ( 'NONE', *, *, #5920, .F. ) ;
#4064 = CARTESIAN_POINT ( 'NONE',  ( 4.929141392239747800, 18.96812500000000100, -11.90000000000003200 ) ) ;
#4065 = CARTESIAN_POINT ( 'NONE',  ( 9.180332783635268600, -3.149197188353554100, 17.50207492918109500 ) ) ;
#4066 = ORIENTED_EDGE ( 'NONE', *, *, #3369, .F. ) ;
#4067 = VERTEX_POINT ( 'NONE', #2722 ) ;
#4068 = CYLINDRICAL_SURFACE ( 'NONE', #4543, 2.300000000000001600 ) ;
#4069 = DIRECTION ( 'NONE',  ( 1.000000000000000000, 0.0000000000000000000, -0.0000000000000000000 ) ) ;
#4070 = EDGE_CURVE ( 'NONE', #1658, #9528, #9504, .T. ) ;
#4071 = CARTESIAN_POINT ( 'NONE',  ( 6.400365130926652500, 7.964242406242801700, 17.22215417283560500 ) ) ;
#4072 = CC_DESIGN_SECURITY_CLASSIFICATION ( #1182, ( #3065 ) ) ;
#4073 = ORIENTED_EDGE ( 'NONE', *, *, #2857, .T. ) ;
#4074 = ADVANCED_FACE ( 'NONE', ( #526 ), #5554, .T. ) ;
#4075 = ORIENTED_EDGE ( 'NONE', *, *, #5483, .F. ) ;
#4076 = CARTESIAN_POINT ( 'NONE',  ( 1.869027305898129900, -9.524999999999973700, 17.50151665157070000 ) ) ;
#4077 = ORIENTED_EDGE ( 'NONE', *, *, #6182, .T. ) ;
#4078 = EDGE_LOOP ( 'NONE', ( #26, #5811, #1131, #5525 ) ) ;
#4079 = CARTESIAN_POINT ( 'NONE',  ( -12.01323328783535700, 17.14418813208410300, -3.670074322577001200 ) ) ;
#4080 = VECTOR ( 'NONE', #7921, 1000.000000000000000 ) ;
#4081 = VECTOR ( 'NONE', #9346, 1000.000000000000100 ) ;
#4082 = CARTESIAN_POINT ( 'NONE',  ( -14.66125998552636200, 23.00404861233217000, 13.38386322969400400 ) ) ;
#4083 = CARTESIAN_POINT ( 'NONE',  ( -12.86134055113139100, 0.0000000000000000000, 2.309999999999996500 ) ) ;
#4084 = DIRECTION ( 'NONE',  ( 0.0000000000000000000, -1.000000000000000000, 0.0000000000000000000 ) ) ;
#4085 = PERSON_AND_ORGANIZATION_ROLE ( 'creator' ) ;
#4086 = CARTESIAN_POINT ( 'NONE',  ( 12.27635182233308000, 0.0000000000000000000, 0.0000000000000000000 ) ) ;
#4087 = FACE_OUTER_BOUND ( 'NONE', #7071, .T. ) ;
#4088 = DESIGN_CONTEXT ( 'detailed design', #4240, 'design' ) ;
#4089 = CARTESIAN_POINT ( 'NONE',  ( 4.419605437965678600, 23.09492482837286800, -19.21911164059494900 ) ) ;
#4090 = CONICAL_SURFACE ( 'NONE', #1483, 5.674999999999997200, 0.7853981633974592700 ) ;
#4091 = B_SPLINE_CURVE_WITH_KNOTS ( 'NONE', 3,
 ( #2972, #6035, #1527, #779, #4505, #2143, #2243, #49 ),
 .UNSPECIFIED., .F., .F.,
 ( 4, 2, 2, 4 ),
 ( 2.454550940515185200E-007, 0.001019711662416839900, 0.001529444766078230800, 0.002039177869739622000 ),
 .UNSPECIFIED. ) ;
#4092 = CARTESIAN_POINT ( 'NONE',  ( -12.82664718204935100, 17.36000000000001000, 8.956799855210033200E-014 ) ) ;
#4093 = CARTESIAN_POINT ( 'NONE',  ( -8.015539861186772100, 5.166677710330931800, -6.062426561735841100E-015 ) ) ;
#4094 = CARTESIAN_POINT ( 'NONE',  ( 4.929141392239747800, 15.15812500000001300, -11.90000000000003200 ) ) ;
#4095 = CARTESIAN_POINT ( 'NONE',  ( 19.21121883656459400, 2.000000000000001800, -8.481100801995154400 ) ) ;
#4096 = LINE ( 'NONE', #2707, #9089 ) ;
#4097 = CARTESIAN_POINT ( 'NONE',  ( -0.9299162373890314000, -9.525000000000009200, -3.049318610115480200E-016 ) ) ;
#4098 = ORIENTED_EDGE ( 'NONE', *, *, #4011, .T. ) ;
#4099 = CARTESIAN_POINT ( 'NONE',  ( 8.980256121069192700, 13.95313021535169400, 8.980256121069064800 ) ) ;
#4100 = AXIS2_PLACEMENT_3D ( 'NONE', #7125, #1159, #6411 ) ;
#4101 = CARTESIAN_POINT ( 'NONE',  ( 11.89999999999994500, 12.45937500000001900, -4.929141392239959200 ) ) ;
#4102 = PLANE ( 'NONE',  #3113 ) ;
#4103 = ORIENTED_EDGE ( 'NONE', *, *, #5501, .T. ) ;
#4104 = CIRCLE ( 'NONE', #348, 14.20000000000000100 ) ;
#4105 = CARTESIAN_POINT ( 'NONE',  ( 4.549999999999999800, 0.0000000000000000000, -0.5000000000000143200 ) ) ;
#4106 = EDGE_CURVE ( 'NONE', #625, #3654, #291, .T. ) ;
#4107 = EDGE_CURVE ( 'NONE', #2788, #8007, #2265, .T. ) ;
#4108 = VERTEX_POINT ( 'NONE', #6797 ) ;
#4109 = CARTESIAN_POINT ( 'NONE',  ( -7.734519322397769500, 11.42365985190773400, 9.730556602075562700 ) ) ;
#4110 = VERTEX_POINT ( 'NONE', #3317 ) ;
#4111 = CARTESIAN_POINT ( 'NONE',  ( 5.260512242138204900, 15.62000521535169300, -12.70000000000000300 ) ) ;
#4112 = CARTESIAN_POINT ( 'NONE',  ( 5.764238456880682400, 23.76330531917455600, -17.88324860974188700 ) ) ;
#4113 = PERSON_AND_ORGANIZATION_ROLE ( 'design_supplier' ) ;
#4114 = ORIENTED_EDGE ( 'NONE', *, *, #8694, .F. ) ;
#4115 = AXIS2_PLACEMENT_3D ( 'NONE', #844, #7494, #5298 ) ;
#4116 = CARTESIAN_POINT ( 'NONE',  ( -5.445065917666410900, 0.0000000000000000000, 18.20305625855910500 ) ) ;
#4117 = AXIS2_PLACEMENT_3D ( 'NONE', #3125, #1746, #1706 ) ;
#4118 = ADVANCED_FACE ( 'NONE', ( #2037, #9275 ), #7596, .T. ) ;
#4119 = EDGE_CURVE ( 'NONE', #356, #9378, #6945, .T. ) ;
#4120 = CARTESIAN_POINT ( 'NONE',  ( 9.192421541439370100E-014, 18.94750000000000500, 12.82664718204935100 ) ) ;
#4121 = ORIENTED_EDGE ( 'NONE', *, *, #9542, .T. ) ;
#4122 = CARTESIAN_POINT ( 'NONE',  ( -6.911767002503747600, 24.07865626561201800, 16.96801149066798000 ) ) ;
#4123 = DIRECTION ( 'NONE',  ( 1.000000000000000000, -8.673617379884044300E-016, 0.0000000000000000000 ) ) ;
#4124 = EDGE_CURVE ( 'NONE', #3704, #1641, #1104, .T. ) ;
#4125 = AXIS2_PLACEMENT_3D ( 'NONE', #2253, #8225, #4518 ) ;
#4126 = CARTESIAN_POINT ( 'NONE',  ( 11.89999999999996500, 16.26937500000000700, -4.929141392239915700 ) ) ;
#4127 = DIRECTION ( 'NONE',  ( 0.0000000000000000000, 0.0000000000000000000, -1.000000000000000000 ) ) ;
#4128 = CARTESIAN_POINT ( 'NONE',  ( 4.260135241696842100, 23.00404842813309300, -19.38895555806055500 ) ) ;
#4129 = CARTESIAN_POINT ( 'NONE',  ( 12.94999999999999200, -10.69999999999999000, 13.44999999999999900 ) ) ;
#4130 = DIRECTION ( 'NONE',  ( 0.0000000000000000000, -1.000000000000000000, 1.224646799147353500E-016 ) ) ;
#4131 = VECTOR ( 'NONE', #4800, 1000.000000000000000 ) ;
#4132 = VERTEX_POINT ( 'NONE', #6124 ) ;
#4133 = CARTESIAN_POINT ( 'NONE',  ( -10.85465439984741400, 0.0000000000000000000, 0.0000000000000000000 ) ) ;
#4135 = VERTEX_POINT ( 'NONE', #106 ) ;
#4134 = ORIENTED_EDGE ( 'NONE', *, *, #379, .F. ) ;
#4136 = DIRECTION ( 'NONE',  ( -6.204926139816740300E-016, -0.7071067811865475700, 0.7071067811865475700 ) ) ;
#4137 = CARTESIAN_POINT ( 'NONE',  ( 0.0000000000000000000, 20.63746869550590200, 0.0000000000000000000 ) ) ;
#4138 = CC_DESIGN_DATE_AND_TIME_ASSIGNMENT ( #8221, #4395, ( #4255 ) ) ;
#4139 = CARTESIAN_POINT ( 'NONE',  ( -3.586772846851072700, 0.6554350922084205600, 20.16406719884622600 ) ) ;
#4140 = VECTOR ( 'NONE', #5030, 1000.000000000000000 ) ;
#4141 = ORIENTED_EDGE ( 'NONE', *, *, #1050, .T. ) ;
#4142 = B_SPLINE_CURVE_WITH_KNOTS ( 'NONE', 3,
 ( #2668, #2635, #5547, #7884, #3368, #8634, #8571, #453, #5670, #7006, #8539, #9328 ),
 .UNSPECIFIED., .F., .F.,
 ( 4, 2, 2, 2, 2, 4 ),
 ( 2.344180752190963300E-007, 0.003137532069197810800, 0.006274829720320404900, 0.007843478545881698400, 0.009412127371442993700, 0.01254942502256558100 ),
 .UNSPECIFIED. ) ;
#4143 = CARTESIAN_POINT ( 'NONE',  ( -5.260512242138382500, 15.77875521535169100, -12.69999999999992800 ) ) ;
#4144 = CARTESIAN_POINT ( 'NONE',  ( 10.76247506614229900, 24.16404021836041900, -14.67741403739403700 ) ) ;
#4145 = EDGE_LOOP ( 'NONE', ( #7767, #9270, #2572, #3701 ) ) ;
#4146 = EDGE_CURVE ( 'NONE', #3325, #2875, #3572, .T. ) ;
#4147 = APPROVAL_STATUS ( 'not_yet_approved' ) ;
#4148 = APPROVAL_PERSON_ORGANIZATION ( #2624, #7001, #3644 ) ;
#4149 = DIRECTION ( 'NONE',  ( 0.0000000000000000000, 0.0000000000000000000, -1.000000000000000000 ) ) ;
#4150 = EDGE_LOOP ( 'NONE', ( #2168, #1668, #3977 ) ) ;
#4151 = DIRECTION ( 'NONE',  ( 1.003171929053521000E-016, -0.5735764363510504900, 0.8191520442889888000 ) ) ;
#4152 = VECTOR ( 'NONE', #5219, 1000.000000000000000 ) ;
#4153 = ORIENTED_EDGE ( 'NONE', *, *, #3442, .T. ) ;
#4154 = CARTESIAN_POINT ( 'NONE',  ( 9.069809202314482700, 16.56625000000001100, 9.069809202314353100 ) ) ;
#4155 = EDGE_LOOP ( 'NONE', ( #5994, #2007 ) ) ;
#4156 = DIRECTION ( 'NONE',  ( 0.0000000000000000000, 0.0000000000000000000, 1.000000000000000000 ) ) ;
#4157 = DIRECTION ( 'NONE',  ( 0.0000000000000000000, 0.0000000000000000000, -1.000000000000000000 ) ) ;
#4158 = CARTESIAN_POINT ( 'NONE',  ( -8.382592070995921100E-014, 13.96750000000001500, -11.89999999999999900 ) ) ;
#4159 = CYLINDRICAL_SURFACE ( 'NONE', #4797, 21.00000000000000000 ) ;
#4160 = FACE_OUTER_BOUND ( 'NONE', #7823, .T. ) ;
#4161 = AXIS2_PLACEMENT_3D ( 'NONE', #9587, #3566, #2884 ) ;
#4162 = VERTEX_POINT ( 'NONE', #9112 ) ;
#4163 = CARTESIAN_POINT ( 'NONE',  ( -8.977052440135471700, -21.17871267772747100, 11.31776705059790300 ) ) ;
#4164 = CARTESIAN_POINT ( 'NONE',  ( 7.781140988492901500, 5.572668467073578200, 17.57989171664806000 ) ) ;
#4165 = EDGE_LOOP ( 'NONE', ( #8068, #8263, #6729, #9321 ) ) ;
#4166 = VERTEX_POINT ( 'NONE', #9041 ) ;
#4167 = ADVANCED_FACE ( 'NONE', ( #3801 ), #2152, .T. ) ;
#4168 = CIRCLE ( 'NONE', #2420, 8.252653961416930500 ) ;
#4169 = CARTESIAN_POINT ( 'NONE',  ( 8.414570696119835000, 12.53875000000001600, -8.414570696119994900 ) ) ;
#4170 = CARTESIAN_POINT ( 'NONE',  ( -4.549999999999999800, 5.572142936120457300E-016, -0.5000000000000143200 ) ) ;
#4171 = DIRECTION ( 'NONE',  ( -0.0000000000000000000, -1.000000000000000000, -0.0000000000000000000 ) ) ;
#4172 = ORIENTED_EDGE ( 'NONE', *, *, #8294, .F. ) ;
#4173 = PERSON_AND_ORGANIZATION ( #4303, #4183 ) ;
#4174 = ORIENTED_EDGE ( 'NONE', *, *, #2721, .T. ) ;
#4175 = DIRECTION ( 'NONE',  ( -1.000000000000000000, 0.0000000000000000000, 0.0000000000000000000 ) ) ;
#4176 = ORIENTED_EDGE ( 'NONE', *, *, #8855, .F. ) ;
#4177 = AXIS2_PLACEMENT_3D ( 'NONE', #9242, #3057, #5268 ) ;
#4178 = EDGE_LOOP ( 'NONE', ( #3437, #3130, #438, #4690 ) ) ;
#4179 = EDGE_CURVE ( 'NONE', #2927, #4373, #875, .T. ) ;
#4180 = LINE ( 'NONE', #8426, #8013 ) ;
#4181 = APPROVAL_ROLE ( '' ) ;
#4182 = DIRECTION ( 'NONE',  ( 1.000000000000000000, -0.0000000000000000000, -0.0000000000000000000 ) ) ;
#4183 = ORGANIZATION ( '未指定', '未指定', '' ) ;
#4184 = CARTESIAN_POINT ( 'NONE',  ( -10.99852262806237800, -7.674129572303707300E-014, 0.8507386859688210700 ) ) ;
#4185 = EDGE_CURVE ( 'NONE', #4373, #8204, #1481, .T. ) ;
#4186 = AXIS2_PLACEMENT_3D ( 'NONE', #2704, #1921, #9360 ) ;
#4187 = EDGE_LOOP ( 'NONE', ( #9184, #5188, #1442, #1835 ) ) ;
#4188 = AXIS2_PLACEMENT_3D ( 'NONE', #5037, #8702, #2774 ) ;
#4189 = VERTEX_POINT ( 'NONE', #6826 ) ;
#4190 = CYLINDRICAL_SURFACE ( 'NONE', #5720, 1.999999999999998200 ) ;
#4191 = CARTESIAN_POINT ( 'NONE',  ( -9.069809202314351300, 17.51875000000001100, 9.069809202314482700 ) ) ;
#4192 = ORIENTED_EDGE ( 'NONE', *, *, #1980, .F. ) ;
#4193 = CARTESIAN_POINT ( 'NONE',  ( -5.260512242138384300, 15.92499478464833000, -12.69999999999993200 ) ) ;
#4194 = CARTESIAN_POINT ( 'NONE',  ( 1.180805343176903200E-013, 14.40250000000001200, 11.89999999999999900 ) ) ;
#4195 = CARTESIAN_POINT ( 'NONE',  ( -12.69999999999996900, 13.62311978464833500, 8.868362600661534700E-014 ) ) ;
#4196 = FACE_OUTER_BOUND ( 'NONE', #8474, .T. ) ;
#4197 = CARTESIAN_POINT ( 'NONE',  ( -13.44999999999999900, 8.900000000000016300, 0.0000000000000000000 ) ) ;
#4198 = ORIENTED_EDGE ( 'NONE', *, *, #7389, .F. ) ;
#4199 = ORIENTED_EDGE ( 'NONE', *, *, #4309, .T. ) ;
#4200 = CARTESIAN_POINT ( 'NONE',  ( 13.79999999999999700, -4.528870610996715000E-016, 0.0000000000000000000 ) ) ;
#4201 = ORIENTED_EDGE ( 'NONE', *, *, #1050, .F. ) ;
#4202 = DIRECTION ( 'NONE',  ( 0.8660254037844379300, 0.0000000000000000000, 0.5000000000000011100 ) ) ;
#4203 = CARTESIAN_POINT ( 'NONE',  ( 19.35716849246112000, 1.532234890536977400, 8.008604952774213400 ) ) ;
#4204 = APPROVAL ( #1727, '未指定' ) ;
#4205 = CONICAL_SURFACE ( 'NONE', #8856, 11.09999999999998500, 0.7853981633974526100 ) ;
#4206 = DIRECTION ( 'NONE',  ( 0.0000000000000000000, 0.0000000000000000000, -1.000000000000000000 ) ) ;
#4207 = EDGE_CURVE ( 'NONE', #2173, #9260, #2391, .T. ) ;
#4208 = CARTESIAN_POINT ( 'NONE',  ( 0.0000000000000000000, 0.0000000000000000000, 0.0000000000000000000 ) ) ;
#4209 = CARTESIAN_POINT ( 'NONE',  ( 0.0000000000000000000, 0.0000000000000000000, 0.0000000000000000000 ) ) ;
#4210 = CARTESIAN_POINT ( 'NONE',  ( 11.89999999999994500, 10.98937500000002000, -4.929141392239962700 ) ) ;
#4211 = FACE_BOUND ( 'NONE', #3366, .T. ) ;
#4212 = CARTESIAN_POINT ( 'NONE',  ( 0.7061281871523873400, -6.402079554345438500, 4.479788103572538200 ) ) ;
#4213 =( BOUNDED_CURVE ( )  B_SPLINE_CURVE ( 2, ( #7824, #2511, #2476, #3275, #4013, #4779, #8544, #9293, #4875 ),
 .UNSPECIFIED., .F., .F. ) 
 B_SPLINE_CURVE_WITH_KNOTS ( ( 3, 2, 2, 2, 3 ),
 ( 0.4375000000000000000, 0.4531250000000000000, 0.4687500000000000000, 0.4843750000000000000, 0.5000000000000000000 ),
 .UNSPECIFIED. ) 
 CURVE ( )  GEOMETRIC_REPRESENTATION_ITEM ( )  RATIONAL_B_SPLINE_CURVE ( ( 1.000000000000000000, 0.9238795325112867400, 1.000000000000000000, 0.9238795325112867400, 1.000000000000000000, 0.9238795325112867400, 1.000000000000000000, 0.9238795325112867400, 1.000000000000000000 ) ) 
 REPRESENTATION_ITEM ( '' )  );
#4214 = CARTESIAN_POINT ( 'NONE',  ( 12.59971634402948100, 23.76556932822181500, -13.93492495350727000 ) ) ;
#4215 = APPLICATION_CONTEXT ( 'configuration controlled 3d designs of mechanical parts and assemblies' ) ;
#4216 = CARTESIAN_POINT ( 'NONE',  ( -4.929141392239895200, 12.57687500000001500, -11.89999999999997400 ) ) ;
#4217 = CARTESIAN_POINT ( 'NONE',  ( 2.571758278209441700E-015, 22.19916984716113000, 21.00000000000000000 ) ) ;
#4218 = ADVANCED_FACE ( 'NONE', ( #6595 ), #8585, .T. ) ;
#4219 = ORIENTED_EDGE ( 'NONE', *, *, #7662, .T. ) ;
#4220 = FACE_OUTER_BOUND ( 'NONE', #1060, .T. ) ;
#4221 = CARTESIAN_POINT ( 'NONE',  ( 9.192421541439370100E-014, 15.13750000000001400, 12.82664718204935100 ) ) ;
#4222 = CARTESIAN_POINT ( 'NONE',  ( 11.90000000000003200, 11.03062500000001800, 4.929141392239750500 ) ) ;
#4223 = ORIENTED_EDGE ( 'NONE', *, *, #8565, .T. ) ;
#4224 = CARTESIAN_POINT ( 'NONE',  ( 0.0000000000000000000, 0.0000000000000000000, 0.0000000000000000000 ) ) ;
#4225 = DIRECTION ( 'NONE',  ( -0.0000000000000000000, -1.000000000000000000, -0.0000000000000000000 ) ) ;
#4226 = CARTESIAN_POINT ( 'NONE',  ( -3.586772846850905700, 22.32467817596794600, -20.16406719884644600 ) ) ;
#4227 = DIRECTION ( 'NONE',  ( -0.7071067811865475700, 0.7071067811865475700, 0.0000000000000000000 ) ) ;
#4228 = ORIENTED_EDGE ( 'NONE', *, *, #6532, .F. ) ;
#4229 = VECTOR ( 'NONE', #6122, 1000.000000000000100 ) ;
#4230 = DIRECTION ( 'NONE',  ( 1.000000000000000000, -8.775090700452170200E-016, 0.0000000000000000000 ) ) ;
#4231 = DIRECTION ( 'NONE',  ( 0.0000000000000000000, 0.0000000000000000000, -1.000000000000000000 ) ) ;
#4232 = AXIS2_PLACEMENT_3D ( 'NONE', #948, #261, #3249 ) ;
#4233 = CARTESIAN_POINT ( 'NONE',  ( 7.899999999999997700, 21.94442923809691900, 0.0000000000000000000 ) ) ;
#4234 = CARTESIAN_POINT ( 'NONE',  ( 12.69999999999996900, 11.71811978464834100, -9.023892744153249100E-014 ) ) ;
#4235 = EDGE_CURVE ( 'NONE', #7316, #1803, #1821, .T. ) ;
#4236 = ORIENTED_EDGE ( 'NONE', *, *, #4592, .F. ) ;
#4237 = CARTESIAN_POINT ( 'NONE',  ( -12.31281326467778200, 11.31281326467783200, 0.3951064211172127800 ) ) ;
#4238 = DIRECTION ( 'NONE',  ( -1.000000000000000000, -0.0000000000000000000, -0.0000000000000000000 ) ) ;
#4239 = DIRECTION ( 'NONE',  ( 0.0000000000000000000, 0.0000000000000000000, -1.000000000000000000 ) ) ;
#4240 = APPLICATION_CONTEXT ( 'configuration controlled 3d designs of mechanical parts and assemblies' ) ;
#4241 = AXIS2_PLACEMENT_3D ( 'NONE', #6974, #254, #8409 ) ;
#4242 = DIRECTION ( 'NONE',  ( -1.000000000000000000, -0.0000000000000000000, -0.0000000000000000000 ) ) ;
#4243 = ORIENTED_EDGE ( 'NONE', *, *, #3624, .T. ) ;
#4244 = CARTESIAN_POINT ( 'NONE',  ( -8.784886148767123300, 17.66226140559408700, -8.274824245855660000 ) ) ;
#4245 = AXIS2_PLACEMENT_3D ( 'NONE', #3164, #6834, #6094 ) ;
#4246 = ORIENTED_EDGE ( 'NONE', *, *, #928, .T. ) ;
#4247 = EDGE_CURVE ( 'NONE', #2852, #7049, #7885, .T. ) ;
#4248 = ORIENTED_EDGE ( 'NONE', *, *, #8173, .T. ) ;
#4249 = CARTESIAN_POINT ( 'NONE',  ( 12.82664718204935100, 12.91500000000001900, -9.113880979362924500E-014 ) ) ;
#4250 = CARTESIAN_POINT ( 'NONE',  ( -8.414570696119867000, 13.17375000000001600, 8.414570696119962900 ) ) ;
#4251 = CARTESIAN_POINT ( 'NONE',  ( -8.946127672407391900E-014, 14.57561978464833400, -12.69999999999996900 ) ) ;
#4252 = DIRECTION ( 'NONE',  ( 1.000000000000000000, 0.0000000000000000000, 0.0000000000000000000 ) ) ;
#4253 = AXIS2_PLACEMENT_3D ( 'NONE', #2309, #6028, #8824 ) ;
#4254 = EDGE_LOOP ( 'NONE', ( #120, #9463, #659, #7147 ) ) ;
#4255 = SECURITY_CLASSIFICATION ( '', '', #5838 ) ;
#4256 = VECTOR ( 'NONE', #4696, 1000.000000000000000 ) ;
#4257 = CARTESIAN_POINT ( 'NONE',  ( -11.90000000000003200, 11.66562500000001800, -4.929141392239748700 ) ) ;
#4258 = EDGE_LOOP ( 'NONE', ( #4141, #962, #5065 ) ) ;
#4260 = ORIENTED_EDGE ( 'NONE', *, *, #14, .F. ) ;
#4259 = ORIENTED_EDGE ( 'NONE', *, *, #7732, .F. ) ;
#4261 = ORGANIZATION ( 'NAUO-ORG3', 'UNSPECIFIED', 'UNSPECIFIED' ) ;
#4262 = DIRECTION ( 'NONE',  ( 0.0000000000000000000, 0.0000000000000000000, 1.000000000000000000 ) ) ;
#4263 = CARTESIAN_POINT ( 'NONE',  ( 19.37841981626294800, 1.076989761241219400, 7.499864114286735300 ) ) ;
#4264 = ADVANCED_FACE ( 'NONE', ( #4160 ), #4870, .T. ) ;
#4265 = LINE ( 'NONE', #636, #5769 ) ;
#4266 = B_SPLINE_CURVE_WITH_KNOTS ( 'NONE', 3,
 ( #5192, #7449, #646, #5161, #709, #9583, #4502, #2240, #683, #6751 ),
 .UNSPECIFIED., .F., .F.,
 ( 4, 2, 2, 2, 4 ),
 ( -1.095445854363651600E-005, 0.0002729283145235491100, 0.0005568110875907347300, 0.001124576633725113800, 0.002260107725993871700 ),
 .UNSPECIFIED. ) ;
#4267 = DIRECTION ( 'NONE',  ( -0.5000000000000001100, 0.0000000000000000000, 0.8660254037844387100 ) ) ;
#4268 = ORIENTED_EDGE ( 'NONE', *, *, #4450, .F. ) ;
#4269 = CARTESIAN_POINT ( 'NONE',  ( -12.82664718204935100, 19.90000000000000600, 8.956799855210032000E-014 ) ) ;
#4270 = EDGE_LOOP ( 'NONE', ( #5289, #3252, #747, #7617 ) ) ;
#4271 = SECURITY_CLASSIFICATION ( '', '', #8079 ) ;
#4272 = PERSON_AND_ORGANIZATION ( #4303, #4183 ) ;
#4273 = CARTESIAN_POINT ( 'NONE',  ( -3.848130581475570600, 0.4084537449436705900, 19.85260392543859000 ) ) ;
#4274 = CYLINDRICAL_SURFACE ( 'NONE', #3472, 12.69999999999998500 ) ;
#4275 = CARTESIAN_POINT ( 'NONE',  ( -4.444291428765573000, 0.0000000000000000000, 0.0000000000000000000 ) ) ;
#4276 = CARTESIAN_POINT ( 'NONE',  ( 2.746600138362405900, 21.21594193545116300, 20.76682202051356200 ) ) ;
#4277 = CARTESIAN_POINT ( 'NONE',  ( -16.61129520070327100, 21.21594217405642300, 12.76203664183846500 ) ) ;
#4278 = ORIENTED_EDGE ( 'NONE', *, *, #5860, .T. ) ;
#4279 = CARTESIAN_POINT ( 'NONE',  ( 4.929141392239933400, 14.68187500000001200, 11.89999999999995800 ) ) ;
#4280 = FACE_OUTER_BOUND ( 'NONE', #7368, .T. ) ;
#4281 = FACE_OUTER_BOUND ( 'NONE', #4911, .T. ) ;
#4282 = CARTESIAN_POINT ( 'NONE',  ( 5.312971222579394100, 15.69312500000001300, -12.82664718204939000 ) ) ;
#4283 = VERTEX_POINT ( 'NONE', #2360 ) ;
#4284 = CARTESIAN_POINT ( 'NONE',  ( 0.0000000000000000000, 17.80000000000000100, 0.0000000000000000000 ) ) ;
#4285 = LOCAL_TIME ( 13, 59, 25.00000000000000000, #5683 ) ;
#4286 = CARTESIAN_POINT ( 'NONE',  ( -7.726057123094974100E-014, 13.76750000000001600, -11.89999999999999900 ) ) ;
#4287 = ORIENTED_EDGE ( 'NONE', *, *, #2971, .F. ) ;
#4288 = CARTESIAN_POINT ( 'NONE',  ( 16.87778172094925800, 1.882896793852645500, 12.49622506290309500 ) ) ;
#4289 = AXIS2_PLACEMENT_3D ( 'NONE', #6115, #6866, #8363 ) ;
#4290 = LINE ( 'NONE', #6812, #5216 ) ;
#4291 = LINE ( 'NONE', #9071, #5338 ) ;
#4292 = EDGE_CURVE ( 'NONE', #8007, #2788, #5565, .T. ) ;
#4293 = EDGE_LOOP ( 'NONE', ( #2467, #6466, #4481, #7012 ) ) ;
#4294 = CARTESIAN_POINT ( 'NONE',  ( 3.407832273196237600, 0.8555411948459236100, -20.38047157315411800 ) ) ;
#4295 = DATE_AND_TIME ( #3009, #8249 ) ;
#4296 = EDGE_CURVE ( 'NONE', #9004, #6868, #9403, .T. ) ;
#4297 = ORIENTED_EDGE ( 'NONE', *, *, #5724, .T. ) ;
#4298 = DIRECTION ( 'NONE',  ( 0.0000000000000000000, -1.000000000000000000, 0.0000000000000000000 ) ) ;
#4299 = ORIENTED_EDGE ( 'NONE', *, *, #9558, .F. ) ;
#4300 = CARTESIAN_POINT ( 'NONE',  ( 16.51572204020953500, 1.417408360527121700, -12.83629887427262200 ) ) ;
#4301 = FACE_OUTER_BOUND ( 'NONE', #6838, .T. ) ;
#4302 = AXIS2_PLACEMENT_3D ( 'NONE', #1507, #5262, #6816 ) ;
#4303 = PERSON ( '未指定', '未指定', '未指定', ('未指定'), ('未指定'), ('未指定') ) ;
#4304 = DIRECTION ( 'NONE',  ( -0.0000000000000000000, 1.000000000000000000, -0.0000000000000000000 ) ) ;
#4305 = AXIS2_PLACEMENT_3D ( 'NONE', #5992, #4628, #5354 ) ;
#4306 = DIRECTION ( 'NONE',  ( 1.000000000000000000, -0.0000000000000000000, -0.0000000000000000000 ) ) ;
#4307 = CARTESIAN_POINT ( 'NONE',  ( 8.197108176188491400, 11.00546459109727100, 8.787269759175348600 ) ) ;
#4308 = VERTEX_POINT ( 'NONE', #7600 ) ;
#4309 = EDGE_CURVE ( 'NONE', #9179, #8094, #9628, .T. ) ;
#4310 = CARTESIAN_POINT ( 'NONE',  ( -7.899999999999997700, 21.94442923809691900, 9.674709713264088100E-016 ) ) ;
#4311 = DATE_TIME_ROLE ( 'classification_date' ) ;
#4312 = DIRECTION ( 'NONE',  ( -0.0000000000000000000, 1.000000000000000000, 0.0000000000000000000 ) ) ;
#4313 = EDGE_LOOP ( 'NONE', ( #6597, #3387 ) ) ;
#4314 = CARTESIAN_POINT ( 'NONE',  ( -4.427092463432307700, 11.15530251456957300, -11.32743675945731900 ) ) ;
#4315 = CIRCLE ( 'NONE', #5570, 2.300000000000001600 ) ;
#4316 = CARTESIAN_POINT ( 'NONE',  ( -9.561168309938365100, 17.71278157674648000, -7.243094207288534900 ) ) ;
#4317 = EDGE_CURVE ( 'NONE', #3330, #4603, #7634, .T. ) ;
#4318 = AXIS2_PLACEMENT_3D ( 'NONE', #1177, #9400, #4886 ) ;
#4319 = ADVANCED_FACE ( 'NONE', ( #1455 ), #642, .T. ) ;
#4320 = FACE_OUTER_BOUND ( 'NONE', #7261, .T. ) ;
#4321 = CARTESIAN_POINT ( 'NONE',  ( -9.069809202314351300, 13.70875000000001600, 9.069809202314482700 ) ) ;
#4322 = ORIENTED_EDGE ( 'NONE', *, *, #1482, .F. ) ;
#4323 = CARTESIAN_POINT ( 'NONE',  ( -13.05465439984742000, 6.949870585161225800E-016, 5.674999999999997200 ) ) ;
#4324 = DIRECTION ( 'NONE',  ( 0.0000000000000000000, 0.0000000000000000000, 1.000000000000000000 ) ) ;
#4325 = CARTESIAN_POINT ( 'NONE',  ( -19.38516391012927500, 1.190065091932862400, -7.630876081779874200 ) ) ;
#4326 = FACE_OUTER_BOUND ( 'NONE', #1185, .T. ) ;
#4327 = CC_DESIGN_SECURITY_CLASSIFICATION ( #3008, ( #9696 ) ) ;
#4328 = DIRECTION ( 'NONE',  ( -0.0000000000000000000, 1.000000000000000000, -0.0000000000000000000 ) ) ;
#4329 = DIRECTION ( 'NONE',  ( 0.0000000000000000000, 0.0000000000000000000, 1.000000000000000000 ) ) ;
#4330 = VECTOR ( 'NONE', #3108, 1000.000000000000200 ) ;
#4331 = B_SPLINE_CURVE_WITH_KNOTS ( 'NONE', 3,
 ( #7997, #3529, #8031, #4378, #6492, #1997, #2751, #4325, #617, #5819, #9521, #8714 ),
 .UNSPECIFIED., .F., .F.,
 ( 4, 2, 2, 2, 2, 4 ),
 ( -9.403254081137698800E-006, 0.0002449715941318507800, 0.0004993464423448392600, 0.001008096138770814100, 0.001516845835196788900, 0.002025595531622763900 ),
 .UNSPECIFIED. ) ;
#4332 = CARTESIAN_POINT ( 'NONE',  ( 15.93783953841323600, 0.8600894067096386300, -13.12811687775790200 ) ) ;
#4333 = EDGE_CURVE ( 'NONE', #2977, #9240, #3682, .T. ) ;
#4334 = ORIENTED_EDGE ( 'NONE', *, *, #4801, .F. ) ;
#4335 = CARTESIAN_POINT ( 'NONE',  ( -13.44999999999999900, 1.010658625831996800E-015, -8.252653961416930500 ) ) ;
#4336 = CARTESIAN_POINT ( 'NONE',  ( 7.445345600152586800, 0.0000000000000000000, 0.0000000000000000000 ) ) ;
#4337 = APPROVAL_STATUS ( 'not_yet_approved' ) ;
#4338 = ORIENTED_EDGE ( 'NONE', *, *, #1594, .T. ) ;
#4339 = TOROIDAL_SURFACE ( 'NONE', #7843, 18.00000000000000400, 3.000000000000000000 ) ;
#4340 = CARTESIAN_POINT ( 'NONE',  ( -9.280693838097072000, 11.21742117555770900, -7.985049852404202400 ) ) ;
#4341 = CARTESIAN_POINT ( 'NONE',  ( -1.417553045329809500, 17.32660494578322400, -12.29932825193582400 ) ) ;
#4342 = ORIENTED_EDGE ( 'NONE', *, *, #1278, .F. ) ;
#4343 = VERTEX_POINT ( 'NONE', #316 ) ;
#4344 = CARTESIAN_POINT ( 'NONE',  ( 12.82664718204931400, 11.72437500000002200, -5.312971222579575300 ) ) ;
#4345 = ORIENTED_EDGE ( 'NONE', *, *, #8744, .F. ) ;
#4346 = CARTESIAN_POINT ( 'NONE',  ( -11.09999999999998500, 9.740350677501893300E-015, 1.359357947053560200E-015 ) ) ;
#4347 = CARTESIAN_POINT ( 'NONE',  ( 11.89999999999996800, 14.79937500000001400, -4.929141392239910300 ) ) ;
#4348 = DIRECTION ( 'NONE',  ( -0.0000000000000000000, 1.000000000000000000, -0.0000000000000000000 ) ) ;
#4349 = EDGE_LOOP ( 'NONE', ( #1205, #7737, #4807, #667, #3198, #7972 ) ) ;
#4350 = AXIS2_PLACEMENT_3D ( 'NONE', #7061, #3395, #8529 ) ;
#4351 = CARTESIAN_POINT ( 'NONE',  ( 4.135647762218074100, 0.2375957319055847200, 19.52617743203306600 ) ) ;
#4352 = ADVANCED_FACE ( 'NONE', ( #4385 ), #4102, .F. ) ;
#4353 = AXIS2_PLACEMENT_3D ( 'NONE', #8109, #2104, #2832 ) ;
#4354 = CARTESIAN_POINT ( 'NONE',  ( -13.25465439984741200, 0.0000000000000000000, 0.0000000000000000000 ) ) ;
#4355 = EDGE_CURVE ( 'NONE', #7374, #2524, #8345, .T. ) ;
#4356 = CARTESIAN_POINT ( 'NONE',  ( 15.33612881583173000, 30.00000000000000000, 11.21620046825996500 ) ) ;
#4357 = VECTOR ( 'NONE', #8773, 1000.000000000000000 ) ;
#4358 = VERTEX_POINT ( 'NONE', #4829 ) ;
#4359 = CARTESIAN_POINT ( 'NONE',  ( -10.54871925222717400, -0.7790823003626276000, 17.00895541415241400 ) ) ;
#4360 = EDGE_CURVE ( 'NONE', #5115, #8693, #9513, .T. ) ;
#4361 = AXIS2_PLACEMENT_3D ( 'NONE', #5288, #810, #912 ) ;
#4362 = DIRECTION ( 'NONE',  ( 1.000000000000000000, -0.0000000000000000000, -0.0000000000000000000 ) ) ;
#4364 = VERTEX_POINT ( 'NONE', #1003 ) ;
#4363 = EDGE_LOOP ( 'NONE', ( #4287, #3531, #4278, #7370 ) ) ;
#4365 = APPROVAL_STATUS ( 'not_yet_approved' ) ;
#4366 = PLANE ( 'NONE',  #9221 ) ;
#4367 = CARTESIAN_POINT ( 'NONE',  ( 1.423994807254857800, 11.09308484791433700, -12.03488352852172300 ) ) ;
#4368 = CARTESIAN_POINT ( 'NONE',  ( -0.9955261413690105200, 17.31046659159114400, -12.35680922885426200 ) ) ;
#4369 = VECTOR ( 'NONE', #7638, 1000.000000000000000 ) ;
#4370 = EDGE_LOOP ( 'NONE', ( #1027, #2256, #2975, #2044 ) ) ;
#4371 = ORIENTED_EDGE ( 'NONE', *, *, #7593, .T. ) ;
#4372 = CARTESIAN_POINT ( 'NONE',  ( 0.0000000000000000000, -9.525000000000057200, 5.400000000000002100 ) ) ;
#4373 = VERTEX_POINT ( 'NONE', #1877 ) ;
#4374 = APPROVAL_PERSON_ORGANIZATION ( #2140, #1498, #5152 ) ;
#4375 = CARTESIAN_POINT ( 'NONE',  ( 16.79403436553213800, 20.92763434319991200, -12.59103507387872200 ) ) ;
#4376 = EDGE_CURVE ( 'NONE', #7504, #2298, #3350, .T. ) ;
#4377 = CC_DESIGN_APPROVAL ( #4204, ( #1182 ) ) ;
#4378 = CARTESIAN_POINT ( 'NONE',  ( -19.29797079971674400, 1.764584447957490800, -8.248937868219993400 ) ) ;
#4379 = LINE ( 'NONE', #5595, #9277 ) ;
#4380 = DIRECTION ( 'NONE',  ( 0.0000000000000000000, 0.0000000000000000000, -1.000000000000000000 ) ) ;
#4381 = VERTEX_POINT ( 'NONE', #4861 ) ;
#4382 = EDGE_CURVE ( 'NONE', #67, #9500, #7399, .T. ) ;
#4383 = FACE_BOUND ( 'NONE', #9137, .T. ) ;
#4384 = CARTESIAN_POINT ( 'NONE',  ( 5.499261314031167000, 9.525000000000019900, 17.60000000000000100 ) ) ;
#4385 = FACE_OUTER_BOUND ( 'NONE', #7537, .T. ) ;
#4386 = DIRECTION ( 'NONE',  ( -0.0000000000000000000, 1.000000000000000000, -0.0000000000000000000 ) ) ;
#4387 = ORIENTED_EDGE ( 'NONE', *, *, #2184, .T. ) ;
#4388 = CARTESIAN_POINT ( 'NONE',  ( 8.248891971046839800, -4.762499999999970000, 0.0000000000000000000 ) ) ;
#4389 = VERTEX_POINT ( 'NONE', #378 ) ;
#4390 =( BOUNDED_SURFACE ( )  B_SPLINE_SURFACE ( 1, 2, ( 
 ( #9687, #6076, #1532, #8315, #2283, #124, #3852, #9063, #3753, #3047, #4605, #878, #4513, #5367, #8257, #1470, #6043, #6687, #6757, #8962, #751, #8192, #3725, #8935, #7522, #4471, #5971, #5232, #1566, #3786, #3824, #7486, #1504, #6727, #6010, #1603, #2248, #17, #9026, #5259, #787, #8996, #54, #4547, #5292, #6782, #2318, #3077, #8288, #4574, #92, #5332, #3151, #3179, #6950, #4644, #5497, #6178, #7720, #6912, #4784, #1769, #3279, #8390, #7658, #9232, #5524, #9126, #295, #3214, #2515, #5460, #4022, #1698, #7621, #5399, #6104, #8349, #1634, #2480, #9094, #917, #3882, #983, #8419, #8454, #2450, #6851, #2378, #946, #6237, #158, #6886, #3988, #7587, #5432, #6143, #4706, #1657, #2417, #3918, #4678, #6985, #200, #3958, #9168, #231, #6209, #1736, #7689, #3247, #9208, #4746, #8488, #259, #1019, #9262, #7858, #7799, #7014, #1925, #3306, #9363, #6358, #7043, #1889, #4944, #4920, #5593 ),
 ( #7137, #1144, #8579, #6299, #1173, #6392, #8520, #4057, #1107, #6325, #4814, #463, #4120, #2646, #426, #9336, #1072, #8547, #1831, #2577, #6268, #391, #3409, #7829, #365, #2549, #335, #3381, #3342, #8614, #4191, #5556, #4092, #7754, #1046, #1864, #5649, #9301, #1796, #2681, #5620, #7110, #4154, #9395, #7893, #3438, #8642, #4844, #7075, #2612, #4882, #5014, #7931, #4282, #8801, #6449, #4977, #5712, #6549, #2705, #4221, #1991, #1268, #3465, #2741, #9429, #553, #1957, #5040, #2083, #3592, #9485, #493, #2813, #7955, #7172, #7302, #8674, #4321, #1298, #7204, #6517, #9553, #9515, #520, #2838, #1235, #3502, #4249, #8054, #5771, #3526, #8707, #5814, #1330, #9457, #5738, #6487, #2014, #7234, #2779, #7989, #8740, #4344, #1197, #2049, #7262, #8026, #5097, #3556, #8767, #5681, #5068, #579, #6423, #2116, #2172, #1369, #4407, #6644, #8925, #3627, #8208, #2874, #5894, #7447, #9608, #1456, #643 ) ),
 .UNSPECIFIED., .F., .F., .F. ) 
 B_SPLINE_SURFACE_WITH_KNOTS ( ( 2, 2 ),
 ( 3, 2, 2, 2, 2, 2, 2, 2, 2, 2, 2, 2, 2, 2, 2, 2, 2, 2, 2, 2, 2, 2, 2, 2, 2, 2, 2, 2, 2, 2, 2, 2, 2, 2, 2, 2, 2, 2, 2, 2, 2, 2, 2, 2, 2, 2, 2, 2, 2, 2, 2, 2, 2, 2, 2, 2, 2, 2, 2, 2, 2, 2, 2, 2, 3 ),
 ( 0.0000000000000000000, 1.000000000000000000 ),
 ( 0.0000000000000000000, 0.01562500000000000000, 0.03125000000000000000, 0.04687500000000000000, 0.06250000000000000000, 0.07812500000000000000, 0.09375000000000000000, 0.1093750000000000000, 0.1250000000000000000, 0.1406250000000000000, 0.1562500000000000000, 0.1718750000000000000, 0.1875000000000000000, 0.2031250000000000000, 0.2187500000000000000, 0.2343750000000000000, 0.2500000000000000000, 0.2656250000000000000, 0.2812500000000000000, 0.2968750000000000000, 0.3125000000000000000, 0.3281250000000000000, 0.3437500000000000000, 0.3593750000000000000, 0.3750000000000000000, 0.3906250000000000000, 0.4062500000000000000, 0.4218750000000000000, 0.4375000000000000000, 0.4531250000000000000, 0.4687500000000000000, 0.4843750000000000000, 0.5000000000000000000, 0.5156250000000000000, 0.5312500000000000000, 0.5468750000000000000, 0.5625000000000000000, 0.5781250000000000000, 0.5937500000000000000, 0.6093750000000000000, 0.6250000000000000000, 0.6406250000000000000, 0.6562500000000000000, 0.6718750000000000000, 0.6875000000000000000, 0.7031250000000000000, 0.7187500000000000000, 0.7343750000000000000, 0.7500000000000000000, 0.7656250000000000000, 0.7812500000000000000, 0.7968750000000000000, 0.8125000000000000000, 0.8281250000000000000, 0.8437500000000000000, 0.8593750000000000000, 0.8750000000000000000, 0.8906250000000000000, 0.9062500000000000000, 0.9218750000000000000, 0.9375000000000000000, 0.9531250000000000000, 0.9687500000000000000, 0.9843750000000000000, 1.000000000000000000 ),
 .UNSPECIFIED. ) 
 GEOMETRIC_REPRESENTATION_ITEM ( )  RATIONAL_B_SPLINE_SURFACE ( (
 ( 1.000000000000000000, 0.9238795325112867400, 1.000000000000000000, 0.9238795325112867400, 1.000000000000000000, 0.9238795325112867400, 1.000000000000000000, 0.9238795325112867400, 1.000000000000000000, 0.9238795325112867400, 1.000000000000000000, 0.9238795325112867400, 1.000000000000000000, 0.9238795325112867400, 1.000000000000000000, 0.9238795325112867400, 1.000000000000000000, 0.9238795325112867400, 1.000000000000000000, 0.9238795325112867400, 1.000000000000000000, 0.9238795325112867400, 1.000000000000000000, 0.9238795325112867400, 1.000000000000000000, 0.9238795325112867400, 1.000000000000000000, 0.9238795325112867400, 1.000000000000000000, 0.9238795325112867400, 1.000000000000000000, 0.9238795325112867400, 1.000000000000000000, 0.9238795325112867400, 1.000000000000000000, 0.9238795325112867400, 1.000000000000000000, 0.9238795325112867400, 1.000000000000000000, 0.9238795325112867400, 1.000000000000000000, 0.9238795325112867400, 1.000000000000000000, 0.9238795325112867400, 1.000000000000000000, 0.9238795325112867400, 1.000000000000000000, 0.9238795325112867400, 1.000000000000000000, 0.9238795325112867400, 1.000000000000000000, 0.9238795325112867400, 1.000000000000000000, 0.9238795325112867400, 1.000000000000000000, 0.9238795325112867400, 1.000000000000000000, 0.9238795325112867400, 1.000000000000000000, 0.9238795325112867400, 1.000000000000000000, 0.9238795325112867400, 1.000000000000000000, 0.9238795325112867400, 1.000000000000000000, 0.9238795325112867400, 1.000000000000000000, 0.9238795325112867400, 1.000000000000000000, 0.9238795325112867400, 1.000000000000000000, 0.9238795325112867400, 1.000000000000000000, 0.9238795325112867400, 1.000000000000000000, 0.9238795325112867400, 1.000000000000000000, 0.9238795325112867400, 1.000000000000000000, 0.9238795325112867400, 1.000000000000000000, 0.9238795325112867400, 1.000000000000000000, 0.9238795325112867400, 1.000000000000000000, 0.9238795325112867400, 1.000000000000000000, 0.9238795325112867400, 1.000000000000000000, 0.9238795325112867400, 1.000000000000000000, 0.9238795325112867400, 1.000000000000000000, 0.9238795325112867400, 1.000000000000000000, 0.9238795325112867400, 1.000000000000000000, 0.9238795325112867400, 1.000000000000000000, 0.9238795325112867400, 1.000000000000000000, 0.9238795325112867400, 1.000000000000000000, 0.9238795325112867400, 1.000000000000000000, 0.9238795325112867400, 1.000000000000000000, 0.9238795325112867400, 1.000000000000000000, 0.9238795325112867400, 1.000000000000000000, 0.9238795325112867400, 1.000000000000000000, 0.9238795325112867400, 1.000000000000000000, 0.9238795325112867400, 1.000000000000000000, 0.9238795325112867400, 1.000000000000000000, 0.9238795325112867400, 1.000000000000000000, 0.9238795325112867400, 1.000000000000000000, 0.9238795325112867400, 1.000000000000000000, 0.9238795325112867400, 1.000000000000000000, 0.9238795325112867400, 1.000000000000000000),
 ( 1.000000000000000000, 0.9238795325112867400, 1.000000000000000000, 0.9238795325112867400, 1.000000000000000000, 0.9238795325112867400, 1.000000000000000000, 0.9238795325112867400, 1.000000000000000000, 0.9238795325112867400, 1.000000000000000000, 0.9238795325112867400, 1.000000000000000000, 0.9238795325112867400, 1.000000000000000000, 0.9238795325112867400, 1.000000000000000000, 0.9238795325112867400, 1.000000000000000000, 0.9238795325112867400, 1.000000000000000000, 0.9238795325112867400, 1.000000000000000000, 0.9238795325112867400, 1.000000000000000000, 0.9238795325112867400, 1.000000000000000000, 0.9238795325112867400, 1.000000000000000000, 0.9238795325112867400, 1.000000000000000000, 0.9238795325112867400, 1.000000000000000000, 0.9238795325112867400, 1.000000000000000000, 0.9238795325112867400, 1.000000000000000000, 0.9238795325112867400, 1.000000000000000000, 0.9238795325112867400, 1.000000000000000000, 0.9238795325112867400, 1.000000000000000000, 0.9238795325112867400, 1.000000000000000000, 0.9238795325112867400, 1.000000000000000000, 0.9238795325112867400, 1.000000000000000000, 0.9238795325112867400, 1.000000000000000000, 0.9238795325112867400, 1.000000000000000000, 0.9238795325112867400, 1.000000000000000000, 0.9238795325112867400, 1.000000000000000000, 0.9238795325112867400, 1.000000000000000000, 0.9238795325112867400, 1.000000000000000000, 0.9238795325112867400, 1.000000000000000000, 0.9238795325112867400, 1.000000000000000000, 0.9238795325112867400, 1.000000000000000000, 0.9238795325112867400, 1.000000000000000000, 0.9238795325112867400, 1.000000000000000000, 0.9238795325112867400, 1.000000000000000000, 0.9238795325112867400, 1.000000000000000000, 0.9238795325112867400, 1.000000000000000000, 0.9238795325112867400, 1.000000000000000000, 0.9238795325112867400, 1.000000000000000000, 0.9238795325112867400, 1.000000000000000000, 0.9238795325112867400, 1.000000000000000000, 0.9238795325112867400, 1.000000000000000000, 0.9238795325112867400, 1.000000000000000000, 0.9238795325112867400, 1.000000000000000000, 0.9238795325112867400, 1.000000000000000000, 0.9238795325112867400, 1.000000000000000000, 0.9238795325112867400, 1.000000000000000000, 0.9238795325112867400, 1.000000000000000000, 0.9238795325112867400, 1.000000000000000000, 0.9238795325112867400, 1.000000000000000000, 0.9238795325112867400, 1.000000000000000000, 0.9238795325112867400, 1.000000000000000000, 0.9238795325112867400, 1.000000000000000000, 0.9238795325112867400, 1.000000000000000000, 0.9238795325112867400, 1.000000000000000000, 0.9238795325112867400, 1.000000000000000000, 0.9238795325112867400, 1.000000000000000000, 0.9238795325112867400, 1.000000000000000000, 0.9238795325112867400, 1.000000000000000000, 0.9238795325112867400, 1.000000000000000000, 0.9238795325112867400, 1.000000000000000000, 0.9238795325112867400, 1.000000000000000000, 0.9238795325112867400, 1.000000000000000000) ) ) 
 REPRESENTATION_ITEM ( '' )  SURFACE ( )  );
#4391 = CARTESIAN_POINT ( 'NONE',  ( -9.000000000000001800, -10.80000000000000600, 11.49999999999999800 ) ) ;
#4392 = CARTESIAN_POINT ( 'NONE',  ( 17.47810899155977900, 0.0000000000000000000, 0.0000000000000000000 ) ) ;
#4393 = CYLINDRICAL_SURFACE ( 'NONE', #6419, 11.09999999999998500 ) ;
#4394 = CARTESIAN_POINT ( 'NONE',  ( -5.516355906948834200, 17.03844431185053700, -11.42067067984531200 ) ) ;
#4395 = DATE_TIME_ROLE ( 'classification_date' ) ;
#4396 = CARTESIAN_POINT ( 'NONE',  ( -3.520579078826647600, -10.37809659726469600, -14.46806341457557300 ) ) ;
#4397 = CARTESIAN_POINT ( 'NONE',  ( -10.65288843186211000, 11.24238706903241100, -6.045692252134083200 ) ) ;
#4398 = ORIENTED_EDGE ( 'NONE', *, *, #5385, .T. ) ;
#4399 = DATE_AND_TIME ( #8362, #2648 ) ;
#4400 = DIRECTION ( 'NONE',  ( -1.000000000000000000, -0.0000000000000000000, -0.0000000000000000000 ) ) ;
#4401 = ORIENTED_EDGE ( 'NONE', *, *, #6724, .F. ) ;
#4402 = ADVANCED_FACE ( 'NONE', ( #176 ), #5449, .T. ) ;
#4403 = VERTEX_POINT ( 'NONE', #8433 ) ;
#4404 = ORIENTED_EDGE ( 'NONE', *, *, #9413, .T. ) ;
#4405 = CONICAL_SURFACE ( 'NONE', #2340, 3.199999999999998000, 1.047197551196600300 ) ;
#4406 = FACE_OUTER_BOUND ( 'NONE', #1232, .T. ) ;
#4407 = CARTESIAN_POINT ( 'NONE',  ( 9.069809202314353100, 10.53375000000002300, -9.069809202314482700 ) ) ;
#4408 = EDGE_LOOP ( 'NONE', ( #418, #7740, #8149, #3916 ) ) ;
#4409 = CARTESIAN_POINT ( 'NONE',  ( -8.248891971046740300, -4.762500000000066800, 17.60000000000000100 ) ) ;
#4410 = DIRECTION ( 'NONE',  ( -1.000000000000000000, -0.0000000000000000000, -0.0000000000000000000 ) ) ;
#4411 = ORIENTED_EDGE ( 'NONE', *, *, #5676, .T. ) ;
#4412 = AXIS2_PLACEMENT_3D ( 'NONE', #8086, #8840, #6619 ) ;
#4413 = EDGE_LOOP ( 'NONE', ( #7905, #9659 ) ) ;
#4414 = EDGE_CURVE ( 'NONE', #5125, #9021, #5205, .T. ) ;
#4415 = CIRCLE ( 'NONE', #3234, 1.149999999999999900 ) ;
#4416 = EDGE_CURVE ( 'NONE', #8094, #7747, #5893, .T. ) ;
#4417 = CARTESIAN_POINT ( 'NONE',  ( 14.28999999999999700, -20.49170962313452500, -6.257467538869064100 ) ) ;
#4418 = LINE ( 'NONE', #2970, #3262 ) ;
#4419 = CARTESIAN_POINT ( 'NONE',  ( 12.69999999999992800, 14.19125521535169600, -5.260512242138384300 ) ) ;
#4420 = DIRECTION ( 'NONE',  ( 0.0000000000000000000, 0.0000000000000000000, -1.000000000000000000 ) ) ;
#4421 = VERTEX_POINT ( 'NONE', #6999 ) ;
#4422 = CARTESIAN_POINT ( 'NONE',  ( -9.069809202314482700, 15.93125000000001100, -9.069809202314353100 ) ) ;
#4423 = AXIS2_PLACEMENT_3D ( 'NONE', #5453, #4736, #9225 ) ;
#4424 = ORIENTED_EDGE ( 'NONE', *, *, #8777, .F. ) ;
#4425 = ORIENTED_EDGE ( 'NONE', *, *, #1744, .T. ) ;
#4426 = CARTESIAN_POINT ( 'NONE',  ( 7.781140988492979600, -5.572668467073530300, 0.02010828335196813600 ) ) ;
#4427 = AXIS2_PLACEMENT_3D ( 'NONE', #690, #7394, #8161 ) ;
#4428 = CARTESIAN_POINT ( 'NONE',  ( 13.19999999999999600, 8.899999999999993200, -13.19999999999999600 ) ) ;
#4429 = DIRECTION ( 'NONE',  ( -0.0000000000000000000, -1.000000000000000000, -0.0000000000000000000 ) ) ;
#4430 = EDGE_CURVE ( 'NONE', #9607, #4687, #2636, .T. ) ;
#4431 = DIRECTION ( 'NONE',  ( 0.0000000000000000000, 0.0000000000000000000, -1.000000000000000000 ) ) ;
#4432 = CARTESIAN_POINT ( 'NONE',  ( 8.126783911029368900, 11.01220863347623400, -8.854614595090014400 ) ) ;
#4433 = CARTESIAN_POINT ( 'NONE',  ( 19.19236170130832200, 22.49822431844402400, 6.804852038805379700 ) ) ;
#4434 = EDGE_CURVE ( 'NONE', #3491, #2852, #1580, .T. ) ;
#4435 = AXIS2_PLACEMENT_3D ( 'NONE', #1023, #1701, #950 ) ;
#4436 = B_SPLINE_CURVE_WITH_KNOTS ( 'NONE', 3,
 ( #603, #1389, #2897, #9506, #8823, #9569 ),
 .UNSPECIFIED., .F., .F.,
 ( 4, 2, 4 ),
 ( 2.736454829615666100E-007, 0.0007384861887061392600, 0.001476698731929317100 ),
 .UNSPECIFIED. ) ;
#4437 = FACE_OUTER_BOUND ( 'NONE', #6961, .T. ) ;
#4438 = CARTESIAN_POINT ( 'NONE',  ( 14.73587640020000600, 3.918869757271529000E-016, 3.199999999999998800 ) ) ;
#4439 = DIRECTION ( 'NONE',  ( 1.000000000000000000, -0.0000000000000000000, -0.0000000000000000000 ) ) ;
#4440 = CARTESIAN_POINT ( 'NONE',  ( -10.85465439984741400, 0.0000000000000000000, -6.099999999999990800 ) ) ;
#4441 = VERTEX_POINT ( 'NONE', #3291 ) ;
#4442 = CIRCLE ( 'NONE', #652, 2.899999999999992800 ) ;
#4443 = DIRECTION ( 'NONE',  ( -8.775090700452169200E-016, -1.000000000000000000, -0.0000000000000000000 ) ) ;
#4444 = VERTEX_POINT ( 'NONE', #7024 ) ;
#4445 = CARTESIAN_POINT ( 'NONE',  ( 13.44999999999999900, -10.69999999999999400, 12.94999999999999200 ) ) ;
#4446 = ADVANCED_FACE ( 'NONE', ( #6365 ), #5663, .F. ) ;
#4447 = CARTESIAN_POINT ( 'NONE',  ( 2.532823420761158700E-016, 1.042832680730699300, 2.050000000000001200 ) ) ;
#4448 = CARTESIAN_POINT ( 'NONE',  ( -12.44999999999999900, 0.0000000000000000000, 4.688733431983854100 ) ) ;
#4449 = CARTESIAN_POINT ( 'NONE',  ( -9.035340417286477600E-014, 19.58250000000000300, -12.82664718204935100 ) ) ;
#4450 = EDGE_CURVE ( 'NONE', #6957, #7378, #16, .T. ) ;
#4451 = VERTEX_POINT ( 'NONE', #473 ) ;
#4452 = VECTOR ( 'NONE', #7952, 1000.000000000000200 ) ;
#4453 = CARTESIAN_POINT ( 'NONE',  ( 11.67190269737710500, -10.56969817910534500, 9.761894529153716200 ) ) ;
#4454 = CARTESIAN_POINT ( 'NONE',  ( -18.58174513526109500, 23.46231663777929600, 4.880418975210000500 ) ) ;
#4455 = ADVANCED_FACE ( 'NONE', ( #4281 ), #1933, .F. ) ;
#4456 = DIRECTION ( 'NONE',  ( 0.0000000000000000000, 0.0000000000000000000, -1.000000000000000000 ) ) ;
#4457 = CARTESIAN_POINT ( 'NONE',  ( -19.25598086124352900, 0.6554350922087192100, -6.975797196446231800 ) ) ;
#4458 = ORIENTED_EDGE ( 'NONE', *, *, #1287, .F. ) ;
#4459 = AXIS2_PLACEMENT_3D ( 'NONE', #1620, #6898, #9007 ) ;
#4460 = CARTESIAN_POINT ( 'NONE',  ( -3.400363336020393800, 0.8600889937675553200, -20.36663200267479800 ) ) ;
#4461 = EDGE_CURVE ( 'NONE', #2194, #1540, #3110, .T. ) ;
#4462 = DIRECTION ( 'NONE',  ( -0.0000000000000000000, -0.0000000000000000000, -1.000000000000000000 ) ) ;
#4463 = CARTESIAN_POINT ( 'NONE',  ( 8.414570696119975300, 14.56125000000001400, 8.414570696119854500 ) ) ;
#4464 = ORIENTED_EDGE ( 'NONE', *, *, #1880, .T. ) ;
#4465 = EDGE_CURVE ( 'NONE', #6981, #9396, #1870, .T. ) ;
#4466 = DIRECTION ( 'NONE',  ( 0.0000000000000000000, 0.0000000000000000000, 1.000000000000000000 ) ) ;
#4467 = VERTEX_POINT ( 'NONE', #3396 ) ;
#4468 = DIRECTION ( 'NONE',  ( 1.000000000000000000, -8.746504920891471700E-016, 0.0000000000000000000 ) ) ;
#4469 = ORIENTED_EDGE ( 'NONE', *, *, #7341, .T. ) ;
#4470 = AXIS2_PLACEMENT_3D ( 'NONE', #7860, #4024, #9366 ) ;
#4471 = CARTESIAN_POINT ( 'NONE',  ( 11.90000000000003600, 18.45062500000001300, 4.929141392239745100 ) ) ;
#4472 = VERTEX_POINT ( 'NONE', #4170 ) ;
#4473 = FACE_OUTER_BOUND ( 'NONE', #6118, .T. ) ;
#4474 = EDGE_LOOP ( 'NONE', ( #9034, #3537, #4888, #7664, #8024, #4945, #1633, #8462, #3239, #7303 ) ) ;
#4475 = AXIS2_PLACEMENT_3D ( 'NONE', #4655, #4614, #130 ) ;
#4476 = ADVANCED_FACE ( 'NONE', ( #3915 ), #416, .F. ) ;
#4477 = CARTESIAN_POINT ( 'NONE',  ( -4.877304130657793600, 0.0000000000000000000, 3.449999999999999700 ) ) ;
#4478 = CARTESIAN_POINT ( 'NONE',  ( -12.82664718204939000, 17.28062500000000800, -5.312971222579394100 ) ) ;
#4479 = EDGE_CURVE ( 'NONE', #6601, #2056, #2278, .T. ) ;
#4481 = ORIENTED_EDGE ( 'NONE', *, *, #6095, .T. ) ;
#4480 = ORIENTED_EDGE ( 'NONE', *, *, #6099, .F. ) ;
#4482 = CALENDAR_DATE ( 2023, 6, 9 ) ;
#4483 = CARTESIAN_POINT ( 'NONE',  ( 0.0000000000000000000, 22.19916984716113000, 0.0000000000000000000 ) ) ;
#4484 = DIRECTION ( 'NONE',  ( -0.0000000000000000000, -1.000000000000000000, -0.0000000000000000000 ) ) ;
#4485 = CARTESIAN_POINT ( 'NONE',  ( -4.929141392239898800, 11.30687500000001900, -11.89999999999997400 ) ) ;
#4486 = EDGE_CURVE ( 'NONE', #8104, #7924, #5671, .T. ) ;
#4487 = AXIS2_PLACEMENT_3D ( 'NONE', #9334, #6417, #2642 ) ;
#4488 = CYLINDRICAL_SURFACE ( 'NONE', #3246, 1.149999999999999900 ) ;
#4489 = ORIENTED_EDGE ( 'NONE', *, *, #122, .F. ) ;
#4490 = CARTESIAN_POINT ( 'NONE',  ( -8.977052440135477000, -10.12128732227252700, -11.31776705059790300 ) ) ;
#4491 = AXIS2_PLACEMENT_3D ( 'NONE', #8030, #1335, #3596 ) ;
#4492 = CARTESIAN_POINT ( 'NONE',  ( -5.743329534442226600, 5.449678256205718800E-016, 4.449999999999997500 ) ) ;
#4493 = VERTEX_POINT ( 'NONE', #4902 ) ;
#4494 = DIRECTION ( 'NONE',  ( 0.0000000000000000000, 1.000000000000000000, -1.224646799147353200E-016 ) ) ;
#4495 = PERSON_AND_ORGANIZATION ( #1219, #7392 ) ;
#4496 = ADVANCED_FACE ( 'NONE', ( #1346, #3460 ), #8631, .F. ) ;
#4497 = CYLINDRICAL_SURFACE ( 'NONE', #585, 12.69999999999998500 ) ;
#4498 = LINE ( 'NONE', #2320, #2626 ) ;
#4499 = B_SPLINE_CURVE_WITH_KNOTS ( 'NONE', 3,
 ( #2465, #9146, #4692, #6217, #9111, #3969, #4722, #3937, #1675, #3160, #3895, #3194, #5408, #215, #9217, #9076 ),
 .UNSPECIFIED., .F., .F.,
 ( 4, 2, 2, 2, 2, 2, 2, 4 ),
 ( 0.003140726601653515100, 0.003533851854371106600, 0.003926977107088697200, 0.004320102359806288200, 0.004713227612523879200, 0.005106352865241471100, 0.005499478117959061300, 0.006285728623394243300 ),
 .UNSPECIFIED. ) ;
#4500 = CARTESIAN_POINT ( 'NONE',  ( 12.94999999999999200, -11.19999999999999900, -12.94999999999999200 ) ) ;
#4501 = CARTESIAN_POINT ( 'NONE',  ( -3.688409626073300400, 9.524999999999987900, 0.3759314465274081800 ) ) ;
#4502 = CARTESIAN_POINT ( 'NONE',  ( 2.860525185718283800, 21.35549424396001700, -20.72035249592530100 ) ) ;
#4503 = CC_DESIGN_PERSON_AND_ORGANIZATION_ASSIGNMENT ( #1690, #3620, ( #8508 ) ) ;
#4504 = CARTESIAN_POINT ( 'NONE',  ( -8.946127672407391900E-014, 13.30561978464833800, -12.69999999999996900 ) ) ;
#4505 = CARTESIAN_POINT ( 'NONE',  ( -16.61341206547847400, 1.531211798402914300, -12.76022017757949800 ) ) ;
#4506 = CIRCLE ( 'NONE', #8910, 2.299999999999997600 ) ;
#4507 = ADVANCED_FACE ( 'NONE', ( #51 ), #6407, .T. ) ;
#4508 = FACE_OUTER_BOUND ( 'NONE', #2496, .T. ) ;
#4509 = CARTESIAN_POINT ( 'NONE',  ( 2.034420588416731200, 0.6986665228077043600, 0.2603911973655397800 ) ) ;
#4510 = EDGE_CURVE ( 'NONE', #7076, #8145, #5327, .T. ) ;
#4511 = ORIENTED_EDGE ( 'NONE', *, *, #2485, .F. ) ;
#4512 = PERSON_AND_ORGANIZATION ( #4303, #4183 ) ;
#4513 = CARTESIAN_POINT ( 'NONE',  ( 8.528325040094458700E-014, 19.48250000000000200, 11.89999999999999900 ) ) ;
#4514 = CARTESIAN_POINT ( 'NONE',  ( -12.69999999999996700, 14.74688021535169300, 8.868362600661531000E-014 ) ) ;
#4515 = ORIENTED_EDGE ( 'NONE', *, *, #7359, .F. ) ;
#4516 = CARTESIAN_POINT ( 'NONE',  ( 5.499261314031300300, -9.524999999999941700, 17.60000000000000100 ) ) ;
#4517 = CARTESIAN_POINT ( 'NONE',  ( -5.310316832550006100, 0.0000000000000000000, 0.0000000000000000000 ) ) ;
#4518 = DIRECTION ( 'NONE',  ( 0.0000000000000000000, -1.000000000000000000, 1.224646799147353200E-016 ) ) ;
#4519 = CARTESIAN_POINT ( 'NONE',  ( 9.069809202314482700, 16.56625000000001100, 9.069809202314353100 ) ) ;
#4520 = FACE_OUTER_BOUND ( 'NONE', #4078, .T. ) ;
#4521 = ORIENTED_EDGE ( 'NONE', *, *, #2370, .F. ) ;
#4522 = COORDINATED_UNIVERSAL_TIME_OFFSET ( 8, 0, .AHEAD. ) ;
#4523 = CARTESIAN_POINT ( 'NONE',  ( -11.89999999999999900, 11.54500000000001900, 1.034998715382614300E-013 ) ) ;
#4524 = ORIENTED_EDGE ( 'NONE', *, *, #1656, .T. ) ;
#4525 = CARTESIAN_POINT ( 'NONE',  ( 0.0000000000000000000, 20.63746869550590200, 0.0000000000000000000 ) ) ;
#4526 = EDGE_LOOP ( 'NONE', ( #9282, #5081, #8241, #4049, #2434, #1024, #3000 ) ) ;
#4527 = VECTOR ( 'NONE', #9155, 1000.000000000000000 ) ;
#4528 = CARTESIAN_POINT ( 'NONE',  ( -3.710624621744299300, 0.5169338262733017600, -20.01428526116128400 ) ) ;
#4529 = CARTESIAN_POINT ( 'NONE',  ( 19.25598086124352500, 22.32467817596708700, 6.975797196446237100 ) ) ;
#4530 = VERTEX_POINT ( 'NONE', #7338 ) ;
#4531 = CARTESIAN_POINT ( 'NONE',  ( -13.65465439984741300, 0.0000000000000000000, 3.222179676972447100 ) ) ;
#4532 = DIRECTION ( 'NONE',  ( 1.000000000000000000, 0.0000000000000000000, 0.0000000000000000000 ) ) ;
#4533 = DIRECTION ( 'NONE',  ( 0.0000000000000000000, 0.0000000000000000000, -1.000000000000000000 ) ) ;
#4534 = ORIENTED_EDGE ( 'NONE', *, *, #9468, .F. ) ;
#4535 = LINE ( 'NONE', #6708, #3380 ) ;
#4536 = DIRECTION ( 'NONE',  ( 1.000000000000000000, -9.376883653928698500E-016, 0.0000000000000000000 ) ) ;
#4537 = CARTESIAN_POINT ( 'NONE',  ( -0.1470015485814953900, 1.050809079589580400, 2.045989968960497200 ) ) ;
#4538 = CARTESIAN_POINT ( 'NONE',  ( 1.003954952568888200, 6.361534929019632600, 4.819166320102816300 ) ) ;
#4539 = AXIS2_PLACEMENT_3D ( 'NONE', #7660, #6210, #5498 ) ;
#4540 = CARTESIAN_POINT ( 'NONE',  ( -8.414570696119975300, 15.19625000000001200, -8.414570696119856300 ) ) ;
#4541 = CYLINDRICAL_SURFACE ( 'NONE', #6183, 2.000000000000001800 ) ;
#4542 = CARTESIAN_POINT ( 'NONE',  ( 11.69999999999999900, 9.400000000000002100, -12.94999999999999200 ) ) ;
#4543 = AXIS2_PLACEMENT_3D ( 'NONE', #9276, #376, #2755 ) ;
#4544 = EDGE_CURVE ( 'NONE', #8439, #2367, #7761, .T. ) ;
#4545 = CARTESIAN_POINT ( 'NONE',  ( 13.79999999999999700, -2.300000000000002000, 2.816687638038914500E-016 ) ) ;
#4546 = ORIENTED_EDGE ( 'NONE', *, *, #3176, .T. ) ;
#4547 = CARTESIAN_POINT ( 'NONE',  ( 4.929141392239922800, 17.02187500000000900, 11.89999999999996300 ) ) ;
#4548 = FACE_OUTER_BOUND ( 'NONE', #2193, .T. ) ;
#4549 = CARTESIAN_POINT ( 'NONE',  ( -9.069809202314482700, 17.20125000000000900, -9.069809202314353100 ) ) ;
#4550 = AXIS2_PLACEMENT_3D ( 'NONE', #8986, #774, #4536 ) ;
#4551 = DIRECTION ( 'NONE',  ( 0.0000000000000000000, 0.0000000000000000000, 1.000000000000000000 ) ) ;
#4552 = CARTESIAN_POINT ( 'NONE',  ( -10.99852262806237800, -7.680227302144747400E-014, 17.60000000000000100 ) ) ;
#4553 =( BOUNDED_CURVE ( )  B_SPLINE_CURVE ( 2, ( #4595, #743, #6840, #7450, #4504, #833, #2273, #3010, #6033 ),
 .UNSPECIFIED., .F., .F. ) 
 B_SPLINE_CURVE_WITH_KNOTS ( ( 3, 2, 2, 2, 3 ),
 ( 0.6250000000000000000, 0.6406250000000000000, 0.6562500000000000000, 0.6718750000000000000, 0.6875000000000000000 ),
 .UNSPECIFIED. ) 
 CURVE ( )  GEOMETRIC_REPRESENTATION_ITEM ( )  RATIONAL_B_SPLINE_CURVE ( ( 1.000000000000000000, 0.9238795325112867400, 1.000000000000000000, 0.9238795325112867400, 1.000000000000000000, 0.9238795325112867400, 1.000000000000000000, 0.9238795325112867400, 1.000000000000000000 ) ) 
 REPRESENTATION_ITEM ( '' )  );
#4554 = ADVANCED_FACE ( 'NONE', ( #8816 ), #8848, .T. ) ;
#4555 = VECTOR ( 'NONE', #7078, 1000.000000000000000 ) ;
#4556 = DIRECTION ( 'NONE',  ( 0.0000000000000000000, -1.000000000000000000, 0.0000000000000000000 ) ) ;
#4557 = CARTESIAN_POINT ( 'NONE',  ( 0.0000000000000000000, 0.0000000000000000000, 17.60000000000000100 ) ) ;
#4558 = CARTESIAN_POINT ( 'NONE',  ( -13.05465439984742000, 0.0000000000000000000, -5.674999999999997200 ) ) ;
#4559 = CARTESIAN_POINT ( 'NONE',  ( -5.098093589338532200, -5.120314166152245500E-015, -18.52287239584203200 ) ) ;
#4560 = VERTEX_POINT ( 'NONE', #5054 ) ;
#4561 = EDGE_CURVE ( 'NONE', #5357, #9260, #7355, .T. ) ;
#4562 = CC_DESIGN_APPROVAL ( #2880, ( #6369 ) ) ;
#4563 = CARTESIAN_POINT ( 'NONE',  ( 18.85404163790699900, 23.09492482837287100, 5.782065236316270800 ) ) ;
#4564 = ORIENTED_EDGE ( 'NONE', *, *, #4988, .F. ) ;
#4565 = VECTOR ( 'NONE', #5839, 1000.000000000000000 ) ;
#4566 = DIRECTION ( 'NONE',  ( 0.0000000000000000000, -0.0000000000000000000, 1.000000000000000000 ) ) ;
#4567 = CARTESIAN_POINT ( 'NONE',  ( -1.243166172044354300, 1.619132391577507300, 1.649224060461986600 ) ) ;
#4568 = CARTESIAN_POINT ( 'NONE',  ( -18.97798937714016500, 0.2375955401937221700, -6.181512074908459600 ) ) ;
#4569 = ORIENTED_EDGE ( 'NONE', *, *, #5781, .T. ) ;
#4570 = DIRECTION ( 'NONE',  ( 0.0000000000000000000, 0.0000000000000000000, 1.000000000000000000 ) ) ;
#4571 = ORIENTED_EDGE ( 'NONE', *, *, #4906, .F. ) ;
#4572 = PLANE ( 'NONE',  #9642 ) ;
#4573 = ORIENTED_EDGE ( 'NONE', *, *, #1766, .T. ) ;
#4574 = CARTESIAN_POINT ( 'NONE',  ( -11.90000000000003200, 16.54562500000000800, -4.929141392239748700 ) ) ;
#4575 = DIRECTION ( 'NONE',  ( 1.865174681370263300E-014, 0.0000000000000000000, -1.000000000000000000 ) ) ;
#4576 = CARTESIAN_POINT ( 'NONE',  ( 1.151658749357196400E-013, 15.87250000000001100, 11.89999999999999900 ) ) ;
#4577 = CARTESIAN_POINT ( 'NONE',  ( 9.069809202314353100, 14.34375000000001400, -9.069809202314482700 ) ) ;
#4578 = CARTESIAN_POINT ( 'NONE',  ( -12.69999999999996700, 12.20688021535169700, 8.868362600661531000E-014 ) ) ;
#4579 = DIRECTION ( 'NONE',  ( 1.000000000000000000, 0.0000000000000000000, 0.0000000000000000000 ) ) ;
#4580 = VERTEX_POINT ( 'NONE', #3666 ) ;
#4581 = CARTESIAN_POINT ( 'NONE',  ( -18.58147011433355200, 23.46268770547650800, -4.879508307652254300 ) ) ;
#4582 = CARTESIAN_POINT ( 'NONE',  ( -3.831793927290867400, 22.64442538716010500, -19.87170822049460000 ) ) ;
#4583 = CARTESIAN_POINT ( 'NONE',  ( -14.29000000000000100, -10.05184234171637100, 1.045096283658684100 ) ) ;
#4584 = CARTESIAN_POINT ( 'NONE',  ( 0.0000000000000000000, 17.80000000000000100, -11.89999999999999900 ) ) ;
#4585 = CARTESIAN_POINT ( 'NONE',  ( 0.0000000000000000000, 0.0000000000000000000, 14.20000000000000100 ) ) ;
#4586 = CIRCLE ( 'NONE', #2680, 9.525000000000000400 ) ;
#4587 = EDGE_LOOP ( 'NONE', ( #4066, #6366, #9588, #3902 ) ) ;
#4588 = AXIS2_PLACEMENT_3D ( 'NONE', #3486, #4175, #7222 ) ;
#4589 = CARTESIAN_POINT ( 'NONE',  ( -1.605207692653241500, 1.911188162569193100, -1.299869974087967300 ) ) ;
#4591 = ORIENTED_EDGE ( 'NONE', *, *, #5364, .T. ) ;
#4590 = ORIENTED_EDGE ( 'NONE', *, *, #1594, .F. ) ;
#4592 = EDGE_CURVE ( 'NONE', #27, #2837, #9288, .T. ) ;
#4593 = CARTESIAN_POINT ( 'NONE',  ( -0.9299162373883982400, 9.524999999999995000, -4.133520782600986100E-016 ) ) ;
#4594 = CARTESIAN_POINT ( 'NONE',  ( 4.110313416714076200, 22.89746270853346000, 19.55449859237808500 ) ) ;
#4595 = CARTESIAN_POINT ( 'NONE',  ( -12.69999999999996900, 13.62311978464833500, 8.868362600661534700E-014 ) ) ;
#4596 = EDGE_CURVE ( 'NONE', #5958, #9157, #2048, .T. ) ;
#4597 = CARTESIAN_POINT ( 'NONE',  ( -0.3013277049262279000, 6.434457165968404400, 4.280011899811172200 ) ) ;
#4598 = TOROIDAL_SURFACE ( 'NONE', #2734, 7.060900368822721000, 1.000000000000000900 ) ;
#4599 = CARTESIAN_POINT ( 'NONE',  ( -9.254654399847412400, 0.0000000000000000000, 6.099999999999998800 ) ) ;
#4600 = EDGE_LOOP ( 'NONE', ( #3201, #6748, #2158, #5930 ) ) ;
#4601 = EDGE_LOOP ( 'NONE', ( #6031, #2012, #5591, #21, #9248, #9536, #6052, #654, #2166, #1486, #6177, #9525, #6741 ) ) ;
#4602 = ADVANCED_FACE ( 'NONE', ( #6824 ), #8101, .T. ) ;
#4603 = VERTEX_POINT ( 'NONE', #6529 ) ;
#4604 = CONTEXT_DEPENDENT_SHAPE_REPRESENTATION ( #669, #5491 ) ;
#4605 = CARTESIAN_POINT ( 'NONE',  ( 8.414570696119975300, 19.64125000000000300, 8.414570696119856300 ) ) ;
#4606 = AXIS2_PLACEMENT_3D ( 'NONE', #2123, #3693, #1341 ) ;
#4607 = CARTESIAN_POINT ( 'NONE',  ( 10.90839001700779300, 17.52464945135353600, 5.467600675558348800 ) ) ;
#4608 = LINE ( 'NONE', #5016, #635 ) ;
#4609 = CARTESIAN_POINT ( 'NONE',  ( -9.035340417286477600E-014, 11.96250000000002000, -12.82664718204935100 ) ) ;
#4610 = EDGE_CURVE ( 'NONE', #4874, #8666, #5787, .T. ) ;
#4611 = CARTESIAN_POINT ( 'NONE',  ( -3.586772846850905700, 0.6554350922081675400, -20.16406719884644600 ) ) ;
#4612 = ORIENTED_EDGE ( 'NONE', *, *, #1665, .F. ) ;
#4613 = CARTESIAN_POINT ( 'NONE',  ( 12.70000000000000500, 15.30250521535169200, 5.260512242138204000 ) ) ;
#4614 = DIRECTION ( 'NONE',  ( -8.775090700452169200E-016, -1.000000000000000000, -0.0000000000000000000 ) ) ;
#4615 = CARTESIAN_POINT ( 'NONE',  ( 9.410626844376087900, 2.750316174469047000, 0.1555587596408459200 ) ) ;
#4616 = EDGE_CURVE ( 'NONE', #9205, #266, #6585, .T. ) ;
#4617 = AXIS2_PLACEMENT_3D ( 'NONE', #6451, #3631, #5135 ) ;
#4618 = LINE ( 'NONE', #8502, #9165 ) ;
#4619 = CARTESIAN_POINT ( 'NONE',  ( -4.260135241695036400, 23.00404842813302900, -19.38895555806105600 ) ) ;
#4620 = VECTOR ( 'NONE', #6193, 1000.000000000000000 ) ;
#4621 = B_SPLINE_CURVE_WITH_KNOTS ( 'NONE', 3,
 ( #8991, #3011, #942, #7552, #8343, #5424, #148, #1556, #193, #2314 ),
 .UNSPECIFIED., .F., .F.,
 ( 4, 2, 2, 2, 4 ),
 ( 0.01366956678074269000, 0.01681051176928986100, 0.01995145675783703200, 0.02309240174638419900, 0.02623334673493137000 ),
 .UNSPECIFIED. ) ;
#4622 = DIRECTION ( 'NONE',  ( 0.0000000000000000000, 0.0000000000000000000, 1.000000000000000000 ) ) ;
#4623 = ORIENTED_EDGE ( 'NONE', *, *, #605, .T. ) ;
#4624 = CARTESIAN_POINT ( 'NONE',  ( -15.94400375184704500, 22.05951778623821700, -13.14185746855629400 ) ) ;
#4625 = CARTESIAN_POINT ( 'NONE',  ( 4.929141392239935200, 13.41187500000001400, 11.89999999999995600 ) ) ;
#4626 = ORIENTED_EDGE ( 'NONE', *, *, #6203, .T. ) ;
#4627 = CIRCLE ( 'NONE', #9096, 8.045708121834929100 ) ;
#4628 = DIRECTION ( 'NONE',  ( 0.0000000000000000000, -1.000000000000000000, 0.0000000000000000000 ) ) ;
#4629 = CARTESIAN_POINT ( 'NONE',  ( -12.69999999999996700, 14.74688021535169300, 8.868362600661531000E-014 ) ) ;
#4630 = CARTESIAN_POINT ( 'NONE',  ( 6.440000000000000400, 7.886725386508954900E-016, 0.0000000000000000000 ) ) ;
#4631 = DIRECTION ( 'NONE',  ( 0.0000000000000000000, 0.0000000000000000000, -1.000000000000000000 ) ) ;
#4632 = VERTEX_POINT ( 'NONE', #6629 ) ;
#4633 = PRODUCT_RELATED_PRODUCT_CATEGORY ( 'detail', '', ( #6534 ) ) ;
#4634 = PERSON_AND_ORGANIZATION ( #4303, #4183 ) ;
#4635 = DIRECTION ( 'NONE',  ( -5.062054713723247700E-019, -1.000000000000000000, -0.0000000000000000000 ) ) ;
#4636 = DIRECTION ( 'NONE',  ( 0.0000000000000000000, 0.0000000000000000000, 1.000000000000000000 ) ) ;
#4637 = VERTEX_POINT ( 'NONE', #2151 ) ;
#4638 = DIRECTION ( 'NONE',  ( -0.7071067811865475700, 0.0000000000000000000, 0.7071067811865475700 ) ) ;
#4639 = ORIENTED_EDGE ( 'NONE', *, *, #8595, .T. ) ;
#4640 = EDGE_LOOP ( 'NONE', ( #7079, #1601, #5895 ) ) ;
#4641 = CARTESIAN_POINT ( 'NONE',  ( 2.260760671698242700, 30.00000000000000000, -20.87795395112516400 ) ) ;
#4642 = CIRCLE ( 'NONE', #711, 2.499999999999998700 ) ;
#4643 = EDGE_CURVE ( 'NONE', #2302, #509, #2514, .T. ) ;
#4644 = CARTESIAN_POINT ( 'NONE',  ( 11.89999999999996500, 16.06937500000001200, -4.929141392239915700 ) ) ;
#4645 = SHAPE_DEFINITION_REPRESENTATION ( #8289, #6902 ) ;
#4646 = DIRECTION ( 'NONE',  ( -1.289757231209522100E-016, 0.0000000000000000000, -1.000000000000000000 ) ) ;
#4647 = CARTESIAN_POINT ( 'NONE',  ( 2.001828735021060600, 17.76467703432242800, -11.77391488697209000 ) ) ;
#4648 = CARTESIAN_POINT ( 'NONE',  ( -0.9614752209292937200, 17.37355822279152300, 12.29559429540922700 ) ) ;
#4649 = EDGE_LOOP ( 'NONE', ( #3954, #4342 ) ) ;
#4650 = CARTESIAN_POINT ( 'NONE',  ( -5.312971222579396800, 13.78812500000001500, 12.82664718204939000 ) ) ;
#4651 = DIRECTION ( 'NONE',  ( 0.7071067811865463500, 8.659560562354918100E-017, -0.7071067811865487900 ) ) ;
#4652 = ORIENTED_EDGE ( 'NONE', *, *, #9685, .T. ) ;
#4653 = CIRCLE ( 'NONE', #8430, 7.899999999999997700 ) ;
#4654 = DIRECTION ( 'NONE',  ( -0.0000000000000000000, 1.000000000000000000, -0.0000000000000000000 ) ) ;
#4655 = CARTESIAN_POINT ( 'NONE',  ( 0.0000000000000000000, 13.71446665693450000, 0.0000000000000000000 ) ) ;
#4656 = PLANE ( 'NONE',  #5604 ) ;
#4657 = FACE_OUTER_BOUND ( 'NONE', #5705, .T. ) ;
#4658 = ADVANCED_FACE ( 'NONE', ( #2266 ), #528, .T. ) ;
#4659 = DIRECTION ( 'NONE',  ( 0.0000000000000000000, 0.0000000000000000000, -1.000000000000000000 ) ) ;
#4660 = ORIENTED_EDGE ( 'NONE', *, *, #9173, .T. ) ;
#4661 = CARTESIAN_POINT ( 'NONE',  ( 19.21121883656459400, 20.63746869550590200, -8.481100801995154400 ) ) ;
#4662 = DIRECTION ( 'NONE',  ( 1.000000000000000000, -8.775090700452169200E-016, 0.0000000000000000000 ) ) ;
#4663 = ORIENTED_EDGE ( 'NONE', *, *, #793, .T. ) ;
#4664 = CARTESIAN_POINT ( 'NONE',  ( -1.853183372580812900, -9.525000000000018100, 17.52002621221957300 ) ) ;
#4665 = EDGE_LOOP ( 'NONE', ( #5515, #7211 ) ) ;
#4666 = TOROIDAL_SURFACE ( 'NONE', #799, 19.00000000000000400, 2.000000000000000000 ) ;
#4667 = CARTESIAN_POINT ( 'NONE',  ( -1.760683524457445700, 2.045608360317480800, -1.085869445519547400 ) ) ;
#4668 = CARTESIAN_POINT ( 'NONE',  ( 19.21121883656459100, 20.63746869550590200, 8.481100801995168600 ) ) ;
#4669 = CARTESIAN_POINT ( 'NONE',  ( -13.05465439984742000, 0.0000000000000000000, 0.0000000000000000000 ) ) ;
#4670 = CARTESIAN_POINT ( 'NONE',  ( 0.0000000000000000000, 0.0000000000000000000, 0.0000000000000000000 ) ) ;
#4671 = CARTESIAN_POINT ( 'NONE',  ( -1.150086511121018300, -6.336473863648588900, 5.551261791825660400 ) ) ;
#4672 = AXIS2_PLACEMENT_3D ( 'NONE', #8563, #3511, #5698 ) ;
#4673 = CARTESIAN_POINT ( 'NONE',  ( -5.499261314031233600, 9.524999999999979000, 16.74926131403118000 ) ) ;
#4674 = CARTESIAN_POINT ( 'NONE',  ( -9.179979922149314600, 3.149808362375173600, 0.08107999114722001800 ) ) ;
#4675 = AXIS2_PLACEMENT_3D ( 'NONE', #4356, #2101, #6635 ) ;
#4676 = LINE ( 'NONE', #6951, #4805 ) ;
#4677 = EDGE_CURVE ( 'NONE', #8181, #5115, #1224, .T. ) ;
#4678 = CARTESIAN_POINT ( 'NONE',  ( 4.929141392239747800, 12.41812500000001900, -11.90000000000003200 ) ) ;
#4679 = CARTESIAN_POINT ( 'NONE',  ( 15.66920801439230000, 0.6554350922090908000, 13.18827000240074900 ) ) ;
#4680 = CARTESIAN_POINT ( 'NONE',  ( -11.85857507098350400, 17.22294518477269800, 3.962444606686705800 ) ) ;
#4681 = CARTESIAN_POINT ( 'NONE',  ( 12.69999999999996900, 14.25811978464833600, -9.023892744153249100E-014 ) ) ;
#4682 = EDGE_CURVE ( 'NONE', #4493, #2826, #8924, .T. ) ;
#4683 = AXIS2_PLACEMENT_3D ( 'NONE', #2687, #374, #3354 ) ;
#4684 = CARTESIAN_POINT ( 'NONE',  ( 5.312971222579579800, 13.94687500000001500, 12.82664718204931200 ) ) ;
#4685 = CARTESIAN_POINT ( 'NONE',  ( 9.410626844376127000, -2.750316174469026100, 17.44444124035914400 ) ) ;
#4686 = DIRECTION ( 'NONE',  ( -0.0000000000000000000, -0.0000000000000000000, -1.000000000000000000 ) ) ;
#4687 = VERTEX_POINT ( 'NONE', #2918 ) ;
#4688 = CIRCLE ( 'NONE', #4865, 2.299999999999997600 ) ;
#4689 = AXIS2_PLACEMENT_3D ( 'NONE', #527, #2058, #5746 ) ;
#4690 = ORIENTED_EDGE ( 'NONE', *, *, #9125, .F. ) ;
#4691 = CARTESIAN_POINT ( 'NONE',  ( -11.89999999999996800, 16.90437500000000500, 4.929141392239906800 ) ) ;
#4692 = CARTESIAN_POINT ( 'NONE',  ( 2.037278469170194400, 0.6980478181060934000, -0.2606177912463263400 ) ) ;
#4693 = CARTESIAN_POINT ( 'NONE',  ( 11.89999999999996800, 16.06937500000001200, -4.929141392239910300 ) ) ;
#4694 = CARTESIAN_POINT ( 'NONE',  ( 19.25598086124352500, 0.6554350922089134900, 6.975797196446237100 ) ) ;
#4695 = ORIENTED_EDGE ( 'NONE', *, *, #5418, .T. ) ;
#4696 = DIRECTION ( 'NONE',  ( 0.0000000000000000000, -1.000000000000000000, 0.0000000000000000000 ) ) ;
#4697 = PRODUCT_DEFINITION ( '未知', '', #3065, #4707 ) ;
#4698 = CARTESIAN_POINT ( 'NONE',  ( 5.000997641144177700, 11.56261802816160700, 11.55165521520850000 ) ) ;
#4699 = DIRECTION ( 'NONE',  ( 0.0000000000000000000, 0.0000000000000000000, -1.000000000000000000 ) ) ;
#4700 = EDGE_CURVE ( 'NONE', #9103, #5388, #8578, .T. ) ;
#4701 = APPROVAL_STATUS ( 'not_yet_approved' ) ;
#4702 = EDGE_LOOP ( 'NONE', ( #1174, #3759 ) ) ;
#4703 = CARTESIAN_POINT ( 'NONE',  ( -2.581473850271385300E-016, -6.440000000000000400, 6.550000000000001600 ) ) ;
#4704 = CARTESIAN_POINT ( 'NONE',  ( -10.99852262806237800, -7.674129572303707300E-014, 0.8507386859688210700 ) ) ;
#4705 = ADVANCED_FACE ( 'NONE', ( #757 ), #3099, .F. ) ;
#4706 = CARTESIAN_POINT ( 'NONE',  ( -11.90000000000003200, 12.73562500000001700, -4.929141392239748700 ) ) ;
#4707 = DESIGN_CONTEXT ( 'detailed design', #5551, 'design' ) ;
#4708 = ORIENTED_EDGE ( 'NONE', *, *, #9152, .F. ) ;
#4709 = LINE ( 'NONE', #3816, #2714 ) ;
#4710 = ORIENTED_EDGE ( 'NONE', *, *, #99, .F. ) ;
#4711 = CARTESIAN_POINT ( 'NONE',  ( 10.66726473075075400, 17.64741218079087300, -5.673398303385504000 ) ) ;
#4712 = DIRECTION ( 'NONE',  ( 0.0000000000000000000, 1.000000000000000000, 0.0000000000000000000 ) ) ;
#4713 = ORIENTED_EDGE ( 'NONE', *, *, #8615, .T. ) ;
#4714 = CARTESIAN_POINT ( 'NONE',  ( -8.414570696119854500, 14.44375000000001200, 8.414570696119975300 ) ) ;
#4715 = VERTEX_POINT ( 'NONE', #3606 ) ;
#4716 = DIRECTION ( 'NONE',  ( 0.0000000000000000000, 0.0000000000000000000, -1.000000000000000000 ) ) ;
#4717 = CARTESIAN_POINT ( 'NONE',  ( 1.457329690985350200E-015, 17.80000000000000100, 11.89999999999999900 ) ) ;
#4718 = ORIENTED_EDGE ( 'NONE', *, *, #5625, .T. ) ;
#4719 = CARTESIAN_POINT ( 'NONE',  ( 19.21121883656459100, 2.000000000000001800, 8.481100801995168600 ) ) ;
#4720 = LINE ( 'NONE', #5576, #8099 ) ;
#4721 = ORIENTED_EDGE ( 'NONE', *, *, #611, .T. ) ;
#4722 = CARTESIAN_POINT ( 'NONE',  ( 1.804431561487903000, 0.9124067873144236000, -0.9812663128374519200 ) ) ;
#4724 = ORIENTED_EDGE ( 'NONE', *, *, #153, .T. ) ;
#4723 = ORIENTED_EDGE ( 'NONE', *, *, #3294, .F. ) ;
#4725 = DIRECTION ( 'NONE',  ( -0.0000000000000000000, 1.000000000000000000, -0.0000000000000000000 ) ) ;
#4726 = CARTESIAN_POINT ( 'NONE',  ( 18.70975827571363900, 0.03066545550722752500, 5.300798002121611700 ) ) ;
#4727 = ITEM_DEFINED_TRANSFORMATION ( 'NONE', 'NONE', #7242,  #1296 ) ;
#4728 = CARTESIAN_POINT ( 'NONE',  ( -5.743329534442226600, 0.0000000000000000000, 3.949999999999997100 ) ) ;
#4729 = AXIS2_PLACEMENT_3D ( 'NONE', #3230, #7702, #245 ) ;
#4730 = VECTOR ( 'NONE', #3103, 1000.000000000000100 ) ;
#4731 = AXIS2_PLACEMENT_3D ( 'NONE', #5553, #7789, #6351 ) ;
#4732 = CARTESIAN_POINT ( 'NONE',  ( 0.3617193100788607700, 11.51379863473305100, 12.53405758226905100 ) ) ;
#4733 = ORIENTED_EDGE ( 'NONE', *, *, #4416, .T. ) ;
#4734 = CARTESIAN_POINT ( 'NONE',  ( 19.37510224126911500, 21.36036798351205600, 7.878603787488339400 ) ) ;
#4735 = EDGE_CURVE ( 'NONE', #1641, #3654, #4744, .T. ) ;
#4736 = DIRECTION ( 'NONE',  ( 1.000000000000000000, -0.0000000000000000000, -0.0000000000000000000 ) ) ;
#4737 = EDGE_LOOP ( 'NONE', ( #3597, #2629, #2405, #887, #1443, #3449, #214, #3351 ) ) ;
#4738 = PERSON_AND_ORGANIZATION_ROLE ( 'design_supplier' ) ;
#4739 = LOCAL_TIME ( 13, 59, 25.00000000000000000, #6247 ) ;
#4740 = DIRECTION ( 'NONE',  ( 1.000000000000000000, 0.0000000000000000000, 0.0000000000000000000 ) ) ;
#4741 = CARTESIAN_POINT ( 'NONE',  ( -8.015539861186704600, -5.166677710331042000, 17.60000000000001900 ) ) ;
#4742 = CARTESIAN_POINT ( 'NONE',  ( 9.000000000000001800, -1.199999999999999700, -9.000000000000000000 ) ) ;
#4743 = FACE_OUTER_BOUND ( 'NONE', #822, .T. ) ;
#4744 = CIRCLE ( 'NONE', #91, 21.00000000000000000 ) ;
#4745 = AXIS2_PLACEMENT_3D ( 'NONE', #6292, #1164, #5585 ) ;
#4746 = CARTESIAN_POINT ( 'NONE',  ( -11.89999999999999900, 11.54500000000001900, 8.309725586446656100E-014 ) ) ;
#4747 = CARTESIAN_POINT ( 'NONE',  ( 12.08446835434913100, 17.59306052724517500, -0.8490763820991827900 ) ) ;
#4748 = CARTESIAN_POINT ( 'NONE',  ( -10.62098888707613200, 17.25272805082299900, 6.503107622131801200 ) ) ;
#4749 = DIRECTION ( 'NONE',  ( 0.0000000000000000000, 0.0000000000000000000, -1.000000000000000000 ) ) ;
#4750 = ORIENTED_EDGE ( 'NONE', *, *, #1986, .F. ) ;
#4751 = CARTESIAN_POINT ( 'NONE',  ( -11.89999999999999900, 18.09500000000000600, 8.309725586446653600E-014 ) ) ;
#4752 = EDGE_CURVE ( 'NONE', #2647, #8684, #4498, .T. ) ;
#4753 = FACE_OUTER_BOUND ( 'NONE', #8057, .T. ) ;
#4754 = DIRECTION ( 'NONE',  ( 8.775090700452169200E-016, 1.000000000000000000, 0.0000000000000000000 ) ) ;
#4755 = CARTESIAN_POINT ( 'NONE',  ( -13.99999999999999800, 0.0000000000000000000, 0.0000000000000000000 ) ) ;
#4756 = CIRCLE ( 'NONE', #7963, 7.899999999999997700 ) ;
#4757 = ORIENTED_EDGE ( 'NONE', *, *, #2425, .T. ) ;
#4758 = CARTESIAN_POINT ( 'NONE',  ( 0.0000000000000000000, 0.0000000000000000000, 0.0000000000000000000 ) ) ;
#4759 = CALENDAR_DATE ( 2023, 6, 9 ) ;
#4760 = EDGE_CURVE ( 'NONE', #1149, #3211, #7507, .T. ) ;
#4761 = DIRECTION ( 'NONE',  ( 0.0000000000000000000, 0.0000000000000000000, 1.000000000000000000 ) ) ;
#4762 = CARTESIAN_POINT ( 'NONE',  ( 19.29797079971674000, 1.764584447957507200, 8.248937868220007600 ) ) ;
#4763 = APPROVAL ( #5454, '未指定' ) ;
#4764 = EDGE_LOOP ( 'NONE', ( #5847, #9259, #6050, #8599, #2365 ) ) ;
#4765 = ADVANCED_FACE ( 'NONE', ( #8226 ), #2752, .F. ) ;
#4766 = CARTESIAN_POINT ( 'NONE',  ( 12.69999999999993200, 16.87749478464832700, -5.260512242138386100 ) ) ;
#4767 = DIRECTION ( 'NONE',  ( 0.0000000000000000000, -1.000000000000000000, 0.0000000000000000000 ) ) ;
#4768 = CONICAL_SURFACE ( 'NONE', #4867, 6.440000000000000400, 0.7853981633974482800 ) ;
#4769 = DIRECTION ( 'NONE',  ( 8.775090700452169200E-016, 1.000000000000000000, 0.0000000000000000000 ) ) ;
#4770 = CARTESIAN_POINT ( 'NONE',  ( -12.44999999999999900, 0.0000000000000000000, 0.0000000000000000000 ) ) ;
#4771 = PERSON_AND_ORGANIZATION ( #4303, #4183 ) ;
#4772 = ORIENTED_EDGE ( 'NONE', *, *, #1908, .T. ) ;
#4773 = CARTESIAN_POINT ( 'NONE',  ( 2.264311125247816000E-015, 24.81915204428899500, 17.25827764747206300 ) ) ;
#4774 = ORIENTED_EDGE ( 'NONE', *, *, #904, .T. ) ;
#4775 = CIRCLE ( 'NONE', #6221, 20.00000000000085600 ) ;
#4776 = CARTESIAN_POINT ( 'NONE',  ( -4.444291428765573000, 0.0000000000000000000, -3.699999999999998800 ) ) ;
#4777 = DIRECTION ( 'NONE',  ( -0.9999999999999998900, 0.0000000000000000000, 0.0000000000000000000 ) ) ;
#4778 = CARTESIAN_POINT ( 'NONE',  ( -14.00000000000000000, 3.918869757271530500E-016, -3.200000000000000200 ) ) ;
#4779 = CARTESIAN_POINT ( 'NONE',  ( -5.260512242138209300, 15.13124478464833300, 12.70000000000000300 ) ) ;
#4780 = CARTESIAN_POINT ( 'NONE',  ( -8.248891971046740300, -4.762500000000066800, 0.0000000000000000000 ) ) ;
#4781 = ORIENTED_EDGE ( 'NONE', *, *, #7802, .T. ) ;
#4782 = ORIENTED_EDGE ( 'NONE', *, *, #3539, .F. ) ;
#4783 = FACE_OUTER_BOUND ( 'NONE', #5844, .T. ) ;
#4784 = CARTESIAN_POINT ( 'NONE',  ( 8.528325040094458700E-014, 15.67250000000001400, 11.89999999999999900 ) ) ;
#4785 = CARTESIAN_POINT ( 'NONE',  ( 6.693113467901722100, 17.70938804893473100, -9.957606284106363500 ) ) ;
#4786 = CARTESIAN_POINT ( 'NONE',  ( -8.946127672407389400E-014, 11.88938021535170000, -12.69999999999996700 ) ) ;
#4787 = DIRECTION ( 'NONE',  ( -1.000000000000000000, -0.0000000000000000000, -0.0000000000000000000 ) ) ;
#4788 = VECTOR ( 'NONE', #4202, 1000.000000000000100 ) ;
#4789 = CARTESIAN_POINT ( 'NONE',  ( -4.929141392239914800, 17.85687500000000600, -11.89999999999996500 ) ) ;
#4790 = DIRECTION ( 'NONE',  ( -1.000000000000000000, -0.0000000000000000000, -0.0000000000000000000 ) ) ;
#4791 = CARTESIAN_POINT ( 'NONE',  ( 0.9324499088804721900, -9.524999999999989700, 0.01980973342758636500 ) ) ;
#4792 = CARTESIAN_POINT ( 'NONE',  ( -12.56412585201708300, -20.49170962313452500, 9.246769250645112200 ) ) ;
#4793 = CARTESIAN_POINT ( 'NONE',  ( 12.44999999999999900, 0.0000000000000000000, 4.688733431983854100 ) ) ;
#4794 = CARTESIAN_POINT ( 'NONE',  ( 5.947941525219425400, 8.747863077871224700, 17.00830695474097400 ) ) ;
#4795 = FACE_BOUND ( 'NONE', #5579, .T. ) ;
#4796 = CARTESIAN_POINT ( 'NONE',  ( 12.69999999999996900, 16.79811978464832800, -9.023892744153249100E-014 ) ) ;
#4797 = AXIS2_PLACEMENT_3D ( 'NONE', #1029, #7765, #9315 ) ;
#4798 = CARTESIAN_POINT ( 'NONE',  ( 1.738998454789241500E-015, -9.999999999999998200, -14.19999999999999900 ) ) ;
#4799 = CARTESIAN_POINT ( 'NONE',  ( -12.94999999999999200, -11.19999999999999900, 12.94999999999999200 ) ) ;
#4800 = DIRECTION ( 'NONE',  ( -8.775090700452169200E-016, -1.000000000000000000, -0.0000000000000000000 ) ) ;
#4801 = EDGE_CURVE ( 'NONE', #7924, #1361, #4986, .T. ) ;
#4802 = EDGE_CURVE ( 'NONE', #4444, #5363, #1105, .T. ) ;
#4803 = CARTESIAN_POINT ( 'NONE',  ( 7.736750521787014300, 11.59540588233393900, 9.947217074270041000 ) ) ;
#4804 = DIRECTION ( 'NONE',  ( 0.0000000000000000000, 0.0000000000000000000, 1.000000000000000000 ) ) ;
#4805 = VECTOR ( 'NONE', #7690, 1000.000000000000000 ) ;
#4806 = AXIS2_PLACEMENT_3D ( 'NONE', #3358, #1814, #7774 ) ;
#4807 = ORIENTED_EDGE ( 'NONE', *, *, #909, .F. ) ;
#4808 = CARTESIAN_POINT ( 'NONE',  ( 8.511837979438613700E-015, 9.700000000000011700, 0.0000000000000000000 ) ) ;
#4809 = ADVANCED_FACE ( 'NONE', ( #2986 ), #5779, .T. ) ;
#4810 =( BOUNDED_CURVE ( )  B_SPLINE_CURVE ( 2, ( #1239, #8710, #4250, #1270, #2780, #3653, #9058, #1597, #3880 ),
 .UNSPECIFIED., .F., .F. ) 
 B_SPLINE_CURVE_WITH_KNOTS ( ( 3, 2, 2, 2, 3 ),
 ( 0.7187500000000000000, 0.7343750000000000000, 0.7500000000000000000, 0.7656250000000000000, 0.7812500000000000000 ),
 .UNSPECIFIED. ) 
 CURVE ( )  GEOMETRIC_REPRESENTATION_ITEM ( )  RATIONAL_B_SPLINE_CURVE ( ( 1.000000000000000000, 0.9238795325112867400, 1.000000000000000000, 0.9238795325112867400, 1.000000000000000000, 0.9238795325112867400, 1.000000000000000000, 0.9238795325112867400, 1.000000000000000000 ) ) 
 REPRESENTATION_ITEM ( '' )  );
#4811 = EDGE_CURVE ( 'NONE', #5413, #8906, #9514, .T. ) ;
#4812 = VERTEX_POINT ( 'NONE', #4477 ) ;
#4813 = CYLINDRICAL_SURFACE ( 'NONE', #993, 9.275000000000002100 ) ;
#4814 = CARTESIAN_POINT ( 'NONE',  ( 9.069809202314482700, 19.10625000000000600, 9.069809202314353100 ) ) ;
#4815 = ORIENTED_EDGE ( 'NONE', *, *, #8850, .F. ) ;
#4816 = CARTESIAN_POINT ( 'NONE',  ( 12.69999999999996900, 15.52811978464833200, -9.023892744153249100E-014 ) ) ;
#4817 = CARTESIAN_POINT ( 'NONE',  ( -5.260512242138382500, 11.96875521535169700, -12.69999999999992800 ) ) ;
#4818 = CARTESIAN_POINT ( 'NONE',  ( 8.980256121069194500, 14.09936978464833500, 8.980256121069066600 ) ) ;
#4819 = EDGE_CURVE ( 'NONE', #1904, #182, #1001, .T. ) ;
#4820 = AXIS2_PLACEMENT_3D ( 'NONE', #583, #496, #4252 ) ;
#4821 = CARTESIAN_POINT ( 'NONE',  ( -4.929141392239914800, 16.58687500000001000, -11.89999999999996500 ) ) ;
#4822 = CARTESIAN_POINT ( 'NONE',  ( -19.25598086124352900, 22.32467817596733900, -6.975797196446231800 ) ) ;
#4823 = DIRECTION ( 'NONE',  ( 0.0000000000000000000, 1.000000000000000000, 0.0000000000000000000 ) ) ;
#4824 = ORIENTED_EDGE ( 'NONE', *, *, #4987, .T. ) ;
#4825 = DIRECTION ( 'NONE',  ( -0.0000000000000000000, -1.000000000000000000, -0.0000000000000000000 ) ) ;
#4826 = CARTESIAN_POINT ( 'NONE',  ( 8.248891971046772300, 4.762500000000010800, 17.60000000000000100 ) ) ;
#4827 = CARTESIAN_POINT ( 'NONE',  ( 1.122512155537489600E-013, 17.14250000000000900, 11.89999999999999900 ) ) ;
#4828 = CARTESIAN_POINT ( 'NONE',  ( 3.709163999463268800, -9.524999999999961300, 17.21970371548186000 ) ) ;
#4829 = CARTESIAN_POINT ( 'NONE',  ( 1.408343061269071100E-016, -6.440000000000000400, 4.250000000000001800 ) ) ;
#4830 = CARTESIAN_POINT ( 'NONE',  ( -12.69999999999996900, 12.35311978464833900, 8.868362600661534700E-014 ) ) ;
#4831 = ORIENTED_EDGE ( 'NONE', *, *, #3435, .T. ) ;
#4832 = APPROVAL ( #8051, 'UNKNOWN' ) ;
#4833 = DIRECTION ( 'NONE',  ( 0.0000000000000000000, 0.0000000000000000000, 1.000000000000000000 ) ) ;
#4834 = EDGE_LOOP ( 'NONE', ( #5590, #8175, #6229, #814 ) ) ;
#4835 = CARTESIAN_POINT ( 'NONE',  ( 11.90000000000003200, 12.10062500000001700, 4.929141392239754000 ) ) ;
#4836 = DIRECTION ( 'NONE',  ( 0.0000000000000000000, 0.0000000000000000000, 1.000000000000000000 ) ) ;
#4837 = CARTESIAN_POINT ( 'NONE',  ( 12.94999999999999200, -11.19999999999999900, -12.94999999999999200 ) ) ;
#4838 = EDGE_CURVE ( 'NONE', #9581, #3527, #838, .T. ) ;
#4839 =( NAMED_UNIT ( * ) PLANE_ANGLE_UNIT ( ) SI_UNIT ( $, .RADIAN. ) );
#4840 = LINE ( 'NONE', #9615, #841 ) ;
#4841 = ORIENTED_EDGE ( 'NONE', *, *, #4931, .T. ) ;
#4843 = ORIENTED_EDGE ( 'NONE', *, *, #1276, .F. ) ;
#4842 = ORIENTED_EDGE ( 'NONE', *, *, #4070, .T. ) ;
#4844 = CARTESIAN_POINT ( 'NONE',  ( -12.82664718204931200, 16.16937500000001300, 5.312971222579581500 ) ) ;
#4845 = DIRECTION ( 'NONE',  ( 0.0000000000000000000, 0.0000000000000000000, -1.000000000000000000 ) ) ;
#4846 = CARTESIAN_POINT ( 'NONE',  ( -8.142975002881334100, 24.27204651753745800, 16.10486305546966400 ) ) ;
#4847 = CARTESIAN_POINT ( 'NONE',  ( -12.69999999999996700, 12.20688021535169700, 8.868362600661531000E-014 ) ) ;
#4848 = FACE_OUTER_BOUND ( 'NONE', #3589, .T. ) ;
#4849 = CARTESIAN_POINT ( 'NONE',  ( 4.929141392239922800, 14.68187500000001000, 11.89999999999996300 ) ) ;
#4850 = ORIENTED_EDGE ( 'NONE', *, *, #8956, .T. ) ;
#4851 = DIRECTION ( 'NONE',  ( -0.0000000000000000000, -0.0000000000000000000, -1.000000000000000000 ) ) ;
#4852 = ORIENTED_EDGE ( 'NONE', *, *, #964, .T. ) ;
#4853 = ORIENTED_EDGE ( 'NONE', *, *, #9224, .F. ) ;
#4854 = CARTESIAN_POINT ( 'NONE',  ( -11.67190269737709800, -20.73030182089466300, 9.761894529153725100 ) ) ;
#4855 = DATE_AND_TIME ( #3558, #5552 ) ;
#4856 = CARTESIAN_POINT ( 'NONE',  ( -12.69999999999998500, 1.114436518957424200E-014, 1.555301434917136900E-015 ) ) ;
#4857 = FACE_OUTER_BOUND ( 'NONE', #6872, .T. ) ;
#4858 = ADVANCED_FACE ( 'NONE', ( #7290 ), #6211, .T. ) ;
#4859 = CARTESIAN_POINT ( 'NONE',  ( -4.929141392239929000, 16.58687500000000600, -11.89999999999995900 ) ) ;
#4860 = CONICAL_SURFACE ( 'NONE', #6976, 13.41771913849730100, 1.047197551196595600 ) ;
#4861 = CARTESIAN_POINT ( 'NONE',  ( -3.586772846850890200, 22.32467817597437300, 20.16406719884645000 ) ) ;
#4862 = CARTESIAN_POINT ( 'NONE',  ( -6.940000000000001300, 8.499048786082631700E-016, 17.60000000000000100 ) ) ;
#4863 = ORIENTED_EDGE ( 'NONE', *, *, #3823, .F. ) ;
#4864 = ORIENTED_EDGE ( 'NONE', *, *, #6982, .T. ) ;
#4865 = AXIS2_PLACEMENT_3D ( 'NONE', #2718, #8653, #4990 ) ;
#4866 =( BOUNDED_CURVE ( )  B_SPLINE_CURVE ( 2, ( #8261, #9029, #8195, #3728, #3791, #1572, #845, #8292, #4576 ),
 .UNSPECIFIED., .F., .F. ) 
 B_SPLINE_CURVE_WITH_KNOTS ( ( 3, 2, 2, 2, 3 ),
 ( 0.4062500000000000000, 0.4218750000000000000, 0.4375000000000000000, 0.4531250000000000000, 0.4687500000000000000 ),
 .UNSPECIFIED. ) 
 CURVE ( )  GEOMETRIC_REPRESENTATION_ITEM ( )  RATIONAL_B_SPLINE_CURVE ( ( 1.000000000000000000, 0.9238795325112867400, 1.000000000000000000, 0.9238795325112867400, 1.000000000000000000, 0.9238795325112867400, 1.000000000000000000, 0.9238795325112867400, 1.000000000000000000 ) ) 
 REPRESENTATION_ITEM ( '' )  );
#4867 = AXIS2_PLACEMENT_3D ( 'NONE', #6877, #3139, #4532 ) ;
#4868 = FACE_OUTER_BOUND ( 'NONE', #3296, .T. ) ;
#4869 = CARTESIAN_POINT ( 'NONE',  ( -8.337739707489097500, 11.41561621413377000, 9.208084456913809400 ) ) ;
#4870 = CYLINDRICAL_SURFACE ( 'NONE', #288, 21.00000000000000000 ) ;
#4871 = EDGE_CURVE ( 'NONE', #1141, #4472, #7060, .T. ) ;
#4872 = CARTESIAN_POINT ( 'NONE',  ( 16.79213315031757100, 20.92702909032072300, 12.58875633010274900 ) ) ;
#4873 = MECHANICAL_CONTEXT ( 'NONE', #9201, 'mechanical' ) ;
#4874 = VERTEX_POINT ( 'NONE', #2380 ) ;
#4875 = CARTESIAN_POINT ( 'NONE',  ( -12.69999999999996900, 14.89311978464833300, 8.868362600661534700E-014 ) ) ;
#4876 = DIRECTION ( 'NONE',  ( 1.000000000000000000, 0.0000000000000000000, 0.0000000000000000000 ) ) ;
#4877 = EDGE_LOOP ( 'NONE', ( #4843, #1374 ) ) ;
#4878 = EDGE_CURVE ( 'NONE', #9139, #9500, #2153, .T. ) ;
#4879 = TOROIDAL_SURFACE ( 'NONE', #2608, 3.699999999999998800, 0.5000000000000000000 ) ;
#4880 = CONICAL_SURFACE ( 'NONE', #3848, 4.838760430703398000, 0.5235987755982979300 ) ;
#4881 = AXIS2_PLACEMENT_3D ( 'NONE', #1202, #7996, #8679 ) ;
#4882 = CARTESIAN_POINT ( 'NONE',  ( -9.069809202314482700, 15.93125000000001100, -9.069809202314353100 ) ) ;
#4883 = ORIENTED_EDGE ( 'NONE', *, *, #1313, .F. ) ;
#4884 = LOCAL_TIME ( 13, 59, 25.00000000000000000, #9526 ) ;
#4885 = DIRECTION ( 'NONE',  ( 0.0000000000000000000, 0.0000000000000000000, -1.000000000000000000 ) ) ;
#4886 = DIRECTION ( 'NONE',  ( -0.7071067811865475700, 0.7071067811865475700, 0.0000000000000000000 ) ) ;
#4887 = ORIENTED_EDGE ( 'NONE', *, *, #2670, .T. ) ;
#4888 = ORIENTED_EDGE ( 'NONE', *, *, #1725, .T. ) ;
#4889 = CARTESIAN_POINT ( 'NONE',  ( 0.0000000000000000000, 0.0000000000000000000, -0.5000000000000143200 ) ) ;
#4890 = EDGE_LOOP ( 'NONE', ( #9501, #1100, #9651, #9439 ) ) ;
#4891 = FACE_OUTER_BOUND ( 'NONE', #1564, .T. ) ;
#4892 = CARTESIAN_POINT ( 'NONE',  ( 8.034646945590148800, -21.23228174283605400, 11.86186511655942900 ) ) ;
#4893 = CARTESIAN_POINT ( 'NONE',  ( 9.275000000000002100, 0.0000000000000000000, -3.000000000000000000 ) ) ;
#4894 = CARTESIAN_POINT ( 'NONE',  ( -2.384394636082866700, 20.78270896380342900, 20.86162577143651800 ) ) ;
#4895 = AXIS2_PLACEMENT_3D ( 'NONE', #6765, #9129, #5558 ) ;
#4896 = DIRECTION ( 'NONE',  ( 8.775090700452169200E-016, 1.000000000000000000, 0.0000000000000000000 ) ) ;
#4897 = CARTESIAN_POINT ( 'NONE',  ( -4.444291428765573000, 0.0000000000000000000, 0.0000000000000000000 ) ) ;
#4898 = CC_DESIGN_PERSON_AND_ORGANIZATION_ASSIGNMENT ( #4771, #1884, ( #5791 ) ) ;
#4899 = SHAPE_REPRESENTATION_RELATIONSHIP ( 'NONE' , 'NONE' ,  #6902, #5982 ) ;
#4900 = ORIENTED_EDGE ( 'NONE', *, *, #7964, .F. ) ;
#4901 = CARTESIAN_POINT ( 'NONE',  ( 5.499261314031300300, -9.524999999999941700, 16.74926131403118000 ) ) ;
#4902 = CARTESIAN_POINT ( 'NONE',  ( -13.25465439984741100, 0.0000000000000000000, -4.838760430703398000 ) ) ;
#4903 = EDGE_LOOP ( 'NONE', ( #3483, #1086, #2992, #4774 ) ) ;
#4904 = CARTESIAN_POINT ( 'NONE',  ( -12.94999999999999200, -11.19999999999999900, 12.94999999999999200 ) ) ;
#4905 = VECTOR ( 'NONE', #6668, 1000.000000000000000 ) ;
#4906 = EDGE_CURVE ( 'NONE', #9310, #5357, #8700, .T. ) ;
#4907 = CARTESIAN_POINT ( 'NONE',  ( 0.0000000000000000000, 0.0000000000000000000, 0.0000000000000000000 ) ) ;
#4908 = CIRCLE ( 'NONE', #1615, 19.72072930905315500 ) ;
#4909 = CARTESIAN_POINT ( 'NONE',  ( 12.94999999999999200, 8.899999999999995000, 13.44999999999999900 ) ) ;
#4910 = CARTESIAN_POINT ( 'NONE',  ( -12.70000000000000300, 15.93750521535169200, -5.260512242138205800 ) ) ;
#4911 = EDGE_LOOP ( 'NONE', ( #270, #4103, #1180, #2213, #2439, #2661, #4174, #9009 ) ) ;
#4912 = CARTESIAN_POINT ( 'NONE',  ( 11.89999999999999900, 17.46000000000000800, -9.038390431939329000E-014 ) ) ;
#4913 = MECHANICAL_CONTEXT ( 'NONE', #8514, 'mechanical' ) ;
#4914 = DIRECTION ( 'NONE',  ( -8.775090700452169200E-016, -1.000000000000000000, -0.0000000000000000000 ) ) ;
#4915 = CARTESIAN_POINT ( 'NONE',  ( -16.79403436553456100, 20.92763434320430000, 12.59103507387471100 ) ) ;
#4916 = CIRCLE ( 'NONE', #349, 21.00000000000000000 ) ;
#4917 = CARTESIAN_POINT ( 'NONE',  ( -12.69999999999996900, 12.35311978464833900, 8.868362600661534700E-014 ) ) ;
#4918 = ADVANCED_FACE ( 'NONE', ( #8808 ), #6947, .T. ) ;
#4919 = LINE ( 'NONE', #304, #8159 ) ;
#4920 = CARTESIAN_POINT ( 'NONE',  ( -11.89999999999996300, 10.35437500000002200, 4.929141392239922800 ) ) ;
#4921 = CARTESIAN_POINT ( 'NONE',  ( -16.79277516595183800, 1.764584472951551600, 12.58806400055063400 ) ) ;
#4922 = CARTESIAN_POINT ( 'NONE',  ( -11.89999999999996300, 13.09437500000001700, 4.929141392239922800 ) ) ;
#4923 = CARTESIAN_POINT ( 'NONE',  ( -13.79999999999999700, 0.0000000000000000000, 0.0000000000000000000 ) ) ;
#4924 = LINE ( 'NONE', #9131, #6190 ) ;
#4925 = DIRECTION ( 'NONE',  ( 0.0000000000000000000, 0.0000000000000000000, 1.000000000000000000 ) ) ;
#4926 = CARTESIAN_POINT ( 'NONE',  ( -12.94999999999999200, 8.900000000000018100, 13.44999999999999900 ) ) ;
#4927 = AXIS2_PLACEMENT_3D ( 'NONE', #8077, #1517, #2361 ) ;
#4928 = DIRECTION ( 'NONE',  ( -1.000000000000000000, -0.0000000000000000000, -0.0000000000000000000 ) ) ;
#4929 = ORIENTED_EDGE ( 'NONE', *, *, #1782, .F. ) ;
#4930 = LOCAL_TIME ( 13, 59, 25.00000000000000000, #8873 ) ;
#4931 = EDGE_CURVE ( 'NONE', #2142, #8273, #865, .T. ) ;
#4932 = EDGE_CURVE ( 'NONE', #2142, #3333, #8084, .T. ) ;
#4933 = VERTEX_POINT ( 'NONE', #8491 ) ;
#4934 = DIRECTION ( 'NONE',  ( -0.0000000000000000000, 1.000000000000000000, -0.0000000000000000000 ) ) ;
#4935 = DIRECTION ( 'NONE',  ( 1.000000000000000000, 0.0000000000000000000, 0.0000000000000000000 ) ) ;
#4936 = B_SPLINE_CURVE_WITH_KNOTS ( 'NONE', 3,
 ( #3853, #2252, #3756, #1534, #6759, #6044, #2319, #7524 ),
 .UNSPECIFIED., .F., .F.,
 ( 4, 2, 2, 4 ),
 ( 0.01166094023647387200, 0.01306007132247220300, 0.01375963686547136900, 0.01445920240847053400 ),
 .UNSPECIFIED. ) ;
#4937 = CARTESIAN_POINT ( 'NONE',  ( 5.342430495083328300, -21.16646964535334900, -13.41621700897628100 ) ) ;
#4938 = PERSON_AND_ORGANIZATION_ROLE ( 'classification_officer' ) ;
#4939 = EDGE_LOOP ( 'NONE', ( #1553, #4815 ) ) ;
#4940 = CIRCLE ( 'NONE', #8342, 6.099999999999990800 ) ;
#4941 = DIRECTION ( 'NONE',  ( 1.000000000000000000, -0.0000000000000000000, -0.0000000000000000000 ) ) ;
#4942 = DIRECTION ( 'NONE',  ( 0.0000000000000000000, 0.0000000000000000000, -1.000000000000000000 ) ) ;
#4943 = EDGE_CURVE ( 'NONE', #4580, #47, #4379, .T. ) ;
#4944 = CARTESIAN_POINT ( 'NONE',  ( -8.414570696119854500, 10.43375000000002100, 8.414570696119975300 ) ) ;
#4945 = ORIENTED_EDGE ( 'NONE', *, *, #4760, .T. ) ;
#4946 = CARTESIAN_POINT ( 'NONE',  ( -9.275000000000002100, 1.135859906209170200E-015, 0.0000000000000000000 ) ) ;
#4947 = CARTESIAN_POINT ( 'NONE',  ( -14.43443619994283000, 23.09492482837287100, -13.43704640427828100 ) ) ;
#4948 = CARTESIAN_POINT ( 'NONE',  ( 19.21121883656459400, 30.00000000000000000, -8.481100801995154400 ) ) ;
#4949 = EDGE_CURVE ( 'NONE', #5388, #9103, #8336, .T. ) ;
#4950 = AXIS2_PLACEMENT_3D ( 'NONE', #5401, #921, #1664 ) ;
#4951 = CARTESIAN_POINT ( 'NONE',  ( -11.89999999999996300, 11.82437500000001900, 4.929141392239922800 ) ) ;
#4952 = CARTESIAN_POINT ( 'NONE',  ( -8.248891971046807800, 4.762499999999954000, 0.0000000000000000000 ) ) ;
#4953 = CARTESIAN_POINT ( 'NONE',  ( -12.70000000000000300, 13.39750521535169600, -5.260512242138205800 ) ) ;
#4954 = ORIENTED_EDGE ( 'NONE', *, *, #4819, .F. ) ;
#4955 = DIRECTION ( 'NONE',  ( -1.000000000000000000, -0.0000000000000000000, -0.0000000000000000000 ) ) ;
#4956 = CIRCLE ( 'NONE', #7171, 4.688733431983859400 ) ;
#4957 = ORIENTED_EDGE ( 'NONE', *, *, #550, .F. ) ;
#4958 = ADVANCED_FACE ( 'NONE', ( #6714 ), #430, .T. ) ;
#4959 = PLANE ( 'NONE',  #6841 ) ;
#4960 = VERTEX_POINT ( 'NONE', #4061 ) ;
#4961 = CARTESIAN_POINT ( 'NONE',  ( -8.482244080906840000, 4.358322289668973500, 17.60000000000000900 ) ) ;
#4962 = VERTEX_POINT ( 'NONE', #3345 ) ;
#4963 = DIRECTION ( 'NONE',  ( 1.000000000000000000, -0.0000000000000000000, -0.0000000000000000000 ) ) ;
#4964 = FACE_OUTER_BOUND ( 'NONE', #3377, .T. ) ;
#4965 = VERTEX_POINT ( 'NONE', #9263 ) ;
#4966 = CARTESIAN_POINT ( 'NONE',  ( 0.0000000000000000000, 0.0000000000000000000, 0.0000000000000000000 ) ) ;
#4967 = CARTESIAN_POINT ( 'NONE',  ( 11.88412758796775700, 10.90000000000000700, 0.6144196228178397900 ) ) ;
#4968 = CARTESIAN_POINT ( 'NONE',  ( -8.965523947390061500E-014, 17.77750000000000300, -11.89999999999999900 ) ) ;
#4970 = EDGE_LOOP ( 'NONE', ( #274, #5227 ) ) ;
#4969 = ORIENTED_EDGE ( 'NONE', *, *, #2885, .T. ) ;
#4971 = EDGE_CURVE ( 'NONE', #1400, #9378, #2040, .T. ) ;
#4972 = APPROVAL_STATUS ( 'not_yet_approved' ) ;
#4973 = CARTESIAN_POINT ( 'NONE',  ( -8.017523061292044300E-014, 12.49750000000001600, -11.89999999999999900 ) ) ;
#4974 = CARTESIAN_POINT ( 'NONE',  ( -12.19803410270981000, 11.29295862123787400, -1.575255297039793700 ) ) ;
#4975 = LINE ( 'NONE', #6716, #7277 ) ;
#4976 = ORIENTED_EDGE ( 'NONE', *, *, #7732, .T. ) ;
#4977 = CARTESIAN_POINT ( 'NONE',  ( 12.82664718204935100, 15.45500000000001400, -9.113880979362924500E-014 ) ) ;
#4978 = ORIENTED_EDGE ( 'NONE', *, *, #3668, .T. ) ;
#4979 = CARTESIAN_POINT ( 'NONE',  ( 8.414570696119982400, 10.95125000000001900, 8.414570696119847400 ) ) ;
#4980 = CARTESIAN_POINT ( 'NONE',  ( -5.312971222579396800, 17.59812500000001000, 12.82664718204939000 ) ) ;
#4981 = DIRECTION ( 'NONE',  ( -1.000000000000000000, 0.0000000000000000000, 0.0000000000000000000 ) ) ;
#4982 = CARTESIAN_POINT ( 'NONE',  ( 11.89999999999999900, 13.45000000000001500, -1.414051752430313500E-013 ) ) ;
#4983 = CARTESIAN_POINT ( 'NONE',  ( 8.528325040094456200E-014, 13.33250000000001400, 11.89999999999999900 ) ) ;
#4984 = LINE ( 'NONE', #3399, #3789 ) ;
#4985 = CARTESIAN_POINT ( 'NONE',  ( -19.21121883656434200, 2.000000000000001800, -8.481100801995060200 ) ) ;
#4986 = CIRCLE ( 'NONE', #4115, 11.89999999999999000 ) ;
#4987 = EDGE_CURVE ( 'NONE', #8668, #1988, #313, .T. ) ;
#4988 = EDGE_CURVE ( 'NONE', #629, #9103, #3565, .T. ) ;
#4989 = FACE_OUTER_BOUND ( 'NONE', #3220, .T. ) ;
#4990 = DIRECTION ( 'NONE',  ( -1.237404653380196600E-016, 1.000000000000000000, 0.0000000000000000000 ) ) ;
#4991 = DIRECTION ( 'NONE',  ( 0.0000000000000000000, 0.0000000000000000000, -1.000000000000000000 ) ) ;
#4992 = EDGE_LOOP ( 'NONE', ( #9267, #2533, #5521, #7283 ) ) ;
#4993 = PERSON_AND_ORGANIZATION ( #4303, #4183 ) ;
#4994 = AXIS2_PLACEMENT_3D ( 'NONE', #7800, #2551, #6328 ) ;
#4995 = CARTESIAN_POINT ( 'NONE',  ( -4.766898668833507100, 0.02989874383839111900, 18.85072844979550100 ) ) ;
#4996 = ORIENTED_EDGE ( 'NONE', *, *, #3850, .T. ) ;
#4997 = CARTESIAN_POINT ( 'NONE',  ( -10.09563029186903400, -1.563855400051479700, 17.22290479380366400 ) ) ;
#4998 = CARTESIAN_POINT ( 'NONE',  ( 6.440000000000000400, 7.886725386508954900E-016, 17.10000000000000100 ) ) ;
#4999 = EDGE_CURVE ( 'NONE', #4960, #5384, #9090, .T. ) ;
#5000 = CYLINDRICAL_SURFACE ( 'NONE', #8107, 11.89999999999999900 ) ;
#5001 = FACE_OUTER_BOUND ( 'NONE', #4165, .T. ) ;
#5002 = DIRECTION ( 'NONE',  ( 0.0000000000000000000, 0.0000000000000000000, 1.000000000000000000 ) ) ;
#5003 = PERSON_AND_ORGANIZATION_ROLE ( 'creator' ) ;
#5004 = CARTESIAN_POINT ( 'NONE',  ( -12.56412585201709200, 0.0000000000000000000, -9.246769250645099800 ) ) ;
#5005 = CARTESIAN_POINT ( 'NONE',  ( -38.00000000000000000, 30.00000000000000000, 8.981320299058706400E-015 ) ) ;
#5006 = APPROVAL_PERSON_ORGANIZATION ( #8945, #5871, #1226 ) ;
#5007 = CARTESIAN_POINT ( 'NONE',  ( 11.89999999999999900, 14.92000000000001200, -9.621322308333469300E-014 ) ) ;
#5008 = EDGE_CURVE ( 'NONE', #196, #1792, #6252, .T. ) ;
#5009 = ADVANCED_FACE ( 'NONE', ( #293 ), #1573, .F. ) ;
#5010 = ORIENTED_EDGE ( 'NONE', *, *, #9224, .T. ) ;
#5011 = AXIS2_PLACEMENT_3D ( 'NONE', #2088, #5874, #7268 ) ;
#5012 = ORIENTED_EDGE ( 'NONE', *, *, #6476, .T. ) ;
#5013 = LINE ( 'NONE', #6318, #5925 ) ;
#5014 = CARTESIAN_POINT ( 'NONE',  ( -5.312971222579573500, 15.85187500000001200, -12.82664718204931400 ) ) ;
#5015 = CARTESIAN_POINT ( 'NONE',  ( -15.80765931379758600, 0.7554955969839356500, 13.16488581282647100 ) ) ;
#5016 = CARTESIAN_POINT ( 'NONE',  ( -15.66920801439211000, 30.00000000000000000, -13.18827000240032100 ) ) ;
#5017 = DIRECTION ( 'NONE',  ( 0.0000000000000000000, 0.0000000000000000000, -1.000000000000000000 ) ) ;
#5018 = CIRCLE ( 'NONE', #8795, 17.25827764747206300 ) ;
#5019 = CARTESIAN_POINT ( 'NONE',  ( -4.929141392239751300, 13.25312500000001500, 11.90000000000003200 ) ) ;
#5020 = CARTESIAN_POINT ( 'NONE',  ( -9.275000000000002100, 1.135859906209170200E-015, -3.000000000000000000 ) ) ;
#5021 = ORIENTED_EDGE ( 'NONE', *, *, #2297, .F. ) ;
#5022 = VERTEX_POINT ( 'NONE', #2708 ) ;
#5023 = CARTESIAN_POINT ( 'NONE',  ( -2.506116279633844500, 20.92702917463941100, 20.83679204076816300 ) ) ;
#5024 = CONICAL_SURFACE ( 'NONE', #2879, 3.399999999999999900, 0.1745329251994260100 ) ;
#5025 = CARTESIAN_POINT ( 'NONE',  ( -12.56412585201708300, -10.80829037686547000, 9.246769250645112200 ) ) ;
#5026 = CC_DESIGN_SECURITY_CLASSIFICATION ( #4255, ( #9692 ) ) ;
#5027 = TOROIDAL_SURFACE ( 'NONE', #3932, 16.68470121112101300, 1.000000000000000000 ) ;
#5028 = CARTESIAN_POINT ( 'NONE',  ( -19.25598086124352900, 22.32467817596733900, -6.975797196446231800 ) ) ;
#5029 = CARTESIAN_POINT ( 'NONE',  ( -11.90000000000004800, 14.20562500000001400, -4.929141392239717600 ) ) ;
#5030 = DIRECTION ( 'NONE',  ( 1.000000000000000000, 1.231304080816852700E-016, -0.0000000000000000000 ) ) ;
#5031 = EDGE_CURVE ( 'NONE', #966, #6336, #5639, .T. ) ;
#5032 = DIRECTION ( 'NONE',  ( -8.775090700452169200E-016, -1.000000000000000000, -0.0000000000000000000 ) ) ;
#5033 = LINE ( 'NONE', #330, #1862 ) ;
#5034 = CARTESIAN_POINT ( 'NONE',  ( 0.0000000000000000000, -20.49170962313452500, 0.0000000000000000000 ) ) ;
#5035 = APPROVAL_ROLE ( '' ) ;
#5036 = PLANE ( 'NONE',  #404 ) ;
#5037 = CARTESIAN_POINT ( 'NONE',  ( 11.44999999999999900, 0.0000000000000000000, 0.0000000000000000000 ) ) ;
#5038 = DIRECTION ( 'NONE',  ( -0.0000000000000000000, -1.000000000000000000, -0.0000000000000000000 ) ) ;
#5039 = VECTOR ( 'NONE', #6327, 1000.000000000000000 ) ;
#5040 = CARTESIAN_POINT ( 'NONE',  ( -9.035340417286478800E-014, 14.50250000000001500, -12.82664718204935100 ) ) ;
#5041 = DIRECTION ( 'NONE',  ( 0.0000000000000000000, 1.000000000000000000, 0.0000000000000000000 ) ) ;
#5042 = EDGE_LOOP ( 'NONE', ( #2068, #704, #4591, #7267 ) ) ;
#5043 = CARTESIAN_POINT ( 'NONE',  ( -8.414570696119838500, 14.24375000000001300, 8.414570696119991300 ) ) ;
#5044 = DIRECTION ( 'NONE',  ( 0.0000000000000000000, 0.0000000000000000000, -1.000000000000000000 ) ) ;
#5045 = DIRECTION ( 'NONE',  ( 0.0000000000000000000, -1.000000000000000000, 0.0000000000000000000 ) ) ;
#5046 = EDGE_LOOP ( 'NONE', ( #2077, #8331, #396, #1619 ) ) ;
#5047 = CIRCLE ( 'NONE', #364, 3.703925678971643300 ) ;
#5048 = DIRECTION ( 'NONE',  ( -1.000000000000000000, -0.0000000000000000000, -0.0000000000000000000 ) ) ;
#5049 = AXIS2_PLACEMENT_3D ( 'NONE', #4557, #7409, #3707 ) ;
#5050 = VERTEX_POINT ( 'NONE', #4323 ) ;
#5051 = ADVANCED_FACE ( 'NONE', ( #8468 ), #4860, .T. ) ;
#5052 = AXIS2_PLACEMENT_3D ( 'NONE', #4525, #5272, #175 ) ;
#5053 = DIRECTION ( 'NONE',  ( -0.0000000000000000000, -1.000000000000000000, -0.0000000000000000000 ) ) ;
#5054 = CARTESIAN_POINT ( 'NONE',  ( -3.455323577095457700E-014, 9.525000000000000400, 17.60000000000000100 ) ) ;
#5055 = CARTESIAN_POINT ( 'NONE',  ( 16.95045816486702600, 2.000000000000001800, -12.39685314912947300 ) ) ;
#5056 = EDGE_CURVE ( 'NONE', #5384, #6430, #1440, .T. ) ;
#5057 = ORIENTED_EDGE ( 'NONE', *, *, #188, .F. ) ;
#5058 = CARTESIAN_POINT ( 'NONE',  ( -4.732966563360386100, 0.0000000000000000000, 0.0000000000000000000 ) ) ;
#5059 = CARTESIAN_POINT ( 'NONE',  ( 2.045450131536233200, 30.00000000000000000, 18.88957738435136200 ) ) ;
#5060 = CARTESIAN_POINT ( 'NONE',  ( 0.0000000000000000000, 0.0000000000000000000, 0.0000000000000000000 ) ) ;
#5061 = CARTESIAN_POINT ( 'NONE',  ( 12.02785908391385800, 11.29655451558038400, 2.610184756902395300 ) ) ;
#5062 = CARTESIAN_POINT ( 'NONE',  ( 0.0000000000000000000, 0.0000000000000000000, 17.10000000000000100 ) ) ;
#5063 = APPROVAL_ROLE ( '' ) ;
#5064 = CARTESIAN_POINT ( 'NONE',  ( 5.905839754271480200, 11.04170664020464800, -10.52392860344962200 ) ) ;
#5065 = ORIENTED_EDGE ( 'NONE', *, *, #5672, .F. ) ;
#5066 = CARTESIAN_POINT ( 'NONE',  ( 11.90000000000004800, 14.84062500000001200, 4.929141392239717600 ) ) ;
#5067 = ORIENTED_EDGE ( 'NONE', *, *, #4461, .T. ) ;
#5068 = CARTESIAN_POINT ( 'NONE',  ( -12.82664718204935100, 11.01000000000002100, 8.956799855210033200E-014 ) ) ;
#5069 = CARTESIAN_POINT ( 'NONE',  ( -13.44999999999999900, 8.900000000000016300, 12.94999999999999200 ) ) ;
#5070 = CARTESIAN_POINT ( 'NONE',  ( 1.209951936996610200E-013, 13.13250000000001600, 11.89999999999999900 ) ) ;
#5071 = CARTESIAN_POINT ( 'NONE',  ( -16.95045816486629400, 30.00000000000000000, 12.39685314912908800 ) ) ;
#5072 = EDGE_CURVE ( 'NONE', #966, #7271, #4608, .T. ) ;
#5073 = PRODUCT_DEFINITION_FORMATION_WITH_SPECIFIED_SOURCE ( '任何', '', #6534, .NOT_KNOWN. ) ;
#5074 = CONICAL_SURFACE ( 'NONE', #7471, 8.252653961416930500, 0.1745329251994354200 ) ;
#5075 = CARTESIAN_POINT ( 'NONE',  ( 16.79475968078192900, 1.764135440160222900, 12.59018931916527800 ) ) ;
#5076 = ORIENTED_EDGE ( 'NONE', *, *, #1106, .T. ) ;
#5078 = ORIENTED_EDGE ( 'NONE', *, *, #3876, .T. ) ;
#5077 = ORIENTED_EDGE ( 'NONE', *, *, #3422, .T. ) ;
#5079 = DIRECTION ( 'NONE',  ( 1.243449787580175200E-014, 0.0000000000000000000, -1.000000000000000000 ) ) ;
#5080 = ORIENTED_EDGE ( 'NONE', *, *, #1966, .F. ) ;
#5081 = ORIENTED_EDGE ( 'NONE', *, *, #2861, .T. ) ;
#5082 = DIRECTION ( 'NONE',  ( 0.0000000000000000000, 0.0000000000000000000, 1.000000000000000000 ) ) ;
#5083 = EDGE_LOOP ( 'NONE', ( #913, #7189, #3062, #2964 ) ) ;
#5084 = PERSON_AND_ORGANIZATION ( #4303, #4183 ) ;
#5085 = CARTESIAN_POINT ( 'NONE',  ( -6.216747625905287400, -21.24705545965125700, -12.91142977813912300 ) ) ;
#5086 = VECTOR ( 'NONE', #6665, 1000.000000000000000 ) ;
#5087 = CARTESIAN_POINT ( 'NONE',  ( -4.929141392239690100, 11.78312500000002000, 11.90000000000005900 ) ) ;
#5088 = LINE ( 'NONE', #3630, #2381 ) ;
#5089 = CARTESIAN_POINT ( 'NONE',  ( -9.000000000000001800, -1.199999999999999700, 11.49999999999999800 ) ) ;
#5090 =( REPRESENTATION_RELATIONSHIP ('NONE','NONE', #2711, #828 ) REPRESENTATION_RELATIONSHIP_WITH_TRANSFORMATION ( #522 )SHAPE_REPRESENTATION_RELATIONSHIP( ) );
#5091 = CARTESIAN_POINT ( 'NONE',  ( 17.47810899155977900, 2.300000000000001600, 0.0000000000000000000 ) ) ;
#5092 = VERTEX_POINT ( 'NONE', #8742 ) ;
#5093 = CARTESIAN_POINT ( 'NONE',  ( -9.802206103296978100, 17.73000479068194200, -6.883474906733776600 ) ) ;
#5094 = ADVANCED_FACE ( 'NONE', ( #7998 ), #3341, .T. ) ;
#5095 = LINE ( 'NONE', #8587, #2149 ) ;
#5096 = VECTOR ( 'NONE', #6218, 1000.000000000000000 ) ;
#5097 = CARTESIAN_POINT ( 'NONE',  ( 9.192421541439370100E-014, 11.32750000000002200, 12.82664718204935100 ) ) ;
#5098 = ORIENTED_EDGE ( 'NONE', *, *, #665, .F. ) ;
#5099 = CARTESIAN_POINT ( 'NONE',  ( 0.0000000000000000000, 22.19916984716113000, -21.00000000000000000 ) ) ;
#5100 = DIRECTION ( 'NONE',  ( 0.0000000000000000000, 0.0000000000000000000, 1.000000000000000000 ) ) ;
#5101 = ORIENTED_EDGE ( 'NONE', *, *, #8611, .F. ) ;
#5102 = CARTESIAN_POINT ( 'NONE',  ( 14.73587640020000600, 0.0000000000000000000, -4.449999999999997500 ) ) ;
#5103 = AXIS2_PLACEMENT_3D ( 'NONE', #2061, #8036, #8096 ) ;
#5104 = FACE_OUTER_BOUND ( 'NONE', #1954, .T. ) ;
#5105 = LINE ( 'NONE', #2220, #3123 ) ;
#5106 = EDGE_CURVE ( 'NONE', #4632, #7869, #4037, .T. ) ;
#5107 = CARTESIAN_POINT ( 'NONE',  ( -13.25465439984741100, 0.0000000000000000000, -4.838760430703398000 ) ) ;
#5108 = VERTEX_POINT ( 'NONE', #7333 ) ;
#5109 = APPROVAL_DATE_TIME ( #4059, #4204 ) ;
#5110 = EDGE_CURVE ( 'NONE', #5970, #7827, #2585, .T. ) ;
#5111 = ORIENTED_EDGE ( 'NONE', *, *, #3539, .T. ) ;
#5112 = ORIENTED_EDGE ( 'NONE', *, *, #1873, .F. ) ;
#5113 = DIRECTION ( 'NONE',  ( -0.0000000000000000000, -1.000000000000000000, -0.0000000000000000000 ) ) ;
#5114 = CARTESIAN_POINT ( 'NONE',  ( 12.27635182233306900, 0.0000000000000000000, 0.0000000000000000000 ) ) ;
#5115 = VERTEX_POINT ( 'NONE', #9646 ) ;
#5116 = CARTESIAN_POINT ( 'NONE',  ( 16.18428286226992400, 1.076989860225472400, -13.03227174001330400 ) ) ;
#5117 = FACE_OUTER_BOUND ( 'NONE', #8073, .T. ) ;
#5118 = AXIS2_PLACEMENT_3D ( 'NONE', #504, #2758, #4206 ) ;
#5119 = DIRECTION ( 'NONE',  ( 0.0000000000000000000, 0.0000000000000000000, -1.000000000000000000 ) ) ;
#5120 = CARTESIAN_POINT ( 'NONE',  ( 0.0000000000000000000, 0.0000000000000000000, -2.499999999999996000 ) ) ;
#5121 = ORIENTED_EDGE ( 'NONE', *, *, #588, .F. ) ;
#5122 = EDGE_CURVE ( 'NONE', #4067, #6983, #403, .T. ) ;
#5123 = CARTESIAN_POINT ( 'NONE',  ( 13.44999999999999900, 19.99999999999999600, 0.0000000000000000000 ) ) ;
#5124 = CARTESIAN_POINT ( 'NONE',  ( -4.877304130657793600, 4.684274006738622200E-016, -3.449999999999999700 ) ) ;
#5125 = VERTEX_POINT ( 'NONE', #1397 ) ;
#5126 = CARTESIAN_POINT ( 'NONE',  ( 1.180805343176903200E-013, 14.60250000000001200, 11.89999999999999900 ) ) ;
#5127 = CARTESIAN_POINT ( 'NONE',  ( 4.929141392239739800, 15.15812500000001400, -11.90000000000003800 ) ) ;
#5128 = EDGE_CURVE ( 'NONE', #9249, #4687, #7753, .T. ) ;
#5129 = AXIS2_PLACEMENT_3D ( 'NONE', #3281, #3251, #2552 ) ;
#5130 = CIRCLE ( 'NONE', #9309, 5.050000000000002500 ) ;
#5131 = ORIENTED_EDGE ( 'NONE', *, *, #9285, .F. ) ;
#5132 = CARTESIAN_POINT ( 'NONE',  ( 3.586772846851588300, 0.6554350922095983900, -20.16406719884721700 ) ) ;
#5133 = DIRECTION ( 'NONE',  ( -4.440892098500626200E-015, 0.0000000000000000000, -1.000000000000000000 ) ) ;
#5134 = CYLINDRICAL_SURFACE ( 'NONE', #1546, 2.499999999999998700 ) ;
#5135 = DIRECTION ( 'NONE',  ( 0.0000000000000000000, 1.000000000000000000, 0.0000000000000000000 ) ) ;
#5136 = CARTESIAN_POINT ( 'NONE',  ( 1.122512155537489600E-013, 16.94250000000001000, 11.89999999999999900 ) ) ;
#5137 = FACE_OUTER_BOUND ( 'NONE', #7535, .T. ) ;
#5138 = DIRECTION ( 'NONE',  ( 1.000000000000000000, 0.0000000000000000000, 0.0000000000000000000 ) ) ;
#5139 = PRODUCT_RELATED_PRODUCT_CATEGORY ( 'detail', '', ( #6599 ) ) ;
#5140 = DIRECTION ( 'NONE',  ( -0.0000000000000000000, -1.000000000000000000, -0.0000000000000000000 ) ) ;
#5141 = ADVANCED_FACE ( 'NONE', ( #1812 ), #5555, .F. ) ;
#5142 = DIRECTION ( 'NONE',  ( -0.0000000000000000000, 1.000000000000000000, -0.0000000000000000000 ) ) ;
#5143 = CARTESIAN_POINT ( 'NONE',  ( 14.73587640020000600, 0.0000000000000000000, 0.0000000000000000000 ) ) ;
#5144 = LINE ( 'NONE', #1865, #8975 ) ;
#5145 = CARTESIAN_POINT ( 'NONE',  ( -5.312971222579396800, 16.32812500000001100, 12.82664718204939000 ) ) ;
#5146 = EDGE_CURVE ( 'NONE', #69, #4403, #2864, .T. ) ;
#5147 = CARTESIAN_POINT ( 'NONE',  ( 0.0000000000000000000, 2.000000000000000000, 0.0000000000000000000 ) ) ;
#5148 = CARTESIAN_POINT ( 'NONE',  ( -12.44999999999999900, 8.647109035777110400E-016, -7.060900368822721000 ) ) ;
#5149 = DIRECTION ( 'NONE',  ( 0.0000000000000000000, 0.0000000000000000000, 1.000000000000000000 ) ) ;
#5150 = CARTESIAN_POINT ( 'NONE',  ( -9.254654399847414200, 0.0000000000000000000, -4.449999999999996600 ) ) ;
#5151 = CARTESIAN_POINT ( 'NONE',  ( -4.604223021015037900, -9.525000000000043000, 17.00763661373513000 ) ) ;
#5152 = APPROVAL_ROLE ( '' ) ;
#5153 = ORIENTED_EDGE ( 'NONE', *, *, #8994, .F. ) ;
#5154 = VECTOR ( 'NONE', #8260, 1000.000000000000000 ) ;
#5155 = CARTESIAN_POINT ( 'NONE',  ( 0.0000000000000000000, -10.80829037686547000, 0.0000000000000000000 ) ) ;
#5156 = ORIENTED_EDGE ( 'NONE', *, *, #3930, .T. ) ;
#5157 = B_SPLINE_CURVE_WITH_KNOTS ( 'NONE', 3,
 ( #6956, #4030, #3997, #2489, #6275, #4791, #2456, #5504 ),
 .UNSPECIFIED., .F., .F.,
 ( 4, 2, 2, 4 ),
 ( 0.02480760746573276700, 0.02759408215062075100, 0.02898731949306473900, 0.03038055683550873100 ),
 .UNSPECIFIED. ) ;
#5158 = ORIENTED_EDGE ( 'NONE', *, *, #6008, .T. ) ;
#5159 = CIRCLE ( 'NONE', #5049, 6.940000000000001300 ) ;
#5160 = DIRECTION ( 'NONE',  ( -0.7071067811865474600, -2.472095916683000800E-015, -0.7071067811865474600 ) ) ;
#5161 = CARTESIAN_POINT ( 'NONE',  ( 2.506116279643997300, 20.92702917464080100, -20.83679204076688400 ) ) ;
#5162 = CARTESIAN_POINT ( 'NONE',  ( 11.44999999999999800, 0.0000000000000000000, 0.0000000000000000000 ) ) ;
#5163 = ORIENTED_EDGE ( 'NONE', *, *, #8043, .F. ) ;
#5164 = AXIS2_PLACEMENT_3D ( 'NONE', #2595, #6310, #3970 ) ;
#5165 = DIRECTION ( 'NONE',  ( -0.0000000000000000000, -0.0000000000000000000, -1.000000000000000000 ) ) ;
#5166 = CARTESIAN_POINT ( 'NONE',  ( 0.0000000000000000000, 0.0000000000000000000, -2.050000000000001200 ) ) ;
#5167 = CARTESIAN_POINT ( 'NONE',  ( 18.70865912707170900, 0.02989874345446173400, -5.297109184155390300 ) ) ;
#5168 = CARTESIAN_POINT ( 'NONE',  ( 2.260760671698242700, 2.000000000000001800, -20.87795395112516400 ) ) ;
#5169 = CARTESIAN_POINT ( 'NONE',  ( 5.312971222579579800, 19.02687500000000400, 12.82664718204931200 ) ) ;
#5170 = EDGE_CURVE ( 'NONE', #5758, #7357, #5088, .T. ) ;
#5171 = ORIENTED_EDGE ( 'NONE', *, *, #1614, .F. ) ;
#5172 = FACE_OUTER_BOUND ( 'NONE', #4640, .T. ) ;
#5173 = VERTEX_POINT ( 'NONE', #2204 ) ;
#5174 = DIRECTION ( 'NONE',  ( -8.775090700452169200E-016, -1.000000000000000000, -0.0000000000000000000 ) ) ;
#5175 = DIRECTION ( 'NONE',  ( 0.0000000000000000000, 0.0000000000000000000, 1.000000000000000000 ) ) ;
#5176 = EDGE_CURVE ( 'NONE', #4166, #1598, #8110, .T. ) ;
#5177 = AXIS2_PLACEMENT_3D ( 'NONE', #6545, #7953, #6574 ) ;
#5178 = CARTESIAN_POINT ( 'NONE',  ( -8.564225747545664900, 17.07623440890416300, -9.304522974753131900 ) ) ;
#5179 = ORIENTED_EDGE ( 'NONE', *, *, #4735, .F. ) ;
#5180 = CARTESIAN_POINT ( 'NONE',  ( 2.260760671697890500, 20.63746869550590200, 20.87795395112464500 ) ) ;
#5181 = ORIENTED_EDGE ( 'NONE', *, *, #6966, .F. ) ;
#5182 = CARTESIAN_POINT ( 'NONE',  ( 0.0000000000000000000, 23.09492482837286800, 0.0000000000000000000 ) ) ;
#5183 = DIRECTION ( 'NONE',  ( -1.000000000000000000, 0.0000000000000000000, 0.0000000000000000000 ) ) ;
#5184 = ADVANCED_FACE ( 'NONE', ( #6356 ), #164, .T. ) ;
#5185 = VECTOR ( 'NONE', #1157, 1000.000000000000000 ) ;
#5186 = ORIENTED_EDGE ( 'NONE', *, *, #5146, .F. ) ;
#5187 = CARTESIAN_POINT ( 'NONE',  ( 4.136927488686714200, 0.2370420337831353500, -19.52476585760399200 ) ) ;
#5189 = EDGE_LOOP ( 'NONE', ( #1827, #2411, #5572, #7235 ) ) ;
#5188 = ORIENTED_EDGE ( 'NONE', *, *, #839, .F. ) ;
#5190 = DATE_AND_TIME ( #6236, #1917 ) ;
#5191 = ORIENTED_EDGE ( 'NONE', *, *, #2915, .F. ) ;
#5192 = CARTESIAN_POINT ( 'NONE',  ( 2.260760671698242700, 20.63746869550590200, -20.87795395112516400 ) ) ;
#5193 = APPROVAL ( #2700, '未指定' ) ;
#5194 = DIRECTION ( 'NONE',  ( 1.000000000000000000, -0.0000000000000000000, -0.0000000000000000000 ) ) ;
#5195 = CIRCLE ( 'NONE', #8106, 0.5000000000000000000 ) ;
#5196 = ADVANCED_FACE ( 'NONE', ( #6129 ), #7743, .T. ) ;
#5197 = ORIENTED_EDGE ( 'NONE', *, *, #7291, .F. ) ;
#5198 = EDGE_CURVE ( 'NONE', #2898, #9392, #9508, .T. ) ;
#5199 = ORGANIZATION ( 'NAUO-ORG1', 'UNSPECIFIED', 'UNSPECIFIED' ) ;
#5200 = CARTESIAN_POINT ( 'NONE',  ( 14.29000000000000100, -21.24815904843341100, 1.045076710058421500 ) ) ;
#5201 = DIRECTION ( 'NONE',  ( -1.000000000000000000, 0.0000000000000000000, 0.0000000000000000000 ) ) ;
#5202 = CIRCLE ( 'NONE', #4588, 3.449999999999999700 ) ;
#5203 = DIRECTION ( 'NONE',  ( -1.065814103640150300E-014, 0.0000000000000000000, -1.000000000000000000 ) ) ;
#5204 = DIRECTION ( 'NONE',  ( 0.0000000000000000000, 0.0000000000000000000, -1.000000000000000000 ) ) ;
#5205 = CIRCLE ( 'NONE', #973, 19.72072930905315500 ) ;
#5206 = CARTESIAN_POINT ( 'NONE',  ( -9.069809202314351300, 18.78875000000000700, 9.069809202314482700 ) ) ;
#5207 = CARTESIAN_POINT ( 'NONE',  ( 0.0000000000000000000, 17.80000000000000100, 0.0000000000000000000 ) ) ;
#5208 = CARTESIAN_POINT ( 'NONE',  ( -18.09422547250707700, 24.16114746403449900, 2.003243860747893700 ) ) ;
#5209 = CIRCLE ( 'NONE', #4245, 2.499999999999998700 ) ;
#5210 = CARTESIAN_POINT ( 'NONE',  ( 9.000000000000001800, -1.199999999999999700, -9.000000000000000000 ) ) ;
#5211 = ORIENTED_EDGE ( 'NONE', *, *, #3475, .T. ) ;
#5212 = APPROVAL_DATE_TIME ( #8132, #2880 ) ;
#5213 = CARTESIAN_POINT ( 'NONE',  ( -15.47756630766302900, 0.5169332074730160800, 13.22063796153315500 ) ) ;
#5214 = VERTEX_POINT ( 'NONE', #4409 ) ;
#5215 = B_SPLINE_CURVE_WITH_KNOTS ( 'NONE', 3,
 ( #2495, #3265, #4002, #2392, #858, #7599 ),
 .UNSPECIFIED., .F., .F.,
 ( 4, 2, 4 ),
 ( 5.416210106202269700E-007, 0.0007387541642373819400, 0.001476966707464143600 ),
 .UNSPECIFIED. ) ;
#5216 = VECTOR ( 'NONE', #2214, 1000.000000000000000 ) ;
#5217 = FACE_OUTER_BOUND ( 'NONE', #7864, .T. ) ;
#5218 = CARTESIAN_POINT ( 'NONE',  ( 3.710336866874912200, 0.5172556174942044600, -20.01463326168162000 ) ) ;
#5219 = DIRECTION ( 'NONE',  ( 1.000000000000000000, -0.0000000000000000000, -0.0000000000000000000 ) ) ;
#5220 = DIRECTION ( 'NONE',  ( -1.000000000000000000, -0.0000000000000000000, -0.0000000000000000000 ) ) ;
#5221 = APPROVAL_PERSON_ORGANIZATION ( #6967, #5251, #1916 ) ;
#5222 = CARTESIAN_POINT ( 'NONE',  ( 0.5786754254455941400, 6.415449022909607300, 4.394969322151905700 ) ) ;
#5223 = DIRECTION ( 'NONE',  ( -1.000000000000000000, -0.0000000000000000000, -0.0000000000000000000 ) ) ;
#5224 = CARTESIAN_POINT ( 'NONE',  ( -16.61423962458087500, 1.532234939874874500, 12.75949714891122600 ) ) ;
#5225 = EDGE_LOOP ( 'NONE', ( #9075, #2742, #1262, #6142 ) ) ;
#5226 = AXIS2_PLACEMENT_3D ( 'NONE', #5952, #9601, #1 ) ;
#5227 = ORIENTED_EDGE ( 'NONE', *, *, #6873, .T. ) ;
#5228 = EDGE_CURVE ( 'NONE', #4560, #6684, #3193, .T. ) ;
#5229 = ORIENTED_EDGE ( 'NONE', *, *, #1287, .T. ) ;
#5230 = CARTESIAN_POINT ( 'NONE',  ( 0.9875896852250194400, 1.075209151134972200, 1.801237900416660500 ) ) ;
#5231 = FACE_OUTER_BOUND ( 'NONE', #3669, .T. ) ;
#5232 = CARTESIAN_POINT ( 'NONE',  ( 4.929141392239922800, 18.29187500000000500, 11.89999999999996300 ) ) ;
#5233 = ADVANCED_FACE ( 'NONE', ( #6241 ), #9394, .T. ) ;
#5234 = FACE_OUTER_BOUND ( 'NONE', #5529, .T. ) ;
#5235 = CARTESIAN_POINT ( 'NONE',  ( -19.25889518965294700, 20.78270892927513100, 8.365866585899233600 ) ) ;
#5236 = CARTESIAN_POINT ( 'NONE',  ( -5.310316832550006100, 5.143516556418876000E-016, -4.199999999999994800 ) ) ;
#5237 = ORIENTED_EDGE ( 'NONE', *, *, #9630, .F. ) ;
#5238 = CARTESIAN_POINT ( 'NONE',  ( -9.069809202314351300, 17.51875000000001100, 9.069809202314482700 ) ) ;
#5239 = ORIENTED_EDGE ( 'NONE', *, *, #6632, .F. ) ;
#5240 = LINE ( 'NONE', #48, #1264 ) ;
#5241 = VERTEX_POINT ( 'NONE', #4630 ) ;
#5242 = CARTESIAN_POINT ( 'NONE',  ( -14.28999999999999700, -20.49170962313452900, 6.257467538869061500 ) ) ;
#5243 = FACE_OUTER_BOUND ( 'NONE', #2730, .T. ) ;
#5244 = EDGE_CURVE ( 'NONE', #6939, #9416, #1447, .T. ) ;
#5245 = ADVANCED_FACE ( 'NONE', ( #7387 ), #7874, .T. ) ;
#5246 = CARTESIAN_POINT ( 'NONE',  ( -19.21121883656434200, 30.00000000000000000, -8.481100801995060200 ) ) ;
#5247 = CARTESIAN_POINT ( 'NONE',  ( -14.00000000000000000, 0.0000000000000000000, 0.0000000000000000000 ) ) ;
#5248 = CARTESIAN_POINT ( 'NONE',  ( -3.586772846850905700, 0.6554350922081675400, -20.16406719884644600 ) ) ;
#5249 = EDGE_CURVE ( 'NONE', #1658, #3860, #31, .T. ) ;
#5250 = AXIS2_PLACEMENT_3D ( 'NONE', #5376, #62, #9138 ) ;
#5251 = APPROVAL ( #8574, '未指定' ) ;
#5252 = CIRCLE ( 'NONE', #4186, 2.499999999999998700 ) ;
#5253 = CARTESIAN_POINT ( 'NONE',  ( 18.00006309365053200, 24.29969919575343300, -0.5006500413944462400 ) ) ;
#5254 = CARTESIAN_POINT ( 'NONE',  ( -13.51743938127423700, 23.46231663777933500, -13.65205384617871000 ) ) ;
#5255 = CARTESIAN_POINT ( 'NONE',  ( 0.3018256826720285800, 6.434419373249310700, 4.280244147722370100 ) ) ;
#5256 = FACE_OUTER_BOUND ( 'NONE', #1520, .T. ) ;
#5257 = CARTESIAN_POINT ( 'NONE',  ( 12.94999999999999200, -11.19999999999999900, -12.94999999999999200 ) ) ;
#5258 = ORIENTED_EDGE ( 'NONE', *, *, #4107, .F. ) ;
#5259 = CARTESIAN_POINT ( 'NONE',  ( 11.89999999999996500, 17.33937500000001100, -4.929141392239915700 ) ) ;
#5260 = CARTESIAN_POINT ( 'NONE',  ( -15.66920801439211000, 22.32467817597984400, -13.18827000240032100 ) ) ;
#5261 = DIRECTION ( 'NONE',  ( 0.0000000000000000000, 0.0000000000000000000, 1.000000000000000000 ) ) ;
#5262 = DIRECTION ( 'NONE',  ( 1.000000000000000000, -0.0000000000000000000, -0.0000000000000000000 ) ) ;
#5263 = CARTESIAN_POINT ( 'NONE',  ( 16.95045816486702600, 2.000000000000001800, -12.39685314912947300 ) ) ;
#5264 = CARTESIAN_POINT ( 'NONE',  ( -9.069809202314351300, 16.24875000000001200, 9.069809202314482700 ) ) ;
#5265 = ORIENTED_EDGE ( 'NONE', *, *, #4760, .F. ) ;
#5266 = CIRCLE ( 'NONE', #8360, 15.60000000000000000 ) ;
#5267 = CARTESIAN_POINT ( 'NONE',  ( -12.69999999999996700, 14.74688021535169300, 8.868362600661531000E-014 ) ) ;
#5268 = DIRECTION ( 'NONE',  ( -1.000000000000000000, 0.0000000000000000000, 0.0000000000000000000 ) ) ;
#5269 = ORIENTED_EDGE ( 'NONE', *, *, #6771, .T. ) ;
#5270 = CARTESIAN_POINT ( 'NONE',  ( -8.414570696120012600, 11.38625000000002000, -8.414570696119817200 ) ) ;
#5271 = B_SPLINE_CURVE_WITH_KNOTS ( 'NONE', 3,
 ( #8308, #7551, #8281, #4568, #6718, #2242, #6802, #116 ),
 .UNSPECIFIED., .F., .F.,
 ( 4, 2, 2, 4 ),
 ( 2.578624014941640300E-007, 0.0007047824201676601500, 0.001409306977933826300, 0.002818356093466157700 ),
 .UNSPECIFIED. ) ;
#5272 = DIRECTION ( 'NONE',  ( -0.0000000000000000000, -1.000000000000000000, -0.0000000000000000000 ) ) ;
#5273 = CARTESIAN_POINT ( 'NONE',  ( 14.73587640020000600, 0.0000000000000000000, 0.0000000000000000000 ) ) ;
#5274 = ORIENTED_EDGE ( 'NONE', *, *, #5927, .F. ) ;
#5275 = CARTESIAN_POINT ( 'NONE',  ( -18.99999999999998900, 30.00000000000000000, 32.90896534380867400 ) ) ;
#5276 = ADVANCED_FACE ( 'NONE', ( #6003 ), #9265, .T. ) ;
#5277 = AXIS2_PLACEMENT_3D ( 'NONE', #4793, #310, #7809 ) ;
#5278 = CARTESIAN_POINT ( 'NONE',  ( 18.85404163790699900, 23.09492482837286800, -5.782065236316269900 ) ) ;
#5279 = ORIENTED_EDGE ( 'NONE', *, *, #7948, .F. ) ;
#5280 = CARTESIAN_POINT ( 'NONE',  ( 9.101657815899102500E-014, 16.33438021535169000, 12.69999999999996700 ) ) ;
#5281 = CARTESIAN_POINT ( 'NONE',  ( 0.4652762284380206900, 9.525000000000002100, -5.466185952947745900E-016 ) ) ;
#5282 = EDGE_CURVE ( 'NONE', #7374, #3897, #8458, .T. ) ;
#5283 = DIRECTION ( 'NONE',  ( -1.000000000000000000, -0.0000000000000000000, -0.0000000000000000000 ) ) ;
#5284 =( LENGTH_UNIT ( ) NAMED_UNIT ( * ) SI_UNIT ( .MILLI., .METRE. ) );
#5285 = VERTEX_POINT ( 'NONE', #5321 ) ;
#5286 = EDGE_CURVE ( 'NONE', #8640, #9566, #3607, .T. ) ;
#5287 = ORIENTED_EDGE ( 'NONE', *, *, #6353, .T. ) ;
#5288 = CARTESIAN_POINT ( 'NONE',  ( 0.0000000000000000000, 2.000000000000000000, 0.0000000000000000000 ) ) ;
#5289 = ORIENTED_EDGE ( 'NONE', *, *, #8592, .F. ) ;
#5290 = ADVANCED_FACE ( 'NONE', ( #1212, #5436 ), #2312, .T. ) ;
#5291 = AXIS2_PLACEMENT_3D ( 'NONE', #8721, #406, #2720 ) ;
#5292 = CARTESIAN_POINT ( 'NONE',  ( 8.528325040094458700E-014, 16.94250000000001000, 11.89999999999999900 ) ) ;
#5293 = ORIENTED_EDGE ( 'NONE', *, *, #1260, .F. ) ;
#5294 = CARTESIAN_POINT ( 'NONE',  ( 14.73587640020000600, 2.828934106030382400E-016, 2.309999999999996900 ) ) ;
#5295 = ORIENTED_EDGE ( 'NONE', *, *, #1295, .F. ) ;
#5296 = AXIS2_PLACEMENT_3D ( 'NONE', #7630, #171, #2354 ) ;
#5297 = DIRECTION ( 'NONE',  ( 8.881784197001252300E-016, 0.0000000000000000000, -1.000000000000000000 ) ) ;
#5298 = DIRECTION ( 'NONE',  ( 1.000000000000000000, -8.746504920891471700E-016, 0.0000000000000000000 ) ) ;
#5299 = CARTESIAN_POINT ( 'NONE',  ( 7.317804019944340200, -6.375191637624725500, 17.51892000885276700 ) ) ;
#5300 = CARTESIAN_POINT ( 'NONE',  ( -8.414570696119854500, 19.52375000000000300, 8.414570696119975300 ) ) ;
#5301 = EDGE_CURVE ( 'NONE', #2723, #7281, #9616, .T. ) ;
#5303 = EDGE_LOOP ( 'NONE', ( #2954, #6634, #832, #890 ) ) ;
#5302 = ORIENTED_EDGE ( 'NONE', *, *, #8408, .F. ) ;
#5304 = DIRECTION ( 'NONE',  ( -1.000000000000000000, -0.0000000000000000000, -0.0000000000000000000 ) ) ;
#5305 = CARTESIAN_POINT ( 'NONE',  ( -1.725874147982919400, -20.49170962313452900, 15.50423678951415400 ) ) ;
#5306 = EDGE_CURVE ( 'NONE', #6336, #6930, #7245, .T. ) ;
#5307 = AXIS2_PLACEMENT_3D ( 'NONE', #5528, #299, #4749 ) ;
#5308 = FACE_OUTER_BOUND ( 'NONE', #2484, .T. ) ;
#5309 = ORIENTED_EDGE ( 'NONE', *, *, #6587, .T. ) ;
#5310 = ORIENTED_EDGE ( 'NONE', *, *, #5438, .F. ) ;
#5311 = DIRECTION ( 'NONE',  ( 0.0000000000000000000, -1.000000000000000000, 0.0000000000000000000 ) ) ;
#5312 = CARTESIAN_POINT ( 'NONE',  ( -13.05465439984742000, 6.949870585161225800E-016, 5.674999999999997200 ) ) ;
#5313 = ORIENTED_EDGE ( 'NONE', *, *, #5724, .F. ) ;
#5314 = DIRECTION ( 'NONE',  ( -0.0000000000000000000, 0.0000000000000000000, -1.000000000000000000 ) ) ;
#5315 = CARTESIAN_POINT ( 'NONE',  ( 9.000000000000001800, -11.19999999999999900, -11.89999999999999100 ) ) ;
#5316 = COORDINATED_UNIVERSAL_TIME_OFFSET ( 8, 0, .AHEAD. ) ;
#5317 = FACE_OUTER_BOUND ( 'NONE', #4413, .T. ) ;
#5318 = ADVANCED_FACE ( 'NONE', ( #518 ), #3781, .T. ) ;
#5319 = VECTOR ( 'NONE', #1311, 1000.000000000000000 ) ;
#5320 = DIRECTION ( 'NONE',  ( -0.9848077530122093500, 2.126576849575687800E-017, -0.1736481776669235300 ) ) ;
#5321 = CARTESIAN_POINT ( 'NONE',  ( -12.27635182233308000, 0.0000000000000000000, -3.703925678971643300 ) ) ;
#5322 = ORIENTED_EDGE ( 'NONE', *, *, #6775, .F. ) ;
#5323 = CARTESIAN_POINT ( 'NONE',  ( -0.07285600568488280500, 1.042832680730700500, 2.050000000000000300 ) ) ;
#5324 = CC_DESIGN_APPROVAL ( #4832, ( #3008 ) ) ;
#5325 = DIRECTION ( 'NONE',  ( 0.0000000000000000000, -1.000000000000000000, 0.0000000000000000000 ) ) ;
#5326 = LINE ( 'NONE', #1247, #1343 ) ;
#5327 = LINE ( 'NONE', #9626, #4045 ) ;
#5328 = CARTESIAN_POINT ( 'NONE',  ( 0.0000000000000000000, 17.80000000000000100, 0.0000000000000000000 ) ) ;
#5329 = EDGE_CURVE ( 'NONE', #5599, #4933, #4975, .T. ) ;
#5330 = VERTEX_POINT ( 'NONE', #3745 ) ;
#5331 = PERSON_AND_ORGANIZATION ( #4303, #4183 ) ;
#5332 = CARTESIAN_POINT ( 'NONE',  ( -4.929141392239914800, 16.38687500000001100, -11.89999999999996500 ) ) ;
#5333 = ORIENTED_EDGE ( 'NONE', *, *, #2113, .T. ) ;
#5334 = CARTESIAN_POINT ( 'NONE',  ( 0.0000000000000000000, -11.19999999999999900, 0.0000000000000000000 ) ) ;
#5335 = CARTESIAN_POINT ( 'NONE',  ( 10.78197280963636700, 24.16114746403424400, 14.66843699062114900 ) ) ;
#5336 = CARTESIAN_POINT ( 'NONE',  ( -5.312971222579573500, 13.31187500000001500, -12.82664718204931400 ) ) ;
#5337 = CYLINDRICAL_SURFACE ( 'NONE', #1103, 6.299999999999996300 ) ;
#5338 = VECTOR ( 'NONE', #5378, 1000.000000000000000 ) ;
#5339 = CARTESIAN_POINT ( 'NONE',  ( 12.70000000000000500, 12.76250521535169800, 5.260512242138204000 ) ) ;
#5340 = EDGE_LOOP ( 'NONE', ( #6232, #5782, #9054 ) ) ;
#5341 = CARTESIAN_POINT ( 'NONE',  ( 8.977052440135477000, -10.12128732227252900, 11.31776705059790600 ) ) ;
#5342 = COORDINATED_UNIVERSAL_TIME_OFFSET ( 8, 0, .AHEAD. ) ;
#5343 = CARTESIAN_POINT ( 'NONE',  ( -18.85404163790688500, 23.09492482837286800, -5.782065236316666000 ) ) ;
#5344 = ORIENTED_EDGE ( 'NONE', *, *, #6857, .F. ) ;
#5345 = ORIENTED_EDGE ( 'NONE', *, *, #9331, .F. ) ;
#5346 = ORIENTED_EDGE ( 'NONE', *, *, #1094, .F. ) ;
#5347 = ADVANCED_FACE ( 'NONE', ( #5308 ), #3903, .T. ) ;
#5348 = B_SPLINE_CURVE_WITH_KNOTS ( 'NONE', 3,
 ( #6255, #9150, #3232, #7000, #9219, #1779, #2529, #9247, #1755, #347 ),
 .UNSPECIFIED., .F., .F.,
 ( 4, 2, 2, 2, 4 ),
 ( 0.01272806491526913700, 0.01471367423749017300, 0.01669928355971120700, 0.01868489288193224400, 0.02067050220415327800 ),
 .UNSPECIFIED. ) ;
#5349 = VECTOR ( 'NONE', #2307, 1000.000000000000000 ) ;
#5350 = CARTESIAN_POINT ( 'NONE',  ( 11.89999999999999900, 15.99000000000001100, -9.329856370136399200E-014 ) ) ;
#5351 = CARTESIAN_POINT ( 'NONE',  ( -16.87450058715808900, 20.78270892135432700, -12.49575918481213300 ) ) ;
#5352 = CARTESIAN_POINT ( 'NONE',  ( -13.99999999999999800, 0.0000000000000000000, -3.399999999999999900 ) ) ;
#5353 = ORIENTED_EDGE ( 'NONE', *, *, #5228, .T. ) ;
#5354 = DIRECTION ( 'NONE',  ( 0.0000000000000000000, 0.0000000000000000000, -1.000000000000000000 ) ) ;
#5355 = DIRECTION ( 'NONE',  ( -0.0000000000000000000, -0.0000000000000000000, -1.000000000000000000 ) ) ;
#5356 = CARTESIAN_POINT ( 'NONE',  ( -3.455323577095457700E-014, 9.525000000000000400, 0.0000000000000000000 ) ) ;
#5357 = VERTEX_POINT ( 'NONE', #1786 ) ;
#5358 = CIRCLE ( 'NONE', #7240, 5.050000000000013100 ) ;
#5359 = DIRECTION ( 'NONE',  ( 0.0000000000000000000, 1.000000000000000000, 0.0000000000000000000 ) ) ;
#5360 =( LENGTH_UNIT ( ) NAMED_UNIT ( * ) SI_UNIT ( .MILLI., .METRE. ) );
#5361 = CIRCLE ( 'NONE', #2935, 19.00000000000000400 ) ;
#5362 = AXIS2_PLACEMENT_3D ( 'NONE', #173, #1671, #5445 ) ;
#5363 = VERTEX_POINT ( 'NONE', #6169 ) ;
#5364 = EDGE_CURVE ( 'NONE', #765, #4110, #7987, .T. ) ;
#5365 = DIRECTION ( 'NONE',  ( 0.0000000000000000000, 0.0000000000000000000, 1.000000000000000000 ) ) ;
#5366 = FACE_BOUND ( 'NONE', #2846, .T. ) ;
#5367 = CARTESIAN_POINT ( 'NONE',  ( -4.929141392239751300, 19.40312500000001000, 11.90000000000003200 ) ) ;
#5368 = CARTESIAN_POINT ( 'NONE',  ( 3.194137476451728700, 1.076989329788379900, 20.53213560883910900 ) ) ;
#5369 = DIRECTION ( 'NONE',  ( 0.0000000000000000000, 0.0000000000000000000, 1.000000000000000000 ) ) ;
#5370 = CARTESIAN_POINT ( 'NONE',  ( 11.36516923759658800, 17.53770434485200600, 4.349308110038168500 ) ) ;
#5371 = CARTESIAN_POINT ( 'NONE',  ( -9.254654399847414200, 0.0000000000000000000, 0.0000000000000000000 ) ) ;
#5372 = EDGE_CURVE ( 'NONE', #8032, #7357, #7170, .T. ) ;
#5373 = AXIS2_PLACEMENT_3D ( 'NONE', #2477, #7011, #3304 ) ;
#5374 = LINE ( 'NONE', #767, #571 ) ;
#5375 = CARTESIAN_POINT ( 'NONE',  ( -9.069809202314482700, 12.12125000000001900, -9.069809202314353100 ) ) ;
#5376 = CARTESIAN_POINT ( 'NONE',  ( -9.000000000000001800, -10.80000000000000600, 9.000000000000000000 ) ) ;
#5377 = AXIS2_PLACEMENT_3D ( 'NONE', #6555, #8841, #5778 ) ;
#5378 = DIRECTION ( 'NONE',  ( 1.000000000000000000, -8.775090700452169200E-016, 0.0000000000000000000 ) ) ;
#5379 = CARTESIAN_POINT ( 'NONE',  ( 0.0000000000000000000, 1.042832680730699600, -2.050000000000001200 ) ) ;
#5380 = CARTESIAN_POINT ( 'NONE',  ( -3.586772846851072700, 0.6554350922084205600, 20.16406719884622600 ) ) ;
#5381 = FACE_OUTER_BOUND ( 'NONE', #9130, .T. ) ;
#5382 = DIRECTION ( 'NONE',  ( 0.0000000000000000000, 0.0000000000000000000, -1.000000000000000000 ) ) ;
#5383 = CARTESIAN_POINT ( 'NONE',  ( 14.73587640020000600, 0.0000000000000000000, -3.199999999999998800 ) ) ;
#5384 = VERTEX_POINT ( 'NONE', #5487 ) ;
#5385 = EDGE_CURVE ( 'NONE', #3776, #6273, #3553, .T. ) ;
#5386 = AXIS2_PLACEMENT_3D ( 'NONE', #3273, #1067, #8542 ) ;
#5387 = CARTESIAN_POINT ( 'NONE',  ( 18.09422547250729400, 24.16114746403435000, -2.003243860747742300 ) ) ;
#5388 = VERTEX_POINT ( 'NONE', #7643 ) ;
#5389 = CARTESIAN_POINT ( 'NONE',  ( 12.69999999999997400, 11.70921183687273100, 0.5903668450509246300 ) ) ;
#5390 = LINE ( 'NONE', #3021, #1401 ) ;
#5391 = CARTESIAN_POINT ( 'NONE',  ( -5.499261314031233600, 9.524999999999979000, 0.8507386859688200700 ) ) ;
#5392 = EDGE_CURVE ( 'NONE', #3330, #629, #5195, .T. ) ;
#5393 = CARTESIAN_POINT ( 'NONE',  ( -8.017523061292044300E-014, 12.69750000000001600, -11.89999999999999900 ) ) ;
#5394 = ORIENTED_EDGE ( 'NONE', *, *, #4643, .F. ) ;
#5395 = DIRECTION ( 'NONE',  ( -1.000000000000000000, -0.0000000000000000000, -0.0000000000000000000 ) ) ;
#5396 = DIRECTION ( 'NONE',  ( 1.000000000000000000, -9.376883653928700400E-016, 0.0000000000000000000 ) ) ;
#5397 = ADVANCED_FACE ( 'NONE', ( #3089 ), #1799, .F. ) ;
#5398 = ORIENTED_EDGE ( 'NONE', *, *, #9604, .T. ) ;
#5399 = CARTESIAN_POINT ( 'NONE',  ( 4.929141392239922800, 14.48187500000001600, 11.89999999999996300 ) ) ;
#5400 = CARTESIAN_POINT ( 'NONE',  ( -2.168494910452648300, 17.36105347941462900, 12.15354672086843700 ) ) ;
#5401 = CARTESIAN_POINT ( 'NONE',  ( 13.79999999999999700, 0.0000000000000000000, 0.0000000000000000000 ) ) ;
#5402 = CARTESIAN_POINT ( 'NONE',  ( 5.312971222579394100, 13.15312500000001700, -12.82664718204939000 ) ) ;
#5403 = CARTESIAN_POINT ( 'NONE',  ( 7.445345600152586800, 0.0000000000000000000, -2.309999999999996900 ) ) ;
#5404 = ORIENTED_EDGE ( 'NONE', *, *, #225, .T. ) ;
#5405 = CARTESIAN_POINT ( 'NONE',  ( -19.35738086349142200, 1.531211799767061600, 8.007526804630837000 ) ) ;
#5406 = CARTESIAN_POINT ( 'NONE',  ( -8.482244080906777800, -4.358322289669092500, -6.125318758069472900E-015 ) ) ;
#5407 = CARTESIAN_POINT ( 'NONE',  ( -4.419605437963948400, 23.09492482837286800, -19.21911164059534400 ) ) ;
#5408 = CARTESIAN_POINT ( 'NONE',  ( 0.9882171148356817500, 1.075168787113923900, -1.800868563989184600 ) ) ;
#5409 = CARTESIAN_POINT ( 'NONE',  ( 1.151658749357196400E-013, 15.67250000000001400, 11.89999999999999900 ) ) ;
#5410 = CARTESIAN_POINT ( 'NONE',  ( -7.780436236922136900, 5.573889132600867500, 17.60000000000001200 ) ) ;
#5411 = ORIENTED_EDGE ( 'NONE', *, *, #1656, .F. ) ;
#5412 = CIRCLE ( 'NONE', #6486, 19.72072930905315500 ) ;
#5413 = VERTEX_POINT ( 'NONE', #325 ) ;
#5414 = AXIS2_PLACEMENT_3D ( 'NONE', #7588, #580, #8661 ) ;
#5416 = ORIENTED_EDGE ( 'NONE', *, *, #3639, .F. ) ;
#5415 = ORIENTED_EDGE ( 'NONE', *, *, #4207, .T. ) ;
#5417 = CARTESIAN_POINT ( 'NONE',  ( -19.21121883656405100, 30.00000000000000000, 8.481100801995044200 ) ) ;
#5418 = EDGE_CURVE ( 'NONE', #8131, #2530, #2738, .T. ) ;
#5419 = ORIENTED_EDGE ( 'NONE', *, *, #793, .F. ) ;
#5420 = CARTESIAN_POINT ( 'NONE',  ( 5.499261314031167900, 9.525000000000019900, 0.8507386859688213000 ) ) ;
#5421 = DIRECTION ( 'NONE',  ( 0.0000000000000000000, -1.000000000000000000, 0.0000000000000000000 ) ) ;
#5422 = CARTESIAN_POINT ( 'NONE',  ( -0.9194116169934670700, -6.374922439345238200, 6.106793499458254900 ) ) ;
#5423 = EDGE_CURVE ( 'NONE', #5050, #7049, #1923, .T. ) ;
#5424 = CARTESIAN_POINT ( 'NONE',  ( 14.28999999999999900, -10.05184234171632700, 1.045096283657164700 ) ) ;
#5425 = LINE ( 'NONE', #6374, #1095 ) ;
#5426 = DIRECTION ( 'NONE',  ( 0.7071067811865487900, 0.7071067811865463500, 1.837086636568278900E-016 ) ) ;
#5427 = EDGE_LOOP ( 'NONE', ( #1583, #2959, #6577, #5511 ) ) ;
#5429 = ORIENTED_EDGE ( 'NONE', *, *, #2257, .T. ) ;
#5428 = ORIENTED_EDGE ( 'NONE', *, *, #904, .F. ) ;
#5430 = AXIS2_PLACEMENT_3D ( 'NONE', #46, #5359, #8339 ) ;
#5431 = ORIENTED_EDGE ( 'NONE', *, *, #9661, .T. ) ;
#5432 = CARTESIAN_POINT ( 'NONE',  ( -11.89999999999996300, 12.89437500000001800, 4.929141392239922800 ) ) ;
#5433 = CARTESIAN_POINT ( 'NONE',  ( 1.581356405660772300, 17.76921912497279600, -11.83302089074703100 ) ) ;
#5434 = CARTESIAN_POINT ( 'NONE',  ( -10.82949965387259500, 17.24851486149647400, 6.158375895286788200 ) ) ;
#5435 = CARTESIAN_POINT ( 'NONE',  ( 11.44999999999999900, 0.0000000000000000000, 7.060900368822721000 ) ) ;
#5436 = FACE_OUTER_BOUND ( 'NONE', #6616, .T. ) ;
#5437 = CARTESIAN_POINT ( 'NONE',  ( -5.312971222579396800, 12.51812500000002100, 12.82664718204939000 ) ) ;
#5438 = EDGE_CURVE ( 'NONE', #7747, #5108, #1557, .T. ) ;
#5439 = CARTESIAN_POINT ( 'NONE',  ( 10.54984241687413200, -0.7771369221287898200, 17.00830695474096600 ) ) ;
#5440 = VERTEX_POINT ( 'NONE', #7608 ) ;
#5441 = CARTESIAN_POINT ( 'NONE',  ( 12.56412585201709000, -20.49170962313452500, 9.246769250645106900 ) ) ;
#5442 = CALENDAR_DATE ( 2023, 6, 9 ) ;
#5443 = DIRECTION ( 'NONE',  ( -0.7071067811865475700, -0.7071067811865475700, 0.0000000000000000000 ) ) ;
#5444 = EDGE_CURVE ( 'NONE', #1914, #6550, #3329, .T. ) ;
#5445 = DIRECTION ( 'NONE',  ( 0.0000000000000000000, 0.0000000000000000000, 1.000000000000000000 ) ) ;
#5446 = AXIS2_PLACEMENT_3D ( 'NONE', #3441, #4062, #3310 ) ;
#5447 = VECTOR ( 'NONE', #3388, 1000.000000000000000 ) ;
#5448 = ADVANCED_FACE ( 'NONE', ( #7626, #745 ), #1760, .T. ) ;
#5449 = CYLINDRICAL_SURFACE ( 'NONE', #6598, 11.89999999999999900 ) ;
#5450 = DIRECTION ( 'NONE',  ( -1.065814103640150300E-014, 0.0000000000000000000, 1.000000000000000000 ) ) ;
#5451 = CYLINDRICAL_SURFACE ( 'NONE', #2286, 1.149999999999999900 ) ;
#5452 = DIRECTION ( 'NONE',  ( 0.0000000000000000000, 0.4999999999999976100, 0.8660254037844400400 ) ) ;
#5453 = CARTESIAN_POINT ( 'NONE',  ( -13.65465439984741300, 0.0000000000000000000, 0.0000000000000000000 ) ) ;
#5454 = APPROVAL_STATUS ( 'not_yet_approved' ) ;
#5455 = ORIENTED_EDGE ( 'NONE', *, *, #1880, .F. ) ;
#5456 = PERSON_AND_ORGANIZATION ( #4303, #4183 ) ;
#5457 = CARTESIAN_POINT ( 'NONE',  ( -1.120182353027299400, 6.342099191093246300, 5.099221292137783300 ) ) ;
#5458 = EDGE_LOOP ( 'NONE', ( #901, #6792 ) ) ;
#5459 = EDGE_CURVE ( 'NONE', #1711, #2674, #2463, .T. ) ;
#5460 = CARTESIAN_POINT ( 'NONE',  ( 11.89999999999996500, 14.79937500000001400, -4.929141392239915700 ) ) ;
#5461 = PERSON_AND_ORGANIZATION ( #4303, #4183 ) ;
#5462 = CARTESIAN_POINT ( 'NONE',  ( -13.19999999999999800, -10.69999999999999200, -13.19999999999999400 ) ) ;
#5463 = PLANE ( 'NONE',  #4232 ) ;
#5464 = CARTESIAN_POINT ( 'NONE',  ( -11.39039279841400000, 17.23569777374293100, 5.077425544857487000 ) ) ;
#5465 = CARTESIAN_POINT ( 'NONE',  ( 11.44999999999999900, 9.250129867028058400E-016, -7.060900368822721000 ) ) ;
#5466 = ORIENTED_EDGE ( 'NONE', *, *, #1372, .F. ) ;
#5467 = CARTESIAN_POINT ( 'NONE',  ( 8.414570696119975300, 16.03125000000001100, 8.414570696119856300 ) ) ;
#5468 = CARTESIAN_POINT ( 'NONE',  ( 0.0000000000000000000, -20.49170962313452500, 0.0000000000000000000 ) ) ;
#5469 = ORIENTED_EDGE ( 'NONE', *, *, #9589, .F. ) ;
#5470 = ORIENTED_EDGE ( 'NONE', *, *, #1859, .T. ) ;
#5471 = LINE ( 'NONE', #5843, #8500 ) ;
#5472 = CARTESIAN_POINT ( 'NONE',  ( -11.89999999999996800, 16.70437500000000600, 4.929141392239906800 ) ) ;
#5473 = FACE_OUTER_BOUND ( 'NONE', #3520, .T. ) ;
#5474 = CARTESIAN_POINT ( 'NONE',  ( 6.835616853894461700, 16.99999999999986900, -10.70347337207656800 ) ) ;
#5475 = ORIENTED_EDGE ( 'NONE', *, *, #7879, .T. ) ;
#5476 = AXIS2_PLACEMENT_3D ( 'NONE', #4200, #5748, #3452 ) ;
#5477 = DIRECTION ( 'NONE',  ( 0.0000000000000000000, 1.000000000000000000, 0.0000000000000000000 ) ) ;
#5478 = CARTESIAN_POINT ( 'NONE',  ( 18.59032493526784400, -5.143184055728110900E-015, 4.846358060188017600 ) ) ;
#5479 = EDGE_LOOP ( 'NONE', ( #3147, #8000, #4969, #6163 ) ) ;
#5480 = CARTESIAN_POINT ( 'NONE',  ( 0.0000000000000000000, -20.49170962313452500, 0.0000000000000000000 ) ) ;
#5481 = EDGE_CURVE ( 'NONE', #3364, #6133, #121, .T. ) ;
#5482 = FACE_OUTER_BOUND ( 'NONE', #4187, .T. ) ;
#5483 = EDGE_CURVE ( 'NONE', #1492, #4632, #6345, .T. ) ;
#5484 = CIRCLE ( 'NONE', #1749, 11.89999999999999000 ) ;
#5485 = CARTESIAN_POINT ( 'NONE',  ( 10.89906032806801800, 11.64286134436026800, 6.419564830966908000 ) ) ;
#5486 = CARTESIAN_POINT ( 'NONE',  ( -8.308988999489114400E-014, 11.22750000000002000, -11.89999999999999900 ) ) ;
#5487 = CARTESIAN_POINT ( 'NONE',  ( -7.726057123094974100E-014, 13.76750000000001600, -11.89999999999999900 ) ) ;
#5488 = DIRECTION ( 'NONE',  ( 0.0000000000000000000, 0.0000000000000000000, 1.000000000000000000 ) ) ;
#5489 = AXIS2_PLACEMENT_3D ( 'NONE', #9189, #4769, #9281 ) ;
#5490 = DIRECTION ( 'NONE',  ( 0.0000000000000000000, 0.0000000000000000000, 1.000000000000000000 ) ) ;
#5491 = PRODUCT_DEFINITION_SHAPE ( 'NONE', 'NONE',  #9697 ) ;
#5492 = CARTESIAN_POINT ( 'NONE',  ( 10.99852262806237800, -4.800953814011748300E-016, 16.74926131403118000 ) ) ;
#5493 = AXIS2_PLACEMENT_3D ( 'NONE', #2225, #4484, #7439 ) ;
#5494 = ADVANCED_FACE ( 'NONE', ( #3675 ), #4488, .F. ) ;
#5495 = CYLINDRICAL_SURFACE ( 'NONE', #5677, 7.899999999999999500 ) ;
#5496 = EDGE_CURVE ( 'NONE', #3908, #9047, #9497, .T. ) ;
#5497 = CARTESIAN_POINT ( 'NONE',  ( 11.89999999999999900, 15.99000000000001100, -8.455458555545191200E-014 ) ) ;
#5498 = DIRECTION ( 'NONE',  ( 0.0000000000000000000, 0.0000000000000000000, 1.000000000000000000 ) ) ;
#5499 = CARTESIAN_POINT ( 'NONE',  ( 4.188665433214055200, 17.42761798492041000, 11.54242197394519400 ) ) ;
#5500 = DIRECTION ( 'NONE',  ( 0.0000000000000000000, 0.0000000000000000000, -1.000000000000000000 ) ) ;
#5501 = EDGE_CURVE ( 'NONE', #8412, #9021, #1032, .T. ) ;
#5502 = AXIS2_PLACEMENT_3D ( 'NONE', #5808, #5767, #1265 ) ;
#5503 = CARTESIAN_POINT ( 'NONE',  ( 4.929141392239922800, 17.22187500000000800, 11.89999999999996300 ) ) ;
#5504 = CARTESIAN_POINT ( 'NONE',  ( 1.006550781153894200E-013, -9.525000000000000400, 0.0000000000000000000 ) ) ;
#5505 = FACE_OUTER_BOUND ( 'NONE', #2622, .T. ) ;
#5506 = AXIS2_PLACEMENT_3D ( 'NONE', #7482, #5194, #685 ) ;
#5507 = CARTESIAN_POINT ( 'NONE',  ( -18.70865912707153500, 0.02989874345445050700, 5.297109184155600800 ) ) ;
#5508 = ORIENTED_EDGE ( 'NONE', *, *, #2678, .F. ) ;
#5509 = CARTESIAN_POINT ( 'NONE',  ( 5.260512242138204900, 13.08000521535169900, -12.70000000000000300 ) ) ;
#5510 = CARTESIAN_POINT ( 'NONE',  ( 19.21121883656459100, 2.000000000000001800, 8.481100801995168600 ) ) ;
#5511 = ORIENTED_EDGE ( 'NONE', *, *, #8424, .F. ) ;
#5512 = CYLINDRICAL_SURFACE ( 'NONE', #1804, 1.999999999999999100 ) ;
#5513 = CARTESIAN_POINT ( 'NONE',  ( 0.0000000000000000000, 0.0000000000000000000, 0.0000000000000000000 ) ) ;
#5514 = CC_DESIGN_PERSON_AND_ORGANIZATION_ASSIGNMENT ( #4173, #3463, ( #1628 ) ) ;
#5515 = ORIENTED_EDGE ( 'NONE', *, *, #7968, .T. ) ;
#5516 = CARTESIAN_POINT ( 'NONE',  ( 14.73587640020000600, 0.0000000000000000000, 0.0000000000000000000 ) ) ;
#5517 = DIRECTION ( 'NONE',  ( -1.000000000000000000, 0.0000000000000000000, 0.0000000000000000000 ) ) ;
#5518 = DIRECTION ( 'NONE',  ( 0.0000000000000000000, 0.0000000000000000000, -1.000000000000000000 ) ) ;
#5519 = EDGE_CURVE ( 'NONE', #70, #8907, #2895, .T. ) ;
#5520 =( LENGTH_UNIT ( ) NAMED_UNIT ( * ) SI_UNIT ( .MILLI., .METRE. ) );
#5521 = ORIENTED_EDGE ( 'NONE', *, *, #1907, .T. ) ;
#5522 = DIRECTION ( 'NONE',  ( 1.000000000000000000, 0.0000000000000000000, -0.0000000000000000000 ) ) ;
#5523 =( BOUNDED_CURVE ( )  B_SPLINE_CURVE ( 2, ( #7925, #1952, #1985, #1888, #9294, #359, #8639, #8607, #4917 ),
 .UNSPECIFIED., .F., .F. ) 
 B_SPLINE_CURVE_WITH_KNOTS ( ( 3, 2, 2, 2, 3 ),
 ( 0.6875000000000000000, 0.7031250000000000000, 0.7187500000000000000, 0.7343750000000000000, 0.7500000000000000000 ),
 .UNSPECIFIED. ) 
 CURVE ( )  GEOMETRIC_REPRESENTATION_ITEM ( )  RATIONAL_B_SPLINE_CURVE ( ( 1.000000000000000000, 0.9238795325112867400, 1.000000000000000000, 0.9238795325112867400, 1.000000000000000000, 0.9238795325112867400, 1.000000000000000000, 0.9238795325112867400, 1.000000000000000000 ) ) 
 REPRESENTATION_ITEM ( '' )  );
#5524 = CARTESIAN_POINT ( 'NONE',  ( -8.414570696119973500, 15.19625000000001200, -8.414570696119856300 ) ) ;
#5525 = ORIENTED_EDGE ( 'NONE', *, *, #2508, .F. ) ;
#5526 = CARTESIAN_POINT ( 'NONE',  ( -11.90000000000005000, 11.66562500000001800, -4.929141392239710500 ) ) ;
#5527 = CARTESIAN_POINT ( 'NONE',  ( -12.69999999999996900, 14.89311978464833300, 8.868362600661534700E-014 ) ) ;
#5528 = CARTESIAN_POINT ( 'NONE',  ( 0.0000000000000000000, 17.80000000000000100, 0.0000000000000000000 ) ) ;
#5529 = EDGE_LOOP ( 'NONE', ( #5696, #9148, #5636, #151 ) ) ;
#5530 = CARTESIAN_POINT ( 'NONE',  ( -8.414570696119854500, 15.71375000000001200, 8.414570696119975300 ) ) ;
#5531 = DIRECTION ( 'NONE',  ( 0.0000000000000000000, 0.0000000000000000000, 1.000000000000000000 ) ) ;
#5532 = CARTESIAN_POINT ( 'NONE',  ( -3.520579078826658200, -20.92190340273531000, 14.46806341457558000 ) ) ;
#5533 = CARTESIAN_POINT ( 'NONE',  ( 12.56412585201708700, 0.0000000000000000000, 9.246769250645106900 ) ) ;
#5534 = ORIENTED_EDGE ( 'NONE', *, *, #3295, .T. ) ;
#5535 = VECTOR ( 'NONE', #8091, 1000.000000000000000 ) ;
#5536 = ORIENTED_EDGE ( 'NONE', *, *, #3206, .F. ) ;
#5537 = ADVANCED_FACE ( 'NONE', ( #279 ), #2144, .T. ) ;
#5538 = CARTESIAN_POINT ( 'NONE',  ( 19.37461421205347300, 21.35549407507641800, -7.882888917231583500 ) ) ;
#5540 = ORIENTED_EDGE ( 'NONE', *, *, #1980, .T. ) ;
#5539 = ORIENTED_EDGE ( 'NONE', *, *, #6613, .F. ) ;
#5541 = DIRECTION ( 'NONE',  ( 0.0000000000000000000, 0.0000000000000000000, -1.000000000000000000 ) ) ;
#5542 = AXIS2_PLACEMENT_3D ( 'NONE', #3152, #816, #125 ) ;
#5543 = LINE ( 'NONE', #1763, #3892 ) ;
#5544 = AXIS2_PLACEMENT_3D ( 'NONE', #2395, #1004, #3971 ) ;
#5545 = CARTESIAN_POINT ( 'NONE',  ( 11.09820558839086900, 11.64694926141084600, 6.077114582206666800 ) ) ;
#5546 = VERTEX_POINT ( 'NONE', #2570 ) ;
#5547 = CARTESIAN_POINT ( 'NONE',  ( 3.513634653869323300, -10.37984437250001000, -14.47207278019405100 ) ) ;
#5548 = EDGE_CURVE ( 'NONE', #3307, #1149, #8912, .T. ) ;
#5549 = DIRECTION ( 'NONE',  ( 0.0000000000000000000, -1.000000000000000000, 0.0000000000000000000 ) ) ;
#5550 = ORIENTED_EDGE ( 'NONE', *, *, #8725, .F. ) ;
#5551 = APPLICATION_CONTEXT ( 'configuration controlled 3d designs of mechanical parts and assemblies' ) ;
#5552 = LOCAL_TIME ( 13, 59, 25.00000000000000000, #7284 ) ;
#5553 = CARTESIAN_POINT ( 'NONE',  ( -10.85465439984741400, 6.299999999999996300, 0.0000000000000000000 ) ) ;
#5554 = CYLINDRICAL_SURFACE ( 'NONE', #2464, 12.69999999999998500 ) ;
#5555 = TOROIDAL_SURFACE ( 'NONE', #5733, 11.99999999999998800, 0.2999999999999999900 ) ;
#5556 = CARTESIAN_POINT ( 'NONE',  ( -12.82664718204931200, 17.43937500000000900, 5.312971222579581500 ) ) ;
#5557 = ORIENTED_EDGE ( 'NONE', *, *, #1588, .F. ) ;
#5558 = DIRECTION ( 'NONE',  ( 0.0000000000000000000, 0.0000000000000000000, -1.000000000000000000 ) ) ;
#5559 = CARTESIAN_POINT ( 'NONE',  ( 5.260512242138205800, 15.76624478464833100, -12.70000000000000500 ) ) ;
#5560 = CARTESIAN_POINT ( 'NONE',  ( -4.732966563360386100, 3.918869757271527500E-016, -3.199999999999998000 ) ) ;
#5561 = CARTESIAN_POINT ( 'NONE',  ( 0.0000000000000000000, 0.0000000000000000000, -3.000000000000000000 ) ) ;
#5562 = CARTESIAN_POINT ( 'NONE',  ( 8.414570696119856300, 16.34875000000001000, -8.414570696119973500 ) ) ;
#5563 = LINE ( 'NONE', #6926, #413 ) ;
#5564 = CARTESIAN_POINT ( 'NONE',  ( 5.499261314031300300, -9.524999999999941700, 0.8507386859688205200 ) ) ;
#5565 = CIRCLE ( 'NONE', #7153, 9.275000000000002100 ) ;
#5566 = EDGE_LOOP ( 'NONE', ( #1294, #5067, #9269, #994 ) ) ;
#5567 = DIRECTION ( 'NONE',  ( 1.000000000000000000, -0.0000000000000000000, 0.0000000000000000000 ) ) ;
#5568 = APPROVAL_DATE_TIME ( #7764, #6801 ) ;
#5569 = CARTESIAN_POINT ( 'NONE',  ( -4.929141392239929000, 16.38687500000001100, -11.89999999999995900 ) ) ;
#5570 = AXIS2_PLACEMENT_3D ( 'NONE', #2673, #2641, #4149 ) ;
#5571 = AXIS2_PLACEMENT_3D ( 'NONE', #7748, #5488, #6940 ) ;
#5572 = ORIENTED_EDGE ( 'NONE', *, *, #1797, .T. ) ;
#5573 = CIRCLE ( 'NONE', #978, 4.449999999999997500 ) ;
#5574 = CARTESIAN_POINT ( 'NONE',  ( 19.35318426681076400, 22.05951786752157400, -7.236983472789806800 ) ) ;
#5575 = TOROIDAL_SURFACE ( 'NONE', #5493, 19.00000000000000400, 2.000000000000000000 ) ;
#5576 = CARTESIAN_POINT ( 'NONE',  ( -4.549999999999999800, 5.572142936120457300E-016, -0.5000000000000143200 ) ) ;
#5577 = ORIENTED_EDGE ( 'NONE', *, *, #9535, .T. ) ;
#5578 = LOCAL_TIME ( 13, 59, 25.00000000000000000, #5342 ) ;
#5579 = EDGE_LOOP ( 'NONE', ( #4782, #3112 ) ) ;
#5580 = B_SPLINE_CURVE_WITH_KNOTS ( 'NONE', 3,
 ( #990, #1745, #8524, #4065, #4685, #206, #5439, #2845 ),
 .UNSPECIFIED., .F., .F.,
 ( 4, 2, 2, 4 ),
 ( 0.005564589980275919500, 0.006950476802621015400, 0.008336363624966111300, 0.01110813726965630300 ),
 .UNSPECIFIED. ) ;
#5581 = EDGE_LOOP ( 'NONE', ( #4053, #6005, #5158, #5764 ) ) ;
#5582 = B_SPLINE_CURVE_WITH_KNOTS ( 'NONE', 3,
 ( #5356, #5281, #2308, #7712, #3272, #4009, #283, #938 ),
 .UNSPECIFIED., .F., .F.,
 ( 4, 2, 2, 4 ),
 ( 0.01559295432091821100, 0.01698526139266470100, 0.01837756846441118700, 0.02116218260790416600 ),
 .UNSPECIFIED. ) ;
#5583 = DIRECTION ( 'NONE',  ( -1.000000000000000000, 0.0000000000000000000, 0.0000000000000000000 ) ) ;
#5584 = CIRCLE ( 'NONE', #4412, 19.00000000000000400 ) ;
#5585 = DIRECTION ( 'NONE',  ( 0.0000000000000000000, 0.0000000000000000000, -1.000000000000000000 ) ) ;
#5586 =( NAMED_UNIT ( * ) PLANE_ANGLE_UNIT ( ) SI_UNIT ( $, .RADIAN. ) );
#5587 = CARTESIAN_POINT ( 'NONE',  ( -3.586772846851072700, 0.6554350922084205600, 20.16406719884622600 ) ) ;
#5588 = DIRECTION ( 'NONE',  ( 0.0000000000000000000, 0.0000000000000000000, 1.000000000000000000 ) ) ;
#5589 = ADVANCED_FACE ( 'NONE', ( #7501 ), #988, .F. ) ;
#5590 = ORIENTED_EDGE ( 'NONE', *, *, #3723, .T. ) ;
#5591 = ORIENTED_EDGE ( 'NONE', *, *, #1163, .T. ) ;
#5592 = FACE_OUTER_BOUND ( 'NONE', #6082, .T. ) ;
#5593 = CARTESIAN_POINT ( 'NONE',  ( -11.89999999999999900, 10.27500000000002200, 8.309725586446656100E-014 ) ) ;
#5594 = DIRECTION ( 'NONE',  ( 0.0000000000000000000, 0.0000000000000000000, 1.000000000000000000 ) ) ;
#5595 = CARTESIAN_POINT ( 'NONE',  ( 3.586772846851115300, 30.00000000000000000, 20.16406719884748400 ) ) ;
#5596 = LINE ( 'NONE', #9119, #1379 ) ;
#5597 = CARTESIAN_POINT ( 'NONE',  ( 8.414570696119856300, 17.61875000000000600, -8.414570696119973500 ) ) ;
#5598 = CARTESIAN_POINT ( 'NONE',  ( -9.000000000000001800, -11.19999999999999900, 9.000000000000000000 ) ) ;
#5599 = VERTEX_POINT ( 'NONE', #5089 ) ;
#5600 = CARTESIAN_POINT ( 'NONE',  ( 1.725874147982918900, -20.49170962313452900, 15.50423678951415400 ) ) ;
#5601 = LINE ( 'NONE', #3186, #3389 ) ;
#5602 = DIRECTION ( 'NONE',  ( 0.0000000000000000000, 0.0000000000000000000, 1.000000000000000000 ) ) ;
#5603 = LINE ( 'NONE', #228, #6297 ) ;
#5604 = AXIS2_PLACEMENT_3D ( 'NONE', #172, #7672, #5443 ) ;
#5605 = DIRECTION ( 'NONE',  ( -0.0000000000000000000, -1.000000000000000000, -0.0000000000000000000 ) ) ;
#5606 = DIRECTION ( 'NONE',  ( 1.000000000000000000, 1.231304080816852700E-016, -0.0000000000000000000 ) ) ;
#5607 = DIRECTION ( 'NONE',  ( -1.000000000000000000, 0.0000000000000000000, 0.0000000000000000000 ) ) ;
#5608 = EDGE_CURVE ( 'NONE', #4580, #609, #1148, .T. ) ;
#5609 = EDGE_CURVE ( 'NONE', #9408, #2966, #5662, .T. ) ;
#5610 = CARTESIAN_POINT ( 'NONE',  ( -7.422426645339963400, 11.42771469459316300, 9.975574157061920700 ) ) ;
#5611 = CALENDAR_DATE ( 2023, 6, 9 ) ;
#5612 = CARTESIAN_POINT ( 'NONE',  ( 8.566455892572388800, 24.29969919575314600, -15.83883692952152000 ) ) ;
#5613 = DATE_TIME_ROLE ( 'classification_date' ) ;
#5614 = ORIENTED_EDGE ( 'NONE', *, *, #9052, .F. ) ;
#5615 = CARTESIAN_POINT ( 'NONE',  ( -2.507139069123909300, 20.92763436608512300, -20.83957791793516600 ) ) ;
#5616 = AXIS2_PLACEMENT_3D ( 'NONE', #3999, #2429, #4716 ) ;
#5617 = EDGE_CURVE ( 'NONE', #3860, #1658, #3217, .T. ) ;
#5618 = ORIENTED_EDGE ( 'NONE', *, *, #2343, .F. ) ;
#5619 = CIRCLE ( 'NONE', #3038, 15.60000000000000000 ) ;
#5620 = CARTESIAN_POINT ( 'NONE',  ( 12.82664718204935100, 16.72500000000001200, -9.113880979362924500E-014 ) ) ;
#5621 = VERTEX_POINT ( 'NONE', #5837 ) ;
#5622 = CARTESIAN_POINT ( 'NONE',  ( 0.0000000000000000000, 20.63746869550590200, 0.0000000000000000000 ) ) ;
#5623 = CARTESIAN_POINT ( 'NONE',  ( -9.429167641641614100, 24.29988525591129200, 15.34060472905220400 ) ) ;
#5624 = CARTESIAN_POINT ( 'NONE',  ( -12.69999999999992800, 13.70249478464833500, 5.260512242138391400 ) ) ;
#5625 = EDGE_CURVE ( 'NONE', #2647, #5092, #6703, .T. ) ;
#5626 = CARTESIAN_POINT ( 'NONE',  ( 4.929141392239922800, 13.41187500000001400, 11.89999999999996300 ) ) ;
#5627 = DIRECTION ( 'NONE',  ( 0.0000000000000000000, 0.0000000000000000000, 1.000000000000000000 ) ) ;
#5628 = CARTESIAN_POINT ( 'NONE',  ( 10.76942092117335300, -20.92190340273530700, 10.28294262558368500 ) ) ;
#5629 = EDGE_LOOP ( 'NONE', ( #8436, #6481, #5990, #7894, #7950, #1217, #1396 ) ) ;
#5630 = CARTESIAN_POINT ( 'NONE',  ( -2.744595272873163100, 21.21351248504114300, 20.76750838075826500 ) ) ;
#5631 = CARTESIAN_POINT ( 'NONE',  ( 13.44999999999999900, 0.0000000000000000000, -8.252653961416930500 ) ) ;
#5632 = ADVANCED_FACE ( 'NONE', ( #2973 ), #4026, .T. ) ;
#5633 = DIRECTION ( 'NONE',  ( -0.0000000000000000000, 0.0000000000000000000, -1.000000000000000000 ) ) ;
#5634 = CARTESIAN_POINT ( 'NONE',  ( -10.09741881116690500, 1.560757593757151000, 17.22215417283561200 ) ) ;
#5635 = CARTESIAN_POINT ( 'NONE',  ( 0.0000000000000000000, 0.0000000000000000000, 0.0000000000000000000 ) ) ;
#5636 = ORIENTED_EDGE ( 'NONE', *, *, #3973, .T. ) ;
#5637 = CC_DESIGN_PERSON_AND_ORGANIZATION_ASSIGNMENT ( #5084, #8112, ( #6497 ) ) ;
#5638 = CARTESIAN_POINT ( 'NONE',  ( 1.910449006669871700E-015, -20.49170962313452500, -15.60000000000000300 ) ) ;
#5639 = B_SPLINE_CURVE_WITH_KNOTS ( 'NONE', 3,
 ( #7994, #7932, #1240, #1271, #8028, #4947 ),
 .UNSPECIFIED., .F., .F.,
 ( 4, 2, 4 ),
 ( 2.736454828413330400E-007, 0.0007384861887052878400, 0.001476698731927734400 ),
 .UNSPECIFIED. ) ;
#5640 = CARTESIAN_POINT ( 'NONE',  ( 4.929141392239746900, 17.69812500000000500, -11.90000000000003800 ) ) ;
#5641 = EDGE_CURVE ( 'NONE', #5363, #5214, #8688, .T. ) ;
#5642 = APPROVAL_STATUS ( 'not_yet_approved' ) ;
#5643 = DIRECTION ( 'NONE',  ( 0.0000000000000000000, 0.0000000000000000000, -1.000000000000000000 ) ) ;
#5644 = VECTOR ( 'NONE', #7936, 1000.000000000000000 ) ;
#5645 = DIRECTION ( 'NONE',  ( 0.0000000000000000000, 0.0000000000000000000, -1.000000000000000000 ) ) ;
#5646 = ORIENTED_EDGE ( 'NONE', *, *, #5459, .T. ) ;
#5648 = ORIENTED_EDGE ( 'NONE', *, *, #4878, .F. ) ;
#5647 = EDGE_LOOP ( 'NONE', ( #3457, #7497, #6219, #3739, #3933, #2652 ) ) ;
#5649 = CARTESIAN_POINT ( 'NONE',  ( -9.035340417286478800E-014, 17.04250000000000800, -12.82664718204935100 ) ) ;
#5650 = DIRECTION ( 'NONE',  ( -0.8660254037844377100, 0.0000000000000000000, -0.5000000000000017800 ) ) ;
#5651 = CARTESIAN_POINT ( 'NONE',  ( 10.99852262806237800, 2.215317249701455200E-016, 0.8507386859688209600 ) ) ;
#5652 = FACE_OUTER_BOUND ( 'NONE', #8720, .T. ) ;
#5653 = CARTESIAN_POINT ( 'NONE',  ( -4.929141392239751300, 10.71312500000001900, 11.90000000000003200 ) ) ;
#5654 = ORIENTED_EDGE ( 'NONE', *, *, #8218, .T. ) ;
#5655 = AXIS2_PLACEMENT_3D ( 'NONE', #9383, #4963, #8659 ) ;
#5657 = ORIENTED_EDGE ( 'NONE', *, *, #5609, .F. ) ;
#5656 = ORIENTED_EDGE ( 'NONE', *, *, #7393, .F. ) ;
#5658 = COORDINATED_UNIVERSAL_TIME_OFFSET ( 8, 0, .AHEAD. ) ;
#5659 = EDGE_LOOP ( 'NONE', ( #1550, #5950, #1282, #7373 ) ) ;
#5660 = DIRECTION ( 'NONE',  ( -5.062054713723247700E-019, -1.000000000000000000, -0.0000000000000000000 ) ) ;
#5661 = DIRECTION ( 'NONE',  ( -1.000000000000000000, -0.0000000000000000000, -0.0000000000000000000 ) ) ;
#5662 = CIRCLE ( 'NONE', #2223, 15.60000000000000000 ) ;
#5663 = PLANE ( 'NONE',  #7973 ) ;
#5664 = DIRECTION ( 'NONE',  ( -0.0000000000000000000, -1.000000000000000000, -0.0000000000000000000 ) ) ;
#5665 = ORIENTED_EDGE ( 'NONE', *, *, #8118, .T. ) ;
#5666 = APPROVAL_DATE_TIME ( #2978, #5694 ) ;
#5667 = AXIS2_PLACEMENT_3D ( 'NONE', #5207, #6763, #7532 ) ;
#5668 = FACE_OUTER_BOUND ( 'NONE', #8198, .T. ) ;
#5669 = PLANE ( 'NONE',  #6917 ) ;
#5670 = CARTESIAN_POINT ( 'NONE',  ( 9.405474817352379400, -10.18323590438283000, -11.07041727578486100 ) ) ;
#5671 = CIRCLE ( 'NONE', #7285, 11.89999999999999000 ) ;
#5672 = EDGE_CURVE ( 'NONE', #6969, #827, #8213, .T. ) ;
#5673 = CARTESIAN_POINT ( 'NONE',  ( 8.414570696119971800, 17.30125000000000700, 8.414570696119858100 ) ) ;
#5674 = DATE_TIME_ROLE ( 'classification_date' ) ;
#5675 = ORIENTED_EDGE ( 'NONE', *, *, #1056, .T. ) ;
#5676 = EDGE_CURVE ( 'NONE', #8328, #8210, #7783, .T. ) ;
#5677 = AXIS2_PLACEMENT_3D ( 'NONE', #1026, #2426, #1802 ) ;
#5678 = ADVANCED_FACE ( 'NONE', ( #2260, #6464 ), #2075, .T. ) ;
#5679 = CIRCLE ( 'NONE', #9296, 4.549999999999999800 ) ;
#5680 = AXIS2_PLACEMENT_3D ( 'NONE', #5182, #5862, #7325 ) ;
#5681 = CARTESIAN_POINT ( 'NONE',  ( -12.82664718204931200, 11.08937500000002200, 5.312971222579581500 ) ) ;
#5682 = ORIENTED_EDGE ( 'NONE', *, *, #6659, .F. ) ;
#5683 = COORDINATED_UNIVERSAL_TIME_OFFSET ( 8, 0, .AHEAD. ) ;
#5684 = CARTESIAN_POINT ( 'NONE',  ( -16.95045816486629400, 2.000000000000001800, 12.39685314912908800 ) ) ;
#5685 = CARTESIAN_POINT ( 'NONE',  ( 0.0000000000000000000, 0.0000000000000000000, 15.35253755750896700 ) ) ;
#5686 = DIRECTION ( 'NONE',  ( 0.0000000000000000000, -1.000000000000000000, 0.0000000000000000000 ) ) ;
#5687 = ORIENTED_EDGE ( 'NONE', *, *, #2113, .F. ) ;
#5688 = CARTESIAN_POINT ( 'NONE',  ( -4.929141392239914800, 11.50687500000001900, -11.89999999999996500 ) ) ;
#5689 = VERTEX_POINT ( 'NONE', #4310 ) ;
#5690 = CIRCLE ( 'NONE', #5972, 2.899999999999992800 ) ;
#5691 = CIRCLE ( 'NONE', #5899, 6.299999999999996300 ) ;
#5692 = CARTESIAN_POINT ( 'NONE',  ( -2.566290984832017200, 20.99886031810098400, 20.82156651333606200 ) ) ;
#5693 = DIRECTION ( 'NONE',  ( 0.0000000000000000000, 0.0000000000000000000, 1.000000000000000000 ) ) ;
#5694 = APPROVAL ( #8791, 'UNKNOWN' ) ;
#5695 = LOCAL_TIME ( 13, 59, 25.00000000000000000, #1130 ) ;
#5696 = ORIENTED_EDGE ( 'NONE', *, *, #8775, .F. ) ;
#5697 = DIRECTION ( 'NONE',  ( -1.000000000000000000, 0.0000000000000000000, 0.0000000000000000000 ) ) ;
#5698 = DIRECTION ( 'NONE',  ( 0.0000000000000000000, 0.0000000000000000000, 1.000000000000000000 ) ) ;
#5699 = ORIENTED_EDGE ( 'NONE', *, *, #2403, .F. ) ;
#5700 = LINE ( 'NONE', #224, #9419 ) ;
#5701 = EDGE_CURVE ( 'NONE', #3527, #6379, #4265, .T. ) ;
#5702 = DIRECTION ( 'NONE',  ( -0.0000000000000000000, -0.0000000000000000000, -1.000000000000000000 ) ) ;
#5703 = CARTESIAN_POINT ( 'NONE',  ( -8.628356930257421500, 11.41166969461142800, 8.930771950059760700 ) ) ;
#5704 = CARTESIAN_POINT ( 'NONE',  ( 0.5795110904247292600, -6.415388086664203900, 4.395341537438999200 ) ) ;
#5705 = EDGE_LOOP ( 'NONE', ( #5295, #435, #8201, #3432 ) ) ;
#5706 = PERSON_AND_ORGANIZATION_ROLE ( 'creator' ) ;
#5707 = ORIENTED_EDGE ( 'NONE', *, *, #84, .T. ) ;
#5708 = CARTESIAN_POINT ( 'NONE',  ( 13.99999999999999800, 0.0000000000000000000, 0.0000000000000000000 ) ) ;
#5709 = LINE ( 'NONE', #1058, #805 ) ;
#5710 = CARTESIAN_POINT ( 'NONE',  ( -3.586772846850890200, 22.32467817597437300, 20.16406719884645000 ) ) ;
#5711 = LINE ( 'NONE', #7018, #6404 ) ;
#5712 = CARTESIAN_POINT ( 'NONE',  ( 12.82664718204939200, 15.37562500000001400, 5.312971222579391500 ) ) ;
#5713 = CARTESIAN_POINT ( 'NONE',  ( 7.328660793499570200, 10.92652016301134800, 9.500480598740281800 ) ) ;
#5714 = DIRECTION ( 'NONE',  ( -1.000000000000000000, 1.224646799147353200E-016, 0.0000000000000000000 ) ) ;
#5715 = CARTESIAN_POINT ( 'NONE',  ( -8.414570696119973500, 12.85625000000001700, -8.414570696119856300 ) ) ;
#5716 = DIRECTION ( 'NONE',  ( 1.000000000000000000, -8.896017825522095500E-016, 0.0000000000000000000 ) ) ;
#5717 = CARTESIAN_POINT ( 'NONE',  ( 2.506044059130346100, 1.764135332259898000, -20.83978316357337900 ) ) ;
#5718 = AXIS2_PLACEMENT_3D ( 'NONE', #1752, #4767, #1715 ) ;
#5719 = ADVANCED_FACE ( 'NONE', ( #5887, #2502 ), #9545, .F. ) ;
#5720 = AXIS2_PLACEMENT_3D ( 'NONE', #894, #4556, #4659 ) ;
#5721 = DIRECTION ( 'NONE',  ( 1.000000000000000000, 3.627636301412553900E-015, 0.0000000000000000000 ) ) ;
#5722 = ORIENTED_EDGE ( 'NONE', *, *, #5976, .F. ) ;
#5723 = CIRCLE ( 'NONE', #9220, 9.275000000000002100 ) ;
#5724 = EDGE_CURVE ( 'NONE', #4283, #3364, #1435, .T. ) ;
#5725 = VERTEX_POINT ( 'NONE', #8050 ) ;
#5726 = DIRECTION ( 'NONE',  ( -0.0000000000000000000, 1.000000000000000000, -0.0000000000000000000 ) ) ;
#5727 = CARTESIAN_POINT ( 'NONE',  ( -8.248891971046740300, -4.762500000000066800, 17.60000000000000100 ) ) ;
#5728 = DIRECTION ( 'NONE',  ( 0.0000000000000000000, -1.000000000000000000, 0.0000000000000000000 ) ) ;
#5729 = APPLICATION_PROTOCOL_DEFINITION ( 'international standard', 'config_control_design', 1994, #9201 ) ;
#5730 = ORIENTED_EDGE ( 'NONE', *, *, #6460, .T. ) ;
#5731 = FACE_OUTER_BOUND ( 'NONE', #2870, .T. ) ;
#5732 = CARTESIAN_POINT ( 'NONE',  ( 13.19999999999999800, -10.69999999999999200, -13.19999999999999400 ) ) ;
#5733 = AXIS2_PLACEMENT_3D ( 'NONE', #1459, #645, #2878 ) ;
#5734 = DIRECTION ( 'NONE',  ( -1.000000000000000000, 0.0000000000000000000, 0.0000000000000000000 ) ) ;
#5735 = CARTESIAN_POINT ( 'NONE',  ( -8.965523947390061500E-014, 17.57750000000000800, -11.89999999999999900 ) ) ;
#5736 = ORIENTED_EDGE ( 'NONE', *, *, #964, .F. ) ;
#5737 = EDGE_CURVE ( 'NONE', #6684, #6957, #6060, .T. ) ;
#5738 = CARTESIAN_POINT ( 'NONE',  ( -12.82664718204935100, 12.28000000000002100, 8.956799855210033200E-014 ) ) ;
#5739 = ORIENTED_EDGE ( 'NONE', *, *, #9200, .F. ) ;
#5740 = EDGE_CURVE ( 'NONE', #7509, #5363, #5929, .T. ) ;
#5741 = CARTESIAN_POINT ( 'NONE',  ( -11.90000000000004800, 14.00562500000001600, -4.929141392239717600 ) ) ;
#5742 = CARTESIAN_POINT ( 'NONE',  ( 10.09563029186906700, -1.563855400051398400, 0.3770952061963425100 ) ) ;
#5743 = EDGE_CURVE ( 'NONE', #1661, #6830, #9141, .T. ) ;
#5744 = CC_DESIGN_DATE_AND_TIME_ASSIGNMENT ( #1020, #7131, ( #3261 ) ) ;
#5745 = CARTESIAN_POINT ( 'NONE',  ( -4.929141392239914800, 12.77687500000001500, -11.89999999999996500 ) ) ;
#5746 = DIRECTION ( 'NONE',  ( 0.0000000000000000000, 0.0000000000000000000, 1.000000000000000000 ) ) ;
#5747 = ORIENTED_EDGE ( 'NONE', *, *, #9173, .F. ) ;
#5748 = DIRECTION ( 'NONE',  ( 1.000000000000000000, 0.0000000000000000000, 0.0000000000000000000 ) ) ;
#5749 = VERTEX_POINT ( 'NONE', #1416 ) ;
#5750 = CARTESIAN_POINT ( 'NONE',  ( -1.725874147982924500, -10.80829037686547000, 15.50423678951415400 ) ) ;
#5751 = ORIENTED_EDGE ( 'NONE', *, *, #4999, .T. ) ;
#5752 = PLANE ( 'NONE',  #1158 ) ;
#5753 = CARTESIAN_POINT ( 'NONE',  ( -4.929141392239892600, 14.04687500000001800, -11.89999999999997700 ) ) ;
#5754 = CARTESIAN_POINT ( 'NONE',  ( 0.0000000000000000000, 0.0000000000000000000, 0.0000000000000000000 ) ) ;
#5755 = CARTESIAN_POINT ( 'NONE',  ( 14.84234103376118900, 0.2375954962427421800, -13.34466490723882600 ) ) ;
#5756 = ORIENTED_EDGE ( 'NONE', *, *, #300, .T. ) ;
#5757 = CIRCLE ( 'NONE', #4689, 2.499999999999998700 ) ;
#5758 = VERTEX_POINT ( 'NONE', #8884 ) ;
#5759 = CARTESIAN_POINT ( 'NONE',  ( -9.179979922149277300, -3.149808362375300200, 17.51892000885278500 ) ) ;
#5760 = DIRECTION ( 'NONE',  ( -1.000000000000000000, 0.0000000000000000000, 0.0000000000000000000 ) ) ;
#5761 = CARTESIAN_POINT ( 'NONE',  ( 1.150057636807132200, -6.336479104002720000, 5.250090243316072300 ) ) ;
#5762 = DIRECTION ( 'NONE',  ( 1.000000000000000000, -9.376883653928698500E-016, 0.0000000000000000000 ) ) ;
#5764 = ORIENTED_EDGE ( 'NONE', *, *, #4999, .F. ) ;
#5763 = ORIENTED_EDGE ( 'NONE', *, *, #6810, .T. ) ;
#5765 = LOCAL_TIME ( 13, 59, 25.00000000000000000, #8453 ) ;
#5766 = CARTESIAN_POINT ( 'NONE',  ( 11.84398031207654800, 10.92280504338957000, -1.582650191422364300 ) ) ;
#5767 = DIRECTION ( 'NONE',  ( -8.775090700452169200E-016, -1.000000000000000000, -0.0000000000000000000 ) ) ;
#5768 = ADVANCED_FACE ( 'NONE', ( #4473 ), #1672, .T. ) ;
#5769 = VECTOR ( 'NONE', #5728, 1000.000000000000000 ) ;
#5770 = ORIENTED_EDGE ( 'NONE', *, *, #4450, .T. ) ;
#5771 = CARTESIAN_POINT ( 'NONE',  ( 9.069809202314482700, 12.75625000000001700, 9.069809202314353100 ) ) ;
#5772 = ORIENTED_EDGE ( 'NONE', *, *, #5799, .T. ) ;
#5773 = DIRECTION ( 'NONE',  ( 0.0000000000000000000, 0.0000000000000000000, 1.000000000000000000 ) ) ;
#5774 = LOCAL_TIME ( 13, 59, 25.00000000000000000, #7054 ) ;
#5775 = CARTESIAN_POINT ( 'NONE',  ( -19.00000000000002100, 30.00000000000000000, -32.90896534380866000 ) ) ;
#5776 = CARTESIAN_POINT ( 'NONE',  ( 0.0000000000000000000, 23.09492482837286800, 0.0000000000000000000 ) ) ;
#5777 = CIRCLE ( 'NONE', #8774, 4.549999999999999800 ) ;
#5778 = DIRECTION ( 'NONE',  ( -8.881784197001253900E-015, 0.0000000000000000000, -1.000000000000000000 ) ) ;
#5779 = CONICAL_SURFACE ( 'NONE', #4302, 4.838760430703398000, 0.5235987755982979300 ) ;
#5780 = AXIS2_PLACEMENT_3D ( 'NONE', #7212, #7965, #3508 ) ;
#5781 = EDGE_CURVE ( 'NONE', #9396, #4132, #5821, .T. ) ;
#5782 = ORIENTED_EDGE ( 'NONE', *, *, #3797, .T. ) ;
#5783 = EDGE_CURVE ( 'NONE', #7509, #9042, #854, .T. ) ;
#5784 = LINE ( 'NONE', #242, #7396 ) ;
#5785 = CARTESIAN_POINT ( 'NONE',  ( -9.254654399847412400, 7.592810154713587900E-016, -6.099999999999998800 ) ) ;
#5786 = DIRECTION ( 'NONE',  ( 0.0000000000000000000, 0.0000000000000000000, 1.000000000000000000 ) ) ;
#5787 = LINE ( 'NONE', #3536, #7517 ) ;
#5788 = EDGE_LOOP ( 'NONE', ( #4489, #3407, #7902, #6548, #6581, #1367 ) ) ;
#5789 = CALENDAR_DATE ( 2023, 6, 9 ) ;
#5790 = AXIS2_PLACEMENT_3D ( 'NONE', #7220, #6433, #8690 ) ;
#5791 = PRODUCT ( 'DV1手动部分外形图', 'DV1手动部分外形图', '', ( #4873 ) ) ;
#5792 = DESIGN_CONTEXT ( 'detailed design', #1165, 'design' ) ;
#5793 = DIRECTION ( 'NONE',  ( 0.0000000000000000000, -1.224646799147353000E-016, 1.000000000000000000 ) ) ;
#5794 = VERTEX_POINT ( 'NONE', #8334 ) ;
#5795 = AXIS2_PLACEMENT_3D ( 'NONE', #8778, #5940, #3659 ) ;
#5796 = DIRECTION ( 'NONE',  ( 1.000000000000000000, -8.775090700452167200E-016, 0.0000000000000000000 ) ) ;
#5797 = DIRECTION ( 'NONE',  ( 0.0000000000000000000, 0.0000000000000000000, 1.000000000000000000 ) ) ;
#5798 = DIRECTION ( 'NONE',  ( 0.0000000000000000000, 0.0000000000000000000, 1.000000000000000000 ) ) ;
#5799 = EDGE_CURVE ( 'NONE', #9425, #9139, #7962, .T. ) ;
#5800 = FACE_OUTER_BOUND ( 'NONE', #4293, .T. ) ;
#5801 = CIRCLE ( 'NONE', #5362, 1.000000000000000900 ) ;
#5802 = CARTESIAN_POINT ( 'NONE',  ( 3.202895591950679900, 21.78592137272656300, 20.54043567321100400 ) ) ;
#5803 = PERSON_AND_ORGANIZATION_ROLE ( 'classification_officer' ) ;
#5804 = CARTESIAN_POINT ( 'NONE',  ( 1.209951936996610200E-013, 13.13250000000001600, 11.89999999999999900 ) ) ;
#5805 = CARTESIAN_POINT ( 'NONE',  ( 10.72036280907124200, 10.96614989287691200, -5.374480629198373500 ) ) ;
#5806 = ORIENTED_EDGE ( 'NONE', *, *, #7188, .F. ) ;
#5807 = COORDINATED_UNIVERSAL_TIME_OFFSET ( 8, 0, .AHEAD. ) ;
#5808 = CARTESIAN_POINT ( 'NONE',  ( 9.564848863492874400E-015, 10.90000000000001100, 0.0000000000000000000 ) ) ;
#5809 = EDGE_CURVE ( 'NONE', #9004, #5285, #2963, .T. ) ;
#5810 = AXIS2_PLACEMENT_3D ( 'NONE', #4025, #4787, #2517 ) ;
#5811 = ORIENTED_EDGE ( 'NONE', *, *, #4106, .T. ) ;
#5812 = ORIENTED_EDGE ( 'NONE', *, *, #6857, .T. ) ;
#5813 = LINE ( 'NONE', #2402, #4527 ) ;
#5814 = CARTESIAN_POINT ( 'NONE',  ( -5.312971222579396800, 12.51812500000002100, 12.82664718204939000 ) ) ;
#5815 = CARTESIAN_POINT ( 'NONE',  ( 12.69999999999996900, 14.25811978464833600, -9.023892744153249100E-014 ) ) ;
#5816 = CARTESIAN_POINT ( 'NONE',  ( 12.11555136271317000, 17.58444863728682300, -1.141873653301110300E-011 ) ) ;
#5817 = SHAPE_REPRESENTATION_RELATIONSHIP ( 'NONE' , 'NONE' ,  #7475, #9017 ) ;
#5818 = CARTESIAN_POINT ( 'NONE',  ( 15.66920801439230000, 0.6554350922090908000, 13.18827000240074900 ) ) ;
#5819 = CARTESIAN_POINT ( 'NONE',  ( -19.33820246730051600, 0.8600893296555425200, -7.238515387180809700 ) ) ;
#5820 = EDGE_LOOP ( 'NONE', ( #4297, #6348, #794, #2415 ) ) ;
#5821 =( BOUNDED_CURVE ( )  B_SPLINE_CURVE ( 2, ( #2396, #9078, #6667, #6606, #2926, #7602, #9043, #4625, #8858 ),
 .UNSPECIFIED., .F., .F. ) 
 B_SPLINE_CURVE_WITH_KNOTS ( ( 3, 2, 2, 2, 3 ),
 ( 0.6562500000000000000, 0.6718750000000000000, 0.6875000000000000000, 0.7031250000000000000, 0.7187500000000000000 ),
 .UNSPECIFIED. ) 
 CURVE ( )  GEOMETRIC_REPRESENTATION_ITEM ( )  RATIONAL_B_SPLINE_CURVE ( ( 1.000000000000000000, 0.9238795325112867400, 1.000000000000000000, 0.9238795325112867400, 1.000000000000000000, 0.9238795325112867400, 1.000000000000000000, 0.9238795325112867400, 1.000000000000000000 ) ) 
 REPRESENTATION_ITEM ( '' )  );
#5822 = EDGE_LOOP ( 'NONE', ( #1721, #6671, #9256, #9552 ) ) ;
#5823 = ORIENTED_EDGE ( 'NONE', *, *, #9450, .F. ) ;
#5824 = DIRECTION ( 'NONE',  ( -5.062054713723247700E-019, -1.000000000000000000, -0.0000000000000000000 ) ) ;
#5825 = VECTOR ( 'NONE', #516, 1000.000000000000000 ) ;
#5826 = CC_DESIGN_APPROVAL ( #375, ( #8555 ) ) ;
#5827 = ADVANCED_FACE ( 'NONE', ( #4964 ), #2492, .F. ) ;
#5828 = CIRCLE ( 'NONE', #2114, 4.449999999999997500 ) ;
#5829 = CARTESIAN_POINT ( 'NONE',  ( 7.900000000000002100, -8.199999999999999300, 0.0000000000000000000 ) ) ;
#5830 = ORIENTED_EDGE ( 'NONE', *, *, #4046, .T. ) ;
#5831 = EDGE_CURVE ( 'NONE', #3908, #2898, #7377, .T. ) ;
#5832 = VERTEX_POINT ( 'NONE', #3197 ) ;
#5833 = CARTESIAN_POINT ( 'NONE',  ( -10.76942092117334900, -20.92190340273530000, -10.28294262558367900 ) ) ;
#5834 = CARTESIAN_POINT ( 'NONE',  ( -11.89999999999996700, 11.62437500000002000, 4.929141392239918300 ) ) ;
#5835 = CARTESIAN_POINT ( 'NONE',  ( -2.260760671697740900, 2.000000000000001800, 20.87795395112411300 ) ) ;
#5836 = CIRCLE ( 'NONE', #7346, 15.60000000000000000 ) ;
#5837 = CARTESIAN_POINT ( 'NONE',  ( 1.408343819019456000E-016, 9.525000000000019900, 4.250000000000001800 ) ) ;
#5838 = SECURITY_CLASSIFICATION_LEVEL ( 'unclassified' ) ;
#5839 = DIRECTION ( 'NONE',  ( 1.000000000000000000, 1.231304080816852700E-016, -0.0000000000000000000 ) ) ;
#5840 = CARTESIAN_POINT ( 'NONE',  ( 2.845798222300969500, 17.16607489931615400, -12.23649627886849700 ) ) ;
#5841 = CIRCLE ( 'NONE', #3857, 3.222179676972447100 ) ;
#5842 = CARTESIAN_POINT ( 'NONE',  ( 12.69999999999996900, 16.79811978464832800, -9.023892744153249100E-014 ) ) ;
#5843 = CARTESIAN_POINT ( 'NONE',  ( 9.000000000000001800, -11.19999999999999900, -11.49999999999999800 ) ) ;
#5844 = EDGE_LOOP ( 'NONE', ( #7117, #2716, #8139, #5098 ) ) ;
#5845 = CARTESIAN_POINT ( 'NONE',  ( 11.89999999999999900, 14.72000000000001500, -9.621322308333469300E-014 ) ) ;
#5846 = CARTESIAN_POINT ( 'NONE',  ( 11.89999999999999900, 17.26000000000000900, -9.038390431939329000E-014 ) ) ;
#5847 = ORIENTED_EDGE ( 'NONE', *, *, #4119, .F. ) ;
#5848 = FACE_BOUND ( 'NONE', #4029, .T. ) ;
#5849 = AXIS2_PLACEMENT_3D ( 'NONE', #2757, #5053, #7909 ) ;
#5850 = ORIENTED_EDGE ( 'NONE', *, *, #8190, .F. ) ;
#5851 = CARTESIAN_POINT ( 'NONE',  ( -2.260760671697823500, 30.00000000000000000, -20.87795395112465600 ) ) ;
#5852 = AXIS2_PLACEMENT_3D ( 'NONE', #8009, #1352, #3612 ) ;
#5853 = PLANE ( 'NONE',  #1168 ) ;
#5854 = CARTESIAN_POINT ( 'NONE',  ( 18.58991773347963400, 4.917026258811211500E-016, -4.844546418526406700 ) ) ;
#5855 = DIRECTION ( 'NONE',  ( 8.775090700452169200E-016, 1.000000000000000000, 0.0000000000000000000 ) ) ;
#5856 = EDGE_CURVE ( 'NONE', #1492, #8100, #624, .T. ) ;
#5857 = ORIENTED_EDGE ( 'NONE', *, *, #5385, .F. ) ;
#5858 = CARTESIAN_POINT ( 'NONE',  ( -10.65465439984741300, 7.715274834628321400E-016, 6.299999999999996300 ) ) ;
#5859 = DIRECTION ( 'NONE',  ( 0.0000000000000000000, 0.0000000000000000000, -1.000000000000000000 ) ) ;
#5860 = EDGE_CURVE ( 'NONE', #5388, #7026, #2250, .T. ) ;
#5861 = CARTESIAN_POINT ( 'NONE',  ( -13.99999999999999800, 17.80000000000000100, 13.44999999999999900 ) ) ;
#5862 = DIRECTION ( 'NONE',  ( 0.0000000000000000000, 1.000000000000000000, 0.0000000000000000000 ) ) ;
#5863 = VERTEX_POINT ( 'NONE', #8435 ) ;
#5864 = ADVANCED_FACE ( 'NONE', ( #976 ), #4598, .F. ) ;
#5865 = B_SPLINE_CURVE_WITH_KNOTS ( 'NONE', 3,
 ( #7609, #8305, #4594, #939, #3845, #8381 ),
 .UNSPECIFIED., .F., .F.,
 ( 4, 2, 4 ),
 ( 5.416199124517918600E-007, 0.0007387541633094756400, 0.001476966706706498800 ),
 .UNSPECIFIED. ) ;
#5866 = B_SPLINE_CURVE_WITH_KNOTS ( 'NONE', 3,
 ( #932, #6121, #826, #8329, #3867, #9074, #6158, #2390 ),
 .UNSPECIFIED., .F., .F.,
 ( 4, 2, 2, 4 ),
 ( 0.01166094023647443000, 0.01306007132247188900, 0.01375963686547062100, 0.01445920240846935300 ),
 .UNSPECIFIED. ) ;
#5867 = CARTESIAN_POINT ( 'NONE',  ( -12.94999999999999200, 9.400000000000023400, -12.94999999999999200 ) ) ;
#5868 = CARTESIAN_POINT ( 'NONE',  ( 16.18709195196249300, 21.78592051850698800, -13.04400637613726500 ) ) ;
#5869 = DIRECTION ( 'NONE',  ( -0.0000000000000000000, 1.000000000000000000, -0.0000000000000000000 ) ) ;
#5870 = AXIS2_PLACEMENT_3D ( 'NONE', #6931, #9185, #1713 ) ;
#5871 = APPROVAL ( #1188, '未指定' ) ;
#5872 = CIRCLE ( 'NONE', #5506, 2.991239569296595800 ) ;
#5873 = VERTEX_POINT ( 'NONE', #2500 ) ;
#5874 = DIRECTION ( 'NONE',  ( -0.0000000000000000000, -1.000000000000000000, -0.0000000000000000000 ) ) ;
#5876 = VERTEX_POINT ( 'NONE', #3972 ) ;
#5875 = ORIENTED_EDGE ( 'NONE', *, *, #4292, .F. ) ;
#5877 = DIRECTION ( 'NONE',  ( 0.0000000000000000000, 0.0000000000000000000, 1.000000000000000000 ) ) ;
#5878 = EDGE_CURVE ( 'NONE', #1122, #1400, #5348, .T. ) ;
#5879 = CIRCLE ( 'NONE', #721, 9.525000000000000400 ) ;
#5880 = ORIENTED_EDGE ( 'NONE', *, *, #4292, .T. ) ;
#5881 = DIRECTION ( 'NONE',  ( -0.7071067811865475700, 0.0000000000000000000, -0.7071067811865475700 ) ) ;
#5882 = CARTESIAN_POINT ( 'NONE',  ( -12.82664718204931200, 16.16937500000001300, 5.312971222579581500 ) ) ;
#5884 = VERTEX_POINT ( 'NONE', #2469 ) ;
#5883 = VERTEX_POINT ( 'NONE', #250 ) ;
#5885 = CALENDAR_DATE ( 2023, 6, 9 ) ;
#5886 = ORIENTED_EDGE ( 'NONE', *, *, #3856, .T. ) ;
#5887 = FACE_BOUND ( 'NONE', #9653, .T. ) ;
#5888 = CARTESIAN_POINT ( 'NONE',  ( 1.006550781153894200E-013, -9.525000000000000400, 17.60000000000000100 ) ) ;
#5889 = CARTESIAN_POINT ( 'NONE',  ( -3.291790577943089200, 11.14241986204113700, -11.69442186056201100 ) ) ;
#5890 = VERTEX_POINT ( 'NONE', #4003 ) ;
#5891 = CARTESIAN_POINT ( 'NONE',  ( -2.581473850271385300E-016, -6.440000000000000400, 6.550000000000001600 ) ) ;
#5892 = FACE_OUTER_BOUND ( 'NONE', #7160, .T. ) ;
#5893 = LINE ( 'NONE', #1778, #5096 ) ;
#5894 = CARTESIAN_POINT ( 'NONE',  ( 9.192421541439370100E-014, 10.05750000000002400, 12.82664718204935100 ) ) ;
#5895 = ORIENTED_EDGE ( 'NONE', *, *, #3312, .T. ) ;
#5896 = CARTESIAN_POINT ( 'NONE',  ( -12.69999999999996900, 16.16311978464833400, 8.868362600661534700E-014 ) ) ;
#5897 = CARTESIAN_POINT ( 'NONE',  ( 0.0000000000000000000, 20.63746869550590200, 0.0000000000000000000 ) ) ;
#5898 = CARTESIAN_POINT ( 'NONE',  ( -8.414570696119840300, 15.51375000000001200, 8.414570696119989500 ) ) ;
#5899 = AXIS2_PLACEMENT_3D ( 'NONE', #2802, #2009, #5797 ) ;
#5900 = CYLINDRICAL_SURFACE ( 'NONE', #1738, 2.299999999999996700 ) ;
#5901 = EDGE_CURVE ( 'NONE', #3748, #8204, #737, .T. ) ;
#5902 = CARTESIAN_POINT ( 'NONE',  ( 0.0000000000000000000, -10.80829037686547000, 15.60000000000000000 ) ) ;
#5903 = ORIENTED_EDGE ( 'NONE', *, *, #8513, .T. ) ;
#5904 = CARTESIAN_POINT ( 'NONE',  ( 19.30495518565985300, 0.7554955498519199100, 7.107391571718948400 ) ) ;
#5905 = DATE_AND_TIME ( #7411, #3806 ) ;
#5906 = EDGE_CURVE ( 'NONE', #8378, #1652, #8678, .T. ) ;
#5907 = ADVANCED_FACE ( 'NONE', ( #9384 ), #5989, .T. ) ;
#5908 = CARTESIAN_POINT ( 'NONE',  ( 11.69999999999999800, 9.700000000000002800, 0.0000000000000000000 ) ) ;
#5909 = VERTEX_POINT ( 'NONE', #8533 ) ;
#5910 = CARTESIAN_POINT ( 'NONE',  ( 7.349999999999999600, -3.084843528204037900E-015, 0.0000000000000000000 ) ) ;
#5911 = CARTESIAN_POINT ( 'NONE',  ( 14.73587640020000600, 0.0000000000000000000, 0.0000000000000000000 ) ) ;
#5912 = ORIENTED_EDGE ( 'NONE', *, *, #6426, .T. ) ;
#5913 = CARTESIAN_POINT ( 'NONE',  ( 9.069809202314353100, 18.15375000000000600, -9.069809202314482700 ) ) ;
#5914 = CIRCLE ( 'NONE', #4117, 0.2999999999999999300 ) ;
#5915 = FACE_OUTER_BOUND ( 'NONE', #8893, .T. ) ;
#5916 = AXIS2_PLACEMENT_3D ( 'NONE', #7542, #3676, #4431 ) ;
#5917 = AXIS2_PLACEMENT_3D ( 'NONE', #8222, #7428, #7557 ) ;
#5918 = CARTESIAN_POINT ( 'NONE',  ( -18.85404163790688200, 23.09492482837286800, 5.782065236316675800 ) ) ;
#5919 = ORIENTED_EDGE ( 'NONE', *, *, #7597, .T. ) ;
#5920 = EDGE_CURVE ( 'NONE', #356, #4441, #7066, .T. ) ;
#5921 = CARTESIAN_POINT ( 'NONE',  ( -9.089383748565026600, 17.08324529460748300, -8.781376905746249400 ) ) ;
#5922 = CARTESIAN_POINT ( 'NONE',  ( -8.073252374094716200, -10.05294454034874200, -11.83957626202013600 ) ) ;
#5923 = EDGE_LOOP ( 'NONE', ( #1364, #738, #219 ) ) ;
#5924 = CARTESIAN_POINT ( 'NONE',  ( 1.738998454789241500E-015, -9.999999999999998200, 14.19999999999999900 ) ) ;
#5925 = VECTOR ( 'NONE', #7128, 1000.000000000000000 ) ;
#5926 = CARTESIAN_POINT ( 'NONE',  ( 0.0000000000000000000, 0.0000000000000000000, 17.10000000000000100 ) ) ;
#5927 = EDGE_CURVE ( 'NONE', #8131, #9093, #5425, .T. ) ;
#5928 = CYLINDRICAL_SURFACE ( 'NONE', #3443, 3.200000000000000200 ) ;
#5929 = B_SPLINE_CURVE_WITH_KNOTS ( 'NONE', 3,
 ( #606, #5151, #8302, #4664, #7371, #5888 ),
 .UNSPECIFIED., .F., .F.,
 ( 4, 2, 4 ),
 ( 0.01002753371955004800, 0.01281024402003885800, 0.01559295432052767000 ),
 .UNSPECIFIED. ) ;
#5930 = ORIENTED_EDGE ( 'NONE', *, *, #490, .F. ) ;
#5931 = CARTESIAN_POINT ( 'NONE',  ( 3.848130581476223400, 0.4084537449443478300, -19.85260392543938600 ) ) ;
#5932 = EDGE_LOOP ( 'NONE', ( #1900, #1942, #3243, #3482, #8949, #1885 ) ) ;
#5933 = ORIENTED_EDGE ( 'NONE', *, *, #3398, .F. ) ;
#5934 = CARTESIAN_POINT ( 'NONE',  ( -3.455323577095457700E-014, 9.525000000000000400, 0.0000000000000000000 ) ) ;
#5935 = ORIENTED_EDGE ( 'NONE', *, *, #3668, .F. ) ;
#5936 = CARTESIAN_POINT ( 'NONE',  ( -4.929141392239742500, 15.59312500000001300, 11.90000000000003800 ) ) ;
#5937 = LINE ( 'NONE', #5533, #6753 ) ;
#5938 = CARTESIAN_POINT ( 'NONE',  ( -9.000000000000001800, -10.80000000000000600, 6.500000000000000900 ) ) ;
#5939 = CARTESIAN_POINT ( 'NONE',  ( 19.25598086124352500, 0.6554350922089134900, 6.975797196446237100 ) ) ;
#5940 = DIRECTION ( 'NONE',  ( -0.0000000000000000000, 1.000000000000000000, -0.0000000000000000000 ) ) ;
#5941 = DIRECTION ( 'NONE',  ( 1.000000000000000000, 0.0000000000000000000, 0.0000000000000000000 ) ) ;
#5942 = DIRECTION ( 'NONE',  ( -0.0000000000000000000, -0.0000000000000000000, -1.000000000000000000 ) ) ;
#5943 = DIRECTION ( 'NONE',  ( -1.000000000000000000, 9.376883653928698500E-016, 0.0000000000000000000 ) ) ;
#5944 = FACE_OUTER_BOUND ( 'NONE', #7807, .T. ) ;
#5945 = CARTESIAN_POINT ( 'NONE',  ( -12.82664718204939000, 16.01062500000001200, -5.312971222579394100 ) ) ;
#5946 = EDGE_CURVE ( 'NONE', #1141, #7380, #7154, .T. ) ;
#5947 = CARTESIAN_POINT ( 'NONE',  ( -0.9889068136539358500, 16.98430166686072700, -12.69999999999996200 ) ) ;
#5948 = CARTESIAN_POINT ( 'NONE',  ( -18.01870803194710600, 24.27204651753730900, 1.000408312857867400 ) ) ;
#5949 = CARTESIAN_POINT ( 'NONE',  ( 0.0000000000000000000, 20.63746869550590200, 0.0000000000000000000 ) ) ;
#5950 = ORIENTED_EDGE ( 'NONE', *, *, #7030, .T. ) ;
#5951 = FACE_OUTER_BOUND ( 'NONE', #8683, .T. ) ;
#5952 = CARTESIAN_POINT ( 'NONE',  ( -13.25465439984741100, 0.0000000000000000000, 0.0000000000000000000 ) ) ;
#5953 = CARTESIAN_POINT ( 'NONE',  ( 0.0000000000000000000, -9.525000000000057200, 5.400000000000002100 ) ) ;
#5954 = DIRECTION ( 'NONE',  ( 0.0000000000000000000, -1.000000000000000000, 0.0000000000000000000 ) ) ;
#5955 = EDGE_LOOP ( 'NONE', ( #8643, #2932, #3363, #3586 ) ) ;
#5956 = ADVANCED_FACE ( 'NONE', ( #5652 ), #7612, .T. ) ;
#5957 = CARTESIAN_POINT ( 'NONE',  ( -2.858700225422551500, 1.417408032316198200, -20.72118414484793900 ) ) ;
#5958 = VERTEX_POINT ( 'NONE', #8655 ) ;
#5959 = VECTOR ( 'NONE', #7839, 1000.000000000000000 ) ;
#5960 = EDGE_CURVE ( 'NONE', #4472, #1141, #7976, .T. ) ;
#5961 = DIRECTION ( 'NONE',  ( 9.614813431917856100E-017, 0.7071067811865487900, 0.7071067811865463500 ) ) ;
#5962 = DIRECTION ( 'NONE',  ( 0.0000000000000000000, 0.0000000000000000000, -1.000000000000000000 ) ) ;
#5963 = CARTESIAN_POINT ( 'NONE',  ( 0.7066204771846588100, 6.402008908317406500, 4.480403718308275900 ) ) ;
#5964 = EDGE_CURVE ( 'NONE', #5689, #8802, #2373, .T. ) ;
#5965 = ORIENTED_EDGE ( 'NONE', *, *, #2449, .F. ) ;
#5966 = CARTESIAN_POINT ( 'NONE',  ( 1.151658749357196400E-013, 15.67250000000001400, 11.89999999999999900 ) ) ;
#5967 = DIRECTION ( 'NONE',  ( 0.0000000000000000000, 0.0000000000000000000, 1.000000000000000000 ) ) ;
#5968 = ADVANCED_FACE ( 'NONE', ( #3209 ), #3444, .F. ) ;
#5969 = DIRECTION ( 'NONE',  ( -0.0000000000000000000, -1.000000000000000000, -0.0000000000000000000 ) ) ;
#5970 = VERTEX_POINT ( 'NONE', #9349 ) ;
#5971 = CARTESIAN_POINT ( 'NONE',  ( 8.414570696119975300, 18.37125000000000700, 8.414570696119856300 ) ) ;
#5972 = AXIS2_PLACEMENT_3D ( 'NONE', #7402, #1539, #4551 ) ;
#5973 = DIRECTION ( 'NONE',  ( 1.000000000000000000, 0.0000000000000000000, 0.0000000000000000000 ) ) ;
#5974 = CARTESIAN_POINT ( 'NONE',  ( 8.150058215393922700, 24.27242179343769700, 16.10048405176377900 ) ) ;
#5975 = CARTESIAN_POINT ( 'NONE',  ( -5.312971222579396800, 15.05812500000001500, 12.82664718204939000 ) ) ;
#5976 = EDGE_CURVE ( 'NONE', #7132, #196, #1201, .T. ) ;
#5977 = ORIENTED_EDGE ( 'NONE', *, *, #6320, .F. ) ;
#5978 = CARTESIAN_POINT ( 'NONE',  ( -13.79999999999999700, 3.918869757271530500E-016, -3.200000000000000200 ) ) ;
#5979 = ORIENTED_EDGE ( 'NONE', *, *, #4971, .F. ) ;
#5980 = EDGE_CURVE ( 'NONE', #6846, #6281, #5879, .T. ) ;
#5981 = AXIS2_PLACEMENT_3D ( 'NONE', #4224, #7993, #4981 ) ;
#5982 = ADVANCED_BREP_SHAPE_REPRESENTATION ( '', ( #8440, #1296 ), #9482 ) ;
#5983 = CARTESIAN_POINT ( 'NONE',  ( -3.455323577095457700E-014, 9.525000000000000400, 17.60000000000000100 ) ) ;
#5984 = AXIS2_PLACEMENT_3D ( 'NONE', #8187, #2911, #2178 ) ;
#5985 = CARTESIAN_POINT ( 'NONE',  ( -12.94999999999999200, -11.19999999999999900, 12.94999999999999200 ) ) ;
#5986 = CARTESIAN_POINT ( 'NONE',  ( -3.846108121413943400, 0.4098623777659432000, -19.85494141734954700 ) ) ;
#5987 = DIRECTION ( 'NONE',  ( 0.0000000000000000000, 0.0000000000000000000, -1.000000000000000000 ) ) ;
#5988 = EDGE_LOOP ( 'NONE', ( #2117, #7414 ) ) ;
#5989 = CONICAL_SURFACE ( 'NONE', #7922, 9.525000000000000400, 1.047197551196596500 ) ;
#5990 = ORIENTED_EDGE ( 'NONE', *, *, #7543, .T. ) ;
#5991 = ADVANCED_FACE ( 'NONE', ( #393, #149 ), #2724, .F. ) ;
#5992 = CARTESIAN_POINT ( 'NONE',  ( 8.475000000000001400, 0.0000000000000000000, -2.200000000000000200 ) ) ;
#5994 = ORIENTED_EDGE ( 'NONE', *, *, #2032, .F. ) ;
#5993 = VERTEX_POINT ( 'NONE', #4862 ) ;
#5995 = CARTESIAN_POINT ( 'NONE',  ( 5.260512242138388700, 16.41375521535169200, 12.69999999999992600 ) ) ;
#5996 = CONTEXT_DEPENDENT_SHAPE_REPRESENTATION ( #6572, #7035 ) ;
#5997 = CARTESIAN_POINT ( 'NONE',  ( 12.27635182233308000, 4.536000727032309800E-016, -3.703925678971643300 ) ) ;
#5998 = CARTESIAN_POINT ( 'NONE',  ( 0.0000000000000000000, 0.0000000000000000000, 0.0000000000000000000 ) ) ;
#5999 = CARTESIAN_POINT ( 'NONE',  ( -19.21121883656405100, 20.63746869550590200, 8.481100801995044200 ) ) ;
#6000 = PRODUCT_DEFINITION_FORMATION_WITH_SPECIFIED_SOURCE ( '任何', '', #6599, .NOT_KNOWN. ) ;
#6001 = CARTESIAN_POINT ( 'NONE',  ( 1.120033498639825900, 6.342123790875366000, 5.701109406697577600 ) ) ;
#6002 = CARTESIAN_POINT ( 'NONE',  ( 9.000000000000001800, -1.199999999999999700, -11.49999999999999800 ) ) ;
#6003 = FACE_OUTER_BOUND ( 'NONE', #936, .T. ) ;
#6004 = CARTESIAN_POINT ( 'NONE',  ( 1.151658749357196400E-013, 15.67250000000001400, 11.89999999999999900 ) ) ;
#6005 = ORIENTED_EDGE ( 'NONE', *, *, #4465, .T. ) ;
#6006 = CARTESIAN_POINT ( 'NONE',  ( -12.27635182233306700, 0.0000000000000000000, 0.0000000000000000000 ) ) ;
#6007 = EDGE_LOOP ( 'NONE', ( #7616, #6571 ) ) ;
#6008 = EDGE_CURVE ( 'NONE', #9396, #5384, #2019, .T. ) ;
#6009 = B_SPLINE_CURVE_WITH_KNOTS ( 'NONE', 3,
 ( #4704, #4052, #2447, #4674, #7651, #6207 ),
 .UNSPECIFIED., .F., .F.,
 ( 4, 2, 4 ),
 ( 2.380730676605472000E-007, 0.002782414026671824500, 0.005564589980275988800 ),
 .UNSPECIFIED. ) ;
#6010 = CARTESIAN_POINT ( 'NONE',  ( -8.414570696119973500, 17.73625000000000900, -8.414570696119856300 ) ) ;
#6011 = ADVANCED_FACE ( 'NONE', ( #2851 ), #1972, .T. ) ;
#6012 = LINE ( 'NONE', #5107, #1009 ) ;
#6013 = DIRECTION ( 'NONE',  ( 0.0000000000000000000, 1.000000000000000000, 0.0000000000000000000 ) ) ;
#6014 = DIRECTION ( 'NONE',  ( -0.0000000000000000000, -1.000000000000000000, -0.0000000000000000000 ) ) ;
#6015 = CARTESIAN_POINT ( 'NONE',  ( -12.82664718204939000, 18.55062500000001100, -5.312971222579394100 ) ) ;
#6016 = ORIENTED_EDGE ( 'NONE', *, *, #1966, .T. ) ;
#6017 = DIRECTION ( 'NONE',  ( -0.0000000000000000000, -1.000000000000000000, -0.0000000000000000000 ) ) ;
#6018 = VECTOR ( 'NONE', #1840, 1000.000000000000000 ) ;
#6019 = ADVANCED_FACE ( 'NONE', ( #6804 ), #6453, .T. ) ;
#6020 = CYLINDRICAL_SURFACE ( 'NONE', #3187, 2.499999999999998700 ) ;
#6021 = ORIENTED_EDGE ( 'NONE', *, *, #6225, .F. ) ;
#6022 = CARTESIAN_POINT ( 'NONE',  ( 12.39686533479526500, 11.39686533479527100, -1.377380915777455700E-011 ) ) ;
#6023 = COORDINATED_UNIVERSAL_TIME_OFFSET ( 8, 0, .AHEAD. ) ;
#6024 = EDGE_LOOP ( 'NONE', ( #5618, #8506, #7080, #4371 ) ) ;
#6025 = CIRCLE ( 'NONE', #6845, 2.000000000000001800 ) ;
#6026 = CIRCLE ( 'NONE', #480, 1.000000000000000900 ) ;
#6027 = CARTESIAN_POINT ( 'NONE',  ( -1.332425256438214900, 1.691144339801393000, -1.563043939730329300 ) ) ;
#6028 = DIRECTION ( 'NONE',  ( 8.775090700452169200E-016, 1.000000000000000000, 0.0000000000000000000 ) ) ;
#6029 = CARTESIAN_POINT ( 'NONE',  ( 0.0000000000000000000, 0.0000000000000000000, 15.35253755750896700 ) ) ;
#6030 = DIRECTION ( 'NONE',  ( 0.0000000000000000000, 0.0000000000000000000, 1.000000000000000000 ) ) ;
#6031 = ORIENTED_EDGE ( 'NONE', *, *, #5128, .F. ) ;
#6032 = APPROVAL_PERSON_ORGANIZATION ( #65, #4204, #2473 ) ;
#6033 = CARTESIAN_POINT ( 'NONE',  ( 12.69999999999996900, 12.98811978464833700, -9.023892744153249100E-014 ) ) ;
#6034 = AXIS2_PLACEMENT_3D ( 'NONE', #8549, #7175, #7111 ) ;
#6035 = CARTESIAN_POINT ( 'NONE',  ( -15.94609090054203000, 0.8555418551744640200, -13.14150495268104300 ) ) ;
#6036 = CARTESIAN_POINT ( 'NONE',  ( 14.73587640020000600, 0.0000000000000000000, 0.0000000000000000000 ) ) ;
#6037 = EDGE_LOOP ( 'NONE', ( #8248, #3079, #3360, #8596 ) ) ;
#6038 = AXIS2_PLACEMENT_3D ( 'NONE', #3800, #6088, #3060 ) ;
#6039 = EDGE_LOOP ( 'NONE', ( #1757, #3446, #1911, #6609 ) ) ;
#6040 = EDGE_CURVE ( 'NONE', #4472, #1795, #4720, .T. ) ;
#6041 = EDGE_LOOP ( 'NONE', ( #2889, #1905, #1681, #6370 ) ) ;
#6042 = CARTESIAN_POINT ( 'NONE',  ( -13.44999999999999900, 8.900000000000016300, 12.94999999999999200 ) ) ;
#6043 = CARTESIAN_POINT ( 'NONE',  ( -11.89999999999999900, 19.16500000000000600, 8.309725586446656100E-014 ) ) ;
#6044 = CARTESIAN_POINT ( 'NONE',  ( 15.26879352041972900, 0.4084534993140844200, 13.25888090243408800 ) ) ;
#6045 = ADVANCED_FACE ( 'NONE', ( #508 ), #8326, .T. ) ;
#6046 = CARTESIAN_POINT ( 'NONE',  ( -19.23611071940080600, 20.70927092917400700, 8.424716209996439900 ) ) ;
#6047 = ORIENTED_EDGE ( 'NONE', *, *, #6248, .F. ) ;
#6048 = DIRECTION ( 'NONE',  ( 0.0000000000000000000, 0.0000000000000000000, -1.000000000000000000 ) ) ;
#6049 = AXIS2_PLACEMENT_3D ( 'NONE', #2264, #8203, #5987 ) ;
#6050 = ORIENTED_EDGE ( 'NONE', *, *, #7914, .T. ) ;
#6051 = CARTESIAN_POINT ( 'NONE',  ( -11.89999999999996300, 19.44437500000001200, 4.929141392239922800 ) ) ;
#6052 = ORIENTED_EDGE ( 'NONE', *, *, #9361, .T. ) ;
#6053 = AXIS2_PLACEMENT_3D ( 'NONE', #5635, #1938, #407 ) ;
#6054 = ORIENTED_EDGE ( 'NONE', *, *, #3758, .T. ) ;
#6055 = CONICAL_SURFACE ( 'NONE', #8920, 9.525000000000000400, 1.047197551196596500 ) ;
#6056 = CARTESIAN_POINT ( 'NONE',  ( 0.0000000000000000000, 0.0000000000000000000, -21.00000000000000000 ) ) ;
#6057 = CARTESIAN_POINT ( 'NONE',  ( 8.482244080906811600, 4.358322289669030300, -5.809516640901488500E-015 ) ) ;
#6058 = CIRCLE ( 'NONE', #5810, 8.045708121834925600 ) ;
#6059 = DIRECTION ( 'NONE',  ( 1.000000000000000000, -8.195543980992800500E-016, 0.0000000000000000000 ) ) ;
#6060 = B_SPLINE_CURVE_WITH_KNOTS ( 'NONE', 3,
 ( #9598, #7571, #899, #2330, #5410, #6127 ),
 .UNSPECIFIED., .F., .F.,
 ( 4, 2, 4 ),
 ( 2.380730676607476900E-007, 0.002782414026671823600, 0.005564589980275986200 ),
 .UNSPECIFIED. ) ;
#6061 = DIRECTION ( 'NONE',  ( 9.614813431917856100E-017, -0.7071067811865487900, -0.7071067811865463500 ) ) ;
#6062 = CARTESIAN_POINT ( 'NONE',  ( -4.290575727791766000, 0.1729270260026183600, -19.35589156670996400 ) ) ;
#6063 = FACE_OUTER_BOUND ( 'NONE', #6041, .T. ) ;
#6064 = AXIS2_PLACEMENT_3D ( 'NONE', #2571, #4914, #7033 ) ;
#6065 = CC_DESIGN_PERSON_AND_ORGANIZATION_ASSIGNMENT ( #8489, #8701, ( #6249 ) ) ;
#6066 = DATE_AND_TIME ( #5611, #4930 ) ;
#6067 = DIRECTION ( 'NONE',  ( -1.000000000000000000, -0.0000000000000000000, -0.0000000000000000000 ) ) ;
#6068 = CARTESIAN_POINT ( 'NONE',  ( 5.499261314031167900, 9.525000000000019900, 0.8507386859688213000 ) ) ;
#6069 = CARTESIAN_POINT ( 'NONE',  ( 2.532823420761158700E-016, 1.042832680730699300, 2.050000000000001200 ) ) ;
#6070 = DIRECTION ( 'NONE',  ( 1.000000000000000000, -0.0000000000000000000, -0.0000000000000000000 ) ) ;
#6071 = DIRECTION ( 'NONE',  ( 0.0000000000000000000, 0.0000000000000000000, -1.000000000000000000 ) ) ;
#6072 = ADVANCED_FACE ( 'NONE', ( #8447 ), #6230, .F. ) ;
#6073 = VECTOR ( 'NONE', #4023, 1000.000000000000000 ) ;
#6074 = CARTESIAN_POINT ( 'NONE',  ( 2.050000000000001600, 0.6609346322114813000, -1.423535324875093600E-015 ) ) ;
#6075 = ORIENTED_EDGE ( 'NONE', *, *, #2915, .T. ) ;
#6076 = CARTESIAN_POINT ( 'NONE',  ( -11.90000000000003200, 20.35562500000000300, -4.929141392239748700 ) ) ;
#6077 = CARTESIAN_POINT ( 'NONE',  ( 3.586772846851115300, 0.6554350922091458600, 20.16406719884748400 ) ) ;
#6078 = DIRECTION ( 'NONE',  ( -8.775090700452169200E-016, -1.000000000000000000, -0.0000000000000000000 ) ) ;
#6079 = CARTESIAN_POINT ( 'NONE',  ( 0.0000000000000000000, 0.0000000000000000000, 17.60000000000000100 ) ) ;
#6080 = DIRECTION ( 'NONE',  ( 0.0000000000000000000, 0.0000000000000000000, 1.000000000000000000 ) ) ;
#6081 = CARTESIAN_POINT ( 'NONE',  ( 12.82664718204931400, 12.99437500000002100, -5.312971222579575300 ) ) ;
#6082 = EDGE_LOOP ( 'NONE', ( #8010, #8301, #7252, #8543, #5076, #7488, #2713, #5293, #4976, #3768 ) ) ;
#6083 = VECTOR ( 'NONE', #1604, 1000.000000000000000 ) ;
#6084 = CARTESIAN_POINT ( 'NONE',  ( 8.980256121069064800, 16.81063021535169000, -8.980256121069192700 ) ) ;
#6085 = EDGE_LOOP ( 'NONE', ( #3286, #7556, #512, #2493, #6692, #7155, #2082, #2740, #538, #6458 ) ) ;
#6086 = CARTESIAN_POINT ( 'NONE',  ( -11.44999999999999800, 0.0000000000000000000, 0.0000000000000000000 ) ) ;
#6087 = ORIENTED_EDGE ( 'NONE', *, *, #4465, .F. ) ;
#6088 = DIRECTION ( 'NONE',  ( -0.0000000000000000000, -1.000000000000000000, -0.0000000000000000000 ) ) ;
#6089 = CARTESIAN_POINT ( 'NONE',  ( 19.31515102008776800, 20.99886023263151500, -8.188310141596469200 ) ) ;
#6090 = ORIENTED_EDGE ( 'NONE', *, *, #5483, .T. ) ;
#6091 = CARTESIAN_POINT ( 'NONE',  ( -10.45654609777246500, 17.10552019508988100, -7.029924362131999300 ) ) ;
#6092 = ADVANCED_FACE ( 'NONE', ( #269 ), #8566, .T. ) ;
#6093 = AXIS2_PLACEMENT_3D ( 'NONE', #898, #3766, #8236 ) ;
#6094 = DIRECTION ( 'NONE',  ( 0.0000000000000000000, 0.0000000000000000000, -1.000000000000000000 ) ) ;
#6095 = EDGE_CURVE ( 'NONE', #728, #941, #6117, .T. ) ;
#6096 = DIRECTION ( 'NONE',  ( -1.000000000000000000, 0.0000000000000000000, 4.205219310670844300E-016 ) ) ;
#6097 = ORIENTED_EDGE ( 'NONE', *, *, #7469, .F. ) ;
#6098 = CARTESIAN_POINT ( 'NONE',  ( 12.27635182233308000, 0.0000000000000000000, 3.703925678971643300 ) ) ;
#6099 = EDGE_CURVE ( 'NONE', #9057, #3091, #719, .T. ) ;
#6100 = DIRECTION ( 'NONE',  ( 0.0000000000000000000, 0.0000000000000000000, -1.000000000000000000 ) ) ;
#6101 = CARTESIAN_POINT ( 'NONE',  ( -9.000000000000001800, -10.80000000000000600, 6.500000000000000900 ) ) ;
#6102 = DIRECTION ( 'NONE',  ( -0.0000000000000000000, 1.000000000000000000, -0.0000000000000000000 ) ) ;
#6103 = AXIS2_PLACEMENT_3D ( 'NONE', #3095, #897, #2393 ) ;
#6104 = CARTESIAN_POINT ( 'NONE',  ( 8.528325040094458700E-014, 14.40250000000001200, 11.89999999999999900 ) ) ;
#6105 = FACE_OUTER_BOUND ( 'NONE', #5932, .T. ) ;
#6106 = EDGE_LOOP ( 'NONE', ( #3431, #531, #7977, #5197 ) ) ;
#6107 = AXIS2_PLACEMENT_3D ( 'NONE', #4372, #7379, #2937 ) ;
#6108 = DIRECTION ( 'NONE',  ( 0.0000000000000000000, -0.0000000000000000000, 1.000000000000000000 ) ) ;
#6109 = CARTESIAN_POINT ( 'NONE',  ( 12.11555136271317000, 17.58444863728682300, -1.141873653301110300E-011 ) ) ;
#6110 = DIRECTION ( 'NONE',  ( -1.000000000000000000, -0.0000000000000000000, -0.0000000000000000000 ) ) ;
#6111 = CARTESIAN_POINT ( 'NONE',  ( -11.90000000000003200, 20.55562500000000300, -4.929141392239748700 ) ) ;
#6112 = EDGE_CURVE ( 'NONE', #3326, #6326, #6575, .T. ) ;
#6114 = ORIENTED_EDGE ( 'NONE', *, *, #3312, .F. ) ;
#6113 = ORIENTED_EDGE ( 'NONE', *, *, #4185, .F. ) ;
#6115 = CARTESIAN_POINT ( 'NONE',  ( 1.561966144680487000E-014, 17.80000000000001100, 0.0000000000000000000 ) ) ;
#6116 = EDGE_CURVE ( 'NONE', #8891, #4108, #2137, .T. ) ;
#6117 = CIRCLE ( 'NONE', #1228, 11.69999999999998900 ) ;
#6118 = EDGE_LOOP ( 'NONE', ( #1734, #8947, #7498, #5756, #1776, #4199, #859, #8306, #1841, #7741 ) ) ;
#6119 = VERTEX_POINT ( 'NONE', #7282 ) ;
#6120 = ADVANCED_FACE ( 'NONE', ( #3661 ), #8797, .T. ) ;
#6121 = CARTESIAN_POINT ( 'NONE',  ( -13.49045868867346200, 1.372193374551966500E-016, -13.67706794148180700 ) ) ;
#6122 = DIRECTION ( 'NONE',  ( -0.7071067811865474600, 2.595999626617807800E-015, 0.7071067811865474600 ) ) ;
#6123 = EDGE_LOOP ( 'NONE', ( #5346, #3451 ) ) ;
#6124 = CARTESIAN_POINT ( 'NONE',  ( 1.209951936996610200E-013, 13.33250000000001400, 11.89999999999999900 ) ) ;
#6125 = CARTESIAN_POINT ( 'NONE',  ( 11.69999999999999900, 9.400000000000002100, 0.0000000000000000000 ) ) ;
#6126 = PERSON_AND_ORGANIZATION ( #1351, #2732 ) ;
#6127 = CARTESIAN_POINT ( 'NONE',  ( -8.248891971046806000, 4.762499999999953100, 17.60000000000000100 ) ) ;
#6128 = ORIENTED_EDGE ( 'NONE', *, *, #729, .T. ) ;
#6129 = FACE_OUTER_BOUND ( 'NONE', #1195, .T. ) ;
#6130 = CARTESIAN_POINT ( 'NONE',  ( 0.0000000000000000000, 0.0000000000000000000, -3.000000000000000000 ) ) ;
#6131 = ORIENTED_EDGE ( 'NONE', *, *, #7639, .F. ) ;
#6132 = CARTESIAN_POINT ( 'NONE',  ( -5.768140837551207800, 23.76556932822214200, -17.87913691116103400 ) ) ;
#6133 = VERTEX_POINT ( 'NONE', #628 ) ;
#6134 = CARTESIAN_POINT ( 'NONE',  ( -2.034022550795168800, 2.285728152184537600, 0.2928139856195990900 ) ) ;
#6135 = CC_DESIGN_APPROVAL ( #8988, ( #8508 ) ) ;
#6136 = DIRECTION ( 'NONE',  ( 1.000000000000000000, 0.0000000000000000000, 0.0000000000000000000 ) ) ;
#6137 = CARTESIAN_POINT ( 'NONE',  ( -0.9192018991245767300, 6.374954996744044400, 6.107093988224544700 ) ) ;
#6138 = DIRECTION ( 'NONE',  ( 0.0000000000000000000, 0.0000000000000000000, -1.000000000000000000 ) ) ;
#6139 = CIRCLE ( 'NONE', #2787, 1.000000000000000900 ) ;
#6140 = VECTOR ( 'NONE', #7568, 1000.000000000000000 ) ;
#6141 = EDGE_CURVE ( 'NONE', #7374, #27, #1910, .T. ) ;
#6142 = ORIENTED_EDGE ( 'NONE', *, *, #6982, .F. ) ;
#6143 = CARTESIAN_POINT ( 'NONE',  ( -11.89999999999999900, 12.81500000000001700, 8.309725586446656100E-014 ) ) ;
#6144 = ORIENTED_EDGE ( 'NONE', *, *, #5198, .F. ) ;
#6145 = CARTESIAN_POINT ( 'NONE',  ( 9.213849232481804200, 17.67440014336844800, -7.739466112584713300 ) ) ;
#6146 = ADVANCED_FACE ( 'NONE', ( #4848 ), #8800, .F. ) ;
#6147 = CARTESIAN_POINT ( 'NONE',  ( 0.6516849069254617700, 17.38962489006590300, 12.31944521197086200 ) ) ;
#6148 = CARTESIAN_POINT ( 'NONE',  ( 12.82664718204935100, 14.18500000000001500, -9.113880979362923200E-014 ) ) ;
#6149 = CIRCLE ( 'NONE', #6862, 5.674999999999997200 ) ;
#6150 = DIRECTION ( 'NONE',  ( -1.000000000000000000, 0.0000000000000000000, 0.0000000000000000000 ) ) ;
#6151 = ORIENTED_EDGE ( 'NONE', *, *, #278, .T. ) ;
#6152 = CARTESIAN_POINT ( 'NONE',  ( -5.260512242138207600, 14.98500521535169100, 12.70000000000000100 ) ) ;
#6153 = CALENDAR_DATE ( 2023, 6, 9 ) ;
#6154 = ADVANCED_FACE ( 'NONE', ( #963 ), #9374, .F. ) ;
#6155 = EDGE_LOOP ( 'NONE', ( #7523, #1843, #112, #3544 ) ) ;
#6156 = ORIENTED_EDGE ( 'NONE', *, *, #5228, .F. ) ;
#6157 = ORIENTED_EDGE ( 'NONE', *, *, #3624, .F. ) ;
#6158 = CARTESIAN_POINT ( 'NONE',  ( -15.47801228808976500, 0.5172555231666822200, -13.22056263619568900 ) ) ;
#6159 = CARTESIAN_POINT ( 'NONE',  ( -13.44999999999999900, 19.99999999999999600, 12.94999999999999200 ) ) ;
#6160 = CYLINDRICAL_SURFACE ( 'NONE', #8965, 2.300000000000001600 ) ;
#6161 = CARTESIAN_POINT ( 'NONE',  ( 11.90000000000004500, 15.91062500000001200, 4.929141392239721100 ) ) ;
#6162 = CARTESIAN_POINT ( 'NONE',  ( -12.70000000000000500, 12.27374478464833800, -5.260512242138206700 ) ) ;
#6163 = ORIENTED_EDGE ( 'NONE', *, *, #661, .F. ) ;
#6164 = CARTESIAN_POINT ( 'NONE',  ( 10.23263610577860500, 11.63061278299894700, 7.415111185708243900 ) ) ;
#6165 = CARTESIAN_POINT ( 'NONE',  ( -9.454654399847413500, 0.0000000000000000000, 0.0000000000000000000 ) ) ;
#6166 = DIRECTION ( 'NONE',  ( -8.775090700452169200E-016, -1.000000000000000000, -0.0000000000000000000 ) ) ;
#6167 = VERTEX_POINT ( 'NONE', #7208 ) ;
#6168 = LINE ( 'NONE', #1516, #2070 ) ;
#6169 = CARTESIAN_POINT ( 'NONE',  ( 1.006550781153894200E-013, -9.525000000000000400, 17.60000000000000100 ) ) ;
#6170 = CARTESIAN_POINT ( 'NONE',  ( -0.5800120672147705000, -6.415325105825624000, 6.404248581342878700 ) ) ;
#6171 = AXIS2_PLACEMENT_3D ( 'NONE', #5114, #1383, #9592 ) ;
#6172 = VECTOR ( 'NONE', #8059, 1000.000000000000000 ) ;
#6173 = ADVANCED_FACE ( 'NONE', ( #3543, #1426 ), #6454, .F. ) ;
#6174 = ORIENTED_EDGE ( 'NONE', *, *, #3639, .T. ) ;
#6175 = EDGE_CURVE ( 'NONE', #8032, #7721, #8556, .T. ) ;
#6176 = VERTEX_POINT ( 'NONE', #4226 ) ;
#6177 = ORIENTED_EDGE ( 'NONE', *, *, #1529, .T. ) ;
#6178 = CARTESIAN_POINT ( 'NONE',  ( 11.90000000000003600, 15.91062500000001000, 4.929141392239745100 ) ) ;
#6179 = ORIENTED_EDGE ( 'NONE', *, *, #4461, .F. ) ;
#6180 = CARTESIAN_POINT ( 'NONE',  ( 7.986871099097613500, 17.47460465832450200, 9.290556149034058500 ) ) ;
#6181 = DIRECTION ( 'NONE',  ( -0.0000000000000000000, -1.000000000000000000, -0.0000000000000000000 ) ) ;
#6182 = EDGE_CURVE ( 'NONE', #7869, #8100, #3894, .T. ) ;
#6183 = AXIS2_PLACEMENT_3D ( 'NONE', #8527, #3390, #8588 ) ;
#6184 = FACE_OUTER_BOUND ( 'NONE', #8562, .T. ) ;
#6185 = CARTESIAN_POINT ( 'NONE',  ( -8.382592070995921100E-014, 20.31750000000000300, -11.89999999999999900 ) ) ;
#6186 = CARTESIAN_POINT ( 'NONE',  ( 2.078408020635114000E-015, 25.00000000000000000, -16.68470121112101300 ) ) ;
#6187 = AXIS2_PLACEMENT_3D ( 'NONE', #4197, #4227, #1204 ) ;
#6188 = DIRECTION ( 'NONE',  ( 0.0000000000000000000, 0.0000000000000000000, 1.000000000000000000 ) ) ;
#6189 = CARTESIAN_POINT ( 'NONE',  ( -9.410626844376066600, -2.750316174469114000, 0.1555587596408454500 ) ) ;
#6190 = VECTOR ( 'NONE', #3280, 1000.000000000000100 ) ;
#6191 = PLANE ( 'NONE',  #373 ) ;
#6192 = DIRECTION ( 'NONE',  ( -1.000000000000000000, -0.0000000000000000000, -0.0000000000000000000 ) ) ;
#6193 = DIRECTION ( 'NONE',  ( 0.0000000000000000000, -1.000000000000000000, 0.0000000000000000000 ) ) ;
#6194 = CARTESIAN_POINT ( 'NONE',  ( 18.97798937714034700, 0.2375955401937832900, 6.181512074908283700 ) ) ;
#6195 = CARTESIAN_POINT ( 'NONE',  ( -12.51812523131016300, 17.18187476868981600, -7.635464354253209400E-013 ) ) ;
#6196 = APPROVAL ( #3494, '未指定' ) ;
#6197 = CARTESIAN_POINT ( 'NONE',  ( 2.325771207284394600, 11.53359390721352900, 12.32226047814653700 ) ) ;
#6198 = ORIENTED_EDGE ( 'NONE', *, *, #7871, .T. ) ;
#6199 = CARTESIAN_POINT ( 'NONE',  ( 0.0000000000000000000, 25.00000000000000000, 0.0000000000000000000 ) ) ;
#6200 = CIRCLE ( 'NONE', #5542, 4.449999999999996600 ) ;
#6201 = DIRECTION ( 'NONE',  ( 0.0000000000000000000, -1.000000000000000000, 0.0000000000000000000 ) ) ;
#6202 = CARTESIAN_POINT ( 'NONE',  ( 11.44999999999999800, 0.0000000000000000000, 0.0000000000000000000 ) ) ;
#6203 = EDGE_CURVE ( 'NONE', #5241, #7091, #615, .T. ) ;
#6204 = DATE_TIME_ROLE ( 'classification_date' ) ;
#6205 = DIRECTION ( 'NONE',  ( -0.0000000000000000000, -0.0000000000000000000, -1.000000000000000000 ) ) ;
#6206 = ORIENTED_EDGE ( 'NONE', *, *, #9481, .F. ) ;
#6207 = CARTESIAN_POINT ( 'NONE',  ( -8.248891971046807800, 4.762499999999954000, 0.0000000000000000000 ) ) ;
#6208 = ORIENTED_EDGE ( 'NONE', *, *, #6905, .T. ) ;
#6209 = CARTESIAN_POINT ( 'NONE',  ( 4.929141392239922800, 11.94187500000002100, 11.89999999999996300 ) ) ;
#6210 = DIRECTION ( 'NONE',  ( -0.0000000000000000000, 1.000000000000000000, -0.0000000000000000000 ) ) ;
#6211 = PLANE ( 'NONE',  #598 ) ;
#6212 = DIRECTION ( 'NONE',  ( 1.000000000000000000, -0.0000000000000000000, -0.0000000000000000000 ) ) ;
#6213 = CARTESIAN_POINT ( 'NONE',  ( 11.89999999999999900, 17.46000000000000800, -8.455458555545188700E-014 ) ) ;
#6214 = EDGE_LOOP ( 'NONE', ( #650, #1611, #3415, #6421 ) ) ;
#6215 = DIRECTION ( 'NONE',  ( -0.0000000000000000000, -0.0000000000000000000, -1.000000000000000000 ) ) ;
#6216 = ADVANCED_FACE ( 'NONE', ( #6105 ), #3321, .T. ) ;
#6217 = CARTESIAN_POINT ( 'NONE',  ( 1.989931015198607800, 0.7722929840020141800, -0.5085270384248981000 ) ) ;
#6218 = DIRECTION ( 'NONE',  ( 0.0000000000000000000, -1.000000000000000000, 0.0000000000000000000 ) ) ;
#6219 = ORIENTED_EDGE ( 'NONE', *, *, #8787, .F. ) ;
#6220 = ORIENTED_EDGE ( 'NONE', *, *, #4296, .F. ) ;
#6221 = AXIS2_PLACEMENT_3D ( 'NONE', #7566, #9110, #1674 ) ;
#6222 = CARTESIAN_POINT ( 'NONE',  ( -2.020494049468741800, 11.48991173350448700, 12.33178543614257400 ) ) ;
#6223 = EDGE_LOOP ( 'NONE', ( #8340, #3567, #8830, #1243 ) ) ;
#6224 = CARTESIAN_POINT ( 'NONE',  ( -10.65465439984741300, 0.0000000000000000000, -6.299999999999996300 ) ) ;
#6225 = EDGE_CURVE ( 'NONE', #7652, #8929, #1899, .T. ) ;
#6226 = DIRECTION ( 'NONE',  ( 1.000000000000000000, -8.775090700452167200E-016, 0.0000000000000000000 ) ) ;
#6227 = CARTESIAN_POINT ( 'NONE',  ( -1.120033498639826400, -6.342123790875367800, 5.701109406697579400 ) ) ;
#6228 = DIRECTION ( 'NONE',  ( 1.000000000000000000, 0.0000000000000000000, 0.0000000000000000000 ) ) ;
#6229 = ORIENTED_EDGE ( 'NONE', *, *, #2270, .F. ) ;
#6230 = TOROIDAL_SURFACE ( 'NONE', #8418, 7.060900368822721000, 1.000000000000000900 ) ;
#6231 = CARTESIAN_POINT ( 'NONE',  ( -7.317804019944206000, -6.375191637624831200, 0.08107999114721958800 ) ) ;
#6232 = ORIENTED_EDGE ( 'NONE', *, *, #6116, .T. ) ;
#6233 = B_SPLINE_CURVE_WITH_KNOTS ( 'NONE', 3,
 ( #5684, #337, #6425, #4921, #710, #5224, #6648, #1463, #7423, #8188, #5015, #9431 ),
 .UNSPECIFIED., .F., .F.,
 ( 4, 2, 2, 2, 2, 4 ),
 ( -9.403254081137053300E-006, 0.0002449715669492790500, 0.0004993463879796951500, 0.001008096030040521300, 0.001516845672101347200, 0.002025595314162173100 ),
 .UNSPECIFIED. ) ;
#6235 = EDGE_LOOP ( 'NONE', ( #9364, #422, #9261, #7855 ) ) ;
#6234 = ORIENTED_EDGE ( 'NONE', *, *, #9586, .T. ) ;
#6236 = CALENDAR_DATE ( 2023, 6, 9 ) ;
#6237 = CARTESIAN_POINT ( 'NONE',  ( 8.414570696119975300, 13.29125000000001400, 8.414570696119856300 ) ) ;
#6238 = CARTESIAN_POINT ( 'NONE',  ( 10.23982179844510700, 17.65649240860862100, -6.395521298233093800 ) ) ;
#6239 = CARTESIAN_POINT ( 'NONE',  ( -6.319843205376459500, 17.31415894757227400, 10.65979458644821800 ) ) ;
#6240 = DIRECTION ( 'NONE',  ( 0.0000000000000000000, 0.0000000000000000000, -1.000000000000000000 ) ) ;
#6241 = FACE_OUTER_BOUND ( 'NONE', #6924, .T. ) ;
#6242 = CARTESIAN_POINT ( 'NONE',  ( 11.89999999999999900, 18.73000000000000400, -8.455458555545188700E-014 ) ) ;
#6243 = EDGE_CURVE ( 'NONE', #5285, #5832, #9594, .T. ) ;
#6244 = ORIENTED_EDGE ( 'NONE', *, *, #4296, .T. ) ;
#6245 = ORIENTED_EDGE ( 'NONE', *, *, #6532, .T. ) ;
#6246 = CARTESIAN_POINT ( 'NONE',  ( -18.90841725815225200, 0.1732285468253880500, 5.963662298227195200 ) ) ;
#6247 = COORDINATED_UNIVERSAL_TIME_OFFSET ( 8, 0, .AHEAD. ) ;
#6248 = EDGE_CURVE ( 'NONE', #3860, #6119, #9128, .T. ) ;
#6249 = PRODUCT_DEFINITION_FORMATION_WITH_SPECIFIED_SOURCE ( '任何', '', #5791, .NOT_KNOWN. ) ;
#6250 = CYLINDRICAL_SURFACE ( 'NONE', #1964, 15.60000000000000000 ) ;
#6251 = CARTESIAN_POINT ( 'NONE',  ( 0.0000000000000000000, 0.0000000000000000000, 0.0000000000000000000 ) ) ;
#6252 = LINE ( 'NONE', #2016, #3792 ) ;
#6253 = DIRECTION ( 'NONE',  ( 1.000000000000000000, 0.0000000000000000000, 0.0000000000000000000 ) ) ;
#6254 = CARTESIAN_POINT ( 'NONE',  ( 0.0000000000000000000, -9.525000000000057200, 6.550000000000001600 ) ) ;
#6255 = CARTESIAN_POINT ( 'NONE',  ( 12.39686533479526500, 11.39686533479527100, -1.377380915777455700E-011 ) ) ;
#6256 = CARTESIAN_POINT ( 'NONE',  ( -13.25465439984741200, 0.0000000000000000000, -3.914999999999996500 ) ) ;
#6257 = CARTESIAN_POINT ( 'NONE',  ( 0.0000000000000000000, 0.0000000000000000000, 0.0000000000000000000 ) ) ;
#6258 = CIRCLE ( 'NONE', #7635, 19.99999999999998900 ) ;
#6259 = CARTESIAN_POINT ( 'NONE',  ( 5.949064689866363100, 8.745917699637464800, 0.5910445858475869000 ) ) ;
#6260 = DIRECTION ( 'NONE',  ( 0.9999999999999998900, -4.009147065138293500E-048, -6.835110704188895800E-033 ) ) ;
#6261 = EDGE_LOOP ( 'NONE', ( #549, #6844, #2855, #3956, #9681, #2244, #5156, #7988 ) ) ;
#6262 = PERSON_AND_ORGANIZATION ( #4303, #4183 ) ;
#6263 = CARTESIAN_POINT ( 'NONE',  ( 0.0000000000000000000, 0.0000000000000000000, -3.000000000000000000 ) ) ;
#6264 = ORIENTED_EDGE ( 'NONE', *, *, #8143, .F. ) ;
#6265 = ADVANCED_FACE ( 'NONE', ( #6564 ), #8316, .F. ) ;
#6266 = CIRCLE ( 'NONE', #1473, 9.525000000000002100 ) ;
#6267 = FACE_OUTER_BOUND ( 'NONE', #3651, .T. ) ;
#6268 = CARTESIAN_POINT ( 'NONE',  ( -9.035340417286478800E-014, 18.31250000000001100, -12.82664718204935100 ) ) ;
#6269 = EDGE_LOOP ( 'NONE', ( #7797, #9147, #6156, #3691, #7734, #3058 ) ) ;
#6270 = LOCAL_TIME ( 13, 59, 25.00000000000000000, #1479 ) ;
#6271 = CARTESIAN_POINT ( 'NONE',  ( -8.308988999489114400E-014, 11.42750000000002000, -11.89999999999999900 ) ) ;
#6272 = CARTESIAN_POINT ( 'NONE',  ( -5.260512242138384300, 14.65499478464833600, -12.69999999999993200 ) ) ;
#6273 = VERTEX_POINT ( 'NONE', #9312 ) ;
#6274 = CARTESIAN_POINT ( 'NONE',  ( -11.90000000000003200, 15.47562500000001000, -4.929141392239748700 ) ) ;
#6275 = CARTESIAN_POINT ( 'NONE',  ( 1.869027305898125900, -9.524999999999979000, 0.09848334842929572200 ) ) ;
#6276 = ORIENTED_EDGE ( 'NONE', *, *, #6420, .T. ) ;
#6277 = LINE ( 'NONE', #5069, #9198 ) ;
#6278 = CARTESIAN_POINT ( 'NONE',  ( -4.929141392239745100, 16.86312500000001100, 11.90000000000003800 ) ) ;
#6279 = CARTESIAN_POINT ( 'NONE',  ( 0.0000000000000000000, 0.0000000000000000000, 0.0000000000000000000 ) ) ;
#6280 = B_SPLINE_CURVE_WITH_KNOTS ( 'NONE', 3,
 ( #4719, #1121, #7086, #4762, #2792, #4203, #2063, #6462, #4263, #8876, #5904, #5939 ),
 .UNSPECIFIED., .F., .F.,
 ( 4, 2, 2, 2, 2, 4 ),
 ( -9.403254081137822400E-006, 0.0002449715941318695900, 0.0004993464423448769900, 0.001008096138770895800, 0.001516845835196912700, 0.002025595531622930000 ),
 .UNSPECIFIED. ) ;
#6281 = VERTEX_POINT ( 'NONE', #4952 ) ;
#6282 = CARTESIAN_POINT ( 'NONE',  ( 19.39036499424409500, 21.77909622112833400, -7.502736951591290700 ) ) ;
#6283 = ORIENTED_EDGE ( 'NONE', *, *, #7345, .T. ) ;
#6284 = CARTESIAN_POINT ( 'NONE',  ( -12.28141183764305200, 17.15582178632724500, -2.581138319692354100 ) ) ;
#6285 = EDGE_CURVE ( 'NONE', #6281, #9566, #4586, .T. ) ;
#6286 = LINE ( 'NONE', #8359, #1847 ) ;
#6287 = EDGE_CURVE ( 'NONE', #6167, #2815, #1085, .T. ) ;
#6288 = VECTOR ( 'NONE', #6181, 1000.000000000000000 ) ;
#6289 = DIRECTION ( 'NONE',  ( -1.000000000000000000, 0.0000000000000000000, 0.0000000000000000000 ) ) ;
#6290 = PLANE ( 'NONE',  #836 ) ;
#6291 = CARTESIAN_POINT ( 'NONE',  ( 0.3017175119825188900, -6.434441426673038800, 6.519903982726656700 ) ) ;
#6292 = CARTESIAN_POINT ( 'NONE',  ( 0.0000000000000000000, 2.000000000000000000, 0.0000000000000000000 ) ) ;
#6293 = DIRECTION ( 'NONE',  ( -6.758198449302198400E-033, 0.1495942208625809500, -0.9887474748814874000 ) ) ;
#6294 = EDGE_LOOP ( 'NONE', ( #7606, #850, #1128, #6612 ) ) ;
#6295 = DIRECTION ( 'NONE',  ( -0.0000000000000000000, -1.000000000000000000, -0.0000000000000000000 ) ) ;
#6296 = AXIS2_PLACEMENT_3D ( 'NONE', #7547, #902, #3773 ) ;
#6297 = VECTOR ( 'NONE', #8448, 1000.000000000000100 ) ;
#6298 = EDGE_CURVE ( 'NONE', #7426, #7202, #7603, .T. ) ;
#6299 = CARTESIAN_POINT ( 'NONE',  ( -5.312971222579573500, 19.66187500000000600, -12.82664718204931400 ) ) ;
#6300 = DIRECTION ( 'NONE',  ( 0.0000000000000000000, -1.000000000000000000, 0.0000000000000000000 ) ) ;
#6301 = CARTESIAN_POINT ( 'NONE',  ( 5.260512242138389600, 14.01999478464833400, 12.69999999999992800 ) ) ;
#6302 = EDGE_CURVE ( 'NONE', #5092, #1958, #1315, .T. ) ;
#6303 = AXIS2_PLACEMENT_3D ( 'NONE', #3319, #4896, #8503 ) ;
#6304 = CARTESIAN_POINT ( 'NONE',  ( 8.528325040094456200E-014, 18.41250000000000500, 11.89999999999999900 ) ) ;
#6305 = CARTESIAN_POINT ( 'NONE',  ( 12.69999999999998500, -1.114436518957424200E-014, 0.0000000000000000000 ) ) ;
#6306 = ORIENTED_EDGE ( 'NONE', *, *, #2408, .F. ) ;
#6307 = CARTESIAN_POINT ( 'NONE',  ( 1.122512155537489600E-013, 16.94250000000001000, 11.89999999999999900 ) ) ;
#6308 = ADVANCED_FACE ( 'NONE', ( #1790 ), #1895, .T. ) ;
#6309 = CARTESIAN_POINT ( 'NONE',  ( 4.929141392239937900, 12.14187500000001700, 11.89999999999995400 ) ) ;
#6310 = DIRECTION ( 'NONE',  ( -0.0000000000000000000, 1.000000000000000000, -0.0000000000000000000 ) ) ;
#6311 = VERTEX_POINT ( 'NONE', #2684 ) ;
#6312 = CIRCLE ( 'NONE', #4729, 14.20000000000000100 ) ;
#6313 = DIRECTION ( 'NONE',  ( 1.000000000000000000, 0.0000000000000000000, 0.0000000000000000000 ) ) ;
#6314 = PRODUCT_RELATED_PRODUCT_CATEGORY ( 'detail', '', ( #7915 ) ) ;
#6315 = VERTEX_POINT ( 'NONE', #7178 ) ;
#6316 = DIRECTION ( 'NONE',  ( -0.0000000000000000000, -0.0000000000000000000, -1.000000000000000000 ) ) ;
#6317 = ORIENTED_EDGE ( 'NONE', *, *, #6320, .T. ) ;
#6318 = CARTESIAN_POINT ( 'NONE',  ( 0.0000000000000000000, -11.19999999999999900, 12.94999999999999200 ) ) ;
#6319 = DIRECTION ( 'NONE',  ( 9.614813431917856100E-017, 0.7071067811865487900, -0.7071067811865463500 ) ) ;
#6320 = EDGE_CURVE ( 'NONE', #6340, #1089, #385, .T. ) ;
#6321 = APPLICATION_CONTEXT ( 'configuration controlled 3d designs of mechanical parts and assemblies' ) ;
#6322 = ORIENTED_EDGE ( 'NONE', *, *, #980, .T. ) ;
#6323 = CARTESIAN_POINT ( 'NONE',  ( -12.86134055113139100, 3.246073035026182500E-016, -2.309999999999996500 ) ) ;
#6324 = CARTESIAN_POINT ( 'NONE',  ( -3.831793927292067400, 22.64442538716135200, 19.87170822049319700 ) ) ;
#6325 = CARTESIAN_POINT ( 'NONE',  ( 12.82664718204939200, 19.18562500000000200, 5.312971222579391500 ) ) ;
#6326 = VERTEX_POINT ( 'NONE', #7114 ) ;
#6327 = DIRECTION ( 'NONE',  ( 0.0000000000000000000, 0.0000000000000000000, 1.000000000000000000 ) ) ;
#6328 = DIRECTION ( 'NONE',  ( -0.7071067811865475700, 0.0000000000000000000, -0.7071067811865475700 ) ) ;
#6329 = CARTESIAN_POINT ( 'NONE',  ( 11.89999999999996500, 14.99937500000001300, -4.929141392239915700 ) ) ;
#6330 = DIRECTION ( 'NONE',  ( 0.0000000000000000000, 0.0000000000000000000, 1.000000000000000000 ) ) ;
#6331 = CARTESIAN_POINT ( 'NONE',  ( -8.073252374094714400, -21.24705545965125700, 11.83957626202014300 ) ) ;
#6332 = PLANE ( 'NONE',  #1275 ) ;
#6333 = VECTOR ( 'NONE', #1116, 1000.000000000000000 ) ;
#6334 = ORIENTED_EDGE ( 'NONE', *, *, #5459, .F. ) ;
#6335 = CARTESIAN_POINT ( 'NONE',  ( 5.050000000000013100, 0.0000000000000000000, 0.0000000000000000000 ) ) ;
#6337 = ORIENTED_EDGE ( 'NONE', *, *, #9535, .F. ) ;
#6336 = VERTEX_POINT ( 'NONE', #6398 ) ;
#6338 = CARTESIAN_POINT ( 'NONE',  ( -5.260512242138384300, 12.11499478464833900, -12.69999999999993200 ) ) ;
#6339 = AXIS2_PLACEMENT_3D ( 'NONE', #377, #5605, #1125 ) ;
#6340 = VERTEX_POINT ( 'NONE', #1868 ) ;
#6341 = AXIS2_PLACEMENT_3D ( 'NONE', #8406, #2536, #4804 ) ;
#6342 = DIRECTION ( 'NONE',  ( 1.000000000000000000, 0.0000000000000000000, 0.0000000000000000000 ) ) ;
#6343 = ORIENTED_EDGE ( 'NONE', *, *, #2789, .T. ) ;
#6344 = DIRECTION ( 'NONE',  ( 0.0000000000000000000, 0.0000000000000000000, -1.000000000000000000 ) ) ;
#6345 = B_SPLINE_CURVE_WITH_KNOTS ( 'NONE', 3,
 ( #4010, #6879, #6414, #4872, #7159, #6385, #9356, #1854, #1947, #2699 ),
 .UNSPECIFIED., .F., .F.,
 ( 4, 2, 2, 2, 4 ),
 ( -1.095445854363480900E-005, 0.0002729282314118463100, 0.0005568109213673274100, 0.001124576301278274400, 0.002260107061100160400 ),
 .UNSPECIFIED. ) ;
#6346 = EDGE_CURVE ( 'NONE', #8235, #5873, #7266, .T. ) ;
#6347 = CARTESIAN_POINT ( 'NONE',  ( 7.312252662871491000, 24.16114746403410500, -16.67168085136880200 ) ) ;
#6348 = ORIENTED_EDGE ( 'NONE', *, *, #5481, .T. ) ;
#6349 = PERSON_AND_ORGANIZATION_ROLE ( 'creator' ) ;
#6350 = CALENDAR_DATE ( 2023, 6, 9 ) ;
#6351 = DIRECTION ( 'NONE',  ( 0.0000000000000000000, 0.0000000000000000000, 1.000000000000000000 ) ) ;
#6352 = DIRECTION ( 'NONE',  ( 0.0000000000000000000, 1.000000000000000000, 0.0000000000000000000 ) ) ;
#6353 = EDGE_CURVE ( 'NONE', #182, #1904, #1549, .T. ) ;
#6354 = AXIS2_PLACEMENT_3D ( 'NONE', #1764, #6979, #2512 ) ;
#6355 = ADVANCED_FACE ( 'NONE', ( #2955 ), #7145, .T. ) ;
#6356 = FACE_OUTER_BOUND ( 'NONE', #944, .T. ) ;
#6357 = AXIS2_PLACEMENT_3D ( 'NONE', #1462, #6681, #7422 ) ;
#6358 = CARTESIAN_POINT ( 'NONE',  ( 4.929141392239922800, 10.67187500000002300, 11.89999999999996300 ) ) ;
#6359 = ORIENTED_EDGE ( 'NONE', *, *, #3498, .T. ) ;
#6360 = DIRECTION ( 'NONE',  ( 0.0000000000000000000, 0.0000000000000000000, 1.000000000000000000 ) ) ;
#6361 = DIRECTION ( 'NONE',  ( 0.0000000000000000000, -1.000000000000000000, 0.0000000000000000000 ) ) ;
#6362 = CARTESIAN_POINT ( 'NONE',  ( -7.726057123094974100E-014, 13.96750000000001500, -11.89999999999999900 ) ) ;
#6363 = CARTESIAN_POINT ( 'NONE',  ( 11.89999999999999900, 11.11000000000001900, -8.455458555545188700E-014 ) ) ;
#6364 = FACE_BOUND ( 'NONE', #7436, .T. ) ;
#6365 = FACE_OUTER_BOUND ( 'NONE', #3770, .T. ) ;
#6366 = ORIENTED_EDGE ( 'NONE', *, *, #8473, .T. ) ;
#6367 = DIRECTION ( 'NONE',  ( 0.0000000000000000000, 0.7071067811865462400, -0.7071067811865487900 ) ) ;
#6368 = PLANE ( 'NONE',  #5780 ) ;
#6369 = SECURITY_CLASSIFICATION ( '', '', #7162 ) ;
#6370 = ORIENTED_EDGE ( 'NONE', *, *, #1377, .T. ) ;
#6371 = CIRCLE ( 'NONE', #7287, 9.525000000000000400 ) ;
#6372 = CARTESIAN_POINT ( 'NONE',  ( 11.90633974596221900, 10.90633974596222100, -5.199830294817119200E-012 ) ) ;
#6373 = CARTESIAN_POINT ( 'NONE',  ( -9.180332783635243700, 3.149197188353514600, 17.50207492918111300 ) ) ;
#6374 = CARTESIAN_POINT ( 'NONE',  ( 12.94999999999999200, 9.400000000000000400, 12.94999999999999200 ) ) ;
#6375 = EDGE_CURVE ( 'NONE', #8209, #1547, #5412, .T. ) ;
#6376 = VERTEX_POINT ( 'NONE', #7901 ) ;
#6377 = PERSON_AND_ORGANIZATION ( #4303, #4183 ) ;
#6378 = ORIENTED_EDGE ( 'NONE', *, *, #8006, .F. ) ;
#6379 = VERTEX_POINT ( 'NONE', #7050 ) ;
#6380 = DIRECTION ( 'NONE',  ( -0.0000000000000000000, -0.0000000000000000000, -1.000000000000000000 ) ) ;
#6381 = ORIENTED_EDGE ( 'NONE', *, *, #1609, .T. ) ;
#6382 = CARTESIAN_POINT ( 'NONE',  ( 6.002643781541124200, 10.90000000000000200, 10.27512859442283100 ) ) ;
#6383 = VECTOR ( 'NONE', #8133, 1000.000000000000000 ) ;
#6384 = FACE_OUTER_BOUND ( 'NONE', #4992, .T. ) ;
#6385 = CARTESIAN_POINT ( 'NONE',  ( 16.61289230557565600, 21.21351231810098200, 12.76064332511382200 ) ) ;
#6386 = APPROVAL_ROLE ( '' ) ;
#6387 = CARTESIAN_POINT ( 'NONE',  ( 0.0000000000000000000, 2.000000000000000000, 0.0000000000000000000 ) ) ;
#6388 = CARTESIAN_POINT ( 'NONE',  ( -13.04177618759628900, 0.0000000000000000000, 13.81709353925949700 ) ) ;
#6389 = ORIENTED_EDGE ( 'NONE', *, *, #4682, .T. ) ;
#6390 = VERTEX_POINT ( 'NONE', #4985 ) ;
#6391 = LINE ( 'NONE', #2419, #1726 ) ;
#6392 = CARTESIAN_POINT ( 'NONE',  ( 5.312971222579394100, 19.50312500000000800, -12.82664718204939000 ) ) ;
#6393 = CARTESIAN_POINT ( 'NONE',  ( 0.0000000000000000000, -20.49170962313452500, 0.0000000000000000000 ) ) ;
#6394 = CARTESIAN_POINT ( 'NONE',  ( -12.70000000000000300, 12.12750521535169800, -5.260512242138205800 ) ) ;
#6395 = CARTESIAN_POINT ( 'NONE',  ( -1.725874147982911200, -20.49170962313452500, -15.50423678951415600 ) ) ;
#6396 = CIRCLE ( 'NONE', #736, 4.838760430703398000 ) ;
#6397 = CARTESIAN_POINT ( 'NONE',  ( -8.414570696119854500, 10.63375000000002000, 8.414570696119975300 ) ) ;
#6398 = CARTESIAN_POINT ( 'NONE',  ( -14.43443619994283000, 23.09492482837287100, -13.43704640427828100 ) ) ;
#6399 = ORIENTED_EDGE ( 'NONE', *, *, #5960, .T. ) ;
#6400 = VERTEX_POINT ( 'NONE', #6456 ) ;
#6401 = VERTEX_POINT ( 'NONE', #4095 ) ;
#6402 = CARTESIAN_POINT ( 'NONE',  ( 9.101657815899102500E-014, 13.79438021535169400, 12.69999999999996700 ) ) ;
#6403 = ADVANCED_FACE ( 'NONE', ( #9257 ), #5074, .F. ) ;
#6404 = VECTOR ( 'NONE', #9214, 1000.000000000000000 ) ;
#6405 = AXIS2_PLACEMENT_3D ( 'NONE', #5273, #3805, #3869 ) ;
#6406 = DIRECTION ( 'NONE',  ( 0.0000000000000000000, 0.0000000000000000000, 1.000000000000000000 ) ) ;
#6407 = PLANE ( 'NONE',  #7790 ) ;
#6408 = DIRECTION ( 'NONE',  ( -0.5773502691896236200, -0.5773502691896258400, 0.5773502691896278400 ) ) ;
#6409 = EDGE_CURVE ( 'NONE', #8484, #7536, #8969, .T. ) ;
#6410 = EDGE_CURVE ( 'NONE', #3046, #8843, #7036, .T. ) ;
#6411 = DIRECTION ( 'NONE',  ( 0.0000000000000000000, 0.0000000000000000000, -1.000000000000000000 ) ) ;
#6412 = DIRECTION ( 'NONE',  ( 1.000000000000000000, -0.0000000000000000000, -0.0000000000000000000 ) ) ;
#6413 = FACE_OUTER_BOUND ( 'NONE', #9284, .T. ) ;
#6414 = CARTESIAN_POINT ( 'NONE',  ( 16.87450058715422300, 20.78270892135188700, 12.49575918481761000 ) ) ;
#6415 = MECHANICAL_CONTEXT ( 'NONE', #6321, 'mechanical' ) ;
#6416 = CARTESIAN_POINT ( 'NONE',  ( -16.51062208809350200, 21.36036806084371900, 12.84002888511642800 ) ) ;
#6417 = DIRECTION ( 'NONE',  ( -1.000000000000000000, -0.0000000000000000000, -0.0000000000000000000 ) ) ;
#6418 = B_SPLINE_CURVE_WITH_KNOTS ( 'NONE', 3,
 ( #7744, #4082, #7003, #3297, #9287, #9195 ),
 .UNSPECIFIED., .F., .F.,
 ( 4, 2, 4 ),
 ( 5.416210106263893500E-007, 0.0007387541642361907200, 0.001476966707461755100 ),
 .UNSPECIFIED. ) ;
#6419 = AXIS2_PLACEMENT_3D ( 'NONE', #7344, #510, #5796 ) ;
#6420 = EDGE_CURVE ( 'NONE', #8100, #123, #2129, .T. ) ;
#6421 = ORIENTED_EDGE ( 'NONE', *, *, #1797, .F. ) ;
#6422 = FACE_OUTER_BOUND ( 'NONE', #2537, .T. ) ;
#6423 = CARTESIAN_POINT ( 'NONE',  ( -9.069809202314482700, 10.85125000000002200, -9.069809202314353100 ) ) ;
#6424 = ORIENTED_EDGE ( 'NONE', *, *, #4811, .T. ) ;
#6425 = CARTESIAN_POINT ( 'NONE',  ( -16.87478845083605000, 1.881848428307729200, 12.49540126100348100 ) ) ;
#6426 = EDGE_CURVE ( 'NONE', #6972, #9047, #7489, .T. ) ;
#6427 = AXIS2_PLACEMENT_3D ( 'NONE', #9461, #3528, #5017 ) ;
#6428 = CARTESIAN_POINT ( 'NONE',  ( 8.414570696119856300, 11.26875000000001800, -8.414570696119973500 ) ) ;
#6429 = CARTESIAN_POINT ( 'NONE',  ( 0.0000000000000000000, 0.0000000000000000000, 0.0000000000000000000 ) ) ;
#6430 = VERTEX_POINT ( 'NONE', #1274 ) ;
#6431 = VECTOR ( 'NONE', #6794, 1000.000000000000000 ) ;
#6432 = CARTESIAN_POINT ( 'NONE',  ( -12.69999999999996700, 13.47688021535169700, 8.868362600661531000E-014 ) ) ;
#6433 = DIRECTION ( 'NONE',  ( -1.000000000000000000, -0.0000000000000000000, -0.0000000000000000000 ) ) ;
#6434 = CARTESIAN_POINT ( 'NONE',  ( 0.0000000000000000000, 0.0000000000000000000, 17.60000000000000100 ) ) ;
#6435 = VERTEX_POINT ( 'NONE', #9584 ) ;
#6436 = CC_DESIGN_SECURITY_CLASSIFICATION ( #4271, ( #9697 ) ) ;
#6437 = CARTESIAN_POINT ( 'NONE',  ( 0.0000000000000000000, 0.0000000000000000000, -3.000000000000000000 ) ) ;
#6438 = DIRECTION ( 'NONE',  ( 0.0000000000000000000, 0.0000000000000000000, -1.000000000000000000 ) ) ;
#6439 = CARTESIAN_POINT ( 'NONE',  ( 0.1502701664358711800, -6.440000000000001300, 4.250000000000002700 ) ) ;
#6440 = DIRECTION ( 'NONE',  ( -8.775090700452169200E-016, -1.000000000000000000, 0.0000000000000000000 ) ) ;
#6441 = EDGE_CURVE ( 'NONE', #1540, #4637, #20, .T. ) ;
#6442 = PERSON_AND_ORGANIZATION_ROLE ( 'design_owner' ) ;
#6443 = CARTESIAN_POINT ( 'NONE',  ( -16.87760482476912600, 20.78123941378652600, 12.49646693648658100 ) ) ;
#6444 = ORIENTED_EDGE ( 'NONE', *, *, #6409, .T. ) ;
#6445 = CIRCLE ( 'NONE', #8498, 19.72072930905315500 ) ;
#6446 = EDGE_LOOP ( 'NONE', ( #7062, #9516, #6276, #8821 ) ) ;
#6447 = ADVANCED_FACE ( 'NONE', ( #3078 ), #1659, .T. ) ;
#6448 = ORIENTED_EDGE ( 'NONE', *, *, #6302, .T. ) ;
#6449 = CARTESIAN_POINT ( 'NONE',  ( 12.82664718204931400, 15.53437500000001500, -5.312971222579575300 ) ) ;
#6450 = CARTESIAN_POINT ( 'NONE',  ( 0.0000000000000000000, 0.0000000000000000000, -3.000000000000000000 ) ) ;
#6451 = CARTESIAN_POINT ( 'NONE',  ( 7.349999999999999600, -3.084843528204037900E-015, 0.0000000000000000000 ) ) ;
#6452 = ORIENTED_EDGE ( 'NONE', *, *, #3254, .T. ) ;
#6453 = CYLINDRICAL_SURFACE ( 'NONE', #8228, 2.000000000000000000 ) ;
#6454 = PLANE ( 'NONE',  #6992 ) ;
#6455 = ORIENTED_EDGE ( 'NONE', *, *, #6587, .F. ) ;
#6456 = CARTESIAN_POINT ( 'NONE',  ( -6.440000000000000400, 0.0000000000000000000, 17.10000000000000100 ) ) ;
#6458 = ORIENTED_EDGE ( 'NONE', *, *, #5122, .F. ) ;
#6457 = ORIENTED_EDGE ( 'NONE', *, *, #6927, .T. ) ;
#6459 = DATE_AND_TIME ( #6350, #5765 ) ;
#6460 = EDGE_CURVE ( 'NONE', #6390, #7138, #4331, .T. ) ;
#6461 = CARTESIAN_POINT ( 'NONE',  ( -3.586772846850890200, 22.32467817597437300, 20.16406719884645000 ) ) ;
#6462 = CARTESIAN_POINT ( 'NONE',  ( 19.38516391012927200, 1.190065091932811300, 7.630876081779811100 ) ) ;
#6463 = EDGE_CURVE ( 'NONE', #8104, #7410, #7851, .T. ) ;
#6464 = FACE_BOUND ( 'NONE', #4665, .T. ) ;
#6465 = DIRECTION ( 'NONE',  ( 5.062054713723247700E-019, 1.000000000000000000, 0.0000000000000000000 ) ) ;
#6466 = ORIENTED_EDGE ( 'NONE', *, *, #3369, .T. ) ;
#6467 = DIRECTION ( 'NONE',  ( 2.472095916682999300E-015, 0.7071067811865474600, -0.7071067811865474600 ) ) ;
#6468 = ORIENTED_EDGE ( 'NONE', *, *, #590, .F. ) ;
#6469 = CALENDAR_DATE ( 2023, 6, 9 ) ;
#6470 = AXIS2_PLACEMENT_3D ( 'NONE', #1605, #9028, #95 ) ;
#6471 = CARTESIAN_POINT ( 'NONE',  ( -3.710336866874358800, 0.5172556174933064000, 20.01463326168069300 ) ) ;
#6472 = AXIS2_PLACEMENT_3D ( 'NONE', #3615, #4306, #5859 ) ;
#6473 = FACE_OUTER_BOUND ( 'NONE', #3205, .T. ) ;
#6474 = CARTESIAN_POINT ( 'NONE',  ( 1.239098530816317200E-013, 11.86250000000001800, 11.89999999999999900 ) ) ;
#6475 = VECTOR ( 'NONE', #9533, 1000.000000000000000 ) ;
#6476 = EDGE_CURVE ( 'NONE', #8145, #4933, #5757, .T. ) ;
#6477 = DIRECTION ( 'NONE',  ( -0.0000000000000000000, -0.0000000000000000000, -1.000000000000000000 ) ) ;
#6478 = DATE_TIME_ROLE ( 'classification_date' ) ;
#6479 = CARTESIAN_POINT ( 'NONE',  ( 13.99999999999999800, 0.0000000000000000000, 3.399999999999999900 ) ) ;
#6480 = CARTESIAN_POINT ( 'NONE',  ( 1.180805343176903200E-013, 14.60250000000001200, 11.89999999999999900 ) ) ;
#6481 = ORIENTED_EDGE ( 'NONE', *, *, #1924, .F. ) ;
#6482 = EDGE_CURVE ( 'NONE', #1789, #8007, #2364, .T. ) ;
#6483 = AXIS2_PLACEMENT_3D ( 'NONE', #2410, #3145, #3750 ) ;
#6484 = CIRCLE ( 'NONE', #4305, 0.7999999999999999300 ) ;
#6485 = FACE_OUTER_BOUND ( 'NONE', #5083, .T. ) ;
#6486 = AXIS2_PLACEMENT_3D ( 'NONE', #7834, #7141, #3386 ) ;
#6487 = CARTESIAN_POINT ( 'NONE',  ( -12.82664718204939000, 12.20062500000002000, -5.312971222579394100 ) ) ;
#6488 = ORIENTED_EDGE ( 'NONE', *, *, #3673, .F. ) ;
#6489 = COORDINATED_UNIVERSAL_TIME_OFFSET ( 8, 0, .AHEAD. ) ;
#6490 = EDGE_LOOP ( 'NONE', ( #6097, #5021 ) ) ;
#6491 = CARTESIAN_POINT ( 'NONE',  ( -8.414570696119854500, 11.90375000000001800, 8.414570696119975300 ) ) ;
#6492 = CARTESIAN_POINT ( 'NONE',  ( -19.31484071104931700, 1.706271022179157500, -8.189450481488746500 ) ) ;
#6493 = FACE_OUTER_BOUND ( 'NONE', #616, .T. ) ;
#6494 = FACE_OUTER_BOUND ( 'NONE', #7780, .T. ) ;
#6495 = CARTESIAN_POINT ( 'NONE',  ( -5.260512242138382500, 13.23875521535169700, -12.69999999999992800 ) ) ;
#6496 = DIRECTION ( 'NONE',  ( 1.000000000000000000, -8.746504920891471700E-016, 0.0000000000000000000 ) ) ;
#6497 = PRODUCT_DEFINITION_FORMATION_WITH_SPECIFIED_SOURCE ( '任何', '', #7915, .NOT_KNOWN. ) ;
#6498 = CALENDAR_DATE ( 2023, 6, 9 ) ;
#6499 = ADVANCED_FACE ( 'NONE', ( #6795 ), #3650, .F. ) ;
#6500 = ORIENTED_EDGE ( 'NONE', *, *, #8111, .F. ) ;
#6501 = PLANE ( 'NONE',  #8212 ) ;
#6502 = CARTESIAN_POINT ( 'NONE',  ( -9.410626844376103900, 2.750316174468983900, 17.44444124035915800 ) ) ;
#6503 = ORIENTED_EDGE ( 'NONE', *, *, #9085, .F. ) ;
#6504 = CARTESIAN_POINT ( 'NONE',  ( 8.511837979438613700E-015, 9.700000000000011700, 0.0000000000000000000 ) ) ;
#6505 = TOROIDAL_SURFACE ( 'NONE', #1902, 8.475000000000001400, 0.8000000000000000400 ) ;
#6506 = EDGE_CURVE ( 'NONE', #7271, #6589, #4091, .T. ) ;
#6507 = CARTESIAN_POINT ( 'NONE',  ( 10.01225232012652600, 11.10654249295565400, 6.888681465382788400 ) ) ;
#6508 = ORIENTED_EDGE ( 'NONE', *, *, #4561, .T. ) ;
#6509 = CARTESIAN_POINT ( 'NONE',  ( 1.544415963279582900E-014, 17.60000000000001200, 0.0000000000000000000 ) ) ;
#6510 = B_SPLINE_CURVE_WITH_KNOTS ( 'NONE', 3,
 ( #1150, #7019, #2888, #715, #5200, #1378, #6653, #3568, #7315, #4417 ),
 .UNSPECIFIED., .F., .F.,
 ( 4, 2, 2, 2, 4 ),
 ( 0.01018974116859074400, 0.01332705962643599600, 0.01646437808428124700, 0.01960169654212649800, 0.02273901499997175300 ),
 .UNSPECIFIED. ) ;
#6511 = SECURITY_CLASSIFICATION_LEVEL ( 'unclassified' ) ;
#6512 = ORIENTED_EDGE ( 'NONE', *, *, #6659, .T. ) ;
#6513 = CARTESIAN_POINT ( 'NONE',  ( -7.528353979013932200, 11.19333881964645600, -9.600023989892719100 ) ) ;
#6514 = FACE_BOUND ( 'NONE', #4970, .T. ) ;
#6515 = CARTESIAN_POINT ( 'NONE',  ( 3.676453385379550000, 17.13306858778484500, -12.04759582289550900 ) ) ;
#6516 = TOROIDAL_SURFACE ( 'NONE', #1113, 4.688733431983854100, 1.000000000000000400 ) ;
#6517 = CARTESIAN_POINT ( 'NONE',  ( -12.82664718204939000, 13.47062500000002000, -5.312971222579394100 ) ) ;
#6518 = FACE_BOUND ( 'NONE', #4649, .T. ) ;
#6519 = CARTESIAN_POINT ( 'NONE',  ( -4.929141392239892600, 13.84687500000001300, -11.89999999999997700 ) ) ;
#6520 = CARTESIAN_POINT ( 'NONE',  ( -14.29000000000000100, -21.24791757455606200, -1.050780078293991800 ) ) ;
#6521 = CARTESIAN_POINT ( 'NONE',  ( 16.18925859247898900, 1.071901979810844700, 13.04320153235636900 ) ) ;
#6522 = CARTESIAN_POINT ( 'NONE',  ( -12.69999999999997800, 11.70000000000002900, 0.0000000000000000000 ) ) ;
#6523 = VECTOR ( 'NONE', #3406, 1000.000000000000000 ) ;
#6524 =( BOUNDED_CURVE ( )  B_SPLINE_CURVE ( 2, ( #5966, #5936, #5898, #744, #7386, #8251, #4540, #3652, #2942 ),
 .UNSPECIFIED., .F., .F. ) 
 B_SPLINE_CURVE_WITH_KNOTS ( ( 3, 2, 2, 2, 3 ),
 ( 0.4687500000000000000, 0.4843750000000000000, 0.5000000000000000000, 0.5156250000000000000, 0.5312500000000000000 ),
 .UNSPECIFIED. ) 
 CURVE ( )  GEOMETRIC_REPRESENTATION_ITEM ( )  RATIONAL_B_SPLINE_CURVE ( ( 1.000000000000000000, 0.9238795325112867400, 1.000000000000000000, 0.9238795325112867400, 1.000000000000000000, 0.9238795325112867400, 1.000000000000000000, 0.9238795325112867400, 1.000000000000000000 ) ) 
 REPRESENTATION_ITEM ( '' )  );
#6525 = DIRECTION ( 'NONE',  ( 1.000000000000000000, -0.0000000000000000000, -0.0000000000000000000 ) ) ;
#6526 = DIRECTION ( 'NONE',  ( 0.0000000000000000000, -1.000000000000000000, 0.0000000000000000000 ) ) ;
#6527 = AXIS2_PLACEMENT_3D ( 'NONE', #1618, #9005, #6059 ) ;
#6528 = DIRECTION ( 'NONE',  ( 0.8660254037844386000, 0.0000000000000000000, 0.5000000000000000000 ) ) ;
#6529 = CARTESIAN_POINT ( 'NONE',  ( 7.445345600152586800, 0.0000000000000000000, -3.199999999999999300 ) ) ;
#6530 = FACE_OUTER_BOUND ( 'NONE', #8895, .T. ) ;
#6531 = CARTESIAN_POINT ( 'NONE',  ( -12.94999999999999200, 9.150000000000019900, 13.19999999999999800 ) ) ;
#6532 = EDGE_CURVE ( 'NONE', #7954, #3326, #8089, .T. ) ;
#6533 = EDGE_LOOP ( 'NONE', ( #7852, #1667, #6565 ) ) ;
#6534 = PRODUCT ( '316-GN-FMR4', '316-GN-FMR4', '', ( #9451 ) ) ;
#6535 = DIRECTION ( 'NONE',  ( -1.000000000000000000, 0.0000000000000000000, 0.0000000000000000000 ) ) ;
#6536 = AXIS2_PLACEMENT_3D ( 'NONE', #3687, #2179, #3721 ) ;
#6537 = CARTESIAN_POINT ( 'NONE',  ( 9.347046504205705400, 11.06527279267060500, 7.701530893791678000 ) ) ;
#6538 = CARTESIAN_POINT ( 'NONE',  ( 8.717347705171446700, 3.951110867399099600, 17.60000000000001200 ) ) ;
#6539 = PERSON_AND_ORGANIZATION_ROLE ( 'classification_officer' ) ;
#6540 = ORIENTED_EDGE ( 'NONE', *, *, #3993, .T. ) ;
#6541 = FACE_OUTER_BOUND ( 'NONE', #2115, .T. ) ;
#6542 = CARTESIAN_POINT ( 'NONE',  ( -4.929141392239693600, 13.05312500000001600, 11.90000000000005900 ) ) ;
#6543 = AXIS2_PLACEMENT_3D ( 'NONE', #8078, #6477, #7226 ) ;
#6544 = CARTESIAN_POINT ( 'NONE',  ( 11.29937722326770300, 10.94878830376645600, -3.905839733269327300 ) ) ;
#6545 = CARTESIAN_POINT ( 'NONE',  ( 0.0000000000000000000, 25.00000000000000000, 0.0000000000000000000 ) ) ;
#6546 = ORIENTED_EDGE ( 'NONE', *, *, #7158, .T. ) ;
#6547 = ADVANCED_FACE ( 'NONE', ( #138 ), #3200, .F. ) ;
#6548 = ORIENTED_EDGE ( 'NONE', *, *, #6949, .F. ) ;
#6549 = CARTESIAN_POINT ( 'NONE',  ( 9.069809202314482700, 15.29625000000001500, 9.069809202314353100 ) ) ;
#6550 = VERTEX_POINT ( 'NONE', #8894 ) ;
#6551 = DIRECTION ( 'NONE',  ( 0.0000000000000000000, 0.0000000000000000000, 1.000000000000000000 ) ) ;
#6552 = CARTESIAN_POINT ( 'NONE',  ( 8.414570696119838500, 14.87875000000001400, -8.414570696119989500 ) ) ;
#6553 = CC_DESIGN_PERSON_AND_ORGANIZATION_ASSIGNMENT ( #4993, #5003, ( #557 ) ) ;
#6554 = CARTESIAN_POINT ( 'NONE',  ( 15.94609090054223800, 0.8555418551750960700, 13.14150495268147300 ) ) ;
#6555 = CARTESIAN_POINT ( 'NONE',  ( 0.0000000000000000000, 2.000000000000000000, 0.0000000000000000000 ) ) ;
#6556 = DIRECTION ( 'NONE',  ( -8.775090700452169200E-016, -1.000000000000000000, -0.0000000000000000000 ) ) ;
#6557 = ORIENTED_EDGE ( 'NONE', *, *, #506, .F. ) ;
#6558 = DIRECTION ( 'NONE',  ( -0.0000000000000000000, -1.000000000000000000, -0.0000000000000000000 ) ) ;
#6559 = DIRECTION ( 'NONE',  ( 1.000000000000000000, 1.231304080816852700E-016, -0.0000000000000000000 ) ) ;
#6560 = DIRECTION ( 'NONE',  ( 0.0000000000000000000, 0.7071067811865487900, -0.7071067811865463500 ) ) ;
#6561 =( BOUNDED_CURVE ( )  B_SPLINE_CURVE ( 2, ( #1452, #3702, #6084, #6737, #1577, #5947, #7438 ),
 .UNSPECIFIED., .F., .F. ) 
 B_SPLINE_CURVE_WITH_KNOTS ( ( 3, 2, 2, 3 ),
 ( 0.5625000000000000000, 0.5781250000000000000, 0.5937500000000000000, 0.5968808116558258500 ),
 .UNSPECIFIED. ) 
 CURVE ( )  GEOMETRIC_REPRESENTATION_ITEM ( )  RATIONAL_B_SPLINE_CURVE ( ( 1.000000000000000000, 0.9238795325112867400, 1.000000000000000000, 0.9238795325112867400, 1.000000000000000000, 0.9847475938009231400, 0.9756074962236012100 ) ) 
 REPRESENTATION_ITEM ( '' )  );
#6562 = CARTESIAN_POINT ( 'NONE',  ( 17.47810899155977900, 2.299999999999996700, 0.0000000000000000000 ) ) ;
#6563 = CARTESIAN_POINT ( 'NONE',  ( 12.69999999999998500, -1.114436518957424200E-014, 0.0000000000000000000 ) ) ;
#6564 = FACE_OUTER_BOUND ( 'NONE', #3577, .T. ) ;
#6565 = ORIENTED_EDGE ( 'NONE', *, *, #7056, .F. ) ;
#6566 = DIRECTION ( 'NONE',  ( 0.0000000000000000000, 0.0000000000000000000, 1.000000000000000000 ) ) ;
#6567 = DIRECTION ( 'NONE',  ( 1.000000000000000000, -0.0000000000000000000, -0.0000000000000000000 ) ) ;
#6568 = CARTESIAN_POINT ( 'NONE',  ( 12.37768023345687900, 11.37768023345630500, 0.5245623957795853000 ) ) ;
#6569 = DIRECTION ( 'NONE',  ( -8.775090700452169200E-016, -1.000000000000000000, -0.0000000000000000000 ) ) ;
#6571 = ORIENTED_EDGE ( 'NONE', *, *, #8662, .F. ) ;
#6570 = VERTEX_POINT ( 'NONE', #9649 ) ;
#6572 =( REPRESENTATION_RELATIONSHIP ('NONE','NONE', #2711, #6902 ) REPRESENTATION_RELATIONSHIP_WITH_TRANSFORMATION ( #3213 )SHAPE_REPRESENTATION_RELATIONSHIP( ) );
#6573 = CARTESIAN_POINT ( 'NONE',  ( -10.44550089324918200, 11.23811988804061800, -6.389072951342915200 ) ) ;
#6574 = DIRECTION ( 'NONE',  ( 0.0000000000000000000, 0.0000000000000000000, 1.000000000000000000 ) ) ;
#6575 = LINE ( 'NONE', #6562, #4140 ) ;
#6576 = ADVANCED_BREP_SHAPE_REPRESENTATION ( '', ( #6884, #1296 ), #1798 ) ;
#6577 = ORIENTED_EDGE ( 'NONE', *, *, #6409, .F. ) ;
#6578 = B_SPLINE_CURVE_WITH_KNOTS ( 'NONE', 3,
 ( #9084, #908, #1653, #7611, #9122, #9202, #2445, #6881, #6943, #4671, #6227, #192, #5422, #940, #6170, #7647, #8410, #4703 ),
 .UNSPECIFIED., .F., .F.,
 ( 4, 2, 2, 2, 2, 2, 2, 2, 4 ),
 ( 0.003602655405422856500, 0.004052873567370793800, 0.004503091729318731100, 0.004953309891266669300, 0.005403528053214606700, 0.005853746215162544000, 0.006303964377110482200, 0.006754182539058418600, 0.007204400701006357700 ),
 .UNSPECIFIED. ) ;
#6579 = ORIENTED_EDGE ( 'NONE', *, *, #8725, .T. ) ;
#6580 = CARTESIAN_POINT ( 'NONE',  ( 4.289526135272640600, 0.1732283458433605000, -19.35700023932951600 ) ) ;
#6581 = ORIENTED_EDGE ( 'NONE', *, *, #2914, .F. ) ;
#6582 = COORDINATED_UNIVERSAL_TIME_OFFSET ( 8, 0, .AHEAD. ) ;
#6583 = CARTESIAN_POINT ( 'NONE',  ( 11.90000000000004800, 14.64062500000001100, 4.929141392239717600 ) ) ;
#6584 = CARTESIAN_POINT ( 'NONE',  ( 11.89999999999996300, 17.33937500000001100, -4.929141392239926300 ) ) ;
#6585 = LINE ( 'NONE', #8042, #5319 ) ;
#6586 = AXIS2_PLACEMENT_3D ( 'NONE', #1471, #6691, #691 ) ;
#6587 = EDGE_CURVE ( 'NONE', #6830, #260, #7736, .T. ) ;
#6588 = CARTESIAN_POINT ( 'NONE',  ( 13.44999999999999900, 19.99999999999999600, -12.94999999999999200 ) ) ;
#6589 = VERTEX_POINT ( 'NONE', #6752 ) ;
#6590 = EDGE_CURVE ( 'NONE', #6570, #5758, #5872, .T. ) ;
#6591 = CARTESIAN_POINT ( 'NONE',  ( -19.21121883656405100, 2.000000000000001800, 8.481100801995044200 ) ) ;
#6592 = ADVANCED_FACE ( 'NONE', ( #3769 ), #8128, .T. ) ;
#6593 = LINE ( 'NONE', #4428, #2387 ) ;
#6594 = CARTESIAN_POINT ( 'NONE',  ( -13.44999999999999900, 19.99999999999999600, -12.94999999999999200 ) ) ;
#6595 = FACE_OUTER_BOUND ( 'NONE', #5923, .T. ) ;
#6596 = CARTESIAN_POINT ( 'NONE',  ( 16.61423962458325900, 1.532234939880824400, -12.75949714891033100 ) ) ;
#6597 = ORIENTED_EDGE ( 'NONE', *, *, #6287, .F. ) ;
#6598 = AXIS2_PLACEMENT_3D ( 'NONE', #7840, #9246, #9218 ) ;
#6599 = PRODUCT ( '316L-DV1-G-MR4-21.5M', '316L-DV1-G-MR4-21.5M', '', ( #4913 ) ) ;
#6600 = CARTESIAN_POINT ( 'NONE',  ( -11.67013411036706600, -20.73077476430514600, -9.762915623340047600 ) ) ;
#6601 = VERTEX_POINT ( 'NONE', #6002 ) ;
#6602 = AXIS2_PLACEMENT_3D ( 'NONE', #866, #7781, #8441 ) ;
#6603 = DIRECTION ( 'NONE',  ( 0.0000000000000000000, -1.000000000000000000, 0.0000000000000000000 ) ) ;
#6604 = EDGE_CURVE ( 'NONE', #3896, #5832, #4956, .T. ) ;
#6605 = FACE_OUTER_BOUND ( 'NONE', #6923, .T. ) ;
#6606 = CARTESIAN_POINT ( 'NONE',  ( 11.89999999999994700, 13.72937500000001300, -4.929141392239957400 ) ) ;
#6607 = CARTESIAN_POINT ( 'NONE',  ( -6.255353054409852100, -10.06771825716393900, -12.88914092359983200 ) ) ;
#6608 = CARTESIAN_POINT ( 'NONE',  ( 7.218702465540234300, 11.02465396087420800, -9.625010738285420000 ) ) ;
#6609 = ORIENTED_EDGE ( 'NONE', *, *, #9604, .F. ) ;
#6610 = APPROVAL_PERSON_ORGANIZATION ( #2177, #1548, #1011 ) ;
#6611 = DIRECTION ( 'NONE',  ( 0.0000000000000000000, 0.0000000000000000000, -1.000000000000000000 ) ) ;
#6612 = ORIENTED_EDGE ( 'NONE', *, *, #3514, .T. ) ;
#6613 = EDGE_CURVE ( 'NONE', #8204, #78, #6524, .T. ) ;
#6614 = AXIS2_PLACEMENT_3D ( 'NONE', #1111, #392, #4157 ) ;
#6615 = ORIENTED_EDGE ( 'NONE', *, *, #326, .F. ) ;
#6616 = EDGE_LOOP ( 'NONE', ( #9618, #4612, #6677, #9371, #9511, #3813, #2169 ) ) ;
#6617 = CIRCLE ( 'NONE', #656, 2.309999999999996900 ) ;
#6618 = CARTESIAN_POINT ( 'NONE',  ( -3.194137476465087800, 1.076989329772227700, -20.53213560882808900 ) ) ;
#6619 = DIRECTION ( 'NONE',  ( 0.0000000000000000000, 0.0000000000000000000, -1.000000000000000000 ) ) ;
#6620 = DIRECTION ( 'NONE',  ( -1.000000000000000000, 0.0000000000000000000, 0.0000000000000000000 ) ) ;
#6621 = CARTESIAN_POINT ( 'NONE',  ( 1.180805343176903200E-013, 14.40250000000001200, 11.89999999999999900 ) ) ;
#6622 = CARTESIAN_POINT ( 'NONE',  ( 14.73587640020000600, 0.0000000000000000000, -2.309999999999996900 ) ) ;
#6623 = EDGE_LOOP ( 'NONE', ( #1132, #1196, #2761, #3893 ) ) ;
#6624 = ORIENTED_EDGE ( 'NONE', *, *, #4871, .F. ) ;
#6625 = CARTESIAN_POINT ( 'NONE',  ( 0.1083897543756180400, 1.048450446541746400, 2.047132546062027100 ) ) ;
#6626 = CIRCLE ( 'NONE', #3260, 15.60000000000000000 ) ;
#6627 = CC_DESIGN_SECURITY_CLASSIFICATION ( #8508, ( #6497 ) ) ;
#6628 = LINE ( 'NONE', #8806, #3019 ) ;
#6629 = CARTESIAN_POINT ( 'NONE',  ( 15.66920801439250800, 22.32467817597903800, 13.18827000240093900 ) ) ;
#6630 = ORIENTED_EDGE ( 'NONE', *, *, #1444, .T. ) ;
#6631 = CARTESIAN_POINT ( 'NONE',  ( -5.312971222579573500, 18.39187500000000200, -12.82664718204931400 ) ) ;
#6632 = EDGE_CURVE ( 'NONE', #6550, #1914, #2842, .T. ) ;
#6633 = ORIENTED_EDGE ( 'NONE', *, *, #8095, .T. ) ;
#6634 = ORIENTED_EDGE ( 'NONE', *, *, #1348, .F. ) ;
#6635 = DIRECTION ( 'NONE',  ( 0.0000000000000000000, 0.0000000000000000000, -1.000000000000000000 ) ) ;
#6636 = CIRCLE ( 'NONE', #1929, 6.099999999999998800 ) ;
#6637 = CARTESIAN_POINT ( 'NONE',  ( -6.793037293912619600, 17.05369487948976100, -10.67340432305259400 ) ) ;
#6638 = CARTESIAN_POINT ( 'NONE',  ( 2.971066296749124400, 11.07622071397299900, -11.71182815653870800 ) ) ;
#6639 = CARTESIAN_POINT ( 'NONE',  ( -4.929141392239931600, 15.31687500000001000, -11.89999999999995800 ) ) ;
#6640 = ADVANCED_FACE ( 'NONE', ( #3883 ), #724, .T. ) ;
#6641 = LINE ( 'NONE', #1429, #3158 ) ;
#6642 = B_SPLINE_CURVE_WITH_KNOTS ( 'NONE', 3,
 ( #3737, #2960, #2232, #3802, #4583, #702, #733, #7442, #2999, #895 ),
 .UNSPECIFIED., .F., .F.,
 ( 4, 2, 2, 2, 4 ),
 ( 0.01020618705477638700, 0.01334350167433752400, 0.01648081629389866100, 0.01961813091345979800, 0.02275544553302093600 ),
 .UNSPECIFIED. ) ;
#6643 = AXIS2_PLACEMENT_3D ( 'NONE', #8347, #6102, #5365 ) ;
#6644 = CARTESIAN_POINT ( 'NONE',  ( 12.82664718204931400, 10.45437500000002400, -5.312971222579575300 ) ) ;
#6645 = CARTESIAN_POINT ( 'NONE',  ( -1.853183372579807500, 9.524999999999991500, 17.52002621221969700 ) ) ;
#6646 = DIRECTION ( 'NONE',  ( -0.0000000000000000000, -1.000000000000000000, -0.0000000000000000000 ) ) ;
#6647 = EDGE_CURVE ( 'NONE', #953, #7342, #4621, .T. ) ;
#6648 = CARTESIAN_POINT ( 'NONE',  ( -16.51572204020388000, 1.417408360517971900, 12.83629887427598400 ) ) ;
#6649 = ORIENTED_EDGE ( 'NONE', *, *, #630, .T. ) ;
#6650 = CONICAL_SURFACE ( 'NONE', #2715, 3.222179676972447100, 0.5235987755983000400 ) ;
#6651 = AXIS2_PLACEMENT_3D ( 'NONE', #4517, #2349, #7525 ) ;
#6652 = ORIENTED_EDGE ( 'NONE', *, *, #4932, .F. ) ;
#6653 = CARTESIAN_POINT ( 'NONE',  ( 14.28999999999999900, -21.18051446901471400, -2.096596759551073100 ) ) ;
#6654 = CARTESIAN_POINT ( 'NONE',  ( -8.980256121069192700, 14.58813021535169500, -8.980256121069064800 ) ) ;
#6655 = AXIS2_PLACEMENT_3D ( 'NONE', #760, #2325, #4579 ) ;
#6656 = DIRECTION ( 'NONE',  ( 8.775090700452169200E-016, 1.000000000000000000, 0.0000000000000000000 ) ) ;
#6657 = CARTESIAN_POINT ( 'NONE',  ( 0.0000000000000000000, 0.0000000000000000000, -3.000000000000000000 ) ) ;
#6658 = CARTESIAN_POINT ( 'NONE',  ( -5.312971222579573500, 19.66187500000000600, -12.82664718204931400 ) ) ;
#6659 = EDGE_CURVE ( 'NONE', #893, #4358, #4840, .T. ) ;
#6660 = VERTEX_POINT ( 'NONE', #6777 ) ;
#6661 = FACE_OUTER_BOUND ( 'NONE', #207, .T. ) ;
#6662 = CARTESIAN_POINT ( 'NONE',  ( 7.317451158458411000, -6.375802811646385800, 0.09792507081890376700 ) ) ;
#6663 = CARTESIAN_POINT ( 'NONE',  ( 0.0000000000000000000, -9.999999999999998200, 0.0000000000000000000 ) ) ;
#6664 = EDGE_CURVE ( 'NONE', #2777, #1141, #4709, .T. ) ;
#6665 = DIRECTION ( 'NONE',  ( -8.775090700452169200E-016, -1.000000000000000000, -0.0000000000000000000 ) ) ;
#6666 = AXIS2_PLACEMENT_3D ( 'NONE', #6843, #7613, #872 ) ;
#6667 = CARTESIAN_POINT ( 'NONE',  ( 8.414570696119838500, 13.80875000000001400, -8.414570696119993100 ) ) ;
#6668 = DIRECTION ( 'NONE',  ( -0.0000000000000000000, -0.0000000000000000000, -1.000000000000000000 ) ) ;
#6669 = AXIS2_PLACEMENT_3D ( 'NONE', #2818, #3562, #5793 ) ;
#6670 = DIRECTION ( 'NONE',  ( 0.7071067811865398000, 8.659560562355027800E-017, 0.7071067811865552300 ) ) ;
#6671 = ORIENTED_EDGE ( 'NONE', *, *, #4988, .T. ) ;
#6672 = DIRECTION ( 'NONE',  ( 0.0000000000000000000, 0.0000000000000000000, 1.000000000000000000 ) ) ;
#6673 = DIRECTION ( 'NONE',  ( 0.7071067811865487900, 0.7071067811865463500, -1.837086636568278900E-016 ) ) ;
#6674 = DIRECTION ( 'NONE',  ( -0.0000000000000000000, -1.000000000000000000, -0.0000000000000000000 ) ) ;
#6675 = CARTESIAN_POINT ( 'NONE',  ( 15.94390505455614900, 22.05961302283739700, -13.14187413836033300 ) ) ;
#6676 = CARTESIAN_POINT ( 'NONE',  ( -18.48684210526283100, 0.0000000000000000000, -4.385962719299097800 ) ) ;
#6677 = ORIENTED_EDGE ( 'NONE', *, *, #2638, .F. ) ;
#6678 = CC_DESIGN_DATE_AND_TIME_ASSIGNMENT ( #4855, #4311, ( #8811 ) ) ;
#6679 = FACE_OUTER_BOUND ( 'NONE', #3132, .T. ) ;
#6680 = ORIENTED_EDGE ( 'NONE', *, *, #6590, .T. ) ;
#6681 = DIRECTION ( 'NONE',  ( 1.000000000000000000, 0.0000000000000000000, 0.0000000000000000000 ) ) ;
#6682 = ORIENTED_EDGE ( 'NONE', *, *, #5072, .T. ) ;
#6683 = DIRECTION ( 'NONE',  ( 0.0000000000000000000, 0.0000000000000000000, -1.000000000000000000 ) ) ;
#6684 = VERTEX_POINT ( 'NONE', #4673 ) ;
#6685 = CARTESIAN_POINT ( 'NONE',  ( 2.050000000000002500, 0.6609346322114794100, 0.06537422930381547900 ) ) ;
#6686 = EDGE_CURVE ( 'NONE', #8273, #5749, #6445, .T. ) ;
#6687 = CARTESIAN_POINT ( 'NONE',  ( -11.90000000000003200, 19.08562500000000400, -4.929141392239748700 ) ) ;
#6688 = ORIENTED_EDGE ( 'NONE', *, *, #9030, .T. ) ;
#6689 = ADVANCED_FACE ( 'NONE', ( #6679 ), #8437, .F. ) ;
#6690 = VECTOR ( 'NONE', #4171, 1000.000000000000000 ) ;
#6691 = DIRECTION ( 'NONE',  ( 1.000000000000000000, 0.0000000000000000000, 0.0000000000000000000 ) ) ;
#6692 = ORIENTED_EDGE ( 'NONE', *, *, #6375, .T. ) ;
#6693 = CARTESIAN_POINT ( 'NONE',  ( 0.05427969990078684200, 1.043776548762541400, 2.049520260065255300 ) ) ;
#6694 = DIRECTION ( 'NONE',  ( 1.000000000000000000, -0.0000000000000000000, -0.0000000000000000000 ) ) ;
#6695 = CARTESIAN_POINT ( 'NONE',  ( 5.312971222579394100, 16.96312500000000900, -12.82664718204939000 ) ) ;
#6697 = ORIENTED_EDGE ( 'NONE', *, *, #2449, .T. ) ;
#6696 = ORIENTED_EDGE ( 'NONE', *, *, #2861, .F. ) ;
#6698 = CARTESIAN_POINT ( 'NONE',  ( 10.99852262806237800, 2.215317249701455200E-016, 0.8507386859688209600 ) ) ;
#6699 = LOCAL_TIME ( 13, 59, 25.00000000000000000, #6582 ) ;
#6700 = CARTESIAN_POINT ( 'NONE',  ( -12.69999999999992600, 14.82625521535169400, 5.260512242138390500 ) ) ;
#6701 = CARTESIAN_POINT ( 'NONE',  ( 11.44999999999999800, 0.0000000000000000000, 4.688733431983856700 ) ) ;
#6702 = CARTESIAN_POINT ( 'NONE',  ( -18.09225095131613200, 24.16404021836081400, -1.981869796179004200 ) ) ;
#6703 = CIRCLE ( 'NONE', #8546, 2.499999999999998700 ) ;
#6704 = ADVANCED_BREP_SHAPE_REPRESENTATION ( '', ( #9623, #1296 ), #8974 ) ;
#6705 =( BOUNDED_CURVE ( )  B_SPLINE_CURVE ( 2, ( #5474, #2564, #7769, #4766, #4796 ),
 .UNSPECIFIED., .F., .F. ) 
 B_SPLINE_CURVE_WITH_KNOTS ( ( 3, 2, 3 ),
 ( 0.2925207282018351100, 0.2968750000000000000, 0.3125000000000000000 ),
 .UNSPECIFIED. ) 
 CURVE ( )  GEOMETRIC_REPRESENTATION_ITEM ( )  RATIONAL_B_SPLINE_CURVE ( ( 0.9693973594065299300, 0.9787872508896491300, 1.000000000000000000, 0.9238795325112867400, 1.000000000000000000 ) ) 
 REPRESENTATION_ITEM ( '' )  );
#6706 = EDGE_LOOP ( 'NONE', ( #6131, #6179 ) ) ;
#6707 = ADVANCED_FACE ( 'NONE', ( #770 ), #6813, .T. ) ;
#6708 = CARTESIAN_POINT ( 'NONE',  ( -4.732966563360386100, 0.0000000000000000000, 3.199999999999998000 ) ) ;
#6709 = DIRECTION ( 'NONE',  ( -0.0000000000000000000, 1.000000000000000000, -0.0000000000000000000 ) ) ;
#6710 = ORIENTED_EDGE ( 'NONE', *, *, #4179, .F. ) ;
#6711 = COORDINATED_UNIVERSAL_TIME_OFFSET ( 8, 0, .AHEAD. ) ;
#6712 = CARTESIAN_POINT ( 'NONE',  ( 0.0000000000000000000, 3.918869757271530500E-016, -3.200000000000000200 ) ) ;
#6713 = FACE_OUTER_BOUND ( 'NONE', #6085, .T. ) ;
#6714 = FACE_OUTER_BOUND ( 'NONE', #4150, .T. ) ;
#6715 = DIRECTION ( 'NONE',  ( -1.000000000000000000, 8.775090700452169200E-016, 0.0000000000000000000 ) ) ;
#6716 = CARTESIAN_POINT ( 'NONE',  ( -9.000000000000001800, -11.19999999999999900, 11.49999999999999800 ) ) ;
#6717 = CARTESIAN_POINT ( 'NONE',  ( 19.39037317258436100, 1.071902121975693200, -7.498708605804964100 ) ) ;
#6718 = CARTESIAN_POINT ( 'NONE',  ( -18.90798146565091600, 0.1729268406097970700, -5.962197547403627100 ) ) ;
#6719 = DIRECTION ( 'NONE',  ( -0.5773502691896236200, -0.5773502691896258400, -0.5773502691896278400 ) ) ;
#6720 = CARTESIAN_POINT ( 'NONE',  ( -8.475000000000001400, 1.037888162277382000E-015, -2.200000000000000200 ) ) ;
#6721 = AXIS2_PLACEMENT_3D ( 'NONE', #680, #1457, #5133 ) ;
#6722 = FACE_OUTER_BOUND ( 'NONE', #241, .T. ) ;
#6723 = VECTOR ( 'NONE', #9091, 1000.000000000000000 ) ;
#6724 = EDGE_CURVE ( 'NONE', #515, #3090, #6149, .T. ) ;
#6725 = ORIENTED_EDGE ( 'NONE', *, *, #1543, .F. ) ;
#6726 = PERSON_AND_ORGANIZATION ( #4303, #4183 ) ;
#6727 = CARTESIAN_POINT ( 'NONE',  ( -11.90000000000003200, 17.81562500000000800, -4.929141392239748700 ) ) ;
#6728 = DIRECTION ( 'NONE',  ( 0.7071067811865383600, 8.659560562355046300E-017, 0.7071067811865567900 ) ) ;
#6729 = ORIENTED_EDGE ( 'NONE', *, *, #2092, .F. ) ;
#6730 = CARTESIAN_POINT ( 'NONE',  ( 0.0000000000000000000, 2.000000000000000000, 0.0000000000000000000 ) ) ;
#6731 = ADVANCED_FACE ( 'NONE', ( #1579 ), #6020, .F. ) ;
#6732 = CARTESIAN_POINT ( 'NONE',  ( -13.25465439984741100, 0.0000000000000000000, 0.0000000000000000000 ) ) ;
#6733 = CARTESIAN_POINT ( 'NONE',  ( 12.82664718204931400, 19.34437500000000700, -5.312971222579575300 ) ) ;
#6734 = FACE_OUTER_BOUND ( 'NONE', #791, .T. ) ;
#6735 = FACE_OUTER_BOUND ( 'NONE', #4474, .T. ) ;
#6736 = AXIS2_PLACEMENT_3D ( 'NONE', #5123, #7292, #8788 ) ;
#6737 = CARTESIAN_POINT ( 'NONE',  ( 5.260512242138204900, 16.89000521535168900, -12.70000000000000300 ) ) ;
#6738 = PERSON_AND_ORGANIZATION ( #4303, #4183 ) ;
#6739 = EDGE_LOOP ( 'NONE', ( #638, #1236, #6457, #5747 ) ) ;
#6740 = EDGE_CURVE ( 'NONE', #9157, #7794, #1115, .T. ) ;
#6741 = ORIENTED_EDGE ( 'NONE', *, *, #4430, .T. ) ;
#6742 = CIRCLE ( 'NONE', #6903, 15.60000000000000000 ) ;
#6743 = EDGE_CURVE ( 'NONE', #7504, #2819, #9404, .T. ) ;
#6744 = CC_DESIGN_DATE_AND_TIME_ASSIGNMENT ( #3361, #5674, ( #6369 ) ) ;
#6745 = ADVANCED_FACE ( 'NONE', ( #1117 ), #2526, .F. ) ;
#6746 = ORIENTED_EDGE ( 'NONE', *, *, #2431, .T. ) ;
#6747 = CARTESIAN_POINT ( 'NONE',  ( 12.69999999999996700, 16.65188021535168900, -9.023892744153245300E-014 ) ) ;
#6748 = ORIENTED_EDGE ( 'NONE', *, *, #5249, .T. ) ;
#6749 = CONICAL_SURFACE ( 'NONE', #5226, 2.991239569296595800, 1.047197551196593200 ) ;
#6750 = CARTESIAN_POINT ( 'NONE',  ( -11.23884550137286300, 24.07865626561201100, -14.46977155454125900 ) ) ;
#6751 = CARTESIAN_POINT ( 'NONE',  ( 3.586772846851400000, 22.32467817597280300, -20.16406719884744100 ) ) ;
#6752 = CARTESIAN_POINT ( 'NONE',  ( -16.95045816486630100, 2.000000000000001800, -12.39685314912906700 ) ) ;
#6753 = VECTOR ( 'NONE', #1898, 1000.000000000000000 ) ;
#6754 = DIRECTION ( 'NONE',  ( -6.204926139816740300E-016, -0.7071067811865475700, -0.7071067811865475700 ) ) ;
#6755 = ADVANCED_FACE ( 'NONE', ( #5172 ), #305, .T. ) ;
#6756 = CARTESIAN_POINT ( 'NONE',  ( 14.29000000000000400, -23.09999999999999800, 8.250335346719751300 ) ) ;
#6757 = CARTESIAN_POINT ( 'NONE',  ( -8.414570696119973500, 19.00625000000000500, -8.414570696119856300 ) ) ;
#6758 = CARTESIAN_POINT ( 'NONE',  ( 2.858700225417041300, 1.417408032325285600, 20.72118414485112200 ) ) ;
#6759 = CARTESIAN_POINT ( 'NONE',  ( 14.84047904870547700, 0.2370418943711932700, 13.34506732214245300 ) ) ;
#6760 = DIRECTION ( 'NONE',  ( 0.0000000000000000000, 0.0000000000000000000, 1.000000000000000000 ) ) ;
#6761 = LINE ( 'NONE', #517, #97 ) ;
#6762 = CARTESIAN_POINT ( 'NONE',  ( -9.069809202314351300, 14.97875000000001200, 9.069809202314482700 ) ) ;
#6763 = DIRECTION ( 'NONE',  ( -0.0000000000000000000, -1.000000000000000000, -0.0000000000000000000 ) ) ;
#6764 = CARTESIAN_POINT ( 'NONE',  ( 17.47810899155977900, 0.0000000000000000000, 0.0000000000000000000 ) ) ;
#6765 = CARTESIAN_POINT ( 'NONE',  ( 9.000000000000001800, -11.19999999999999900, -9.000000000000000000 ) ) ;
#6766 = CYLINDRICAL_SURFACE ( 'NONE', #2862, 21.00000000000000000 ) ;
#6767 = CARTESIAN_POINT ( 'NONE',  ( 0.0000000000000000000, 17.80000000000000100, 0.0000000000000000000 ) ) ;
#6768 = ORIENTED_EDGE ( 'NONE', *, *, #2599, .F. ) ;
#6769 = ORIENTED_EDGE ( 'NONE', *, *, #5306, .T. ) ;
#6770 = CIRCLE ( 'NONE', #5680, 19.72072930905315500 ) ;
#6771 = EDGE_CURVE ( 'NONE', #6176, #8216, #1751, .T. ) ;
#6772 = DIRECTION ( 'NONE',  ( -8.775090700452169200E-016, -1.000000000000000000, -0.0000000000000000000 ) ) ;
#6773 =( LENGTH_UNIT ( ) NAMED_UNIT ( * ) SI_UNIT ( .MILLI., .METRE. ) );
#6774 = DIRECTION ( 'NONE',  ( 0.0000000000000000000, 0.0000000000000000000, -1.000000000000000000 ) ) ;
#6775 = EDGE_CURVE ( 'NONE', #5970, #3091, #5543, .T. ) ;
#6776 = ORIENTED_EDGE ( 'NONE', *, *, #1010, .T. ) ;
#6777 = CARTESIAN_POINT ( 'NONE',  ( -11.44999999999999800, 9.250129867028060300E-016, -7.060900368822721000 ) ) ;
#6778 = CARTESIAN_POINT ( 'NONE',  ( -14.00000000000000700, 8.900000000000018100, 13.44999999999999900 ) ) ;
#6779 = CARTESIAN_POINT ( 'NONE',  ( 2.046776438449546400, 0.6704212589647345900, 0.1318215355968991300 ) ) ;
#6780 = ORIENTED_EDGE ( 'NONE', *, *, #9167, .F. ) ;
#6781 = AXIS2_PLACEMENT_3D ( 'NONE', #8505, #8530, #5541 ) ;
#6782 = CARTESIAN_POINT ( 'NONE',  ( -4.929141392239751300, 16.86312500000001100, 11.90000000000003200 ) ) ;
#6783 = CARTESIAN_POINT ( 'NONE',  ( 13.44999999999999900, 0.0000000000000000000, 0.0000000000000000000 ) ) ;
#6784 = AXIS2_PLACEMENT_3D ( 'NONE', #4966, #1976, #8568 ) ;
#6785 = CARTESIAN_POINT ( 'NONE',  ( -11.89999999999997500, 17.80000000000002200, 1.506315562951287800E-015 ) ) ;
#6786 = DIRECTION ( 'NONE',  ( 0.0000000000000000000, -1.000000000000000000, 0.0000000000000000000 ) ) ;
#6787 = CARTESIAN_POINT ( 'NONE',  ( 12.82664718204931400, 11.72437500000002000, -5.312971222579575300 ) ) ;
#6788 = EDGE_CURVE ( 'NONE', #941, #728, #3229, .T. ) ;
#6789 = ORIENTED_EDGE ( 'NONE', *, *, #5496, .T. ) ;
#6790 = EDGE_CURVE ( 'NONE', #332, #2133, #8667, .T. ) ;
#6791 = AXIS2_PLACEMENT_3D ( 'NONE', #3595, #7305, #1334 ) ;
#6792 = ORIENTED_EDGE ( 'NONE', *, *, #8173, .F. ) ;
#6793 = ADVANCED_FACE ( 'NONE', ( #905 ), #5512, .T. ) ;
#6794 = DIRECTION ( 'NONE',  ( 1.060575238724908600E-016, -0.4999999999999976100, 0.8660254037844400400 ) ) ;
#6795 = FACE_OUTER_BOUND ( 'NONE', #4737, .T. ) ;
#6796 = EDGE_LOOP ( 'NONE', ( #3828, #9012, #982, #5163 ) ) ;
#6797 = CARTESIAN_POINT ( 'NONE',  ( -12.94999999999999200, 9.400000000000023400, 12.94999999999999200 ) ) ;
#6799 = EDGE_LOOP ( 'NONE', ( #9544, #8567, #9302, #2226 ) ) ;
#6798 = EDGE_LOOP ( 'NONE', ( #4004, #4198, #458, #567, #739, #6306 ) ) ;
#6800 = CARTESIAN_POINT ( 'NONE',  ( -1.760623622028281600, 2.045561937052131200, 1.085615285902928200 ) ) ;
#6801 = APPROVAL ( #2603, '未指定' ) ;
#6802 = CARTESIAN_POINT ( 'NONE',  ( -18.59032493526772400, -5.524348881992548400E-015, -4.846358060188438600 ) ) ;
#6803 = DIRECTION ( 'NONE',  ( 1.000000000000000000, -0.0000000000000000000, -0.0000000000000000000 ) ) ;
#6804 = FACE_OUTER_BOUND ( 'NONE', #7830, .T. ) ;
#6805 = PLANE ( 'NONE',  #3674 ) ;
#6806 = ORIENTED_EDGE ( 'NONE', *, *, #3475, .F. ) ;
#6807 = VERTEX_POINT ( 'NONE', #4116 ) ;
#6808 = PLANE ( 'NONE',  #2593 ) ;
#6809 = VERTEX_POINT ( 'NONE', #7686 ) ;
#6810 = EDGE_CURVE ( 'NONE', #2669, #8668, #4213, .T. ) ;
#6811 = CONTEXT_DEPENDENT_SHAPE_REPRESENTATION ( #1289, #632 ) ;
#6812 = CARTESIAN_POINT ( 'NONE',  ( -12.94999999999999200, 9.400000000000023400, 13.44999999999999900 ) ) ;
#6813 = CONICAL_SURFACE ( 'NONE', #2164, 5.674999999999997200, 0.7853981633974592700 ) ;
#6814 = CARTESIAN_POINT ( 'NONE',  ( -13.65465439984741600, 5.784362441471796100E-016, 4.607820323027546300 ) ) ;
#6815 = ADVANCED_FACE ( 'NONE', ( #2820 ), #3178, .F. ) ;
#6816 = DIRECTION ( 'NONE',  ( 0.0000000000000000000, 0.0000000000000000000, -1.000000000000000000 ) ) ;
#6817 = CARTESIAN_POINT ( 'NONE',  ( 5.768140837552072000, 23.76556932822188600, 17.87913691116109400 ) ) ;
#6818 = CARTESIAN_POINT ( 'NONE',  ( 9.069809202314353100, 11.80375000000001900, -9.069809202314482700 ) ) ;
#6819 = ORIENTED_EDGE ( 'NONE', *, *, #6506, .F. ) ;
#6820 = CARTESIAN_POINT ( 'NONE',  ( -18.36785718158127500, 23.76556932822204600, -3.944211957654451000 ) ) ;
#6821 = DIRECTION ( 'NONE',  ( 0.0000000000000000000, 0.0000000000000000000, 1.000000000000000000 ) ) ;
#6822 = FACE_OUTER_BOUND ( 'NONE', #5340, .T. ) ;
#6823 = CARTESIAN_POINT ( 'NONE',  ( -3.586772846850905700, 22.32467817596794600, -20.16406719884644600 ) ) ;
#6824 = FACE_OUTER_BOUND ( 'NONE', #7295, .T. ) ;
#6825 = CARTESIAN_POINT ( 'NONE',  ( 19.23611071973806500, 20.70927092845449400, -8.424716209233153600 ) ) ;
#6826 = CARTESIAN_POINT ( 'NONE',  ( 7.900000000000002100, -8.199999999999999300, 0.0000000000000000000 ) ) ;
#6827 = EDGE_LOOP ( 'NONE', ( #5428, #8123 ) ) ;
#6828 = CARTESIAN_POINT ( 'NONE',  ( 12.32481311125422600, 11.35796691469048400, 1.047403246584937400 ) ) ;
#6829 = CARTESIAN_POINT ( 'NONE',  ( -11.21728551710617300, 17.12097322144480000, -5.741313059029985200 ) ) ;
#6830 = VERTEX_POINT ( 'NONE', #6323 ) ;
#6831 = B_SPLINE_CURVE_WITH_KNOTS ( 'NONE', 3,
 ( #8154, #3713, #8889, #6, #8954, #679, #5957, #7331, #6618, #4460, #613, #705 ),
 .UNSPECIFIED., .F., .F.,
 ( 4, 2, 2, 2, 2, 4 ),
 ( -9.403254081138366200E-006, 0.0002449717126438575200, 0.0004993466793688534000, 0.001008096612818847500, 0.001516846546268841400, 0.002025596479718836000 ),
 .UNSPECIFIED. ) ;
#6832 = TOROIDAL_SURFACE ( 'NONE', #3788, 18.00000000000000400, 3.000000000000000000 ) ;
#6833 = VECTOR ( 'NONE', #7711, 999.9999999999998900 ) ;
#6834 = DIRECTION ( 'NONE',  ( -0.0000000000000000000, -1.000000000000000000, -0.0000000000000000000 ) ) ;
#6835 = CARTESIAN_POINT ( 'NONE',  ( 12.70000000000000500, 16.57250521535169300, 5.260512242138204000 ) ) ;
#6836 = CARTESIAN_POINT ( 'NONE',  ( -4.604223021014521000, 9.524999999999984400, 0.5923633862646794400 ) ) ;
#6837 = DIRECTION ( 'NONE',  ( 0.0000000000000000000, -0.5150380749100547100, -0.8571673007021120000 ) ) ;
#6838 = EDGE_LOOP ( 'NONE', ( #1783, #8917, #7923, #2065 ) ) ;
#6839 = DATE_AND_TIME ( #2064, #2775 ) ;
#6840 = CARTESIAN_POINT ( 'NONE',  ( -8.980256121069194500, 13.46436978464833700, -8.980256121069066600 ) ) ;
#6841 = AXIS2_PLACEMENT_3D ( 'NONE', #7148, #472, #5721 ) ;
#6842 = VERTEX_POINT ( 'NONE', #4051 ) ;
#6843 = CARTESIAN_POINT ( 'NONE',  ( -13.65465439984741600, 0.0000000000000000000, 0.0000000000000000000 ) ) ;
#6844 = ORIENTED_EDGE ( 'NONE', *, *, #4932, .T. ) ;
#6845 = AXIS2_PLACEMENT_3D ( 'NONE', #2294, #8297, #8197 ) ;
#6846 = VERTEX_POINT ( 'NONE', #7034 ) ;
#6847 = ADVANCED_FACE ( 'NONE', ( #3054 ), #2702, .F. ) ;
#6848 = EDGE_CURVE ( 'NONE', #5214, #7509, #439, .T. ) ;
#6849 = CARTESIAN_POINT ( 'NONE',  ( 19.00000000000038400, 0.0000000000000000000, -32.90896534380844700 ) ) ;
#6850 = CONICAL_SURFACE ( 'NONE', #4041, 20.06649160312764500, 1.047197551196600500 ) ;
#6851 = CARTESIAN_POINT ( 'NONE',  ( 11.89999999999996500, 13.52937500000001800, -4.929141392239915700 ) ) ;
#6852 = SHAPE_DEFINITION_REPRESENTATION ( #1887, #2590 ) ;
#6853 = CARTESIAN_POINT ( 'NONE',  ( -14.00000000000000200, 17.80000000000000100, -13.44999999999999900 ) ) ;
#6854 = CARTESIAN_POINT ( 'NONE',  ( 17.47810899155977900, -2.300000000000001600, 2.816687638038914500E-016 ) ) ;
#6855 = CARTESIAN_POINT ( 'NONE',  ( -9.948714176619642300, 17.26523173826758400, 7.502765275918937600 ) ) ;
#6856 = CARTESIAN_POINT ( 'NONE',  ( 6.402153650224613000, -7.961144599948544200, 17.22290479380365700 ) ) ;
#6857 = EDGE_CURVE ( 'NONE', #2545, #837, #2468, .T. ) ;
#6858 = AXIS2_PLACEMENT_3D ( 'NONE', #6720, #3503, #5714 ) ;
#6859 = ORIENTED_EDGE ( 'NONE', *, *, #4735, .T. ) ;
#6860 = CARTESIAN_POINT ( 'NONE',  ( 12.82664718204939200, 12.83562500000001600, 5.312971222579391500 ) ) ;
#6861 = CARTESIAN_POINT ( 'NONE',  ( 19.25598086124352500, 22.32467817596708700, 6.975797196446237100 ) ) ;
#6862 = AXIS2_PLACEMENT_3D ( 'NONE', #2446, #6070, #7649 ) ;
#6863 = VERTEX_POINT ( 'NONE', #420 ) ;
#6864 = CIRCLE ( 'NONE', #6064, 11.29999999999998500 ) ;
#6865 = CARTESIAN_POINT ( 'NONE',  ( 12.69999999999996700, 16.65188021535168900, -9.023892744153245300E-014 ) ) ;
#6866 = DIRECTION ( 'NONE',  ( -8.775090700452169200E-016, -1.000000000000000000, -0.0000000000000000000 ) ) ;
#6867 = CONICAL_SURFACE ( 'NONE', #5129, 2.499999999999998700, 0.7853981633974477200 ) ;
#6868 = VERTEX_POINT ( 'NONE', #328 ) ;
#6869 = PLANE ( 'NONE',  #7512 ) ;
#6870 = CARTESIAN_POINT ( 'NONE',  ( -12.86134055113139100, 0.0000000000000000000, 0.0000000000000000000 ) ) ;
#6871 = DIRECTION ( 'NONE',  ( 0.0000000000000000000, -1.000000000000000000, 0.0000000000000000000 ) ) ;
#6872 = EDGE_LOOP ( 'NONE', ( #7182, #1815, #903, #8134 ) ) ;
#6873 = EDGE_CURVE ( 'NONE', #3090, #515, #486, .T. ) ;
#6874 = CC_DESIGN_APPROVAL ( #2176, ( #5073 ) ) ;
#6875 = CIRCLE ( 'NONE', #2811, 9.275000000000002100 ) ;
#6876 = CARTESIAN_POINT ( 'NONE',  ( 13.44999999999999900, 0.0000000000000000000, 0.0000000000000000000 ) ) ;
#6877 = CARTESIAN_POINT ( 'NONE',  ( 0.0000000000000000000, 0.0000000000000000000, 17.10000000000000100 ) ) ;
#6878 = DIRECTION ( 'NONE',  ( 0.0000000000000000000, 0.0000000000000000000, -1.000000000000000000 ) ) ;
#6879 = CARTESIAN_POINT ( 'NONE',  ( 16.91407361872380100, 20.70927092452645700, 12.44660244597354300 ) ) ;
#6880 = EDGE_CURVE ( 'NONE', #9416, #6939, #9115, .T. ) ;
#6881 = CARTESIAN_POINT ( 'NONE',  ( -1.119857264706282100, -6.342158300342950000, 5.097985071271193800 ) ) ;
#6882 = CARTESIAN_POINT ( 'NONE',  ( -0.1502701664358707100, 6.440000000000001300, 4.250000000000002700 ) ) ;
#6883 = CARTESIAN_POINT ( 'NONE',  ( 14.43443619994202900, 23.09492482837286800, 13.43704640427915300 ) ) ;
#6884 = MANIFOLD_SOLID_BREP ( '切除-旋转2', #8480 ) ;
#6885 = CIRCLE ( 'NONE', #3718, 3.703925678971643300 ) ;
#6886 = CARTESIAN_POINT ( 'NONE',  ( 8.528325040094458700E-014, 13.13250000000001600, 11.89999999999999900 ) ) ;
#6887 = CARTESIAN_POINT ( 'NONE',  ( 3.400363336017245600, 0.8600889937727400600, 20.36663200267944900 ) ) ;
#6888 = CARTESIAN_POINT ( 'NONE',  ( -11.89999999999996700, 11.82437500000001900, 4.929141392239918300 ) ) ;
#6889 = CARTESIAN_POINT ( 'NONE',  ( -7.008442412596151500, 17.30573941295404300, 10.24603385674844700 ) ) ;
#6890 = CARTESIAN_POINT ( 'NONE',  ( 5.312971222579579800, 11.40687500000002400, 12.82664718204931200 ) ) ;
#6891 = ORIENTED_EDGE ( 'NONE', *, *, #4677, .T. ) ;
#6892 = FACE_OUTER_BOUND ( 'NONE', #1321, .T. ) ;
#6893 = CARTESIAN_POINT ( 'NONE',  ( 5.260512242138388700, 15.14375521535169300, 12.69999999999992600 ) ) ;
#6894 = ORIENTED_EDGE ( 'NONE', *, *, #1873, .T. ) ;
#6895 = ADVANCED_FACE ( 'NONE', ( #2576 ), #8762, .F. ) ;
#6896 = DIRECTION ( 'NONE',  ( -1.000000000000000000, 0.0000000000000000000, -0.0000000000000000000 ) ) ;
#6897 = CARTESIAN_POINT ( 'NONE',  ( 13.79999999999999700, 0.0000000000000000000, 3.200000000000000200 ) ) ;
#6898 = DIRECTION ( 'NONE',  ( -0.0000000000000000000, -0.0000000000000000000, -1.000000000000000000 ) ) ;
#6899 = ORIENTED_EDGE ( 'NONE', *, *, #2370, .T. ) ;
#6900 = FACE_OUTER_BOUND ( 'NONE', #410, .T. ) ;
#6901 = CARTESIAN_POINT ( 'NONE',  ( 12.94999999999999200, -11.19999999999999900, 13.44999999999999900 ) ) ;
#6902 = SHAPE_REPRESENTATION ( '316-GN-FMR4', ( #1296 ), #9482 ) ;
#6903 = AXIS2_PLACEMENT_3D ( 'NONE', #1699, #7659, #336 ) ;
#6904 = CARTESIAN_POINT ( 'NONE',  ( 9.492589693352092800, 11.61861762109303300, 8.351861874073213300 ) ) ;
#6905 = EDGE_CURVE ( 'NONE', #5330, #8933, #3987, .T. ) ;
#6906 = DIRECTION ( 'NONE',  ( 0.0000000000000000000, -0.1690575895263742000, 0.9856061746070445800 ) ) ;
#6907 = ORIENTED_EDGE ( 'NONE', *, *, #2695, .T. ) ;
#6908 = CARTESIAN_POINT ( 'NONE',  ( -12.94999999999999200, -11.19999999999999900, -13.44999999999999900 ) ) ;
#6909 = EDGE_CURVE ( 'NONE', #5285, #8798, #5047, .T. ) ;
#6910 = DIRECTION ( 'NONE',  ( 0.0000000000000000000, 0.0000000000000000000, 1.000000000000000000 ) ) ;
#6911 = AXIS2_PLACEMENT_3D ( 'NONE', #6202, #9118, #7682 ) ;
#6912 = CARTESIAN_POINT ( 'NONE',  ( 4.929141392239922800, 15.75187500000001300, 11.89999999999996300 ) ) ;
#6913 = EDGE_LOOP ( 'NONE', ( #8557, #8442, #3762 ) ) ;
#6914 = LOCAL_TIME ( 13, 59, 25.00000000000000000, #3339 ) ;
#6915 = DIRECTION ( 'NONE',  ( 0.0000000000000000000, 0.0000000000000000000, 1.000000000000000000 ) ) ;
#6916 = VERTEX_POINT ( 'NONE', #1920 ) ;
#6917 = AXIS2_PLACEMENT_3D ( 'NONE', #2103, #2038, #3517 ) ;
#6918 = CARTESIAN_POINT ( 'NONE',  ( 11.73457004463204200, 17.61524387882466400, -2.918418738663415700 ) ) ;
#6919 = CARTESIAN_POINT ( 'NONE',  ( 3.035235489233028900, 17.41470704633421100, 11.91131127435429500 ) ) ;
#6920 = CARTESIAN_POINT ( 'NONE',  ( -9.254654399847412400, 0.0000000000000000000, 0.0000000000000000000 ) ) ;
#6921 = CARTESIAN_POINT ( 'NONE',  ( 5.312971222579394100, 14.42312500000001700, -12.82664718204939000 ) ) ;
#6922 = EDGE_CURVE ( 'NONE', #5173, #8624, #1522, .T. ) ;
#6923 = EDGE_LOOP ( 'NONE', ( #6557, #7865, #7585, #3678 ) ) ;
#6924 = EDGE_LOOP ( 'NONE', ( #108, #4075, #7278, #2610, #275, #2886 ) ) ;
#6925 = CARTESIAN_POINT ( 'NONE',  ( 8.980256121069192700, 15.22313021535169300, 8.980256121069064800 ) ) ;
#6926 = CARTESIAN_POINT ( 'NONE',  ( -13.44999999999999900, 9.400000000000025200, 12.94999999999999200 ) ) ;
#6927 = EDGE_CURVE ( 'NONE', #9114, #9127, #820, .T. ) ;
#6928 = AXIS2_PLACEMENT_3D ( 'NONE', #8422, #1741, #6240 ) ;
#6929 = VECTOR ( 'NONE', #137, 999.9999999999998900 ) ;
#6930 = VERTEX_POINT ( 'NONE', #8735 ) ;
#6931 = CARTESIAN_POINT ( 'NONE',  ( 1.203456888229273200E-014, 13.71446665693450500, 0.0000000000000000000 ) ) ;
#6933 = ORIENTED_EDGE ( 'NONE', *, *, #8190, .T. ) ;
#6932 = ORIENTED_EDGE ( 'NONE', *, *, #5496, .F. ) ;
#6934 = PLANE ( 'NONE',  #8403 ) ;
#6935 = DATE_AND_TIME ( #5885, #631 ) ;
#6936 = CARTESIAN_POINT ( 'NONE',  ( -11.52783601263437400, 17.12870773551936000, -5.068919288237172100 ) ) ;
#6937 = VECTOR ( 'NONE', #5961, 1000.000000000000000 ) ;
#6938 = EDGE_LOOP ( 'NONE', ( #2844, #5415, #3579, #390 ) ) ;
#6939 = VERTEX_POINT ( 'NONE', #6479 ) ;
#6940 = DIRECTION ( 'NONE',  ( 1.000000000000000000, 0.0000000000000000000, 0.0000000000000000000 ) ) ;
#6941 = CC_DESIGN_APPROVAL ( #1433, ( #4271 ) ) ;
#6942 = ITEM_DEFINED_TRANSFORMATION ( 'NONE', 'NONE', #7360,  #1296 ) ;
#6943 = CARTESIAN_POINT ( 'NONE',  ( -1.149913114336698300, -6.336505333165962200, 5.247425617467090600 ) ) ;
#6944 = DIRECTION ( 'NONE',  ( 0.0000000000000000000, 0.0000000000000000000, -1.000000000000000000 ) ) ;
#6945 = LINE ( 'NONE', #7589, #5086 ) ;
#6946 = ADVANCED_FACE ( 'NONE', ( #6661, #1410 ), #9231, .F. ) ;
#6947 = CYLINDRICAL_SURFACE ( 'NONE', #1469, 11.89999999999999900 ) ;
#6948 = B_SPLINE_CURVE_WITH_KNOTS ( 'NONE', 3,
 ( #6372, #3290, #7772, #7813 ),
 .UNSPECIFIED., .F., .F.,
 ( 4, 4 ),
 ( 0.07654802094401998200, 0.07716221106804666000 ),
 .UNSPECIFIED. ) ;
#6949 = EDGE_CURVE ( 'NONE', #2302, #581, #8386, .T. ) ;
#6950 = CARTESIAN_POINT ( 'NONE',  ( 8.414570696119856300, 16.14875000000001000, -8.414570696119973500 ) ) ;
#6951 = CARTESIAN_POINT ( 'NONE',  ( 11.69999999999999900, 9.400000000000002100, 12.94999999999999200 ) ) ;
#6952 = CARTESIAN_POINT ( 'NONE',  ( 3.809662982789313800, 17.42331530265208500, 11.67762916468622900 ) ) ;
#6953 = CARTESIAN_POINT ( 'NONE',  ( 11.89999999999996500, 18.80937500000000300, -4.929141392239915700 ) ) ;
#6954 = TOROIDAL_SURFACE ( 'NONE', #7107, 19.00000000000000400, 2.000000000000000000 ) ;
#6955 = CARTESIAN_POINT ( 'NONE',  ( -1.899264919870011600E-017, 0.0000000000000000000, 0.0000000000000000000 ) ) ;
#6956 = CARTESIAN_POINT ( 'NONE',  ( 5.499261314031300300, -9.524999999999941700, 0.8507386859688205200 ) ) ;
#6957 = VERTEX_POINT ( 'NONE', #1951 ) ;
#6958 = CARTESIAN_POINT ( 'NONE',  ( 0.0000000000000000000, 9.525000000000019900, 6.550000000000001600 ) ) ;
#6959 = CALENDAR_DATE ( 2023, 6, 9 ) ;
#6960 = CARTESIAN_POINT ( 'NONE',  ( -11.89999999999999900, 16.62500000000000700, 9.184123401037864100E-014 ) ) ;
#6961 = EDGE_LOOP ( 'NONE', ( #5455, #157, #447, #5508 ) ) ;
#6962 = DIRECTION ( 'NONE',  ( 0.0000000000000000000, 0.0000000000000000000, 1.000000000000000000 ) ) ;
#6963 = FACE_OUTER_BOUND ( 'NONE', #965, .T. ) ;
#6964 = CIRCLE ( 'NONE', #1850, 19.00000000000000400 ) ;
#6965 = DIRECTION ( 'NONE',  ( 0.0000000000000000000, 1.000000000000000000, 0.0000000000000000000 ) ) ;
#6966 = EDGE_CURVE ( 'NONE', #7410, #52, #8682, .T. ) ;
#6967 = PERSON_AND_ORGANIZATION ( #4303, #4183 ) ;
#6968 = EDGE_CURVE ( 'NONE', #7795, #3307, #5266, .T. ) ;
#6969 = VERTEX_POINT ( 'NONE', #639 ) ;
#6970 = DIRECTION ( 'NONE',  ( 0.0000000000000000000, 0.0000000000000000000, -1.000000000000000000 ) ) ;
#6971 = DIRECTION ( 'NONE',  ( -0.5000000000000040000, 0.0000000000000000000, 0.8660254037844363800 ) ) ;
#6972 = VERTEX_POINT ( 'NONE', #8018 ) ;
#6973 = CIRCLE ( 'NONE', #6721, 15.60000000000000000 ) ;
#6974 = CARTESIAN_POINT ( 'NONE',  ( 0.0000000000000000000, -20.49170962313452500, 0.0000000000000000000 ) ) ;
#6975 =( NAMED_UNIT ( * ) SI_UNIT ( $, .STERADIAN. ) SOLID_ANGLE_UNIT ( ) );
#6976 = AXIS2_PLACEMENT_3D ( 'NONE', #5685, #1994, #7205 ) ;
#6977 = CARTESIAN_POINT ( 'NONE',  ( -3.586772846850905700, 22.32467817596794600, -20.16406719884644600 ) ) ;
#6978 = FACE_OUTER_BOUND ( 'NONE', #8526, .T. ) ;
#6979 = DIRECTION ( 'NONE',  ( -0.0000000000000000000, -0.0000000000000000000, -1.000000000000000000 ) ) ;
#6980 = AXIS2_PLACEMENT_3D ( 'NONE', #2767, #5760, #1285 ) ;
#6981 = VERTEX_POINT ( 'NONE', #5126 ) ;
#6982 = EDGE_CURVE ( 'NONE', #5115, #7248, #1291, .T. ) ;
#6983 = VERTEX_POINT ( 'NONE', #9636 ) ;
#6984 = LINE ( 'NONE', #8515, #1376 ) ;
#6985 = CARTESIAN_POINT ( 'NONE',  ( 8.414570696119856300, 12.33875000000001900, -8.414570696119973500 ) ) ;
#6986 = CARTESIAN_POINT ( 'NONE',  ( -12.09627401729810900, 17.21453842224014600, 3.196259599275229400 ) ) ;
#6987 = EDGE_CURVE ( 'NONE', #8412, #6983, #6770, .T. ) ;
#6988 = AXIS2_PLACEMENT_3D ( 'NONE', #8545, #1192, #2606 ) ;
#6989 = FACE_OUTER_BOUND ( 'NONE', #7942, .T. ) ;
#6990 = CARTESIAN_POINT ( 'NONE',  ( -4.929141392239751300, 17.06312500000001000, 11.90000000000003200 ) ) ;
#6991 = CARTESIAN_POINT ( 'NONE',  ( 13.44999999999999900, 8.899999999999993200, -12.94999999999999200 ) ) ;
#6992 = AXIS2_PLACEMENT_3D ( 'NONE', #7961, #3506, #7243 ) ;
#6993 = CARTESIAN_POINT ( 'NONE',  ( 8.947569504916666400, -21.16646964535333800, 11.33478903118297900 ) ) ;
#6994 = CARTESIAN_POINT ( 'NONE',  ( 12.69999999999996700, 12.84188021535169900, -9.023892744153245300E-014 ) ) ;
#6995 = ADVANCED_FACE ( 'NONE', ( #6541 ), #4813, .T. ) ;
#6996 = CONICAL_SURFACE ( 'NONE', #4487, 8.045708121834929100, 0.1745329251994323400 ) ;
#6997 = DIRECTION ( 'NONE',  ( -8.775090700452169200E-016, -1.000000000000000000, -0.0000000000000000000 ) ) ;
#6998 = DIRECTION ( 'NONE',  ( -1.000000000000000000, 0.0000000000000000000, 0.0000000000000000000 ) ) ;
#6999 = CARTESIAN_POINT ( 'NONE',  ( 19.21121883656459400, 20.63746869550590200, -8.481100801995154400 ) ) ;
#7000 = CARTESIAN_POINT ( 'NONE',  ( 12.23431649762031400, 11.49628517911621200, -2.630224096310724000 ) ) ;
#7001 = APPROVAL ( #7348, 'UNKNOWN' ) ;
#7002 =( BOUNDED_CURVE ( )  B_SPLINE_CURVE ( 2, ( #8180, #804, #8919, #8116, #734, #1420, #7376, #6639, #3002 ),
 .UNSPECIFIED., .F., .F. ) 
 B_SPLINE_CURVE_WITH_KNOTS ( ( 3, 2, 2, 2, 3 ),
 ( 0.4687500000000000000, 0.4843750000000000000, 0.5000000000000000000, 0.5156250000000000000, 0.5312500000000000000 ),
 .UNSPECIFIED. ) 
 CURVE ( )  GEOMETRIC_REPRESENTATION_ITEM ( )  RATIONAL_B_SPLINE_CURVE ( ( 1.000000000000000000, 0.9238795325112867400, 1.000000000000000000, 0.9238795325112867400, 1.000000000000000000, 0.9238795325112867400, 1.000000000000000000, 0.9238795325112867400, 1.000000000000000000 ) ) 
 REPRESENTATION_ITEM ( '' )  );
#7003 = CARTESIAN_POINT ( 'NONE',  ( -14.87953514389234000, 22.89746306899942100, 13.33688527714370600 ) ) ;
#7004 = CARTESIAN_POINT ( 'NONE',  ( 19.26106024217470700, 20.78123942547264800, 8.368201053171640400 ) ) ;
#7005 = CYLINDRICAL_SURFACE ( 'NONE', #9174, 2.309999999999996900 ) ;
#7006 = CARTESIAN_POINT ( 'NONE',  ( 10.76942092117335600, -10.37809659726470100, -10.28294262558368500 ) ) ;
#7007 = EDGE_CURVE ( 'NONE', #8891, #8082, #8532, .T. ) ;
#7008 = APPROVAL_ROLE ( '' ) ;
#7009 = ORIENTED_EDGE ( 'NONE', *, *, #5306, .F. ) ;
#7010 = DIRECTION ( 'NONE',  ( 1.000000000000000000, 0.0000000000000000000, 0.0000000000000000000 ) ) ;
#7011 = DIRECTION ( 'NONE',  ( -1.000000000000000000, -0.0000000000000000000, -0.0000000000000000000 ) ) ;
#7012 = ORIENTED_EDGE ( 'NONE', *, *, #3016, .F. ) ;
#7013 = CIRCLE ( 'NONE', #8534, 2.299999999999996700 ) ;
#7014 = CARTESIAN_POINT ( 'NONE',  ( 11.89999999999996500, 10.98937500000002000, -4.929141392239915700 ) ) ;
#7015 = ORIENTED_EDGE ( 'NONE', *, *, #2789, .F. ) ;
#7016 = CARTESIAN_POINT ( 'NONE',  ( -7.312252662870418100, 24.16114746403463100, 16.67168085136844300 ) ) ;
#7017 = CARTESIAN_POINT ( 'NONE',  ( -4.929141392239914800, 15.31687500000001000, -11.89999999999996500 ) ) ;
#7018 = CARTESIAN_POINT ( 'NONE',  ( -12.94999999999999200, 9.400000000000025200, -13.44999999999999900 ) ) ;
#7019 = CARTESIAN_POINT ( 'NONE',  ( 14.29000000000000800, -20.72824037380268400, 5.236118392018230600 ) ) ;
#7020 = ORIENTED_EDGE ( 'NONE', *, *, #8943, .F. ) ;
#7021 = DIRECTION ( 'NONE',  ( -0.0000000000000000000, -1.000000000000000000, -0.0000000000000000000 ) ) ;
#7022 = PLANE ( 'NONE',  #8119 ) ;
#7023 = DIRECTION ( 'NONE',  ( 0.0000000000000000000, 0.0000000000000000000, 1.000000000000000000 ) ) ;
#7024 = CARTESIAN_POINT ( 'NONE',  ( 8.248891971046839800, -4.762499999999971800, 17.60000000000000100 ) ) ;
#7025 = DIRECTION ( 'NONE',  ( -8.775090700452169200E-016, -1.000000000000000000, -0.0000000000000000000 ) ) ;
#7026 = VERTEX_POINT ( 'NONE', #4492 ) ;
#7027 = AXIS2_PLACEMENT_3D ( 'NONE', #6870, #3196, #7676 ) ;
#7028 = CARTESIAN_POINT ( 'NONE',  ( 19.35314932555502000, 22.05961318345770600, 7.236889585380078300 ) ) ;
#7029 = CARTESIAN_POINT ( 'NONE',  ( 0.7075251445112169500, -6.401905303247656500, 6.318870072111342200 ) ) ;
#7030 = EDGE_CURVE ( 'NONE', #3491, #5050, #7951, .T. ) ;
#7031 = DIRECTION ( 'NONE',  ( -0.0000000000000000000, 1.000000000000000000, -0.0000000000000000000 ) ) ;
#7032 = APPLICATION_PROTOCOL_DEFINITION ( 'international standard', 'config_control_design', 1994, #5551 ) ;
#7033 = DIRECTION ( 'NONE',  ( 1.000000000000000000, -9.210921111381288300E-016, 0.0000000000000000000 ) ) ;
#7034 = CARTESIAN_POINT ( 'NONE',  ( -8.248891971046740300, -4.762500000000066800, 0.0000000000000000000 ) ) ;
#7035 = PRODUCT_DEFINITION_SHAPE ( 'NONE', 'NONE',  #9695 ) ;
#7036 = LINE ( 'NONE', #1337, #5535 ) ;
#7037 = ORIENTED_EDGE ( 'NONE', *, *, #4333, .F. ) ;
#7038 = AXIS2_PLACEMENT_3D ( 'NONE', #3847, #87, #4638 ) ;
#7039 = ADVANCED_FACE ( 'NONE', ( #249 ), #3416, .F. ) ;
#7041 = ORIENTED_EDGE ( 'NONE', *, *, #2968, .F. ) ;
#7040 = EDGE_LOOP ( 'NONE', ( #647, #9046, #8093, #8561 ) ) ;
#7042 = AXIS2_PLACEMENT_3D ( 'NONE', #6434, #2663, #8692 ) ;
#7043 = CARTESIAN_POINT ( 'NONE',  ( 8.528325040094458700E-014, 10.59250000000002200, 11.89999999999999900 ) ) ;
#7044 = CARTESIAN_POINT ( 'NONE',  ( 8.980256121069066600, 15.68686978464833200, -8.980256121069194500 ) ) ;
#7045 = CARTESIAN_POINT ( 'NONE',  ( -10.76247506614218200, 24.16404021836094900, 14.67741403739318600 ) ) ;
#7046 = CARTESIAN_POINT ( 'NONE',  ( 0.0000000000000000000, 0.0000000000000000000, 0.0000000000000000000 ) ) ;
#7047 = VECTOR ( 'NONE', #6319, 1000.000000000000000 ) ;
#7048 = CARTESIAN_POINT ( 'NONE',  ( 8.414570696119856300, 18.88875000000000200, -8.414570696119973500 ) ) ;
#7049 = VERTEX_POINT ( 'NONE', #2 ) ;
#7050 = CARTESIAN_POINT ( 'NONE',  ( -19.25598086124292500, 0.6554350922084969400, 6.975797196445944900 ) ) ;
#7051 = ORIENTED_EDGE ( 'NONE', *, *, #9052, .T. ) ;
#7052 = ORIENTED_EDGE ( 'NONE', *, *, #5809, .F. ) ;
#7053 = CARTESIAN_POINT ( 'NONE',  ( -5.499261314031100400, -9.525000000000057200, 0.8507386859688216300 ) ) ;
#7054 = COORDINATED_UNIVERSAL_TIME_OFFSET ( 8, 0, .AHEAD. ) ;
#7055 = CARTESIAN_POINT ( 'NONE',  ( 1.561966144680487000E-014, 17.80000000000001100, 0.0000000000000000000 ) ) ;
#7056 = EDGE_CURVE ( 'NONE', #8082, #9240, #8296, .T. ) ;
#7057 = CARTESIAN_POINT ( 'NONE',  ( 5.260512242138388700, 13.87375521535169700, 12.69999999999992600 ) ) ;
#7058 = CC_DESIGN_PERSON_AND_ORGANIZATION_ASSIGNMENT ( #6738, #4738, ( #3065 ) ) ;
#7059 = LINE ( 'NONE', #5938, #6723 ) ;
#7060 = CIRCLE ( 'NONE', #1602, 4.549999999999999800 ) ;
#7061 = CARTESIAN_POINT ( 'NONE',  ( 17.47810899155977900, 0.0000000000000000000, 0.0000000000000000000 ) ) ;
#7062 = ORIENTED_EDGE ( 'NONE', *, *, #9426, .T. ) ;
#7063 = VECTOR ( 'NONE', #7999, 1000.000000000000100 ) ;
#7064 = CARTESIAN_POINT ( 'NONE',  ( -4.679998047357097200, 11.46091839283004400, 11.55558715189944900 ) ) ;
#7065 = VECTOR ( 'NONE', #2893, 1000.000000000000000 ) ;
#7066 =( BOUNDED_CURVE ( )  B_SPLINE_CURVE ( 2, ( #4830, #6162, #1846, #6338, #3397, #7841, #7911, #3456, #4234 ),
 .UNSPECIFIED., .F., .T. ) 
 B_SPLINE_CURVE_WITH_KNOTS ( ( 3, 2, 2, 2, 3 ),
 ( 0.7500000000000000000, 0.7656250000000000000, 0.7812500000000000000, 0.7968750000000000000, 0.8125000000000000000 ),
 .UNSPECIFIED. ) 
 CURVE ( )  GEOMETRIC_REPRESENTATION_ITEM ( )  RATIONAL_B_SPLINE_CURVE ( ( 1.000000000000000000, 0.9238795325112867400, 1.000000000000000000, 0.9238795325112867400, 1.000000000000000000, 0.9238795325112867400, 1.000000000000000000, 0.9238795325112867400, 1.000000000000000000 ) ) 
 REPRESENTATION_ITEM ( '' )  );
#7067 = CARTESIAN_POINT ( 'NONE',  ( 11.21936295751364900, 24.08264467504798000, -14.47784635673929700 ) ) ;
#7068 = APPROVAL_STATUS ( 'not_yet_approved' ) ;
#7069 = ORIENTED_EDGE ( 'NONE', *, *, #2804, .F. ) ;
#7070 = CARTESIAN_POINT ( 'NONE',  ( -3.202895591949789900, 21.78592137272790600, -20.54043567321056000 ) ) ;
#7071 = EDGE_LOOP ( 'NONE', ( #2180, #7120, #8416 ) ) ;
#7072 = ORIENTED_EDGE ( 'NONE', *, *, #8314, .T. ) ;
#7073 = CIRCLE ( 'NONE', #3116, 14.19999999999999900 ) ;
#7074 = LINE ( 'NONE', #596, #7773 ) ;
#7075 = CARTESIAN_POINT ( 'NONE',  ( -12.82664718204935100, 16.09000000000001400, 8.956799855210033200E-014 ) ) ;
#7076 = VERTEX_POINT ( 'NONE', #9672 ) ;
#7077 = DATE_AND_TIME ( #1249, #6270 ) ;
#7078 = DIRECTION ( 'NONE',  ( -8.775090700452169200E-016, -1.000000000000000000, -0.0000000000000000000 ) ) ;
#7079 = ORIENTED_EDGE ( 'NONE', *, *, #8239, .T. ) ;
#7080 = ORIENTED_EDGE ( 'NONE', *, *, #4616, .T. ) ;
#7081 = CARTESIAN_POINT ( 'NONE',  ( 8.528325040094456200E-014, 15.87250000000001100, 11.89999999999999900 ) ) ;
#7082 = ORIENTED_EDGE ( 'NONE', *, *, #5740, .T. ) ;
#7083 = FACE_OUTER_BOUND ( 'NONE', #4702, .T. ) ;
#7084 = CARTESIAN_POINT ( 'NONE',  ( -7.143125246700833800E-014, 16.30750000000000800, -11.89999999999999900 ) ) ;
#7085 = CARTESIAN_POINT ( 'NONE',  ( -10.61987304526799200, 17.80000000000002200, -5.369198869700185600 ) ) ;
#7086 = CARTESIAN_POINT ( 'NONE',  ( 19.25872915271211400, 1.881848415711450600, 8.366294839037745800 ) ) ;
#7087 = ADVANCED_FACE ( 'NONE', ( #7705 ), #1999, .F. ) ;
#7088 = ORIENTED_EDGE ( 'NONE', *, *, #3733, .F. ) ;
#7089 = AXIS2_PLACEMENT_3D ( 'NONE', #6853, #9095, #4646 ) ;
#7090 = CARTESIAN_POINT ( 'NONE',  ( 11.89999999999999900, 12.38000000000001900, -5.976524906955014000E-014 ) ) ;
#7091 = VERTEX_POINT ( 'NONE', #9040 ) ;
#7092 = CARTESIAN_POINT ( 'NONE',  ( -7.899999999999999500, -3.702239058767077500, 9.674709713264088100E-016 ) ) ;
#7093 = EDGE_CURVE ( 'NONE', #7091, #5241, #7133, .T. ) ;
#7094 = CIRCLE ( 'NONE', #7908, 3.199999999999998800 ) ;
#7095 = EDGE_CURVE ( 'NONE', #4965, #432, #8985, .T. ) ;
#7096 = CIRCLE ( 'NONE', #6427, 21.00000000000000000 ) ;
#7097 = CARTESIAN_POINT ( 'NONE',  ( -12.27635182233306700, 0.0000000000000000000, 0.0000000000000000000 ) ) ;
#7098 = CARTESIAN_POINT ( 'NONE',  ( 4.929141392239733600, 12.41812500000001800, -11.90000000000003900 ) ) ;
#7099 = DIRECTION ( 'NONE',  ( -0.0000000000000000000, 1.000000000000000000, -0.0000000000000000000 ) ) ;
#7100 = ORIENTED_EDGE ( 'NONE', *, *, #556, .F. ) ;
#7101 = CARTESIAN_POINT ( 'NONE',  ( 4.884525182647609000, -21.11676409561717400, -13.68058876437440000 ) ) ;
#7102 = APPROVAL_STATUS ( 'not_yet_approved' ) ;
#7103 = AXIS2_PLACEMENT_3D ( 'NONE', #6509, #6569, #5762 ) ;
#7104 = CARTESIAN_POINT ( 'NONE',  ( -15.94390505455566000, 22.05961302283891400, 13.14187413835970000 ) ) ;
#7105 = CLOSED_SHELL ( 'NONE', ( #2689, #5494, #6092, #5051, #1655, #6265, #5589, #7564, #2936, #6995, #5991, #5290, #6173, #6946, #8966, #8242, #3660, #6815, #1071, #1617, #8367, #1861, #3146, #5196, #160, #9483, #956, #6755, #5245, #5907, #4218, #2246, #8335, #444, #2002, #3340, #8796, #7456, #2996, #7768, #2981, #7087 ) ) ;
#7106 = CARTESIAN_POINT ( 'NONE',  ( 1.725874147982918900, -20.49170962313452900, 15.50423678951415400 ) ) ;
#7107 = AXIS2_PLACEMENT_3D ( 'NONE', #2238, #8182, #3006 ) ;
#7108 = LINE ( 'NONE', #2961, #7445 ) ;
#7109 = EDGE_CURVE ( 'NONE', #1299, #5546, #7247, .T. ) ;
#7110 = CARTESIAN_POINT ( 'NONE',  ( 12.82664718204939200, 16.64562500000001300, 5.312971222579391500 ) ) ;
#7111 = DIRECTION ( 'NONE',  ( 0.0000000000000000000, 0.0000000000000000000, 1.000000000000000000 ) ) ;
#7112 = EDGE_CURVE ( 'NONE', #5546, #5993, #5159, .T. ) ;
#7113 = CARTESIAN_POINT ( 'NONE',  ( -8.414570696119973500, 11.58625000000001900, -8.414570696119856300 ) ) ;
#7114 = CARTESIAN_POINT ( 'NONE',  ( -2.050000000000001200, 2.299999999999994500, -2.193834799194117400E-021 ) ) ;
#7115 = CONICAL_SURFACE ( 'NONE', #7706, 2.499999999999998700, 0.7853981633974482800 ) ;
#7116 = DIRECTION ( 'NONE',  ( 0.0000000000000000000, 1.000000000000000000, 0.0000000000000000000 ) ) ;
#7117 = ORIENTED_EDGE ( 'NONE', *, *, #2953, .T. ) ;
#7118 = DIRECTION ( 'NONE',  ( -0.0000000000000000000, -1.000000000000000000, -0.0000000000000000000 ) ) ;
#7119 = CARTESIAN_POINT ( 'NONE',  ( -10.54984241687412400, 0.7771369221287222100, 17.00830695474097400 ) ) ;
#7120 = ORIENTED_EDGE ( 'NONE', *, *, #162, .F. ) ;
#7121 = FACE_OUTER_BOUND ( 'NONE', #4254, .T. ) ;
#7122 = CARTESIAN_POINT ( 'NONE',  ( 0.0000000000000000000, 20.63746869550590200, 0.0000000000000000000 ) ) ;
#7123 = CC_DESIGN_PERSON_AND_ORGANIZATION_ASSIGNMENT ( #3030, #6349, ( #7480 ) ) ;
#7124 = ORIENTED_EDGE ( 'NONE', *, *, #5608, .F. ) ;
#7125 = CARTESIAN_POINT ( 'NONE',  ( 0.0000000000000000000, 22.19916984716113000, 0.0000000000000000000 ) ) ;
#7126 = CARTESIAN_POINT ( 'NONE',  ( -12.17547896238386700, 11.32905728533837900, 1.980507836081794700 ) ) ;
#7127 = CARTESIAN_POINT ( 'NONE',  ( 4.929141392239731800, 11.14812500000002200, -11.90000000000004300 ) ) ;
#7128 = DIRECTION ( 'NONE',  ( -1.000000000000000000, 0.0000000000000000000, 0.0000000000000000000 ) ) ;
#7129 = CARTESIAN_POINT ( 'NONE',  ( 9.868399094356870900, 24.27242179343754100, -15.10839948273523000 ) ) ;
#7130 = EDGE_CURVE ( 'NONE', #2524, #3743, #1181, .T. ) ;
#7131 = DATE_TIME_ROLE ( 'creation_date' ) ;
#7132 = VERTEX_POINT ( 'NONE', #7503 ) ;
#7133 = CIRCLE ( 'NONE', #492, 6.440000000000000400 ) ;
#7134 = CARTESIAN_POINT ( 'NONE',  ( -12.30891361455901900, 11.30891361455906700, 8.595268437332998700E-014 ) ) ;
#7135 = DIRECTION ( 'NONE',  ( 0.0000000000000000000, 0.0000000000000000000, -1.000000000000000000 ) ) ;
#7136 = ADVANCED_FACE ( 'NONE', ( #5731 ), #8649, .T. ) ;
#7137 = CARTESIAN_POINT ( 'NONE',  ( -12.82664718204935100, 19.90000000000000600, 8.956799855210033200E-014 ) ) ;
#7138 = VERTEX_POINT ( 'NONE', #4457 ) ;
#7139 = CARTESIAN_POINT ( 'NONE',  ( -8.414570696120007300, 13.92625000000001600, -8.414570696119822600 ) ) ;
#7140 = CARTESIAN_POINT ( 'NONE',  ( -11.90000000000003200, 14.20562500000001200, -4.929141392239748700 ) ) ;
#7141 = DIRECTION ( 'NONE',  ( 0.0000000000000000000, 1.000000000000000000, 0.0000000000000000000 ) ) ;
#7142 = AXIS2_PLACEMENT_3D ( 'NONE', #6588, #3530, #7273 ) ;
#7143 = ORIENTED_EDGE ( 'NONE', *, *, #2127, .T. ) ;
#7144 = DIRECTION ( 'NONE',  ( 0.0000000000000000000, 0.0000000000000000000, -1.000000000000000000 ) ) ;
#7145 = CONICAL_SURFACE ( 'NONE', #851, 6.299999999999996300, 0.7853981633974613800 ) ;
#7146 = EDGE_CURVE ( 'NONE', #1494, #9205, #8184, .T. ) ;
#7147 = ORIENTED_EDGE ( 'NONE', *, *, #8738, .T. ) ;
#7148 = CARTESIAN_POINT ( 'NONE',  ( 5.499261314031167000, 9.525000000000019900, 17.60000000000000100 ) ) ;
#7149 = ORIENTED_EDGE ( 'NONE', *, *, #9085, .T. ) ;
#7150 = CARTESIAN_POINT ( 'NONE',  ( -8.248891971046806000, 4.762499999999953100, 17.60000000000000100 ) ) ;
#7151 = DIRECTION ( 'NONE',  ( 0.0000000000000000000, 0.0000000000000000000, 1.000000000000000000 ) ) ;
#7152 = ORIENTED_EDGE ( 'NONE', *, *, #5743, .F. ) ;
#7153 = AXIS2_PLACEMENT_3D ( 'NONE', #3939, #7540, #9077 ) ;
#7154 = LINE ( 'NONE', #4105, #8206 ) ;
#7155 = ORIENTED_EDGE ( 'NONE', *, *, #2828, .F. ) ;
#7156 = CARTESIAN_POINT ( 'NONE',  ( 8.414570696119978900, 12.02125000000001800, 8.414570696119851000 ) ) ;
#7157 = CARTESIAN_POINT ( 'NONE',  ( 6.923341199463896700, 10.94306946692825600, 9.746026776277219000 ) ) ;
#7158 = EDGE_CURVE ( 'NONE', #7795, #8094, #6642, .T. ) ;
#7159 = CARTESIAN_POINT ( 'NONE',  ( 16.74886011866439600, 20.99886021302448900, 12.63325637848518600 ) ) ;
#7161 = ORIENTED_EDGE ( 'NONE', *, *, #1184, .T. ) ;
#7160 = EDGE_LOOP ( 'NONE', ( #4014, #3320, #8723, #4929 ) ) ;
#7162 = SECURITY_CLASSIFICATION_LEVEL ( 'unclassified' ) ;
#7163 = APPROVAL_DATE_TIME ( #8575, #7001 ) ;
#7164 = CARTESIAN_POINT ( 'NONE',  ( -4.444291428765573000, 0.0000000000000000000, 0.0000000000000000000 ) ) ;
#7165 = ORIENTED_EDGE ( 'NONE', *, *, #6225, .T. ) ;
#7166 = CARTESIAN_POINT ( 'NONE',  ( -12.28215627108441200, 11.30105365699176900, -0.7881573212939638800 ) ) ;
#7167 = CARTESIAN_POINT ( 'NONE',  ( -7.434591184897904000E-014, 15.23750000000001100, -11.89999999999999900 ) ) ;
#7168 = EDGE_CURVE ( 'NONE', #7316, #5876, #4499, .T. ) ;
#7169 = AXIS2_PLACEMENT_3D ( 'NONE', #5926, #6672, #703 ) ;
#7170 = CIRCLE ( 'NONE', #4423, 3.222179676972447100 ) ;
#7171 = AXIS2_PLACEMENT_3D ( 'NONE', #3039, #5223, #4466 ) ;
#7172 = CARTESIAN_POINT ( 'NONE',  ( 5.312971222579579800, 13.94687500000002000, 12.82664718204931200 ) ) ;
#7173 = EDGE_LOOP ( 'NONE', ( #7020, #6696, #312 ) ) ;
#7174 = CALENDAR_DATE ( 2023, 6, 9 ) ;
#7175 = DIRECTION ( 'NONE',  ( -1.000000000000000000, -0.0000000000000000000, -0.0000000000000000000 ) ) ;
#7176 = CARTESIAN_POINT ( 'NONE',  ( -8.414570696119973500, 14.12625000000001300, -8.414570696119856300 ) ) ;
#7177 = LINE ( 'NONE', #3156, #2277 ) ;
#7178 = CARTESIAN_POINT ( 'NONE',  ( -1.725874147982906500, -10.80829037686547000, -15.50423678951415600 ) ) ;
#7179 = VECTOR ( 'NONE', #7703, 1000.000000000000000 ) ;
#7180 = CARTESIAN_POINT ( 'NONE',  ( -2.860525185722556900, 21.35549424396999600, 20.72035249592305600 ) ) ;
#7181 = SECURITY_CLASSIFICATION ( '', '', #6511 ) ;
#7182 = ORIENTED_EDGE ( 'NONE', *, *, #99, .T. ) ;
#7183 = ADVANCED_FACE ( 'NONE', ( #6900 ), #6869, .T. ) ;
#7184 = VECTOR ( 'NONE', #663, 999.9999999999998900 ) ;
#7185 = DIRECTION ( 'NONE',  ( 0.0000000000000000000, 0.0000000000000000000, -1.000000000000000000 ) ) ;
#7186 = DIRECTION ( 'NONE',  ( 1.000000000000000000, -8.746504920891471700E-016, 0.0000000000000000000 ) ) ;
#7187 = DIRECTION ( 'NONE',  ( 0.0000000000000000000, -0.7071067811865487900, -0.7071067811865463500 ) ) ;
#7188 = EDGE_CURVE ( 'NONE', #8131, #2962, #7465, .T. ) ;
#7189 = ORIENTED_EDGE ( 'NONE', *, *, #2471, .T. ) ;
#7190 = APPROVAL_DATE_TIME ( #2281, #7680 ) ;
#7191 = DIRECTION ( 'NONE',  ( -0.0000000000000000000, -0.0000000000000000000, -1.000000000000000000 ) ) ;
#7192 = EDGE_LOOP ( 'NONE', ( #6244, #2156 ) ) ;
#7193 = CARTESIAN_POINT ( 'NONE',  ( 0.0000000000000000000, 0.0000000000000000000, 0.0000000000000000000 ) ) ;
#7194 = FACE_OUTER_BOUND ( 'NONE', #9599, .T. ) ;
#7195 = CIRCLE ( 'NONE', #6980, 5.474999999999998800 ) ;
#7196 = DIRECTION ( 'NONE',  ( 1.243449787580175200E-014, 0.0000000000000000000, 1.000000000000000000 ) ) ;
#7197 = APPLICATION_PROTOCOL_DEFINITION ( 'international standard', 'config_control_design', 1994, #6321 ) ;
#7198 = EDGE_LOOP ( 'NONE', ( #8548, #485, #1576, #8712, #7009, #7270, #8375, #4425, #6652, #4841 ) ) ;
#7199 = PRODUCT_DEFINITION_SHAPE ( 'NONE', 'NONE',  #4697 ) ;
#7200 = LOCAL_TIME ( 13, 59, 25.00000000000000000, #9193 ) ;
#7201 = EDGE_LOOP ( 'NONE', ( #5131, #5101, #8405, #2249 ) ) ;
#7202 = VERTEX_POINT ( 'NONE', #6897 ) ;
#7203 = LINE ( 'NONE', #9190, #786 ) ;
#7204 = CARTESIAN_POINT ( 'NONE',  ( -12.82664718204935100, 13.55000000000001700, 8.956799855210033200E-014 ) ) ;
#7205 = DIRECTION ( 'NONE',  ( -1.000000000000000000, 0.0000000000000000000, 0.0000000000000000000 ) ) ;
#7206 = CARTESIAN_POINT ( 'NONE',  ( 10.54871925222719200, -0.7790823003625484400, 0.5910445858475915600 ) ) ;
#7207 = LINE ( 'NONE', #7995, #6172 ) ;
#7208 = CARTESIAN_POINT ( 'NONE',  ( 11.69999999999999900, 10.90000000000000000, 0.0000000000000000000 ) ) ;
#7209 = CARTESIAN_POINT ( 'NONE',  ( 8.414570696119971800, 17.10125000000000700, 8.414570696119858100 ) ) ;
#7210 = EDGE_LOOP ( 'NONE', ( #8253, #3466, #8348, #9530 ) ) ;
#7211 = ORIENTED_EDGE ( 'NONE', *, *, #2772, .T. ) ;
#7212 = CARTESIAN_POINT ( 'NONE',  ( -13.79999999999999700, 3.200000000000000200, 0.0000000000000000000 ) ) ;
#7213 = LINE ( 'NONE', #7822, #1612 ) ;
#7214 = CARTESIAN_POINT ( 'NONE',  ( 0.0000000000000000000, 0.0000000000000000000, 0.0000000000000000000 ) ) ;
#7215 = AXIS2_PLACEMENT_3D ( 'NONE', #2949, #3665, #4420 ) ;
#7216 = EDGE_LOOP ( 'NONE', ( #1845, #6021, #8499, #2341 ) ) ;
#7217 = LINE ( 'NONE', #7398, #1267 ) ;
#7218 = AXIS2_PLACEMENT_3D ( 'NONE', #8570, #3367, #9387 ) ;
#7219 = CARTESIAN_POINT ( 'NONE',  ( 0.0000000000000000000, 0.0000000000000000000, -2.200000000000000200 ) ) ;
#7220 = CARTESIAN_POINT ( 'NONE',  ( -12.44999999999999900, 0.0000000000000000000, 0.0000000000000000000 ) ) ;
#7221 = EDGE_CURVE ( 'NONE', #4933, #8145, #8882, .T. ) ;
#7222 = DIRECTION ( 'NONE',  ( 0.0000000000000000000, 0.0000000000000000000, 1.000000000000000000 ) ) ;
#7223 = DIRECTION ( 'NONE',  ( -8.775090700452169200E-016, -1.000000000000000000, -0.0000000000000000000 ) ) ;
#7224 = FACE_OUTER_BOUND ( 'NONE', #8612, .T. ) ;
#7225 = CARTESIAN_POINT ( 'NONE',  ( 11.56664586459774700, 11.23399430781904100, 4.122152687466972900 ) ) ;
#7226 = DIRECTION ( 'NONE',  ( -1.000000000000000000, 0.0000000000000000000, 0.0000000000000000000 ) ) ;
#7227 = DIRECTION ( 'NONE',  ( 0.7071067811865475700, 0.0000000000000000000, 0.7071067811865475700 ) ) ;
#7228 = AXIS2_PLACEMENT_3D ( 'NONE', #8564, #9380, #6313 ) ;
#7229 = CARTESIAN_POINT ( 'NONE',  ( -15.66920801439210600, 22.32467817596788600, 13.18827000240033900 ) ) ;
#7230 = CARTESIAN_POINT ( 'NONE',  ( 6.835616853894461700, 16.99999999999986900, -10.70347337207656800 ) ) ;
#7231 = ADVANCED_FACE ( 'NONE', ( #2939 ), #4339, .T. ) ;
#7232 = EDGE_CURVE ( 'NONE', #3326, #7954, #7013, .T. ) ;
#7233 = FACE_OUTER_BOUND ( 'NONE', #6269, .T. ) ;
#7234 = CARTESIAN_POINT ( 'NONE',  ( -5.312971222579573500, 12.04187500000001900, -12.82664718204931400 ) ) ;
#7235 = ORIENTED_EDGE ( 'NONE', *, *, #3600, .F. ) ;
#7236 = EDGE_CURVE ( 'NONE', #9613, #5884, #6312, .T. ) ;
#7237 = CARTESIAN_POINT ( 'NONE',  ( 16.95045816486669600, 2.000000000000001800, 12.39685314912946800 ) ) ;
#7238 = CARTESIAN_POINT ( 'NONE',  ( -4.929141392239739800, 14.32312500000001300, 11.90000000000003900 ) ) ;
#7239 = CARTESIAN_POINT ( 'NONE',  ( -14.29000000000000100, -20.92179052562904200, -4.184340861301677700 ) ) ;
#7240 = AXIS2_PLACEMENT_3D ( 'NONE', #3171, #6205, #4740 ) ;
#7241 = B_SPLINE_CURVE_WITH_KNOTS ( 'NONE', 3,
 ( #3929, #66, #9072, #3835, #131, #5379 ),
 .UNSPECIFIED., .F., .F.,
 ( 4, 2, 4 ),
 ( 0.01384642555474738200, 0.01390011930886696200, 0.01395381306298654400 ),
 .UNSPECIFIED. ) ;
#7242 = AXIS2_PLACEMENT_3D ( 'NONE', #286, #4777, #6906 ) ;
#7243 = DIRECTION ( 'NONE',  ( 1.000000000000000000, 0.0000000000000000000, -0.0000000000000000000 ) ) ;
#7244 = CARTESIAN_POINT ( 'NONE',  ( 12.94999999999999200, -11.19999999999999800, -13.44999999999999900 ) ) ;
#7245 = B_SPLINE_CURVE_WITH_KNOTS ( 'NONE', 3,
 ( #3875, #5254, #906, #6750, #831, #1589, #1626, #3037, #9051, #2369, #8246, #6132, #114, #7 ),
 .UNSPECIFIED., .F., .F.,
 ( 4, 2, 2, 2, 2, 2, 4 ),
 ( 5.439140883770527600E-007, 0.002998086993938196100, 0.004496858533863109400, 0.005995630073788022600, 0.007494401613712936700, 0.008993173153637847400, 0.01199071623348767700 ),
 .UNSPECIFIED. ) ;
#7246 = ORIENTED_EDGE ( 'NONE', *, *, #6441, .F. ) ;
#7247 = LINE ( 'NONE', #3031, #8417 ) ;
#7248 = VERTEX_POINT ( 'NONE', #3868 ) ;
#7249 = DIRECTION ( 'NONE',  ( 1.000000000000000000, 0.0000000000000000000, 0.0000000000000000000 ) ) ;
#7250 = CARTESIAN_POINT ( 'NONE',  ( 38.00000000000000000, 30.00000000000000000, 0.0000000000000000000 ) ) ;
#7251 = DIRECTION ( 'NONE',  ( -0.0000000000000000000, -1.000000000000000000, -0.0000000000000000000 ) ) ;
#7252 = ORIENTED_EDGE ( 'NONE', *, *, #3690, .T. ) ;
#7253 = CARTESIAN_POINT ( 'NONE',  ( 7.087157097717552600, -6.774683825530913400, 0.1555587596408638300 ) ) ;
#7254 = DIRECTION ( 'NONE',  ( 0.8660254037844390400, 6.123233995736754900E-017, 0.4999999999999991100 ) ) ;
#7255 = APPROVAL_ROLE ( '' ) ;
#7256 = CARTESIAN_POINT ( 'NONE',  ( -2.860418098414688100, 1.415705535811160500, 20.72049736544126100 ) ) ;
#7257 = CARTESIAN_POINT ( 'NONE',  ( -1.745403866232206900, 11.12561233956368100, -12.00587313966160100 ) ) ;
#7258 = ORIENTED_EDGE ( 'NONE', *, *, #5737, .T. ) ;
#7259 = DIRECTION ( 'NONE',  ( -1.000000000000000000, -0.0000000000000000000, -0.0000000000000000000 ) ) ;
#7260 = VERTEX_POINT ( 'NONE', #8369 ) ;
#7261 = EDGE_LOOP ( 'NONE', ( #7549, #5665, #4398, #6468 ) ) ;
#7262 = CARTESIAN_POINT ( 'NONE',  ( 9.069809202314482700, 11.48625000000002100, 9.069809202314353100 ) ) ;
#7263 = DIRECTION ( 'NONE',  ( 0.0000000000000000000, 0.0000000000000000000, -1.000000000000000000 ) ) ;
#7264 = CARTESIAN_POINT ( 'NONE',  ( -11.99999999999997900, 9.400000000000023400, 1.469576158976822400E-015 ) ) ;
#7265 = ORIENTED_EDGE ( 'NONE', *, *, #6922, .F. ) ;
#7266 = LINE ( 'NONE', #1932, #5644 ) ;
#7267 = ORIENTED_EDGE ( 'NONE', *, *, #3856, .F. ) ;
#7268 = DIRECTION ( 'NONE',  ( 0.0000000000000000000, 0.0000000000000000000, -1.000000000000000000 ) ) ;
#7269 = AXIS2_PLACEMENT_3D ( 'NONE', #6006, #812, #7519 ) ;
#7271 = VERTEX_POINT ( 'NONE', #8432 ) ;
#7270 = ORIENTED_EDGE ( 'NONE', *, *, #9450, .T. ) ;
#7272 = EDGE_CURVE ( 'NONE', #9021, #5970, #5215, .T. ) ;
#7273 = DIRECTION ( 'NONE',  ( 0.0000000000000000000, -1.000000000000000000, 0.0000000000000000000 ) ) ;
#7274 = EDGE_CURVE ( 'NONE', #4421, #2173, #7654, .T. ) ;
#7275 = CARTESIAN_POINT ( 'NONE',  ( 5.098093589339599800, -5.360024490225212500E-015, 18.52287239584183000 ) ) ;
#7276 = ADVANCED_FACE ( 'NONE', ( #3521, #2025 ), #1059, .T. ) ;
#7277 = VECTOR ( 'NONE', #9014, 1000.000000000000000 ) ;
#7278 = ORIENTED_EDGE ( 'NONE', *, *, #9426, .F. ) ;
#7279 = DIRECTION ( 'NONE',  ( 0.7071067811865383600, 0.0000000000000000000, -0.7071067811865567900 ) ) ;
#7280 = CARTESIAN_POINT ( 'NONE',  ( 18.90841725815249000, 0.1732285468254871100, -5.963662298227198700 ) ) ;
#7281 = VERTEX_POINT ( 'NONE', #8470 ) ;
#7282 = CARTESIAN_POINT ( 'NONE',  ( -11.09999999999997100, 13.71446665693451500, 1.359357947053560200E-015 ) ) ;
#7283 = ORIENTED_EDGE ( 'NONE', *, *, #1748, .F. ) ;
#7284 = COORDINATED_UNIVERSAL_TIME_OFFSET ( 8, 0, .AHEAD. ) ;
#7285 = AXIS2_PLACEMENT_3D ( 'NONE', #1971, #9379, #7186 ) ;
#7286 = DIRECTION ( 'NONE',  ( 0.0000000000000000000, 0.0000000000000000000, -1.000000000000000000 ) ) ;
#7287 = AXIS2_PLACEMENT_3D ( 'NONE', #9326, #6380, #5583 ) ;
#7288 = VECTOR ( 'NONE', #3689, 1000.000000000000000 ) ;
#7289 = DIRECTION ( 'NONE',  ( -1.000000000000000000, 0.0000000000000000000, 0.0000000000000000000 ) ) ;
#7290 = FACE_OUTER_BOUND ( 'NONE', #2619, .T. ) ;
#7291 = EDGE_CURVE ( 'NONE', #5993, #5546, #1768, .T. ) ;
#7292 = DIRECTION ( 'NONE',  ( 1.000000000000000000, 0.0000000000000000000, 0.0000000000000000000 ) ) ;
#7293 = SECURITY_CLASSIFICATION_LEVEL ( 'unclassified' ) ;
#7294 = CARTESIAN_POINT ( 'NONE',  ( -7.209983302729766000, 11.18920315601907400, -9.836091823716479600 ) ) ;
#7295 = EDGE_LOOP ( 'NONE', ( #6746, #4345, #4201, #2023 ) ) ;
#7296 = CARTESIAN_POINT ( 'NONE',  ( -10.61987304526799200, 17.80000000000002200, -5.369198869700185600 ) ) ;
#7297 = EDGE_CURVE ( 'NONE', #3776, #8235, #1319, .T. ) ;
#7298 = AXIS2_PLACEMENT_3D ( 'NONE', #5371, #3082, #6080 ) ;
#7299 = UNCERTAINTY_MEASURE_WITH_UNIT (LENGTH_MEASURE( 1.000000000000000100E-005 ), #5284, 'distance_accuracy_value', 'NONE');
#7300 = B_SPLINE_CURVE_WITH_KNOTS ( 'NONE', 3,
 ( #2163, #9575, #637, #8178, #9670, #2997, #732, #5983 ),
 .UNSPECIFIED., .F., .F.,
 ( 4, 2, 2, 4 ),
 ( 0.02480760746608736900, 0.02759408215097533500, 0.02898731949341932000, 0.03038055683586330500 ),
 .UNSPECIFIED. ) ;
#7301 = LINE ( 'NONE', #9344, #7063 ) ;
#7302 = CARTESIAN_POINT ( 'NONE',  ( 9.192421541439370100E-014, 13.86750000000001600, 12.82664718204935100 ) ) ;
#7303 = ORIENTED_EDGE ( 'NONE', *, *, #5609, .T. ) ;
#7304 = CALENDAR_DATE ( 2023, 6, 9 ) ;
#7305 = DIRECTION ( 'NONE',  ( -0.0000000000000000000, -1.000000000000000000, -0.0000000000000000000 ) ) ;
#7306 = EDGE_LOOP ( 'NONE', ( #4695, #6174, #5654, #8450 ) ) ;
#7307 = CARTESIAN_POINT ( 'NONE',  ( -13.25465439984741200, 4.794492218661884000E-016, 3.914999999999996500 ) ) ;
#7308 = CARTESIAN_POINT ( 'NONE',  ( 4.929141392239927200, 17.02187500000000900, 11.89999999999995900 ) ) ;
#7309 = FACE_OUTER_BOUND ( 'NONE', #3926, .T. ) ;
#7310 = CIRCLE ( 'NONE', #9474, 21.00000000000000000 ) ;
#7311 = PLANE ( 'NONE',  #4161 ) ;
#7312 = ORIENTED_EDGE ( 'NONE', *, *, #5676, .F. ) ;
#7313 = CC_DESIGN_DATE_AND_TIME_ASSIGNMENT ( #4399, #5613, ( #7815 ) ) ;
#7314 = CALENDAR_DATE ( 2023, 6, 9 ) ;
#7315 = CARTESIAN_POINT ( 'NONE',  ( 14.28999999999999200, -20.72947409924128700, -5.230791116724840400 ) ) ;
#7316 = VERTEX_POINT ( 'NONE', #1155 ) ;
#7317 = ORIENTED_EDGE ( 'NONE', *, *, #7930, .F. ) ;
#7318 = CYLINDRICAL_SURFACE ( 'NONE', #4353, 1.999999999999998200 ) ;
#7319 = EDGE_CURVE ( 'NONE', #5890, #9613, #2222, .T. ) ;
#7320 = ORIENTED_EDGE ( 'NONE', *, *, #6686, .F. ) ;
#7321 = CARTESIAN_POINT ( 'NONE',  ( -4.444291428765573000, 4.531193156845205200E-016, 3.699999999999998800 ) ) ;
#7322 = ORIENTED_EDGE ( 'NONE', *, *, #4510, .F. ) ;
#7323 = APPROVAL_ROLE ( '' ) ;
#7324 = ORIENTED_EDGE ( 'NONE', *, *, #588, .T. ) ;
#7325 = DIRECTION ( 'NONE',  ( 0.0000000000000000000, 0.0000000000000000000, 1.000000000000000000 ) ) ;
#7326 = VECTOR ( 'NONE', #2358, 1000.000000000000000 ) ;
#7327 = CARTESIAN_POINT ( 'NONE',  ( 6.463137557867824500, 17.01641649186030800, -10.92187315930073200 ) ) ;
#7328 = ADVANCED_FACE ( 'NONE', ( #9464 ), #3978, .F. ) ;
#7329 = VECTOR ( 'NONE', #8927, 1000.000000000000000 ) ;
#7330 = ORIENTED_EDGE ( 'NONE', *, *, #4070, .F. ) ;
#7331 = CARTESIAN_POINT ( 'NONE',  ( -3.084049776751612600, 1.190064723392889400, -20.60348222921922500 ) ) ;
#7332 = ORIENTED_EDGE ( 'NONE', *, *, #2810, .F. ) ;
#7333 = CARTESIAN_POINT ( 'NONE',  ( -12.56412585201709000, -20.49170962313452900, -9.246769250645098000 ) ) ;
#7334 = CARTESIAN_POINT ( 'NONE',  ( 19.35392252294247900, 0.8555417319548381800, -7.238967172531738800 ) ) ;
#7335 = CIRCLE ( 'NONE', #8356, 2.309999999999996900 ) ;
#7336 = DIRECTION ( 'NONE',  ( -0.0000000000000000000, 1.000000000000000000, -0.0000000000000000000 ) ) ;
#7337 = DIRECTION ( 'NONE',  ( -0.8660254037844386000, 0.0000000000000000000, 0.5000000000000001100 ) ) ;
#7338 = CARTESIAN_POINT ( 'NONE',  ( 11.99999999999999600, 9.400000000000002100, 0.0000000000000000000 ) ) ;
#7339 = CIRCLE ( 'NONE', #3533, 15.60000000000000000 ) ;
#7340 = CARTESIAN_POINT ( 'NONE',  ( -12.44999999999999900, 0.0000000000000000000, 0.0000000000000000000 ) ) ;
#7341 = EDGE_CURVE ( 'NONE', #52, #1361, #6948, .T. ) ;
#7342 = VERTEX_POINT ( 'NONE', #7875 ) ;
#7343 = CARTESIAN_POINT ( 'NONE',  ( -12.56412585201709000, -20.49170962313452900, -9.246769250645098000 ) ) ;
#7344 = CARTESIAN_POINT ( 'NONE',  ( 0.0000000000000000000, 0.0000000000000000000, 0.0000000000000000000 ) ) ;
#7345 = EDGE_CURVE ( 'NONE', #671, #7138, #3293, .T. ) ;
#7346 = AXIS2_PLACEMENT_3D ( 'NONE', #2574, #4016, #3276 ) ;
#7347 = CARTESIAN_POINT ( 'NONE',  ( -4.841832140447393400, 17.03073665237498700, -11.73155275890418800 ) ) ;
#7348 = APPROVAL_STATUS ( 'not_yet_approved' ) ;
#7349 = ORIENTED_EDGE ( 'NONE', *, *, #6949, .T. ) ;
#7350 = VECTOR ( 'NONE', #7279, 1000.000000000000000 ) ;
#7351 = AXIS2_PLACEMENT_3D ( 'NONE', #6387, #6352, #2675 ) ;
#7352 = CARTESIAN_POINT ( 'NONE',  ( -11.03058460409244600, 11.25089817876745700, -5.345006555626500100 ) ) ;
#7353 = CARTESIAN_POINT ( 'NONE',  ( -3.913020020765924900, 17.42734031599863400, -11.66400519539856300 ) ) ;
#7354 = ORIENTED_EDGE ( 'NONE', *, *, #5743, .T. ) ;
#7355 = B_SPLINE_CURVE_WITH_KNOTS ( 'NONE', 3,
 ( #2125, #5854, #5167, #7280, #565, #658, #8138, #8752 ),
 .UNSPECIFIED., .F., .F.,
 ( 4, 2, 2, 4 ),
 ( 0.01166088545170217300, 0.01306001561136712500, 0.01375958069119960100, 0.01445914577103207600 ),
 .UNSPECIFIED. ) ;
#7356 = CARTESIAN_POINT ( 'NONE',  ( 12.69999999999996900, 15.52811978464833200, -9.023892744153249100E-014 ) ) ;
#7357 = VERTEX_POINT ( 'NONE', #8560 ) ;
#7358 = DIRECTION ( 'NONE',  ( 0.0000000000000000000, 0.0000000000000000000, 1.000000000000000000 ) ) ;
#7359 = EDGE_CURVE ( 'NONE', #3311, #8019, #4940, .T. ) ;
#7360 = AXIS2_PLACEMENT_3D ( 'NONE', #8479, #4012, #7644 ) ;
#7361 = CARTESIAN_POINT ( 'NONE',  ( 0.0000000000000000000, -10.80829037686547000, 0.0000000000000000000 ) ) ;
#7362 = EDGE_CURVE ( 'NONE', #5363, #5440, #8262, .T. ) ;
#7363 = ORIENTED_EDGE ( 'NONE', *, *, #4011, .F. ) ;
#7364 = ADVANCED_FACE ( 'NONE', ( #6892 ), #2210, .F. ) ;
#7365 = DIRECTION ( 'NONE',  ( -0.5000000000000001100, 0.0000000000000000000, -0.8660254037844386000 ) ) ;
#7366 = CARTESIAN_POINT ( 'NONE',  ( -15.66920801439210600, 30.00000000000000000, 13.18827000240033900 ) ) ;
#7367 = CARTESIAN_POINT ( 'NONE',  ( -9.069809202314482700, 19.74125000000000400, -9.069809202314353100 ) ) ;
#7368 = EDGE_LOOP ( 'NONE', ( #8321, #6359, #6144 ) ) ;
#7369 = VECTOR ( 'NONE', #2785, 1000.000000000000000 ) ;
#7370 = ORIENTED_EDGE ( 'NONE', *, *, #9648, .F. ) ;
#7371 = CARTESIAN_POINT ( 'NONE',  ( -0.9299162373890312900, -9.525000000000009200, 17.60000000000000100 ) ) ;
#7373 = ORIENTED_EDGE ( 'NONE', *, *, #4247, .F. ) ;
#7372 = ORIENTED_EDGE ( 'NONE', *, *, #2105, .T. ) ;
#7374 = VERTEX_POINT ( 'NONE', #4798 ) ;
#7375 = CARTESIAN_POINT ( 'NONE',  ( 11.62054510912861500, 10.93569620890251300, -2.753473832736460300 ) ) ;
#7376 = CARTESIAN_POINT ( 'NONE',  ( -8.414570696119975300, 15.39625000000001100, -8.414570696119856300 ) ) ;
#7377 = LINE ( 'NONE', #6901, #4369 ) ;
#7378 = VERTEX_POINT ( 'NONE', #7940 ) ;
#7379 = DIRECTION ( 'NONE',  ( -0.0000000000000000000, 1.000000000000000000, -0.0000000000000000000 ) ) ;
#7381 = VERTEX_POINT ( 'NONE', #5785 ) ;
#7380 = VERTEX_POINT ( 'NONE', #6335 ) ;
#7382 = ORGANIZATION ( 'NAUO-ORG4', 'UNSPECIFIED', 'UNSPECIFIED' ) ;
#7383 = CARTESIAN_POINT ( 'NONE',  ( -19.21121883656434200, 20.63746869550590200, -8.481100801995060200 ) ) ;
#7384 = ORIENTED_EDGE ( 'NONE', *, *, #433, .F. ) ;
#7385 = DIRECTION ( 'NONE',  ( -8.775090700452169200E-016, -1.000000000000000000, -0.0000000000000000000 ) ) ;
#7386 = CARTESIAN_POINT ( 'NONE',  ( -11.89999999999999900, 15.35500000000001100, 9.475589339234934200E-014 ) ) ;
#7387 = FACE_OUTER_BOUND ( 'NONE', #380, .T. ) ;
#7388 = DIRECTION ( 'NONE',  ( 0.0000000000000000000, 0.0000000000000000000, 1.000000000000000000 ) ) ;
#7389 = EDGE_CURVE ( 'NONE', #5440, #8786, #113, .T. ) ;
#7390 = DIRECTION ( 'NONE',  ( 0.0000000000000000000, 0.0000000000000000000, -1.000000000000000000 ) ) ;
#7391 = ORIENTED_EDGE ( 'NONE', *, *, #7093, .T. ) ;
#7392 = ORGANIZATION ( 'NAUO-ORG2', 'UNSPECIFIED', 'UNSPECIFIED' ) ;
#7393 = EDGE_CURVE ( 'NONE', #7827, #4421, #475, .T. ) ;
#7394 = DIRECTION ( 'NONE',  ( -8.775090700452169200E-016, -1.000000000000000000, -0.0000000000000000000 ) ) ;
#7395 = B_SPLINE_CURVE_WITH_KNOTS ( 'NONE', 3,
 ( #2356, #7671, #3087, #954, #5405, #1707, #3863, #3224 ),
 .UNSPECIFIED., .F., .F.,
 ( 4, 2, 2, 4 ),
 ( 2.582520044941310100E-007, 0.001019724557126055000, 0.001529457709686834600, 0.002039190862247614200 ),
 .UNSPECIFIED. ) ;
#7396 = VECTOR ( 'NONE', #6215, 1000.000000000000000 ) ;
#7397 = DIRECTION ( 'NONE',  ( 0.0000000000000000000, 0.0000000000000000000, -1.000000000000000000 ) ) ;
#7398 = CARTESIAN_POINT ( 'NONE',  ( 14.73587640020000600, 0.0000000000000000000, -5.674999999999997200 ) ) ;
#7399 = LINE ( 'NONE', #8471, #7179 ) ;
#7400 = CARTESIAN_POINT ( 'NONE',  ( 12.82664718204935100, 17.99500000000000800, -9.113880979362923200E-014 ) ) ;
#7401 = AXIS2_PLACEMENT_3D ( 'NONE', #7122, #5664, #9322 ) ;
#7402 = CARTESIAN_POINT ( 'NONE',  ( -9.000000000000001800, -11.19999999999999900, 9.000000000000000000 ) ) ;
#7403 = AXIS2_PLACEMENT_3D ( 'NONE', #8911, #797, #1414 ) ;
#7404 = CARTESIAN_POINT ( 'NONE',  ( -5.743329534442226600, 0.0000000000000000000, 0.0000000000000000000 ) ) ;
#7405 = UNCERTAINTY_MEASURE_WITH_UNIT (LENGTH_MEASURE( 1.000000000000000100E-005 ), #2371, 'distance_accuracy_value', 'NONE');
#7406 = EDGE_CURVE ( 'NONE', #8906, #9206, #4688, .T. ) ;
#7407 = CIRCLE ( 'NONE', #3433, 0.5000000000000000000 ) ;
#7408 = CARTESIAN_POINT ( 'NONE',  ( -4.732966563360386100, 0.0000000000000000000, 0.0000000000000000000 ) ) ;
#7409 = DIRECTION ( 'NONE',  ( -0.0000000000000000000, 0.0000000000000000000, -1.000000000000000000 ) ) ;
#7410 = VERTEX_POINT ( 'NONE', #3571 ) ;
#7411 = CALENDAR_DATE ( 2023, 6, 9 ) ;
#7412 = AXIS2_PLACEMENT_3D ( 'NONE', #3221, #992, #3255 ) ;
#7413 = ADVANCED_FACE ( 'NONE', ( #2928 ), #6501, .T. ) ;
#7414 = ORIENTED_EDGE ( 'NONE', *, *, #3600, .T. ) ;
#7415 = VECTOR ( 'NONE', #6526, 1000.000000000000000 ) ;
#7416 = CYLINDRICAL_SURFACE ( 'NONE', #6405, 4.449999999999997500 ) ;
#7417 = VERTEX_POINT ( 'NONE', #1310 ) ;
#7418 = CARTESIAN_POINT ( 'NONE',  ( -5.260512242138209300, 16.40124478464833000, 12.70000000000000300 ) ) ;
#7419 = DIRECTION ( 'NONE',  ( 1.000000000000000000, -8.746504920891471700E-016, 0.0000000000000000000 ) ) ;
#7420 = DIRECTION ( 'NONE',  ( 1.000000000000000000, -0.0000000000000000000, -0.0000000000000000000 ) ) ;
#7421 = PERSON_AND_ORGANIZATION ( #4303, #4183 ) ;
#7422 = DIRECTION ( 'NONE',  ( 0.0000000000000000000, 0.0000000000000000000, -1.000000000000000000 ) ) ;
#7423 = CARTESIAN_POINT ( 'NONE',  ( -16.18428286225348200, 1.076989860209218700, 13.03227174001955600 ) ) ;
#7424 = EDGE_LOOP ( 'NONE', ( #268, #4219, #6399, #4017 ) ) ;
#7425 = ADVANCED_FACE ( 'NONE', ( #4220 ), #6650, .F. ) ;
#7426 = VERTEX_POINT ( 'NONE', #2066 ) ;
#7427 = CIRCLE ( 'NONE', #3041, 2.991239569296595800 ) ;
#7428 = DIRECTION ( 'NONE',  ( -0.0000000000000000000, -1.000000000000000000, -0.0000000000000000000 ) ) ;
#7429 = LINE ( 'NONE', #1424, #9551 ) ;
#7430 = DIRECTION ( 'NONE',  ( -0.0000000000000000000, -1.000000000000000000, -0.0000000000000000000 ) ) ;
#7431 = CARTESIAN_POINT ( 'NONE',  ( -13.79999999999999700, 0.0000000000000000000, 0.0000000000000000000 ) ) ;
#7432 = CARTESIAN_POINT ( 'NONE',  ( -8.034646945590152400, -10.06771825716394300, 11.86186511655943400 ) ) ;
#7433 = ORIENTED_EDGE ( 'NONE', *, *, #1093, .T. ) ;
#7434 = CARTESIAN_POINT ( 'NONE',  ( 12.82664718204939200, 15.37562500000001200, 5.312971222579391500 ) ) ;
#7435 = EDGE_CURVE ( 'NONE', #8019, #1770, #2108, .T. ) ;
#7436 = EDGE_LOOP ( 'NONE', ( #1560, #4228 ) ) ;
#7437 = CIRCLE ( 'NONE', #40, 0.9999999999999991100 ) ;
#7438 = CARTESIAN_POINT ( 'NONE',  ( -1.965893980413407500, 16.99999999999999300, -12.54692236597381000 ) ) ;
#7439 = DIRECTION ( 'NONE',  ( 0.0000000000000000000, 0.0000000000000000000, -1.000000000000000000 ) ) ;
#7440 = DIRECTION ( 'NONE',  ( 0.0000000000000000000, 1.000000000000000000, 0.0000000000000000000 ) ) ;
#7441 = LINE ( 'NONE', #1209, #1500 ) ;
#7442 = CARTESIAN_POINT ( 'NONE',  ( -14.29000000000000400, -10.37821148760909100, -4.184360038272624000 ) ) ;
#7443 = DIRECTION ( 'NONE',  ( 1.000000000000000000, -0.0000000000000000000, -0.0000000000000000000 ) ) ;
#7444 = ADVANCED_FACE ( 'NONE', ( #937 ), #3735, .F. ) ;
#7445 = VECTOR ( 'NONE', #5954, 1000.000000000000000 ) ;
#7446 = AXIS2_PLACEMENT_3D ( 'NONE', #8632, #7844, #1974 ) ;
#7447 = CARTESIAN_POINT ( 'NONE',  ( -5.312971222579396800, 9.978125000000023400, 12.82664718204939000 ) ) ;
#7448 = EDGE_CURVE ( 'NONE', #678, #1789, #5723, .T. ) ;
#7449 = CARTESIAN_POINT ( 'NONE',  ( 2.322037118435891700, 20.70927094482336300, -20.87131865624855500 ) ) ;
#7450 = CARTESIAN_POINT ( 'NONE',  ( -5.260512242138384300, 13.38499478464833600, -12.69999999999993200 ) ) ;
#7451 = EDGE_CURVE ( 'NONE', #9127, #9114, #8641, .T. ) ;
#7452 = EDGE_LOOP ( 'NONE', ( #4524, #178, #4223, #4243, #1073, #4546, #6508, #9455 ) ) ;
#7453 = CIRCLE ( 'NONE', #9350, 21.00000000000000000 ) ;
#7454 = CARTESIAN_POINT ( 'NONE',  ( 0.0000000000000000000, 0.0000000000000000000, 17.60000000000000100 ) ) ;
#7455 = ORIENTED_EDGE ( 'NONE', *, *, #3955, .T. ) ;
#7456 = ADVANCED_FACE ( 'NONE', ( #2458, #7233 ), #4959, .F. ) ;
#7457 = CARTESIAN_POINT ( 'NONE',  ( 2.321841045161742800, 1.941561331705486100, 20.87133988796254200 ) ) ;
#7458 = AXIS2_PLACEMENT_3D ( 'NONE', #7404, #2993, #5175 ) ;
#7459 = DIRECTION ( 'NONE',  ( -0.0000000000000000000, 1.000000000000000000, -0.0000000000000000000 ) ) ;
#7460 = CARTESIAN_POINT ( 'NONE',  ( -19.35748744591500900, 21.21351234925206700, 8.006865077641919000 ) ) ;
#7461 = CARTESIAN_POINT ( 'NONE',  ( 12.94999999999999200, 9.400000000000000400, 12.94999999999999200 ) ) ;
#7462 = CARTESIAN_POINT ( 'NONE',  ( 12.82664718204935100, 19.26500000000000400, -9.113880979362923200E-014 ) ) ;
#7463 = EDGE_CURVE ( 'NONE', #3094, #671, #9278, .T. ) ;
#7464 = EDGE_LOOP ( 'NONE', ( #4887, #5416, #4172, #2100 ) ) ;
#7465 = LINE ( 'NONE', #933, #4229 ) ;
#7466 = CARTESIAN_POINT ( 'NONE',  ( 1.725874147982919200, -10.80829037686547000, 15.50423678951415400 ) ) ;
#7467 = ORIENTED_EDGE ( 'NONE', *, *, #3420, .F. ) ;
#7468 = CARTESIAN_POINT ( 'NONE',  ( -18.00006309365030100, 24.29969919575359000, 0.5006500413944891000 ) ) ;
#7469 = EDGE_CURVE ( 'NONE', #1467, #5890, #4104, .T. ) ;
#7470 = ADVANCED_FACE ( 'NONE', ( #5256 ), #5752, .T. ) ;
#7471 = AXIS2_PLACEMENT_3D ( 'NONE', #7806, #2620, #4127 ) ;
#7472 = DIRECTION ( 'NONE',  ( 0.0000000000000000000, 0.0000000000000000000, 1.000000000000000000 ) ) ;
#7473 = ORIENTED_EDGE ( 'NONE', *, *, #4949, .T. ) ;
#7474 = CARTESIAN_POINT ( 'NONE',  ( 19.12530091372029500, 22.64442577215905300, 6.617422698318148600 ) ) ;
#7475 = SHAPE_REPRESENTATION ( 'DV1-FMR4阀体外形图', ( #1296 ), #8431 ) ;
#7476 = DIRECTION ( 'NONE',  ( -0.0000000000000000000, -1.000000000000000000, -0.0000000000000000000 ) ) ;
#7477 = CARTESIAN_POINT ( 'NONE',  ( -12.94999999999999200, 9.150000000000019900, -13.19999999999999600 ) ) ;
#7478 = DIRECTION ( 'NONE',  ( -1.000000000000000000, 0.0000000000000000000, 0.0000000000000000000 ) ) ;
#7479 = ORIENTED_EDGE ( 'NONE', *, *, #8158, .T. ) ;
#7480 = PRODUCT_DEFINITION ( '未知', '', #6497, #9688 ) ;
#7481 = CARTESIAN_POINT ( 'NONE',  ( 1.004856625985219200, 6.361389186182238500, 5.979141670138440100 ) ) ;
#7482 = CARTESIAN_POINT ( 'NONE',  ( -13.25465439984741100, 0.0000000000000000000, 0.0000000000000000000 ) ) ;
#7483 = ORIENTED_EDGE ( 'NONE', *, *, #846, .T. ) ;
#7484 = DIRECTION ( 'NONE',  ( 1.000000000000000000, -8.775090700452170200E-016, 0.0000000000000000000 ) ) ;
#7485 = EDGE_CURVE ( 'NONE', #2409, #953, #7575, .T. ) ;
#7486 = CARTESIAN_POINT ( 'NONE',  ( -11.89999999999996300, 17.97437500000000900, 4.929141392239922800 ) ) ;
#7487 = PRODUCT_DEFINITION_SHAPE ( 'NONE', 'NONE',  #9696 ) ;
#7488 = ORIENTED_EDGE ( 'NONE', *, *, #6647, .F. ) ;
#7489 = LINE ( 'NONE', #7244, #7369 ) ;
#7490 = DIRECTION ( 'NONE',  ( 1.000000000000000000, -0.0000000000000000000, -0.0000000000000000000 ) ) ;
#7491 = EDGE_LOOP ( 'NONE', ( #2559, #2030, #5186, #8766 ) ) ;
#7492 = DIRECTION ( 'NONE',  ( 0.0000000000000000000, 0.0000000000000000000, 1.000000000000000000 ) ) ;
#7493 = ADVANCED_FACE ( 'NONE', ( #3408 ), #9625, .T. ) ;
#7494 = DIRECTION ( 'NONE',  ( -8.775090700452169200E-016, -1.000000000000000000, -0.0000000000000000000 ) ) ;
#7495 = CARTESIAN_POINT ( 'NONE',  ( 0.0000000000000000000, 2.000000000000000000, 0.0000000000000000000 ) ) ;
#7496 = CARTESIAN_POINT ( 'NONE',  ( -12.82664718204931200, 14.89937500000001300, 5.312971222579581500 ) ) ;
#7498 = ORIENTED_EDGE ( 'NONE', *, *, #5282, .T. ) ;
#7497 = ORIENTED_EDGE ( 'NONE', *, *, #7597, .F. ) ;
#7499 = DIRECTION ( 'NONE',  ( 1.000000000000000000, -8.775090700452169200E-016, 0.0000000000000000000 ) ) ;
#7500 = DIRECTION ( 'NONE',  ( 0.0000000000000000000, 0.0000000000000000000, 1.000000000000000000 ) ) ;
#7501 = FACE_OUTER_BOUND ( 'NONE', #4270, .T. ) ;
#7502 = ORIENTED_EDGE ( 'NONE', *, *, #3618, .T. ) ;
#7503 = CARTESIAN_POINT ( 'NONE',  ( 0.0000000000000000000, 20.63746869550590200, 21.00000000000000000 ) ) ;
#7504 = VERTEX_POINT ( 'NONE', #626 ) ;
#7505 = COORDINATED_UNIVERSAL_TIME_OFFSET ( 8, 0, .AHEAD. ) ;
#7506 = VECTOR ( 'NONE', #5140, 1000.000000000000000 ) ;
#7507 = CIRCLE ( 'NONE', #3610, 15.60000000000000000 ) ;
#7508 = CARTESIAN_POINT ( 'NONE',  ( 13.99999999999999800, 0.0000000000000000000, 0.0000000000000000000 ) ) ;
#7509 = VERTEX_POINT ( 'NONE', #2150 ) ;
#7510 = CARTESIAN_POINT ( 'NONE',  ( 0.0000000000000000000, 20.63746869550590200, 18.00000000000000400 ) ) ;
#7511 = DIRECTION ( 'NONE',  ( 0.0000000000000000000, 0.0000000000000000000, -1.000000000000000000 ) ) ;
#7512 = AXIS2_PLACEMENT_3D ( 'NONE', #6159, #3134, #135 ) ;
#7513 = DIRECTION ( 'NONE',  ( 0.0000000000000000000, 0.0000000000000000000, -1.000000000000000000 ) ) ;
#7514 = DIRECTION ( 'NONE',  ( 0.0000000000000000000, 0.0000000000000000000, -1.000000000000000000 ) ) ;
#7515 = FACE_OUTER_BOUND ( 'NONE', #9405, .T. ) ;
#7516 = ADVANCED_FACE ( 'NONE', ( #3284 ), #9348, .F. ) ;
#7517 = VECTOR ( 'NONE', #4298, 1000.000000000000000 ) ;
#7518 = EDGE_CURVE ( 'NONE', #4000, #8843, #700, .T. ) ;
#7519 = DIRECTION ( 'NONE',  ( 0.0000000000000000000, 0.0000000000000000000, 1.000000000000000000 ) ) ;
#7520 = EDGE_LOOP ( 'NONE', ( #4863, #5404, #740, #2776 ) ) ;
#7521 = PERSON_AND_ORGANIZATION ( #4303, #4183 ) ;
#7522 = CARTESIAN_POINT ( 'NONE',  ( 11.89999999999999900, 18.53000000000000500, -8.455458555545191200E-014 ) ) ;
#7523 = ORIENTED_EDGE ( 'NONE', *, *, #7007, .T. ) ;
#7524 = CARTESIAN_POINT ( 'NONE',  ( 15.66920801439230000, 0.6554350922090908000, 13.18827000240074900 ) ) ;
#7525 = DIRECTION ( 'NONE',  ( 0.0000000000000000000, 0.0000000000000000000, -1.000000000000000000 ) ) ;
#7526 = B_SPLINE_CURVE_WITH_KNOTS ( 'NONE', 3,
 ( #9124, #194, #7687, #6231, #9229, #4780 ),
 .UNSPECIFIED., .F., .F.,
 ( 4, 2, 4 ),
 ( 2.380730676605010100E-007, 0.002782414026671824500, 0.005564589980275988800 ),
 .UNSPECIFIED. ) ;
#7527 = CARTESIAN_POINT ( 'NONE',  ( 12.82664718204931400, 14.26437500000001500, -5.312971222579575300 ) ) ;
#7528 = CYLINDRICAL_SURFACE ( 'NONE', #4675, 2.000000000000000000 ) ;
#7529 = CIRCLE ( 'NONE', #4475, 2.050000000000001200 ) ;
#7530 = AXIS2_PLACEMENT_3D ( 'NONE', #4904, #6408, #7187 ) ;
#7531 = ORIENTED_EDGE ( 'NONE', *, *, #1688, .T. ) ;
#7532 = DIRECTION ( 'NONE',  ( 0.0000000000000000000, 0.0000000000000000000, -1.000000000000000000 ) ) ;
#7533 = APPROVAL_DATE_TIME ( #4295, #4763 ) ;
#7534 = CARTESIAN_POINT ( 'NONE',  ( 8.716642953600644000, 3.952331532926443500, 0.02010828335194610500 ) ) ;
#7535 = EDGE_LOOP ( 'NONE', ( #1950, #2587, #3807, #2385 ) ) ;
#7536 = VERTEX_POINT ( 'NONE', #3605 ) ;
#7537 = EDGE_LOOP ( 'NONE', ( #558, #2701, #6932, #8938 ) ) ;
#7538 = CARTESIAN_POINT ( 'NONE',  ( -7.884259052232641100E-018, 21.94442923809691900, 0.0000000000000000000 ) ) ;
#7539 = CIRCLE ( 'NONE', #9409, 7.900000000000002100 ) ;
#7540 = DIRECTION ( 'NONE',  ( 0.0000000000000000000, 0.0000000000000000000, 1.000000000000000000 ) ) ;
#7541 = DIRECTION ( 'NONE',  ( -1.056746226933222200E-014, 1.000000000000000000, 0.0000000000000000000 ) ) ;
#7542 = CARTESIAN_POINT ( 'NONE',  ( -12.86134055113139100, 0.0000000000000000000, 0.0000000000000000000 ) ) ;
#7543 = EDGE_CURVE ( 'NONE', #322, #3819, #7943, .T. ) ;
#7544 = CC_DESIGN_PERSON_AND_ORGANIZATION_ASSIGNMENT ( #5461, #5706, ( #3261 ) ) ;
#7545 = ADVANCED_FACE ( 'NONE', ( #3167, #6422 ), #3636, .F. ) ;
#7546 = ORIENTED_EDGE ( 'NONE', *, *, #4616, .F. ) ;
#7547 = CARTESIAN_POINT ( 'NONE',  ( 0.0000000000000000000, 23.09492482837286800, 0.0000000000000000000 ) ) ;
#7548 = CARTESIAN_POINT ( 'NONE',  ( 18.92139557591031700, 23.00404857798680400, -6.005092068396106900 ) ) ;
#7549 = ORIENTED_EDGE ( 'NONE', *, *, #9542, .F. ) ;
#7550 = CIRCLE ( 'NONE', #5052, 21.00000000000000000 ) ;
#7551 = CARTESIAN_POINT ( 'NONE',  ( -19.18819153923176300, 0.5169333228592202200, -6.793646782177504800 ) ) ;
#7552 = CARTESIAN_POINT ( 'NONE',  ( 14.29000000000000100, -10.11948122645172900, -2.096559093200540200 ) ) ;
#7553 = FACE_OUTER_BOUND ( 'NONE', #8035, .T. ) ;
#7554 = EDGE_LOOP ( 'NONE', ( #5265, #3405, #1836, #4299 ) ) ;
#7555 = DIRECTION ( 'NONE',  ( -1.000000000000000000, 0.0000000000000000000, 6.448786156047610700E-017 ) ) ;
#7556 = ORIENTED_EDGE ( 'NONE', *, *, #8380, .T. ) ;
#7557 = DIRECTION ( 'NONE',  ( 0.0000000000000000000, 0.0000000000000000000, 1.000000000000000000 ) ) ;
#7558 = CARTESIAN_POINT ( 'NONE',  ( 9.620545177711752800, 17.49897742771142400, 7.514891970728804400 ) ) ;
#7559 = CIRCLE ( 'NONE', #5177, 16.68470121112101300 ) ;
#7560 = CARTESIAN_POINT ( 'NONE',  ( 9.069809202314482700, 11.48625000000002100, 9.069809202314353100 ) ) ;
#7561 = CARTESIAN_POINT ( 'NONE',  ( 13.99999999999999800, 0.0000000000000000000, 0.0000000000000000000 ) ) ;
#7562 = CARTESIAN_POINT ( 'NONE',  ( -8.414570696119970000, 17.73625000000000900, -8.414570696119859900 ) ) ;
#7563 = DIRECTION ( 'NONE',  ( -8.775090700452169200E-016, -1.000000000000000000, -0.0000000000000000000 ) ) ;
#7564 = ADVANCED_FACE ( 'NONE', ( #2693 ), #8407, .T. ) ;
#7565 = CIRCLE ( 'NONE', #8174, 8.475000000000001400 ) ;
#7566 = CARTESIAN_POINT ( 'NONE',  ( -18.99999999999998900, 0.0000000000000000000, 32.90896534380867400 ) ) ;
#7567 = CARTESIAN_POINT ( 'NONE',  ( 19.35748744591565900, 21.21351234925123200, -8.006865077640599200 ) ) ;
#7568 = DIRECTION ( 'NONE',  ( -0.0000000000000000000, -1.000000000000000000, -0.0000000000000000000 ) ) ;
#7569 = CARTESIAN_POINT ( 'NONE',  ( -16.91407361922562200, 20.70927092525976600, -12.44660244528692900 ) ) ;
#7570 = ORIENTED_EDGE ( 'NONE', *, *, #6203, .F. ) ;
#7571 = CARTESIAN_POINT ( 'NONE',  ( -5.949064689866423400, 8.745917699637425700, 17.00895541415241400 ) ) ;
#7572 = AXIS2_PLACEMENT_3D ( 'NONE', #144, #2442, #3204 ) ;
#7573 = CARTESIAN_POINT ( 'NONE',  ( 18.36946682666919600, 23.76330531917471600, -3.949647367741774100 ) ) ;
#7574 = ORIENTED_EDGE ( 'NONE', *, *, #943, .F. ) ;
#7575 = LINE ( 'NONE', #7971, #7697 ) ;
#7576 = EDGE_CURVE ( 'NONE', #2194, #7026, #363, .T. ) ;
#7577 = CARTESIAN_POINT ( 'NONE',  ( 0.0000000000000000000, -9.999999999999998200, -14.19999999999999900 ) ) ;
#7578 = EDGE_CURVE ( 'NONE', #8684, #1958, #4442, .T. ) ;
#7579 = EDGE_LOOP ( 'NONE', ( #9290, #9520, #1096, #7322 ) ) ;
#7580 = CARTESIAN_POINT ( 'NONE',  ( -0.7061281871523871200, 6.402079554345438500, 4.479788103572537300 ) ) ;
#7581 = B_SPLINE_CURVE_WITH_KNOTS ( 'NONE', 3,
 ( #5750, #2218, #9467, #8904, #8167, #2190, #7432, #2754, #9407, #470, #8749, #5025 ),
 .UNSPECIFIED., .F., .F.,
 ( 4, 2, 2, 2, 2, 4 ),
 ( 2.344180752223948100E-007, 0.003137532069197804300, 0.006274829720320385800, 0.007843478545881675900, 0.009412127371442967700, 0.01254942502256554600 ),
 .UNSPECIFIED. ) ;
#7582 = B_SPLINE_CURVE_WITH_KNOTS ( 'NONE', 3,
 ( #1135, #8511, #6291, #1820, #7029, #2569, #7846, #7782, #1945, #5761, #8758, #3518, #1258, #4212, #5704, #1286, #6439, #8012 ),
 .UNSPECIFIED., .F., .F.,
 ( 4, 2, 2, 2, 2, 2, 2, 2, 4 ),
 ( 2.507948295077200000E-019, 0.0004503319256778572800, 0.0009006638513557142300, 0.001350995777033571200, 0.001801327702711428200, 0.002251659628389285500, 0.002701991554067142400, 0.003152323479744999600, 0.003602655405422856500 ),
 .UNSPECIFIED. ) ;
#7583 =( BOUNDED_CURVE ( )  B_SPLINE_CURVE ( 2, ( #9666, #664, #9430, #2839, #8055, #4222, #4979, #5713, #3593 ),
 .UNSPECIFIED., .F., .F. ) 
 B_SPLINE_CURVE_WITH_KNOTS ( ( 3, 2, 2, 2, 3 ),
 ( 0.9062500000000000000, 0.9218750000000000000, 0.9375000000000000000, 0.9531250000000000000, 0.9582622961099482900 ),
 .UNSPECIFIED. ) 
 CURVE ( )  GEOMETRIC_REPRESENTATION_ITEM ( )  RATIONAL_B_SPLINE_CURVE ( ( 1.000000000000000000, 0.9238795325112867400, 1.000000000000000000, 0.9238795325112867400, 1.000000000000000000, 0.9238795325112867400, 1.000000000000000000, 0.9749725835828984000, 0.9664025430380056600 ) ) 
 REPRESENTATION_ITEM ( '' )  );
#7584 = DIRECTION ( 'NONE',  ( -0.0000000000000000000, -1.000000000000000000, -0.0000000000000000000 ) ) ;
#7585 = ORIENTED_EDGE ( 'NONE', *, *, #2857, .F. ) ;
#7586 = AXIS2_PLACEMENT_3D ( 'NONE', #5754, #5082, #595 ) ;
#7587 = CARTESIAN_POINT ( 'NONE',  ( -8.414570696119854500, 12.97375000000001700, 8.414570696119975300 ) ) ;
#7588 = CARTESIAN_POINT ( 'NONE',  ( 9.000000000000001800, -10.80000000000000600, -9.000000000000000000 ) ) ;
#7589 = CARTESIAN_POINT ( 'NONE',  ( -12.69999999999998500, 1.114436518957424200E-014, 1.555301434917136900E-015 ) ) ;
#7590 = DIRECTION ( 'NONE',  ( 0.0000000000000000000, 0.0000000000000000000, 1.000000000000000000 ) ) ;
#7591 = CARTESIAN_POINT ( 'NONE',  ( 12.60522836978917200, 23.76330531917464500, 13.93360124200041000 ) ) ;
#7592 = CARTESIAN_POINT ( 'NONE',  ( 9.192421541439368800E-014, 11.32750000000002200, 12.82664718204935100 ) ) ;
#7593 = EDGE_CURVE ( 'NONE', #266, #3137, #2335, .T. ) ;
#7594 = PLANE ( 'NONE',  #7793 ) ;
#7595 = ORIENTED_EDGE ( 'NONE', *, *, #2092, .T. ) ;
#7596 = PLANE ( 'NONE',  #3968 ) ;
#7597 = EDGE_CURVE ( 'NONE', #8328, #169, #8177, .T. ) ;
#7598 = AXIS2_PLACEMENT_3D ( 'NONE', #8280, #8247, #8987 ) ;
#7599 = CARTESIAN_POINT ( 'NONE',  ( 15.66920801439301200, 22.32467817596633000, -13.18827000240090000 ) ) ;
#7600 = CARTESIAN_POINT ( 'NONE',  ( -16.95045816486630100, 20.63746869550590200, -12.39685314912906700 ) ) ;
#7601 = DIRECTION ( 'NONE',  ( 0.0000000000000000000, 0.0000000000000000000, 1.000000000000000000 ) ) ;
#7602 = CARTESIAN_POINT ( 'NONE',  ( 11.90000000000003200, 13.57062500000001900, 4.929141392239758400 ) ) ;
#7603 = LINE ( 'NONE', #1962, #6333 ) ;
#7604 = ORIENTED_EDGE ( 'NONE', *, *, #7979, .F. ) ;
#7605 = CARTESIAN_POINT ( 'NONE',  ( 18.58174513526124700, 23.46231663777925600, -4.880418975209651400 ) ) ;
#7607 = ORIENTED_EDGE ( 'NONE', *, *, #7879, .F. ) ;
#7606 = ORIENTED_EDGE ( 'NONE', *, *, #8513, .F. ) ;
#7608 = CARTESIAN_POINT ( 'NONE',  ( 5.499261314031300300, -9.524999999999941700, 16.74926131403118000 ) ) ;
#7609 = CARTESIAN_POINT ( 'NONE',  ( 4.419605437964995600, 23.09492482837286400, 19.21911164059511300 ) ) ;
#7610 = CC_DESIGN_SECURITY_CLASSIFICATION ( #8811, ( #9693 ) ) ;
#7611 = CARTESIAN_POINT ( 'NONE',  ( -0.5786754254455935800, -6.415449022909604600, 4.394969322151905700 ) ) ;
#7612 = TOROIDAL_SURFACE ( 'NONE', #4056, 18.00000000000000400, 3.000000000000000000 ) ;
#7613 = DIRECTION ( 'NONE',  ( 1.000000000000000000, -0.0000000000000000000, -0.0000000000000000000 ) ) ;
#7614 = ORIENTED_EDGE ( 'NONE', *, *, #630, .F. ) ;
#7615 = ADVANCED_FACE ( 'NONE', ( #5951 ), #2853, .T. ) ;
#7617 = ORIENTED_EDGE ( 'NONE', *, *, #7109, .F. ) ;
#7616 = ORIENTED_EDGE ( 'NONE', *, *, #7593, .F. ) ;
#7618 = EDGE_CURVE ( 'NONE', #8842, #1711, #1171, .T. ) ;
#7619 = CALENDAR_DATE ( 2023, 6, 9 ) ;
#7620 = ORIENTED_EDGE ( 'NONE', *, *, #7796, .F. ) ;
#7621 = CARTESIAN_POINT ( 'NONE',  ( 8.414570696119975300, 14.56125000000001400, 8.414570696119856300 ) ) ;
#7622 = CARTESIAN_POINT ( 'NONE',  ( 0.0000000000000000000, 0.0000000000000000000, -2.200000000000000200 ) ) ;
#7623 = CARTESIAN_POINT ( 'NONE',  ( 1.239098530816317200E-013, 12.06250000000001800, 11.89999999999999900 ) ) ;
#7624 = CARTESIAN_POINT ( 'NONE',  ( 8.838059666209970200, 17.48662460811258500, 8.438975225855159600 ) ) ;
#7625 = CARTESIAN_POINT ( 'NONE',  ( 0.0000000000000000000, 0.0000000000000000000, -3.000000000000000000 ) ) ;
#7626 = FACE_OUTER_BOUND ( 'NONE', #2377, .T. ) ;
#7627 = CARTESIAN_POINT ( 'NONE',  ( 4.929141392239747800, 20.23812500000000000, -11.90000000000003200 ) ) ;
#7628 = CARTESIAN_POINT ( 'NONE',  ( -11.09999999999996900, 17.60000000000002300, 0.0000000000000000000 ) ) ;
#7629 = EDGE_LOOP ( 'NONE', ( #7072, #8648, #5274, #5279 ) ) ;
#7630 = CARTESIAN_POINT ( 'NONE',  ( 0.0000000000000000000, 0.0000000000000000000, 0.0000000000000000000 ) ) ;
#7631 = COORDINATED_UNIVERSAL_TIME_OFFSET ( 8, 0, .AHEAD. ) ;
#7632 = CYLINDRICAL_SURFACE ( 'NONE', #3598, 11.89999999999999900 ) ;
#7633 = CARTESIAN_POINT ( 'NONE',  ( -9.254654399847414200, 7.470345474798855300E-016, -6.100000000000000500 ) ) ;
#7634 = LINE ( 'NONE', #5383, #8004 ) ;
#7635 = AXIS2_PLACEMENT_3D ( 'NONE', #6849, #7584, #2376 ) ;
#7636 = ORIENTED_EDGE ( 'NONE', *, *, #3435, .F. ) ;
#7637 = CARTESIAN_POINT ( 'NONE',  ( 19.18819153923198000, 0.5169333228593723200, 6.793646782177419600 ) ) ;
#7638 = DIRECTION ( 'NONE',  ( 0.0000000000000000000, 0.0000000000000000000, 1.000000000000000000 ) ) ;
#7639 = EDGE_CURVE ( 'NONE', #1540, #2194, #6200, .T. ) ;
#7640 = FACE_OUTER_BOUND ( 'NONE', #3889, .T. ) ;
#7641 = CARTESIAN_POINT ( 'NONE',  ( 3.875309012068730100, 11.55014816997565900, 11.94345155821360300 ) ) ;
#7642 = DIRECTION ( 'NONE',  ( 0.0000000000000000000, -0.0000000000000000000, 1.000000000000000000 ) ) ;
#7643 = CARTESIAN_POINT ( 'NONE',  ( -5.310316832550006100, 0.0000000000000000000, 4.199999999999994800 ) ) ;
#7644 = DIRECTION ( 'NONE',  ( 1.000000000000000000, 0.0000000000000000000, 0.0000000000000000000 ) ) ;
#7645 = ORIENTED_EDGE ( 'NONE', *, *, #1529, .F. ) ;
#7646 = COORDINATED_UNIVERSAL_TIME_OFFSET ( 8, 0, .AHEAD. ) ;
#7647 = CARTESIAN_POINT ( 'NONE',  ( -0.3034631344560688700, -6.434339153135884000, 6.519303058724505100 ) ) ;
#7648 = AXIS2_PLACEMENT_3D ( 'NONE', #8780, #8815, #6560 ) ;
#7649 = DIRECTION ( 'NONE',  ( 0.0000000000000000000, 0.0000000000000000000, -1.000000000000000000 ) ) ;
#7650 = ADVANCED_FACE ( 'NONE', ( #9683 ), #1515, .T. ) ;
#7651 = CARTESIAN_POINT ( 'NONE',  ( -8.717347705171475200, 3.951110867399036900, -6.112189747387031200E-015 ) ) ;
#7652 = VERTEX_POINT ( 'NONE', #6785 ) ;
#7653 = ORIENTED_EDGE ( 'NONE', *, *, #8006, .T. ) ;
#7654 = B_SPLINE_CURVE_WITH_KNOTS ( 'NONE', 3,
 ( #4661, #6825, #2359, #9187, #6089, #7567, #5538, #6282, #5574, #2565 ),
 .UNSPECIFIED., .F., .F.,
 ( 4, 2, 2, 2, 4 ),
 ( -1.095445854363481900E-005, 0.0002729282469216373500, 0.0005568109523869096000, 0.001124576363317454000, 0.002260107185178542600 ),
 .UNSPECIFIED. ) ;
#7655 = EDGE_CURVE ( 'NONE', #6589, #6390, #7453, .T. ) ;
#7656 = FACE_OUTER_BOUND ( 'NONE', #3878, .T. ) ;
#7657 = CONICAL_SURFACE ( 'NONE', #8847, 5.050000000000002500, 0.7853981633974466100 ) ;
#7658 = CARTESIAN_POINT ( 'NONE',  ( -11.89999999999999900, 15.35500000000001100, 8.309725586446656100E-014 ) ) ;
#7659 = DIRECTION ( 'NONE',  ( 0.0000000000000000000, -1.000000000000000000, 0.0000000000000000000 ) ) ;
#7660 = CARTESIAN_POINT ( 'NONE',  ( 0.0000000000000000000, 0.0000000000000000000, 0.0000000000000000000 ) ) ;
#7661 = CARTESIAN_POINT ( 'NONE',  ( 11.73065723982882100, 17.55084227765519600, 3.187245197550848900 ) ) ;
#7662 = EDGE_CURVE ( 'NONE', #765, #4472, #5390, .T. ) ;
#7663 = AXIS2_PLACEMENT_3D ( 'NONE', #2974, #4410, #7388 ) ;
#7664 = ORIENTED_EDGE ( 'NONE', *, *, #8777, .T. ) ;
#7665 = CARTESIAN_POINT ( 'NONE',  ( 11.90000000000003600, 19.92062500000000100, 4.929141392239745100 ) ) ;
#7666 = CARTESIAN_POINT ( 'NONE',  ( -19.37510224126912600, 21.36036798351210200, -7.878603787488284400 ) ) ;
#7667 = AXIS2_PLACEMENT_3D ( 'NONE', #5708, #4242, #2011 ) ;
#7668 = ORIENTED_EDGE ( 'NONE', *, *, #8619, .T. ) ;
#7669 = CIRCLE ( 'NONE', #6527, 12.69999999999998300 ) ;
#7670 = DIRECTION ( 'NONE',  ( 0.0000000000000000000, 0.0000000000000000000, -1.000000000000000000 ) ) ;
#7671 = CARTESIAN_POINT ( 'NONE',  ( -19.35392252294199600, 0.8555417319542140100, 7.238967172531805400 ) ) ;
#7672 = DIRECTION ( 'NONE',  ( -0.5773502691896265100, 0.5773502691896265100, 0.5773502691896245100 ) ) ;
#7673 = TOROIDAL_SURFACE ( 'NONE', #104, 3.699999999999998800, 0.5000000000000000000 ) ;
#7674 = ADVANCED_FACE ( 'NONE', ( #5505 ), #3861, .T. ) ;
#7675 = ORIENTED_EDGE ( 'NONE', *, *, #8411, .F. ) ;
#7676 = DIRECTION ( 'NONE',  ( 0.0000000000000000000, 0.0000000000000000000, -1.000000000000000000 ) ) ;
#7677 = ORIENTED_EDGE ( 'NONE', *, *, #9101, .F. ) ;
#7678 = CARTESIAN_POINT ( 'NONE',  ( -11.90325246105772500, 17.14031709467332500, -4.024314190286806300 ) ) ;
#7679 = FACE_OUTER_BOUND ( 'NONE', #1425, .T. ) ;
#7680 = APPROVAL ( #7102, '未指定' ) ;
#7681 = LINE ( 'NONE', #7628, #4081 ) ;
#7682 = DIRECTION ( 'NONE',  ( 0.0000000000000000000, 0.0000000000000000000, 1.000000000000000000 ) ) ;
#7683 = EDGE_CURVE ( 'NONE', #1299, #6400, #3512, .T. ) ;
#7684 = APPLICATION_CONTEXT ( 'configuration controlled 3d designs of mechanical parts and assemblies' ) ;
#7685 = CARTESIAN_POINT ( 'NONE',  ( 0.3034631344560679300, 6.434339153135881300, 6.519303058724505100 ) ) ;
#7686 = CARTESIAN_POINT ( 'NONE',  ( 5.445065917667760000, 0.0000000000000000000, 18.20305625855870000 ) ) ;
#7687 = CARTESIAN_POINT ( 'NONE',  ( -6.402153650224446900, -7.961144599948655200, 0.3770952061963313000 ) ) ;
#7688 = VECTOR ( 'NONE', #4400, 1000.000000000000000 ) ;
#7689 = CARTESIAN_POINT ( 'NONE',  ( -4.929141392239751300, 11.78312500000002000, 11.90000000000003200 ) ) ;
#7690 = DIRECTION ( 'NONE',  ( 1.000000000000000000, -8.775090700452169200E-016, 0.0000000000000000000 ) ) ;
#7691 = CARTESIAN_POINT ( 'NONE',  ( 0.0000000000000000000, 0.0000000000000000000, -0.5000000000000143200 ) ) ;
#7692 = CARTESIAN_POINT ( 'NONE',  ( 0.0000000000000000000, 0.0000000000000000000, 0.0000000000000000000 ) ) ;
#7693 = CARTESIAN_POINT ( 'NONE',  ( -11.89999999999996300, 14.36437500000001300, 4.929141392239922800 ) ) ;
#7694 = CARTESIAN_POINT ( 'NONE',  ( -19.35789552848814700, 21.21594212953509400, -8.004785350667754400 ) ) ;
#7695 = B_SPLINE_CURVE_WITH_KNOTS ( 'NONE', 3,
 ( #1511, #4453, #796, #5341, #2990, #1478, #2224, #3834, #9664, #722, #8944, #7466 ),
 .UNSPECIFIED., .F., .F.,
 ( 4, 2, 2, 2, 2, 4 ),
 ( 2.344180752204068200E-007, 0.003137532069197804300, 0.006274829720320388400, 0.007843478545881682800, 0.009412127371442974600, 0.01254942502256556000 ),
 .UNSPECIFIED. ) ;
#7696 = ORIENTED_EDGE ( 'NONE', *, *, #2470, .F. ) ;
#7697 = VECTOR ( 'NONE', #3535, 1000.000000000000000 ) ;
#7698 = CARTESIAN_POINT ( 'NONE',  ( -18.48684210526282700, 0.0000000000000000000, 4.385962719299098600 ) ) ;
#7699 = ORIENTED_EDGE ( 'NONE', *, *, #4247, .T. ) ;
#7700 = DIRECTION ( 'NONE',  ( -0.7071067811865474600, 4.903554850278087400E-015, 0.7071067811865474600 ) ) ;
#7701 = CARTESIAN_POINT ( 'NONE',  ( 14.73587640020000600, 0.0000000000000000000, 0.0000000000000000000 ) ) ;
#7702 = DIRECTION ( 'NONE',  ( -0.0000000000000000000, 1.000000000000000000, -0.0000000000000000000 ) ) ;
#7703 = DIRECTION ( 'NONE',  ( 0.7071067811865369100, -0.7071067811865582300, 0.0000000000000000000 ) ) ;
#7704 = ORIENTED_EDGE ( 'NONE', *, *, #8282, .F. ) ;
#7705 = FACE_OUTER_BOUND ( 'NONE', #2062, .T. ) ;
#7706 = AXIS2_PLACEMENT_3D ( 'NONE', #9398, #9365, #4845 ) ;
#7707 = ORIENTED_EDGE ( 'NONE', *, *, #9630, .T. ) ;
#7708 =( BOUNDED_CURVE ( )  B_SPLINE_CURVE ( 2, ( #2592, #9235, #2658, #1120, #6402, #7057, #4099, #7811, #7766 ),
 .UNSPECIFIED., .F., .F. ) 
 B_SPLINE_CURVE_WITH_KNOTS ( ( 3, 2, 2, 2, 3 ),
 ( 0.2500000000000000000, 0.2656250000000000000, 0.2812500000000000000, 0.2968750000000000000, 0.3125000000000000000 ),
 .UNSPECIFIED. ) 
 CURVE ( )  GEOMETRIC_REPRESENTATION_ITEM ( )  RATIONAL_B_SPLINE_CURVE ( ( 1.000000000000000000, 0.9238795325112867400, 1.000000000000000000, 0.9238795325112867400, 1.000000000000000000, 0.9238795325112867400, 1.000000000000000000, 0.9238795325112867400, 1.000000000000000000 ) ) 
 REPRESENTATION_ITEM ( '' )  );
#7709 = AXIS2_PLACEMENT_3D ( 'NONE', #7408, #2929, #763 ) ;
#7710 = DIRECTION ( 'NONE',  ( -1.000000000000000000, 0.0000000000000000000, 0.0000000000000000000 ) ) ;
#7711 = DIRECTION ( 'NONE',  ( -0.9848077530122093500, 0.0000000000000000000, 0.1736481776669235300 ) ) ;
#7712 = CARTESIAN_POINT ( 'NONE',  ( 1.869027305895907900, 9.525000000000002100, 0.09848334842903989900 ) ) ;
#7713 = EDGE_CURVE ( 'NONE', #8693, #3832, #8064, .T. ) ;
#7714 = DIRECTION ( 'NONE',  ( 1.000000000000000000, 0.0000000000000000000, -0.0000000000000000000 ) ) ;
#7715 = DIRECTION ( 'NONE',  ( 0.0000000000000000000, 0.0000000000000000000, 1.000000000000000000 ) ) ;
#7716 = EDGE_LOOP ( 'NONE', ( #2488, #3322, #2653, #2938 ) ) ;
#7717 = CARTESIAN_POINT ( 'NONE',  ( 13.04177618759520600, 0.0000000000000000000, 13.81709353926052100 ) ) ;
#7718 = ADVANCED_FACE ( 'NONE', ( #5848, #9104, #7121 ), #880, .F. ) ;
#7719 = AXIS2_PLACEMENT_3D ( 'NONE', #1225, #6440, #3493 ) ;
#7720 = CARTESIAN_POINT ( 'NONE',  ( 8.414570696119975300, 15.83125000000001100, 8.414570696119856300 ) ) ;
#7721 = VERTEX_POINT ( 'NONE', #6814 ) ;
#7722 = CARTESIAN_POINT ( 'NONE',  ( -0.5200582862301640400, 17.79095342841979400, -11.92810383655638500 ) ) ;
#7723 = CARTESIAN_POINT ( 'NONE',  ( -5.764238456879209800, 23.76330531917489000, 17.88324860974190100 ) ) ;
#7724 = DIRECTION ( 'NONE',  ( 1.000000000000000000, 0.0000000000000000000, 0.0000000000000000000 ) ) ;
#7725 = ORIENTED_EDGE ( 'NONE', *, *, #1421, .T. ) ;
#7726 = CARTESIAN_POINT ( 'NONE',  ( 4.929141392239747800, 17.69812500000000500, -11.90000000000003200 ) ) ;
#7727 = EDGE_CURVE ( 'NONE', #6376, #7076, #9574, .T. ) ;
#7728 = CARTESIAN_POINT ( 'NONE',  ( -13.49223175810514200, -4.980741959399119300E-015, 13.67651459895903400 ) ) ;
#7729 = CARTESIAN_POINT ( 'NONE',  ( 1.561966144680487000E-014, 17.80000000000001100, 0.0000000000000000000 ) ) ;
#7730 = CARTESIAN_POINT ( 'NONE',  ( 12.56412585201709000, -20.49170962313452500, 9.246769250645106900 ) ) ;
#7731 = DIRECTION ( 'NONE',  ( 0.0000000000000000000, 0.0000000000000000000, 1.000000000000000000 ) ) ;
#7732 = EDGE_CURVE ( 'NONE', #9343, #3897, #5619, .T. ) ;
#7733 = AXIS2_PLACEMENT_3D ( 'NONE', #3949, #9160, #8444 ) ;
#7734 = ORIENTED_EDGE ( 'NONE', *, *, #7618, .T. ) ;
#7735 =( GEOMETRIC_REPRESENTATION_CONTEXT ( 3 ) GLOBAL_UNCERTAINTY_ASSIGNED_CONTEXT ( ( #368 ) ) GLOBAL_UNIT_ASSIGNED_CONTEXT ( ( #5520, #9254, #7788 ) ) REPRESENTATION_CONTEXT ( 'NONE', 'WORKASPACE' ) );
#7736 = LINE ( 'NONE', #6622, #8892 ) ;
#7737 = ORIENTED_EDGE ( 'NONE', *, *, #9361, .F. ) ;
#7738 = CARTESIAN_POINT ( 'NONE',  ( -18.92139557591015700, 23.00404857798685800, 6.005092068396367100 ) ) ;
#7739 = CARTESIAN_POINT ( 'NONE',  ( 1.239098530816317200E-013, 12.06250000000001800, 11.89999999999999900 ) ) ;
#7741 = ORIENTED_EDGE ( 'NONE', *, *, #2538, .T. ) ;
#7740 = ORIENTED_EDGE ( 'NONE', *, *, #4752, .T. ) ;
#7742 = COORDINATED_UNIVERSAL_TIME_OFFSET ( 8, 0, .AHEAD. ) ;
#7743 = CONICAL_SURFACE ( 'NONE', #2921, 13.41771913849730100, 1.047197551196595600 ) ;
#7744 = CARTESIAN_POINT ( 'NONE',  ( -14.43443619994282500, 23.09492482837286800, 13.43704640427829800 ) ) ;
#7745 = ORIENTED_EDGE ( 'NONE', *, *, #5976, .T. ) ;
#7746 = CARTESIAN_POINT ( 'NONE',  ( 12.56412585201708900, -20.49170962313452900, -9.246769250645099800 ) ) ;
#7747 = VERTEX_POINT ( 'NONE', #2348 ) ;
#7748 = CARTESIAN_POINT ( 'NONE',  ( 0.0000000000000000000, 0.0000000000000000000, 0.0000000000000000000 ) ) ;
#7749 = DATE_AND_TIME ( #3458, #750 ) ;
#7750 = CARTESIAN_POINT ( 'NONE',  ( 2.581473850271385300E-016, 6.440000000000000400, 6.550000000000001600 ) ) ;
#7751 = CARTESIAN_POINT ( 'NONE',  ( 19.21121883656459100, 30.00000000000000000, 8.481100801995168600 ) ) ;
#7752 = VECTOR ( 'NONE', #8864, 1000.000000000000000 ) ;
#7753 = CIRCLE ( 'NONE', #1918, 20.00000000000086000 ) ;
#7754 = CARTESIAN_POINT ( 'NONE',  ( -12.82664718204939000, 17.28062500000000800, -5.312971222579394100 ) ) ;
#7755 = ORIENTED_EDGE ( 'NONE', *, *, #7930, .T. ) ;
#7756 = CARTESIAN_POINT ( 'NONE',  ( 12.11130004123675400, 17.58869995876284500, -0.4239707060352537200 ) ) ;
#7757 = CARTESIAN_POINT ( 'NONE',  ( 13.99999999999999800, 4.349899922066655200E-016, -3.399999999999999900 ) ) ;
#7758 = CARTESIAN_POINT ( 'NONE',  ( -8.382592070995921100E-014, 15.23750000000001100, -11.89999999999999900 ) ) ;
#7759 = LINE ( 'NONE', #4717, #3348 ) ;
#7760 = CARTESIAN_POINT ( 'NONE',  ( -13.04177618759628900, 0.0000000000000000000, 13.81709353925949700 ) ) ;
#7761 = LINE ( 'NONE', #1439, #7065 ) ;
#7762 = ORIENTED_EDGE ( 'NONE', *, *, #3514, .F. ) ;
#7763 = CARTESIAN_POINT ( 'NONE',  ( 11.67013411036706000, -20.73077476430514600, 9.762915623340052900 ) ) ;
#7764 = DATE_AND_TIME ( #6959, #1940 ) ;
#7765 = DIRECTION ( 'NONE',  ( -0.0000000000000000000, -1.000000000000000000, -0.0000000000000000000 ) ) ;
#7766 = CARTESIAN_POINT ( 'NONE',  ( 12.69999999999996700, 14.11188021535169500, -9.023892744153245300E-014 ) ) ;
#7767 = ORIENTED_EDGE ( 'NONE', *, *, #7469, .T. ) ;
#7768 = ADVANCED_FACE ( 'NONE', ( #7828 ), #1635, .F. ) ;
#7769 = CARTESIAN_POINT ( 'NONE',  ( 8.980256121069066600, 16.95686978464833000, -8.980256121069194500 ) ) ;
#7770 = AXIS2_PLACEMENT_3D ( 'NONE', #7055, #2588, #8553 ) ;
#7771 = CYLINDRICAL_SURFACE ( 'NONE', #5296, 11.69999999999998900 ) ;
#7772 = CARTESIAN_POINT ( 'NONE',  ( 11.89688633677840500, 10.90214190883777900, 0.4091236347429801400 ) ) ;
#7773 = VECTOR ( 'NONE', #3540, 1000.000000000000000 ) ;
#7774 = DIRECTION ( 'NONE',  ( 0.0000000000000000000, 0.0000000000000000000, 1.000000000000000000 ) ) ;
#7775 = DIRECTION ( 'NONE',  ( 0.0000000000000000000, 0.0000000000000000000, -1.000000000000000000 ) ) ;
#7776 = EDGE_CURVE ( 'NONE', #9607, #2956, #1640, .T. ) ;
#7777 = ORIENTED_EDGE ( 'NONE', *, *, #729, .F. ) ;
#7778 = APPROVAL_DATE_TIME ( #6839, #5871 ) ;
#7779 = EDGE_CURVE ( 'NONE', #8350, #7869, #4936, .T. ) ;
#7780 = EDGE_LOOP ( 'NONE', ( #5736, #3555, #5309, #3629 ) ) ;
#7781 = DIRECTION ( 'NONE',  ( 0.0000000000000000000, -0.0000000000000000000, 1.000000000000000000 ) ) ;
#7782 = CARTESIAN_POINT ( 'NONE',  ( 1.119602143887779500, -6.342198096205379400, 5.702356694531947500 ) ) ;
#7783 = B_SPLINE_CURVE_WITH_KNOTS ( 'NONE', 3,
 ( #1320, #2865, #9571, #2728, #6538, #7947 ),
 .UNSPECIFIED., .F., .F.,
 ( 4, 2, 4 ),
 ( 2.380730676599704000E-007, 0.002782414026671824500, 0.005564589980275988800 ),
 .UNSPECIFIED. ) ;
#7784 = ORIENTED_EDGE ( 'NONE', *, *, #3375, .T. ) ;
#7785 = ORIENTED_EDGE ( 'NONE', *, *, #1928, .F. ) ;
#7786 = FACE_OUTER_BOUND ( 'NONE', #8708, .T. ) ;
#7787 = CARTESIAN_POINT ( 'NONE',  ( 1.561966144680487000E-014, 17.80000000000001100, 0.0000000000000000000 ) ) ;
#7788 =( NAMED_UNIT ( * ) SI_UNIT ( $, .STERADIAN. ) SOLID_ANGLE_UNIT ( ) );
#7789 = DIRECTION ( 'NONE',  ( -1.000000000000000000, 0.0000000000000000000, 0.0000000000000000000 ) ) ;
#7790 = AXIS2_PLACEMENT_3D ( 'NONE', #2691, #8654, #5786 ) ;
#7791 = CARTESIAN_POINT ( 'NONE',  ( -7.317451158458278600, -6.375802811646489800, 17.50207492918111300 ) ) ;
#7792 = DIRECTION ( 'NONE',  ( 0.0000000000000000000, 0.0000000000000000000, 1.000000000000000000 ) ) ;
#7793 = AXIS2_PLACEMENT_3D ( 'NONE', #1669, #6367, #5567 ) ;
#7794 = VERTEX_POINT ( 'NONE', #2550 ) ;
#7795 = VERTEX_POINT ( 'NONE', #8391 ) ;
#7796 = EDGE_CURVE ( 'NONE', #6133, #9343, #1869, .T. ) ;
#7797 = ORIENTED_EDGE ( 'NONE', *, *, #5286, .F. ) ;
#7798 = FACE_OUTER_BOUND ( 'NONE', #7173, .T. ) ;
#7799 = CARTESIAN_POINT ( 'NONE',  ( 8.414570696119856300, 11.06875000000001900, -8.414570696119973500 ) ) ;
#7800 = CARTESIAN_POINT ( 'NONE',  ( 12.94999999999999200, 9.400000000000000400, -12.94999999999999200 ) ) ;
#7801 = CARTESIAN_POINT ( 'NONE',  ( 12.70000000000000800, 14.17874478464833200, 5.260512242138204000 ) ) ;
#7802 = EDGE_CURVE ( 'NONE', #9500, #8877, #3490, .T. ) ;
#7803 = AXIS2_PLACEMENT_3D ( 'NONE', #7692, #8353, #8393 ) ;
#7804 = SPHERICAL_SURFACE ( 'NONE', #4617, 2.299999999999999800 ) ;
#7805 = CARTESIAN_POINT ( 'NONE',  ( -8.414570696119854500, 16.98375000000000800, 8.414570696119975300 ) ) ;
#7806 = CARTESIAN_POINT ( 'NONE',  ( 13.44999999999999900, 0.0000000000000000000, 0.0000000000000000000 ) ) ;
#7807 = EDGE_LOOP ( 'NONE', ( #781, #4724, #239, #7467 ) ) ;
#7808 = CARTESIAN_POINT ( 'NONE',  ( 5.312947559864531000, -21.17871267772746800, 13.43323898956135700 ) ) ;
#7809 = DIRECTION ( 'NONE',  ( 0.0000000000000000000, 0.0000000000000000000, -1.000000000000000000 ) ) ;
#7810 = ORIENTED_EDGE ( 'NONE', *, *, #3777, .F. ) ;
#7811 = CARTESIAN_POINT ( 'NONE',  ( 12.70000000000000500, 14.03250521535169400, 5.260512242138204000 ) ) ;
#7812 = CIRCLE ( 'NONE', #9543, 13.99999999999999800 ) ;
#7813 = CARTESIAN_POINT ( 'NONE',  ( 11.88412758796775700, 10.90000000000000700, 0.6144196228178397900 ) ) ;
#7814 = DIRECTION ( 'NONE',  ( -0.7071067811865474600, 0.7071067811865474600, 0.0000000000000000000 ) ) ;
#7815 = SECURITY_CLASSIFICATION ( '', '', #9332 ) ;
#7816 = CARTESIAN_POINT ( 'NONE',  ( -12.29781092488547500, 11.31679023186111800, 0.7905603200161915900 ) ) ;
#7817 = CARTESIAN_POINT ( 'NONE',  ( 14.73587640020000600, 0.0000000000000000000, 0.0000000000000000000 ) ) ;
#7818 = LINE ( 'NONE', #1198, #4555 ) ;
#7819 = CARTESIAN_POINT ( 'NONE',  ( -12.56412585201708500, 0.0000000000000000000, 9.246769250645108700 ) ) ;
#7820 = EDGE_CURVE ( 'NONE', #4108, #9093, #4676, .T. ) ;
#7821 = APPROVAL_ROLE ( '' ) ;
#7822 = CARTESIAN_POINT ( 'NONE',  ( -16.95045816486630100, 30.00000000000000000, -12.39685314912906700 ) ) ;
#7823 = EDGE_LOOP ( 'NONE', ( #4772, #7745, #1531, #824, #1193 ) ) ;
#7824 = CARTESIAN_POINT ( 'NONE',  ( 12.69999999999996900, 15.52811978464833200, -9.023892744153249100E-014 ) ) ;
#7825 = CARTESIAN_POINT ( 'NONE',  ( -3.703005886605002400, 22.49822397585713300, 20.02349908884245300 ) ) ;
#7826 = ADVANCED_FACE ( 'NONE', ( #8053, #6530 ), #5463, .F. ) ;
#7827 = VERTEX_POINT ( 'NONE', #9169 ) ;
#7828 = FACE_OUTER_BOUND ( 'NONE', #5647, .T. ) ;
#7829 = CARTESIAN_POINT ( 'NONE',  ( 12.82664718204931400, 18.07437500000000300, -5.312971222579575300 ) ) ;
#7830 = EDGE_LOOP ( 'NONE', ( #597, #7455, #3127, #5322 ) ) ;
#7831 = CARTESIAN_POINT ( 'NONE',  ( -8.980256121069194500, 16.00436978464832900, -8.980256121069066600 ) ) ;
#7832 = CARTESIAN_POINT ( 'NONE',  ( 8.980256121069064800, 11.73063021535169900, -8.980256121069192700 ) ) ;
#7833 = CARTESIAN_POINT ( 'NONE',  ( 8.414570696119975300, 18.57125000000000300, 8.414570696119856300 ) ) ;
#7834 = CARTESIAN_POINT ( 'NONE',  ( 0.0000000000000000000, 23.09492482837286800, 0.0000000000000000000 ) ) ;
#7835 = CARTESIAN_POINT ( 'NONE',  ( 7.579319476895824100, -21.24851403046388400, 12.12474855317953300 ) ) ;
#7836 = ORIENTED_EDGE ( 'NONE', *, *, #8694, .T. ) ;
#7837 = CARTESIAN_POINT ( 'NONE',  ( 7.317451158458323100, 6.375802811646440000, 17.50207492918111600 ) ) ;
#7838 = B_SPLINE_CURVE_WITH_KNOTS ( 'NONE', 3,
 ( #614, #3560, #7239, #2747, #6520, #2841, #524, #1301, #2053, #8771 ),
 .UNSPECIFIED., .F., .F.,
 ( 4, 2, 2, 2, 4 ),
 ( 0.01369422972552734700, 0.01683520016841331300, 0.01997617061129928300, 0.02311714105418525100, 0.02625811149707122200 ),
 .UNSPECIFIED. ) ;
#7839 = DIRECTION ( 'NONE',  ( -0.0000000000000000000, 1.000000000000000000, -0.0000000000000000000 ) ) ;
#7840 = CARTESIAN_POINT ( 'NONE',  ( 0.0000000000000000000, 17.80000000000000100, 0.0000000000000000000 ) ) ;
#7841 = CARTESIAN_POINT ( 'NONE',  ( 5.260512242138205800, 11.95624478464833900, -12.70000000000000500 ) ) ;
#7842 = ORIENTED_EDGE ( 'NONE', *, *, #8943, .T. ) ;
#7843 = AXIS2_PLACEMENT_3D ( 'NONE', #960, #8330, #4622 ) ;
#7844 = DIRECTION ( 'NONE',  ( -1.000000000000000000, -0.0000000000000000000, -0.0000000000000000000 ) ) ;
#7845 = CARTESIAN_POINT ( 'NONE',  ( -7.143125246700833800E-014, 16.50750000000000700, -11.89999999999999900 ) ) ;
#7846 = CARTESIAN_POINT ( 'NONE',  ( 1.004823314737297600, -6.361392595829124200, 5.979015230789956400 ) ) ;
#7847 = EDGE_CURVE ( 'NONE', #8235, #9490, #2768, .T. ) ;
#7848 = CARTESIAN_POINT ( 'NONE',  ( 0.0000000000000000000, -9.525000000000057200, 5.400000000000002100 ) ) ;
#7849 = APPLICATION_PROTOCOL_DEFINITION ( 'international standard', 'config_control_design', 1994, #417 ) ;
#7850 = CARTESIAN_POINT ( 'NONE',  ( -12.30502237909049500, 11.30502237909054000, -0.3942538619802519700 ) ) ;
#7851 = LINE ( 'NONE', #6522, #8785 ) ;
#7852 = ORIENTED_EDGE ( 'NONE', *, *, #9382, .T. ) ;
#7853 = EDGE_CURVE ( 'NONE', #5958, #8849, #4924, .T. ) ;
#7854 = AXIS2_PLACEMENT_3D ( 'NONE', #2234, #8238, #5183 ) ;
#7856 = ORIENTED_EDGE ( 'NONE', *, *, #4124, .F. ) ;
#7855 = ORIENTED_EDGE ( 'NONE', *, *, #7095, .T. ) ;
#7857 = AXIS2_PLACEMENT_3D ( 'NONE', #5005, #9478, #4942 ) ;
#7858 = CARTESIAN_POINT ( 'NONE',  ( 4.929141392239747800, 11.14812500000002200, -11.90000000000003200 ) ) ;
#7859 = DIRECTION ( 'NONE',  ( 0.0000000000000000000, 0.0000000000000000000, 1.000000000000000000 ) ) ;
#7860 = CARTESIAN_POINT ( 'NONE',  ( -5.310316832550006100, 0.0000000000000000000, 0.0000000000000000000 ) ) ;
#7861 = PLANE ( 'NONE',  #4318 ) ;
#7862 = VECTOR ( 'NONE', #6467, 1000.000000000000100 ) ;
#7863 = CARTESIAN_POINT ( 'NONE',  ( 11.89999999999999900, 13.65000000000001500, -8.455458555545188700E-014 ) ) ;
#7864 = EDGE_LOOP ( 'NONE', ( #8200, #1349, #4246, #6933 ) ) ;
#7866 = ORIENTED_EDGE ( 'NONE', *, *, #3673, .T. ) ;
#7865 = ORIENTED_EDGE ( 'NONE', *, *, #1295, .T. ) ;
#7867 = CARTESIAN_POINT ( 'NONE',  ( -19.11692457336988900, 0.4084536829781285100, 6.593722980966679100 ) ) ;
#7868 = DATE_AND_TIME ( #156, #6699 ) ;
#7869 = VERTEX_POINT ( 'NONE', #4679 ) ;
#7870 = CARTESIAN_POINT ( 'NONE',  ( 7.899999999999999500, -3.702239058767077500, 0.0000000000000000000 ) ) ;
#7871 = EDGE_CURVE ( 'NONE', #2133, #332, #6885, .T. ) ;
#7872 = CC_DESIGN_APPROVAL ( #5251, ( #3261 ) ) ;
#7873 = ADVANCED_FACE ( 'NONE', ( #2097 ), #105, .T. ) ;
#7874 = CONICAL_SURFACE ( 'NONE', #8052, 13.41771913849730100, 1.047197551196595600 ) ;
#7875 = CARTESIAN_POINT ( 'NONE',  ( 14.29000000000000400, -10.80829037686547000, 6.257467538869049100 ) ) ;
#7876 = CARTESIAN_POINT ( 'NONE',  ( -10.99852262806237800, -7.632217764024648000E-014, 16.74926131403118000 ) ) ;
#7877 = ORIENTED_EDGE ( 'NONE', *, *, #3492, .T. ) ;
#7878 = ORIENTED_EDGE ( 'NONE', *, *, #8971, .F. ) ;
#7879 = EDGE_CURVE ( 'NONE', #5863, #7378, #4096, .T. ) ;
#7880 = CARTESIAN_POINT ( 'NONE',  ( 13.49223175810425900, -4.474969175116384200E-015, -13.67651459896006600 ) ) ;
#7881 = FACE_OUTER_BOUND ( 'NONE', #18, .T. ) ;
#7882 = CARTESIAN_POINT ( 'NONE',  ( 0.0000000000000000000, 20.63746869550590200, 0.0000000000000000000 ) ) ;
#7883 = CARTESIAN_POINT ( 'NONE',  ( -12.69999999999996700, 16.01688021535168700, 8.868362600661531000E-014 ) ) ;
#7884 = CARTESIAN_POINT ( 'NONE',  ( 5.312947559864515100, -10.12128732227252600, -13.43323898956135300 ) ) ;
#7885 = LINE ( 'NONE', #4558, #9166 ) ;
#7886 = CARTESIAN_POINT ( 'NONE',  ( 6.255353054409845000, -21.23228174283605800, -12.88914092359982900 ) ) ;
#7887 = SECURITY_CLASSIFICATION_LEVEL ( 'unclassified' ) ;
#7888 = EDGE_LOOP ( 'NONE', ( #3542, #6682, #8680, #7100 ) ) ;
#7889 = CARTESIAN_POINT ( 'NONE',  ( -15.66920801439210600, 0.6554350922083549400, 13.18827000240033900 ) ) ;
#7890 = CARTESIAN_POINT ( 'NONE',  ( 12.69999999999996900, 16.79811978464832800, -9.023892744153249100E-014 ) ) ;
#7891 = EDGE_LOOP ( 'NONE', ( #7926, #7614, #4268, #1967, #5830, #7604 ) ) ;
#7892 = FACE_OUTER_BOUND ( 'NONE', #4363, .T. ) ;
#7893 = CARTESIAN_POINT ( 'NONE',  ( 9.192421541439370100E-014, 16.40750000000001300, 12.82664718204935100 ) ) ;
#7894 = ORIENTED_EDGE ( 'NONE', *, *, #3375, .F. ) ;
#7895 = LOCAL_TIME ( 13, 59, 25.00000000000000000, #4050 ) ;
#7896 = CARTESIAN_POINT ( 'NONE',  ( -7.087157097717506500, 6.774683825530921400, 0.1555587596408454500 ) ) ;
#7897 = CARTESIAN_POINT ( 'NONE',  ( -12.94999999999999200, -11.19999999999999900, -12.94999999999999200 ) ) ;
#7898 = EDGE_LOOP ( 'NONE', ( #4853, #1016 ) ) ;
#7899 = CARTESIAN_POINT ( 'NONE',  ( 11.89999999999999900, 12.38000000000001900, -8.455458555545188700E-014 ) ) ;
#7900 = B_SPLINE_CURVE_WITH_KNOTS ( 'NONE', 3,
 ( #107, #7569, #5351, #3136, #1545, #2328, #2863, #860, #4624, #1356 ),
 .UNSPECIFIED., .F., .F.,
 ( 4, 2, 2, 2, 4 ),
 ( -1.095445854363395200E-005, 0.0002729282314195198600, 0.0005568109213826737500, 0.001124576301308976200, 0.002260107061161575700 ),
 .UNSPECIFIED. ) ;
#7901 = CARTESIAN_POINT ( 'NONE',  ( -9.000000000000005300, 0.3021515475689004500, 9.000000000000000000 ) ) ;
#7902 = ORIENTED_EDGE ( 'NONE', *, *, #1093, .F. ) ;
#7903 = FACE_OUTER_BOUND ( 'NONE', #7198, .T. ) ;
#7904 = FACE_BOUND ( 'NONE', #3989, .T. ) ;
#7905 = ORIENTED_EDGE ( 'NONE', *, *, #5244, .F. ) ;
#7906 = CARTESIAN_POINT ( 'NONE',  ( -19.25598086124321300, 22.32467817598112000, 6.975797196446050600 ) ) ;
#7907 = ORIENTED_EDGE ( 'NONE', *, *, #3478, .T. ) ;
#7908 = AXIS2_PLACEMENT_3D ( 'NONE', #7164, #4941, #1856 ) ;
#7909 = DIRECTION ( 'NONE',  ( -1.243449787580175600E-014, 0.0000000000000000000, 1.000000000000000000 ) ) ;
#7910 = ORIENTED_EDGE ( 'NONE', *, *, #1928, .T. ) ;
#7911 = CARTESIAN_POINT ( 'NONE',  ( 8.980256121069066600, 11.87686978464834000, -8.980256121069194500 ) ) ;
#7912 = EDGE_CURVE ( 'NONE', #4135, #8366, #5144, .T. ) ;
#7913 = VECTOR ( 'NONE', #4304, 1000.000000000000000 ) ;
#7914 = EDGE_CURVE ( 'NONE', #4441, #2507, #7818, .T. ) ;
#7915 = PRODUCT ( 'DV1-FMR4阀体外形图', 'DV1-FMR4阀体外形图', '', ( #6415 ) ) ;
#7916 = CIRCLE ( 'NONE', #7934, 1.000000000000000900 ) ;
#7917 = CARTESIAN_POINT ( 'NONE',  ( 8.414570696119835000, 12.33875000000001900, -8.414570696119994900 ) ) ;
#7918 = ORIENTED_EDGE ( 'NONE', *, *, #2554, .T. ) ;
#7919 = CARTESIAN_POINT ( 'NONE',  ( 5.064305753988329600, 23.46231663777918200, -18.53247282138885400 ) ) ;
#7920 = APPLICATION_PROTOCOL_DEFINITION ( 'international standard', 'config_control_design', 1994, #7684 ) ;
#7921 = DIRECTION ( 'NONE',  ( 0.0000000000000000000, 0.0000000000000000000, -1.000000000000000000 ) ) ;
#7922 = AXIS2_PLACEMENT_3D ( 'NONE', #5513, #1718, #3327 ) ;
#7923 = ORIENTED_EDGE ( 'NONE', *, *, #7853, .T. ) ;
#7924 = VERTEX_POINT ( 'NONE', #1891 ) ;
#7925 = CARTESIAN_POINT ( 'NONE',  ( 12.69999999999996900, 12.98811978464833700, -9.023892744153249100E-014 ) ) ;
#7926 = ORIENTED_EDGE ( 'NONE', *, *, #8239, .F. ) ;
#7927 = AXIS2_PLACEMENT_3D ( 'NONE', #6437, #381, #6342 ) ;
#7928 = ADVANCED_FACE ( 'NONE', ( #2812 ), #7115, .F. ) ;
#7929 = FACE_OUTER_BOUND ( 'NONE', #5189, .T. ) ;
#7930 = EDGE_CURVE ( 'NONE', #2966, #6133, #7339, .T. ) ;
#7931 = CARTESIAN_POINT ( 'NONE',  ( -9.035340417286478800E-014, 15.77250000000001200, -12.82664718204935100 ) ) ;
#7932 = CARTESIAN_POINT ( 'NONE',  ( -15.48935550387613300, 22.49822439696802700, -13.21864678629399300 ) ) ;
#7933 = AXIS2_PLACEMENT_3D ( 'NONE', #972, #1788, #3274 ) ;
#7934 = AXIS2_PLACEMENT_3D ( 'NONE', #2175, #775, #9678 ) ;
#7935 = CARTESIAN_POINT ( 'NONE',  ( 4.929141392239922800, 12.14187500000001700, 11.89999999999996300 ) ) ;
#7936 = DIRECTION ( 'NONE',  ( -0.0000000000000000000, -1.000000000000000000, -0.0000000000000000000 ) ) ;
#7937 = LINE ( 'NONE', #8483, #807 ) ;
#7938 = CARTESIAN_POINT ( 'NONE',  ( -3.409180836542811600, 22.05951822189393100, 20.37884066854108400 ) ) ;
#7939 = CARTESIAN_POINT ( 'NONE',  ( 14.43443619994192100, 23.09492482837286800, -13.43704640427926100 ) ) ;
#7940 = CARTESIAN_POINT ( 'NONE',  ( -10.99852262806237800, -7.632217764024648000E-014, 16.74926131403118000 ) ) ;
#7941 = DIRECTION ( 'NONE',  ( 0.0000000000000000000, 0.0000000000000000000, -1.000000000000000000 ) ) ;
#7942 = EDGE_LOOP ( 'NONE', ( #2181, #1781, #2729, #2835 ) ) ;
#7943 = LINE ( 'NONE', #5166, #3633 ) ;
#7944 = ORIENTED_EDGE ( 'NONE', *, *, #4752, .F. ) ;
#7945 = CARTESIAN_POINT ( 'NONE',  ( -6.455524453281854300, 11.43997482211775600, 10.66324508586184400 ) ) ;
#7946 = DIRECTION ( 'NONE',  ( -0.0000000000000000000, 0.7071067811865474600, 0.7071067811865474600 ) ) ;
#7947 = CARTESIAN_POINT ( 'NONE',  ( 8.248891971046772300, 4.762500000000010800, 17.60000000000000100 ) ) ;
#7948 = EDGE_CURVE ( 'NONE', #8789, #8131, #2326, .T. ) ;
#7949 = DATE_TIME_ROLE ( 'creation_date' ) ;
#7950 = ORIENTED_EDGE ( 'NONE', *, *, #7168, .F. ) ;
#7951 = LINE ( 'NONE', #5312, #707 ) ;
#7952 = DIRECTION ( 'NONE',  ( -0.9848077530122081300, 0.0000000000000000000, 0.1736481776669296700 ) ) ;
#7953 = DIRECTION ( 'NONE',  ( 0.0000000000000000000, 1.000000000000000000, 0.0000000000000000000 ) ) ;
#7954 = VERTEX_POINT ( 'NONE', #4060 ) ;
#7955 = CARTESIAN_POINT ( 'NONE',  ( 9.069809202314482700, 14.02625000000001700, 9.069809202314353100 ) ) ;
#7956 = EDGE_LOOP ( 'NONE', ( #5722, #7707, #1559, #7675, #1934 ) ) ;
#7957 = CARTESIAN_POINT ( 'NONE',  ( 3.586772846851115300, 0.6554350922091458600, 20.16406719884748400 ) ) ;
#7958 = DIRECTION ( 'NONE',  ( 1.000000000000000000, 0.0000000000000000000, 0.0000000000000000000 ) ) ;
#7959 = DIRECTION ( 'NONE',  ( 0.0000000000000000000, -1.000000000000000000, 0.0000000000000000000 ) ) ;
#7960 = CARTESIAN_POINT ( 'NONE',  ( 4.929141392239739800, 14.95812500000001300, -11.90000000000003800 ) ) ;
#7961 = CARTESIAN_POINT ( 'NONE',  ( 0.0000000000000000000, 0.0000000000000000000, 0.0000000000000000000 ) ) ;
#7962 = B_SPLINE_CURVE_WITH_KNOTS ( 'NONE', 3,
 ( #8373, #3901, #2131, #7347, #4394, #668, #6637, #2162, #9635, #5178, #5921, #109, #862, #6091, #1621, #6829, #6936, #7678, #4079, #3268, #6284, #276, #2438, #6195 ),
 .UNSPECIFIED., .F., .F.,
 ( 4, 2, 2, 2, 2, 2, 2, 2, 2, 2, 2, 4 ),
 ( 0.0000000000000000000, 0.002241611078382414800, 0.004483222156764829700, 0.005604027695956036900, 0.006724833235147244900, 0.008966444313529655900, 0.01008724985272086000, 0.01120805539191206700, 0.01344966647029448300, 0.01457047200948569300, 0.01569127754867690300, 0.01793288862705931900 ),
 .UNSPECIFIED. ) ;
#7963 = AXIS2_PLACEMENT_3D ( 'NONE', #1403, #560, #8065 ) ;
#7964 = EDGE_CURVE ( 'NONE', #3085, #2669, #3316, .T. ) ;
#7965 = DIRECTION ( 'NONE',  ( -1.000000000000000000, 0.0000000000000000000, -0.0000000000000000000 ) ) ;
#7966 = ORIENTED_EDGE ( 'NONE', *, *, #7543, .F. ) ;
#7967 = CARTESIAN_POINT ( 'NONE',  ( 1.561966144680487000E-014, 17.80000000000001100, 0.0000000000000000000 ) ) ;
#7968 = EDGE_CURVE ( 'NONE', #8849, #7794, #694, .T. ) ;
#7969 = EDGE_LOOP ( 'NONE', ( #7777, #6780, #8839, #2497 ) ) ;
#7970 = ADVANCED_FACE ( 'NONE', ( #1162 ), #811, .T. ) ;
#7971 = CARTESIAN_POINT ( 'NONE',  ( 14.28999999999999700, 0.0000000000000000000, -6.257467538869061500 ) ) ;
#7972 = ORIENTED_EDGE ( 'NONE', *, *, #6182, .F. ) ;
#7973 = AXIS2_PLACEMENT_3D ( 'NONE', #1280, #4136, #9411 ) ;
#7974 = CARTESIAN_POINT ( 'NONE',  ( 0.0000000000000000000, 0.0000000000000000000, 0.0000000000000000000 ) ) ;
#7975 = ORIENTED_EDGE ( 'NONE', *, *, #6790, .T. ) ;
#7976 = CIRCLE ( 'NONE', #7228, 4.549999999999999800 ) ;
#7977 = ORIENTED_EDGE ( 'NONE', *, *, #7109, .T. ) ;
#7978 = DIRECTION ( 'NONE',  ( -0.0000000000000000000, -0.0000000000000000000, -1.000000000000000000 ) ) ;
#7979 = EDGE_CURVE ( 'NONE', #6281, #8640, #1562, .T. ) ;
#7980 = CARTESIAN_POINT ( 'NONE',  ( 9.000000000000001800, -10.80000000000000600, -9.000000000000000000 ) ) ;
#7982 = ORIENTED_EDGE ( 'NONE', *, *, #2006, .T. ) ;
#7981 = ORIENTED_EDGE ( 'NONE', *, *, #433, .T. ) ;
#7983 = APPROVAL_DATE_TIME ( #7868, #4832 ) ;
#7984 = CARTESIAN_POINT ( 'NONE',  ( 0.0000000000000000000, 17.80000000000000100, 0.0000000000000000000 ) ) ;
#7985 = EDGE_CURVE ( 'NONE', #837, #509, #6233, .T. ) ;
#7986 = AXIS2_PLACEMENT_3D ( 'NONE', #3588, #7259, #2809 ) ;
#7987 = LINE ( 'NONE', #2443, #9153 ) ;
#7988 = ORIENTED_EDGE ( 'NONE', *, *, #1241, .F. ) ;
#7989 = CARTESIAN_POINT ( 'NONE',  ( 5.312971222579394100, 11.88312500000002300, -12.82664718204939000 ) ) ;
#7990 = ORIENTED_EDGE ( 'NONE', *, *, #665, .T. ) ;
#7991 = PLANE ( 'NONE',  #2148 ) ;
#7992 = DATE_AND_TIME ( #5442, #9397 ) ;
#7993 = DIRECTION ( 'NONE',  ( -0.0000000000000000000, -0.0000000000000000000, -1.000000000000000000 ) ) ;
#7994 = CARTESIAN_POINT ( 'NONE',  ( -15.66920801439211000, 22.32467817597984400, -13.18827000240032100 ) ) ;
#7995 = CARTESIAN_POINT ( 'NONE',  ( -6.440000000000000400, 0.0000000000000000000, 17.60000000000000100 ) ) ;
#7996 = DIRECTION ( 'NONE',  ( -5.062054713723247700E-019, -1.000000000000000000, -0.0000000000000000000 ) ) ;
#7997 = CARTESIAN_POINT ( 'NONE',  ( -19.21121883656434200, 2.000000000000001800, -8.481100801995060200 ) ) ;
#7998 = FACE_OUTER_BOUND ( 'NONE', #714, .T. ) ;
#7999 = DIRECTION ( 'NONE',  ( -0.7071067811865474600, -0.7071067811865474600, -0.0000000000000000000 ) ) ;
#8000 = ORIENTED_EDGE ( 'NONE', *, *, #5372, .T. ) ;
#8001 = DIRECTION ( 'NONE',  ( 1.000000000000000000, -0.0000000000000000000, -0.0000000000000000000 ) ) ;
#8002 = SECURITY_CLASSIFICATION ( '', '', #7293 ) ;
#8003 = FACE_OUTER_BOUND ( 'NONE', #2412, .T. ) ;
#8004 = VECTOR ( 'NONE', #3161, 1000.000000000000000 ) ;
#8005 = CARTESIAN_POINT ( 'NONE',  ( 16.79277516595011500, 1.764584472956121800, -12.58806400055392200 ) ) ;
#8006 = EDGE_CURVE ( 'NONE', #9472, #8104, #9341, .T. ) ;
#8007 = VERTEX_POINT ( 'NONE', #4946 ) ;
#8008 = COORDINATED_UNIVERSAL_TIME_OFFSET ( 8, 0, .AHEAD. ) ;
#8009 = CARTESIAN_POINT ( 'NONE',  ( 0.0000000000000000000, 0.0000000000000000000, 0.0000000000000000000 ) ) ;
#8010 = ORIENTED_EDGE ( 'NONE', *, *, #3149, .F. ) ;
#8011 = CARTESIAN_POINT ( 'NONE',  ( -12.69999999999996900, 16.16311978464833400, 8.868362600661534700E-014 ) ) ;
#8012 = CARTESIAN_POINT ( 'NONE',  ( 1.408343061269071100E-016, -6.440000000000000400, 4.250000000000001800 ) ) ;
#8013 = VECTOR ( 'NONE', #9105, 1000.000000000000000 ) ;
#8014 = VECTOR ( 'NONE', #6971, 999.9999999999998900 ) ;
#8015 = DIRECTION ( 'NONE',  ( 0.7071067811865487900, -0.7071067811865463500, 1.837086636568278900E-016 ) ) ;
#8016 = SECURITY_CLASSIFICATION_LEVEL ( 'unclassified' ) ;
#8017 = CARTESIAN_POINT ( 'NONE',  ( -16.95045816486629400, 20.63746869550590200, 12.39685314912908800 ) ) ;
#8018 = CARTESIAN_POINT ( 'NONE',  ( 12.94999999999999200, 8.899999999999993200, -13.44999999999999900 ) ) ;
#8019 = VERTEX_POINT ( 'NONE', #4440 ) ;
#8020 = LOCAL_TIME ( 13, 59, 25.00000000000000000, #319 ) ;
#8021 = CARTESIAN_POINT ( 'NONE',  ( 18.85404163790699900, 23.09492482837287100, 5.782065236316270800 ) ) ;
#8022 = ADVANCED_FACE ( 'NONE', ( #3626 ), #2202, .F. ) ;
#8023 = ORIENTED_EDGE ( 'NONE', *, *, #987, .F. ) ;
#8024 = ORIENTED_EDGE ( 'NONE', *, *, #2425, .F. ) ;
#8025 = FACE_OUTER_BOUND ( 'NONE', #7192, .T. ) ;
#8026 = CARTESIAN_POINT ( 'NONE',  ( 5.312971222579579800, 11.40687500000002400, 12.82664718204931200 ) ) ;
#8027 = CARTESIAN_POINT ( 'NONE',  ( 12.44999999999999900, 0.0000000000000000000, 0.0000000000000000000 ) ) ;
#8028 = CARTESIAN_POINT ( 'NONE',  ( -14.66125998552541000, 23.00404861233255400, -13.38386322969422300 ) ) ;
#8029 = DIRECTION ( 'NONE',  ( -1.000000000000000000, -0.0000000000000000000, -0.0000000000000000000 ) ) ;
#8030 = CARTESIAN_POINT ( 'NONE',  ( 0.0000000000000000000, 0.0000000000000000000, 0.0000000000000000000 ) ) ;
#8031 = CARTESIAN_POINT ( 'NONE',  ( -19.25872915271211700, 1.881848415711434800, -8.366294839037740500 ) ) ;
#8032 = VERTEX_POINT ( 'NONE', #9617 ) ;
#8033 = ORIENTED_EDGE ( 'NONE', *, *, #3044, .T. ) ;
#8034 = EDGE_LOOP ( 'NONE', ( #8598, #8768 ) ) ;
#8035 = EDGE_LOOP ( 'NONE', ( #6579, #7990, #5730, #264 ) ) ;
#8036 = DIRECTION ( 'NONE',  ( -1.000000000000000000, -0.0000000000000000000, -0.0000000000000000000 ) ) ;
#8037 = FACE_OUTER_BOUND ( 'NONE', #785, .T. ) ;
#8038 = CARTESIAN_POINT ( 'NONE',  ( 4.290575727792189700, 0.1729270260028396000, 19.35589156671039700 ) ) ;
#8039 = CIRCLE ( 'NONE', #666, 3.200000000000000200 ) ;
#8040 = AXIS2_PLACEMENT_3D ( 'NONE', #9622, #5165, #5201 ) ;
#8041 = DIRECTION ( 'NONE',  ( 1.000000000000000000, 0.0000000000000000000, 0.0000000000000000000 ) ) ;
#8042 = CARTESIAN_POINT ( 'NONE',  ( 13.99999999999999800, -3.702239058767077500, 0.0000000000000000000 ) ) ;
#8043 = EDGE_CURVE ( 'NONE', #7357, #8032, #5841, .T. ) ;
#8044 = FACE_OUTER_BOUND ( 'NONE', #9414, .T. ) ;
#8045 = CARTESIAN_POINT ( 'NONE',  ( -5.743329534442226600, 0.0000000000000000000, 0.0000000000000000000 ) ) ;
#8046 = DIRECTION ( 'NONE',  ( 0.0000000000000000000, 0.0000000000000000000, 1.000000000000000000 ) ) ;
#8047 = AXIS2_PLACEMENT_3D ( 'NONE', #5275, #9639, #9673 ) ;
#8048 = CIRCLE ( 'NONE', #1355, 7.900000000000002100 ) ;
#8049 = CARTESIAN_POINT ( 'NONE',  ( 7.785019181119685600, 10.98497390865483000, 9.127642572809712400 ) ) ;
#8050 = CARTESIAN_POINT ( 'NONE',  ( -2.260760671697823500, 2.000000000000001800, -20.87795395112465600 ) ) ;
#8051 = APPROVAL_STATUS ( 'not_yet_approved' ) ;
#8052 = AXIS2_PLACEMENT_3D ( 'NONE', #6029, #145, #2239 ) ;
#8053 = FACE_BOUND ( 'NONE', #4313, .T. ) ;
#8054 = CARTESIAN_POINT ( 'NONE',  ( 12.82664718204939200, 12.83562500000001800, 5.312971222579391500 ) ) ;
#8055 = CARTESIAN_POINT ( 'NONE',  ( 11.89999999999999900, 11.11000000000001900, -1.472344940069727500E-013 ) ) ;
#8056 = CARTESIAN_POINT ( 'NONE',  ( 12.39686533479526500, 11.39686533479527100, -1.377380915777455700E-011 ) ) ;
#8057 = EDGE_LOOP ( 'NONE', ( #7677, #6891, #8677 ) ) ;
#8058 = CARTESIAN_POINT ( 'NONE',  ( -5.499261314031233600, 9.524999999999979000, 16.74926131403118000 ) ) ;
#8059 = DIRECTION ( 'NONE',  ( -0.0000000000000000000, -0.0000000000000000000, -1.000000000000000000 ) ) ;
#8060 = EDGE_CURVE ( 'NONE', #8668, #1203, #6641, .T. ) ;
#8061 = CC_DESIGN_PERSON_AND_ORGANIZATION_ASSIGNMENT ( #6377, #6442, ( #6534 ) ) ;
#8062 = CARTESIAN_POINT ( 'NONE',  ( 16.95045816486669600, 2.000000000000001800, 12.39685314912946800 ) ) ;
#8063 = ORIENTED_EDGE ( 'NONE', *, *, #6613, .T. ) ;
#8064 = LINE ( 'NONE', #6854, #6083 ) ;
#8065 = DIRECTION ( 'NONE',  ( 1.000000000000000000, 0.0000000000000000000, 0.0000000000000000000 ) ) ;
#8066 = ORIENTED_EDGE ( 'NONE', *, *, #3780, .T. ) ;
#8067 = DIRECTION ( 'NONE',  ( 0.0000000000000000000, 0.0000000000000000000, -1.000000000000000000 ) ) ;
#8068 = ORIENTED_EDGE ( 'NONE', *, *, #4700, .F. ) ;
#8069 = ADVANCED_FACE ( 'NONE', ( #8863 ), #1394, .T. ) ;
#8070 = CARTESIAN_POINT ( 'NONE',  ( -13.44999999999999900, -10.69999999999999400, 0.0000000000000000000 ) ) ;
#8071 = DIRECTION ( 'NONE',  ( -1.000000000000000000, 0.0000000000000000000, 0.0000000000000000000 ) ) ;
#8072 = CARTESIAN_POINT ( 'NONE',  ( -12.82664718204939000, 21.09062500000000300, -5.312971222579394100 ) ) ;
#8073 = EDGE_LOOP ( 'NONE', ( #3524, #2145, #4864, #5111 ) ) ;
#8074 = CARTESIAN_POINT ( 'NONE',  ( -8.947569504916664600, -21.16646964535334500, -11.33478903118297900 ) ) ;
#8075 = DIRECTION ( 'NONE',  ( 1.000000000000000000, -0.0000000000000000000, -0.0000000000000000000 ) ) ;
#8076 = DIRECTION ( 'NONE',  ( -0.0000000000000000000, 1.000000000000000000, -0.0000000000000000000 ) ) ;
#8077 = CARTESIAN_POINT ( 'NONE',  ( -10.85465439984741400, 0.0000000000000000000, 0.0000000000000000000 ) ) ;
#8078 = CARTESIAN_POINT ( 'NONE',  ( 0.0000000000000000000, 0.0000000000000000000, 17.60000000000000100 ) ) ;
#8079 = SECURITY_CLASSIFICATION_LEVEL ( 'unclassified' ) ;
#8080 = CARTESIAN_POINT ( 'NONE',  ( -11.90000000000004800, 12.73562500000001800, -4.929141392239714000 ) ) ;
#8081 = CARTESIAN_POINT ( 'NONE',  ( 2.586341901255702100, 11.08047929050093200, -11.80697615235839000 ) ) ;
#8082 = VERTEX_POINT ( 'NONE', #2745 ) ;
#8083 = CARTESIAN_POINT ( 'NONE',  ( -5.820198568732172000, 17.51273068028979900, -10.71617673635228300 ) ) ;
#8084 = B_SPLINE_CURVE_WITH_KNOTS ( 'NONE', 3,
 ( #1834, #1176, #7723, #4122, #7016, #4846, #338, #5623, #1048, #7045, #2580, #8522, #2650, #3309 ),
 .UNSPECIFIED., .F., .F.,
 ( 4, 2, 2, 2, 2, 2, 4 ),
 ( 5.439140883532335500E-007, 0.002998086993938183100, 0.004496858533863099800, 0.005995630073788015700, 0.007494401613712928900, 0.008993173153637843900, 0.01199071623348767000 ),
 .UNSPECIFIED. ) ;
#8085 = CARTESIAN_POINT ( 'NONE',  ( 5.099458686142076800, 3.975407965780205400E-016, -18.52161413992174800 ) ) ;
#8086 = CARTESIAN_POINT ( 'NONE',  ( 0.0000000000000000000, 0.0000000000000000000, 0.0000000000000000000 ) ) ;
#8087 = CARTESIAN_POINT ( 'NONE',  ( 0.0000000000000000000, 0.0000000000000000000, 15.35253755750896700 ) ) ;
#8088 = CARTESIAN_POINT ( 'NONE',  ( 4.929141392239933400, 14.48187500000001500, 11.89999999999995800 ) ) ;
#8089 = CIRCLE ( 'NONE', #3378, 2.299999999999996700 ) ;
#8090 = CLOSED_SHELL ( 'NONE', ( #5141, #2217, #3866, #4918, #6045, #4402, #1169, #8518, #2544, #6447, #9116, #731, #244, #7928, #5, #9345, #6731, #8291, #806, #9529, #9442, #6403, #8022, #1123, #3722, #8467, #5864, #8981, #6640, #8258, #7516, #8750, #5397, #2299, #3244, #5184, #7136, #5276, #7650, #4074, #3765, #88, #3569, #1211, #3820, #4319, #4167, #8936, #7364, #7328, #716, #3709, #7718, #825, #3163, #5968, #19, #9244, #3393, #7826, #197, #1584, #5719, #3022, #4705, #4765, #3625, #8271, #133, #345, #4476, #7276, #6072, #6847, #1031, #5678, #1953, #6689, #979, #2794, #930, #3886, #8558, #9579, #2836, #1561, #4446, #8151, #4958, #4602, #6308, #8205, #7493, #3754, #4352, #6592, #3288, #9393, #4554, #7615, #7183, #577, #4507, #6011, #3525, #2389, #7039, #34, #8313, #8888, #6745, #9204, #6146, #3434, #2645, #5827 ) ) ;
#8091 = DIRECTION ( 'NONE',  ( 1.000000000000000000, -0.0000000000000000000, -0.0000000000000000000 ) ) ;
#8092 = AXIS2_PLACEMENT_3D ( 'NONE', #857, #8272, #134 ) ;
#8094 = VERTEX_POINT ( 'NONE', #2944 ) ;
#8093 = ORIENTED_EDGE ( 'NONE', *, *, #2046, .T. ) ;
#8095 = EDGE_CURVE ( 'NONE', #730, #1789, #931, .T. ) ;
#8096 = DIRECTION ( 'NONE',  ( 0.0000000000000000000, 0.0000000000000000000, 1.000000000000000000 ) ) ;
#8097 = EDGE_CURVE ( 'NONE', #5621, #2298, #8399, .T. ) ;
#8098 = CARTESIAN_POINT ( 'NONE',  ( 4.764252548586914500, 0.03066562301167210400, 18.85352584841413300 ) ) ;
#8099 = VECTOR ( 'NONE', #1092, 1000.000000000000000 ) ;
#8100 = VERTEX_POINT ( 'NONE', #7237 ) ;
#8101 = PLANE ( 'NONE',  #8286 ) ;
#8102 = VERTEX_POINT ( 'NONE', #8214 ) ;
#8103 = CARTESIAN_POINT ( 'NONE',  ( 1.738998454789241500E-015, 0.0000000000000000000, -14.19999999999999900 ) ) ;
#8104 = VERTEX_POINT ( 'NONE', #2208 ) ;
#8105 = CALENDAR_DATE ( 2023, 6, 9 ) ;
#8106 = AXIS2_PLACEMENT_3D ( 'NONE', #4776, #3979, #5518 ) ;
#8107 = AXIS2_PLACEMENT_3D ( 'NONE', #9562, #6558, #8067 ) ;
#8108 = CARTESIAN_POINT ( 'NONE',  ( -13.25465439984741100, 3.663211964021983200E-016, -2.991239569296595800 ) ) ;
#8109 = CARTESIAN_POINT ( 'NONE',  ( -15.33612881583133000, 30.00000000000000000, 11.21620046825959000 ) ) ;
#8110 = LINE ( 'NONE', #4438, #4152 ) ;
#8111 = EDGE_CURVE ( 'NONE', #3140, #9385, #2919, .T. ) ;
#8112 = PERSON_AND_ORGANIZATION_ROLE ( 'creator' ) ;
#8113 = ORIENTED_EDGE ( 'NONE', *, *, #4146, .T. ) ;
#8114 = CARTESIAN_POINT ( 'NONE',  ( -9.781910693791250100, 11.22556321864436200, -7.376128657320821300 ) ) ;
#8115 = ORIENTED_EDGE ( 'NONE', *, *, #6410, .T. ) ;
#8116 = CARTESIAN_POINT ( 'NONE',  ( -11.89999999999996800, 15.63437500000000900, 4.929141392239910300 ) ) ;
#8117 = EDGE_CURVE ( 'NONE', #730, #4389, #7565, .T. ) ;
#8118 = EDGE_CURVE ( 'NONE', #4132, #3776, #4810, .T. ) ;
#8119 = AXIS2_PLACEMENT_3D ( 'NONE', #6279, #1809, #2561 ) ;
#8120 = ADVANCED_FACE ( 'NONE', ( #2568 ), #8525, .T. ) ;
#8121 = LINE ( 'NONE', #7870, #8813 ) ;
#8122 = CARTESIAN_POINT ( 'NONE',  ( 5.445065917668520300, 0.0000000000000000000, -18.20305625855847600 ) ) ;
#8123 = ORIENTED_EDGE ( 'NONE', *, *, #8097, .F. ) ;
#8124 = CARTESIAN_POINT ( 'NONE',  ( -11.29999999999996900, 17.80000000000002200, 0.0000000000000000000 ) ) ;
#8125 = CARTESIAN_POINT ( 'NONE',  ( 15.66920801439250800, 30.00000000000000000, 13.18827000240093900 ) ) ;
#8126 = CARTESIAN_POINT ( 'NONE',  ( 19.35738086349208900, 1.531211799768169800, -8.007526804629968400 ) ) ;
#8127 = ORIENTED_EDGE ( 'NONE', *, *, #1948, .T. ) ;
#8128 = PLANE ( 'NONE',  #9362 ) ;
#8129 = CIRCLE ( 'NONE', #919, 9.525000000000000400 ) ;
#8130 = CARTESIAN_POINT ( 'NONE',  ( 12.27635182233308000, 0.0000000000000000000, 0.0000000000000000000 ) ) ;
#8131 = VERTEX_POINT ( 'NONE', #8283 ) ;
#8132 = DATE_AND_TIME ( #3703, #5695 ) ;
#8133 = DIRECTION ( 'NONE',  ( 0.0000000000000000000, -1.000000000000000000, 0.0000000000000000000 ) ) ;
#8134 = ORIENTED_EDGE ( 'NONE', *, *, #773, .T. ) ;
#8135 = CARTESIAN_POINT ( 'NONE',  ( 8.980256121069064800, 14.27063021535169400, -8.980256121069192700 ) ) ;
#8136 = EDGE_LOOP ( 'NONE', ( #3012, #6016, #648, #2368 ) ) ;
#8137 = DIRECTION ( 'NONE',  ( 0.0000000000000000000, 0.0000000000000000000, 1.000000000000000000 ) ) ;
#8138 = CARTESIAN_POINT ( 'NONE',  ( 19.18834922387476600, 0.5172554916224091400, -6.794070481989674400 ) ) ;
#8139 = ORIENTED_EDGE ( 'NONE', *, *, #7655, .T. ) ;
#8140 = CARTESIAN_POINT ( 'NONE',  ( -12.82664718204935100, 16.09000000000001100, 8.956799855210032000E-014 ) ) ;
#8141 = CYLINDRICAL_SURFACE ( 'NONE', #1975, 13.99999999999999800 ) ;
#8142 = CIRCLE ( 'NONE', #789, 3.199999999999999300 ) ;
#8143 = EDGE_CURVE ( 'NONE', #5794, #2723, #352, .T. ) ;
#8144 =( BOUNDED_CURVE ( )  B_SPLINE_CURVE ( 2, ( #4681, #7801, #4818, #6301, #8582, #9306, #3412, #5624, #4195 ),
 .UNSPECIFIED., .F., .F. ) 
 B_SPLINE_CURVE_WITH_KNOTS ( ( 3, 2, 2, 2, 3 ),
 ( 0.5625000000000000000, 0.5781250000000000000, 0.5937500000000000000, 0.6093750000000000000, 0.6250000000000000000 ),
 .UNSPECIFIED. ) 
 CURVE ( )  GEOMETRIC_REPRESENTATION_ITEM ( )  RATIONAL_B_SPLINE_CURVE ( ( 1.000000000000000000, 0.9238795325112867400, 1.000000000000000000, 0.9238795325112867400, 1.000000000000000000, 0.9238795325112867400, 1.000000000000000000, 0.9238795325112867400, 1.000000000000000000 ) ) 
 REPRESENTATION_ITEM ( '' )  );
#8145 = VERTEX_POINT ( 'NONE', #6101 ) ;
#8146 = ORIENTED_EDGE ( 'NONE', *, *, #2616, .F. ) ;
#8147 = CARTESIAN_POINT ( 'NONE',  ( 6.896048118916377600, 11.02892373052674000, -9.863916862364643400 ) ) ;
#8148 = FACE_OUTER_BOUND ( 'NONE', #1250, .T. ) ;
#8149 = ORIENTED_EDGE ( 'NONE', *, *, #79, .F. ) ;
#8150 = LINE ( 'NONE', #7897, #9325 ) ;
#8151 = ADVANCED_FACE ( 'NONE', ( #8284 ), #8310, .T. ) ;
#8152 = ORIENTED_EDGE ( 'NONE', *, *, #537, .T. ) ;
#8153 = AXIS2_PLACEMENT_3D ( 'NONE', #8130, #5048, #688 ) ;
#8154 = CARTESIAN_POINT ( 'NONE',  ( -2.260760671697823500, 2.000000000000001800, -20.87795395112465600 ) ) ;
#8155 = DIRECTION ( 'NONE',  ( 8.881784197001252300E-016, 0.0000000000000000000, 1.000000000000000000 ) ) ;
#8156 = ORIENTED_EDGE ( 'NONE', *, *, #9285, .T. ) ;
#8157 = VERTEX_POINT ( 'NONE', #4599 ) ;
#8158 = EDGE_CURVE ( 'NONE', #4467, #7721, #578, .T. ) ;
#8159 = VECTOR ( 'NONE', #2555, 1000.000000000000000 ) ;
#8160 = AXIS2_PLACEMENT_3D ( 'NONE', #9499, #2189, #7397 ) ;
#8161 = DIRECTION ( 'NONE',  ( 1.000000000000000000, -8.462065736472224900E-016, 0.0000000000000000000 ) ) ;
#8162 = ADVANCED_FACE ( 'NONE', ( #9564 ), #3402, .T. ) ;
#8163 = CARTESIAN_POINT ( 'NONE',  ( -12.70000000000000300, 14.66750521535169200, -5.260512242138205800 ) ) ;
#8164 = AXIS2_PLACEMENT_3D ( 'NONE', #6165, #4044, #2506 ) ;
#8165 = DIRECTION ( 'NONE',  ( 0.0000000000000000000, 0.0000000000000000000, 1.000000000000000000 ) ) ;
#8166 = CARTESIAN_POINT ( 'NONE',  ( 0.01810752359709590800, 1.042832680730700500, 2.050000000000001200 ) ) ;
#8167 = CARTESIAN_POINT ( 'NONE',  ( -6.216747625905290100, -10.05294454034874400, 12.91142977813912100 ) ) ;
#8168 = LINE ( 'NONE', #3075, #4330 ) ;
#8169 = CARTESIAN_POINT ( 'NONE',  ( -12.82664718204935100, 18.63000000000000600, 8.956799855210032000E-014 ) ) ;
#8170 = EDGE_CURVE ( 'NONE', #6435, #2013, #8168, .T. ) ;
#8171 = DIRECTION ( 'NONE',  ( -0.0000000000000000000, -0.0000000000000000000, -1.000000000000000000 ) ) ;
#8172 = DIRECTION ( 'NONE',  ( 0.0000000000000000000, -1.000000000000000000, 0.0000000000000000000 ) ) ;
#8173 = EDGE_CURVE ( 'NONE', #6119, #9528, #8633, .T. ) ;
#8174 = AXIS2_PLACEMENT_3D ( 'NONE', #6450, #1993, #7958 ) ;
#8175 = ORIENTED_EDGE ( 'NONE', *, *, #8424, .T. ) ;
#8176 = ADVANCED_FACE ( 'NONE', ( #5381 ), #2685, .T. ) ;
#8177 = LINE ( 'NONE', #657, #1759 ) ;
#8178 = CARTESIAN_POINT ( 'NONE',  ( 2.332295471196621900, 9.525000000000011000, 17.44325433951787100 ) ) ;
#8179 = DIRECTION ( 'NONE',  ( 1.000000000000000000, 0.0000000000000000000, 0.0000000000000000000 ) ) ;
#8180 = CARTESIAN_POINT ( 'NONE',  ( 1.151658749357196400E-013, 15.87250000000001100, 11.89999999999999900 ) ) ;
#8181 = VERTEX_POINT ( 'NONE', #3818 ) ;
#8182 = DIRECTION ( 'NONE',  ( -0.0000000000000000000, -1.000000000000000000, -0.0000000000000000000 ) ) ;
#8183 = ORIENTED_EDGE ( 'NONE', *, *, #490, .T. ) ;
#8184 = CIRCLE ( 'NONE', #2206, 13.99999999999999600 ) ;
#8185 = DIRECTION ( 'NONE',  ( -8.775090700452169200E-016, -1.000000000000000000, -0.0000000000000000000 ) ) ;
#8186 = CC_DESIGN_DATE_AND_TIME_ASSIGNMENT ( #9503, #2806, ( #7181 ) ) ;
#8187 = CARTESIAN_POINT ( 'NONE',  ( -13.25465439984741100, 0.0000000000000000000, 0.0000000000000000000 ) ) ;
#8188 = CARTESIAN_POINT ( 'NONE',  ( -15.93783953840742200, 0.8600894067043801700, 13.12811687775846500 ) ) ;
#8189 = DIRECTION ( 'NONE',  ( -0.0000000000000000000, -0.0000000000000000000, -1.000000000000000000 ) ) ;
#8190 = EDGE_CURVE ( 'NONE', #2837, #27, #467, .T. ) ;
#8191 = ORIENTED_EDGE ( 'NONE', *, *, #237, .F. ) ;
#8192 = CARTESIAN_POINT ( 'NONE',  ( 4.929141392239747800, 18.76812500000000100, -11.90000000000003200 ) ) ;
#8193 = CARTESIAN_POINT ( 'NONE',  ( 2.383940767323546400, 1.881848360786887200, 20.86169610146849600 ) ) ;
#8194 = ADVANCED_FACE ( 'NONE', ( #6413 ), #7005, .F. ) ;
#8195 = CARTESIAN_POINT ( 'NONE',  ( 8.414570696119842100, 16.34875000000001000, -8.414570696119989500 ) ) ;
#8196 = CARTESIAN_POINT ( 'NONE',  ( 12.82664718204931400, 16.80437500000001100, -5.312971222579575300 ) ) ;
#8197 = DIRECTION ( 'NONE',  ( 0.0000000000000000000, 0.0000000000000000000, 1.000000000000000000 ) ) ;
#8198 = EDGE_LOOP ( 'NONE', ( #8881, #3884, #3343, #3003, #6649, #6114 ) ) ;
#8199 = DIRECTION ( 'NONE',  ( 1.000000000000000000, 0.0000000000000000000, 0.0000000000000000000 ) ) ;
#8200 = ORIENTED_EDGE ( 'NONE', *, *, #6141, .F. ) ;
#8201 = ORIENTED_EDGE ( 'NONE', *, *, #5392, .T. ) ;
#8202 = DIRECTION ( 'NONE',  ( -1.000000000000000000, -0.0000000000000000000, -0.0000000000000000000 ) ) ;
#8203 = DIRECTION ( 'NONE',  ( 1.000000000000000000, 0.0000000000000000000, 0.0000000000000000000 ) ) ;
#8204 = VERTEX_POINT ( 'NONE', #6004 ) ;
#8205 = ADVANCED_FACE ( 'NONE', ( #4437 ), #6805, .F. ) ;
#8206 = VECTOR ( 'NONE', #3359, 1000.000000000000000 ) ;
#8207 = ORIENTED_EDGE ( 'NONE', *, *, #8452, .F. ) ;
#8208 = CARTESIAN_POINT ( 'NONE',  ( 9.069809202314482700, 10.21625000000002400, 9.069809202314353100 ) ) ;
#8210 = VERTEX_POINT ( 'NONE', #3040 ) ;
#8209 = VERTEX_POINT ( 'NONE', #6883 ) ;
#8211 = LOCAL_TIME ( 13, 59, 25.00000000000000000, #5658 ) ;
#8212 = AXIS2_PLACEMENT_3D ( 'NONE', #564, #4267, #6528 ) ;
#8213 = LINE ( 'NONE', #2805, #2028 ) ;
#8214 = CARTESIAN_POINT ( 'NONE',  ( 8.999999999999998200, 0.3021515475689004500, -9.000000000000000000 ) ) ;
#8215 = AXIS2_PLACEMENT_3D ( 'NONE', #9612, #2084, #8155 ) ;
#8216 = VERTEX_POINT ( 'NONE', #8252 ) ;
#8217 = ADVANCED_FACE ( 'NONE', ( #1052 ), #6766, .T. ) ;
#8218 = EDGE_CURVE ( 'NONE', #2706, #8789, #3043, .T. ) ;
#8219 = DIRECTION ( 'NONE',  ( -1.000000000000000000, 0.0000000000000000000, 0.0000000000000000000 ) ) ;
#8220 = ORIENTED_EDGE ( 'NONE', *, *, #1822, .T. ) ;
#8221 = DATE_AND_TIME ( #9619, #4739 ) ;
#8222 = CARTESIAN_POINT ( 'NONE',  ( 0.0000000000000000000, 24.81915204428899500, 0.0000000000000000000 ) ) ;
#8223 = VECTOR ( 'NONE', #2212, 1000.000000000000100 ) ;
#8224 = DIRECTION ( 'NONE',  ( 0.0000000000000000000, 1.000000000000000000, 0.0000000000000000000 ) ) ;
#8225 = DIRECTION ( 'NONE',  ( -1.507912601349432600E-032, 1.224646799147353200E-016, 1.000000000000000000 ) ) ;
#8226 = FACE_OUTER_BOUND ( 'NONE', #9388, .T. ) ;
#8227 = CARTESIAN_POINT ( 'NONE',  ( 9.069809202314482700, 17.83625000000000700, 9.069809202314353100 ) ) ;
#8228 = AXIS2_PLACEMENT_3D ( 'NONE', #9446, #2694, #4991 ) ;
#8229 = CARTESIAN_POINT ( 'NONE',  ( -5.743329534442226600, 0.0000000000000000000, 0.0000000000000000000 ) ) ;
#8230 = EDGE_CURVE ( 'NONE', #1697, #123, #1281, .T. ) ;
#8231 = LINE ( 'NONE', #8269, #7184 ) ;
#8232 = DIRECTION ( 'NONE',  ( 0.0000000000000000000, 0.0000000000000000000, -1.000000000000000000 ) ) ;
#8233 = CIRCLE ( 'NONE', #5103, 7.060900368822721000 ) ;
#8234 = DIRECTION ( 'NONE',  ( 0.7071067811865474600, 0.0000000000000000000, 0.7071067811865474600 ) ) ;
#8235 = VERTEX_POINT ( 'NONE', #8517 ) ;
#8236 = DIRECTION ( 'NONE',  ( 1.000000000000000000, 0.0000000000000000000, -1.224646799147353200E-016 ) ) ;
#8237 = APPROVAL_DATE_TIME ( #53, #375 ) ;
#8238 = DIRECTION ( 'NONE',  ( -0.0000000000000000000, -0.0000000000000000000, -1.000000000000000000 ) ) ;
#8239 = EDGE_CURVE ( 'NONE', #8364, #6281, #6009, .T. ) ;
#8240 = CC_DESIGN_SECURITY_CLASSIFICATION ( #6369, ( #6249 ) ) ;
#8241 = ORIENTED_EDGE ( 'NONE', *, *, #8111, .T. ) ;
#8242 = ADVANCED_FACE ( 'NONE', ( #4211, #3154 ), #1015, .F. ) ;
#8243 = CIRCLE ( 'NONE', #5917, 17.25827764747206300 ) ;
#8244 = LINE ( 'NONE', #3730, #885 ) ;
#8245 = B_SPLINE_CURVE_WITH_KNOTS ( 'NONE', 3,
 ( #5600, #1806, #2623, #7808, #2557, #7835, #4892, #6993, #398, #5628, #7763, #7730 ),
 .UNSPECIFIED., .F., .F.,
 ( 4, 2, 2, 2, 2, 4 ),
 ( 2.344180752249643900E-007, 0.003137532069197810800, 0.006274829720320396200, 0.007843478545881689800, 0.009412127371442983300, 0.01254942502256556300 ),
 .UNSPECIFIED. ) ;
#8246 = CARTESIAN_POINT ( 'NONE',  ( -6.928501258266602600, 24.08264467504847800, -16.95517651385416300 ) ) ;
#8247 = DIRECTION ( 'NONE',  ( -1.000000000000000000, 0.0000000000000000000, 0.0000000000000000000 ) ) ;
#8248 = ORIENTED_EDGE ( 'NONE', *, *, #7662, .F. ) ;
#8249 = LOCAL_TIME ( 13, 59, 25.00000000000000000, #4522 ) ;
#8250 = CARTESIAN_POINT ( 'NONE',  ( 0.7080109050740722700, 6.401849294338797200, 6.318474458346654100 ) ) ;
#8251 = CARTESIAN_POINT ( 'NONE',  ( -11.90000000000004500, 15.27562500000001200, -4.929141392239719400 ) ) ;
#8252 = CARTESIAN_POINT ( 'NONE',  ( -2.260760671697823500, 20.63746869550590200, -20.87795395112465600 ) ) ;
#8253 = ORIENTED_EDGE ( 'NONE', *, *, #3128, .F. ) ;
#8254 = EDGE_LOOP ( 'NONE', ( #5429, #5475, #8535 ) ) ;
#8255 = CARTESIAN_POINT ( 'NONE',  ( -11.09999999999996900, 17.60000000000002300, 1.359357947053560200E-015 ) ) ;
#8256 = CONICAL_SURFACE ( 'NONE', #8040, 13.41771913849730100, 1.047197551196595600 ) ;
#8257 = CARTESIAN_POINT ( 'NONE',  ( -8.414570696119854500, 19.32375000000000400, 8.414570696119975300 ) ) ;
#8258 = ADVANCED_FACE ( 'NONE', ( #3616 ), #9335, .F. ) ;
#8259 = DIRECTION ( 'NONE',  ( 0.0000000000000000000, 0.0000000000000000000, -1.000000000000000000 ) ) ;
#8260 = DIRECTION ( 'NONE',  ( 0.0000000000000000000, -0.5150380749100547100, -0.8571673007021120000 ) ) ;
#8261 = CARTESIAN_POINT ( 'NONE',  ( -7.143125246700833800E-014, 16.50750000000000700, -11.89999999999999900 ) ) ;
#8262 = B_SPLINE_CURVE_WITH_KNOTS ( 'NONE', 3,
 ( #1903, #3324, #1777, #4076, #9280, #4828, #9319, #4901 ),
 .UNSPECIFIED., .F., .F.,
 ( 4, 2, 2, 4 ),
 ( 0.01559295432052767000, 0.01698526139227517900, 0.01837756846402268900, 0.02116218260751770800 ),
 .UNSPECIFIED. ) ;
#8263 = ORIENTED_EDGE ( 'NONE', *, *, #2971, .T. ) ;
#8264 = CARTESIAN_POINT ( 'NONE',  ( 5.312971222579394100, 19.50312500000000400, -12.82664718204939000 ) ) ;
#8265 = ORIENTED_EDGE ( 'NONE', *, *, #5960, .F. ) ;
#8266 = LINE ( 'NONE', #4585, #7913 ) ;
#8267 = CARTESIAN_POINT ( 'NONE',  ( 5.947941525219548000, -8.747863077871150100, 0.5916930452590308800 ) ) ;
#8268 = DIRECTION ( 'NONE',  ( -0.0000000000000000000, -1.000000000000000000, -0.0000000000000000000 ) ) ;
#8269 = CARTESIAN_POINT ( 'NONE',  ( -13.99999999999999800, 4.163799117101000600E-016, 3.399999999999999900 ) ) ;
#8270 = FACE_OUTER_BOUND ( 'NONE', #1214, .T. ) ;
#8271 = ADVANCED_FACE ( 'NONE', ( #9216 ), #3394, .F. ) ;
#8272 = DIRECTION ( 'NONE',  ( -0.0000000000000000000, -1.000000000000000000, -0.0000000000000000000 ) ) ;
#8273 = VERTEX_POINT ( 'NONE', #1791 ) ;
#8274 = VECTOR ( 'NONE', #1694, 1000.000000000000000 ) ;
#8275 = AXIS2_PLACEMENT_3D ( 'NONE', #7361, #4348, #7390 ) ;
#8276 = CARTESIAN_POINT ( 'NONE',  ( 18.14786421578070000, 24.08264467504821100, 2.477330157115397800 ) ) ;
#8277 = CARTESIAN_POINT ( 'NONE',  ( 11.10000000000000000, 17.60000000000000100, 0.0000000000000000000 ) ) ;
#8278 = EDGE_CURVE ( 'NONE', #6376, #5599, #5033, .T. ) ;
#8279 = DIRECTION ( 'NONE',  ( 0.0000000000000000000, 0.0000000000000000000, 1.000000000000000000 ) ) ;
#8280 = CARTESIAN_POINT ( 'NONE',  ( -13.65465439984741300, 0.0000000000000000000, 0.0000000000000000000 ) ) ;
#8281 = CARTESIAN_POINT ( 'NONE',  ( -19.11793739797781600, 0.4098619297411855200, -6.596642446104440600 ) ) ;
#8282 = EDGE_CURVE ( 'NONE', #953, #4283, #5836, .T. ) ;
#8283 = CARTESIAN_POINT ( 'NONE',  ( 13.44999999999999900, 8.899999999999993200, 12.94999999999999200 ) ) ;
#8284 = FACE_OUTER_BOUND ( 'NONE', #6913, .T. ) ;
#8285 = CARTESIAN_POINT ( 'NONE',  ( 0.6234906454368555100, 1.080989911649919300, 1.957262664710609900 ) ) ;
#8286 = AXIS2_PLACEMENT_3D ( 'NONE', #6594, #5881, #3637 ) ;
#8287 = ORIENTED_EDGE ( 'NONE', *, *, #7655, .F. ) ;
#8288 = CARTESIAN_POINT ( 'NONE',  ( -11.89999999999999900, 16.62500000000000700, 8.309725586446656100E-014 ) ) ;
#8289 = PRODUCT_DEFINITION_SHAPE ( 'NONE', 'NONE',  #557 ) ;
#8290 = AXIS2_PLACEMENT_3D ( 'NONE', #8853, #2831, #6566 ) ;
#8291 = ADVANCED_FACE ( 'NONE', ( #4548 ), #9560, .F. ) ;
#8292 = CARTESIAN_POINT ( 'NONE',  ( 4.929141392239929900, 15.95187500000001400, 11.89999999999995900 ) ) ;
#8293 = CARTESIAN_POINT ( 'NONE',  ( 12.82664718204935100, 11.64500000000001900, -9.113880979362923200E-014 ) ) ;
#8294 = EDGE_CURVE ( 'NONE', #2898, #2530, #7937, .T. ) ;
#8295 = ORIENTED_EDGE ( 'NONE', *, *, #7146, .T. ) ;
#8296 = LINE ( 'NONE', #5985, #3744 ) ;
#8297 = DIRECTION ( 'NONE',  ( -1.000000000000000000, 0.0000000000000000000, 0.0000000000000000000 ) ) ;
#8298 = ORIENTED_EDGE ( 'NONE', *, *, #4987, .F. ) ;
#8299 = EDGE_CURVE ( 'NONE', #9042, #6846, #7526, .T. ) ;
#8300 = DIRECTION ( 'NONE',  ( -5.062054713723247700E-019, -1.000000000000000000, -0.0000000000000000000 ) ) ;
#8301 = ORIENTED_EDGE ( 'NONE', *, *, #7130, .T. ) ;
#8302 = CARTESIAN_POINT ( 'NONE',  ( -3.688409626074404800, -9.525000000000037700, 17.22406855347233900 ) ) ;
#8303 = CARTESIAN_POINT ( 'NONE',  ( 17.99993722559617000, 24.29988525591097900, 0.4955963496776758500 ) ) ;
#8304 = CARTESIAN_POINT ( 'NONE',  ( 0.0000000000000000000, 0.0000000000000000000, 0.0000000000000000000 ) ) ;
#8305 = CARTESIAN_POINT ( 'NONE',  ( 4.260135241695846500, 23.00404842813291900, 19.38895555806105600 ) ) ;
#8306 = ORIENTED_EDGE ( 'NONE', *, *, #6968, .T. ) ;
#8307 = CC_DESIGN_APPROVAL ( #6196, ( #6497 ) ) ;
#8308 = CARTESIAN_POINT ( 'NONE',  ( -19.25598086124352900, 0.6554350922087192100, -6.975797196446231800 ) ) ;
#8309 = CARTESIAN_POINT ( 'NONE',  ( -1.119602143887779500, 6.342198096205379400, 5.702356694531947500 ) ) ;
#8310 = PLANE ( 'NONE',  #7038 ) ;
#8311 = B_SPLINE_CURVE_WITH_KNOTS ( 'NONE', 3,
 ( #9, #3073, #5255, #5222, #5963, #8989, #4538, #1593, #2337, #777, #6001, #7481, #1555, #8250, #3779, #7685, #3302, #7750 ),
 .UNSPECIFIED., .F., .F.,
 ( 4, 2, 2, 2, 2, 2, 2, 2, 4 ),
 ( 0.003602655405422856900, 0.004052873567370794700, 0.004503091729318732000, 0.004953309891266669300, 0.005403528053214607500, 0.005853746215162545700, 0.006303964377110482200, 0.006754182539058420400, 0.007204400701006357700 ),
 .UNSPECIFIED. ) ;
#8312 =( BOUNDED_CURVE ( )  B_SPLINE_CURVE ( 2, ( #2727, #2601, #8600, #4111, #9327, #4143, #9354, #4910, #7883 ),
 .UNSPECIFIED., .F., .F. ) 
 B_SPLINE_CURVE_WITH_KNOTS ( ( 3, 2, 2, 2, 3 ),
 ( 0.4375000000000000000, 0.4531250000000000000, 0.4687500000000000000, 0.4843750000000000000, 0.5000000000000000000 ),
 .UNSPECIFIED. ) 
 CURVE ( )  GEOMETRIC_REPRESENTATION_ITEM ( )  RATIONAL_B_SPLINE_CURVE ( ( 1.000000000000000000, 0.9238795325112867400, 1.000000000000000000, 0.9238795325112867400, 1.000000000000000000, 0.9238795325112867400, 1.000000000000000000, 0.9238795325112867400, 1.000000000000000000 ) ) 
 REPRESENTATION_ITEM ( '' )  );
#8313 = ADVANCED_FACE ( 'NONE', ( #7224 ), #3843, .F. ) ;
#8314 = EDGE_CURVE ( 'NONE', #8789, #5794, #5603, .T. ) ;
#8315 = CARTESIAN_POINT ( 'NONE',  ( -4.929141392239914800, 20.19687500000000600, -11.89999999999996500 ) ) ;
#8316 = CONICAL_SURFACE ( 'NONE', #168, 4.549999999999999800, 0.7853981633974466100 ) ;
#8317 = ORIENTED_EDGE ( 'NONE', *, *, #1276, .T. ) ;
#8318 = CARTESIAN_POINT ( 'NONE',  ( -7.653362724167341600, 17.29750269002668300, 9.767813329542883900 ) ) ;
#8319 = CARTESIAN_POINT ( 'NONE',  ( 8.248891971046839800, -4.762499999999971800, 17.60000000000000100 ) ) ;
#8320 = CARTESIAN_POINT ( 'NONE',  ( -12.82664718204931200, 12.35937500000002000, 5.312971222579581500 ) ) ;
#8322 = EDGE_LOOP ( 'NONE', ( #4040, #4411, #4639 ) ) ;
#8321 = ORIENTED_EDGE ( 'NONE', *, *, #8294, .T. ) ;
#8323 = CARTESIAN_POINT ( 'NONE',  ( -8.980256121069064800, 12.36563021535169900, 8.980256121069192700 ) ) ;
#8324 = DIRECTION ( 'NONE',  ( -1.000000000000000000, 0.0000000000000000000, 0.0000000000000000000 ) ) ;
#8325 = CARTESIAN_POINT ( 'NONE',  ( -10.85465439984741400, 7.592810154713581900E-016, 6.099999999999990800 ) ) ;
#8326 = CYLINDRICAL_SURFACE ( 'NONE', #9092, 11.89999999999999900 ) ;
#8327 = EDGE_LOOP ( 'NONE', ( #5577, #9011, #1955, #7856 ) ) ;
#8328 = VERTEX_POINT ( 'NONE', #5492 ) ;
#8329 = CARTESIAN_POINT ( 'NONE',  ( -14.61889256232179000, 0.1732287560536598100, -13.39333833807861200 ) ) ;
#8330 = DIRECTION ( 'NONE',  ( 0.0000000000000000000, 1.000000000000000000, 0.0000000000000000000 ) ) ;
#8331 = ORIENTED_EDGE ( 'NONE', *, *, #6740, .T. ) ;
#8332 = CARTESIAN_POINT ( 'NONE',  ( 0.1083897543756196200, 0.3304673161057424800, 0.0000000000000000000 ) ) ;
#8333 = COORDINATED_UNIVERSAL_TIME_OFFSET ( 8, 0, .AHEAD. ) ;
#8334 = CARTESIAN_POINT ( 'NONE',  ( 12.94999999999999200, 9.400000000000000400, -12.94999999999999200 ) ) ;
#8335 = ADVANCED_FACE ( 'NONE', ( #1154 ), #8968, .T. ) ;
#8336 = CIRCLE ( 'NONE', #4470, 4.199999999999994800 ) ;
#8337 = CARTESIAN_POINT ( 'NONE',  ( -2.050000000000002000, 2.299999999999994500, -0.1453275613856351600 ) ) ;
#8338 = CARTESIAN_POINT ( 'NONE',  ( -12.69999999999992600, 16.09625521535169300, 5.260512242138390500 ) ) ;
#8339 = DIRECTION ( 'NONE',  ( 0.0000000000000000000, 0.0000000000000000000, 1.000000000000000000 ) ) ;
#8340 = ORIENTED_EDGE ( 'NONE', *, *, #8346, .T. ) ;
#8341 =( NAMED_UNIT ( * ) PLANE_ANGLE_UNIT ( ) SI_UNIT ( $, .RADIAN. ) );
#8342 = AXIS2_PLACEMENT_3D ( 'NONE', #4133, #6998, #7023 ) ;
#8343 = CARTESIAN_POINT ( 'NONE',  ( 14.28999999999999700, -10.05208102775976000, -1.050733877701291300 ) ) ;
#8344 = FACE_OUTER_BOUND ( 'NONE', #2644, .T. ) ;
#8345 = CIRCLE ( 'NONE', #4806, 14.19999999999999900 ) ;
#8346 = EDGE_CURVE ( 'NONE', #4135, #356, #5523, .T. ) ;
#8347 = CARTESIAN_POINT ( 'NONE',  ( 0.0000000000000000000, 0.0000000000000000000, 0.0000000000000000000 ) ) ;
#8348 = ORIENTED_EDGE ( 'NONE', *, *, #1780, .T. ) ;
#8349 = CARTESIAN_POINT ( 'NONE',  ( -4.929141392239751300, 14.32312500000001300, 11.90000000000003200 ) ) ;
#8350 = VERTEX_POINT ( 'NONE', #7717 ) ;
#8351 = CARTESIAN_POINT ( 'NONE',  ( -9.000000000000001800, -1.199999999999999700, 6.500000000000000900 ) ) ;
#8352 = CARTESIAN_POINT ( 'NONE',  ( -12.51812523131016300, 17.18187476868981600, -7.635464354253209400E-013 ) ) ;
#8353 = DIRECTION ( 'NONE',  ( -8.775090700452169200E-016, -1.000000000000000000, -0.0000000000000000000 ) ) ;
#8354 = EDGE_LOOP ( 'NONE', ( #3656, #8538, #6503, #9066 ) ) ;
#8355 = EDGE_CURVE ( 'NONE', #7076, #5599, #5252, .T. ) ;
#8356 = AXIS2_PLACEMENT_3D ( 'NONE', #1489, #8979, #3680 ) ;
#8357 = CARTESIAN_POINT ( 'NONE',  ( -12.82664718204939000, 13.47062500000002000, -5.312971222579394100 ) ) ;
#8358 = CIRCLE ( 'NONE', #6296, 19.72072930905315500 ) ;
#8359 = CARTESIAN_POINT ( 'NONE',  ( -14.00000000000000200, -10.69999999999999000, -13.44999999999999900 ) ) ;
#8360 = AXIS2_PLACEMENT_3D ( 'NONE', #5155, #2110, #672 ) ;
#8361 = VERTEX_POINT ( 'NONE', #6388 ) ;
#8362 = CALENDAR_DATE ( 2023, 6, 9 ) ;
#8363 = DIRECTION ( 'NONE',  ( 1.000000000000000000, -8.746504920891471700E-016, 0.0000000000000000000 ) ) ;
#8364 = VERTEX_POINT ( 'NONE', #4184 ) ;
#8365 = EDGE_LOOP ( 'NONE', ( #5287, #2107 ) ) ;
#8366 = VERTEX_POINT ( 'NONE', #8577 ) ;
#8367 = ADVANCED_FACE ( 'NONE', ( #4326 ), #2322, .F. ) ;
#8368 = CIRCLE ( 'NONE', #9596, 1.149999999999999900 ) ;
#8369 = CARTESIAN_POINT ( 'NONE',  ( 1.725874147982919200, -10.80829037686547000, 15.50423678951415400 ) ) ;
#8370 = CIRCLE ( 'NONE', #5414, 2.499999999999998700 ) ;
#8371 = CARTESIAN_POINT ( 'NONE',  ( -1.725874147982918900, 0.0000000000000000000, 15.50423678951415400 ) ) ;
#8372 = CARTESIAN_POINT ( 'NONE',  ( 1.408343819019456000E-016, -9.525000000000057200, 4.250000000000001800 ) ) ;
#8373 = CARTESIAN_POINT ( 'NONE',  ( -1.965893980413407500, 16.99999999999999300, -12.54692236597381000 ) ) ;
#8374 = CC_DESIGN_DATE_AND_TIME_ASSIGNMENT ( #7077, #1787, ( #4697 ) ) ;
#8375 = ORIENTED_EDGE ( 'NONE', *, *, #3278, .F. ) ;
#8376 = CARTESIAN_POINT ( 'NONE',  ( -0.2914568337773919500, 1.075590867456486000, -2.033843972934303900 ) ) ;
#8377 = CARTESIAN_POINT ( 'NONE',  ( 12.69999999999996900, 11.71811978464834100, -9.023892744153249100E-014 ) ) ;
#8378 = VERTEX_POINT ( 'NONE', #7106 ) ;
#8379 = CONICAL_SURFACE ( 'NONE', #1399, 8.252653961416930500, 0.1745329251994354200 ) ;
#8380 = EDGE_CURVE ( 'NONE', #1762, #8273, #1509, .T. ) ;
#8381 = CARTESIAN_POINT ( 'NONE',  ( 3.586772846851115300, 22.32467817596664300, 20.16406719884748400 ) ) ;
#8382 = DIRECTION ( 'NONE',  ( -0.0000000000000000000, 1.000000000000000000, 1.224646799147353200E-016 ) ) ;
#8383 = DIRECTION ( 'NONE',  ( 0.0000000000000000000, 0.0000000000000000000, 1.000000000000000000 ) ) ;
#8384 = CIRCLE ( 'NONE', #6791, 21.00000000000000000 ) ;
#8385 = CARTESIAN_POINT ( 'NONE',  ( 13.44999999999999900, 9.400000000000000400, -12.94999999999999200 ) ) ;
#8386 = B_SPLINE_CURVE_WITH_KNOTS ( 'NONE', 3,
 ( #7229, #7104, #2703, #6416, #4277, #4915, #6443, #1166 ),
 .UNSPECIFIED., .F., .F.,
 ( 4, 2, 2, 4 ),
 ( 2.758948934243568200E-007, 0.001137121321362828800, 0.001705544034597529100, 0.002273966747832229400 ),
 .UNSPECIFIED. ) ;
#8387 = ORIENTED_EDGE ( 'NONE', *, *, #6909, .T. ) ;
#8388 = ORIENTED_EDGE ( 'NONE', *, *, #8896, .T. ) ;
#8389 = ORIENTED_EDGE ( 'NONE', *, *, #6346, .F. ) ;
#8390 = CARTESIAN_POINT ( 'NONE',  ( -11.89999999999996300, 15.43437500000001000, 4.929141392239922800 ) ) ;
#8391 = CARTESIAN_POINT ( 'NONE',  ( -14.28999999999999700, -10.80829037686547000, 6.257467538869061500 ) ) ;
#8392 = CARTESIAN_POINT ( 'NONE',  ( -1.411258918926618900E-016, -23.09999999999999800, 16.50067069343951000 ) ) ;
#8393 = DIRECTION ( 'NONE',  ( 1.000000000000000000, -8.775090700452170200E-016, 0.0000000000000000000 ) ) ;
#8394 = CIRCLE ( 'NONE', #929, 1.969532683894253300 ) ;
#8395 = CARTESIAN_POINT ( 'NONE',  ( 8.414570696119856300, 20.15875000000000500, -8.414570696119973500 ) ) ;
#8396 = CARTESIAN_POINT ( 'NONE',  ( 0.0000000000000000000, 0.0000000000000000000, 0.0000000000000000000 ) ) ;
#8397 = CARTESIAN_POINT ( 'NONE',  ( 0.0000000000000000000, 20.63746869550590200, 0.0000000000000000000 ) ) ;
#8398 = CARTESIAN_POINT ( 'NONE',  ( -9.180332783635199300, -3.149197188353642000, 0.09792507081888469900 ) ) ;
#8399 = CIRCLE ( 'NONE', #163, 1.149999999999999900 ) ;
#8400 = CARTESIAN_POINT ( 'NONE',  ( 2.510525938252090900E-016, 13.71446665693450000, 2.050000000000001200 ) ) ;
#8401 = DIRECTION ( 'NONE',  ( 0.0000000000000000000, 0.0000000000000000000, -1.000000000000000000 ) ) ;
#8402 = CARTESIAN_POINT ( 'NONE',  ( 16.95045816486669600, 30.00000000000000000, 12.39685314912946800 ) ) ;
#8403 = AXIS2_PLACEMENT_3D ( 'NONE', #9113, #3231, #7601 ) ;
#8404 = DIRECTION ( 'NONE',  ( 0.0000000000000000000, 0.0000000000000000000, -1.000000000000000000 ) ) ;
#8405 = ORIENTED_EDGE ( 'NONE', *, *, #1106, .F. ) ;
#8406 = CARTESIAN_POINT ( 'NONE',  ( -13.25465439984741200, 5.674999999999997200, 0.0000000000000000000 ) ) ;
#8407 = TOROIDAL_SURFACE ( 'NONE', #3172, 8.475000000000001400, 0.8000000000000000400 ) ;
#8408 = EDGE_CURVE ( 'NONE', #6863, #3599, #8519, .T. ) ;
#8409 = DIRECTION ( 'NONE',  ( -1.776356839400250500E-015, 0.0000000000000000000, 1.000000000000000000 ) ) ;
#8410 = CARTESIAN_POINT ( 'NONE',  ( -0.1522566715715884800, -6.440000000000001300, 6.550000000000002500 ) ) ;
#8411 = EDGE_CURVE ( 'NONE', #4381, #2142, #3771, .T. ) ;
#8412 = VERTEX_POINT ( 'NONE', #4089 ) ;
#8413 = CARTESIAN_POINT ( 'NONE',  ( 9.000000000000001800, -10.80000000000000600, -9.000000000000000000 ) ) ;
#8414 = DIRECTION ( 'NONE',  ( 0.0000000000000000000, 1.000000000000000000, 0.0000000000000000000 ) ) ;
#8415 = ADVANCED_FACE ( 'NONE', ( #9675 ), #3966, .T. ) ;
#8416 = ORIENTED_EDGE ( 'NONE', *, *, #2408, .T. ) ;
#8417 = VECTOR ( 'NONE', #8234, 1000.000000000000100 ) ;
#8418 = AXIS2_PLACEMENT_3D ( 'NONE', #7340, #2856, #3638 ) ;
#8419 = CARTESIAN_POINT ( 'NONE',  ( -8.382592070995923700E-014, 13.76750000000001600, -11.89999999999999900 ) ) ;
#8420 = AXIS2_PLACEMENT_3D ( 'NONE', #5059, #6603, #3545 ) ;
#8421 = CARTESIAN_POINT ( 'NONE',  ( 12.12368332891051300, 17.57631667109024000, 0.8109750036846135000 ) ) ;
#8422 = CARTESIAN_POINT ( 'NONE',  ( 12.44999999999999900, 0.0000000000000000000, 7.060900368822721000 ) ) ;
#8423 = CARTESIAN_POINT ( 'NONE',  ( 4.929141392239922800, 19.76187500000000000, 11.89999999999996300 ) ) ;
#8424 = EDGE_CURVE ( 'NONE', #70, #8484, #3277, .T. ) ;
#8425 = DIRECTION ( 'NONE',  ( -0.0000000000000000000, -1.000000000000000000, -0.0000000000000000000 ) ) ;
#8426 = CARTESIAN_POINT ( 'NONE',  ( 2.457436471188750900E-015, -17.91297949373559800, -20.06649160312764500 ) ) ;
#8427 = ORIENTED_EDGE ( 'NONE', *, *, #2597, .T. ) ;
#8428 = DIRECTION ( 'NONE',  ( -0.0000000000000000000, -1.000000000000000000, -0.0000000000000000000 ) ) ;
#8429 = PLANE ( 'NONE',  #272 ) ;
#8430 = AXIS2_PLACEMENT_3D ( 'NONE', #2542, #4635, #1691 ) ;
#8431 =( GEOMETRIC_REPRESENTATION_CONTEXT ( 3 ) GLOBAL_UNCERTAINTY_ASSIGNED_CONTEXT ( ( #7405 ) ) GLOBAL_UNIT_ASSIGNED_CONTEXT ( ( #2371, #8341, #1651 ) ) REPRESENTATION_CONTEXT ( 'NONE', 'WORKASPACE' ) );
#8432 = CARTESIAN_POINT ( 'NONE',  ( -15.66920801439193200, 0.6554350922085008200, -13.18827000240034800 ) ) ;
#8433 = CARTESIAN_POINT ( 'NONE',  ( 11.30000000000000200, 17.80000000000000100, 1.383850883036507300E-015 ) ) ;
#8434 = CARTESIAN_POINT ( 'NONE',  ( 18.90798146565108300, 0.1729268406098395400, 5.962197547403413900 ) ) ;
#8435 = CARTESIAN_POINT ( 'NONE',  ( -9.525000000000002100, 0.0000000000000000000, 17.60000000000000100 ) ) ;
#8436 = ORIENTED_EDGE ( 'NONE', *, *, #9107, .F. ) ;
#8437 = TOROIDAL_SURFACE ( 'NONE', #8977, 4.688733431983854100, 1.000000000000000400 ) ;
#8438 = ORIENTED_EDGE ( 'NONE', *, *, #3462, .T. ) ;
#8439 = VERTEX_POINT ( 'NONE', #7890 ) ;
#8440 = MANIFOLD_SOLID_BREP ( '切除-拉伸1', #7105 ) ;
#8441 = DIRECTION ( 'NONE',  ( 0.0000000000000000000, 1.000000000000000000, 0.0000000000000000000 ) ) ;
#8442 = ORIENTED_EDGE ( 'NONE', *, *, #5301, .T. ) ;
#8443 = CARTESIAN_POINT ( 'NONE',  ( -39.81317938492168200, 42.44194508560250500, 3.252606517456513300E-016 ) ) ;
#8444 = DIRECTION ( 'NONE',  ( 0.0000000000000000000, 0.0000000000000000000, -1.000000000000000000 ) ) ;
#8445 = DIRECTION ( 'NONE',  ( -1.000000000000000000, -0.0000000000000000000, -0.0000000000000000000 ) ) ;
#8446 = ORIENTED_EDGE ( 'NONE', *, *, #3478, .F. ) ;
#8447 = FACE_OUTER_BOUND ( 'NONE', #3945, .T. ) ;
#8448 = DIRECTION ( 'NONE',  ( -0.7071067811865474600, 0.7071067811865474600, -0.0000000000000000000 ) ) ;
#8449 = ORIENTED_EDGE ( 'NONE', *, *, #8097, .T. ) ;
#8451 = ORIENTED_EDGE ( 'NONE', *, *, #4416, .F. ) ;
#8450 = ORIENTED_EDGE ( 'NONE', *, *, #7948, .T. ) ;
#8452 = EDGE_CURVE ( 'NONE', #6868, #9004, #1390, .T. ) ;
#8453 = COORDINATED_UNIVERSAL_TIME_OFFSET ( 8, 0, .AHEAD. ) ;
#8454 = CARTESIAN_POINT ( 'NONE',  ( 4.929141392239747800, 13.68812500000001500, -11.90000000000003200 ) ) ;
#8455 = CARTESIAN_POINT ( 'NONE',  ( 11.35245022779972300, 17.62895191620995300, -4.124387511734446400 ) ) ;
#8456 = CARTESIAN_POINT ( 'NONE',  ( -12.49096159997151500, 17.18975888643442200, 0.8040229609198982200 ) ) ;
#8457 = CARTESIAN_POINT ( 'NONE',  ( 0.1083897543756182200, -2.299999999999999800, 2.816687638038909100E-016 ) ) ;
#8458 = LINE ( 'NONE', #7577, #3453 ) ;
#8459 = CARTESIAN_POINT ( 'NONE',  ( 8.414570696119975300, 14.76125000000001300, 8.414570696119856300 ) ) ;
#8460 = CARTESIAN_POINT ( 'NONE',  ( -19.21121883656434200, 20.63746869550590200, -8.481100801995060200 ) ) ;
#8461 = ORIENTED_EDGE ( 'NONE', *, *, #411, .F. ) ;
#8462 = ORIENTED_EDGE ( 'NONE', *, *, #5438, .T. ) ;
#8463 = CARTESIAN_POINT ( 'NONE',  ( 12.69999999999996700, 15.38188021535169400, -9.023892744153245300E-014 ) ) ;
#8464 = CARTESIAN_POINT ( 'NONE',  ( -9.254654399847412400, 4.449999999999996600, 0.0000000000000000000 ) ) ;
#8465 = DIRECTION ( 'NONE',  ( 0.0000000000000000000, 0.0000000000000000000, -1.000000000000000000 ) ) ;
#8466 = VECTOR ( 'NONE', #5032, 1000.000000000000000 ) ;
#8467 = ADVANCED_FACE ( 'NONE', ( #5137 ), #6996, .F. ) ;
#8468 = FACE_OUTER_BOUND ( 'NONE', #8254, .T. ) ;
#8469 = AXIS2_PLACEMENT_3D ( 'NONE', #6086, #927, #2461 ) ;
#8470 = CARTESIAN_POINT ( 'NONE',  ( -12.94999999999999200, 8.900000000000016300, -13.44999999999999900 ) ) ;
#8471 = CARTESIAN_POINT ( 'NONE',  ( 11.90000000000000600, 17.80000000000000100, 0.0000000000000000000 ) ) ;
#8472 = EDGE_CURVE ( 'NONE', #6842, #210, #7559, .T. ) ;
#8473 = EDGE_CURVE ( 'NONE', #2815, #6167, #9080, .T. ) ;
#8474 = EDGE_LOOP ( 'NONE', ( #474, #6151, #2901 ) ) ;
#8475 = VECTOR ( 'NONE', #7254, 1000.000000000000100 ) ;
#8476 = CARTESIAN_POINT ( 'NONE',  ( -4.307345621930689800, 11.46514918754630100, 11.70402492611734300 ) ) ;
#8477 = CARTESIAN_POINT ( 'NONE',  ( 0.0000000000000000000, 20.63746869550590200, 0.0000000000000000000 ) ) ;
#8478 = CIRCLE ( 'NONE', #3772, 6.299999999999996300 ) ;
#8479 = CARTESIAN_POINT ( 'NONE',  ( -61.05852498507427100, 8.641945085602488400, 0.0000000000000000000 ) ) ;
#8480 = CLOSED_SHELL ( 'NONE', ( #3034, #2591, #532, #7873, #2237, #8704, #2448, #2284, #3951, #8415, #7970, #2494, #1811, #3842, #4858, #7413, #9682, #7470, #7674, #4018, #5347, #2045, #3965, #8948, #7545, #768, #1309, #4264, #8217, #3479, #1535, #5956, #3066, #5318, #5233, #1901, #2737, #8176, #6216, #5537, #1693, #2186, #5094, #8923, #9143, #7231, #9038, #8846, #4455, #6019, #8162, #7444, #6793, #2136, #6499, #3042, #2342, #8652, #1505, #1453, #6895, #9674, #388, #5009, #783, #3742, #6154, #4496, #1491, #5768, #3914, #1266, #874 ) ) ;
#8481 = LOCAL_TIME ( 13, 59, 25.00000000000000000, #9182 ) ;
#8482 = DIRECTION ( 'NONE',  ( -1.000000000000000000, -0.0000000000000000000, -0.0000000000000000000 ) ) ;
#8483 = CARTESIAN_POINT ( 'NONE',  ( 13.19999999999999800, -10.94999999999999600, 12.94999999999999200 ) ) ;
#8484 = VERTEX_POINT ( 'NONE', #5735 ) ;
#8485 = EDGE_CURVE ( 'NONE', #8929, #1915, #3067, .T. ) ;
#8486 = LINE ( 'NONE', #995, #440 ) ;
#8487 = FACE_OUTER_BOUND ( 'NONE', #2221, .T. ) ;
#8488 = CARTESIAN_POINT ( 'NONE',  ( -11.90000000000003200, 11.46562500000002100, -4.929141392239748700 ) ) ;
#8489 = PERSON_AND_ORGANIZATION ( #4303, #4183 ) ;
#8490 = CARTESIAN_POINT ( 'NONE',  ( -11.89999999999999900, 11.74500000000001700, 1.034998715382614300E-013 ) ) ;
#8491 = CARTESIAN_POINT ( 'NONE',  ( -9.000000000000001800, -10.80000000000000600, 11.49999999999999800 ) ) ;
#8492 = DIRECTION ( 'NONE',  ( 0.0000000000000000000, 0.0000000000000000000, 1.000000000000000000 ) ) ;
#8493 = EDGE_CURVE ( 'NONE', #2655, #6981, #2332, .T. ) ;
#8494 = AXIS2_PLACEMENT_3D ( 'NONE', #7984, #5038, #6611 ) ;
#8495 = EDGE_LOOP ( 'NONE', ( #3784, #4757, #8113, #4850 ) ) ;
#8496 = CARTESIAN_POINT ( 'NONE',  ( -4.929141392239751300, 15.79312500000001200, 11.90000000000003200 ) ) ;
#8497 = CARTESIAN_POINT ( 'NONE',  ( -14.61740511665293600, 0.1729267981156927500, 13.39369354407024900 ) ) ;
#8498 = AXIS2_PLACEMENT_3D ( 'NONE', #9086, #1692, #4570 ) ;
#8499 = ORIENTED_EDGE ( 'NONE', *, *, #258, .F. ) ;
#8500 = VECTOR ( 'NONE', #6674, 1000.000000000000000 ) ;
#8501 = CARTESIAN_POINT ( 'NONE',  ( -4.884525182647621500, -21.11676409561717400, 13.68058876437440200 ) ) ;
#8502 = CARTESIAN_POINT ( 'NONE',  ( -3.586772846850905700, 30.00000000000000000, -20.16406719884644600 ) ) ;
#8503 = DIRECTION ( 'NONE',  ( -1.000000000000000000, 8.195543980992796600E-016, 0.0000000000000000000 ) ) ;
#8504 = ORIENTED_EDGE ( 'NONE', *, *, #4382, .T. ) ;
#8505 = CARTESIAN_POINT ( 'NONE',  ( 0.0000000000000000000, 0.0000000000000000000, 0.0000000000000000000 ) ) ;
#8506 = ORIENTED_EDGE ( 'NONE', *, *, #1421, .F. ) ;
#8507 = LINE ( 'NONE', #5732, #2079 ) ;
#8508 = SECURITY_CLASSIFICATION ( '', '', #8016 ) ;
#8509 = CIRCLE ( 'NONE', #9109, 8.252653961416930500 ) ;
#8510 = DIRECTION ( 'NONE',  ( 1.000000000000000000, -0.0000000000000000000, -0.0000000000000000000 ) ) ;
#8511 = CARTESIAN_POINT ( 'NONE',  ( 0.1522951446682494800, -6.439999999999998600, 6.550000000000000700 ) ) ;
#8512 = DIRECTION ( 'NONE',  ( -8.775090700452169200E-016, -1.000000000000000000, -0.0000000000000000000 ) ) ;
#8513 = EDGE_CURVE ( 'NONE', #2786, #8955, #6761, .T. ) ;
#8514 = APPLICATION_CONTEXT ( 'configuration controlled 3d designs of mechanical parts and assemblies' ) ;
#8515 = CARTESIAN_POINT ( 'NONE',  ( 17.47810899155977900, -2.299999999999996700, 2.816687638038908600E-016 ) ) ;
#8516 = FACE_OUTER_BOUND ( 'NONE', #4890, .T. ) ;
#8517 = CARTESIAN_POINT ( 'NONE',  ( 1.239098530816317200E-013, 12.06250000000001800, 11.89999999999999900 ) ) ;
#8518 = ADVANCED_FACE ( 'NONE', ( #5944 ), #8748, .T. ) ;
#8519 = LINE ( 'NONE', #1102, #1045 ) ;
#8520 = CARTESIAN_POINT ( 'NONE',  ( 9.069809202314353100, 19.42375000000000500, -9.069809202314482700 ) ) ;
#8521 = CARTESIAN_POINT ( 'NONE',  ( 5.222092788188507300, 17.72783856308684800, -10.80669644667301600 ) ) ;
#8522 = CARTESIAN_POINT ( 'NONE',  ( -12.59971634402989700, 23.76556932822213900, 13.93492495350630400 ) ) ;
#8523 = CARTESIAN_POINT ( 'NONE',  ( -11.90000000000003200, 19.28562500000000300, -4.929141392239748700 ) ) ;
#8524 = CARTESIAN_POINT ( 'NONE',  ( 8.716642953600702600, -3.952331532926411000, 17.57989171664803200 ) ) ;
#8525 = CYLINDRICAL_SURFACE ( 'NONE', #8671, 5.674999999999997200 ) ;
#8526 = EDGE_LOOP ( 'NONE', ( #784, #4464, #5806 ) ) ;
#8527 = CARTESIAN_POINT ( 'NONE',  ( 2.045450131536505500, 30.00000000000000000, -18.88957738435133700 ) ) ;
#8528 = DIRECTION ( 'NONE',  ( -1.000000000000000000, 0.0000000000000000000, -0.0000000000000000000 ) ) ;
#8529 = DIRECTION ( 'NONE',  ( 0.0000000000000000000, 1.000000000000000000, 0.0000000000000000000 ) ) ;
#8530 = DIRECTION ( 'NONE',  ( -0.0000000000000000000, -1.000000000000000000, -0.0000000000000000000 ) ) ;
#8531 = ORIENTED_EDGE ( 'NONE', *, *, #2793, .F. ) ;
#8532 = LINE ( 'NONE', #3093, #587 ) ;
#8533 = CARTESIAN_POINT ( 'NONE',  ( 18.48684210526295100, 0.0000000000000000000, 4.385962719298598600 ) ) ;
#8534 = AXIS2_PLACEMENT_3D ( 'NONE', #1002, #6192, #1645 ) ;
#8535 = ORIENTED_EDGE ( 'NONE', *, *, #3102, .T. ) ;
#8536 = AXIS2_PLACEMENT_3D ( 'NONE', #6257, #6166, #3168 ) ;
#8537 = DIRECTION ( 'NONE',  ( 0.0000000000000000000, 0.0000000000000000000, 1.000000000000000000 ) ) ;
#8538 = ORIENTED_EDGE ( 'NONE', *, *, #1543, .T. ) ;
#8539 = CARTESIAN_POINT ( 'NONE',  ( 11.67013411036706000, -10.56922523569485000, -9.762915623340049400 ) ) ;
#8540 = EDGE_CURVE ( 'NONE', #5832, #3896, #1979, .T. ) ;
#8541 = CARTESIAN_POINT ( 'NONE',  ( 14.43443619994192100, 23.09492482837286800, -13.43704640427926100 ) ) ;
#8542 = DIRECTION ( 'NONE',  ( 1.000000000000000000, 0.0000000000000000000, 0.0000000000000000000 ) ) ;
#8543 = ORIENTED_EDGE ( 'NONE', *, *, #2184, .F. ) ;
#8544 = CARTESIAN_POINT ( 'NONE',  ( -8.980256121069066600, 15.05186978464833400, 8.980256121069194500 ) ) ;
#8545 = CARTESIAN_POINT ( 'NONE',  ( -13.99999999999999800, 0.0000000000000000000, 0.0000000000000000000 ) ) ;
#8546 = AXIS2_PLACEMENT_3D ( 'NONE', #7980, #3547, #5002 ) ;
#8547 = CARTESIAN_POINT ( 'NONE',  ( -12.82664718204939000, 18.55062500000001100, -5.312971222579394100 ) ) ;
#8548 = ORIENTED_EDGE ( 'NONE', *, *, #8380, .F. ) ;
#8549 = CARTESIAN_POINT ( 'NONE',  ( 13.44999999999999900, 0.0000000000000000000, 0.0000000000000000000 ) ) ;
#8550 = CARTESIAN_POINT ( 'NONE',  ( 10.26249793774846400, 11.70000000000000800, -7.481385973047218300 ) ) ;
#8551 = DIRECTION ( 'NONE',  ( -0.7071067811865474600, -4.903554850278087400E-015, -0.7071067811865474600 ) ) ;
#8552 = CARTESIAN_POINT ( 'NONE',  ( 4.929141392239747800, 16.42812500000000900, -11.90000000000003200 ) ) ;
#8553 = DIRECTION ( 'NONE',  ( 1.000000000000000000, -8.746504920891471700E-016, 0.0000000000000000000 ) ) ;
#8554 = EDGE_CURVE ( 'NONE', #8802, #4189, #8048, .T. ) ;
#8555 = SECURITY_CLASSIFICATION ( '', '', #7887 ) ;
#8556 = CIRCLE ( 'NONE', #1990, 0.7999999999999986000 ) ;
#8557 = ORIENTED_EDGE ( 'NONE', *, *, #3602, .F. ) ;
#8558 = ADVANCED_FACE ( 'NONE', ( #4795, #2089 ), #8793, .T. ) ;
#8559 = CARTESIAN_POINT ( 'NONE',  ( -8.414570696119973500, 16.66625000000000900, -8.414570696119856300 ) ) ;
#8560 = CARTESIAN_POINT ( 'NONE',  ( -13.65465439984741300, 3.946032027681960000E-016, -3.222179676972447100 ) ) ;
#8562 = EDGE_LOOP ( 'NONE', ( #5536, #2329, #8835, #5977 ) ) ;
#8561 = ORIENTED_EDGE ( 'NONE', *, *, #8143, .T. ) ;
#8563 = CARTESIAN_POINT ( 'NONE',  ( -13.25465439984741200, 0.0000000000000000000, 0.0000000000000000000 ) ) ;
#8564 = CARTESIAN_POINT ( 'NONE',  ( 0.0000000000000000000, 0.0000000000000000000, -0.5000000000000143200 ) ) ;
#8565 = EDGE_CURVE ( 'NONE', #1547, #204, #604, .T. ) ;
#8566 = CONICAL_SURFACE ( 'NONE', #7586, 9.525000000000000400, 1.047197551196596500 ) ;
#8567 = ORIENTED_EDGE ( 'NONE', *, *, #8913, .T. ) ;
#8568 = DIRECTION ( 'NONE',  ( 0.0000000000000000000, 0.0000000000000000000, -1.000000000000000000 ) ) ;
#8569 = EDGE_LOOP ( 'NONE', ( #4663, #4153, #9251, #8872, #2725, #9329, #4020, #6769 ) ) ;
#8570 = CARTESIAN_POINT ( 'NONE',  ( -17.38157894736737700, 30.00000000000000000, 7.673376916090713700 ) ) ;
#8571 = CARTESIAN_POINT ( 'NONE',  ( 8.034646945590147000, -10.06771825716393900, -11.86186511655943200 ) ) ;
#8572 = CARTESIAN_POINT ( 'NONE',  ( 2.619865889632927700, -20.73077476430514600, -14.98809041681920800 ) ) ;
#8573 = ORIENTED_EDGE ( 'NONE', *, *, #6880, .T. ) ;
#8574 = APPROVAL_STATUS ( 'not_yet_approved' ) ;
#8575 = DATE_AND_TIME ( #7619, #9025 ) ;
#8576 = CARTESIAN_POINT ( 'NONE',  ( 17.38157894736791700, 30.00000000000000000, 7.673376916090846900 ) ) ;
#8577 = CARTESIAN_POINT ( 'NONE',  ( 12.69999999999996700, 12.84188021535169900, -9.023892744153245300E-014 ) ) ;
#8578 = CIRCLE ( 'NONE', #6651, 4.199999999999994800 ) ;
#8579 = CARTESIAN_POINT ( 'NONE',  ( -9.069809202314482700, 19.74125000000000400, -9.069809202314353100 ) ) ;
#8580 = ORIENTED_EDGE ( 'NONE', *, *, #7618, .F. ) ;
#8581 = DIRECTION ( 'NONE',  ( 0.0000000000000000000, 1.000000000000000000, 0.0000000000000000000 ) ) ;
#8582 = CARTESIAN_POINT ( 'NONE',  ( 9.101657815899105100E-014, 13.94061978464833400, 12.69999999999996900 ) ) ;
#8583 = CARTESIAN_POINT ( 'NONE',  ( -11.89999999999999900, 16.82500000000000600, 8.309725586446653600E-014 ) ) ;
#8584 = CIRCLE ( 'NONE', #7770, 11.89999999999999000 ) ;
#8585 = CONICAL_SURFACE ( 'NONE', #4459, 13.41771913849730100, 1.047197551196595600 ) ;
#8586 = ORIENTED_EDGE ( 'NONE', *, *, #4943, .F. ) ;
#8587 = CARTESIAN_POINT ( 'NONE',  ( 13.44999999999999900, -10.69999999999999400, -13.44999999999999900 ) ) ;
#8588 = DIRECTION ( 'NONE',  ( 0.0000000000000000000, 0.0000000000000000000, -1.000000000000000000 ) ) ;
#8589 = ORIENTED_EDGE ( 'NONE', *, *, #7056, .T. ) ;
#8590 = CIRCLE ( 'NONE', #6784, 19.00000000000000400 ) ;
#8591 = FACE_OUTER_BOUND ( 'NONE', #5042, .T. ) ;
#8592 = EDGE_CURVE ( 'NONE', #6400, #1299, #1623, .T. ) ;
#8593 = ORIENTED_EDGE ( 'NONE', *, *, #8744, .T. ) ;
#8594 = DATE_AND_TIME ( #6498, #2887 ) ;
#8595 = EDGE_CURVE ( 'NONE', #8210, #4444, #3507, .T. ) ;
#8596 = ORIENTED_EDGE ( 'NONE', *, *, #4871, .T. ) ;
#8597 = DIRECTION ( 'NONE',  ( 0.0000000000000000000, 0.0000000000000000000, 1.000000000000000000 ) ) ;
#8598 = ORIENTED_EDGE ( 'NONE', *, *, #6604, .F. ) ;
#8599 = ORIENTED_EDGE ( 'NONE', *, *, #1609, .F. ) ;
#8600 = CARTESIAN_POINT ( 'NONE',  ( 8.980256121069064800, 15.54063021535169200, -8.980256121069192700 ) ) ;
#8601 = LINE ( 'NONE', #2472, #3370 ) ;
#8602 = CARTESIAN_POINT ( 'NONE',  ( 6.710680523104175100, -21.24851403046389100, -12.62625748697973000 ) ) ;
#8603 = APPLICATION_PROTOCOL_DEFINITION ( 'international standard', 'config_control_design', 1994, #4240 ) ;
#8604 = EDGE_LOOP ( 'NONE', ( #1054, #4338, #8834 ) ) ;
#8605 = AXIS2_PLACEMENT_3D ( 'NONE', #4669, #9156, #9199 ) ;
#8606 = CARTESIAN_POINT ( 'NONE',  ( -5.947941525219363300, -8.747863077871267400, 17.00830695474097400 ) ) ;
#8607 = CARTESIAN_POINT ( 'NONE',  ( -12.69999999999992800, 12.43249478464833900, 5.260512242138391400 ) ) ;
#8608 = AXIS2_PLACEMENT_3D ( 'NONE', #6256, #4007, #8404 ) ;
#8609 = ADVANCED_FACE ( 'NONE', ( #2563 ), #4090, .T. ) ;
#8610 = ORIENTED_EDGE ( 'NONE', *, *, #7359, .T. ) ;
#8611 = EDGE_CURVE ( 'NONE', #7342, #3470, #7108, .T. ) ;
#8612 = EDGE_LOOP ( 'NONE', ( #3829, #868, #317 ) ) ;
#8613 = LINE ( 'NONE', #6908, #4080 ) ;
#8614 = CARTESIAN_POINT ( 'NONE',  ( -5.312971222579396800, 17.59812500000001000, 12.82664718204939000 ) ) ;
#8615 = EDGE_CURVE ( 'NONE', #7417, #260, #7335, .T. ) ;
#8616 = CARTESIAN_POINT ( 'NONE',  ( -5.947941525219484000, 8.747863077871182100, 0.5916930452590251100 ) ) ;
#8617 = CARTESIAN_POINT ( 'NONE',  ( 0.0000000000000000000, 23.09492482837286800, 0.0000000000000000000 ) ) ;
#8618 = DIRECTION ( 'NONE',  ( -8.775090700452169200E-016, -1.000000000000000000, -0.0000000000000000000 ) ) ;
#8619 = EDGE_CURVE ( 'NONE', #1122, #2507, #5374, .T. ) ;
#8620 = AXIS2_PLACEMENT_3D ( 'NONE', #4448, #9658, #5204 ) ;
#8621 = CONICAL_SURFACE ( 'NONE', #6614, 2.499999999999998700, 1.029744258676653900 ) ;
#8622 = CARTESIAN_POINT ( 'NONE',  ( 8.528325040094456200E-014, 12.06250000000001800, 11.89999999999999900 ) ) ;
#8623 = DIRECTION ( 'NONE',  ( -1.000000000000000000, 0.0000000000000000000, 0.0000000000000000000 ) ) ;
#8624 = VERTEX_POINT ( 'NONE', #5891 ) ;
#8625 = CARTESIAN_POINT ( 'NONE',  ( 3.703005886605634800, 22.49822397585597500, -20.02349908884328400 ) ) ;
#8626 = ORIENTED_EDGE ( 'NONE', *, *, #6248, .T. ) ;
#8627 = CARTESIAN_POINT ( 'NONE',  ( 0.0000000000000000000, 0.0000000000000000000, 0.0000000000000000000 ) ) ;
#8628 = CYLINDRICAL_SURFACE ( 'NONE', #2560, 11.69999999999998900 ) ;
#8629 = CARTESIAN_POINT ( 'NONE',  ( -9.000000000000001800, -11.19999999999999900, 9.000000000000000000 ) ) ;
#8630 = CIRCLE ( 'NONE', #4435, 21.00000000000000000 ) ;
#8631 = PLANE ( 'NONE',  #2475 ) ;
#8632 = CARTESIAN_POINT ( 'NONE',  ( 13.79999999999999700, 0.0000000000000000000, 0.0000000000000000000 ) ) ;
#8633 = CIRCLE ( 'NONE', #3376, 11.09999999999998400 ) ;
#8634 = CARTESIAN_POINT ( 'NONE',  ( 7.579319476895817900, -10.05148596953610800, -12.12474855317953300 ) ) ;
#8635 = CARTESIAN_POINT ( 'NONE',  ( 3.520579078826638200, -20.92190340273530000, -14.46806341457557600 ) ) ;
#8636 = EDGE_CURVE ( 'NONE', #3748, #2655, #7002, .T. ) ;
#8637 = APPROVAL_ROLE ( '' ) ;
#8638 = CARTESIAN_POINT ( 'NONE',  ( -12.27635182233306700, 0.0000000000000000000, 8.045708121834929100 ) ) ;
#8639 = CARTESIAN_POINT ( 'NONE',  ( -8.980256121069066600, 12.51186978464833800, 8.980256121069194500 ) ) ;
#8640 = VERTEX_POINT ( 'NONE', #39 ) ;
#8641 = CIRCLE ( 'NONE', #9527, 7.060900368822721000 ) ;
#8642 = CARTESIAN_POINT ( 'NONE',  ( -9.069809202314351300, 16.24875000000001200, 9.069809202314482700 ) ) ;
#8643 = ORIENTED_EDGE ( 'NONE', *, *, #8043, .T. ) ;
#8644 = DIRECTION ( 'NONE',  ( 9.614813431917856100E-017, -0.7071067811865487900, 0.7071067811865463500 ) ) ;
#8645 = CARTESIAN_POINT ( 'NONE',  ( -11.89999999999999900, 10.47500000000002100, 8.309725586446653600E-014 ) ) ;
#8646 = DIRECTION ( 'NONE',  ( 0.0000000000000000000, -0.7071067811865474600, -0.7071067811865474600 ) ) ;
#8647 = AXIS2_PLACEMENT_3D ( 'NONE', #7974, #7191, #8696 ) ;
#8648 = ORIENTED_EDGE ( 'NONE', *, *, #2046, .F. ) ;
#8649 = CYLINDRICAL_SURFACE ( 'NONE', #2027, 12.69999999999998500 ) ;
#8650 = CARTESIAN_POINT ( 'NONE',  ( 0.0000000000000000000, 0.0000000000000000000, 0.0000000000000000000 ) ) ;
#8651 = EDGE_CURVE ( 'NONE', #4162, #4715, #3035, .T. ) ;
#8652 = ADVANCED_FACE ( 'NONE', ( #229 ), #2803, .F. ) ;
#8653 = DIRECTION ( 'NONE',  ( 1.000000000000000000, 1.231304080816852700E-016, -0.0000000000000000000 ) ) ;
#8654 = DIRECTION ( 'NONE',  ( 0.7071067811865463500, -0.7071067811865487900, 0.0000000000000000000 ) ) ;
#8655 = CARTESIAN_POINT ( 'NONE',  ( 12.27635182233306900, 9.853150698279006300E-016, -8.045708121834925600 ) ) ;
#8656 = ORIENTED_EDGE ( 'NONE', *, *, #1056, .F. ) ;
#8657 = AXIS2_PLACEMENT_3D ( 'NONE', #6079, #8998, #3790 ) ;
#8658 = PERSON ( 'NAUO-PER4', 'UNSPECIFIED', 'UNSPECIFIED', ('UNSPECIFIED'), ('UNSPECIFIED'), ('UNSPECIFIED') ) ;
#8659 = DIRECTION ( 'NONE',  ( 0.0000000000000000000, 0.0000000000000000000, -1.000000000000000000 ) ) ;
#8660 = AXIS2_PLACEMENT_3D ( 'NONE', #282, #969, #5517 ) ;
#8661 = DIRECTION ( 'NONE',  ( 0.0000000000000000000, 0.0000000000000000000, 1.000000000000000000 ) ) ;
#8662 = EDGE_CURVE ( 'NONE', #3137, #266, #7812, .T. ) ;
#8663 = CARTESIAN_POINT ( 'NONE',  ( 9.429167641642116800, 24.29988525591068100, -15.34060472905290800 ) ) ;
#8664 = DATE_TIME_ROLE ( 'creation_date' ) ;
#8665 = CARTESIAN_POINT ( 'NONE',  ( -8.414570696120009100, 12.65625000000001800, -8.414570696119820800 ) ) ;
#8666 = VERTEX_POINT ( 'NONE', #1081 ) ;
#8667 = CIRCLE ( 'NONE', #802, 3.703925678971643300 ) ;
#8668 = VERTEX_POINT ( 'NONE', #9238 ) ;
#8669 = ORIENTED_EDGE ( 'NONE', *, *, #9355, .T. ) ;
#8670 = EDGE_CURVE ( 'NONE', #509, #8361, #2943, .T. ) ;
#8671 = AXIS2_PLACEMENT_3D ( 'NONE', #9087, #9018, #6071 ) ;
#8672 = ORIENTED_EDGE ( 'NONE', *, *, #7435, .F. ) ;
#8673 = AXIS2_PLACEMENT_3D ( 'NONE', #4808, #1729, #357 ) ;
#8674 = CARTESIAN_POINT ( 'NONE',  ( -5.312971222579396800, 13.78812500000001500, 12.82664718204939000 ) ) ;
#8675 = DIRECTION ( 'NONE',  ( -8.775090700452169200E-016, -1.000000000000000000, -0.0000000000000000000 ) ) ;
#8676 = DIRECTION ( 'NONE',  ( 0.0000000000000000000, 1.000000000000000000, 0.0000000000000000000 ) ) ;
#8677 = ORIENTED_EDGE ( 'NONE', *, *, #4360, .T. ) ;
#8678 = CIRCLE ( 'NONE', #3055, 15.60000000000000000 ) ;
#8679 = DIRECTION ( 'NONE',  ( 1.000000000000000000, 0.0000000000000000000, 0.0000000000000000000 ) ) ;
#8680 = ORIENTED_EDGE ( 'NONE', *, *, #6506, .T. ) ;
#8681 = DIRECTION ( 'NONE',  ( 1.000000000000000000, -0.0000000000000000000, -0.0000000000000000000 ) ) ;
#8682 = B_SPLINE_CURVE_WITH_KNOTS ( 'NONE', 3,
 ( #7134, #7850, #7166, #4974, #1984, #3585, #1292, #2078, #7352, #4397, #6573, #8114, #4340, #8792, #1325, #6513, #7294, #2834, #2902, #4314, #8829, #5889, #2043, #7257, #2930, #2808, #1418, #4367, #8081, #6638, #9510, #3646, #3551, #5064, #8147, #6608, #9576, #4432, #8862, #3677, #575, #5805, #3622, #6544, #2165, #7375, #5766, #2869, #9602 ),
 .UNSPECIFIED., .F., .F.,
 ( 4, 2, 2, 2, 2, 2, 2, 2, 2, 2, 2, 1, 2, 2, 2, 2, 2, 2, 2, 2, 2, 2, 2, 2, 4 ),
 ( 0.03831534882919458000, 0.03951011983278288100, 0.04070489083637117400, 0.04309443284354777500, 0.04428920384713607600, 0.04548397485072437600, 0.04787351685790097000, 0.04906828786148926400, 0.05026305886507755100, 0.05265260087225413800, 0.05384737187584243100, 0.05504214287943072500, 0.05623691388301901900, 0.05743168488660731200, 0.05982122689378389900, 0.06101599789737219300, 0.06221076890096048600, 0.06460031090813707400, 0.06579508191172536700, 0.06698985291531366100, 0.06937939492249024800, 0.07176893692966682100, 0.07296370793325511500, 0.07415847893684340800, 0.07654802094401998200 ),
 .UNSPECIFIED. ) ;
#8684 = VERTEX_POINT ( 'NONE', #1704 ) ;
#8683 = EDGE_LOOP ( 'NONE', ( #1992, #1926, #7037, #9600 ) ) ;
#8685 = CARTESIAN_POINT ( 'NONE',  ( 2.260760671698242700, 20.63746869550590200, -20.87795395112516400 ) ) ;
#8686 = CARTESIAN_POINT ( 'NONE',  ( 3.201113830514402000, 1.071902741720592900, -20.54191042331484600 ) ) ;
#8687 = CC_DESIGN_PERSON_AND_ORGANIZATION_ASSIGNMENT ( #2624, #1359, ( #7181 ) ) ;
#8688 = CIRCLE ( 'NONE', #6543, 9.525000000000002100 ) ;
#8689 = CARTESIAN_POINT ( 'NONE',  ( -18.98984907001785800, 22.89746300178693200, -6.217612916958751500 ) ) ;
#8690 = DIRECTION ( 'NONE',  ( 0.0000000000000000000, 0.0000000000000000000, 1.000000000000000000 ) ) ;
#8691 = ORIENTED_EDGE ( 'NONE', *, *, #1458, .F. ) ;
#8692 = DIRECTION ( 'NONE',  ( -1.000000000000000000, 0.0000000000000000000, 0.0000000000000000000 ) ) ;
#8693 = VERTEX_POINT ( 'NONE', #9177 ) ;
#8694 = EDGE_CURVE ( 'NONE', #1988, #1676, #1750, .T. ) ;
#8695 = DATE_AND_TIME ( #1716, #6914 ) ;
#8696 = DIRECTION ( 'NONE',  ( 1.000000000000000000, 0.0000000000000000000, 0.0000000000000000000 ) ) ;
#8697 = LINE ( 'NONE', #876, #1810 ) ;
#8698 = DIRECTION ( 'NONE',  ( 0.0000000000000000000, -1.224646799147353500E-016, 1.000000000000000000 ) ) ;
#8699 = CARTESIAN_POINT ( 'NONE',  ( 12.94999999999999200, 9.400000000000000400, -12.94999999999999200 ) ) ;
#8700 = CIRCLE ( 'NONE', #477, 19.00000000000000400 ) ;
#8701 = PERSON_AND_ORGANIZATION_ROLE ( 'design_supplier' ) ;
#8702 = DIRECTION ( 'NONE',  ( -1.000000000000000000, -0.0000000000000000000, -0.0000000000000000000 ) ) ;
#8703 = CARTESIAN_POINT ( 'NONE',  ( -6.892364659821185000, 17.56411755049401800, -9.998033422184557000 ) ) ;
#8704 = ADVANCED_FACE ( 'NONE', ( #9449 ), #5495, .T. ) ;
#8705 = CIRCLE ( 'NONE', #8608, 0.7999999999999986000 ) ;
#8706 = LINE ( 'NONE', #3724, #7288 ) ;
#8707 = CARTESIAN_POINT ( 'NONE',  ( 9.192421541439370100E-014, 12.59750000000001800, 12.82664718204935100 ) ) ;
#8708 = EDGE_LOOP ( 'NONE', ( #5239, #7483, #6198, #6806 ) ) ;
#8709 = DATE_AND_TIME ( #6153, #2406 ) ;
#8710 = CARTESIAN_POINT ( 'NONE',  ( -4.929141392239693600, 13.25312500000001500, 11.90000000000005900 ) ) ;
#8711 = CARTESIAN_POINT ( 'NONE',  ( 9.179979922149335900, -3.149808362375214000, 0.08107999114723893300 ) ) ;
#8712 = ORIENTED_EDGE ( 'NONE', *, *, #2739, .T. ) ;
#8713 = CARTESIAN_POINT ( 'NONE',  ( -11.89999999999999900, 13.01500000000001700, 8.309725586446653600E-014 ) ) ;
#8714 = CARTESIAN_POINT ( 'NONE',  ( -19.25598086124352900, 0.6554350922087192100, -6.975797196446231800 ) ) ;
#8715 = CONICAL_SURFACE ( 'NONE', #6655, 9.525000000000000400, 1.047197551196596500 ) ;
#8716 = CIRCLE ( 'NONE', #8660, 9.525000000000002100 ) ;
#8717 = CARTESIAN_POINT ( 'NONE',  ( 9.525000000000000400, 0.0000000000000000000, 0.0000000000000000000 ) ) ;
#8718 = DATE_AND_TIME ( #7314, #8020 ) ;
#8719 = AXIS2_PLACEMENT_3D ( 'NONE', #405, #2594, #9376 ) ;
#8720 = EDGE_LOOP ( 'NONE', ( #3671, #5466, #877, #5550, #499, #5823 ) ) ;
#8721 = CARTESIAN_POINT ( 'NONE',  ( -9.254654399847414200, 0.0000000000000000000, 0.0000000000000000000 ) ) ;
#8722 =( BOUNDED_CURVE ( )  B_SPLINE_CURVE ( 2, ( #5267, #6700, #926, #6152, #3258, #6893, #6925, #4613, #8463 ),
 .UNSPECIFIED., .F., .F. ) 
 B_SPLINE_CURVE_WITH_KNOTS ( ( 3, 2, 2, 2, 3 ),
 ( 0.3750000000000000000, 0.3906250000000000000, 0.4062500000000000000, 0.4218750000000000000, 0.4375000000000000000 ),
 .UNSPECIFIED. ) 
 CURVE ( )  GEOMETRIC_REPRESENTATION_ITEM ( )  RATIONAL_B_SPLINE_CURVE ( ( 1.000000000000000000, 0.9238795325112867400, 1.000000000000000000, 0.9238795325112867400, 1.000000000000000000, 0.9238795325112867400, 1.000000000000000000, 0.9238795325112867400, 1.000000000000000000 ) ) 
 REPRESENTATION_ITEM ( '' )  );
#8723 = ORIENTED_EDGE ( 'NONE', *, *, #6790, .F. ) ;
#8724 = CARTESIAN_POINT ( 'NONE',  ( -9.069809202314351300, 20.05875000000000300, 9.069809202314482700 ) ) ;
#8725 = EDGE_CURVE ( 'NONE', #671, #1097, #2207, .T. ) ;
#8726 = FACE_BOUND ( 'NONE', #4939, .T. ) ;
#8727 = PERSON ( 'NAUO-PER1', 'UNSPECIFIED', 'UNSPECIFIED', ('UNSPECIFIED'), ('UNSPECIFIED'), ('UNSPECIFIED') ) ;
#8728 = DIRECTION ( 'NONE',  ( -0.0000000000000000000, 1.000000000000000000, -0.0000000000000000000 ) ) ;
#8729 = FACE_OUTER_BOUND ( 'NONE', #6796, .T. ) ;
#8730 = ORIENTED_EDGE ( 'NONE', *, *, #3797, .F. ) ;
#8731 = CARTESIAN_POINT ( 'NONE',  ( 2.864479826191651800, 21.36036764622497600, 20.71863277722641100 ) ) ;
#8732 = ORIENTED_EDGE ( 'NONE', *, *, #7847, .T. ) ;
#8733 = AXIS2_PLACEMENT_3D ( 'NONE', #2540, #7714, #1066 ) ;
#8734 = ORIENTED_EDGE ( 'NONE', *, *, #5423, .F. ) ;
#8735 = CARTESIAN_POINT ( 'NONE',  ( -4.419605437963948400, 23.09492482837286800, -19.21911164059534400 ) ) ;
#8736 = CARTESIAN_POINT ( 'NONE',  ( -6.184263560529982900, 17.52984656902134500, -10.49062623651735400 ) ) ;
#8737 = CIRCLE ( 'NONE', #2352, 15.60000000000000000 ) ;
#8738 = EDGE_CURVE ( 'NONE', #827, #3908, #4919, .T. ) ;
#8739 =( BOUNDED_CURVE ( )  B_SPLINE_CURVE ( 2, ( #4827, #3192, #3935, #4691, #213, #958, #8559, #4859, #402 ),
 .UNSPECIFIED., .F., .F. ) 
 B_SPLINE_CURVE_WITH_KNOTS ( ( 3, 2, 2, 2, 3 ),
 ( 0.3437500000000000000, 0.3593750000000000000, 0.3750000000000000000, 0.3906250000000000000, 0.4062500000000000000 ),
 .UNSPECIFIED. ) 
 CURVE ( )  GEOMETRIC_REPRESENTATION_ITEM ( )  RATIONAL_B_SPLINE_CURVE ( ( 1.000000000000000000, 0.9238795325112867400, 1.000000000000000000, 0.9238795325112867400, 1.000000000000000000, 0.9238795325112867400, 1.000000000000000000, 0.9238795325112867400, 1.000000000000000000 ) ) 
 REPRESENTATION_ITEM ( '' )  );
#8740 = CARTESIAN_POINT ( 'NONE',  ( 9.069809202314353100, 11.80375000000002000, -9.069809202314482700 ) ) ;
#8741 = CARTESIAN_POINT ( 'NONE',  ( 18.85404163790699900, 23.09492482837287100, 5.782065236316270800 ) ) ;
#8742 = CARTESIAN_POINT ( 'NONE',  ( 9.000000000000001800, -10.80000000000000600, -11.49999999999999800 ) ) ;
#8743 = DIRECTION ( 'NONE',  ( -0.0000000000000000000, -1.000000000000000000, -0.0000000000000000000 ) ) ;
#8744 = EDGE_CURVE ( 'NONE', #5022, #7281, #5711, .T. ) ;
#8745 = AXIS2_PLACEMENT_3D ( 'NONE', #8443, #1101, #3980 ) ;
#8746 = CARTESIAN_POINT ( 'NONE',  ( -8.382592070995921100E-014, 11.42750000000002000, -11.89999999999999900 ) ) ;
#8747 = CARTESIAN_POINT ( 'NONE',  ( -8.965523947390061500E-014, 17.57750000000000800, -11.89999999999999900 ) ) ;
#8748 = CYLINDRICAL_SURFACE ( 'NONE', #8494, 11.89999999999999900 ) ;
#8749 = CARTESIAN_POINT ( 'NONE',  ( -11.67013411036705700, -10.56922523569485200, 9.762915623340056500 ) ) ;
#8750 = ADVANCED_FACE ( 'NONE', ( #2679 ), #4205, .F. ) ;
#8751 = DIRECTION ( 'NONE',  ( -0.0000000000000000000, -0.0000000000000000000, -1.000000000000000000 ) ) ;
#8752 = CARTESIAN_POINT ( 'NONE',  ( 19.25598086124345800, 0.6554350922090780300, -6.975797196446034600 ) ) ;
#8753 = VECTOR ( 'NONE', #8414, 1000.000000000000000 ) ;
#8754 = CARTESIAN_POINT ( 'NONE',  ( -5.312971222579573500, 20.93187500000000500, -12.82664718204931400 ) ) ;
#8755 = ORIENTED_EDGE ( 'NONE', *, *, #8218, .F. ) ;
#8756 = DIRECTION ( 'NONE',  ( -0.0000000000000000000, 1.000000000000000000, -0.0000000000000000000 ) ) ;
#8757 = CARTESIAN_POINT ( 'NONE',  ( 0.0000000000000000000, -23.10000000000000100, 14.20000000000000100 ) ) ;
#8758 = CARTESIAN_POINT ( 'NONE',  ( 1.120182353027299400, -6.342099191093246300, 5.099221292137783300 ) ) ;
#8759 = DIRECTION ( 'NONE',  ( 0.0000000000000000000, -1.000000000000000000, 0.0000000000000000000 ) ) ;
#8760 = PERSON_AND_ORGANIZATION_ROLE ( 'classification_officer' ) ;
#8761 = EDGE_LOOP ( 'NONE', ( #2427, #2829, #3982 ) ) ;
#8762 = CYLINDRICAL_SURFACE ( 'NONE', #7857, 20.00000000000062900 ) ;
#8763 = DIRECTION ( 'NONE',  ( 0.7071067811865474600, -4.903554850278087400E-015, 0.7071067811865474600 ) ) ;
#8764 = CARTESIAN_POINT ( 'NONE',  ( 0.0000000000000000000, 0.0000000000000000000, -3.000000000000000000 ) ) ;
#8765 = CARTESIAN_POINT ( 'NONE',  ( -13.05465439984742000, 0.0000000000000000000, 0.0000000000000000000 ) ) ;
#8766 = ORIENTED_EDGE ( 'NONE', *, *, #8794, .F. ) ;
#8767 = CARTESIAN_POINT ( 'NONE',  ( -9.069809202314351300, 11.16875000000002200, 9.069809202314482700 ) ) ;
#8768 = ORIENTED_EDGE ( 'NONE', *, *, #8540, .F. ) ;
#8769 = CARTESIAN_POINT ( 'NONE',  ( 11.90000000000003200, 13.37062500000001600, 4.929141392239758400 ) ) ;
#8770 = CARTESIAN_POINT ( 'NONE',  ( -12.27635182233308000, 0.0000000000000000000, 0.0000000000000000000 ) ) ;
#8771 = CARTESIAN_POINT ( 'NONE',  ( -14.28999999999999700, -20.49170962313452900, 6.257467538869061500 ) ) ;
#8772 = CARTESIAN_POINT ( 'NONE',  ( 16.51426793795324200, 1.415705397459386500, 12.83744352065207500 ) ) ;
#8773 = DIRECTION ( 'NONE',  ( 1.000000000000000000, -0.0000000000000000000, -0.0000000000000000000 ) ) ;
#8774 = AXIS2_PLACEMENT_3D ( 'NONE', #90, #8189, #1599 ) ;
#8775 = EDGE_CURVE ( 'NONE', #4162, #7426, #1970, .T. ) ;
#8776 = EDGE_LOOP ( 'NONE', ( #5171, #4652, #2583 ) ) ;
#8777 = EDGE_CURVE ( 'NONE', #1652, #3325, #8737, .T. ) ;
#8778 = CARTESIAN_POINT ( 'NONE',  ( 0.0000000000000000000, 0.0000000000000000000, 0.0000000000000000000 ) ) ;
#8779 = CARTESIAN_POINT ( 'NONE',  ( 0.0000000000000000000, -23.10000000000000100, 0.0000000000000000000 ) ) ;
#8780 = CARTESIAN_POINT ( 'NONE',  ( 12.94999999999999200, -11.19999999999999900, -12.94999999999999200 ) ) ;
#8781 = ORIENTED_EDGE ( 'NONE', *, *, #5444, .T. ) ;
#8782 = CARTESIAN_POINT ( 'NONE',  ( 12.82664718204931400, 20.61437500000000300, -5.312971222579575300 ) ) ;
#8783 = AXIS2_PLACEMENT_3D ( 'NONE', #6732, #8967, #1571 ) ;
#8784 = CARTESIAN_POINT ( 'NONE',  ( 7.445345600152586800, 0.0000000000000000000, 0.0000000000000000000 ) ) ;
#8785 = VECTOR ( 'NONE', #1303, 1000.000000000000000 ) ;
#8786 = VERTEX_POINT ( 'NONE', #5564 ) ;
#8787 = EDGE_CURVE ( 'NONE', #4444, #8328, #5580, .T. ) ;
#8788 = DIRECTION ( 'NONE',  ( 0.0000000000000000000, 0.0000000000000000000, -1.000000000000000000 ) ) ;
#8790 = ORIENTED_EDGE ( 'NONE', *, *, #9298, .T. ) ;
#8789 = VERTEX_POINT ( 'NONE', #6991 ) ;
#8791 = APPROVAL_STATUS ( 'not_yet_approved' ) ;
#8792 = CARTESIAN_POINT ( 'NONE',  ( -8.441001689423387700, 11.20555431858917900, -8.825065239045462900 ) ) ;
#8793 = PLANE ( 'NONE',  #6049 ) ;
#8794 = EDGE_CURVE ( 'NONE', #3860, #69, #7681, .T. ) ;
#8795 = AXIS2_PLACEMENT_3D ( 'NONE', #1272, #8743, #2017 ) ;
#8796 = ADVANCED_FACE ( 'NONE', ( #9443 ), #5853, .F. ) ;
#8797 = TOROIDAL_SURFACE ( 'NONE', #914, 3.914999999999996500, 0.7999999999999983800 ) ;
#8798 = VERTEX_POINT ( 'NONE', #8814 ) ;
#8799 = ORIENTED_EDGE ( 'NONE', *, *, #8278, .T. ) ;
#8800 =( BOUNDED_SURFACE ( )  B_SPLINE_SURFACE ( 1, 2, ( 
 ( #3573, #8072, #2760, #8754, #1312, #2827, #9593, #8782, #505, #2005, #9534, #3609, #1347, #2098, #8724, #9565, #4269, #2254, #7367, #6658, #4449, #8264, #660, #6733, #7462, #1474, #1408, #5169, #3667, #9660, #5206, #1441, #8169, #6015, #3793, #6631, #695, #2154, #5913, #2952, #7400, #3026, #8227, #9000, #758, #4980, #5238, #3698, #3757, #4478, #4549, #720, #8970, #6695, #2920, #8196, #2192, #8880, #4519, #25, #2219, #5145, #5264, #5882, #8140, #5945, #4422, #1537, #2289, #792, #9629, #8905, #8941, #7434, #2987, #1510, #3729, #5975, #6762, #7496, #3051, #2424, #2353, #3830, #9032, #6921, #4577, #7527, #6148, #848, #3155, #4684, #98, #4650, #165, #9100, #205, #8357, #3083, #5336, #2323, #5402, #1574, #6081, #818, #6860, #2454, #3120, #127, #5437, #923, #8320, #1608, #2382, #5375, #1666, #4609, #1702, #6818, #6787, #8293, #883, #7560, #6890, #7592, #951, #3858, #9067, #3888 ),
 ( #3184, #6111, #59, #1638, #6185, #7627, #8395, #3922, #9134, #7665, #3218, #8423, #3962, #9175, #5300, #6051, #1837, #8523, #2553, #1867, #3995, #4064, #7048, #6953, #6242, #4027, #7833, #236, #6304, #2582, #1049, #989, #4751, #3253, #9236, #4789, #1025, #7726, #5597, #3385, #6213, #265, #1743, #5503, #2518, #6990, #7805, #3347, #8583, #341, #9266, #4821, #3282, #8552, #5562, #4126, #302, #1773, #5467, #1800, #7081, #8496, #5530, #369, #1079, #6274, #9213, #7017, #7758, #4094, #3313, #6329, #9311, #2486, #8459, #4849, #1114, #2618, #4714, #7693, #2654, #7140, #7176, #394, #4158, #1961, #1178, #2709, #7863, #3471, #1894, #5626, #4983, #5019, #497, #4922, #8713, #525, #5715, #5745, #2683, #3413, #9401, #9462, #7899, #1273, #9437, #7935, #8622, #9367, #6491, #4951, #2784, #4257, #7113, #5688, #8746, #2020, #6428, #1147, #6363, #436, #1244, #465, #3445, #5653, #6397, #1930, #8645 ) ),
 .UNSPECIFIED., .F., .F., .F. ) 
 B_SPLINE_SURFACE_WITH_KNOTS ( ( 2, 2 ),
 ( 3, 2, 2, 2, 2, 2, 2, 2, 2, 2, 2, 2, 2, 2, 2, 2, 2, 2, 2, 2, 2, 2, 2, 2, 2, 2, 2, 2, 2, 2, 2, 2, 2, 2, 2, 2, 2, 2, 2, 2, 2, 2, 2, 2, 2, 2, 2, 2, 2, 2, 2, 2, 2, 2, 2, 2, 2, 2, 2, 2, 2, 2, 2, 2, 3 ),
 ( 0.0000000000000000000, 1.000000000000000000 ),
 ( 0.0000000000000000000, 0.01562500000000000000, 0.03125000000000000000, 0.04687500000000000000, 0.06250000000000000000, 0.07812500000000000000, 0.09375000000000000000, 0.1093750000000000000, 0.1250000000000000000, 0.1406250000000000000, 0.1562500000000000000, 0.1718750000000000000, 0.1875000000000000000, 0.2031250000000000000, 0.2187500000000000000, 0.2343750000000000000, 0.2500000000000000000, 0.2656250000000000000, 0.2812500000000000000, 0.2968750000000000000, 0.3125000000000000000, 0.3281250000000000000, 0.3437500000000000000, 0.3593750000000000000, 0.3750000000000000000, 0.3906250000000000000, 0.4062500000000000000, 0.4218750000000000000, 0.4375000000000000000, 0.4531250000000000000, 0.4687500000000000000, 0.4843750000000000000, 0.5000000000000000000, 0.5156250000000000000, 0.5312500000000000000, 0.5468750000000000000, 0.5625000000000000000, 0.5781250000000000000, 0.5937500000000000000, 0.6093750000000000000, 0.6250000000000000000, 0.6406250000000000000, 0.6562500000000000000, 0.6718750000000000000, 0.6875000000000000000, 0.7031250000000000000, 0.7187500000000000000, 0.7343750000000000000, 0.7500000000000000000, 0.7656250000000000000, 0.7812500000000000000, 0.7968750000000000000, 0.8125000000000000000, 0.8281250000000000000, 0.8437500000000000000, 0.8593750000000000000, 0.8750000000000000000, 0.8906250000000000000, 0.9062500000000000000, 0.9218750000000000000, 0.9375000000000000000, 0.9531250000000000000, 0.9687500000000000000, 0.9843750000000000000, 1.000000000000000000 ),
 .UNSPECIFIED. ) 
 GEOMETRIC_REPRESENTATION_ITEM ( )  RATIONAL_B_SPLINE_SURFACE ( (
 ( 1.000000000000000000, 0.9238795325112867400, 1.000000000000000000, 0.9238795325112867400, 1.000000000000000000, 0.9238795325112867400, 1.000000000000000000, 0.9238795325112867400, 1.000000000000000000, 0.9238795325112867400, 1.000000000000000000, 0.9238795325112867400, 1.000000000000000000, 0.9238795325112867400, 1.000000000000000000, 0.9238795325112867400, 1.000000000000000000, 0.9238795325112867400, 1.000000000000000000, 0.9238795325112867400, 1.000000000000000000, 0.9238795325112867400, 1.000000000000000000, 0.9238795325112867400, 1.000000000000000000, 0.9238795325112867400, 1.000000000000000000, 0.9238795325112867400, 1.000000000000000000, 0.9238795325112867400, 1.000000000000000000, 0.9238795325112867400, 1.000000000000000000, 0.9238795325112867400, 1.000000000000000000, 0.9238795325112867400, 1.000000000000000000, 0.9238795325112867400, 1.000000000000000000, 0.9238795325112867400, 1.000000000000000000, 0.9238795325112867400, 1.000000000000000000, 0.9238795325112867400, 1.000000000000000000, 0.9238795325112867400, 1.000000000000000000, 0.9238795325112867400, 1.000000000000000000, 0.9238795325112867400, 1.000000000000000000, 0.9238795325112867400, 1.000000000000000000, 0.9238795325112867400, 1.000000000000000000, 0.9238795325112867400, 1.000000000000000000, 0.9238795325112867400, 1.000000000000000000, 0.9238795325112867400, 1.000000000000000000, 0.9238795325112867400, 1.000000000000000000, 0.9238795325112867400, 1.000000000000000000, 0.9238795325112867400, 1.000000000000000000, 0.9238795325112867400, 1.000000000000000000, 0.9238795325112867400, 1.000000000000000000, 0.9238795325112867400, 1.000000000000000000, 0.9238795325112867400, 1.000000000000000000, 0.9238795325112867400, 1.000000000000000000, 0.9238795325112867400, 1.000000000000000000, 0.9238795325112867400, 1.000000000000000000, 0.9238795325112867400, 1.000000000000000000, 0.9238795325112867400, 1.000000000000000000, 0.9238795325112867400, 1.000000000000000000, 0.9238795325112867400, 1.000000000000000000, 0.9238795325112867400, 1.000000000000000000, 0.9238795325112867400, 1.000000000000000000, 0.9238795325112867400, 1.000000000000000000, 0.9238795325112867400, 1.000000000000000000, 0.9238795325112867400, 1.000000000000000000, 0.9238795325112867400, 1.000000000000000000, 0.9238795325112867400, 1.000000000000000000, 0.9238795325112867400, 1.000000000000000000, 0.9238795325112867400, 1.000000000000000000, 0.9238795325112867400, 1.000000000000000000, 0.9238795325112867400, 1.000000000000000000, 0.9238795325112867400, 1.000000000000000000, 0.9238795325112867400, 1.000000000000000000, 0.9238795325112867400, 1.000000000000000000, 0.9238795325112867400, 1.000000000000000000, 0.9238795325112867400, 1.000000000000000000, 0.9238795325112867400, 1.000000000000000000, 0.9238795325112867400, 1.000000000000000000, 0.9238795325112867400, 1.000000000000000000, 0.9238795325112867400, 1.000000000000000000),
 ( 1.000000000000000000, 0.9238795325112867400, 1.000000000000000000, 0.9238795325112867400, 1.000000000000000000, 0.9238795325112867400, 1.000000000000000000, 0.9238795325112867400, 1.000000000000000000, 0.9238795325112867400, 1.000000000000000000, 0.9238795325112867400, 1.000000000000000000, 0.9238795325112867400, 1.000000000000000000, 0.9238795325112867400, 1.000000000000000000, 0.9238795325112867400, 1.000000000000000000, 0.9238795325112867400, 1.000000000000000000, 0.9238795325112867400, 1.000000000000000000, 0.9238795325112867400, 1.000000000000000000, 0.9238795325112867400, 1.000000000000000000, 0.9238795325112867400, 1.000000000000000000, 0.9238795325112867400, 1.000000000000000000, 0.9238795325112867400, 1.000000000000000000, 0.9238795325112867400, 1.000000000000000000, 0.9238795325112867400, 1.000000000000000000, 0.9238795325112867400, 1.000000000000000000, 0.9238795325112867400, 1.000000000000000000, 0.9238795325112867400, 1.000000000000000000, 0.9238795325112867400, 1.000000000000000000, 0.9238795325112867400, 1.000000000000000000, 0.9238795325112867400, 1.000000000000000000, 0.9238795325112867400, 1.000000000000000000, 0.9238795325112867400, 1.000000000000000000, 0.9238795325112867400, 1.000000000000000000, 0.9238795325112867400, 1.000000000000000000, 0.9238795325112867400, 1.000000000000000000, 0.9238795325112867400, 1.000000000000000000, 0.9238795325112867400, 1.000000000000000000, 0.9238795325112867400, 1.000000000000000000, 0.9238795325112867400, 1.000000000000000000, 0.9238795325112867400, 1.000000000000000000, 0.9238795325112867400, 1.000000000000000000, 0.9238795325112867400, 1.000000000000000000, 0.9238795325112867400, 1.000000000000000000, 0.9238795325112867400, 1.000000000000000000, 0.9238795325112867400, 1.000000000000000000, 0.9238795325112867400, 1.000000000000000000, 0.9238795325112867400, 1.000000000000000000, 0.9238795325112867400, 1.000000000000000000, 0.9238795325112867400, 1.000000000000000000, 0.9238795325112867400, 1.000000000000000000, 0.9238795325112867400, 1.000000000000000000, 0.9238795325112867400, 1.000000000000000000, 0.9238795325112867400, 1.000000000000000000, 0.9238795325112867400, 1.000000000000000000, 0.9238795325112867400, 1.000000000000000000, 0.9238795325112867400, 1.000000000000000000, 0.9238795325112867400, 1.000000000000000000, 0.9238795325112867400, 1.000000000000000000, 0.9238795325112867400, 1.000000000000000000, 0.9238795325112867400, 1.000000000000000000, 0.9238795325112867400, 1.000000000000000000, 0.9238795325112867400, 1.000000000000000000, 0.9238795325112867400, 1.000000000000000000, 0.9238795325112867400, 1.000000000000000000, 0.9238795325112867400, 1.000000000000000000, 0.9238795325112867400, 1.000000000000000000, 0.9238795325112867400, 1.000000000000000000, 0.9238795325112867400, 1.000000000000000000, 0.9238795325112867400, 1.000000000000000000, 0.9238795325112867400, 1.000000000000000000) ) ) 
 REPRESENTATION_ITEM ( '' )  SURFACE ( )  );
#8801 = CARTESIAN_POINT ( 'NONE',  ( 9.069809202314353100, 15.61375000000001400, -9.069809202314482700 ) ) ;
#8802 = VERTEX_POINT ( 'NONE', #1996 ) ;
#8803 = DIRECTION ( 'NONE',  ( 1.000000000000000000, 1.231304080816852700E-016, -0.0000000000000000000 ) ) ;
#8804 = APPROVAL_PERSON_ORGANIZATION ( #9159, #3634, #7255 ) ;
#8805 = CARTESIAN_POINT ( 'NONE',  ( -19.00000000000002100, 0.0000000000000000000, -32.90896534380866000 ) ) ;
#8806 = CARTESIAN_POINT ( 'NONE',  ( 1.457329690985350200E-015, 17.80000000000000100, 11.89999999999999900 ) ) ;
#8807 = VECTOR ( 'NONE', #3174, 1000.000000000000100 ) ;
#8808 = FACE_OUTER_BOUND ( 'NONE', #1090, .T. ) ;
#8809 = CARTESIAN_POINT ( 'NONE',  ( -0.6846163183417859300, 17.78852452048828800, -11.89999999999945700 ) ) ;
#8810 = ORIENTED_EDGE ( 'NONE', *, *, #8592, .T. ) ;
#8811 = SECURITY_CLASSIFICATION ( '', '', #607 ) ;
#8812 = DIRECTION ( 'NONE',  ( -8.775090700452169200E-016, -1.000000000000000000, -0.0000000000000000000 ) ) ;
#8813 = VECTOR ( 'NONE', #5660, 1000.000000000000000 ) ;
#8814 = CARTESIAN_POINT ( 'NONE',  ( -12.27635182233308000, 4.536000727032309800E-016, 3.703925678971643300 ) ) ;
#8815 = DIRECTION ( 'NONE',  ( 0.5773502691896236200, -0.5773502691896258400, -0.5773502691896278400 ) ) ;
#8816 = FACE_OUTER_BOUND ( 'NONE', #2460, .T. ) ;
#8817 = CARTESIAN_POINT ( 'NONE',  ( 16.30111457909047300, 1.190065176482171700, -12.97260631454679100 ) ) ;
#8818 = EDGE_CURVE ( 'NONE', #8955, #1676, #7708, .T. ) ;
#8819 = ORIENTED_EDGE ( 'NONE', *, *, #6743, .F. ) ;
#8820 = CARTESIAN_POINT ( 'NONE',  ( 12.27635182233308000, 4.536000727032309800E-016, -3.703925678971643300 ) ) ;
#8821 = ORIENTED_EDGE ( 'NONE', *, *, #8230, .F. ) ;
#8822 = DIRECTION ( 'NONE',  ( 0.0000000000000000000, 0.0000000000000000000, 1.000000000000000000 ) ) ;
#8823 = CARTESIAN_POINT ( 'NONE',  ( 14.66125998552484500, 23.00404861233246500, 13.38386322969502600 ) ) ;
#8824 = DIRECTION ( 'NONE',  ( -1.000000000000000000, 8.195543980992796600E-016, 0.0000000000000000000 ) ) ;
#8825 = FACE_OUTER_BOUND ( 'NONE', #5788, .T. ) ;
#8826 = CONICAL_SURFACE ( 'NONE', #4177, 5.050000000000002500, 0.7853981633974466100 ) ;
#8827 = DATE_TIME_ROLE ( 'classification_date' ) ;
#8828 = CARTESIAN_POINT ( 'NONE',  ( -5.342430495083336300, -10.13353035464665900, -13.41621700897627700 ) ) ;
#8829 = CARTESIAN_POINT ( 'NONE',  ( -4.049851315911912900, 11.15096815843231700, -11.46306064111923600 ) ) ;
#8830 = ORIENTED_EDGE ( 'NONE', *, *, #237, .T. ) ;
#8831 = CALENDAR_DATE ( 2023, 6, 9 ) ;
#8832 = CARTESIAN_POINT ( 'NONE',  ( -2.674577206453755600, 17.37629392991970800, -12.03769121795883400 ) ) ;
#8833 = ORIENTED_EDGE ( 'NONE', *, *, #943, .T. ) ;
#8834 = ORIENTED_EDGE ( 'NONE', *, *, #8875, .F. ) ;
#8835 = ORIENTED_EDGE ( 'NONE', *, *, #3912, .T. ) ;
#8836 = CYLINDRICAL_SURFACE ( 'NONE', #221, 2.309999999999996900 ) ;
#8837 = CARTESIAN_POINT ( 'NONE',  ( -14.00000000000000700, 8.900000000000018100, 13.44999999999999900 ) ) ;
#8838 = CARTESIAN_POINT ( 'NONE',  ( -8.980256121069066600, 16.32186978464833200, 8.980256121069194500 ) ) ;
#8839 = ORIENTED_EDGE ( 'NONE', *, *, #188, .T. ) ;
#8840 = DIRECTION ( 'NONE',  ( -0.0000000000000000000, -1.000000000000000000, -0.0000000000000000000 ) ) ;
#8841 = DIRECTION ( 'NONE',  ( 0.0000000000000000000, 1.000000000000000000, 0.0000000000000000000 ) ) ;
#8842 = VERTEX_POINT ( 'NONE', #9372 ) ;
#8843 = VERTEX_POINT ( 'NONE', #400 ) ;
#8844 = CARTESIAN_POINT ( 'NONE',  ( -12.44999999999999900, 0.0000000000000000000, 7.060900368822721000 ) ) ;
#8845 = LINE ( 'NONE', #5246, #1495 ) ;
#8846 = ADVANCED_FACE ( 'NONE', ( #800 ), #4541, .T. ) ;
#8847 = AXIS2_PLACEMENT_3D ( 'NONE', #6130, #5355, #3874 ) ;
#8848 = PLANE ( 'NONE',  #7648 ) ;
#8849 = VERTEX_POINT ( 'NONE', #5631 ) ;
#8850 = EDGE_CURVE ( 'NONE', #432, #4965, #8039, .T. ) ;
#8851 = FACE_OUTER_BOUND ( 'NONE', #6623, .T. ) ;
#8852 = DIRECTION ( 'NONE',  ( -0.0000000000000000000, -1.000000000000000000, -0.0000000000000000000 ) ) ;
#8853 = CARTESIAN_POINT ( 'NONE',  ( 0.0000000000000000000, -17.91297949373559800, 0.0000000000000000000 ) ) ;
#8854 = DIRECTION ( 'NONE',  ( 0.0000000000000000000, 0.0000000000000000000, -1.000000000000000000 ) ) ;
#8855 = EDGE_CURVE ( 'NONE', #8210, #8842, #9154, .T. ) ;
#8856 = AXIS2_PLACEMENT_3D ( 'NONE', #9268, #4754, #3219 ) ;
#8857 = LINE ( 'NONE', #8717, #4788 ) ;
#8858 = CARTESIAN_POINT ( 'NONE',  ( 1.209951936996610200E-013, 13.33250000000001400, 11.89999999999999900 ) ) ;
#8859 = APPROVAL_STATUS ( 'not_yet_approved' ) ;
#8860 = CARTESIAN_POINT ( 'NONE',  ( -6.710680523104180400, -10.05148596953611000, -12.62625748697972700 ) ) ;
#8861 = AXIS2_PLACEMENT_3D ( 'NONE', #9422, #1140, #5734 ) ;
#8862 = CARTESIAN_POINT ( 'NONE',  ( 8.963637018133274700, 11.00018496405663800, -8.017499050119422300 ) ) ;
#8863 = FACE_OUTER_BOUND ( 'NONE', #5303, .T. ) ;
#8864 = DIRECTION ( 'NONE',  ( 0.0000000000000000000, -1.000000000000000000, 0.0000000000000000000 ) ) ;
#8865 = CARTESIAN_POINT ( 'NONE',  ( -12.69999999999992800, 16.24249478464833300, 5.260512242138391400 ) ) ;
#8866 = CARTESIAN_POINT ( 'NONE',  ( -9.000000000000001800, -11.19999999999999900, 6.100000000000006800 ) ) ;
#8867 = DIRECTION ( 'NONE',  ( 0.0000000000000000000, -0.5735764363510504900, -0.8191520442889888000 ) ) ;
#8868 = CARTESIAN_POINT ( 'NONE',  ( 19.26093922112048100, 1.882896782603721500, -8.368475187627897300 ) ) ;
#8869 = CC_DESIGN_APPROVAL ( #2055, ( #557 ) ) ;
#8870 = B_SPLINE_CURVE_WITH_KNOTS ( 'NONE', 3,
 ( #1684, #2566, #1040, #4043, #1784, #5545, #5485, #321, #6164, #6904, #2441, #1818, #4803, #3236, #2503, #185, #4698, #7641, #222, #967, #6197, #1723, #4732, #252, #1008, #6222, #1756, #3271, #8476, #7064, #3425, #7945, #5610, #4109, #4869, #5703, #1851, #3365, #1133, #414, #2600, #1161, #2633, #3400, #7126, #1222, #7816, #4237, #481 ),
 .UNSPECIFIED., .F., .F.,
 ( 4, 2, 2, 2, 2, 2, 2, 2, 2, 2, 2, 2, 2, 1, 2, 2, 2, 2, 2, 2, 2, 2, 2, 2, 4 ),
 ( 1.254668135422639400E-015, 0.002394709301825839100, 0.004789418603650424100, 0.005986773254562715400, 0.007184127905475005100, 0.009578837207299587000, 0.01077619185821187900, 0.01197354650912417100, 0.01436825581094875900, 0.01556561046186105500, 0.01676296511277335100, 0.01915767441459793900, 0.02035502906551022900, 0.02155238371642252300, 0.02274973836733481700, 0.02394709301824710800, 0.02634180232007169200, 0.02753915697098398300, 0.02873651162189627300, 0.03113122092372085400, 0.03232857557463313800, 0.03352593022554542500, 0.03592063952737000600, 0.03711799417828229300, 0.03831534882919458000 ),
 .UNSPECIFIED. ) ;
#8871 = CARTESIAN_POINT ( 'NONE',  ( 9.564848863492874400E-015, 10.90000000000001100, 0.0000000000000000000 ) ) ;
#8872 = ORIENTED_EDGE ( 'NONE', *, *, #5128, .T. ) ;
#8873 = COORDINATED_UNIVERSAL_TIME_OFFSET ( 8, 0, .AHEAD. ) ;
#8874 = DIRECTION ( 'NONE',  ( 0.0000000000000000000, -1.000000000000000000, 0.0000000000000000000 ) ) ;
#8875 = EDGE_CURVE ( 'NONE', #2507, #4343, #9669, .T. ) ;
#8876 = CARTESIAN_POINT ( 'NONE',  ( 19.33820246730052300, 0.8600893296555810500, 7.238515387180863800 ) ) ;
#8877 = VERTEX_POINT ( 'NONE', #9316 ) ;
#8878 = DIRECTION ( 'NONE',  ( 0.0000000000000000000, 0.0000000000000000000, -1.000000000000000000 ) ) ;
#8879 = DIRECTION ( 'NONE',  ( 1.000000000000000000, -0.0000000000000000000, -0.0000000000000000000 ) ) ;
#8880 = CARTESIAN_POINT ( 'NONE',  ( 12.82664718204939200, 16.64562500000001300, 5.312971222579391500 ) ) ;
#8881 = ORIENTED_EDGE ( 'NONE', *, *, #8299, .F. ) ;
#8882 = CIRCLE ( 'NONE', #5718, 2.499999999999998700 ) ;
#8883 = CARTESIAN_POINT ( 'NONE',  ( 8.015539861186805800, -5.166677710330946000, 1.546385700154812800E-014 ) ) ;
#8884 = CARTESIAN_POINT ( 'NONE',  ( -13.25465439984741100, 3.804621995851971900E-016, -2.991239569296595800 ) ) ;
#8885 = DIRECTION ( 'NONE',  ( 1.000000000000000000, -0.0000000000000000000, -0.0000000000000000000 ) ) ;
#8886 = ORIENTED_EDGE ( 'NONE', *, *, #5008, .F. ) ;
#8887 = DIRECTION ( 'NONE',  ( 0.0000000000000000000, 0.0000000000000000000, 1.000000000000000000 ) ) ;
#8888 = ADVANCED_FACE ( 'NONE', ( #3500 ), #563, .F. ) ;
#8889 = CARTESIAN_POINT ( 'NONE',  ( -2.383940767315138000, 1.881848360778453700, -20.86169610146890100 ) ) ;
#8890 = CARTESIAN_POINT ( 'NONE',  ( -13.25465439984741100, 0.0000000000000000000, 0.0000000000000000000 ) ) ;
#8891 = VERTEX_POINT ( 'NONE', #4926 ) ;
#8892 = VECTOR ( 'NONE', #3749, 1000.000000000000000 ) ;
#8893 = EDGE_LOOP ( 'NONE', ( #915, #1322, #7595, #7246 ) ) ;
#8894 = CARTESIAN_POINT ( 'NONE',  ( 11.44999999999999800, 5.742042389534214600E-016, -4.688733431983856700 ) ) ;
#8895 = EDGE_LOOP ( 'NONE', ( #7149, #7653, #1308, #3590 ) ) ;
#8896 = EDGE_CURVE ( 'NONE', #2285, #6916, #5937, .T. ) ;
#8897 = ORIENTED_EDGE ( 'NONE', *, *, #326, .T. ) ;
#8898 = CARTESIAN_POINT ( 'NONE',  ( 1.989606815600206500, 0.7727322777923930600, 0.5099309000857272800 ) ) ;
#8899 = CARTESIAN_POINT ( 'NONE',  ( 0.0000000000000000000, -10.80829037686547000, 0.0000000000000000000 ) ) ;
#8900 = VECTOR ( 'NONE', #2899, 1000.000000000000000 ) ;
#8901 = CARTESIAN_POINT ( 'NONE',  ( -13.25465439984741100, 0.0000000000000000000, 0.0000000000000000000 ) ) ;
#8902 = ORIENTED_EDGE ( 'NONE', *, *, #8775, .T. ) ;
#8903 = DIRECTION ( 'NONE',  ( 1.000000000000000000, -0.0000000000000000000, -0.0000000000000000000 ) ) ;
#8904 = CARTESIAN_POINT ( 'NONE',  ( -5.312947559864531000, -10.12128732227253500, 13.43323898956135500 ) ) ;
#8905 = CARTESIAN_POINT ( 'NONE',  ( 12.82664718204931400, 15.53437500000001500, -5.312971222579575300 ) ) ;
#8907 = VERTEX_POINT ( 'NONE', #2589 ) ;
#8906 = VERTEX_POINT ( 'NONE', #311 ) ;
#8908 = CONTEXT_DEPENDENT_SHAPE_REPRESENTATION ( #5090, #488 ) ;
#8909 = CARTESIAN_POINT ( 'NONE',  ( 19.25598086124352200, 22.32467817598033500, -6.975797196446222000 ) ) ;
#8910 = AXIS2_PLACEMENT_3D ( 'NONE', #1317, #9539, #1257 ) ;
#8911 = CARTESIAN_POINT ( 'NONE',  ( 0.0000000000000000000, 0.0000000000000000000, 15.35253755750896700 ) ) ;
#8912 = LINE ( 'NONE', #7819, #1683 ) ;
#8913 = EDGE_CURVE ( 'NONE', #9206, #1803, #8394, .T. ) ;
#8914 = ORIENTED_EDGE ( 'NONE', *, *, #1780, .F. ) ;
#8915 = CARTESIAN_POINT ( 'NONE',  ( -10.77636534613067100, -10.37984437250001000, -10.27893325996520700 ) ) ;
#8916 = DIRECTION ( 'NONE',  ( 0.0000000000000000000, 0.0000000000000000000, -1.000000000000000000 ) ) ;
#8917 = ORIENTED_EDGE ( 'NONE', *, *, #9200, .T. ) ;
#8918 = DATE_AND_TIME ( #7174, #3336 ) ;
#8919 = CARTESIAN_POINT ( 'NONE',  ( -8.414570696119840300, 15.71375000000001200, 8.414570696119989500 ) ) ;
#8920 = AXIS2_PLACEMENT_3D ( 'NONE', #1728, #3207, #6136 ) ;
#8921 = AXIS2_PLACEMENT_3D ( 'NONE', #9647, #7420, #5962 ) ;
#8922 = FACE_OUTER_BOUND ( 'NONE', #7554, .T. ) ;
#8923 = ADVANCED_FACE ( 'NONE', ( #3720, #9212 ), #7022, .T. ) ;
#8924 = CIRCLE ( 'NONE', #8783, 4.838760430703398000 ) ;
#8925 = CARTESIAN_POINT ( 'NONE',  ( 12.82664718204935100, 10.37500000000002300, -9.113880979362924500E-014 ) ) ;
#8926 = DIRECTION ( 'NONE',  ( 0.0000000000000000000, 0.0000000000000000000, 1.000000000000000000 ) ) ;
#8927 = DIRECTION ( 'NONE',  ( 1.000000000000000000, -0.0000000000000000000, -0.0000000000000000000 ) ) ;
#8928 = DIRECTION ( 'NONE',  ( -1.000000000000000000, -0.0000000000000000000, -0.0000000000000000000 ) ) ;
#8929 = VERTEX_POINT ( 'NONE', #7085 ) ;
#8930 = DIRECTION ( 'NONE',  ( 0.4999999999999950000, 0.8660254037844414800, 0.0000000000000000000 ) ) ;
#8931 = FACE_OUTER_BOUND ( 'NONE', #856, .T. ) ;
#8932 = CARTESIAN_POINT ( 'NONE',  ( 0.7493632228424861300, 1.081803597515603300, 1.912654208295737200 ) ) ;
#8933 = VERTEX_POINT ( 'NONE', #2625 ) ;
#8934 = PERSON_AND_ORGANIZATION ( #4303, #4183 ) ;
#8935 = CARTESIAN_POINT ( 'NONE',  ( 11.89999999999996500, 18.60937500000000400, -4.929141392239915700 ) ) ;
#8936 = ADVANCED_FACE ( 'NONE', ( #6989 ), #220, .T. ) ;
#8937 = CARTESIAN_POINT ( 'NONE',  ( 0.0000000000000000000, 0.0000000000000000000, 15.60000000000000000 ) ) ;
#8938 = ORIENTED_EDGE ( 'NONE', *, *, #8738, .F. ) ;
#8939 = CARTESIAN_POINT ( 'NONE',  ( -1.899264919870011600E-017, 0.0000000000000000000, 0.0000000000000000000 ) ) ;
#8940 = CARTESIAN_POINT ( 'NONE',  ( 0.0000000000000000000, 2.000000000000000000, 0.0000000000000000000 ) ) ;
#8941 = CARTESIAN_POINT ( 'NONE',  ( 12.82664718204935100, 15.45500000000001400, -9.113880979362923200E-014 ) ) ;
#8942 = CIRCLE ( 'NONE', #4606, 3.199999999999999300 ) ;
#8943 = EDGE_CURVE ( 'NONE', #3140, #169, #8857, .T. ) ;
#8944 = CARTESIAN_POINT ( 'NONE',  ( 2.619865889632946800, -10.56922523569485000, 14.98809041681921000 ) ) ;
#8945 = PERSON_AND_ORGANIZATION ( #4303, #4183 ) ;
#8946 = CARTESIAN_POINT ( 'NONE',  ( 9.525000000000000400, 0.0000000000000000000, 0.0000000000000000000 ) ) ;
#8947 = ORIENTED_EDGE ( 'NONE', *, *, #4355, .F. ) ;
#8948 = ADVANCED_FACE ( 'NONE', ( #8270 ), #1742, .T. ) ;
#8949 = ORIENTED_EDGE ( 'NONE', *, *, #2091, .F. ) ;
#8950 = DIRECTION ( 'NONE',  ( 0.0000000000000000000, -1.000000000000000000, 0.0000000000000000000 ) ) ;
#8951 = VECTOR ( 'NONE', #3662, 1000.000000000000000 ) ;
#8952 = EDGE_LOOP ( 'NONE', ( #9317, #9540, #3557, #6283, #320, #2521, #6899, #1012 ) ) ;
#8953 = AXIS2_PLACEMENT_3D ( 'NONE', #8650, #2790, #4230 ) ;
#8954 = CARTESIAN_POINT ( 'NONE',  ( -2.565148334853507400, 1.706270886479835700, -20.82186793002104300 ) ) ;
#8955 = VERTEX_POINT ( 'NONE', #6432 ) ;
#8956 = EDGE_CURVE ( 'NONE', #2875, #3307, #7581, .T. ) ;
#8957 = CIRCLE ( 'NONE', #2748, 11.89999999999999000 ) ;
#8958 = DIRECTION ( 'NONE',  ( -0.0000000000000000000, 1.000000000000000000, -0.0000000000000000000 ) ) ;
#8959 = EDGE_CURVE ( 'NONE', #8929, #8877, #5484, .T. ) ;
#8960 = FACE_OUTER_BOUND ( 'NONE', #3410, .T. ) ;
#8961 = AXIS2_PLACEMENT_3D ( 'NONE', #5910, #2854, #8071 ) ;
#8962 = CARTESIAN_POINT ( 'NONE',  ( -4.929141392239914800, 18.92687500000000600, -11.89999999999996500 ) ) ;
#8963 = B_SPLINE_CURVE_WITH_KNOTS ( 'NONE', 3,
 ( #955, #5406, #1613, #8398, #6189, #1670, #1709, #2357 ),
 .UNSPECIFIED., .F., .F.,
 ( 4, 2, 2, 4 ),
 ( 0.005564589980275988800, 0.006950476802621104700, 0.008336363624966218800, 0.01110813726965644500 ),
 .UNSPECIFIED. ) ;
#8964 = CARTESIAN_POINT ( 'NONE',  ( 2.742929126534862300, 1.532234675451034800, 20.76810205898696500 ) ) ;
#8965 = AXIS2_PLACEMENT_3D ( 'NONE', #4392, #8803, #1237 ) ;
#8966 = ADVANCED_FACE ( 'NONE', ( #3270 ), #2440, .T. ) ;
#8967 = DIRECTION ( 'NONE',  ( 1.000000000000000000, -0.0000000000000000000, -0.0000000000000000000 ) ) ;
#8968 = CONICAL_SURFACE ( 'NONE', #6354, 13.41771913849730100, 1.047197551196595600 ) ;
#8969 =( BOUNDED_CURVE ( )  B_SPLINE_CURVE ( 2, ( #8747, #3564, #1398, #6584, #5846, #9559, #7209, #7308, #5136 ),
 .UNSPECIFIED., .F., .F. ) 
 B_SPLINE_CURVE_WITH_KNOTS ( ( 3, 2, 2, 2, 3 ),
 ( 0.2812500000000000000, 0.2968750000000000000, 0.3125000000000000000, 0.3281250000000000000, 0.3437500000000000000 ),
 .UNSPECIFIED. ) 
 CURVE ( )  GEOMETRIC_REPRESENTATION_ITEM ( )  RATIONAL_B_SPLINE_CURVE ( ( 1.000000000000000000, 0.9238795325112867400, 1.000000000000000000, 0.9238795325112867400, 1.000000000000000000, 0.9238795325112867400, 1.000000000000000000, 0.9238795325112867400, 1.000000000000000000 ) ) 
 REPRESENTATION_ITEM ( '' )  );
#8970 = CARTESIAN_POINT ( 'NONE',  ( -9.035340417286477600E-014, 17.04250000000000800, -12.82664718204935100 ) ) ;
#8971 = EDGE_CURVE ( 'NONE', #8666, #1641, #2824, .T. ) ;
#8972 = CARTESIAN_POINT ( 'NONE',  ( -17.99993722559593900, 24.29988525591113600, -0.4955963496777059900 ) ) ;
#8973 = EDGE_CURVE ( 'NONE', #2819, #5621, #7441, .T. ) ;
#8974 =( GEOMETRIC_REPRESENTATION_CONTEXT ( 3 ) GLOBAL_UNCERTAINTY_ASSIGNED_CONTEXT ( ( #9339 ) ) GLOBAL_UNIT_ASSIGNED_CONTEXT ( ( #5360, #4839, #6975 ) ) REPRESENTATION_CONTEXT ( 'NONE', 'WORKASPACE' ) );
#8975 = VECTOR ( 'NONE', #1175, 1000.000000000000000 ) ;
#8976 = DIRECTION ( 'NONE',  ( -0.0000000000000000000, -1.000000000000000000, -0.0000000000000000000 ) ) ;
#8977 = AXIS2_PLACEMENT_3D ( 'NONE', #9123, #5395, #4636 ) ;
#8978 = DIRECTION ( 'NONE',  ( 0.0000000000000000000, 1.224646799147352500E-016, 1.000000000000000000 ) ) ;
#8979 = DIRECTION ( 'NONE',  ( 1.000000000000000000, -0.0000000000000000000, -0.0000000000000000000 ) ) ;
#8980 = EDGE_LOOP ( 'NONE', ( #769, #6894, #2491, #6488 ) ) ;
#8981 = ADVANCED_FACE ( 'NONE', ( #5243 ), #6516, .F. ) ;
#8982 = CARTESIAN_POINT ( 'NONE',  ( -0.1483810604828579000, 1.042832680730699600, -2.050000000000001200 ) ) ;
#8983 = ORIENTED_EDGE ( 'NONE', *, *, #6632, .T. ) ;
#8984 = CARTESIAN_POINT ( 'NONE',  ( 0.0000000000000000000, -20.49170962313452500, 15.60000000000000000 ) ) ;
#8985 = CIRCLE ( 'NONE', #3501, 3.200000000000000200 ) ;
#8986 = CARTESIAN_POINT ( 'NONE',  ( 1.544415963279582900E-014, 17.60000000000001200, 0.0000000000000000000 ) ) ;
#8987 = DIRECTION ( 'NONE',  ( 0.0000000000000000000, 0.0000000000000000000, 1.000000000000000000 ) ) ;
#8988 = APPROVAL ( #8859, '未指定' ) ;
#8989 = CARTESIAN_POINT ( 'NONE',  ( 0.9187386942008176600, 6.375025472320112700, 4.692264857551853300 ) ) ;
#8990 = ORIENTED_EDGE ( 'NONE', *, *, #4677, .F. ) ;
#8991 = CARTESIAN_POINT ( 'NONE',  ( 14.28999999999999700, -10.80829037686547000, -6.257467538869064100 ) ) ;
#8992 = DIRECTION ( 'NONE',  ( 0.0000000000000000000, 0.0000000000000000000, -1.000000000000000000 ) ) ;
#8993 = ADVANCED_FACE ( 'NONE', ( #2912 ), #340, .T. ) ;
#8994 = EDGE_CURVE ( 'NONE', #8798, #3896, #686, .T. ) ;
#8995 = ORIENTED_EDGE ( 'NONE', *, *, #1404, .F. ) ;
#8996 = CARTESIAN_POINT ( 'NONE',  ( 11.90000000000003600, 17.18062500000001000, 4.929141392239745100 ) ) ;
#8997 = CARTESIAN_POINT ( 'NONE',  ( -5.260512242138382500, 14.50875521535169600, -12.69999999999992800 ) ) ;
#8998 = DIRECTION ( 'NONE',  ( -0.0000000000000000000, -0.0000000000000000000, -1.000000000000000000 ) ) ;
#8999 = CARTESIAN_POINT ( 'NONE',  ( 8.570769583954458400, 24.29988525591085100, 15.83620107873047200 ) ) ;
#9000 = CARTESIAN_POINT ( 'NONE',  ( 5.312971222579579800, 17.75687500000001200, 12.82664718204931200 ) ) ;
#9001 = CARTESIAN_POINT ( 'NONE',  ( -12.69999999999992600, 12.28625521535170000, 5.260512242138390500 ) ) ;
#9002 = EDGE_LOOP ( 'NONE', ( #8427, #1919 ) ) ;
#9003 = CARTESIAN_POINT ( 'NONE',  ( 12.56412585201708900, -20.49170962313452900, -9.246769250645099800 ) ) ;
#9004 = VERTEX_POINT ( 'NONE', #718 ) ;
#9005 = DIRECTION ( 'NONE',  ( -8.775090700452169200E-016, -1.000000000000000000, -0.0000000000000000000 ) ) ;
#9006 = CARTESIAN_POINT ( 'NONE',  ( 0.0000000000000000000, 0.0000000000000000000, 0.0000000000000000000 ) ) ;
#9007 = DIRECTION ( 'NONE',  ( -1.000000000000000000, 0.0000000000000000000, 0.0000000000000000000 ) ) ;
#9008 = VECTOR ( 'NONE', #8646, 1000.000000000000100 ) ;
#9009 = ORIENTED_EDGE ( 'NONE', *, *, #4610, .F. ) ;
#9010 = CARTESIAN_POINT ( 'NONE',  ( -1.029669504015112700, 1.463847206690986900, -1.776953462223406400 ) ) ;
#9012 = ORIENTED_EDGE ( 'NONE', *, *, #924, .T. ) ;
#9011 = ORIENTED_EDGE ( 'NONE', *, *, #4610, .T. ) ;
#9013 = CARTESIAN_POINT ( 'NONE',  ( 19.25598086124352200, 22.32467817598033500, -6.975797196446222000 ) ) ;
#9014 = DIRECTION ( 'NONE',  ( -0.0000000000000000000, -1.000000000000000000, -0.0000000000000000000 ) ) ;
#9015 = AXIS2_PLACEMENT_3D ( 'NONE', #1088, #5633, #6253 ) ;
#9016 = VECTOR ( 'NONE', #970, 1000.000000000000000 ) ;
#9018 = DIRECTION ( 'NONE',  ( 1.000000000000000000, -0.0000000000000000000, -0.0000000000000000000 ) ) ;
#9017 = ADVANCED_BREP_SHAPE_REPRESENTATION ( '', ( #782, #1296 ), #8431 ) ;
#9019 = ORIENTED_EDGE ( 'NONE', *, *, #5946, .F. ) ;
#9020 = B_SPLINE_CURVE_WITH_KNOTS ( 'NONE', 3,
 ( #3705, #701, #8915, #4490, #5922, #8860, #6607, #8828, #2262, #4396, #1449, #3736 ),
 .UNSPECIFIED., .F., .F.,
 ( 4, 2, 2, 2, 2, 4 ),
 ( 2.344180752266293400E-007, 0.003137532069197817300, 0.006274829720320407500, 0.007843478545881701900, 0.009412127371442997200, 0.01254942502256558400 ),
 .UNSPECIFIED. ) ;
#9021 = VERTEX_POINT ( 'NONE', #7939 ) ;
#9022 =( BOUNDED_CURVE ( )  B_SPLINE_CURVE ( 2, ( #3489, #7127, #1187, #4210, #1098, #1977, #4967 ),
 .UNSPECIFIED., .F., .F. ) 
 B_SPLINE_CURVE_WITH_KNOTS ( ( 3, 2, 2, 3 ),
 ( 0.9062500000000000000, 0.9218750000000000000, 0.9375000000000000000, 0.9385493788140271100 ),
 .UNSPECIFIED. ) 
 CURVE ( )  GEOMETRIC_REPRESENTATION_ITEM ( )  RATIONAL_B_SPLINE_CURVE ( ( 1.000000000000000000, 0.9238795325112867400, 1.000000000000000000, 0.9238795325112867400, 1.000000000000000000, 0.9948877308226242700, 0.9904621441369403400 ) ) 
 REPRESENTATION_ITEM ( '' )  );
#9023 = EDGE_CURVE ( 'NONE', #8933, #2013, #8509, .T. ) ;
#9024 = ORIENTED_EDGE ( 'NONE', *, *, #8619, .F. ) ;
#9025 = LOCAL_TIME ( 13, 59, 25.00000000000000000, #7505 ) ;
#9026 = CARTESIAN_POINT ( 'NONE',  ( 8.414570696119856300, 17.41875000000000600, -8.414570696119973500 ) ) ;
#9027 = CYLINDRICAL_SURFACE ( 'NONE', #3100, 11.89999999999999900 ) ;
#9028 = DIRECTION ( 'NONE',  ( 1.000000000000000000, 1.231304080816852700E-016, -0.0000000000000000000 ) ) ;
#9029 = CARTESIAN_POINT ( 'NONE',  ( 4.929141392239743300, 16.42812500000000900, -11.90000000000003800 ) ) ;
#9030 = EDGE_CURVE ( 'NONE', #7049, #515, #7217, .T. ) ;
#9031 = VECTOR ( 'NONE', #9399, 1000.000000000000100 ) ;
#9032 = CARTESIAN_POINT ( 'NONE',  ( -9.035340417286477600E-014, 14.50250000000001500, -12.82664718204935100 ) ) ;
#9033 = AXIS2_PLACEMENT_3D ( 'NONE', #4728, #1005, #7775 ) ;
#9034 = ORIENTED_EDGE ( 'NONE', *, *, #2290, .F. ) ;
#9035 = ORIENTED_EDGE ( 'NONE', *, *, #6426, .F. ) ;
#9036 = CARTESIAN_POINT ( 'NONE',  ( -18.14786421578049100, 24.08264467504833200, -2.477330157115578100 ) ) ;
#9037 = VECTOR ( 'NONE', #7563, 1000.000000000000000 ) ;
#9038 = ADVANCED_FACE ( 'NONE', ( #8960 ), #4666, .T. ) ;
#9039 = VECTOR ( 'NONE', #4725, 1000.000000000000000 ) ;
#9040 = CARTESIAN_POINT ( 'NONE',  ( -6.440000000000000400, 0.0000000000000000000, 0.0000000000000000000 ) ) ;
#9041 = CARTESIAN_POINT ( 'NONE',  ( -4.444291428765573000, 3.918869757271529000E-016, 3.199999999999998800 ) ) ;
#9042 = VERTEX_POINT ( 'NONE', #2951 ) ;
#9043 = CARTESIAN_POINT ( 'NONE',  ( 8.414570696119978900, 13.49125000000001300, 8.414570696119851000 ) ) ;
#9044 = EDGE_CURVE ( 'NONE', #8209, #5749, #1078, .T. ) ;
#9045 = CC_DESIGN_PERSON_AND_ORGANIZATION_ASSIGNMENT ( #3692, #4938, ( #8555 ) ) ;
#9046 = ORIENTED_EDGE ( 'NONE', *, *, #7820, .T. ) ;
#9047 = VERTEX_POINT ( 'NONE', #1536 ) ;
#9048 = CIRCLE ( 'NONE', #2736, 14.20000000000000100 ) ;
#9049 = CIRCLE ( 'NONE', #3984, 3.703925678971643300 ) ;
#9050 = CARTESIAN_POINT ( 'NONE',  ( -13.25465439984741100, 5.925772473301785200E-016, 4.838760430703398000 ) ) ;
#9051 = CARTESIAN_POINT ( 'NONE',  ( -8.150058215393482200, 24.27242179343813100, -16.10048405176330300 ) ) ;
#9052 = EDGE_CURVE ( 'NONE', #2927, #3748, #4866, .T. ) ;
#9053 = DIRECTION ( 'NONE',  ( 0.0000000000000000000, 0.0000000000000000000, 1.000000000000000000 ) ) ;
#9054 = ORIENTED_EDGE ( 'NONE', *, *, #1138, .F. ) ;
#9055 = APPROVAL_DATE_TIME ( #2531, #5251 ) ;
#9056 = CARTESIAN_POINT ( 'NONE',  ( -0.5795110904247285900, 6.415388086664203900, 4.395341537439000100 ) ) ;
#9057 = VERTEX_POINT ( 'NONE', #5263 ) ;
#9058 = CARTESIAN_POINT ( 'NONE',  ( -8.414570696120009100, 12.85625000000001700, -8.414570696119820800 ) ) ;
#9059 = ORIENTED_EDGE ( 'NONE', *, *, #9308, .T. ) ;
#9060 = ORIENTED_EDGE ( 'NONE', *, *, #8118, .F. ) ;
#9061 = CARTESIAN_POINT ( 'NONE',  ( -5.099458686140303100, -1.295960409299079500E-016, 18.52161413992211400 ) ) ;
#9062 = VECTOR ( 'NONE', #1785, 1000.000000000000000 ) ;
#9063 = CARTESIAN_POINT ( 'NONE',  ( 11.89999999999996500, 19.87937500000000000, -4.929141392239915700 ) ) ;
#9064 = CARTESIAN_POINT ( 'NONE',  ( -19.25598086124321300, 22.32467817598112000, 6.975797196446050600 ) ) ;
#9065 = DIRECTION ( 'NONE',  ( 1.000000000000000000, -8.746504920891471700E-016, 0.0000000000000000000 ) ) ;
#9066 = ORIENTED_EDGE ( 'NONE', *, *, #1402, .F. ) ;
#9067 = CARTESIAN_POINT ( 'NONE',  ( -12.82664718204931200, 11.08937500000002000, 5.312971222579581500 ) ) ;
#9068 = ORIENTED_EDGE ( 'NONE', *, *, #6848, .T. ) ;
#9069 = FACE_OUTER_BOUND ( 'NONE', #2375, .T. ) ;
#9070 = CARTESIAN_POINT ( 'NONE',  ( -10.61987304526799200, 17.80000000000002200, -5.369198869700185600 ) ) ;
#9071 = CARTESIAN_POINT ( 'NONE',  ( -14.00000000000001100, 8.900000000000018100, -13.44999999999999900 ) ) ;
#9072 = CARTESIAN_POINT ( 'NONE',  ( 0.07255924427894937200, 1.045198276476618800, -2.048795178202053300 ) ) ;
#9073 = LINE ( 'NONE', #4948, #3384 ) ;
#9074 = CARTESIAN_POINT ( 'NONE',  ( -15.26879352041956400, 0.4084534993136733100, -13.25888090243343800 ) ) ;
#9075 = ORIENTED_EDGE ( 'NONE', *, *, #1184, .F. ) ;
#9076 = CARTESIAN_POINT ( 'NONE',  ( 0.1083897543756179300, 1.048450446541747200, -2.047132546062026700 ) ) ;
#9077 = DIRECTION ( 'NONE',  ( 1.000000000000000000, 0.0000000000000000000, 0.0000000000000000000 ) ) ;
#9078 = CARTESIAN_POINT ( 'NONE',  ( 4.929141392239737100, 13.88812500000001500, -11.90000000000003900 ) ) ;
#9079 = CONICAL_SURFACE ( 'NONE', #3871, 9.525000000000000400, 1.047197551196596500 ) ;
#9080 = CIRCLE ( 'NONE', #5502, 11.69999999999998900 ) ;
#9081 = CARTESIAN_POINT ( 'NONE',  ( -11.69999999999997800, 10.90000000000002000, 1.432836755002401700E-015 ) ) ;
#9082 = EDGE_CURVE ( 'NONE', #5440, #4444, #1380, .T. ) ;
#9083 = CARTESIAN_POINT ( 'NONE',  ( 0.0000000000000000000, 0.0000000000000000000, 17.60000000000000100 ) ) ;
#9084 = CARTESIAN_POINT ( 'NONE',  ( 1.408343061269071100E-016, -6.440000000000000400, 4.250000000000001800 ) ) ;
#9085 = EDGE_CURVE ( 'NONE', #1361, #9472, #2795, .T. ) ;
#9086 = CARTESIAN_POINT ( 'NONE',  ( 0.0000000000000000000, 23.09492482837286800, 0.0000000000000000000 ) ) ;
#9087 = CARTESIAN_POINT ( 'NONE',  ( 14.73587640020000600, 0.0000000000000000000, 0.0000000000000000000 ) ) ;
#9088 = ADVANCED_FACE ( 'NONE', ( #922 ), #1038, .T. ) ;
#9089 = VECTOR ( 'NONE', #5650, 999.9999999999998900 ) ;
#9090 =( BOUNDED_CURVE ( )  B_SPLINE_CURVE ( 2, ( #4194, #7238, #5043, #9460, #1300, #5741, #7139, #6519, #523 ),
 .UNSPECIFIED., .F., .F. ) 
 B_SPLINE_CURVE_WITH_KNOTS ( ( 3, 2, 2, 2, 3 ),
 ( 0.5937500000000000000, 0.6093750000000000000, 0.6250000000000000000, 0.6406250000000000000, 0.6562500000000000000 ),
 .UNSPECIFIED. ) 
 CURVE ( )  GEOMETRIC_REPRESENTATION_ITEM ( )  RATIONAL_B_SPLINE_CURVE ( ( 1.000000000000000000, 0.9238795325112867400, 1.000000000000000000, 0.9238795325112867400, 1.000000000000000000, 0.9238795325112867400, 1.000000000000000000, 0.9238795325112867400, 1.000000000000000000 ) ) 
 REPRESENTATION_ITEM ( '' )  );
#9091 = DIRECTION ( 'NONE',  ( 0.0000000000000000000, -0.7071067811865479100, -0.7071067811865471300 ) ) ;
#9092 = AXIS2_PLACEMENT_3D ( 'NONE', #2596, #7251, #2797 ) ;
#9093 = VERTEX_POINT ( 'NONE', #7461 ) ;
#9094 = CARTESIAN_POINT ( 'NONE',  ( -11.89999999999999900, 14.08500000000001500, 8.309725586446656100E-014 ) ) ;
#9095 = DIRECTION ( 'NONE',  ( 1.000000000000000000, 0.0000000000000000000, -1.289757231209522100E-016 ) ) ;
#9096 = AXIS2_PLACEMENT_3D ( 'NONE', #7097, #350, #9386 ) ;
#9097 = CARTESIAN_POINT ( 'NONE',  ( -8.414570696120012600, 11.58625000000001900, -8.414570696119817200 ) ) ;
#9098 = CARTESIAN_POINT ( 'NONE',  ( -4.118495503215809700, 17.33991366554030500, 11.68185070660782400 ) ) ;
#9099 = DIRECTION ( 'NONE',  ( 0.0000000000000000000, 0.0000000000000000000, 1.000000000000000000 ) ) ;
#9100 = CARTESIAN_POINT ( 'NONE',  ( -12.82664718204931200, 13.62937500000001600, 5.312971222579581500 ) ) ;
#9101 = EDGE_CURVE ( 'NONE', #8181, #8693, #2315, .T. ) ;
#9102 = DIRECTION ( 'NONE',  ( -1.000000000000000000, 0.0000000000000000000, 0.0000000000000000000 ) ) ;
#9103 = VERTEX_POINT ( 'NONE', #5236 ) ;
#9104 = FACE_BOUND ( 'NONE', #154, .T. ) ;
#9105 = DIRECTION ( 'NONE',  ( 1.060575238724908600E-016, 0.4999999999999976100, -0.8660254037844400400 ) ) ;
#9106 = VERTEX_POINT ( 'NONE', #1508 ) ;
#9107 = EDGE_CURVE ( 'NONE', #117, #5413, #2081, .T. ) ;
#9108 = CARTESIAN_POINT ( 'NONE',  ( -5.050000000000013100, 6.184466335694148800E-016, 0.0000000000000000000 ) ) ;
#9109 = AXIS2_PLACEMENT_3D ( 'NONE', #817, #6110, #6760 ) ;
#9110 = DIRECTION ( 'NONE',  ( -0.0000000000000000000, -1.000000000000000000, -0.0000000000000000000 ) ) ;
#9111 = CARTESIAN_POINT ( 'NONE',  ( 1.955170296790373900, 0.8110566135902760300, -0.6294185448917993800 ) ) ;
#9112 = CARTESIAN_POINT ( 'NONE',  ( 14.00000000000000000, 3.918869757271530500E-016, -3.200000000000000200 ) ) ;
#9113 = CARTESIAN_POINT ( 'NONE',  ( 15.60000000000000100, -23.10000000000000100, 0.0000000000000000000 ) ) ;
#9114 = VERTEX_POINT ( 'NONE', #5465 ) ;
#9115 = CIRCLE ( 'NONE', #7667, 3.399999999999999900 ) ;
#9116 = ADVANCED_FACE ( 'NONE', ( #4320 ), #86, .T. ) ;
#9117 = CARTESIAN_POINT ( 'NONE',  ( 1.408344576769477600E-016, 6.440000000000000400, 4.250000000000001800 ) ) ;
#9118 = DIRECTION ( 'NONE',  ( -1.000000000000000000, -0.0000000000000000000, -0.0000000000000000000 ) ) ;
#9119 = CARTESIAN_POINT ( 'NONE',  ( 9.000000000000001800, -1.199999999999999700, -11.49999999999999800 ) ) ;
#9120 = ORIENTED_EDGE ( 'NONE', *, *, #4146, .F. ) ;
#9121 = CC_DESIGN_DATE_AND_TIME_ASSIGNMENT ( #5190, #574, ( #3008 ) ) ;
#9122 = CARTESIAN_POINT ( 'NONE',  ( -0.7066204771846587000, -6.402008908317405700, 4.480403718308275900 ) ) ;
#9123 = CARTESIAN_POINT ( 'NONE',  ( 12.44999999999999900, 0.0000000000000000000, 0.0000000000000000000 ) ) ;
#9124 = CARTESIAN_POINT ( 'NONE',  ( -5.499261314031100400, -9.525000000000057200, 0.8507386859688216300 ) ) ;
#9125 = EDGE_CURVE ( 'NONE', #1789, #678, #6875, .T. ) ;
#9126 = CARTESIAN_POINT ( 'NONE',  ( -4.929141392239914800, 15.11687500000001400, -11.89999999999996500 ) ) ;
#9127 = VERTEX_POINT ( 'NONE', #5435 ) ;
#9128 = LINE ( 'NONE', #4346, #4131 ) ;
#9129 = DIRECTION ( 'NONE',  ( -0.0000000000000000000, -1.000000000000000000, -0.0000000000000000000 ) ) ;
#9130 = EDGE_LOOP ( 'NONE', ( #4521, #7645, #2719, #2305, #5344, #3817 ) ) ;
#9131 = CARTESIAN_POINT ( 'NONE',  ( 13.44999999999999900, 0.0000000000000000000, -8.252653961416930500 ) ) ;
#9132 = CARTESIAN_POINT ( 'NONE',  ( 9.863250584287866800, 17.50324127492153900, 7.186112824488512600 ) ) ;
#9133 = B_SPLINE_CURVE_WITH_KNOTS ( 'NONE', 3,
 ( #3111, #9061, #4995, #1255, #2008, #4273, #6471, #4139 ),
 .UNSPECIFIED., .F., .F.,
 ( 4, 2, 2, 4 ),
 ( 0.01166087292114894500, 0.01306000286045926200, 0.01375956783011441700, 0.01445913279976957100 ),
 .UNSPECIFIED. ) ;
#9134 = CARTESIAN_POINT ( 'NONE',  ( 11.89999999999999900, 20.00000000000000000, -8.455458555545188700E-014 ) ) ;
#9135 = DIRECTION ( 'NONE',  ( 0.0000000000000000000, 0.0000000000000000000, 1.000000000000000000 ) ) ;
#9137 = EDGE_LOOP ( 'NONE', ( #4098, #1828 ) ) ;
#9136 = ORIENTED_EDGE ( 'NONE', *, *, #8346, .F. ) ;
#9138 = DIRECTION ( 'NONE',  ( 0.0000000000000000000, 0.0000000000000000000, -1.000000000000000000 ) ) ;
#9139 = VERTEX_POINT ( 'NONE', #3921 ) ;
#9140 = CARTESIAN_POINT ( 'NONE',  ( 10.54984241687412300, 0.7771369221287953700, 0.5916930452590260000 ) ) ;
#9141 = CIRCLE ( 'NONE', #5916, 2.309999999999996500 ) ;
#9142 = ORIENTED_EDGE ( 'NONE', *, *, #6788, .F. ) ;
#9143 = ADVANCED_FACE ( 'NONE', ( #7929 ), #5027, .T. ) ;
#9144 = CARTESIAN_POINT ( 'NONE',  ( -19.12530091371875000, 22.64442577216195200, 6.617422698314414700 ) ) ;
#9145 = AXIS2_PLACEMENT_3D ( 'NONE', #9684, #2279, #748 ) ;
#9146 = CARTESIAN_POINT ( 'NONE',  ( 2.050000000000000300, 0.6609346322114796300, -0.1309347191463761100 ) ) ;
#9148 = ORIENTED_EDGE ( 'NONE', *, *, #8651, .T. ) ;
#9147 = ORIENTED_EDGE ( 'NONE', *, *, #4046, .F. ) ;
#9149 = CARTESIAN_POINT ( 'NONE',  ( -7.143125246700833800E-014, 16.30750000000000800, -11.89999999999999900 ) ) ;
#9150 = CARTESIAN_POINT ( 'NONE',  ( 12.42080871743440400, 11.42080871743513600, -0.6546641552378211800 ) ) ;
#9151 = EDGE_LOOP ( 'NONE', ( #3104, #706, #6688, #9233 ) ) ;
#9152 = EDGE_CURVE ( 'NONE', #6401, #9057, #8630, .T. ) ;
#9153 = VECTOR ( 'NONE', #1686, 1000.000000000000000 ) ;
#9154 = B_SPLINE_CURVE_WITH_KNOTS ( 'NONE', 3,
 ( #4826, #1153, #4164, #7837, #443, #4071, #4794, #9274 ),
 .UNSPECIFIED., .F., .F.,
 ( 4, 2, 2, 4 ),
 ( 0.005564589980275988800, 0.006950476802621102100, 0.008336363624966217100, 0.01110813726965644400 ),
 .UNSPECIFIED. ) ;
#9155 = DIRECTION ( 'NONE',  ( -1.000000000000000000, -0.0000000000000000000, -0.0000000000000000000 ) ) ;
#9156 = DIRECTION ( 'NONE',  ( 1.000000000000000000, -0.0000000000000000000, -0.0000000000000000000 ) ) ;
#9157 = VERTEX_POINT ( 'NONE', #235 ) ;
#9158 = CARTESIAN_POINT ( 'NONE',  ( -9.313179384921682000, 8.641945085602492000, 0.0000000000000000000 ) ) ;
#9159 = PERSON_AND_ORGANIZATION ( #8727, #5199 ) ;
#9160 = DIRECTION ( 'NONE',  ( 0.0000000000000000000, -1.000000000000000000, 0.0000000000000000000 ) ) ;
#9161 = AXIS2_PLACEMENT_3D ( 'NONE', #1844, #535, #7941 ) ;
#9162 = CARTESIAN_POINT ( 'NONE',  ( -0.5801320350610871300, 6.415334500415308800, 6.404323259443804000 ) ) ;
#9163 = DIRECTION ( 'NONE',  ( 0.0000000000000000000, 0.0000000000000000000, -1.000000000000000000 ) ) ;
#9164 = AXIS2_PLACEMENT_3D ( 'NONE', #4008, #186, #9196 ) ;
#9165 = VECTOR ( 'NONE', #4034, 1000.000000000000000 ) ;
#9166 = VECTOR ( 'NONE', #1678, 1000.000000000000100 ) ;
#9167 = EDGE_CURVE ( 'NONE', #8157, #7381, #6636, .T. ) ;
#9168 = CARTESIAN_POINT ( 'NONE',  ( 11.90000000000003600, 12.10062500000001700, 4.929141392239745100 ) ) ;
#9169 = CARTESIAN_POINT ( 'NONE',  ( 16.95045816486702600, 20.63746869550590200, -12.39685314912947300 ) ) ;
#9170 = CARTESIAN_POINT ( 'NONE',  ( -5.240418529693812400, 17.32699924967820200, 11.21575400664849600 ) ) ;
#9171 = CARTESIAN_POINT ( 'NONE',  ( 0.0000000000000000000, 0.0000000000000000000, -2.200000000000000200 ) ) ;
#9172 = ORIENTED_EDGE ( 'NONE', *, *, #3723, .F. ) ;
#9173 = EDGE_CURVE ( 'NONE', #9157, #9127, #462, .T. ) ;
#9174 = AXIS2_PLACEMENT_3D ( 'NONE', #6036, #1558, #6138 ) ;
#9175 = CARTESIAN_POINT ( 'NONE',  ( -4.929141392239751300, 19.60312500000000200, 11.90000000000003200 ) ) ;
#9176 = LINE ( 'NONE', #4531, #762 ) ;
#9177 = CARTESIAN_POINT ( 'NONE',  ( 7.349999999999998800, -2.300000000000002900, 2.816687638038912100E-016 ) ) ;
#9178 = AXIS2_PLACEMENT_3D ( 'NONE', #7787, #2602, #180 ) ;
#9179 = VERTEX_POINT ( 'NONE', #3216 ) ;
#9180 = DIRECTION ( 'NONE',  ( 0.0000000000000000000, 0.0000000000000000000, 1.000000000000000000 ) ) ;
#9181 = CARTESIAN_POINT ( 'NONE',  ( 6.835616853894461700, 16.99999999999986900, -10.70347337207656800 ) ) ;
#9182 = COORDINATED_UNIVERSAL_TIME_OFFSET ( 8, 0, .AHEAD. ) ;
#9183 = CARTESIAN_POINT ( 'NONE',  ( 12.69999999999992800, 12.92125521535169800, -5.260512242138384300 ) ) ;
#9184 = ORIENTED_EDGE ( 'NONE', *, *, #7188, .T. ) ;
#9185 = DIRECTION ( 'NONE',  ( -8.775090700452169200E-016, -1.000000000000000000, -0.0000000000000000000 ) ) ;
#9186 = CYLINDRICAL_SURFACE ( 'NONE', #5616, 2.000000000000001800 ) ;
#9187 = CARTESIAN_POINT ( 'NONE',  ( 19.29824936307636200, 20.92702910605441200, -8.248035713890583800 ) ) ;
#9188 = CIRCLE ( 'NONE', #8164, 6.299999999999996300 ) ;
#9189 = CARTESIAN_POINT ( 'NONE',  ( 1.026685611952905400E-014, 11.70000000000001900, 0.0000000000000000000 ) ) ;
#9190 = CARTESIAN_POINT ( 'NONE',  ( 12.94999999999999200, 9.400000000000000400, 13.44999999999999900 ) ) ;
#9191 = CARTESIAN_POINT ( 'NONE',  ( 8.511837979438613700E-015, 9.700000000000011700, 0.0000000000000000000 ) ) ;
#9192 = CC_DESIGN_APPROVAL ( #3634, ( #4255 ) ) ;
#9193 = COORDINATED_UNIVERSAL_TIME_OFFSET ( 8, 0, .AHEAD. ) ;
#9194 = ORIENTED_EDGE ( 'NONE', *, *, #353, .F. ) ;
#9195 = CARTESIAN_POINT ( 'NONE',  ( -15.66920801439210600, 22.32467817596788600, 13.18827000240033900 ) ) ;
#9196 = DIRECTION ( 'NONE',  ( 0.0000000000000000000, 0.0000000000000000000, 1.000000000000000000 ) ) ;
#9197 = ORIENTED_EDGE ( 'NONE', *, *, #6410, .F. ) ;
#9198 = VECTOR ( 'NONE', #5160, 1000.000000000000100 ) ;
#9199 = DIRECTION ( 'NONE',  ( 0.0000000000000000000, 0.0000000000000000000, 1.000000000000000000 ) ) ;
#9200 = EDGE_CURVE ( 'NONE', #9157, #5958, #6058, .T. ) ;
#9201 = APPLICATION_CONTEXT ( 'configuration controlled 3d designs of mechanical parts and assemblies' ) ;
#9202 = CARTESIAN_POINT ( 'NONE',  ( -0.9187386942008175500, -6.375025472320111900, 4.692264857551853300 ) ) ;
#9203 = LINE ( 'NONE', #3346, #212 ) ;
#9204 = ADVANCED_FACE ( 'NONE', ( #6184 ), #6867, .F. ) ;
#9205 = VERTEX_POINT ( 'NONE', #9211 ) ;
#9206 = VERTEX_POINT ( 'NONE', #8457 ) ;
#9207 = CONICAL_SURFACE ( 'NONE', #7709, 3.199999999999998000, 1.047197551196600300 ) ;
#9208 = CARTESIAN_POINT ( 'NONE',  ( -11.89999999999996300, 11.62437500000002000, 4.929141392239922800 ) ) ;
#9209 = CARTESIAN_POINT ( 'NONE',  ( 11.91746822211635100, 17.60627158387122600, -2.099568940568507600 ) ) ;
#9210 = CARTESIAN_POINT ( 'NONE',  ( -19.39036499424332800, 21.77909622115363000, 7.502736951569204400 ) ) ;
#9211 = CARTESIAN_POINT ( 'NONE',  ( 13.99999999999999600, 21.94442923809691900, 0.0000000000000000000 ) ) ;
#9212 = FACE_BOUND ( 'NONE', #6007, .T. ) ;
#9213 = CARTESIAN_POINT ( 'NONE',  ( -8.414570696119973500, 15.39625000000001100, -8.414570696119856300 ) ) ;
#9214 = DIRECTION ( 'NONE',  ( 0.0000000000000000000, 1.000000000000000000, 0.0000000000000000000 ) ) ;
#9215 = CARTESIAN_POINT ( 'NONE',  ( -9.760840483540155400, 17.76690911113375300, -7.068300908699654000 ) ) ;
#9216 = FACE_OUTER_BOUND ( 'NONE', #6235, .T. ) ;
#9217 = CARTESIAN_POINT ( 'NONE',  ( 0.3721226594836736200, 1.075715392538818500, -2.033168650631986400 ) ) ;
#9218 = DIRECTION ( 'NONE',  ( 0.0000000000000000000, 0.0000000000000000000, -1.000000000000000000 ) ) ;
#9219 = CARTESIAN_POINT ( 'NONE',  ( 12.10380299618156600, 11.52173915494918400, -3.274163020179501800 ) ) ;
#9220 = AXIS2_PLACEMENT_3D ( 'NONE', #7219, #4329, #8041 ) ;
#9221 = AXIS2_PLACEMENT_3D ( 'NONE', #5861, #5382, #6896 ) ;
#9222 = CARTESIAN_POINT ( 'NONE',  ( -4.877304130657793600, 0.0000000000000000000, 0.0000000000000000000 ) ) ;
#9223 = VECTOR ( 'NONE', #4038, 1000.000000000000000 ) ;
#9224 = EDGE_CURVE ( 'NONE', #7202, #4715, #451, .T. ) ;
#9225 = DIRECTION ( 'NONE',  ( 0.0000000000000000000, 0.0000000000000000000, -1.000000000000000000 ) ) ;
#9226 = CARTESIAN_POINT ( 'NONE',  ( -18.56783378476909600, 8.641945085602492000, 0.0000000000000000000 ) ) ;
#9227 = ORIENTED_EDGE ( 'NONE', *, *, #7578, .T. ) ;
#9228 = DIRECTION ( 'NONE',  ( 0.0000000000000000000, -1.000000000000000000, 0.0000000000000000000 ) ) ;
#9229 = CARTESIAN_POINT ( 'NONE',  ( -7.780436236922057900, -5.573889132600977600, -5.980052607615361200E-015 ) ) ;
#9230 = ORIENTED_EDGE ( 'NONE', *, *, #4317, .F. ) ;
#9231 = CYLINDRICAL_SURFACE ( 'NONE', #8861, 6.440000000000000400 ) ;
#9232 = CARTESIAN_POINT ( 'NONE',  ( -11.90000000000003200, 15.27562500000001000, -4.929141392239748700 ) ) ;
#9233 = ORIENTED_EDGE ( 'NONE', *, *, #6873, .F. ) ;
#9234 = CARTESIAN_POINT ( 'NONE',  ( 8.339098468028414100, 17.68734031407016300, -8.656764369349087200 ) ) ;
#9235 = CARTESIAN_POINT ( 'NONE',  ( -12.69999999999992600, 13.55625521535169600, 5.260512242138390500 ) ) ;
#9236 = CARTESIAN_POINT ( 'NONE',  ( -8.414570696119973500, 17.93625000000000800, -8.414570696119856300 ) ) ;
#9237 = EDGE_CURVE ( 'NONE', #4389, #730, #3604, .T. ) ;
#9238 = CARTESIAN_POINT ( 'NONE',  ( -12.69999999999996900, 14.89311978464833300, 8.868362600661534700E-014 ) ) ;
#9239 = CARTESIAN_POINT ( 'NONE',  ( 14.28999999999999700, -20.49170962313452500, -6.257467538869064100 ) ) ;
#9240 = VERTEX_POINT ( 'NONE', #3960 ) ;
#9241 = DIRECTION ( 'NONE',  ( -1.507912601349432600E-032, 1.224646799147353200E-016, 1.000000000000000000 ) ) ;
#9242 = CARTESIAN_POINT ( 'NONE',  ( 0.0000000000000000000, 0.0000000000000000000, -3.000000000000000000 ) ) ;
#9243 = AXIS2_PLACEMENT_3D ( 'NONE', #3948, #7715, #3300 ) ;
#9244 = ADVANCED_FACE ( 'NONE', ( #1616 ), #1490, .T. ) ;
#9245 = CARTESIAN_POINT ( 'NONE',  ( 9.000000000000001800, -11.19999999999999900, -9.000000000000000000 ) ) ;
#9246 = DIRECTION ( 'NONE',  ( -0.0000000000000000000, -1.000000000000000000, -0.0000000000000000000 ) ) ;
#9247 = CARTESIAN_POINT ( 'NONE',  ( 10.95923794478381900, 11.64968738236781600, -6.352023268235143400 ) ) ;
#9248 = ORIENTED_EDGE ( 'NONE', *, *, #4906, .T. ) ;
#9249 = VERTEX_POINT ( 'NONE', #203 ) ;
#9250 = CARTESIAN_POINT ( 'NONE',  ( -1.725874147982924500, -10.80829037686547000, 15.50423678951415400 ) ) ;
#9251 = ORIENTED_EDGE ( 'NONE', *, *, #1354, .T. ) ;
#9252 = CARTESIAN_POINT ( 'NONE',  ( -13.25465439984741100, 0.0000000000000000000, 0.0000000000000000000 ) ) ;
#9253 = CARTESIAN_POINT ( 'NONE',  ( 10.77636534613066200, -20.92015562749998700, -10.27893325996520700 ) ) ;
#9254 =( NAMED_UNIT ( * ) PLANE_ANGLE_UNIT ( ) SI_UNIT ( $, .RADIAN. ) );
#9255 = CARTESIAN_POINT ( 'NONE',  ( -8.248891971046740300, -4.762500000000066800, 17.60000000000000100 ) ) ;
#9256 = ORIENTED_EDGE ( 'NONE', *, *, #4700, .T. ) ;
#9257 = FACE_OUTER_BOUND ( 'NONE', #5046, .T. ) ;
#9258 = CARTESIAN_POINT ( 'NONE',  ( 0.0000000000000000000, 0.0000000000000000000, -3.000000000000000000 ) ) ;
#9259 = ORIENTED_EDGE ( 'NONE', *, *, #5920, .T. ) ;
#9261 = ORIENTED_EDGE ( 'NONE', *, *, #1233, .T. ) ;
#9260 = VERTEX_POINT ( 'NONE', #3887 ) ;
#9262 = CARTESIAN_POINT ( 'NONE',  ( -8.382592070995923700E-014, 11.22750000000002000, -11.89999999999999900 ) ) ;
#9263 = CARTESIAN_POINT ( 'NONE',  ( -14.00000000000000000, 0.0000000000000000000, 3.200000000000000200 ) ) ;
#9264 = DIRECTION ( 'NONE',  ( 0.0000000000000000000, 0.0000000000000000000, -1.000000000000000000 ) ) ;
#9265 = CYLINDRICAL_SURFACE ( 'NONE', #29, 12.69999999999998500 ) ;
#9266 = CARTESIAN_POINT ( 'NONE',  ( -8.414570696119973500, 16.66625000000000900, -8.414570696119856300 ) ) ;
#9267 = ORIENTED_EDGE ( 'NONE', *, *, #4838, .T. ) ;
#9268 = CARTESIAN_POINT ( 'NONE',  ( 1.544415963279582900E-014, 17.60000000000001200, 0.0000000000000000000 ) ) ;
#9269 = ORIENTED_EDGE ( 'NONE', *, *, #6441, .T. ) ;
#9270 = ORIENTED_EDGE ( 'NONE', *, *, #7319, .T. ) ;
#9271 = CARTESIAN_POINT ( 'NONE',  ( 0.0000000000000000000, -9.525000000000057200, 5.400000000000002100 ) ) ;
#9272 = CALENDAR_DATE ( 2023, 6, 9 ) ;
#9273 = CARTESIAN_POINT ( 'NONE',  ( -13.25465439984741200, 6.827405905246492200E-016, 5.474999999999998800 ) ) ;
#9274 = CARTESIAN_POINT ( 'NONE',  ( 5.499261314031167900, 9.525000000000019900, 16.74926131403118000 ) ) ;
#9275 = FACE_BOUND ( 'NONE', #6706, .T. ) ;
#9276 = CARTESIAN_POINT ( 'NONE',  ( 17.47810899155977900, 0.0000000000000000000, 0.0000000000000000000 ) ) ;
#9277 = VECTOR ( 'NONE', #6361, 1000.000000000000000 ) ;
#9278 = B_SPLINE_CURVE_WITH_KNOTS ( 'NONE', 3,
 ( #534, #2003, #8689, #9444, #2690, #5028 ),
 .UNSPECIFIED., .F., .F.,
 ( 4, 2, 4 ),
 ( 5.416208058965399200E-007, 0.0007387541640706893200, 0.001476966707335482000 ),
 .UNSPECIFIED. ) ;
#9279 = AXIS2_PLACEMENT_3D ( 'NONE', #9494, #5824, #5138 ) ;
#9280 = CARTESIAN_POINT ( 'NONE',  ( 2.332295471198202900, -9.524999999999971900, 17.44325433951765100 ) ) ;
#9281 = DIRECTION ( 'NONE',  ( -1.000000000000000000, 8.195543980992796600E-016, 0.0000000000000000000 ) ) ;
#9282 = ORIENTED_EDGE ( 'NONE', *, *, #2988, .T. ) ;
#9283 = EDGE_CURVE ( 'NONE', #5022, #827, #8150, .T. ) ;
#9284 = EDGE_LOOP ( 'NONE', ( #7152, #4852, #4713, #6455 ) ) ;
#9285 = EDGE_CURVE ( 'NONE', #3470, #2285, #2666, .T. ) ;
#9286 = CIRCLE ( 'NONE', #75, 16.68470121112101300 ) ;
#9287 = CARTESIAN_POINT ( 'NONE',  ( -15.48935550388020000, 22.49822439696482200, 13.21864678629327700 ) ) ;
#9288 = CIRCLE ( 'NONE', #8160, 14.19999999999999900 ) ;
#9289 = CARTESIAN_POINT ( 'NONE',  ( 6.911767002504930700, 24.07865626561152100, -16.96801149066825000 ) ) ;
#9290 = ORIENTED_EDGE ( 'NONE', *, *, #1415, .F. ) ;
#9291 = LOCAL_TIME ( 13, 59, 25.00000000000000000, #1582 ) ;
#9292 = AXIS2_PLACEMENT_3D ( 'NONE', #2498, #5606, #6965 ) ;
#9293 = CARTESIAN_POINT ( 'NONE',  ( -12.69999999999992800, 14.97249478464833300, 5.260512242138391400 ) ) ;
#9294 = CARTESIAN_POINT ( 'NONE',  ( 9.101657815899105100E-014, 12.67061978464833800, 12.69999999999996900 ) ) ;
#9295 = EDGE_LOOP ( 'NONE', ( #1252, #6234, #4401, #3655 ) ) ;
#9296 = AXIS2_PLACEMENT_3D ( 'NONE', #5120, #7978, #2860 ) ;
#9297 = ADVANCED_FACE ( 'NONE', ( #4657 ), #7673, .F. ) ;
#9298 = EDGE_CURVE ( 'NONE', #1988, #2786, #8144, .T. ) ;
#9299 = LINE ( 'NONE', #3285, #198 ) ;
#9300 = LINE ( 'NONE', #253, #8014 ) ;
#9301 = CARTESIAN_POINT ( 'NONE',  ( 5.312971222579394100, 16.96312500000000900, -12.82664718204939000 ) ) ;
#9302 = ORIENTED_EDGE ( 'NONE', *, *, #4235, .F. ) ;
#9303 = CALENDAR_DATE ( 2023, 6, 9 ) ;
#9304 = DIRECTION ( 'NONE',  ( -1.000000000000000000, -0.0000000000000000000, -0.0000000000000000000 ) ) ;
#9305 = DIRECTION ( 'NONE',  ( -0.0000000000000000000, -1.000000000000000000, -0.0000000000000000000 ) ) ;
#9306 = CARTESIAN_POINT ( 'NONE',  ( -5.260512242138209300, 13.86124478464833500, 12.70000000000000300 ) ) ;
#9307 = EDGE_LOOP ( 'NONE', ( #460, #5302, #8730, #8146 ) ) ;
#9308 = EDGE_CURVE ( 'NONE', #4421, #6401, #9073, .T. ) ;
#9309 = AXIS2_PLACEMENT_3D ( 'NONE', #5561, #1077, #9338 ) ;
#9310 = VERTEX_POINT ( 'NONE', #1893 ) ;
#9311 = CARTESIAN_POINT ( 'NONE',  ( 11.89999999999999900, 14.92000000000001200, -8.455458555545188700E-014 ) ) ;
#9312 = CARTESIAN_POINT ( 'NONE',  ( -8.017523061292044300E-014, 12.49750000000001600, -11.89999999999999900 ) ) ;
#9313 = FACE_OUTER_BOUND ( 'NONE', #5988, .T. ) ;
#9314 = CARTESIAN_POINT ( 'NONE',  ( 3.586772846851400000, 22.32467817597280300, -20.16406719884744100 ) ) ;
#9315 = DIRECTION ( 'NONE',  ( 0.0000000000000000000, 0.0000000000000000000, -1.000000000000000000 ) ) ;
#9316 = CARTESIAN_POINT ( 'NONE',  ( -1.364715712891807500, 17.79999999999999400, -11.82148683639186600 ) ) ;
#9317 = ORIENTED_EDGE ( 'NONE', *, *, #122, .T. ) ;
#9318 = ORIENTED_EDGE ( 'NONE', *, *, #1216, .F. ) ;
#9319 = CARTESIAN_POINT ( 'NONE',  ( 4.609918769206964300, -9.524999999999952400, 17.00599239285924800 ) ) ;
#9320 = DIRECTION ( 'NONE',  ( 0.7071067811865487900, -0.7071067811865463500, -1.837086636568278900E-016 ) ) ;
#9321 = ORIENTED_EDGE ( 'NONE', *, *, #5860, .F. ) ;
#9322 = DIRECTION ( 'NONE',  ( 0.0000000000000000000, 0.0000000000000000000, 1.000000000000000000 ) ) ;
#9323 = FACE_OUTER_BOUND ( 'NONE', #3986, .T. ) ;
#9324 = CC_DESIGN_PERSON_AND_ORGANIZATION_ASSIGNMENT ( #4495, #8760, ( #8811 ) ) ;
#9325 = VECTOR ( 'NONE', #8644, 1000.000000000000000 ) ;
#9326 = CARTESIAN_POINT ( 'NONE',  ( 0.0000000000000000000, 0.0000000000000000000, 0.0000000000000000000 ) ) ;
#9327 = CARTESIAN_POINT ( 'NONE',  ( -8.946127672407389400E-014, 15.69938021535169000, -12.69999999999996700 ) ) ;
#9328 = CARTESIAN_POINT ( 'NONE',  ( 12.56412585201709000, -10.80829037686547000, -9.246769250645101600 ) ) ;
#9329 = ORIENTED_EDGE ( 'NONE', *, *, #5072, .F. ) ;
#9330 = CARTESIAN_POINT ( 'NONE',  ( 8.414570696119843900, 17.61875000000000600, -8.414570696119986000 ) ) ;
#9331 = EDGE_CURVE ( 'NONE', #9493, #4530, #1849, .T. ) ;
#9332 = SECURITY_CLASSIFICATION_LEVEL ( 'unclassified' ) ;
#9333 = CARTESIAN_POINT ( 'NONE',  ( -2.746600138359842200, 21.21594193545316600, -20.76682202051344500 ) ) ;
#9334 = CARTESIAN_POINT ( 'NONE',  ( -12.27635182233306700, 0.0000000000000000000, 0.0000000000000000000 ) ) ;
#9335 = CYLINDRICAL_SURFACE ( 'NONE', #5373, 3.200000000000000200 ) ;
#9336 = CARTESIAN_POINT ( 'NONE',  ( -12.82664718204931200, 18.70937500000000900, 5.312971222579581500 ) ) ;
#9337 = CARTESIAN_POINT ( 'NONE',  ( -8.980256121069192700, 12.04813021535170000, -8.980256121069064800 ) ) ;
#9338 = DIRECTION ( 'NONE',  ( 1.000000000000000000, 0.0000000000000000000, 0.0000000000000000000 ) ) ;
#9339 = UNCERTAINTY_MEASURE_WITH_UNIT (LENGTH_MEASURE( 1.000000000000000100E-005 ), #5360, 'distance_accuracy_value', 'NONE');
#9340 =( BOUNDED_CURVE ( )  B_SPLINE_CURVE ( 2, ( #1436, #4419, #8135, #3694, #752, #8997, #6654, #8163, #4514 ),
 .UNSPECIFIED., .F., .F. ) 
 B_SPLINE_CURVE_WITH_KNOTS ( ( 3, 2, 2, 2, 3 ),
 ( 0.3125000000000000000, 0.3281250000000000000, 0.3437500000000000000, 0.3593750000000000000, 0.3750000000000000000 ),
 .UNSPECIFIED. ) 
 CURVE ( )  GEOMETRIC_REPRESENTATION_ITEM ( )  RATIONAL_B_SPLINE_CURVE ( ( 1.000000000000000000, 0.9238795325112867400, 1.000000000000000000, 0.9238795325112867400, 1.000000000000000000, 0.9238795325112867400, 1.000000000000000000, 0.9238795325112867400, 1.000000000000000000 ) ) 
 REPRESENTATION_ITEM ( '' )  );
#9341 = CIRCLE ( 'NONE', #2282, 11.89999999999999000 ) ;
#9342 = CARTESIAN_POINT ( 'NONE',  ( 0.0000000000000000000, 24.00000000000000000, 0.0000000000000000000 ) ) ;
#9343 = VERTEX_POINT ( 'NONE', #2615 ) ;
#9344 = CARTESIAN_POINT ( 'NONE',  ( -13.44999999999999900, 8.900000000000016300, -12.94999999999999200 ) ) ;
#9345 = ADVANCED_FACE ( 'NONE', ( #2905 ), #8621, .F. ) ;
#9346 = DIRECTION ( 'NONE',  ( -0.7071067811865499000, 0.7071067811865451300, 0.0000000000000000000 ) ) ;
#9347 = ORIENTED_EDGE ( 'NONE', *, *, #7578, .F. ) ;
#9348 = TOROIDAL_SURFACE ( 'NONE', #1525, 0.3304673161057445900, 1.969532683894253300 ) ;
#9349 = CARTESIAN_POINT ( 'NONE',  ( 15.66920801439301200, 22.32467817596633000, -13.18827000240090000 ) ) ;
#9350 = AXIS2_PLACEMENT_3D ( 'NONE', #6730, #6013, #5297 ) ;
#9351 = ORIENTED_EDGE ( 'NONE', *, *, #7146, .F. ) ;
#9352 = DIRECTION ( 'NONE',  ( 1.000000000000000000, -8.775090700452170200E-016, 0.0000000000000000000 ) ) ;
#9353 = AXIS2_PLACEMENT_3D ( 'NONE', #3157, #3931, #6821 ) ;
#9354 = CARTESIAN_POINT ( 'NONE',  ( -8.980256121069192700, 15.85813021535169300, -8.980256121069064800 ) ) ;
#9355 = EDGE_CURVE ( 'NONE', #4110, #4364, #5130, .T. ) ;
#9356 = CARTESIAN_POINT ( 'NONE',  ( 16.51408919099234800, 21.35549403633307400, 12.83746361703342300 ) ) ;
#9357 = APPLICATION_PROTOCOL_DEFINITION ( 'international standard', 'config_control_design', 1994, #8514 ) ;
#9358 = EDGE_LOOP ( 'NONE', ( #4134, #6245, #1939, #5431, #6424, #1366 ) ) ;
#9359 = DIRECTION ( 'NONE',  ( 0.0000000000000000000, 0.0000000000000000000, -1.000000000000000000 ) ) ;
#9360 = DIRECTION ( 'NONE',  ( 0.0000000000000000000, 0.0000000000000000000, -1.000000000000000000 ) ) ;
#9361 = EDGE_CURVE ( 'NONE', #5909, #8350, #5361, .T. ) ;
#9362 = AXIS2_PLACEMENT_3D ( 'NONE', #3719, #6719, #1499 ) ;
#9363 = CARTESIAN_POINT ( 'NONE',  ( 8.414570696119975300, 10.75125000000002200, 8.414570696119856300 ) ) ;
#9364 = ORIENTED_EDGE ( 'NONE', *, *, #3492, .F. ) ;
#9365 = DIRECTION ( 'NONE',  ( 0.0000000000000000000, -1.000000000000000000, 0.0000000000000000000 ) ) ;
#9366 = DIRECTION ( 'NONE',  ( 0.0000000000000000000, 0.0000000000000000000, -1.000000000000000000 ) ) ;
#9367 = CARTESIAN_POINT ( 'NONE',  ( -4.929141392239751300, 11.98312500000002100, 11.90000000000003200 ) ) ;
#9368 = DIRECTION ( 'NONE',  ( 1.000000000000000000, 0.0000000000000000000, 0.0000000000000000000 ) ) ;
#9369 = CARTESIAN_POINT ( 'NONE',  ( -4.604223021015033400, -9.525000000000048300, 0.5923633862648668400 ) ) ;
#9370 = DIRECTION ( 'NONE',  ( -0.0000000000000000000, 0.0000000000000000000, -1.000000000000000000 ) ) ;
#9371 = ORIENTED_EDGE ( 'NONE', *, *, #3876, .F. ) ;
#9372 = CARTESIAN_POINT ( 'NONE',  ( 5.499261314031167900, 9.525000000000019900, 16.74926131403118000 ) ) ;
#9373 = AXIS2_PLACEMENT_3D ( 'NONE', #9158, #6260, #6293 ) ;
#9374 = CYLINDRICAL_SURFACE ( 'NONE', #4881, 13.99999999999999800 ) ;
#9375 = VERTEX_POINT ( 'NONE', #2651 ) ;
#9376 = DIRECTION ( 'NONE',  ( -0.0000000000000000000, 0.0000000000000000000, 1.000000000000000000 ) ) ;
#9378 = VERTEX_POINT ( 'NONE', #4847 ) ;
#9377 = ORIENTED_EDGE ( 'NONE', *, *, #3974, .F. ) ;
#9379 = DIRECTION ( 'NONE',  ( -8.775090700452169200E-016, -1.000000000000000000, -0.0000000000000000000 ) ) ;
#9380 = DIRECTION ( 'NONE',  ( 0.0000000000000000000, 0.0000000000000000000, 1.000000000000000000 ) ) ;
#9381 = ORIENTED_EDGE ( 'NONE', *, *, #1924, .T. ) ;
#9382 = EDGE_CURVE ( 'NONE', #8082, #2977, #9203, .T. ) ;
#9383 = CARTESIAN_POINT ( 'NONE',  ( -9.254654399847412400, 0.0000000000000000000, 0.0000000000000000000 ) ) ;
#9384 = FACE_OUTER_BOUND ( 'NONE', #8761, .T. ) ;
#9385 = VERTEX_POINT ( 'NONE', #1200 ) ;
#9386 = DIRECTION ( 'NONE',  ( 0.0000000000000000000, 0.0000000000000000000, 1.000000000000000000 ) ) ;
#9387 = DIRECTION ( 'NONE',  ( 0.0000000000000000000, 0.0000000000000000000, -1.000000000000000000 ) ) ;
#9389 = ORIENTED_EDGE ( 'NONE', *, *, #1969, .F. ) ;
#9388 = EDGE_LOOP ( 'NONE', ( #1427, #2147, #8066, #892 ) ) ;
#9390 = PERSON_AND_ORGANIZATION_ROLE ( 'design_supplier' ) ;
#9391 = CARTESIAN_POINT ( 'NONE',  ( 0.0000000000000000000, -9.999999999999998200, 0.0000000000000000000 ) ) ;
#9392 = VERTEX_POINT ( 'NONE', #367 ) ;
#9393 = ADVANCED_FACE ( 'NONE', ( #6978 ), #7861, .T. ) ;
#9394 = TOROIDAL_SURFACE ( 'NONE', #230, 18.00000000000000400, 3.000000000000000000 ) ;
#9395 = CARTESIAN_POINT ( 'NONE',  ( 5.312971222579579800, 16.48687500000001200, 12.82664718204931200 ) ) ;
#9396 = VERTEX_POINT ( 'NONE', #6362 ) ;
#9397 = LOCAL_TIME ( 13, 59, 25.00000000000000000, #5316 ) ;
#9398 = CARTESIAN_POINT ( 'NONE',  ( 9.000000000000001800, -10.80000000000000600, -9.000000000000000000 ) ) ;
#9399 = DIRECTION ( 'NONE',  ( -0.4999999999999977200, 1.060575238724908400E-016, -0.8660254037844398200 ) ) ;
#9400 = DIRECTION ( 'NONE',  ( 0.5773502691896265100, 0.5773502691896265100, 0.5773502691896244000 ) ) ;
#9401 = CARTESIAN_POINT ( 'NONE',  ( 8.414570696119856300, 12.53875000000001600, -8.414570696119973500 ) ) ;
#9402 = CARTESIAN_POINT ( 'NONE',  ( 9.564848863492874400E-015, 10.90000000000001100, 0.0000000000000000000 ) ) ;
#9403 = CIRCLE ( 'NONE', #6103, 3.399999999999999900 ) ;
#9404 = B_SPLINE_CURVE_WITH_KNOTS ( 'NONE', 3,
 ( #1629, #3950, #118, #9162, #1654, #6137, #835, #8309, #227, #2372, #5457, #974, #3846, #7580, #9056, #4597, #6882, #871 ),
 .UNSPECIFIED., .F., .F.,
 ( 4, 2, 2, 2, 2, 2, 2, 2, 4 ),
 ( 2.507948295077200000E-019, 0.0004503319256778573300, 0.0009006638513557143400, 0.001350995777033571400, 0.001801327702711428500, 0.002251659628389286000, 0.002701991554067142800, 0.003152323479744999600, 0.003602655405422856900 ),
 .UNSPECIFIED. ) ;
#9405 = EDGE_LOOP ( 'NONE', ( #9427, #4824, #7836, #8833 ) ) ;
#9406 = CARTESIAN_POINT ( 'NONE',  ( -13.44999999999999900, 8.900000000000016300, -12.94999999999999200 ) ) ;
#9407 = CARTESIAN_POINT ( 'NONE',  ( -9.405474817352381200, -10.18323590438283200, 11.07041727578486600 ) ) ;
#9408 = VERTEX_POINT ( 'NONE', #6395 ) ;
#9409 = AXIS2_PLACEMENT_3D ( 'NONE', #2877, #9554, #6551 ) ;
#9410 = CIRCLE ( 'NONE', #2924, 21.00000000000000000 ) ;
#9411 = DIRECTION ( 'NONE',  ( 1.000000000000000000, -8.775090700452169200E-016, 0.0000000000000000000 ) ) ;
#9412 = CARTESIAN_POINT ( 'NONE',  ( 0.0000000000000000000, 0.0000000000000000000, 0.0000000000000000000 ) ) ;
#9413 = EDGE_CURVE ( 'NONE', #6400, #7091, #7207, .T. ) ;
#9414 = EDGE_LOOP ( 'NONE', ( #9024, #2121, #6381 ) ) ;
#9415 = DATE_AND_TIME ( #766, #309 ) ;
#9416 = VERTEX_POINT ( 'NONE', #7757 ) ;
#9417 = CARTESIAN_POINT ( 'NONE',  ( 10.26249793774846400, 11.70000000000000800, -7.481385973047218300 ) ) ;
#9418 = LINE ( 'NONE', #5851, #7415 ) ;
#9419 = VECTOR ( 'NONE', #6201, 1000.000000000000000 ) ;
#9420 = CARTESIAN_POINT ( 'NONE',  ( 13.51651320957039100, 23.46268770547637300, -13.65227100484875000 ) ) ;
#9421 = APPROVAL_STATUS ( 'not_yet_approved' ) ;
#9422 = CARTESIAN_POINT ( 'NONE',  ( 0.0000000000000000000, 0.0000000000000000000, 17.60000000000000100 ) ) ;
#9423 = PERSON_AND_ORGANIZATION ( #4303, #4183 ) ;
#9424 = AXIS2_PLACEMENT_3D ( 'NONE', #2197, #5174, #696 ) ;
#9425 = VERTEX_POINT ( 'NONE', #2120 ) ;
#9426 = EDGE_CURVE ( 'NONE', #1697, #1492, #8384, .T. ) ;
#9427 = ORIENTED_EDGE ( 'NONE', *, *, #8060, .F. ) ;
#9428 = FACE_BOUND ( 'NONE', #9002, .T. ) ;
#9429 = CARTESIAN_POINT ( 'NONE',  ( -12.82664718204939000, 14.74062500000001400, -5.312971222579394100 ) ) ;
#9430 = CARTESIAN_POINT ( 'NONE',  ( 8.414570696119833200, 11.26875000000001800, -8.414570696119996600 ) ) ;
#9431 = CARTESIAN_POINT ( 'NONE',  ( -15.66920801439210600, 0.6554350922083549400, 13.18827000240033900 ) ) ;
#9432 = CARTESIAN_POINT ( 'NONE',  ( 8.414570696119838500, 13.60875000000001500, -8.414570696119993100 ) ) ;
#9433 = CARTESIAN_POINT ( 'NONE',  ( 8.248891971046839800, -4.762499999999970000, 0.0000000000000000000 ) ) ;
#9434 = EDGE_CURVE ( 'NONE', #169, #9385, #9570, .T. ) ;
#9435 = AXIS2_PLACEMENT_3D ( 'NONE', #870, #6096, #146 ) ;
#9436 = CYLINDRICAL_SURFACE ( 'NONE', #8921, 4.449999999999997500 ) ;
#9437 = CARTESIAN_POINT ( 'NONE',  ( 8.414570696119975300, 12.22125000000001700, 8.414570696119856300 ) ) ;
#9438 = ORIENTED_EDGE ( 'NONE', *, *, #1503, .T. ) ;
#9439 = ORIENTED_EDGE ( 'NONE', *, *, #1503, .F. ) ;
#9440 = CYLINDRICAL_SURFACE ( 'NONE', #7733, 2.000000000000001800 ) ;
#9441 = CARTESIAN_POINT ( 'NONE',  ( 2.860418098416738400, 1.415705535813103900, -20.72049736544159200 ) ) ;
#9442 = ADVANCED_FACE ( 'NONE', ( #5234 ), #677, .F. ) ;
#9443 = FACE_OUTER_BOUND ( 'NONE', #7891, .T. ) ;
#9444 = CARTESIAN_POINT ( 'NONE',  ( -19.12530091372010700, 22.64442577215918500, -6.617422698318301300 ) ) ;
#9445 = CARTESIAN_POINT ( 'NONE',  ( 1.180805343176903200E-013, 14.60250000000001200, 11.89999999999999900 ) ) ;
#9446 = CARTESIAN_POINT ( 'NONE',  ( 15.33612881583227500, 30.00000000000000000, -11.21620046826014400 ) ) ;
#9447 = CARTESIAN_POINT ( 'NONE',  ( 11.09999999999998500, -9.740350677501893300E-015, 0.0000000000000000000 ) ) ;
#9448 = CARTESIAN_POINT ( 'NONE',  ( -10.99852262806237800, -7.632217764024648000E-014, 16.74926131403118000 ) ) ;
#9449 = FACE_OUTER_BOUND ( 'NONE', #3549, .T. ) ;
#9450 = EDGE_CURVE ( 'NONE', #6336, #3094, #4908, .T. ) ;
#9451 = MECHANICAL_CONTEXT ( 'NONE', #7684, 'mechanical' ) ;
#9452 = CARTESIAN_POINT ( 'NONE',  ( -7.087157097717411400, -6.774683825531018200, 17.44444124035915400 ) ) ;
#9453 = CARTESIAN_POINT ( 'NONE',  ( 6.080890634356572700, 17.03294995424630900, -11.12035081319252700 ) ) ;
#9454 =( BOUNDED_CURVE ( )  B_SPLINE_CURVE ( 2, ( #4578, #9001, #8323, #1610, #1575, #100, #167, #5339, #3859 ),
 .UNSPECIFIED., .F., .F. ) 
 B_SPLINE_CURVE_WITH_KNOTS ( ( 3, 2, 2, 2, 3 ),
 ( 0.1250000000000000000, 0.1406250000000000000, 0.1562500000000000000, 0.1718750000000000000, 0.1875000000000000000 ),
 .UNSPECIFIED. ) 
 CURVE ( )  GEOMETRIC_REPRESENTATION_ITEM ( )  RATIONAL_B_SPLINE_CURVE ( ( 1.000000000000000000, 0.9238795325112867400, 1.000000000000000000, 0.9238795325112867400, 1.000000000000000000, 0.9238795325112867400, 1.000000000000000000, 0.9238795325112867400, 1.000000000000000000 ) ) 
 REPRESENTATION_ITEM ( '' )  );
#9455 = ORIENTED_EDGE ( 'NONE', *, *, #4207, .F. ) ;
#9456 = VECTOR ( 'NONE', #8903, 1000.000000000000000 ) ;
#9457 = CARTESIAN_POINT ( 'NONE',  ( -12.82664718204931200, 12.35937500000002000, 5.312971222579581500 ) ) ;
#9458 = EDGE_LOOP ( 'NONE', ( #8781, #8983 ) ) ;
#9459 = DIRECTION ( 'NONE',  ( -8.775090700452169200E-016, -1.000000000000000000, -0.0000000000000000000 ) ) ;
#9460 = CARTESIAN_POINT ( 'NONE',  ( -11.89999999999996800, 14.16437500000001400, 4.929141392239912100 ) ) ;
#9461 = CARTESIAN_POINT ( 'NONE',  ( 0.0000000000000000000, 2.000000000000000000, 0.0000000000000000000 ) ) ;
#9462 = CARTESIAN_POINT ( 'NONE',  ( 11.89999999999996500, 12.45937500000001900, -4.929141392239915700 ) ) ;
#9463 = ORIENTED_EDGE ( 'NONE', *, *, #1216, .T. ) ;
#9464 = FACE_OUTER_BOUND ( 'NONE', #9631, .T. ) ;
#9465 = EDGE_CURVE ( 'NONE', #4067, #1762, #5018, .T. ) ;
#9466 = CARTESIAN_POINT ( 'NONE',  ( -2.260760671697740900, 20.63746869550590200, 20.87795395112411300 ) ) ;
#9467 = CARTESIAN_POINT ( 'NONE',  ( -3.513634653869342800, -10.37984437250001200, 14.47207278019404500 ) ) ;
#9468 = EDGE_CURVE ( 'NONE', #3654, #5725, #7096, .T. ) ;
#9469 = ORIENTED_EDGE ( 'NONE', *, *, #550, .T. ) ;
#9470 = CARTESIAN_POINT ( 'NONE',  ( -4.929141392239739800, 14.52312500000001100, 11.90000000000003900 ) ) ;
#9471 = CARTESIAN_POINT ( 'NONE',  ( 16.87478845083159500, 1.881848428316178000, -12.49540126101041800 ) ) ;
#9472 = VERTEX_POINT ( 'NONE', #9487 ) ;
#9473 = CARTESIAN_POINT ( 'NONE',  ( -5.499261314031233600, 9.524999999999979000, 17.60000000000000100 ) ) ;
#9474 = AXIS2_PLACEMENT_3D ( 'NONE', #8397, #8428, #102 ) ;
#9475 = EDGE_CURVE ( 'NONE', #7747, #3211, #7838, .T. ) ;
#9476 = CARTESIAN_POINT ( 'NONE',  ( 2.383455475596223800, 20.78123948133657400, 20.86466799466009200 ) ) ;
#9477 = CARTESIAN_POINT ( 'NONE',  ( -2.743968791003347900, 1.531211805722834100, 20.76774697994691400 ) ) ;
#9478 = DIRECTION ( 'NONE',  ( 0.0000000000000000000, -1.000000000000000000, 0.0000000000000000000 ) ) ;
#9479 = EDGE_LOOP ( 'NONE', ( #8220, #3534, #9480, #9230 ) ) ;
#9480 = ORIENTED_EDGE ( 'NONE', *, *, #2554, .F. ) ;
#9481 = EDGE_CURVE ( 'NONE', #581, #837, #1256, .T. ) ;
#9482 =( GEOMETRIC_REPRESENTATION_CONTEXT ( 3 ) GLOBAL_UNCERTAINTY_ASSIGNED_CONTEXT ( ( #7299 ) ) GLOBAL_UNIT_ASSIGNED_CONTEXT ( ( #5284, #971, #355 ) ) REPRESENTATION_CONTEXT ( 'NONE', 'WORKASPACE' ) );
#9483 = ADVANCED_FACE ( 'NONE', ( #4196 ), #2187, .T. ) ;
#9484 = AXIS2_PLACEMENT_3D ( 'NONE', #8413, #3144, #6100 ) ;
#9485 = CARTESIAN_POINT ( 'NONE',  ( 12.82664718204931400, 14.26437500000001700, -5.312971222579575300 ) ) ;
#9486 = CARTESIAN_POINT ( 'NONE',  ( 5.260512242138205800, 14.49624478464833600, -12.70000000000000500 ) ) ;
#9487 = CARTESIAN_POINT ( 'NONE',  ( 6.002643781541124200, 10.90000000000000200, 10.27512859442283100 ) ) ;
#9488 = ORIENTED_EDGE ( 'NONE', *, *, #8636, .T. ) ;
#9489 = DIRECTION ( 'NONE',  ( 0.0000000000000000000, 1.224646799147352200E-016, 1.000000000000000000 ) ) ;
#9490 = VERTEX_POINT ( 'NONE', #555 ) ;
#9491 = CARTESIAN_POINT ( 'NONE',  ( 18.99999999999992200, 30.00000000000000000, 32.90896534380871000 ) ) ;
#9493 = VERTEX_POINT ( 'NONE', #7264 ) ;
#9492 = ORIENTED_EDGE ( 'NONE', *, *, #4802, .T. ) ;
#9494 = CARTESIAN_POINT ( 'NONE',  ( -2.086674286657633700E-017, -3.702239058767077500, 0.0000000000000000000 ) ) ;
#9495 = CARTESIAN_POINT ( 'NONE',  ( 2.743968791005686900, 1.531211805725069200, -20.76774697994720900 ) ) ;
#9496 = CC_DESIGN_APPROVAL ( #1498, ( #8002 ) ) ;
#9497 = LINE ( 'NONE', #4837, #7047 ) ;
#9498 = DIRECTION ( 'NONE',  ( 0.0000000000000000000, -1.000000000000000000, 0.0000000000000000000 ) ) ;
#9499 = CARTESIAN_POINT ( 'NONE',  ( 0.0000000000000000000, -8.199999999999999300, 0.0000000000000000000 ) ) ;
#9500 = VERTEX_POINT ( 'NONE', #5816 ) ;
#9501 = ORIENTED_EDGE ( 'NONE', *, *, #5176, .F. ) ;
#9502 = EDGE_CURVE ( 'NONE', #78, #4960, #1194, .T. ) ;
#9503 = DATE_AND_TIME ( #1807, #2034 ) ;
#9504 = LINE ( 'NONE', #9447, #8466 ) ;
#9505 = DIRECTION ( 'NONE',  ( -0.5000000000000040000, 1.060575238724904200E-016, -0.8660254037844363800 ) ) ;
#9506 = CARTESIAN_POINT ( 'NONE',  ( 14.87953514389014300, 22.89746306900011800, 13.33688527714484600 ) ) ;
#9507 = CARTESIAN_POINT ( 'NONE',  ( 6.472906827285484600, 10.92173415556790100, 10.02557599054008200 ) ) ;
#9508 = LINE ( 'NONE', #2909, #6937 ) ;
#9509 = PERSON_AND_ORGANIZATION_ROLE ( 'classification_officer' ) ;
#9510 = CARTESIAN_POINT ( 'NONE',  ( 3.734898307268936300, 11.06758615952845500, -11.48199535478843600 ) ) ;
#9511 = ORIENTED_EDGE ( 'NONE', *, *, #2257, .F. ) ;
#9512 = CONICAL_SURFACE ( 'NONE', #9424, 11.89999999999999000, 0.7853981633974341800 ) ;
#9513 = CIRCLE ( 'NONE', #9292, 2.300000000000001600 ) ;
#9514 = B_SPLINE_CURVE_WITH_KNOTS ( 'NONE', 3,
 ( #4447, #8166, #6693, #790, #2984 ),
 .UNSPECIFIED., .F., .F.,
 ( 4, 1, 4 ),
 ( 0.006985504506026505400, 0.007039717514298876900, 0.007093930522571247600 ),
 .UNSPECIFIED. ) ;
#9515 = CARTESIAN_POINT ( 'NONE',  ( -5.312971222579573500, 13.31187500000001800, -12.82664718204931400 ) ) ;
#9516 = ORIENTED_EDGE ( 'NONE', *, *, #5856, .T. ) ;
#9517 = APPROVAL_PERSON_ORGANIZATION ( #2762, #2176, #1855 ) ;
#9518 = CARTESIAN_POINT ( 'NONE',  ( 4.549999999999999800, 0.0000000000000000000, -0.5000000000000143200 ) ) ;
#9519 = CARTESIAN_POINT ( 'NONE',  ( 8.414570696119978900, 13.29125000000001400, 8.414570696119851000 ) ) ;
#9520 = ORIENTED_EDGE ( 'NONE', *, *, #5329, .T. ) ;
#9521 = CARTESIAN_POINT ( 'NONE',  ( -19.30495518565982800, 0.7554955498518566300, -7.107391571718862300 ) ) ;
#9522 = FACE_OUTER_BOUND ( 'NONE', #3714, .T. ) ;
#9523 = CIRCLE ( 'NONE', #3664, 3.199999999999998800 ) ;
#9524 = CARTESIAN_POINT ( 'NONE',  ( -1.364715712891807500, 17.79999999999999400, -11.82148683639186600 ) ) ;
#9525 = ORIENTED_EDGE ( 'NONE', *, *, #7776, .F. ) ;
#9526 = COORDINATED_UNIVERSAL_TIME_OFFSET ( 8, 0, .AHEAD. ) ;
#9527 = AXIS2_PLACEMENT_3D ( 'NONE', #1251, #4928, #6406 ) ;
#9528 = VERTEX_POINT ( 'NONE', #3505 ) ;
#9529 = ADVANCED_FACE ( 'NONE', ( #911 ), #7804, .F. ) ;
#9530 = ORIENTED_EDGE ( 'NONE', *, *, #924, .F. ) ;
#9531 = AXIS2_PLACEMENT_3D ( 'NONE', #566, #7541, #1685 ) ;
#9532 = CARTESIAN_POINT ( 'NONE',  ( 0.0000000000000000000, 0.0000000000000000000, -2.200000000000000200 ) ) ;
#9533 = DIRECTION ( 'NONE',  ( 0.0000000000000000000, -1.000000000000000000, 0.0000000000000000000 ) ) ;
#9534 = CARTESIAN_POINT ( 'NONE',  ( 9.069809202314482700, 20.37625000000000200, 9.069809202314353100 ) ) ;
#9535 = EDGE_CURVE ( 'NONE', #3704, #4874, #4266, .T. ) ;
#9536 = ORIENTED_EDGE ( 'NONE', *, *, #3176, .F. ) ;
#9537 = CIRCLE ( 'NONE', #8215, 21.00000000000000000 ) ;
#9538 = DIRECTION ( 'NONE',  ( 0.0000000000000000000, 1.000000000000000000, 0.0000000000000000000 ) ) ;
#9539 = DIRECTION ( 'NONE',  ( 1.000000000000000000, 1.231304080816852700E-016, -0.0000000000000000000 ) ) ;
#9540 = ORIENTED_EDGE ( 'NONE', *, *, #3278, .T. ) ;
#9541 = DIRECTION ( 'NONE',  ( 0.0000000000000000000, 0.0000000000000000000, -1.000000000000000000 ) ) ;
#9542 = EDGE_CURVE ( 'NONE', #4132, #6430, #6628, .T. ) ;
#9543 = AXIS2_PLACEMENT_3D ( 'NONE', #6955, #8425, #4028 ) ;
#9544 = ORIENTED_EDGE ( 'NONE', *, *, #3107, .F. ) ;
#9545 = PLANE ( 'NONE',  #7719 ) ;
#9546 = PERSON_AND_ORGANIZATION_ROLE ( 'classification_officer' ) ;
#9547 = AXIS2_PLACEMENT_3D ( 'NONE', #5062, #1981, #3519 ) ;
#9548 = EDGE_LOOP ( 'NONE', ( #4954, #7877, #307, #3548 ) ) ;
#9549 = LINE ( 'NONE', #670, #4905 ) ;
#9550 = CARTESIAN_POINT ( 'NONE',  ( -0.1463737502000866400, 17.27878479827330300, -12.42764782053412100 ) ) ;
#9551 = VECTOR ( 'NONE', #5869, 1000.000000000000000 ) ;
#9552 = ORIENTED_EDGE ( 'NONE', *, *, #605, .F. ) ;
#9553 = CARTESIAN_POINT ( 'NONE',  ( -9.069809202314482700, 13.39125000000001700, -9.069809202314353100 ) ) ;
#9554 = DIRECTION ( 'NONE',  ( -0.0000000000000000000, 1.000000000000000000, -0.0000000000000000000 ) ) ;
#9555 = CYLINDRICAL_SURFACE ( 'NONE', #4895, 2.499999999999998700 ) ;
#9556 = CARTESIAN_POINT ( 'NONE',  ( -3.455323577095457700E-014, 9.525000000000000400, 17.60000000000000100 ) ) ;
#9557 = DIRECTION ( 'NONE',  ( 0.0000000000000000000, 0.0000000000000000000, 1.000000000000000000 ) ) ;
#9558 = EDGE_CURVE ( 'NONE', #3211, #7795, #7429, .T. ) ;
#9559 = CARTESIAN_POINT ( 'NONE',  ( 11.90000000000004500, 17.18062500000001000, 4.929141392239723800 ) ) ;
#9560 = CONICAL_SURFACE ( 'NONE', #9668, 2.499999999999998700, 1.029744258676653900 ) ;
#9561 = EDGE_CURVE ( 'NONE', #4067, #210, #7916, .T. ) ;
#9562 = CARTESIAN_POINT ( 'NONE',  ( 0.0000000000000000000, 17.80000000000000100, 0.0000000000000000000 ) ) ;
#9563 = DIRECTION ( 'NONE',  ( -0.0000000000000000000, -0.0000000000000000000, -1.000000000000000000 ) ) ;
#9564 = FACE_OUTER_BOUND ( 'NONE', #6938, .T. ) ;
#9565 = CARTESIAN_POINT ( 'NONE',  ( -12.82664718204931200, 19.97937500000000500, 5.312971222579581500 ) ) ;
#9566 = VERTEX_POINT ( 'NONE', #5934 ) ;
#9567 = DIRECTION ( 'NONE',  ( 0.0000000000000000000, 0.0000000000000000000, 1.000000000000000000 ) ) ;
#9568 = CARTESIAN_POINT ( 'NONE',  ( -13.25465439984741100, 5.925772473301785200E-016, 4.838760430703398000 ) ) ;
#9569 = CARTESIAN_POINT ( 'NONE',  ( 14.43443619994202900, 23.09492482837286800, 13.43704640427915300 ) ) ;
#9570 = B_SPLINE_CURVE_WITH_KNOTS ( 'NONE', 3,
 ( #5651, #7206, #5742, #8711, #3469, #9433 ),
 .UNSPECIFIED., .F., .F.,
 ( 4, 2, 4 ),
 ( 2.380730676603623900E-007, 0.002782414026671789800, 0.005564589980275918600 ),
 .UNSPECIFIED. ) ;
#9571 = CARTESIAN_POINT ( 'NONE',  ( 10.09563029186904400, 1.563855400051410900, 17.22290479380366800 ) ) ;
#9572 = APPROVAL_ROLE ( '' ) ;
#9573 = ORIENTED_EDGE ( 'NONE', *, *, #2160, .F. ) ;
#9574 = LINE ( 'NONE', #8351, #5154 ) ;
#9575 = CARTESIAN_POINT ( 'NONE',  ( 4.609918769207013200, 9.525000000000019900, 17.00599239285918800 ) ) ;
#9576 = CARTESIAN_POINT ( 'NONE',  ( 7.833725689261453500, 11.01630020274703600, -9.120438942687041400 ) ) ;
#9577 = CARTESIAN_POINT ( 'NONE',  ( 0.2807713729922162200, 17.26336693056203900, -12.44087648753305700 ) ) ;
#9578 = ORIENTED_EDGE ( 'NONE', *, *, #9481, .T. ) ;
#9579 = ADVANCED_FACE ( 'NONE', ( #1030 ), #5928, .F. ) ;
#9580 = CARTESIAN_POINT ( 'NONE',  ( -7.434591184897904000E-014, 15.23750000000001100, -11.89999999999999900 ) ) ;
#9581 = VERTEX_POINT ( 'NONE', #5999 ) ;
#9582 = DIRECTION ( 'NONE',  ( -0.8660254037844380400, 6.123233995736778400E-017, -0.5000000000000010000 ) ) ;
#9583 = CARTESIAN_POINT ( 'NONE',  ( 2.744595272876304100, 21.21351248503942300, -20.76750838075805200 ) ) ;
#9584 = CARTESIAN_POINT ( 'NONE',  ( -12.27635182233306700, 9.853150698279008300E-016, -8.045708121834929100 ) ) ;
#9585 = AXIS2_PLACEMENT_3D ( 'NONE', #3621, #8885, #4456 ) ;
#9586 = EDGE_CURVE ( 'NONE', #5050, #3090, #1960, .T. ) ;
#9587 = CARTESIAN_POINT ( 'NONE',  ( -14.00000000000000200, 17.80000000000000100, -13.44999999999999900 ) ) ;
#9588 = ORIENTED_EDGE ( 'NONE', *, *, #3016, .T. ) ;
#9589 = EDGE_CURVE ( 'NONE', #9260, #6401, #3129, .T. ) ;
#9590 = DIRECTION ( 'NONE',  ( 1.000000000000000000, -8.673617379884044300E-016, 0.0000000000000000000 ) ) ;
#9591 = DIRECTION ( 'NONE',  ( -1.231304080816852700E-016, 1.000000000000000000, 0.0000000000000000000 ) ) ;
#9592 = DIRECTION ( 'NONE',  ( 0.0000000000000000000, 0.0000000000000000000, 1.000000000000000000 ) ) ;
#9593 = CARTESIAN_POINT ( 'NONE',  ( 9.069809202314353100, 20.69375000000000500, -9.069809202314482700 ) ) ;
#9594 = CIRCLE ( 'NONE', #6669, 1.000000000000000400 ) ;
#9595 = ORIENTED_EDGE ( 'NONE', *, *, #7272, .F. ) ;
#9596 = AXIS2_PLACEMENT_3D ( 'NONE', #9271, #4823, #342 ) ;
#9597 = EDGE_CURVE ( 'NONE', #6400, #5993, #4418, .T. ) ;
#9598 = CARTESIAN_POINT ( 'NONE',  ( -5.499261314031233600, 9.524999999999979000, 16.74926131403118000 ) ) ;
#9600 = ORIENTED_EDGE ( 'NONE', *, *, #3923, .F. ) ;
#9599 = EDGE_LOOP ( 'NONE', ( #8589, #9318, #1639, #4750 ) ) ;
#9601 = DIRECTION ( 'NONE',  ( -1.000000000000000000, 0.0000000000000000000, 0.0000000000000000000 ) ) ;
#9602 = CARTESIAN_POINT ( 'NONE',  ( 11.90633974596221900, 10.90633974596222100, -5.199830294817119200E-012 ) ) ;
#9603 = DIRECTION ( 'NONE',  ( -0.0000000000000000000, 1.000000000000000000, -0.0000000000000000000 ) ) ;
#9604 = EDGE_CURVE ( 'NONE', #2826, #4493, #6396, .T. ) ;
#9605 = AXIS2_PLACEMENT_3D ( 'NONE', #6657, #2985, #693 ) ;
#9606 = VECTOR ( 'NONE', #1448, 1000.000000000000000 ) ;
#9607 = VERTEX_POINT ( 'NONE', #6676 ) ;
#9608 = CARTESIAN_POINT ( 'NONE',  ( -9.069809202314351300, 9.898750000000024600, 9.069809202314482700 ) ) ;
#9610 = ORIENTED_EDGE ( 'NONE', *, *, #5608, .T. ) ;
#9609 = EDGE_LOOP ( 'NONE', ( #4515, #6322, #7088, #8672 ) ) ;
#9611 = ORGANIZATION ( 'NAUO-ORG6', 'UNSPECIFIED', 'UNSPECIFIED' ) ;
#9612 = CARTESIAN_POINT ( 'NONE',  ( 0.0000000000000000000, 20.63746869550590200, 0.0000000000000000000 ) ) ;
#9613 = VERTEX_POINT ( 'NONE', #2205 ) ;
#9614 = DIRECTION ( 'NONE',  ( 0.0000000000000000000, -1.000000000000000000, 0.0000000000000000000 ) ) ;
#9615 = CARTESIAN_POINT ( 'NONE',  ( 1.408343819019456000E-016, -9.525000000000057200, 4.250000000000001800 ) ) ;
#9616 = LINE ( 'NONE', #7477, #4730 ) ;
#9617 = CARTESIAN_POINT ( 'NONE',  ( -13.65465439984741300, 0.0000000000000000000, 3.222179676972447100 ) ) ;
#9618 = ORIENTED_EDGE ( 'NONE', *, *, #8595, .F. ) ;
#9619 = CALENDAR_DATE ( 2023, 6, 9 ) ;
#9620 = CARTESIAN_POINT ( 'NONE',  ( 12.69999999999999900, 11.70000000000000800, 1.555301434917137200E-015 ) ) ;
#9621 = ADVANCED_FACE ( 'NONE', ( #9655 ), #9436, .T. ) ;
#9622 = CARTESIAN_POINT ( 'NONE',  ( 0.0000000000000000000, 0.0000000000000000000, 15.35253755750896700 ) ) ;
#9623 = MANIFOLD_SOLID_BREP ( '圆角1', #540 ) ;
#9624 = FACE_OUTER_BOUND ( 'NONE', #8136, .T. ) ;
#9625 = PLANE ( 'NONE',  #530 ) ;
#9626 = CARTESIAN_POINT ( 'NONE',  ( -9.000000000000001800, -11.19999999999999900, 6.500000000000000900 ) ) ;
#9627 =( BOUNDED_CURVE ( )  B_SPLINE_CURVE ( 2, ( #1883, #7098, #7917, #415, #2634, #4835, #7156, #351, #3401 ),
 .UNSPECIFIED., .F., .F. ) 
 B_SPLINE_CURVE_WITH_KNOTS ( ( 3, 2, 2, 2, 3 ),
 ( 0.7812500000000000000, 0.7968750000000000000, 0.8125000000000000000, 0.8281250000000000000, 0.8437500000000000000 ),
 .UNSPECIFIED. ) 
 CURVE ( )  GEOMETRIC_REPRESENTATION_ITEM ( )  RATIONAL_B_SPLINE_CURVE ( ( 1.000000000000000000, 0.9238795325112867400, 1.000000000000000000, 0.9238795325112867400, 1.000000000000000000, 0.9238795325112867400, 1.000000000000000000, 0.9238795325112867400, 1.000000000000000000 ) ) 
 REPRESENTATION_ITEM ( '' )  );
#9628 = CIRCLE ( 'NONE', #5164, 15.60000000000000000 ) ;
#9629 = CARTESIAN_POINT ( 'NONE',  ( 9.069809202314353100, 15.61375000000001400, -9.069809202314482700 ) ) ;
#9630 = EDGE_CURVE ( 'NONE', #7132, #8273, #3710, .T. ) ;
#9631 = EDGE_LOOP ( 'NONE', ( #195, #1190, #2607, #7784, #1872, #1431 ) ) ;
#9632 = CARTESIAN_POINT ( 'NONE',  ( -3.513634653869333000, -20.92015562749998700, -14.47207278019405100 ) ) ;
#9633 = DIRECTION ( 'NONE',  ( 0.7071067811865474600, -0.0000000000000000000, 0.7071067811865474600 ) ) ;
#9634 = CIRCLE ( 'NONE', #3919, 9.525000000000000400 ) ;
#9635 = CARTESIAN_POINT ( 'NONE',  ( -7.701338712477590500, 17.06503698542206100, -10.02356401692383300 ) ) ;
#9636 = CARTESIAN_POINT ( 'NONE',  ( 0.0000000000000000000, 23.09492482837286800, -19.72072930905315900 ) ) ;
#9637 = ORIENTED_EDGE ( 'NONE', *, *, #1766, .F. ) ;
#9638 = CALENDAR_DATE ( 2023, 6, 9 ) ;
#9639 = DIRECTION ( 'NONE',  ( 0.0000000000000000000, -1.000000000000000000, 0.0000000000000000000 ) ) ;
#9640 = ORIENTED_EDGE ( 'NONE', *, *, #3334, .F. ) ;
#9641 = EDGE_LOOP ( 'NONE', ( #366, #5880 ) ) ;
#9642 = AXIS2_PLACEMENT_3D ( 'NONE', #840, #7555, #3751 ) ;
#9643 = CIRCLE ( 'NONE', #1922, 9.525000000000002100 ) ;
#9644 = TOROIDAL_SURFACE ( 'NONE', #1283, 18.00000000000000400, 3.000000000000000000 ) ;
#9645 = CARTESIAN_POINT ( 'NONE',  ( 8.248891971046774100, 4.762500000000009900, 0.0000000000000000000 ) ) ;
#9646 = CARTESIAN_POINT ( 'NONE',  ( 7.349999999999998800, 2.299999999999998500, 0.0000000000000000000 ) ) ;
#9647 = CARTESIAN_POINT ( 'NONE',  ( 14.73587640020000600, 0.0000000000000000000, 0.0000000000000000000 ) ) ;
#9648 = EDGE_CURVE ( 'NONE', #4637, #7026, #5828, .T. ) ;
#9649 = CARTESIAN_POINT ( 'NONE',  ( -13.25465439984741100, 0.0000000000000000000, 2.991239569296595800 ) ) ;
#9650 = CARTESIAN_POINT ( 'NONE',  ( 0.0000000000000000000, 9.525000000000019900, 5.400000000000002100 ) ) ;
#9651 = ORIENTED_EDGE ( 'NONE', *, *, #4317, .T. ) ;
#9652 = DIRECTION ( 'NONE',  ( 0.0000000000000000000, 0.0000000000000000000, 1.000000000000000000 ) ) ;
#9653 = EDGE_LOOP ( 'NONE', ( #9381, #2474 ) ) ;
#9654 = CYLINDRICAL_SURFACE ( 'NONE', #5852, 15.60000000000000000 ) ;
#9655 = FACE_OUTER_BOUND ( 'NONE', #5566, .T. ) ;
#9656 = AXIS2_PLACEMENT_3D ( 'NONE', #5060, #8076, #570 ) ;
#9657 = ADVANCED_FACE ( 'NONE', ( #8729 ), #3487, .F. ) ;
#9658 = DIRECTION ( 'NONE',  ( 0.0000000000000000000, -1.000000000000000000, 0.0000000000000000000 ) ) ;
#9659 = ORIENTED_EDGE ( 'NONE', *, *, #6880, .F. ) ;
#9660 = CARTESIAN_POINT ( 'NONE',  ( -5.312971222579396800, 18.86812500000001300, 12.82664718204939000 ) ) ;
#9661 = EDGE_CURVE ( 'NONE', #6326, #5413, #1501, .T. ) ;
#9662 = ORIENTED_EDGE ( 'NONE', *, *, #7985, .T. ) ;
#9663 = LINE ( 'NONE', #801, #2799 ) ;
#9664 = CARTESIAN_POINT ( 'NONE',  ( 4.884525182647623300, -10.18323590438283300, 13.68058876437440000 ) ) ;
#9665 = CARTESIAN_POINT ( 'NONE',  ( -13.99999999999999800, 0.0000000000000000000, 1.714505518806294400E-015 ) ) ;
#9666 = CARTESIAN_POINT ( 'NONE',  ( -8.308988999489114400E-014, 11.42750000000002000, -11.89999999999999900 ) ) ;
#9667 = EDGE_CURVE ( 'NONE', #5749, #4580, #5865, .T. ) ;
#9668 = AXIS2_PLACEMENT_3D ( 'NONE', #4742, #6295, #6944 ) ;
#9669 = CIRCLE ( 'NONE', #4683, 12.69999999999998900 ) ;
#9670 = CARTESIAN_POINT ( 'NONE',  ( 1.869027305895909700, 9.525000000000005700, 17.50151665157096700 ) ) ;
#9671 = AXIS2_PLACEMENT_3D ( 'NONE', #5210, #2200, #8916 ) ;
#9672 = CARTESIAN_POINT ( 'NONE',  ( -9.000000000000001800, -1.199999999999999700, 6.500000000000000900 ) ) ;
#9673 = DIRECTION ( 'NONE',  ( 0.0000000000000000000, 0.0000000000000000000, -1.000000000000000000 ) ) ;
#9674 = ADVANCED_FACE ( 'NONE', ( #7553 ), #1730, .T. ) ;
#9675 = FACE_OUTER_BOUND ( 'NONE', #991, .T. ) ;
#9676 = CARTESIAN_POINT ( 'NONE',  ( 13.44999999999999900, -10.69999999999999400, -12.94999999999999200 ) ) ;
#9677 = CARTESIAN_POINT ( 'NONE',  ( 16.87760482278213200, 20.78123941089628300, -12.49646693920434400 ) ) ;
#9678 = DIRECTION ( 'NONE',  ( 1.224646799147353500E-016, 0.0000000000000000000, -1.000000000000000000 ) ) ;
#9679 = CC_DESIGN_APPROVAL ( #6801, ( #1628 ) ) ;
#9680 = DIRECTION ( 'NONE',  ( 0.0000000000000000000, 0.0000000000000000000, 1.000000000000000000 ) ) ;
#9681 = ORIENTED_EDGE ( 'NONE', *, *, #8670, .T. ) ;
#9682 = ADVANCED_FACE ( 'NONE', ( #5473 ), #3778, .T. ) ;
#9683 = FACE_OUTER_BOUND ( 'NONE', #1591, .T. ) ;
#9684 = CARTESIAN_POINT ( 'NONE',  ( 0.0000000000000000000, 0.0000000000000000000, -3.000000000000000000 ) ) ;
#9685 = EDGE_CURVE ( 'NONE', #8102, #6601, #5596, .T. ) ;
#9686 = ORIENTED_EDGE ( 'NONE', *, *, #2470, .T. ) ;
#9687 = CARTESIAN_POINT ( 'NONE',  ( -11.89999999999999900, 20.43500000000000200, 8.309725586446656100E-014 ) ) ;
#9688 = DESIGN_CONTEXT ( 'detailed design', #4215, 'design' ) ;
#9689 = CARTESIAN_POINT ( 'NONE',  ( -19.21121883656405100, 20.63746869550590200, 8.481100801995044200 ) ) ;
#9690 = CARTESIAN_POINT ( 'NONE',  ( 2.510525938252075700E-016, 0.0000000000000000000, 2.050000000000001200 ) ) ;
#9691 = DIRECTION ( 'NONE',  ( 1.000000000000000000, 1.231304080816852700E-016, -0.0000000000000000000 ) ) ;
#9692 = NEXT_ASSEMBLY_USAGE_OCCURRENCE ( 'NAUO1', ' ', ' ', #4697, #7480, $ ) ;
#9693 = NEXT_ASSEMBLY_USAGE_OCCURRENCE ( 'NAUO2', ' ', ' ', #4697, #1628, $ ) ;
#9694 = NEXT_ASSEMBLY_USAGE_OCCURRENCE ( 'NAUO3', ' ', ' ', #4697, #1628, $ ) ;
#9695 = NEXT_ASSEMBLY_USAGE_OCCURRENCE ( 'NAUO4', ' ', ' ', #4697, #557, $ ) ;
#9696 = NEXT_ASSEMBLY_USAGE_OCCURRENCE ( 'NAUO5', ' ', ' ', #4697, #557, $ ) ;
#9697 = NEXT_ASSEMBLY_USAGE_OCCURRENCE ( 'NAUO6', ' ', ' ', #4697, #3261, $ ) ;
ENDSEC;
END-ISO-10303-21;
