ISO-10303-21;
HEADER;
FILE_DESCRIPTION(('starvars output'),'2;1');
FILE_NAME('cv20241016033313000009407.stp','03:33:13   2024/10/16',(
   'Thomas Industrial Network Germany GmbH'),(
   'Thomas Industrial Network Germany GmbH'),'unknown preprocess','ACIS'
   ,'unknown authorization');
FILE_SCHEMA(('AUTOMOTIVE_DESIGN_CC2 {UNKNOWN IMPLEMENTATION LEVEL}'));
ENDSEC;
/* ISO 10303-21 file written by STEP Caselib, ProSTEP GmbH, Germany */
DATA;
#1=CARTESIAN_POINT('POINT1',(0.0E+000,9.42568977512978E-015,1.11125E+001
   ));
#2=VERTEX_POINT('VERTEX1',#1);
#3=CARTESIAN_POINT('POINT2',(5.29853938502356E-015,6.02997434802712E-015
   ,-1.11125E+001));
#4=VERTEX_POINT('VERTEX2',#3);
#5=CARTESIAN_POINT('POS1',(2.8199664825479E-015,7.38831218427549E-015,
   -7.38831218427549E-015));
#6=DIRECTION('DIR1',(1.0E+000,0.0E+000,2.22044604925031E-016));
#7=DIRECTION('DIR2',(-2.22044604925031E-016,0.0E+000,1.0E+000));
#8=AXIS2_PLACEMENT_3D('AXIS1',#5,#6,#7);
#9=CIRCLE('ELLIPSE1',#8,1.11125E+001);
#10=EDGE_CURVE('EDGE1',#2,#4,#9,.T.);
#11=ORIENTED_EDGE('COEDGE1',*,*,#10,.T.);
#12=EDGE_CURVE('EDGE2',#4,#2,#9,.T.);
#13=ORIENTED_EDGE('COEDGE2',*,*,#12,.T.);
#14=EDGE_LOOP('NONE',(#11,#13));
#15=FACE_BOUND('LOOP1',#14,.T.);
#16=CARTESIAN_POINT('POINT3',(-5.63993296509579E-015,
   2.03737759085429E-015,1.3208E+001));
#17=VERTEX_POINT('VERTEX3',#16);
#18=CARTESIAN_POINT('POINT4',(2.93276514184981E-015,
   -1.6174600721286E-015,-1.3208E+001));
#19=VERTEX_POINT('VERTEX4',#18);
#20=CARTESIAN_POINT('POS2',(0.0E+000,0.0E+000,-7.38831218427549E-015));
#21=DIRECTION('DIR3',(1.0E+000,0.0E+000,2.22044604925031E-016));
#22=DIRECTION('DIR4',(-2.22044604925031E-016,0.0E+000,1.0E+000));
#23=AXIS2_PLACEMENT_3D('AXIS2',#20,#21,#22);
#24=CIRCLE('ELLIPSE2',#23,1.3208E+001);
#25=EDGE_CURVE('EDGE3',#17,#19,#24,.T.);
#26=ORIENTED_EDGE('COEDGE3',*,*,#25,.F.);
#27=EDGE_CURVE('EDGE4',#19,#17,#24,.T.);
#28=ORIENTED_EDGE('COEDGE4',*,*,#27,.F.);
#29=EDGE_LOOP('NONE',(#26,#28));
#30=FACE_BOUND('LOOP1',#29,.T.);
#31=CARTESIAN_POINT('POS3',(0.0E+000,2.03737759085429E-015,
   6.60399999999999E+000));
#32=DIRECTION('DIR5',(-1.0E+000,0.0E+000,-2.22044604925031E-016));
#33=DIRECTION('DIR6',(0.0E+000,1.0E+000,0.0E+000));
#34=AXIS2_PLACEMENT_3D('AXIS3',#31,#32,#33);
#35=PLANE('PLANE1',#34);
#36=ADVANCED_FACE('FACE1',(#15,#30),#35,.T.);
#37=CARTESIAN_POINT('POINT5',(3.81E+000,-1.61746007212859E-015,
   1.3208E+001));
#38=VERTEX_POINT('VERTEX5',#37);
#39=CARTESIAN_POINT('POS4',(1.6637E+001,1.6174600721286E-015,1.3208E+001
   ));
#40=DIRECTION('DIR7',(1.0E+000,0.0E+000,2.22044604925031E-016));
#41=VECTOR('VEC1',#40,1.0E+000);
#42=LINE('STRAIGHT1',#39,#41);
#43=EDGE_CURVE('EDGE5',#17,#38,#42,.T.);
#44=ORIENTED_EDGE('COEDGE5',*,*,#43,.T.);
#45=CARTESIAN_POINT('POINT6',(3.81000000000001E+000,
   -1.6174600721286E-015,-1.3208E+001));
#46=VERTEX_POINT('VERTEX6',#45);
#47=CARTESIAN_POINT('POS5',(3.81E+000,0.0E+000,-6.54232223951112E-015));
#48=DIRECTION('DIR8',(-1.0E+000,2.22044604925031E-016,
   -2.22044604925031E-016));
#49=DIRECTION('DIR9',(-2.22044604925031E-016,0.0E+000,1.0E+000));
#50=AXIS2_PLACEMENT_3D('AXIS4',#47,#48,#49);
#51=CIRCLE('ELLIPSE3',#50,1.3208E+001);
#52=EDGE_CURVE('EDGE6',#38,#46,#51,.T.);
#53=ORIENTED_EDGE('COEDGE6',*,*,#52,.T.);
#54=CARTESIAN_POINT('POS6',(1.6637E+001,-1.6174600721286E-015,
   -1.3208E+001));
#55=DIRECTION('DIR10',(-1.0E+000,-0.0E+000,-2.22044604925031E-016));
#56=VECTOR('VEC2',#55,1.0E+000);
#57=LINE('STRAIGHT2',#54,#56);
#58=EDGE_CURVE('EDGE7',#46,#19,#57,.T.);
#59=ORIENTED_EDGE('COEDGE7',*,*,#58,.T.);
#60=ORIENTED_EDGE('COEDGE8',*,*,#27,.T.);
#61=EDGE_LOOP('NONE',(#44,#53,#59,#60));
#62=FACE_BOUND('LOOP1',#61,.T.);
#63=CARTESIAN_POINT('POS7',(1.6637E+001,0.0E+000,-3.69415609213775E-015)
   );
#64=DIRECTION('DIR11',(1.0E+000,0.0E+000,2.22044604925031E-016));
#65=DIRECTION('DIR12',(-2.22044604925031E-016,0.0E+000,1.0E+000));
#66=AXIS2_PLACEMENT_3D('AXIS5',#63,#64,#65);
#67=CYLINDRICAL_SURFACE('CONE_SURF1',#66,1.3208E+001);
#68=ADVANCED_FACE('FACE2',(#62),#67,.T.);
#69=CARTESIAN_POINT('POINT7',(8.59789999999998E-001,
   9.18213282941364E-015,-1.025271E+001));
#70=VERTEX_POINT('VERTEX7',#69);
#71=CARTESIAN_POINT('POS8',(4.29895000000004E-001,5.98706675202946E-015,
   -1.0682605E+001));
#72=DIRECTION('DIR13',(7.07106781186547E-001,-7.05759594653644E-017,
   7.07106781186548E-001));
#73=VECTOR('VEC3',#72,1.0E+000);
#74=LINE('STRAIGHT3',#71,#73);
#75=EDGE_CURVE('EDGE8',#4,#70,#74,.T.);
#76=ORIENTED_EDGE('COEDGE9',*,*,#75,.F.);
#77=ORIENTED_EDGE('COEDGE10',*,*,#10,.F.);
#78=CARTESIAN_POINT('POINT8',(8.59789999999995E-001,
   8.45064175078221E-015,1.025271E+001));
#79=VERTEX_POINT('VERTEX8',#78);
#80=CARTESIAN_POINT('POS9',(4.29895E-001,8.59864588565303E-015,
   1.0682605E+001));
#81=DIRECTION('DIR14',(-7.07106781186547E-001,2.4344253227139E-016,
   7.07106781186548E-001));
#82=VECTOR('VEC4',#81,1.0E+000);
#83=LINE('STRAIGHT4',#80,#82);
#84=EDGE_CURVE('EDGE9',#79,#2,#83,.T.);
#85=ORIENTED_EDGE('COEDGE11',*,*,#84,.F.);
#86=CARTESIAN_POINT('POS10',(8.59789999999998E-001,7.197400453407E-015,
   -7.197400453407E-015));
#87=DIRECTION('DIR15',(1.0E+000,-2.22044604925031E-016,
   2.22044604925031E-016));
#88=DIRECTION('DIR16',(2.22044604925031E-016,2.25509510618742E-019,
   -1.0E+000));
#89=AXIS2_PLACEMENT_3D('AXIS6',#86,#87,#88);
#90=CIRCLE('ELLIPSE4',#89,1.025271E+001);
#91=EDGE_CURVE('EDGE10',#79,#70,#90,.T.);
#92=ORIENTED_EDGE('COEDGE12',*,*,#91,.T.);
#93=EDGE_LOOP('NONE',(#76,#77,#85,#92));
#94=FACE_BOUND('LOOP1',#93,.T.);
#95=CARTESIAN_POINT('POS11',(4.29895000000002E-001,7.29285631884125E-015
   ,-7.29285631884125E-015));
#96=DIRECTION('DIR17',(-1.0E+000,2.22044604925031E-016,
   -2.22044604925031E-016));
#97=DIRECTION('DIR18',(2.22044604925031E-016,2.25509510618742E-019,
   -1.0E+000));
#98=AXIS2_PLACEMENT_3D('AXIS7',#95,#96,#97);
#99=CONICAL_SURFACE('CONE_SURF2',#98,1.0682605E+001,
   7.85398163397449E-001);
#100=ADVANCED_FACE('FACE3',(#94),#99,.F.);
#101=ORIENTED_EDGE('COEDGE13',*,*,#75,.T.);
#102=EDGE_CURVE('EDGE11',#70,#79,#90,.T.);
#103=ORIENTED_EDGE('COEDGE14',*,*,#102,.T.);
#104=ORIENTED_EDGE('COEDGE15',*,*,#84,.T.);
#105=ORIENTED_EDGE('COEDGE16',*,*,#12,.F.);
#106=EDGE_LOOP('NONE',(#101,#103,#104,#105));
#107=FACE_BOUND('LOOP1',#106,.T.);
#108=ADVANCED_FACE('FACE4',(#107),#99,.F.);
#109=ORIENTED_EDGE('COEDGE17',*,*,#43,.F.);
#110=ORIENTED_EDGE('COEDGE18',*,*,#25,.T.);
#111=ORIENTED_EDGE('COEDGE19',*,*,#58,.F.);
#112=EDGE_CURVE('EDGE12',#46,#38,#51,.T.);
#113=ORIENTED_EDGE('COEDGE20',*,*,#112,.T.);
#114=EDGE_LOOP('NONE',(#109,#110,#111,#113));
#115=FACE_BOUND('LOOP1',#114,.T.);
#116=ADVANCED_FACE('FACE5',(#115),#67,.T.);
#117=CARTESIAN_POINT('POINT9',(1.778E+001,1.349375E+001,
   -8.26226599344535E-016));
#118=VERTEX_POINT('VERTEX9',#117);
#119=CARTESIAN_POINT('POINT10',(1.778E+001,1.025271E+001,
   -5.44852349679661E-016));
#120=VERTEX_POINT('VERTEX10',#119);
#121=CARTESIAN_POINT('POS12',(1.778E+001,1.55400699244243E-032,
   8.11853100750933E-016));
#122=DIRECTION('DIR19',(-0.0E+000,-1.0E+000,1.11022302462516E-016));
#123=VECTOR('VEC5',#122,1.0E+000);
#124=LINE('STRAIGHT5',#121,#123);
#125=EDGE_CURVE('EDGE13',#118,#120,#124,.T.);
#126=ORIENTED_EDGE('COEDGE21',*,*,#125,.F.);
#127=CARTESIAN_POINT('POINT11',(1.5494E+001,1.349375E+001,
   -9.66199105586433E-016));
#128=VERTEX_POINT('VERTEX11',#127);
#129=CARTESIAN_POINT('POS13',(1.6637E+001,1.349375E+001,
   -8.26226599344535E-016));
#130=DIRECTION('DIR20',(0.0E+000,-1.0E+000,-1.19754405733217E-016));
#131=DIRECTION('DIR21',(1.0E+000,0.0E+000,0.0E+000));
#132=AXIS2_PLACEMENT_3D('AXIS8',#129,#130,#131);
#133=CIRCLE('ELLIPSE5',#132,1.143E+000);
#134=EDGE_CURVE('EDGE14',#128,#118,#133,.T.);
#135=ORIENTED_EDGE('COEDGE22',*,*,#134,.F.);
#136=CARTESIAN_POINT('POINT12',(1.5494E+001,1.025271E+001,
   -4.48902463188713E-016));
#137=VERTEX_POINT('VERTEX12',#136);
#138=CARTESIAN_POINT('POS14',(1.5494E+001,-1.55400699244243E-032,
   5.31908088267138E-016));
#139=DIRECTION('DIR22',(-0.0E+000,1.0E+000,-1.11022302462516E-016));
#140=VECTOR('VEC6',#139,1.0E+000);
#141=LINE('STRAIGHT6',#138,#140);
#142=EDGE_CURVE('EDGE15',#137,#128,#141,.T.);
#143=ORIENTED_EDGE('COEDGE23',*,*,#142,.F.);
#144=B_SPLINE_CURVE_WITH_KNOTS('SPLINE_CRV1',3,(#145,#146,#147,#148,#149
   ,#150,#151,#152,#153,#154,#155,#156,#157,#158,#159,#160,#161,#162),
   .UNSPECIFIED.,.F.,.F.,(4,2,2,2,2,2,2,2,4),(6.78641868756007E-002,
   8.48301888919235E-002,1.01796190908246E-001,1.18762282329724E-001,
   1.35728373751201E-001,1.52694465172679E-001,1.69660556594156E-001,
   1.86626558610479E-001,2.03592560626802E-001),.UNSPECIFIED.);
#145=CARTESIAN_POINT('',(1.778E+001,1.025271E+001,-5.44852349679661E-016
   ));
#146=CARTESIAN_POINT('',(1.778E+001,1.025271E+001,-1.43645483738201E-001
   ));
#147=CARTESIAN_POINT('',(1.77512679871058E+001,1.02493823635205E+001,
   -2.96784489831626E-001));
#148=CARTESIAN_POINT('',(1.7634583361272E+001,1.0237354065058E+001,
   -5.7836114510849E-001));
#149=CARTESIAN_POINT('',(1.7546637332958E+001,1.02288236311313E+001,
   -7.06808768834455E-001));
#150=CARTESIAN_POINT('',(1.73438082344151E+001,1.02127846629506E+001,
   -9.0963786737733E-001));
#151=CARTESIAN_POINT('',(1.72153608440343E+001,1.02042309773079E+001,
   -9.97583477707996E-001));
#152=CARTESIAN_POINT('',(1.69337849745729E+001,1.0192149426583E+001,
   -1.1142677945587E+000));
#153=CARTESIAN_POINT('',(1.67806462407018E+001,1.0188798424942E+001,
   -1.143E+000));
#154=CARTESIAN_POINT('',(1.64933537592982E+001,1.0188798424942E+001,
   -1.143E+000));
#155=CARTESIAN_POINT('',(1.63402150254271E+001,1.0192149426583E+001,
   -1.1142677945587E+000));
#156=CARTESIAN_POINT('',(1.60586391559657E+001,1.02042309773079E+001,
   -9.97583477707996E-001));
#157=CARTESIAN_POINT('',(1.59301917655849E+001,1.02127846629506E+001,
   -9.09637867377331E-001));
#158=CARTESIAN_POINT('',(1.5727362667042E+001,1.02288236311313E+001,
   -7.06808768834456E-001));
#159=CARTESIAN_POINT('',(1.5639416638728E+001,1.0237354065058E+001,
   -5.7836114510849E-001));
#160=CARTESIAN_POINT('',(1.55227320128942E+001,1.02493823635205E+001,
   -2.96784489831626E-001));
#161=CARTESIAN_POINT('',(1.5494E+001,1.025271E+001,-1.436454837382E-001)
   );
#162=CARTESIAN_POINT('',(1.5494E+001,1.025271E+001,
   -4.48902463188713E-016));
#163=EDGE_CURVE('EDGE16',#120,#137,#144,.T.);
#164=ORIENTED_EDGE('COEDGE24',*,*,#163,.F.);
#165=EDGE_LOOP('NONE',(#126,#135,#143,#164));
#166=FACE_BOUND('LOOP1',#165,.T.);
#167=CARTESIAN_POINT('POS15',(1.6637E+001,0.0E+000,6.71880594509035E-016
   ));
#168=DIRECTION('DIR23',(0.0E+000,1.0E+000,-1.11022302462516E-016));
#169=DIRECTION('DIR24',(1.0E+000,0.0E+000,0.0E+000));
#170=AXIS2_PLACEMENT_3D('AXIS9',#167,#168,#169);
#171=CYLINDRICAL_SURFACE('CONE_SURF3',#170,1.143E+000);
#172=ADVANCED_FACE('FACE6',(#166),#171,.F.);
#173=ORIENTED_EDGE('COEDGE25',*,*,#125,.T.);
#174=CARTESIAN_POINT('POINT13',(1.6637E+001,1.0188798424942E+001,
   1.143E+000));
#175=VERTEX_POINT('VERTEX13',#174);
#176=B_SPLINE_CURVE_WITH_KNOTS('SPLINE_CRV2',3,(#177,#178,#179,#180,#181
   ,#182,#183,#184,#185,#186),.UNSPECIFIED.,.F.,.F.,(4,2,2,2,4),(
   0.0E+000,1.69660914214775E-002,3.3932182842955E-002,
   5.08981848592778E-002,6.78641868756007E-002),.UNSPECIFIED.);
#177=CARTESIAN_POINT('',(1.6637E+001,1.0188798424942E+001,1.143E+000));
#178=CARTESIAN_POINT('',(1.67806462407018E+001,1.0188798424942E+001,
   1.143E+000));
#179=CARTESIAN_POINT('',(1.69337849745729E+001,1.0192149426583E+001,
   1.1142677945587E+000));
#180=CARTESIAN_POINT('',(1.72153608440343E+001,1.02042309773079E+001,
   9.97583477707995E-001));
#181=CARTESIAN_POINT('',(1.73438082344151E+001,1.02127846629506E+001,
   9.0963786737733E-001));
#182=CARTESIAN_POINT('',(1.7546637332958E+001,1.02288236311313E+001,
   7.06808768834455E-001));
#183=CARTESIAN_POINT('',(1.7634583361272E+001,1.0237354065058E+001,
   5.78361145108489E-001));
#184=CARTESIAN_POINT('',(1.77512679871058E+001,1.02493823635205E+001,
   2.96784489831625E-001));
#185=CARTESIAN_POINT('',(1.778E+001,1.025271E+001,1.436454837382E-001));
#186=CARTESIAN_POINT('',(1.778E+001,1.025271E+001,-5.44852349679661E-016
   ));
#187=EDGE_CURVE('EDGE17',#175,#120,#176,.T.);
#188=ORIENTED_EDGE('COEDGE26',*,*,#187,.F.);
#189=B_SPLINE_CURVE_WITH_KNOTS('SPLINE_CRV3',3,(#190,#191,#192,#193,#194
   ,#195,#196,#197,#198,#199),.UNSPECIFIED.,.F.,.F.,(4,2,2,2,4),(
   2.03592560626802E-001,2.20558562643125E-001,2.37524564659448E-001,
   2.54490656080925E-001,2.71456747502403E-001),.UNSPECIFIED.);
#190=CARTESIAN_POINT('',(1.5494E+001,1.025271E+001,
   -4.48902463188713E-016));
#191=CARTESIAN_POINT('',(1.5494E+001,1.025271E+001,1.436454837382E-001))
   ;
#192=CARTESIAN_POINT('',(1.55227320128942E+001,1.02493823635205E+001,
   2.96784489831626E-001));
#193=CARTESIAN_POINT('',(1.5639416638728E+001,1.0237354065058E+001,
   5.7836114510849E-001));
#194=CARTESIAN_POINT('',(1.5727362667042E+001,1.02288236311313E+001,
   7.06808768834455E-001));
#195=CARTESIAN_POINT('',(1.59301917655849E+001,1.02127846629506E+001,
   9.0963786737733E-001));
#196=CARTESIAN_POINT('',(1.60586391559657E+001,1.02042309773079E+001,
   9.97583477707997E-001));
#197=CARTESIAN_POINT('',(1.63402150254271E+001,1.0192149426583E+001,
   1.1142677945587E+000));
#198=CARTESIAN_POINT('',(1.64933537592982E+001,1.0188798424942E+001,
   1.143E+000));
#199=CARTESIAN_POINT('',(1.6637E+001,1.0188798424942E+001,1.143E+000));
#200=EDGE_CURVE('EDGE18',#137,#175,#189,.T.);
#201=ORIENTED_EDGE('COEDGE27',*,*,#200,.F.);
#202=ORIENTED_EDGE('COEDGE28',*,*,#142,.T.);
#203=EDGE_CURVE('EDGE19',#118,#128,#133,.T.);
#204=ORIENTED_EDGE('COEDGE29',*,*,#203,.F.);
#205=EDGE_LOOP('NONE',(#173,#188,#201,#202,#204));
#206=FACE_BOUND('LOOP1',#205,.T.);
#207=ADVANCED_FACE('FACE7',(#206),#171,.F.);
#208=CARTESIAN_POINT('POINT14',(5.18019097787676E+000,
   1.00779774464017E-014,-1.5581240389755E+001));
#209=VERTEX_POINT('VERTEX14',#208);
#210=CARTESIAN_POINT('POS16',(7.62282117772828E+000,
   2.42619010819289E-015,-1.9812E+001));
#211=DIRECTION('DIR25',(5.0E-001,1.06054021204601E-016,
   -8.66025403784439E-001));
#212=VECTOR('VEC7',#211,1.0E+000);
#213=LINE('STRAIGHT7',#210,#212);
#214=EDGE_CURVE('EDGE20',#46,#209,#213,.T.);
#215=ORIENTED_EDGE('COEDGE30',*,*,#214,.F.);
#216=ORIENTED_EDGE('COEDGE31',*,*,#52,.F.);
#217=CARTESIAN_POINT('POINT15',(5.18019097787675E+000,
   6.34613307947866E-015,1.5581240389755E+001));
#218=VERTEX_POINT('VERTEX15',#217);
#219=CARTESIAN_POINT('POS17',(7.62282117772828E+000,
   -2.42619010819289E-015,1.9812E+001));
#220=DIRECTION('DIR26',(-5.0E-001,1.06054021204601E-016,
   -8.66025403784439E-001));
#221=VECTOR('VEC8',#220,1.0E+000);
#222=LINE('STRAIGHT8',#219,#221);
#223=EDGE_CURVE('EDGE21',#218,#38,#222,.T.);
#224=ORIENTED_EDGE('COEDGE32',*,*,#223,.F.);
#225=CARTESIAN_POINT('POINT16',(5.18019097787675E+000,1.349375E+001,
   7.7906201948775E+000));
#226=VERTEX_POINT('VERTEX16',#225);
#227=(BOUNDED_CURVE() B_SPLINE_CURVE(2,(#228,#229,#230),.UNSPECIFIED.,
   .F.,.F.) B_SPLINE_CURVE_WITH_KNOTS((3,3),(4.97936239244993E-001,
   1.38424224148773E+000),.UNSPECIFIED.) CURVE() 
   GEOMETRIC_REPRESENTATION_ITEM() RATIONAL_B_SPLINE_CURVE((
   1.37264877700743E+000,1.5849982818161E+000,1.37264877700743E+000)) 
   REPRESENTATION_ITEM('SPLINE_CRV4'));
#228=CARTESIAN_POINT('',(5.18019097787675E+000,1.349375E+001,
   7.7906201948775E+000));
#229=CARTESIAN_POINT('',(2.9312326445434E+000,6.74687499999999E+000,
   1.16859302923163E+001));
#230=CARTESIAN_POINT('',(5.18019097787675E+000,6.34613307947866E-015,
   1.5581240389755E+001));
#231=EDGE_CURVE('EDGE22',#226,#218,#227,.T.);
#232=ORIENTED_EDGE('COEDGE33',*,*,#231,.F.);
#233=CARTESIAN_POINT('POINT17',(5.18019097787676E+000,1.349375E+001,
   -7.79062019487752E+000));
#234=VERTEX_POINT('VERTEX17',#233);
#235=(BOUNDED_CURVE() B_SPLINE_CURVE(2,(#236,#237,#238),.UNSPECIFIED.,
   .F.,.F.) B_SPLINE_CURVE_WITH_KNOTS((3,3),(4.97936239244993E-001,
   1.38424224148773E+000),.UNSPECIFIED.) CURVE() 
   GEOMETRIC_REPRESENTATION_ITEM() RATIONAL_B_SPLINE_CURVE((
   1.37264877700743E+000,1.5849982818161E+000,1.37264877700743E+000)) 
   REPRESENTATION_ITEM('SPLINE_CRV5'));
#236=CARTESIAN_POINT('',(5.18019097787676E+000,1.349375E+001,
   -7.79062019487752E+000));
#237=CARTESIAN_POINT('',(2.93123264454341E+000,1.349375E+001,
   3.52495810318487E-015));
#238=CARTESIAN_POINT('',(5.18019097787675E+000,1.349375E+001,
   7.7906201948775E+000));
#239=EDGE_CURVE('EDGE23',#234,#226,#235,.T.);
#240=ORIENTED_EDGE('COEDGE34',*,*,#239,.F.);
#241=(BOUNDED_CURVE() B_SPLINE_CURVE(2,(#242,#243,#244),.UNSPECIFIED.,
   .F.,.F.) B_SPLINE_CURVE_WITH_KNOTS((3,3),(4.97936239244992E-001,
   1.38424224148773E+000),.UNSPECIFIED.) CURVE() 
   GEOMETRIC_REPRESENTATION_ITEM() RATIONAL_B_SPLINE_CURVE((
   1.37264877700743E+000,1.5849982818161E+000,1.37264877700743E+000)) 
   REPRESENTATION_ITEM('SPLINE_CRV6'));
#242=CARTESIAN_POINT('',(5.18019097787676E+000,1.00779774464017E-014,
   -1.5581240389755E+001));
#243=CARTESIAN_POINT('',(2.93123264454341E+000,6.74687500000002E+000,
   -1.16859302923163E+001));
#244=CARTESIAN_POINT('',(5.18019097787676E+000,1.349375E+001,
   -7.79062019487752E+000));
#245=EDGE_CURVE('EDGE24',#209,#234,#241,.T.);
#246=ORIENTED_EDGE('COEDGE35',*,*,#245,.F.);
#247=EDGE_LOOP('NONE',(#215,#216,#224,#232,#240,#246));
#248=FACE_BOUND('LOOP1',#247,.T.);
#249=CARTESIAN_POINT('POS18',(7.62282117772828E+000,0.0E+000,
   2.11654093014617E-016));
#250=DIRECTION('DIR27',(1.0E+000,0.0E+000,5.55111512312578E-017));
#251=DIRECTION('DIR28',(5.55111512312578E-017,0.0E+000,-1.0E+000));
#252=AXIS2_PLACEMENT_3D('AXIS10',#249,#250,#251);
#253=CONICAL_SURFACE('CONE_SURF4',#252,1.9812E+001,1.0471975511966E+000)
   ;
#254=ADVANCED_FACE('FACE8',(#248),#253,.T.);
#255=CARTESIAN_POINT('POINT18',(3.241421E+001,2.43556945716139E-016,
   -1.025271E+001));
#256=VERTEX_POINT('VERTEX18',#255);
#257=CARTESIAN_POINT('POS19',(1.6637E+001,2.44091479476254E-015,
   -1.025271E+001));
#258=DIRECTION('DIR29',(1.0E+000,-2.22044604925031E-016,
   2.22044604925031E-016));
#259=VECTOR('VEC9',#258,1.0E+000);
#260=LINE('STRAIGHT9',#257,#259);
#261=EDGE_CURVE('EDGE25',#70,#256,#260,.T.);
#262=ORIENTED_EDGE('COEDGE36',*,*,#261,.F.);
#263=ORIENTED_EDGE('COEDGE37',*,*,#91,.F.);
#264=CARTESIAN_POINT('POINT19',(3.241421E+001,1.4441530282437E-015,
   1.025271E+001));
#265=VERTEX_POINT('VERTEX19',#264);
#266=CARTESIAN_POINT('POS20',(1.6637E+001,4.94739738951295E-015,
   1.025271E+001));
#267=DIRECTION('DIR30',(-1.0E+000,2.22044604925031E-016,
   -2.22044604925031E-016));
#268=VECTOR('VEC10',#267,1.0E+000);
#269=LINE('STRAIGHT10',#266,#268);
#270=EDGE_CURVE('EDGE26',#265,#79,#269,.T.);
#271=ORIENTED_EDGE('COEDGE38',*,*,#270,.F.);
#272=CARTESIAN_POINT('POS21',(3.241421E+001,1.90911730868492E-016,
   -1.90911730868492E-016));
#273=DIRECTION('DIR31',(1.0E+000,-2.22044604925031E-016,
   2.22044604925031E-016));
#274=DIRECTION('DIR32',(2.22044604925031E-016,2.25509510618742E-019,
   -1.0E+000));
#275=AXIS2_PLACEMENT_3D('AXIS11',#272,#273,#274);
#276=CIRCLE('ELLIPSE6',#275,1.025271E+001);
#277=EDGE_CURVE('EDGE27',#265,#256,#276,.T.);
#278=ORIENTED_EDGE('COEDGE39',*,*,#277,.T.);
#279=EDGE_LOOP('NONE',(#262,#263,#271,#278));
#280=FACE_BOUND('LOOP1',#279,.T.);
#281=CARTESIAN_POINT('POINT20',(1.6637E+001,-1.0188798424942E+001,
   1.143E+000));
#282=VERTEX_POINT('VERTEX20',#281);
#283=CARTESIAN_POINT('POINT21',(1.5494E+001,-1.025271E+001,
   1.78572224430909E-015));
#284=VERTEX_POINT('VERTEX21',#283);
#285=B_SPLINE_CURVE_WITH_KNOTS('SPLINE_CRV7',3,(#286,#287,#288,#289,#290
   ,#291,#292,#293,#294,#295),.UNSPECIFIED.,.F.,.F.,(4,2,2,2,4),(
   0.0E+000,1.69660914214775E-002,3.3932182842955E-002,
   5.08981848592778E-002,6.78641868756006E-002),.UNSPECIFIED.);
#286=CARTESIAN_POINT('',(1.6637E+001,-1.0188798424942E+001,1.143E+000));
#287=CARTESIAN_POINT('',(1.64933537592982E+001,-1.0188798424942E+001,
   1.143E+000));
#288=CARTESIAN_POINT('',(1.63402150254271E+001,-1.0192149426583E+001,
   1.11426779455871E+000));
#289=CARTESIAN_POINT('',(1.60586391559657E+001,-1.02042309773079E+001,
   9.97583477707998E-001));
#290=CARTESIAN_POINT('',(1.59301917655849E+001,-1.02127846629506E+001,
   9.09637867377332E-001));
#291=CARTESIAN_POINT('',(1.5727362667042E+001,-1.02288236311313E+001,
   7.06808768834457E-001));
#292=CARTESIAN_POINT('',(1.5639416638728E+001,-1.0237354065058E+001,
   5.78361145108492E-001));
#293=CARTESIAN_POINT('',(1.55227320128942E+001,-1.02493823635205E+001,
   2.96784489831628E-001));
#294=CARTESIAN_POINT('',(1.5494E+001,-1.025271E+001,
   1.43645483738202E-001));
#295=CARTESIAN_POINT('',(1.5494E+001,-1.025271E+001,
   1.78572224430909E-015));
#296=EDGE_CURVE('EDGE28',#282,#284,#285,.T.);
#297=ORIENTED_EDGE('COEDGE40',*,*,#296,.T.);
#298=CARTESIAN_POINT('POINT22',(1.778E+001,-1.025271E+001,
   1.7452835090494E-015));
#299=VERTEX_POINT('VERTEX22',#298);
#300=B_SPLINE_CURVE_WITH_KNOTS('SPLINE_CRV8',3,(#301,#302,#303,#304,#305
   ,#306,#307,#308,#309,#310,#311,#312,#313,#314,#315,#316,#317,#318),
   .UNSPECIFIED.,.F.,.F.,(4,2,2,2,2,2,2,2,4),(6.78641868756006E-002,
   8.48301888919235E-002,1.01796190908246E-001,1.18762282329724E-001,
   1.35728373751201E-001,1.52694465172679E-001,1.69660556594156E-001,
   1.86626558610479E-001,2.03592560626802E-001),.UNSPECIFIED.);
#301=CARTESIAN_POINT('',(1.5494E+001,-1.025271E+001,
   1.78572224430909E-015));
#302=CARTESIAN_POINT('',(1.5494E+001,-1.025271E+001,
   -1.43645483738198E-001));
#303=CARTESIAN_POINT('',(1.55227320128942E+001,-1.02493823635205E+001,
   -2.96784489831624E-001));
#304=CARTESIAN_POINT('',(1.5639416638728E+001,-1.0237354065058E+001,
   -5.78361145108488E-001));
#305=CARTESIAN_POINT('',(1.5727362667042E+001,-1.02288236311313E+001,
   -7.06808768834453E-001));
#306=CARTESIAN_POINT('',(1.59301917655849E+001,-1.02127846629506E+001,
   -9.09637867377329E-001));
#307=CARTESIAN_POINT('',(1.60586391559657E+001,-1.02042309773079E+001,
   -9.97583477707994E-001));
#308=CARTESIAN_POINT('',(1.63402150254271E+001,-1.0192149426583E+001,
   -1.1142677945587E+000));
#309=CARTESIAN_POINT('',(1.64933537592982E+001,-1.0188798424942E+001,
   -1.143E+000));
#310=CARTESIAN_POINT('',(1.67806462407018E+001,-1.0188798424942E+001,
   -1.143E+000));
#311=CARTESIAN_POINT('',(1.69337849745729E+001,-1.0192149426583E+001,
   -1.1142677945587E+000));
#312=CARTESIAN_POINT('',(1.72153608440343E+001,-1.02042309773079E+001,
   -9.97583477707994E-001));
#313=CARTESIAN_POINT('',(1.73438082344151E+001,-1.02127846629506E+001,
   -9.09637867377328E-001));
#314=CARTESIAN_POINT('',(1.7546637332958E+001,-1.02288236311313E+001,
   -7.06808768834453E-001));
#315=CARTESIAN_POINT('',(1.7634583361272E+001,-1.0237354065058E+001,
   -5.78361145108485E-001));
#316=CARTESIAN_POINT('',(1.77512679871058E+001,-1.02493823635205E+001,
   -2.96784489831621E-001));
#317=CARTESIAN_POINT('',(1.778E+001,-1.025271E+001,
   -1.43645483738198E-001));
#318=CARTESIAN_POINT('',(1.778E+001,-1.025271E+001,1.7452835090494E-015)
   );
#319=EDGE_CURVE('EDGE29',#284,#299,#300,.T.);
#320=ORIENTED_EDGE('COEDGE41',*,*,#319,.T.);
#321=B_SPLINE_CURVE_WITH_KNOTS('SPLINE_CRV9',3,(#322,#323,#324,#325,#326
   ,#327,#328,#329,#330,#331),.UNSPECIFIED.,.F.,.F.,(4,2,2,2,4),(
   2.03592560626802E-001,2.20558562643125E-001,2.37524564659448E-001,
   2.54490656080925E-001,2.71456747502403E-001),.UNSPECIFIED.);
#322=CARTESIAN_POINT('',(1.778E+001,-1.025271E+001,1.7452835090494E-015)
   );
#323=CARTESIAN_POINT('',(1.778E+001,-1.025271E+001,1.43645483738202E-001
   ));
#324=CARTESIAN_POINT('',(1.77512679871058E+001,-1.02493823635205E+001,
   2.96784489831627E-001));
#325=CARTESIAN_POINT('',(1.7634583361272E+001,-1.0237354065058E+001,
   5.78361145108492E-001));
#326=CARTESIAN_POINT('',(1.7546637332958E+001,-1.02288236311313E+001,
   7.06808768834457E-001));
#327=CARTESIAN_POINT('',(1.73438082344151E+001,-1.02127846629506E+001,
   9.09637867377332E-001));
#328=CARTESIAN_POINT('',(1.72153608440343E+001,-1.02042309773079E+001,
   9.97583477707998E-001));
#329=CARTESIAN_POINT('',(1.69337849745729E+001,-1.0192149426583E+001,
   1.11426779455871E+000));
#330=CARTESIAN_POINT('',(1.67806462407018E+001,-1.0188798424942E+001,
   1.143E+000));
#331=CARTESIAN_POINT('',(1.6637E+001,-1.0188798424942E+001,1.143E+000));
#332=EDGE_CURVE('EDGE30',#299,#282,#321,.T.);
#333=ORIENTED_EDGE('COEDGE42',*,*,#332,.T.);
#334=EDGE_LOOP('NONE',(#297,#320,#333));
#335=FACE_BOUND('LOOP1',#334,.T.);
#336=CARTESIAN_POINT('POS22',(1.6637E+001,3.69415609213775E-015,
   -3.69415609213775E-015));
#337=DIRECTION('DIR33',(1.0E+000,-2.22044604925031E-016,
   2.22044604925031E-016));
#338=DIRECTION('DIR34',(2.22044604925031E-016,2.25509510618742E-019,
   -1.0E+000));
#339=AXIS2_PLACEMENT_3D('AXIS12',#336,#337,#338);
#340=CYLINDRICAL_SURFACE('CONE_SURF5',#339,1.025271E+001);
#341=ADVANCED_FACE('FACE9',(#280,#335),#340,.F.);
#342=ORIENTED_EDGE('COEDGE43',*,*,#261,.T.);
#343=EDGE_CURVE('EDGE31',#256,#265,#276,.T.);
#344=ORIENTED_EDGE('COEDGE44',*,*,#343,.T.);
#345=ORIENTED_EDGE('COEDGE45',*,*,#270,.T.);
#346=ORIENTED_EDGE('COEDGE46',*,*,#102,.F.);
#347=EDGE_LOOP('NONE',(#342,#344,#345,#346));
#348=FACE_BOUND('LOOP1',#347,.T.);
#349=ORIENTED_EDGE('COEDGE47',*,*,#187,.T.);
#350=ORIENTED_EDGE('COEDGE48',*,*,#163,.T.);
#351=ORIENTED_EDGE('COEDGE49',*,*,#200,.T.);
#352=EDGE_LOOP('NONE',(#349,#350,#351));
#353=FACE_BOUND('LOOP1',#352,.T.);
#354=ADVANCED_FACE('FACE10',(#348,#353),#340,.F.);
#355=CARTESIAN_POINT('POINT23',(1.778E+001,-1.349375E+001,
   3.82244098705168E-015));
#356=VERTEX_POINT('VERTEX23',#355);
#357=CARTESIAN_POINT('POS23',(1.778E+001,1.55400699244243E-032,
   8.11853100750933E-016));
#358=DIRECTION('DIR35',(-0.0E+000,-1.0E+000,1.11022302462516E-016));
#359=VECTOR('VEC11',#358,1.0E+000);
#360=LINE('STRAIGHT11',#357,#359);
#361=EDGE_CURVE('EDGE32',#299,#356,#360,.T.);
#362=ORIENTED_EDGE('COEDGE50',*,*,#361,.T.);
#363=CARTESIAN_POINT('POINT24',(1.5494E+001,-1.349375E+001,
   2.03001528212071E-015));
#364=VERTEX_POINT('VERTEX24',#363);
#365=CARTESIAN_POINT('POS24',(1.6637E+001,-1.349375E+001,
   2.16998778836261E-015));
#366=DIRECTION('DIR36',(0.0E+000,1.0E+000,-6.12303176911189E-017));
#367=DIRECTION('DIR37',(1.0E+000,0.0E+000,0.0E+000));
#368=AXIS2_PLACEMENT_3D('AXIS13',#365,#366,#367);
#369=CIRCLE('ELLIPSE7',#368,1.143E+000);
#370=EDGE_CURVE('EDGE33',#364,#356,#369,.T.);
#371=ORIENTED_EDGE('COEDGE51',*,*,#370,.F.);
#372=CARTESIAN_POINT('POS25',(1.5494E+001,-1.55400699244243E-032,
   5.31908088267138E-016));
#373=DIRECTION('DIR38',(-0.0E+000,1.0E+000,-1.11022302462516E-016));
#374=VECTOR('VEC12',#373,1.0E+000);
#375=LINE('STRAIGHT12',#372,#374);
#376=EDGE_CURVE('EDGE34',#364,#284,#375,.T.);
#377=ORIENTED_EDGE('COEDGE52',*,*,#376,.T.);
#378=ORIENTED_EDGE('COEDGE53',*,*,#296,.F.);
#379=ORIENTED_EDGE('COEDGE54',*,*,#332,.F.);
#380=EDGE_LOOP('NONE',(#362,#371,#377,#378,#379));
#381=FACE_BOUND('LOOP1',#380,.T.);
#382=ADVANCED_FACE('FACE11',(#381),#171,.F.);
#383=ORIENTED_EDGE('COEDGE55',*,*,#361,.F.);
#384=ORIENTED_EDGE('COEDGE56',*,*,#319,.F.);
#385=ORIENTED_EDGE('COEDGE57',*,*,#376,.F.);
#386=EDGE_CURVE('EDGE35',#356,#364,#369,.T.);
#387=ORIENTED_EDGE('COEDGE58',*,*,#386,.F.);
#388=EDGE_LOOP('NONE',(#383,#384,#385,#387));
#389=FACE_BOUND('LOOP1',#388,.T.);
#390=ADVANCED_FACE('FACE12',(#389),#171,.F.);
#391=ORIENTED_EDGE('COEDGE59',*,*,#214,.T.);
#392=CARTESIAN_POINT('POINT25',(5.18019097787675E+000,-1.349375E+001,
   -7.79062019487752E+000));
#393=VERTEX_POINT('VERTEX25',#392);
#394=(BOUNDED_CURVE() B_SPLINE_CURVE(2,(#395,#396,#397),.UNSPECIFIED.,
   .F.,.F.) B_SPLINE_CURVE_WITH_KNOTS((3,3),(4.97936239244994E-001,
   1.38424224148773E+000),.UNSPECIFIED.) CURVE() 
   GEOMETRIC_REPRESENTATION_ITEM() RATIONAL_B_SPLINE_CURVE((
   1.37264877700743E+000,1.5849982818161E+000,1.37264877700743E+000)) 
   REPRESENTATION_ITEM('SPLINE_CRV10'));
#395=CARTESIAN_POINT('',(5.18019097787675E+000,-1.349375E+001,
   -7.79062019487752E+000));
#396=CARTESIAN_POINT('',(2.93123264454341E+000,-6.74687499999998E+000,
   -1.16859302923163E+001));
#397=CARTESIAN_POINT('',(5.18019097787676E+000,1.00779774464017E-014,
   -1.5581240389755E+001));
#398=EDGE_CURVE('EDGE36',#393,#209,#394,.T.);
#399=ORIENTED_EDGE('COEDGE60',*,*,#398,.F.);
#400=CARTESIAN_POINT('POINT26',(5.18019097787675E+000,-1.349375E+001,
   7.79062019487751E+000));
#401=VERTEX_POINT('VERTEX26',#400);
#402=(BOUNDED_CURVE() B_SPLINE_CURVE(2,(#403,#404,#405),.UNSPECIFIED.,
   .F.,.F.) B_SPLINE_CURVE_WITH_KNOTS((3,3),(4.97936239244993E-001,
   1.38424224148773E+000),.UNSPECIFIED.) CURVE() 
   GEOMETRIC_REPRESENTATION_ITEM() RATIONAL_B_SPLINE_CURVE((
   1.37264877700743E+000,1.5849982818161E+000,1.37264877700743E+000)) 
   REPRESENTATION_ITEM('SPLINE_CRV11'));
#403=CARTESIAN_POINT('',(5.18019097787675E+000,-1.349375E+001,
   7.79062019487751E+000));
#404=CARTESIAN_POINT('',(2.9312326445434E+000,-1.349375E+001,
   -2.6789681584205E-014));
#405=CARTESIAN_POINT('',(5.18019097787675E+000,-1.349375E+001,
   -7.79062019487752E+000));
#406=EDGE_CURVE('EDGE37',#401,#393,#402,.T.);
#407=ORIENTED_EDGE('COEDGE61',*,*,#406,.F.);
#408=(BOUNDED_CURVE() B_SPLINE_CURVE(2,(#409,#410,#411),.UNSPECIFIED.,
   .F.,.F.) B_SPLINE_CURVE_WITH_KNOTS((3,3),(4.97936239244992E-001,
   1.38424224148773E+000),.UNSPECIFIED.) CURVE() 
   GEOMETRIC_REPRESENTATION_ITEM() RATIONAL_B_SPLINE_CURVE((
   1.37264877700743E+000,1.5849982818161E+000,1.37264877700743E+000)) 
   REPRESENTATION_ITEM('SPLINE_CRV12'));
#409=CARTESIAN_POINT('',(5.18019097787675E+000,6.34613307947866E-015,
   1.5581240389755E+001));
#410=CARTESIAN_POINT('',(2.9312326445434E+000,-6.74687500000001E+000,
   1.16859302923163E+001));
#411=CARTESIAN_POINT('',(5.18019097787675E+000,-1.349375E+001,
   7.79062019487751E+000));
#412=EDGE_CURVE('EDGE38',#218,#401,#408,.T.);
#413=ORIENTED_EDGE('COEDGE62',*,*,#412,.F.);
#414=ORIENTED_EDGE('COEDGE63',*,*,#223,.T.);
#415=ORIENTED_EDGE('COEDGE64',*,*,#112,.F.);
#416=EDGE_LOOP('NONE',(#391,#399,#407,#413,#414,#415));
#417=FACE_BOUND('LOOP1',#416,.T.);
#418=ADVANCED_FACE('FACE13',(#417),#253,.T.);
#419=ORIENTED_EDGE('COEDGE65',*,*,#231,.T.);
#420=CARTESIAN_POINT('POINT27',(2.80938090221232E+001,
   1.25828781344088E-015,1.5581240389755E+001));
#421=VERTEX_POINT('VERTEX27',#420);
#422=CARTESIAN_POINT('POS26',(2.9464E+001,9.54044299086392E-016,
   1.5581240389755E+001));
#423=DIRECTION('DIR39',(-1.0E+000,2.22044604925031E-016,
   -1.35958617011586E-032));
#424=VECTOR('VEC13',#423,2.54E+001);
#425=LINE('STRAIGHT13',#422,#424);
#426=EDGE_CURVE('EDGE39',#421,#218,#425,.T.);
#427=ORIENTED_EDGE('COEDGE66',*,*,#426,.F.);
#428=CARTESIAN_POINT('POINT28',(2.80938090221232E+001,1.349375E+001,
   7.7906201948775E+000));
#429=VERTEX_POINT('VERTEX28',#428);
#430=(BOUNDED_CURVE() B_SPLINE_CURVE(2,(#431,#432,#433),.UNSPECIFIED.,
   .F.,.F.) B_SPLINE_CURVE_WITH_KNOTS((3,3),(4.97936239244993E-001,
   1.38424224148773E+000),.UNSPECIFIED.) CURVE() 
   GEOMETRIC_REPRESENTATION_ITEM() RATIONAL_B_SPLINE_CURVE((
   1.37264877700743E+000,1.5849982818161E+000,1.37264877700743E+000)) 
   REPRESENTATION_ITEM('SPLINE_CRV13'));
#431=CARTESIAN_POINT('',(2.80938090221232E+001,1.25828781344088E-015,
   1.5581240389755E+001));
#432=CARTESIAN_POINT('',(3.03427673554566E+001,6.74687500000001E+000,
   1.16859302923163E+001));
#433=CARTESIAN_POINT('',(2.80938090221232E+001,1.349375E+001,
   7.7906201948775E+000));
#434=EDGE_CURVE('EDGE40',#421,#429,#430,.T.);
#435=ORIENTED_EDGE('COEDGE67',*,*,#434,.T.);
#436=CARTESIAN_POINT('POS27',(2.9464E+001,1.349375E+001,
   7.7906201948775E+000));
#437=DIRECTION('DIR40',(-1.0E+000,2.22044604925031E-016,
   -1.35958617011586E-032));
#438=VECTOR('VEC14',#437,2.54E+001);
#439=LINE('STRAIGHT14',#436,#438);
#440=EDGE_CURVE('EDGE41',#429,#226,#439,.T.);
#441=ORIENTED_EDGE('COEDGE68',*,*,#440,.T.);
#442=EDGE_LOOP('NONE',(#419,#427,#435,#441));
#443=FACE_BOUND('LOOP1',#442,.T.);
#444=CARTESIAN_POINT('POS28',(2.9464E+001,1.349375E+001,
   7.7906201948775E+000));
#445=DIRECTION('DIR41',(1.11022302462516E-016,5.0E-001,
   8.66025403784439E-001));
#446=DIRECTION('DIR42',(1.0E+000,-5.55111512312579E-017,
   -9.61481343191782E-017));
#447=AXIS2_PLACEMENT_3D('AXIS14',#444,#445,#446);
#448=PLANE('PLANE2',#447);
#449=ADVANCED_FACE('FACE14',(#443),#448,.T.);
#450=ORIENTED_EDGE('COEDGE69',*,*,#203,.T.);
#451=ORIENTED_EDGE('COEDGE70',*,*,#134,.T.);
#452=EDGE_LOOP('NONE',(#450,#451));
#453=FACE_BOUND('LOOP1',#452,.T.);
#454=ORIENTED_EDGE('COEDGE71',*,*,#239,.T.);
#455=ORIENTED_EDGE('COEDGE72',*,*,#440,.F.);
#456=CARTESIAN_POINT('POINT29',(2.80938090221232E+001,1.349375E+001,
   -7.79062019487752E+000));
#457=VERTEX_POINT('VERTEX29',#456);
#458=(BOUNDED_CURVE() B_SPLINE_CURVE(2,(#459,#460,#461),.UNSPECIFIED.,
   .F.,.F.) B_SPLINE_CURVE_WITH_KNOTS((3,3),(4.97936239244994E-001,
   1.38424224148773E+000),.UNSPECIFIED.) CURVE() 
   GEOMETRIC_REPRESENTATION_ITEM() RATIONAL_B_SPLINE_CURVE((
   1.37264877700743E+000,1.5849982818161E+000,1.37264877700743E+000)) 
   REPRESENTATION_ITEM('SPLINE_CRV14'));
#459=CARTESIAN_POINT('',(2.80938090221232E+001,1.349375E+001,
   7.7906201948775E+000));
#460=CARTESIAN_POINT('',(3.03427673554566E+001,1.349375E+001,
   -2.00922611881538E-014));
#461=CARTESIAN_POINT('',(2.80938090221232E+001,1.349375E+001,
   -7.79062019487752E+000));
#462=EDGE_CURVE('EDGE42',#429,#457,#458,.T.);
#463=ORIENTED_EDGE('COEDGE73',*,*,#462,.T.);
#464=CARTESIAN_POINT('POS29',(2.9464E+001,1.349375E+001,
   -7.79062019487752E+000));
#465=DIRECTION('DIR43',(-1.0E+000,2.22044604925031E-016,
   -1.35958617011586E-032));
#466=VECTOR('VEC15',#465,2.54E+001);
#467=LINE('STRAIGHT15',#464,#466);
#468=EDGE_CURVE('EDGE43',#457,#234,#467,.T.);
#469=ORIENTED_EDGE('COEDGE74',*,*,#468,.T.);
#470=EDGE_LOOP('NONE',(#454,#455,#463,#469));
#471=FACE_BOUND('LOOP1',#470,.T.);
#472=CARTESIAN_POINT('POS30',(2.9464E+001,1.349375E+001,
   -7.79062019487752E+000));
#473=DIRECTION('DIR44',(2.22044604925031E-016,1.0E+000,
   1.19754405733217E-016));
#474=DIRECTION('DIR45',(1.0E+000,-2.22044604925031E-016,
   -2.6590819709064E-032));
#475=AXIS2_PLACEMENT_3D('AXIS15',#472,#473,#474);
#476=PLANE('PLANE3',#475);
#477=ADVANCED_FACE('FACE15',(#453,#471),#476,.T.);
#478=ORIENTED_EDGE('COEDGE75',*,*,#245,.T.);
#479=ORIENTED_EDGE('COEDGE76',*,*,#468,.F.);
#480=CARTESIAN_POINT('POINT30',(2.80938090221232E+001,
   4.99013218036389E-015,-1.5581240389755E+001));
#481=VERTEX_POINT('VERTEX30',#480);
#482=(BOUNDED_CURVE() B_SPLINE_CURVE(2,(#483,#484,#485),.UNSPECIFIED.,
   .F.,.F.) B_SPLINE_CURVE_WITH_KNOTS((3,3),(4.97936239244994E-001,
   1.38424224148773E+000),.UNSPECIFIED.) CURVE() 
   GEOMETRIC_REPRESENTATION_ITEM() RATIONAL_B_SPLINE_CURVE((
   1.37264877700743E+000,1.5849982818161E+000,1.37264877700743E+000)) 
   REPRESENTATION_ITEM('SPLINE_CRV15'));
#483=CARTESIAN_POINT('',(2.80938090221232E+001,1.349375E+001,
   -7.79062019487752E+000));
#484=CARTESIAN_POINT('',(3.03427673554566E+001,6.74687499999999E+000,
   -1.16859302923163E+001));
#485=CARTESIAN_POINT('',(2.80938090221232E+001,4.99013218036389E-015,
   -1.5581240389755E+001));
#486=EDGE_CURVE('EDGE44',#457,#481,#482,.T.);
#487=ORIENTED_EDGE('COEDGE77',*,*,#486,.T.);
#488=CARTESIAN_POINT('POS31',(2.9464E+001,4.6858886660094E-015,
   -1.5581240389755E+001));
#489=DIRECTION('DIR46',(-1.0E+000,2.22044604925031E-016,
   -1.35958617011586E-032));
#490=VECTOR('VEC16',#489,2.54E+001);
#491=LINE('STRAIGHT16',#488,#490);
#492=EDGE_CURVE('EDGE45',#481,#209,#491,.T.);
#493=ORIENTED_EDGE('COEDGE78',*,*,#492,.T.);
#494=EDGE_LOOP('NONE',(#478,#479,#487,#493));
#495=FACE_BOUND('LOOP1',#494,.T.);
#496=CARTESIAN_POINT('POS32',(2.9464E+001,4.6858886660094E-015,
   -1.5581240389755E+001));
#497=DIRECTION('DIR47',(1.11022302462516E-016,5.0E-001,
   -8.66025403784438E-001));
#498=DIRECTION('DIR48',(1.0E+000,-5.55111512312579E-017,
   9.61481343191783E-017));
#499=AXIS2_PLACEMENT_3D('AXIS16',#496,#497,#498);
#500=PLANE('PLANE4',#499);
#501=ADVANCED_FACE('FACE16',(#495),#500,.T.);
#502=CARTESIAN_POINT('POINT31',(3.3274E+001,-1.35833783624837E-015,
   -1.11125E+001));
#503=VERTEX_POINT('VERTEX31',#502);
#504=CARTESIAN_POINT('POS33',(3.2844105E+001,-1.21033370137754E-015,
   -1.0682605E+001));
#505=DIRECTION('DIR49',(7.07106781186548E-001,-2.43442532271391E-016,
   -7.07106781186547E-001));
#506=VECTOR('VEC17',#505,1.0E+000);
#507=LINE('STRAIGHT17',#504,#506);
#508=EDGE_CURVE('EDGE46',#256,#503,#507,.T.);
#509=ORIENTED_EDGE('COEDGE79',*,*,#508,.F.);
#510=ORIENTED_EDGE('COEDGE80',*,*,#277,.F.);
#511=CARTESIAN_POINT('POINT32',(3.3274E+001,0.0E+000,1.11125E+001));
#512=VERTEX_POINT('VERTEX32',#511);
#513=CARTESIAN_POINT('POS34',(3.2844105E+001,1.40124543224603E-015,
   1.0682605E+001));
#514=DIRECTION('DIR50',(-7.07106781186547E-001,7.05759594653646E-017,
   -7.07106781186548E-001));
#515=VECTOR('VEC18',#514,1.0E+000);
#516=LINE('STRAIGHT18',#513,#515);
#517=EDGE_CURVE('EDGE47',#512,#265,#516,.T.);
#518=ORIENTED_EDGE('COEDGE81',*,*,#517,.F.);
#519=CARTESIAN_POINT('POS35',(3.3274E+001,-6.26158343519178E-031,
   6.26158343519178E-031));
#520=DIRECTION('DIR51',(-1.0E+000,0.0E+000,-2.22044604925031E-016));
#521=DIRECTION('DIR52',(-2.22044604925031E-016,0.0E+000,1.0E+000));
#522=AXIS2_PLACEMENT_3D('AXIS17',#519,#520,#521);
#523=CIRCLE('ELLIPSE8',#522,1.11125E+001);
#524=EDGE_CURVE('EDGE48',#503,#512,#523,.T.);
#525=ORIENTED_EDGE('COEDGE82',*,*,#524,.F.);
#526=EDGE_LOOP('NONE',(#509,#510,#518,#525));
#527=FACE_BOUND('LOOP1',#526,.T.);
#528=CARTESIAN_POINT('POS36',(3.2844105E+001,9.54558654342461E-017,
   -9.54558654342461E-017));
#529=DIRECTION('DIR53',(1.0E+000,-2.22044604925031E-016,
   2.22044604925031E-016));
#530=DIRECTION('DIR54',(2.22044604925031E-016,2.25509510618742E-019,
   -1.0E+000));
#531=AXIS2_PLACEMENT_3D('AXIS18',#528,#529,#530);
#532=CONICAL_SURFACE('CONE_SURF6',#531,1.0682605E+001,
   7.85398163397448E-001);
#533=ADVANCED_FACE('FACE17',(#527),#532,.F.);
#534=ORIENTED_EDGE('COEDGE83',*,*,#508,.T.);
#535=EDGE_CURVE('EDGE49',#512,#503,#523,.T.);
#536=ORIENTED_EDGE('COEDGE84',*,*,#535,.F.);
#537=ORIENTED_EDGE('COEDGE85',*,*,#517,.T.);
#538=ORIENTED_EDGE('COEDGE86',*,*,#343,.F.);
#539=EDGE_LOOP('NONE',(#534,#536,#537,#538));
#540=FACE_BOUND('LOOP1',#539,.T.);
#541=ADVANCED_FACE('FACE18',(#540),#532,.F.);
#542=ORIENTED_EDGE('COEDGE87',*,*,#398,.T.);
#543=ORIENTED_EDGE('COEDGE88',*,*,#492,.F.);
#544=CARTESIAN_POINT('POINT33',(2.80938090221232E+001,-1.349375E+001,
   -7.79062019487752E+000));
#545=VERTEX_POINT('VERTEX33',#544);
#546=(BOUNDED_CURVE() B_SPLINE_CURVE(2,(#547,#548,#549),.UNSPECIFIED.,
   .F.,.F.) B_SPLINE_CURVE_WITH_KNOTS((3,3),(4.97936239244992E-001,
   1.38424224148773E+000),.UNSPECIFIED.) CURVE() 
   GEOMETRIC_REPRESENTATION_ITEM() RATIONAL_B_SPLINE_CURVE((
   1.37264877700743E+000,1.5849982818161E+000,1.37264877700743E+000)) 
   REPRESENTATION_ITEM('SPLINE_CRV16'));
#547=CARTESIAN_POINT('',(2.80938090221232E+001,4.99013218036389E-015,
   -1.5581240389755E+001));
#548=CARTESIAN_POINT('',(3.03427673554566E+001,-6.74687500000002E+000,
   -1.16859302923163E+001));
#549=CARTESIAN_POINT('',(2.80938090221232E+001,-1.349375E+001,
   -7.79062019487752E+000));
#550=EDGE_CURVE('EDGE50',#481,#545,#546,.T.);
#551=ORIENTED_EDGE('COEDGE89',*,*,#550,.T.);
#552=CARTESIAN_POINT('POS37',(2.9464E+001,-1.349375E+001,
   -7.79062019487752E+000));
#553=DIRECTION('DIR55',(-1.0E+000,2.22044604925031E-016,
   -1.35958617011586E-032));
#554=VECTOR('VEC19',#553,2.54E+001);
#555=LINE('STRAIGHT19',#552,#554);
#556=EDGE_CURVE('EDGE51',#545,#393,#555,.T.);
#557=ORIENTED_EDGE('COEDGE90',*,*,#556,.T.);
#558=EDGE_LOOP('NONE',(#542,#543,#551,#557));
#559=FACE_BOUND('LOOP1',#558,.T.);
#560=CARTESIAN_POINT('POS38',(2.9464E+001,-1.349375E+001,
   -7.79062019487752E+000));
#561=DIRECTION('DIR56',(-1.11022302462516E-016,-5.0E-001,
   -8.66025403784439E-001));
#562=DIRECTION('DIR57',(1.0E+000,-5.55111512312578E-017,
   -9.61481343191782E-017));
#563=AXIS2_PLACEMENT_3D('AXIS19',#560,#561,#562);
#564=PLANE('PLANE5',#563);
#565=ADVANCED_FACE('FACE19',(#559),#564,.T.);
#566=ORIENTED_EDGE('COEDGE91',*,*,#386,.T.);
#567=ORIENTED_EDGE('COEDGE92',*,*,#370,.T.);
#568=EDGE_LOOP('NONE',(#566,#567));
#569=FACE_BOUND('LOOP1',#568,.T.);
#570=ORIENTED_EDGE('COEDGE93',*,*,#406,.T.);
#571=ORIENTED_EDGE('COEDGE94',*,*,#556,.F.);
#572=CARTESIAN_POINT('POINT34',(2.80938090221232E+001,-1.349375E+001,
   7.79062019487751E+000));
#573=VERTEX_POINT('VERTEX34',#572);
#574=(BOUNDED_CURVE() B_SPLINE_CURVE(2,(#575,#576,#577),.UNSPECIFIED.,
   .F.,.F.) B_SPLINE_CURVE_WITH_KNOTS((3,3),(4.97936239244993E-001,
   1.38424224148773E+000),.UNSPECIFIED.) CURVE() 
   GEOMETRIC_REPRESENTATION_ITEM() RATIONAL_B_SPLINE_CURVE((
   1.37264877700743E+000,1.5849982818161E+000,1.37264877700743E+000)) 
   REPRESENTATION_ITEM('SPLINE_CRV17'));
#575=CARTESIAN_POINT('',(2.80938090221232E+001,-1.349375E+001,
   -7.79062019487752E+000));
#576=CARTESIAN_POINT('',(3.03427673554566E+001,-1.349375E+001,
   1.3747336602421E-014));
#577=CARTESIAN_POINT('',(2.80938090221232E+001,-1.349375E+001,
   7.79062019487751E+000));
#578=EDGE_CURVE('EDGE52',#545,#573,#574,.T.);
#579=ORIENTED_EDGE('COEDGE95',*,*,#578,.T.);
#580=CARTESIAN_POINT('POS39',(2.9464E+001,-1.349375E+001,
   7.79062019487751E+000));
#581=DIRECTION('DIR58',(-1.0E+000,2.22044604925031E-016,
   -1.35958617011586E-032));
#582=VECTOR('VEC20',#581,2.54E+001);
#583=LINE('STRAIGHT20',#580,#582);
#584=EDGE_CURVE('EDGE53',#573,#401,#583,.T.);
#585=ORIENTED_EDGE('COEDGE96',*,*,#584,.T.);
#586=EDGE_LOOP('NONE',(#570,#571,#579,#585));
#587=FACE_BOUND('LOOP1',#586,.T.);
#588=CARTESIAN_POINT('POS40',(2.9464E+001,-1.349375E+001,
   7.79062019487751E+000));
#589=DIRECTION('DIR59',(-2.22044604925031E-016,-1.0E+000,
   6.12303176911189E-017));
#590=DIRECTION('DIR60',(1.0E+000,-2.22044604925031E-016,
   1.35958617011586E-032));
#591=AXIS2_PLACEMENT_3D('AXIS20',#588,#589,#590);
#592=PLANE('PLANE6',#591);
#593=ADVANCED_FACE('FACE20',(#569,#587),#592,.T.);
#594=ORIENTED_EDGE('COEDGE97',*,*,#412,.T.);
#595=ORIENTED_EDGE('COEDGE98',*,*,#584,.F.);
#596=(BOUNDED_CURVE() B_SPLINE_CURVE(2,(#597,#598,#599),.UNSPECIFIED.,
   .F.,.F.) B_SPLINE_CURVE_WITH_KNOTS((3,3),(4.97936239244993E-001,
   1.38424224148773E+000),.UNSPECIFIED.) CURVE() 
   GEOMETRIC_REPRESENTATION_ITEM() RATIONAL_B_SPLINE_CURVE((
   1.37264877700743E+000,1.5849982818161E+000,1.37264877700743E+000)) 
   REPRESENTATION_ITEM('SPLINE_CRV18'));
#597=CARTESIAN_POINT('',(2.80938090221232E+001,-1.349375E+001,
   7.79062019487751E+000));
#598=CARTESIAN_POINT('',(3.03427673554566E+001,-6.74687499999998E+000,
   1.16859302923163E+001));
#599=CARTESIAN_POINT('',(2.80938090221232E+001,1.25828781344088E-015,
   1.5581240389755E+001));
#600=EDGE_CURVE('EDGE54',#573,#421,#596,.T.);
#601=ORIENTED_EDGE('COEDGE99',*,*,#600,.T.);
#602=ORIENTED_EDGE('COEDGE100',*,*,#426,.T.);
#603=EDGE_LOOP('NONE',(#594,#595,#601,#602));
#604=FACE_BOUND('LOOP1',#603,.T.);
#605=CARTESIAN_POINT('POS41',(2.9464E+001,9.54044299086392E-016,
   1.5581240389755E+001));
#606=DIRECTION('DIR61',(-1.11022302462516E-016,-5.0E-001,
   8.66025403784439E-001));
#607=DIRECTION('DIR62',(1.0E+000,-5.55111512312578E-017,
   9.61481343191782E-017));
#608=AXIS2_PLACEMENT_3D('AXIS21',#605,#606,#607);
#609=PLANE('PLANE7',#608);
#610=ADVANCED_FACE('FACE21',(#604),#609,.T.);
#611=CARTESIAN_POINT('POINT35',(2.9464E+001,1.61746007212859E-015,
   1.3208E+001));
#612=VERTEX_POINT('VERTEX35',#611);
#613=CARTESIAN_POINT('POS42',(2.56511788222717E+001,
   2.42619010819289E-015,1.9812E+001));
#614=DIRECTION('DIR63',(-5.0E-001,1.06054021204601E-016,
   8.66025403784439E-001));
#615=VECTOR('VEC21',#614,1.0E+000);
#616=LINE('STRAIGHT21',#613,#615);
#617=EDGE_CURVE('EDGE55',#612,#421,#616,.T.);
#618=ORIENTED_EDGE('COEDGE101',*,*,#617,.F.);
#619=CARTESIAN_POINT('POINT36',(2.9464E+001,1.6174600721286E-015,
   -1.3208E+001));
#620=VERTEX_POINT('VERTEX36',#619);
#621=CARTESIAN_POINT('POS43',(2.9464E+001,0.0E+000,
   -8.45989944764369E-016));
#622=DIRECTION('DIR64',(1.0E+000,-2.22044604925031E-016,
   2.22044604925031E-016));
#623=DIRECTION('DIR65',(-2.22044604925031E-016,0.0E+000,1.0E+000));
#624=AXIS2_PLACEMENT_3D('AXIS22',#621,#622,#623);
#625=CIRCLE('ELLIPSE9',#624,1.3208E+001);
#626=EDGE_CURVE('EDGE56',#620,#612,#625,.T.);
#627=ORIENTED_EDGE('COEDGE102',*,*,#626,.F.);
#628=CARTESIAN_POINT('POS44',(2.56511788222717E+001,
   -2.42619010819289E-015,-1.9812E+001));
#629=DIRECTION('DIR66',(5.0E-001,1.06054021204601E-016,
   8.66025403784439E-001));
#630=VECTOR('VEC22',#629,1.0E+000);
#631=LINE('STRAIGHT22',#628,#630);
#632=EDGE_CURVE('EDGE57',#481,#620,#631,.T.);
#633=ORIENTED_EDGE('COEDGE103',*,*,#632,.F.);
#634=ORIENTED_EDGE('COEDGE104',*,*,#486,.F.);
#635=ORIENTED_EDGE('COEDGE105',*,*,#462,.F.);
#636=ORIENTED_EDGE('COEDGE106',*,*,#434,.F.);
#637=EDGE_LOOP('NONE',(#618,#627,#633,#634,#635,#636));
#638=FACE_BOUND('LOOP1',#637,.T.);
#639=CARTESIAN_POINT('POS45',(2.56511788222717E+001,0.0E+000,
   -8.4661637205847E-016));
#640=DIRECTION('DIR67',(-1.0E+000,0.0E+000,-2.22044604925031E-016));
#641=DIRECTION('DIR68',(-2.22044604925031E-016,0.0E+000,1.0E+000));
#642=AXIS2_PLACEMENT_3D('AXIS23',#639,#640,#641);
#643=CONICAL_SURFACE('CONE_SURF7',#642,1.9812E+001,1.0471975511966E+000)
   ;
#644=ADVANCED_FACE('FACE22',(#638),#643,.T.);
#645=ORIENTED_EDGE('COEDGE107',*,*,#535,.T.);
#646=ORIENTED_EDGE('COEDGE108',*,*,#524,.T.);
#647=EDGE_LOOP('NONE',(#645,#646));
#648=FACE_BOUND('LOOP1',#647,.T.);
#649=CARTESIAN_POINT('POINT37',(3.3274E+001,0.0E+000,1.3208E+001));
#650=VERTEX_POINT('VERTEX37',#649);
#651=CARTESIAN_POINT('POINT38',(3.3274E+001,-1.6174600721286E-015,
   -1.3208E+001));
#652=VERTEX_POINT('VERTEX38',#651);
#653=CARTESIAN_POINT('POS46',(3.3274E+001,0.0E+000,0.0E+000));
#654=DIRECTION('DIR69',(1.0E+000,0.0E+000,2.22044604925031E-016));
#655=DIRECTION('DIR70',(-2.22044604925031E-016,0.0E+000,1.0E+000));
#656=AXIS2_PLACEMENT_3D('AXIS24',#653,#654,#655);
#657=CIRCLE('ELLIPSE10',#656,1.3208E+001);
#658=EDGE_CURVE('EDGE58',#650,#652,#657,.T.);
#659=ORIENTED_EDGE('COEDGE109',*,*,#658,.T.);
#660=EDGE_CURVE('EDGE59',#652,#650,#657,.T.);
#661=ORIENTED_EDGE('COEDGE110',*,*,#660,.T.);
#662=EDGE_LOOP('NONE',(#659,#661));
#663=FACE_BOUND('LOOP1',#662,.T.);
#664=CARTESIAN_POINT('POS47',(3.3274E+001,0.0E+000,6.604E+000));
#665=DIRECTION('DIR71',(1.0E+000,0.0E+000,2.22044604925031E-016));
#666=DIRECTION('DIR72',(0.0E+000,1.0E+000,0.0E+000));
#667=AXIS2_PLACEMENT_3D('AXIS25',#664,#665,#666);
#668=PLANE('PLANE8',#667);
#669=ADVANCED_FACE('FACE23',(#648,#663),#668,.T.);
#670=ORIENTED_EDGE('COEDGE111',*,*,#617,.T.);
#671=ORIENTED_EDGE('COEDGE112',*,*,#600,.F.);
#672=ORIENTED_EDGE('COEDGE113',*,*,#578,.F.);
#673=ORIENTED_EDGE('COEDGE114',*,*,#550,.F.);
#674=ORIENTED_EDGE('COEDGE115',*,*,#632,.T.);
#675=EDGE_CURVE('EDGE60',#612,#620,#625,.T.);
#676=ORIENTED_EDGE('COEDGE116',*,*,#675,.F.);
#677=EDGE_LOOP('NONE',(#670,#671,#672,#673,#674,#676));
#678=FACE_BOUND('LOOP1',#677,.T.);
#679=ADVANCED_FACE('FACE24',(#678),#643,.T.);
#680=CARTESIAN_POINT('POS48',(1.6637E+001,1.6174600721286E-015,
   1.3208E+001));
#681=DIRECTION('DIR73',(1.0E+000,0.0E+000,2.22044604925031E-016));
#682=VECTOR('VEC23',#681,1.0E+000);
#683=LINE('STRAIGHT23',#680,#682);
#684=EDGE_CURVE('EDGE61',#612,#650,#683,.T.);
#685=ORIENTED_EDGE('COEDGE117',*,*,#684,.T.);
#686=ORIENTED_EDGE('COEDGE118',*,*,#660,.F.);
#687=CARTESIAN_POINT('POS49',(1.6637E+001,-1.6174600721286E-015,
   -1.3208E+001));
#688=DIRECTION('DIR74',(-1.0E+000,-0.0E+000,-2.22044604925031E-016));
#689=VECTOR('VEC24',#688,1.0E+000);
#690=LINE('STRAIGHT24',#687,#689);
#691=EDGE_CURVE('EDGE62',#652,#620,#690,.T.);
#692=ORIENTED_EDGE('COEDGE119',*,*,#691,.T.);
#693=ORIENTED_EDGE('COEDGE120',*,*,#626,.T.);
#694=EDGE_LOOP('NONE',(#685,#686,#692,#693));
#695=FACE_BOUND('LOOP1',#694,.T.);
#696=ADVANCED_FACE('FACE25',(#695),#67,.T.);
#697=ORIENTED_EDGE('COEDGE121',*,*,#684,.F.);
#698=ORIENTED_EDGE('COEDGE122',*,*,#675,.T.);
#699=ORIENTED_EDGE('COEDGE123',*,*,#691,.F.);
#700=ORIENTED_EDGE('COEDGE124',*,*,#658,.F.);
#701=EDGE_LOOP('NONE',(#697,#698,#699,#700));
#702=FACE_BOUND('LOOP1',#701,.T.);
#703=ADVANCED_FACE('FACE26',(#702),#67,.T.);
#704=CLOSED_SHELL('SHELL1',(#36,#68,#100,#108,#116,#172,#207,#254,#341,
   #354,#382,#390,#418,#449,#477,#501,#533,#541,#565,#593,#610,#644,#669
   ,#679,#696,#703));
#705=MANIFOLD_SOLID_BREP('LUMP1',#704);
#706=ADVANCED_BREP_SHAPE_REPRESENTATION('BODY0',(#705),#707);
#707=(GEOMETRIC_REPRESENTATION_CONTEXT(3) 
   GLOBAL_UNCERTAINTY_ASSIGNED_CONTEXT((#708)) 
   GLOBAL_UNIT_ASSIGNED_CONTEXT((#709,#710,#711)) REPRESENTATION_CONTEXT
   ('',''));
#708=UNCERTAINTY_MEASURE_WITH_UNIT(LENGTH_MEASURE(1.0E-006),#709,'','');
#709=(LENGTH_UNIT() NAMED_UNIT(*) SI_UNIT(.MILLI.,.METRE.));
#710=(NAMED_UNIT(*) PLANE_ANGLE_UNIT() SI_UNIT($,.RADIAN.));
#711=(NAMED_UNIT(*) SI_UNIT($,.STERADIAN.) SOLID_ANGLE_UNIT());
#712=APPLICATION_CONTEXT(
   'CONFIGURATION CONTROLLED 3D DESIGNS OF MECHANICAL PARTS AND 
ASSEMBLIES');
#713=APPLICATION_PROTOCOL_DEFINITION('INTERNATIONAL STANDARD',
   'config_control_design',1994,#712);
#714=MECHANICAL_CONTEXT('MECHANICAL_CONTEXT_NAME',#712,'mechanical');
#715=PRODUCT('PRODUCT_ID_1','PRODUCT_NAME_1','PRODUCT_DESCRIPTION',(#714
   ));
#716=PRODUCT_RELATED_PRODUCT_CATEGORY('detail',
   'PRODUCT_RELATED_PRODUCT_CATEGORY_DESCRIPTION',(#715));
#717=PERSON_AND_ORGANIZATION_ROLE('design_owner');
#718=PERSON('ID_1','PERSON_LAST_NAME','PERSON_FIRST_NAME',$,$,$);
#719=ORGANIZATION('ORGANIZATION_ID','ORGANIZATION_NAME',
   'ORGANIZATION_DESCRIPTION');
#720=PERSON_AND_ORGANIZATION(#718,#719);
#721=PRODUCT_DEFINITION_FORMATION_WITH_SPECIFIED_SOURCE(
   'PRODUCT_DEFINITION_FORMATION_ID',
   'PRODUCT_DEFINITION_FORMATION_DESCRIPTION',#715,.NOT_KNOWN.);
#722=PERSON_AND_ORGANIZATION_ROLE('creator');
#723=PERSON('ID_2','PERSON_LAST_NAME','PERSON_FIRST_NAME',$,$,$);
#724=ORGANIZATION('ORGANIZATION_ID','ORGANIZATION_NAME',
   'ORGANIZATION_DESCRIPTION');
#725=PERSON_AND_ORGANIZATION(#723,#724);
#726=PERSON_AND_ORGANIZATION_ROLE('part_supplier');
#727=PERSON('ID_3','PERSON_LAST_NAME','PERSON_FIRST_NAME',$,$,$);
#728=ORGANIZATION('ORGANIZATION_ID','ORGANIZATION_NAME',
   'ORGANIZATION_DESCRIPTION');
#729=PERSON_AND_ORGANIZATION(#727,#728);
#730=APPROVAL_STATUS('approved');
#731=APPROVAL(#730,'APPROVAL_LEVEL');
#732=APPROVAL_ROLE('APPROVAL_ROLE');
#733=APPROVAL_PERSON_ORGANIZATION(#736,#731,#732);
#734=PERSON('ID_4','PERSON_LAST_NAME','PERSON_FIRST_NAME',$,$,$);
#735=ORGANIZATION('ORGANIZATION_ID','ORGANIZATION_NAME',
   'ORGANIZATION_DESCRIPTION');
#736=PERSON_AND_ORGANIZATION(#734,#735);
#737=APPROVAL_DATE_TIME(#741,#731);
#738=CALENDAR_DATE(1997,1,1);
#739=COORDINATED_UNIVERSAL_TIME_OFFSET(0,0,.AHEAD.);
#740=LOCAL_TIME(0,0,0.0E+000,#739);
#741=DATE_AND_TIME(#738,#740);
#742=SECURITY_CLASSIFICATION_LEVEL('classified');
#743=SECURITY_CLASSIFICATION('SECURITY_CLASSIFICATION_NAME',
   'SECURITY_CLASSIFICATION_PURPOSE',#742);
#744=APPROVAL_STATUS('approved');
#745=APPROVAL(#744,'APPROVAL_LEVEL');
#746=APPROVAL_ROLE('APPROVAL_ROLE');
#747=APPROVAL_PERSON_ORGANIZATION(#750,#745,#746);
#748=PERSON('ID_5','PERSON_LAST_NAME','PERSON_FIRST_NAME',$,$,$);
#749=ORGANIZATION('ORGANIZATION_ID','ORGANIZATION_NAME',
   'ORGANIZATION_DESCRIPTION');
#750=PERSON_AND_ORGANIZATION(#748,#749);
#751=APPROVAL_DATE_TIME(#755,#745);
#752=CALENDAR_DATE(1997,1,1);
#753=COORDINATED_UNIVERSAL_TIME_OFFSET(0,0,.AHEAD.);
#754=LOCAL_TIME(0,0,0.0E+000,#753);
#755=DATE_AND_TIME(#752,#754);
#756=PERSON_AND_ORGANIZATION_ROLE('classification_officer');
#757=PERSON('ID_6','PERSON_LAST_NAME','PERSON_FIRST_NAME',$,$,$);
#758=ORGANIZATION('ORGANIZATION_ID','ORGANIZATION_NAME',
   'ORGANIZATION_DESCRIPTION');
#759=PERSON_AND_ORGANIZATION(#757,#758);
#760=DATE_TIME_ROLE('classification_date');
#761=CALENDAR_DATE(1997,1,1);
#762=COORDINATED_UNIVERSAL_TIME_OFFSET(0,0,.AHEAD.);
#763=LOCAL_TIME(0,0,0.0E+000,#762);
#764=DATE_AND_TIME(#761,#763);
#765=DESIGN_CONTEXT('DESIGN_CONTEXT_NAME',#712,'design');
#766=PRODUCT_DEFINITION('PRODUCT_DEFINITION_ID',
   'PRODUCT_DEFINITION_DESCRIPTION',#721,#765);
#767=PERSON_AND_ORGANIZATION_ROLE('creator');
#768=PERSON('ID_7','PERSON_LAST_NAME','PERSON_FIRST_NAME',$,$,$);
#769=ORGANIZATION('ORGANIZATION_ID','ORGANIZATION_NAME',
   'ORGANIZATION_DESCRIPTION');
#770=PERSON_AND_ORGANIZATION(#768,#769);
#771=DATE_TIME_ROLE('creation_date');
#772=CALENDAR_DATE(1997,1,1);
#773=COORDINATED_UNIVERSAL_TIME_OFFSET(0,0,.AHEAD.);
#774=LOCAL_TIME(0,0,0.0E+000,#773);
#775=DATE_AND_TIME(#772,#774);
#776=APPROVAL_STATUS('approved');
#777=APPROVAL(#776,'APPROVAL_LEVEL');
#778=APPROVAL_ROLE('APPROVAL_ROLE');
#779=APPROVAL_PERSON_ORGANIZATION(#782,#777,#778);
#780=PERSON('ID_8','PERSON_LAST_NAME','PERSON_FIRST_NAME',$,$,$);
#781=ORGANIZATION('ORGANIZATION_ID','ORGANIZATION_NAME',
   'ORGANIZATION_DESCRIPTION');
#782=PERSON_AND_ORGANIZATION(#780,#781);
#783=APPROVAL_DATE_TIME(#787,#777);
#784=CALENDAR_DATE(1997,1,1);
#785=COORDINATED_UNIVERSAL_TIME_OFFSET(0,0,.AHEAD.);
#786=LOCAL_TIME(0,0,0.0E+000,#785);
#787=DATE_AND_TIME(#784,#786);
#788=PRODUCT_DEFINITION_SHAPE('PRODUCT_DEFINITION_SHAPE_NAME',
   'PRODUCT_DEFINITION_SHAPE_DESCRIPTION',#766);
#789=SHAPE_DEFINITION_REPRESENTATION(#788,#706);
#790=STYLED_ITEM('',(#791),#705);
#791=PRESENTATION_STYLE_ASSIGNMENT((#793));
#792=COLOUR_RGB('',5.09803921568627E-001,5.09803921568627E-001,
   5.88235294117647E-001);
#793=SURFACE_STYLE_USAGE(.BOTH.,#794);
#794=SURFACE_SIDE_STYLE('',(#795));
#795=SURFACE_STYLE_FILL_AREA(#796);
#796=FILL_AREA_STYLE('',(#797));
#797=FILL_AREA_STYLE_COLOUR('',#792);
#798=STYLED_ITEM('',(#799),#36);
#799=PRESENTATION_STYLE_ASSIGNMENT((#801));
#800=COLOUR_RGB('',5.09803921568627E-001,5.09803921568627E-001,
   5.88235294117647E-001);
#801=SURFACE_STYLE_USAGE(.BOTH.,#802);
#802=SURFACE_SIDE_STYLE('',(#803));
#803=SURFACE_STYLE_FILL_AREA(#804);
#804=FILL_AREA_STYLE('',(#805));
#805=FILL_AREA_STYLE_COLOUR('',#800);
#806=STYLED_ITEM('',(#807),#68);
#807=PRESENTATION_STYLE_ASSIGNMENT((#809));
#808=COLOUR_RGB('',5.09803921568627E-001,5.09803921568627E-001,
   5.88235294117647E-001);
#809=SURFACE_STYLE_USAGE(.BOTH.,#810);
#810=SURFACE_SIDE_STYLE('',(#811));
#811=SURFACE_STYLE_FILL_AREA(#812);
#812=FILL_AREA_STYLE('',(#813));
#813=FILL_AREA_STYLE_COLOUR('',#808);
#814=STYLED_ITEM('',(#815),#100);
#815=PRESENTATION_STYLE_ASSIGNMENT((#817));
#816=COLOUR_RGB('',1.0E+000,5.01960784313725E-001,2.50980392156863E-001)
   ;
#817=SURFACE_STYLE_USAGE(.BOTH.,#818);
#818=SURFACE_SIDE_STYLE('',(#819));
#819=SURFACE_STYLE_FILL_AREA(#820);
#820=FILL_AREA_STYLE('',(#821));
#821=FILL_AREA_STYLE_COLOUR('',#816);
#822=STYLED_ITEM('',(#823),#108);
#823=PRESENTATION_STYLE_ASSIGNMENT((#825));
#824=COLOUR_RGB('',1.0E+000,5.01960784313725E-001,2.50980392156863E-001)
   ;
#825=SURFACE_STYLE_USAGE(.BOTH.,#826);
#826=SURFACE_SIDE_STYLE('',(#827));
#827=SURFACE_STYLE_FILL_AREA(#828);
#828=FILL_AREA_STYLE('',(#829));
#829=FILL_AREA_STYLE_COLOUR('',#824);
#830=STYLED_ITEM('',(#831),#116);
#831=PRESENTATION_STYLE_ASSIGNMENT((#833));
#832=COLOUR_RGB('',5.09803921568627E-001,5.09803921568627E-001,
   5.88235294117647E-001);
#833=SURFACE_STYLE_USAGE(.BOTH.,#834);
#834=SURFACE_SIDE_STYLE('',(#835));
#835=SURFACE_STYLE_FILL_AREA(#836);
#836=FILL_AREA_STYLE('',(#837));
#837=FILL_AREA_STYLE_COLOUR('',#832);
#838=STYLED_ITEM('',(#839),#172);
#839=PRESENTATION_STYLE_ASSIGNMENT((#841));
#840=COLOUR_RGB('',5.09803921568627E-001,5.09803921568627E-001,
   5.88235294117647E-001);
#841=SURFACE_STYLE_USAGE(.BOTH.,#842);
#842=SURFACE_SIDE_STYLE('',(#843));
#843=SURFACE_STYLE_FILL_AREA(#844);
#844=FILL_AREA_STYLE('',(#845));
#845=FILL_AREA_STYLE_COLOUR('',#840);
#846=STYLED_ITEM('',(#847),#207);
#847=PRESENTATION_STYLE_ASSIGNMENT((#849));
#848=COLOUR_RGB('',5.09803921568627E-001,5.09803921568627E-001,
   5.88235294117647E-001);
#849=SURFACE_STYLE_USAGE(.BOTH.,#850);
#850=SURFACE_SIDE_STYLE('',(#851));
#851=SURFACE_STYLE_FILL_AREA(#852);
#852=FILL_AREA_STYLE('',(#853));
#853=FILL_AREA_STYLE_COLOUR('',#848);
#854=STYLED_ITEM('',(#855),#254);
#855=PRESENTATION_STYLE_ASSIGNMENT((#857));
#856=COLOUR_RGB('',5.09803921568627E-001,5.09803921568627E-001,
   5.88235294117647E-001);
#857=SURFACE_STYLE_USAGE(.BOTH.,#858);
#858=SURFACE_SIDE_STYLE('',(#859));
#859=SURFACE_STYLE_FILL_AREA(#860);
#860=FILL_AREA_STYLE('',(#861));
#861=FILL_AREA_STYLE_COLOUR('',#856);
#862=STYLED_ITEM('',(#863),#341);
#863=PRESENTATION_STYLE_ASSIGNMENT((#865));
#864=COLOUR_RGB('',1.0E+000,5.01960784313725E-001,2.50980392156863E-001)
   ;
#865=SURFACE_STYLE_USAGE(.BOTH.,#866);
#866=SURFACE_SIDE_STYLE('',(#867));
#867=SURFACE_STYLE_FILL_AREA(#868);
#868=FILL_AREA_STYLE('',(#869));
#869=FILL_AREA_STYLE_COLOUR('',#864);
#870=STYLED_ITEM('',(#871),#354);
#871=PRESENTATION_STYLE_ASSIGNMENT((#873));
#872=COLOUR_RGB('',1.0E+000,5.01960784313725E-001,2.50980392156863E-001)
   ;
#873=SURFACE_STYLE_USAGE(.BOTH.,#874);
#874=SURFACE_SIDE_STYLE('',(#875));
#875=SURFACE_STYLE_FILL_AREA(#876);
#876=FILL_AREA_STYLE('',(#877));
#877=FILL_AREA_STYLE_COLOUR('',#872);
#878=STYLED_ITEM('',(#879),#382);
#879=PRESENTATION_STYLE_ASSIGNMENT((#881));
#880=COLOUR_RGB('',5.09803921568627E-001,5.09803921568627E-001,
   5.88235294117647E-001);
#881=SURFACE_STYLE_USAGE(.BOTH.,#882);
#882=SURFACE_SIDE_STYLE('',(#883));
#883=SURFACE_STYLE_FILL_AREA(#884);
#884=FILL_AREA_STYLE('',(#885));
#885=FILL_AREA_STYLE_COLOUR('',#880);
#886=STYLED_ITEM('',(#887),#390);
#887=PRESENTATION_STYLE_ASSIGNMENT((#889));
#888=COLOUR_RGB('',5.09803921568627E-001,5.09803921568627E-001,
   5.88235294117647E-001);
#889=SURFACE_STYLE_USAGE(.BOTH.,#890);
#890=SURFACE_SIDE_STYLE('',(#891));
#891=SURFACE_STYLE_FILL_AREA(#892);
#892=FILL_AREA_STYLE('',(#893));
#893=FILL_AREA_STYLE_COLOUR('',#888);
#894=STYLED_ITEM('',(#895),#418);
#895=PRESENTATION_STYLE_ASSIGNMENT((#897));
#896=COLOUR_RGB('',5.09803921568627E-001,5.09803921568627E-001,
   5.88235294117647E-001);
#897=SURFACE_STYLE_USAGE(.BOTH.,#898);
#898=SURFACE_SIDE_STYLE('',(#899));
#899=SURFACE_STYLE_FILL_AREA(#900);
#900=FILL_AREA_STYLE('',(#901));
#901=FILL_AREA_STYLE_COLOUR('',#896);
#902=STYLED_ITEM('',(#903),#449);
#903=PRESENTATION_STYLE_ASSIGNMENT((#905));
#904=COLOUR_RGB('',5.09803921568627E-001,5.09803921568627E-001,
   5.88235294117647E-001);
#905=SURFACE_STYLE_USAGE(.BOTH.,#906);
#906=SURFACE_SIDE_STYLE('',(#907));
#907=SURFACE_STYLE_FILL_AREA(#908);
#908=FILL_AREA_STYLE('',(#909));
#909=FILL_AREA_STYLE_COLOUR('',#904);
#910=STYLED_ITEM('',(#911),#477);
#911=PRESENTATION_STYLE_ASSIGNMENT((#913));
#912=COLOUR_RGB('',5.09803921568627E-001,5.09803921568627E-001,
   5.88235294117647E-001);
#913=SURFACE_STYLE_USAGE(.BOTH.,#914);
#914=SURFACE_SIDE_STYLE('',(#915));
#915=SURFACE_STYLE_FILL_AREA(#916);
#916=FILL_AREA_STYLE('',(#917));
#917=FILL_AREA_STYLE_COLOUR('',#912);
#918=STYLED_ITEM('',(#919),#501);
#919=PRESENTATION_STYLE_ASSIGNMENT((#921));
#920=COLOUR_RGB('',5.09803921568627E-001,5.09803921568627E-001,
   5.88235294117647E-001);
#921=SURFACE_STYLE_USAGE(.BOTH.,#922);
#922=SURFACE_SIDE_STYLE('',(#923));
#923=SURFACE_STYLE_FILL_AREA(#924);
#924=FILL_AREA_STYLE('',(#925));
#925=FILL_AREA_STYLE_COLOUR('',#920);
#926=STYLED_ITEM('',(#927),#533);
#927=PRESENTATION_STYLE_ASSIGNMENT((#929));
#928=COLOUR_RGB('',1.0E+000,5.01960784313725E-001,2.50980392156863E-001)
   ;
#929=SURFACE_STYLE_USAGE(.BOTH.,#930);
#930=SURFACE_SIDE_STYLE('',(#931));
#931=SURFACE_STYLE_FILL_AREA(#932);
#932=FILL_AREA_STYLE('',(#933));
#933=FILL_AREA_STYLE_COLOUR('',#928);
#934=STYLED_ITEM('',(#935),#541);
#935=PRESENTATION_STYLE_ASSIGNMENT((#937));
#936=COLOUR_RGB('',1.0E+000,5.01960784313725E-001,2.50980392156863E-001)
   ;
#937=SURFACE_STYLE_USAGE(.BOTH.,#938);
#938=SURFACE_SIDE_STYLE('',(#939));
#939=SURFACE_STYLE_FILL_AREA(#940);
#940=FILL_AREA_STYLE('',(#941));
#941=FILL_AREA_STYLE_COLOUR('',#936);
#942=STYLED_ITEM('',(#943),#565);
#943=PRESENTATION_STYLE_ASSIGNMENT((#945));
#944=COLOUR_RGB('',5.09803921568627E-001,5.09803921568627E-001,
   5.88235294117647E-001);
#945=SURFACE_STYLE_USAGE(.BOTH.,#946);
#946=SURFACE_SIDE_STYLE('',(#947));
#947=SURFACE_STYLE_FILL_AREA(#948);
#948=FILL_AREA_STYLE('',(#949));
#949=FILL_AREA_STYLE_COLOUR('',#944);
#950=STYLED_ITEM('',(#951),#593);
#951=PRESENTATION_STYLE_ASSIGNMENT((#953));
#952=COLOUR_RGB('',5.09803921568627E-001,5.09803921568627E-001,
   5.88235294117647E-001);
#953=SURFACE_STYLE_USAGE(.BOTH.,#954);
#954=SURFACE_SIDE_STYLE('',(#955));
#955=SURFACE_STYLE_FILL_AREA(#956);
#956=FILL_AREA_STYLE('',(#957));
#957=FILL_AREA_STYLE_COLOUR('',#952);
#958=STYLED_ITEM('',(#959),#610);
#959=PRESENTATION_STYLE_ASSIGNMENT((#961));
#960=COLOUR_RGB('',5.09803921568627E-001,5.09803921568627E-001,
   5.88235294117647E-001);
#961=SURFACE_STYLE_USAGE(.BOTH.,#962);
#962=SURFACE_SIDE_STYLE('',(#963));
#963=SURFACE_STYLE_FILL_AREA(#964);
#964=FILL_AREA_STYLE('',(#965));
#965=FILL_AREA_STYLE_COLOUR('',#960);
#966=STYLED_ITEM('',(#967),#644);
#967=PRESENTATION_STYLE_ASSIGNMENT((#969));
#968=COLOUR_RGB('',5.09803921568627E-001,5.09803921568627E-001,
   5.88235294117647E-001);
#969=SURFACE_STYLE_USAGE(.BOTH.,#970);
#970=SURFACE_SIDE_STYLE('',(#971));
#971=SURFACE_STYLE_FILL_AREA(#972);
#972=FILL_AREA_STYLE('',(#973));
#973=FILL_AREA_STYLE_COLOUR('',#968);
#974=STYLED_ITEM('',(#975),#669);
#975=PRESENTATION_STYLE_ASSIGNMENT((#977));
#976=COLOUR_RGB('',5.09803921568627E-001,5.09803921568627E-001,
   5.88235294117647E-001);
#977=SURFACE_STYLE_USAGE(.BOTH.,#978);
#978=SURFACE_SIDE_STYLE('',(#979));
#979=SURFACE_STYLE_FILL_AREA(#980);
#980=FILL_AREA_STYLE('',(#981));
#981=FILL_AREA_STYLE_COLOUR('',#976);
#982=STYLED_ITEM('',(#983),#679);
#983=PRESENTATION_STYLE_ASSIGNMENT((#985));
#984=COLOUR_RGB('',5.09803921568627E-001,5.09803921568627E-001,
   5.88235294117647E-001);
#985=SURFACE_STYLE_USAGE(.BOTH.,#986);
#986=SURFACE_SIDE_STYLE('',(#987));
#987=SURFACE_STYLE_FILL_AREA(#988);
#988=FILL_AREA_STYLE('',(#989));
#989=FILL_AREA_STYLE_COLOUR('',#984);
#990=STYLED_ITEM('',(#991),#696);
#991=PRESENTATION_STYLE_ASSIGNMENT((#993));
#992=COLOUR_RGB('',5.09803921568627E-001,5.09803921568627E-001,
   5.88235294117647E-001);
#993=SURFACE_STYLE_USAGE(.BOTH.,#994);
#994=SURFACE_SIDE_STYLE('',(#995));
#995=SURFACE_STYLE_FILL_AREA(#996);
#996=FILL_AREA_STYLE('',(#997));
#997=FILL_AREA_STYLE_COLOUR('',#992);
#998=STYLED_ITEM('',(#999),#703);
#999=PRESENTATION_STYLE_ASSIGNMENT((#1001));
#1000=COLOUR_RGB('',5.09803921568627E-001,5.09803921568627E-001,
   5.88235294117647E-001);
#1001=SURFACE_STYLE_USAGE(.BOTH.,#1002);
#1002=SURFACE_SIDE_STYLE('',(#1003));
#1003=SURFACE_STYLE_FILL_AREA(#1004);
#1004=FILL_AREA_STYLE('',(#1005));
#1005=FILL_AREA_STYLE_COLOUR('',#1000);
#1006=MECHANICAL_DESIGN_GEOMETRIC_PRESENTATION_REPRESENTATION($,(#790,
   #798,#806,#814,#822,#830,#838,#846,#854,#862,#870,#878,#886,#894,#902
   ,#910,#918,#926,#934,#942,#950,#958,#966,#974,#982,#990,#998),#707);
#1007=CARTESIAN_POINT('POINT39',(8.59789999999998E-001,
   9.18213282941364E-015,-1.025271E+001));
#1008=VERTEX_POINT('VERTEX39',#1007);
#1009=CARTESIAN_POINT('POINT40',(3.241421E+001,2.43556945716139E-016,
   -1.025271E+001));
#1010=VERTEX_POINT('VERTEX40',#1009);
#1011=CARTESIAN_POINT('POS50',(1.6637E+001,2.44091479476254E-015,
   -1.025271E+001));
#1012=DIRECTION('DIR75',(1.0E+000,-2.22044604925031E-016,
   2.22044604925031E-016));
#1013=VECTOR('VEC25',#1012,1.0E+000);
#1014=LINE('STRAIGHT25',#1011,#1013);
#1015=EDGE_CURVE('EDGE63',#1008,#1010,#1014,.T.);
#1016=ORIENTED_EDGE('COEDGE125',*,*,#1015,.F.);
#1017=CARTESIAN_POINT('POINT41',(8.59789999999995E-001,
   8.45064175078221E-015,1.025271E+001));
#1018=VERTEX_POINT('VERTEX41',#1017);
#1019=CARTESIAN_POINT('POS51',(8.59789999999998E-001,7.197400453407E-015
   ,-7.197400453407E-015));
#1020=DIRECTION('DIR76',(1.0E+000,-2.22044604925031E-016,
   2.22044604925031E-016));
#1021=DIRECTION('DIR77',(2.22044604925031E-016,2.25509510618742E-019,
   -1.0E+000));
#1022=AXIS2_PLACEMENT_3D('AXIS26',#1019,#1020,#1021);
#1023=CIRCLE('ELLIPSE11',#1022,1.025271E+001);
#1024=EDGE_CURVE('EDGE64',#1018,#1008,#1023,.T.);
#1025=ORIENTED_EDGE('COEDGE126',*,*,#1024,.F.);
#1026=CARTESIAN_POINT('POINT42',(3.241421E+001,1.4441530282437E-015,
   1.025271E+001));
#1027=VERTEX_POINT('VERTEX42',#1026);
#1028=CARTESIAN_POINT('POS52',(1.6637E+001,4.94739738951295E-015,
   1.025271E+001));
#1029=DIRECTION('DIR78',(-1.0E+000,2.22044604925031E-016,
   -2.22044604925031E-016));
#1030=VECTOR('VEC26',#1029,1.0E+000);
#1031=LINE('STRAIGHT26',#1028,#1030);
#1032=EDGE_CURVE('EDGE65',#1027,#1018,#1031,.T.);
#1033=ORIENTED_EDGE('COEDGE127',*,*,#1032,.F.);
#1034=CARTESIAN_POINT('POS53',(3.241421E+001,1.90911730868492E-016,
   -1.90911730868492E-016));
#1035=DIRECTION('DIR79',(1.0E+000,-2.22044604925031E-016,
   2.22044604925031E-016));
#1036=DIRECTION('DIR80',(2.22044604925031E-016,2.25509510618742E-019,
   -1.0E+000));
#1037=AXIS2_PLACEMENT_3D('AXIS27',#1034,#1035,#1036);
#1038=CIRCLE('ELLIPSE12',#1037,1.025271E+001);
#1039=EDGE_CURVE('EDGE66',#1027,#1010,#1038,.T.);
#1040=ORIENTED_EDGE('COEDGE128',*,*,#1039,.T.);
#1041=EDGE_LOOP('NONE',(#1016,#1025,#1033,#1040));
#1042=FACE_BOUND('LOOP1',#1041,.T.);
#1043=CARTESIAN_POINT('POINT43',(1.6637E+001,-1.0188798424942E+001,
   1.143E+000));
#1044=VERTEX_POINT('VERTEX43',#1043);
#1045=CARTESIAN_POINT('POINT44',(1.5494E+001,-1.025271E+001,
   1.78572224430909E-015));
#1046=VERTEX_POINT('VERTEX44',#1045);
#1047=B_SPLINE_CURVE_WITH_KNOTS('SPLINE_CRV19',3,(#1048,#1049,#1050,
   #1051,#1052,#1053,#1054,#1055,#1056,#1057),.UNSPECIFIED.,.F.,.F.,(4,2
   ,2,2,4),(0.0E+000,1.69660914214775E-002,3.3932182842955E-002,
   5.08981848592778E-002,6.78641868756006E-002),.UNSPECIFIED.);
#1048=CARTESIAN_POINT('',(1.6637E+001,-1.0188798424942E+001,1.143E+000))
   ;
#1049=CARTESIAN_POINT('',(1.64933537592982E+001,-1.0188798424942E+001,
   1.143E+000));
#1050=CARTESIAN_POINT('',(1.63402150254271E+001,-1.0192149426583E+001,
   1.11426779455871E+000));
#1051=CARTESIAN_POINT('',(1.60586391559657E+001,-1.02042309773079E+001,
   9.97583477707998E-001));
#1052=CARTESIAN_POINT('',(1.59301917655849E+001,-1.02127846629506E+001,
   9.09637867377332E-001));
#1053=CARTESIAN_POINT('',(1.5727362667042E+001,-1.02288236311313E+001,
   7.06808768834457E-001));
#1054=CARTESIAN_POINT('',(1.5639416638728E+001,-1.0237354065058E+001,
   5.78361145108492E-001));
#1055=CARTESIAN_POINT('',(1.55227320128942E+001,-1.02493823635205E+001,
   2.96784489831628E-001));
#1056=CARTESIAN_POINT('',(1.5494E+001,-1.025271E+001,
   1.43645483738202E-001));
#1057=CARTESIAN_POINT('',(1.5494E+001,-1.025271E+001,
   1.78572224430909E-015));
#1058=EDGE_CURVE('EDGE67',#1044,#1046,#1047,.T.);
#1059=ORIENTED_EDGE('COEDGE129',*,*,#1058,.T.);
#1060=CARTESIAN_POINT('POINT45',(1.778E+001,-1.025271E+001,
   1.7452835090494E-015));
#1061=VERTEX_POINT('VERTEX45',#1060);
#1062=B_SPLINE_CURVE_WITH_KNOTS('SPLINE_CRV20',3,(#1063,#1064,#1065,
   #1066,#1067,#1068,#1069,#1070,#1071,#1072,#1073,#1074,#1075,#1076,
   #1077,#1078,#1079,#1080),.UNSPECIFIED.,.F.,.F.,(4,2,2,2,2,2,2,2,4),(
   6.78641868756006E-002,8.48301888919235E-002,1.01796190908246E-001,
   1.18762282329724E-001,1.35728373751201E-001,1.52694465172679E-001,
   1.69660556594156E-001,1.86626558610479E-001,2.03592560626802E-001),
   .UNSPECIFIED.);
#1063=CARTESIAN_POINT('',(1.5494E+001,-1.025271E+001,
   1.78572224430909E-015));
#1064=CARTESIAN_POINT('',(1.5494E+001,-1.025271E+001,
   -1.43645483738198E-001));
#1065=CARTESIAN_POINT('',(1.55227320128942E+001,-1.02493823635205E+001,
   -2.96784489831624E-001));
#1066=CARTESIAN_POINT('',(1.5639416638728E+001,-1.0237354065058E+001,
   -5.78361145108488E-001));
#1067=CARTESIAN_POINT('',(1.5727362667042E+001,-1.02288236311313E+001,
   -7.06808768834453E-001));
#1068=CARTESIAN_POINT('',(1.59301917655849E+001,-1.02127846629506E+001,
   -9.09637867377329E-001));
#1069=CARTESIAN_POINT('',(1.60586391559657E+001,-1.02042309773079E+001,
   -9.97583477707994E-001));
#1070=CARTESIAN_POINT('',(1.63402150254271E+001,-1.0192149426583E+001,
   -1.1142677945587E+000));
#1071=CARTESIAN_POINT('',(1.64933537592982E+001,-1.0188798424942E+001,
   -1.143E+000));
#1072=CARTESIAN_POINT('',(1.67806462407018E+001,-1.0188798424942E+001,
   -1.143E+000));
#1073=CARTESIAN_POINT('',(1.69337849745729E+001,-1.0192149426583E+001,
   -1.1142677945587E+000));
#1074=CARTESIAN_POINT('',(1.72153608440343E+001,-1.02042309773079E+001,
   -9.97583477707994E-001));
#1075=CARTESIAN_POINT('',(1.73438082344151E+001,-1.02127846629506E+001,
   -9.09637867377328E-001));
#1076=CARTESIAN_POINT('',(1.7546637332958E+001,-1.02288236311313E+001,
   -7.06808768834453E-001));
#1077=CARTESIAN_POINT('',(1.7634583361272E+001,-1.0237354065058E+001,
   -5.78361145108485E-001));
#1078=CARTESIAN_POINT('',(1.77512679871058E+001,-1.02493823635205E+001,
   -2.96784489831621E-001));
#1079=CARTESIAN_POINT('',(1.778E+001,-1.025271E+001,
   -1.43645483738198E-001));
#1080=CARTESIAN_POINT('',(1.778E+001,-1.025271E+001,1.7452835090494E-015
   ));
#1081=EDGE_CURVE('EDGE68',#1046,#1061,#1062,.T.);
#1082=ORIENTED_EDGE('COEDGE130',*,*,#1081,.T.);
#1083=B_SPLINE_CURVE_WITH_KNOTS('SPLINE_CRV21',3,(#1084,#1085,#1086,
   #1087,#1088,#1089,#1090,#1091,#1092,#1093),.UNSPECIFIED.,.F.,.F.,(4,2
   ,2,2,4),(2.03592560626802E-001,2.20558562643125E-001,
   2.37524564659448E-001,2.54490656080925E-001,2.71456747502403E-001),
   .UNSPECIFIED.);
#1084=CARTESIAN_POINT('',(1.778E+001,-1.025271E+001,1.7452835090494E-015
   ));
#1085=CARTESIAN_POINT('',(1.778E+001,-1.025271E+001,
   1.43645483738202E-001));
#1086=CARTESIAN_POINT('',(1.77512679871058E+001,-1.02493823635205E+001,
   2.96784489831627E-001));
#1087=CARTESIAN_POINT('',(1.7634583361272E+001,-1.0237354065058E+001,
   5.78361145108492E-001));
#1088=CARTESIAN_POINT('',(1.7546637332958E+001,-1.02288236311313E+001,
   7.06808768834457E-001));
#1089=CARTESIAN_POINT('',(1.73438082344151E+001,-1.02127846629506E+001,
   9.09637867377332E-001));
#1090=CARTESIAN_POINT('',(1.72153608440343E+001,-1.02042309773079E+001,
   9.97583477707998E-001));
#1091=CARTESIAN_POINT('',(1.69337849745729E+001,-1.0192149426583E+001,
   1.11426779455871E+000));
#1092=CARTESIAN_POINT('',(1.67806462407018E+001,-1.0188798424942E+001,
   1.143E+000));
#1093=CARTESIAN_POINT('',(1.6637E+001,-1.0188798424942E+001,1.143E+000))
   ;
#1094=EDGE_CURVE('EDGE69',#1061,#1044,#1083,.T.);
#1095=ORIENTED_EDGE('COEDGE131',*,*,#1094,.T.);
#1096=EDGE_LOOP('NONE',(#1059,#1082,#1095));
#1097=FACE_BOUND('LOOP1',#1096,.T.);
#1098=CARTESIAN_POINT('POS54',(1.6637E+001,3.69415609213775E-015,
   -3.69415609213775E-015));
#1099=DIRECTION('DIR81',(1.0E+000,-2.22044604925031E-016,
   2.22044604925031E-016));
#1100=DIRECTION('DIR82',(2.22044604925031E-016,2.25509510618742E-019,
   -1.0E+000));
#1101=AXIS2_PLACEMENT_3D('AXIS28',#1098,#1099,#1100);
#1102=CYLINDRICAL_SURFACE('CONE_SURF8',#1101,1.025271E+001);
#1103=ADVANCED_FACE('FACE27',(#1042,#1097),#1102,.F.);
#1104=ORIENTED_EDGE('COEDGE132',*,*,#1015,.T.);
#1105=EDGE_CURVE('EDGE70',#1010,#1027,#1038,.T.);
#1106=ORIENTED_EDGE('COEDGE133',*,*,#1105,.T.);
#1107=ORIENTED_EDGE('COEDGE134',*,*,#1032,.T.);
#1108=EDGE_CURVE('EDGE71',#1008,#1018,#1023,.T.);
#1109=ORIENTED_EDGE('COEDGE135',*,*,#1108,.F.);
#1110=EDGE_LOOP('NONE',(#1104,#1106,#1107,#1109));
#1111=FACE_BOUND('LOOP1',#1110,.T.);
#1112=CARTESIAN_POINT('POINT46',(1.6637E+001,1.0188798424942E+001,
   1.143E+000));
#1113=VERTEX_POINT('VERTEX46',#1112);
#1114=CARTESIAN_POINT('POINT47',(1.778E+001,1.025271E+001,
   -5.44852349679661E-016));
#1115=VERTEX_POINT('VERTEX47',#1114);
#1116=B_SPLINE_CURVE_WITH_KNOTS('SPLINE_CRV22',3,(#1117,#1118,#1119,
   #1120,#1121,#1122,#1123,#1124,#1125,#1126),.UNSPECIFIED.,.F.,.F.,(4,2
   ,2,2,4),(0.0E+000,1.69660914214775E-002,3.3932182842955E-002,
   5.08981848592778E-002,6.78641868756007E-002),.UNSPECIFIED.);
#1117=CARTESIAN_POINT('',(1.6637E+001,1.0188798424942E+001,1.143E+000));
#1118=CARTESIAN_POINT('',(1.67806462407018E+001,1.0188798424942E+001,
   1.143E+000));
#1119=CARTESIAN_POINT('',(1.69337849745729E+001,1.0192149426583E+001,
   1.1142677945587E+000));
#1120=CARTESIAN_POINT('',(1.72153608440343E+001,1.02042309773079E+001,
   9.97583477707995E-001));
#1121=CARTESIAN_POINT('',(1.73438082344151E+001,1.02127846629506E+001,
   9.0963786737733E-001));
#1122=CARTESIAN_POINT('',(1.7546637332958E+001,1.02288236311313E+001,
   7.06808768834455E-001));
#1123=CARTESIAN_POINT('',(1.7634583361272E+001,1.0237354065058E+001,
   5.78361145108489E-001));
#1124=CARTESIAN_POINT('',(1.77512679871058E+001,1.02493823635205E+001,
   2.96784489831625E-001));
#1125=CARTESIAN_POINT('',(1.778E+001,1.025271E+001,1.436454837382E-001))
   ;
#1126=CARTESIAN_POINT('',(1.778E+001,1.025271E+001,
   -5.44852349679661E-016));
#1127=EDGE_CURVE('EDGE72',#1113,#1115,#1116,.T.);
#1128=ORIENTED_EDGE('COEDGE136',*,*,#1127,.T.);
#1129=CARTESIAN_POINT('POINT48',(1.5494E+001,1.025271E+001,
   -4.48902463188713E-016));
#1130=VERTEX_POINT('VERTEX48',#1129);
#1131=B_SPLINE_CURVE_WITH_KNOTS('SPLINE_CRV23',3,(#1132,#1133,#1134,
   #1135,#1136,#1137,#1138,#1139,#1140,#1141,#1142,#1143,#1144,#1145,
   #1146,#1147,#1148,#1149),.UNSPECIFIED.,.F.,.F.,(4,2,2,2,2,2,2,2,4),(
   6.78641868756007E-002,8.48301888919235E-002,1.01796190908246E-001,
   1.18762282329724E-001,1.35728373751201E-001,1.52694465172679E-001,
   1.69660556594156E-001,1.86626558610479E-001,2.03592560626802E-001),
   .UNSPECIFIED.);
#1132=CARTESIAN_POINT('',(1.778E+001,1.025271E+001,
   -5.44852349679661E-016));
#1133=CARTESIAN_POINT('',(1.778E+001,1.025271E+001,
   -1.43645483738201E-001));
#1134=CARTESIAN_POINT('',(1.77512679871058E+001,1.02493823635205E+001,
   -2.96784489831626E-001));
#1135=CARTESIAN_POINT('',(1.7634583361272E+001,1.0237354065058E+001,
   -5.7836114510849E-001));
#1136=CARTESIAN_POINT('',(1.7546637332958E+001,1.02288236311313E+001,
   -7.06808768834455E-001));
#1137=CARTESIAN_POINT('',(1.73438082344151E+001,1.02127846629506E+001,
   -9.0963786737733E-001));
#1138=CARTESIAN_POINT('',(1.72153608440343E+001,1.02042309773079E+001,
   -9.97583477707996E-001));
#1139=CARTESIAN_POINT('',(1.69337849745729E+001,1.0192149426583E+001,
   -1.1142677945587E+000));
#1140=CARTESIAN_POINT('',(1.67806462407018E+001,1.0188798424942E+001,
   -1.143E+000));
#1141=CARTESIAN_POINT('',(1.64933537592982E+001,1.0188798424942E+001,
   -1.143E+000));
#1142=CARTESIAN_POINT('',(1.63402150254271E+001,1.0192149426583E+001,
   -1.1142677945587E+000));
#1143=CARTESIAN_POINT('',(1.60586391559657E+001,1.02042309773079E+001,
   -9.97583477707996E-001));
#1144=CARTESIAN_POINT('',(1.59301917655849E+001,1.02127846629506E+001,
   -9.09637867377331E-001));
#1145=CARTESIAN_POINT('',(1.5727362667042E+001,1.02288236311313E+001,
   -7.06808768834456E-001));
#1146=CARTESIAN_POINT('',(1.5639416638728E+001,1.0237354065058E+001,
   -5.7836114510849E-001));
#1147=CARTESIAN_POINT('',(1.55227320128942E+001,1.02493823635205E+001,
   -2.96784489831626E-001));
#1148=CARTESIAN_POINT('',(1.5494E+001,1.025271E+001,-1.436454837382E-001
   ));
#1149=CARTESIAN_POINT('',(1.5494E+001,1.025271E+001,
   -4.48902463188713E-016));
#1150=EDGE_CURVE('EDGE73',#1115,#1130,#1131,.T.);
#1151=ORIENTED_EDGE('COEDGE137',*,*,#1150,.T.);
#1152=B_SPLINE_CURVE_WITH_KNOTS('SPLINE_CRV24',3,(#1153,#1154,#1155,
   #1156,#1157,#1158,#1159,#1160,#1161,#1162),.UNSPECIFIED.,.F.,.F.,(4,2
   ,2,2,4),(2.03592560626802E-001,2.20558562643125E-001,
   2.37524564659448E-001,2.54490656080925E-001,2.71456747502403E-001),
   .UNSPECIFIED.);
#1153=CARTESIAN_POINT('',(1.5494E+001,1.025271E+001,
   -4.48902463188713E-016));
#1154=CARTESIAN_POINT('',(1.5494E+001,1.025271E+001,1.436454837382E-001)
   );
#1155=CARTESIAN_POINT('',(1.55227320128942E+001,1.02493823635205E+001,
   2.96784489831626E-001));
#1156=CARTESIAN_POINT('',(1.5639416638728E+001,1.0237354065058E+001,
   5.7836114510849E-001));
#1157=CARTESIAN_POINT('',(1.5727362667042E+001,1.02288236311313E+001,
   7.06808768834455E-001));
#1158=CARTESIAN_POINT('',(1.59301917655849E+001,1.02127846629506E+001,
   9.0963786737733E-001));
#1159=CARTESIAN_POINT('',(1.60586391559657E+001,1.02042309773079E+001,
   9.97583477707997E-001));
#1160=CARTESIAN_POINT('',(1.63402150254271E+001,1.0192149426583E+001,
   1.1142677945587E+000));
#1161=CARTESIAN_POINT('',(1.64933537592982E+001,1.0188798424942E+001,
   1.143E+000));
#1162=CARTESIAN_POINT('',(1.6637E+001,1.0188798424942E+001,1.143E+000));
#1163=EDGE_CURVE('EDGE74',#1130,#1113,#1152,.T.);
#1164=ORIENTED_EDGE('COEDGE138',*,*,#1163,.T.);
#1165=EDGE_LOOP('NONE',(#1128,#1151,#1164));
#1166=FACE_BOUND('LOOP1',#1165,.T.);
#1167=ADVANCED_FACE('FACE28',(#1111,#1166),#1102,.F.);
#1168=CARTESIAN_POINT('POINT49',(1.778E+001,-1.11125E+001,
   1.9595448954603E-015));
#1169=VERTEX_POINT('VERTEX49',#1168);
#1170=CARTESIAN_POINT('POS55',(1.778E+001,1.55400699244243E-032,
   8.11853100750933E-016));
#1171=DIRECTION('DIR83',(-0.0E+000,-1.0E+000,1.11022302462516E-016));
#1172=VECTOR('VEC27',#1171,1.0E+000);
#1173=LINE('STRAIGHT27',#1170,#1172);
#1174=EDGE_CURVE('EDGE75',#1061,#1169,#1173,.T.);
#1175=ORIENTED_EDGE('COEDGE139',*,*,#1174,.F.);
#1176=ORIENTED_EDGE('COEDGE140',*,*,#1081,.F.);
#1177=CARTESIAN_POINT('POINT50',(1.5494E+001,-1.11125E+001,
   1.77100013189105E-015));
#1178=VERTEX_POINT('VERTEX50',#1177);
#1179=CARTESIAN_POINT('POS56',(1.5494E+001,-1.55400699244243E-032,
   5.31908088267138E-016));
#1180=DIRECTION('DIR84',(-0.0E+000,1.0E+000,-1.11022302462516E-016));
#1181=VECTOR('VEC28',#1180,1.0E+000);
#1182=LINE('STRAIGHT28',#1179,#1181);
#1183=EDGE_CURVE('EDGE76',#1178,#1046,#1182,.T.);
#1184=ORIENTED_EDGE('COEDGE141',*,*,#1183,.F.);
#1185=B_SPLINE_CURVE_WITH_KNOTS('SPLINE_CRV25',3,(#1186,#1187,#1188,
   #1189,#1190,#1191,#1192,#1193,#1194,#1195,#1196,#1197,#1198,#1199,
   #1200,#1201,#1202,#1203),.UNSPECIFIED.,.F.,.F.,(4,2,2,2,2,2,2,2,4),(
   6.78551288049133E-002,8.48188786745897E-002,1.01782628544266E-001,
   1.18746443077046E-001,1.35710257609827E-001,1.52674072142607E-001,
   1.69637886675387E-001,1.86601636545063E-001,2.0356538641474E-001),
   .UNSPECIFIED.);
#1186=CARTESIAN_POINT('',(1.778E+001,-1.11125E+001,1.9595448954603E-015)
   );
#1187=CARTESIAN_POINT('',(1.778E+001,-1.11125E+001,
   -1.43626415563258E-001));
#1188=CARTESIAN_POINT('',(1.77512754440273E+001,-1.11094304215904E+001,
   -2.96757172129647E-001));
#1189=CARTESIAN_POINT('',(1.76345963969062E+001,-1.10983346994777E+001,
   -5.78339009711157E-001));
#1190=CARTESIAN_POINT('',(1.75466475108545E+001,-1.10904658886819E+001,
   -7.06798590937964E-001));
#1191=CARTESIAN_POINT('',(1.73437982043241E+001,-1.10756732823627E+001,
   -9.09647897468314E-001));
#1192=CARTESIAN_POINT('',(1.721533879242E+001,-1.10677862284999E+001,
   -9.97596481639759E-001));
#1193=CARTESIAN_POINT('',(1.69337575227819E+001,-1.10566487374123E+001,
   -1.11427530403284E+000));
#1194=CARTESIAN_POINT('',(1.67806269630442E+001,-1.10535608402903E+001,
   -1.143E+000));
#1195=CARTESIAN_POINT('',(1.64933730369558E+001,-1.10535608402903E+001,
   -1.143E+000));
#1196=CARTESIAN_POINT('',(1.63402424772181E+001,-1.10566487374123E+001,
   -1.11427530403284E+000));
#1197=CARTESIAN_POINT('',(1.605866120758E+001,-1.10677862284999E+001,
   -9.97596481639759E-001));
#1198=CARTESIAN_POINT('',(1.59302017956759E+001,-1.10756732823627E+001,
   -9.09647897468314E-001));
#1199=CARTESIAN_POINT('',(1.57273524891455E+001,-1.10904658886819E+001,
   -7.06798590937964E-001));
#1200=CARTESIAN_POINT('',(1.56394036030938E+001,-1.10983346994777E+001,
   -5.78339009711157E-001));
#1201=CARTESIAN_POINT('',(1.55227245559727E+001,-1.11094304215904E+001,
   -2.96757172129647E-001));
#1202=CARTESIAN_POINT('',(1.5494E+001,-1.11125E+001,
   -1.43626415563259E-001));
#1203=CARTESIAN_POINT('',(1.5494E+001,-1.11125E+001,
   1.77100013189105E-015));
#1204=EDGE_CURVE('EDGE77',#1169,#1178,#1185,.T.);
#1205=ORIENTED_EDGE('COEDGE142',*,*,#1204,.F.);
#1206=EDGE_LOOP('NONE',(#1175,#1176,#1184,#1205));
#1207=FACE_BOUND('LOOP1',#1206,.T.);
#1208=CARTESIAN_POINT('POS57',(1.6637E+001,0.0E+000,
   6.71880594509035E-016));
#1209=DIRECTION('DIR85',(0.0E+000,1.0E+000,-1.11022302462516E-016));
#1210=DIRECTION('DIR86',(1.0E+000,0.0E+000,0.0E+000));
#1211=AXIS2_PLACEMENT_3D('AXIS29',#1208,#1209,#1210);
#1212=CYLINDRICAL_SURFACE('CONE_SURF9',#1211,1.143E+000);
#1213=ADVANCED_FACE('FACE29',(#1207),#1212,.F.);
#1214=ORIENTED_EDGE('COEDGE143',*,*,#1174,.T.);
#1215=CARTESIAN_POINT('POINT51',(1.6637E+001,-1.10535608402903E+001,
   1.143E+000));
#1216=VERTEX_POINT('VERTEX51',#1215);
#1217=B_SPLINE_CURVE_WITH_KNOTS('SPLINE_CRV26',3,(#1218,#1219,#1220,
   #1221,#1222,#1223,#1224,#1225,#1226,#1227),.UNSPECIFIED.,.F.,.F.,(4,2
   ,2,2,4),(0.0E+000,1.69638145327802E-002,3.39276290655604E-002,
   5.08913789352368E-002,6.78551288049133E-002),.UNSPECIFIED.);
#1218=CARTESIAN_POINT('',(1.6637E+001,-1.10535608402903E+001,1.143E+000)
   );
#1219=CARTESIAN_POINT('',(1.67806269630442E+001,-1.10535608402903E+001,
   1.143E+000));
#1220=CARTESIAN_POINT('',(1.69337575227819E+001,-1.10566487374123E+001,
   1.11427530403285E+000));
#1221=CARTESIAN_POINT('',(1.721533879242E+001,-1.10677862284999E+001,
   9.97596481639763E-001));
#1222=CARTESIAN_POINT('',(1.73437982043241E+001,-1.10756732823627E+001,
   9.09647897468318E-001));
#1223=CARTESIAN_POINT('',(1.75466475108545E+001,-1.10904658886819E+001,
   7.06798590937968E-001));
#1224=CARTESIAN_POINT('',(1.76345963969062E+001,-1.10983346994777E+001,
   5.78339009711161E-001));
#1225=CARTESIAN_POINT('',(1.77512754440273E+001,-1.11094304215904E+001,
   2.96757172129651E-001));
#1226=CARTESIAN_POINT('',(1.778E+001,-1.11125E+001,1.43626415563262E-001
   ));
#1227=CARTESIAN_POINT('',(1.778E+001,-1.11125E+001,1.9595448954603E-015)
   );
#1228=EDGE_CURVE('EDGE78',#1216,#1169,#1217,.T.);
#1229=ORIENTED_EDGE('COEDGE144',*,*,#1228,.F.);
#1230=B_SPLINE_CURVE_WITH_KNOTS('SPLINE_CRV27',3,(#1231,#1232,#1233,
   #1234,#1235,#1236,#1237,#1238,#1239,#1240),.UNSPECIFIED.,.F.,.F.,(4,2
   ,2,2,4),(2.0356538641474E-001,2.20529136284416E-001,
   2.37492886154093E-001,2.54456700686873E-001,2.71420515219653E-001),
   .UNSPECIFIED.);
#1231=CARTESIAN_POINT('',(1.5494E+001,-1.11125E+001,
   1.77100013189105E-015));
#1232=CARTESIAN_POINT('',(1.5494E+001,-1.11125E+001,
   1.43626415563262E-001));
#1233=CARTESIAN_POINT('',(1.55227245559727E+001,-1.11094304215904E+001,
   2.96757172129651E-001));
#1234=CARTESIAN_POINT('',(1.56394036030938E+001,-1.10983346994777E+001,
   5.78339009711161E-001));
#1235=CARTESIAN_POINT('',(1.57273524891455E+001,-1.10904658886819E+001,
   7.06798590937968E-001));
#1236=CARTESIAN_POINT('',(1.59302017956759E+001,-1.10756732823627E+001,
   9.09647897468318E-001));
#1237=CARTESIAN_POINT('',(1.605866120758E+001,-1.10677862284999E+001,
   9.97596481639763E-001));
#1238=CARTESIAN_POINT('',(1.63402424772181E+001,-1.10566487374123E+001,
   1.11427530403285E+000));
#1239=CARTESIAN_POINT('',(1.64933730369558E+001,-1.10535608402903E+001,
   1.143E+000));
#1240=CARTESIAN_POINT('',(1.6637E+001,-1.10535608402903E+001,1.143E+000)
   );
#1241=EDGE_CURVE('EDGE79',#1178,#1216,#1230,.T.);
#1242=ORIENTED_EDGE('COEDGE145',*,*,#1241,.F.);
#1243=ORIENTED_EDGE('COEDGE146',*,*,#1183,.T.);
#1244=ORIENTED_EDGE('COEDGE147',*,*,#1058,.F.);
#1245=ORIENTED_EDGE('COEDGE148',*,*,#1094,.F.);
#1246=EDGE_LOOP('NONE',(#1214,#1229,#1242,#1243,#1244,#1245));
#1247=FACE_BOUND('LOOP1',#1246,.T.);
#1248=ADVANCED_FACE('FACE30',(#1247),#1212,.F.);
#1249=CARTESIAN_POINT('POINT52',(0.0E+000,9.42568977512978E-015,
   -1.11125E+001));
#1250=VERTEX_POINT('VERTEX52',#1249);
#1251=CARTESIAN_POINT('POS58',(4.29895000000004E-001,
   5.98706675202946E-015,-1.0682605E+001));
#1252=DIRECTION('DIR87',(7.07106781186547E-001,-7.05759594653644E-017,
   7.07106781186548E-001));
#1253=VECTOR('VEC29',#1252,1.0E+000);
#1254=LINE('STRAIGHT29',#1251,#1253);
#1255=EDGE_CURVE('EDGE80',#1250,#1008,#1254,.T.);
#1256=ORIENTED_EDGE('COEDGE149',*,*,#1255,.F.);
#1257=CARTESIAN_POINT('POINT53',(-2.46747067222941E-015,
   8.74665002052386E-015,1.11125E+001));
#1258=VERTEX_POINT('VERTEX53',#1257);
#1259=CARTESIAN_POINT('POS59',(0.0E+000,7.38831218427549E-015,
   -7.38831218427549E-015));
#1260=DIRECTION('DIR88',(1.0E+000,-2.22044604925031E-016,
   2.22044604925031E-016));
#1261=DIRECTION('DIR89',(2.22044604925031E-016,2.25509510618742E-019,
   -1.0E+000));
#1262=AXIS2_PLACEMENT_3D('AXIS30',#1259,#1260,#1261);
#1263=CIRCLE('ELLIPSE13',#1262,1.11125E+001);
#1264=EDGE_CURVE('EDGE81',#1258,#1250,#1263,.T.);
#1265=ORIENTED_EDGE('COEDGE150',*,*,#1264,.F.);
#1266=CARTESIAN_POINT('POS60',(4.29895E-001,8.59864588565303E-015,
   1.0682605E+001));
#1267=DIRECTION('DIR90',(-7.07106781186547E-001,2.4344253227139E-016,
   7.07106781186548E-001));
#1268=VECTOR('VEC30',#1267,1.0E+000);
#1269=LINE('STRAIGHT30',#1266,#1268);
#1270=EDGE_CURVE('EDGE82',#1018,#1258,#1269,.T.);
#1271=ORIENTED_EDGE('COEDGE151',*,*,#1270,.F.);
#1272=ORIENTED_EDGE('COEDGE152',*,*,#1024,.T.);
#1273=EDGE_LOOP('NONE',(#1256,#1265,#1271,#1272));
#1274=FACE_BOUND('LOOP1',#1273,.T.);
#1275=CARTESIAN_POINT('POS61',(4.29895000000002E-001,
   7.29285631884125E-015,-7.29285631884125E-015));
#1276=DIRECTION('DIR91',(-1.0E+000,2.22044604925031E-016,
   -2.22044604925031E-016));
#1277=DIRECTION('DIR92',(2.22044604925031E-016,2.25509510618742E-019,
   -1.0E+000));
#1278=AXIS2_PLACEMENT_3D('AXIS31',#1275,#1276,#1277);
#1279=CONICAL_SURFACE('CONE_SURF10',#1278,1.0682605E+001,
   7.85398163397449E-001);
#1280=ADVANCED_FACE('FACE31',(#1274),#1279,.F.);
#1281=CARTESIAN_POINT('POINT54',(3.3274E+001,0.0E+000,-1.11125E+001));
#1282=VERTEX_POINT('VERTEX54',#1281);
#1283=CARTESIAN_POINT('POS62',(3.2844105E+001,-1.21033370137754E-015,
   -1.0682605E+001));
#1284=DIRECTION('DIR93',(7.07106781186548E-001,-2.43442532271391E-016,
   -7.07106781186547E-001));
#1285=VECTOR('VEC31',#1284,1.0E+000);
#1286=LINE('STRAIGHT31',#1283,#1285);
#1287=EDGE_CURVE('EDGE83',#1010,#1282,#1286,.T.);
#1288=ORIENTED_EDGE('COEDGE153',*,*,#1287,.F.);
#1289=ORIENTED_EDGE('COEDGE154',*,*,#1039,.F.);
#1290=CARTESIAN_POINT('POINT55',(3.3274E+001,1.35833783624837E-015,
   1.11125E+001));
#1291=VERTEX_POINT('VERTEX55',#1290);
#1292=CARTESIAN_POINT('POS63',(3.2844105E+001,1.40124543224603E-015,
   1.0682605E+001));
#1293=DIRECTION('DIR94',(-7.07106781186547E-001,7.05759594653646E-017,
   -7.07106781186548E-001));
#1294=VECTOR('VEC32',#1293,1.0E+000);
#1295=LINE('STRAIGHT32',#1292,#1294);
#1296=EDGE_CURVE('EDGE84',#1291,#1027,#1295,.T.);
#1297=ORIENTED_EDGE('COEDGE155',*,*,#1296,.F.);
#1298=CARTESIAN_POINT('POS64',(3.3274E+001,0.0E+000,0.0E+000));
#1299=DIRECTION('DIR95',(1.0E+000,-2.22044604925031E-016,
   2.22044604925031E-016));
#1300=DIRECTION('DIR96',(2.22044604925031E-016,2.25509510618742E-019,
   -1.0E+000));
#1301=AXIS2_PLACEMENT_3D('AXIS32',#1298,#1299,#1300);
#1302=CIRCLE('ELLIPSE14',#1301,1.11125E+001);
#1303=EDGE_CURVE('EDGE85',#1291,#1282,#1302,.T.);
#1304=ORIENTED_EDGE('COEDGE156',*,*,#1303,.T.);
#1305=EDGE_LOOP('NONE',(#1288,#1289,#1297,#1304));
#1306=FACE_BOUND('LOOP1',#1305,.T.);
#1307=CARTESIAN_POINT('POS65',(3.2844105E+001,9.54558654342461E-017,
   -9.54558654342461E-017));
#1308=DIRECTION('DIR97',(1.0E+000,-2.22044604925031E-016,
   2.22044604925031E-016));
#1309=DIRECTION('DIR98',(2.22044604925031E-016,2.25509510618742E-019,
   -1.0E+000));
#1310=AXIS2_PLACEMENT_3D('AXIS33',#1307,#1308,#1309);
#1311=CONICAL_SURFACE('CONE_SURF11',#1310,1.0682605E+001,
   7.85398163397448E-001);
#1312=ADVANCED_FACE('FACE32',(#1306),#1311,.F.);
#1313=CARTESIAN_POINT('POINT56',(1.778E+001,1.11125E+001,
   -4.95435767742083E-016));
#1314=VERTEX_POINT('VERTEX56',#1313);
#1315=CARTESIAN_POINT('POS66',(1.778E+001,1.55400699244243E-032,
   8.11853100750933E-016));
#1316=DIRECTION('DIR99',(-0.0E+000,-1.0E+000,1.11022302462516E-016));
#1317=VECTOR('VEC33',#1316,1.0E+000);
#1318=LINE('STRAIGHT33',#1315,#1317);
#1319=EDGE_CURVE('EDGE86',#1314,#1115,#1318,.T.);
#1320=ORIENTED_EDGE('COEDGE157',*,*,#1319,.F.);
#1321=CARTESIAN_POINT('POINT57',(1.5494E+001,1.11125E+001,
   -6.90919425215238E-016));
#1322=VERTEX_POINT('VERTEX57',#1321);
#1323=B_SPLINE_CURVE_WITH_KNOTS('SPLINE_CRV28',3,(#1324,#1325,#1326,
   #1327,#1328,#1329,#1330,#1331,#1332,#1333,#1334,#1335,#1336,#1337,
   #1338,#1339,#1340,#1341),.UNSPECIFIED.,.F.,.F.,(4,2,2,2,2,2,2,2,4),(
   6.78551288049133E-002,8.48188786745897E-002,1.01782628544266E-001,
   1.18746443077046E-001,1.35710257609827E-001,1.52674072142607E-001,
   1.69637886675387E-001,1.86601636545063E-001,2.0356538641474E-001),
   .UNSPECIFIED.);
#1324=CARTESIAN_POINT('',(1.5494E+001,1.11125E+001,
   -6.90919425215238E-016));
#1325=CARTESIAN_POINT('',(1.5494E+001,1.11125E+001,
   -1.43626415563261E-001));
#1326=CARTESIAN_POINT('',(1.55227245559727E+001,1.11094304215904E+001,
   -2.9675717212965E-001));
#1327=CARTESIAN_POINT('',(1.56394036030938E+001,1.10983346994777E+001,
   -5.78339009711159E-001));
#1328=CARTESIAN_POINT('',(1.57273524891455E+001,1.1090465888682E+001,
   -7.06798590937966E-001));
#1329=CARTESIAN_POINT('',(1.59302017956759E+001,1.10756732823627E+001,
   -9.09647897468316E-001));
#1330=CARTESIAN_POINT('',(1.605866120758E+001,1.10677862285E+001,
   -9.97596481639762E-001));
#1331=CARTESIAN_POINT('',(1.63402424772181E+001,1.10566487374123E+001,
   -1.11427530403284E+000));
#1332=CARTESIAN_POINT('',(1.64933730369558E+001,1.10535608402903E+001,
   -1.143E+000));
#1333=CARTESIAN_POINT('',(1.67806269630442E+001,1.10535608402903E+001,
   -1.143E+000));
#1334=CARTESIAN_POINT('',(1.69337575227819E+001,1.10566487374123E+001,
   -1.11427530403284E+000));
#1335=CARTESIAN_POINT('',(1.721533879242E+001,1.10677862285E+001,
   -9.97596481639762E-001));
#1336=CARTESIAN_POINT('',(1.73437982043241E+001,1.10756732823627E+001,
   -9.09647897468316E-001));
#1337=CARTESIAN_POINT('',(1.75466475108545E+001,1.1090465888682E+001,
   -7.06798590937966E-001));
#1338=CARTESIAN_POINT('',(1.76345963969062E+001,1.10983346994777E+001,
   -5.78339009711159E-001));
#1339=CARTESIAN_POINT('',(1.77512754440273E+001,1.11094304215904E+001,
   -2.9675717212965E-001));
#1340=CARTESIAN_POINT('',(1.778E+001,1.11125E+001,-1.43626415563261E-001
   ));
#1341=CARTESIAN_POINT('',(1.778E+001,1.11125E+001,-4.95435767742083E-016
   ));
#1342=EDGE_CURVE('EDGE87',#1322,#1314,#1323,.T.);
#1343=ORIENTED_EDGE('COEDGE158',*,*,#1342,.F.);
#1344=CARTESIAN_POINT('POS67',(1.5494E+001,-1.55400699244243E-032,
   5.31908088267138E-016));
#1345=DIRECTION('DIR100',(-0.0E+000,1.0E+000,-1.11022302462516E-016));
#1346=VECTOR('VEC34',#1345,1.0E+000);
#1347=LINE('STRAIGHT34',#1344,#1346);
#1348=EDGE_CURVE('EDGE88',#1130,#1322,#1347,.T.);
#1349=ORIENTED_EDGE('COEDGE159',*,*,#1348,.F.);
#1350=ORIENTED_EDGE('COEDGE160',*,*,#1150,.F.);
#1351=EDGE_LOOP('NONE',(#1320,#1343,#1349,#1350));
#1352=FACE_BOUND('LOOP1',#1351,.T.);
#1353=ADVANCED_FACE('FACE33',(#1352),#1212,.F.);
#1354=ORIENTED_EDGE('COEDGE161',*,*,#1319,.T.);
#1355=ORIENTED_EDGE('COEDGE162',*,*,#1127,.F.);
#1356=ORIENTED_EDGE('COEDGE163',*,*,#1163,.F.);
#1357=ORIENTED_EDGE('COEDGE164',*,*,#1348,.T.);
#1358=CARTESIAN_POINT('POINT58',(1.6637E+001,1.10535608402903E+001,
   1.143E+000));
#1359=VERTEX_POINT('VERTEX58',#1358);
#1360=B_SPLINE_CURVE_WITH_KNOTS('SPLINE_CRV29',3,(#1361,#1362,#1363,
   #1364,#1365,#1366,#1367,#1368,#1369,#1370),.UNSPECIFIED.,.F.,.F.,(4,2
   ,2,2,4),(0.0E+000,1.69638145327802E-002,3.39276290655604E-002,
   5.08913789352368E-002,6.78551288049133E-002),.UNSPECIFIED.);
#1361=CARTESIAN_POINT('',(1.6637E+001,1.10535608402903E+001,1.143E+000))
   ;
#1362=CARTESIAN_POINT('',(1.64933730369558E+001,1.10535608402903E+001,
   1.143E+000));
#1363=CARTESIAN_POINT('',(1.63402424772181E+001,1.10566487374123E+001,
   1.11427530403284E+000));
#1364=CARTESIAN_POINT('',(1.605866120758E+001,1.10677862285E+001,
   9.97596481639761E-001));
#1365=CARTESIAN_POINT('',(1.59302017956759E+001,1.10756732823627E+001,
   9.09647897468315E-001));
#1366=CARTESIAN_POINT('',(1.57273524891455E+001,1.1090465888682E+001,
   7.06798590937965E-001));
#1367=CARTESIAN_POINT('',(1.56394036030938E+001,1.10983346994777E+001,
   5.78339009711158E-001));
#1368=CARTESIAN_POINT('',(1.55227245559727E+001,1.11094304215904E+001,
   2.96757172129649E-001));
#1369=CARTESIAN_POINT('',(1.5494E+001,1.11125E+001,1.4362641556326E-001)
   );
#1370=CARTESIAN_POINT('',(1.5494E+001,1.11125E+001,
   -6.90919425215238E-016));
#1371=EDGE_CURVE('EDGE89',#1359,#1322,#1360,.T.);
#1372=ORIENTED_EDGE('COEDGE165',*,*,#1371,.F.);
#1373=B_SPLINE_CURVE_WITH_KNOTS('SPLINE_CRV30',3,(#1374,#1375,#1376,
   #1377,#1378,#1379,#1380,#1381,#1382,#1383),.UNSPECIFIED.,.F.,.F.,(4,2
   ,2,2,4),(2.0356538641474E-001,2.20529136284416E-001,
   2.37492886154093E-001,2.54456700686873E-001,2.71420515219653E-001),
   .UNSPECIFIED.);
#1374=CARTESIAN_POINT('',(1.778E+001,1.11125E+001,-4.95435767742083E-016
   ));
#1375=CARTESIAN_POINT('',(1.778E+001,1.11125E+001,1.4362641556326E-001))
   ;
#1376=CARTESIAN_POINT('',(1.77512754440273E+001,1.11094304215904E+001,
   2.96757172129649E-001));
#1377=CARTESIAN_POINT('',(1.76345963969062E+001,1.10983346994777E+001,
   5.78339009711158E-001));
#1378=CARTESIAN_POINT('',(1.75466475108545E+001,1.1090465888682E+001,
   7.06798590937965E-001));
#1379=CARTESIAN_POINT('',(1.73437982043241E+001,1.10756732823627E+001,
   9.09647897468315E-001));
#1380=CARTESIAN_POINT('',(1.721533879242E+001,1.10677862285E+001,
   9.97596481639761E-001));
#1381=CARTESIAN_POINT('',(1.69337575227819E+001,1.10566487374123E+001,
   1.11427530403284E+000));
#1382=CARTESIAN_POINT('',(1.67806269630442E+001,1.10535608402903E+001,
   1.143E+000));
#1383=CARTESIAN_POINT('',(1.6637E+001,1.10535608402903E+001,1.143E+000))
   ;
#1384=EDGE_CURVE('EDGE90',#1314,#1359,#1373,.T.);
#1385=ORIENTED_EDGE('COEDGE166',*,*,#1384,.F.);
#1386=EDGE_LOOP('NONE',(#1354,#1355,#1356,#1357,#1372,#1385));
#1387=FACE_BOUND('LOOP1',#1386,.T.);
#1388=ADVANCED_FACE('FACE34',(#1387),#1212,.F.);
#1389=ORIENTED_EDGE('COEDGE167',*,*,#1287,.T.);
#1390=EDGE_CURVE('EDGE91',#1282,#1291,#1302,.T.);
#1391=ORIENTED_EDGE('COEDGE168',*,*,#1390,.T.);
#1392=ORIENTED_EDGE('COEDGE169',*,*,#1296,.T.);
#1393=ORIENTED_EDGE('COEDGE170',*,*,#1105,.F.);
#1394=EDGE_LOOP('NONE',(#1389,#1391,#1392,#1393));
#1395=FACE_BOUND('LOOP1',#1394,.T.);
#1396=ADVANCED_FACE('FACE35',(#1395),#1311,.F.);
#1397=ORIENTED_EDGE('COEDGE171',*,*,#1255,.T.);
#1398=ORIENTED_EDGE('COEDGE172',*,*,#1108,.T.);
#1399=ORIENTED_EDGE('COEDGE173',*,*,#1270,.T.);
#1400=EDGE_CURVE('EDGE92',#1250,#1258,#1263,.T.);
#1401=ORIENTED_EDGE('COEDGE174',*,*,#1400,.F.);
#1402=EDGE_LOOP('NONE',(#1397,#1398,#1399,#1401));
#1403=FACE_BOUND('LOOP1',#1402,.T.);
#1404=ADVANCED_FACE('FACE36',(#1403),#1279,.F.);
#1405=CARTESIAN_POINT('POS68',(1.6637E+001,2.33581825588938E-015,
   -1.11125E+001));
#1406=DIRECTION('DIR101',(1.0E+000,-2.22044604925031E-016,
   2.22044604925031E-016));
#1407=VECTOR('VEC35',#1406,1.0E+000);
#1408=LINE('STRAIGHT35',#1405,#1407);
#1409=EDGE_CURVE('EDGE93',#1250,#1282,#1408,.T.);
#1410=ORIENTED_EDGE('COEDGE175',*,*,#1409,.T.);
#1411=ORIENTED_EDGE('COEDGE176',*,*,#1303,.F.);
#1412=CARTESIAN_POINT('POS69',(1.6637E+001,5.05249392838611E-015,
   1.11125E+001));
#1413=DIRECTION('DIR102',(-1.0E+000,2.22044604925031E-016,
   -2.22044604925031E-016));
#1414=VECTOR('VEC36',#1413,1.0E+000);
#1415=LINE('STRAIGHT36',#1412,#1414);
#1416=EDGE_CURVE('EDGE94',#1291,#1258,#1415,.T.);
#1417=ORIENTED_EDGE('COEDGE177',*,*,#1416,.T.);
#1418=ORIENTED_EDGE('COEDGE178',*,*,#1264,.T.);
#1419=EDGE_LOOP('NONE',(#1410,#1411,#1417,#1418));
#1420=FACE_BOUND('LOOP1',#1419,.T.);
#1421=ORIENTED_EDGE('COEDGE179',*,*,#1228,.T.);
#1422=ORIENTED_EDGE('COEDGE180',*,*,#1204,.T.);
#1423=ORIENTED_EDGE('COEDGE181',*,*,#1241,.T.);
#1424=EDGE_LOOP('NONE',(#1421,#1422,#1423));
#1425=FACE_BOUND('LOOP1',#1424,.T.);
#1426=CARTESIAN_POINT('POS70',(1.6637E+001,3.69415609213775E-015,
   -3.69415609213775E-015));
#1427=DIRECTION('DIR103',(1.0E+000,-2.22044604925031E-016,
   2.22044604925031E-016));
#1428=DIRECTION('DIR104',(2.22044604925031E-016,2.25509510618742E-019,
   -1.0E+000));
#1429=AXIS2_PLACEMENT_3D('AXIS34',#1426,#1427,#1428);
#1430=CYLINDRICAL_SURFACE('CONE_SURF12',#1429,1.11125E+001);
#1431=ADVANCED_FACE('FACE37',(#1420,#1425),#1430,.T.);
#1432=ORIENTED_EDGE('COEDGE182',*,*,#1409,.F.);
#1433=ORIENTED_EDGE('COEDGE183',*,*,#1400,.T.);
#1434=ORIENTED_EDGE('COEDGE184',*,*,#1416,.F.);
#1435=ORIENTED_EDGE('COEDGE185',*,*,#1390,.F.);
#1436=EDGE_LOOP('NONE',(#1432,#1433,#1434,#1435));
#1437=FACE_BOUND('LOOP1',#1436,.T.);
#1438=ORIENTED_EDGE('COEDGE186',*,*,#1371,.T.);
#1439=ORIENTED_EDGE('COEDGE187',*,*,#1342,.T.);
#1440=ORIENTED_EDGE('COEDGE188',*,*,#1384,.T.);
#1441=EDGE_LOOP('NONE',(#1438,#1439,#1440));
#1442=FACE_BOUND('LOOP1',#1441,.T.);
#1443=ADVANCED_FACE('FACE38',(#1437,#1442),#1430,.T.);
#1444=CLOSED_SHELL('SHELL2',(#1103,#1167,#1213,#1248,#1280,#1312,#1353,
   #1388,#1396,#1404,#1431,#1443));
#1445=MANIFOLD_SOLID_BREP('LUMP2',#1444);
#1446=ADVANCED_BREP_SHAPE_REPRESENTATION('BODY1',(#1445),#1447);
#1447=(GEOMETRIC_REPRESENTATION_CONTEXT(3) 
   GLOBAL_UNCERTAINTY_ASSIGNED_CONTEXT((#1448)) 
   GLOBAL_UNIT_ASSIGNED_CONTEXT((#1449,#1450,#1451)) 
   REPRESENTATION_CONTEXT('',''));
#1448=UNCERTAINTY_MEASURE_WITH_UNIT(LENGTH_MEASURE(1.0E-006),#1449,'',''
   );
#1449=(LENGTH_UNIT() NAMED_UNIT(*) SI_UNIT(.MILLI.,.METRE.));
#1450=(NAMED_UNIT(*) PLANE_ANGLE_UNIT() SI_UNIT($,.RADIAN.));
#1451=(NAMED_UNIT(*) SI_UNIT($,.STERADIAN.) SOLID_ANGLE_UNIT());
#1452=APPLICATION_CONTEXT(
   'CONFIGURATION CONTROLLED 3D DESIGNS OF MECHANICAL PARTS AND 
ASSEMBLIES');
#1453=APPLICATION_PROTOCOL_DEFINITION('INTERNATIONAL STANDARD',
   'config_control_design',1994,#1452);
#1454=MECHANICAL_CONTEXT('MECHANICAL_CONTEXT_NAME',#1452,'mechanical');
#1455=PRODUCT('PRODUCT_ID_2','PRODUCT_NAME_2','PRODUCT_DESCRIPTION',(
   #1454));
#1456=PRODUCT_RELATED_PRODUCT_CATEGORY('detail',
   'PRODUCT_RELATED_PRODUCT_CATEGORY_DESCRIPTION',(#1455));
#1457=PERSON_AND_ORGANIZATION_ROLE('design_owner');
#1458=PERSON('ID_9','PERSON_LAST_NAME','PERSON_FIRST_NAME',$,$,$);
#1459=ORGANIZATION('ORGANIZATION_ID','ORGANIZATION_NAME',
   'ORGANIZATION_DESCRIPTION');
#1460=PERSON_AND_ORGANIZATION(#1458,#1459);
#1461=PRODUCT_DEFINITION_FORMATION_WITH_SPECIFIED_SOURCE(
   'PRODUCT_DEFINITION_FORMATION_ID',
   'PRODUCT_DEFINITION_FORMATION_DESCRIPTION',#1455,.NOT_KNOWN.);
#1462=PERSON_AND_ORGANIZATION_ROLE('creator');
#1463=PERSON('ID_10','PERSON_LAST_NAME','PERSON_FIRST_NAME',$,$,$);
#1464=ORGANIZATION('ORGANIZATION_ID','ORGANIZATION_NAME',
   'ORGANIZATION_DESCRIPTION');
#1465=PERSON_AND_ORGANIZATION(#1463,#1464);
#1466=PERSON_AND_ORGANIZATION_ROLE('part_supplier');
#1467=PERSON('ID_11','PERSON_LAST_NAME','PERSON_FIRST_NAME',$,$,$);
#1468=ORGANIZATION('ORGANIZATION_ID','ORGANIZATION_NAME',
   'ORGANIZATION_DESCRIPTION');
#1469=PERSON_AND_ORGANIZATION(#1467,#1468);
#1470=APPROVAL_STATUS('approved');
#1471=APPROVAL(#1470,'APPROVAL_LEVEL');
#1472=APPROVAL_ROLE('APPROVAL_ROLE');
#1473=APPROVAL_PERSON_ORGANIZATION(#1476,#1471,#1472);
#1474=PERSON('ID_12','PERSON_LAST_NAME','PERSON_FIRST_NAME',$,$,$);
#1475=ORGANIZATION('ORGANIZATION_ID','ORGANIZATION_NAME',
   'ORGANIZATION_DESCRIPTION');
#1476=PERSON_AND_ORGANIZATION(#1474,#1475);
#1477=APPROVAL_DATE_TIME(#1481,#1471);
#1478=CALENDAR_DATE(1997,1,1);
#1479=COORDINATED_UNIVERSAL_TIME_OFFSET(0,0,.AHEAD.);
#1480=LOCAL_TIME(0,0,0.0E+000,#1479);
#1481=DATE_AND_TIME(#1478,#1480);
#1482=SECURITY_CLASSIFICATION_LEVEL('classified');
#1483=SECURITY_CLASSIFICATION('SECURITY_CLASSIFICATION_NAME',
   'SECURITY_CLASSIFICATION_PURPOSE',#1482);
#1484=APPROVAL_STATUS('approved');
#1485=APPROVAL(#1484,'APPROVAL_LEVEL');
#1486=APPROVAL_ROLE('APPROVAL_ROLE');
#1487=APPROVAL_PERSON_ORGANIZATION(#1490,#1485,#1486);
#1488=PERSON('ID_13','PERSON_LAST_NAME','PERSON_FIRST_NAME',$,$,$);
#1489=ORGANIZATION('ORGANIZATION_ID','ORGANIZATION_NAME',
   'ORGANIZATION_DESCRIPTION');
#1490=PERSON_AND_ORGANIZATION(#1488,#1489);
#1491=APPROVAL_DATE_TIME(#1495,#1485);
#1492=CALENDAR_DATE(1997,1,1);
#1493=COORDINATED_UNIVERSAL_TIME_OFFSET(0,0,.AHEAD.);
#1494=LOCAL_TIME(0,0,0.0E+000,#1493);
#1495=DATE_AND_TIME(#1492,#1494);
#1496=PERSON_AND_ORGANIZATION_ROLE('classification_officer');
#1497=PERSON('ID_14','PERSON_LAST_NAME','PERSON_FIRST_NAME',$,$,$);
#1498=ORGANIZATION('ORGANIZATION_ID','ORGANIZATION_NAME',
   'ORGANIZATION_DESCRIPTION');
#1499=PERSON_AND_ORGANIZATION(#1497,#1498);
#1500=DATE_TIME_ROLE('classification_date');
#1501=CALENDAR_DATE(1997,1,1);
#1502=COORDINATED_UNIVERSAL_TIME_OFFSET(0,0,.AHEAD.);
#1503=LOCAL_TIME(0,0,0.0E+000,#1502);
#1504=DATE_AND_TIME(#1501,#1503);
#1505=DESIGN_CONTEXT('DESIGN_CONTEXT_NAME',#1452,'design');
#1506=PRODUCT_DEFINITION('PRODUCT_DEFINITION_ID',
   'PRODUCT_DEFINITION_DESCRIPTION',#1461,#1505);
#1507=PERSON_AND_ORGANIZATION_ROLE('creator');
#1508=PERSON('ID_15','PERSON_LAST_NAME','PERSON_FIRST_NAME',$,$,$);
#1509=ORGANIZATION('ORGANIZATION_ID','ORGANIZATION_NAME',
   'ORGANIZATION_DESCRIPTION');
#1510=PERSON_AND_ORGANIZATION(#1508,#1509);
#1511=DATE_TIME_ROLE('creation_date');
#1512=CALENDAR_DATE(1997,1,1);
#1513=COORDINATED_UNIVERSAL_TIME_OFFSET(0,0,.AHEAD.);
#1514=LOCAL_TIME(0,0,0.0E+000,#1513);
#1515=DATE_AND_TIME(#1512,#1514);
#1516=APPROVAL_STATUS('approved');
#1517=APPROVAL(#1516,'APPROVAL_LEVEL');
#1518=APPROVAL_ROLE('APPROVAL_ROLE');
#1519=APPROVAL_PERSON_ORGANIZATION(#1522,#1517,#1518);
#1520=PERSON('ID_16','PERSON_LAST_NAME','PERSON_FIRST_NAME',$,$,$);
#1521=ORGANIZATION('ORGANIZATION_ID','ORGANIZATION_NAME',
   'ORGANIZATION_DESCRIPTION');
#1522=PERSON_AND_ORGANIZATION(#1520,#1521);
#1523=APPROVAL_DATE_TIME(#1527,#1517);
#1524=CALENDAR_DATE(1997,1,1);
#1525=COORDINATED_UNIVERSAL_TIME_OFFSET(0,0,.AHEAD.);
#1526=LOCAL_TIME(0,0,0.0E+000,#1525);
#1527=DATE_AND_TIME(#1524,#1526);
#1528=PRODUCT_DEFINITION_SHAPE('PRODUCT_DEFINITION_SHAPE_NAME',
   'PRODUCT_DEFINITION_SHAPE_DESCRIPTION',#1506);
#1529=SHAPE_DEFINITION_REPRESENTATION(#1528,#1446);
#1530=STYLED_ITEM('',(#1531),#1445);
#1531=PRESENTATION_STYLE_ASSIGNMENT((#1533));
#1532=COLOUR_RGB('',1.0E+000,5.01960784313725E-001,2.50980392156863E-001
   );
#1533=SURFACE_STYLE_USAGE(.BOTH.,#1534);
#1534=SURFACE_SIDE_STYLE('',(#1535));
#1535=SURFACE_STYLE_FILL_AREA(#1536);
#1536=FILL_AREA_STYLE('',(#1537));
#1537=FILL_AREA_STYLE_COLOUR('',#1532);
#1538=STYLED_ITEM('',(#1539),#1103);
#1539=PRESENTATION_STYLE_ASSIGNMENT((#1541));
#1540=COLOUR_RGB('',1.0E+000,5.01960784313725E-001,2.50980392156863E-001
   );
#1541=SURFACE_STYLE_USAGE(.BOTH.,#1542);
#1542=SURFACE_SIDE_STYLE('',(#1543));
#1543=SURFACE_STYLE_FILL_AREA(#1544);
#1544=FILL_AREA_STYLE('',(#1545));
#1545=FILL_AREA_STYLE_COLOUR('',#1540);
#1546=STYLED_ITEM('',(#1547),#1167);
#1547=PRESENTATION_STYLE_ASSIGNMENT((#1549));
#1548=COLOUR_RGB('',1.0E+000,5.01960784313725E-001,2.50980392156863E-001
   );
#1549=SURFACE_STYLE_USAGE(.BOTH.,#1550);
#1550=SURFACE_SIDE_STYLE('',(#1551));
#1551=SURFACE_STYLE_FILL_AREA(#1552);
#1552=FILL_AREA_STYLE('',(#1553));
#1553=FILL_AREA_STYLE_COLOUR('',#1548);
#1554=STYLED_ITEM('',(#1555),#1213);
#1555=PRESENTATION_STYLE_ASSIGNMENT((#1557));
#1556=COLOUR_RGB('',5.09803921568627E-001,5.09803921568627E-001,
   5.88235294117647E-001);
#1557=SURFACE_STYLE_USAGE(.BOTH.,#1558);
#1558=SURFACE_SIDE_STYLE('',(#1559));
#1559=SURFACE_STYLE_FILL_AREA(#1560);
#1560=FILL_AREA_STYLE('',(#1561));
#1561=FILL_AREA_STYLE_COLOUR('',#1556);
#1562=STYLED_ITEM('',(#1563),#1248);
#1563=PRESENTATION_STYLE_ASSIGNMENT((#1565));
#1564=COLOUR_RGB('',5.09803921568627E-001,5.09803921568627E-001,
   5.88235294117647E-001);
#1565=SURFACE_STYLE_USAGE(.BOTH.,#1566);
#1566=SURFACE_SIDE_STYLE('',(#1567));
#1567=SURFACE_STYLE_FILL_AREA(#1568);
#1568=FILL_AREA_STYLE('',(#1569));
#1569=FILL_AREA_STYLE_COLOUR('',#1564);
#1570=STYLED_ITEM('',(#1571),#1280);
#1571=PRESENTATION_STYLE_ASSIGNMENT((#1573));
#1572=COLOUR_RGB('',1.0E+000,5.01960784313725E-001,2.50980392156863E-001
   );
#1573=SURFACE_STYLE_USAGE(.BOTH.,#1574);
#1574=SURFACE_SIDE_STYLE('',(#1575));
#1575=SURFACE_STYLE_FILL_AREA(#1576);
#1576=FILL_AREA_STYLE('',(#1577));
#1577=FILL_AREA_STYLE_COLOUR('',#1572);
#1578=STYLED_ITEM('',(#1579),#1312);
#1579=PRESENTATION_STYLE_ASSIGNMENT((#1581));
#1580=COLOUR_RGB('',1.0E+000,5.01960784313725E-001,2.50980392156863E-001
   );
#1581=SURFACE_STYLE_USAGE(.BOTH.,#1582);
#1582=SURFACE_SIDE_STYLE('',(#1583));
#1583=SURFACE_STYLE_FILL_AREA(#1584);
#1584=FILL_AREA_STYLE('',(#1585));
#1585=FILL_AREA_STYLE_COLOUR('',#1580);
#1586=STYLED_ITEM('',(#1587),#1353);
#1587=PRESENTATION_STYLE_ASSIGNMENT((#1589));
#1588=COLOUR_RGB('',5.09803921568627E-001,5.09803921568627E-001,
   5.88235294117647E-001);
#1589=SURFACE_STYLE_USAGE(.BOTH.,#1590);
#1590=SURFACE_SIDE_STYLE('',(#1591));
#1591=SURFACE_STYLE_FILL_AREA(#1592);
#1592=FILL_AREA_STYLE('',(#1593));
#1593=FILL_AREA_STYLE_COLOUR('',#1588);
#1594=STYLED_ITEM('',(#1595),#1388);
#1595=PRESENTATION_STYLE_ASSIGNMENT((#1597));
#1596=COLOUR_RGB('',5.09803921568627E-001,5.09803921568627E-001,
   5.88235294117647E-001);
#1597=SURFACE_STYLE_USAGE(.BOTH.,#1598);
#1598=SURFACE_SIDE_STYLE('',(#1599));
#1599=SURFACE_STYLE_FILL_AREA(#1600);
#1600=FILL_AREA_STYLE('',(#1601));
#1601=FILL_AREA_STYLE_COLOUR('',#1596);
#1602=STYLED_ITEM('',(#1603),#1396);
#1603=PRESENTATION_STYLE_ASSIGNMENT((#1605));
#1604=COLOUR_RGB('',1.0E+000,5.01960784313725E-001,2.50980392156863E-001
   );
#1605=SURFACE_STYLE_USAGE(.BOTH.,#1606);
#1606=SURFACE_SIDE_STYLE('',(#1607));
#1607=SURFACE_STYLE_FILL_AREA(#1608);
#1608=FILL_AREA_STYLE('',(#1609));
#1609=FILL_AREA_STYLE_COLOUR('',#1604);
#1610=STYLED_ITEM('',(#1611),#1404);
#1611=PRESENTATION_STYLE_ASSIGNMENT((#1613));
#1612=COLOUR_RGB('',1.0E+000,5.01960784313725E-001,2.50980392156863E-001
   );
#1613=SURFACE_STYLE_USAGE(.BOTH.,#1614);
#1614=SURFACE_SIDE_STYLE('',(#1615));
#1615=SURFACE_STYLE_FILL_AREA(#1616);
#1616=FILL_AREA_STYLE('',(#1617));
#1617=FILL_AREA_STYLE_COLOUR('',#1612);
#1618=STYLED_ITEM('',(#1619),#1431);
#1619=PRESENTATION_STYLE_ASSIGNMENT((#1621));
#1620=COLOUR_RGB('',1.0E+000,5.01960784313725E-001,2.50980392156863E-001
   );
#1621=SURFACE_STYLE_USAGE(.BOTH.,#1622);
#1622=SURFACE_SIDE_STYLE('',(#1623));
#1623=SURFACE_STYLE_FILL_AREA(#1624);
#1624=FILL_AREA_STYLE('',(#1625));
#1625=FILL_AREA_STYLE_COLOUR('',#1620);
#1626=STYLED_ITEM('',(#1627),#1443);
#1627=PRESENTATION_STYLE_ASSIGNMENT((#1629));
#1628=COLOUR_RGB('',1.0E+000,5.01960784313725E-001,2.50980392156863E-001
   );
#1629=SURFACE_STYLE_USAGE(.BOTH.,#1630);
#1630=SURFACE_SIDE_STYLE('',(#1631));
#1631=SURFACE_STYLE_FILL_AREA(#1632);
#1632=FILL_AREA_STYLE('',(#1633));
#1633=FILL_AREA_STYLE_COLOUR('',#1628);
#1634=MECHANICAL_DESIGN_GEOMETRIC_PRESENTATION_REPRESENTATION($,(#1530,
   #1538,#1546,#1554,#1562,#1570,#1578,#1586,#1594,#1602,#1610,#1618,
   #1626),#1447);
ENDSEC;
END-ISO-10303-21;
                
                  
               
                   
                    
     
                
