ISO-10303-21;
HEADER;
FILE_DESCRIPTION (( 'STEP AP203' ),
    '1' );
FILE_NAME ('316L-DV12A-KF16FT4-KF16-NC-HP.STEP',
    '2025-03-13T14:24:23',
    ( '' ),
    ( '' ),
    'SwSTEP 2.0',
    'SolidWorks 2021',
    '' );
FILE_SCHEMA (( 'CONFIG_CONTROL_DESIGN' ));
ENDSEC;

DATA;
#1 = PLANE ( 'NONE',  #628 ) ;
#2 = CYLINDRICAL_SURFACE ( 'NONE', #2970, 12.69999999999998508 ) ;
#3 = EDGE_CURVE ( 'NONE', #5902, #2506, #4052, .T. ) ;
#4 = ORIENTED_EDGE ( 'NONE', *, *, #5460, .F. ) ;
#5 = VERTEX_POINT ( 'NONE', #7868 ) ;
#6 = CARTESIAN_POINT ( 'NONE',  ( -11.89999999999996660, 13.09437500000001720, 4.929141392239915653 ) ) ;
#7 = DIRECTION ( 'NONE',  ( -1.000000000000000000, -0.000000000000000000, -0.000000000000000000 ) ) ;
#8 = ORIENTED_EDGE ( 'NONE', *, *, #2521, .F. ) ;
#9 = CARTESIAN_POINT ( 'NONE',  ( 8.414570696119975324, 13.49125000000001329, 8.414570696119856308 ) ) ;
#10 = CYLINDRICAL_SURFACE ( 'NONE', #6148, 15.59999999999999964 ) ;
#11 = LINE ( 'NONE', #5374, #7443 ) ;
#12 = CIRCLE ( 'NONE', #154, 3.675000000000003375 ) ;
#13 = EDGE_LOOP ( 'NONE', ( #2218, #170, #3523, #1753 ) ) ;
#14 = PERSON_AND_ORGANIZATION_ROLE ( 'design_supplier' ) ;
#15 = ADVANCED_BREP_SHAPE_REPRESENTATION ( '', ( #5249, #5757 ), #1995 ) ;
#16 = APPROVAL_PERSON_ORGANIZATION ( #7962, #6157, #8131 ) ;
#17 = TOROIDAL_SURFACE ( 'NONE', #1987, 3.675000000000004707, 0.5000000000000002220 ) ;
#18 = CARTESIAN_POINT ( 'NONE',  ( 12.44999999999999929, 0.000000000000000000, 0.000000000000000000 ) ) ;
#19 = ORIENTED_EDGE ( 'NONE', *, *, #5581, .T. ) ;
#20 = LINE ( 'NONE', #1432, #8078 ) ;
#21 = ORIENTED_EDGE ( 'NONE', *, *, #8379, .F. ) ;
#22 = CARTESIAN_POINT ( 'NONE',  ( 1.450373564454686237, 17.39772057005680139, 12.24313065849361415 ) ) ;
#23 = SECURITY_CLASSIFICATION ( '', '', #601 ) ;
#24 = EDGE_CURVE ( 'NONE', #7533, #6939, #3621, .T. ) ;
#25 = CARTESIAN_POINT ( 'NONE',  ( 0.3948291982182996485, 5.499261314031190118, 9.525000000000002132 ) ) ;
#26 = APPLICATION_CONTEXT ( 'configuration controlled 3d designs of mechanical parts and assemblies' ) ;
#27 = CARTESIAN_POINT ( 'NONE',  ( 41.39999999999999858, 0.000000000000000000, 2.700000000000001510 ) ) ;
#28 = EDGE_CURVE ( 'NONE', #8301, #5610, #8673, .T. ) ;
#29 = DIRECTION ( 'NONE',  ( 0.4999999999999997224, 0.000000000000000000, -0.8660254037844388186 ) ) ;
#30 = CARTESIAN_POINT ( 'NONE',  ( 9.069809202314353058, 13.07375000000001819, -9.069809202314482732 ) ) ;
#31 = CARTESIAN_POINT ( 'NONE',  ( 1.738998454789241549E-15, -1.201236941557884519, 14.20000000000000107 ) ) ;
#32 = ADVANCED_FACE ( 'NONE', ( #4449 ), #2793, .T. ) ;
#33 = CARTESIAN_POINT ( 'NONE',  ( 12.82664718204939192, 12.83562500000001805, 5.312971222579391473 ) ) ;
#34 = ORIENTED_EDGE ( 'NONE', *, *, #5598, .T. ) ;
#35 = DIRECTION ( 'NONE',  ( 0.000000000000000000, 0.000000000000000000, 1.000000000000000000 ) ) ;
#36 = CIRCLE ( 'NONE', #8025, 1.000000000000000444 ) ;
#37 = EDGE_CURVE ( 'NONE', #6097, #1264, #3063, .T. ) ;
#38 = DIRECTION ( 'NONE',  ( -0.000000000000000000, -1.000000000000000000, -0.000000000000000000 ) ) ;
#39 = DATE_TIME_ROLE ( 'classification_date' ) ;
#40 =( BOUNDED_CURVE ( )  B_SPLINE_CURVE ( 2, ( #5195, #6506, #5802, #4496, #8482, #8523, #3884, #1816, #7922 ),
 .UNSPECIFIED., .F., .T. ) 
 B_SPLINE_CURVE_WITH_KNOTS ( ( 3, 2, 2, 2, 3 ),
 ( 0.8437500000000000000, 0.8593750000000000000, 0.8750000000000000000, 0.8906250000000000000, 0.9062500000000000000 ),
 .UNSPECIFIED. ) 
 CURVE ( )  GEOMETRIC_REPRESENTATION_ITEM ( )  RATIONAL_B_SPLINE_CURVE ( ( 1.000000000000000000, 0.9238795325112867385, 1.000000000000000000, 0.9238795325112867385, 1.000000000000000000, 0.9238795325112867385, 1.000000000000000000, 0.9238795325112867385, 1.000000000000000000 ) ) 
 REPRESENTATION_ITEM ( '' )  );
#41 = EDGE_CURVE ( 'NONE', #3494, #5654, #1778, .T. ) ;
#42 = EDGE_LOOP ( 'NONE', ( #2248, #111, #5245 ) ) ;
#43 = ORIENTED_EDGE ( 'NONE', *, *, #5834, .F. ) ;
#44 = LINE ( 'NONE', #2594, #2031 ) ;
#45 = CARTESIAN_POINT ( 'NONE',  ( -8.980256121069194464, 13.46436978464833700, -8.980256121069066566 ) ) ;
#46 = CARTESIAN_POINT ( 'NONE',  ( 17.47810899155977893, 0.000000000000000000, 0.000000000000000000 ) ) ;
#47 = PRODUCT_DEFINITION_SHAPE ( 'NONE', 'NONE',  #8690 ) ;
#48 = FACE_BOUND ( 'NONE', #2047, .T. ) ;
#49 = DIRECTION ( 'NONE',  ( -1.000000000000000000, -0.000000000000000000, -0.000000000000000000 ) ) ;
#50 = CARTESIAN_POINT ( 'NONE',  ( 11.89999999999999858, 13.45000000000001528, -8.455458555545191202E-14 ) ) ;
#51 = ORIENTED_EDGE ( 'NONE', *, *, #2582, .F. ) ;
#52 = CARTESIAN_POINT ( 'NONE',  ( -7.726057123094974125E-14, 13.76750000000001606, -11.89999999999999858 ) ) ;
#53 = CIRCLE ( 'NONE', #181, 11.09999999999998543 ) ;
#54 = DIRECTION ( 'NONE',  ( 0.000000000000000000, 0.000000000000000000, 1.000000000000000000 ) ) ;
#55 = EDGE_CURVE ( 'NONE', #8683, #2760, #5847, .T. ) ;
#56 = VERTEX_POINT ( 'NONE', #3967 ) ;
#57 = ORIENTED_EDGE ( 'NONE', *, *, #7550, .F. ) ;
#58 = DIRECTION ( 'NONE',  ( 0.000000000000000000, 0.000000000000000000, -1.000000000000000000 ) ) ;
#59 = ADVANCED_FACE ( 'NONE', ( #2158 ), #178, .T. ) ;
#60 = CARTESIAN_POINT ( 'NONE',  ( 4.929141392239755781, 16.22812500000000924, -11.90000000000002345 ) ) ;
#61 = EDGE_LOOP ( 'NONE', ( #4527, #1929, #3429, #5098 ) ) ;
#62 = LINE ( 'NONE', #2657, #5962 ) ;
#63 = LINE ( 'NONE', #952, #3381 ) ;
#64 = AXIS2_PLACEMENT_3D ( 'NONE', #4204, #6751, #2768 ) ;
#65 = COORDINATED_UNIVERSAL_TIME_OFFSET ( 8, 0, .AHEAD. ) ;
#66 = ORIENTED_EDGE ( 'NONE', *, *, #2474, .F. ) ;
#67 = CARTESIAN_POINT ( 'NONE',  ( 12.69999999999996732, 12.84188021535169888, -9.023892744153245350E-14 ) ) ;
#68 = CARTESIAN_POINT ( 'NONE',  ( 1.544415963279582930E-14, 17.60000000000001208, 0.000000000000000000 ) ) ;
#69 = AXIS2_PLACEMENT_3D ( 'NONE', #8590, #5861, #1977 ) ;
#70 = EDGE_CURVE ( 'NONE', #5168, #2135, #4754, .T. ) ;
#71 = ORIENTED_EDGE ( 'NONE', *, *, #1855, .T. ) ;
#72 = CARTESIAN_POINT ( 'NONE',  ( 5.301602514430369339, 17.44052207780690722, 11.08296264324622804 ) ) ;
#73 = VECTOR ( 'NONE', #1707, 1000.000000000000000 ) ;
#74 = FACE_BOUND ( 'NONE', #4574, .T. ) ;
#75 = AXIS2_PLACEMENT_3D ( 'NONE', #6244, #2124, #2215 ) ;
#76 = FACE_OUTER_BOUND ( 'NONE', #1538, .T. ) ;
#77 = ADVANCED_FACE ( 'NONE', ( #2207 ), #4877, .T. ) ;
#78 = CARTESIAN_POINT ( 'NONE',  ( -13.99999999999999822, 0.000000000000000000, 0.000000000000000000 ) ) ;
#79 = CARTESIAN_POINT ( 'NONE',  ( 8.414570696119856308, 20.15875000000000483, -8.414570696119973547 ) ) ;
#80 = CARTESIAN_POINT ( 'NONE',  ( 11.88412758796775748, 10.90000000000000746, 0.6144196228178397945 ) ) ;
#81 = LINE ( 'NONE', #8105, #2998 ) ;
#83 = EDGE_LOOP ( 'NONE', ( #3664, #2827, #2819, #3875 ) ) ;
#82 = CIRCLE ( 'NONE', #7073, 2.499999999999998668 ) ;
#84 = DIRECTION ( 'NONE',  ( 0.000000000000000000, 0.000000000000000000, 1.000000000000000000 ) ) ;
#85 = CARTESIAN_POINT ( 'NONE',  ( -12.94999999999999218, -10.69999999999999041, -13.44999999999999929 ) ) ;
#86 = APPROVAL_STATUS ( 'not_yet_approved' ) ;
#87 = AXIS2_PLACEMENT_3D ( 'NONE', #5113, #1786, #4464 ) ;
#88 = AXIS2_PLACEMENT_3D ( 'NONE', #3492, #4893, #153 ) ;
#89 = VERTEX_POINT ( 'NONE', #5571 ) ;
#90 = VERTEX_POINT ( 'NONE', #6027 ) ;
#91 = DIRECTION ( 'NONE',  ( 0.000000000000000000, 0.000000000000000000, 1.000000000000000000 ) ) ;
#92 = EDGE_CURVE ( 'NONE', #3256, #3418, #8237, .T. ) ;
#93 = CARTESIAN_POINT ( 'NONE',  ( 0.000000000000000000, 0.000000000000000000, -21.75000000000000000 ) ) ;
#94 = CARTESIAN_POINT ( 'NONE',  ( 0.000000000000000000, 0.000000000000000000, 0.000000000000000000 ) ) ;
#95 = DIRECTION ( 'NONE',  ( -0.000000000000000000, 1.000000000000000000, -0.000000000000000000 ) ) ;
#96 = AXIS2_PLACEMENT_3D ( 'NONE', #4214, #5526, #3634 ) ;
#97 = CARTESIAN_POINT ( 'NONE',  ( -8.382592070995923663E-14, 12.49750000000001648, -11.89999999999999858 ) ) ;
#98 = EDGE_LOOP ( 'NONE', ( #427, #6441, #1230 ) ) ;
#99 = CARTESIAN_POINT ( 'NONE',  ( 1.026685611952905444E-14, 11.70000000000001883, 0.000000000000000000 ) ) ;
#100 = DIRECTION ( 'NONE',  ( 1.000000000000000000, -8.775090700452169195E-16, 0.000000000000000000 ) ) ;
#101 = EDGE_CURVE ( 'NONE', #6800, #6542, #7559, .T. ) ;
#102 = ORIENTED_EDGE ( 'NONE', *, *, #5289, .T. ) ;
#103 = EDGE_CURVE ( 'NONE', #6752, #7385, #4916, .T. ) ;
#104 = DIRECTION ( 'NONE',  ( 0.000000000000000000, 0.000000000000000000, 1.000000000000000000 ) ) ;
#105 = DIRECTION ( 'NONE',  ( 0.000000000000000000, 1.000000000000000000, 0.000000000000000000 ) ) ;
#106 = ORIENTED_EDGE ( 'NONE', *, *, #5810, .T. ) ;
#107 = DIRECTION ( 'NONE',  ( 0.000000000000000000, 0.000000000000000000, 1.000000000000000000 ) ) ;
#108 = ADVANCED_FACE ( 'NONE', ( #2908 ), #4460, .T. ) ;
#109 = CARTESIAN_POINT ( 'NONE',  ( 1.544415963279582930E-14, 17.60000000000001208, 0.000000000000000000 ) ) ;
#110 = APPROVAL_DATE_TIME ( #4191, #303 ) ;
#111 = ORIENTED_EDGE ( 'NONE', *, *, #3432, .T. ) ;
#112 = FACE_OUTER_BOUND ( 'NONE', #7527, .T. ) ;
#113 = ADVANCED_FACE ( 'NONE', ( #1337 ), #10, .T. ) ;
#115 = ORIENTED_EDGE ( 'NONE', *, *, #8133, .T. ) ;
#114 = FACE_OUTER_BOUND ( 'NONE', #1057, .T. ) ;
#116 = CC_DESIGN_DATE_AND_TIME_ASSIGNMENT ( #391, #5645, ( #2696 ) ) ;
#117 = CIRCLE ( 'NONE', #5010, 0.5000000000000004441 ) ;
#118 = VERTEX_POINT ( 'NONE', #874 ) ;
#119 = CARTESIAN_POINT ( 'NONE',  ( -10.82949965387259539, 17.24851486149646718, 6.158375895286789081 ) ) ;
#120 = PLANE ( 'NONE',  #6898 ) ;
#121 = CARTESIAN_POINT ( 'NONE',  ( 43.59999999999999432, 0.000000000000000000, 8.600000000000003197 ) ) ;
#122 = AXIS2_PLACEMENT_3D ( 'NONE', #256, #8285, #366 ) ;
#123 = CARTESIAN_POINT ( 'NONE',  ( -12.82664718204931198, 12.35937500000001954, 5.312971222579581543 ) ) ;
#124 = DIRECTION ( 'NONE',  ( 1.000000000000000000, -8.775090700452170181E-16, 0.000000000000000000 ) ) ;
#125 = ORIENTED_EDGE ( 'NONE', *, *, #5934, .T. ) ;
#126 = LINE ( 'NONE', #2102, #5084 ) ;
#127 = DIRECTION ( 'NONE',  ( 0.2588190451025143002, 1.182917971378672060E-16, 0.9659258262890700886 ) ) ;
#128 = COORDINATED_UNIVERSAL_TIME_OFFSET ( 8, 0, .AHEAD. ) ;
#129 = PERSON ( '未指定', '未指定', '未指定', ('未指定'), ('未指定'), ('未指定') ) ;
#130 = ORIENTED_EDGE ( 'NONE', *, *, #4935, .F. ) ;
#131 = ORIENTED_EDGE ( 'NONE', *, *, #3352, .T. ) ;
#132 = CARTESIAN_POINT ( 'NONE',  ( 0.000000000000000000, -1.201236941557884519, 0.000000000000000000 ) ) ;
#133 = CARTESIAN_POINT ( 'NONE',  ( 11.74508403593978301, 11.57278051697924859, -4.533878020562828404 ) ) ;
#134 = CARTESIAN_POINT ( 'NONE',  ( 11.44999999999999929, 9.250129867028058360E-16, -7.060900368822720985 ) ) ;
#135 = DIRECTION ( 'NONE',  ( -1.243449787580175168E-14, 0.000000000000000000, -1.000000000000000000 ) ) ;
#136 = CARTESIAN_POINT ( 'NONE',  ( 12.82664718204931376, 19.34437500000000654, -5.312971222579575326 ) ) ;
#137 = ORIENTED_EDGE ( 'NONE', *, *, #8511, .F. ) ;
#138 = CARTESIAN_POINT ( 'NONE',  ( 8.947569504916666361, -16.36523270379544925, 11.33478903118298398 ) ) ;
#139 = DIRECTION ( 'NONE',  ( -0.000000000000000000, -1.000000000000000000, -0.000000000000000000 ) ) ;
#140 = CONICAL_SURFACE ( 'NONE', #3217, 2.500000000000000444, 0.7853981633974430610 ) ;
#141 = VECTOR ( 'NONE', #3521, 1000.000000000000000 ) ;
#142 = ORIENTED_EDGE ( 'NONE', *, *, #266, .F. ) ;
#143 = VERTEX_POINT ( 'NONE', #6237 ) ;
#144 = DIRECTION ( 'NONE',  ( 0.000000000000000000, 0.000000000000000000, 1.000000000000000000 ) ) ;
#145 = CARTESIAN_POINT ( 'NONE',  ( -8.414570696119840321, 15.51375000000001236, 8.414570696119989535 ) ) ;
#146 = EDGE_LOOP ( 'NONE', ( #7912, #4941, #8260, #4666 ) ) ;
#147 = DIRECTION ( 'NONE',  ( -8.775090700452169195E-16, -1.000000000000000000, -0.000000000000000000 ) ) ;
#148 = CARTESIAN_POINT ( 'NONE',  ( 9.000000000000001776, -11.19999999999999929, -6.100000000000006750 ) ) ;
#149 = EDGE_CURVE ( 'NONE', #7461, #1945, #4015, .T. ) ;
#150 = APPROVAL_STATUS ( 'not_yet_approved' ) ;
#151 = VERTEX_POINT ( 'NONE', #4673 ) ;
#152 = CARTESIAN_POINT ( 'NONE',  ( 4.605170801781709677, -5.499261314031190118, -9.524999999999996803 ) ) ;
#153 = DIRECTION ( 'NONE',  ( 1.243449787580175168E-14, 0.000000000000000000, -1.000000000000000000 ) ) ;
#154 = AXIS2_PLACEMENT_3D ( 'NONE', #8607, #4535, #623 ) ;
#155 = ORIENTED_EDGE ( 'NONE', *, *, #4903, .F. ) ;
#156 = CARTESIAN_POINT ( 'NONE',  ( 4.188665433214086242, 17.42761798492041692, 11.54242197394518676 ) ) ;
#157 = CARTESIAN_POINT ( 'NONE',  ( 14.00000000000000000, -16.49876305844211544, 0.000000000000000000 ) ) ;
#158 = LOCAL_TIME ( 22, 24, 23.00000000000000000, #3029 ) ;
#159 = AXIS2_PLACEMENT_3D ( 'NONE', #740, #2929, #2272 ) ;
#160 = CARTESIAN_POINT ( 'NONE',  ( -12.69999999999996909, 16.16311978464833388, 8.868362600661534741E-14 ) ) ;
#161 = APPROVAL_PERSON_ORGANIZATION ( #4126, #1661, #865 ) ;
#162 = CARTESIAN_POINT ( 'NONE',  ( 12.82664718204931376, 11.72437500000001975, -5.312971222579575326 ) ) ;
#163 = ADVANCED_FACE ( 'NONE', ( #671, #8658 ), #1585, .T. ) ;
#164 = DIRECTION ( 'NONE',  ( -1.000000000000000000, -0.000000000000000000, -0.000000000000000000 ) ) ;
#165 = ORIENTED_EDGE ( 'NONE', *, *, #8050, .F. ) ;
#166 = CARTESIAN_POINT ( 'NONE',  ( -6.216747625905290064, -1.254181481906629925, 12.91142977813912829 ) ) ;
#167 = CARTESIAN_POINT ( 'NONE',  ( 12.44999999999999929, 8.647109035777110412E-16, -7.060900368822720985 ) ) ;
#168 = APPROVAL_ROLE ( '' ) ;
#169 = ORIENTED_EDGE ( 'NONE', *, *, #786, .F. ) ;
#170 = ORIENTED_EDGE ( 'NONE', *, *, #3, .T. ) ;
#171 = CARTESIAN_POINT ( 'NONE',  ( 1.180805343176903212E-13, 14.40250000000001229, 11.89999999999999858 ) ) ;
#172 = CARTESIAN_POINT ( 'NONE',  ( 5.000000000000000000, 8.248891971046782956, 4.762500000000000178 ) ) ;
#173 = CARTESIAN_POINT ( 'NONE',  ( -8.980256121069064790, 16.17563021535169554, 8.980256121069192687 ) ) ;
#174 = DIRECTION ( 'NONE',  ( 0.000000000000000000, 1.000000000000000000, 0.000000000000000000 ) ) ;
#175 = CARTESIAN_POINT ( 'NONE',  ( 9.069809202314353058, 18.15375000000000583, -9.069809202314482732 ) ) ;
#176 = ORIENTED_EDGE ( 'NONE', *, *, #2447, .F. ) ;
#177 = LINE ( 'NONE', #6272, #4145 ) ;
#178 = CYLINDRICAL_SURFACE ( 'NONE', #815, 11.89999999999999858 ) ;
#179 = ORIENTED_EDGE ( 'NONE', *, *, #8138, .F. ) ;
#180 = ORIENTED_EDGE ( 'NONE', *, *, #8654, .F. ) ;
#181 = AXIS2_PLACEMENT_3D ( 'NONE', #3626, #5633, #6299 ) ;
#182 = CARTESIAN_POINT ( 'NONE',  ( -3.174999999999999822, 0.000000000000000000, 13.00000000000000000 ) ) ;
#183 = CARTESIAN_POINT ( 'NONE',  ( -7.434591184897903968E-14, 15.03750000000001208, -11.89999999999999858 ) ) ;
#184 = EDGE_LOOP ( 'NONE', ( #6329, #4084, #258 ) ) ;
#185 = DIRECTION ( 'NONE',  ( 0.000000000000000000, 0.000000000000000000, 1.000000000000000000 ) ) ;
#186 = DIRECTION ( 'NONE',  ( -0.000000000000000000, 1.000000000000000000, -0.000000000000000000 ) ) ;
#187 = DATE_AND_TIME ( #6204, #715 ) ;
#188 = ORIENTED_EDGE ( 'NONE', *, *, #2993, .F. ) ;
#189 = CARTESIAN_POINT ( 'NONE',  ( -13.44999999999999929, 8.900000000000016342, -12.94999999999999218 ) ) ;
#190 = EDGE_CURVE ( 'NONE', #2033, #8303, #1207, .T. ) ;
#191 = DIRECTION ( 'NONE',  ( -1.000000000000000000, -0.000000000000000000, -0.000000000000000000 ) ) ;
#192 = EDGE_CURVE ( 'NONE', #1158, #8127, #5908, .T. ) ;
#193 = ORIENTED_EDGE ( 'NONE', *, *, #1608, .T. ) ;
#194 = CARTESIAN_POINT ( 'NONE',  ( 2.638711846039127451, 17.41039074689366473, 12.00977241848748456 ) ) ;
#195 = CARTESIAN_POINT ( 'NONE',  ( -13.44999999999999929, -10.69999999999999396, 12.94999999999999218 ) ) ;
#196 = CC_DESIGN_PERSON_AND_ORGANIZATION_ASSIGNMENT ( #8567, #2571, ( #942 ) ) ;
#197 = AXIS2_PLACEMENT_3D ( 'NONE', #5134, #5003, #1139 ) ;
#198 = CARTESIAN_POINT ( 'NONE',  ( -12.94999999999999218, -11.19999999999999929, 12.94999999999999218 ) ) ;
#199 = EDGE_CURVE ( 'NONE', #6800, #521, #4300, .T. ) ;
#200 = DIRECTION ( 'NONE',  ( 0.000000000000000000, 0.000000000000000000, -1.000000000000000000 ) ) ;
#201 = CARTESIAN_POINT ( 'NONE',  ( 5.312971222579579766, 11.40687500000002430, 12.82664718204931198 ) ) ;
#202 = CARTESIAN_POINT ( 'NONE',  ( 6.835616853894461720, 16.99999999999986855, -10.70347337207656757 ) ) ;
#203 = ORIENTED_EDGE ( 'NONE', *, *, #345, .F. ) ;
#204 = CARTESIAN_POINT ( 'NONE',  ( -12.56412585201708687, -2.009527318423362185, 9.246769250645106908 ) ) ;
#205 = EDGE_CURVE ( 'NONE', #5069, #5574, #3901, .T. ) ;
#206 = FACE_OUTER_BOUND ( 'NONE', #3210, .T. ) ;
#207 = DATE_AND_TIME ( #6882, #2129 ) ;
#208 = CIRCLE ( 'NONE', #6238, 9.525000000000000355 ) ;
#209 = CIRCLE ( 'NONE', #8467, 11.89999999999998970 ) ;
#210 = VERTEX_POINT ( 'NONE', #2387 ) ;
#211 = CARTESIAN_POINT ( 'NONE',  ( 12.94999999999999218, -11.19999999999999929, -12.94999999999999218 ) ) ;
#212 = AXIS2_PLACEMENT_3D ( 'NONE', #4509, #1659, #3677 ) ;
#213 = DIRECTION ( 'NONE',  ( -1.000000000000000000, -0.000000000000000000, -0.000000000000000000 ) ) ;
#214 = CARTESIAN_POINT ( 'NONE',  ( 8.980256121069064790, 16.81063021535169000, -8.980256121069192687 ) ) ;
#215 = DIRECTION ( 'NONE',  ( 0.000000000000000000, 0.000000000000000000, 1.000000000000000000 ) ) ;
#216 = ADVANCED_FACE ( 'NONE', ( #5184 ), #5100, .T. ) ;
#217 = CC_DESIGN_DATE_AND_TIME_ASSIGNMENT ( #6567, #3945, ( #6433 ) ) ;
#218 = CARTESIAN_POINT ( 'NONE',  ( -11.90000000000003233, 12.73562500000001663, -4.929141392239748676 ) ) ;
#219 = ORIENTED_EDGE ( 'NONE', *, *, #6957, .T. ) ;
#220 = CARTESIAN_POINT ( 'NONE',  ( 5.000000000000000000, -5.499261314031187453, 9.525000000000002132 ) ) ;
#221 = AXIS2_PLACEMENT_3D ( 'NONE', #5481, #249, #8277 ) ;
#222 = DIRECTION ( 'NONE',  ( 0.000000000000000000, -0.5150380749100547106, -0.8571673007021120005 ) ) ;
#223 = VECTOR ( 'NONE', #7093, 1000.000000000000000 ) ;
#224 = EDGE_LOOP ( 'NONE', ( #972, #586, #4096, #787 ) ) ;
#225 = ORIENTED_EDGE ( 'NONE', *, *, #6149, .F. ) ;
#226 = CARTESIAN_POINT ( 'NONE',  ( 8.049096687469857514, 11.59938906676269710, 9.701204759967236413 ) ) ;
#227 = CARTESIAN_POINT ( 'NONE',  ( -0.1483810604828579016, 1.042832680730699568, -2.050000000000001155 ) ) ;
#228 = ORIENTED_EDGE ( 'NONE', *, *, #8379, .T. ) ;
#229 = FACE_OUTER_BOUND ( 'NONE', #2383, .T. ) ;
#230 = DIRECTION ( 'NONE',  ( 0.000000000000000000, 0.000000000000000000, 1.000000000000000000 ) ) ;
#231 = DATE_AND_TIME ( #7654, #3389 ) ;
#232 = ADVANCED_FACE ( 'NONE', ( #6460, #490 ), #4487, .T. ) ;
#233 = ORIENTED_EDGE ( 'NONE', *, *, #3623, .T. ) ;
#234 = EDGE_CURVE ( 'NONE', #5189, #5228, #1066, .T. ) ;
#235 = CARTESIAN_POINT ( 'NONE',  ( 4.999999999999999112, 0.9122839195842820104, -9.524999999999996803 ) ) ;
#236 = VERTEX_POINT ( 'NONE', #5061 ) ;
#237 = FACE_OUTER_BOUND ( 'NONE', #3127, .T. ) ;
#238 = DIRECTION ( 'NONE',  ( 1.000000000000000000, 0.000000000000000000, 0.000000000000000000 ) ) ;
#239 = DIRECTION ( 'NONE',  ( -1.000000000000000000, -0.000000000000000000, -0.000000000000000000 ) ) ;
#240 = CARTESIAN_POINT ( 'NONE',  ( 11.90000000000003588, 18.65062500000000512, 4.929141392239745123 ) ) ;
#241 = ADVANCED_FACE ( 'NONE', ( #7163 ), #2710, .T. ) ;
#242 = CARTESIAN_POINT ( 'NONE',  ( 0.03610103003384568937, -9.165435523385312422, -3.174999999999998490 ) ) ;
#243 = VERTEX_POINT ( 'NONE', #7864 ) ;
#244 = FACE_OUTER_BOUND ( 'NONE', #6248, .T. ) ;
#245 = CARTESIAN_POINT ( 'NONE',  ( -12.69999999999996909, 12.35311978464833871, 8.868362600661534741E-14 ) ) ;
#246 = DATE_AND_TIME ( #8153, #2959 ) ;
#247 = AXIS2_PLACEMENT_3D ( 'NONE', #3134, #7826, #2476 ) ;
#248 = ADVANCED_FACE ( 'NONE', ( #3218 ), #7782, .T. ) ;
#249 = DIRECTION ( 'NONE',  ( -1.000000000000000000, -0.000000000000000000, -0.000000000000000000 ) ) ;
#250 = DIRECTION ( 'NONE',  ( 0.000000000000000000, 0.000000000000000000, 1.000000000000000000 ) ) ;
#251 = CARTESIAN_POINT ( 'NONE',  ( 9.069809202314353058, 20.69375000000000497, -9.069809202314482732 ) ) ;
#252 = DIRECTION ( 'NONE',  ( 8.775090700452169195E-16, 1.000000000000000000, 0.000000000000000000 ) ) ;
#253 = CARTESIAN_POINT ( 'NONE',  ( -9.069809202314482732, 19.74125000000000441, -9.069809202314353058 ) ) ;
#254 = ORIENTED_EDGE ( 'NONE', *, *, #5581, .F. ) ;
#255 = DIRECTION ( 'NONE',  ( 0.7071067811865369146, -0.7071067811865582309, 0.000000000000000000 ) ) ;
#256 = CARTESIAN_POINT ( 'NONE',  ( 0.000000000000000000, -16.49876305844211544, 0.000000000000000000 ) ) ;
#257 = CYLINDRICAL_SURFACE ( 'NONE', #850, 2.299999999999999822 ) ;
#258 = ORIENTED_EDGE ( 'NONE', *, *, #4453, .T. ) ;
#259 = ORIENTED_EDGE ( 'NONE', *, *, #7173, .F. ) ;
#260 =( BOUNDED_CURVE ( )  B_SPLINE_CURVE ( 2, ( #8266, #8072, #976, #3540, #3663, #4282, #935, #2307, #2350 ),
 .UNSPECIFIED., .F., .T. ) 
 B_SPLINE_CURVE_WITH_KNOTS ( ( 3, 2, 2, 2, 3 ),
 ( 0.9062500000000000000, 0.9218750000000000000, 0.9375000000000000000, 0.9531250000000000000, 0.9582622961099597214 ),
 .UNSPECIFIED. ) 
 CURVE ( )  GEOMETRIC_REPRESENTATION_ITEM ( )  RATIONAL_B_SPLINE_CURVE ( ( 1.000000000000000000, 0.9238795325112867385, 1.000000000000000000, 0.9238795325112867385, 1.000000000000000000, 0.9238795325112867385, 1.000000000000000000, 0.9749725835828426668, 0.9664025430379674653 ) ) 
 REPRESENTATION_ITEM ( '' )  );
#261 = CARTESIAN_POINT ( 'NONE',  ( 41.39999999999999858, 0.000000000000000000, 0.000000000000000000 ) ) ;
#262 = CARTESIAN_POINT ( 'NONE',  ( -13.79999999999999716, 0.000000000000000000, 0.000000000000000000 ) ) ;
#263 = VERTEX_POINT ( 'NONE', #3178 ) ;
#264 = DIRECTION ( 'NONE',  ( 0.000000000000000000, 0.000000000000000000, 1.000000000000000000 ) ) ;
#265 = CARTESIAN_POINT ( 'NONE',  ( -12.94999999999999218, -11.19999999999999929, -12.94999999999999218 ) ) ;
#266 = EDGE_CURVE ( 'NONE', #90, #3607, #6541, .T. ) ;
#267 = ORIENTED_EDGE ( 'NONE', *, *, #7392, .T. ) ;
#268 = APPROVAL_DATE_TIME ( #231, #4764 ) ;
#269 = CIRCLE ( 'NONE', #6164, 13.70000000000000107 ) ;
#270 = EDGE_LOOP ( 'NONE', ( #5828, #6221, #6733, #7108, #7609, #5126 ) ) ;
#271 = CIRCLE ( 'NONE', #542, 1.500000000000001332 ) ;
#272 = DIRECTION ( 'NONE',  ( 0.000000000000000000, 0.000000000000000000, 1.000000000000000000 ) ) ;
#273 = ORIENTED_EDGE ( 'NONE', *, *, #5860, .F. ) ;
#274 = CARTESIAN_POINT ( 'NONE',  ( -15.22582127265071783, 30.49999999999999645, -7.561373325877829288 ) ) ;
#275 =( LENGTH_UNIT ( ) NAMED_UNIT ( * ) SI_UNIT ( .MILLI., .METRE. ) );
#276 = CIRCLE ( 'NONE', #1979, 1.500000000000001332 ) ;
#277 = FACE_OUTER_BOUND ( 'NONE', #2910, .T. ) ;
#278 = CARTESIAN_POINT ( 'NONE',  ( 6.896048118916380254, 11.02892373052674202, -9.863916862364643379 ) ) ;
#279 = CARTESIAN_POINT ( 'NONE',  ( -11.89999999999999858, 15.55500000000001037, 8.309725586446653599E-14 ) ) ;
#280 = DIRECTION ( 'NONE',  ( -0.000000000000000000, 1.000000000000000000, -0.000000000000000000 ) ) ;
#281 = ORIENTED_EDGE ( 'NONE', *, *, #4130, .F. ) ;
#282 = CARTESIAN_POINT ( 'NONE',  ( 0.000000000000000000, 3.675000000000003375, 0.000000000000000000 ) ) ;
#283 = LOCAL_TIME ( 22, 24, 23.00000000000000000, #3312 ) ;
#284 = DIRECTION ( 'NONE',  ( 0.000000000000000000, 0.000000000000000000, 1.000000000000000000 ) ) ;
#285 = DATE_AND_TIME ( #984, #5203 ) ;
#286 = VECTOR ( 'NONE', #8152, 1000.000000000000000 ) ;
#287 = UNCERTAINTY_MEASURE_WITH_UNIT (LENGTH_MEASURE( 1.000000000000000082E-05 ), #5587, 'distance_accuracy_value', 'NONE');
#288 = SECURITY_CLASSIFICATION ( '', '', #2104 ) ;
#289 = ADVANCED_FACE ( 'NONE', ( #3833 ), #3699, .F. ) ;
#290 = CARTESIAN_POINT ( 'NONE',  ( -8.965523947390061453E-14, 17.57750000000000767, -11.89999999999999858 ) ) ;
#291 = TOROIDAL_SURFACE ( 'NONE', #5895, 14.59999999999999964, 0.3999999999999986899 ) ;
#292 = CARTESIAN_POINT ( 'NONE',  ( -3.513634653869334823, -16.11891868594209853, -14.47207278019404519 ) ) ;
#293 = EDGE_CURVE ( 'NONE', #5168, #2714, #3966, .T. ) ;
#294 = DIRECTION ( 'NONE',  ( 0.000000000000000000, 0.000000000000000000, 1.000000000000000000 ) ) ;
#295 = CARTESIAN_POINT ( 'NONE',  ( 9.564848863492874352E-15, 10.90000000000001101, 0.000000000000000000 ) ) ;
#296 = CARTESIAN_POINT ( 'NONE',  ( -12.82664718204931198, 14.89937500000001336, 5.312971222579581543 ) ) ;
#297 = ORIENTED_EDGE ( 'NONE', *, *, #5016, .F. ) ;
#298 = CARTESIAN_POINT ( 'NONE',  ( -14.29000000000000803, -2.009527318423362185, -6.257467538869046386 ) ) ;
#299 = DIRECTION ( 'NONE',  ( -0.000000000000000000, -1.000000000000000000, -0.000000000000000000 ) ) ;
#300 = DATE_AND_TIME ( #470, #5060 ) ;
#301 = LOCAL_TIME ( 22, 24, 23.00000000000000000, #380 ) ;
#302 = AXIS2_PLACEMENT_3D ( 'NONE', #813, #4772, #2094 ) ;
#303 = APPROVAL ( #4151, '未指定' ) ;
#304 = EDGE_LOOP ( 'NONE', ( #57, #4614 ) ) ;
#305 = ORIENTED_EDGE ( 'NONE', *, *, #2836, .F. ) ;
#306 = CARTESIAN_POINT ( 'NONE',  ( 34.40000000000000568, 10.99852262806237668, -1.634090867718481472E-15 ) ) ;
#307 = DIRECTION ( 'NONE',  ( -8.775090700452169195E-16, -1.000000000000000000, -0.000000000000000000 ) ) ;
#308 = CARTESIAN_POINT ( 'NONE',  ( 7.084828439437274916, 11.58727910419305296, 10.41177160952373981 ) ) ;
#309 = AXIS2_PLACEMENT_3D ( 'NONE', #4753, #2077, #1416 ) ;
#310 = EDGE_CURVE ( 'NONE', #624, #4113, #3789, .T. ) ;
#311 = CARTESIAN_POINT ( 'NONE',  ( -12.69999999999996909, 16.16311978464833388, 8.868362600661534741E-14 ) ) ;
#312 = ORIENTED_EDGE ( 'NONE', *, *, #7829, .T. ) ;
#313 = CARTESIAN_POINT ( 'NONE',  ( 2.619865889632927658, -15.92953782274725683, -14.98809041681920995 ) ) ;
#314 = CARTESIAN_POINT ( 'NONE',  ( -8.980256121069194464, 16.00436978464832904, -8.980256121069066566 ) ) ;
#315 = VECTOR ( 'NONE', #7999, 1000.000000000000114 ) ;
#316 = APPROVAL_STATUS ( 'not_yet_approved' ) ;
#317 = ORIENTED_EDGE ( 'NONE', *, *, #1242, .F. ) ;
#318 = FACE_OUTER_BOUND ( 'NONE', #2994, .T. ) ;
#319 = EDGE_CURVE ( 'NONE', #6145, #3418, #3574, .T. ) ;
#320 = ORIENTED_EDGE ( 'NONE', *, *, #1045, .T. ) ;
#321 = DIRECTION ( 'NONE',  ( 0.000000000000000000, 0.000000000000000000, 1.000000000000000000 ) ) ;
#322 = TOROIDAL_SURFACE ( 'NONE', #1730, 6.750000000000000888, 0.3999999999999988565 ) ;
#323 = EDGE_CURVE ( 'NONE', #7549, #1092, #5751, .T. ) ;
#324 = CARTESIAN_POINT ( 'NONE',  ( 1.411198324284514749, 1.029582330437466497, 1.492581830847414137 ) ) ;
#325 = DIRECTION ( 'NONE',  ( -0.000000000000000000, -1.000000000000000000, -0.000000000000000000 ) ) ;
#326 = CARTESIAN_POINT ( 'NONE',  ( -11.89999999999996305, 15.63437500000001101, 4.929141392239922759 ) ) ;
#327 = CARTESIAN_POINT ( 'NONE',  ( 14.29000000000000270, -16.44691975619578272, 1.045109900473981446 ) ) ;
#328 = ORIENTED_EDGE ( 'NONE', *, *, #7871, .T. ) ;
#329 = DIRECTION ( 'NONE',  ( -1.000000000000000000, -0.000000000000000000, -0.000000000000000000 ) ) ;
#330 = DIRECTION ( 'NONE',  ( -6.217248937900875838E-15, 0.000000000000000000, -1.000000000000000000 ) ) ;
#331 = TOROIDAL_SURFACE ( 'NONE', #8599, 13.70000000000000107, 0.2999999999999999889 ) ;
#332 = EDGE_CURVE ( 'NONE', #3774, #5545, #370, .T. ) ;
#333 = DIRECTION ( 'NONE',  ( -9.800697604388738773E-17, 1.000000000000000000, -0.000000000000000000 ) ) ;
#334 = CARTESIAN_POINT ( 'NONE',  ( -8.946127672407389414E-14, 11.88938021535170009, -12.69999999999996732 ) ) ;
#335 = CARTESIAN_POINT ( 'NONE',  ( 13.19999999999999396, 8.899999999999995026, 13.19999999999999751 ) ) ;
#336 = CARTESIAN_POINT ( 'NONE',  ( 0.000000000000000000, -2.009527318423362185, 0.000000000000000000 ) ) ;
#337 = CARTESIAN_POINT ( 'NONE',  ( -5.312971222579396802, 13.78812500000001506, 12.82664718204939014 ) ) ;
#338 = EDGE_LOOP ( 'NONE', ( #2919, #6116 ) ) ;
#339 = AXIS2_PLACEMENT_3D ( 'NONE', #3379, #1320, #6057 ) ;
#340 = DIRECTION ( 'NONE',  ( -1.224646799147353207E-16, -1.200239295062580156E-32, 1.000000000000000000 ) ) ;
#341 = CARTESIAN_POINT ( 'NONE',  ( 9.000000000000001776, -11.19999999999999929, -11.49999999999999822 ) ) ;
#342 = PERSON_AND_ORGANIZATION ( #129, #430 ) ;
#343 = VECTOR ( 'NONE', #913, 1000.000000000000000 ) ;
#344 = AXIS2_PLACEMENT_3D ( 'NONE', #7803, #1790, #7138 ) ;
#345 = EDGE_CURVE ( 'NONE', #8202, #6509, #3091, .T. ) ;
#346 = EDGE_LOOP ( 'NONE', ( #6853, #6691 ) ) ;
#347 = CARTESIAN_POINT ( 'NONE',  ( 0.000000000000000000, 0.000000000000000000, 0.000000000000000000 ) ) ;
#348 = LINE ( 'NONE', #5784, #6513 ) ;
#350 = CARTESIAN_POINT ( 'NONE',  ( -9.937090486140110812, 11.39188632989450589, 7.445959625980560048 ) ) ;
#349 = AXIS2_PLACEMENT_3D ( 'NONE', #925, #6821, #802 ) ;
#351 = DIRECTION ( 'NONE',  ( -0.8660254037844384856, 0.000000000000000000, 0.5000000000000002220 ) ) ;
#352 = CARTESIAN_POINT ( 'NONE',  ( 11.89999999999996483, 19.87937499999999957, -4.929141392239915653 ) ) ;
#353 = EDGE_LOOP ( 'NONE', ( #7536, #6180, #1629, #8408 ) ) ;
#354 = CARTESIAN_POINT ( 'NONE',  ( 13.44999999999999929, 19.99999999999999645, 12.94999999999999218 ) ) ;
#355 = LINE ( 'NONE', #2379, #1225 ) ;
#356 = EDGE_CURVE ( 'NONE', #8616, #4412, #5795, .T. ) ;
#357 = AXIS2_PLACEMENT_3D ( 'NONE', #94, #6186, #2903 ) ;
#358 = PERSON_AND_ORGANIZATION_ROLE ( 'design_supplier' ) ;
#359 = CIRCLE ( 'NONE', #2465, 14.00000000000000000 ) ;
#360 = ADVANCED_FACE ( 'NONE', ( #1020 ), #2852, .F. ) ;
#361 = CIRCLE ( 'NONE', #88, 15.59999999999999964 ) ;
#362 = EDGE_CURVE ( 'NONE', #4950, #7479, #3120, .T. ) ;
#363 = VERTEX_POINT ( 'NONE', #4717 ) ;
#364 = CARTESIAN_POINT ( 'NONE',  ( 15.22582127265072316, 34.29999999999999716, 10.56137332587783995 ) ) ;
#365 = EDGE_CURVE ( 'NONE', #2560, #8042, #1014, .T. ) ;
#366 = DIRECTION ( 'NONE',  ( 0.000000000000000000, 0.000000000000000000, 1.000000000000000000 ) ) ;
#367 = VECTOR ( 'NONE', #2817, 1000.000000000000000 ) ;
#368 = ORIENTED_EDGE ( 'NONE', *, *, #1329, .T. ) ;
#369 = CARTESIAN_POINT ( 'NONE',  ( 39.00000000000000000, 0.000000000000000000, 0.000000000000000000 ) ) ;
#370 = B_SPLINE_CURVE_WITH_KNOTS ( 'NONE', 3,
 ( #8431, #406, #8561, #7911, #8516, #4577 ),
 .UNSPECIFIED., .F., .F.,
 ( 4, 2, 4 ),
 ( 0.005499492254138859185, 0.008249122911154451593, 0.01099875356817004747 ),
 .UNSPECIFIED. ) ;
#371 = ADVANCED_FACE ( 'NONE', ( #1946 ), #4515, .T. ) ;
#372 = CC_DESIGN_PERSON_AND_ORGANIZATION_ASSIGNMENT ( #2980, #3683, ( #1384 ) ) ;
#373 = DIRECTION ( 'NONE',  ( 0.000000000000000000, 0.000000000000000000, 1.000000000000000000 ) ) ;
#374 = CARTESIAN_POINT ( 'NONE',  ( 9.465154838213875266, 10.99198351256331563, -7.406614495113798213 ) ) ;
#375 = CARTESIAN_POINT ( 'NONE',  ( 8.414570696119856308, 18.88875000000000171, -8.414570696119973547 ) ) ;
#376 = DIRECTION ( 'NONE',  ( 0.000000000000000000, 1.000000000000000000, 0.000000000000000000 ) ) ;
#377 = ORIENTED_EDGE ( 'NONE', *, *, #7940, .T. ) ;
#378 = DIRECTION ( 'NONE',  ( -1.000000000000000000, -0.000000000000000000, -0.000000000000000000 ) ) ;
#379 = CARTESIAN_POINT ( 'NONE',  ( 9.101657815899105072E-14, 13.94061978464833373, 12.69999999999996909 ) ) ;
#380 = COORDINATED_UNIVERSAL_TIME_OFFSET ( 8, 0, .AHEAD. ) ;
#381 = DIRECTION ( 'NONE',  ( -0.000000000000000000, 1.000000000000000000, 1.224646799147353207E-16 ) ) ;
#382 = FACE_OUTER_BOUND ( 'NONE', #4363, .T. ) ;
#383 = CARTESIAN_POINT ( 'NONE',  ( -12.82664718204939014, 19.82062500000000682, -5.312971222579394137 ) ) ;
#384 = DIRECTION ( 'NONE',  ( 0.000000000000000000, 0.000000000000000000, 1.000000000000000000 ) ) ;
#385 = CARTESIAN_POINT ( 'NONE',  ( 9.069809202314353058, 14.34375000000001599, -9.069809202314482732 ) ) ;
#386 = ORIENTED_EDGE ( 'NONE', *, *, #199, .F. ) ;
#387 = CARTESIAN_POINT ( 'NONE',  ( 34.40000000000000568, -5.499261314031191894, -9.524999999999995026 ) ) ;
#388 = CARTESIAN_POINT ( 'NONE',  ( -11.89999999999999858, 14.28500000000001258, 9.767055277432003124E-14 ) ) ;
#389 = AXIS2_PLACEMENT_3D ( 'NONE', #7874, #1907, #2574 ) ;
#390 = AXIS2_PLACEMENT_3D ( 'NONE', #7905, #1182, #7253 ) ;
#391 = DATE_AND_TIME ( #8325, #7591 ) ;
#392 = ORIENTED_EDGE ( 'NONE', *, *, #5339, .F. ) ;
#393 = ORIENTED_EDGE ( 'NONE', *, *, #3902, .F. ) ;
#394 = CARTESIAN_POINT ( 'NONE',  ( 1.239098530816317244E-13, 12.06250000000001776, 11.89999999999999858 ) ) ;
#395 = DIRECTION ( 'NONE',  ( 0.000000000000000000, 0.000000000000000000, 1.000000000000000000 ) ) ;
#396 = CARTESIAN_POINT ( 'NONE',  ( -4.307345621930689816, 11.46514918754630408, 11.70402492611734324 ) ) ;
#397 = CARTESIAN_POINT ( 'NONE',  ( 1.561966144680487038E-14, 17.80000000000001137, 0.000000000000000000 ) ) ;
#398 = CARTESIAN_POINT ( 'NONE',  ( 4.929141392239747788, 18.76812500000000128, -11.90000000000003233 ) ) ;
#399 = ORIENTED_EDGE ( 'NONE', *, *, #4453, .F. ) ;
#400 = DIRECTION ( 'NONE',  ( -1.000000000000000000, -0.000000000000000000, -0.000000000000000000 ) ) ;
#401 = DIRECTION ( 'NONE',  ( -0.000000000000000000, 1.000000000000000000, -0.000000000000000000 ) ) ;
#402 = ADVANCED_FACE ( 'NONE', ( #4011 ), #1447, .F. ) ;
#403 = ORIENTED_EDGE ( 'NONE', *, *, #5260, .F. ) ;
#404 = CARTESIAN_POINT ( 'NONE',  ( -12.94999999999999218, -11.19999999999999929, -12.94999999999999218 ) ) ;
#405 = EDGE_CURVE ( 'NONE', #6509, #7960, #7304, .T. ) ;
#406 = CARTESIAN_POINT ( 'NONE',  ( 1.111307226797640862E-15, -7.790620194877513782, 5.556250000000003020 ) ) ;
#407 = ADVANCED_FACE ( 'NONE', ( #4055, #4102 ), #1992, .T. ) ;
#408 = EDGE_LOOP ( 'NONE', ( #2641, #4799, #7817, #5620 ) ) ;
#409 = LINE ( 'NONE', #5063, #2018 ) ;
#410 =( NAMED_UNIT ( * ) PLANE_ANGLE_UNIT ( ) SI_UNIT ( $, .RADIAN. ) );
#411 = AXIS2_PLACEMENT_3D ( 'NONE', #479, #7060, #5699 ) ;
#412 = AXIS2_PLACEMENT_3D ( 'NONE', #4667, #8086, #3350 ) ;
#413 = CARTESIAN_POINT ( 'NONE',  ( 14.29000000000000448, -1.772990474325763621, 5.236092080348630162 ) ) ;
#414 = CARTESIAN_POINT ( 'NONE',  ( 5.209675419483176917, 11.05028497295908352, -10.89475104777451797 ) ) ;
#415 = AXIS2_PLACEMENT_3D ( 'NONE', #6559, #2533, #7181 ) ;
#416 = DIRECTION ( 'NONE',  ( 0.000000000000000000, 0.000000000000000000, 1.000000000000000000 ) ) ;
#417 = VERTEX_POINT ( 'NONE', #1420 ) ;
#418 = DIRECTION ( 'NONE',  ( 1.000000000000000000, -8.746504920891471725E-16, 0.000000000000000000 ) ) ;
#419 = CARTESIAN_POINT ( 'NONE',  ( 6.334670176221743887, 17.71396235928759921, -10.18418504397528679 ) ) ;
#420 = DATE_TIME_ROLE ( 'classification_date' ) ;
#421 = EDGE_CURVE ( 'NONE', #4707, #2527, #2120, .T. ) ;
#422 = DIRECTION ( 'NONE',  ( -1.000000000000000000, 0.000000000000000000, 0.000000000000000000 ) ) ;
#423 = CARTESIAN_POINT ( 'NONE',  ( 0.000000000000000000, 0.000000000000000000, 0.000000000000000000 ) ) ;
#424 = DIRECTION ( 'NONE',  ( 0.000000000000000000, 0.000000000000000000, -1.000000000000000000 ) ) ;
#425 = CARTESIAN_POINT ( 'NONE',  ( -15.22582127265071783, 33.79999999999998295, -5.061373325877829288 ) ) ;
#426 = CARTESIAN_POINT ( 'NONE',  ( 5.312971222579394137, 15.69312500000001265, -12.82664718204939014 ) ) ;
#427 = ORIENTED_EDGE ( 'NONE', *, *, #345, .T. ) ;
#428 = DIRECTION ( 'NONE',  ( -1.000000000000000000, -0.000000000000000000, -0.000000000000000000 ) ) ;
#429 = DATE_AND_TIME ( #6444, #2702 ) ;
#430 = ORGANIZATION ( '未指定', '未指定', '' ) ;
#431 = VECTOR ( 'NONE', #6225, 999.9999999999998863 ) ;
#432 = EDGE_LOOP ( 'NONE', ( #5714, #2413, #2938, #956 ) ) ;
#433 = FACE_OUTER_BOUND ( 'NONE', #3713, .T. ) ;
#434 = CARTESIAN_POINT ( 'NONE',  ( -14.28999999999999737, -1.581519537881995285, 4.198967141332520470 ) ) ;
#435 = EDGE_CURVE ( 'NONE', #7496, #4412, #7882, .T. ) ;
#436 = CARTESIAN_POINT ( 'NONE',  ( -11.95758307893039252, 11.34156146063483206, 3.156980998584057563 ) ) ;
#437 = DIRECTION ( 'NONE',  ( -1.000000000000000000, -0.000000000000000000, -0.000000000000000000 ) ) ;
#438 = DIRECTION ( 'NONE',  ( -1.000000000000000000, -0.000000000000000000, -0.000000000000000000 ) ) ;
#439 = ORIENTED_EDGE ( 'NONE', *, *, #4780, .F. ) ;
#440 = CYLINDRICAL_SURFACE ( 'NONE', #1894, 3.174999999999999822 ) ;
#441 = CC_DESIGN_SECURITY_CLASSIFICATION ( #5492, ( #8691 ) ) ;
#442 = CARTESIAN_POINT ( 'NONE',  ( 0.000000000000000000, 0.000000000000000000, 0.000000000000000000 ) ) ;
#443 =( GEOMETRIC_REPRESENTATION_CONTEXT ( 3 ) GLOBAL_UNCERTAINTY_ASSIGNED_CONTEXT ( ( #5636 ) ) GLOBAL_UNIT_ASSIGNED_CONTEXT ( ( #7121, #6292, #7787 ) ) REPRESENTATION_CONTEXT ( 'NONE', 'WORKASPACE' ) );
#444 = VERTEX_POINT ( 'NONE', #6636 ) ;
#445 = CARTESIAN_POINT ( 'NONE',  ( 9.000000000000001776, -10.80000000000000604, -6.500000000000000888 ) ) ;
#446 = DIRECTION ( 'NONE',  ( 0.000000000000000000, -0.7071067811865474617, -0.7071067811865474617 ) ) ;
#447 = VECTOR ( 'NONE', #4401, 1000.000000000000000 ) ;
#448 = DIRECTION ( 'NONE',  ( -1.000000000000000000, 8.195543980992796558E-16, 0.000000000000000000 ) ) ;
#449 = CARTESIAN_POINT ( 'NONE',  ( 0.000000000000000000, 3.888253587292852984E-16, -3.175000000000005596 ) ) ;
#450 = CARTESIAN_POINT ( 'NONE',  ( 0.000000000000000000, 0.000000000000000000, 0.000000000000000000 ) ) ;
#451 = EDGE_CURVE ( 'NONE', #8603, #822, #2567, .T. ) ;
#452 = FACE_OUTER_BOUND ( 'NONE', #7128, .T. ) ;
#453 = CARTESIAN_POINT ( 'NONE',  ( -8.980256121069192687, 15.85813021535169298, -8.980256121069064790 ) ) ;
#454 = AXIS2_PLACEMENT_3D ( 'NONE', #6793, #781, #7497 ) ;
#455 = DIRECTION ( 'NONE',  ( -1.000000000000000000, -0.000000000000000000, -0.000000000000000000 ) ) ;
#456 = EDGE_LOOP ( 'NONE', ( #7718, #34, #5793, #3877 ) ) ;
#457 = CARTESIAN_POINT ( 'NONE',  ( -15.22582127265071783, 34.29999999999999716, -7.561373325877829288 ) ) ;
#458 = DIRECTION ( 'NONE',  ( -0.000000000000000000, -0.000000000000000000, -1.000000000000000000 ) ) ;
#459 = APPROVAL ( #2219, '未指定' ) ;
#460 = ADVANCED_FACE ( 'NONE', ( #668, #2082, #3917 ), #4757, .F. ) ;
#461 = DIRECTION ( 'NONE',  ( 0.7071067811865435759, 0.7071067811865514585, 8.659560562354876159E-17 ) ) ;
#462 = DIRECTION ( 'NONE',  ( 0.000000000000000000, 0.000000000000000000, 1.000000000000000000 ) ) ;
#463 = CARTESIAN_POINT ( 'NONE',  ( 12.82664718204939192, 19.18562500000000171, 5.312971222579391473 ) ) ;
#464 = CARTESIAN_POINT ( 'NONE',  ( 33.49999999999999289, 0.000000000000000000, 0.000000000000000000 ) ) ;
#465 = EDGE_CURVE ( 'NONE', #263, #3422, #3351, .T. ) ;
#466 = CARTESIAN_POINT ( 'NONE',  ( 9.069809202314353058, 15.61375000000001378, -9.069809202314482732 ) ) ;
#467 = VERTEX_POINT ( 'NONE', #6726 ) ;
#468 = DIRECTION ( 'NONE',  ( 0.7071067811865474617, 4.903554850278087362E-15, -0.7071067811865474617 ) ) ;
#469 = CARTESIAN_POINT ( 'NONE',  ( -13.44999999999999929, -10.69999999999999396, -12.94999999999999218 ) ) ;
#470 = CALENDAR_DATE ( 2025, 13, 3 ) ;
#471 = APPLICATION_CONTEXT ( 'configuration controlled 3d designs of mechanical parts and assemblies' ) ;
#472 = ORIENTED_EDGE ( 'NONE', *, *, #1653, .T. ) ;
#473 = ORIENTED_EDGE ( 'NONE', *, *, #2257, .T. ) ;
#474 = DIRECTION ( 'NONE',  ( 0.000000000000000000, 0.000000000000000000, 1.000000000000000000 ) ) ;
#475 = ADVANCED_FACE ( 'NONE', ( #712 ), #760, .T. ) ;
#476 = CC_DESIGN_PERSON_AND_ORGANIZATION_ASSIGNMENT ( #4302, #1043, ( #4085 ) ) ;
#477 = CARTESIAN_POINT ( 'NONE',  ( -0.07285600568488280471, 1.042832680730700456, 2.050000000000000266 ) ) ;
#478 = AXIS2_PLACEMENT_3D ( 'NONE', #347, #1135, #4998 ) ;
#479 = CARTESIAN_POINT ( 'NONE',  ( 0.000000000000000000, 32.79999999999999716, 0.000000000000000000 ) ) ;
#480 = CARTESIAN_POINT ( 'NONE',  ( -10.02972735007080729, 17.09795983556018939, -7.638995802148660808 ) ) ;
#481 = FACE_BOUND ( 'NONE', #7657, .T. ) ;
#482 = ORIENTED_EDGE ( 'NONE', *, *, #5064, .T. ) ;
#483 = CARTESIAN_POINT ( 'NONE',  ( 8.073252374094716188, -16.44581851809336825, -11.83957626202013635 ) ) ;
#484 = VECTOR ( 'NONE', #6065, 1000.000000000000000 ) ;
#485 = CARTESIAN_POINT ( 'NONE',  ( 12.69999999999998508, -1.114436518957424246E-14, 0.000000000000000000 ) ) ;
#486 = VERTEX_POINT ( 'NONE', #2786 ) ;
#487 = AXIS2_PLACEMENT_3D ( 'NONE', #3742, #1806, #2422 ) ;
#488 = ORIENTED_EDGE ( 'NONE', *, *, #639, .T. ) ;
#489 = CARTESIAN_POINT ( 'NONE',  ( 34.40000000000000568, -5.499261314031186565, 9.525000000000002132 ) ) ;
#490 = FACE_BOUND ( 'NONE', #7935, .T. ) ;
#491 = ORIENTED_EDGE ( 'NONE', *, *, #4318, .F. ) ;
#492 = CARTESIAN_POINT ( 'NONE',  ( -6.999999999999999112, 0.000000000000000000, 2.299999999999999822 ) ) ;
#493 = VECTOR ( 'NONE', #4419, 1000.000000000000000 ) ;
#494 = PERSON_AND_ORGANIZATION ( #129, #430 ) ;
#495 = EDGE_CURVE ( 'NONE', #4722, #8683, #8126, .T. ) ;
#496 = CARTESIAN_POINT ( 'NONE',  ( 39.70000000000000284, -5.499261314031191894, -9.524999999999995026 ) ) ;
#497 = VECTOR ( 'NONE', #1302, 1000.000000000000000 ) ;
#498 = FACE_OUTER_BOUND ( 'NONE', #7921, .T. ) ;
#499 = AXIS2_PLACEMENT_3D ( 'NONE', #397, #5174, #8372 ) ;
#500 = DIRECTION ( 'NONE',  ( 0.000000000000000000, 0.000000000000000000, 1.000000000000000000 ) ) ;
#501 = EDGE_LOOP ( 'NONE', ( #3362, #328, #3179 ) ) ;
#502 = CARTESIAN_POINT ( 'NONE',  ( -4.929141392239690056, 11.98312500000002068, 11.90000000000005898 ) ) ;
#503 = DIRECTION ( 'NONE',  ( -1.000000000000000000, -0.000000000000000000, -0.000000000000000000 ) ) ;
#504 = LINE ( 'NONE', #3935, #4008 ) ;
#505 = EDGE_CURVE ( 'NONE', #8332, #2760, #2612, .T. ) ;
#506 = DIRECTION ( 'NONE',  ( 0.000000000000000000, 0.000000000000000000, -1.000000000000000000 ) ) ;
#507 = CARTESIAN_POINT ( 'NONE',  ( 12.82664718204939192, 17.91562500000000924, 5.312971222579391473 ) ) ;
#508 = DIRECTION ( 'NONE',  ( 1.000000000000000000, -8.746504920891471725E-16, 0.000000000000000000 ) ) ;
#509 = CARTESIAN_POINT ( 'NONE',  ( 9.069809202314353058, 11.80375000000002039, -9.069809202314482732 ) ) ;
#510 = ORIENTED_EDGE ( 'NONE', *, *, #835, .F. ) ;
#511 = CARTESIAN_POINT ( 'NONE',  ( 8.197108176188496742, 11.00546459109727238, 8.787269759175348582 ) ) ;
#512 = FACE_OUTER_BOUND ( 'NONE', #1332, .T. ) ;
#513 = APPROVAL_DATE_TIME ( #6617, #4142 ) ;
#514 = EDGE_CURVE ( 'NONE', #2911, #5877, #6339, .T. ) ;
#515 = ORIENTED_EDGE ( 'NONE', *, *, #6010, .F. ) ;
#516 = CARTESIAN_POINT ( 'NONE',  ( -15.22582127265071783, 33.79999999999998295, -10.06137332587782929 ) ) ;
#517 = CARTESIAN_POINT ( 'NONE',  ( 12.69999999999993179, 13.06749478464833913, -5.260512242138386085 ) ) ;
#518 = DIRECTION ( 'NONE',  ( -1.000000000000000000, -0.000000000000000000, -0.000000000000000000 ) ) ;
#519 = PLANE ( 'NONE',  #3731 ) ;
#520 = DIRECTION ( 'NONE',  ( 0.7071067811865487940, 0.7071067811865463515, -1.837086636568278853E-16 ) ) ;
#521 = VERTEX_POINT ( 'NONE', #6323 ) ;
#522 = CARTESIAN_POINT ( 'NONE',  ( 0.000000000000000000, 8.248891971046779403, -4.762500000000000178 ) ) ;
#523 = DIRECTION ( 'NONE',  ( 1.000000000000000000, -8.775090700452170181E-16, 0.000000000000000000 ) ) ;
#524 = EDGE_LOOP ( 'NONE', ( #2466, #2114, #6105, #1345 ) ) ;
#525 = ORIENTED_EDGE ( 'NONE', *, *, #4062, .F. ) ;
#526 = VECTOR ( 'NONE', #222, 1000.000000000000000 ) ;
#527 = DIRECTION ( 'NONE',  ( 1.000000000000000000, 1.231304080816852664E-16, -0.000000000000000000 ) ) ;
#528 = EDGE_CURVE ( 'NONE', #210, #444, #36, .T. ) ;
#529 = CARTESIAN_POINT ( 'NONE',  ( -13.99999999999999822, 17.80000000000000071, 13.44999999999999929 ) ) ;
#530 = ORIENTED_EDGE ( 'NONE', *, *, #1487, .T. ) ;
#531 = CARTESIAN_POINT ( 'NONE',  ( 8.414570696119856308, 15.07875000000001187, -8.414570696119973547 ) ) ;
#532 = ORIENTED_EDGE ( 'NONE', *, *, #5998, .F. ) ;
#533 = CARTESIAN_POINT ( 'NONE',  ( 0.000000000000000000, 0.000000000000000000, 8.600000000000001421 ) ) ;
#534 = ORIENTED_EDGE ( 'NONE', *, *, #3365, .F. ) ;
#535 = CARTESIAN_POINT ( 'NONE',  ( -29.61317938492169333, 8.641945085602486643, -1.734723475976807094E-15 ) ) ;
#536 = CARTESIAN_POINT ( 'NONE',  ( 4.605170801781708789, -5.499261314031187453, 9.525000000000002132 ) ) ;
#537 = VERTEX_POINT ( 'NONE', #6242 ) ;
#538 = LINE ( 'NONE', #1249, #1928 ) ;
#539 = ORIENTED_EDGE ( 'NONE', *, *, #4980, .T. ) ;
#540 = CARTESIAN_POINT ( 'NONE',  ( 0.3952250588359064176, 0.000000000000000000, 0.000000000000000000 ) ) ;
#541 = DIRECTION ( 'NONE',  ( -1.000000000000000000, 0.000000000000000000, 0.000000000000000000 ) ) ;
#542 = AXIS2_PLACEMENT_3D ( 'NONE', #4988, #5727, #6398 ) ;
#543 = AXIS2_PLACEMENT_3D ( 'NONE', #5229, #2512, #7028 ) ;
#544 = CARTESIAN_POINT ( 'NONE',  ( 5.695225058835894139, 0.000000000000000000, 11.00000000000000000 ) ) ;
#545 = VECTOR ( 'NONE', #3951, 1000.000000000000000 ) ;
#546 = DIRECTION ( 'NONE',  ( -1.000000000000000000, 0.000000000000000000, -0.000000000000000000 ) ) ;
#547 = CARTESIAN_POINT ( 'NONE',  ( 9.069809202314482732, 19.10625000000000639, 9.069809202314353058 ) ) ;
#548 = CARTESIAN_POINT ( 'NONE',  ( 5.000000000000000000, 0.000000000000000000, 9.525000000000002132 ) ) ;
#549 = FACE_OUTER_BOUND ( 'NONE', #408, .T. ) ;
#550 = ORIENTED_EDGE ( 'NONE', *, *, #3991, .F. ) ;
#551 = DIRECTION ( 'NONE',  ( -1.000000000000000000, -0.000000000000000000, -0.000000000000000000 ) ) ;
#552 = CARTESIAN_POINT ( 'NONE',  ( 40.20000000000001705, 0.000000000000000000, 0.000000000000000000 ) ) ;
#553 = APPROVAL_STATUS ( 'not_yet_approved' ) ;
#554 = ORIENTED_EDGE ( 'NONE', *, *, #3783, .T. ) ;
#555 = EDGE_CURVE ( 'NONE', #2510, #7747, #4936, .T. ) ;
#556 = VERTEX_POINT ( 'NONE', #882 ) ;
#557 = CARTESIAN_POINT ( 'NONE',  ( -12.69999999999996909, 14.89311978464833253, 8.868362600661534741E-14 ) ) ;
#558 = FACE_OUTER_BOUND ( 'NONE', #5792, .T. ) ;
#559 = AXIS2_PLACEMENT_3D ( 'NONE', #4381, #7187, #8411 ) ;
#560 = EDGE_CURVE ( 'NONE', #6537, #4580, #3606, .T. ) ;
#561 = DIRECTION ( 'NONE',  ( -0.000000000000000000, 1.000000000000000000, -0.000000000000000000 ) ) ;
#562 = CARTESIAN_POINT ( 'NONE',  ( 12.27635182233306921, 0.000000000000000000, 8.045708121834925564 ) ) ;
#563 = CARTESIAN_POINT ( 'NONE',  ( -4.929141392239914765, 17.65687500000000654, -11.89999999999996483 ) ) ;
#564 = ORIENTED_EDGE ( 'NONE', *, *, #4935, .T. ) ;
#565 = CARTESIAN_POINT ( 'NONE',  ( 34.40000000000000568, -5.499261314031191894, -9.524999999999995026 ) ) ;
#566 = PLANE ( 'NONE',  #309 ) ;
#567 = VERTEX_POINT ( 'NONE', #311 ) ;
#568 = LOCAL_TIME ( 22, 24, 23.00000000000000000, #4339 ) ;
#569 = VECTOR ( 'NONE', #2411, 1000.000000000000114 ) ;
#570 = B_SPLINE_CURVE_WITH_KNOTS ( 'NONE', 3,
 ( #1671, #4476, #3077, #5170, #3736, #1007, #2986, #5049, #2373, #6448, #4435, #6408, #7849, #4388, #477, #1051 ),
 .UNSPECIFIED., .F., .F.,
 ( 4, 2, 2, 2, 2, 2, 2, 4 ),
 ( 0.003495469467092874975, 0.003931723846959578675, 0.004367978226826283242, 0.005240486986559690641, 0.006112995746293098040, 0.006549250126159802607, 0.006767377316093154023, 0.006985504506026505439 ),
 .UNSPECIFIED. ) ;
#571 = ORIENTED_EDGE ( 'NONE', *, *, #2800, .F. ) ;
#572 = LINE ( 'NONE', #3301, #4067 ) ;
#573 = APPROVAL_PERSON_ORGANIZATION ( #2235, #5672, #2899 ) ;
#574 = CARTESIAN_POINT ( 'NONE',  ( 8.414570696119842097, 16.14875000000001037, -8.414570696119989535 ) ) ;
#575 = ORIENTED_EDGE ( 'NONE', *, *, #7615, .F. ) ;
#576 = CARTESIAN_POINT ( 'NONE',  ( 8.528325040094456217E-14, 10.79250000000001997, 11.89999999999999858 ) ) ;
#577 = CARTESIAN_POINT ( 'NONE',  ( 4.929141392239953845, 17.02187500000000853, 11.89999999999993108 ) ) ;
#578 = DIRECTION ( 'NONE',  ( 0.000000000000000000, -1.000000000000000000, 0.000000000000000000 ) ) ;
#579 = EDGE_LOOP ( 'NONE', ( #4636, #1027, #4669, #4216 ) ) ;
#580 = MECHANICAL_CONTEXT ( 'NONE', #8541, 'mechanical' ) ;
#581 = DIRECTION ( 'NONE',  ( 0.000000000000000000, -1.000000000000000000, 0.000000000000000000 ) ) ;
#582 = ORIENTED_EDGE ( 'NONE', *, *, #24, .T. ) ;
#583 = EDGE_CURVE ( 'NONE', #5358, #5545, #6942, .T. ) ;
#584 = ORIENTED_EDGE ( 'NONE', *, *, #7490, .F. ) ;
#585 = DIRECTION ( 'NONE',  ( 0.000000000000000000, 0.000000000000000000, 1.000000000000000000 ) ) ;
#586 = ORIENTED_EDGE ( 'NONE', *, *, #4062, .T. ) ;
#587 = DIRECTION ( 'NONE',  ( 0.000000000000000000, 0.000000000000000000, -1.000000000000000000 ) ) ;
#588 = DIRECTION ( 'NONE',  ( 0.000000000000000000, 0.000000000000000000, 1.000000000000000000 ) ) ;
#589 = VECTOR ( 'NONE', #2250, 1000.000000000000000 ) ;
#590 = EDGE_CURVE ( 'NONE', #7353, #2965, #2276, .T. ) ;
#591 = B_SPLINE_CURVE_WITH_KNOTS ( 'NONE', 3,
 ( #2185, #3457, #5386, #6875, #814, #4162 ),
 .UNSPECIFIED., .F., .F.,
 ( 4, 2, 4 ),
 ( 2.309401076763871681E-07, 0.002749861597123271547, 0.005499492254138863521 ),
 .UNSPECIFIED. ) ;
#592 =( BOUNDED_CURVE ( )  B_SPLINE_CURVE ( 2, ( #7297, #3869, #5973, #3252, #8646, #705, #6579 ),
 .UNSPECIFIED., .F., .T. ) 
 B_SPLINE_CURVE_WITH_KNOTS ( ( 3, 2, 2, 3 ),
 ( 0.9062500000000000000, 0.9218750000000000000, 0.9375000000000000000, 0.9385493788140271132 ),
 .UNSPECIFIED. ) 
 CURVE ( )  GEOMETRIC_REPRESENTATION_ITEM ( )  RATIONAL_B_SPLINE_CURVE ( ( 1.000000000000000000, 0.9238795325112867385, 1.000000000000000000, 0.9238795325112867385, 1.000000000000000000, 0.9948877308226242722, 0.9904621441369403367 ) ) 
 REPRESENTATION_ITEM ( '' )  );
#593 = CARTESIAN_POINT ( 'NONE',  ( -11.99999999999997868, 9.400000000000023448, 1.469576158976822369E-15 ) ) ;
#594 = CARTESIAN_POINT ( 'NONE',  ( 0.000000000000000000, -1.201236941557884519, 14.00000000000000000 ) ) ;
#595 = CARTESIAN_POINT ( 'NONE',  ( 5.312971222579579766, 15.21687500000001414, 12.82664718204931198 ) ) ;
#596 = CARTESIAN_POINT ( 'NONE',  ( 8.980256121069066566, 16.95686978464832961, -8.980256121069194464 ) ) ;
#597 = CARTESIAN_POINT ( 'NONE',  ( -13.99999999999999822, 4.349899922066655192E-16, 3.399999999999999911 ) ) ;
#598 = VERTEX_POINT ( 'NONE', #5653 ) ;
#599 = CARTESIAN_POINT ( 'NONE',  ( 12.39686533479527064, 11.39686533479527064, -1.377380915777456371E-11 ) ) ;
#600 = CARTESIAN_POINT ( 'NONE',  ( -12.27635182233307987, 0.000000000000000000, 0.000000000000000000 ) ) ;
#601 = SECURITY_CLASSIFICATION_LEVEL ( 'unclassified' ) ;
#602 = CONICAL_SURFACE ( 'NONE', #1459, 5.199999999999998401, 0.04252753461978405619 ) ;
#603 = EDGE_CURVE ( 'NONE', #2527, #3969, #4860, .T. ) ;
#604 = EDGE_CURVE ( 'NONE', #5368, #2160, #5626, .T. ) ;
#605 = VERTEX_POINT ( 'NONE', #2163 ) ;
#606 = ORIENTED_EDGE ( 'NONE', *, *, #7674, .F. ) ;
#607 = DIRECTION ( 'NONE',  ( 0.000000000000000000, 0.000000000000000000, 1.000000000000000000 ) ) ;
#608 = CARTESIAN_POINT ( 'NONE',  ( 12.69999999999996732, 12.84188021535169888, -9.023892744153245350E-14 ) ) ;
#609 = DIRECTION ( 'NONE',  ( 0.000000000000000000, 0.000000000000000000, 1.000000000000000000 ) ) ;
#610 = DIRECTION ( 'NONE',  ( 0.000000000000000000, 0.000000000000000000, 1.000000000000000000 ) ) ;
#611 = CARTESIAN_POINT ( 'NONE',  ( 8.414570696119856308, 17.41875000000000639, -8.414570696119973547 ) ) ;
#612 = ORIENTED_EDGE ( 'NONE', *, *, #8257, .T. ) ;
#613 = DIRECTION ( 'NONE',  ( 0.000000000000000000, 1.000000000000000000, -3.154466349054399263E-16 ) ) ;
#614 = CARTESIAN_POINT ( 'NONE',  ( 13.99999999999999822, 0.000000000000000000, 0.000000000000000000 ) ) ;
#615 = EDGE_CURVE ( 'NONE', #3655, #1392, #3404, .T. ) ;
#616 = ORIENTED_EDGE ( 'NONE', *, *, #2159, .T. ) ;
#617 = CARTESIAN_POINT ( 'NONE',  ( -14.00000000000000178, 17.80000000000000071, -13.44999999999999929 ) ) ;
#618 = ADVANCED_FACE ( 'NONE', ( #5577 ), #2213, .F. ) ;
#619 = CARTESIAN_POINT ( 'NONE',  ( -9.000000000000001776, -11.19999999999999929, 9.000000000000000000 ) ) ;
#620 = ORIENTED_EDGE ( 'NONE', *, *, #7025, .T. ) ;
#621 = DIRECTION ( 'NONE',  ( 0.000000000000000000, 0.000000000000000000, 1.000000000000000000 ) ) ;
#622 = CARTESIAN_POINT ( 'NONE',  ( 8.980256121069064790, 14.27063021535169440, -8.980256121069192687 ) ) ;
#623 = DIRECTION ( 'NONE',  ( 0.000000000000000000, 0.000000000000000000, 1.000000000000000000 ) ) ;
#624 = VERTEX_POINT ( 'NONE', #6856 ) ;
#625 = VECTOR ( 'NONE', #8297, 1000.000000000000000 ) ;
#626 = PERSON_AND_ORGANIZATION ( #129, #430 ) ;
#627 = EDGE_CURVE ( 'NONE', #5163, #1297, #840, .T. ) ;
#628 = AXIS2_PLACEMENT_3D ( 'NONE', #4612, #3387, #7950 ) ;
#629 = ADVANCED_FACE ( 'NONE', ( #481, #7197 ), #1178, .F. ) ;
#630 = CIRCLE ( 'NONE', #1616, 5.949999999999996625 ) ;
#631 = DIRECTION ( 'NONE',  ( 0.000000000000000000, 0.000000000000000000, 1.000000000000000000 ) ) ;
#632 = VERTEX_POINT ( 'NONE', #3740 ) ;
#633 = CARTESIAN_POINT ( 'NONE',  ( 0.000000000000000000, -17.39999999999999858, 14.00000000000000000 ) ) ;
#634 = AXIS2_PLACEMENT_3D ( 'NONE', #3720, #4329, #7675 ) ;
#635 = CARTESIAN_POINT ( 'NONE',  ( -9.000000000000001776, -10.80000000000000604, 9.000000000000000000 ) ) ;
#636 = ORIENTED_EDGE ( 'NONE', *, *, #6811, .F. ) ;
#637 = FACE_OUTER_BOUND ( 'NONE', #2038, .T. ) ;
#638 = CARTESIAN_POINT ( 'NONE',  ( -13.79999999999999893, -3.851286324154184305E-15, 0.000000000000000000 ) ) ;
#639 = EDGE_CURVE ( 'NONE', #7301, #6542, #6532, .T. ) ;
#640 = CC_DESIGN_DATE_AND_TIME_ASSIGNMENT ( #4867, #2442, ( #5893 ) ) ;
#641 = AXIS2_PLACEMENT_3D ( 'NONE', #1396, #239, #8227 ) ;
#642 = AXIS2_PLACEMENT_3D ( 'NONE', #5423, #2796, #3407 ) ;
#643 = CARTESIAN_POINT ( 'NONE',  ( 12.94999999999999218, -10.69999999999999041, 13.44999999999999929 ) ) ;
#644 = DIRECTION ( 'NONE',  ( 0.000000000000000000, 1.000000000000000000, 0.000000000000000000 ) ) ;
#645 = CARTESIAN_POINT ( 'NONE',  ( -12.82664718204935106, 18.63000000000000611, 8.956799855210031952E-14 ) ) ;
#646 = CARTESIAN_POINT ( 'NONE',  ( 4.605170801781708789, 5.499261314031190118, 9.525000000000002132 ) ) ;
#647 = EDGE_CURVE ( 'NONE', #1514, #8521, #7771, .T. ) ;
#648 = CARTESIAN_POINT ( 'NONE',  ( 5.312971222579579766, 12.67687500000001677, 12.82664718204931198 ) ) ;
#649 = VERTEX_POINT ( 'NONE', #3126 ) ;
#650 = CARTESIAN_POINT ( 'NONE',  ( 0.000000000000000000, 17.80000000000000071, 0.000000000000000000 ) ) ;
#651 = DIRECTION ( 'NONE',  ( 0.000000000000000000, 0.000000000000000000, -1.000000000000000000 ) ) ;
#652 = AXIS2_PLACEMENT_3D ( 'NONE', #6269, #6233, #215 ) ;
#653 = PERSON_AND_ORGANIZATION ( #129, #430 ) ;
#654 =( BOUNDED_CURVE ( )  B_SPLINE_CURVE ( 2, ( #1321, #1933, #4564, #2549, #4607, #1882, #4703, #3337, #5360 ),
 .UNSPECIFIED., .F., .F. ) 
 B_SPLINE_CURVE_WITH_KNOTS ( ( 3, 2, 2, 2, 3 ),
 ( 0.5000000000000001110, 0.5156250000000000000, 0.5312500000000000000, 0.5468750000000000000, 0.5624999999999998890 ),
 .UNSPECIFIED. ) 
 CURVE ( )  GEOMETRIC_REPRESENTATION_ITEM ( )  RATIONAL_B_SPLINE_CURVE ( ( 0.9999999999999994449, 0.9238795325112872936, 1.000000000000000000, 0.9238795325112867385, 1.000000000000000000, 0.9238795325112867385, 1.000000000000000000, 0.9238795325112872936, 0.9999999999999994449 ) ) 
 REPRESENTATION_ITEM ( '' )  );
#655 = EDGE_LOOP ( 'NONE', ( #924, #1433, #3930 ) ) ;
#656 = EDGE_LOOP ( 'NONE', ( #5922, #3304 ) ) ;
#657 = DIRECTION ( 'NONE',  ( 0.000000000000000000, -1.000000000000000000, 1.224646799147353454E-16 ) ) ;
#658 = DIRECTION ( 'NONE',  ( 0.000000000000000000, 0.000000000000000000, 1.000000000000000000 ) ) ;
#659 = LINE ( 'NONE', #7465, #3737 ) ;
#660 = CARTESIAN_POINT ( 'NONE',  ( -11.89999999999996305, 17.97437500000000909, 4.929141392239922759 ) ) ;
#661 = EDGE_LOOP ( 'NONE', ( #1445, #1531, #4425, #7014 ) ) ;
#662 = CARTESIAN_POINT ( 'NONE',  ( 0.3948291982182982052, 5.499261314031189229, -9.524999999999996803 ) ) ;
#663 = CYLINDRICAL_SURFACE ( 'NONE', #6338, 14.00000000000000000 ) ;
#664 = ORIENTED_EDGE ( 'NONE', *, *, #3103, .F. ) ;
#665 = TOROIDAL_SURFACE ( 'NONE', #4040, 6.750000000000000888, 0.3999999999999988565 ) ;
#666 = DIRECTION ( 'NONE',  ( 0.7071067811865487940, 0.7071067811865463515, 1.837086636568278853E-16 ) ) ;
#667 = EDGE_CURVE ( 'NONE', #3039, #8188, #3908, .T. ) ;
#668 = FACE_BOUND ( 'NONE', #4001, .T. ) ;
#669 = EDGE_LOOP ( 'NONE', ( #1073, #1598, #8396, #680 ) ) ;
#670 = DIRECTION ( 'NONE',  ( 0.000000000000000000, 0.000000000000000000, 1.000000000000000000 ) ) ;
#671 = FACE_BOUND ( 'NONE', #2343, .T. ) ;
#672 = CARTESIAN_POINT ( 'NONE',  ( -6.255353054409848568, -16.43104480127816913, 12.88914092359983243 ) ) ;
#673 = ORIENTED_EDGE ( 'NONE', *, *, #889, .F. ) ;
#674 = PERSON_AND_ORGANIZATION_ROLE ( 'design_supplier' ) ;
#675 = AXIS2_PLACEMENT_3D ( 'NONE', #7219, #3882, #373 ) ;
#676 = EDGE_CURVE ( 'NONE', #8283, #4412, #6231, .T. ) ;
#677 = CARTESIAN_POINT ( 'NONE',  ( 43.60000000000000142, 1.102182119232617911E-15, -9.000000000000001776 ) ) ;
#678 = EDGE_LOOP ( 'NONE', ( #4455, #3477, #2052, #2292 ) ) ;
#680 = ORIENTED_EDGE ( 'NONE', *, *, #6053, .T. ) ;
#679 = FACE_OUTER_BOUND ( 'NONE', #3203, .T. ) ;
#681 = ORIENTED_EDGE ( 'NONE', *, *, #8391, .T. ) ;
#682 = CARTESIAN_POINT ( 'NONE',  ( 4.605170801781708789, 10.99852262806237313, 1.822090932982379196E-15 ) ) ;
#683 = DIRECTION ( 'NONE',  ( -0.000000000000000000, -1.000000000000000000, -0.000000000000000000 ) ) ;
#684 = EDGE_CURVE ( 'NONE', #8542, #4950, #6644, .T. ) ;
#685 = CARTESIAN_POINT ( 'NONE',  ( 40.99999999999999289, 0.000000000000000000, 0.000000000000000000 ) ) ;
#686 = CARTESIAN_POINT ( 'NONE',  ( 13.44999999999999929, 9.400000000000000355, -12.94999999999999218 ) ) ;
#687 = CARTESIAN_POINT ( 'NONE',  ( -4.929141392239751340, 19.60312500000000213, 11.90000000000003233 ) ) ;
#688 = CARTESIAN_POINT ( 'NONE',  ( 0.9882171148356817536, 1.075168787113923941, -1.800868563989184601 ) ) ;
#689 = CARTESIAN_POINT ( 'NONE',  ( -12.44999999999999929, 0.000000000000000000, 0.000000000000000000 ) ) ;
#690 = ORIENTED_EDGE ( 'NONE', *, *, #4720, .F. ) ;
#691 = CARTESIAN_POINT ( 'NONE',  ( 6.002643781541124213, 10.90000000000000213, 10.27512859442283144 ) ) ;
#692 = DIRECTION ( 'NONE',  ( -1.000000000000000000, -0.000000000000000000, -0.000000000000000000 ) ) ;
#693 = CALENDAR_DATE ( 2025, 13, 3 ) ;
#694 = EDGE_CURVE ( 'NONE', #537, #3224, #3568, .T. ) ;
#695 = AXIS2_PLACEMENT_3D ( 'NONE', #7422, #1410, #4089 ) ;
#696 = ORIENTED_EDGE ( 'NONE', *, *, #1111, .T. ) ;
#697 = ORIENTED_EDGE ( 'NONE', *, *, #1364, .F. ) ;
#698 = DIRECTION ( 'NONE',  ( 0.2588190451025215166, 0.000000000000000000, -0.9659258262890679791 ) ) ;
#699 = DIRECTION ( 'NONE',  ( 0.000000000000000000, 0.000000000000000000, -1.000000000000000000 ) ) ;
#700 = CARTESIAN_POINT ( 'NONE',  ( 0.000000000000000000, 1.500000000000000222, 0.000000000000000000 ) ) ;
#701 = FACE_OUTER_BOUND ( 'NONE', #6521, .T. ) ;
#702 = CARTESIAN_POINT ( 'NONE',  ( 11.89999999999994529, 12.45937500000001918, -4.929141392239959174 ) ) ;
#703 = CARTESIAN_POINT ( 'NONE',  ( 4.929141392239922759, 18.29187500000000455, 11.89999999999996305 ) ) ;
#704 = ORIENTED_EDGE ( 'NONE', *, *, #6650, .T. ) ;
#705 = CARTESIAN_POINT ( 'NONE',  ( 11.90000000000000036, 10.90504963438918828, 0.3074148288386006067 ) ) ;
#706 = FACE_OUTER_BOUND ( 'NONE', #7822, .T. ) ;
#707 = ORIENTED_EDGE ( 'NONE', *, *, #1109, .T. ) ;
#708 = AXIS2_PLACEMENT_3D ( 'NONE', #4241, #2762, #6082 ) ;
#709 = EDGE_CURVE ( 'NONE', #8638, #5228, #1328, .T. ) ;
#710 = ORIENTED_EDGE ( 'NONE', *, *, #6568, .F. ) ;
#711 = CARTESIAN_POINT ( 'NONE',  ( 13.19999999999999751, -10.94999999999999574, 12.94999999999999218 ) ) ;
#712 = FACE_OUTER_BOUND ( 'NONE', #3550, .T. ) ;
#713 = ORIENTED_EDGE ( 'NONE', *, *, #6317, .T. ) ;
#714 = CARTESIAN_POINT ( 'NONE',  ( 4.929141392239922759, 12.14187500000001663, 11.89999999999996305 ) ) ;
#715 = LOCAL_TIME ( 22, 24, 23.00000000000000000, #3530 ) ;
#716 = CARTESIAN_POINT ( 'NONE',  ( -6.710680523104180395, -16.44727708890599516, 12.62625748697973194 ) ) ;
#717 = AXIS2_PLACEMENT_3D ( 'NONE', #8477, #8566, #2617 ) ;
#718 = ORIENTED_EDGE ( 'NONE', *, *, #2287, .F. ) ;
#719 = PERSON_AND_ORGANIZATION_ROLE ( 'classification_officer' ) ;
#721 = ORIENTED_EDGE ( 'NONE', *, *, #8373, .T. ) ;
#720 = PRODUCT_DEFINITION_FORMATION_WITH_SPECIFIED_SOURCE ( '任何', '', #2645, .NOT_KNOWN. ) ;
#722 = CIRCLE ( 'NONE', #7164, 11.00000000000000000 ) ;
#723 = CARTESIAN_POINT ( 'NONE',  ( -9.802206103296970952, 17.73000479068195290, -6.883474906733771270 ) ) ;
#724 = ORIENTED_EDGE ( 'NONE', *, *, #6577, .T. ) ;
#725 = CARTESIAN_POINT ( 'NONE',  ( -8.965523947390061453E-14, 17.77750000000000341, -11.89999999999999858 ) ) ;
#726 = EDGE_LOOP ( 'NONE', ( #179, #7474, #7557, #1799 ) ) ;
#727 = CARTESIAN_POINT ( 'NONE',  ( 8.838059666209966636, 17.48662460811258157, 8.438975225855159579 ) ) ;
#728 = AXIS2_PLACEMENT_3D ( 'NONE', #3924, #6642, #4677 ) ;
#729 = ADVANCED_FACE ( 'NONE', ( #1761 ), #1155, .F. ) ;
#730 = AXIS2_PLACEMENT_3D ( 'NONE', #6721, #2604, #2740 ) ;
#731 = DIRECTION ( 'NONE',  ( 1.000000000000000000, 0.000000000000000000, 0.000000000000000000 ) ) ;
#732 = DIRECTION ( 'NONE',  ( 0.000000000000000000, 0.000000000000000000, -1.000000000000000000 ) ) ;
#733 = CARTESIAN_POINT ( 'NONE',  ( -12.82664718204935106, 13.55000000000001670, 8.956799855210031952E-14 ) ) ;
#734 = DIRECTION ( 'NONE',  ( -1.000000000000000000, -0.000000000000000000, -0.000000000000000000 ) ) ;
#735 = CC_DESIGN_PERSON_AND_ORGANIZATION_ASSIGNMENT ( #7438, #719, ( #2534 ) ) ;
#736 = FACE_OUTER_BOUND ( 'NONE', #1733, .T. ) ;
#737 = ORIENTED_EDGE ( 'NONE', *, *, #4099, .T. ) ;
#738 = DIRECTION ( 'NONE',  ( 1.000000000000000000, -9.376883653928700429E-16, 0.000000000000000000 ) ) ;
#739 = AXIS2_PLACEMENT_3D ( 'NONE', #6501, #2513, #2122 ) ;
#740 = CARTESIAN_POINT ( 'NONE',  ( 0.000000000000000000, 0.000000000000000000, 0.000000000000000000 ) ) ;
#741 = EDGE_CURVE ( 'NONE', #1514, #5433, #2301, .T. ) ;
#742 = ORIENTED_EDGE ( 'NONE', *, *, #4918, .T. ) ;
#743 = EDGE_LOOP ( 'NONE', ( #3115, #866 ) ) ;
#744 = EDGE_CURVE ( 'NONE', #3655, #8071, #6363, .T. ) ;
#745 = CARTESIAN_POINT ( 'NONE',  ( 0.000000000000000000, 34.29999999999999716, -20.24999999999999645 ) ) ;
#746 = DIRECTION ( 'NONE',  ( -8.775090700452169195E-16, -1.000000000000000000, -0.000000000000000000 ) ) ;
#747 = PRODUCT_DEFINITION_SHAPE ( 'NONE', 'NONE',  #8687 ) ;
#748 = CARTESIAN_POINT ( 'NONE',  ( 0.09052260165510445100, 1.046603324151595960, -2.048078560182361230 ) ) ;
#749 = CARTESIAN_POINT ( 'NONE',  ( 1.239098530816317244E-13, 12.06250000000001776, 11.89999999999999858 ) ) ;
#750 = CARTESIAN_POINT ( 'NONE',  ( -4.929141392239751340, 18.13312500000000682, 11.90000000000003233 ) ) ;
#751 = ORIENTED_EDGE ( 'NONE', *, *, #8364, .T. ) ;
#752 = CARTESIAN_POINT ( 'NONE',  ( 5.260512242138389638, 15.28999478464833039, 12.69999999999992824 ) ) ;
#753 = CONICAL_SURFACE ( 'NONE', #8038, 5.199999999999998401, 0.04252753461978405619 ) ;
#754 = CARTESIAN_POINT ( 'NONE',  ( 15.22582127265072316, 30.49999999999999645, 5.061373325877829288 ) ) ;
#755 = ADVANCED_BREP_SHAPE_REPRESENTATION ( '', ( #2206, #5757 ), #1576 ) ;
#756 = ADVANCED_FACE ( 'NONE', ( #549 ), #1032, .F. ) ;
#757 = CC_DESIGN_PERSON_AND_ORGANIZATION_ASSIGNMENT ( #3159, #6975, ( #2696 ) ) ;
#758 = ORIENTED_EDGE ( 'NONE', *, *, #4418, .T. ) ;
#759 = CARTESIAN_POINT ( 'NONE',  ( -8.414570696120009075, 12.85625000000001705, -8.414570696119820781 ) ) ;
#760 = CYLINDRICAL_SURFACE ( 'NONE', #6770, 11.00000000000000000 ) ;
#761 = ORIENTED_EDGE ( 'NONE', *, *, #6664, .T. ) ;
#762 = CARTESIAN_POINT ( 'NONE',  ( 12.69999999999996732, 15.38188021535169447, -9.023892744153245350E-14 ) ) ;
#763 = FACE_OUTER_BOUND ( 'NONE', #780, .T. ) ;
#764 = TOROIDAL_SURFACE ( 'NONE', #5648, 8.200000000000001066, 0.3999999999999984679 ) ;
#765 = APPLICATION_PROTOCOL_DEFINITION ( 'international standard', 'config_control_design', 1994, #26 ) ;
#766 = VERTEX_POINT ( 'NONE', #2537 ) ;
#767 = CARTESIAN_POINT ( 'NONE',  ( 1.122512155537489559E-13, 17.14250000000000895, 11.89999999999999858 ) ) ;
#768 = DIRECTION ( 'NONE',  ( -3.552713678800500929E-15, 0.000000000000000000, 1.000000000000000000 ) ) ;
#769 = AXIS2_PLACEMENT_3D ( 'NONE', #857, #8226, #896 ) ;
#770 = ORIENTED_EDGE ( 'NONE', *, *, #1277, .F. ) ;
#771 = CARTESIAN_POINT ( 'NONE',  ( 0.1083897543756196236, 0.3304673161057424813, 0.000000000000000000 ) ) ;
#772 = VECTOR ( 'NONE', #5916, 1000.000000000000000 ) ;
#773 = DIRECTION ( 'NONE',  ( 0.000000000000000000, 0.000000000000000000, 1.000000000000000000 ) ) ;
#774 = AXIS2_PLACEMENT_3D ( 'NONE', #6045, #2723, #8063 ) ;
#775 = VECTOR ( 'NONE', #4228, 1000.000000000000000 ) ;
#776 = DIRECTION ( 'NONE',  ( 0.8660254037844385966, 0.000000000000000000, 0.5000000000000001110 ) ) ;
#777 = CARTESIAN_POINT ( 'NONE',  ( 9.192421541439368808E-14, 13.86750000000001570, 12.82664718204935106 ) ) ;
#778 = CYLINDRICAL_SURFACE ( 'NONE', #7907, 12.69999999999998508 ) ;
#780 = EDGE_LOOP ( 'NONE', ( #2326, #2741, #5145, #4933 ) ) ;
#779 = CONICAL_SURFACE ( 'NONE', #5670, 11.00000000000000000, 1.308996938995753867 ) ;
#781 = DIRECTION ( 'NONE',  ( -0.000000000000000000, -1.000000000000000000, -0.000000000000000000 ) ) ;
#782 = CARTESIAN_POINT ( 'NONE',  ( 12.94999999999999218, 9.400000000000000355, 12.94999999999999218 ) ) ;
#783 = DATE_AND_TIME ( #2856, #8425 ) ;
#784 = AXIS2_PLACEMENT_3D ( 'NONE', #6843, #6099, #8238 ) ;
#785 = AXIS2_PLACEMENT_3D ( 'NONE', #3929, #3185, #5842 ) ;
#786 = EDGE_CURVE ( 'NONE', #4223, #6588, #2589, .T. ) ;
#787 = ORIENTED_EDGE ( 'NONE', *, *, #974, .F. ) ;
#788 = ORIENTED_EDGE ( 'NONE', *, *, #8345, .F. ) ;
#789 = FACE_BOUND ( 'NONE', #3515, .T. ) ;
#790 = DIRECTION ( 'NONE',  ( 0.000000000000000000, 1.000000000000000000, 0.000000000000000000 ) ) ;
#791 = CARTESIAN_POINT ( 'NONE',  ( 33.89999999999999858, 7.776507174585691177E-16, -6.349999999999997868 ) ) ;
#792 = CYLINDRICAL_SURFACE ( 'NONE', #96, 11.89999999999999858 ) ;
#793 = AXIS2_PLACEMENT_3D ( 'NONE', #2904, #827, #3471 ) ;
#794 = CARTESIAN_POINT ( 'NONE',  ( 8.414570696119856308, 11.06875000000001918, -8.414570696119973547 ) ) ;
#795 = ORIENTED_EDGE ( 'NONE', *, *, #1533, .F. ) ;
#796 = CARTESIAN_POINT ( 'NONE',  ( 34.40000000000000568, 0.000000000000000000, 0.000000000000000000 ) ) ;
#797 = CARTESIAN_POINT ( 'NONE',  ( 0.000000000000000000, 34.29999999999999716, 5.199999999999998401 ) ) ;
#798 = ADVANCED_FACE ( 'NONE', ( #5955 ), #2724, .F. ) ;
#799 = ORIENTED_EDGE ( 'NONE', *, *, #1336, .T. ) ;
#800 = LINE ( 'NONE', #182, #3087 ) ;
#801 = VERTEX_POINT ( 'NONE', #597 ) ;
#802 = DIRECTION ( 'NONE',  ( 0.000000000000000000, 0.000000000000000000, 1.000000000000000000 ) ) ;
#803 = DIRECTION ( 'NONE',  ( 9.800697604388738773E-17, -1.000000000000000000, 0.000000000000000000 ) ) ;
#804 = PERSON_AND_ORGANIZATION ( #129, #430 ) ;
#805 = VERTEX_POINT ( 'NONE', #3240 ) ;
#806 = ADVANCED_FACE ( 'NONE', ( #7281, #3280 ), #3417, .F. ) ;
#807 = CARTESIAN_POINT ( 'NONE',  ( 5.296999386022867462, 17.06625557255969738, -11.47774246166035361 ) ) ;
#808 = CYLINDRICAL_SURFACE ( 'NONE', #5970, 6.349999999999999645 ) ;
#809 = AXIS2_PLACEMENT_3D ( 'NONE', #6950, #4931, #1558 ) ;
#810 = CIRCLE ( 'NONE', #3055, 2.500000000000000444 ) ;
#811 = VERTEX_POINT ( 'NONE', #5515 ) ;
#812 = CARTESIAN_POINT ( 'NONE',  ( -12.51812523131016341, 17.18187476868981634, -7.635464354253209378E-13 ) ) ;
#813 = CARTESIAN_POINT ( 'NONE',  ( 0.000000000000000000, 0.000000000000000000, 0.000000000000000000 ) ) ;
#814 = CARTESIAN_POINT ( 'NONE',  ( 1.163823269527408271E-15, 7.790620194877515559, 5.556249999999999467 ) ) ;
#815 = AXIS2_PLACEMENT_3D ( 'NONE', #2868, #8164, #6685 ) ;
#816 = CARTESIAN_POINT ( 'NONE',  ( -12.82664718204935106, 11.01000000000002110, 8.956799855210031952E-14 ) ) ;
#817 = CARTESIAN_POINT ( 'NONE',  ( 0.1723282451885982669, -10.08197907572384189, -1.587499999999995026 ) ) ;
#818 = ORIENTED_EDGE ( 'NONE', *, *, #2194, .T. ) ;
#819 = CARTESIAN_POINT ( 'NONE',  ( -2.618097302622901967, -1.770935120663231999, 14.98911151100554839 ) ) ;
#820 = CARTESIAN_POINT ( 'NONE',  ( 0.000000000000000000, -15.69047268157664021, 15.59999999999999432 ) ) ;
#821 = SECURITY_CLASSIFICATION_LEVEL ( 'unclassified' ) ;
#822 = VERTEX_POINT ( 'NONE', #6834 ) ;
#823 = ORIENTED_EDGE ( 'NONE', *, *, #3201, .T. ) ;
#824 = DIRECTION ( 'NONE',  ( -0.000000000000000000, 1.000000000000000000, -0.000000000000000000 ) ) ;
#825 = DIRECTION ( 'NONE',  ( 1.000000000000000000, 0.000000000000000000, 0.000000000000000000 ) ) ;
#826 = CARTESIAN_POINT ( 'NONE',  ( 0.1083897543756179305, 1.048450446541747239, -2.047132546062026659 ) ) ;
#827 = DIRECTION ( 'NONE',  ( -0.000000000000000000, -1.000000000000000000, -0.000000000000000000 ) ) ;
#828 = CARTESIAN_POINT ( 'NONE',  ( -12.82664718204939014, 19.82062500000000682, -5.312971222579394137 ) ) ;
#829 = VERTEX_POINT ( 'NONE', #4862 ) ;
#830 = CARTESIAN_POINT ( 'NONE',  ( 12.69999999999996909, 16.79811978464832833, -9.023892744153249136E-14 ) ) ;
#831 = CARTESIAN_POINT ( 'NONE',  ( -12.69999999999996732, 14.74688021535169291, 8.868362600661530955E-14 ) ) ;
#832 = AXIS2_PLACEMENT_3D ( 'NONE', #5400, #7945, #8547 ) ;
#833 = EDGE_CURVE ( 'NONE', #6036, #417, #5592, .T. ) ;
#834 = AXIS2_PLACEMENT_3D ( 'NONE', #6379, #1769, #1104 ) ;
#835 = EDGE_CURVE ( 'NONE', #7401, #89, #4249, .T. ) ;
#836 = ORIENTED_EDGE ( 'NONE', *, *, #8444, .T. ) ;
#837 = EDGE_LOOP ( 'NONE', ( #3489, #4920, #5982, #3011, #7332, #2355 ) ) ;
#838 = DIRECTION ( 'NONE',  ( -0.000000000000000000, -0.000000000000000000, -1.000000000000000000 ) ) ;
#839 = AXIS2_PLACEMENT_3D ( 'NONE', #5075, #7092, #1657 ) ;
#840 = LINE ( 'NONE', #3522, #2735 ) ;
#841 = VERTEX_POINT ( 'NONE', #8187 ) ;
#842 = CARTESIAN_POINT ( 'NONE',  ( 34.40000000000000568, 5.499261314031191894, -9.524999999999998579 ) ) ;
#843 = AXIS2_PLACEMENT_3D ( 'NONE', #8163, #6147, #4139 ) ;
#844 = CARTESIAN_POINT ( 'NONE',  ( -13.99999999999999822, 0.000000000000000000, 0.000000000000000000 ) ) ;
#845 = PERSON_AND_ORGANIZATION_ROLE ( 'classification_officer' ) ;
#846 = EDGE_CURVE ( 'NONE', #6829, #7419, #81, .T. ) ;
#847 = ORIENTED_EDGE ( 'NONE', *, *, #1351, .F. ) ;
#848 = CARTESIAN_POINT ( 'NONE',  ( 3.676453385379550909, 17.13306858778483743, -12.04759582289551112 ) ) ;
#849 = DIRECTION ( 'NONE',  ( -1.000000000000000000, -0.000000000000000000, -0.000000000000000000 ) ) ;
#850 = AXIS2_PLACEMENT_3D ( 'NONE', #2941, #2751, #4058 ) ;
#851 = VERTEX_POINT ( 'NONE', #7543 ) ;
#852 = CARTESIAN_POINT ( 'NONE',  ( -9.438646482267330384, 17.27338775692442852, 8.123477795785547073 ) ) ;
#853 = CARTESIAN_POINT ( 'NONE',  ( 12.27635182233306921, 9.853150698279006308E-16, -8.045708121834925564 ) ) ;
#854 = CC_DESIGN_SECURITY_CLASSIFICATION ( #3237, ( #2262 ) ) ;
#855 = TOROIDAL_SURFACE ( 'NONE', #5192, 20.24999999999999645, 1.500000000000000666 ) ;
#856 = ADVANCED_FACE ( 'NONE', ( #736 ), #1483, .T. ) ;
#857 = CARTESIAN_POINT ( 'NONE',  ( 0.000000000000000000, -2.009527318423362185, 0.000000000000000000 ) ) ;
#858 = CARTESIAN_POINT ( 'NONE',  ( 44.00000000000000000, 0.000000000000000000, 0.000000000000000000 ) ) ;
#859 = CC_DESIGN_SECURITY_CLASSIFICATION ( #1428, ( #8687 ) ) ;
#860 = CARTESIAN_POINT ( 'NONE',  ( 12.82664718204935106, 14.18500000000001471, -9.113880979362923189E-14 ) ) ;
#861 = CARTESIAN_POINT ( 'NONE',  ( 11.44999999999999929, 0.000000000000000000, 0.000000000000000000 ) ) ;
#862 = ORIENTED_EDGE ( 'NONE', *, *, #5027, .T. ) ;
#863 = CARTESIAN_POINT ( 'NONE',  ( -10.76942092117335292, -1.579333538822587091, 10.28294262558368288 ) ) ;
#864 = CARTESIAN_POINT ( 'NONE',  ( 8.980256121069192687, 13.95313021535169362, 8.980256121069064790 ) ) ;
#865 = APPROVAL_ROLE ( '' ) ;
#866 = ORIENTED_EDGE ( 'NONE', *, *, #7615, .T. ) ;
#867 = DIRECTION ( 'NONE',  ( -0.000000000000000000, 1.000000000000000000, -0.000000000000000000 ) ) ;
#868 = CARTESIAN_POINT ( 'NONE',  ( 9.679752553872788212, 11.71570377655351081, -8.280759688265479923 ) ) ;
#869 = DIRECTION ( 'NONE',  ( -0.000000000000000000, 1.000000000000000000, -0.000000000000000000 ) ) ;
#870 = CARTESIAN_POINT ( 'NONE',  ( -9.000000000000001776, -10.80000000000000604, 9.000000000000000000 ) ) ;
#871 = CARTESIAN_POINT ( 'NONE',  ( -11.89999999999999858, 11.54500000000001947, 8.309725586446656123E-14 ) ) ;
#872 = ORIENTED_EDGE ( 'NONE', *, *, #4837, .F. ) ;
#873 = CARTESIAN_POINT ( 'NONE',  ( 39.70000000000001705, 5.499261314031192782, 9.525000000000002132 ) ) ;
#874 = CARTESIAN_POINT ( 'NONE',  ( 34.40000000000000568, 0.000000000000000000, 11.00000000000000000 ) ) ;
#875 = EDGE_CURVE ( 'NONE', #3202, #6554, #6498, .T. ) ;
#876 = ADVANCED_FACE ( 'NONE', ( #8269 ), #764, .F. ) ;
#877 = ORIENTED_EDGE ( 'NONE', *, *, #3309, .F. ) ;
#878 = ORIENTED_EDGE ( 'NONE', *, *, #6873, .T. ) ;
#879 = SHAPE_REPRESENTATION ( 'TB4-L13', ( #5757 ), #1995 ) ;
#880 = CONICAL_SURFACE ( 'NONE', #4254, 11.00000000000000000, 1.308996938995746762 ) ;
#881 = CARTESIAN_POINT ( 'NONE',  ( 10.89906032806802116, 11.64286134436026821, 6.419564830966910662 ) ) ;
#882 = CARTESIAN_POINT ( 'NONE',  ( -8.017523061292044283E-14, 12.69750000000001577, -11.89999999999999858 ) ) ;
#883 = ORIENTED_EDGE ( 'NONE', *, *, #3119, .F. ) ;
#884 = CARTESIAN_POINT ( 'NONE',  ( 0.000000000000000000, 17.80000000000000071, 0.000000000000000000 ) ) ;
#885 = CARTESIAN_POINT ( 'NONE',  ( 33.49999999999999289, 4.378112306951788745E-16, -3.575000000000001510 ) ) ;
#886 = COORDINATED_UNIVERSAL_TIME_OFFSET ( 8, 0, .AHEAD. ) ;
#887 = AXIS2_PLACEMENT_3D ( 'NONE', #369, #7698, #1022 ) ;
#888 = VERTEX_POINT ( 'NONE', #2804 ) ;
#889 = EDGE_CURVE ( 'NONE', #2663, #1248, #7159, .T. ) ;
#890 = CARTESIAN_POINT ( 'NONE',  ( 4.894345937579672956, 17.08306706680286879, -11.63682309979578910 ) ) ;
#891 = VERTEX_POINT ( 'NONE', #7454 ) ;
#892 = FACE_OUTER_BOUND ( 'NONE', #1133, .T. ) ;
#893 = CARTESIAN_POINT ( 'NONE',  ( 0.03579502003219531964, 1.829091885878040946, 9.525000000000003908 ) ) ;
#894 = ADVANCED_FACE ( 'NONE', ( #8230 ), #1525, .T. ) ;
#895 = AXIS2_PLACEMENT_3D ( 'NONE', #5911, #6528, #4657 ) ;
#896 = DIRECTION ( 'NONE',  ( -2.664535259100375697E-15, 0.000000000000000000, -1.000000000000000000 ) ) ;
#897 = CARTESIAN_POINT ( 'NONE',  ( -5.260512242138209338, 16.40124478464833047, 12.70000000000000284 ) ) ;
#898 = AXIS2_PLACEMENT_3D ( 'NONE', #1794, #7097, #8363 ) ;
#899 = CARTESIAN_POINT ( 'NONE',  ( -8.382592070995921138E-14, 15.23750000000001137, -11.89999999999999858 ) ) ;
#900 = CARTESIAN_POINT ( 'NONE',  ( 34.40000000000000568, 5.499261314031191894, 9.525000000000002132 ) ) ;
#901 = ORIENTED_EDGE ( 'NONE', *, *, #8298, .F. ) ;
#902 = FACE_BOUND ( 'NONE', #4148, .T. ) ;
#903 = CARTESIAN_POINT ( 'NONE',  ( -5.260512242138207561, 13.71500521535169703, 12.70000000000000107 ) ) ;
#904 = COORDINATED_UNIVERSAL_TIME_OFFSET ( 8, 0, .AHEAD. ) ;
#905 = VECTOR ( 'NONE', #5829, 1000.000000000000000 ) ;
#906 = EDGE_CURVE ( 'NONE', #5744, #537, #4402, .T. ) ;
#907 = DIRECTION ( 'NONE',  ( 9.614813431917856060E-17, 0.7071067811865487940, -0.7071067811865463515 ) ) ;
#908 = VECTOR ( 'NONE', #3034, 999.9999999999998863 ) ;
#909 = CARTESIAN_POINT ( 'NONE',  ( 4.727964354120389068, 10.54025085189310929, 0.7937500000000015099 ) ) ;
#910 = FACE_OUTER_BOUND ( 'NONE', #61, .T. ) ;
#911 = CARTESIAN_POINT ( 'NONE',  ( -12.82664718204935106, 18.63000000000000611, 8.956799855210033214E-14 ) ) ;
#912 = ORIENTED_EDGE ( 'NONE', *, *, #998, .F. ) ;
#913 = DIRECTION ( 'NONE',  ( -0.000000000000000000, -1.000000000000000000, -0.000000000000000000 ) ) ;
#914 = AXIS2_PLACEMENT_3D ( 'NONE', #8489, #2486, #1615 ) ;
#915 = CARTESIAN_POINT ( 'NONE',  ( 0.3948291982182982052, 5.499261314031189229, -9.524999999999996803 ) ) ;
#916 = DIRECTION ( 'NONE',  ( -0.000000000000000000, 0.000000000000000000, 1.000000000000000000 ) ) ;
#917 = ORIENTED_EDGE ( 'NONE', *, *, #744, .T. ) ;
#918 = ORIENTED_EDGE ( 'NONE', *, *, #1109, .F. ) ;
#919 = VECTOR ( 'NONE', #5204, 1000.000000000000000 ) ;
#920 = AXIS2_PLACEMENT_3D ( 'NONE', #4566, #6015, #7381 ) ;
#921 = APPLICATION_CONTEXT ( 'configuration controlled 3d designs of mechanical parts and assemblies' ) ;
#922 = CARTESIAN_POINT ( 'NONE',  ( 7.579319476895815200, -1.252722911093995917, -12.12474855317952915 ) ) ;
#923 = CARTESIAN_POINT ( 'NONE',  ( -12.44999999999999929, 5.742042389534210651E-16, -4.688733431983854061 ) ) ;
#924 = ORIENTED_EDGE ( 'NONE', *, *, #6650, .F. ) ;
#925 = CARTESIAN_POINT ( 'NONE',  ( 33.09999999999998721, 0.000000000000000000, 0.000000000000000000 ) ) ;
#926 = DIRECTION ( 'NONE',  ( 0.5773502691896265082, 0.5773502691896265082, 0.5773502691896243988 ) ) ;
#927 = SHAPE_DEFINITION_REPRESENTATION ( #4676, #4247 ) ;
#928 =( BOUNDED_CURVE ( )  B_SPLINE_CURVE ( 2, ( #2022, #2070, #45, #6714, #1978, #2687, #6059, #517, #8545 ),
 .UNSPECIFIED., .F., .T. ) 
 B_SPLINE_CURVE_WITH_KNOTS ( ( 3, 2, 2, 2, 3 ),
 ( 0.6250000000000000000, 0.6406250000000000000, 0.6562500000000000000, 0.6718750000000000000, 0.6875000000000000000 ),
 .UNSPECIFIED. ) 
 CURVE ( )  GEOMETRIC_REPRESENTATION_ITEM ( )  RATIONAL_B_SPLINE_CURVE ( ( 1.000000000000000000, 0.9238795325112867385, 1.000000000000000000, 0.9238795325112867385, 1.000000000000000000, 0.9238795325112867385, 1.000000000000000000, 0.9238795325112867385, 1.000000000000000000 ) ) 
 REPRESENTATION_ITEM ( '' )  );
#929 = ORIENTED_EDGE ( 'NONE', *, *, #2134, .T. ) ;
#930 = CARTESIAN_POINT ( 'NONE',  ( -6.892364659821188511, 17.56411755049401080, -9.998033422184562369 ) ) ;
#931 = ORIENTED_EDGE ( 'NONE', *, *, #1559, .T. ) ;
#932 = FACE_BOUND ( 'NONE', #6324, .T. ) ;
#933 = EDGE_CURVE ( 'NONE', #8171, #5779, #7056, .T. ) ;
#934 = ADVANCED_FACE ( 'NONE', ( #5473 ), #778, .T. ) ;
#935 = CARTESIAN_POINT ( 'NONE',  ( 8.414570696119982429, 10.95125000000001947, 8.414570696119847426 ) ) ;
#936 = CARTESIAN_POINT ( 'NONE',  ( -5.530092287193662415, 11.16822135689756834, -10.86821320548656722 ) ) ;
#937 = CARTESIAN_POINT ( 'NONE',  ( 8.528325040094456217E-14, 17.14250000000000895, 11.89999999999999858 ) ) ;
#938 = LINE ( 'NONE', #3759, #8509 ) ;
#939 = ORIENTED_EDGE ( 'NONE', *, *, #514, .F. ) ;
#940 = DIRECTION ( 'NONE',  ( 0.000000000000000000, 0.000000000000000000, -1.000000000000000000 ) ) ;
#941 = CARTESIAN_POINT ( 'NONE',  ( 11.91746822211635859, 17.60627158387123359, -2.099568940568509845 ) ) ;
#942 = PRODUCT_DEFINITION ( '未知', '', #2833, #6351 ) ;
#943 = APPROVAL_DATE_TIME ( #1783, #1560 ) ;
#944 = VECTOR ( 'NONE', #5984, 1000.000000000000000 ) ;
#945 = LINE ( 'NONE', #2446, #3718 ) ;
#946 = CARTESIAN_POINT ( 'NONE',  ( -5.312947559864525715, -16.37747573616957908, -13.43323898956135309 ) ) ;
#947 = DIRECTION ( 'NONE',  ( -1.000000000000000000, -0.000000000000000000, -0.000000000000000000 ) ) ;
#948 = LINE ( 'NONE', #4873, #4986 ) ;
#949 = CARTESIAN_POINT ( 'NONE',  ( -11.89999999999999858, 10.27500000000002167, 8.309725586446656123E-14 ) ) ;
#950 = ORIENTED_EDGE ( 'NONE', *, *, #2246, .F. ) ;
#951 = CARTESIAN_POINT ( 'NONE',  ( -8.414570696119973547, 16.46625000000000938, -8.414570696119856308 ) ) ;
#952 = CARTESIAN_POINT ( 'NONE',  ( 6.368163355566234409E-16, 34.29999999999999716, -5.199999999999998401 ) ) ;
#953 = SECURITY_CLASSIFICATION_LEVEL ( 'unclassified' ) ;
#954 = EDGE_CURVE ( 'NONE', #5085, #8684, #1875, .T. ) ;
#955 = VERTEX_POINT ( 'NONE', #202 ) ;
#956 = ORIENTED_EDGE ( 'NONE', *, *, #7562, .F. ) ;
#957 = CARTESIAN_POINT ( 'NONE',  ( 4.929141392239907660, 13.21187500000001513, 11.89999999999998437 ) ) ;
#958 = ADVANCED_FACE ( 'NONE', ( #3500 ), #7491, .F. ) ;
#959 = CARTESIAN_POINT ( 'NONE',  ( 11.67013411036706572, -1.770462177252743574, -9.762915623340042259 ) ) ;
#960 = DIRECTION ( 'NONE',  ( 0.000000000000000000, 0.000000000000000000, 1.000000000000000000 ) ) ;
#961 = VERTEX_POINT ( 'NONE', #6220 ) ;
#962 = FACE_OUTER_BOUND ( 'NONE', #4386, .T. ) ;
#963 = CARTESIAN_POINT ( 'NONE',  ( -0.6846163183371097860, 17.78852452048821320, -11.89999999999999858 ) ) ;
#964 = AXIS2_PLACEMENT_3D ( 'NONE', #6803, #790, #6888 ) ;
#965 = ORIENTED_EDGE ( 'NONE', *, *, #4327, .F. ) ;
#966 = PERSON_AND_ORGANIZATION ( #129, #430 ) ;
#967 = CIRCLE ( 'NONE', #8389, 2.700000000000002842 ) ;
#968 = EDGE_CURVE ( 'NONE', #2869, #5478, #2044, .T. ) ;
#969 = ORIENTED_EDGE ( 'NONE', *, *, #7122, .T. ) ;
#970 = CONICAL_SURFACE ( 'NONE', #6995, 3.399999999999999911, 0.1745329251994260089 ) ;
#971 = LINE ( 'NONE', #5663, #7266 ) ;
#972 = ORIENTED_EDGE ( 'NONE', *, *, #2023, .T. ) ;
#973 = CARTESIAN_POINT ( 'NONE',  ( 12.05140565262880870, 17.56797566797374444, 1.611036353067744731 ) ) ;
#974 = EDGE_CURVE ( 'NONE', #5185, #6771, #7669, .T. ) ;
#975 = AXIS2_PLACEMENT_3D ( 'NONE', #7010, #5818, #3814 ) ;
#976 = CARTESIAN_POINT ( 'NONE',  ( 8.414570696119833215, 11.26875000000001847, -8.414570696119996640 ) ) ;
#977 = EDGE_LOOP ( 'NONE', ( #3264, #2210 ) ) ;
#978 = DIRECTION ( 'NONE',  ( 0.000000000000000000, 0.000000000000000000, 1.000000000000000000 ) ) ;
#979 = CARTESIAN_POINT ( 'NONE',  ( -11.89999999999996305, 16.90437500000000526, 4.929141392239922759 ) ) ;
#980 = FACE_OUTER_BOUND ( 'NONE', #7262, .T. ) ;
#981 = EDGE_LOOP ( 'NONE', ( #6193, #8476, #6911, #6815 ) ) ;
#982 = LINE ( 'NONE', #2440, #2145 ) ;
#983 = APPROVAL_PERSON_ORGANIZATION ( #3073, #7884, #8498 ) ;
#984 = CALENDAR_DATE ( 2025, 13, 3 ) ;
#985 = VECTOR ( 'NONE', #4738, 1000.000000000000000 ) ;
#986 = ADVANCED_FACE ( 'NONE', ( #7127 ), #331, .T. ) ;
#987 = UNCERTAINTY_MEASURE_WITH_UNIT (LENGTH_MEASURE( 1.000000000000000082E-05 ), #8225, 'distance_accuracy_value', 'NONE');
#988 = LOCAL_TIME ( 22, 24, 23.00000000000000000, #2682 ) ;
#989 = LINE ( 'NONE', #6966, #8479 ) ;
#990 = ADVANCED_FACE ( 'NONE', ( #980 ), #1609, .F. ) ;
#991 = CIRCLE ( 'NONE', #5202, 3.200000000000000178 ) ;
#992 = CARTESIAN_POINT ( 'NONE',  ( -8.034646945590148803, -16.43104480127817624, -11.86186511655942866 ) ) ;
#993 = CARTESIAN_POINT ( 'NONE',  ( 0.3948291982182984272, -5.499261314031190118, -9.524999999999996803 ) ) ;
#994 = FACE_OUTER_BOUND ( 'NONE', #7251, .T. ) ;
#995 = CARTESIAN_POINT ( 'NONE',  ( 9.069809202314482732, 17.83625000000000682, 9.069809202314353058 ) ) ;
#996 = ORIENTED_EDGE ( 'NONE', *, *, #1250, .F. ) ;
#997 = DIRECTION ( 'NONE',  ( -0.000000000000000000, -1.000000000000000000, -0.000000000000000000 ) ) ;
#998 = EDGE_CURVE ( 'NONE', #3440, #8542, #7110, .T. ) ;
#999 = CARTESIAN_POINT ( 'NONE',  ( -12.94999999999999218, -11.19999999999999929, 12.94999999999999218 ) ) ;
#1001 = EDGE_CURVE ( 'NONE', #7461, #4743, #938, .T. ) ;
#1000 = APPROVAL_DATE_TIME ( #300, #4890 ) ;
#1002 = ADVANCED_FACE ( 'NONE', ( #6428 ), #665, .F. ) ;
#1003 = B_SPLINE_CURVE_WITH_KNOTS ( 'NONE', 3,
 ( #8113, #1532, #8156, #7551, #2148, #2109 ),
 .UNSPECIFIED., .F., .F.,
 ( 4, 2, 4 ),
 ( 0.005499492254138865256, 0.008249122911154458532, 0.01099875356817004921 ),
 .UNSPECIFIED. ) ;
#1004 = EDGE_LOOP ( 'NONE', ( #4617, #4182, #312 ) ) ;
#1005 = ORIENTED_EDGE ( 'NONE', *, *, #3783, .F. ) ;
#1006 = CARTESIAN_POINT ( 'NONE',  ( 0.1083897543756196652, -2.114194236346733646E-15, 0.000000000000000000 ) ) ;
#1007 = CARTESIAN_POINT ( 'NONE',  ( -1.760623622028281599, 2.045561937052131185, 1.085615285902928218 ) ) ;
#1008 = FACE_BOUND ( 'NONE', #4093, .T. ) ;
#1009 = DIRECTION ( 'NONE',  ( 0.000000000000000000, 0.000000000000000000, 1.000000000000000000 ) ) ;
#1010 = CARTESIAN_POINT ( 'NONE',  ( -11.89999999999999858, 20.43500000000000227, 8.309725586446656123E-14 ) ) ;
#1011 = EDGE_LOOP ( 'NONE', ( #5312, #8543, #6336, #2812 ) ) ;
#1012 = PLANE ( 'NONE',  #4411 ) ;
#1013 = CARTESIAN_POINT ( 'NONE',  ( 0.1723282451885982947, -6.415804866369720472, -7.937499999999998224 ) ) ;
#1014 = CIRCLE ( 'NONE', #4809, 15.59999999999999964 ) ;
#1015 = ADVANCED_FACE ( 'NONE', ( #6346 ), #3051, .F. ) ;
#1016 = PERSON_AND_ORGANIZATION ( #129, #430 ) ;
#1017 = CC_DESIGN_PERSON_AND_ORGANIZATION_ASSIGNMENT ( #2591, #5310, ( #1282 ) ) ;
#1018 = ORIENTED_EDGE ( 'NONE', *, *, #1391, .F. ) ;
#1019 = CARTESIAN_POINT ( 'NONE',  ( 39.70000000000000284, 10.99852262806237668, -1.634090867718481472E-15 ) ) ;
#1020 = FACE_OUTER_BOUND ( 'NONE', #661, .T. ) ;
#1021 = ORIENTED_EDGE ( 'NONE', *, *, #7572, .T. ) ;
#1022 = DIRECTION ( 'NONE',  ( 0.000000000000000000, 0.000000000000000000, 1.000000000000000000 ) ) ;
#1023 = AXIS2_PLACEMENT_3D ( 'NONE', #6510, #7968, #5338 ) ;
#1024 = CARTESIAN_POINT ( 'NONE',  ( 2.025353592964384664, 0.7167813006314045499, 0.3232012134143661397 ) ) ;
#1025 = CARTESIAN_POINT ( 'NONE',  ( -11.65938315560249272, 11.26783856265874917, -3.896331436003038995 ) ) ;
#1026 = CARTESIAN_POINT ( 'NONE',  ( -4.929141392239914765, 17.85687500000000583, -11.89999999999996483 ) ) ;
#1027 = ORIENTED_EDGE ( 'NONE', *, *, #555, .F. ) ;
#1028 = ORIENTED_EDGE ( 'NONE', *, *, #4141, .F. ) ;
#1029 = DIRECTION ( 'NONE',  ( -0.7071067811865474617, 0.7071067811865474617, 0.000000000000000000 ) ) ;
#1030 = CARTESIAN_POINT ( 'NONE',  ( 12.70000000000003837, 14.17874478464833388, 5.260512242138174699 ) ) ;
#1031 = CALENDAR_DATE ( 2025, 13, 3 ) ;
#1032 = TOROIDAL_SURFACE ( 'NONE', #2444, 4.688733431983854061, 1.000000000000000444 ) ;
#1033 = DIRECTION ( 'NONE',  ( 0.000000000000000000, 0.000000000000000000, -1.000000000000000000 ) ) ;
#1034 = DIRECTION ( 'NONE',  ( 1.000000000000000000, -8.195543980992796558E-16, 0.000000000000000000 ) ) ;
#1035 = CARTESIAN_POINT ( 'NONE',  ( -12.82664718204931198, 19.97937500000000455, 5.312971222579581543 ) ) ;
#1036 = PLANE ( 'NONE',  #4005 ) ;
#1037 = CARTESIAN_POINT ( 'NONE',  ( -9.069809202314482732, 17.20125000000000881, -9.069809202314353058 ) ) ;
#1038 = VERTEX_POINT ( 'NONE', #3099 ) ;
#1039 = TOROIDAL_SURFACE ( 'NONE', #7067, 0.3304673161057445907, 1.969532683894253289 ) ;
#1040 = CARTESIAN_POINT ( 'NONE',  ( 13.70000000000000107, -17.69999999999999929, 1.696135816819084208E-15 ) ) ;
#1041 = TOROIDAL_SURFACE ( 'NONE', #4185, 8.200000000000001066, 0.3999999999999984679 ) ;
#1042 = LINE ( 'NONE', #341, #2826 ) ;
#1043 = PERSON_AND_ORGANIZATION_ROLE ( 'creator' ) ;
#1044 = AXIS2_PLACEMENT_3D ( 'NONE', #3070, #5120, #1622 ) ;
#1045 = EDGE_CURVE ( 'NONE', #6497, #7213, #1513, .T. ) ;
#1046 = CIRCLE ( 'NONE', #7783, 3.675000000000003375 ) ;
#1047 = VERTEX_POINT ( 'NONE', #5803 ) ;
#1048 = ADVANCED_FACE ( 'NONE', ( #8439 ), #4452, .T. ) ;
#1049 = VERTEX_POINT ( 'NONE', #4458 ) ;
#1050 = CARTESIAN_POINT ( 'NONE',  ( 4.929141392239709596, 13.68812500000001542, -11.90000000000006608 ) ) ;
#1051 = CARTESIAN_POINT ( 'NONE',  ( 2.532823420761158656E-16, 1.042832680730699346, 2.050000000000001155 ) ) ;
#1052 = CARTESIAN_POINT ( 'NONE',  ( -9.000000000000001776, -11.19999999999999929, 9.000000000000000000 ) ) ;
#1053 = PLANE ( 'NONE',  #2620 ) ;
#1054 = CIRCLE ( 'NONE', #87, 3.675000000000008260 ) ;
#1055 = PERSON ( 'NAUO-PER4', 'UNSPECIFIED', 'UNSPECIFIED', ('UNSPECIFIED'), ('UNSPECIFIED'), ('UNSPECIFIED') ) ;
#1056 = CARTESIAN_POINT ( 'NONE',  ( -8.382592070995923663E-14, 18.84750000000000369, -11.89999999999999858 ) ) ;
#1057 = EDGE_LOOP ( 'NONE', ( #1900, #2027, #7080, #3088 ) ) ;
#1058 = CARTESIAN_POINT ( 'NONE',  ( 6.255353054409849456, -16.43104480127817624, -12.88914092359982533 ) ) ;
#1059 = CARTESIAN_POINT ( 'NONE',  ( 5.299999999999998934, 0.000000000000000000, 8.099999999999999645 ) ) ;
#1060 = AXIS2_PLACEMENT_3D ( 'NONE', #7047, #947, #5770 ) ;
#1061 = B_SPLINE_CURVE_WITH_KNOTS ( 'NONE', 3,
 ( #6686, #7352, #1586, #6074, #2286, #716, #672, #2659, #2041, #8047, #3443, #1425 ),
 .UNSPECIFIED., .F., .F.,
 ( 4, 2, 2, 2, 2, 4 ),
 ( 2.344180752267651287E-07, 0.003137532069197812145, 0.006274829720320397076, 0.007843478545881693229, 0.009412127371442985044, 0.01254942502256557214 ),
 .UNSPECIFIED. ) ;
#1062 = AXIS2_PLACEMENT_3D ( 'NONE', #5513, #6789, #8060 ) ;
#1063 = CIRCLE ( 'NONE', #2195, 0.3999999999999993006 ) ;
#1064 = ORIENTED_EDGE ( 'NONE', *, *, #2964, .T. ) ;
#1065 = CARTESIAN_POINT ( 'NONE',  ( 13.79999999999999716, 3.918869757271530460E-16, -3.200000000000000178 ) ) ;
#1066 = LINE ( 'NONE', #5835, #1943 ) ;
#1067 = CIRCLE ( 'NONE', #2763, 15.59999999999999964 ) ;
#1068 = ORIENTED_EDGE ( 'NONE', *, *, #1293, .F. ) ;
#1069 = CARTESIAN_POINT ( 'NONE',  ( 41.30693079519157607, 0.000000000000000000, 0.000000000000000000 ) ) ;
#1070 = ADVANCED_FACE ( 'NONE', ( #8485 ), #3798, .T. ) ;
#1071 = CARTESIAN_POINT ( 'NONE',  ( 2.663606788145493022E-15, 0.000000000000000000, 21.75000000000000000 ) ) ;
#1072 = DIRECTION ( 'NONE',  ( 1.000000000000000000, 0.000000000000000000, 0.000000000000000000 ) ) ;
#1073 = ORIENTED_EDGE ( 'NONE', *, *, #2159, .F. ) ;
#1074 = CARTESIAN_POINT ( 'NONE',  ( 14.29000000000000625, -16.11848046211858687, 4.198967141328737718 ) ) ;
#1075 = ORIENTED_EDGE ( 'NONE', *, *, #560, .T. ) ;
#1076 = CARTESIAN_POINT ( 'NONE',  ( 33.89999999999999858, 0.000000000000000000, 6.349999999999997868 ) ) ;
#1077 = CARTESIAN_POINT ( 'NONE',  ( 6.693113467901723901, 17.70938804893473417, -9.957606284106359951 ) ) ;
#1078 = APPROVAL_STATUS ( 'not_yet_approved' ) ;
#1079 = EDGE_CURVE ( 'NONE', #3868, #3005, #2348, .T. ) ;
#1080 = AXIS2_PLACEMENT_3D ( 'NONE', #6960, #2311, #416 ) ;
#1081 = DIRECTION ( 'NONE',  ( 0.000000000000000000, 0.000000000000000000, -1.000000000000000000 ) ) ;
#1082 = CARTESIAN_POINT ( 'NONE',  ( 41.00000000000000000, 0.000000000000000000, 2.700000000000000178 ) ) ;
#1083 = DIRECTION ( 'NONE',  ( 0.000000000000000000, 0.000000000000000000, 1.000000000000000000 ) ) ;
#1084 = CARTESIAN_POINT ( 'NONE',  ( -12.82664718204935106, 17.36000000000001009, 8.956799855210033214E-14 ) ) ;
#1085 = ORIENTED_EDGE ( 'NONE', *, *, #3748, .F. ) ;
#1086 = CARTESIAN_POINT ( 'NONE',  ( 0.000000000000000000, 17.80000000000000071, 0.000000000000000000 ) ) ;
#1087 = FACE_OUTER_BOUND ( 'NONE', #4017, .T. ) ;
#1088 = VECTOR ( 'NONE', #1810, 1000.000000000000227 ) ;
#1089 = AXIS2_PLACEMENT_3D ( 'NONE', #5869, #5178, #7856 ) ;
#1090 = COORDINATED_UNIVERSAL_TIME_OFFSET ( 8, 0, .AHEAD. ) ;
#1091 = ORIENTED_EDGE ( 'NONE', *, *, #3086, .F. ) ;
#1092 = VERTEX_POINT ( 'NONE', #8349 ) ;
#1093 = LINE ( 'NONE', #5128, #1262 ) ;
#1094 = FACE_OUTER_BOUND ( 'NONE', #4727, .T. ) ;
#1095 = DIRECTION ( 'NONE',  ( -1.000000000000000000, -0.000000000000000000, -0.000000000000000000 ) ) ;
#1096 = CARTESIAN_POINT ( 'NONE',  ( -8.564225747545673784, 17.07623440890417044, -9.304522974753139053 ) ) ;
#1097 = CARTESIAN_POINT ( 'NONE',  ( 8.414570696119978876, 12.02125000000001798, 8.414570696119850979 ) ) ;
#1098 = VERTEX_POINT ( 'NONE', #5631 ) ;
#1099 = DIRECTION ( 'NONE',  ( 0.000000000000000000, -1.000000000000000000, 0.000000000000000000 ) ) ;
#1100 = CARTESIAN_POINT ( 'NONE',  ( 0.03610103003384659143, -9.165435523385312422, 3.175000000000002043 ) ) ;
#1101 = EDGE_CURVE ( 'NONE', #3949, #8316, #8228, .T. ) ;
#1102 = ADVANCED_FACE ( 'NONE', ( #4684 ), #3611, .F. ) ;
#1103 = EDGE_LOOP ( 'NONE', ( #7865, #7957, #2547, #6731 ) ) ;
#1104 = DIRECTION ( 'NONE',  ( 0.000000000000000000, 0.000000000000000000, -1.000000000000000000 ) ) ;
#1105 = CC_DESIGN_DATE_AND_TIME_ASSIGNMENT ( #4106, #6075, ( #2534 ) ) ;
#1106 = DIRECTION ( 'NONE',  ( -0.000000000000000000, -1.000000000000000000, -0.000000000000000000 ) ) ;
#1107 = CARTESIAN_POINT ( 'NONE',  ( 33.89999999999999147, 7.286648454926750979E-16, -5.949999999999999289 ) ) ;
#1108 = FACE_OUTER_BOUND ( 'NONE', #7426, .T. ) ;
#1109 = EDGE_CURVE ( 'NONE', #6239, #5, #5840, .T. ) ;
#1110 = AXIS2_PLACEMENT_3D ( 'NONE', #2597, #7380, #1275 ) ;
#1111 = EDGE_CURVE ( 'NONE', #1706, #7740, #6552, .T. ) ;
#1112 = DIRECTION ( 'NONE',  ( -1.000000000000000000, 0.000000000000000000, 0.000000000000000000 ) ) ;
#1113 = DIRECTION ( 'NONE',  ( 0.000000000000000000, 0.000000000000000000, -1.000000000000000000 ) ) ;
#1114 = ORIENTED_EDGE ( 'NONE', *, *, #846, .F. ) ;
#1115 = DIRECTION ( 'NONE',  ( 1.000000000000000000, -8.775090700452169195E-16, 0.000000000000000000 ) ) ;
#1116 = CARTESIAN_POINT ( 'NONE',  ( 1.209951936996610228E-13, 13.33250000000001378, 11.89999999999999858 ) ) ;
#1117 = APPROVAL_STATUS ( 'not_yet_approved' ) ;
#1118 = EDGE_CURVE ( 'NONE', #8042, #6807, #538, .T. ) ;
#1119 = PRODUCT_RELATED_PRODUCT_CATEGORY ( 'detail', '', ( #6624 ) ) ;
#1120 = AXIS2_PLACEMENT_3D ( 'NONE', #450, #1244, #5147 ) ;
#1121 = CARTESIAN_POINT ( 'NONE',  ( 12.94999999999999218, -11.19999999999999929, 13.44999999999999929 ) ) ;
#1122 = FACE_OUTER_BOUND ( 'NONE', #1243, .T. ) ;
#1123 = CARTESIAN_POINT ( 'NONE',  ( 12.82664718204931376, 19.34437500000000654, -5.312971222579575326 ) ) ;
#1124 = DIRECTION ( 'NONE',  ( 0.000000000000000000, 0.000000000000000000, -1.000000000000000000 ) ) ;
#1125 = CARTESIAN_POINT ( 'NONE',  ( -9.069809202314482732, 15.93125000000001101, -9.069809202314353058 ) ) ;
#1126 = ORIENTED_EDGE ( 'NONE', *, *, #3762, .T. ) ;
#1127 = CYLINDRICAL_SURFACE ( 'NONE', #6798, 11.89999999999999858 ) ;
#1128 = CONICAL_SURFACE ( 'NONE', #2259, 8.252653961416930528, 0.1745329251994354181 ) ;
#1129 = FACE_OUTER_BOUND ( 'NONE', #7144, .T. ) ;
#1130 = COORDINATED_UNIVERSAL_TIME_OFFSET ( 8, 0, .AHEAD. ) ;
#1131 = APPROVAL_PERSON_ORGANIZATION ( #5542, #459, #4889 ) ;
#1132 = VECTOR ( 'NONE', #6300, 1000.000000000000000 ) ;
#1133 = EDGE_LOOP ( 'NONE', ( #681, #5558, #7666, #969 ) ) ;
#1134 = VERTEX_POINT ( 'NONE', #2004 ) ;
#1135 = DIRECTION ( 'NONE',  ( 0.000000000000000000, 0.000000000000000000, 1.000000000000000000 ) ) ;
#1136 = CARTESIAN_POINT ( 'NONE',  ( 1.561966144680487038E-14, 17.80000000000001137, 0.000000000000000000 ) ) ;
#1137 = CARTESIAN_POINT ( 'NONE',  ( 0.000000000000000000, 0.000000000000000000, 9.525000000000002132 ) ) ;
#1138 = CARTESIAN_POINT ( 'NONE',  ( -3.429036895781920613, 17.01520663867608718, -12.23552710048083192 ) ) ;
#1139 = DIRECTION ( 'NONE',  ( 0.000000000000000000, -1.224646799147352961E-16, 1.000000000000000000 ) ) ;
#1140 = ORIENTED_EDGE ( 'NONE', *, *, #3719, .T. ) ;
#1141 = B_SPLINE_CURVE_WITH_KNOTS ( 'NONE', 3,
 ( #4166, #4124, #6880, #8067, #6921, #6222 ),
 .UNSPECIFIED., .F., .F.,
 ( 4, 2, 4 ),
 ( 0.005499492254138859185, 0.008249122911154451593, 0.01099875356817004747 ),
 .UNSPECIFIED. ) ;
#1142 = FACE_OUTER_BOUND ( 'NONE', #4616, .T. ) ;
#1143 = LOCAL_TIME ( 22, 24, 23.00000000000000000, #2065 ) ;
#1144 = CARTESIAN_POINT ( 'NONE',  ( 0.000000000000000000, 0.000000000000000000, 2.299999999999999822 ) ) ;
#1145 = ORIENTED_EDGE ( 'NONE', *, *, #103, .T. ) ;
#1146 = ORIENTED_EDGE ( 'NONE', *, *, #3881, .T. ) ;
#1147 = FACE_OUTER_BOUND ( 'NONE', #2414, .T. ) ;
#1148 = CARTESIAN_POINT ( 'NONE',  ( -9.000000000000001776, -11.19999999999999929, 6.500000000000000888 ) ) ;
#1149 = VECTOR ( 'NONE', #3564, 1000.000000000000000 ) ;
#1150 = ORIENTED_EDGE ( 'NONE', *, *, #694, .T. ) ;
#1151 = CARTESIAN_POINT ( 'NONE',  ( 9.000000000000001776, -10.80000000000000604, -9.000000000000000000 ) ) ;
#1152 = ADVANCED_FACE ( 'NONE', ( #7318 ), #3977, .F. ) ;
#1153 = CARTESIAN_POINT ( 'NONE',  ( 14.29000000000000625, -1.320277023254680326, 2.095091730326422486 ) ) ;
#1154 = LINE ( 'NONE', #5993, #497 ) ;
#1155 =( BOUNDED_SURFACE ( )  B_SPLINE_SURFACE ( 1, 2, ( 
 ( #1010, #3692, #3038, #6369, #6451, #5788, #4479, #352, #6493, #6411, #5701, #2376, #7151, #7731, #3825, #1715, #4392, #7063, #7107, #5743, #1056, #398, #3081, #8422, #2420, #5092, #1371, #703, #2074, #750, #5221, #660, #4048, #1278, #5318, #563, #3955, #3250, #611, #5914, #8594, #3428, #6718, #4750, #4610, #7902, #7425, #6764, #2026, #8549, #3385, #1887, #4661, #7295, #1413, #4092, #5363, #1982, #7339, #8079, #7250, #2552, #1324, #6626, #2600, #4569, #3342, #8035, #1226, #3295, #3909, #5971, #6016, #5403, #6576, #8644, #6675, #2649, #5274, #6063, #7989, #4000, #7948, #1938, #4097, #2691, #4706, #7384, #50, #2737, #1620, #2203, #2864, #2241, #4215, #1537, #1498, #218, #4297, #2905, #97, #6270, #4793, #7467, #4259, #5568, #8242, #6892, #5444, #6104, #6234, #2779, #871, #7597, #7513, #5528, #6806, #4177, #794, #6848, #3472, #6144, #6971, #6928, #8282, #2153, #8117, #2280, #949 ),
 ( #4949, #828, #253, #3514, #2113, #4874, #1582, #136, #2936, #8160, #5601, #4912, #6188, #8201, #1456, #2818, #911, #7636, #4136, #5486, #4832, #3598, #175, #7556, #3555, #7095, #995, #8493, #4424, #8451, #3811, #2976, #1084, #1744, #1037, #8361, #3768, #6440, #2408, #5641, #3678, #7804, #4377, #7139, #8320, #7184, #6481, #3635, #2490, #6401, #1125, #7757, #7006, #426, #466, #2325, #3155, #3114, #3068, #5773, #5162, #6308, #4468, #296, #5814, #7842, #5078, #6356, #1828, #4334, #385, #1662, #2451, #4991, #5118, #4510, #7679, #337, #3023, #5689, #2365, #5038, #1792, #7717, #1705, #7049, #3726, #5730, #8407, #33, #7327, #648, #1359, #2634, #5208, #1311, #5256, #4646, #4035, #8022, #3896, #2678, #509, #7976, #5901, #3194, #7891, #1263, #3985, #6658, #3327, #1923, #7934, #6005, #8064, #1968, #7368, #3940, #1872, #5306, #6562, #6613, #6520, #2014, #4553, #4692, #8631, #8679, #5348 ) ),
 .UNSPECIFIED., .F., .F., .T. ) 
 B_SPLINE_SURFACE_WITH_KNOTS ( ( 2, 2 ),
 ( 3, 2, 2, 2, 2, 2, 2, 2, 2, 2, 2, 2, 2, 2, 2, 2, 2, 2, 2, 2, 2, 2, 2, 2, 2, 2, 2, 2, 2, 2, 2, 2, 2, 2, 2, 2, 2, 2, 2, 2, 2, 2, 2, 2, 2, 2, 2, 2, 2, 2, 2, 2, 2, 2, 2, 2, 2, 2, 2, 2, 2, 2, 2, 2, 3 ),
 ( 0.000000000000000000, 1.000000000000000000 ),
 ( 0.000000000000000000, 0.01562500000000000000, 0.03125000000000000000, 0.04687500000000000000, 0.06250000000000000000, 0.07812500000000000000, 0.09375000000000000000, 0.1093750000000000000, 0.1250000000000000000, 0.1406250000000000000, 0.1562500000000000000, 0.1718750000000000000, 0.1875000000000000000, 0.2031250000000000000, 0.2187500000000000000, 0.2343750000000000000, 0.2500000000000000000, 0.2656250000000000000, 0.2812500000000000000, 0.2968750000000000000, 0.3125000000000000000, 0.3281250000000000000, 0.3437500000000000000, 0.3593750000000000000, 0.3750000000000000000, 0.3906250000000000000, 0.4062500000000000000, 0.4218750000000000000, 0.4375000000000000000, 0.4531250000000000000, 0.4687500000000000000, 0.4843750000000000000, 0.5000000000000000000, 0.5156250000000000000, 0.5312500000000000000, 0.5468750000000000000, 0.5625000000000000000, 0.5781250000000000000, 0.5937500000000000000, 0.6093750000000000000, 0.6250000000000000000, 0.6406250000000000000, 0.6562500000000000000, 0.6718750000000000000, 0.6875000000000000000, 0.7031250000000000000, 0.7187500000000000000, 0.7343750000000000000, 0.7500000000000000000, 0.7656250000000000000, 0.7812500000000000000, 0.7968750000000000000, 0.8125000000000000000, 0.8281250000000000000, 0.8437500000000000000, 0.8593750000000000000, 0.8750000000000000000, 0.8906250000000000000, 0.9062500000000000000, 0.9218750000000000000, 0.9375000000000000000, 0.9531250000000000000, 0.9687500000000000000, 0.9843750000000000000, 1.000000000000000000 ),
 .UNSPECIFIED. ) 
 GEOMETRIC_REPRESENTATION_ITEM ( )  RATIONAL_B_SPLINE_SURFACE ( (
 ( 1.000000000000000000, 0.9238795325112867385, 1.000000000000000000, 0.9238795325112867385, 1.000000000000000000, 0.9238795325112867385, 1.000000000000000000, 0.9238795325112867385, 1.000000000000000000, 0.9238795325112867385, 1.000000000000000000, 0.9238795325112867385, 1.000000000000000000, 0.9238795325112867385, 1.000000000000000000, 0.9238795325112867385, 1.000000000000000000, 0.9238795325112867385, 1.000000000000000000, 0.9238795325112867385, 1.000000000000000000, 0.9238795325112867385, 1.000000000000000000, 0.9238795325112867385, 1.000000000000000000, 0.9238795325112867385, 1.000000000000000000, 0.9238795325112867385, 1.000000000000000000, 0.9238795325112867385, 1.000000000000000000, 0.9238795325112867385, 1.000000000000000000, 0.9238795325112867385, 1.000000000000000000, 0.9238795325112867385, 1.000000000000000000, 0.9238795325112867385, 1.000000000000000000, 0.9238795325112867385, 1.000000000000000000, 0.9238795325112867385, 1.000000000000000000, 0.9238795325112867385, 1.000000000000000000, 0.9238795325112867385, 1.000000000000000000, 0.9238795325112867385, 1.000000000000000000, 0.9238795325112867385, 1.000000000000000000, 0.9238795325112867385, 1.000000000000000000, 0.9238795325112867385, 1.000000000000000000, 0.9238795325112867385, 1.000000000000000000, 0.9238795325112867385, 1.000000000000000000, 0.9238795325112867385, 1.000000000000000000, 0.9238795325112867385, 1.000000000000000000, 0.9238795325112867385, 1.000000000000000000, 0.9238795325112867385, 1.000000000000000000, 0.9238795325112867385, 1.000000000000000000, 0.9238795325112867385, 1.000000000000000000, 0.9238795325112867385, 1.000000000000000000, 0.9238795325112867385, 1.000000000000000000, 0.9238795325112867385, 1.000000000000000000, 0.9238795325112867385, 1.000000000000000000, 0.9238795325112867385, 1.000000000000000000, 0.9238795325112867385, 1.000000000000000000, 0.9238795325112867385, 1.000000000000000000, 0.9238795325112867385, 1.000000000000000000, 0.9238795325112867385, 1.000000000000000000, 0.9238795325112867385, 1.000000000000000000, 0.9238795325112867385, 1.000000000000000000, 0.9238795325112867385, 1.000000000000000000, 0.9238795325112867385, 1.000000000000000000, 0.9238795325112867385, 1.000000000000000000, 0.9238795325112867385, 1.000000000000000000, 0.9238795325112867385, 1.000000000000000000, 0.9238795325112867385, 1.000000000000000000, 0.9238795325112867385, 1.000000000000000000, 0.9238795325112867385, 1.000000000000000000, 0.9238795325112867385, 1.000000000000000000, 0.9238795325112867385, 1.000000000000000000, 0.9238795325112867385, 1.000000000000000000, 0.9238795325112867385, 1.000000000000000000, 0.9238795325112867385, 1.000000000000000000, 0.9238795325112867385, 1.000000000000000000, 0.9238795325112867385, 1.000000000000000000, 0.9238795325112867385, 1.000000000000000000, 0.9238795325112867385, 1.000000000000000000, 0.9238795325112867385, 1.000000000000000000),
 ( 1.000000000000000000, 0.9238795325112867385, 1.000000000000000000, 0.9238795325112867385, 1.000000000000000000, 0.9238795325112867385, 1.000000000000000000, 0.9238795325112867385, 1.000000000000000000, 0.9238795325112867385, 1.000000000000000000, 0.9238795325112867385, 1.000000000000000000, 0.9238795325112867385, 1.000000000000000000, 0.9238795325112867385, 1.000000000000000000, 0.9238795325112867385, 1.000000000000000000, 0.9238795325112867385, 1.000000000000000000, 0.9238795325112867385, 1.000000000000000000, 0.9238795325112867385, 1.000000000000000000, 0.9238795325112867385, 1.000000000000000000, 0.9238795325112867385, 1.000000000000000000, 0.9238795325112867385, 1.000000000000000000, 0.9238795325112867385, 1.000000000000000000, 0.9238795325112867385, 1.000000000000000000, 0.9238795325112867385, 1.000000000000000000, 0.9238795325112867385, 1.000000000000000000, 0.9238795325112867385, 1.000000000000000000, 0.9238795325112867385, 1.000000000000000000, 0.9238795325112867385, 1.000000000000000000, 0.9238795325112867385, 1.000000000000000000, 0.9238795325112867385, 1.000000000000000000, 0.9238795325112867385, 1.000000000000000000, 0.9238795325112867385, 1.000000000000000000, 0.9238795325112867385, 1.000000000000000000, 0.9238795325112867385, 1.000000000000000000, 0.9238795325112867385, 1.000000000000000000, 0.9238795325112867385, 1.000000000000000000, 0.9238795325112867385, 1.000000000000000000, 0.9238795325112867385, 1.000000000000000000, 0.9238795325112867385, 1.000000000000000000, 0.9238795325112867385, 1.000000000000000000, 0.9238795325112867385, 1.000000000000000000, 0.9238795325112867385, 1.000000000000000000, 0.9238795325112867385, 1.000000000000000000, 0.9238795325112867385, 1.000000000000000000, 0.9238795325112867385, 1.000000000000000000, 0.9238795325112867385, 1.000000000000000000, 0.9238795325112867385, 1.000000000000000000, 0.9238795325112867385, 1.000000000000000000, 0.9238795325112867385, 1.000000000000000000, 0.9238795325112867385, 1.000000000000000000, 0.9238795325112867385, 1.000000000000000000, 0.9238795325112867385, 1.000000000000000000, 0.9238795325112867385, 1.000000000000000000, 0.9238795325112867385, 1.000000000000000000, 0.9238795325112867385, 1.000000000000000000, 0.9238795325112867385, 1.000000000000000000, 0.9238795325112867385, 1.000000000000000000, 0.9238795325112867385, 1.000000000000000000, 0.9238795325112867385, 1.000000000000000000, 0.9238795325112867385, 1.000000000000000000, 0.9238795325112867385, 1.000000000000000000, 0.9238795325112867385, 1.000000000000000000, 0.9238795325112867385, 1.000000000000000000, 0.9238795325112867385, 1.000000000000000000, 0.9238795325112867385, 1.000000000000000000, 0.9238795325112867385, 1.000000000000000000, 0.9238795325112867385, 1.000000000000000000, 0.9238795325112867385, 1.000000000000000000, 0.9238795325112867385, 1.000000000000000000, 0.9238795325112867385, 1.000000000000000000) ) ) 
 REPRESENTATION_ITEM ( '' )  SURFACE ( )  );
#1156 = AXIS2_PLACEMENT_3D ( 'NONE', #5295, #3932, #5805 ) ;
#1157 = CARTESIAN_POINT ( 'NONE',  ( 13.44999999999999929, 0.000000000000000000, 0.000000000000000000 ) ) ;
#1158 = VERTEX_POINT ( 'NONE', #8012 ) ;
#1159 = EDGE_CURVE ( 'NONE', #89, #3607, #5006, .T. ) ;
#1160 = DIRECTION ( 'NONE',  ( -1.000000000000000000, -0.000000000000000000, -0.000000000000000000 ) ) ;
#1161 = CARTESIAN_POINT ( 'NONE',  ( 0.000000000000000000, -15.69047268157664021, 0.000000000000000000 ) ) ;
#1162 = DIRECTION ( 'NONE',  ( -0.000000000000000000, 0.000000000000000000, 1.000000000000000000 ) ) ;
#1163 = CARTESIAN_POINT ( 'NONE',  ( 5.312971222579579766, 16.48687500000001194, 12.82664718204931198 ) ) ;
#1164 = FACE_OUTER_BOUND ( 'NONE', #5649, .T. ) ;
#1165 = DIRECTION ( 'NONE',  ( 1.000000000000000000, 1.231304080816852664E-16, -0.000000000000000000 ) ) ;
#1166 = ORIENTED_EDGE ( 'NONE', *, *, #1808, .T. ) ;
#1167 = CARTESIAN_POINT ( 'NONE',  ( 12.56412585201708865, -2.009527318423362185, 9.246769250645106908 ) ) ;
#1168 = AXIS2_PLACEMENT_3D ( 'NONE', #861, #5432, #2893 ) ;
#1169 = DIRECTION ( 'NONE',  ( 0.000000000000000000, 0.000000000000000000, 1.000000000000000000 ) ) ;
#1170 = CALENDAR_DATE ( 2025, 13, 3 ) ;
#1171 = ADVANCED_FACE ( 'NONE', ( #1201 ), #7832, .F. ) ;
#1172 = EDGE_LOOP ( 'NONE', ( #5551, #6271, #5891, #225 ) ) ;
#1173 = DIRECTION ( 'NONE',  ( 0.000000000000000000, 0.5000000000000001110, 0.8660254037844385966 ) ) ;
#1174 = CARTESIAN_POINT ( 'NONE',  ( 12.69999999999998508, -1.114436518957424246E-14, 0.000000000000000000 ) ) ;
#1175 = AXIS2_PLACEMENT_3D ( 'NONE', #2227, #7582, #2924 ) ;
#1176 = CARTESIAN_POINT ( 'NONE',  ( -11.30370392737971841, 11.36257219381220374, 5.021559327746395240 ) ) ;
#1177 = CARTESIAN_POINT ( 'NONE',  ( 39.00000000000000000, 0.000000000000000000, 6.750000000000000888 ) ) ;
#1178 = PLANE ( 'NONE',  #7765 ) ;
#1179 = VERTEX_POINT ( 'NONE', #3319 ) ;
#1180 = CARTESIAN_POINT ( 'NONE',  ( 0.000000000000000000, 0.000000000000000000, 0.000000000000000000 ) ) ;
#1181 = VECTOR ( 'NONE', #468, 1000.000000000000114 ) ;
#1182 = DIRECTION ( 'NONE',  ( 0.000000000000000000, -1.000000000000000000, 0.000000000000000000 ) ) ;
#1183 = EDGE_LOOP ( 'NONE', ( #1976, #5216, #3408, #6667 ) ) ;
#1184 = AXIS2_PLACEMENT_3D ( 'NONE', #3608, #6282, #264 ) ;
#1185 = EDGE_LOOP ( 'NONE', ( #7319, #3328, #2614, #1018 ) ) ;
#1186 = PLANE ( 'NONE',  #2809 ) ;
#1187 = CARTESIAN_POINT ( 'NONE',  ( 0.000000000000000000, 17.80000000000000071, 0.000000000000000000 ) ) ;
#1188 = AXIS2_PLACEMENT_3D ( 'NONE', #5077, #2536, #5346 ) ;
#1189 = ORIENTED_EDGE ( 'NONE', *, *, #4592, .F. ) ;
#1190 = CARTESIAN_POINT ( 'NONE',  ( 8.414570696119975324, 16.03125000000001066, 8.414570696119856308 ) ) ;
#1191 = CARTESIAN_POINT ( 'NONE',  ( 8.414570696119971771, 17.10125000000000739, 8.414570696119858084 ) ) ;
#1192 = CARTESIAN_POINT ( 'NONE',  ( -7.434591184897903968E-14, 15.23750000000001137, -11.89999999999999858 ) ) ;
#1193 = EDGE_LOOP ( 'NONE', ( #6775, #7567, #7637, #5014 ) ) ;
#1194 = CIRCLE ( 'NONE', #8069, 1.500000000000001332 ) ;
#1195 = APPROVAL_DATE_TIME ( #7215, #5608 ) ;
#1196 = CONICAL_SURFACE ( 'NONE', #7231, 14.70352761804100616, 1.308996938995746318 ) ;
#1197 = CARTESIAN_POINT ( 'NONE',  ( 14.29000000000000448, -2.009527318423362630, 6.257467538869049051 ) ) ;
#1198 = ORIENTED_EDGE ( 'NONE', *, *, #1232, .T. ) ;
#1199 = CARTESIAN_POINT ( 'NONE',  ( 12.69999999999989981, 15.46125521535169334, -5.260512242138412731 ) ) ;
#1200 = AXIS2_PLACEMENT_3D ( 'NONE', #7249, #1323, #3999 ) ;
#1201 = FACE_OUTER_BOUND ( 'NONE', #1668, .T. ) ;
#1202 = ORIENTED_EDGE ( 'NONE', *, *, #1364, .T. ) ;
#1203 = FACE_OUTER_BOUND ( 'NONE', #1680, .T. ) ;
#1204 = CARTESIAN_POINT ( 'NONE',  ( 46.70000000000001705, 0.000000000000000000, 2.299999999999999822 ) ) ;
#1205 = EDGE_CURVE ( 'NONE', #3851, #4385, #4590, .T. ) ;
#1206 = ADVANCED_FACE ( 'NONE', ( #5244, #3186 ), #6156, .T. ) ;
#1207 =( BOUNDED_CURVE ( )  B_SPLINE_CURVE ( 2, ( #5930, #8606, #1949, #2658, #5330, #5490, #5604, #2940, #2285 ),
 .UNSPECIFIED., .F., .F. ) 
 B_SPLINE_CURVE_WITH_KNOTS ( ( 3, 2, 2, 2, 3 ),
 ( 0.6875000000000000000, 0.7031250000000000000, 0.7187500000000000000, 0.7343750000000000000, 0.7500000000000000000 ),
 .UNSPECIFIED. ) 
 CURVE ( )  GEOMETRIC_REPRESENTATION_ITEM ( )  RATIONAL_B_SPLINE_CURVE ( ( 1.000000000000000000, 0.9238795325112867385, 1.000000000000000000, 0.9238795325112867385, 1.000000000000000000, 0.9238795325112867385, 1.000000000000000000, 0.9238795325112867385, 1.000000000000000000 ) ) 
 REPRESENTATION_ITEM ( '' )  );
#1208 = CARTESIAN_POINT ( 'NONE',  ( 0.000000000000000000, 17.80000000000000071, 0.000000000000000000 ) ) ;
#1209 = CARTESIAN_POINT ( 'NONE',  ( 4.929141392239709596, 13.88812500000001648, -11.90000000000006608 ) ) ;
#1210 = CARTESIAN_POINT ( 'NONE',  ( 9.069809202314353058, 14.34375000000001421, -9.069809202314482732 ) ) ;
#1211 = DIRECTION ( 'NONE',  ( 0.000000000000000000, 0.000000000000000000, 1.000000000000000000 ) ) ;
#1212 = CC_DESIGN_DATE_AND_TIME_ASSIGNMENT ( #5009, #2916, ( #6304 ) ) ;
#1213 = DIRECTION ( 'NONE',  ( -1.000000000000000000, -0.000000000000000000, -0.000000000000000000 ) ) ;
#1214 = EDGE_LOOP ( 'NONE', ( #3231, #3466, #386, #7564 ) ) ;
#1215 = CARTESIAN_POINT ( 'NONE',  ( 34.40000000000000568, -5.499261314031186565, 9.525000000000002132 ) ) ;
#1216 = DIRECTION ( 'NONE',  ( -1.000000000000000000, -0.000000000000000000, -0.000000000000000000 ) ) ;
#1217 = COORDINATED_UNIVERSAL_TIME_OFFSET ( 8, 0, .AHEAD. ) ;
#1218 = ADVANCED_FACE ( 'NONE', ( #7924 ), #8620, .F. ) ;
#1219 = AXIS2_PLACEMENT_3D ( 'NONE', #6391, #1650, #1780 ) ;
#1220 = VERTEX_POINT ( 'NONE', #2526 ) ;
#1221 = CARTESIAN_POINT ( 'NONE',  ( -11.89999999999996660, 12.89437500000001613, 4.929141392239915653 ) ) ;
#1222 = CARTESIAN_POINT ( 'NONE',  ( -11.44999999999999751, 0.000000000000000000, 0.000000000000000000 ) ) ;
#1223 = LINE ( 'NONE', #2734, #7433 ) ;
#1224 = DIRECTION ( 'NONE',  ( -8.775090700452169195E-16, -1.000000000000000000, -0.000000000000000000 ) ) ;
#1225 = VECTOR ( 'NONE', #4051, 1000.000000000000000 ) ;
#1226 = CARTESIAN_POINT ( 'NONE',  ( -8.382592070995923663E-14, 15.03750000000001208, -11.89999999999999858 ) ) ;
#1227 = ORIENTED_EDGE ( 'NONE', *, *, #1242, .T. ) ;
#1228 = DIRECTION ( 'NONE',  ( 9.800697604388738773E-17, -1.000000000000000000, 0.000000000000000000 ) ) ;
#1229 = LINE ( 'NONE', #485, #1517 ) ;
#1230 = ORIENTED_EDGE ( 'NONE', *, *, #2172, .F. ) ;
#1231 = ORIENTED_EDGE ( 'NONE', *, *, #8121, .F. ) ;
#1232 = EDGE_CURVE ( 'NONE', #2135, #2714, #7258, .T. ) ;
#1233 = ORIENTED_EDGE ( 'NONE', *, *, #3805, .T. ) ;
#1234 = CLOSED_SHELL ( 'NONE', ( #2982, #5437, #7504, #5821, #8354, #2717 ) ) ;
#1235 = DIRECTION ( 'NONE',  ( 0.000000000000000000, 0.000000000000000000, 1.000000000000000000 ) ) ;
#1236 = ORIENTED_EDGE ( 'NONE', *, *, #709, .F. ) ;
#1237 = CARTESIAN_POINT ( 'NONE',  ( 12.27635182233307987, 0.000000000000000000, 0.000000000000000000 ) ) ;
#1238 = EDGE_LOOP ( 'NONE', ( #6196, #7310, #3122, #4049 ) ) ;
#1239 = FACE_OUTER_BOUND ( 'NONE', #579, .T. ) ;
#1240 = CARTESIAN_POINT ( 'NONE',  ( 8.414570696119838544, 15.07875000000001187, -8.414570696119989535 ) ) ;
#1241 = CARTESIAN_POINT ( 'NONE',  ( -2.475000000000000089, 0.000000000000000000, 13.00000000000000000 ) ) ;
#1242 = EDGE_CURVE ( 'NONE', #7269, #7435, #5296, .T. ) ;
#1243 = EDGE_LOOP ( 'NONE', ( #2260, #707 ) ) ;
#1244 = DIRECTION ( 'NONE',  ( 0.000000000000000000, 0.000000000000000000, 1.000000000000000000 ) ) ;
#1245 = LINE ( 'NONE', #1071, #2921 ) ;
#1246 = VERTEX_POINT ( 'NONE', #2626 ) ;
#1248 = VERTEX_POINT ( 'NONE', #8572 ) ;
#1247 = CARTESIAN_POINT ( 'NONE',  ( 0.000000000000000000, -1.201236941557884519, -14.20000000000000107 ) ) ;
#1249 = CARTESIAN_POINT ( 'NONE',  ( -1.725874147982916273, 5.311121375574494618E-16, -15.50423678951415418 ) ) ;
#1250 = EDGE_CURVE ( 'NONE', #2663, #3774, #208, .T. ) ;
#1251 = VERTEX_POINT ( 'NONE', #5153 ) ;
#1252 = DIRECTION ( 'NONE',  ( 1.000000000000000000, 0.000000000000000000, 0.000000000000000000 ) ) ;
#1253 = CARTESIAN_POINT ( 'NONE',  ( -12.94999999999999218, 9.400000000000025224, -13.44999999999999929 ) ) ;
#1254 = AXIS2_PLACEMENT_3D ( 'NONE', #2487, #8447, #6305 ) ;
#1255 = ADVANCED_FACE ( 'NONE', ( #6694 ), #8193, .T. ) ;
#1256 = CIRCLE ( 'NONE', #6023, 9.525000000000000355 ) ;
#1257 = CARTESIAN_POINT ( 'NONE',  ( 17.47810899155977893, 0.000000000000000000, 0.000000000000000000 ) ) ;
#1258 = CONICAL_SURFACE ( 'NONE', #415, 2.499999999999998668, 0.7853981633974482790 ) ;
#1259 = CARTESIAN_POINT ( 'NONE',  ( -14.29000000000000625, -16.12055012017323818, -4.184373678248402229 ) ) ;
#1260 = CARTESIAN_POINT ( 'NONE',  ( 12.82664718204935106, 15.45500000000001428, -9.113880979362923189E-14 ) ) ;
#1261 = CARTESIAN_POINT ( 'NONE',  ( 1.588915744860076806, 0.9906179837802151500, -1.301860843070721474 ) ) ;
#1262 = VECTOR ( 'NONE', #3033, 1000.000000000000227 ) ;
#1263 = CARTESIAN_POINT ( 'NONE',  ( 5.312971222579579766, 11.40687500000002430, 12.82664718204931198 ) ) ;
#1264 = VERTEX_POINT ( 'NONE', #5890 ) ;
#1265 = CARTESIAN_POINT ( 'NONE',  ( 5.342430495083339892, -1.334767296204545595, 13.41621700897627889 ) ) ;
#1266 = ADVANCED_FACE ( 'NONE', ( #1911 ), #7272, .T. ) ;
#1267 = DIRECTION ( 'NONE',  ( 0.5773502691896236216, -0.5773502691896258421, 0.5773502691896278405 ) ) ;
#1268 = PERSON_AND_ORGANIZATION ( #129, #430 ) ;
#1269 =( BOUNDED_CURVE ( )  B_SPLINE_CURVE ( 2, ( #767, #6077, #1952, #7400, #4022, #3449, #4632, #2000, #6123 ),
 .UNSPECIFIED., .F., .T. ) 
 B_SPLINE_CURVE_WITH_KNOTS ( ( 3, 2, 2, 2, 3 ),
 ( 0.3437499999999998890, 0.3593749999999999445, 0.3750000000000000000, 0.3906250000000000000, 0.4062500000000000555 ),
 .UNSPECIFIED. ) 
 CURVE ( )  GEOMETRIC_REPRESENTATION_ITEM ( )  RATIONAL_B_SPLINE_CURVE ( ( 1.000000000000000444, 0.9238795325112861834, 1.000000000000000000, 0.9238795325112867385, 1.000000000000000000, 0.9238795325112867385, 1.000000000000000000, 0.9238795325112865164, 1.000000000000000222 ) ) 
 REPRESENTATION_ITEM ( '' )  );
#1270 = EDGE_CURVE ( 'NONE', #567, #1418, #5377, .T. ) ;
#1271 = ORIENTED_EDGE ( 'NONE', *, *, #7449, .F. ) ;
#1272 = ORIENTED_EDGE ( 'NONE', *, *, #8435, .F. ) ;
#1273 = LINE ( 'NONE', #516, #3003 ) ;
#1274 = AXIS2_PLACEMENT_3D ( 'NONE', #2477, #1813, #6503 ) ;
#1275 = DIRECTION ( 'NONE',  ( 0.000000000000000000, 0.000000000000000000, 1.000000000000000000 ) ) ;
#1276 = DIRECTION ( 'NONE',  ( 1.000000000000000000, -9.376883653928698457E-16, 0.000000000000000000 ) ) ;
#1277 = EDGE_CURVE ( 'NONE', #6160, #6547, #6376, .T. ) ;
#1278 = CARTESIAN_POINT ( 'NONE',  ( -11.90000000000003233, 17.81562500000000782, -4.929141392239748676 ) ) ;
#1279 = ORIENTED_EDGE ( 'NONE', *, *, #8399, .T. ) ;
#1280 = CYLINDRICAL_SURFACE ( 'NONE', #4274, 12.69999999999998508 ) ;
#1281 = DIRECTION ( 'NONE',  ( 0.000000000000000000, 0.000000000000000000, 1.000000000000000000 ) ) ;
#1282 = PRODUCT_DEFINITION_FORMATION_WITH_SPECIFIED_SOURCE ( '任何', '', #1384, .NOT_KNOWN. ) ;
#1283 = EDGE_CURVE ( 'NONE', #4885, #3931, #7068, .T. ) ;
#1284 = AXIS2_PLACEMENT_3D ( 'NONE', #6443, #428, #3117 ) ;
#1285 = EDGE_LOOP ( 'NONE', ( #4875, #515, #4013, #6879 ) ) ;
#1286 = EDGE_LOOP ( 'NONE', ( #7892, #5780, #872, #7764 ) ) ;
#1287 = LINE ( 'NONE', #711, #6722 ) ;
#1288 = LOCAL_TIME ( 22, 24, 23.00000000000000000, #5111 ) ;
#1289 = CARTESIAN_POINT ( 'NONE',  ( -7.143125246700833810E-14, 16.30750000000000810, -11.89999999999999858 ) ) ;
#1290 = ORIENTED_EDGE ( 'NONE', *, *, #5888, .F. ) ;
#1291 = CARTESIAN_POINT ( 'NONE',  ( 8.414570696119975324, 10.95125000000001947, 8.414570696119856308 ) ) ;
#1292 = AXIS2_PLACEMENT_3D ( 'NONE', #1477, #4070, #4160 ) ;
#1293 = EDGE_CURVE ( 'NONE', #7941, #5815, #7651, .T. ) ;
#1294 = CC_DESIGN_PERSON_AND_ORGANIZATION_ASSIGNMENT ( #6093, #7418, ( #1428 ) ) ;
#1295 = CARTESIAN_POINT ( 'NONE',  ( 1.026685611952905444E-14, 11.70000000000001883, 0.000000000000000000 ) ) ;
#1296 = CARTESIAN_POINT ( 'NONE',  ( 12.11555136271317501, 17.58444863728682961, -1.145168028406606560E-11 ) ) ;
#1297 = VERTEX_POINT ( 'NONE', #2166 ) ;
#1298 = CARTESIAN_POINT ( 'NONE',  ( 33.68682061507833936, 8.641945085602491972, 3.252606517457396333E-16 ) ) ;
#1299 = ADVANCED_FACE ( 'NONE', ( #6202 ), #6652, .T. ) ;
#1300 = CYLINDRICAL_SURFACE ( 'NONE', #2352, 2.299999999999996714 ) ;
#1301 = ORIENTED_EDGE ( 'NONE', *, *, #6361, .T. ) ;
#1302 = DIRECTION ( 'NONE',  ( 8.659560562354929160E-17, -0.7071067811865479058, 0.7071067811865471286 ) ) ;
#1303 = CARTESIAN_POINT ( 'NONE',  ( 24.00000000000000000, 0.000000000000000000, 0.000000000000000000 ) ) ;
#1304 = VERTEX_POINT ( 'NONE', #4962 ) ;
#1305 = CARTESIAN_POINT ( 'NONE',  ( -8.073252374094717965, -1.254181481906627260, -11.83957626202013458 ) ) ;
#1306 = CARTESIAN_POINT ( 'NONE',  ( -6.999999999999999112, 3.888253587292846081E-16, -3.174999999999999822 ) ) ;
#1307 = LINE ( 'NONE', #7323, #7229 ) ;
#1308 = CARTESIAN_POINT ( 'NONE',  ( -14.29000000000000448, -16.44691975619575430, 1.045109900475309272 ) ) ;
#1309 = CARTESIAN_POINT ( 'NONE',  ( 5.312971222579579766, 19.02687500000000398, 12.82664718204931198 ) ) ;
#1310 = LINE ( 'NONE', #8021, #6110 ) ;
#1311 = CARTESIAN_POINT ( 'NONE',  ( -12.82664718204931198, 12.35937500000001954, 5.312971222579581543 ) ) ;
#1312 = EDGE_LOOP ( 'NONE', ( #4714, #1114, #3679, #690, #3296, #3031 ) ) ;
#1313 = CYLINDRICAL_SURFACE ( 'NONE', #3549, 11.89999999999999858 ) ;
#1314 = DIRECTION ( 'NONE',  ( 0.000000000000000000, 0.000000000000000000, 1.000000000000000000 ) ) ;
#1315 = PERSON_AND_ORGANIZATION ( #129, #430 ) ;
#1316 = CIRCLE ( 'NONE', #6215, 15.59999999999999964 ) ;
#1317 = EDGE_CURVE ( 'NONE', #5383, #1601, #4812, .T. ) ;
#1318 = ORIENTED_EDGE ( 'NONE', *, *, #2840, .F. ) ;
#1319 = ORIENTED_EDGE ( 'NONE', *, *, #5546, .T. ) ;
#1320 = DIRECTION ( 'NONE',  ( -1.000000000000000000, -0.000000000000000000, -0.000000000000000000 ) ) ;
#1321 = CARTESIAN_POINT ( 'NONE',  ( -12.69999999999996909, 14.89311978464833253, 8.868362600661534741E-14 ) ) ;
#1322 = CARTESIAN_POINT ( 'NONE',  ( 13.79999999999999716, -2.300000000000002043, 2.816687638038914521E-16 ) ) ;
#1323 = DIRECTION ( 'NONE',  ( -1.000000000000000000, -0.000000000000000000, -0.000000000000000000 ) ) ;
#1324 = CARTESIAN_POINT ( 'NONE',  ( -8.414570696119854532, 15.51375000000001236, 8.414570696119975324 ) ) ;
#1325 = ORIENTED_EDGE ( 'NONE', *, *, #5019, .T. ) ;
#1326 = DIRECTION ( 'NONE',  ( 9.800697604388738773E-17, -1.000000000000000000, 0.000000000000000000 ) ) ;
#1327 = EDGE_CURVE ( 'NONE', #1728, #8638, #3649, .T. ) ;
#1328 = CIRCLE ( 'NONE', #5938, 2.500000000000000444 ) ;
#1329 = EDGE_CURVE ( 'NONE', #6025, #801, #7501, .T. ) ;
#1330 = ORIENTED_EDGE ( 'NONE', *, *, #560, .F. ) ;
#1331 = DIRECTION ( 'NONE',  ( 0.7071067811865463515, -0.7071067811865487940, 0.000000000000000000 ) ) ;
#1332 = EDGE_LOOP ( 'NONE', ( #2460, #3520, #4061, #4266 ) ) ;
#1333 = CARTESIAN_POINT ( 'NONE',  ( 0.000000000000000000, -11.19999999999999929, 0.000000000000000000 ) ) ;
#1334 = ORIENTED_EDGE ( 'NONE', *, *, #266, .T. ) ;
#1335 = CARTESIAN_POINT ( 'NONE',  ( 8.528325040094456217E-14, 13.33250000000001378, 11.89999999999999858 ) ) ;
#1336 = EDGE_CURVE ( 'NONE', #7397, #2663, #6977, .T. ) ;
#1337 = FACE_OUTER_BOUND ( 'NONE', #1312, .T. ) ;
#1338 = PLANE ( 'NONE',  #3518 ) ;
#1339 = EDGE_LOOP ( 'NONE', ( #439, #3625, #1414, #636 ) ) ;
#1340 = AXIS2_PLACEMENT_3D ( 'NONE', #3526, #2294, #5656 ) ;
#1341 = PERSON_AND_ORGANIZATION ( #129, #430 ) ;
#1342 = AXIS2_PLACEMENT_3D ( 'NONE', #796, #5446, #2243 ) ;
#1343 = AXIS2_PLACEMENT_3D ( 'NONE', #5000, #2502, #5129 ) ;
#1344 = CARTESIAN_POINT ( 'NONE',  ( -12.94999999999999218, 9.150000000000019895, -13.19999999999999574 ) ) ;
#1345 = ORIENTED_EDGE ( 'NONE', *, *, #6852, .T. ) ;
#1346 = DIRECTION ( 'NONE',  ( -0.000000000000000000, 1.000000000000000000, -0.000000000000000000 ) ) ;
#1347 = VECTOR ( 'NONE', #907, 1000.000000000000000 ) ;
#1348 = DIRECTION ( 'NONE',  ( 0.000000000000000000, -1.000000000000000000, 0.000000000000000000 ) ) ;
#1349 = EDGE_LOOP ( 'NONE', ( #7377, #3746, #5963, #1873 ) ) ;
#1350 = CARTESIAN_POINT ( 'NONE',  ( -1.725874147982918050, -2.009527318423362185, 15.50423678951415596 ) ) ;
#1351 = EDGE_CURVE ( 'NONE', #6986, #1639, #2176, .T. ) ;
#1352 = CARTESIAN_POINT ( 'NONE',  ( 13.79999999999999716, 0.000000000000000000, 0.000000000000000000 ) ) ;
#1353 = CIRCLE ( 'NONE', #8334, 0.3999999999999988565 ) ;
#1354 = CIRCLE ( 'NONE', #3173, 4.799999999999999822 ) ;
#1355 = DIRECTION ( 'NONE',  ( 9.614813431917856060E-17, 0.7071067811865487940, 0.7071067811865463515 ) ) ;
#1356 = CARTESIAN_POINT ( 'NONE',  ( -14.29000000000000803, -15.69047268157664021, -6.257467538869046386 ) ) ;
#1357 = CARTESIAN_POINT ( 'NONE',  ( 8.414570696119975324, 19.84125000000000227, 8.414570696119856308 ) ) ;
#1358 = CARTESIAN_POINT ( 'NONE',  ( 1.861772920729458880, 0.8812481512571742615, -0.8675599032594638604 ) ) ;
#1359 = CARTESIAN_POINT ( 'NONE',  ( 9.192421541439370070E-14, 12.59750000000001791, 12.82664718204935106 ) ) ;
#1360 = ORIENTED_EDGE ( 'NONE', *, *, #7799, .T. ) ;
#1361 = CARTESIAN_POINT ( 'NONE',  ( 0.000000000000000000, 34.29999999999999716, 0.000000000000000000 ) ) ;
#1362 = DIRECTION ( 'NONE',  ( -1.000000000000000000, -0.000000000000000000, -0.000000000000000000 ) ) ;
#1363 = PERSON_AND_ORGANIZATION ( #129, #430 ) ;
#1364 = EDGE_CURVE ( 'NONE', #4722, #8332, #3708, .T. ) ;
#1365 = EDGE_LOOP ( 'NONE', ( #254, #1983, #5266, #5494, #7460, #4578, #4192, #5154, #4165, #3556 ) ) ;
#1366 = ORIENTED_EDGE ( 'NONE', *, *, #8248, .T. ) ;
#1367 = DIRECTION ( 'NONE',  ( 0.000000000000000000, 0.000000000000000000, -1.000000000000000000 ) ) ;
#1368 = CARTESIAN_POINT ( 'NONE',  ( 0.09036699355935866318, 1.046587237246076274, 2.048086799181495277 ) ) ;
#1369 = PLANE ( 'NONE',  #832 ) ;
#1370 = DIRECTION ( 'NONE',  ( 0.000000000000000000, -1.000000000000000000, 0.000000000000000000 ) ) ;
#1371 = CARTESIAN_POINT ( 'NONE',  ( 8.414570696119975324, 18.37125000000000696, 8.414570696119856308 ) ) ;
#1372 = ORIENTED_EDGE ( 'NONE', *, *, #7883, .F. ) ;
#1373 = CARTESIAN_POINT ( 'NONE',  ( -12.94999999999999218, 9.400000000000023448, 12.94999999999999218 ) ) ;
#1374 = CARTESIAN_POINT ( 'NONE',  ( 2.940209281316652570E-17, -17.69999999999999929, 0.000000000000000000 ) ) ;
#1375 = ORIENTED_EDGE ( 'NONE', *, *, #7674, .T. ) ;
#1376 = AXIS2_PLACEMENT_3D ( 'NONE', #3230, #3839, #6647 ) ;
#1377 = DIRECTION ( 'NONE',  ( 0.000000000000000000, 0.7071067811865462405, -0.7071067811865487940 ) ) ;
#1378 = DIRECTION ( 'NONE',  ( 0.000000000000000000, -1.000000000000000000, -0.000000000000000000 ) ) ;
#1379 = VERTEX_POINT ( 'NONE', #148 ) ;
#1380 = CARTESIAN_POINT ( 'NONE',  ( 11.90000000000003588, 13.57062500000001748, 4.929141392239745123 ) ) ;
#1381 = CARTESIAN_POINT ( 'NONE',  ( 13.44999999999999929, 1.010658625831996795E-15, 8.252653961416930528 ) ) ;
#1382 = EDGE_CURVE ( 'NONE', #3224, #537, #4839, .T. ) ;
#1383 = ORIENTED_EDGE ( 'NONE', *, *, #3182, .T. ) ;
#1384 = PRODUCT ( 'TB4-L13', 'TB4-L13', '', ( #5166 ) ) ;
#1385 = CALENDAR_DATE ( 2025, 13, 3 ) ;
#1386 = VECTOR ( 'NONE', #5193, 1000.000000000000000 ) ;
#1387 =( REPRESENTATION_RELATIONSHIP ('NONE','NONE', #5133, #4247 ) REPRESENTATION_RELATIONSHIP_WITH_TRANSFORMATION ( #6796 )SHAPE_REPRESENTATION_RELATIONSHIP( ) );
#1388 = DIRECTION ( 'NONE',  ( 0.000000000000000000, -1.224646799147353454E-16, 1.000000000000000000 ) ) ;
#1389 = ORIENTED_EDGE ( 'NONE', *, *, #2497, .T. ) ;
#1390 = CARTESIAN_POINT ( 'NONE',  ( -11.09999999999998543, 9.740350677501893341E-15, 1.359357947053560184E-15 ) ) ;
#1391 = EDGE_CURVE ( 'NONE', #2135, #6554, #4846, .T. ) ;
#1392 = VERTEX_POINT ( 'NONE', #885 ) ;
#1393 = DIRECTION ( 'NONE',  ( -0.000000000000000000, 0.000000000000000000, -1.000000000000000000 ) ) ;
#1394 = DIRECTION ( 'NONE',  ( -8.775090700452169195E-16, -1.000000000000000000, -0.000000000000000000 ) ) ;
#1395 = ADVANCED_FACE ( 'NONE', ( #3567 ), #1041, .F. ) ;
#1396 = CARTESIAN_POINT ( 'NONE',  ( 4.999999999999997335, 0.000000000000000000, 0.000000000000000000 ) ) ;
#1397 = DIRECTION ( 'NONE',  ( -1.000000000000000000, -0.000000000000000000, -0.000000000000000000 ) ) ;
#1398 = CARTESIAN_POINT ( 'NONE',  ( -8.382592070995921138E-14, 20.31750000000000256, -11.89999999999999858 ) ) ;
#1399 = CARTESIAN_POINT ( 'NONE',  ( 0.3721226594836736234, 1.075715392538818538, -2.033168650631986374 ) ) ;
#1400 = CARTESIAN_POINT ( 'NONE',  ( 41.79999999999999716, 0.000000000000000000, 0.000000000000000000 ) ) ;
#1401 = VERTEX_POINT ( 'NONE', #8256 ) ;
#1402 = FACE_OUTER_BOUND ( 'NONE', #6857, .T. ) ;
#1403 = ADVANCED_FACE ( 'NONE', ( #8426 ), #7200, .F. ) ;
#1404 = PRODUCT_DEFINITION ( '未知', '', #4085, #7673 ) ;
#1405 = DIRECTION ( 'NONE',  ( 0.000000000000000000, 0.000000000000000000, 1.000000000000000000 ) ) ;
#1406 = VECTOR ( 'NONE', #2912, 1000.000000000000000 ) ;
#1407 = AXIS2_PLACEMENT_3D ( 'NONE', #6925, #5441, #2110 ) ;
#1408 = ORIENTED_EDGE ( 'NONE', *, *, #6386, .F. ) ;
#1409 = CARTESIAN_POINT ( 'NONE',  ( 0.01810752359709590781, 1.042832680730700456, 2.050000000000001155 ) ) ;
#1410 = DIRECTION ( 'NONE',  ( -0.000000000000000000, -1.000000000000000000, -0.000000000000000000 ) ) ;
#1411 = CARTESIAN_POINT ( 'NONE',  ( -8.946127672407389414E-14, 16.96938021535168772, -12.69999999999996732 ) ) ;
#1412 = CYLINDRICAL_SURFACE ( 'NONE', #7088, 11.09999999999998543 ) ;
#1413 = CARTESIAN_POINT ( 'NONE',  ( 8.414570696119856308, 16.14875000000001037, -8.414570696119973547 ) ) ;
#1414 = ORIENTED_EDGE ( 'NONE', *, *, #4761, .T. ) ;
#1415 = CARTESIAN_POINT ( 'NONE',  ( -12.69999999999995666, 14.97249478464833139, 5.260512242138362105 ) ) ;
#1416 = DIRECTION ( 'NONE',  ( -0.000000000000000000, 0.000000000000000000, 1.000000000000000000 ) ) ;
#1417 = VECTOR ( 'NONE', #3356, 1000.000000000000000 ) ;
#1418 = VERTEX_POINT ( 'NONE', #7111 ) ;
#1419 = DIRECTION ( 'NONE',  ( 0.000000000000000000, 0.000000000000000000, 1.000000000000000000 ) ) ;
#1421 = ADVANCED_FACE ( 'NONE', ( #7734 ), #5095, .F. ) ;
#1420 = CARTESIAN_POINT ( 'NONE',  ( 34.40000000000000568, -5.499261314031186565, 9.525000000000002132 ) ) ;
#1422 = ORIENTED_EDGE ( 'NONE', *, *, #7658, .F. ) ;
#1423 = CARTESIAN_POINT ( 'NONE',  ( -11.89999999999996305, 10.55437500000001982, 4.929141392239922759 ) ) ;
#1424 = APPROVAL_PERSON_ORGANIZATION ( #3696, #4764, #8258 ) ;
#1425 = CARTESIAN_POINT ( 'NONE',  ( -1.725874147982911611, -15.69047268157663666, 15.50423678951415951 ) ) ;
#1426 = CIRCLE ( 'NONE', #159, 9.525000000000000355 ) ;
#1427 = COORDINATED_UNIVERSAL_TIME_OFFSET ( 8, 0, .AHEAD. ) ;
#1429 = ORIENTED_EDGE ( 'NONE', *, *, #6932, .T. ) ;
#1428 = SECURITY_CLASSIFICATION ( '', '', #821 ) ;
#1430 = CIRCLE ( 'NONE', #6328, 3.399999999999999911 ) ;
#1431 = DIRECTION ( 'NONE',  ( -1.000000000000000000, -0.000000000000000000, -0.000000000000000000 ) ) ;
#1432 = CARTESIAN_POINT ( 'NONE',  ( -13.19999999999999751, -10.69999999999999218, 13.19999999999999396 ) ) ;
#1433 = ORIENTED_EDGE ( 'NONE', *, *, #1503, .T. ) ;
#1434 = CARTESIAN_POINT ( 'NONE',  ( 9.108199171718355913, 17.49066194805499563, 8.140772847439169624 ) ) ;
#1435 = ORGANIZATION ( 'NAUO-ORG6', 'UNSPECIFIED', 'UNSPECIFIED' ) ;
#1436 = SHAPE_REPRESENTATION_RELATIONSHIP ( 'NONE' , 'NONE' ,  #5425, #4202 ) ;
#1437 = ADVANCED_FACE ( 'NONE', ( #3084 ), #3743, .T. ) ;
#1438 =( GEOMETRIC_REPRESENTATION_CONTEXT ( 3 ) GLOBAL_UNCERTAINTY_ASSIGNED_CONTEXT ( ( #2319 ) ) GLOBAL_UNIT_ASSIGNED_CONTEXT ( ( #7354, #7265, #6464 ) ) REPRESENTATION_CONTEXT ( 'NONE', 'WORKASPACE' ) );
#1439 = VECTOR ( 'NONE', #3958, 1000.000000000000000 ) ;
#1440 = FACE_OUTER_BOUND ( 'NONE', #6197, .T. ) ;
#1441 = CARTESIAN_POINT ( 'NONE',  ( 12.82664718204935106, 12.91500000000001869, -9.113880979362923189E-14 ) ) ;
#1442 = DIRECTION ( 'NONE',  ( 0.000000000000000000, 0.000000000000000000, -1.000000000000000000 ) ) ;
#1443 = EDGE_CURVE ( 'NONE', #6218, #1304, #1937, .T. ) ;
#1444 = CARTESIAN_POINT ( 'NONE',  ( 13.79999999999999716, -4.528870610996714963E-16, 0.000000000000000000 ) ) ;
#1445 = ORIENTED_EDGE ( 'NONE', *, *, #1967, .F. ) ;
#1446 = CARTESIAN_POINT ( 'NONE',  ( -12.94999999999999218, -11.19999999999999929, 12.94999999999999218 ) ) ;
#1447 = CONICAL_SURFACE ( 'NONE', #3816, 2.500000000000000444, 0.7853981633974430610 ) ;
#1448 = CARTESIAN_POINT ( 'NONE',  ( 12.27635182233307987, 0.000000000000000000, 0.000000000000000000 ) ) ;
#1449 = DATE_TIME_ROLE ( 'classification_date' ) ;
#1450 = EDGE_LOOP ( 'NONE', ( #7038, #4982, #5187, #3396, #788 ) ) ;
#1451 = ORIENTED_EDGE ( 'NONE', *, *, #4865, .F. ) ;
#1452 = CARTESIAN_POINT ( 'NONE',  ( -12.69999999999996909, 12.35311978464833871, 8.868362600661534741E-14 ) ) ;
#1453 = CARTESIAN_POINT ( 'NONE',  ( 4.963898969966152208, 9.165435523385312422, -3.174999999999999378 ) ) ;
#1454 = CARTESIAN_POINT ( 'NONE',  ( 5.260512242138388750, 16.41375521535169213, 12.69999999999992646 ) ) ;
#1455 = LINE ( 'NONE', #2863, #367 ) ;
#1456 = CARTESIAN_POINT ( 'NONE',  ( -9.069809202314351282, 18.78875000000000739, 9.069809202314482732 ) ) ;
#1457 = ORIENTED_EDGE ( 'NONE', *, *, #2573, .F. ) ;
#1458 = CARTESIAN_POINT ( 'NONE',  ( 9.101657815899105072E-14, 15.21061978464833153, 12.69999999999996909 ) ) ;
#1459 = AXIS2_PLACEMENT_3D ( 'NONE', #1866, #7274, #8574 ) ;
#1460 = CARTESIAN_POINT ( 'NONE',  ( 0.000000000000000000, -11.19999999999999929, 12.94999999999999218 ) ) ;
#1461 = EDGE_CURVE ( 'NONE', #1248, #3774, #2273, .T. ) ;
#1462 = ORIENTED_EDGE ( 'NONE', *, *, #7502, .T. ) ;
#1463 = B_SPLINE_CURVE_WITH_KNOTS ( 'NONE', 3,
 ( #1167, #3898, #5259, #1925, #6522, #7329, #6615, #1265, #4602, #8633, #4037, #2636 ),
 .UNSPECIFIED., .F., .F.,
 ( 4, 2, 2, 2, 2, 4 ),
 ( 2.344180752204068229E-07, 0.003137532069197803038, 0.006274829720320385801, 0.007843478545881677616, 0.009412127371442971166, 0.01254942502256556000 ),
 .UNSPECIFIED. ) ;
#1464 = FACE_OUTER_BOUND ( 'NONE', #7847, .T. ) ;
#1465 = DIRECTION ( 'NONE',  ( -1.000000000000000000, -0.000000000000000000, -0.000000000000000000 ) ) ;
#1466 = VERTEX_POINT ( 'NONE', #5746 ) ;
#1467 = LINE ( 'NONE', #1551, #775 ) ;
#1468 = VERTEX_POINT ( 'NONE', #7154 ) ;
#1469 = APPROVAL_STATUS ( 'not_yet_approved' ) ;
#1470 = ORIENTED_EDGE ( 'NONE', *, *, #2389, .F. ) ;
#1471 = LINE ( 'NONE', #6600, #4457 ) ;
#1472 = CARTESIAN_POINT ( 'NONE',  ( 8.414570696119843873, 17.61875000000000568, -8.414570696119985982 ) ) ;
#1473 = AXIS2_PLACEMENT_3D ( 'NONE', #3619, #7665, #5673 ) ;
#1474 = ORIENTED_EDGE ( 'NONE', *, *, #1916, .F. ) ;
#1475 = CARTESIAN_POINT ( 'NONE',  ( -12.40455242486761200, 17.19791561265896718, 1.610476656462467737 ) ) ;
#1476 = CIRCLE ( 'NONE', #1342, 11.00000000000000000 ) ;
#1477 = CARTESIAN_POINT ( 'NONE',  ( -0.4999999999999998890, 0.000000000000000000, 0.000000000000000000 ) ) ;
#1478 = CIRCLE ( 'NONE', #349, 3.174999999999999822 ) ;
#1479 = VECTOR ( 'NONE', #3467, 1000.000000000000000 ) ;
#1480 = CARTESIAN_POINT ( 'NONE',  ( 0.3952250588359064176, 0.000000000000000000, 0.000000000000000000 ) ) ;
#1481 = PERSON ( 'NAUO-PER5', 'UNSPECIFIED', 'UNSPECIFIED', ('UNSPECIFIED'), ('UNSPECIFIED'), ('UNSPECIFIED') ) ;
#1482 = CARTESIAN_POINT ( 'NONE',  ( 9.069809202314482732, 12.75625000000001741, 9.069809202314353058 ) ) ;
#1483 = CYLINDRICAL_SURFACE ( 'NONE', #8315, 3.174999999999999822 ) ;
#1485 = ORIENTED_EDGE ( 'NONE', *, *, #5415, .T. ) ;
#1484 = AXIS2_PLACEMENT_3D ( 'NONE', #1618, #7677, #294 ) ;
#1486 = DIRECTION ( 'NONE',  ( 1.000000000000000000, 0.000000000000000000, 0.000000000000000000 ) ) ;
#1487 = EDGE_CURVE ( 'NONE', #2730, #263, #4572, .T. ) ;
#1488 = CYLINDRICAL_SURFACE ( 'NONE', #5351, 2.299999999999999822 ) ;
#1489 = CALENDAR_DATE ( 2025, 13, 3 ) ;
#1490 = EDGE_CURVE ( 'NONE', #891, #6036, #3828, .T. ) ;
#1491 = AXIS2_PLACEMENT_3D ( 'NONE', #3108, #7090, #5031 ) ;
#1492 = ORIENTED_EDGE ( 'NONE', *, *, #4360, .F. ) ;
#1493 = DIRECTION ( 'NONE',  ( 1.000000000000000000, -8.775090700452169195E-16, 0.000000000000000000 ) ) ;
#1494 = CARTESIAN_POINT ( 'NONE',  ( 4.605170801781708789, 10.99852262806237313, 1.822090932982379196E-15 ) ) ;
#1495 = CARTESIAN_POINT ( 'NONE',  ( -12.94999999999999218, -11.19999999999999929, -12.94999999999999218 ) ) ;
#1496 = CARTESIAN_POINT ( 'NONE',  ( 43.59999999999999432, 0.000000000000000000, 0.000000000000000000 ) ) ;
#1497 = CIRCLE ( 'NONE', #8342, 14.00000000000000000 ) ;
#1498 = CARTESIAN_POINT ( 'NONE',  ( -11.89999999999999858, 12.81500000000001727, 8.309725586446656123E-14 ) ) ;
#1499 = APPLICATION_CONTEXT ( 'configuration controlled 3d designs of mechanical parts and assemblies' ) ;
#1500 = ORIENTED_EDGE ( 'NONE', *, *, #199, .T. ) ;
#1501 = DIRECTION ( 'NONE',  ( -0.000000000000000000, -1.000000000000000000, -0.000000000000000000 ) ) ;
#1502 = CARTESIAN_POINT ( 'NONE',  ( 7.349999999999999645, -3.084843528204037854E-15, 0.000000000000000000 ) ) ;
#1503 = EDGE_CURVE ( 'NONE', #6210, #3473, #4525, .T. ) ;
#1504 = ORIENTED_EDGE ( 'NONE', *, *, #1660, .F. ) ;
#1505 =( BOUNDED_CURVE ( )  B_SPLINE_CURVE ( 2, ( #3796, #6505, #1815, #1859, #6426, #4495, #3052, #4539, #4584 ),
 .UNSPECIFIED., .F., .T. ) 
 B_SPLINE_CURVE_WITH_KNOTS ( ( 3, 2, 2, 2, 3 ),
 ( 0.5312500000000000000, 0.5468750000000000000, 0.5625000000000000000, 0.5781250000000001110, 0.5937500000000001110 ),
 .UNSPECIFIED. ) 
 CURVE ( )  GEOMETRIC_REPRESENTATION_ITEM ( )  RATIONAL_B_SPLINE_CURVE ( ( 1.000000000000000000, 0.9238795325112867385, 1.000000000000000000, 0.9238795325112867385, 1.000000000000000000, 0.9238795325112867385, 1.000000000000000000, 0.9238795325112861834, 1.000000000000000444 ) ) 
 REPRESENTATION_ITEM ( '' )  );
#1506 = CARTESIAN_POINT ( 'NONE',  ( 9.405474817352386552, -1.384472845940714070, -11.07041727578485890 ) ) ;
#1507 = DIRECTION ( 'NONE',  ( 0.000000000000000000, 0.000000000000000000, -1.000000000000000000 ) ) ;
#1508 = ORIENTED_EDGE ( 'NONE', *, *, #6568, .T. ) ;
#1509 = CARTESIAN_POINT ( 'NONE',  ( 4.727964354120389068, -10.54025085189310751, -0.7937499999999958478 ) ) ;
#1510 = CARTESIAN_POINT ( 'NONE',  ( 15.22582127265072316, 30.49999999999999645, 5.061373325877829288 ) ) ;
#1511 = EDGE_CURVE ( 'NONE', #8271, #961, #3782, .T. ) ;
#1512 = APPROVAL_DATE_TIME ( #3445, #6157 ) ;
#1513 = CIRCLE ( 'NONE', #5572, 2.500000000000000444 ) ;
#1514 = VERTEX_POINT ( 'NONE', #1059 ) ;
#1515 = CARTESIAN_POINT ( 'NONE',  ( 5.000000000000000000, 0.000000000000000000, -9.524999999999996803 ) ) ;
#1516 = DIRECTION ( 'NONE',  ( -8.775090700452169195E-16, -1.000000000000000000, -0.000000000000000000 ) ) ;
#1517 = VECTOR ( 'NONE', #6372, 1000.000000000000000 ) ;
#1518 = ORIENTED_EDGE ( 'NONE', *, *, #6020, .T. ) ;
#1519 = CARTESIAN_POINT ( 'NONE',  ( -0.9614752209292937168, 17.37355822279151596, 12.29559429540922011 ) ) ;
#1520 = CARTESIAN_POINT ( 'NONE',  ( 4.230929571535228715E-16, 0.9122839195842793458, 9.525000000000000355 ) ) ;
#1521 = DIRECTION ( 'NONE',  ( -0.7071067811865474617, -2.472095916683000843E-15, -0.7071067811865474617 ) ) ;
#1522 = CARTESIAN_POINT ( 'NONE',  ( 12.27635182233307987, 4.536000727032309825E-16, -3.703925678971643265 ) ) ;
#1523 = ADVANCED_FACE ( 'NONE', ( #6454 ), #3212, .T. ) ;
#1524 = CARTESIAN_POINT ( 'NONE',  ( 5.312971222579579766, 12.67687500000001677, 12.82664718204931198 ) ) ;
#1525 = PLANE ( 'NONE',  #3837 ) ;
#1526 = EDGE_CURVE ( 'NONE', #2033, #6499, #1229, .T. ) ;
#1527 = ORIENTED_EDGE ( 'NONE', *, *, #5661, .T. ) ;
#1528 = DIRECTION ( 'NONE',  ( -1.000000000000000000, -0.000000000000000000, -0.000000000000000000 ) ) ;
#1529 = CARTESIAN_POINT ( 'NONE',  ( 0.000000000000000000, 0.000000000000000000, 14.00000000000000000 ) ) ;
#1530 = COORDINATED_UNIVERSAL_TIME_OFFSET ( 8, 0, .AHEAD. ) ;
#1531 = ORIENTED_EDGE ( 'NONE', *, *, #8364, .F. ) ;
#1532 = CARTESIAN_POINT ( 'NONE',  ( 4.999999999999998224, -7.790620194877515559, -5.556250000000000355 ) ) ;
#1533 = EDGE_CURVE ( 'NONE', #8525, #7563, #8510, .T. ) ;
#1534 = CARTESIAN_POINT ( 'NONE',  ( 12.64523126179759238, 11.70000000000000639, 1.178187733621459232 ) ) ;
#1535 = CARTESIAN_POINT ( 'NONE',  ( 12.69999999999995843, 16.73125521535168758, -5.260512242138354999 ) ) ;
#1536 = CARTESIAN_POINT ( 'NONE',  ( 43.59999999999999432, 1.053196247266724089E-15, -8.600000000000003197 ) ) ;
#1537 = CARTESIAN_POINT ( 'NONE',  ( -11.89999999999996305, 12.89437500000001791, 4.929141392239922759 ) ) ;
#1538 = EDGE_LOOP ( 'NONE', ( #7860, #7903, #1145, #6976 ) ) ;
#1539 = CARTESIAN_POINT ( 'NONE',  ( 13.44999999999999929, -10.69999999999999396, -12.94999999999999218 ) ) ;
#1540 = CARTESIAN_POINT ( 'NONE',  ( 13.44999999999999929, -10.69999999999999396, -13.44999999999999929 ) ) ;
#1541 = ADVANCED_FACE ( 'NONE', ( #2508 ), #5791, .T. ) ;
#1542 = CIRCLE ( 'NONE', #3499, 0.3999999999999988565 ) ;
#1543 = VECTOR ( 'NONE', #7862, 1000.000000000000000 ) ;
#1544 = ORIENTED_EDGE ( 'NONE', *, *, #7449, .T. ) ;
#1545 = VERTEX_POINT ( 'NONE', #2556 ) ;
#1546 = APPLICATION_CONTEXT ( 'configuration controlled 3d designs of mechanical parts and assemblies' ) ;
#1547 = LINE ( 'NONE', #8292, #141 ) ;
#1548 = VECTOR ( 'NONE', #2674, 1000.000000000000000 ) ;
#1549 = DIRECTION ( 'NONE',  ( -8.775090700452169195E-16, -1.000000000000000000, -0.000000000000000000 ) ) ;
#1550 = ORIENTED_EDGE ( 'NONE', *, *, #7001, .F. ) ;
#1551 = CARTESIAN_POINT ( 'NONE',  ( -9.000000000000001776, -1.199999999999999734, 6.500000000000000888 ) ) ;
#1552 = DIRECTION ( 'NONE',  ( 0.000000000000000000, 0.000000000000000000, 1.000000000000000000 ) ) ;
#1553 = EDGE_CURVE ( 'NONE', #2177, #7496, #6840, .T. ) ;
#1554 = VERTEX_POINT ( 'NONE', #3870 ) ;
#1555 = PERSON_AND_ORGANIZATION ( #129, #430 ) ;
#1556 =( BOUNDED_CURVE ( )  B_SPLINE_CURVE ( 2, ( #3841, #502, #5846, #8526, #2528, #5198, #3363, #3455, #4198 ),
 .UNSPECIFIED., .F., .T. ) 
 B_SPLINE_CURVE_WITH_KNOTS ( ( 3, 2, 2, 2, 3 ),
 ( 0.8437500000000000000, 0.8593750000000000000, 0.8750000000000000000, 0.8906250000000000000, 0.9062500000000000000 ),
 .UNSPECIFIED. ) 
 CURVE ( )  GEOMETRIC_REPRESENTATION_ITEM ( )  RATIONAL_B_SPLINE_CURVE ( ( 1.000000000000000000, 0.9238795325112867385, 1.000000000000000000, 0.9238795325112867385, 1.000000000000000000, 0.9238795325112867385, 1.000000000000000000, 0.9238795325112867385, 1.000000000000000000 ) ) 
 REPRESENTATION_ITEM ( '' )  );
#1557 = EDGE_LOOP ( 'NONE', ( #5593, #2107, #3886, #4036 ) ) ;
#1558 = DIRECTION ( 'NONE',  ( 0.000000000000000000, 0.000000000000000000, 1.000000000000000000 ) ) ;
#1559 = EDGE_CURVE ( 'NONE', #5574, #8247, #355, .T. ) ;
#1560 = APPROVAL ( #1078, 'UNKNOWN' ) ;
#1561 = VECTOR ( 'NONE', #6640, 1000.000000000000000 ) ;
#1562 = B_SPLINE_CURVE_WITH_KNOTS ( 'NONE', 3,
 ( #7920, #4454, #8522, #5886, #5718, #5801, #1153, #1776, #413, #1197 ),
 .UNSPECIFIED., .F., .F.,
 ( 4, 2, 2, 2, 4 ),
 ( 0.01365253889868853904, 0.01679346636180620994, 0.01993439382492387738, 0.02307532128804154828, 0.02621624875115921918 ),
 .UNSPECIFIED. ) ;
#1563 = EDGE_LOOP ( 'NONE', ( #8645, #6712, #1021, #612, #7429, #2850 ) ) ;
#1564 = DIRECTION ( 'NONE',  ( -1.000000000000000000, -0.000000000000000000, -0.000000000000000000 ) ) ;
#1565 = DIRECTION ( 'NONE',  ( 0.000000000000000000, -0.000000000000000000, -1.000000000000000000 ) ) ;
#1566 = APPROVAL_PERSON_ORGANIZATION ( #5262, #4397, #3285 ) ;
#1567 = EDGE_CURVE ( 'NONE', #5228, #8638, #810, .T. ) ;
#1568 = TOROIDAL_SURFACE ( 'NONE', #5482, 3.675000000000004707, 0.5000000000000002220 ) ;
#1569 = CARTESIAN_POINT ( 'NONE',  ( 7.349999999999998757, 2.299999999999998490, 0.000000000000000000 ) ) ;
#1570 = CARTESIAN_POINT ( 'NONE',  ( -4.929141392239919206, 13.84687500000001670, -11.89999999999994706 ) ) ;
#1571 = CC_DESIGN_SECURITY_CLASSIFICATION ( #2402, ( #8692 ) ) ;
#1572 = CARTESIAN_POINT ( 'NONE',  ( 4.929141392239922759, 15.95187500000001002, 11.89999999999996305 ) ) ;
#1573 = DIRECTION ( 'NONE',  ( -8.775090700452169195E-16, -1.000000000000000000, 0.000000000000000000 ) ) ;
#1574 = EDGE_LOOP ( 'NONE', ( #7709, #1903, #6342, #5215 ) ) ;
#1575 = DIRECTION ( 'NONE',  ( 0.000000000000000000, 0.000000000000000000, 1.000000000000000000 ) ) ;
#1576 =( GEOMETRIC_REPRESENTATION_CONTEXT ( 3 ) GLOBAL_UNCERTAINTY_ASSIGNED_CONTEXT ( ( #5030 ) ) GLOBAL_UNIT_ASSIGNED_CONTEXT ( ( #275, #6424, #5755 ) ) REPRESENTATION_CONTEXT ( 'NONE', 'WORKASPACE' ) );
#1577 = CARTESIAN_POINT ( 'NONE',  ( -8.965523947390061453E-14, 17.57750000000000767, -11.89999999999999858 ) ) ;
#1578 = CARTESIAN_POINT ( 'NONE',  ( 5.260512242138205785, 11.95624478464833906, -12.70000000000000462 ) ) ;
#1579 = AXIS2_PLACEMENT_3D ( 'NONE', #262, #4884, #960 ) ;
#1580 = CARTESIAN_POINT ( 'NONE',  ( 0.2720356458796166499, 10.54025085189310929, 0.7937500000000016209 ) ) ;
#1581 = CARTESIAN_POINT ( 'NONE',  ( -12.69999999999999574, 16.09625521535168957, 5.260512242138319472 ) ) ;
#1582 = CARTESIAN_POINT ( 'NONE',  ( 9.069809202314353058, 19.42375000000000540, -9.069809202314482732 ) ) ;
#1583 = EDGE_LOOP ( 'NONE', ( #7119, #1233, #6792, #1642 ) ) ;
#1584 = LINE ( 'NONE', #2820, #6504 ) ;
#1585 = PLANE ( 'NONE',  #5448 ) ;
#1586 = CARTESIAN_POINT ( 'NONE',  ( -10.77636534613066921, -16.11891868594210209, 10.27893325996521590 ) ) ;
#1587 = EDGE_CURVE ( 'NONE', #4287, #5642, #8571, .T. ) ;
#1588 = ORIENTED_EDGE ( 'NONE', *, *, #2264, .T. ) ;
#1589 = AXIS2_PLACEMENT_3D ( 'NONE', #7039, #378, #8397 ) ;
#1590 = LINE ( 'NONE', #6279, #1406 ) ;
#1591 = CARTESIAN_POINT ( 'NONE',  ( -1.605207692653241480, 1.911188162569193105, -1.299869974087967339 ) ) ;
#1592 = ORIENTED_EDGE ( 'NONE', *, *, #3821, .F. ) ;
#1593 = CARTESIAN_POINT ( 'NONE',  ( 4.963898969966153096, -9.165435523385307093, -3.174999999999995826 ) ) ;
#1594 = CARTESIAN_POINT ( 'NONE',  ( 41.79999999999999716, 0.000000000000000000, 0.000000000000000000 ) ) ;
#1595 = EDGE_CURVE ( 'NONE', #1895, #8188, #8647, .T. ) ;
#1596 = ADVANCED_FACE ( 'NONE', ( #2116 ), #6108, .F. ) ;
#1597 = CALENDAR_DATE ( 2025, 13, 3 ) ;
#1598 = ORIENTED_EDGE ( 'NONE', *, *, #3762, .F. ) ;
#1599 = CARTESIAN_POINT ( 'NONE',  ( -8.200860767231088033, 17.63092547069599902, -8.895880490376500305 ) ) ;
#1600 = EDGE_CURVE ( 'NONE', #8362, #6585, #2029, .T. ) ;
#1601 = VERTEX_POINT ( 'NONE', #8120 ) ;
#1602 = CARTESIAN_POINT ( 'NONE',  ( 43.59999999999999432, 1.836970198721029589E-15, -15.00000000000000000 ) ) ;
#1603 = CONICAL_SURFACE ( 'NONE', #2596, 9.525000000000000355, 1.308996938995753645 ) ;
#1604 = CARTESIAN_POINT ( 'NONE',  ( 11.09999999999999609, 13.71446665693449418, 0.000000000000000000 ) ) ;
#1605 = CARTESIAN_POINT ( 'NONE',  ( -7.209983302729766841, 11.18920315601907589, -9.836091823716483162 ) ) ;
#1606 = AXIS2_PLACEMENT_3D ( 'NONE', #2781, #5603, #6106 ) ;
#1607 = CARTESIAN_POINT ( 'NONE',  ( -4.929141392239751340, 18.33312500000000966, 11.90000000000003233 ) ) ;
#1608 = EDGE_CURVE ( 'NONE', #7747, #7602, #4664, .T. ) ;
#1609 = SPHERICAL_SURFACE ( 'NONE', #4741, 2.299999999999999822 ) ;
#1610 = ORIENTED_EDGE ( 'NONE', *, *, #1587, .T. ) ;
#1611 = CARTESIAN_POINT ( 'NONE',  ( -11.90000000000004476, 15.47562500000000973, -4.929141392239719366 ) ) ;
#1612 = FACE_OUTER_BOUND ( 'NONE', #3565, .T. ) ;
#1613 = ITEM_DEFINED_TRANSFORMATION ( 'NONE', 'NONE', #2706,  #5757 ) ;
#1614 = CIRCLE ( 'NONE', #3016, 0.3999999999999984679 ) ;
#1615 = DIRECTION ( 'NONE',  ( 0.000000000000000000, -1.000000000000000000, 0.000000000000000000 ) ) ;
#1616 = AXIS2_PLACEMENT_3D ( 'NONE', #3163, #6366, #7193 ) ;
#1617 = CARTESIAN_POINT ( 'NONE',  ( 4.605170801781708789, 10.99852262806237313, 1.822090932982379196E-15 ) ) ;
#1618 = CARTESIAN_POINT ( 'NONE',  ( -12.27635182233307987, 0.000000000000000000, 0.000000000000000000 ) ) ;
#1619 = DIRECTION ( 'NONE',  ( 0.000000000000000000, -1.000000000000000000, 0.000000000000000000 ) ) ;
#1620 = CARTESIAN_POINT ( 'NONE',  ( 8.414570696119975324, 13.29125000000001400, 8.414570696119856308 ) ) ;
#1621 = ORIENTED_EDGE ( 'NONE', *, *, #8184, .T. ) ;
#1622 = DIRECTION ( 'NONE',  ( 0.000000000000000000, 0.000000000000000000, 1.000000000000000000 ) ) ;
#1623 = ADVANCED_FACE ( 'NONE', ( #706 ), #1941, .T. ) ;
#1624 = CARTESIAN_POINT ( 'NONE',  ( 0.1511399062113904235, 3.680339675970656810, -9.524999999999996803 ) ) ;
#1625 = DIRECTION ( 'NONE',  ( -1.000000000000000000, 0.000000000000000000, -0.000000000000000000 ) ) ;
#1626 = CIRCLE ( 'NONE', #1767, 3.175000000000004707 ) ;
#1627 = COORDINATED_UNIVERSAL_TIME_OFFSET ( 8, 0, .AHEAD. ) ;
#1628 = ORIENTED_EDGE ( 'NONE', *, *, #55, .F. ) ;
#1629 = ORIENTED_EDGE ( 'NONE', *, *, #3748, .T. ) ;
#1630 = CARTESIAN_POINT ( 'NONE',  ( -12.27635182233306743, 9.853150698279008280E-16, -8.045708121834929116 ) ) ;
#1631 = CARTESIAN_POINT ( 'NONE',  ( 9.492589693352091018, 11.61861762109303520, 8.351861874073211567 ) ) ;
#1632 = ADVANCED_FACE ( 'NONE', ( #4710 ), #2, .T. ) ;
#1633 = CARTESIAN_POINT ( 'NONE',  ( -0.6843919803066449425, 1.243862328889966173, -1.936609009998663922 ) ) ;
#1634 = ORIENTED_EDGE ( 'NONE', *, *, #5013, .T. ) ;
#1635 = CARTESIAN_POINT ( 'NONE',  ( 4.999999999999997335, 0.000000000000000000, 0.000000000000000000 ) ) ;
#1636 = CARTESIAN_POINT ( 'NONE',  ( 5.260512242138205785, 15.76624478464833068, -12.70000000000000462 ) ) ;
#1637 = ORIENTED_EDGE ( 'NONE', *, *, #3201, .F. ) ;
#1638 = APPLICATION_PROTOCOL_DEFINITION ( 'international standard', 'config_control_design', 1994, #3343 ) ;
#1639 = VERTEX_POINT ( 'NONE', #3253 ) ;
#1640 = CARTESIAN_POINT ( 'NONE',  ( -2.674577206453755629, 17.37629392991971145, -12.03769121795883734 ) ) ;
#1641 = EDGE_CURVE ( 'NONE', #8616, #805, #3671, .T. ) ;
#1642 = ORIENTED_EDGE ( 'NONE', *, *, #2447, .T. ) ;
#1643 = LINE ( 'NONE', #4279, #3976 ) ;
#1644 = EDGE_CURVE ( 'NONE', #6509, #8271, #7342, .T. ) ;
#1645 = CARTESIAN_POINT ( 'NONE',  ( 0.6234906454368555062, 1.080989911649919311, 1.957262664710609945 ) ) ;
#1646 = ORIENTED_EDGE ( 'NONE', *, *, #8511, .T. ) ;
#1647 = EDGE_CURVE ( 'NONE', #2660, #6392, #5447, .T. ) ;
#1648 = CARTESIAN_POINT ( 'NONE',  ( -10.65288843186211487, 11.24238706903241258, -6.045692252134083233 ) ) ;
#1649 = CARTESIAN_POINT ( 'NONE',  ( 4.929141392239747788, 17.69812500000000455, -11.90000000000003233 ) ) ;
#1650 = DIRECTION ( 'NONE',  ( -0.000000000000000000, -1.000000000000000000, -0.000000000000000000 ) ) ;
#1651 = EDGE_LOOP ( 'NONE', ( #4850, #5357, #7289, #6174 ) ) ;
#1652 = DIRECTION ( 'NONE',  ( 0.000000000000000000, 0.000000000000000000, 1.000000000000000000 ) ) ;
#1653 = EDGE_CURVE ( 'NONE', #8263, #4223, #2274, .T. ) ;
#1654 = CARTESIAN_POINT ( 'NONE',  ( 9.213849232481779339, 17.67440014336845522, -7.739466112584741708 ) ) ;
#1655 =( REPRESENTATION_RELATIONSHIP ('NONE','NONE', #5133, #2745 ) REPRESENTATION_RELATIONSHIP_WITH_TRANSFORMATION ( #5436 )SHAPE_REPRESENTATION_RELATIONSHIP( ) );
#1656 = CARTESIAN_POINT ( 'NONE',  ( 5.695225058835894139, 0.000000000000000000, 0.000000000000000000 ) ) ;
#1657 = DIRECTION ( 'NONE',  ( 0.000000000000000000, 0.000000000000000000, 1.000000000000000000 ) ) ;
#1658 = CARTESIAN_POINT ( 'NONE',  ( 5.000000000000000000, -8.248891971046781180, 4.762500000000003730 ) ) ;
#1659 = DIRECTION ( 'NONE',  ( -1.000000000000000000, -0.000000000000000000, -0.000000000000000000 ) ) ;
#1660 = EDGE_CURVE ( 'NONE', #8382, #6705, #7877, .T. ) ;
#1661 = APPROVAL ( #4081, 'UNKNOWN' ) ;
#1662 = CARTESIAN_POINT ( 'NONE',  ( 12.82664718204931376, 14.26437500000001712, -5.312971222579575326 ) ) ;
#1663 = ORIENTED_EDGE ( 'NONE', *, *, #6276, .T. ) ;
#1664 = CARTESIAN_POINT ( 'NONE',  ( -7.143125246700833810E-14, 16.30750000000000810, -11.89999999999999858 ) ) ;
#1665 = B_SPLINE_CURVE_WITH_KNOTS ( 'NONE', 3,
 ( #4306, #7647, #3645, #7607, #6322, #922, #4801, #4225, #1506, #6980, #959, #2249 ),
 .UNSPECIFIED., .F., .F.,
 ( 4, 2, 2, 2, 2, 4 ),
 ( 2.344180752198451871E-07, 0.003137532069197815614, 0.006274829720320411822, 0.007843478545881707106, 0.009412127371443005860, 0.01254942502256559816 ),
 .UNSPECIFIED. ) ;
#1666 = CARTESIAN_POINT ( 'NONE',  ( -12.44999999999999929, 0.000000000000000000, 7.060900368822720985 ) ) ;
#1667 = APPROVAL_STATUS ( 'not_yet_approved' ) ;
#1668 = EDGE_LOOP ( 'NONE', ( #259, #5915, #7255, #8290 ) ) ;
#1669 = ORIENTED_EDGE ( 'NONE', *, *, #5635, .F. ) ;
#1670 = CARTESIAN_POINT ( 'NONE',  ( 1.561966144680487038E-14, 17.80000000000001137, 0.000000000000000000 ) ) ;
#1671 = CARTESIAN_POINT ( 'NONE',  ( -2.050000000000001155, 2.299999999999994493, -2.193834799194117367E-21 ) ) ;
#1672 = CARTESIAN_POINT ( 'NONE',  ( -12.17547896238386862, 11.32905728533837930, 1.980507836081793371 ) ) ;
#1673 = CARTESIAN_POINT ( 'NONE',  ( 40.92056046467595110, 0.000000000000000000, 0.000000000000000000 ) ) ;
#1674 = DIRECTION ( 'NONE',  ( 0.000000000000000000, 0.000000000000000000, 1.000000000000000000 ) ) ;
#1675 = ORIENTED_EDGE ( 'NONE', *, *, #6256, .T. ) ;
#1676 = DIRECTION ( 'NONE',  ( -0.000000000000000000, -1.000000000000000000, -0.000000000000000000 ) ) ;
#1677 = AXIS2_PLACEMENT_3D ( 'NONE', #8157, #250, #7463 ) ;
#1678 = APPLICATION_PROTOCOL_DEFINITION ( 'international standard', 'config_control_design', 1994, #1546 ) ;
#1679 = VECTOR ( 'NONE', #8383, 1000.000000000000000 ) ;
#1680 = EDGE_LOOP ( 'NONE', ( #8167, #5291, #4275, #7206 ) ) ;
#1681 = CIRCLE ( 'NONE', #5736, 2.299999999999999822 ) ;
#1682 = DIRECTION ( 'NONE',  ( 0.000000000000000000, 1.000000000000000000, 0.000000000000000000 ) ) ;
#1683 = VERTEX_POINT ( 'NONE', #7471 ) ;
#1684 = DIRECTION ( 'NONE',  ( 9.614813431917856060E-17, -0.7071067811865487940, -0.7071067811865463515 ) ) ;
#1685 = SHAPE_REPRESENTATION_RELATIONSHIP ( 'NONE' , 'NONE' ,  #879, #15 ) ;
#1686 = CIRCLE ( 'NONE', #2688, 7.535898384862284693 ) ;
#1687 = CARTESIAN_POINT ( 'NONE',  ( 2.046776438449546376, 0.6704212589647345899, 0.1318215355968991309 ) ) ;
#1688 = ORIENTED_EDGE ( 'NONE', *, *, #3468, .F. ) ;
#1689 = CARTESIAN_POINT ( 'NONE',  ( -11.03058460409244468, 11.25089817876745713, -5.345006555626499178 ) ) ;
#1690 = CARTESIAN_POINT ( 'NONE',  ( -11.89999999999999858, 14.28500000000001258, 8.309725586446653599E-14 ) ) ;
#1691 = DIRECTION ( 'NONE',  ( -0.000000000000000000, -1.000000000000000000, -0.000000000000000000 ) ) ;
#1692 = EDGE_LOOP ( 'NONE', ( #5879, #4923, #7833, #6090 ) ) ;
#1693 = CARTESIAN_POINT ( 'NONE',  ( 11.89999999999999858, 16.19000000000000838, -9.329856370136399150E-14 ) ) ;
#1694 = CC_DESIGN_APPROVAL ( #7521, ( #8406 ) ) ;
#1695 = ADVANCED_FACE ( 'NONE', ( #3912 ), #663, .T. ) ;
#1696 = CARTESIAN_POINT ( 'NONE',  ( 7.708822511778875786, 17.69600855573832021, -9.211189171423013633 ) ) ;
#1697 = AXIS2_PLACEMENT_3D ( 'NONE', #2668, #3233, #1821 ) ;
#1698 = B_SPLINE_CURVE_WITH_KNOTS ( 'NONE', 3,
 ( #812, #4814, #2845, #1475, #4028, #8224, #6870, #5508, #8180, #119, #6081, #4159, #852, #6696, #6740, #4686, #6211, #7445, #2178, #2136, #8056, #5427, #3495, #6830, #1519, #6166, #6037, #22, #194, #2884, #5552, #156, #72, #2715, #5384, #2053, #727, #1434, #4730, #7404, #2761, #8097, #2093, #4771, #4114, #6786, #973, #3660, #6254 ),
 .UNSPECIFIED., .F., .F.,
 ( 4, 2, 2, 2, 2, 2, 2, 2, 1, 2, 2, 2, 2, 2, 2, 2, 2, 2, 2, 2, 2, 2, 2, 2, 4 ),
 ( 0.01793288862705932213, 0.01914856647236399048, 0.02036424431766866230, 0.02279560000827799901, 0.02401127785358266736, 0.02522695569888733919, 0.02765831138949667589, 0.02887398923480134771, 0.03008966708010601260, 0.03130534492541068442, 0.03252102277071534930, 0.03495237846132469295, 0.03616805630662935783, 0.03738373415193402272, 0.03981508984254336636, 0.04103076768784802431, 0.04224644553315268919, 0.04467780122376202590, 0.04710915691437135566, 0.04832483475967602748, 0.04954051260498069237, 0.05197186829559002907, 0.05318754614089470090, 0.05440322398619936578, 0.05683457967680870249 ),
 .UNSPECIFIED. ) ;
#1699 = DESIGN_CONTEXT ( 'detailed design', #5124, 'design' ) ;
#1700 = APPROVAL_PERSON_ORGANIZATION ( #1268, #4142, #1973 ) ;
#1701 = DIRECTION ( 'NONE',  ( -1.000000000000000000, 0.000000000000000000, 0.000000000000000000 ) ) ;
#1702 = DIRECTION ( 'NONE',  ( -1.000000000000000000, -0.000000000000000000, -0.000000000000000000 ) ) ;
#1703 = CARTESIAN_POINT ( 'NONE',  ( 9.192421541439368808E-14, 20.21750000000000114, 12.82664718204935106 ) ) ;
#1704 = DIRECTION ( 'NONE',  ( 0.000000000000000000, -1.000000000000000000, 0.000000000000000000 ) ) ;
#1705 = CARTESIAN_POINT ( 'NONE',  ( -9.035340417286478833E-14, 13.23250000000001769, -12.82664718204935106 ) ) ;
#1706 = VERTEX_POINT ( 'NONE', #5406 ) ;
#1707 = DIRECTION ( 'NONE',  ( 0.000000000000000000, 1.000000000000000000, 0.000000000000000000 ) ) ;
#1708 = DIRECTION ( 'NONE',  ( 0.000000000000000000, 0.000000000000000000, -1.000000000000000000 ) ) ;
#1709 = APPROVAL_DATE_TIME ( #6405, #7884 ) ;
#1710 = ORIENTED_EDGE ( 'NONE', *, *, #3171, .F. ) ;
#1711 = CARTESIAN_POINT ( 'NONE',  ( 1.209951936996610228E-13, 13.13250000000001627, 11.89999999999999858 ) ) ;
#1712 = CARTESIAN_POINT ( 'NONE',  ( 1.561966144680487038E-14, 17.80000000000001137, 0.000000000000000000 ) ) ;
#1713 = DIRECTION ( 'NONE',  ( 1.000000000000000000, 0.000000000000000000, 0.000000000000000000 ) ) ;
#1714 = CARTESIAN_POINT ( 'NONE',  ( -1.965893980413407460, 16.99999999999999289, -12.54692236597380983 ) ) ;
#1715 = CARTESIAN_POINT ( 'NONE',  ( -11.89999999999996305, 19.24437500000000512, 4.929141392239922759 ) ) ;
#1716 = VERTEX_POINT ( 'NONE', #6580 ) ;
#1717 = DIRECTION ( 'NONE',  ( 0.7071067811865475727, 0.000000000000000000, 0.7071067811865475727 ) ) ;
#1718 = CARTESIAN_POINT ( 'NONE',  ( 12.94999999999999218, 9.400000000000000355, 12.94999999999999218 ) ) ;
#1719 = ADVANCED_FACE ( 'NONE', ( #5366, #8039 ), #566, .T. ) ;
#1720 = AXIS2_PLACEMENT_3D ( 'NONE', #3874, #7118, #5712 ) ;
#1721 = ORIENTED_EDGE ( 'NONE', *, *, #3681, .F. ) ;
#1722 = PERSON_AND_ORGANIZATION_ROLE ( 'design_owner' ) ;
#1723 = AXIS2_PLACEMENT_3D ( 'NONE', #4823, #4864, #738 ) ;
#1724 = EDGE_LOOP ( 'NONE', ( #8139, #2164, #4532, #4027, #3897, #1318 ) ) ;
#1725 = LINE ( 'NONE', #7071, #5329 ) ;
#1726 = DIRECTION ( 'NONE',  ( -1.000000000000000000, 0.000000000000000000, -0.000000000000000000 ) ) ;
#1727 = B_SPLINE_CURVE_WITH_KNOTS ( 'NONE', 3,
 ( #826, #748, #8199, #3426, #6102, #2777 ),
 .UNSPECIFIED., .F., .F.,
 ( 4, 2, 4 ),
 ( 0.01384642555474738246, 0.01390011930886696223, 0.01395381306298654374 ),
 .UNSPECIFIED. ) ;
#1728 = VERTEX_POINT ( 'NONE', #754 ) ;
#1729 = DIRECTION ( 'NONE',  ( -1.000000000000000000, 8.195543980992796558E-16, 0.000000000000000000 ) ) ;
#1730 = AXIS2_PLACEMENT_3D ( 'NONE', #6989, #7620, #321 ) ;
#1731 = CARTESIAN_POINT ( 'NONE',  ( -12.94999999999999218, -11.19999999999999929, -13.44999999999999929 ) ) ;
#1732 = DIRECTION ( 'NONE',  ( -1.000000000000000000, -0.000000000000000000, -0.000000000000000000 ) ) ;
#1733 = EDGE_LOOP ( 'NONE', ( #8088, #917, #6076, #918 ) ) ;
#1734 = DIRECTION ( 'NONE',  ( -9.800697604388738773E-17, 1.000000000000000000, -0.000000000000000000 ) ) ;
#1735 = ORIENTED_EDGE ( 'NONE', *, *, #1490, .F. ) ;
#1736 = CARTESIAN_POINT ( 'NONE',  ( -13.44999999999999929, -11.19999999999999751, -12.94999999999999218 ) ) ;
#1737 = DIRECTION ( 'NONE',  ( -1.000000000000000000, -0.000000000000000000, -0.000000000000000000 ) ) ;
#1738 = VECTOR ( 'NONE', #6260, 1000.000000000000000 ) ;
#1739 = PLANE ( 'NONE',  #634 ) ;
#1740 = CARTESIAN_POINT ( 'NONE',  ( 34.40000000000000568, 5.499261314031191894, -9.524999999999998579 ) ) ;
#1741 = EDGE_CURVE ( 'NONE', #7191, #1716, #5213, .T. ) ;
#1742 = DIRECTION ( 'NONE',  ( 0.000000000000000000, 0.000000000000000000, 1.000000000000000000 ) ) ;
#1743 = DIRECTION ( 'NONE',  ( -1.000000000000000000, -0.000000000000000000, -0.000000000000000000 ) ) ;
#1744 = CARTESIAN_POINT ( 'NONE',  ( -12.82664718204939014, 17.28062500000000767, -5.312971222579394137 ) ) ;
#1745 = ORIENTED_EDGE ( 'NONE', *, *, #5064, .F. ) ;
#1746 = CARTESIAN_POINT ( 'NONE',  ( -1.725874147982914941, -15.69047268157664021, -15.50423678951415418 ) ) ;
#1747 = EDGE_CURVE ( 'NONE', #6737, #7949, #5489, .T. ) ;
#1748 = AXIS2_PLACEMENT_3D ( 'NONE', #6284, #4310, #1552 ) ;
#1749 = CARTESIAN_POINT ( 'NONE',  ( 9.000000000000001776, -1.199999999999999734, -9.000000000000000000 ) ) ;
#1750 = DATE_AND_TIME ( #4429, #8007 ) ;
#1751 = VECTOR ( 'NONE', #8596, 1000.000000000000000 ) ;
#1752 = VECTOR ( 'NONE', #5900, 1000.000000000000114 ) ;
#1753 = ORIENTED_EDGE ( 'NONE', *, *, #1741, .F. ) ;
#1754 = ORIENTED_EDGE ( 'NONE', *, *, #310, .T. ) ;
#1755 = DIRECTION ( 'NONE',  ( -1.231304080816852664E-16, 1.000000000000000000, 0.000000000000000000 ) ) ;
#1756 = CYLINDRICAL_SURFACE ( 'NONE', #2605, 11.89999999999999858 ) ;
#1757 = FACE_OUTER_BOUND ( 'NONE', #743, .T. ) ;
#1758 = CARTESIAN_POINT ( 'NONE',  ( 4.999999999999997335, 9.525000000000000355, 0.000000000000000000 ) ) ;
#1759 = VECTOR ( 'NONE', #2583, 1000.000000000000000 ) ;
#1760 = EDGE_CURVE ( 'NONE', #4885, #4227, #4631, .T. ) ;
#1761 = FACE_OUTER_BOUND ( 'NONE', #4833, .T. ) ;
#1762 = VERTEX_POINT ( 'NONE', #797 ) ;
#1763 = CARTESIAN_POINT ( 'NONE',  ( 1.725874147982898954, -15.69047268157664021, -15.50423678951415951 ) ) ;
#1764 = DIRECTION ( 'NONE',  ( -1.000000000000000000, -0.000000000000000000, -0.000000000000000000 ) ) ;
#1765 = AXIS2_PLACEMENT_3D ( 'NONE', #3965, #6638, #621 ) ;
#1766 = ORIENTED_EDGE ( 'NONE', *, *, #6822, .F. ) ;
#1767 = AXIS2_PLACEMENT_3D ( 'NONE', #8178, #4728, #7402 ) ;
#1768 = EDGE_LOOP ( 'NONE', ( #1628, #6988 ) ) ;
#1769 = DIRECTION ( 'NONE',  ( 0.000000000000000000, -1.000000000000000000, 0.000000000000000000 ) ) ;
#1770 = DIRECTION ( 'NONE',  ( -0.000000000000000000, -1.000000000000000000, -0.000000000000000000 ) ) ;
#1771 = EDGE_CURVE ( 'NONE', #632, #2895, #5737, .T. ) ;
#1772 = CC_DESIGN_PERSON_AND_ORGANIZATION_ASSIGNMENT ( #2235, #3061, ( #5893 ) ) ;
#1773 = CARTESIAN_POINT ( 'NONE',  ( 1.122512155537489559E-13, 16.94250000000000966, 11.89999999999999858 ) ) ;
#1774 = CARTESIAN_POINT ( 'NONE',  ( -14.00000000000000000, 0.000000000000000000, 0.000000000000000000 ) ) ;
#1775 = SHAPE_REPRESENTATION_RELATIONSHIP ( 'NONE' , 'NONE' ,  #2745, #6604 ) ;
#1776 = CARTESIAN_POINT ( 'NONE',  ( 14.29000000000000625, -1.581519537881412196, 4.198967141328738606 ) ) ;
#1777 = CARTESIAN_POINT ( 'NONE',  ( -10.44550089324918396, 11.23811988804061102, -6.389072951342912532 ) ) ;
#1778 =( BOUNDED_CURVE ( )  B_SPLINE_CURVE ( 2, ( #4488, #3834, #622, #8245, #4180, #8205, #3560, #2616, #831 ),
 .UNSPECIFIED., .F., .F. ) 
 B_SPLINE_CURVE_WITH_KNOTS ( ( 3, 2, 2, 2, 3 ),
 ( 0.3125000000000000000, 0.3281250000000000000, 0.3437500000000000000, 0.3593750000000000000, 0.3750000000000000000 ),
 .UNSPECIFIED. ) 
 CURVE ( )  GEOMETRIC_REPRESENTATION_ITEM ( )  RATIONAL_B_SPLINE_CURVE ( ( 1.000000000000000000, 0.9238795325112867385, 1.000000000000000000, 0.9238795325112867385, 1.000000000000000000, 0.9238795325112867385, 1.000000000000000000, 0.9238795325112867385, 1.000000000000000000 ) ) 
 REPRESENTATION_ITEM ( '' )  );
#1779 = ORIENTED_EDGE ( 'NONE', *, *, #4592, .T. ) ;
#1780 = DIRECTION ( 'NONE',  ( 0.000000000000000000, 0.000000000000000000, -1.000000000000000000 ) ) ;
#1781 = ORIENTED_EDGE ( 'NONE', *, *, #1760, .T. ) ;
#1782 = FACE_OUTER_BOUND ( 'NONE', #501, .T. ) ;
#1783 = DATE_AND_TIME ( #1031, #7733 ) ;
#1784 = ADVANCED_FACE ( 'NONE', ( #4434 ), #6321, .T. ) ;
#1785 = AXIS2_PLACEMENT_3D ( 'NONE', #7794, #1691, #3010 ) ;
#1786 = DIRECTION ( 'NONE',  ( -1.000000000000000000, -0.000000000000000000, -0.000000000000000000 ) ) ;
#1787 = EDGE_CURVE ( 'NONE', #6614, #6457, #1093, .T. ) ;
#1788 = CARTESIAN_POINT ( 'NONE',  ( -9.405474817352382999, -16.31552715405928211, -11.07041727578485180 ) ) ;
#1789 = CARTESIAN_POINT ( 'NONE',  ( -9.069809202314351282, 17.51875000000001137, 9.069809202314482732 ) ) ;
#1790 = DIRECTION ( 'NONE',  ( 8.775090700452169195E-16, 1.000000000000000000, 0.000000000000000000 ) ) ;
#1791 = B_SPLINE_CURVE_WITH_KNOTS ( 'NONE', 3,
 ( #3013, #8400, #5683, #5634, #941, #5028, #7672, #3104, #4414, #6431, #3146, #5806, #1654, #8488, #3715, #1696, #7087, #1077, #419, #4325, #5765, #4369, #6999, #2441, #4943, #3627, #3670, #6349 ),
 .UNSPECIFIED., .F., .F.,
 ( 4, 2, 2, 2, 2, 2, 2, 2, 2, 2, 2, 2, 2, 4 ),
 ( 0.05683457967680870249, 0.05810567136772977481, 0.05937676305865084020, 0.06064785474957191252, 0.06191894644049297791, 0.06446112982233512256, 0.06573222151325618101, 0.06700331320417725334, 0.06827440489509832566, 0.06954549658601938411, 0.07208767996786152876, 0.07335877165878260109, 0.07462986334970367341, 0.07717204673154580419 ),
 .UNSPECIFIED. ) ;
#1792 = CARTESIAN_POINT ( 'NONE',  ( -9.069809202314482732, 13.39125000000001720, -9.069809202314353058 ) ) ;
#1793 = VERTEX_POINT ( 'NONE', #8459 ) ;
#1794 = CARTESIAN_POINT ( 'NONE',  ( 0.000000000000000000, -15.69047268157664021, 0.000000000000000000 ) ) ;
#1795 = DIRECTION ( 'NONE',  ( -1.000000000000000000, -0.000000000000000000, -0.000000000000000000 ) ) ;
#1796 = CIRCLE ( 'NONE', #6699, 4.688733431983859390 ) ;
#1797 = DATE_AND_TIME ( #6485, #8273 ) ;
#1798 = ORIENTED_EDGE ( 'NONE', *, *, #5013, .F. ) ;
#1799 = ORIENTED_EDGE ( 'NONE', *, *, #1443, .T. ) ;
#1800 = DIRECTION ( 'NONE',  ( 1.000000000000000000, 1.231304080816852664E-16, -0.000000000000000000 ) ) ;
#1801 = LINE ( 'NONE', #7147, #908 ) ;
#1802 = CARTESIAN_POINT ( 'NONE',  ( -8.337739707489095764, 11.41561621413376670, 9.208084456913802285 ) ) ;
#1803 = CARTESIAN_POINT ( 'NONE',  ( -6.793037293912618679, 17.05369487948975404, -10.67340432305259057 ) ) ;
#1804 = DIRECTION ( 'NONE',  ( 0.000000000000000000, 1.000000000000000000, 0.000000000000000000 ) ) ;
#1805 = ORIENTED_EDGE ( 'NONE', *, *, #906, .F. ) ;
#1806 = DIRECTION ( 'NONE',  ( -1.000000000000000000, -0.000000000000000000, -0.000000000000000000 ) ) ;
#1807 = DIRECTION ( 'NONE',  ( 0.000000000000000000, 0.000000000000000000, 1.000000000000000000 ) ) ;
#1808 = EDGE_CURVE ( 'NONE', #2524, #6298, #6169, .T. ) ;
#1809 = ORIENTED_EDGE ( 'NONE', *, *, #2172, .T. ) ;
#1810 = DIRECTION ( 'NONE',  ( 0.000000000000000000, -0.4999999999999997780, 0.8660254037844387076 ) ) ;
#1811 = EDGE_CURVE ( 'NONE', #7269, #8457, #8608, .T. ) ;
#1812 = DIRECTION ( 'NONE',  ( 0.000000000000000000, 0.000000000000000000, -1.000000000000000000 ) ) ;
#1813 = DIRECTION ( 'NONE',  ( -0.000000000000000000, -1.000000000000000000, -0.000000000000000000 ) ) ;
#1814 = VECTOR ( 'NONE', #4871, 1000.000000000000000 ) ;
#1815 = CARTESIAN_POINT ( 'NONE',  ( 8.414570696119838544, 14.87875000000001435, -8.414570696119989535 ) ) ;
#1816 = CARTESIAN_POINT ( 'NONE',  ( -4.929141392239898778, 11.30687500000001933, -11.89999999999997371 ) ) ;
#1817 = CARTESIAN_POINT ( 'NONE',  ( 0.000000000000000000, 0.000000000000000000, 0.000000000000000000 ) ) ;
#1818 = ORIENTED_EDGE ( 'NONE', *, *, #5664, .T. ) ;
#1819 = CARTESIAN_POINT ( 'NONE',  ( -2.619865889632942757, -1.770462177252742242, -14.98809041681921173 ) ) ;
#1820 = ADVANCED_FACE ( 'NONE', ( #5697 ), #1883, .F. ) ;
#1821 = DIRECTION ( 'NONE',  ( 0.000000000000000000, 1.000000000000000000, -3.154466349054399263E-16 ) ) ;
#1822 =( BOUNDED_CURVE ( )  B_SPLINE_CURVE ( 2, ( #4175, #1581, #173, #2072, #4830, #1454, #4213, #5401, #6716 ),
 .UNSPECIFIED., .F., .F. ) 
 B_SPLINE_CURVE_WITH_KNOTS ( ( 3, 2, 2, 2, 3 ),
 ( 0.4999999999999997224, 0.5156249999999997780, 0.5312499999999997780, 0.5468749999999998890, 0.5624999999999998890 ),
 .UNSPECIFIED. ) 
 CURVE ( )  GEOMETRIC_REPRESENTATION_ITEM ( )  RATIONAL_B_SPLINE_CURVE ( ( 1.000000000000001332, 0.9238795325112854062, 1.000000000000000000, 0.9238795325112867385, 1.000000000000000000, 0.9238795325112867385, 1.000000000000000000, 0.9238795325112872936, 0.9999999999999994449 ) ) 
 REPRESENTATION_ITEM ( '' )  );
#1823 = CARTESIAN_POINT ( 'NONE',  ( 0.000000000000000000, -15.69047268157664021, 0.000000000000000000 ) ) ;
#1824 = CARTESIAN_POINT ( 'NONE',  ( -14.29000000000000092, -15.92700952567406247, 5.236092080349421529 ) ) ;
#1825 = APPROVAL_PERSON_ORGANIZATION ( #7684, #7521, #8367 ) ;
#1826 = CARTESIAN_POINT ( 'NONE',  ( -9.069809202314482732, 15.93125000000001101, -9.069809202314353058 ) ) ;
#1827 = CARTESIAN_POINT ( 'NONE',  ( 14.00000000000000000, 17.80000000000000071, -13.44999999999999929 ) ) ;
#1828 = CARTESIAN_POINT ( 'NONE',  ( -9.035340417286478833E-14, 14.50250000000001549, -12.82664718204935106 ) ) ;
#1829 = ORIENTED_EDGE ( 'NONE', *, *, #4484, .F. ) ;
#1830 = CARTESIAN_POINT ( 'NONE',  ( 0.1083897543756179305, -2.138740617938784164E-15, 0.000000000000000000 ) ) ;
#1831 = CIRCLE ( 'NONE', #2390, 3.174999999999999822 ) ;
#1832 = DIRECTION ( 'NONE',  ( 1.049727191138618326E-16, -0.5150380749100547106, 0.8571673007021120005 ) ) ;
#1833 = SECURITY_CLASSIFICATION_LEVEL ( 'unclassified' ) ;
#1834 = CC_DESIGN_APPROVAL ( #7360, ( #23 ) ) ;
#1835 = AXIS2_PLACEMENT_3D ( 'NONE', #8068, #5211, #1314 ) ;
#1836 = ORIENTED_EDGE ( 'NONE', *, *, #6693, .T. ) ;
#1837 = EDGE_LOOP ( 'NONE', ( #5119, #4536, #7101, #2773 ) ) ;
#1838 = DIRECTION ( 'NONE',  ( -1.000000000000000000, -0.000000000000000000, -0.000000000000000000 ) ) ;
#1839 = FACE_OUTER_BOUND ( 'NONE', #3693, .T. ) ;
#1840 = CARTESIAN_POINT ( 'NONE',  ( 12.94999999999999218, 9.400000000000000355, -12.94999999999999218 ) ) ;
#1841 = CARTESIAN_POINT ( 'NONE',  ( -5.260512242138207561, 14.98500521535169128, 12.70000000000000107 ) ) ;
#1842 = DIRECTION ( 'NONE',  ( -1.000000000000000000, -0.000000000000000000, -0.000000000000000000 ) ) ;
#1843 = EDGE_LOOP ( 'NONE', ( #713, #3315, #5836, #2421 ) ) ;
#1844 = CARTESIAN_POINT ( 'NONE',  ( 3.520579078826640451, -16.12066646117741442, -14.46806341457557643 ) ) ;
#1845 = DIRECTION ( 'NONE',  ( -1.000000000000000000, -0.000000000000000000, -0.000000000000000000 ) ) ;
#1846 = VERTEX_POINT ( 'NONE', #4475 ) ;
#1847 =( GEOMETRIC_REPRESENTATION_CONTEXT ( 3 ) GLOBAL_UNCERTAINTY_ASSIGNED_CONTEXT ( ( #7043 ) ) GLOBAL_UNIT_ASSIGNED_CONTEXT ( ( #4451, #410, #5716 ) ) REPRESENTATION_CONTEXT ( 'NONE', 'WORKASPACE' ) );
#1848 = VERTEX_POINT ( 'NONE', #7645 ) ;
#1849 = AXIS2_PLACEMENT_3D ( 'NONE', #6019, #2652, #4613 ) ;
#1850 = DIRECTION ( 'NONE',  ( 0.5000000000000003331, 0.000000000000000000, 0.8660254037844385966 ) ) ;
#1851 = EDGE_CURVE ( 'NONE', #4619, #5877, #5087, .T. ) ;
#1852 = DIRECTION ( 'NONE',  ( -1.507912601349432577E-32, 1.224646799147353207E-16, 1.000000000000000000 ) ) ;
#1853 = ORIENTED_EDGE ( 'NONE', *, *, #2572, .T. ) ;
#1854 = CARTESIAN_POINT ( 'NONE',  ( -4.929141392239751340, 17.06312500000001009, 11.90000000000003233 ) ) ;
#1855 = EDGE_CURVE ( 'NONE', #4112, #4408, #7500, .T. ) ;
#1856 = CARTESIAN_POINT ( 'NONE',  ( 11.89999999999999858, 14.92000000000001236, -9.621322308333469308E-14 ) ) ;
#1857 = CARTESIAN_POINT ( 'NONE',  ( 39.70000000000000284, 5.499261314031191894, 9.525000000000002132 ) ) ;
#1858 = ORIENTED_EDGE ( 'NONE', *, *, #5671, .F. ) ;
#1859 = CARTESIAN_POINT ( 'NONE',  ( 11.89999999999996838, 14.79937500000001371, -4.929141392239910324 ) ) ;
#1860 = ORIENTED_EDGE ( 'NONE', *, *, #2300, .T. ) ;
#1861 = CARTESIAN_POINT ( 'NONE',  ( 0.1083897543756182219, -2.299999999999999822, 2.816687638038909098E-16 ) ) ;
#1862 = AXIS2_PLACEMENT_3D ( 'NONE', #6430, #5996, #8670 ) ;
#1863 = EDGE_CURVE ( 'NONE', #7282, #7602, #6375, .T. ) ;
#1864 = DIRECTION ( 'NONE',  ( 1.000000000000000000, 0.000000000000000000, 0.000000000000000000 ) ) ;
#1865 = ORIENTED_EDGE ( 'NONE', *, *, #8013, .F. ) ;
#1866 = CARTESIAN_POINT ( 'NONE',  ( 0.000000000000000000, 34.29999999999999716, 0.000000000000000000 ) ) ;
#1867 = DIRECTION ( 'NONE',  ( 0.000000000000000000, 1.000000000000000000, 0.000000000000000000 ) ) ;
#1868 = FACE_OUTER_BOUND ( 'NONE', #3268, .T. ) ;
#1869 = CARTESIAN_POINT ( 'NONE',  ( 4.605170801781708789, -10.99852262806237313, 4.928329209517584241E-15 ) ) ;
#1870 = CARTESIAN_POINT ( 'NONE',  ( 5.312971222579394137, 16.96312500000000867, -12.82664718204939014 ) ) ;
#1871 = DIRECTION ( 'NONE',  ( -8.775090700452169195E-16, -1.000000000000000000, -0.000000000000000000 ) ) ;
#1872 = CARTESIAN_POINT ( 'NONE',  ( 9.069809202314353058, 10.53375000000002260, -9.069809202314482732 ) ) ;
#1873 = ORIENTED_EDGE ( 'NONE', *, *, #7550, .T. ) ;
#1874 = DIRECTION ( 'NONE',  ( -0.000000000000000000, 1.000000000000000000, 1.224646799147353207E-16 ) ) ;
#1875 = CIRCLE ( 'NONE', #5240, 8.045708121834925564 ) ;
#1876 = ADVANCED_FACE ( 'NONE', ( #433 ), #1039, .F. ) ;
#1877 = FACE_OUTER_BOUND ( 'NONE', #2472, .T. ) ;
#1878 = ITEM_DEFINED_TRANSFORMATION ( 'NONE', 'NONE', #3398,  #5757 ) ;
#1879 = ORIENTED_EDGE ( 'NONE', *, *, #4430, .F. ) ;
#1880 = ORIENTED_EDGE ( 'NONE', *, *, #1317, .F. ) ;
#1881 = FACE_OUTER_BOUND ( 'NONE', #2154, .T. ) ;
#1882 = CARTESIAN_POINT ( 'NONE',  ( 5.260512242138205785, 14.49624478464833643, -12.70000000000000462 ) ) ;
#1883 = TOROIDAL_SURFACE ( 'NONE', #4966, 0.3304673161057445907, 1.969532683894253289 ) ;
#1884 = EDGE_CURVE ( 'NONE', #6392, #6585, #6266, .T. ) ;
#1885 = CARTESIAN_POINT ( 'NONE',  ( 8.511837979438613694E-15, 9.700000000000011724, 0.000000000000000000 ) ) ;
#1886 = DIRECTION ( 'NONE',  ( -1.000000000000000000, 0.000000000000000000, -0.000000000000000000 ) ) ;
#1887 = CARTESIAN_POINT ( 'NONE',  ( -4.929141392239914765, 16.38687500000001052, -11.89999999999996483 ) ) ;
#1888 = ORIENTED_EDGE ( 'NONE', *, *, #6256, .F. ) ;
#1889 = AXIS2_PLACEMENT_3D ( 'NONE', #6018, #2693, #5365 ) ;
#1890 = CARTESIAN_POINT ( 'NONE',  ( 5.000000000000000000, -5.499261314031190118, -9.524999999999996803 ) ) ;
#1891 = ORIENTED_EDGE ( 'NONE', *, *, #5269, .F. ) ;
#1892 = ORIENTED_EDGE ( 'NONE', *, *, #7284, .T. ) ;
#1893 = CIRCLE ( 'NONE', #6802, 0.5000000000000004441 ) ;
#1894 = AXIS2_PLACEMENT_3D ( 'NONE', #8424, #2467, #4349 ) ;
#1895 = VERTEX_POINT ( 'NONE', #394 ) ;
#1896 = EDGE_CURVE ( 'NONE', #649, #6509, #4343, .T. ) ;
#1897 = CARTESIAN_POINT ( 'NONE',  ( 46.70000000000001705, 0.000000000000000000, 0.000000000000000000 ) ) ;
#1898 = CARTESIAN_POINT ( 'NONE',  ( 9.000000000000001776, -10.80000000000000604, -11.49999999999999822 ) ) ;
#1899 = AXIS2_PLACEMENT_3D ( 'NONE', #5116, #2406, #424 ) ;
#1900 = ORIENTED_EDGE ( 'NONE', *, *, #3444, .F. ) ;
#1901 = CARTESIAN_POINT ( 'NONE',  ( 11.89999999999996483, 13.72937500000001343, -4.929141392239915653 ) ) ;
#1902 = CARTESIAN_POINT ( 'NONE',  ( -14.00000000000000000, 3.918869757271530460E-16, -3.200000000000000178 ) ) ;
#1903 = ORIENTED_EDGE ( 'NONE', *, *, #1329, .F. ) ;
#1904 = CIRCLE ( 'NONE', #6816, 4.799999999999999822 ) ;
#1905 = CIRCLE ( 'NONE', #642, 2.899999999999992806 ) ;
#1906 = ADVANCED_FACE ( 'NONE', ( #3162 ), #5660, .F. ) ;
#1907 = DIRECTION ( 'NONE',  ( -8.775090700452169195E-16, -1.000000000000000000, -0.000000000000000000 ) ) ;
#1908 = ORIENTED_EDGE ( 'NONE', *, *, #2360, .T. ) ;
#1909 = CARTESIAN_POINT ( 'NONE',  ( 12.69999999999996732, 15.38188021535169447, -9.023892744153245350E-14 ) ) ;
#1910 = AXIS2_PLACEMENT_3D ( 'NONE', #6927, #2201, #5567 ) ;
#1911 = FACE_OUTER_BOUND ( 'NONE', #7390, .T. ) ;
#1912 = ORIENTED_EDGE ( 'NONE', *, *, #4711, .T. ) ;
#1913 = CARTESIAN_POINT ( 'NONE',  ( -1.725874147982916718, -2.009527318423362185, -15.50423678951415596 ) ) ;
#1914 = CARTESIAN_POINT ( 'NONE',  ( 6.002643781541124213, 10.90000000000000213, 10.27512859442283144 ) ) ;
#1915 = EDGE_CURVE ( 'NONE', #6285, #1793, #8192, .T. ) ;
#1916 = EDGE_CURVE ( 'NONE', #1098, #6064, #7058, .T. ) ;
#1917 = ADVANCED_FACE ( 'NONE', ( #2985 ), #5650, .T. ) ;
#1918 = CARTESIAN_POINT ( 'NONE',  ( 5.000000000000000000, 0.000000000000000000, -9.524999999999996803 ) ) ;
#1919 = CARTESIAN_POINT ( 'NONE',  ( 8.414570696119978876, 13.49125000000001329, 8.414570696119850979 ) ) ;
#1920 = CARTESIAN_POINT ( 'NONE',  ( -5.312971222579396802, 17.59812500000001023, 12.82664718204939014 ) ) ;
#1921 = CARTESIAN_POINT ( 'NONE',  ( 14.28999999999999737, -15.69047268157664021, -6.257467538869064150 ) ) ;
#1922 = ADVANCED_FACE ( 'NONE', ( #2642 ), #1603, .T. ) ;
#1923 = CARTESIAN_POINT ( 'NONE',  ( -12.82664718204931198, 11.08937500000002174, 5.312971222579581543 ) ) ;
#1924 = ORIENTED_EDGE ( 'NONE', *, *, #3444, .T. ) ;
#1925 = CARTESIAN_POINT ( 'NONE',  ( 8.977052440135476985, -1.322524263830417102, 11.31776705059790622 ) ) ;
#1926 = FACE_OUTER_BOUND ( 'NONE', #1837, .T. ) ;
#1927 = APPLICATION_PROTOCOL_DEFINITION ( 'international standard', 'config_control_design', 1994, #2437 ) ;
#1928 = VECTOR ( 'NONE', #3485, 1000.000000000000000 ) ;
#1929 = ORIENTED_EDGE ( 'NONE', *, *, #4545, .T. ) ;
#1930 = CARTESIAN_POINT ( 'NONE',  ( 5.299999999999998934, 0.000000000000000000, -9.525000000000000355 ) ) ;
#1931 = EDGE_CURVE ( 'NONE', #6585, #3039, #7828, .T. ) ;
#1932 = CC_DESIGN_PERSON_AND_ORGANIZATION_ASSIGNMENT ( #7143, #6315, ( #4085 ) ) ;
#1933 = CARTESIAN_POINT ( 'NONE',  ( -12.69999999999997797, 14.81374478464833011, -5.260512242138235983 ) ) ;
#1934 = DIRECTION ( 'NONE',  ( 0.000000000000000000, 1.000000000000000000, 0.000000000000000000 ) ) ;
#1935 = CARTESIAN_POINT ( 'NONE',  ( 43.60000000000000142, 0.000000000000000000, 14.59999999999999964 ) ) ;
#1936 = VECTOR ( 'NONE', #2880, 1000.000000000000114 ) ;
#1937 = CIRCLE ( 'NONE', #6418, 8.199999999999997513 ) ;
#1938 = CARTESIAN_POINT ( 'NONE',  ( -4.929141392239914765, 13.84687500000001670, -11.89999999999996483 ) ) ;
#1939 = ORIENTED_EDGE ( 'NONE', *, *, #5452, .F. ) ;
#1940 = LINE ( 'NONE', #3345, #772 ) ;
#1941 = CYLINDRICAL_SURFACE ( 'NONE', #730, 11.69999999999998863 ) ;
#1942 = ORIENTED_EDGE ( 'NONE', *, *, #1771, .T. ) ;
#1943 = VECTOR ( 'NONE', #4447, 1000.000000000000000 ) ;
#1944 = CARTESIAN_POINT ( 'NONE',  ( 5.000000000000000000, -8.248891971046781180, 4.762500000000003730 ) ) ;
#1945 = VERTEX_POINT ( 'NONE', #2685 ) ;
#1946 = FACE_OUTER_BOUND ( 'NONE', #8029, .T. ) ;
#1947 = ORIENTED_EDGE ( 'NONE', *, *, #4964, .T. ) ;
#1948 = CARTESIAN_POINT ( 'NONE',  ( -8.382592070995921138E-14, 12.69750000000001577, -11.89999999999999858 ) ) ;
#1949 = CARTESIAN_POINT ( 'NONE',  ( 8.980256121069194464, 12.82936978464833544, 8.980256121069066566 ) ) ;
#1950 = LINE ( 'NONE', #5235, #1561 ) ;
#1951 = ORIENTED_EDGE ( 'NONE', *, *, #421, .F. ) ;
#1952 = CARTESIAN_POINT ( 'NONE',  ( -8.414570696119843873, 16.98375000000000767, 8.414570696119987758 ) ) ;
#1953 = ORIENTED_EDGE ( 'NONE', *, *, #6209, .F. ) ;
#1954 = FACE_OUTER_BOUND ( 'NONE', #5501, .T. ) ;
#1955 = DIRECTION ( 'NONE',  ( -8.775090700452169195E-16, -1.000000000000000000, -0.000000000000000000 ) ) ;
#1956 = ORIENTED_EDGE ( 'NONE', *, *, #7622, .T. ) ;
#1957 = CARTESIAN_POINT ( 'NONE',  ( -11.67190269737710651, -1.770935120663230000, -9.761894529153712696 ) ) ;
#1958 = EDGE_CURVE ( 'NONE', #2117, #1038, #3995, .T. ) ;
#1959 = DIRECTION ( 'NONE',  ( -1.000000000000000000, -0.000000000000000000, -0.000000000000000000 ) ) ;
#1960 = CIRCLE ( 'NONE', #6990, 11.69999999999998863 ) ;
#1961 = CONICAL_SURFACE ( 'NONE', #2382, 2.499999999999998668, 0.7853981633974477239 ) ;
#1962 = CARTESIAN_POINT ( 'NONE',  ( 0.000000000000000000, 24.89999999999999858, 0.000000000000000000 ) ) ;
#1963 = VECTOR ( 'NONE', #644, 1000.000000000000000 ) ;
#1964 = CARTESIAN_POINT ( 'NONE',  ( 0.000000000000000000, 32.79999999999999716, 0.000000000000000000 ) ) ;
#1965 = CARTESIAN_POINT ( 'NONE',  ( -12.82664718204931198, 14.89937500000001336, 5.312971222579581543 ) ) ;
#1966 = CARTESIAN_POINT ( 'NONE',  ( 1.804431561487902957, 0.9124067873144235952, -0.9812663128374519150 ) ) ;
#1967 = EDGE_CURVE ( 'NONE', #6497, #829, #1273, .T. ) ;
#1968 = CARTESIAN_POINT ( 'NONE',  ( -5.312971222579573549, 10.77187500000002451, -12.82664718204931376 ) ) ;
#1969 = ORIENTED_EDGE ( 'NONE', *, *, #4837, .T. ) ;
#1970 = CARTESIAN_POINT ( 'NONE',  ( 12.15037587598729552, 11.31743565793399497, 2.089572392449212668 ) ) ;
#1971 = ADVANCED_FACE ( 'NONE', ( #4702 ), #8461, .F. ) ;
#1972 = CARTESIAN_POINT ( 'NONE',  ( 0.3952250588359064176, 0.000000000000000000, 0.000000000000000000 ) ) ;
#1973 = APPROVAL_ROLE ( '' ) ;
#1974 = ADVANCED_FACE ( 'NONE', ( #4042, #6713 ), #7378, .T. ) ;
#1975 = VERTEX_POINT ( 'NONE', #557 ) ;
#1976 = ORIENTED_EDGE ( 'NONE', *, *, #8248, .F. ) ;
#1977 = DIRECTION ( 'NONE',  ( 0.000000000000000000, 0.000000000000000000, 1.000000000000000000 ) ) ;
#1978 = CARTESIAN_POINT ( 'NONE',  ( -8.946127672407391939E-14, 13.30561978464833750, -12.69999999999996909 ) ) ;
#1979 = AXIS2_PLACEMENT_3D ( 'NONE', #6730, #1997, #2707 ) ;
#1980 = CARTESIAN_POINT ( 'NONE',  ( 12.56412585201708687, 5.311121375574489688E-16, 9.246769250645106908 ) ) ;
#1981 = CARTESIAN_POINT ( 'NONE',  ( 11.89999999999999858, 12.38000000000001855, -5.976524906955014022E-14 ) ) ;
#1982 = CARTESIAN_POINT ( 'NONE',  ( 11.90000000000003588, 15.91062500000001023, 4.929141392239745123 ) ) ;
#1983 = ORIENTED_EDGE ( 'NONE', *, *, #3961, .F. ) ;
#1984 = DIRECTION ( 'NONE',  ( -8.775090700452169195E-16, -1.000000000000000000, -0.000000000000000000 ) ) ;
#1985 = DIRECTION ( 'NONE',  ( -0.000000000000000000, -1.000000000000000000, -0.000000000000000000 ) ) ;
#1986 = LOCAL_TIME ( 22, 24, 23.00000000000000000, #1427 ) ;
#1987 = AXIS2_PLACEMENT_3D ( 'NONE', #552, #692, #8586 ) ;
#1988 = ORIENTED_EDGE ( 'NONE', *, *, #667, .T. ) ;
#1989 = CARTESIAN_POINT ( 'NONE',  ( 0.000000000000000000, 0.000000000000000000, 0.000000000000000000 ) ) ;
#1990 = LOCAL_TIME ( 22, 24, 23.00000000000000000, #7547 ) ;
#1991 = ADVANCED_FACE ( 'NONE', ( #8640 ), #5359, .T. ) ;
#1992 = PLANE ( 'NONE',  #7031 ) ;
#1993 = VERTEX_POINT ( 'NONE', #1930 ) ;
#1994 = CARTESIAN_POINT ( 'NONE',  ( 4.929141392239747788, 11.34812500000002089, -11.90000000000003233 ) ) ;
#1995 =( GEOMETRIC_REPRESENTATION_CONTEXT ( 3 ) GLOBAL_UNCERTAINTY_ASSIGNED_CONTEXT ( ( #287 ) ) GLOBAL_UNIT_ASSIGNED_CONTEXT ( ( #5587, #3704, #5625 ) ) REPRESENTATION_CONTEXT ( 'NONE', 'WORKASPACE' ) );
#1996 = CARTESIAN_POINT ( 'NONE',  ( -1.725874147982911166, 5.311121375574498562E-16, 15.50423678951415596 ) ) ;
#1997 = DIRECTION ( 'NONE',  ( -1.000000000000000000, 0.000000000000000000, 0.000000000000000000 ) ) ;
#1998 = ORIENTED_EDGE ( 'NONE', *, *, #7001, .T. ) ;
#1999 = DIRECTION ( 'NONE',  ( 1.000000000000000000, 0.000000000000000000, 0.000000000000000000 ) ) ;
#2000 = CARTESIAN_POINT ( 'NONE',  ( -4.929141392239915653, 16.58687500000000625, -11.89999999999997371 ) ) ;
#2001 = ORIENTED_EDGE ( 'NONE', *, *, #2134, .F. ) ;
#2002 = DIRECTION ( 'NONE',  ( 0.000000000000000000, 0.000000000000000000, 1.000000000000000000 ) ) ;
#2003 = EDGE_CURVE ( 'NONE', #1846, #537, #7335, .T. ) ;
#2004 = CARTESIAN_POINT ( 'NONE',  ( 1.725874147982898954, -15.69047268157664021, -15.50423678951415951 ) ) ;
#2005 = ORIENTED_EDGE ( 'NONE', *, *, #5283, .F. ) ;
#2006 = CARTESIAN_POINT ( 'NONE',  ( -8.977052440135475209, -1.322524263830414881, -11.31776705059789734 ) ) ;
#2007 = DIRECTION ( 'NONE',  ( 0.000000000000000000, -1.000000000000000000, 0.000000000000000000 ) ) ;
#2008 = CIRCLE ( 'NONE', #3411, 8.099999999999999645 ) ;
#2009 = DIRECTION ( 'NONE',  ( 0.000000000000000000, -1.000000000000000000, 0.000000000000000000 ) ) ;
#2010 = PERSON ( 'NAUO-PER2', 'UNSPECIFIED', 'UNSPECIFIED', ('UNSPECIFIED'), ('UNSPECIFIED'), ('UNSPECIFIED') ) ;
#2011 = CARTESIAN_POINT ( 'NONE',  ( -9.000000000000001776, -10.80000000000000604, 6.500000000000000888 ) ) ;
#2012 = CARTESIAN_POINT ( 'NONE',  ( 11.89999999999996483, 20.07937499999999886, -4.929141392239915653 ) ) ;
#2013 = CARTESIAN_POINT ( 'NONE',  ( 4.999999999999996447, 1.849720943065750856, 9.525000000000002132 ) ) ;
#2014 = CARTESIAN_POINT ( 'NONE',  ( 5.312971222579579766, 10.13687500000002295, 12.82664718204931198 ) ) ;
#2015 = EDGE_LOOP ( 'NONE', ( #6620, #1366, #1279, #5445 ) ) ;
#2016 = DIRECTION ( 'NONE',  ( 0.000000000000000000, -1.000000000000000000, 0.000000000000000000 ) ) ;
#2017 = CALENDAR_DATE ( 2025, 13, 3 ) ;
#2018 = VECTOR ( 'NONE', #1684, 1000.000000000000000 ) ;
#2019 = ORIENTED_EDGE ( 'NONE', *, *, #6058, .T. ) ;
#2020 = ORIENTED_EDGE ( 'NONE', *, *, #8050, .T. ) ;
#2021 = CARTESIAN_POINT ( 'NONE',  ( 4.999999999999997335, 0.000000000000000000, 0.000000000000000000 ) ) ;
#2022 = CARTESIAN_POINT ( 'NONE',  ( -12.69999999999996909, 13.62311978464833473, 8.868362600661534741E-14 ) ) ;
#2023 = EDGE_CURVE ( 'NONE', #5185, #7435, #5798, .T. ) ;
#2024 = CARTESIAN_POINT ( 'NONE',  ( 0.000000000000000000, 0.000000000000000000, 0.000000000000000000 ) ) ;
#2025 = CARTESIAN_POINT ( 'NONE',  ( 11.90000000000003233, 12.30062500000001613, 4.929141392239754005 ) ) ;
#2026 = CARTESIAN_POINT ( 'NONE',  ( -11.89999999999999858, 16.62500000000000711, 8.309725586446656123E-14 ) ) ;
#2027 = ORIENTED_EDGE ( 'NONE', *, *, #1327, .T. ) ;
#2028 = CARTESIAN_POINT ( 'NONE',  ( 12.69999999999996732, 12.84188021535169888, -9.023892744153245350E-14 ) ) ;
#2029 = LINE ( 'NONE', #4004, #1439 ) ;
#2030 = CC_DESIGN_PERSON_AND_ORGANIZATION_ASSIGNMENT ( #6861, #845, ( #3237 ) ) ;
#2031 = VECTOR ( 'NONE', #5169, 1000.000000000000000 ) ;
#2032 = ORIENTED_EDGE ( 'NONE', *, *, #28, .F. ) ;
#2033 = VERTEX_POINT ( 'NONE', #8031 ) ;
#2034 = EDGE_CURVE ( 'NONE', #6078, #6243, #44, .T. ) ;
#2036 = CARTESIAN_POINT ( 'NONE',  ( -11.89999999999999858, 13.01500000000001656, 1.005852121562907328E-13 ) ) ;
#2035 = CIRCLE ( 'NONE', #5250, 11.89999999999998970 ) ;
#2037 = CARTESIAN_POINT ( 'NONE',  ( 11.89999999999996838, 16.06937500000001151, -4.929141392239910324 ) ) ;
#2038 = EDGE_LOOP ( 'NONE', ( #6842, #5046, #203, #403 ) ) ;
#2039 = CARTESIAN_POINT ( 'NONE',  ( 11.89999999999996483, 11.18937500000001783, -4.929141392239915653 ) ) ;
#2040 = EDGE_CURVE ( 'NONE', #8542, #3440, #6930, .T. ) ;
#2041 = CARTESIAN_POINT ( 'NONE',  ( -4.884525182647617925, -16.31552715405928566, 13.68058876437440574 ) ) ;
#2042 = ORIENTED_EDGE ( 'NONE', *, *, #8448, .T. ) ;
#2043 = APPROVAL_ROLE ( '' ) ;
#2044 = B_SPLINE_CURVE_WITH_KNOTS ( 'NONE', 3,
 ( #2395, #5068, #1074, #5680, #327, #7746, #3142, #5721, #2438, #7708 ),
 .UNSPECIFIED., .F., .F.,
 ( 4, 2, 2, 2, 4 ),
 ( 0.01021756386884925538, 0.01335487589428126232, 0.01649218791971326925, 0.01962949994514527965, 0.02276681197057729006 ),
 .UNSPECIFIED. ) ;
#2045 = AXIS2_PLACEMENT_3D ( 'NONE', #1136, #307, #7688 ) ;
#2046 = CARTESIAN_POINT ( 'NONE',  ( 13.44999999999999929, 0.000000000000000000, -8.252653961416930528 ) ) ;
#2047 = EDGE_LOOP ( 'NONE', ( #4957, #219 ) ) ;
#2048 = EDGE_CURVE ( 'NONE', #4354, #151, #8054, .T. ) ;
#2049 = CARTESIAN_POINT ( 'NONE',  ( 11.89999999999999858, 17.46000000000000796, -9.038390431939328993E-14 ) ) ;
#2050 = CC_DESIGN_PERSON_AND_ORGANIZATION_ASSIGNMENT ( #2772, #2193, ( #7023 ) ) ;
#2051 = VECTOR ( 'NONE', #867, 1000.000000000000000 ) ;
#2052 = ORIENTED_EDGE ( 'NONE', *, *, #667, .F. ) ;
#2053 = CARTESIAN_POINT ( 'NONE',  ( 7.986871099097606397, 17.47460465832449117, 9.290556149034056688 ) ) ;
#2054 = CARTESIAN_POINT ( 'NONE',  ( 15.22582127265072316, 33.79999999999998295, 5.061373325877829288 ) ) ;
#2055 = CIRCLE ( 'NONE', #5549, 9.000000000000005329 ) ;
#2056 = AXIS2_PLACEMENT_3D ( 'NONE', #6717, #2736, #8034 ) ;
#2057 = FACE_OUTER_BOUND ( 'NONE', #184, .T. ) ;
#2058 = DIRECTION ( 'NONE',  ( 0.9848077530122093526, 2.126576849575687790E-17, 0.1736481776669235311 ) ) ;
#2059 = CARTESIAN_POINT ( 'NONE',  ( 9.069809202314482732, 11.48625000000002139, 9.069809202314353058 ) ) ;
#2060 = CARTESIAN_POINT ( 'NONE',  ( 1.668477414315185259, 0.9669561416070279192, -1.197931531734345079 ) ) ;
#2061 = DIRECTION ( 'NONE',  ( -1.000000000000000000, -0.000000000000000000, -0.000000000000000000 ) ) ;
#2062 = ORIENTED_EDGE ( 'NONE', *, *, #505, .F. ) ;
#2063 = CYLINDRICAL_SURFACE ( 'NONE', #454, 21.75000000000000000 ) ;
#2064 = CARTESIAN_POINT ( 'NONE',  ( 33.09999999999998721, 0.000000000000000000, 3.174999999999999822 ) ) ;
#2065 = COORDINATED_UNIVERSAL_TIME_OFFSET ( 8, 0, .AHEAD. ) ;
#2066 = ADVANCED_FACE ( 'NONE', ( #7898, #1881 ), #7245, .F. ) ;
#2067 = ORIENTED_EDGE ( 'NONE', *, *, #8270, .F. ) ;
#2068 = ORIENTED_EDGE ( 'NONE', *, *, #4903, .T. ) ;
#2069 = CARTESIAN_POINT ( 'NONE',  ( 0.2402412795406592416, 1.062081376333257943, 2.040151388708938196 ) ) ;
#2070 = CARTESIAN_POINT ( 'NONE',  ( -12.70000000000000462, 13.54374478464833764, -5.260512242138206673 ) ) ;
#2071 = DIRECTION ( 'NONE',  ( 0.000000000000000000, 0.000000000000000000, -1.000000000000000000 ) ) ;
#2072 = CARTESIAN_POINT ( 'NONE',  ( -5.260512242138207561, 16.25500521535169085, 12.70000000000000107 ) ) ;
#2073 = CARTESIAN_POINT ( 'NONE',  ( 40.92056046467595110, 1.800662803360862454E-15, 14.70352761804100616 ) ) ;
#2074 = CARTESIAN_POINT ( 'NONE',  ( 8.528325040094458741E-14, 18.21250000000000568, 11.89999999999999858 ) ) ;
#2075 = ORIENTED_EDGE ( 'NONE', *, *, #7562, .T. ) ;
#2076 = CARTESIAN_POINT ( 'NONE',  ( -15.22582127265071783, 34.29999999999999716, -7.561373325877829288 ) ) ;
#2077 = DIRECTION ( 'NONE',  ( -1.000000000000000000, 0.000000000000000000, -0.000000000000000000 ) ) ;
#2078 = ORIENTED_EDGE ( 'NONE', *, *, #4127, .F. ) ;
#2079 = VECTOR ( 'NONE', #803, 1000.000000000000000 ) ;
#2080 = CARTESIAN_POINT ( 'NONE',  ( 13.44999999999999929, -10.69999999999999396, 0.000000000000000000 ) ) ;
#2081 = ADVANCED_FACE ( 'NONE', ( #6621 ), #4319, .T. ) ;
#2082 = FACE_BOUND ( 'NONE', #2859, .T. ) ;
#2083 = ORIENTED_EDGE ( 'NONE', *, *, #954, .T. ) ;
#2084 = CARTESIAN_POINT ( 'NONE',  ( 4.929141392239922759, 10.87187500000002061, 11.89999999999996305 ) ) ;
#2085 = DIRECTION ( 'NONE',  ( 0.000000000000000000, 0.000000000000000000, -1.000000000000000000 ) ) ;
#2086 = DATE_TIME_ROLE ( 'creation_date' ) ;
#2087 = AXIS2_PLACEMENT_3D ( 'NONE', #7351, #6851, #7600 ) ;
#2088 = EDGE_LOOP ( 'NONE', ( #6098, #5942, #3960 ) ) ;
#2089 = ADVANCED_FACE ( 'NONE', ( #8308 ), #7638, .T. ) ;
#2090 = CARTESIAN_POINT ( 'NONE',  ( 8.980256121069064790, 13.00063021535169661, -8.980256121069192687 ) ) ;
#2091 = CARTESIAN_POINT ( 'NONE',  ( 8.414570696119971771, 17.30125000000000668, 8.414570696119858084 ) ) ;
#2092 = ORIENTED_EDGE ( 'NONE', *, *, #3458, .T. ) ;
#2093 = CARTESIAN_POINT ( 'NONE',  ( 11.36516923759658582, 17.53770434485201335, 4.349308110038170305 ) ) ;
#2094 = DIRECTION ( 'NONE',  ( 1.000000000000000000, -8.775090700452170181E-16, 0.000000000000000000 ) ) ;
#2095 = CARTESIAN_POINT ( 'NONE',  ( 8.980256121069194464, 16.63936978464833061, 8.980256121069066566 ) ) ;
#2096 = CARTESIAN_POINT ( 'NONE',  ( 9.069809202314482732, 14.02625000000001521, 9.069809202314353058 ) ) ;
#2097 = FACE_OUTER_BOUND ( 'NONE', #6570, .T. ) ;
#2098 = ADVANCED_FACE ( 'NONE', ( #277 ), #5588, .T. ) ;
#2099 = AXIS2_PLACEMENT_3D ( 'NONE', #2902, #746, #3424 ) ;
#2100 = CARTESIAN_POINT ( 'NONE',  ( 0.000000000000000000, 0.000000000000000000, 0.000000000000000000 ) ) ;
#2101 = ORIENTED_EDGE ( 'NONE', *, *, #1270, .T. ) ;
#2102 = CARTESIAN_POINT ( 'NONE',  ( -12.69999999999998508, 1.114436518957424246E-14, 1.555301434917136855E-15 ) ) ;
#2103 = CARTESIAN_POINT ( 'NONE',  ( -12.69999999999996732, 13.47688021535169689, 8.868362600661530955E-14 ) ) ;
#2104 = SECURITY_CLASSIFICATION_LEVEL ( 'unclassified' ) ;
#2105 = VECTOR ( 'NONE', #5173, 1000.000000000000000 ) ;
#2106 = AXIS2_PLACEMENT_3D ( 'NONE', #6517, #7973, #506 ) ;
#2107 = ORIENTED_EDGE ( 'NONE', *, *, #6487, .T. ) ;
#2108 = ORIENTED_EDGE ( 'NONE', *, *, #3274, .F. ) ;
#2109 = CARTESIAN_POINT ( 'NONE',  ( 4.605170801781709677, -5.499261314031190118, -9.524999999999996803 ) ) ;
#2110 = DIRECTION ( 'NONE',  ( 0.000000000000000000, 0.000000000000000000, -1.000000000000000000 ) ) ;
#2111 = CARTESIAN_POINT ( 'NONE',  ( 0.000000000000000000, 0.000000000000000000, 0.000000000000000000 ) ) ;
#2112 = DIRECTION ( 'NONE',  ( 0.000000000000000000, 0.4999999999999997224, -0.8660254037844387076 ) ) ;
#2113 = CARTESIAN_POINT ( 'NONE',  ( -9.035340417286478833E-14, 19.58250000000000668, -12.82664718204935106 ) ) ;
#2114 = ORIENTED_EDGE ( 'NONE', *, *, #5506, .F. ) ;
#2115 = DIRECTION ( 'NONE',  ( -8.775090700452169195E-16, -1.000000000000000000, -0.000000000000000000 ) ) ;
#2116 = FACE_OUTER_BOUND ( 'NONE', #7906, .T. ) ;
#2117 = VERTEX_POINT ( 'NONE', #4975 ) ;
#2118 = AXIS2_PLACEMENT_3D ( 'NONE', #109, #6974, #7396 ) ;
#2119 = VERTEX_POINT ( 'NONE', #1604 ) ;
#2120 =( BOUNDED_CURVE ( )  B_SPLINE_CURVE ( 2, ( #1289, #60, #574, #2037, #5981, #3963, #7347, #5282, #8653 ),
 .UNSPECIFIED., .F., .T. ) 
 B_SPLINE_CURVE_WITH_KNOTS ( ( 3, 2, 2, 2, 3 ),
 ( 0.4062500000000000555, 0.4218750000000000000, 0.4374999999999999445, 0.4531249999999998890, 0.4687499999999998335 ),
 .UNSPECIFIED. ) 
 CURVE ( )  GEOMETRIC_REPRESENTATION_ITEM ( )  RATIONAL_B_SPLINE_CURVE ( ( 0.9999999999999997780, 0.9238795325112869605, 1.000000000000000000, 0.9238795325112867385, 1.000000000000000000, 0.9238795325112867385, 1.000000000000000000, 0.9238795325112875156, 0.9999999999999992228 ) ) 
 REPRESENTATION_ITEM ( '' )  );
#2121 = CARTESIAN_POINT ( 'NONE',  ( 2.325771207284392350, 11.53359390721351829, 12.32226047814653569 ) ) ;
#2122 = DIRECTION ( 'NONE',  ( 0.000000000000000000, 0.000000000000000000, 1.000000000000000000 ) ) ;
#2123 = ORIENTED_EDGE ( 'NONE', *, *, #4276, .F. ) ;
#2124 = DIRECTION ( 'NONE',  ( -8.775090700452169195E-16, -1.000000000000000000, -0.000000000000000000 ) ) ;
#2125 = LOCAL_TIME ( 22, 24, 23.00000000000000000, #3732 ) ;
#2126 = DIRECTION ( 'NONE',  ( 0.000000000000000000, 0.4999999999999997780, -0.8660254037844387076 ) ) ;
#2127 = CIRCLE ( 'NONE', #2400, 14.00000000000000000 ) ;
#2128 = CALENDAR_DATE ( 2025, 13, 3 ) ;
#2130 = ORIENTED_EDGE ( 'NONE', *, *, #6769, .T. ) ;
#2129 = LOCAL_TIME ( 22, 24, 23.00000000000000000, #1530 ) ;
#2131 = CARTESIAN_POINT ( 'NONE',  ( -8.980256121069192687, 13.31813021535169739, -8.980256121069064790 ) ) ;
#2132 = EDGE_CURVE ( 'NONE', #1098, #6614, #3434, .T. ) ;
#2133 = CARTESIAN_POINT ( 'NONE',  ( 9.000000000000001776, -1.199999999999999734, -6.500000000000000888 ) ) ;
#2134 = EDGE_CURVE ( 'NONE', #3121, #8500, #260, .T. ) ;
#2135 = VERTEX_POINT ( 'NONE', #1569 ) ;
#2136 = CARTESIAN_POINT ( 'NONE',  ( -5.240418529693781302, 17.32699924967820237, 11.21575400664851152 ) ) ;
#2137 = FACE_OUTER_BOUND ( 'NONE', #3287, .T. ) ;
#2138 = CARTESIAN_POINT ( 'NONE',  ( 9.101657815899105072E-14, 16.48061978464832933, 12.69999999999996909 ) ) ;
#2139 = CARTESIAN_POINT ( 'NONE',  ( 12.82664718204939192, 12.83562500000001627, 5.312971222579391473 ) ) ;
#2140 = CARTESIAN_POINT ( 'NONE',  ( 0.000000000000000000, 0.000000000000000000, 0.000000000000000000 ) ) ;
#2141 = ORIENTED_EDGE ( 'NONE', *, *, #3681, .T. ) ;
#2142 = DIRECTION ( 'NONE',  ( 0.7071067811865487940, -0.7071067811865463515, -1.837086636568278853E-16 ) ) ;
#2143 = CARTESIAN_POINT ( 'NONE',  ( -12.94999999999999218, 8.900000000000018119, 13.44999999999999929 ) ) ;
#2144 = SECURITY_CLASSIFICATION_LEVEL ( 'unclassified' ) ;
#2145 = VECTOR ( 'NONE', #1029, 1000.000000000000114 ) ;
#2146 = ORIENTED_EDGE ( 'NONE', *, *, #590, .T. ) ;
#2147 = ORIENTED_EDGE ( 'NONE', *, *, #332, .T. ) ;
#2148 = CARTESIAN_POINT ( 'NONE',  ( 4.727964354120388180, -5.957533090200453962, -8.731249999999993960 ) ) ;
#2149 = CARTESIAN_POINT ( 'NONE',  ( 11.51687670745691427, 11.59836798052948303, -5.149653555048293363 ) ) ;
#2150 = DIRECTION ( 'NONE',  ( 0.000000000000000000, 0.000000000000000000, 1.000000000000000000 ) ) ;
#2151 = CARTESIAN_POINT ( 'NONE',  ( 0.000000000000000000, 13.71446665693449951, 0.000000000000000000 ) ) ;
#2152 = EDGE_CURVE ( 'NONE', #7085, #1047, #7300, .T. ) ;
#2153 = CARTESIAN_POINT ( 'NONE',  ( -4.929141392239751340, 10.51312500000002004, 11.90000000000003233 ) ) ;
#2154 = EDGE_LOOP ( 'NONE', ( #1527, #2692 ) ) ;
#2155 = CARTESIAN_POINT ( 'NONE',  ( -8.980256121069066566, 15.05186978464833381, 8.980256121069194464 ) ) ;
#2156 = AXIS2_PLACEMENT_3D ( 'NONE', #6337, #6912, #4240 ) ;
#2157 = DIRECTION ( 'NONE',  ( 0.000000000000000000, 0.000000000000000000, -1.000000000000000000 ) ) ;
#2158 = FACE_OUTER_BOUND ( 'NONE', #3812, .T. ) ;
#2159 = EDGE_CURVE ( 'NONE', #4743, #5025, #4362, .T. ) ;
#2160 = VERTEX_POINT ( 'NONE', #6387 ) ;
#2161 = ORIENTED_EDGE ( 'NONE', *, *, #4353, .F. ) ;
#2162 = CARTESIAN_POINT ( 'NONE',  ( -2.020494049468741782, 11.48991173350448491, 12.33178543614256917 ) ) ;
#2163 = CARTESIAN_POINT ( 'NONE',  ( -6.999999999999999112, 0.000000000000000000, 3.174999999999999822 ) ) ;
#2164 = ORIENTED_EDGE ( 'NONE', *, *, #332, .F. ) ;
#2165 = CARTESIAN_POINT ( 'NONE',  ( 1.714505518806294638E-15, -17.39999999999999858, -14.00000000000000000 ) ) ;
#2166 = CARTESIAN_POINT ( 'NONE',  ( 41.80000000000000426, 1.053196247266723497E-15, -8.599999999999999645 ) ) ;
#2167 = AXIS2_PLACEMENT_3D ( 'NONE', #2269, #1573, #7414 ) ;
#2168 = DATE_AND_TIME ( #8174, #7161 ) ;
#2169 =( BOUNDED_CURVE ( )  B_SPLINE_CURVE ( 2, ( #5523, #868, #2238, #3674, #334, #4374, #3632, #5769, #2404 ),
 .UNSPECIFIED., .F., .T. ) 
 B_SPLINE_CURVE_WITH_KNOTS ( ( 3, 2, 2, 2, 3 ),
 ( 0.07499315787944216272, 0.07812500000000000000, 0.09374999999999997224, 0.1093749999999999445, 0.1249999999999999306 ),
 .UNSPECIFIED. ) 
 CURVE ( )  GEOMETRIC_REPRESENTATION_ITEM ( )  RATIONAL_B_SPLINE_CURVE ( ( 0.9756014802043071477, 0.9847425736756668657, 1.000000000000000000, 0.9238795325112867385, 1.000000000000000000, 0.9238795325112867385, 1.000000000000000000, 0.9238795325112870716, 0.9999999999999996669 ) ) 
 REPRESENTATION_ITEM ( '' )  );
#2170 = EDGE_CURVE ( 'NONE', #7704, #6781, #7916, .T. ) ;
#2171 = ORIENTED_EDGE ( 'NONE', *, *, #647, .F. ) ;
#2172 = EDGE_CURVE ( 'NONE', #8202, #7960, #4245, .T. ) ;
#2173 = CARTESIAN_POINT ( 'NONE',  ( 1.571842864607732038, 17.21507224021938143, -12.39296226673580392 ) ) ;
#2174 = LINE ( 'NONE', #4852, #6674 ) ;
#2175 = AXIS2_PLACEMENT_3D ( 'NONE', #7726, #6979, #7767 ) ;
#2176 = CIRCLE ( 'NONE', #5948, 14.20000000000000107 ) ;
#2177 = VERTEX_POINT ( 'NONE', #4200 ) ;
#2178 = CARTESIAN_POINT ( 'NONE',  ( -5.609051806756606418, 17.32267179246581179, 11.04080484276174978 ) ) ;
#2179 = CIRCLE ( 'NONE', #7069, 2.299999999999997602 ) ;
#2180 = CARTESIAN_POINT ( 'NONE',  ( 11.09999999999999964, 17.60000000000000142, 1.359357947053560184E-15 ) ) ;
#2181 = AXIS2_PLACEMENT_3D ( 'NONE', #3848, #6519, #508 ) ;
#2182 = EDGE_CURVE ( 'NONE', #467, #1706, #8322, .T. ) ;
#2183 = MANIFOLD_SOLID_BREP ( '切除-拉伸2', #5717 ) ;
#2184 = AXIS2_PLACEMENT_3D ( 'NONE', #6435, #1033, #422 ) ;
#2185 = CARTESIAN_POINT ( 'NONE',  ( 0.3948291982182996485, 5.499261314031190118, 9.525000000000002132 ) ) ;
#2186 = CARTESIAN_POINT ( 'NONE',  ( -8.414570696119973547, 20.47625000000000028, -8.414570696119856308 ) ) ;
#2187 = ADVANCED_FACE ( 'NONE', ( #6257 ), #7683, .F. ) ;
#2188 = DIRECTION ( 'NONE',  ( 0.000000000000000000, 0.000000000000000000, -1.000000000000000000 ) ) ;
#2190 = VERTEX_POINT ( 'NONE', #8390 ) ;
#2189 = VECTOR ( 'NONE', #4104, 1000.000000000000000 ) ;
#2191 = DIRECTION ( 'NONE',  ( 0.000000000000000000, 0.000000000000000000, 1.000000000000000000 ) ) ;
#2192 = DIRECTION ( 'NONE',  ( -0.000000000000000000, 1.000000000000000000, -0.000000000000000000 ) ) ;
#2193 = PERSON_AND_ORGANIZATION_ROLE ( 'classification_officer' ) ;
#2194 = EDGE_CURVE ( 'NONE', #3969, #3918, #1505, .T. ) ;
#2195 = AXIS2_PLACEMENT_3D ( 'NONE', #1935, #1370, #8076 ) ;
#2196 = ORIENTED_EDGE ( 'NONE', *, *, #3171, .T. ) ;
#2197 = EDGE_CURVE ( 'NONE', #8684, #2409, #2391, .T. ) ;
#2198 = DIRECTION ( 'NONE',  ( 0.000000000000000000, 0.000000000000000000, 1.000000000000000000 ) ) ;
#2199 = CARTESIAN_POINT ( 'NONE',  ( 4.963898969966151320, 9.165435523385310645, 3.175000000000000711 ) ) ;
#2200 = CARTESIAN_POINT ( 'NONE',  ( 34.40000000000000568, 5.499261314031191894, 9.525000000000002132 ) ) ;
#2201 = DIRECTION ( 'NONE',  ( 1.000000000000000000, 0.000000000000000000, 0.000000000000000000 ) ) ;
#2202 = CIRCLE ( 'NONE', #3317, 2.050000000000001155 ) ;
#2203 = CARTESIAN_POINT ( 'NONE',  ( 4.929141392239922759, 13.21187500000001336, 11.89999999999996305 ) ) ;
#2204 = ORIENTED_EDGE ( 'NONE', *, *, #5370, .T. ) ;
#2205 = CARTESIAN_POINT ( 'NONE',  ( 2.618097302622904632, -15.92906487933676551, 14.98911151100553951 ) ) ;
#2206 = MANIFOLD_SOLID_BREP ( '倒角2', #7115 ) ;
#2207 = FACE_OUTER_BOUND ( 'NONE', #1339, .T. ) ;
#2208 = ADVANCED_FACE ( 'NONE', ( #452 ), #3139, .T. ) ;
#2209 = CC_DESIGN_DATE_AND_TIME_ASSIGNMENT ( #6756, #1449, ( #288 ) ) ;
#2210 = ORIENTED_EDGE ( 'NONE', *, *, #6209, .T. ) ;
#2211 = ORIENTED_EDGE ( 'NONE', *, *, #37, .T. ) ;
#2212 = CARTESIAN_POINT ( 'NONE',  ( 3.489849930629361552, 11.54595508727841846, 12.05740128749092221 ) ) ;
#2213 = CYLINDRICAL_SURFACE ( 'NONE', #3988, 2.499999999999998668 ) ;
#2214 = ORIENTED_EDGE ( 'NONE', *, *, #6575, .T. ) ;
#2215 = DIRECTION ( 'NONE',  ( 1.000000000000000000, -8.195543980992800502E-16, 0.000000000000000000 ) ) ;
#2216 = DIRECTION ( 'NONE',  ( 1.000000000000000000, 1.231304080816852664E-16, -0.000000000000000000 ) ) ;
#2217 = EDGE_CURVE ( 'NONE', #6719, #2117, #7744, .T. ) ;
#2218 = ORIENTED_EDGE ( 'NONE', *, *, #6918, .T. ) ;
#2219 = APPROVAL_STATUS ( 'not_yet_approved' ) ;
#2220 = ORIENTED_EDGE ( 'NONE', *, *, #4021, .F. ) ;
#2221 = DIRECTION ( 'NONE',  ( -1.000000000000000000, -0.000000000000000000, -0.000000000000000000 ) ) ;
#2222 = DIRECTION ( 'NONE',  ( 0.000000000000000000, 0.000000000000000000, 1.000000000000000000 ) ) ;
#2223 = CIRCLE ( 'NONE', #5464, 2.300000000000001599 ) ;
#2224 = ORIENTED_EDGE ( 'NONE', *, *, #5527, .T. ) ;
#2225 = DIRECTION ( 'NONE',  ( 8.775090700452169195E-16, 1.000000000000000000, 0.000000000000000000 ) ) ;
#2226 = CARTESIAN_POINT ( 'NONE',  ( 0.1726931561031175566, 3.670961952045460830, 9.525000000000002132 ) ) ;
#2227 = CARTESIAN_POINT ( 'NONE',  ( -12.27635182233306743, 0.000000000000000000, 0.000000000000000000 ) ) ;
#2228 = DIRECTION ( 'NONE',  ( 0.000000000000000000, 0.000000000000000000, 1.000000000000000000 ) ) ;
#2229 = CARTESIAN_POINT ( 'NONE',  ( -8.414570696119973547, 16.66625000000000867, -8.414570696119856308 ) ) ;
#2230 = ADVANCED_FACE ( 'NONE', ( #7170 ), #3184, .F. ) ;
#2231 = CARTESIAN_POINT ( 'NONE',  ( 33.09999999999999432, 0.000000000000000000, 0.000000000000000000 ) ) ;
#2232 = ORIENTED_EDGE ( 'NONE', *, *, #8270, .T. ) ;
#2233 = DIRECTION ( 'NONE',  ( -4.205219310670844307E-16, 0.000000000000000000, -1.000000000000000000 ) ) ;
#2234 = CARTESIAN_POINT ( 'NONE',  ( 0.1083897543756179305, -2.138740617938784164E-15, 0.000000000000000000 ) ) ;
#2235 = PERSON_AND_ORGANIZATION ( #1055, #8016 ) ;
#2236 = EDGE_CURVE ( 'NONE', #4227, #6121, #1245, .T. ) ;
#2237 = DIRECTION ( 'NONE',  ( -1.000000000000000000, -0.000000000000000000, -0.000000000000000000 ) ) ;
#2238 = CARTESIAN_POINT ( 'NONE',  ( 8.980256121069064790, 11.73063021535169881, -8.980256121069192687 ) ) ;
#2239 = CARTESIAN_POINT ( 'NONE',  ( -0.9889068136439292944, 16.98430166686057419, -12.69999999999996021 ) ) ;
#2240 = CARTESIAN_POINT ( 'NONE',  ( -15.22582127265071783, 30.49999999999999645, -7.561373325877829288 ) ) ;
#2241 = CARTESIAN_POINT ( 'NONE',  ( -4.929141392239751340, 13.05312500000001741, 11.90000000000003233 ) ) ;
#2242 = ORIENTED_EDGE ( 'NONE', *, *, #694, .F. ) ;
#2243 = DIRECTION ( 'NONE',  ( 0.000000000000000000, 0.000000000000000000, -1.000000000000000000 ) ) ;
#2244 = DIRECTION ( 'NONE',  ( 1.000000000000000000, -8.195543980992796558E-16, 0.000000000000000000 ) ) ;
#2245 = CIRCLE ( 'NONE', #5180, 21.75000000000000000 ) ;
#2246 = EDGE_CURVE ( 'NONE', #467, #5763, #1562, .T. ) ;
#2247 = B_SPLINE_CURVE_WITH_KNOTS ( 'NONE', 3,
 ( #8172, #1509, #5579, #1593, #4270, #6944 ),
 .UNSPECIFIED., .F., .F.,
 ( 4, 2, 4 ),
 ( 2.309401076759817305E-07, 0.002749861597123270680, 0.005499492254138865256 ),
 .UNSPECIFIED. ) ;
#2248 = ORIENTED_EDGE ( 'NONE', *, *, #6794, .T. ) ;
#2249 = CARTESIAN_POINT ( 'NONE',  ( 12.56412585201709753, -2.009527318423363074, -9.246769250645094473 ) ) ;
#2250 = DIRECTION ( 'NONE',  ( -1.000000000000000000, -0.000000000000000000, -0.000000000000000000 ) ) ;
#2251 = ORIENTED_EDGE ( 'NONE', *, *, #1382, .T. ) ;
#2252 = FACE_OUTER_BOUND ( 'NONE', #3044, .T. ) ;
#2253 = CARTESIAN_POINT ( 'NONE',  ( 0.000000000000000000, -8.248891971046779403, -4.762499999999999289 ) ) ;
#2254 = APPROVAL_STATUS ( 'not_yet_approved' ) ;
#2255 = AXIS2_PLACEMENT_3D ( 'NONE', #4687, #683, #2529 ) ;
#2256 = ORIENTED_EDGE ( 'NONE', *, *, #5073, .F. ) ;
#2257 = EDGE_CURVE ( 'NONE', #7949, #5815, #3927, .T. ) ;
#2258 = CARTESIAN_POINT ( 'NONE',  ( -13.79999999999999716, 0.000000000000000000, 3.200000000000000178 ) ) ;
#2259 = AXIS2_PLACEMENT_3D ( 'NONE', #3639, #6484, #6313 ) ;
#2260 = ORIENTED_EDGE ( 'NONE', *, *, #5021, .T. ) ;
#2261 = DIRECTION ( 'NONE',  ( -0.000000000000000000, 0.000000000000000000, 1.000000000000000000 ) ) ;
#2262 = PRODUCT_DEFINITION_FORMATION_WITH_SPECIFIED_SOURCE ( '任何', '', #3889, .NOT_KNOWN. ) ;
#2263 = AXIS2_PLACEMENT_3D ( 'NONE', #1448, #4906, #8190 ) ;
#2264 = EDGE_CURVE ( 'NONE', #6771, #5744, #6417, .T. ) ;
#2265 = CARTESIAN_POINT ( 'NONE',  ( 1.100091147205278119, 1.067922460193764467, 1.734781759009967894 ) ) ;
#2266 = CARTESIAN_POINT ( 'NONE',  ( -8.144867450319699387, 11.20154112286664372, -9.093833221413387236 ) ) ;
#2267 = CC_DESIGN_APPROVAL ( #8259, ( #1282 ) ) ;
#2268 = CARTESIAN_POINT ( 'NONE',  ( 11.90000000000003588, 14.84062500000001172, 4.929141392239745123 ) ) ;
#2269 = CARTESIAN_POINT ( 'NONE',  ( 11.69999999999999929, 9.400000000000002132, 0.000000000000000000 ) ) ;
#2270 = ORIENTED_EDGE ( 'NONE', *, *, #149, .T. ) ;
#2271 = CARTESIAN_POINT ( 'NONE',  ( 43.60000000000000142, 0.000000000000000000, 0.000000000000000000 ) ) ;
#2272 = DIRECTION ( 'NONE',  ( 0.000000000000000000, 0.000000000000000000, 1.000000000000000000 ) ) ;
#2273 = B_SPLINE_CURVE_WITH_KNOTS ( 'NONE', 3,
 ( #5055, #8552, #2468, #1100, #7066, #3041 ),
 .UNSPECIFIED., .F., .F.,
 ( 4, 2, 4 ),
 ( 2.309401076759608988E-07, 0.002749861597123267644, 0.005499492254138859185 ),
 .UNSPECIFIED. ) ;
#2274 = CIRCLE ( 'NONE', #6767, 11.99999999999998757 ) ;
#2275 = CARTESIAN_POINT ( 'NONE',  ( -0.4999999999999998890, 0.000000000000000000, 0.000000000000000000 ) ) ;
#2276 = CIRCLE ( 'NONE', #8577, 3.174999999999999822 ) ;
#2277 = CARTESIAN_POINT ( 'NONE',  ( 0.000000000000000000, 0.000000000000000000, 0.000000000000000000 ) ) ;
#2278 = CARTESIAN_POINT ( 'NONE',  ( 12.82664718204935106, 20.53500000000000014, -9.113880979362923189E-14 ) ) ;
#2279 = DIRECTION ( 'NONE',  ( -1.000000000000000000, 8.775090700452169195E-16, 0.000000000000000000 ) ) ;
#2280 = CARTESIAN_POINT ( 'NONE',  ( -11.89999999999996305, 10.35437500000002231, 4.929141392239922759 ) ) ;
#2281 = ORIENTED_EDGE ( 'NONE', *, *, #293, .F. ) ;
#2282 = LINE ( 'NONE', #7719, #73 ) ;
#2283 = MANIFOLD_SOLID_BREP ( '圆角1', #8514 ) ;
#2284 = B_SPLINE_CURVE_WITH_KNOTS ( 'NONE', 3,
 ( #4284, #7705, #3006, #7126, #8267, #5675, #1025, #7667, #1689, #1648, #1777, #2308, #3755, #6958, #2266, #2435, #1605, #4938, #936, #4977, #4320, #8392, #3620, #4364, #3665, #6427, #6294, #6469, #5761, #2925, #7791, #8347, #414, #7034, #278, #6388, #8437, #2961, #3098, #374, #2351, #5629, #5020, #3053, #5719, #5067, #6343, #6992, #2393 ),
 .UNSPECIFIED., .F., .F.,
 ( 4, 2, 2, 2, 2, 2, 2, 2, 2, 2, 2, 1, 2, 2, 2, 2, 2, 2, 2, 2, 2, 2, 2, 2, 4 ),
 ( 0.03831534882919459400, 0.03951011983278289452, 0.04070489083637118810, 0.04309443284354778220, 0.04428920384713608271, 0.04548397485072438323, 0.04787351685790097733, 0.04906828786148927091, 0.05026305886507756449, 0.05265260087225415164, 0.05384737187584244522, 0.05504214287943073880, 0.05623691388301903238, 0.05743168488660732596, 0.05982122689378390618, 0.06101599789737220669, 0.06221076890096050027, 0.06460031090813708743, 0.06579508191172538101, 0.06698985291531367459, 0.06937939492249026174, 0.07176893692966684890, 0.07296370793325512860, 0.07415847893684340830, 0.07654802094401999546 ),
 .UNSPECIFIED. ) ;
#2285 = CARTESIAN_POINT ( 'NONE',  ( -12.69999999999996909, 12.35311978464833871, 8.868362600661534741E-14 ) ) ;
#2286 = CARTESIAN_POINT ( 'NONE',  ( -8.073252374094717965, -16.44581851809337536, 11.83957626202014524 ) ) ;
#2287 = EDGE_CURVE ( 'NONE', #2695, #6210, #8662, .T. ) ;
#2288 = ORIENTED_EDGE ( 'NONE', *, *, #4711, .F. ) ;
#2289 = ORIENTED_EDGE ( 'NONE', *, *, #1653, .F. ) ;
#2290 = CARTESIAN_POINT ( 'NONE',  ( 11.64579827542596213, 11.65923524848031612, 5.025561941861692361 ) ) ;
#2291 = CARTESIAN_POINT ( 'NONE',  ( -2.050000000000002043, 2.299999999999994493, -0.1453275613856351567 ) ) ;
#2292 = ORIENTED_EDGE ( 'NONE', *, *, #2943, .F. ) ;
#2293 = CARTESIAN_POINT ( 'NONE',  ( -13.44999999999999929, 1.010658625831996795E-15, -8.252653961416930528 ) ) ;
#2294 = DIRECTION ( 'NONE',  ( -1.000000000000000000, -0.000000000000000000, -0.000000000000000000 ) ) ;
#2295 = SECURITY_CLASSIFICATION_LEVEL ( 'unclassified' ) ;
#2296 = ADVANCED_FACE ( 'NONE', ( #6549 ), #6136, .T. ) ;
#2297 = B_SPLINE_CURVE_WITH_KNOTS ( 'NONE', 3,
 ( #522, #3957, #3211, #2602, #7991, #662 ),
 .UNSPECIFIED., .F., .F.,
 ( 4, 2, 4 ),
 ( 0.005499492254138862654, 0.008249122911154455062, 0.01099875356817004574 ),
 .UNSPECIFIED. ) ;
#2298 = VERTEX_POINT ( 'NONE', #3227 ) ;
#2299 = CARTESIAN_POINT ( 'NONE',  ( 6.080890634356568292, 17.03294995424632319, -11.12035081319252861 ) ) ;
#2300 = EDGE_CURVE ( 'NONE', #486, #5358, #3015, .T. ) ;
#2301 = CIRCLE ( 'NONE', #6084, 8.099999999999999645 ) ;
#2302 = EDGE_LOOP ( 'NONE', ( #6563, #616, #5977, #5294 ) ) ;
#2303 = DIRECTION ( 'NONE',  ( -1.000000000000000000, 0.000000000000000000, -0.000000000000000000 ) ) ;
#2304 = ADVANCED_FACE ( 'NONE', ( #8568 ), #6278, .T. ) ;
#2305 = CC_DESIGN_PERSON_AND_ORGANIZATION_ASSIGNMENT ( #1555, #358, ( #6043 ) ) ;
#2306 = VECTOR ( 'NONE', #6365, 1000.000000000000227 ) ;
#2307 = CARTESIAN_POINT ( 'NONE',  ( 7.328660793497090431, 10.92652016301129336, 9.500480598742759852 ) ) ;
#2308 = CARTESIAN_POINT ( 'NONE',  ( -9.781910693791244782, 11.22556321864435169, -7.376128657320818682 ) ) ;
#2309 = CIRCLE ( 'NONE', #6377, 2.300000000000001599 ) ;
#2310 = CARTESIAN_POINT ( 'NONE',  ( 8.528325040094456217E-14, 14.60250000000001158, 11.89999999999999858 ) ) ;
#2311 = DIRECTION ( 'NONE',  ( -1.000000000000000000, -0.000000000000000000, -0.000000000000000000 ) ) ;
#2312 = EDGE_LOOP ( 'NONE', ( #582, #7145, #6527, #584 ) ) ;
#2313 = CARTESIAN_POINT ( 'NONE',  ( 12.27635182233307987, 0.000000000000000000, 0.000000000000000000 ) ) ;
#2314 = CARTESIAN_POINT ( 'NONE',  ( -15.22582127265071783, 33.79999999999998295, -7.561373325877829288 ) ) ;
#2315 = APPROVAL_ROLE ( '' ) ;
#2316 = VECTOR ( 'NONE', #1871, 1000.000000000000000 ) ;
#2317 = AXIS2_PLACEMENT_3D ( 'NONE', #2340, #4441, #2378 ) ;
#2318 = ADVANCED_BREP_SHAPE_REPRESENTATION ( '', ( #8166, #5757 ), #443 ) ;
#2319 = UNCERTAINTY_MEASURE_WITH_UNIT (LENGTH_MEASURE( 1.000000000000000082E-05 ), #7354, 'distance_accuracy_value', 'NONE');
#2320 = PLANE ( 'NONE',  #3166 ) ;
#2321 = AXIS2_PLACEMENT_3D ( 'NONE', #5035, #1704, #4376 ) ;
#2322 = DIRECTION ( 'NONE',  ( -1.000000000000000000, -0.000000000000000000, -0.000000000000000000 ) ) ;
#2323 = CARTESIAN_POINT ( 'NONE',  ( -12.82664718204939014, 21.09062500000000284, -5.312971222579394137 ) ) ;
#2324 = CYLINDRICAL_SURFACE ( 'NONE', #8614, 3.174999999999999822 ) ;
#2325 = CARTESIAN_POINT ( 'NONE',  ( 12.82664718204931376, 15.53437500000001492, -5.312971222579575326 ) ) ;
#2326 = ORIENTED_EDGE ( 'NONE', *, *, #7173, .T. ) ;
#2327 = CARTESIAN_POINT ( 'NONE',  ( -11.89999999999996838, 16.70437500000000597, 4.929141392239906772 ) ) ;
#2328 = VECTOR ( 'NONE', #6477, 1000.000000000000000 ) ;
#2329 = CARTESIAN_POINT ( 'NONE',  ( 34.40000000000000568, -10.99852262806237313, 3.605651974203355568E-15 ) ) ;
#2330 = CIRCLE ( 'NONE', #3453, 15.59999999999999964 ) ;
#2331 = APPLICATION_PROTOCOL_DEFINITION ( 'international standard', 'config_control_design', 1994, #6470 ) ;
#2332 = VERTEX_POINT ( 'NONE', #3267 ) ;
#2333 = ORIENTED_EDGE ( 'NONE', *, *, #5612, .T. ) ;
#2334 = DIRECTION ( 'NONE',  ( 0.000000000000000000, 0.000000000000000000, 1.000000000000000000 ) ) ;
#2335 = LINE ( 'NONE', #1174, #4712 ) ;
#2336 = CIRCLE ( 'NONE', #1200, 9.525000000000000355 ) ;
#2337 = DIRECTION ( 'NONE',  ( -0.7071067811865474617, 0.7071067811865474617, -0.000000000000000000 ) ) ;
#2338 = CARTESIAN_POINT ( 'NONE',  ( 11.89999999999994529, 12.25937500000001812, -4.929141392239959174 ) ) ;
#2339 = ORIENTED_EDGE ( 'NONE', *, *, #495, .T. ) ;
#2340 = CARTESIAN_POINT ( 'NONE',  ( 34.40000000000000568, 0.000000000000000000, 0.000000000000000000 ) ) ;
#2341 = CARTESIAN_POINT ( 'NONE',  ( 12.94999999999999218, 9.400000000000000355, 12.94999999999999218 ) ) ;
#2342 = PERSON_AND_ORGANIZATION_ROLE ( 'creator' ) ;
#2343 = EDGE_LOOP ( 'NONE', ( #5127, #1865, #2593, #7670, #1735, #2984 ) ) ;
#2344 = ADVANCED_FACE ( 'NONE', ( #4766 ), #8236, .F. ) ;
#2345 = CARTESIAN_POINT ( 'NONE',  ( 4.999999999999998224, -1.849720943065751522, -9.524999999999996803 ) ) ;
#2346 = ORIENTED_EDGE ( 'NONE', *, *, #6223, .F. ) ;
#2347 = CARTESIAN_POINT ( 'NONE',  ( 8.999999999999998224, 0.3021515475689004471, -9.000000000000000000 ) ) ;
#2348 = CIRCLE ( 'NONE', #5148, 15.59999999999999964 ) ;
#2349 = EDGE_CURVE ( 'NONE', #444, #7033, #1796, .T. ) ;
#2350 = CARTESIAN_POINT ( 'NONE',  ( 6.002643781541124213, 10.90000000000000213, 10.27512859442283144 ) ) ;
#2351 = CARTESIAN_POINT ( 'NONE',  ( 10.35054178693426152, 10.97480056896053746, -6.074665357722042636 ) ) ;
#2352 = AXIS2_PLACEMENT_3D ( 'NONE', #7485, #6782, #2795 ) ;
#2353 = CARTESIAN_POINT ( 'NONE',  ( 11.90000000000003588, 17.38062500000001265, 4.929141392239745123 ) ) ;
#2354 = CARTESIAN_POINT ( 'NONE',  ( 7.349999999999999645, -3.084843528204037854E-15, 0.000000000000000000 ) ) ;
#2355 = ORIENTED_EDGE ( 'NONE', *, *, #6159, .F. ) ;
#2356 = CARTESIAN_POINT ( 'NONE',  ( 1.151658749357196449E-13, 15.87250000000001116, 11.89999999999999858 ) ) ;
#2357 = CARTESIAN_POINT ( 'NONE',  ( 0.000000000000000000, -2.009527318423362185, 0.000000000000000000 ) ) ;
#2358 = ITEM_DEFINED_TRANSFORMATION ( 'NONE', 'NONE', #728,  #5757 ) ;
#2359 = AXIS2_PLACEMENT_3D ( 'NONE', #7072, #5876, #1812 ) ;
#2360 = EDGE_CURVE ( 'NONE', #649, #2730, #5936, .T. ) ;
#2361 = DIRECTION ( 'NONE',  ( -0.000000000000000000, 1.000000000000000000, -0.000000000000000000 ) ) ;
#2362 = DIRECTION ( 'NONE',  ( -8.775090700452169195E-16, -1.000000000000000000, -0.000000000000000000 ) ) ;
#2363 = FACE_OUTER_BOUND ( 'NONE', #5882, .T. ) ;
#2364 = DIRECTION ( 'NONE',  ( -1.000000000000000000, 0.000000000000000000, 0.000000000000000000 ) ) ;
#2365 = CARTESIAN_POINT ( 'NONE',  ( -12.82664718204935106, 13.55000000000001670, 8.956799855210033214E-14 ) ) ;
#2366 = EDGE_LOOP ( 'NONE', ( #6334, #1798, #4840, #8452 ) ) ;
#2367 = DIRECTION ( 'NONE',  ( -0.000000000000000000, -1.000000000000000000, -0.000000000000000000 ) ) ;
#2368 = LINE ( 'NONE', #8454, #6594 ) ;
#2369 = CALENDAR_DATE ( 2025, 13, 3 ) ;
#2370 = ORIENTED_EDGE ( 'NONE', *, *, #968, .T. ) ;
#2371 = ORIENTED_EDGE ( 'NONE', *, *, #7350, .F. ) ;
#2372 = DIRECTION ( 'NONE',  ( 1.000000000000000000, 1.231304080816852664E-16, -0.000000000000000000 ) ) ;
#2373 = CARTESIAN_POINT ( 'NONE',  ( -1.035053568989334094, 1.457704820209388075, 1.787450156796368095 ) ) ;
#2374 = CARTESIAN_POINT ( 'NONE',  ( -12.31281326467777859, 11.31281326467783011, 0.3951064211172142793 ) ) ;
#2375 = CARTESIAN_POINT ( 'NONE',  ( -12.69999999999996732, 14.74688021535169291, 8.868362600661530955E-14 ) ) ;
#2376 = CARTESIAN_POINT ( 'NONE',  ( 4.929141392239922759, 19.56187500000000412, 11.89999999999996305 ) ) ;
#2377 = EDGE_LOOP ( 'NONE', ( #3734, #5391, #5832, #6680 ) ) ;
#2378 = DIRECTION ( 'NONE',  ( 0.000000000000000000, 0.000000000000000000, -1.000000000000000000 ) ) ;
#2379 = CARTESIAN_POINT ( 'NONE',  ( 3.100672399839172871E-15, -10.07925647686743886, -25.31891155881011102 ) ) ;
#2380 = CIRCLE ( 'NONE', #411, 21.75000000000000000 ) ;
#2381 = COORDINATED_UNIVERSAL_TIME_OFFSET ( 8, 0, .AHEAD. ) ;
#2382 = AXIS2_PLACEMENT_3D ( 'NONE', #2785, #5411, #58 ) ;
#2383 = EDGE_LOOP ( 'NONE', ( #3667, #7264, #7190, #3947 ) ) ;
#2384 = CIRCLE ( 'NONE', #3089, 3.399999999999999911 ) ;
#2385 = CARTESIAN_POINT ( 'NONE',  ( 7.349999999999998757, -2.300000000000002931, 2.816687638038912056E-16 ) ) ;
#2386 = AXIS2_PLACEMENT_3D ( 'NONE', #1670, #3775, #2415 ) ;
#2387 = CARTESIAN_POINT ( 'NONE',  ( -12.27635182233307987, 0.000000000000000000, -3.703925678971643265 ) ) ;
#2388 = CARTESIAN_POINT ( 'NONE',  ( 4.929141392239772657, 17.49812500000000881, -11.90000000000000924 ) ) ;
#2389 = EDGE_CURVE ( 'NONE', #2725, #6243, #2494, .T. ) ;
#2390 = AXIS2_PLACEMENT_3D ( 'NONE', #3792, #5880, #3835 ) ;
#2391 = LINE ( 'NONE', #6468, #7408 ) ;
#2392 = B_SPLINE_CURVE_WITH_KNOTS ( 'NONE', 3,
 ( #4267, #7525, #5611, #5536, #2290, #4146, #881, #4958, #7565, #1631, #6818, #226, #8213, #308, #5451, #6941, #5576, #8124, #2212, #4883, #2121, #3481, #2829, #5495, #8169, #2162, #4842, #5652, #396, #2503, #6367, #8330, #5090, #4519, #1802, #3078, #6449, #350, #7851, #3777, #7814, #1176, #7689, #436, #1672, #5001, #4346, #2374, #7729 ),
 .UNSPECIFIED., .F., .F.,
 ( 4, 2, 2, 2, 2, 2, 2, 2, 2, 2, 2, 2, 2, 1, 2, 2, 2, 2, 2, 2, 2, 2, 2, 2, 4 ),
 ( 1.254668135422639403E-15, 0.002394709301825836099, 0.004789418603650417994, 0.005986773254562708507, 0.007184127905474999888, 0.009578837207299580048, 0.01077619185821187230, 0.01197354650912416107, 0.01436825581094874384, 0.01556561046186103435, 0.01676296511277332660, 0.01915767441459791109, 0.02035502906551020508, 0.02155238371642249212, 0.02274973836733478263, 0.02394709301824707662, 0.02634180232007165418, 0.02753915697098395163, 0.02873651162189624561, 0.03113122092372083358, 0.03232857557463313103, 0.03352593022554542501, 0.03592063952737001298, 0.03711799417828230002, 0.03831534882919459400 ),
 .UNSPECIFIED. ) ;
#2393 = CARTESIAN_POINT ( 'NONE',  ( 11.90633974596222089, 10.90633974596222089, -5.199830294817119976E-12 ) ) ;
#2394 =( BOUNDED_CURVE ( )  B_SPLINE_CURVE ( 2, ( #4571, #7252, #4094, #752, #1458, #6808, #2155, #1415, #3557 ),
 .UNSPECIFIED., .F., .F. ) 
 B_SPLINE_CURVE_WITH_KNOTS ( ( 3, 2, 2, 2, 3 ),
 ( 0.4374999999999999445, 0.4531250000000000000, 0.4687500000000000000, 0.4843750000000000555, 0.5000000000000001110 ),
 .UNSPECIFIED. ) 
 CURVE ( )  GEOMETRIC_REPRESENTATION_ITEM ( )  RATIONAL_B_SPLINE_CURVE ( ( 1.000000000000000222, 0.9238795325112865164, 1.000000000000000000, 0.9238795325112867385, 1.000000000000000000, 0.9238795325112867385, 1.000000000000000000, 0.9238795325112861834, 1.000000000000000444 ) ) 
 REPRESENTATION_ITEM ( '' )  );
#2395 = CARTESIAN_POINT ( 'NONE',  ( 14.29000000000000448, -15.69047268157663666, 6.257467538869049051 ) ) ;
#2396 = ORIENTED_EDGE ( 'NONE', *, *, #2048, .F. ) ;
#2397 = DIRECTION ( 'NONE',  ( 0.000000000000000000, 0.000000000000000000, 1.000000000000000000 ) ) ;
#2398 = LOCAL_TIME ( 22, 24, 23.00000000000000000, #4060 ) ;
#2399 = DIRECTION ( 'NONE',  ( 0.000000000000000000, 0.000000000000000000, 1.000000000000000000 ) ) ;
#2400 = AXIS2_PLACEMENT_3D ( 'NONE', #4461, #7749, #2399 ) ;
#2401 = ADVANCED_FACE ( 'NONE', ( #112 ), #1300, .F. ) ;
#2402 = SECURITY_CLASSIFICATION ( '', '', #7132 ) ;
#2403 = FACE_OUTER_BOUND ( 'NONE', #5474, .T. ) ;
#2404 = CARTESIAN_POINT ( 'NONE',  ( -12.69999999999996732, 12.20688021535169732, 8.868362600661530955E-14 ) ) ;
#2405 = VECTOR ( 'NONE', #4591, 1000.000000000000000 ) ;
#2406 = DIRECTION ( 'NONE',  ( -0.000000000000000000, -1.000000000000000000, -0.000000000000000000 ) ) ;
#2407 = CARTESIAN_POINT ( 'NONE',  ( 5.299999999999998934, 9.919639073093559228E-16, -8.099999999999999645 ) ) ;
#2408 = CARTESIAN_POINT ( 'NONE',  ( 9.069809202314353058, 16.88375000000000981, -9.069809202314482732 ) ) ;
#2409 = VERTEX_POINT ( 'NONE', #2046 ) ;
#2410 = DIRECTION ( 'NONE',  ( 0.000000000000000000, 0.000000000000000000, -1.000000000000000000 ) ) ;
#2411 = DIRECTION ( 'NONE',  ( 0.000000000000000000, 0.4999999999999997224, -0.8660254037844387076 ) ) ;
#2412 = PERSON_AND_ORGANIZATION ( #129, #430 ) ;
#2413 = ORIENTED_EDGE ( 'NONE', *, *, #627, .T. ) ;
#2414 = EDGE_LOOP ( 'NONE', ( #8085, #7909, #6452, #3156 ) ) ;
#2415 = DIRECTION ( 'NONE',  ( 1.000000000000000000, -9.210921111381288336E-16, 0.000000000000000000 ) ) ;
#2416 = EDGE_CURVE ( 'NONE', #5163, #1793, #2647, .T. ) ;
#2417 = CARTESIAN_POINT ( 'NONE',  ( -14.29000000000000092, -1.771777415123179766, -5.230854042680642912 ) ) ;
#2418 = PLANE ( 'NONE',  #5039 ) ;
#2419 = CARTESIAN_POINT ( 'NONE',  ( -4.841832140447394295, 17.03073665237498702, -11.73155275890418636 ) ) ;
#2420 = CARTESIAN_POINT ( 'NONE',  ( 11.89999999999999858, 18.53000000000000469, -8.455458555545191202E-14 ) ) ;
#2421 = ORIENTED_EDGE ( 'NONE', *, *, #2197, .F. ) ;
#2422 = DIRECTION ( 'NONE',  ( 0.000000000000000000, 0.000000000000000000, 1.000000000000000000 ) ) ;
#2423 = DIRECTION ( 'NONE',  ( 0.000000000000000000, 0.000000000000000000, 1.000000000000000000 ) ) ;
#2424 = AXIS2_PLACEMENT_3D ( 'NONE', #5070, #4983, #5764 ) ;
#2425 = ORIENTED_EDGE ( 'NONE', *, *, #5289, .F. ) ;
#2426 = DIRECTION ( 'NONE',  ( 1.000000000000000000, 1.231304080816852664E-16, -0.000000000000000000 ) ) ;
#2427 = CARTESIAN_POINT ( 'NONE',  ( 40.92056046467595110, 0.000000000000000000, 0.000000000000000000 ) ) ;
#2428 = CARTESIAN_POINT ( 'NONE',  ( 4.929141392239739794, 15.15812500000001428, -11.90000000000003766 ) ) ;
#2429 = DIRECTION ( 'NONE',  ( -1.000000000000000000, -0.000000000000000000, -0.000000000000000000 ) ) ;
#2430 = AXIS2_PLACEMENT_3D ( 'NONE', #5715, #4934, #5667 ) ;
#2431 = DIRECTION ( 'NONE',  ( 0.000000000000000000, 0.000000000000000000, 1.000000000000000000 ) ) ;
#2432 = EDGE_CURVE ( 'NONE', #8071, #5, #6690, .T. ) ;
#2433 = EDGE_CURVE ( 'NONE', #1468, #6800, #1471, .T. ) ;
#2434 = CARTESIAN_POINT ( 'NONE',  ( 4.964204979967803411, -1.829091885878042278, 9.525000000000003908 ) ) ;
#2436 = ORIENTED_EDGE ( 'NONE', *, *, #4400, .T. ) ;
#2435 = CARTESIAN_POINT ( 'NONE',  ( -7.528353979013985509, 11.19333881964645805, -9.600023989892676468 ) ) ;
#2437 = APPLICATION_CONTEXT ( 'configuration controlled 3d designs of mechanical parts and assemblies' ) ;
#2438 = CARTESIAN_POINT ( 'NONE',  ( 14.29000000000000092, -15.92822258487690235, -5.230854042680326721 ) ) ;
#2439 = ORIENTED_EDGE ( 'NONE', *, *, #639, .F. ) ;
#2440 = CARTESIAN_POINT ( 'NONE',  ( 12.94999999999999218, 9.400000000000000355, 12.94999999999999218 ) ) ;
#2441 = CARTESIAN_POINT ( 'NONE',  ( 2.001828735021060623, 17.76467703432243894, -11.77391488697208999 ) ) ;
#2442 = DATE_TIME_ROLE ( 'classification_date' ) ;
#2443 = EDGE_CURVE ( 'NONE', #2177, #8283, #4882, .T. ) ;
#2444 = AXIS2_PLACEMENT_3D ( 'NONE', #689, #8536, #4600 ) ;
#2445 =( BOUNDED_CURVE ( )  B_SPLINE_CURVE ( 2, ( #2103, #8274, #5560, #903, #3463, #6755, #864, #6092, #6176 ),
 .UNSPECIFIED., .F., .F. ) 
 B_SPLINE_CURVE_WITH_KNOTS ( ( 3, 2, 2, 2, 3 ),
 ( 0.2500000000000000555, 0.2656250000000000555, 0.2812500000000000000, 0.2968750000000000000, 0.3125000000000000000 ),
 .UNSPECIFIED. ) 
 CURVE ( )  GEOMETRIC_REPRESENTATION_ITEM ( )  RATIONAL_B_SPLINE_CURVE ( ( 0.9999999999999997780, 0.9238795325112869605, 1.000000000000000000, 0.9238795325112867385, 1.000000000000000000, 0.9238795325112867385, 1.000000000000000000, 0.9238795325112867385, 1.000000000000000000 ) ) 
 REPRESENTATION_ITEM ( '' )  );
#2446 = CARTESIAN_POINT ( 'NONE',  ( 0.000000000000000000, 1.836970198721029589E-15, -15.00000000000000000 ) ) ;
#2447 = EDGE_CURVE ( 'NONE', #6499, #8066, #5470, .T. ) ;
#2448 = DIRECTION ( 'NONE',  ( 0.000000000000000000, 1.000000000000000000, 0.000000000000000000 ) ) ;
#2449 = DIRECTION ( 'NONE',  ( 0.000000000000000000, -1.000000000000000000, 0.000000000000000000 ) ) ;
#2450 = CARTESIAN_POINT ( 'NONE',  ( -1.364715712891807486, 17.79999999999999361, -11.82148683639186615 ) ) ;
#2451 = CARTESIAN_POINT ( 'NONE',  ( 12.82664718204935106, 14.18500000000001648, -9.113880979362924452E-14 ) ) ;
#2452 = ORIENTED_EDGE ( 'NONE', *, *, #2697, .T. ) ;
#2453 = CARTESIAN_POINT ( 'NONE',  ( 4.999999999999997335, 9.919639073093559228E-16, -8.099999999999999645 ) ) ;
#2454 = VECTOR ( 'NONE', #186, 1000.000000000000000 ) ;
#2455 = LINE ( 'NONE', #5122, #5881 ) ;
#2456 = CALENDAR_DATE ( 2025, 13, 3 ) ;
#2457 = AXIS2_PLACEMENT_3D ( 'NONE', #2076, #1501, #8244 ) ;
#2458 = EDGE_CURVE ( 'NONE', #7996, #3923, #1269, .T. ) ;
#2459 = CIRCLE ( 'NONE', #2321, 1.000000000000000444 ) ;
#2460 = ORIENTED_EDGE ( 'NONE', *, *, #7333, .F. ) ;
#2461 = ORIENTED_EDGE ( 'NONE', *, *, #6425, .F. ) ;
#2462 = DIRECTION ( 'NONE',  ( 0.000000000000000000, 0.000000000000000000, -1.000000000000000000 ) ) ;
#2463 = CARTESIAN_POINT ( 'NONE',  ( 41.39999999999999858, 8.199999999999997513, 0.000000000000000000 ) ) ;
#2464 = CARTESIAN_POINT ( 'NONE',  ( -5.395792855659581927E-15, -17.69999999999999929, -16.50067069343950266 ) ) ;
#2465 = AXIS2_PLACEMENT_3D ( 'NONE', #2901, #824, #4211 ) ;
#2466 = ORIENTED_EDGE ( 'NONE', *, *, #7572, .F. ) ;
#2467 = DIRECTION ( 'NONE',  ( -1.000000000000000000, -0.000000000000000000, -0.000000000000000000 ) ) ;
#2468 = CARTESIAN_POINT ( 'NONE',  ( 0.1723282451885987665, -10.08197907572384544, 1.587500000000005018 ) ) ;
#2469 = ORIENTED_EDGE ( 'NONE', *, *, #3214, .T. ) ;
#2470 = CIRCLE ( 'NONE', #3729, 14.00000000000000000 ) ;
#2471 = VECTOR ( 'NONE', #4705, 1000.000000000000000 ) ;
#2472 = EDGE_LOOP ( 'NONE', ( #2196, #6841, #5079, #8148 ) ) ;
#2473 = CARTESIAN_POINT ( 'NONE',  ( -13.44999999999999929, 8.900000000000016342, -12.94999999999999218 ) ) ;
#2474 = EDGE_CURVE ( 'NONE', #6097, #6370, #117, .T. ) ;
#2475 = CARTESIAN_POINT ( 'NONE',  ( 12.27635182233307987, 4.536000727032309825E-16, -3.703925678971643265 ) ) ;
#2476 = DIRECTION ( 'NONE',  ( 0.000000000000000000, 0.000000000000000000, 1.000000000000000000 ) ) ;
#2477 = CARTESIAN_POINT ( 'NONE',  ( 0.000000000000000000, 17.80000000000000071, 0.000000000000000000 ) ) ;
#2478 = CARTESIAN_POINT ( 'NONE',  ( -26.01317938492167059, 8.641945085602490195, 1.734723475976872570E-15 ) ) ;
#2479 = DIRECTION ( 'NONE',  ( 0.000000000000000000, 0.000000000000000000, 1.000000000000000000 ) ) ;
#2480 = FACE_OUTER_BOUND ( 'NONE', #456, .T. ) ;
#2481 = DIRECTION ( 'NONE',  ( 1.000000000000000000, 0.000000000000000000, 0.000000000000000000 ) ) ;
#2482 = ORIENTED_EDGE ( 'NONE', *, *, #6632, .T. ) ;
#2483 = FACE_OUTER_BOUND ( 'NONE', #6634, .T. ) ;
#2484 = CARTESIAN_POINT ( 'NONE',  ( -13.44999999999999929, -10.69999999999999396, 13.44999999999999929 ) ) ;
#2485 = AXIS2_PLACEMENT_3D ( 'NONE', #5994, #2481, #8668 ) ;
#2486 = DIRECTION ( 'NONE',  ( 0.7071067811865475727, 0.000000000000000000, -0.7071067811865475727 ) ) ;
#2487 = CARTESIAN_POINT ( 'NONE',  ( 24.00000000000000000, 2.299999999999999822, 0.000000000000000000 ) ) ;
#2488 = CARTESIAN_POINT ( 'NONE',  ( 9.069809202314482732, 17.83625000000000682, 9.069809202314353058 ) ) ;
#2489 = DIRECTION ( 'NONE',  ( 1.000000000000000000, 0.000000000000000000, 0.000000000000000000 ) ) ;
#2490 = CARTESIAN_POINT ( 'NONE',  ( -12.82664718204935106, 16.09000000000001407, 8.956799855210033214E-14 ) ) ;
#2491 = ORIENTED_EDGE ( 'NONE', *, *, #5352, .F. ) ;
#2492 = DIRECTION ( 'NONE',  ( 0.000000000000000000, 0.000000000000000000, 1.000000000000000000 ) ) ;
#2493 = DIRECTION ( 'NONE',  ( 0.000000000000000000, 0.000000000000000000, 1.000000000000000000 ) ) ;
#2494 = CIRCLE ( 'NONE', #8512, 14.00000000000000000 ) ;
#2495 = APPROVAL_ROLE ( '' ) ;
#2496 = AXIS2_PLACEMENT_3D ( 'NONE', #1107, #3093, #6462 ) ;
#2497 = EDGE_CURVE ( 'NONE', #1401, #955, #7316, .T. ) ;
#2498 = ORIENTED_EDGE ( 'NONE', *, *, #7799, .F. ) ;
#2499 = EDGE_CURVE ( 'NONE', #8052, #6542, #971, .T. ) ;
#2500 = EDGE_LOOP ( 'NONE', ( #1880, #7584, #4440, #3228, #4685, #43, #4755, #5822, #6235, #7605, #176, #4681, #1688, #6619, #5380, #2001, #7158, #4308, #305, #2990, #4576, #5529, #8250, #2618, #4561, #8055 ) ) ;
#2501 = CARTESIAN_POINT ( 'NONE',  ( 17.47810899155977893, 2.299999999999996714, 0.000000000000000000 ) ) ;
#2502 = DIRECTION ( 'NONE',  ( -1.000000000000000000, -0.000000000000000000, -0.000000000000000000 ) ) ;
#2503 = CARTESIAN_POINT ( 'NONE',  ( -4.679998047357098123, 11.46091839283004532, 11.55558715189945040 ) ) ;
#2504 = CARTESIAN_POINT ( 'NONE',  ( -11.90325246105772727, 17.14031709467332476, -4.024314190286808035 ) ) ;
#2505 = CARTESIAN_POINT ( 'NONE',  ( 40.92056046467595110, 0.000000000000000000, 0.000000000000000000 ) ) ;
#2506 = VERTEX_POINT ( 'NONE', #8221 ) ;
#2507 = CARTESIAN_POINT ( 'NONE',  ( 44.00000000000000000, 0.000000000000000000, 9.000000000000003553 ) ) ;
#2508 = FACE_OUTER_BOUND ( 'NONE', #3403, .T. ) ;
#2509 = VERTEX_POINT ( 'NONE', #4277 ) ;
#2510 = VERTEX_POINT ( 'NONE', #2258 ) ;
#2511 = EDGE_CURVE ( 'NONE', #8220, #3637, #4594, .T. ) ;
#2512 = DIRECTION ( 'NONE',  ( -0.000000000000000000, -0.000000000000000000, -1.000000000000000000 ) ) ;
#2513 = DIRECTION ( 'NONE',  ( 0.000000000000000000, 1.000000000000000000, 0.000000000000000000 ) ) ;
#2514 = ORIENTED_EDGE ( 'NONE', *, *, #741, .F. ) ;
#2515 = CARTESIAN_POINT ( 'NONE',  ( 4.929141392239747788, 13.88812500000001648, -11.90000000000003233 ) ) ;
#2516 = AXIS2_PLACEMENT_3D ( 'NONE', #2871, #3563, #4186 ) ;
#2517 = ORIENTED_EDGE ( 'NONE', *, *, #1660, .T. ) ;
#2518 = DIRECTION ( 'NONE',  ( 0.000000000000000000, 1.000000000000000000, 0.000000000000000000 ) ) ;
#2519 = ORIENTED_EDGE ( 'NONE', *, *, #7760, .F. ) ;
#2520 = APPLICATION_PROTOCOL_DEFINITION ( 'international standard', 'config_control_design', 1994, #471 ) ;
#2521 = EDGE_CURVE ( 'NONE', #4287, #8649, #4999, .T. ) ;
#2522 = CIRCLE ( 'NONE', #3631, 14.59999999999999609 ) ;
#2523 = DIRECTION ( 'NONE',  ( -0.000000000000000000, 0.000000000000000000, -1.000000000000000000 ) ) ;
#2524 = VERTEX_POINT ( 'NONE', #5503 ) ;
#2525 = FACE_OUTER_BOUND ( 'NONE', #2557, .T. ) ;
#2526 = CARTESIAN_POINT ( 'NONE',  ( 1.151658749357196449E-13, 15.87250000000001116, 11.89999999999999858 ) ) ;
#2527 = VERTEX_POINT ( 'NONE', #3656 ) ;
#2528 = CARTESIAN_POINT ( 'NONE',  ( -11.89999999999999858, 11.74500000000001698, 1.034998715382614344E-13 ) ) ;
#2529 = DIRECTION ( 'NONE',  ( 0.000000000000000000, 0.000000000000000000, -1.000000000000000000 ) ) ;
#2530 = AXIS2_PLACEMENT_3D ( 'NONE', #5416, #8090, #2085 ) ;
#2531 = ADVANCED_FACE ( 'NONE', ( #6250 ), #7617, .F. ) ;
#2532 = CARTESIAN_POINT ( 'NONE',  ( 3.174999999999999822, 3.888253587292845095E-16, 13.00000000000000000 ) ) ;
#2533 = DIRECTION ( 'NONE',  ( 0.000000000000000000, -1.000000000000000000, 0.000000000000000000 ) ) ;
#2534 = SECURITY_CLASSIFICATION ( '', '', #6119 ) ;
#2535 = CARTESIAN_POINT ( 'NONE',  ( -9.035340417286477571E-14, 15.77250000000001151, -12.82664718204935106 ) ) ;
#2536 = DIRECTION ( 'NONE',  ( -1.000000000000000000, -0.000000000000000000, -0.000000000000000000 ) ) ;
#2537 = CARTESIAN_POINT ( 'NONE',  ( 39.00000000000000000, 1.361772093466496659E-15, 7.535898384862284693 ) ) ;
#2538 = ORIENTED_EDGE ( 'NONE', *, *, #7542, .T. ) ;
#2539 = DIRECTION ( 'NONE',  ( 1.000000000000000000, 1.231304080816852664E-16, -0.000000000000000000 ) ) ;
#2540 = AXIS2_PLACEMENT_3D ( 'NONE', #3989, #7894, #6662 ) ;
#2541 = PLANE ( 'NONE',  #6318 ) ;
#2542 = APPROVAL_STATUS ( 'not_yet_approved' ) ;
#2543 = EDGE_CURVE ( 'NONE', #7479, #4950, #3054, .T. ) ;
#2544 = LOCAL_TIME ( 22, 24, 23.00000000000000000, #1217 ) ;
#2545 = VECTOR ( 'NONE', #5848, 1000.000000000000000 ) ;
#2546 = ORIENTED_EDGE ( 'NONE', *, *, #6811, .T. ) ;
#2547 = ORIENTED_EDGE ( 'NONE', *, *, #323, .T. ) ;
#2548 = DIRECTION ( 'NONE',  ( -1.000000000000000000, -0.000000000000000000, -0.000000000000000000 ) ) ;
#2549 = CARTESIAN_POINT ( 'NONE',  ( -5.260512242138384309, 14.65499478464833594, -12.69999999999993179 ) ) ;
#2550 = DIRECTION ( 'NONE',  ( -0.000000000000000000, -1.000000000000000000, -0.000000000000000000 ) ) ;
#2551 = CARTESIAN_POINT ( 'NONE',  ( -12.52531215048903057, 17.17468784951089233, -0.7405438396166977855 ) ) ;
#2552 = CARTESIAN_POINT ( 'NONE',  ( -4.929141392239751340, 15.59312500000001478, 11.90000000000003233 ) ) ;
#2553 = ORIENTED_EDGE ( 'NONE', *, *, #1741, .T. ) ;
#2554 = DIRECTION ( 'NONE',  ( 0.000000000000000000, 0.000000000000000000, 1.000000000000000000 ) ) ;
#2555 = CC_DESIGN_APPROVAL ( #4503, ( #2402 ) ) ;
#2556 = CARTESIAN_POINT ( 'NONE',  ( 5.299999999999998934, 1.256793777624971312E-15, 9.525000000000000355 ) ) ;
#2557 = EDGE_LOOP ( 'NONE', ( #1766, #3773, #2232, #2878 ) ) ;
#2558 = AXIS2_PLACEMENT_3D ( 'NONE', #6697, #5156, #7226 ) ;
#2559 = ADVANCED_FACE ( 'NONE', ( #318 ), #6839, .T. ) ;
#2560 = VERTEX_POINT ( 'NONE', #4892 ) ;
#2561 = AXIS2_PLACEMENT_3D ( 'NONE', #1374, #1326, #7951 ) ;
#2562 = DIRECTION ( 'NONE',  ( 0.000000000000000000, 0.7071067811865487940, -0.7071067811865463515 ) ) ;
#2563 = EDGE_CURVE ( 'NONE', #5454, #4287, #3654, .T. ) ;
#2564 = CARTESIAN_POINT ( 'NONE',  ( -11.89999999999997549, 17.80000000000002203, 1.457329690985349012E-15 ) ) ;
#2565 = ORIENTED_EDGE ( 'NONE', *, *, #5399, .F. ) ;
#2566 = CARTESIAN_POINT ( 'NONE',  ( -4.929141392239751340, 13.25312500000001492, 11.90000000000003233 ) ) ;
#2567 = CIRCLE ( 'NONE', #7743, 2.899999999999992806 ) ;
#2568 = ORIENTED_EDGE ( 'NONE', *, *, #1250, .T. ) ;
#2569 = FACE_OUTER_BOUND ( 'NONE', #4516, .T. ) ;
#2570 = ORIENTED_EDGE ( 'NONE', *, *, #2964, .F. ) ;
#2571 = PERSON_AND_ORGANIZATION_ROLE ( 'creator' ) ;
#2572 = EDGE_CURVE ( 'NONE', #8638, #8210, #4236, .T. ) ;
#2573 = EDGE_CURVE ( 'NONE', #649, #2708, #6207, .T. ) ;
#2574 = DIRECTION ( 'NONE',  ( 1.000000000000000000, -8.775090700452169195E-16, 0.000000000000000000 ) ) ;
#2575 = ORIENTED_EDGE ( 'NONE', *, *, #5200, .T. ) ;
#2576 = DIRECTION ( 'NONE',  ( -8.775090700452169195E-16, -1.000000000000000000, -0.000000000000000000 ) ) ;
#2577 = AXIS2_PLACEMENT_3D ( 'NONE', #2958, #1564, #3000 ) ;
#2578 = DIRECTION ( 'NONE',  ( -1.000000000000000000, -0.000000000000000000, -0.000000000000000000 ) ) ;
#2579 = ORIENTED_EDGE ( 'NONE', *, *, #4292, .T. ) ;
#2580 = DIRECTION ( 'NONE',  ( -0.000000000000000000, -1.000000000000000000, -0.000000000000000000 ) ) ;
#2581 = CARTESIAN_POINT ( 'NONE',  ( -12.69999999999998508, 1.114436518957424246E-14, 1.555301434917136855E-15 ) ) ;
#2582 = EDGE_CURVE ( 'NONE', #1554, #2160, #7947, .T. ) ;
#2583 = DIRECTION ( 'NONE',  ( 0.000000000000000000, 0.5000000000000008882, 0.8660254037844381525 ) ) ;
#2584 = CARTESIAN_POINT ( 'NONE',  ( 11.89999999999999858, 13.65000000000001457, -1.414051752430313507E-13 ) ) ;
#2585 = CARTESIAN_POINT ( 'NONE',  ( 9.069809202314353058, 16.88375000000000981, -9.069809202314482732 ) ) ;
#2586 = CARTESIAN_POINT ( 'NONE',  ( 8.001812990500932088, 16.97774862093830350, -9.958699251637316507 ) ) ;
#2587 = ORIENTED_EDGE ( 'NONE', *, *, #2887, .T. ) ;
#2588 = CARTESIAN_POINT ( 'NONE',  ( 0.3952250588359064176, 0.000000000000000000, 0.000000000000000000 ) ) ;
#2589 = CIRCLE ( 'NONE', #4956, 0.2999999999999999334 ) ;
#2590 = CARTESIAN_POINT ( 'NONE',  ( 0.000000000000000000, -1.201236941557884519, 0.000000000000000000 ) ) ;
#2591 = PERSON_AND_ORGANIZATION ( #129, #430 ) ;
#2592 = ORIENTED_EDGE ( 'NONE', *, *, #8405, .T. ) ;
#2593 = ORIENTED_EDGE ( 'NONE', *, *, #5725, .F. ) ;
#2594 = CARTESIAN_POINT ( 'NONE',  ( 1.714505518806294638E-15, 0.000000000000000000, -14.00000000000000000 ) ) ;
#2595 = CARTESIAN_POINT ( 'NONE',  ( -12.69999999999994422, 12.28625521535169973, 5.260512242138372763 ) ) ;
#2596 = AXIS2_PLACEMENT_3D ( 'NONE', #2021, #3246, #6012 ) ;
#2597 = CARTESIAN_POINT ( 'NONE',  ( 0.000000000000000000, 0.000000000000000000, 0.000000000000000000 ) ) ;
#2598 = AXIS2_PLACEMENT_3D ( 'NONE', #4635, #5844, #4542 ) ;
#2599 = LINE ( 'NONE', #7988, #6953 ) ;
#2600 = CARTESIAN_POINT ( 'NONE',  ( -11.89999999999999858, 15.35500000000001108, 8.309725586446656123E-14 ) ) ;
#2601 = ORIENTED_EDGE ( 'NONE', *, *, #6873, .F. ) ;
#2602 = CARTESIAN_POINT ( 'NONE',  ( 0.1723282451885982669, 6.415804866369718695, -7.937500000000000000 ) ) ;
#2603 = CIRCLE ( 'NONE', #7505, 9.525000000000000355 ) ;
#2604 = DIRECTION ( 'NONE',  ( -8.775090700452169195E-16, -1.000000000000000000, -0.000000000000000000 ) ) ;
#2605 = AXIS2_PLACEMENT_3D ( 'NONE', #4518, #3688, #5740 ) ;
#2606 = VECTOR ( 'NONE', #7065, 1000.000000000000000 ) ;
#2607 = ORIENTED_EDGE ( 'NONE', *, *, #4493, .T. ) ;
#2608 = ORIENTED_EDGE ( 'NONE', *, *, #2521, .T. ) ;
#2609 = AXIS2_PLACEMENT_3D ( 'NONE', #1161, #2009, #7972 ) ;
#2610 = DIRECTION ( 'NONE',  ( 0.000000000000000000, 0.000000000000000000, 1.000000000000000000 ) ) ;
#2611 = ORIENTED_EDGE ( 'NONE', *, *, #70, .F. ) ;
#2612 = LINE ( 'NONE', #4268, #589 ) ;
#2613 = AXIS2_PLACEMENT_3D ( 'NONE', #5525, #7423, #4090 ) ;
#2614 = ORIENTED_EDGE ( 'NONE', *, *, #875, .T. ) ;
#2615 = CARTESIAN_POINT ( 'NONE',  ( 0.000000000000000000, 0.000000000000000000, 0.000000000000000000 ) ) ;
#2616 = CARTESIAN_POINT ( 'NONE',  ( -12.70000000000000284, 14.66750521535169227, -5.260512242138205785 ) ) ;
#2617 = DIRECTION ( 'NONE',  ( -1.000000000000000000, -9.800697604388738773E-17, 0.000000000000000000 ) ) ;
#2618 = ORIENTED_EDGE ( 'NONE', *, *, #7130, .F. ) ;
#2619 = TOROIDAL_SURFACE ( 'NONE', #7523, 11.99999999999998757, 0.2999999999999999889 ) ;
#2620 = AXIS2_PLACEMENT_3D ( 'NONE', #2464, #3079, #351 ) ;
#2621 = EDGE_CURVE ( 'NONE', #1038, #6539, #5099, .T. ) ;
#2622 = CARTESIAN_POINT ( 'NONE',  ( 5.260512242138204897, 13.08000521535169902, -12.70000000000000284 ) ) ;
#2623 = ORIENTED_EDGE ( 'NONE', *, *, #2152, .T. ) ;
#2624 = CYLINDRICAL_SURFACE ( 'NONE', #7083, 8.099999999999999645 ) ;
#2625 = CIRCLE ( 'NONE', #6396, 3.175000000000004707 ) ;
#2626 = CARTESIAN_POINT ( 'NONE',  ( 12.56412585201708865, -2.009527318423362185, 9.246769250645106908 ) ) ;
#2627 = ORIENTED_EDGE ( 'NONE', *, *, #4233, .F. ) ;
#2628 = CARTESIAN_POINT ( 'NONE',  ( -14.00000000000000711, 8.900000000000018119, 13.44999999999999929 ) ) ;
#2629 = LINE ( 'NONE', #4546, #7457 ) ;
#2630 = DIRECTION ( 'NONE',  ( 1.000000000000000000, 0.000000000000000000, 0.000000000000000000 ) ) ;
#2631 = PLANE ( 'NONE',  #6445 ) ;
#2632 = CARTESIAN_POINT ( 'NONE',  ( 9.192421541439368808E-14, 16.40750000000001307, 12.82664718204935106 ) ) ;
#2633 = CARTESIAN_POINT ( 'NONE',  ( 0.1083897543756179305, 1.048450446541747239, -2.047132546062026659 ) ) ;
#2634 = CARTESIAN_POINT ( 'NONE',  ( -5.312971222579396802, 12.51812500000002082, 12.82664718204939014 ) ) ;
#2635 = VERTEX_POINT ( 'NONE', #364 ) ;
#2636 = CARTESIAN_POINT ( 'NONE',  ( 1.725874147982920936, -2.009527318423360853, 15.50423678951415241 ) ) ;
#2637 = FACE_OUTER_BOUND ( 'NONE', #4913, .T. ) ;
#2638 = DATE_TIME_ROLE ( 'classification_date' ) ;
#2639 = EDGE_CURVE ( 'NONE', #2714, #2135, #2223, .T. ) ;
#2640 = VERTEX_POINT ( 'NONE', #5710 ) ;
#2641 = ORIENTED_EDGE ( 'NONE', *, *, #528, .F. ) ;
#2642 = FACE_OUTER_BOUND ( 'NONE', #4197, .T. ) ;
#2643 = CARTESIAN_POINT ( 'NONE',  ( -12.69999999999996732, 12.20688021535169732, 8.868362600661530955E-14 ) ) ;
#2644 = LINE ( 'NONE', #5316, #5591 ) ;
#2645 = PRODUCT ( 'DV1-FMR4阀体外形图', 'DV1-FMR4阀体外形图', '', ( #3854 ) ) ;
#2646 = CARTESIAN_POINT ( 'NONE',  ( 0.000000000000000000, 0.000000000000000000, 0.000000000000000000 ) ) ;
#2647 = CIRCLE ( 'NONE', #4184, 0.3999999999999975797 ) ;
#2648 = VECTOR ( 'NONE', #5705, 1000.000000000000114 ) ;
#2649 = CARTESIAN_POINT ( 'NONE',  ( -4.929141392239751340, 14.32312500000001343, 11.90000000000003233 ) ) ;
#2650 = ORIENTED_EDGE ( 'NONE', *, *, #5657, .T. ) ;
#2651 = LINE ( 'NONE', #5276, #1751 ) ;
#2652 = DIRECTION ( 'NONE',  ( -1.000000000000000000, -0.000000000000000000, -0.000000000000000000 ) ) ;
#2653 = ORIENTED_EDGE ( 'NONE', *, *, #4353, .T. ) ;
#2654 = LINE ( 'NONE', #7477, #2937 ) ;
#2655 = DIRECTION ( 'NONE',  ( -1.000000000000000000, -0.000000000000000000, -0.000000000000000000 ) ) ;
#2656 = EDGE_LOOP ( 'NONE', ( #8040, #4881, #5396, #7522 ) ) ;
#2657 = CARTESIAN_POINT ( 'NONE',  ( -12.56412585201709042, -5.311121375574498562E-16, 9.246769250645099802 ) ) ;
#2658 = CARTESIAN_POINT ( 'NONE',  ( 5.260512242138389638, 12.74999478464833658, 12.69999999999992824 ) ) ;
#2659 = CARTESIAN_POINT ( 'NONE',  ( -5.342430495083333675, -16.36523270379544925, 13.41621700897628067 ) ) ;
#2660 = VERTEX_POINT ( 'NONE', #3873 ) ;
#2661 = DIRECTION ( 'NONE',  ( 3.434264315287670743E-33, -0.8646094180342119850, 0.5024445782835570418 ) ) ;
#2662 = DIRECTION ( 'NONE',  ( -0.000000000000000000, -0.7071067811865474617, -0.7071067811865474617 ) ) ;
#2663 = VERTEX_POINT ( 'NONE', #7205 ) ;
#2664 = DIRECTION ( 'NONE',  ( -1.000000000000000000, -0.000000000000000000, -0.000000000000000000 ) ) ;
#2665 = CARTESIAN_POINT ( 'NONE',  ( 43.60000000000000142, 1.787984326755135766E-15, -14.59999999999999964 ) ) ;
#2666 = EDGE_LOOP ( 'NONE', ( #1588, #8621, #7952, #3334 ) ) ;
#2667 = CARTESIAN_POINT ( 'NONE',  ( -15.22582127265071783, 30.49999999999999645, -5.061373325877829288 ) ) ;
#2668 = CARTESIAN_POINT ( 'NONE',  ( 34.40000000000000568, -5.499261314031191894, -9.524999999999995026 ) ) ;
#2669 = CONICAL_SURFACE ( 'NONE', #4071, 11.00000000000000000, 1.308996938995746762 ) ;
#2670 = EDGE_CURVE ( 'NONE', #5025, #1379, #3090, .T. ) ;
#2671 = EDGE_CURVE ( 'NONE', #7805, #4662, #3045, .T. ) ;
#2672 = LINE ( 'NONE', #8579, #5674 ) ;
#2673 = CIRCLE ( 'NONE', #2106, 20.24999999999999645 ) ;
#2674 = DIRECTION ( 'NONE',  ( -1.000000000000000000, 0.000000000000000000, 0.000000000000000000 ) ) ;
#2675 = CARTESIAN_POINT ( 'NONE',  ( 9.192421541439368808E-14, 15.13750000000001172, 12.82664718204935106 ) ) ;
#2676 = CARTESIAN_POINT ( 'NONE',  ( 1.738998454789241549E-15, -16.49876305844211544, -14.19999999999999751 ) ) ;
#2677 = CC_DESIGN_PERSON_AND_ORGANIZATION_ASSIGNMENT ( #1341, #674, ( #2833 ) ) ;
#2678 = CARTESIAN_POINT ( 'NONE',  ( 5.312971222579394137, 11.88312500000002281, -12.82664718204939014 ) ) ;
#2679 = ORIENTED_EDGE ( 'NONE', *, *, #5563, .T. ) ;
#2680 = DIRECTION ( 'NONE',  ( -0.000000000000000000, -1.000000000000000000, -0.000000000000000000 ) ) ;
#2681 = FACE_OUTER_BOUND ( 'NONE', #1183, .T. ) ;
#2682 = COORDINATED_UNIVERSAL_TIME_OFFSET ( 8, 0, .AHEAD. ) ;
#2683 = EDGE_CURVE ( 'NONE', #2635, #8210, #7292, .T. ) ;
#2684 = ORIENTED_EDGE ( 'NONE', *, *, #1270, .F. ) ;
#2685 = CARTESIAN_POINT ( 'NONE',  ( 9.000000000000001776, -1.199999999999999734, -11.49999999999999822 ) ) ;
#2686 = EDGE_CURVE ( 'NONE', #1993, #2190, #1725, .T. ) ;
#2687 = CARTESIAN_POINT ( 'NONE',  ( 5.260512242138205785, 13.22624478464833686, -12.70000000000000462 ) ) ;
#2688 = AXIS2_PLACEMENT_3D ( 'NONE', #6028, #4263, #2790 ) ;
#2689 = CYLINDRICAL_SURFACE ( 'NONE', #1110, 15.00000000000000000 ) ;
#2690 = CARTESIAN_POINT ( 'NONE',  ( 8.414570696119978876, 12.22125000000001727, 8.414570696119850979 ) ) ;
#2691 = CARTESIAN_POINT ( 'NONE',  ( 4.929141392239747788, 13.68812500000001542, -11.90000000000003233 ) ) ;
#2692 = ORIENTED_EDGE ( 'NONE', *, *, #3103, .T. ) ;
#2693 = DIRECTION ( 'NONE',  ( -0.000000000000000000, -1.000000000000000000, -0.000000000000000000 ) ) ;
#2694 = CARTESIAN_POINT ( 'NONE',  ( 15.22582127265072316, 33.79999999999998295, 7.561373325877829288 ) ) ;
#2695 = VERTEX_POINT ( 'NONE', #8473 ) ;
#2696 = SECURITY_CLASSIFICATION ( '', '', #953 ) ;
#2697 = EDGE_CURVE ( 'NONE', #151, #3928, #4355, .T. ) ;
#2698 = CC_DESIGN_PERSON_AND_ORGANIZATION_ASSIGNMENT ( #342, #7808, ( #8406 ) ) ;
#2699 = EDGE_LOOP ( 'NONE', ( #6920, #4622 ) ) ;
#2700 = ORIENTED_EDGE ( 'NONE', *, *, #8298, .T. ) ;
#2701 = PLANE ( 'NONE',  #6293 ) ;
#2702 = LOCAL_TIME ( 22, 24, 23.00000000000000000, #1090 ) ;
#2703 = DIRECTION ( 'NONE',  ( 0.000000000000000000, 0.000000000000000000, 1.000000000000000000 ) ) ;
#2704 = VERTEX_POINT ( 'NONE', #3832 ) ;
#2705 = CARTESIAN_POINT ( 'NONE',  ( 8.414570696119975324, 12.22125000000001727, 8.414570696119856308 ) ) ;
#2706 = AXIS2_PLACEMENT_3D ( 'NONE', #535, #7870, #3880 ) ;
#2707 = DIRECTION ( 'NONE',  ( 0.000000000000000000, 0.000000000000000000, 1.000000000000000000 ) ) ;
#2708 = VERTEX_POINT ( 'NONE', #2473 ) ;
#2709 = COORDINATED_UNIVERSAL_TIME_OFFSET ( 8, 0, .AHEAD. ) ;
#2710 = CONICAL_SURFACE ( 'NONE', #8165, 14.70352761804100616, 1.308996938995746318 ) ;
#2711 = DIRECTION ( 'NONE',  ( 0.000000000000000000, -1.224646799147353947E-16, 1.000000000000000000 ) ) ;
#2712 = VERTEX_POINT ( 'NONE', #5141 ) ;
#2713 = CARTESIAN_POINT ( 'NONE',  ( 14.00000000000000000, 0.000000000000000000, 3.200000000000000178 ) ) ;
#2714 = VERTEX_POINT ( 'NONE', #2385 ) ;
#2715 = CARTESIAN_POINT ( 'NONE',  ( 6.011705449693186765, 17.44911971002026618, 10.70540636591598194 ) ) ;
#2716 = CARTESIAN_POINT ( 'NONE',  ( 0.000000000000000000, 0.000000000000000000, 9.525000000000002132 ) ) ;
#2717 = ADVANCED_FACE ( 'NONE', ( #3216 ), #5875, .F. ) ;
#2718 = PRODUCT ( 'KF16-TB4', 'KF16-TB4', '', ( #6246 ) ) ;
#2719 = VECTOR ( 'NONE', #3188, 1000.000000000000000 ) ;
#2720 = DIRECTION ( 'NONE',  ( -1.000000000000000000, -0.000000000000000000, -0.000000000000000000 ) ) ;
#2721 = DIRECTION ( 'NONE',  ( -0.8660254037844388186, 0.000000000000000000, -0.4999999999999997224 ) ) ;
#2722 = CARTESIAN_POINT ( 'NONE',  ( 9.192421541439368808E-14, 12.59750000000001791, 12.82664718204935106 ) ) ;
#2723 = DIRECTION ( 'NONE',  ( -1.000000000000000000, -0.000000000000000000, -0.000000000000000000 ) ) ;
#2724 = CYLINDRICAL_SURFACE ( 'NONE', #7357, 2.299999999999996714 ) ;
#2725 = VERTEX_POINT ( 'NONE', #4446 ) ;
#2726 = CARTESIAN_POINT ( 'NONE',  ( -11.44999999999999751, 0.000000000000000000, 4.688733431983856725 ) ) ;
#2727 = CARTESIAN_POINT ( 'NONE',  ( -12.69999999999996732, 16.01688021535168716, 8.868362600661530955E-14 ) ) ;
#2728 = DATE_AND_TIME ( #5905, #3804 ) ;
#2729 = EDGE_CURVE ( 'NONE', #2714, #3202, #5182, .T. ) ;
#2730 = VERTEX_POINT ( 'NONE', #7160 ) ;
#2731 = ORIENTED_EDGE ( 'NONE', *, *, #3086, .T. ) ;
#2732 = CARTESIAN_POINT ( 'NONE',  ( 0.3696134027776618036, 1.071090684054203601, 2.020644366558465688 ) ) ;
#2733 = CARTESIAN_POINT ( 'NONE',  ( 0.000000000000000000, 0.000000000000000000, 9.525000000000002132 ) ) ;
#2734 = CARTESIAN_POINT ( 'NONE',  ( 0.000000000000000000, 34.29999999999999716, 5.199999999999998401 ) ) ;
#2735 = VECTOR ( 'NONE', #6199, 1000.000000000000000 ) ;
#2736 = DIRECTION ( 'NONE',  ( -1.000000000000000000, -0.000000000000000000, -0.000000000000000000 ) ) ;
#2737 = CARTESIAN_POINT ( 'NONE',  ( 11.90000000000003588, 13.37062500000001641, 4.929141392239745123 ) ) ;
#2738 = ORIENTED_EDGE ( 'NONE', *, *, #6932, .F. ) ;
#2739 = CARTESIAN_POINT ( 'NONE',  ( 0.000000000000000000, 0.000000000000000000, 3.200000000000000178 ) ) ;
#2740 = DIRECTION ( 'NONE',  ( 1.000000000000000000, -8.775090700452169195E-16, 0.000000000000000000 ) ) ;
#2741 = ORIENTED_EDGE ( 'NONE', *, *, #8678, .T. ) ;
#2742 = ADVANCED_FACE ( 'NONE', ( #1147 ), #6500, .T. ) ;
#2743 = AXIS2_PLACEMENT_3D ( 'NONE', #3904, #4606, #7290 ) ;
#2744 = ORIENTED_EDGE ( 'NONE', *, *, #3432, .F. ) ;
#2745 = SHAPE_REPRESENTATION ( '316L-FT4-TB4-05-HP', ( #5757 ), #1847 ) ;
#2747 = FACE_OUTER_BOUND ( 'NONE', #1238, .T. ) ;
#2746 = CIRCLE ( 'NONE', #1044, 2.500000000000000444 ) ;
#2748 = DIRECTION ( 'NONE',  ( 0.000000000000000000, 0.000000000000000000, 1.000000000000000000 ) ) ;
#2749 = EDGE_LOOP ( 'NONE', ( #5319, #3603, #5450 ) ) ;
#2750 = CARTESIAN_POINT ( 'NONE',  ( 11.89999999999999858, 11.11000000000001897, -8.455458555545188678E-14 ) ) ;
#2751 = DIRECTION ( 'NONE',  ( -1.000000000000000000, -0.000000000000000000, -0.000000000000000000 ) ) ;
#2752 = PERSON_AND_ORGANIZATION_ROLE ( 'creator' ) ;
#2753 = CONICAL_SURFACE ( 'NONE', #7222, 2.499999999999998668, 1.029744258676653867 ) ;
#2754 = ORIENTED_EDGE ( 'NONE', *, *, #8560, .T. ) ;
#2755 = ADVANCED_FACE ( 'NONE', ( #5059 ), #5833, .T. ) ;
#2756 = CIRCLE ( 'NONE', #5541, 15.59999999999999964 ) ;
#2757 = DIRECTION ( 'NONE',  ( -0.7071067811865474617, -4.903554850278087362E-15, -0.7071067811865474617 ) ) ;
#2758 = AXIS2_PLACEMENT_3D ( 'NONE', #7421, #3996, #3205 ) ;
#2759 = CIRCLE ( 'NONE', #7793, 11.09999999999998543 ) ;
#2760 = VERTEX_POINT ( 'NONE', #1065 ) ;
#2761 = CARTESIAN_POINT ( 'NONE',  ( 10.53312843541795552, 17.51603388845841991, 6.176913504170745028 ) ) ;
#2762 = DIRECTION ( 'NONE',  ( -0.000000000000000000, -1.000000000000000000, -0.000000000000000000 ) ) ;
#2763 = AXIS2_PLACEMENT_3D ( 'NONE', #4792, #8281, #135 ) ;
#2764 = DIRECTION ( 'NONE',  ( -0.000000000000000000, -1.000000000000000000, -0.000000000000000000 ) ) ;
#2765 = FACE_OUTER_BOUND ( 'NONE', #1011, .T. ) ;
#2766 = CARTESIAN_POINT ( 'NONE',  ( -5.312971222579396802, 11.24812500000002125, 12.82664718204939014 ) ) ;
#2767 = DIRECTION ( 'NONE',  ( -1.000000000000000000, -0.000000000000000000, -0.000000000000000000 ) ) ;
#2768 = DIRECTION ( 'NONE',  ( 0.000000000000000000, -1.224646799147348770E-16, 1.000000000000000000 ) ) ;
#2769 = ORIENTED_EDGE ( 'NONE', *, *, #4396, .T. ) ;
#2770 = CARTESIAN_POINT ( 'NONE',  ( 33.89999999999999858, 0.000000000000000000, 0.000000000000000000 ) ) ;
#2771 = LINE ( 'NONE', #4252, #286 ) ;
#2772 = PERSON_AND_ORGANIZATION ( #2010, #4504 ) ;
#2773 = ORIENTED_EDGE ( 'NONE', *, *, #5621, .F. ) ;
#2774 = ORIENTED_EDGE ( 'NONE', *, *, #70, .T. ) ;
#2775 = CARTESIAN_POINT ( 'NONE',  ( 24.00000000000000000, 2.816687638038912549E-16, -2.299999999999999822 ) ) ;
#2776 = CARTESIAN_POINT ( 'NONE',  ( 0.3948291982182989823, 10.99852262806237313, 1.822090932982379196E-15 ) ) ;
#2777 = CARTESIAN_POINT ( 'NONE',  ( 0.000000000000000000, 1.042832680730699568, -2.050000000000001155 ) ) ;
#2778 = PLANE ( 'NONE',  #7532 ) ;
#2779 = CARTESIAN_POINT ( 'NONE',  ( -11.89999999999996305, 11.62437500000002011, 4.929141392239922759 ) ) ;
#2780 = ORIENTED_EDGE ( 'NONE', *, *, #5027, .F. ) ;
#2781 = CARTESIAN_POINT ( 'NONE',  ( -14.00000000000000178, -10.69999999999999041, -13.44999999999999929 ) ) ;
#2782 = CARTESIAN_POINT ( 'NONE',  ( 4.999999999999997335, 0.000000000000000000, 0.000000000000000000 ) ) ;
#2783 = ADVANCED_FACE ( 'NONE', ( #7116 ), #1186, .T. ) ;
#2784 = ORIENTED_EDGE ( 'NONE', *, *, #6994, .F. ) ;
#2785 = CARTESIAN_POINT ( 'NONE',  ( -9.000000000000001776, -10.80000000000000604, 9.000000000000000000 ) ) ;
#2786 = CARTESIAN_POINT ( 'NONE',  ( 5.000000000000000000, 0.000000000000000000, 9.525000000000002132 ) ) ;
#2787 = EDGE_LOOP ( 'NONE', ( #6893, #8429, #1462, #2333, #2568, #3829 ) ) ;
#2788 = CARTESIAN_POINT ( 'NONE',  ( 12.69999999999996909, 11.71811978464834070, -9.023892744153249136E-14 ) ) ;
#2789 = PRODUCT_RELATED_PRODUCT_CATEGORY ( 'detail', '', ( #3889 ) ) ;
#2790 = DIRECTION ( 'NONE',  ( 0.000000000000000000, 0.000000000000000000, 1.000000000000000000 ) ) ;
#2791 = MECHANICAL_CONTEXT ( 'NONE', #26, 'mechanical' ) ;
#2792 = EDGE_CURVE ( 'NONE', #6771, #3224, #5172, .T. ) ;
#2793 = CONICAL_SURFACE ( 'NONE', #3618, 12.69999999999998863, 0.7853981633974418397 ) ;
#2794 = ORIENTED_EDGE ( 'NONE', *, *, #3821, .T. ) ;
#2795 = DIRECTION ( 'NONE',  ( 0.000000000000000000, 1.000000000000000000, 0.000000000000000000 ) ) ;
#2796 = DIRECTION ( 'NONE',  ( 0.000000000000000000, 1.000000000000000000, 0.000000000000000000 ) ) ;
#2797 = EDGE_LOOP ( 'NONE', ( #5738, #3447, #131, #4459 ) ) ;
#2798 = DIRECTION ( 'NONE',  ( -1.000000000000000000, 0.000000000000000000, 0.000000000000000000 ) ) ;
#2799 = FACE_OUTER_BOUND ( 'NONE', #8595, .T. ) ;
#2800 = EDGE_CURVE ( 'NONE', #6705, #8382, #269, .T. ) ;
#2801 = DIRECTION ( 'NONE',  ( 0.000000000000000000, -0.000000000000000000, 1.000000000000000000 ) ) ;
#2802 = CARTESIAN_POINT ( 'NONE',  ( -12.82664718204931198, 11.08937500000001997, 5.312971222579581543 ) ) ;
#2803 = AXIS2_PLACEMENT_3D ( 'NONE', #4256, #4829, #6845 ) ;
#2804 = CARTESIAN_POINT ( 'NONE',  ( 0.000000000000000000, 0.000000000000000000, 14.00000000000000000 ) ) ;
#2805 = ORIENTED_EDGE ( 'NONE', *, *, #8306, .F. ) ;
#2806 = CARTESIAN_POINT ( 'NONE',  ( 43.60000000000000142, 0.000000000000000000, 0.000000000000000000 ) ) ;
#2807 = CARTESIAN_POINT ( 'NONE',  ( 5.695225058835894139, 1.347111479062088405E-15, 11.00000000000000000 ) ) ;
#2808 = CALENDAR_DATE ( 2025, 13, 3 ) ;
#2809 = AXIS2_PLACEMENT_3D ( 'NONE', #404, #5749, #2562 ) ;
#2810 = ADVANCED_FACE ( 'NONE', ( #2747 ), #1961, .F. ) ;
#2811 = CIRCLE ( 'NONE', #7299, 21.75000000000000000 ) ;
#2812 = ORIENTED_EDGE ( 'NONE', *, *, #7940, .F. ) ;
#2813 = EDGE_LOOP ( 'NONE', ( #3435, #718, #3964, #2607 ) ) ;
#2814 = DIRECTION ( 'NONE',  ( -1.224646799147351975E-16, 0.000000000000000000, -1.000000000000000000 ) ) ;
#2815 = CARTESIAN_POINT ( 'NONE',  ( 10.95923794478382263, 11.64968738236781931, -6.352023268235143405 ) ) ;
#2816 = CARTESIAN_POINT ( 'NONE',  ( -1.965893980413407460, 16.99999999999999289, -12.54692236597380983 ) ) ;
#2817 = DIRECTION ( 'NONE',  ( -1.000000000000000000, 8.775090700452169195E-16, 0.000000000000000000 ) ) ;
#2818 = CARTESIAN_POINT ( 'NONE',  ( -12.82664718204931198, 18.70937500000000853, 5.312971222579581543 ) ) ;
#2819 = ORIENTED_EDGE ( 'NONE', *, *, #2943, .T. ) ;
#2820 = CARTESIAN_POINT ( 'NONE',  ( -12.69999999999998508, 1.114436518957424246E-14, 1.555301434917136855E-15 ) ) ;
#2821 = DIRECTION ( 'NONE',  ( 0.000000000000000000, -1.000000000000000000, 0.000000000000000000 ) ) ;
#2822 = DIRECTION ( 'NONE',  ( 1.000000000000000000, 0.000000000000000000, 0.000000000000000000 ) ) ;
#2823 = ADVANCED_FACE ( 'NONE', ( #6586 ), #3393, .F. ) ;
#2824 = EDGE_LOOP ( 'NONE', ( #1646, #180, #4137, #5789, #6422, #4 ) ) ;
#2825 = ADVANCED_FACE ( 'NONE', ( #5281 ), #6724, .T. ) ;
#2826 = VECTOR ( 'NONE', #299, 1000.000000000000000 ) ;
#2827 = ORIENTED_EDGE ( 'NONE', *, *, #2836, .T. ) ;
#2828 = ORIENTED_EDGE ( 'NONE', *, *, #6844, .T. ) ;
#2829 = CARTESIAN_POINT ( 'NONE',  ( 0.3617193100788593796, 11.51379863473304432, 12.53405758226904254 ) ) ;
#2830 = DIRECTION ( 'NONE',  ( -1.000000000000000000, -0.000000000000000000, -0.000000000000000000 ) ) ;
#2831 = EDGE_LOOP ( 'NONE', ( #8465, #2092, #7202 ) ) ;
#2832 = CARTESIAN_POINT ( 'NONE',  ( 2.663606788145492628E-15, 1.500000000000000222, 21.75000000000000000 ) ) ;
#2833 = PRODUCT_DEFINITION_FORMATION_WITH_SPECIFIED_SOURCE ( '任何', '', #7885, .NOT_KNOWN. ) ;
#2834 = CARTESIAN_POINT ( 'NONE',  ( 40.92056046467595110, 0.000000000000000000, 0.000000000000000000 ) ) ;
#2835 = AXIS2_PLACEMENT_3D ( 'NONE', #2314, #6394, #4289 ) ;
#2836 = EDGE_CURVE ( 'NONE', #8362, #556, #5693, .T. ) ;
#2837 = APPROVAL_DATE_TIME ( #8091, #3959 ) ;
#2839 = ORIENTED_EDGE ( 'NONE', *, *, #2887, .F. ) ;
#2838 = CC_DESIGN_APPROVAL ( #1560, ( #5492 ) ) ;
#2840 = EDGE_CURVE ( 'NONE', #5358, #5927, #7214, .T. ) ;
#2841 = CARTESIAN_POINT ( 'NONE',  ( 5.000000000000000000, 0.000000000000000000, -9.524999999999996803 ) ) ;
#2842 = CIRCLE ( 'NONE', #8428, 11.89999999999998970 ) ;
#2843 = ADVANCED_FACE ( 'NONE', ( #4716 ), #7576, .T. ) ;
#2844 = ORIENTED_EDGE ( 'NONE', *, *, #3991, .T. ) ;
#2845 = CARTESIAN_POINT ( 'NONE',  ( -12.49096159997151645, 17.18975888643442218, 0.8040229609198982219 ) ) ;
#2846 = CARTESIAN_POINT ( 'NONE',  ( 4.605170801781709677, 5.499261314031189229, -9.524999999999996803 ) ) ;
#2847 = ADVANCED_FACE ( 'NONE', ( #7346 ), #2701, .T. ) ;
#2848 = PLANE ( 'NONE',  #5417 ) ;
#2849 = CARTESIAN_POINT ( 'NONE',  ( -11.89999999999999858, 20.63500000000000156, 8.309725586446653599E-14 ) ) ;
#2850 = ORIENTED_EDGE ( 'NONE', *, *, #2217, .T. ) ;
#2851 = CARTESIAN_POINT ( 'NONE',  ( -8.947569504916668137, -1.334767296204547149, 11.33478903118298398 ) ) ;
#2852 = CONICAL_SURFACE ( 'NONE', #739, 2.500000000000000444, 0.7853981633974430610 ) ;
#2853 = ADVANCED_FACE ( 'NONE', ( #6773 ), #3438, .F. ) ;
#2854 = CC_DESIGN_DATE_AND_TIME_ASSIGNMENT ( #1750, #7762, ( #1404 ) ) ;
#2855 = DIRECTION ( 'NONE',  ( 1.000000000000000000, 1.231304080816852664E-16, -0.000000000000000000 ) ) ;
#2856 = CALENDAR_DATE ( 2025, 13, 3 ) ;
#2857 = CIRCLE ( 'NONE', #1589, 8.252653961416930528 ) ;
#2858 = ORIENTED_EDGE ( 'NONE', *, *, #2132, .F. ) ;
#2859 = EDGE_LOOP ( 'NONE', ( #7125, #7021 ) ) ;
#2860 = ADVANCED_FACE ( 'NONE', ( #4054 ), #5863, .F. ) ;
#2861 = CARTESIAN_POINT ( 'NONE',  ( -12.70000000000000462, 12.27374478464833807, -5.260512242138206673 ) ) ;
#2862 = CARTESIAN_POINT ( 'NONE',  ( 12.69999999999996732, 16.65188021535168872, -9.023892744153245350E-14 ) ) ;
#2863 = CARTESIAN_POINT ( 'NONE',  ( -14.00000000000000711, 8.900000000000018119, 13.44999999999999929 ) ) ;
#2864 = CARTESIAN_POINT ( 'NONE',  ( 8.528325040094458741E-14, 13.13250000000001627, 11.89999999999999858 ) ) ;
#2865 = ORIENTED_EDGE ( 'NONE', *, *, #6742, .T. ) ;
#2866 = CARTESIAN_POINT ( 'NONE',  ( 0.000000000000000000, 0.000000000000000000, -2.050000000000001155 ) ) ;
#2867 = AXIS2_PLACEMENT_3D ( 'NONE', #2628, #8015, #8487 ) ;
#2868 = CARTESIAN_POINT ( 'NONE',  ( 0.000000000000000000, 17.80000000000000071, 0.000000000000000000 ) ) ;
#2869 = VERTEX_POINT ( 'NONE', #7910 ) ;
#2870 = VERTEX_POINT ( 'NONE', #4009 ) ;
#2871 = CARTESIAN_POINT ( 'NONE',  ( -0.4999999999999998890, 0.000000000000000000, 3.674999999999999822 ) ) ;
#2872 = DIRECTION ( 'NONE',  ( -0.000000000000000000, -1.000000000000000000, -0.000000000000000000 ) ) ;
#2873 = ORIENTED_EDGE ( 'NONE', *, *, #8182, .F. ) ;
#2874 = LINE ( 'NONE', #8216, #6507 ) ;
#2875 = CARTESIAN_POINT ( 'NONE',  ( -8.946127672407391939E-14, 15.84561978464833132, -12.69999999999996909 ) ) ;
#2876 = ORIENTED_EDGE ( 'NONE', *, *, #1787, .F. ) ;
#2877 = DATE_TIME_ROLE ( 'classification_date' ) ;
#2878 = ORIENTED_EDGE ( 'NONE', *, *, #1553, .F. ) ;
#2879 = EDGE_CURVE ( 'NONE', #8316, #3949, #3785, .T. ) ;
#2880 = DIRECTION ( 'NONE',  ( -0.7071067811865474617, -0.7071067811865474617, -0.000000000000000000 ) ) ;
#2881 = DIRECTION ( 'NONE',  ( 0.000000000000000000, 0.000000000000000000, 1.000000000000000000 ) ) ;
#2882 = AXIS2_PLACEMENT_3D ( 'NONE', #844, #5580, #6859 ) ;
#2883 = ORIENTED_EDGE ( 'NONE', *, *, #3992, .F. ) ;
#2884 = CARTESIAN_POINT ( 'NONE',  ( 3.035235489233027995, 17.41470704633420752, 11.91131127435429704 ) ) ;
#2885 = CIRCLE ( 'NONE', #1889, 21.75000000000000000 ) ;
#2886 = FACE_OUTER_BOUND ( 'NONE', #7795, .T. ) ;
#2887 = EDGE_CURVE ( 'NONE', #6737, #6800, #1287, .T. ) ;
#2888 = EDGE_CURVE ( 'NONE', #7353, #605, #572, .T. ) ;
#2889 = CARTESIAN_POINT ( 'NONE',  ( 2.050000000000001599, 0.6609346322114812988, -1.423535324875093646E-15 ) ) ;
#2890 = CIRCLE ( 'NONE', #784, 8.599999999999999645 ) ;
#2891 = DIRECTION ( 'NONE',  ( -1.000000000000000000, -0.000000000000000000, -0.000000000000000000 ) ) ;
#2892 = CARTESIAN_POINT ( 'NONE',  ( 4.929141392239747788, 20.23812500000000014, -11.90000000000003233 ) ) ;
#2893 = DIRECTION ( 'NONE',  ( 0.000000000000000000, 0.000000000000000000, 1.000000000000000000 ) ) ;
#2895 = VERTEX_POINT ( 'NONE', #8652 ) ;
#2894 = AXIS2_PLACEMENT_3D ( 'NONE', #2615, #7958, #670 ) ;
#2896 = CARTESIAN_POINT ( 'NONE',  ( 0.1083897543756179305, 1.048450446541747239, -2.047132546062026659 ) ) ;
#2897 = EDGE_CURVE ( 'NONE', #5085, #7724, #2654, .T. ) ;
#2898 = LINE ( 'NONE', #7589, #3943 ) ;
#2899 = APPROVAL_ROLE ( '' ) ;
#2900 = AXIS2_PLACEMENT_3D ( 'NONE', #8617, #1346, #7270 ) ;
#2901 = CARTESIAN_POINT ( 'NONE',  ( 0.000000000000000000, -1.201236941557884519, 0.000000000000000000 ) ) ;
#2902 = CARTESIAN_POINT ( 'NONE',  ( 0.000000000000000000, 0.000000000000000000, 0.000000000000000000 ) ) ;
#2903 = DIRECTION ( 'NONE',  ( 1.000000000000000000, 0.000000000000000000, -0.000000000000000000 ) ) ;
#2904 = CARTESIAN_POINT ( 'NONE',  ( 0.000000000000000000, 0.000000000000000000, 0.000000000000000000 ) ) ;
#2905 = CARTESIAN_POINT ( 'NONE',  ( -4.929141392239914765, 12.57687500000001535, -11.89999999999996483 ) ) ;
#2906 = EDGE_LOOP ( 'NONE', ( #7208, #2020 ) ) ;
#2907 = CARTESIAN_POINT ( 'NONE',  ( 1.209951936996610228E-13, 13.13250000000001627, 11.89999999999999858 ) ) ;
#2908 = FACE_OUTER_BOUND ( 'NONE', #1557, .T. ) ;
#2909 = EDGE_CURVE ( 'NONE', #4385, #4408, #800, .T. ) ;
#2910 = EDGE_LOOP ( 'NONE', ( #1492, #3956, #5332, #21, #5854, #5623 ) ) ;
#2911 = VERTEX_POINT ( 'NONE', #6900 ) ;
#2912 = DIRECTION ( 'NONE',  ( 1.000000000000000000, -0.000000000000000000, -0.000000000000000000 ) ) ;
#2913 = DIRECTION ( 'NONE',  ( 0.000000000000000000, 0.000000000000000000, 1.000000000000000000 ) ) ;
#2914 = ORIENTED_EDGE ( 'NONE', *, *, #6910, .T. ) ;
#2915 = CARTESIAN_POINT ( 'NONE',  ( 0.000000000000000000, -15.69047268157664021, 0.000000000000000000 ) ) ;
#2916 = DATE_TIME_ROLE ( 'creation_date' ) ;
#2917 = EDGE_CURVE ( 'NONE', #2332, #2117, #1590, .T. ) ;
#2918 = AXIS2_PLACEMENT_3D ( 'NONE', #3271, #1955, #4497 ) ;
#2919 = ORIENTED_EDGE ( 'NONE', *, *, #4243, .T. ) ;
#2920 = CARTESIAN_POINT ( 'NONE',  ( -1.417553045329809080, 17.32660494578323096, -12.29932825193581536 ) ) ;
#2921 = VECTOR ( 'NONE', #7079, 1000.000000000000000 ) ;
#2922 = ORIENTED_EDGE ( 'NONE', *, *, #4980, .F. ) ;
#2923 = FACE_OUTER_BOUND ( 'NONE', #8375, .T. ) ;
#2924 = DIRECTION ( 'NONE',  ( 0.000000000000000000, 0.000000000000000000, 1.000000000000000000 ) ) ;
#2925 = CARTESIAN_POINT ( 'NONE',  ( 2.971066296749123037, 11.07622071397300267, -11.71182815653870968 ) ) ;
#2926 = CARTESIAN_POINT ( 'NONE',  ( -11.90000000000003233, 16.74562500000000753, -4.929141392239748676 ) ) ;
#2927 = DIRECTION ( 'NONE',  ( 9.800697604388738773E-17, -1.000000000000000000, 0.000000000000000000 ) ) ;
#2928 = ORIENTED_EDGE ( 'NONE', *, *, #293, .T. ) ;
#2929 = DIRECTION ( 'NONE',  ( -1.000000000000000000, -0.000000000000000000, -0.000000000000000000 ) ) ;
#2930 = EDGE_CURVE ( 'NONE', #236, #4210, #967, .T. ) ;
#2931 = DIRECTION ( 'NONE',  ( -0.000000000000000000, 1.000000000000000000, -0.000000000000000000 ) ) ;
#2932 = APPROVAL ( #2254, '未指定' ) ;
#2933 = CARTESIAN_POINT ( 'NONE',  ( 4.827671754811404092, 10.08197907572384189, -1.587499999999998357 ) ) ;
#2934 = CARTESIAN_POINT ( 'NONE',  ( 12.82664718204931376, 20.61437500000000256, -5.312971222579575326 ) ) ;
#2935 = DIRECTION ( 'NONE',  ( 0.000000000000000000, 0.000000000000000000, -1.000000000000000000 ) ) ;
#2936 = CARTESIAN_POINT ( 'NONE',  ( 12.82664718204935106, 19.26500000000000412, -9.113880979362924452E-14 ) ) ;
#2937 = VECTOR ( 'NONE', #6152, 1000.000000000000114 ) ;
#2938 = ORIENTED_EDGE ( 'NONE', *, *, #3892, .T. ) ;
#2939 = PLANE ( 'NONE',  #1606 ) ;
#2940 = CARTESIAN_POINT ( 'NONE',  ( -12.69999999999992824, 12.43249478464833935, 5.260512242138391414 ) ) ;
#2941 = CARTESIAN_POINT ( 'NONE',  ( 0.000000000000000000, 0.000000000000000000, 0.000000000000000000 ) ) ;
#2942 = AXIS2_PLACEMENT_3D ( 'NONE', #3248, #3953, #7900 ) ;
#2943 = EDGE_CURVE ( 'NONE', #556, #3039, #1547, .T. ) ;
#2944 = EDGE_LOOP ( 'NONE', ( #1422, #4585, #4758, #7344 ) ) ;
#2945 = CARTESIAN_POINT ( 'NONE',  ( 39.70000000000000284, -10.99852262806237313, 3.605651974203355568E-15 ) ) ;
#2946 = CARTESIAN_POINT ( 'NONE',  ( -11.89999999999999858, 15.35500000000001108, 9.475589339234934229E-14 ) ) ;
#2947 = ORIENTED_EDGE ( 'NONE', *, *, #2497, .F. ) ;
#2948 = DIRECTION ( 'NONE',  ( 1.000000000000000000, -8.746504920891471725E-16, 0.000000000000000000 ) ) ;
#2949 = DIRECTION ( 'NONE',  ( -0.7071067811865475727, 0.7071067811865475727, 0.000000000000000000 ) ) ;
#2950 = EDGE_CURVE ( 'NONE', #5609, #1706, #1665, .T. ) ;
#2951 = COORDINATED_UNIVERSAL_TIME_OFFSET ( 8, 0, .AHEAD. ) ;
#2952 = AXIS2_PLACEMENT_3D ( 'NONE', #4581, #5931, #7263 ) ;
#2953 = EDGE_LOOP ( 'NONE', ( #6182, #724 ) ) ;
#2954 = CARTESIAN_POINT ( 'NONE',  ( 4.605170801781709677, 5.499261314031189229, -9.524999999999996803 ) ) ;
#2955 = CC_DESIGN_APPROVAL ( #3959, ( #8239 ) ) ;
#2956 = CIRCLE ( 'NONE', #2952, 2.299999999999999822 ) ;
#2957 = ORIENTED_EDGE ( 'NONE', *, *, #4973, .F. ) ;
#2958 = CARTESIAN_POINT ( 'NONE',  ( 0.000000000000000000, 0.000000000000000000, 0.000000000000000000 ) ) ;
#2959 = LOCAL_TIME ( 22, 24, 23.00000000000000000, #904 ) ;
#2960 = CONICAL_SURFACE ( 'NONE', #7013, 2.499999999999998668, 1.029744258676653867 ) ;
#2961 = CARTESIAN_POINT ( 'NONE',  ( 8.126783911029367147, 11.01220863347623613, -8.854614595090012585 ) ) ;
#2962 = CARTESIAN_POINT ( 'NONE',  ( 11.90000000000003588, 16.11062500000001307, 4.929141392239745123 ) ) ;
#2963 = DIRECTION ( 'NONE',  ( -1.776356839400250465E-15, 0.000000000000000000, -1.000000000000000000 ) ) ;
#2964 = EDGE_CURVE ( 'NONE', #7353, #4891, #3636, .T. ) ;
#2965 = VERTEX_POINT ( 'NONE', #6855 ) ;
#2966 = DIRECTION ( 'NONE',  ( 0.000000000000000000, 0.000000000000000000, -1.000000000000000000 ) ) ;
#2967 = CIRCLE ( 'NONE', #2558, 11.09999999999998366 ) ;
#2968 = CYLINDRICAL_SURFACE ( 'NONE', #6461, 3.174999999999999822 ) ;
#2969 = PERSON_AND_ORGANIZATION_ROLE ( 'classification_officer' ) ;
#2970 = AXIS2_PLACEMENT_3D ( 'NONE', #7298, #5277, #8082 ) ;
#2971 = DIRECTION ( 'NONE',  ( -1.000000000000000000, -0.000000000000000000, -0.000000000000000000 ) ) ;
#2972 = AXIS2_PLACEMENT_3D ( 'NONE', #6115, #2655, #7434 ) ;
#2973 = CARTESIAN_POINT ( 'NONE',  ( -7.579319476895820529, -16.44727708890600226, -12.12474855317952738 ) ) ;
#2974 = FACE_OUTER_BOUND ( 'NONE', #4108, .T. ) ;
#2975 = PLANE ( 'NONE',  #8636 ) ;
#2976 = CARTESIAN_POINT ( 'NONE',  ( -12.82664718204931198, 17.43937500000000895, 5.312971222579581543 ) ) ;
#2977 = ORIENTED_EDGE ( 'NONE', *, *, #3952, .T. ) ;
#2978 = LINE ( 'NONE', #5643, #1181 ) ;
#2979 = CARTESIAN_POINT ( 'NONE',  ( 13.44999999999999929, 0.000000000000000000, 0.000000000000000000 ) ) ;
#2980 = PERSON_AND_ORGANIZATION ( #129, #430 ) ;
#2981 = AXIS2_PLACEMENT_3D ( 'NONE', #6175, #5517, #2233 ) ;
#2982 = ADVANCED_FACE ( 'NONE', ( #1464 ), #3605, .F. ) ;
#2983 = VERTEX_POINT ( 'NONE', #2945 ) ;
#2984 = ORIENTED_EDGE ( 'NONE', *, *, #3478, .F. ) ;
#2985 = FACE_OUTER_BOUND ( 'NONE', #3143, .T. ) ;
#2986 = CARTESIAN_POINT ( 'NONE',  ( -1.604090789826549956, 1.910297053378465781, 1.300882343225461701 ) ) ;
#2987 = VECTOR ( 'NONE', #7796, 1000.000000000000000 ) ;
#2988 = DIRECTION ( 'NONE',  ( -0.000000000000000000, 0.000000000000000000, 1.000000000000000000 ) ) ;
#2989 = CARTESIAN_POINT ( 'NONE',  ( -0.5000000000000035527, 0.000000000000000000, 0.000000000000000000 ) ) ;
#2990 = ORIENTED_EDGE ( 'NONE', *, *, #3706, .F. ) ;
#2991 = DIRECTION ( 'NONE',  ( 0.000000000000000000, 0.000000000000000000, -1.000000000000000000 ) ) ;
#2992 = CARTESIAN_POINT ( 'NONE',  ( 0.000000000000000000, -1.201236941557884519, 0.000000000000000000 ) ) ;
#2993 = EDGE_CURVE ( 'NONE', #3418, #5265, #2392, .T. ) ;
#2994 = EDGE_LOOP ( 'NONE', ( #5018, #6943, #1389, #8484, #1947 ) ) ;
#2995 = COORDINATED_UNIVERSAL_TIME_OFFSET ( 8, 0, .AHEAD. ) ;
#2996 = ORIENTED_EDGE ( 'NONE', *, *, #786, .T. ) ;
#2997 = CARTESIAN_POINT ( 'NONE',  ( -6.184263560529991821, 17.52984656902134830, -10.49062623651736992 ) ) ;
#2998 = VECTOR ( 'NONE', #2927, 1000.000000000000000 ) ;
#2999 = ORIENTED_EDGE ( 'NONE', *, *, #3881, .F. ) ;
#3000 = DIRECTION ( 'NONE',  ( 0.000000000000000000, 0.000000000000000000, 1.000000000000000000 ) ) ;
#3001 =( NAMED_UNIT ( * ) SI_UNIT ( $, .STERADIAN. ) SOLID_ANGLE_UNIT ( ) );
#3002 = ADVANCED_FACE ( 'NONE', ( #7105 ), #3124, .T. ) ;
#3003 = VECTOR ( 'NONE', #7985, 999.9999999999998863 ) ;
#3004 = DIRECTION ( 'NONE',  ( -0.5773502691896236216, -0.5773502691896258421, 0.5773502691896278405 ) ) ;
#3005 = VERTEX_POINT ( 'NONE', #8462 ) ;
#3006 = CARTESIAN_POINT ( 'NONE',  ( -12.28215627108440522, 11.30105365699176723, -0.7881573212939636530 ) ) ;
#3007 =( BOUNDED_CURVE ( )  B_SPLINE_CURVE ( 2, ( #2862, #1535, #214, #6889, #1411, #2239, #2816 ),
 .UNSPECIFIED., .F., .T. ) 
 B_SPLINE_CURVE_WITH_KNOTS ( ( 3, 2, 2, 3 ),
 ( 0.5624999999999998890, 0.5781249999999998890, 0.5937500000000000000, 0.5968808116557946519 ),
 .UNSPECIFIED. ) 
 CURVE ( )  GEOMETRIC_REPRESENTATION_ITEM ( )  RATIONAL_B_SPLINE_CURVE ( ( 1.000000000000000444, 0.9238795325112861834, 1.000000000000000000, 0.9238795325112867385, 1.000000000000000000, 0.9847475938010751273, 0.9756074962237832882 ) ) 
 REPRESENTATION_ITEM ( '' )  );
#3008 = AXIS2_PLACEMENT_3D ( 'NONE', #4426, #997, #2410 ) ;
#3009 = CARTESIAN_POINT ( 'NONE',  ( -4.929141392239914765, 16.58687500000000981, -11.89999999999996483 ) ) ;
#3010 = DIRECTION ( 'NONE',  ( 0.000000000000000000, 0.000000000000000000, -1.000000000000000000 ) ) ;
#3011 = ORIENTED_EDGE ( 'NONE', *, *, #2993, .T. ) ;
#3012 = CARTESIAN_POINT ( 'NONE',  ( -4.929141392239702490, 15.79312500000001229, 11.90000000000007674 ) ) ;
#3013 = CARTESIAN_POINT ( 'NONE',  ( 12.11555136271317501, 17.58444863728682961, -1.145168028406606560E-11 ) ) ;
#3014 = AXIS2_PLACEMENT_3D ( 'NONE', #1496, #1743, #384 ) ;
#3015 = B_SPLINE_CURVE_WITH_KNOTS ( 'NONE', 3,
 ( #3754, #5760, #2434, #5149, #7830, #536 ),
 .UNSPECIFIED., .F., .F.,
 ( 4, 2, 4 ),
 ( 0.01669505163429730807, 0.01941030283746666973, 0.02212555404063602793 ),
 .UNSPECIFIED. ) ;
#3016 = AXIS2_PLACEMENT_3D ( 'NONE', #7568, #8296, #5498 ) ;
#3017 = DESIGN_CONTEXT ( 'detailed design', #7661, 'design' ) ;
#3018 = CARTESIAN_POINT ( 'NONE',  ( 39.70000000000000284, -5.499261314031186565, 9.525000000000002132 ) ) ;
#3019 = AXIS2_PLACEMENT_3D ( 'NONE', #4134, #4910, #3383 ) ;
#3020 = CARTESIAN_POINT ( 'NONE',  ( -13.99999999999999822, 0.000000000000000000, 0.000000000000000000 ) ) ;
#3021 = DIRECTION ( 'NONE',  ( -1.000000000000000000, -9.800697604388737541E-17, 0.000000000000000000 ) ) ;
#3022 = CARTESIAN_POINT ( 'NONE',  ( 0.000000000000000000, 0.000000000000000000, 13.00000000000000000 ) ) ;
#3023 = CARTESIAN_POINT ( 'NONE',  ( -9.069809202314351282, 13.70875000000001620, 9.069809202314482732 ) ) ;
#3024 = ORIENTED_EDGE ( 'NONE', *, *, #8469, .F. ) ;
#3025 = CARTESIAN_POINT ( 'NONE',  ( 34.40000000000000568, -10.99852262806237313, 3.605651974203355568E-15 ) ) ;
#3026 = CIRCLE ( 'NONE', #2609, 15.59999999999999964 ) ;
#3027 = CARTESIAN_POINT ( 'NONE',  ( -8.414570696119838544, 14.44375000000001208, 8.414570696119991311 ) ) ;
#3028 = VECTOR ( 'NONE', #4541, 1000.000000000000000 ) ;
#3029 = COORDINATED_UNIVERSAL_TIME_OFFSET ( 8, 0, .AHEAD. ) ;
#3030 = B_SPLINE_CURVE_WITH_KNOTS ( 'NONE', 3,
 ( #3374, #819, #7416, #3502, #166, #7588, #5392, #2851, #8189, #863, #3546, #204 ),
 .UNSPECIFIED., .F., .F.,
 ( 4, 2, 2, 2, 2, 4 ),
 ( 2.344180752272249087E-07, 0.003137532069197810410, 0.006274829720320393607, 0.007843478545881686290, 0.009412127371442976370, 0.01254942502256556347 ),
 .UNSPECIFIED. ) ;
#3031 = ORIENTED_EDGE ( 'NONE', *, *, #4280, .F. ) ;
#3032 = ORIENTED_EDGE ( 'NONE', *, *, #7883, .T. ) ;
#3033 = DIRECTION ( 'NONE',  ( -0.9848077530122081313, 0.000000000000000000, 0.1736481776669296651 ) ) ;
#3034 = DIRECTION ( 'NONE',  ( 0.000000000000000000, -0.5000000000000002220, -0.8660254037844385966 ) ) ;
#3035 = AXIS2_PLACEMENT_3D ( 'NONE', #2240, #174, #4258 ) ;
#3036 = CARTESIAN_POINT ( 'NONE',  ( 1.457329690985350196E-15, 17.80000000000000071, 11.89999999999999858 ) ) ;
#3037 = CARTESIAN_POINT ( 'NONE',  ( 2.571758278209441267E-15, 34.29999999999999716, 20.24999999999999645 ) ) ;
#3038 = CARTESIAN_POINT ( 'NONE',  ( -8.414570696119973547, 20.27625000000000099, -8.414570696119856308 ) ) ;
#3039 = VERTEX_POINT ( 'NONE', #3690 ) ;
#3040 = CARTESIAN_POINT ( 'NONE',  ( 33.89999999999999147, 0.000000000000000000, 0.000000000000000000 ) ) ;
#3041 = CARTESIAN_POINT ( 'NONE',  ( 0.000000000000000000, -8.248891971046781180, 4.762500000000002842 ) ) ;
#3042 = EDGE_CURVE ( 'NONE', #1220, #2527, #7149, .T. ) ;
#3043 = APPROVAL_ROLE ( '' ) ;
#3044 = EDGE_LOOP ( 'NONE', ( #7691, #3141, #320, #2220 ) ) ;
#3045 = LINE ( 'NONE', #3132, #4209 ) ;
#3046 = DIRECTION ( 'NONE',  ( 0.000000000000000000, 0.000000000000000000, -1.000000000000000000 ) ) ;
#3047 = ORIENTED_EDGE ( 'NONE', *, *, #465, .F. ) ;
#3048 = FACE_BOUND ( 'NONE', #5375, .T. ) ;
#3049 = CARTESIAN_POINT ( 'NONE',  ( 0.000000000000000000, 0.000000000000000000, 0.000000000000000000 ) ) ;
#3050 = EDGE_CURVE ( 'NONE', #5545, #3826, #5518, .T. ) ;
#3051 = CONICAL_SURFACE ( 'NONE', #1219, 2.499999999999998668, 1.029744258676653867 ) ;
#3052 = CARTESIAN_POINT ( 'NONE',  ( 8.414570696119975324, 14.56125000000001357, 8.414570696119854532 ) ) ;
#3053 = CARTESIAN_POINT ( 'NONE',  ( 11.29937722326769922, 10.94878830376645418, -3.905839733269326874 ) ) ;
#3054 = CIRCLE ( 'NONE', #5999, 6.750000000000000888 ) ;
#3055 = AXIS2_PLACEMENT_3D ( 'NONE', #2694, #5918, #1281 ) ;
#3056 = CARTESIAN_POINT ( 'NONE',  ( -4.929141392239914765, 15.31687500000001023, -11.89999999999996483 ) ) ;
#3057 = DIRECTION ( 'NONE',  ( 0.000000000000000000, -0.000000000000000000, 1.000000000000000000 ) ) ;
#3058 = ORIENTED_EDGE ( 'NONE', *, *, #3330, .T. ) ;
#3059 = CARTESIAN_POINT ( 'NONE',  ( -11.89999999999996838, 15.63437500000000924, 4.929141392239910324 ) ) ;
#3060 = CARTESIAN_POINT ( 'NONE',  ( 14.00000000000000000, 3.918869757271530460E-16, -3.200000000000000178 ) ) ;
#3061 = PERSON_AND_ORGANIZATION_ROLE ( 'classification_officer' ) ;
#3062 = EDGE_CURVE ( 'NONE', #3422, #3643, #3822, .T. ) ;
#3063 = CIRCLE ( 'NONE', #247, 3.675000000000008260 ) ;
#3064 = DIRECTION ( 'NONE',  ( -1.000000000000000000, -0.000000000000000000, -0.000000000000000000 ) ) ;
#3065 = DIRECTION ( 'NONE',  ( 0.000000000000000000, 0.000000000000000000, 1.000000000000000000 ) ) ;
#3066 = CARTESIAN_POINT ( 'NONE',  ( -5.312971222579573549, 19.66187500000000554, -12.82664718204931376 ) ) ;
#3067 = CARTESIAN_POINT ( 'NONE',  ( 0.000000000000000000, 8.248891971046782956, 4.762500000000000178 ) ) ;
#3068 = CARTESIAN_POINT ( 'NONE',  ( 9.069809202314482732, 15.29625000000001478, 9.069809202314353058 ) ) ;
#3069 = VERTEX_POINT ( 'NONE', #6530 ) ;
#3070 = CARTESIAN_POINT ( 'NONE',  ( 15.22582127265072316, 30.49999999999999645, 7.561373325877829288 ) ) ;
#3071 = ADVANCED_FACE ( 'NONE', ( #5825, #1008 ), #2418, .F. ) ;
#3072 = CARTESIAN_POINT ( 'NONE',  ( -11.90000000000004832, 14.20562500000001371, -4.929141392239717590 ) ) ;
#3073 = PERSON_AND_ORGANIZATION ( #129, #430 ) ;
#3074 = EDGE_LOOP ( 'NONE', ( #102, #3986 ) ) ;
#3075 = ORIENTED_EDGE ( 'NONE', *, *, #8560, .F. ) ;
#3076 = CARTESIAN_POINT ( 'NONE',  ( 0.1083897543756196652, -2.114194236346733646E-15, 0.000000000000000000 ) ) ;
#3077 = CARTESIAN_POINT ( 'NONE',  ( -2.034022550795168804, 2.285728152184537620, 0.2928139856195990931 ) ) ;
#3078 = CARTESIAN_POINT ( 'NONE',  ( -8.628356930257417901, 11.41166969461142422, 8.930771950059758879 ) ) ;
#3079 = DIRECTION ( 'NONE',  ( -0.5000000000000003331, 0.000000000000000000, -0.8660254037844385966 ) ) ;
#3080 = EDGE_CURVE ( 'NONE', #5927, #486, #1256, .T. ) ;
#3081 = CARTESIAN_POINT ( 'NONE',  ( 8.414570696119856308, 18.68875000000000242, -8.414570696119973547 ) ) ;
#3082 = ORIENTED_EDGE ( 'NONE', *, *, #4264, .T. ) ;
#3083 = DIRECTION ( 'NONE',  ( -1.000000000000000000, -0.000000000000000000, -0.000000000000000000 ) ) ;
#3084 = FACE_OUTER_BOUND ( 'NONE', #8010, .T. ) ;
#3085 = CIRCLE ( 'NONE', #4765, 2.475000000000000089 ) ;
#3086 = EDGE_CURVE ( 'NONE', #4227, #3727, #2380, .T. ) ;
#3087 = VECTOR ( 'NONE', #838, 1000.000000000000000 ) ;
#3088 = ORIENTED_EDGE ( 'NONE', *, *, #234, .F. ) ;
#3089 = AXIS2_PLACEMENT_3D ( 'NONE', #3020, #8358, #5033 ) ;
#3090 = LINE ( 'NONE', #445, #4335 ) ;
#3091 = LINE ( 'NONE', #3133, #8299 ) ;
#3092 = ADVANCED_FACE ( 'NONE', ( #8503, #1757 ), #8371, .F. ) ;
#3093 = DIRECTION ( 'NONE',  ( -0.000000000000000000, 1.000000000000000000, 1.224646799147353207E-16 ) ) ;
#3094 = CARTESIAN_POINT ( 'NONE',  ( -13.44999999999999929, 8.900000000000016342, 0.000000000000000000 ) ) ;
#3095 = EDGE_CURVE ( 'NONE', #822, #8603, #3784, .T. ) ;
#3096 = CIRCLE ( 'NONE', #4784, 14.20000000000000107 ) ;
#3097 = CARTESIAN_POINT ( 'NONE',  ( 9.564848863492874352E-15, 10.90000000000001101, 0.000000000000000000 ) ) ;
#3098 = CARTESIAN_POINT ( 'NONE',  ( 8.963637018133271184, 11.00018496405663804, -8.017499050119427650 ) ) ;
#3099 = CARTESIAN_POINT ( 'NONE',  ( 39.70000000000000284, 10.99852262806237846, -1.734723475976807094E-15 ) ) ;
#3100 = ORIENTED_EDGE ( 'NONE', *, *, #590, .F. ) ;
#3101 = CARTESIAN_POINT ( 'NONE',  ( -11.89999999999999858, 15.55500000000001037, 9.475589339234934229E-14 ) ) ;
#3102 = CC_DESIGN_APPROVAL ( #4672, ( #4492 ) ) ;
#3103 = EDGE_CURVE ( 'NONE', #2506, #1716, #4483, .T. ) ;
#3104 = CARTESIAN_POINT ( 'NONE',  ( 11.35245022779973212, 17.62895191620996371, -4.124387511734449951 ) ) ;
#3105 = CONTEXT_DEPENDENT_SHAPE_REPRESENTATION ( #5843, #7407 ) ;
#3106 = AXIS2_PLACEMENT_3D ( 'NONE', #4782, #6264, #5476 ) ;
#3107 = LOCAL_TIME ( 22, 24, 23.00000000000000000, #3333 ) ;
#3108 = CARTESIAN_POINT ( 'NONE',  ( -12.27635182233306743, 0.000000000000000000, 0.000000000000000000 ) ) ;
#3109 = CARTESIAN_POINT ( 'NONE',  ( -8.947569504916662808, -16.36523270379544925, -11.33478903118297865 ) ) ;
#3110 = CARTESIAN_POINT ( 'NONE',  ( 5.695225058835894139, 0.000000000000000000, 0.000000000000000000 ) ) ;
#3111 = DIRECTION ( 'NONE',  ( 0.000000000000000000, 0.000000000000000000, -1.000000000000000000 ) ) ;
#3112 = ADVANCED_FACE ( 'NONE', ( #4565 ), #2689, .T. ) ;
#3113 = CC_DESIGN_PERSON_AND_ORGANIZATION_ASSIGNMENT ( #653, #3199, ( #3244 ) ) ;
#3114 = CARTESIAN_POINT ( 'NONE',  ( 12.82664718204939192, 15.37562500000001364, 5.312971222579391473 ) ) ;
#3115 = ORIENTED_EDGE ( 'NONE', *, *, #6206, .T. ) ;
#3116 = DIRECTION ( 'NONE',  ( 1.000000000000000000, 0.000000000000000000, 1.224646799147353207E-16 ) ) ;
#3117 = DIRECTION ( 'NONE',  ( 0.000000000000000000, 0.000000000000000000, 1.000000000000000000 ) ) ;
#3118 = APPROVAL_STATUS ( 'not_yet_approved' ) ;
#3119 = EDGE_CURVE ( 'NONE', #6867, #1762, #1223, .T. ) ;
#3120 = CIRCLE ( 'NONE', #4242, 6.750000000000000888 ) ;
#3121 = VERTEX_POINT ( 'NONE', #4608 ) ;
#3122 = ORIENTED_EDGE ( 'NONE', *, *, #6432, .T. ) ;
#3123 = CARTESIAN_POINT ( 'NONE',  ( 0.000000000000000000, 32.79999999999999716, 0.000000000000000000 ) ) ;
#3124 = PLANE ( 'NONE',  #8529 ) ;
#3125 = FACE_OUTER_BOUND ( 'NONE', #8610, .T. ) ;
#3126 = CARTESIAN_POINT ( 'NONE',  ( -12.94999999999999218, 9.400000000000023448, -12.94999999999999218 ) ) ;
#3127 = EDGE_LOOP ( 'NONE', ( #6627, #6637, #3978, #8231 ) ) ;
#3128 = DIRECTION ( 'NONE',  ( -1.000000000000000000, -0.000000000000000000, -0.000000000000000000 ) ) ;
#3129 = DIRECTION ( 'NONE',  ( 1.000000000000000000, -8.775090700452169195E-16, 0.000000000000000000 ) ) ;
#3130 = ORIENTED_EDGE ( 'NONE', *, *, #319, .F. ) ;
#3131 = ORIENTED_EDGE ( 'NONE', *, *, #1277, .T. ) ;
#3132 = CARTESIAN_POINT ( 'NONE',  ( 17.47810899155977893, -2.299999999999996714, 2.816687638038908605E-16 ) ) ;
#3133 = CARTESIAN_POINT ( 'NONE',  ( -12.94999999999999218, 9.150000000000019895, 13.19999999999999751 ) ) ;
#3134 = CARTESIAN_POINT ( 'NONE',  ( 39.70000000000001705, 0.000000000000000000, 0.000000000000000000 ) ) ;
#3135 = PLANE ( 'NONE',  #5057 ) ;
#3136 = DIRECTION ( 'NONE',  ( 1.000000000000000222, 1.231304080816848473E-16, 8.891009051585071197E-31 ) ) ;
#3137 = ORIENTED_EDGE ( 'NONE', *, *, #3062, .F. ) ;
#3138 = EDGE_CURVE ( 'NONE', #7401, #90, #7699, .T. ) ;
#3139 = CYLINDRICAL_SURFACE ( 'NONE', #5575, 3.174999999999999822 ) ;
#3140 = DIRECTION ( 'NONE',  ( 0.000000000000000000, 0.000000000000000000, 1.000000000000000000 ) ) ;
#3141 = ORIENTED_EDGE ( 'NONE', *, *, #5305, .T. ) ;
#3142 = CARTESIAN_POINT ( 'NONE',  ( 14.29000000000000092, -16.37928479431971951, -2.096533254929789258 ) ) ;
#3143 = EDGE_LOOP ( 'NONE', ( #5872, #3335, #5372, #6347 ) ) ;
#3144 = CARTESIAN_POINT ( 'NONE',  ( -10.77636534613066743, -1.581081314057897202, -10.27893325996520701 ) ) ;
#3145 = EDGE_CURVE ( 'NONE', #151, #236, #1542, .T. ) ;
#3146 = CARTESIAN_POINT ( 'NONE',  ( 10.23982179844509233, 17.65649240860862434, -6.395521298233122209 ) ) ;
#3147 = ADVANCED_FACE ( 'NONE', ( #5270 ), #1369, .F. ) ;
#3148 = AXIS2_PLACEMENT_3D ( 'NONE', #7848, #1838, #3950 ) ;
#3149 = CIRCLE ( 'NONE', #6936, 0.2999999999999999334 ) ;
#3150 = FACE_OUTER_BOUND ( 'NONE', #981, .T. ) ;
#3151 = LINE ( 'NONE', #1740, #6296 ) ;
#3152 = EDGE_CURVE ( 'NONE', #5642, #5927, #7982, .T. ) ;
#3153 = CARTESIAN_POINT ( 'NONE',  ( -12.82664718204935106, 17.36000000000000654, 8.956799855210031952E-14 ) ) ;
#3154 = DIRECTION ( 'NONE',  ( -0.000000000000000000, 1.000000000000000000, -0.000000000000000000 ) ) ;
#3155 = CARTESIAN_POINT ( 'NONE',  ( 12.82664718204935106, 15.45500000000001428, -9.113880979362924452E-14 ) ) ;
#3156 = ORIENTED_EDGE ( 'NONE', *, *, #8435, .T. ) ;
#3157 = DIRECTION ( 'NONE',  ( 0.000000000000000000, 0.000000000000000000, 1.000000000000000000 ) ) ;
#3158 = DIRECTION ( 'NONE',  ( -0.000000000000000000, -1.000000000000000000, -0.000000000000000000 ) ) ;
#3159 = PERSON_AND_ORGANIZATION ( #129, #430 ) ;
#3160 = AXIS2_PLACEMENT_3D ( 'NONE', #884, #8128, #3441 ) ;
#3161 = ORIENTED_EDGE ( 'NONE', *, *, #1159, .T. ) ;
#3162 = FACE_OUTER_BOUND ( 'NONE', #5058, .T. ) ;
#3163 = CARTESIAN_POINT ( 'NONE',  ( 33.49999999999999289, 0.000000000000000000, 0.000000000000000000 ) ) ;
#3164 = CARTESIAN_POINT ( 'NONE',  ( 6.411583940029132858E-16, -1.849720943065753520, 9.525000000000002132 ) ) ;
#3165 = CARTESIAN_POINT ( 'NONE',  ( -10.45654609777246691, 17.10552019508988408, -7.029924362132002003 ) ) ;
#3166 = AXIS2_PLACEMENT_3D ( 'NONE', #5637, #3806, #5074 ) ;
#3167 = CARTESIAN_POINT ( 'NONE',  ( 8.414570696119834992, 12.33875000000001876, -8.414570696119994864 ) ) ;
#3168 = EDGE_LOOP ( 'NONE', ( #5093, #7389, #6785, #6125 ) ) ;
#3169 = CARTESIAN_POINT ( 'NONE',  ( 11.67190269737711183, -15.92906487933676551, -9.761894529153707367 ) ) ;
#3170 = DIRECTION ( 'NONE',  ( 0.000000000000000000, -0.4999999999999997780, 0.8660254037844387076 ) ) ;
#3171 = EDGE_CURVE ( 'NONE', #2870, #6121, #2245, .T. ) ;
#3172 = EDGE_LOOP ( 'NONE', ( #4103, #2211 ) ) ;
#3173 = AXIS2_PLACEMENT_3D ( 'NONE', #8185, #2764, #6916 ) ;
#3174 = AXIS2_PLACEMENT_3D ( 'NONE', #4634, #5381, #8053 ) ;
#3175 =( REPRESENTATION_RELATIONSHIP ('NONE','NONE', #5133, #4196 ) REPRESENTATION_RELATIONSHIP_WITH_TRANSFORMATION ( #2358 )SHAPE_REPRESENTATION_RELATIONSHIP( ) );
#3176 = ORIENTED_EDGE ( 'NONE', *, *, #1641, .F. ) ;
#3177 = DIRECTION ( 'NONE',  ( 0.000000000000000000, -0.8660254037844385966, 0.5000000000000002220 ) ) ;
#3178 = CARTESIAN_POINT ( 'NONE',  ( 12.94999999999999218, 8.899999999999993250, -13.44999999999999929 ) ) ;
#3179 = ORIENTED_EDGE ( 'NONE', *, *, #3138, .T. ) ;
#3180 = ORIENTED_EDGE ( 'NONE', *, *, #5322, .T. ) ;
#3181 = DIRECTION ( 'NONE',  ( 0.000000000000000000, 0.4999999999999997224, -0.8660254037844387076 ) ) ;
#3182 = EDGE_CURVE ( 'NONE', #7805, #4619, #6436, .T. ) ;
#3183 = CARTESIAN_POINT ( 'NONE',  ( 0.000000000000000000, 0.000000000000000000, 0.000000000000000000 ) ) ;
#3184 = PLANE ( 'NONE',  #4047 ) ;
#3185 = DIRECTION ( 'NONE',  ( -1.000000000000000000, -0.000000000000000000, -0.000000000000000000 ) ) ;
#3186 = FACE_OUTER_BOUND ( 'NONE', #7102, .T. ) ;
#3187 = ORIENTED_EDGE ( 'NONE', *, *, #1205, .F. ) ;
#3188 = DIRECTION ( 'NONE',  ( -9.800697604388738773E-17, 1.000000000000000000, -0.000000000000000000 ) ) ;
#3189 = FACE_OUTER_BOUND ( 'NONE', #7468, .T. ) ;
#3190 = CARTESIAN_POINT ( 'NONE',  ( 0.000000000000000000, -17.39999999999999858, 0.000000000000000000 ) ) ;
#3191 = CARTESIAN_POINT ( 'NONE',  ( 5.000000000000000000, 10.99852262806237313, 1.822090932982379196E-15 ) ) ;
#3192 = CARTESIAN_POINT ( 'NONE',  ( 12.82664718204931376, 16.80437500000001094, -5.312971222579575326 ) ) ;
#3193 = CARTESIAN_POINT ( 'NONE',  ( 11.90425494500886927, 10.90425494500878756, 0.2043203333651157638 ) ) ;
#3194 = CARTESIAN_POINT ( 'NONE',  ( 12.82664718204939192, 11.56562500000001847, 5.312971222579391473 ) ) ;
#3195 = ORIENTED_EDGE ( 'NONE', *, *, #2152, .F. ) ;
#3196 = CARTESIAN_POINT ( 'NONE',  ( 9.347046504205705375, 11.06527279267060493, 7.701530893791675325 ) ) ;
#3197 = ADVANCED_FACE ( 'NONE', ( #3291 ), #2669, .T. ) ;
#3198 = DIRECTION ( 'NONE',  ( -9.800697604388738773E-17, 1.000000000000000000, -0.000000000000000000 ) ) ;
#3199 = PERSON_AND_ORGANIZATION_ROLE ( 'classification_officer' ) ;
#3200 = AXIS2_PLACEMENT_3D ( 'NONE', #5286, #7307, #3355 ) ;
#3201 = EDGE_CURVE ( 'NONE', #7198, #1246, #6623, .T. ) ;
#3202 = VERTEX_POINT ( 'NONE', #1322 ) ;
#3203 = EDGE_LOOP ( 'NONE', ( #2957, #5538, #4235, #1150 ) ) ;
#3204 = CARTESIAN_POINT ( 'NONE',  ( 40.92056046467595110, 0.000000000000000000, -14.70352761804100616 ) ) ;
#3205 = DIRECTION ( 'NONE',  ( -1.000000000000000000, -9.800697604388737541E-17, 0.000000000000000000 ) ) ;
#3206 = DIRECTION ( 'NONE',  ( -9.800697604388738773E-17, 1.000000000000000000, -0.000000000000000000 ) ) ;
#3207 = CARTESIAN_POINT ( 'NONE',  ( 41.39999999999999858, 0.000000000000000000, 0.000000000000000000 ) ) ;
#3208 = ADVANCED_FACE ( 'NONE', ( #6715 ), #4234, .F. ) ;
#3209 = CARTESIAN_POINT ( 'NONE',  ( -8.017523061292044283E-14, 12.49750000000001648, -11.89999999999999858 ) ) ;
#3210 = EDGE_LOOP ( 'NONE', ( #3910, #8106, #4341, #4298 ) ) ;
#3211 = CARTESIAN_POINT ( 'NONE',  ( 0.03610103003384611264, 7.332348418708250826, -6.350000000000001421 ) ) ;
#3212 = CYLINDRICAL_SURFACE ( 'NONE', #6000, 11.00000000000000000 ) ;
#3213 = ORIENTED_EDGE ( 'NONE', *, *, #8101, .T. ) ;
#3214 = EDGE_CURVE ( 'NONE', #8220, #4278, #7337, .T. ) ;
#3215 = ORIENTED_EDGE ( 'NONE', *, *, #190, .T. ) ;
#3216 = FACE_OUTER_BOUND ( 'NONE', #4970, .T. ) ;
#3217 = AXIS2_PLACEMENT_3D ( 'NONE', #5159, #2448, #462 ) ;
#3218 = FACE_OUTER_BOUND ( 'NONE', #2656, .T. ) ;
#3219 = ORIENTED_EDGE ( 'NONE', *, *, #3145, .T. ) ;
#3220 = CARTESIAN_POINT ( 'NONE',  ( -8.414570696119854532, 13.17375000000001606, 8.414570696119975324 ) ) ;
#3221 = ADVANCED_FACE ( 'NONE', ( #6014 ), #4746, .T. ) ;
#3222 = CC_DESIGN_PERSON_AND_ORGANIZATION_ASSIGNMENT ( #6009, #5960, ( #720 ) ) ;
#3223 = VECTOR ( 'NONE', #2337, 1000.000000000000114 ) ;
#3224 = VERTEX_POINT ( 'NONE', #5967 ) ;
#3225 = DIRECTION ( 'NONE',  ( 0.000000000000000000, 0.000000000000000000, 1.000000000000000000 ) ) ;
#3226 = PERSON_AND_ORGANIZATION_ROLE ( 'design_owner' ) ;
#3227 = CARTESIAN_POINT ( 'NONE',  ( 2.049999999999999822, 0.000000000000000000, 0.000000000000000000 ) ) ;
#3228 = ORIENTED_EDGE ( 'NONE', *, *, #4964, .F. ) ;
#3229 = DIRECTION ( 'NONE',  ( 0.000000000000000000, -0.5000000000000011102, -0.8660254037844379305 ) ) ;
#3230 = CARTESIAN_POINT ( 'NONE',  ( 7.349999999999999645, -3.084843528204037854E-15, 0.000000000000000000 ) ) ;
#3231 = ORIENTED_EDGE ( 'NONE', *, *, #5925, .T. ) ;
#3232 = PLANE ( 'NONE',  #2867 ) ;
#3233 = DIRECTION ( 'NONE',  ( 0.000000000000000000, -3.154466349054399263E-16, -1.000000000000000000 ) ) ;
#3234 = VECTOR ( 'NONE', #8365, 1000.000000000000000 ) ;
#3235 = DIRECTION ( 'NONE',  ( 0.000000000000000000, 1.000000000000000000, 0.000000000000000000 ) ) ;
#3236 = LINE ( 'NONE', #5253, #8125 ) ;
#3237 = SECURITY_CLASSIFICATION ( '', '', #8049 ) ;
#3238 = CARTESIAN_POINT ( 'NONE',  ( 12.82664718204931376, 18.07437500000000341, -5.312971222579575326 ) ) ;
#3239 = DIRECTION ( 'NONE',  ( -1.289757231209522150E-16, 0.000000000000000000, -1.000000000000000000 ) ) ;
#3240 = CARTESIAN_POINT ( 'NONE',  ( 13.99999999999999822, 0.000000000000000000, 3.399999999999999911 ) ) ;
#3241 = VERTEX_POINT ( 'NONE', #6060 ) ;
#3242 = DIRECTION ( 'NONE',  ( 0.000000000000000000, 0.000000000000000000, -1.000000000000000000 ) ) ;
#3243 = PERSON_AND_ORGANIZATION_ROLE ( 'design_supplier' ) ;
#3244 = SECURITY_CLASSIFICATION ( '', '', #1833 ) ;
#3245 = ORIENTED_EDGE ( 'NONE', *, *, #8553, .T. ) ;
#3246 = DIRECTION ( 'NONE',  ( -1.000000000000000000, -0.000000000000000000, -0.000000000000000000 ) ) ;
#3247 = DIRECTION ( 'NONE',  ( 0.000000000000000000, 0.000000000000000000, 1.000000000000000000 ) ) ;
#3248 = CARTESIAN_POINT ( 'NONE',  ( 4.999999999999997335, 0.000000000000000000, 0.000000000000000000 ) ) ;
#3249 = DIRECTION ( 'NONE',  ( -1.000000000000000000, -0.000000000000000000, -0.000000000000000000 ) ) ;
#3250 = CARTESIAN_POINT ( 'NONE',  ( 4.929141392239747788, 17.49812500000000881, -11.90000000000003233 ) ) ;
#3251 = ORIENTED_EDGE ( 'NONE', *, *, #6526, .F. ) ;
#3252 = CARTESIAN_POINT ( 'NONE',  ( 11.89999999999994529, 10.98937500000002032, -4.929141392239962727 ) ) ;
#3253 = CARTESIAN_POINT ( 'NONE',  ( 0.000000000000000000, -1.201236941557884519, -14.20000000000000107 ) ) ;
#3254 = EDGE_LOOP ( 'NONE', ( #4474, #1189 ) ) ;
#3255 = ADVANCED_FACE ( 'NONE', ( #8074 ), #8592, .F. ) ;
#3256 = VERTEX_POINT ( 'NONE', #8642 ) ;
#3257 = ORIENTED_EDGE ( 'NONE', *, *, #505, .T. ) ;
#3258 = CARTESIAN_POINT ( 'NONE',  ( -4.929141392239720254, 13.25312500000001670, 11.90000000000003055 ) ) ;
#3259 = CARTESIAN_POINT ( 'NONE',  ( 13.19999999999999574, 8.899999999999993250, -13.19999999999999574 ) ) ;
#3260 = ORIENTED_EDGE ( 'NONE', *, *, #4918, .F. ) ;
#3261 = CARTESIAN_POINT ( 'NONE',  ( 11.90000000000003588, 12.30062500000001613, 4.929141392239745123 ) ) ;
#3262 = AXIS2_PLACEMENT_3D ( 'NONE', #6901, #4843, #8214 ) ;
#3263 = DIRECTION ( 'NONE',  ( -1.000000000000000000, -0.000000000000000000, -0.000000000000000000 ) ) ;
#3264 = ORIENTED_EDGE ( 'NONE', *, *, #6565, .T. ) ;
#3265 = CALENDAR_DATE ( 2025, 13, 3 ) ;
#3266 = AXIS2_PLACEMENT_3D ( 'NONE', #2271, #4413, #1652 ) ;
#3267 = CARTESIAN_POINT ( 'NONE',  ( 34.40000000000000568, 5.499261314031191894, -9.524999999999998579 ) ) ;
#3268 = EDGE_LOOP ( 'NONE', ( #7172, #5614, #3260, #8458 ) ) ;
#3269 = CARTESIAN_POINT ( 'NONE',  ( 11.09999999999998543, -9.740350677501893341E-15, 0.000000000000000000 ) ) ;
#3270 = CIRCLE ( 'NONE', #4818, 0.5000000000000000000 ) ;
#3271 = CARTESIAN_POINT ( 'NONE',  ( 0.000000000000000000, 0.000000000000000000, 0.000000000000000000 ) ) ;
#3272 = ORIENTED_EDGE ( 'NONE', *, *, #6828, .F. ) ;
#3273 = CARTESIAN_POINT ( 'NONE',  ( -14.00000000000000000, 0.000000000000000000, 3.200000000000000178 ) ) ;
#3274 = EDGE_CURVE ( 'NONE', #6588, #56, #1960, .T. ) ;
#3275 = CARTESIAN_POINT ( 'NONE',  ( 13.99999999999999822, 0.000000000000000000, 0.000000000000000000 ) ) ;
#3276 = DIRECTION ( 'NONE',  ( 0.000000000000000000, 0.000000000000000000, -1.000000000000000000 ) ) ;
#3277 = CARTESIAN_POINT ( 'NONE',  ( -14.29000000000000092, -16.11848046211800778, 4.198967141332517805 ) ) ;
#3278 = CARTESIAN_POINT ( 'NONE',  ( 12.82664718204931376, 15.53437500000001492, -5.312971222579575326 ) ) ;
#3279 = CARTESIAN_POINT ( 'NONE',  ( 1.411206265628322409, 1.029604922483224216, -1.492645897336815297 ) ) ;
#3280 = FACE_OUTER_BOUND ( 'NONE', #3168, .T. ) ;
#3281 = ORIENTED_EDGE ( 'NONE', *, *, #603, .F. ) ;
#3282 = CARTESIAN_POINT ( 'NONE',  ( 12.32481311125422252, 11.35796691469048447, 1.047403246584936110 ) ) ;
#3283 = AXIS2_PLACEMENT_3D ( 'NONE', #2505, #1842, #3779 ) ;
#3284 = DIRECTION ( 'NONE',  ( 0.000000000000000000, 0.000000000000000000, 1.000000000000000000 ) ) ;
#3285 = APPROVAL_ROLE ( '' ) ;
#3286 = EDGE_LOOP ( 'NONE', ( #3373, #7896, #3357, #2865 ) ) ;
#3287 = EDGE_LOOP ( 'NONE', ( #8686, #5327 ) ) ;
#3288 = CARTESIAN_POINT ( 'NONE',  ( -4.929141392239895225, 12.57687500000001535, -11.89999999999997371 ) ) ;
#3289 = CARTESIAN_POINT ( 'NONE',  ( 9.000000000000001776, -11.19999999999999929, -9.000000000000000000 ) ) ;
#3290 = AXIS2_PLACEMENT_3D ( 'NONE', #8501, #3735, #7016 ) ;
#3291 = FACE_OUTER_BOUND ( 'NONE', #4800, .T. ) ;
#3292 = AXIS2_PLACEMENT_3D ( 'NONE', #7693, #1676, #5617 ) ;
#3293 = DIRECTION ( 'NONE',  ( -0.000000000000000000, 0.000000000000000000, 1.000000000000000000 ) ) ;
#3294 =( BOUNDED_CURVE ( )  B_SPLINE_CURVE ( 2, ( #4995, #6359, #3027, #5692, #388, #3072, #5734, #7098, #5081 ),
 .UNSPECIFIED., .F., .T. ) 
 B_SPLINE_CURVE_WITH_KNOTS ( ( 3, 2, 2, 2, 3 ),
 ( 0.5937500000000001110, 0.6093750000000000000, 0.6250000000000000000, 0.6406250000000000000, 0.6562499999999998890 ),
 .UNSPECIFIED. ) 
 CURVE ( )  GEOMETRIC_REPRESENTATION_ITEM ( )  RATIONAL_B_SPLINE_CURVE ( ( 0.9999999999999994449, 0.9238795325112872936, 1.000000000000000000, 0.9238795325112867385, 1.000000000000000000, 0.9238795325112867385, 1.000000000000000000, 0.9238795325112872936, 0.9999999999999994449 ) ) 
 REPRESENTATION_ITEM ( '' )  );
#3295 = CARTESIAN_POINT ( 'NONE',  ( 4.929141392239747788, 14.95812500000001322, -11.90000000000003233 ) ) ;
#3296 = ORIENTED_EDGE ( 'NONE', *, *, #103, .F. ) ;
#3297 = DIRECTION ( 'NONE',  ( 1.000000000000000000, -8.775090700452170181E-16, 0.000000000000000000 ) ) ;
#3298 = CARTESIAN_POINT ( 'NONE',  ( 8.248585258425048924E-15, 9.400000000000012790, 0.000000000000000000 ) ) ;
#3299 = ORIENTED_EDGE ( 'NONE', *, *, #1641, .T. ) ;
#3300 = CIRCLE ( 'NONE', #4417, 5.199999999999998401 ) ;
#3301 = CARTESIAN_POINT ( 'NONE',  ( 0.000000000000000000, 0.000000000000000000, 3.174999999999999822 ) ) ;
#3302 = DIRECTION ( 'NONE',  ( 0.000000000000000000, 0.000000000000000000, -1.000000000000000000 ) ) ;
#3303 = AXIS2_PLACEMENT_3D ( 'NONE', #2200, #4791, #6804 ) ;
#3304 = ORIENTED_EDGE ( 'NONE', *, *, #2349, .F. ) ;
#3305 = CARTESIAN_POINT ( 'NONE',  ( 5.000000000000000000, -8.248891971046781180, 4.762500000000003730 ) ) ;
#3306 = EDGE_CURVE ( 'NONE', #6025, #210, #2644, .T. ) ;
#3307 = DIRECTION ( 'NONE',  ( 0.000000000000000000, 0.000000000000000000, -1.000000000000000000 ) ) ;
#3308 = DIRECTION ( 'NONE',  ( 0.000000000000000000, 0.000000000000000000, -1.000000000000000000 ) ) ;
#3309 = EDGE_CURVE ( 'NONE', #5368, #1554, #6891, .T. ) ;
#3310 = ORIENTED_EDGE ( 'NONE', *, *, #6487, .F. ) ;
#3311 = AXIS2_PLACEMENT_3D ( 'NONE', #5589, #325, #7625 ) ;
#3312 = COORDINATED_UNIVERSAL_TIME_OFFSET ( 8, 0, .AHEAD. ) ;
#3313 = CIRCLE ( 'NONE', #2056, 8.600000000000003197 ) ;
#3314 = DIRECTION ( 'NONE',  ( -1.000000000000000000, -0.000000000000000000, -0.000000000000000000 ) ) ;
#3315 = ORIENTED_EDGE ( 'NONE', *, *, #2897, .T. ) ;
#3316 = CARTESIAN_POINT ( 'NONE',  ( -5.260512242138382533, 15.77875521535169057, -12.69999999999992824 ) ) ;
#3317 = AXIS2_PLACEMENT_3D ( 'NONE', #2151, #4831, #7512 ) ;
#3318 = EDGE_CURVE ( 'NONE', #5662, #8179, #4212, .T. ) ;
#3319 = CARTESIAN_POINT ( 'NONE',  ( 12.69999999999996909, 14.25811978464833629, -9.023892744153249136E-14 ) ) ;
#3320 = ORIENTED_EDGE ( 'NONE', *, *, #8017, .T. ) ;
#3321 = CARTESIAN_POINT ( 'NONE',  ( -6.255353054409854785, -1.268955198721825051, -12.88914092359982888 ) ) ;
#3322 = CARTESIAN_POINT ( 'NONE',  ( 38.59999999999999432, 0.000000000000000000, 6.350000000000000533 ) ) ;
#3323 = DIRECTION ( 'NONE',  ( 1.000000000000000000, 1.231304080816852664E-16, -0.000000000000000000 ) ) ;
#3324 = CARTESIAN_POINT ( 'NONE',  ( 1.209951936996610228E-13, 13.33250000000001378, 11.89999999999999858 ) ) ;
#3325 = CARTESIAN_POINT ( 'NONE',  ( -12.82664718204939014, 18.55062500000001080, -5.312971222579394137 ) ) ;
#3326 = FACE_BOUND ( 'NONE', #8648, .T. ) ;
#3327 = CARTESIAN_POINT ( 'NONE',  ( -9.069809202314351282, 11.16875000000002238, 9.069809202314482732 ) ) ;
#3328 = ORIENTED_EDGE ( 'NONE', *, *, #2729, .T. ) ;
#3329 = CARTESIAN_POINT ( 'NONE',  ( -9.000000000000001776, -10.80000000000000604, 9.000000000000000000 ) ) ;
#3330 = EDGE_CURVE ( 'NONE', #3241, #7644, #8261, .T. ) ;
#3331 = CC_DESIGN_DATE_AND_TIME_ASSIGNMENT ( #7026, #6331, ( #4492 ) ) ;
#3332 = DIRECTION ( 'NONE',  ( -1.000000000000000000, -9.800697604388737541E-17, 0.000000000000000000 ) ) ;
#3333 = COORDINATED_UNIVERSAL_TIME_OFFSET ( 8, 0, .AHEAD. ) ;
#3334 = ORIENTED_EDGE ( 'NONE', *, *, #2792, .F. ) ;
#3335 = ORIENTED_EDGE ( 'NONE', *, *, #7658, .T. ) ;
#3336 = CARTESIAN_POINT ( 'NONE',  ( 13.79999999999999716, 3.200000000000000178, 0.000000000000000000 ) ) ;
#3337 = CARTESIAN_POINT ( 'NONE',  ( 12.69999999999990159, 14.33749478464833693, -5.260512242138413619 ) ) ;
#3338 = CARTESIAN_POINT ( 'NONE',  ( 0.3952250588359064176, 0.000000000000000000, 0.000000000000000000 ) ) ;
#3339 = PRODUCT_DEFINITION_SHAPE ( 'NONE', 'NONE',  #8689 ) ;
#3340 = CARTESIAN_POINT ( 'NONE',  ( 4.929141392239937858, 12.14187500000001663, 11.89999999999995417 ) ) ;
#3341 = AXIS2_PLACEMENT_3D ( 'NONE', #8436, #8480, #2479 ) ;
#3342 = CARTESIAN_POINT ( 'NONE',  ( -8.414570696119973547, 15.19625000000001158, -8.414570696119856308 ) ) ;
#3343 = APPLICATION_CONTEXT ( 'configuration controlled 3d designs of mechanical parts and assemblies' ) ;
#3344 = ORIENTED_EDGE ( 'NONE', *, *, #2023, .F. ) ;
#3345 = CARTESIAN_POINT ( 'NONE',  ( 1.457329690985350196E-15, 17.80000000000000071, 11.89999999999999858 ) ) ;
#3346 = CARTESIAN_POINT ( 'NONE',  ( 0.000000000000000000, 0.000000000000000000, 0.000000000000000000 ) ) ;
#3347 = AXIS2_PLACEMENT_3D ( 'NONE', #3517, #6191, #5531 ) ;
#3348 = EDGE_LOOP ( 'NONE', ( #472, #8096 ) ) ;
#3349 = EDGE_CURVE ( 'NONE', #1304, #6218, #6569, .T. ) ;
#3350 = DIRECTION ( 'NONE',  ( 0.000000000000000000, 0.000000000000000000, -1.000000000000000000 ) ) ;
#3352 = EDGE_CURVE ( 'NONE', #8071, #6683, #8528, .T. ) ;
#3351 = LINE ( 'NONE', #3259, #7613 ) ;
#3353 = EDGE_LOOP ( 'NONE', ( #2858, #5702, #7140, #2876 ) ) ;
#3354 = CARTESIAN_POINT ( 'NONE',  ( 34.40000000000000568, 5.499261314031195447, 9.525000000000002132 ) ) ;
#3355 = DIRECTION ( 'NONE',  ( 0.000000000000000000, 0.000000000000000000, -1.000000000000000000 ) ) ;
#3356 = DIRECTION ( 'NONE',  ( -0.7071067811865422437, 0.7071067811865527908, 0.000000000000000000 ) ) ;
#3357 = ORIENTED_EDGE ( 'NONE', *, *, #1391, .T. ) ;
#3358 = PERSON_AND_ORGANIZATION ( #129, #430 ) ;
#3359 = DIRECTION ( 'NONE',  ( -0.000000000000000000, 1.000000000000000000, 1.224646799147353207E-16 ) ) ;
#3360 = ORIENTED_EDGE ( 'NONE', *, *, #7750, .T. ) ;
#3361 = DIRECTION ( 'NONE',  ( 0.000000000000000000, 0.000000000000000000, -1.000000000000000000 ) ) ;
#3362 = ORIENTED_EDGE ( 'NONE', *, *, #6150, .F. ) ;
#3363 = CARTESIAN_POINT ( 'NONE',  ( -8.414570696120012627, 11.58625000000001926, -8.414570696119817228 ) ) ;
#3364 = DIRECTION ( 'NONE',  ( -1.000000000000000000, -0.000000000000000000, -0.000000000000000000 ) ) ;
#3365 = EDGE_CURVE ( 'NONE', #7370, #7296, #8657, .T. ) ;
#3366 = AXIS2_PLACEMENT_3D ( 'NONE', #5050, #1713, #4390 ) ;
#3367 = CARTESIAN_POINT ( 'NONE',  ( 0.000000000000000000, -10.07925647686743886, 25.31891155881011102 ) ) ;
#3368 = DIRECTION ( 'NONE',  ( -1.000000000000000000, -0.000000000000000000, -0.000000000000000000 ) ) ;
#3369 = CARTESIAN_POINT ( 'NONE',  ( -11.89999999999999858, 19.36500000000000199, 8.309725586446653599E-14 ) ) ;
#3370 = CARTESIAN_POINT ( 'NONE',  ( -14.00000000000000178, 17.80000000000000071, -13.44999999999999929 ) ) ;
#3371 = EDGE_CURVE ( 'NONE', #3727, #2870, #6230, .T. ) ;
#3372 = DIRECTION ( 'NONE',  ( 1.224646799147353207E-16, -1.074638673853645534E-31, 1.000000000000000000 ) ) ;
#3373 = ORIENTED_EDGE ( 'NONE', *, *, #2729, .F. ) ;
#3374 = CARTESIAN_POINT ( 'NONE',  ( -1.725874147982918050, -2.009527318423362185, 15.50423678951415596 ) ) ;
#3375 = CYLINDRICAL_SURFACE ( 'NONE', #5618, 15.59999999999999964 ) ;
#3376 = DATE_AND_TIME ( #6052, #3107 ) ;
#3377 = EDGE_LOOP ( 'NONE', ( #5011, #2996, #2565, #281 ) ) ;
#3378 = LOCAL_TIME ( 22, 24, 23.00000000000000000, #886 ) ;
#3379 = CARTESIAN_POINT ( 'NONE',  ( 43.59999999999999432, 0.000000000000000000, 0.000000000000000000 ) ) ;
#3380 = CARTESIAN_POINT ( 'NONE',  ( 8.980256121069192687, 12.68313021535169760, 8.980256121069064790 ) ) ;
#3381 = VECTOR ( 'NONE', #6777, 1000.000000000000000 ) ;
#3382 = DIRECTION ( 'NONE',  ( -0.000000000000000000, -1.000000000000000000, -0.000000000000000000 ) ) ;
#3383 = DIRECTION ( 'NONE',  ( 0.000000000000000000, 0.000000000000000000, -1.000000000000000000 ) ) ;
#3384 = CARTESIAN_POINT ( 'NONE',  ( 0.000000000000000000, 0.000000000000000000, 0.000000000000000000 ) ) ;
#3385 = CARTESIAN_POINT ( 'NONE',  ( -8.414570696119973547, 16.46625000000000938, -8.414570696119856308 ) ) ;
#3386 = ORIENTED_EDGE ( 'NONE', *, *, #3794, .F. ) ;
#3387 = DIRECTION ( 'NONE',  ( -0.5773502691896265082, 0.5773502691896265082, 0.5773502691896245098 ) ) ;
#3388 = DIRECTION ( 'NONE',  ( 0.000000000000000000, 0.000000000000000000, 1.000000000000000000 ) ) ;
#3389 = LOCAL_TIME ( 22, 24, 23.00000000000000000, #2381 ) ;
#3390 = EDGE_CURVE ( 'NONE', #3655, #6239, #8279, .T. ) ;
#3391 = CIRCLE ( 'NONE', #2835, 2.500000000000000444 ) ;
#3392 = ORIENTED_EDGE ( 'NONE', *, *, #4484, .T. ) ;
#3393 = PLANE ( 'NONE',  #7430 ) ;
#3394 = CC_DESIGN_SECURITY_CLASSIFICATION ( #23, ( #720 ) ) ;
#3395 = CARTESIAN_POINT ( 'NONE',  ( -13.44999999999999929, 8.900000000000016342, 12.94999999999999218 ) ) ;
#3396 = ORIENTED_EDGE ( 'NONE', *, *, #8182, .T. ) ;
#3397 = CARTESIAN_POINT ( 'NONE',  ( 8.414570696119856308, 13.80875000000001407, -8.414570696119973547 ) ) ;
#3398 = AXIS2_PLACEMENT_3D ( 'NONE', #5839, #6548, #4490 ) ;
#3399 = DIRECTION ( 'NONE',  ( -1.000000000000000000, -0.000000000000000000, -0.000000000000000000 ) ) ;
#3400 = ORIENTED_EDGE ( 'NONE', *, *, #356, .T. ) ;
#3401 = CALENDAR_DATE ( 2025, 13, 3 ) ;
#3402 = VECTOR ( 'NONE', #7428, 1000.000000000000000 ) ;
#3403 = EDGE_LOOP ( 'NONE', ( #4007, #3717, #5457, #5004 ) ) ;
#3404 = CIRCLE ( 'NONE', #3262, 0.3999999999999988565 ) ;
#3405 = CARTESIAN_POINT ( 'NONE',  ( -12.69999999999996732, 13.47688021535169689, 8.868362600661530955E-14 ) ) ;
#3406 = ORIENTED_EDGE ( 'NONE', *, *, #2511, .T. ) ;
#3407 = DIRECTION ( 'NONE',  ( 0.000000000000000000, 0.000000000000000000, 1.000000000000000000 ) ) ;
#3408 = ORIENTED_EDGE ( 'NONE', *, *, #7927, .T. ) ;
#3409 = CARTESIAN_POINT ( 'NONE',  ( 0.000000000000000000, -17.39999999999999858, 0.000000000000000000 ) ) ;
#3410 = CARTESIAN_POINT ( 'NONE',  ( -9.000000000000001776, -11.19999999999999929, 6.100000000000006750 ) ) ;
#3411 = AXIS2_PLACEMENT_3D ( 'NONE', #7936, #7371, #3852 ) ;
#3412 = PLANE ( 'NONE',  #1062 ) ;
#3413 = CARTESIAN_POINT ( 'NONE',  ( -13.99999999999999822, 4.163799117101000559E-16, 3.399999999999999911 ) ) ;
#3414 = CARTESIAN_POINT ( 'NONE',  ( -12.82664718204939014, 13.47062500000001961, -5.312971222579394137 ) ) ;
#3415 = CARTESIAN_POINT ( 'NONE',  ( 0.000000000000000000, 0.000000000000000000, 0.000000000000000000 ) ) ;
#3416 = EDGE_CURVE ( 'NONE', #1683, #6937, #3085, .T. ) ;
#3417 = PLANE ( 'NONE',  #2167 ) ;
#3418 = VERTEX_POINT ( 'NONE', #1534 ) ;
#3419 = CARTESIAN_POINT ( 'NONE',  ( -2.475000000000000089, 0.000000000000000000, 13.00000000000000000 ) ) ;
#3420 = CARTESIAN_POINT ( 'NONE',  ( 46.70000000000001705, 0.000000000000000000, 3.175000000000006484 ) ) ;
#3421 = DATE_AND_TIME ( #1489, #8287 ) ;
#3422 = VERTEX_POINT ( 'NONE', #4790 ) ;
#3423 = CARTESIAN_POINT ( 'NONE',  ( 41.30693079519157607, 0.000000000000000000, 0.000000000000000000 ) ) ;
#3424 = DIRECTION ( 'NONE',  ( 1.000000000000000000, -8.775090700452169195E-16, 0.000000000000000000 ) ) ;
#3425 = VECTOR ( 'NONE', #4902, 1000.000000000000000 ) ;
#3426 = CARTESIAN_POINT ( 'NONE',  ( 0.03643194662692081365, 1.043312934816006399, -2.049755897520308956 ) ) ;
#3427 = CARTESIAN_POINT ( 'NONE',  ( 8.414570696119834992, 12.53875000000001627, -8.414570696119994864 ) ) ;
#3428 = CARTESIAN_POINT ( 'NONE',  ( 11.90000000000003588, 17.18062500000000981, 4.929141392239745123 ) ) ;
#3429 = ORIENTED_EDGE ( 'NONE', *, *, #451, .F. ) ;
#3430 = PLANE ( 'NONE',  #8471 ) ;
#3431 = CARTESIAN_POINT ( 'NONE',  ( 33.89999999999999147, 0.000000000000000000, 5.949999999999999289 ) ) ;
#3432 = EDGE_CURVE ( 'NONE', #4269, #7370, #5929, .T. ) ;
#3433 = ORIENTED_EDGE ( 'NONE', *, *, #2499, .T. ) ;
#3434 = CIRCLE ( 'NONE', #1175, 8.045708121834929116 ) ;
#3435 = ORIENTED_EDGE ( 'NONE', *, *, #1503, .F. ) ;
#3436 = B_SPLINE_CURVE_WITH_KNOTS ( 'NONE', 3,
 ( #1714, #7061, #1138, #2419, #4438, #7106, #1803, #3824, #6492, #1096, #3778, #7815, #480, #3165, #5865, #5826, #8504, #2504, #4520, #3864, #8548, #6531, #2551, #5220 ),
 .UNSPECIFIED., .F., .F.,
 ( 4, 2, 2, 2, 2, 2, 2, 2, 2, 2, 2, 4 ),
 ( 0.000000000000000000, 0.002241611078382416133, 0.004483222156764832267, 0.005604027695956040334, 0.006724833235147248400, 0.008966444313529661064, 0.01008724985272086913, 0.01120805539191207720, 0.01344966647029449333, 0.01457047200948570140, 0.01569127754867690946, 0.01793288862705932213 ),
 .UNSPECIFIED. ) ;
#3438 = PLANE ( 'NONE',  #3505 ) ;
#3437 = VECTOR ( 'NONE', #613, 1000.000000000000000 ) ;
#3439 = DIRECTION ( 'NONE',  ( 0.000000000000000000, 1.000000000000000000, 0.000000000000000000 ) ) ;
#3440 = VERTEX_POINT ( 'NONE', #4909 ) ;
#3441 = DIRECTION ( 'NONE',  ( 0.000000000000000000, 0.000000000000000000, -1.000000000000000000 ) ) ;
#3442 = AXIS2_PLACEMENT_3D ( 'NONE', #464, #4990, #1083 ) ;
#3443 = CARTESIAN_POINT ( 'NONE',  ( -2.619865889632938760, -15.92953782274726038, 14.98809041681921173 ) ) ;
#3444 = EDGE_CURVE ( 'NONE', #1728, #5189, #7135, .T. ) ;
#3445 = DATE_AND_TIME ( #6030, #3937 ) ;
#3446 = AXIS2_PLACEMENT_3D ( 'NONE', #7692, #1099, #5655 ) ;
#3447 = ORIENTED_EDGE ( 'NONE', *, *, #6179, .F. ) ;
#3448 = CONICAL_SURFACE ( 'NONE', #7788, 25.31891155881011102, 1.047197551196596743 ) ;
#3449 = CARTESIAN_POINT ( 'NONE',  ( -11.90000000000004476, 16.74562500000000753, -4.929141392239722030 ) ) ;
#3450 = FACE_OUTER_BOUND ( 'NONE', #353, .T. ) ;
#3451 = ADVANCED_FACE ( 'NONE', ( #6761 ), #6185, .T. ) ;
#3452 = CIRCLE ( 'NONE', #221, 3.575000000000002842 ) ;
#3453 = AXIS2_PLACEMENT_3D ( 'NONE', #4478, #5700, #1009 ) ;
#3454 = ORIENTED_EDGE ( 'NONE', *, *, #3318, .T. ) ;
#3455 = CARTESIAN_POINT ( 'NONE',  ( -4.929141392239898778, 11.50687500000001862, -11.89999999999997371 ) ) ;
#3456 = DIRECTION ( 'NONE',  ( -1.000000000000000000, -0.000000000000000000, -0.000000000000000000 ) ) ;
#3457 = CARTESIAN_POINT ( 'NONE',  ( 0.2720356458796170385, 5.957533090200457515, 8.731250000000006395 ) ) ;
#3458 = EDGE_CURVE ( 'NONE', #6799, #851, #6783, .T. ) ;
#3459 = CARTESIAN_POINT ( 'NONE',  ( -9.069809202314351282, 13.70875000000001620, 9.069809202314482732 ) ) ;
#3460 = CARTESIAN_POINT ( 'NONE',  ( 0.2720356458796163168, -10.54025085189310929, -0.7937499999999962919 ) ) ;
#3461 = ORIENTED_EDGE ( 'NONE', *, *, #3080, .T. ) ;
#3462 = DIRECTION ( 'NONE',  ( -8.775090700452169195E-16, -1.000000000000000000, -0.000000000000000000 ) ) ;
#3463 = CARTESIAN_POINT ( 'NONE',  ( 9.101657815899102548E-14, 13.79438021535169412, 12.69999999999996732 ) ) ;
#3464 = DATE_AND_TIME ( #4783, #7320 ) ;
#3465 = ORIENTED_EDGE ( 'NONE', *, *, #5772, .T. ) ;
#3466 = ORIENTED_EDGE ( 'NONE', *, *, #5907, .F. ) ;
#3467 = DIRECTION ( 'NONE',  ( -1.000000000000000000, -0.000000000000000000, -0.000000000000000000 ) ) ;
#3468 = EDGE_CURVE ( 'NONE', #851, #6446, #2169, .T. ) ;
#3469 = CARTESIAN_POINT ( 'NONE',  ( 12.39686533479527064, 11.39686533479527064, -1.377380915777456371E-11 ) ) ;
#3470 = LINE ( 'NONE', #6142, #223 ) ;
#3471 = DIRECTION ( 'NONE',  ( 0.000000000000000000, 0.000000000000000000, -1.000000000000000000 ) ) ;
#3472 = CARTESIAN_POINT ( 'NONE',  ( 11.89999999999999858, 10.91000000000001968, -8.455458555545191202E-14 ) ) ;
#3473 = VERTEX_POINT ( 'NONE', #7839 ) ;
#3474 = CARTESIAN_POINT ( 'NONE',  ( -11.69999999999997975, 9.700000000000022382, 1.432836755002402101E-15 ) ) ;
#3475 = CARTESIAN_POINT ( 'NONE',  ( 0.000000000000000000, 0.000000000000000000, 0.000000000000000000 ) ) ;
#3476 = EDGE_CURVE ( 'NONE', #3931, #3727, #271, .T. ) ;
#3477 = ORIENTED_EDGE ( 'NONE', *, *, #1595, .T. ) ;
#3478 = EDGE_CURVE ( 'NONE', #2332, #891, #3151, .T. ) ;
#3479 = VECTOR ( 'NONE', #3170, 1000.000000000000227 ) ;
#3480 = ADVANCED_FACE ( 'NONE', ( #6478 ), #140, .F. ) ;
#3481 = CARTESIAN_POINT ( 'NONE',  ( 1.151935503167730301, 11.52149489594262199, 12.49344764673073449 ) ) ;
#3482 = CARTESIAN_POINT ( 'NONE',  ( -4.929141392239702490, 15.59312500000001656, 11.90000000000007674 ) ) ;
#3483 = ORIENTED_EDGE ( 'NONE', *, *, #3613, .F. ) ;
#3484 = DIRECTION ( 'NONE',  ( -0.000000000000000000, 1.000000000000000000, -0.000000000000000000 ) ) ;
#3485 = DIRECTION ( 'NONE',  ( 9.800697604388738773E-17, -1.000000000000000000, 0.000000000000000000 ) ) ;
#3486 = EDGE_CURVE ( 'NONE', #8457, #7269, #2522, .T. ) ;
#3487 = PERSON_AND_ORGANIZATION ( #129, #430 ) ;
#3488 = AXIS2_PLACEMENT_3D ( 'NONE', #1295, #6639, #2244 ) ;
#3489 = ORIENTED_EDGE ( 'NONE', *, *, #6897, .T. ) ;
#3490 = DIRECTION ( 'NONE',  ( 0.7071067811865474617, -4.903554850278087362E-15, 0.7071067811865474617 ) ) ;
#3491 = EDGE_CURVE ( 'NONE', #851, #3256, #3916, .T. ) ;
#3492 = CARTESIAN_POINT ( 'NONE',  ( 0.000000000000000000, -2.009527318423362185, 0.000000000000000000 ) ) ;
#3493 = CC_DESIGN_PERSON_AND_ORGANIZATION_ASSIGNMENT ( #8455, #4996, ( #1404 ) ) ;
#3494 = VERTEX_POINT ( 'NONE', #3723 ) ;
#3495 = CARTESIAN_POINT ( 'NONE',  ( -2.168494910452648750, 17.36105347941461474, 12.15354672086843735 ) ) ;
#3496 = CARTESIAN_POINT ( 'NONE',  ( 0.000000000000000000, 0.000000000000000000, 13.00000000000000000 ) ) ;
#3497 = FACE_OUTER_BOUND ( 'NONE', #1365, .T. ) ;
#3498 = CARTESIAN_POINT ( 'NONE',  ( -9.069809202314482732, 12.12125000000001940, -9.069809202314353058 ) ) ;
#3499 = AXIS2_PLACEMENT_3D ( 'NONE', #4659, #7293, #8032 ) ;
#3500 = FACE_OUTER_BOUND ( 'NONE', #1651, .T. ) ;
#3501 = EDGE_LOOP ( 'NONE', ( #297, #193, #1375, #1408 ) ) ;
#3502 = CARTESIAN_POINT ( 'NONE',  ( -5.312947559864528380, -1.322524263830419100, 13.43323898956136020 ) ) ;
#3503 = DIRECTION ( 'NONE',  ( 0.000000000000000000, 0.7071067811865512365, 0.7071067811865439090 ) ) ;
#3504 = CALENDAR_DATE ( 2025, 13, 3 ) ;
#3505 = AXIS2_PLACEMENT_3D ( 'NONE', #4618, #1377, #5369 ) ;
#3506 = CIRCLE ( 'NONE', #8394, 1.969532683894253289 ) ;
#3507 = ORIENTED_EDGE ( 'NONE', *, *, #676, .F. ) ;
#3508 = ORIENTED_EDGE ( 'NONE', *, *, #846, .T. ) ;
#3509 = AXIS2_PLACEMENT_3D ( 'NONE', #3431, #2821, #6810 ) ;
#3510 = CARTESIAN_POINT ( 'NONE',  ( -8.980256121069194464, 12.19436978464833921, -8.980256121069066566 ) ) ;
#3511 = CARTESIAN_POINT ( 'NONE',  ( 10.63325712465975492, 11.67507647882132282, -6.930492846439890720 ) ) ;
#3512 = LINE ( 'NONE', #6061, #4420 ) ;
#3513 = FACE_OUTER_BOUND ( 'NONE', #8000, .T. ) ;
#3514 = CARTESIAN_POINT ( 'NONE',  ( -5.312971222579573549, 19.66187500000000554, -12.82664718204931376 ) ) ;
#3515 = EDGE_LOOP ( 'NONE', ( #7244, #3392 ) ) ;
#3516 = FACE_OUTER_BOUND ( 'NONE', #6080, .T. ) ;
#3517 = CARTESIAN_POINT ( 'NONE',  ( 13.79999999999999716, 0.000000000000000000, 0.000000000000000000 ) ) ;
#3518 = AXIS2_PLACEMENT_3D ( 'NONE', #8286, #1625, #916 ) ;
#3519 = ORIENTED_EDGE ( 'NONE', *, *, #7350, .T. ) ;
#3520 = ORIENTED_EDGE ( 'NONE', *, *, #5810, .F. ) ;
#3521 = DIRECTION ( 'NONE',  ( -0.000000000000000000, -1.000000000000000000, -0.000000000000000000 ) ) ;
#3522 = CARTESIAN_POINT ( 'NONE',  ( 0.000000000000000000, 1.053196247266723891E-15, -8.600000000000001421 ) ) ;
#3523 = ORIENTED_EDGE ( 'NONE', *, *, #5661, .F. ) ;
#3524 = DIRECTION ( 'NONE',  ( 0.000000000000000000, -1.000000000000000000, 0.000000000000000000 ) ) ;
#3525 = CC_DESIGN_APPROVAL ( #4764, ( #6304 ) ) ;
#3526 = CARTESIAN_POINT ( 'NONE',  ( 43.60000000000000142, 0.000000000000000000, 0.000000000000000000 ) ) ;
#3527 = ADVANCED_FACE ( 'NONE', ( #5638, #1122 ), #6437, .F. ) ;
#3528 = CIRCLE ( 'NONE', #8415, 7.060900368822720985 ) ;
#3529 = ADVANCED_FACE ( 'NONE', ( #382 ), #6161, .T. ) ;
#3530 = COORDINATED_UNIVERSAL_TIME_OFFSET ( 8, 0, .AHEAD. ) ;
#3532 = ORIENTED_EDGE ( 'NONE', *, *, #2543, .F. ) ;
#3531 = CC_DESIGN_APPROVAL ( #6591, ( #1428 ) ) ;
#3533 = DIRECTION ( 'NONE',  ( 8.659560562354888485E-17, 0.7071067811865512365, -0.7071067811865439090 ) ) ;
#3534 = ADVANCED_FACE ( 'NONE', ( #4331 ), #4421, .T. ) ;
#3535 = CIRCLE ( 'NONE', #7872, 2.475000000000000089 ) ;
#3536 = CARTESIAN_POINT ( 'NONE',  ( 43.59999999999999432, 0.000000000000000000, 0.000000000000000000 ) ) ;
#3537 = ORIENTED_EDGE ( 'NONE', *, *, #1101, .F. ) ;
#3538 = DIRECTION ( 'NONE',  ( -9.800697604388738773E-17, 1.000000000000000000, -0.000000000000000000 ) ) ;
#3539 = CYLINDRICAL_SURFACE ( 'NONE', #5065, 2.500000000000000444 ) ;
#3540 = CARTESIAN_POINT ( 'NONE',  ( 11.89999999999994529, 11.18937500000001961, -4.929141392239962727 ) ) ;
#3541 = DIRECTION ( 'NONE',  ( -8.775090700452169195E-16, -1.000000000000000000, -0.000000000000000000 ) ) ;
#3542 = CARTESIAN_POINT ( 'NONE',  ( 12.82664718204939192, 14.10562500000001407, 5.312971222579391473 ) ) ;
#3543 = ADVANCED_FACE ( 'NONE', ( #5811 ), #8402, .T. ) ;
#3544 = CARTESIAN_POINT ( 'NONE',  ( -9.000000000000001776, -11.19999999999999929, 11.49999999999999822 ) ) ;
#3545 = ORIENTED_EDGE ( 'NONE', *, *, #741, .T. ) ;
#3546 = CARTESIAN_POINT ( 'NONE',  ( -11.67013411036705683, -1.770462177252744240, 9.762915623340052917 ) ) ;
#3547 = CARTESIAN_POINT ( 'NONE',  ( 39.70000000000000284, -5.499261314031186565, 9.525000000000002132 ) ) ;
#3548 = DATE_TIME_ROLE ( 'classification_date' ) ;
#3549 = AXIS2_PLACEMENT_3D ( 'NONE', #650, #2680, #6661 ) ;
#3550 = EDGE_LOOP ( 'NONE', ( #1953, #6949, #1231, #6021 ) ) ;
#3551 = CARTESIAN_POINT ( 'NONE',  ( -5.260512242138384309, 12.11499478464833857, -12.69999999999993179 ) ) ;
#3552 = CARTESIAN_POINT ( 'NONE',  ( 0.000000000000000000, 8.248891971046782956, 4.762500000000000178 ) ) ;
#3553 = FACE_OUTER_BOUND ( 'NONE', #304, .T. ) ;
#3554 = FACE_BOUND ( 'NONE', #4078, .T. ) ;
#3555 = CARTESIAN_POINT ( 'NONE',  ( 12.82664718204935106, 17.99500000000000810, -9.113880979362924452E-14 ) ) ;
#3556 = ORIENTED_EDGE ( 'NONE', *, *, #4720, .T. ) ;
#3557 = CARTESIAN_POINT ( 'NONE',  ( -12.69999999999996909, 14.89311978464833253, 8.868362600661534741E-14 ) ) ;
#3558 = CONICAL_SURFACE ( 'NONE', #8175, 12.69999999999998863, 0.7853981633974418397 ) ;
#3559 = ADVANCED_FACE ( 'NONE', ( #7676 ), #5333, .F. ) ;
#3560 = CARTESIAN_POINT ( 'NONE',  ( -8.980256121069192687, 14.58813021535169518, -8.980256121069064790 ) ) ;
#3561 = ORIENTED_EDGE ( 'NONE', *, *, #6828, .T. ) ;
#3562 = ORIENTED_EDGE ( 'NONE', *, *, #2040, .F. ) ;
#3563 = DIRECTION ( 'NONE',  ( 0.000000000000000000, -1.000000000000000000, 0.000000000000000000 ) ) ;
#3564 = DIRECTION ( 'NONE',  ( -1.000000000000000000, 0.000000000000000000, 0.000000000000000000 ) ) ;
#3565 = EDGE_LOOP ( 'NONE', ( #66, #6253, #4041, #8427 ) ) ;
#3566 = CARTESIAN_POINT ( 'NONE',  ( 4.727964354120389956, -10.54025085189310929, 0.7937500000000046185 ) ) ;
#3567 = FACE_OUTER_BOUND ( 'NONE', #1172, .T. ) ;
#3568 = CIRCLE ( 'NONE', #3283, 14.70352761804100616 ) ;
#3569 = COORDINATED_UNIVERSAL_TIME_OFFSET ( 8, 0, .AHEAD. ) ;
#3570 = CIRCLE ( 'NONE', #7778, 14.00000000000000000 ) ;
#3571 = ORIENTED_EDGE ( 'NONE', *, *, #6575, .F. ) ;
#3572 = CARTESIAN_POINT ( 'NONE',  ( -7.231979454295667686, 17.58106128238052079, -9.733920616649331947 ) ) ;
#3573 = EDGE_CURVE ( 'NONE', #6807, #5409, #7520, .T. ) ;
#3574 =( BOUNDED_CURVE ( )  B_SPLINE_CURVE ( 2, ( #6380, #4531, #6421 ),
 .UNSPECIFIED., .F., .T. ) 
 B_SPLINE_CURVE_WITH_KNOTS ( ( 3, 3 ),
 ( 0.8124999999999998890, 0.8143806212009597756 ),
 .UNSPECIFIED. ) 
 CURVE ( )  GEOMETRIC_REPRESENTATION_ITEM ( )  RATIONAL_B_SPLINE_CURVE ( ( 1.000000000000000444, 0.9908381590408807948, 0.9838817519822464774 ) ) 
 REPRESENTATION_ITEM ( '' )  );
#3575 = EDGE_LOOP ( 'NONE', ( #2461, #3320, #4813, #1879 ) ) ;
#3576 = DIRECTION ( 'NONE',  ( -0.000000000000000000, -1.000000000000000000, -0.000000000000000000 ) ) ;
#3577 = CONICAL_SURFACE ( 'NONE', #7918, 12.69999999999998863, 0.7853981633974418397 ) ;
#3578 = DIRECTION ( 'NONE',  ( 0.000000000000000000, -1.000000000000000000, 0.000000000000000000 ) ) ;
#3579 = TOROIDAL_SURFACE ( 'NONE', #8475, 20.24999999999999645, 1.500000000000001332 ) ;
#3580 = CARTESIAN_POINT ( 'NONE',  ( 1.815700259159326979, 0.9157423076839077414, 0.9846728756826436113 ) ) ;
#3581 = AXIS2_PLACEMENT_3D ( 'NONE', #6183, #4087, #6229 ) ;
#3582 = EDGE_CURVE ( 'NONE', #801, #6025, #2384, .T. ) ;
#3583 = CARTESIAN_POINT ( 'NONE',  ( -7.726057123094974125E-14, 13.76750000000001606, -11.89999999999999858 ) ) ;
#3584 = CARTESIAN_POINT ( 'NONE',  ( 4.929141392239747788, 15.15812500000001251, -11.90000000000003233 ) ) ;
#3585 = DIRECTION ( 'NONE',  ( 0.000000000000000000, 0.000000000000000000, 1.000000000000000000 ) ) ;
#3586 = EDGE_LOOP ( 'NONE', ( #2281, #2774, #1198 ) ) ;
#3587 = CARTESIAN_POINT ( 'NONE',  ( 1.151658749357196449E-13, 15.87250000000001116, 11.89999999999999858 ) ) ;
#3588 = ADVANCED_FACE ( 'NONE', ( #6002 ), #1258, .F. ) ;
#3589 = DIRECTION ( 'NONE',  ( -1.000000000000000000, -0.000000000000000000, -0.000000000000000000 ) ) ;
#3590 = AXIS2_PLACEMENT_3D ( 'NONE', #7450, #3541, #5469 ) ;
#3591 = AXIS2_PLACEMENT_3D ( 'NONE', #6784, #849, #7575 ) ;
#3592 = DIRECTION ( 'NONE',  ( 1.000000000000000000, 0.000000000000000000, -1.224646799147353207E-16 ) ) ;
#3593 = CARTESIAN_POINT ( 'NONE',  ( 4.999999999999997335, 8.707163747216046801, 3.968750000000000888 ) ) ;
#3594 = CARTESIAN_POINT ( 'NONE',  ( 0.000000000000000000, 0.000000000000000000, -9.524999999999996803 ) ) ;
#3595 = FACE_OUTER_BOUND ( 'NONE', #6494, .T. ) ;
#3596 = ADVANCED_FACE ( 'NONE', ( #6611, #7233 ), #8675, .T. ) ;
#3597 = CC_DESIGN_DATE_AND_TIME_ASSIGNMENT ( #3376, #39, ( #3244 ) ) ;
#3598 = CARTESIAN_POINT ( 'NONE',  ( 5.312971222579394137, 18.23312500000000469, -12.82664718204939014 ) ) ;
#3599 = EDGE_LOOP ( 'NONE', ( #7007, #4153 ) ) ;
#3600 = DIRECTION ( 'NONE',  ( 1.000000000000000000, -8.746504920891471725E-16, 0.000000000000000000 ) ) ;
#3601 = CARTESIAN_POINT ( 'NONE',  ( 12.94999999999999218, -10.69999999999999041, 13.44999999999999929 ) ) ;
#3602 = FACE_OUTER_BOUND ( 'NONE', #1563, .T. ) ;
#3603 = ORIENTED_EDGE ( 'NONE', *, *, #6474, .T. ) ;
#3604 = ORIENTED_EDGE ( 'NONE', *, *, #190, .F. ) ;
#3605 = CYLINDRICAL_SURFACE ( 'NONE', #7701, 2.475000000000000089 ) ;
#3606 = LINE ( 'NONE', #5496, #6067 ) ;
#3607 = VERTEX_POINT ( 'NONE', #2011 ) ;
#3608 = CARTESIAN_POINT ( 'NONE',  ( -6.999999999999999112, 0.000000000000000000, 0.000000000000000000 ) ) ;
#3609 = CARTESIAN_POINT ( 'NONE',  ( -12.70000000000004903, 16.08374478464832791, -5.260512242138164041 ) ) ;
#3610 = CALENDAR_DATE ( 2025, 13, 3 ) ;
#3611 = CONICAL_SURFACE ( 'NONE', #5704, 8.252653961416930528, 0.1745329251994354181 ) ;
#3612 = ORIENTED_EDGE ( 'NONE', *, *, #3349, .F. ) ;
#3613 = EDGE_CURVE ( 'NONE', #3928, #363, #1681, .T. ) ;
#3614 = CARTESIAN_POINT ( 'NONE',  ( 4.827306843896885802, 3.670961952045459942, -9.524999999999998579 ) ) ;
#3615 = VECTOR ( 'NONE', #2662, 1000.000000000000114 ) ;
#3616 = EDGE_LOOP ( 'NONE', ( #7185, #7810, #473, #3180 ) ) ;
#3617 = FACE_OUTER_BOUND ( 'NONE', #2666, .T. ) ;
#3618 = AXIS2_PLACEMENT_3D ( 'NONE', #7165, #3791, #448 ) ;
#3619 = CARTESIAN_POINT ( 'NONE',  ( 41.00000000000000000, 0.000000000000000000, 0.000000000000000000 ) ) ;
#3620 = CARTESIAN_POINT ( 'NONE',  ( -2.526108108581547551, 11.13394420135231400, -11.88768826980918725 ) ) ;
#3621 =( BOUNDED_CURVE ( )  B_SPLINE_CURVE ( 2, ( #5753, #2428, #1240, #6502, #1856, #5102, #3921, #4403, #6592 ),
 .UNSPECIFIED., .F., .T. ) 
 B_SPLINE_CURVE_WITH_KNOTS ( ( 3, 2, 2, 2, 3 ),
 ( 0.5312500000000000000, 0.5468750000000000000, 0.5625000000000000000, 0.5781250000000001110, 0.5937500000000001110 ),
 .UNSPECIFIED. ) 
 CURVE ( )  GEOMETRIC_REPRESENTATION_ITEM ( )  RATIONAL_B_SPLINE_CURVE ( ( 1.000000000000000000, 0.9238795325112867385, 1.000000000000000000, 0.9238795325112867385, 1.000000000000000000, 0.9238795325112867385, 1.000000000000000000, 0.9238795325112861834, 1.000000000000000444 ) ) 
 REPRESENTATION_ITEM ( '' )  );
#3622 = CARTESIAN_POINT ( 'NONE',  ( -8.414570696119854532, 15.71375000000001165, 8.414570696119975324 ) ) ;
#3623 = EDGE_CURVE ( 'NONE', #2895, #632, #2673, .T. ) ;
#3624 = DIRECTION ( 'NONE',  ( 0.000000000000000000, 0.000000000000000000, 1.000000000000000000 ) ) ;
#3625 = ORIENTED_EDGE ( 'NONE', *, *, #2458, .T. ) ;
#3626 = CARTESIAN_POINT ( 'NONE',  ( 1.544415963279582930E-14, 17.60000000000001208, 0.000000000000000000 ) ) ;
#3627 = CARTESIAN_POINT ( 'NONE',  ( 0.3220053412525835101, 17.78255371790913841, -11.94286377823122791 ) ) ;
#3628 = APPROVAL_DATE_TIME ( #285, #4503 ) ;
#3629 = EDGE_CURVE ( 'NONE', #7370, #1554, #5343, .T. ) ;
#3630 = CARTESIAN_POINT ( 'NONE',  ( 12.69999999999999929, 11.70000000000000817, 1.555301434917137249E-15 ) ) ;
#3631 = AXIS2_PLACEMENT_3D ( 'NONE', #7136, #1702, #7045 ) ;
#3632 = CARTESIAN_POINT ( 'NONE',  ( -8.980256121069192687, 12.04813021535169959, -8.980256121069064790 ) ) ;
#3633 = CARTESIAN_POINT ( 'NONE',  ( -9.224188795599326748E-16, -0.9122839195842793458, -9.524999999999996803 ) ) ;
#3634 = DIRECTION ( 'NONE',  ( 0.000000000000000000, 0.000000000000000000, -1.000000000000000000 ) ) ;
#3635 = CARTESIAN_POINT ( 'NONE',  ( -12.82664718204931198, 16.16937500000001293, 5.312971222579581543 ) ) ;
#3636 = CIRCLE ( 'NONE', #2516, 0.5000000000000000000 ) ;
#3637 = VERTEX_POINT ( 'NONE', #594 ) ;
#3638 = CARTESIAN_POINT ( 'NONE',  ( -11.90000000000004476, 16.54562500000000824, -4.929141392239722030 ) ) ;
#3639 = CARTESIAN_POINT ( 'NONE',  ( 13.44999999999999929, 0.000000000000000000, 0.000000000000000000 ) ) ;
#3640 = APPLICATION_PROTOCOL_DEFINITION ( 'international standard', 'config_control_design', 1994, #1499 ) ;
#3641 = AXIS2_PLACEMENT_3D ( 'NONE', #2024, #5361, #609 ) ;
#3642 = ORIENTED_EDGE ( 'NONE', *, *, #8553, .F. ) ;
#3643 = VERTEX_POINT ( 'NONE', #8019 ) ;
#3644 = DIRECTION ( 'NONE',  ( -1.000000000000000000, -0.000000000000000000, -0.000000000000000000 ) ) ;
#3645 = CARTESIAN_POINT ( 'NONE',  ( 3.513634653869319280, -1.581081314057898535, -14.47207278019405052 ) ) ;
#3646 = CARTESIAN_POINT ( 'NONE',  ( -1.760683524457445692, 2.045608360317480834, -1.085869445519547449 ) ) ;
#3647 = ORIENTED_EDGE ( 'NONE', *, *, #2433, .T. ) ;
#3648 = DIRECTION ( 'NONE',  ( 0.000000000000000000, 0.000000000000000000, 1.000000000000000000 ) ) ;
#3649 = LINE ( 'NONE', #1510, #2454 ) ;
#3650 = EDGE_CURVE ( 'NONE', #8052, #8312, #6701, .T. ) ;
#3651 = ORIENTED_EDGE ( 'NONE', *, *, #6854, .F. ) ;
#3652 = PERSON_AND_ORGANIZATION ( #129, #430 ) ;
#3653 = AXIS2_PLACEMENT_3D ( 'NONE', #1151, #578, #3308 ) ;
#3654 = B_SPLINE_CURVE_WITH_KNOTS ( 'NONE', 3,
 ( #152, #6826, #2345, #2841 ),
 .UNSPECIFIED., .F., .F.,
 ( 4, 4 ),
 ( 0.01118968547759082235, 0.01669505163429731501 ),
 .UNSPECIFIED. ) ;
#3655 = VERTEX_POINT ( 'NONE', #4550 ) ;
#3656 = CARTESIAN_POINT ( 'NONE',  ( 1.151658749357196449E-13, 15.67250000000001364, 11.89999999999999858 ) ) ;
#3657 = LOCAL_TIME ( 22, 24, 23.00000000000000000, #5376 ) ;
#3658 = TOROIDAL_SURFACE ( 'NONE', #8144, 7.060900368822720985, 0.9999999999999991118 ) ;
#3659 = ORIENTED_EDGE ( 'NONE', *, *, #5860, .T. ) ;
#3660 = CARTESIAN_POINT ( 'NONE',  ( 12.12368332891052525, 17.57631667109025386, 0.8109750036845745358 ) ) ;
#3661 = CC_DESIGN_SECURITY_CLASSIFICATION ( #3244, ( #1282 ) ) ;
#3662 = VECTOR ( 'NONE', #1867, 1000.000000000000000 ) ;
#3663 = CARTESIAN_POINT ( 'NONE',  ( 11.89999999999999858, 11.11000000000001897, -1.472344940069727538E-13 ) ) ;
#3664 = ORIENTED_EDGE ( 'NONE', *, *, #1600, .F. ) ;
#3665 = CARTESIAN_POINT ( 'NONE',  ( -0.9570836862646585619, 11.11735395637022705, -12.08599220643363203 ) ) ;
#3666 = CARTESIAN_POINT ( 'NONE',  ( 11.89999999999999858, 16.19000000000000838, -8.455458555545188678E-14 ) ) ;
#3667 = ORIENTED_EDGE ( 'NONE', *, *, #1958, .F. ) ;
#3668 = DIRECTION ( 'NONE',  ( 0.000000000000000000, 1.000000000000000000, 0.000000000000000000 ) ) ;
#3669 = VERTEX_POINT ( 'NONE', #5302 ) ;
#3670 = CARTESIAN_POINT ( 'NONE',  ( -0.5200582862301683651, 17.79095342841979388, -11.92810383655638873 ) ) ;
#3671 = CIRCLE ( 'NONE', #5906, 3.399999999999999911 ) ;
#3672 = DIRECTION ( 'NONE',  ( 0.000000000000000000, 0.000000000000000000, -1.000000000000000000 ) ) ;
#3673 = AXIS2_PLACEMENT_3D ( 'NONE', #7207, #1852, #8474 ) ;
#3674 = CARTESIAN_POINT ( 'NONE',  ( 5.260512242138204897, 11.81000521535170122, -12.70000000000000284 ) ) ;
#3675 = EDGE_CURVE ( 'NONE', #6542, #3422, #4689, .T. ) ;
#3676 = DIRECTION ( 'NONE',  ( 1.000000000000000000, 0.000000000000000000, 0.000000000000000000 ) ) ;
#3677 = DIRECTION ( 'NONE',  ( 0.000000000000000000, 0.000000000000000000, 1.000000000000000000 ) ) ;
#3678 = CARTESIAN_POINT ( 'NONE',  ( 12.82664718204935106, 16.72500000000001208, -9.113880979362924452E-14 ) ) ;
#3679 = ORIENTED_EDGE ( 'NONE', *, *, #5415, .F. ) ;
#3680 = DIRECTION ( 'NONE',  ( 1.000000000000000000, 0.000000000000000000, 0.000000000000000000 ) ) ;
#3681 = EDGE_CURVE ( 'NONE', #3727, #4227, #2811, .T. ) ;
#3682 = CARTESIAN_POINT ( 'NONE',  ( -13.44999999999999929, 8.900000000000016342, 12.94999999999999218 ) ) ;
#3683 = PERSON_AND_ORGANIZATION_ROLE ( 'design_owner' ) ;
#3684 = AXIS2_PLACEMENT_3D ( 'NONE', #3329, #2016, #2191 ) ;
#3685 = VERTEX_POINT ( 'NONE', #1869 ) ;
#3686 = ORIENTED_EDGE ( 'NONE', *, *, #4121, .F. ) ;
#3687 = CARTESIAN_POINT ( 'NONE',  ( 8.414570696119838544, 13.60875000000001478, -8.414570696119993087 ) ) ;
#3688 = DIRECTION ( 'NONE',  ( -0.000000000000000000, -1.000000000000000000, -0.000000000000000000 ) ) ;
#3689 = CIRCLE ( 'NONE', #7850, 2.500000000000000444 ) ;
#3690 = CARTESIAN_POINT ( 'NONE',  ( -8.017523061292044283E-14, 12.49750000000001648, -11.89999999999999858 ) ) ;
#3691 = DIRECTION ( 'NONE',  ( -0.7071067811865475727, 0.000000000000000000, -0.7071067811865475727 ) ) ;
#3692 = CARTESIAN_POINT ( 'NONE',  ( -11.90000000000003233, 20.35562500000000341, -4.929141392239748676 ) ) ;
#3693 = EDGE_LOOP ( 'NONE', ( #7305, #3032, #2078, #8350 ) ) ;
#3694 = CARTESIAN_POINT ( 'NONE',  ( 1.714505518806294638E-15, -16.49876305844211544, -14.00000000000000000 ) ) ;
#3695 = CARTESIAN_POINT ( 'NONE',  ( 0.03610103003384609877, -7.332348418708248161, -6.349999999999998757 ) ) ;
#3696 = PERSON_AND_ORGANIZATION ( #129, #430 ) ;
#3697 = ORIENTED_EDGE ( 'NONE', *, *, #3613, .T. ) ;
#3698 = CARTESIAN_POINT ( 'NONE',  ( -1.411258918926618933E-16, -17.69999999999999929, 16.50067069343950976 ) ) ;
#3699 = PLANE ( 'NONE',  #5502 ) ;
#3700 = AXIS2_PLACEMENT_3D ( 'NONE', #2231, #7586, #7084 ) ;
#3701 = EDGE_CURVE ( 'NONE', #4354, #363, #3236, .T. ) ;
#3702 = ORIENTED_EDGE ( 'NONE', *, *, #6536, .T. ) ;
#3703 = PLANE ( 'NONE',  #5089 ) ;
#3704 =( NAMED_UNIT ( * ) PLANE_ANGLE_UNIT ( ) SI_UNIT ( $, .RADIAN. ) );
#3705 = VECTOR ( 'NONE', #474, 1000.000000000000000 ) ;
#3706 = EDGE_CURVE ( 'NONE', #2660, #8362, #8434, .T. ) ;
#3707 = DIRECTION ( 'NONE',  ( -0.000000000000000000, -1.000000000000000000, -0.000000000000000000 ) ) ;
#3708 = CIRCLE ( 'NONE', #7777, 3.200000000000000178 ) ;
#3709 = FACE_OUTER_BOUND ( 'NONE', #7175, .T. ) ;
#3710 = AXIS2_PLACEMENT_3D ( 'NONE', #8081, #7386, #7904 ) ;
#3711 = CARTESIAN_POINT ( 'NONE',  ( 4.929141392239922759, 18.49187500000000384, 11.89999999999996305 ) ) ;
#3712 = DIRECTION ( 'NONE',  ( -1.000000000000000000, -9.800697604388738773E-17, 0.000000000000000000 ) ) ;
#3713 = EDGE_LOOP ( 'NONE', ( #3386, #6378, #2623, #5234 ) ) ;
#3714 = CARTESIAN_POINT ( 'NONE',  ( -8.414570696119840321, 15.71375000000001165, 8.414570696119989535 ) ) ;
#3715 = CARTESIAN_POINT ( 'NONE',  ( 8.339098468028412370, 17.68734031407016616, -8.656764369349092547 ) ) ;
#3716 = CIRCLE ( 'NONE', #5408, 6.349999999999997868 ) ;
#3717 = ORIENTED_EDGE ( 'NONE', *, *, #1111, .F. ) ;
#3718 = VECTOR ( 'NONE', #2971, 1000.000000000000000 ) ;
#3719 = EDGE_CURVE ( 'NONE', #7779, #7340, #4897, .T. ) ;
#3720 = CARTESIAN_POINT ( 'NONE',  ( -15.22582127265071783, 30.49999999999999645, -7.561373325877829288 ) ) ;
#3721 = ADVANCED_FACE ( 'NONE', ( #5951 ), #2631, .T. ) ;
#3722 = CIRCLE ( 'NONE', #1060, 8.045708121834929116 ) ;
#3723 = CARTESIAN_POINT ( 'NONE',  ( 12.69999999999996732, 14.11188021535169490, -9.023892744153245350E-14 ) ) ;
#3724 = DIRECTION ( 'NONE',  ( -1.000000000000000000, -0.000000000000000000, -0.000000000000000000 ) ) ;
#3725 = CARTESIAN_POINT ( 'NONE',  ( -12.56412585201708865, -15.69047268157664021, -9.246769250645099802 ) ) ;
#3726 = CARTESIAN_POINT ( 'NONE',  ( 9.069809202314353058, 13.07375000000001819, -9.069809202314482732 ) ) ;
#3727 = VERTEX_POINT ( 'NONE', #5387 ) ;
#3728 = CARTESIAN_POINT ( 'NONE',  ( 33.49999999999999289, 0.000000000000000000, 3.575000000000001510 ) ) ;
#3729 = AXIS2_PLACEMENT_3D ( 'NONE', #3190, #5950, #5251 ) ;
#3730 = CARTESIAN_POINT ( 'NONE',  ( 1.122512155537489559E-13, 17.14250000000000895, 11.89999999999999858 ) ) ;
#3731 = AXIS2_PLACEMENT_3D ( 'NONE', #1758, #5051, #7019 ) ;
#3732 = COORDINATED_UNIVERSAL_TIME_OFFSET ( 8, 0, .AHEAD. ) ;
#3733 = EDGE_CURVE ( 'NONE', #801, #1049, #4506, .T. ) ;
#3734 = ORIENTED_EDGE ( 'NONE', *, *, #6179, .T. ) ;
#3735 = DIRECTION ( 'NONE',  ( -1.000000000000000000, -0.000000000000000000, -0.000000000000000000 ) ) ;
#3736 = CARTESIAN_POINT ( 'NONE',  ( -1.928700779538299992, 2.192405920891417725, 0.7082212400555906173 ) ) ;
#3737 = VECTOR ( 'NONE', #2112, 1000.000000000000114 ) ;
#3738 = DIRECTION ( 'NONE',  ( 0.000000000000000000, 0.7071067811865487940, -0.7071067811865463515 ) ) ;
#3739 = CARTESIAN_POINT ( 'NONE',  ( 4.605170801781708789, 5.499261314031190118, 9.525000000000002132 ) ) ;
#3740 = CARTESIAN_POINT ( 'NONE',  ( 0.000000000000000000, 0.000000000000000000, -20.24999999999999645 ) ) ;
#3741 = ORIENTED_EDGE ( 'NONE', *, *, #5989, .T. ) ;
#3742 = CARTESIAN_POINT ( 'NONE',  ( 46.70000000000001705, 0.000000000000000000, 0.000000000000000000 ) ) ;
#3743 = CYLINDRICAL_SURFACE ( 'NONE', #7267, 12.69999999999998508 ) ;
#3744 = ADVANCED_FACE ( 'NONE', ( #6086 ), #970, .T. ) ;
#3745 = ADVANCED_FACE ( 'NONE', ( #2765 ), #3925, .F. ) ;
#3746 = ORIENTED_EDGE ( 'NONE', *, *, #4243, .F. ) ;
#3747 = DIRECTION ( 'NONE',  ( 0.000000000000000000, -0.5000000000000002220, -0.8660254037844385966 ) ) ;
#3748 = EDGE_CURVE ( 'NONE', #8542, #7191, #7410, .T. ) ;
#3749 = ORIENTED_EDGE ( 'NONE', *, *, #3706, .T. ) ;
#3750 = PLANE ( 'NONE',  #8445 ) ;
#3751 = AXIS2_PLACEMENT_3D ( 'NONE', #2665, #5196, #5336 ) ;
#3752 = EDGE_CURVE ( 'NONE', #1975, #1179, #654, .T. ) ;
#3753 = CC_DESIGN_DATE_AND_TIME_ASSIGNMENT ( #8637, #2638, ( #23 ) ) ;
#3754 = CARTESIAN_POINT ( 'NONE',  ( 5.000000000000000000, 0.000000000000000000, 9.525000000000002132 ) ) ;
#3755 = CARTESIAN_POINT ( 'NONE',  ( -9.280693838097073822, 11.21742117555771223, -7.985049852404205950 ) ) ;
#3756 = VECTOR ( 'NONE', #3533, 999.9999999999998863 ) ;
#3757 = AXIS2_PLACEMENT_3D ( 'NONE', #5225, #401, #5830 ) ;
#3758 = B_SPLINE_CURVE_WITH_KNOTS ( 'NONE', 3,
 ( #3781, #3169, #5790, #8508, #483, #8466, #1058, #6453, #7109, #1844, #313, #1763 ),
 .UNSPECIFIED., .F., .F.,
 ( 4, 2, 2, 2, 2, 4 ),
 ( 2.344180752202710329E-07, 0.003137532069197812579, 0.006274829720320404883, 0.007843478545881701902, 0.009412127371442997187, 0.01254942502256559470 ),
 .UNSPECIFIED. ) ;
#3759 = CARTESIAN_POINT ( 'NONE',  ( 9.000000000000001776, -1.199999999999999734, -6.500000000000000888 ) ) ;
#3760 = ORIENTED_EDGE ( 'NONE', *, *, #5834, .T. ) ;
#3761 = CARTESIAN_POINT ( 'NONE',  ( 4.929141392239755781, 16.42812500000000853, -11.90000000000002345 ) ) ;
#3762 = EDGE_CURVE ( 'NONE', #1945, #4743, #4773, .T. ) ;
#3763 = CARTESIAN_POINT ( 'NONE',  ( -5.260512242138209338, 13.86124478464833487, 12.70000000000000284 ) ) ;
#3764 = CARTESIAN_POINT ( 'NONE',  ( -4.929141392239898778, 17.65687500000001009, -11.89999999999998970 ) ) ;
#3765 = DIRECTION ( 'NONE',  ( 0.000000000000000000, 0.5000000000000001110, 0.8660254037844385966 ) ) ;
#3766 = CARTESIAN_POINT ( 'NONE',  ( 5.312971222579394137, 20.77312500000000384, -12.82664718204939014 ) ) ;
#3767 = CYLINDRICAL_SURFACE ( 'NONE', #4150, 2.050000000000001155 ) ;
#3768 = CARTESIAN_POINT ( 'NONE',  ( -9.035340417286478833E-14, 17.04250000000000753, -12.82664718204935106 ) ) ;
#3769 = EDGE_LOOP ( 'NONE', ( #6227, #2101, #5439, #7983 ) ) ;
#3770 = CARTESIAN_POINT ( 'NONE',  ( 12.39686533479527064, 11.39686533479527064, -1.377380915777456371E-11 ) ) ;
#3771 = CYLINDRICAL_SURFACE ( 'NONE', #1284, 15.00000000000000000 ) ;
#3772 = PERSON_AND_ORGANIZATION ( #129, #430 ) ;
#3773 = ORIENTED_EDGE ( 'NONE', *, *, #676, .T. ) ;
#3774 = VERTEX_POINT ( 'NONE', #7899 ) ;
#3775 = DIRECTION ( 'NONE',  ( -8.775090700452169195E-16, -1.000000000000000000, -0.000000000000000000 ) ) ;
#3776 = CARTESIAN_POINT ( 'NONE',  ( -14.29000000000000092, -1.320277023254817328, 2.095091730328461743 ) ) ;
#3777 = CARTESIAN_POINT ( 'NONE',  ( -10.77714884215847313, 11.37525654436630873, 6.095885231848479968 ) ) ;
#3778 = CARTESIAN_POINT ( 'NONE',  ( -9.089383748565030174, 17.08324529460747954, -8.781376905746245853 ) ) ;
#3779 = DIRECTION ( 'NONE',  ( 0.000000000000000000, 0.000000000000000000, 1.000000000000000000 ) ) ;
#3780 = ORIENTED_EDGE ( 'NONE', *, *, #4344, .F. ) ;
#3781 = CARTESIAN_POINT ( 'NONE',  ( 12.56412585201709931, -15.69047268157663666, -9.246769250645094473 ) ) ;
#3782 = LINE ( 'NONE', #1718, #2648 ) ;
#3783 = EDGE_CURVE ( 'NONE', #6862, #7085, #7821, .T. ) ;
#3784 = CIRCLE ( 'NONE', #6863, 2.899999999999992806 ) ;
#3785 = CIRCLE ( 'NONE', #4768, 3.175000000000006484 ) ;
#3786 = ORIENTED_EDGE ( 'NONE', *, *, #8207, .T. ) ;
#3787 = CARTESIAN_POINT ( 'NONE',  ( 0.1723282451885985445, 10.08197907572384189, -1.587499999999999245 ) ) ;
#3788 = EDGE_CURVE ( 'NONE', #6446, #6499, #5742, .T. ) ;
#3789 = LINE ( 'NONE', #2564, #447 ) ;
#3790 = EDGE_CURVE ( 'NONE', #1379, #1092, #6581, .T. ) ;
#3791 = DIRECTION ( 'NONE',  ( 8.775090700452169195E-16, 1.000000000000000000, 0.000000000000000000 ) ) ;
#3792 = CARTESIAN_POINT ( 'NONE',  ( 0.000000000000000000, 0.000000000000000000, 0.000000000000000000 ) ) ;
#3793 = AXIS2_PLACEMENT_3D ( 'NONE', #1298, #2661, #7167 ) ;
#3794 = EDGE_CURVE ( 'NONE', #4662, #2298, #3506, .T. ) ;
#3795 = CIRCLE ( 'NONE', #5747, 2.499999999999998668 ) ;
#3796 = CARTESIAN_POINT ( 'NONE',  ( -7.434591184897903968E-14, 15.03750000000001208, -11.89999999999999858 ) ) ;
#3797 = LINE ( 'NONE', #1247, #4290 ) ;
#3798 = CYLINDRICAL_SURFACE ( 'NONE', #8651, 14.00000000000000000 ) ;
#3799 = EDGE_LOOP ( 'NONE', ( #5695, #4443 ) ) ;
#3800 = FACE_OUTER_BOUND ( 'NONE', #2088, .T. ) ;
#3801 = CC_DESIGN_APPROVAL ( #4326, ( #2262 ) ) ;
#3802 = DIRECTION ( 'NONE',  ( -0.000000000000000000, 1.000000000000000000, -0.000000000000000000 ) ) ;
#3803 = DATE_AND_TIME ( #8275, #1288 ) ;
#3804 = LOCAL_TIME ( 22, 24, 23.00000000000000000, #5857 ) ;
#3805 = EDGE_CURVE ( 'NONE', #6876, #2033, #928, .T. ) ;
#3806 = DIRECTION ( 'NONE',  ( 0.000000000000000000, 1.000000000000000000, 0.000000000000000000 ) ) ;
#3807 = DIRECTION ( 'NONE',  ( 0.7071067811865475727, 0.7071067811865475727, 0.000000000000000000 ) ) ;
#3808 =( GEOMETRIC_REPRESENTATION_CONTEXT ( 3 ) GLOBAL_UNCERTAINTY_ASSIGNED_CONTEXT ( ( #987 ) ) GLOBAL_UNIT_ASSIGNED_CONTEXT ( ( #8225, #6787, #3001 ) ) REPRESENTATION_CONTEXT ( 'NONE', 'WORKASPACE' ) );
#3809 = CARTESIAN_POINT ( 'NONE',  ( -5.312971222579396802, 18.86812500000001336, 12.82664718204939014 ) ) ;
#3810 = CARTESIAN_POINT ( 'NONE',  ( -12.94999999999999218, -11.19999999999999751, 13.44999999999999929 ) ) ;
#3811 = CARTESIAN_POINT ( 'NONE',  ( -9.069809202314351282, 17.51875000000001137, 9.069809202314482732 ) ) ;
#3812 = EDGE_LOOP ( 'NONE', ( #4367, #929, #7070, #6739 ) ) ;
#3813 = DIRECTION ( 'NONE',  ( 9.614813431917856060E-17, -0.7071067811865487940, 0.7071067811865463515 ) ) ;
#3814 = DIRECTION ( 'NONE',  ( -0.7071067811865475727, 0.000000000000000000, 0.7071067811865475727 ) ) ;
#3815 = PERSON_AND_ORGANIZATION ( #129, #430 ) ;
#3816 = AXIS2_PLACEMENT_3D ( 'NONE', #4621, #3439, #8044 ) ;
#3817 = ORIENTED_EDGE ( 'NONE', *, *, #3042, .F. ) ;
#3818 = EDGE_LOOP ( 'NONE', ( #3913, #3483 ) ) ;
#3819 = CARTESIAN_POINT ( 'NONE',  ( -7.726057123094974125E-14, 13.76750000000001606, -11.89999999999999858 ) ) ;
#3820 = CARTESIAN_POINT ( 'NONE',  ( -14.29000000000000803, -2.009527318423362185, -6.257467538869046386 ) ) ;
#3821 = EDGE_CURVE ( 'NONE', #8382, #2640, #4630, .T. ) ;
#3822 = LINE ( 'NONE', #1840, #3223 ) ;
#3823 = PRODUCT_DEFINITION_SHAPE ( 'NONE', 'NONE',  #942 ) ;
#3824 = CARTESIAN_POINT ( 'NONE',  ( -7.403339012350683035, 17.06126000871850223, -10.25018060105412054 ) ) ;
#3825 = CARTESIAN_POINT ( 'NONE',  ( -8.414570696119854532, 19.32375000000000398, 8.414570696119975324 ) ) ;
#3826 = VERTEX_POINT ( 'NONE', #2733 ) ;
#3827 = CARTESIAN_POINT ( 'NONE',  ( 12.27635182233306921, 0.000000000000000000, 0.000000000000000000 ) ) ;
#3828 = LINE ( 'NONE', #6496, #3479 ) ;
#3829 = ORIENTED_EDGE ( 'NONE', *, *, #8306, .T. ) ;
#3830 = CONICAL_SURFACE ( 'NONE', #5917, 11.89999999999998970, 0.7853981633974341792 ) ;
#3831 = ORIENTED_EDGE ( 'NONE', *, *, #889, .T. ) ;
#3832 = CARTESIAN_POINT ( 'NONE',  ( -12.56412585201708687, -15.69047268157664021, 9.246769250645106908 ) ) ;
#3833 = FACE_OUTER_BOUND ( 'NONE', #4863, .T. ) ;
#3834 = CARTESIAN_POINT ( 'NONE',  ( 12.69999999999992824, 14.19125521535169554, -5.260512242138384309 ) ) ;
#3835 = DIRECTION ( 'NONE',  ( 1.000000000000000000, 0.000000000000000000, 0.000000000000000000 ) ) ;
#3836 = ADVANCED_FACE ( 'NONE', ( #558 ), #4745, .T. ) ;
#3837 = AXIS2_PLACEMENT_3D ( 'NONE', #6173, #6089, #6791 ) ;
#3838 = DIRECTION ( 'NONE',  ( 1.000000000000000000, -8.775090700452169195E-16, 0.000000000000000000 ) ) ;
#3839 = DIRECTION ( 'NONE',  ( 0.000000000000000000, -0.000000000000000000, 1.000000000000000000 ) ) ;
#3840 = ORIENTED_EDGE ( 'NONE', *, *, #968, .F. ) ;
#3841 = CARTESIAN_POINT ( 'NONE',  ( 1.239098530816317244E-13, 12.06250000000001776, 11.89999999999999858 ) ) ;
#3842 = FACE_OUTER_BOUND ( 'NONE', #8494, .T. ) ;
#3843 = CC_DESIGN_DATE_AND_TIME_ASSIGNMENT ( #5933, #8612, ( #942 ) ) ;
#3844 = EDGE_CURVE ( 'NONE', #7033, #444, #6247, .T. ) ;
#3845 = PLANE ( 'NONE',  #7077 ) ;
#3846 = DIRECTION ( 'NONE',  ( -1.000000000000000000, -0.000000000000000000, -0.000000000000000000 ) ) ;
#3847 = CARTESIAN_POINT ( 'NONE',  ( -5.312971222579573549, 15.85187500000001215, -12.82664718204931376 ) ) ;
#3848 = CARTESIAN_POINT ( 'NONE',  ( 1.561966144680487038E-14, 17.80000000000001137, 0.000000000000000000 ) ) ;
#3849 = ADVANCED_FACE ( 'NONE', ( #3905, #6572 ), #5912, .F. ) ;
#3850 = DIRECTION ( 'NONE',  ( 0.000000000000000000, 1.000000000000000000, 0.000000000000000000 ) ) ;
#3851 = VERTEX_POINT ( 'NONE', #4172 ) ;
#3852 = DIRECTION ( 'NONE',  ( 0.000000000000000000, 0.000000000000000000, 1.000000000000000000 ) ) ;
#3853 = CARTESIAN_POINT ( 'NONE',  ( 0.000000000000000000, 0.000000000000000000, -9.524999999999996803 ) ) ;
#3854 = MECHANICAL_CONTEXT ( 'NONE', #6031, 'mechanical' ) ;
#3855 = AXIS2_PLACEMENT_3D ( 'NONE', #8255, #6117, #2948 ) ;
#3856 = CIRCLE ( 'NONE', #1188, 8.599999999999999645 ) ;
#3857 = EDGE_LOOP ( 'NONE', ( #1544, #8005, #5995, #3780 ) ) ;
#3858 = ORIENTED_EDGE ( 'NONE', *, *, #5635, .T. ) ;
#3859 = CARTESIAN_POINT ( 'NONE',  ( -4.929141392239720254, 13.05312500000001563, 11.90000000000003055 ) ) ;
#3860 = EDGE_CURVE ( 'NONE', #5744, #6771, #7374, .T. ) ;
#3861 = CC_DESIGN_PERSON_AND_ORGANIZATION_ASSIGNMENT ( #7242, #5212, ( #720 ) ) ;
#3862 = DIRECTION ( 'NONE',  ( -8.775090700452169195E-16, -1.000000000000000000, -0.000000000000000000 ) ) ;
#3863 = DIRECTION ( 'NONE',  ( 0.000000000000000000, 0.000000000000000000, 1.000000000000000000 ) ) ;
#3864 = CARTESIAN_POINT ( 'NONE',  ( -12.20223944909608349, 17.15193262439697719, -2.949263499298245161 ) ) ;
#3865 = TOROIDAL_SURFACE ( 'NONE', #4157, 3.674999999999999822, 0.5000000000000000000 ) ;
#3866 = AXIS2_PLACEMENT_3D ( 'NONE', #4111, #5548, #7442 ) ;
#3867 = CARTESIAN_POINT ( 'NONE',  ( 39.00000000000000000, 6.750000000000003553, 0.000000000000000000 ) ) ;
#3868 = VERTEX_POINT ( 'NONE', #6886 ) ;
#3869 = CARTESIAN_POINT ( 'NONE',  ( 4.929141392239731800, 11.14812500000002160, -11.90000000000004299 ) ) ;
#3870 = CARTESIAN_POINT ( 'NONE',  ( 0.3948291982182989823, 10.99852262806237313, 1.822090932982379196E-15 ) ) ;
#3871 = ORIENTED_EDGE ( 'NONE', *, *, #2879, .F. ) ;
#3872 = ORIENTED_EDGE ( 'NONE', *, *, #1079, .F. ) ;
#3873 = CARTESIAN_POINT ( 'NONE',  ( -7.726057123094974125E-14, 13.96750000000001535, -11.89999999999999858 ) ) ;
#3874 = CARTESIAN_POINT ( 'NONE',  ( -13.44999999999999929, -10.69999999999999396, 0.000000000000000000 ) ) ;
#3875 = ORIENTED_EDGE ( 'NONE', *, *, #1931, .F. ) ;
#3876 = CARTESIAN_POINT ( 'NONE',  ( -11.90000000000003233, 15.47562500000000973, -4.929141392239748676 ) ) ;
#3877 = ORIENTED_EDGE ( 'NONE', *, *, #6844, .F. ) ;
#3878 = LINE ( 'NONE', #533, #8410 ) ;
#3879 = ORIENTED_EDGE ( 'NONE', *, *, #6159, .T. ) ;
#3880 = DIRECTION ( 'NONE',  ( -1.000000000000000000, 0.000000000000000000, 6.835110704188920400E-33 ) ) ;
#3881 = EDGE_CURVE ( 'NONE', #3637, #888, #4828, .T. ) ;
#3882 = DIRECTION ( 'NONE',  ( -1.000000000000000000, -0.000000000000000000, -0.000000000000000000 ) ) ;
#3883 = ORIENTED_EDGE ( 'NONE', *, *, #4344, .T. ) ;
#3884 = CARTESIAN_POINT ( 'NONE',  ( -8.414570696120012627, 11.38625000000001997, -8.414570696119817228 ) ) ;
#3885 = CARTESIAN_POINT ( 'NONE',  ( 7.349999999999998757, -1.247078193226541557E-15, 0.000000000000000000 ) ) ;
#3886 = ORIENTED_EDGE ( 'NONE', *, *, #7736, .T. ) ;
#3887 = CARTESIAN_POINT ( 'NONE',  ( 44.00000000000000000, 1.812477262738082086E-15, -14.59999999999999609 ) ) ;
#3888 = LINE ( 'NONE', #2581, #2405 ) ;
#3889 = PRODUCT ( 'DV1气动部分外形图', 'DV1气动部分外形图', '', ( #2791 ) ) ;
#3890 = AXIS2_PLACEMENT_3D ( 'NONE', #5334, #8134, #7314 ) ;
#3891 = FACE_OUTER_BOUND ( 'NONE', #1185, .T. ) ;
#3892 = EDGE_CURVE ( 'NONE', #1297, #5823, #2890, .T. ) ;
#3893 = CARTESIAN_POINT ( 'NONE',  ( 8.414570696119838544, 13.80875000000001407, -8.414570696119993087 ) ) ;
#3894 = CARTESIAN_POINT ( 'NONE',  ( -5.312971222579573549, 18.39187500000000242, -12.82664718204931376 ) ) ;
#3895 = CARTESIAN_POINT ( 'NONE',  ( 12.69999999999998508, -1.114436518957424246E-14, 0.000000000000000000 ) ) ;
#3896 = CARTESIAN_POINT ( 'NONE',  ( -9.035340417286478833E-14, 11.96250000000001990, -12.82664718204935106 ) ) ;
#3897 = ORIENTED_EDGE ( 'NONE', *, *, #6058, .F. ) ;
#3898 = CARTESIAN_POINT ( 'NONE',  ( 11.67190269737710295, -1.770935120663230222, 9.761894529153716249 ) ) ;
#3899 = CARTESIAN_POINT ( 'NONE',  ( 12.94999999999999218, -10.69999999999999041, -13.44999999999999929 ) ) ;
#3900 = DATE_AND_TIME ( #693, #3946 ) ;
#3901 = CIRCLE ( 'NONE', #122, 14.20000000000000107 ) ;
#3902 = EDGE_CURVE ( 'NONE', #5642, #5454, #1003, .T. ) ;
#3903 = ORIENTED_EDGE ( 'NONE', *, *, #5954, .F. ) ;
#3904 = CARTESIAN_POINT ( 'NONE',  ( 33.49999999999999289, 5.949999999999996625, 0.000000000000000000 ) ) ;
#3905 = FACE_BOUND ( 'NONE', #3074, .T. ) ;
#3906 = DIRECTION ( 'NONE',  ( 1.000000000000000000, -8.896017825522095502E-16, 0.000000000000000000 ) ) ;
#3907 = LINE ( 'NONE', #6574, #2471 ) ;
#3908 =( BOUNDED_CURVE ( )  B_SPLINE_CURVE ( 2, ( #3209, #5866, #3167, #2338, #8506, #5827, #1097, #5052, #4522 ),
 .UNSPECIFIED., .F., .T. ) 
 B_SPLINE_CURVE_WITH_KNOTS ( ( 3, 2, 2, 2, 3 ),
 ( 0.7812500000000000000, 0.7968750000000000000, 0.8125000000000000000, 0.8281250000000000000, 0.8437500000000000000 ),
 .UNSPECIFIED. ) 
 CURVE ( )  GEOMETRIC_REPRESENTATION_ITEM ( )  RATIONAL_B_SPLINE_CURVE ( ( 1.000000000000000000, 0.9238795325112867385, 1.000000000000000000, 0.9238795325112867385, 1.000000000000000000, 0.9238795325112867385, 1.000000000000000000, 0.9238795325112867385, 1.000000000000000000 ) ) 
 REPRESENTATION_ITEM ( '' )  );
#3909 = CARTESIAN_POINT ( 'NONE',  ( 8.414570696119856308, 14.87875000000001435, -8.414570696119973547 ) ) ;
#3910 = ORIENTED_EDGE ( 'NONE', *, *, #3318, .F. ) ;
#3911 = LINE ( 'NONE', #565, #3437 ) ;
#3912 = FACE_OUTER_BOUND ( 'NONE', #6765, .T. ) ;
#3913 = ORIENTED_EDGE ( 'NONE', *, *, #6466, .F. ) ;
#3914 = CARTESIAN_POINT ( 'NONE',  ( -4.929141392239895225, 12.77687500000001641, -11.89999999999997371 ) ) ;
#3915 = ADVANCED_FACE ( 'NONE', ( #7592 ), #3865, .F. ) ;
#3916 = CIRCLE ( 'NONE', #5032, 12.69999999999998863 ) ;
#3917 = FACE_OUTER_BOUND ( 'NONE', #3616, .T. ) ;
#3918 = VERTEX_POINT ( 'NONE', #171 ) ;
#3919 = CARTESIAN_POINT ( 'NONE',  ( -4.929141392239751340, 11.98312500000002068, 11.90000000000003233 ) ) ;
#3920 = AXIS2_PLACEMENT_3D ( 'NONE', #3698, #1850, #6420 ) ;
#3921 = CARTESIAN_POINT ( 'NONE',  ( 8.414570696119975324, 14.76125000000001286, 8.414570696119854532 ) ) ;
#3922 = DIRECTION ( 'NONE',  ( -1.000000000000000000, -0.000000000000000000, -0.000000000000000000 ) ) ;
#3923 = VERTEX_POINT ( 'NONE', #7509 ) ;
#3924 = CARTESIAN_POINT ( 'NONE',  ( -39.81317938492166064, 36.94194508560249801, 4.391018798566292958E-15 ) ) ;
#3925 = TOROIDAL_SURFACE ( 'NONE', #6168, 7.060900368822720985, 1.000000000000000888 ) ;
#3926 = AXIS2_PLACEMENT_3D ( 'NONE', #3475, #139, #2157 ) ;
#3927 = LINE ( 'NONE', #1731, #1386 ) ;
#3928 = VERTEX_POINT ( 'NONE', #2775 ) ;
#3930 = ORIENTED_EDGE ( 'NONE', *, *, #5606, .T. ) ;
#3929 = CARTESIAN_POINT ( 'NONE',  ( 12.27635182233307987, 0.000000000000000000, 0.000000000000000000 ) ) ;
#3931 = VERTEX_POINT ( 'NONE', #745 ) ;
#3932 = DIRECTION ( 'NONE',  ( -1.000000000000000000, -0.000000000000000000, -0.000000000000000000 ) ) ;
#3933 = CARTESIAN_POINT ( 'NONE',  ( 5.299999999999998934, 0.000000000000000000, 0.000000000000000000 ) ) ;
#3934 = TOROIDAL_SURFACE ( 'NONE', #717, 13.70000000000000107, 0.2999999999999999889 ) ;
#3935 = CARTESIAN_POINT ( 'NONE',  ( -13.99999999999999822, -10.69999999999999041, 13.44999999999999929 ) ) ;
#3936 = CARTESIAN_POINT ( 'NONE',  ( -14.00000000000000178, -10.69999999999999041, -13.44999999999999929 ) ) ;
#3937 = LOCAL_TIME ( 22, 24, 23.00000000000000000, #65 ) ;
#3938 = CARTESIAN_POINT ( 'NONE',  ( 12.82664718204935106, 19.26500000000000412, -9.113880979362923189E-14 ) ) ;
#3939 = DIRECTION ( 'NONE',  ( 0.000000000000000000, 0.000000000000000000, 1.000000000000000000 ) ) ;
#3940 = CARTESIAN_POINT ( 'NONE',  ( 5.312971222579394137, 10.61312500000002323, -12.82664718204939014 ) ) ;
#3941 = ORIENTED_EDGE ( 'NONE', *, *, #2917, .T. ) ;
#3942 = CARTESIAN_POINT ( 'NONE',  ( 2.532823420761158656E-16, 1.042832680730699346, 2.050000000000001155 ) ) ;
#3943 = VECTOR ( 'NONE', #3503, 999.9999999999998863 ) ;
#3944 = CARTESIAN_POINT ( 'NONE',  ( -1.725874147982916718, -2.009527318423362185, -15.50423678951415596 ) ) ;
#3945 = DATE_TIME_ROLE ( 'creation_date' ) ;
#3946 = LOCAL_TIME ( 22, 24, 23.00000000000000000, #7939 ) ;
#3947 = ORIENTED_EDGE ( 'NONE', *, *, #6010, .T. ) ;
#3948 = EDGE_CURVE ( 'NONE', #3637, #8220, #359, .T. ) ;
#3949 = VERTEX_POINT ( 'NONE', #4255 ) ;
#3950 = DIRECTION ( 'NONE',  ( 0.000000000000000000, 0.000000000000000000, 1.000000000000000000 ) ) ;
#3951 = DIRECTION ( 'NONE',  ( -1.000000000000000000, -0.000000000000000000, -0.000000000000000000 ) ) ;
#3952 = EDGE_CURVE ( 'NONE', #8303, #6145, #4472, .T. ) ;
#3953 = DIRECTION ( 'NONE',  ( -1.000000000000000000, -0.000000000000000000, -0.000000000000000000 ) ) ;
#3954 = CARTESIAN_POINT ( 'NONE',  ( -13.79999999999999716, 0.000000000000000000, 0.000000000000000000 ) ) ;
#3955 = CARTESIAN_POINT ( 'NONE',  ( -8.382592070995923663E-14, 17.57750000000000767, -11.89999999999999858 ) ) ;
#3956 = ORIENTED_EDGE ( 'NONE', *, *, #1118, .F. ) ;
#3957 = CARTESIAN_POINT ( 'NONE',  ( 3.392366953753471872E-16, 7.790620194877514670, -5.556249999999999467 ) ) ;
#3958 = DIRECTION ( 'NONE',  ( -0.000000000000000000, -1.000000000000000000, -0.000000000000000000 ) ) ;
#3959 = APPROVAL ( #150, '未指定' ) ;
#3960 = ORIENTED_EDGE ( 'NONE', *, *, #2582, .T. ) ;
#3961 = EDGE_CURVE ( 'NONE', #1639, #6986, #5808, .T. ) ;
#3962 = DIRECTION ( 'NONE',  ( 9.800697604388738773E-17, -1.000000000000000000, 0.000000000000000000 ) ) ;
#3963 = CARTESIAN_POINT ( 'NONE',  ( 11.90000000000004476, 15.91062500000001201, 4.929141392239721142 ) ) ;
#3964 = ORIENTED_EDGE ( 'NONE', *, *, #7763, .T. ) ;
#3965 = CARTESIAN_POINT ( 'NONE',  ( 9.000000000000001776, -10.80000000000000604, -9.000000000000000000 ) ) ;
#3966 = CIRCLE ( 'NONE', #3673, 2.299999999999999822 ) ;
#3967 = CARTESIAN_POINT ( 'NONE',  ( 11.69999999999999751, 9.700000000000002842, 0.000000000000000000 ) ) ;
#3968 = CARTESIAN_POINT ( 'NONE',  ( 4.727964354120389956, 5.957533090200453962, -8.731249999999997513 ) ) ;
#3969 = VERTEX_POINT ( 'NONE', #5440 ) ;
#3970 = ORIENTED_EDGE ( 'NONE', *, *, #4994, .F. ) ;
#3971 = PRODUCT_DEFINITION_SHAPE ( 'NONE', 'NONE',  #1404 ) ;
#3972 = AXIS2_PLACEMENT_3D ( 'NONE', #8024, #1874, #5164 ) ;
#3973 = DIRECTION ( 'NONE',  ( 0.000000000000000000, 0.000000000000000000, 1.000000000000000000 ) ) ;
#3974 = ORIENTED_EDGE ( 'NONE', *, *, #6565, .F. ) ;
#3975 = ADVANCED_FACE ( 'NONE', ( #4788, #789 ), #7462, .F. ) ;
#3976 = VECTOR ( 'NONE', #3576, 1000.000000000000000 ) ;
#3977 = SPHERICAL_SURFACE ( 'NONE', #1376, 2.299999999999999822 ) ;
#3978 = ORIENTED_EDGE ( 'NONE', *, *, #405, .F. ) ;
#3979 = DIRECTION ( 'NONE',  ( 0.000000000000000000, 0.000000000000000000, 1.000000000000000000 ) ) ;
#3980 = PLANE ( 'NONE',  #7148 ) ;
#3981 = CARTESIAN_POINT ( 'NONE',  ( 11.88412758796775748, 10.90000000000000746, 0.6144196228178397945 ) ) ;
#3982 = CARTESIAN_POINT ( 'NONE',  ( -14.28999999999999737, -15.69047268157663666, 6.257467538869061485 ) ) ;
#3983 = CARTESIAN_POINT ( 'NONE',  ( -12.82664718204931198, 16.16937500000001293, 5.312971222579581543 ) ) ;
#3984 = CARTESIAN_POINT ( 'NONE',  ( 1.955170296790373907, 0.8110566135902760321, -0.6294185448917993808 ) ) ;
#3985 = CARTESIAN_POINT ( 'NONE',  ( 9.192421541439370070E-14, 11.32750000000002188, 12.82664718204935106 ) ) ;
#3986 = ORIENTED_EDGE ( 'NONE', *, *, #2170, .T. ) ;
#3987 = CARTESIAN_POINT ( 'NONE',  ( 10.01225232012652100, 11.10654249295565066, 6.888681465382784808 ) ) ;
#3988 = AXIS2_PLACEMENT_3D ( 'NONE', #7526, #2872, #1507 ) ;
#3989 = CARTESIAN_POINT ( 'NONE',  ( 41.79999999999999716, 1.004210375300829674E-15, -8.200000000000001066 ) ) ;
#3990 = PERSON_AND_ORGANIZATION_ROLE ( 'classification_officer' ) ;
#3991 = EDGE_CURVE ( 'NONE', #2965, #8432, #4945, .T. ) ;
#3992 = EDGE_CURVE ( 'NONE', #7301, #8052, #7632, .T. ) ;
#3993 = ORIENTED_EDGE ( 'NONE', *, *, #4371, .T. ) ;
#3994 = VERTEX_POINT ( 'NONE', #6140 ) ;
#3995 = LINE ( 'NONE', #7943, #4697 ) ;
#3996 = DIRECTION ( 'NONE',  ( -9.800697604388738773E-17, 1.000000000000000000, -0.000000000000000000 ) ) ;
#3997 = CARTESIAN_POINT ( 'NONE',  ( 1.714505518806294638E-15, 0.000000000000000000, -14.00000000000000000 ) ) ;
#3998 = VECTOR ( 'NONE', #2216, 1000.000000000000000 ) ;
#3999 = DIRECTION ( 'NONE',  ( 0.000000000000000000, 0.000000000000000000, 1.000000000000000000 ) ) ;
#4000 = CARTESIAN_POINT ( 'NONE',  ( -11.90000000000003233, 14.00562500000001620, -4.929141392239748676 ) ) ;
#4001 = EDGE_LOOP ( 'NONE', ( #1969, #4313 ) ) ;
#4002 = FACE_OUTER_BOUND ( 'NONE', #98, .T. ) ;
#4003 = CIRCLE ( 'NONE', #2457, 3.000000000000009770 ) ;
#4004 = CARTESIAN_POINT ( 'NONE',  ( 1.457329690985350196E-15, 17.80000000000000071, 11.89999999999999858 ) ) ;
#4005 = AXIS2_PLACEMENT_3D ( 'NONE', #1827, #4423, #7756 ) ;
#4006 = EDGE_CURVE ( 'NONE', #6121, #2895, #1194, .T. ) ;
#4007 = ORIENTED_EDGE ( 'NONE', *, *, #4731, .F. ) ;
#4008 = VECTOR ( 'NONE', #4549, 1000.000000000000000 ) ;
#4009 = CARTESIAN_POINT ( 'NONE',  ( 0.000000000000000000, 1.500000000000000222, -21.75000000000000000 ) ) ;
#4010 = EDGE_CURVE ( 'NONE', #6683, #1392, #3452, .T. ) ;
#4011 = FACE_OUTER_BOUND ( 'NONE', #6695, .T. ) ;
#4012 = CIRCLE ( 'NONE', #1765, 2.499999999999998668 ) ;
#4013 = ORIENTED_EDGE ( 'NONE', *, *, #1490, .T. ) ;
#4014 = CARTESIAN_POINT ( 'NONE',  ( -8.414570696119854532, 11.90375000000001826, 8.414570696119975324 ) ) ;
#4015 = LINE ( 'NONE', #4836, #526 ) ;
#4016 = FACE_OUTER_BOUND ( 'NONE', #6544, .T. ) ;
#4017 = EDGE_LOOP ( 'NONE', ( #525, #6357, #7055, #4570 ) ) ;
#4018 = CONICAL_SURFACE ( 'NONE', #6952, 14.20000000000000107, 1.047197551196596521 ) ;
#4019 = CALENDAR_DATE ( 2025, 13, 3 ) ;
#4020 = CIRCLE ( 'NONE', #6252, 3.200000000000000178 ) ;
#4021 = EDGE_CURVE ( 'NONE', #7288, #7213, #7752, .T. ) ;
#4022 = CARTESIAN_POINT ( 'NONE',  ( -11.89999999999999858, 16.82500000000000639, 9.184123401037864071E-14 ) ) ;
#4023 = ORIENTED_EDGE ( 'NONE', *, *, #2563, .F. ) ;
#4025 = ORIENTED_EDGE ( 'NONE', *, *, #6203, .F. ) ;
#4024 = CARTESIAN_POINT ( 'NONE',  ( -8.946127672407389414E-14, 15.69938021535168993, -12.69999999999996732 ) ) ;
#4026 = DIRECTION ( 'NONE',  ( 0.000000000000000000, 0.000000000000000000, -1.000000000000000000 ) ) ;
#4027 = ORIENTED_EDGE ( 'NONE', *, *, #6249, .F. ) ;
#4028 = CARTESIAN_POINT ( 'NONE',  ( -12.34137136263139567, 17.20206881992978509, 2.012741687560337223 ) ) ;
#4029 = CARTESIAN_POINT ( 'NONE',  ( 0.000000000000000000, 0.000000000000000000, 3.175000000000005596 ) ) ;
#4030 = LINE ( 'NONE', #3367, #1759 ) ;
#4031 = CARTESIAN_POINT ( 'NONE',  ( -13.79999999999999716, 3.200000000000000178, 0.000000000000000000 ) ) ;
#4032 = CARTESIAN_POINT ( 'NONE',  ( 4.929141392239922759, 19.76187499999999986, 11.89999999999996305 ) ) ;
#4033 = CARTESIAN_POINT ( 'NONE',  ( 1.103221001132063117, 1.067664648972969976, -1.732754799241450261 ) ) ;
#4034 = ADVANCED_FACE ( 'NONE', ( #8317 ), #1739, .T. ) ;
#4035 = CARTESIAN_POINT ( 'NONE',  ( -9.069809202314482732, 12.12125000000002117, -9.069809202314353058 ) ) ;
#4036 = ORIENTED_EDGE ( 'NONE', *, *, #3623, .F. ) ;
#4037 = CARTESIAN_POINT ( 'NONE',  ( 2.619865889632948974, -1.770462177252743796, 14.98809041681920640 ) ) ;
#4038 = CARTESIAN_POINT ( 'NONE',  ( 5.695225058835894139, 0.000000000000000000, 0.000000000000000000 ) ) ;
#4039 = PERSON_AND_ORGANIZATION_ROLE ( 'design_owner' ) ;
#4040 = AXIS2_PLACEMENT_3D ( 'NONE', #4981, #455, #3624 ) ;
#4041 = ORIENTED_EDGE ( 'NONE', *, *, #5621, .T. ) ;
#4042 = FACE_BOUND ( 'NONE', #8118, .T. ) ;
#4043 = CARTESIAN_POINT ( 'NONE',  ( 0.05427969990078684165, 1.043776548762541445, 2.049520260065255339 ) ) ;
#4044 = DIRECTION ( 'NONE',  ( 1.000000000000000000, 1.231304080816852664E-16, -0.000000000000000000 ) ) ;
#4045 = PRODUCT_DEFINITION_SHAPE ( 'NONE', 'NONE',  #8239 ) ;
#4046 = FACE_OUTER_BOUND ( 'NONE', #2366, .T. ) ;
#4047 = AXIS2_PLACEMENT_3D ( 'NONE', #5841, #2523, #1112 ) ;
#4048 = CARTESIAN_POINT ( 'NONE',  ( -11.89999999999999858, 17.89500000000000668, 8.309725586446656123E-14 ) ) ;
#4049 = ORIENTED_EDGE ( 'NONE', *, *, #3095, .F. ) ;
#4050 = FACE_OUTER_BOUND ( 'NONE', #432, .T. ) ;
#4051 = DIRECTION ( 'NONE',  ( 1.060575238724906299E-16, 0.5000000000000008882, -0.8660254037844381525 ) ) ;
#4052 = CIRCLE ( 'NONE', #2496, 0.3999999999999984679 ) ;
#4053 = EDGE_LOOP ( 'NONE', ( #1912, #620, #1271 ) ) ;
#4054 = FACE_OUTER_BOUND ( 'NONE', #4358, .T. ) ;
#4055 = FACE_OUTER_BOUND ( 'NONE', #8030, .T. ) ;
#4056 = ORIENTED_EDGE ( 'NONE', *, *, #7873, .F. ) ;
#4057 = CARTESIAN_POINT ( 'NONE',  ( -8.382592070995921138E-14, 11.42750000000001975, -11.89999999999999858 ) ) ;
#4058 = DIRECTION ( 'NONE',  ( 0.000000000000000000, 0.000000000000000000, 1.000000000000000000 ) ) ;
#4059 = ORIENTED_EDGE ( 'NONE', *, *, #8414, .T. ) ;
#4060 = COORDINATED_UNIVERSAL_TIME_OFFSET ( 8, 0, .AHEAD. ) ;
#4061 = ORIENTED_EDGE ( 'NONE', *, *, #5800, .F. ) ;
#4062 = EDGE_CURVE ( 'NONE', #7435, #5744, #945, .T. ) ;
#4063 = CARTESIAN_POINT ( 'NONE',  ( -10.61987304526799214, 17.80000000000002203, -5.369198869700185561 ) ) ;
#4064 = EDGE_LOOP ( 'NONE', ( #5288, #1166 ) ) ;
#4065 = EDGE_CURVE ( 'NONE', #6799, #3256, #5726, .T. ) ;
#4066 = CARTESIAN_POINT ( 'NONE',  ( 1.457329690985350196E-15, 17.80000000000000071, 11.89999999999999858 ) ) ;
#4067 = VECTOR ( 'NONE', #5978, 1000.000000000000000 ) ;
#4068 = EDGE_LOOP ( 'NONE', ( #2141, #4955, #1710, #4997 ) ) ;
#4069 = DIRECTION ( 'NONE',  ( -1.000000000000000000, 0.000000000000000000, 0.000000000000000000 ) ) ;
#4070 = DIRECTION ( 'NONE',  ( -1.000000000000000000, -0.000000000000000000, -0.000000000000000000 ) ) ;
#4071 = AXIS2_PLACEMENT_3D ( 'NONE', #3338, #6573, #2071 ) ;
#4072 = EDGE_CURVE ( 'NONE', #7340, #3868, #8446, .T. ) ;
#4073 = CARTESIAN_POINT ( 'NONE',  ( -3.174999999999999822, 0.000000000000000000, 13.00000000000000000 ) ) ;
#4074 = CARTESIAN_POINT ( 'NONE',  ( -12.44999999999999929, 0.000000000000000000, 0.000000000000000000 ) ) ;
#4075 = CARTESIAN_POINT ( 'NONE',  ( -4.929141392239914765, 19.12687500000000540, -11.89999999999996483 ) ) ;
#4076 = CARTESIAN_POINT ( 'NONE',  ( 1.725874147982892737, -2.009527318423362630, -15.50423678951415951 ) ) ;
#4077 = CARTESIAN_POINT ( 'NONE',  ( 0.000000000000000000, -8.248891971046779403, -4.762499999999999289 ) ) ;
#4078 = EDGE_LOOP ( 'NONE', ( #6288, #2005 ) ) ;
#4079 = LINE ( 'NONE', #3419, #6780 ) ;
#4080 = DIRECTION ( 'NONE',  ( 0.000000000000000000, 0.000000000000000000, 1.000000000000000000 ) ) ;
#4081 = APPROVAL_STATUS ( 'not_yet_approved' ) ;
#4082 = CIRCLE ( 'NONE', #6178, 3.174999999999999822 ) ;
#4083 = ADVANCED_FACE ( 'NONE', ( #7800, #5685, #7002, #2403 ), #2320, .T. ) ;
#4084 = ORIENTED_EDGE ( 'NONE', *, *, #8654, .T. ) ;
#4085 = PRODUCT_DEFINITION_FORMATION_WITH_SPECIFIED_SOURCE ( '任何', '', #6624, .NOT_KNOWN. ) ;
#4086 = ORIENTED_EDGE ( 'NONE', *, *, #2950, .T. ) ;
#4087 = DIRECTION ( 'NONE',  ( -1.000000000000000000, 0.000000000000000000, -0.000000000000000000 ) ) ;
#4088 = AXIS2_PLACEMENT_3D ( 'NONE', #600, #1362, #3284 ) ;
#4089 = DIRECTION ( 'NONE',  ( 0.000000000000000000, 0.000000000000000000, -1.000000000000000000 ) ) ;
#4090 = DIRECTION ( 'NONE',  ( 0.000000000000000000, 0.000000000000000000, 1.000000000000000000 ) ) ;
#4091 = FACE_OUTER_BOUND ( 'NONE', #5873, .T. ) ;
#4092 = CARTESIAN_POINT ( 'NONE',  ( 11.89999999999996483, 16.06937500000001151, -4.929141392239915653 ) ) ;
#4093 = EDGE_LOOP ( 'NONE', ( #2068, #7984 ) ) ;
#4094 = CARTESIAN_POINT ( 'NONE',  ( 8.980256121069194464, 15.36936978464833281, 8.980256121069066566 ) ) ;
#4095 = DIRECTION ( 'NONE',  ( -1.000000000000000000, -0.000000000000000000, -0.000000000000000000 ) ) ;
#4096 = ORIENTED_EDGE ( 'NONE', *, *, #2264, .F. ) ;
#4097 = CARTESIAN_POINT ( 'NONE',  ( -8.382592070995923663E-14, 13.76750000000001606, -11.89999999999999858 ) ) ;
#4098 = CIRCLE ( 'NONE', #4088, 3.703925678971643265 ) ;
#4099 = EDGE_CURVE ( 'NONE', #2190, #4342, #6112, .T. ) ;
#4100 = EDGE_LOOP ( 'NONE', ( #847, #19, #1485, #2601, #2575, #950, #4855, #5364, #228, #7388 ) ) ;
#4101 = CARTESIAN_POINT ( 'NONE',  ( -8.414570696119866966, 13.17375000000001606, 8.414570696119962889 ) ) ;
#4102 = FACE_BOUND ( 'NONE', #2906, .T. ) ;
#4103 = ORIENTED_EDGE ( 'NONE', *, *, #4171, .T. ) ;
#4104 = DIRECTION ( 'NONE',  ( 1.000000000000000000, -0.000000000000000000, -0.000000000000000000 ) ) ;
#4105 = DIRECTION ( 'NONE',  ( 0.000000000000000000, 0.000000000000000000, 1.000000000000000000 ) ) ;
#4106 = DATE_AND_TIME ( #2128, #1986 ) ;
#4107 = ADVANCED_FACE ( 'NONE', ( #8401 ), #5272, .F. ) ;
#4108 = EDGE_LOOP ( 'NONE', ( #1858, #3786, #8499, #7224 ) ) ;
#4109 = VECTOR ( 'NONE', #446, 1000.000000000000114 ) ;
#4110 = CARTESIAN_POINT ( 'NONE',  ( 0.000000000000000000, -16.49876305844211544, 0.000000000000000000 ) ) ;
#4112 = VERTEX_POINT ( 'NONE', #8357 ) ;
#4111 = CARTESIAN_POINT ( 'NONE',  ( 15.22582127265072316, 30.49999999999999645, 7.561373325877829288 ) ) ;
#4113 = VERTEX_POINT ( 'NONE', #6303 ) ;
#4114 = CARTESIAN_POINT ( 'NONE',  ( 11.73065723982882602, 17.55084227765519245, 3.187245197550847120 ) ) ;
#4115 = CIRCLE ( 'NONE', #6212, 2.475000000000000089 ) ;
#4116 = EDGE_CURVE ( 'NONE', #8271, #3643, #989, .T. ) ;
#4117 = CIRCLE ( 'NONE', #4389, 1.969532683894253289 ) ;
#4118 = CARTESIAN_POINT ( 'NONE',  ( -11.90000000000004832, 14.00562500000001620, -4.929141392239717590 ) ) ;
#4119 = CARTESIAN_POINT ( 'NONE',  ( 9.192421541439368808E-14, 11.32750000000002188, 12.82664718204935106 ) ) ;
#4120 = CARTESIAN_POINT ( 'NONE',  ( 4.999999999999997335, 0.000000000000000000, 0.000000000000000000 ) ) ;
#4121 = EDGE_CURVE ( 'NONE', #6078, #2640, #4849, .T. ) ;
#4122 = DIRECTION ( 'NONE',  ( 0.000000000000000000, 0.000000000000000000, 1.000000000000000000 ) ) ;
#4123 = VERTEX_POINT ( 'NONE', #3018 ) ;
#4124 = CARTESIAN_POINT ( 'NONE',  ( 4.999999999999997335, 7.790620194877515559, 5.556249999999999467 ) ) ;
#4125 = LINE ( 'NONE', #2807, #6754 ) ;
#4126 = PERSON_AND_ORGANIZATION ( #5252, #8146 ) ;
#4127 = EDGE_CURVE ( 'NONE', #1401, #8301, #6883, .T. ) ;
#4128 = ORIENTED_EDGE ( 'NONE', *, *, #2048, .T. ) ;
#4129 = EDGE_LOOP ( 'NONE', ( #7977, #799, #8660 ) ) ;
#4130 = EDGE_CURVE ( 'NONE', #8263, #56, #8204, .T. ) ;
#4131 = CARTESIAN_POINT ( 'NONE',  ( 8.980256121069066566, 11.87686978464834020, -8.980256121069194464 ) ) ;
#4132 = CARTESIAN_POINT ( 'NONE',  ( 5.000000000000000000, 8.248891971046779403, -4.762500000000000178 ) ) ;
#4133 = VECTOR ( 'NONE', #8395, 1000.000000000000000 ) ;
#4134 = CARTESIAN_POINT ( 'NONE',  ( 0.000000000000000000, -2.009527318423362185, 0.000000000000000000 ) ) ;
#4135 = LINE ( 'NONE', #8200, #4573 ) ;
#4136 = CARTESIAN_POINT ( 'NONE',  ( -9.069809202314482732, 18.47125000000000838, -9.069809202314353058 ) ) ;
#4137 = ORIENTED_EDGE ( 'NONE', *, *, #3050, .F. ) ;
#4138 = LINE ( 'NONE', #7558, #5107 ) ;
#4139 = DIRECTION ( 'NONE',  ( -1.224646799147351975E-16, 0.000000000000000000, -1.000000000000000000 ) ) ;
#4140 = ORIENTED_EDGE ( 'NONE', *, *, #5713, .F. ) ;
#4141 = EDGE_CURVE ( 'NONE', #6547, #1098, #8618, .T. ) ;
#4142 = APPROVAL ( #7980, '未指定' ) ;
#4143 = AXIS2_PLACEMENT_3D ( 'NONE', #5553, #5397, #7420 ) ;
#4144 = ORIENTED_EDGE ( 'NONE', *, *, #7553, .F. ) ;
#4146 = CARTESIAN_POINT ( 'NONE',  ( 11.09820558839086324, 11.64694926141084252, 6.077114582206666782 ) ) ;
#4145 = VECTOR ( 'NONE', #4795, 1000.000000000000114 ) ;
#4147 = CARTESIAN_POINT ( 'NONE',  ( -8.414570696119975324, 15.19625000000001158, -8.414570696119856308 ) ) ;
#4148 = EDGE_LOOP ( 'NONE', ( #7792, #4398 ) ) ;
#4149 = CARTESIAN_POINT ( 'NONE',  ( -11.44999999999999751, 0.000000000000000000, 7.060900368822720985 ) ) ;
#4150 = AXIS2_PLACEMENT_3D ( 'NONE', #6355, #7005, #1124 ) ;
#4151 = APPROVAL_STATUS ( 'not_yet_approved' ) ;
#4152 = CIRCLE ( 'NONE', #75, 12.69999999999998330 ) ;
#4153 = ORIENTED_EDGE ( 'NONE', *, *, #7742, .T. ) ;
#4154 = AXIS2_PLACEMENT_3D ( 'NONE', #2111, #869, #7464 ) ;
#4155 = CARTESIAN_POINT ( 'NONE',  ( -3.913020020765926699, 17.42734031599863087, -11.66400519539856262 ) ) ;
#4156 = CARTESIAN_POINT ( 'NONE',  ( 11.90000000000004476, 17.38062500000000909, 4.929141392239723807 ) ) ;
#4157 = AXIS2_PLACEMENT_3D ( 'NONE', #2275, #2237, #91 ) ;
#4158 = ORIENTED_EDGE ( 'NONE', *, *, #4238, .F. ) ;
#4159 = CARTESIAN_POINT ( 'NONE',  ( -9.948714176619638749, 17.26523173826758040, 7.502765275918934940 ) ) ;
#4160 = DIRECTION ( 'NONE',  ( 0.000000000000000000, 0.000000000000000000, 1.000000000000000000 ) ) ;
#4161 = AXIS2_PLACEMENT_3D ( 'NONE', #870, #1619, #2935 ) ;
#4162 = CARTESIAN_POINT ( 'NONE',  ( 0.000000000000000000, 8.248891971046782956, 4.762500000000000178 ) ) ;
#4163 = CARTESIAN_POINT ( 'NONE',  ( -12.82664718204935106, 12.28000000000001890, 8.956799855210031952E-14 ) ) ;
#4164 = DIRECTION ( 'NONE',  ( 0.000000000000000000, 0.000000000000000000, 1.000000000000000000 ) ) ;
#4165 = ORIENTED_EDGE ( 'NONE', *, *, #7052, .F. ) ;
#4166 = CARTESIAN_POINT ( 'NONE',  ( 5.000000000000000000, 8.248891971046782956, 4.762500000000000178 ) ) ;
#4167 = CARTESIAN_POINT ( 'NONE',  ( 0.000000000000000000, 0.000000000000000000, 0.000000000000000000 ) ) ;
#4168 = SECURITY_CLASSIFICATION_LEVEL ( 'unclassified' ) ;
#4169 = ORIENTED_EDGE ( 'NONE', *, *, #5925, .F. ) ;
#4170 = ORIENTED_EDGE ( 'NONE', *, *, #3, .F. ) ;
#4171 = EDGE_CURVE ( 'NONE', #1264, #6097, #1054, .T. ) ;
#4172 = CARTESIAN_POINT ( 'NONE',  ( 3.174999999999999822, 3.888253587292845095E-16, 13.00000000000000000 ) ) ;
#4173 = CARTESIAN_POINT ( 'NONE',  ( 12.10380299618156563, 11.52173915494918433, -3.274163020179501782 ) ) ;
#4174 = EDGE_CURVE ( 'NONE', #7301, #6737, #7134, .T. ) ;
#4175 = CARTESIAN_POINT ( 'NONE',  ( -12.69999999999996732, 16.01688021535168716, 8.868362600661530955E-14 ) ) ;
#4176 = CARTESIAN_POINT ( 'NONE',  ( 0.000000000000000000, 0.000000000000000000, 0.000000000000000000 ) ) ;
#4177 = CARTESIAN_POINT ( 'NONE',  ( 4.929141392239747788, 11.14812500000002160, -11.90000000000003233 ) ) ;
#4178 = ORIENTED_EDGE ( 'NONE', *, *, #514, .T. ) ;
#4179 = CARTESIAN_POINT ( 'NONE',  ( 6.216747625905290953, -16.44581851809336470, 12.91142977813911585 ) ) ;
#4180 = CARTESIAN_POINT ( 'NONE',  ( -8.946127672407389414E-14, 14.42938021535169568, -12.69999999999996732 ) ) ;
#4181 = AXIS2_PLACEMENT_3D ( 'NONE', #3885, #7878, #6603 ) ;
#4182 = ORIENTED_EDGE ( 'NONE', *, *, #1001, .T. ) ;
#4183 = ORIENTED_EDGE ( 'NONE', *, *, #6664, .F. ) ;
#4184 = AXIS2_PLACEMENT_3D ( 'NONE', #677, #8051, #2711 ) ;
#4185 = AXIS2_PLACEMENT_3D ( 'NONE', #1594, #4271, #2423 ) ;
#4186 = DIRECTION ( 'NONE',  ( 0.000000000000000000, 0.000000000000000000, -1.000000000000000000 ) ) ;
#4187 = CARTESIAN_POINT ( 'NONE',  ( 5.000000000000000000, -5.499261314031187453, 9.525000000000002132 ) ) ;
#4188 = ORIENTED_EDGE ( 'NONE', *, *, #1283, .T. ) ;
#4189 = DIRECTION ( 'NONE',  ( 0.000000000000000000, 0.5000000000000001110, 0.8660254037844385966 ) ) ;
#4190 = DIRECTION ( 'NONE',  ( -1.000000000000000000, -0.000000000000000000, -0.000000000000000000 ) ) ;
#4191 = DATE_AND_TIME ( #1385, #3657 ) ;
#4192 = ORIENTED_EDGE ( 'NONE', *, *, #5664, .F. ) ;
#4193 = ADVANCED_FACE ( 'NONE', ( #3150 ), #5809, .T. ) ;
#4194 = DIRECTION ( 'NONE',  ( -1.000000000000000000, -0.000000000000000000, -0.000000000000000000 ) ) ;
#4195 = CYLINDRICAL_SURFACE ( 'NONE', #3866, 2.500000000000000444 ) ;
#4196 = SHAPE_REPRESENTATION ( 'DV1气动部分外形图', ( #5757 ), #1576 ) ;
#4197 = EDGE_LOOP ( 'NONE', ( #2608, #4700, #6902 ) ) ;
#4198 = CARTESIAN_POINT ( 'NONE',  ( -8.308988999489114440E-14, 11.42750000000001975, -11.89999999999999858 ) ) ;
#4199 = CARTESIAN_POINT ( 'NONE',  ( 0.2726581639881562324, 4.587364300110933435, 9.525000000000002132 ) ) ;
#4200 = CARTESIAN_POINT ( 'NONE',  ( 11.44999999999999751, 0.000000000000000000, 4.688733431983856725 ) ) ;
#4201 = CARTESIAN_POINT ( 'NONE',  ( -8.980256121069066566, 16.32186978464833160, 8.980256121069194464 ) ) ;
#4202 = ADVANCED_BREP_SHAPE_REPRESENTATION ( '', ( #2283, #5757 ), #3808 ) ;
#4203 = CARTESIAN_POINT ( 'NONE',  ( -12.82664718204931198, 13.62937500000001556, 5.312971222579581543 ) ) ;
#4204 = CARTESIAN_POINT ( 'NONE',  ( 41.30693079519157607, 1.787984326755135766E-15, -14.59999999999999964 ) ) ;
#4205 = ORIENTED_EDGE ( 'NONE', *, *, #3582, .T. ) ;
#4206 = DIRECTION ( 'NONE',  ( -1.000000000000000000, -0.000000000000000000, -0.000000000000000000 ) ) ;
#4207 = CARTESIAN_POINT ( 'NONE',  ( 12.44999999999999929, 0.000000000000000000, 0.000000000000000000 ) ) ;
#4208 = APPROVAL_STATUS ( 'not_yet_approved' ) ;
#4209 = VECTOR ( 'NONE', #2426, 1000.000000000000000 ) ;
#4210 = VERTEX_POINT ( 'NONE', #27 ) ;
#4211 = DIRECTION ( 'NONE',  ( 0.000000000000000000, 0.000000000000000000, 1.000000000000000000 ) ) ;
#4212 = LINE ( 'NONE', #7594, #8531 ) ;
#4213 = CARTESIAN_POINT ( 'NONE',  ( 8.980256121069192687, 16.49313021535169455, 8.980256121069064790 ) ) ;
#4214 = CARTESIAN_POINT ( 'NONE',  ( 0.000000000000000000, 17.80000000000000071, 0.000000000000000000 ) ) ;
#4215 = CARTESIAN_POINT ( 'NONE',  ( -8.414570696119854532, 12.97375000000001677, 8.414570696119975324 ) ) ;
#4216 = ORIENTED_EDGE ( 'NONE', *, *, #1863, .T. ) ;
#4217 = CARTESIAN_POINT ( 'NONE',  ( 3.513634653869342817, -16.11891868594210209, 14.47207278019404875 ) ) ;
#4218 = CARTESIAN_POINT ( 'NONE',  ( 0.000000000000000000, 0.000000000000000000, 0.000000000000000000 ) ) ;
#4219 = ORIENTED_EDGE ( 'NONE', *, *, #2888, .T. ) ;
#4220 = ADVANCED_FACE ( 'NONE', ( #3891 ), #4641, .F. ) ;
#4221 = AXIS2_PLACEMENT_3D ( 'NONE', #7682, #8497, #7845 ) ;
#4222 = ADVANCED_FACE ( 'NONE', ( #4505, #4688 ), #3845, .T. ) ;
#4223 = VERTEX_POINT ( 'NONE', #593 ) ;
#4224 = ORIENTED_EDGE ( 'NONE', *, *, #3468, .T. ) ;
#4225 = CARTESIAN_POINT ( 'NONE',  ( 8.947569504916666361, -1.334767296204543818, -11.33478903118297687 ) ) ;
#4226 = CARTESIAN_POINT ( 'NONE',  ( -1.332425256438214856, 1.691144339801393004, -1.563043939730329290 ) ) ;
#4227 = VERTEX_POINT ( 'NONE', #6516 ) ;
#4228 = DIRECTION ( 'NONE',  ( 0.000000000000000000, -0.5150380749100547106, -0.8571673007021120005 ) ) ;
#4229 = CARTESIAN_POINT ( 'NONE',  ( 0.000000000000000000, -16.49876305844211544, 14.19999999999999751 ) ) ;
#4230 = CARTESIAN_POINT ( 'NONE',  ( -12.69999999999996909, 16.16311978464833388, 8.868362600661534741E-14 ) ) ;
#4231 = AXIS2_PLACEMENT_3D ( 'NONE', #2590, #6709, #651 ) ;
#4232 = PERSON_AND_ORGANIZATION_ROLE ( 'design_owner' ) ;
#4233 = EDGE_CURVE ( 'NONE', #6711, #2190, #1307, .T. ) ;
#4234 = CYLINDRICAL_SURFACE ( 'NONE', #7573, 2.300000000000001599 ) ;
#4235 = ORIENTED_EDGE ( 'NONE', *, *, #2003, .T. ) ;
#4236 = LINE ( 'NONE', #5012, #3756 ) ;
#4237 = VECTOR ( 'NONE', #5385, 1000.000000000000000 ) ;
#4238 = EDGE_CURVE ( 'NONE', #151, #4354, #4283, .T. ) ;
#4239 = ORIENTED_EDGE ( 'NONE', *, *, #8373, .F. ) ;
#4240 = DIRECTION ( 'NONE',  ( 0.000000000000000000, -0.000000000000000000, 1.000000000000000000 ) ) ;
#4241 = CARTESIAN_POINT ( 'NONE',  ( 0.000000000000000000, 0.000000000000000000, 0.000000000000000000 ) ) ;
#4242 = AXIS2_PLACEMENT_3D ( 'NONE', #5412, #7956, #8087 ) ;
#4243 = EDGE_CURVE ( 'NONE', #4385, #3851, #6385, .T. ) ;
#4244 = CC_DESIGN_PERSON_AND_ORGANIZATION_ASSIGNMENT ( #6476, #2969, ( #2402 ) ) ;
#4245 = LINE ( 'NONE', #7624, #7212 ) ;
#4246 = DIRECTION ( 'NONE',  ( 0.000000000000000000, -1.000000000000000000, 0.000000000000000000 ) ) ;
#4247 = SHAPE_REPRESENTATION ( 'KF16-TB4', ( #5757 ), #443 ) ;
#4248 = CARTESIAN_POINT ( 'NONE',  ( -11.89999999999999858, 18.09500000000000597, 8.309725586446653599E-14 ) ) ;
#4249 = LINE ( 'NONE', #3544, #1738 ) ;
#4250 = ORIENTED_EDGE ( 'NONE', *, *, #7871, .F. ) ;
#4251 = CARTESIAN_POINT ( 'NONE',  ( 0.000000000000000000, 0.000000000000000000, 0.000000000000000000 ) ) ;
#4252 = CARTESIAN_POINT ( 'NONE',  ( 14.28999999999999737, -2.578957854155721483E-31, -6.257467538869061485 ) ) ;
#4253 = APPROVAL_ROLE ( '' ) ;
#4254 = AXIS2_PLACEMENT_3D ( 'NONE', #2588, #4512, #3242 ) ;
#4255 = CARTESIAN_POINT ( 'NONE',  ( 46.70000000000001705, 3.888253587292853970E-16, -3.175000000000006484 ) ) ;
#4256 = CARTESIAN_POINT ( 'NONE',  ( 41.39999999999999858, 0.000000000000000000, 0.000000000000000000 ) ) ;
#4257 = CARTESIAN_POINT ( 'NONE',  ( -9.069809202314482732, 19.74125000000000441, -9.069809202314353058 ) ) ;
#4258 = DIRECTION ( 'NONE',  ( 0.000000000000000000, 0.000000000000000000, 1.000000000000000000 ) ) ;
#4259 = CARTESIAN_POINT ( 'NONE',  ( 11.89999999999999858, 12.18000000000001926, -8.455458555545191202E-14 ) ) ;
#4260 = ORIENTED_EDGE ( 'NONE', *, *, #3952, .F. ) ;
#4261 = CARTESIAN_POINT ( 'NONE',  ( -11.44999999999999751, 9.250129867028060332E-16, -7.060900368822720985 ) ) ;
#4262 = CARTESIAN_POINT ( 'NONE',  ( 34.40000000000000568, 0.000000000000000000, 0.000000000000000000 ) ) ;
#4263 = DIRECTION ( 'NONE',  ( -1.000000000000000000, -0.000000000000000000, -0.000000000000000000 ) ) ;
#4264 = EDGE_CURVE ( 'NONE', #5433, #6676, #2672, .T. ) ;
#4265 = ORIENTED_EDGE ( 'NONE', *, *, #4418, .F. ) ;
#4266 = ORIENTED_EDGE ( 'NONE', *, *, #7204, .F. ) ;
#4267 = CARTESIAN_POINT ( 'NONE',  ( 12.64523126179759238, 11.70000000000000639, 1.178187733621459232 ) ) ;
#4268 = CARTESIAN_POINT ( 'NONE',  ( 0.000000000000000000, 3.918869757271530460E-16, -3.200000000000000178 ) ) ;
#4269 = VERTEX_POINT ( 'NONE', #5301 ) ;
#4270 = CARTESIAN_POINT ( 'NONE',  ( 4.999999999999997335, -8.707163747216046801, -3.968749999999997335 ) ) ;
#4271 = DIRECTION ( 'NONE',  ( -1.000000000000000000, -0.000000000000000000, -0.000000000000000000 ) ) ;
#4272 = APPROVAL_DATE_TIME ( #5619, #459 ) ;
#4273 = AXIS2_PLACEMENT_3D ( 'NONE', #8544, #2548, #5217 ) ;
#4274 = AXIS2_PLACEMENT_3D ( 'NONE', #5223, #5320, #3297 ) ;
#4275 = ORIENTED_EDGE ( 'NONE', *, *, #5657, .F. ) ;
#4276 = EDGE_CURVE ( 'NONE', #4611, #6867, #1904, .T. ) ;
#4277 = CARTESIAN_POINT ( 'NONE',  ( 14.00000000000000000, -17.39999999999999858, 1.714505518806294638E-15 ) ) ;
#4278 = VERTEX_POINT ( 'NONE', #7838 ) ;
#4279 = CARTESIAN_POINT ( 'NONE',  ( 0.000000000000000000, 17.80000000000000071, -11.89999999999999858 ) ) ;
#4280 = EDGE_CURVE ( 'NONE', #8295, #6752, #3026, .T. ) ;
#4281 = AXIS2_PLACEMENT_3D ( 'NONE', #1712, #7768, #5698 ) ;
#4282 = CARTESIAN_POINT ( 'NONE',  ( 11.90000000000003233, 11.03062500000001833, 4.929141392239750452 ) ) ;
#4283 = CIRCLE ( 'NONE', #5410, 2.300000000000001155 ) ;
#4284 = CARTESIAN_POINT ( 'NONE',  ( -12.30891361455901922, 11.30891361455906718, 8.595268437332998721E-14 ) ) ;
#4285 = CARTESIAN_POINT ( 'NONE',  ( 8.414570696119856308, 17.61875000000000568, -8.414570696119973547 ) ) ;
#4286 = CARTESIAN_POINT ( 'NONE',  ( -15.22582127265071783, 33.79999999999998295, -7.561373325877829288 ) ) ;
#4287 = VERTEX_POINT ( 'NONE', #1918 ) ;
#4288 = CARTESIAN_POINT ( 'NONE',  ( 4.929141392239969832, 15.95187500000001002, 11.89999999999992042 ) ) ;
#4289 = DIRECTION ( 'NONE',  ( 0.000000000000000000, 0.000000000000000000, 1.000000000000000000 ) ) ;
#4290 = VECTOR ( 'NONE', #3229, 1000.000000000000114 ) ;
#4291 = CIRCLE ( 'NONE', #499, 11.89999999999998970 ) ;
#4292 = EDGE_CURVE ( 'NONE', #1762, #811, #3300, .T. ) ;
#4293 = DIRECTION ( 'NONE',  ( 0.000000000000000000, 0.000000000000000000, 1.000000000000000000 ) ) ;
#4294 = DIRECTION ( 'NONE',  ( 1.000000000000000000, -8.775090700452170181E-16, 0.000000000000000000 ) ) ;
#4295 = DIRECTION ( 'NONE',  ( 0.000000000000000000, 0.000000000000000000, -1.000000000000000000 ) ) ;
#4296 = DIRECTION ( 'NONE',  ( -8.775090700452169195E-16, -1.000000000000000000, -0.000000000000000000 ) ) ;
#4297 = CARTESIAN_POINT ( 'NONE',  ( -8.414570696119973547, 12.65625000000001776, -8.414570696119856308 ) ) ;
#4298 = ORIENTED_EDGE ( 'NONE', *, *, #7643, .T. ) ;
#4299 = CARTESIAN_POINT ( 'NONE',  ( -11.89999999999999858, 16.62500000000000711, 9.184123401037864071E-14 ) ) ;
#4300 = LINE ( 'NONE', #3601, #6556 ) ;
#4301 = LINE ( 'NONE', #8003, #1417 ) ;
#4302 = PERSON_AND_ORGANIZATION ( #129, #430 ) ;
#4303 = VERTEX_POINT ( 'NONE', #3981 ) ;
#4304 = ORIENTED_EDGE ( 'NONE', *, *, #205, .T. ) ;
#4305 = CARTESIAN_POINT ( 'NONE',  ( 11.89999999999999858, 13.45000000000001528, -1.414051752430313507E-13 ) ) ;
#4306 = CARTESIAN_POINT ( 'NONE',  ( 1.725874147982892737, -2.009527318423362630, -15.50423678951415951 ) ) ;
#4307 = DIRECTION ( 'NONE',  ( 0.000000000000000000, 0.000000000000000000, 1.000000000000000000 ) ) ;
#4308 = ORIENTED_EDGE ( 'NONE', *, *, #5002, .F. ) ;
#4309 = FACE_OUTER_BOUND ( 'NONE', #5867, .T. ) ;
#4310 = DIRECTION ( 'NONE',  ( -1.000000000000000000, -0.000000000000000000, -0.000000000000000000 ) ) ;
#4311 = ORIENTED_EDGE ( 'NONE', *, *, #7169, .F. ) ;
#4312 = PERSON_AND_ORGANIZATION_ROLE ( 'creator' ) ;
#4313 = ORIENTED_EDGE ( 'NONE', *, *, #3790, .T. ) ;
#4314 = CARTESIAN_POINT ( 'NONE',  ( -8.784886148767117930, 17.66226140559408364, -8.274824245855651128 ) ) ;
#4315 = EDGE_LOOP ( 'NONE', ( #2436, #3879, #7766, #704 ) ) ;
#4316 = DIRECTION ( 'NONE',  ( 0.000000000000000000, 0.000000000000000000, 1.000000000000000000 ) ) ;
#4317 = AXIS2_PLACEMENT_3D ( 'NONE', #1502, #4625, #8002 ) ;
#4318 = EDGE_CURVE ( 'NONE', #6737, #521, #4595, .T. ) ;
#4319 = PLANE ( 'NONE',  #5394 ) ;
#4320 = CARTESIAN_POINT ( 'NONE',  ( -4.049851315911909388, 11.15096815843231148, -11.46306064111923639 ) ) ;
#4321 = CARTESIAN_POINT ( 'NONE',  ( -11.90000000000003233, 18.01562500000000711, -4.929141392239748676 ) ) ;
#4322 = DIRECTION ( 'NONE',  ( -1.000000000000000000, -0.000000000000000000, -0.000000000000000000 ) ) ;
#4323 = EDGE_LOOP ( 'NONE', ( #130, #532, #3872, #6938 ) ) ;
#4324 = FACE_OUTER_BOUND ( 'NONE', #2787, .T. ) ;
#4325 = CARTESIAN_POINT ( 'NONE',  ( 5.222092788188507306, 17.72783856308685557, -10.80669644667301732 ) ) ;
#4326 = APPROVAL ( #1469, '未指定' ) ;
#4327 = EDGE_CURVE ( 'NONE', #5069, #8295, #4030, .T. ) ;
#4328 = DESIGN_CONTEXT ( 'detailed design', #2437, 'design' ) ;
#4329 = DIRECTION ( 'NONE',  ( 0.000000000000000000, 1.000000000000000000, 0.000000000000000000 ) ) ;
#4330 = AXIS2_PLACEMENT_3D ( 'NONE', #4437, #1095, #8420 ) ;
#4331 = FACE_OUTER_BOUND ( 'NONE', #1692, .T. ) ;
#4332 = CARTESIAN_POINT ( 'NONE',  ( 0.03579502003219384859, -1.829091885878040946, -9.524999999999998579 ) ) ;
#4333 = FACE_BOUND ( 'NONE', #6482, .T. ) ;
#4334 = CARTESIAN_POINT ( 'NONE',  ( 5.312971222579394137, 14.42312500000001663, -12.82664718204939014 ) ) ;
#4335 = VECTOR ( 'NONE', #4486, 1000.000000000000114 ) ;
#4336 = ORIENTED_EDGE ( 'NONE', *, *, #6416, .T. ) ;
#4337 = DIRECTION ( 'NONE',  ( 1.000000000000000000, -8.746504920891471725E-16, 0.000000000000000000 ) ) ;
#4338 = LINE ( 'NONE', #5776, #3234 ) ;
#4339 = COORDINATED_UNIVERSAL_TIME_OFFSET ( 8, 0, .AHEAD. ) ;
#4340 = VECTOR ( 'NONE', #2058, 999.9999999999998863 ) ;
#4341 = ORIENTED_EDGE ( 'NONE', *, *, #1533, .T. ) ;
#4342 = VERTEX_POINT ( 'NONE', #544 ) ;
#4343 = LINE ( 'NONE', #6489, #3705 ) ;
#4344 = EDGE_CURVE ( 'NONE', #6723, #521, #504, .T. ) ;
#4345 = CARTESIAN_POINT ( 'NONE',  ( -14.29000000000000448, -1.320715205680278670, -2.096533254929882517 ) ) ;
#4346 = CARTESIAN_POINT ( 'NONE',  ( -12.29781092488547145, 11.31679023186111266, 0.7905603200161898103 ) ) ;
#4347 = DIRECTION ( 'NONE',  ( 0.000000000000000000, 1.000000000000000000, 0.000000000000000000 ) ) ;
#4348 = EDGE_LOOP ( 'NONE', ( #6550, #2083, #6929, #4311 ) ) ;
#4349 = DIRECTION ( 'NONE',  ( 0.000000000000000000, 0.000000000000000000, 1.000000000000000000 ) ) ;
#4350 = CARTESIAN_POINT ( 'NONE',  ( -1.364715712891807486, 17.79999999999999361, -11.82148683639186615 ) ) ;
#4351 = MECHANICAL_CONTEXT ( 'NONE', #1546, 'mechanical' ) ;
#4352 = AXIS2_PLACEMENT_3D ( 'NONE', #1666, #8324, #1708 ) ;
#4353 = EDGE_CURVE ( 'NONE', #2509, #6078, #2470, .T. ) ;
#4354 = VERTEX_POINT ( 'NONE', #7276 ) ;
#4355 = LINE ( 'NONE', #6540, #1679 ) ;
#4356 = CC_DESIGN_SECURITY_CLASSIFICATION ( #2696, ( #4085 ) ) ;
#4357 = AXIS2_PLACEMENT_3D ( 'NONE', #2357, #3802, #330 ) ;
#4358 = EDGE_LOOP ( 'NONE', ( #7737, #5533, #2700, #6472 ) ) ;
#4359 = DIRECTION ( 'NONE',  ( 1.000000000000000000, 0.000000000000000000, -0.000000000000000000 ) ) ;
#4360 = EDGE_CURVE ( 'NONE', #6807, #8247, #8481, .T. ) ;
#4361 = CC_DESIGN_SECURITY_CLASSIFICATION ( #5893, ( #8690 ) ) ;
#4362 = LINE ( 'NONE', #7032, #6094 ) ;
#4363 = EDGE_LOOP ( 'NONE', ( #317, #5239, #539, #1451 ) ) ;
#4364 = CARTESIAN_POINT ( 'NONE',  ( -1.745403866232205559, 11.12561233956367879, -12.00587313966159897 ) ) ;
#4365 = CARTESIAN_POINT ( 'NONE',  ( -11.90000000000003233, 14.20562500000001194, -4.929141392239748676 ) ) ;
#4366 = DIRECTION ( 'NONE',  ( 0.000000000000000000, 0.000000000000000000, 1.000000000000000000 ) ) ;
#4367 = ORIENTED_EDGE ( 'NONE', *, *, #8133, .F. ) ;
#4368 = CARTESIAN_POINT ( 'NONE',  ( -7.143125246700833810E-14, 16.50750000000000739, -11.89999999999999858 ) ) ;
#4369 = CARTESIAN_POINT ( 'NONE',  ( 3.244754478949096299, 17.75088563378988837, -11.50779693861578146 ) ) ;
#4370 = DATE_AND_TIME ( #7000, #301 ) ;
#4371 = EDGE_CURVE ( 'NONE', #3851, #4112, #8530, .T. ) ;
#4372 = CARTESIAN_POINT ( 'NONE',  ( -9.760840483540215828, 17.76690911113375648, -7.068300908699592711 ) ) ;
#4373 = ADVANCED_FACE ( 'NONE', ( #7887, #1868 ), #7232, .T. ) ;
#4374 = CARTESIAN_POINT ( 'NONE',  ( -5.260512242138382533, 11.96875521535169717, -12.69999999999992824 ) ) ;
#4375 = CARTESIAN_POINT ( 'NONE',  ( -9.069809202314351282, 20.05875000000000341, 9.069809202314482732 ) ) ;
#4376 = DIRECTION ( 'NONE',  ( 0.000000000000000000, 0.000000000000000000, -1.000000000000000000 ) ) ;
#4377 = CARTESIAN_POINT ( 'NONE',  ( 9.069809202314482732, 16.56625000000001080, 9.069809202314353058 ) ) ;
#4378 = VERTEX_POINT ( 'NONE', #121 ) ;
#4379 = DIRECTION ( 'NONE',  ( -8.775090700452169195E-16, -1.000000000000000000, -0.000000000000000000 ) ) ;
#4380 = ADVANCED_FACE ( 'NONE', ( #1440 ), #5817, .T. ) ;
#4381 = CARTESIAN_POINT ( 'NONE',  ( -14.29000000000000448, -17.69999999999999929, -8.250335346719747776 ) ) ;
#4382 = APPROVAL_DATE_TIME ( #1797, #4797 ) ;
#4383 = AXIS2_PLACEMENT_3D ( 'NONE', #2313, #329, #2397 ) ;
#4384 = ADVANCED_FACE ( 'NONE', ( #76 ), #2848, .T. ) ;
#4385 = VERTEX_POINT ( 'NONE', #4073 ) ;
#4386 = EDGE_LOOP ( 'NONE', ( #4250, #5681, #6687 ) ) ;
#4387 = CARTESIAN_POINT ( 'NONE',  ( 44.00000000000000000, 0.000000000000000000, 0.000000000000000000 ) ) ;
#4388 = CARTESIAN_POINT ( 'NONE',  ( -0.1470015485814953893, 1.050809079589580364, 2.045989968960497229 ) ) ;
#4389 = AXIS2_PLACEMENT_3D ( 'NONE', #771, #1393, #2798 ) ;
#4390 = DIRECTION ( 'NONE',  ( 0.000000000000000000, 0.000000000000000000, -1.000000000000000000 ) ) ;
#4391 = CARTESIAN_POINT ( 'NONE',  ( 12.69999999999996732, 15.38188021535169447, -9.023892744153245350E-14 ) ) ;
#4392 = CARTESIAN_POINT ( 'NONE',  ( -11.89999999999999858, 19.16500000000000625, 8.309725586446656123E-14 ) ) ;
#4393 = ORIENTED_EDGE ( 'NONE', *, *, #6255, .F. ) ;
#4394 = DIRECTION ( 'NONE',  ( -0.000000000000000000, 1.000000000000000000, 0.000000000000000000 ) ) ;
#4395 = CARTESIAN_POINT ( 'NONE',  ( 12.69999999999999929, 11.70000000000000817, 1.555301434917137249E-15 ) ) ;
#4396 = EDGE_CURVE ( 'NONE', #6867, #4611, #1354, .T. ) ;
#4397 = APPROVAL ( #4514, '未指定' ) ;
#4398 = ORIENTED_EDGE ( 'NONE', *, *, #5527, .F. ) ;
#4399 = CARTESIAN_POINT ( 'NONE',  ( 0.03610103003384616815, 9.165435523385310645, -3.174999999999999378 ) ) ;
#4400 = EDGE_CURVE ( 'NONE', #4303, #8500, #7382, .T. ) ;
#4401 = DIRECTION ( 'NONE',  ( -0.7071067811865382469, -0.7071067811865568986, 8.659560562354810831E-17 ) ) ;
#4402 = CIRCLE ( 'NONE', #64, 0.3999999999999993006 ) ;
#4403 = CARTESIAN_POINT ( 'NONE',  ( 4.929141392239906772, 14.68187500000001400, 11.89999999999998614 ) ) ;
#4404 = FACE_OUTER_BOUND ( 'NONE', #338, .T. ) ;
#4405 = SHAPE_REPRESENTATION_RELATIONSHIP ( 'NONE' , 'NONE' ,  #4247, #2318 ) ;
#4406 = AXIS2_PLACEMENT_3D ( 'NONE', #4387, #3644, #6407 ) ;
#4407 = DIRECTION ( 'NONE',  ( 1.000000000000000000, -8.746504920891471725E-16, 0.000000000000000000 ) ) ;
#4408 = VERTEX_POINT ( 'NONE', #6085 ) ;
#4409 = AXIS2_PLACEMENT_3D ( 'NONE', #2341, #926, #2949 ) ;
#4410 = FACE_OUTER_BOUND ( 'NONE', #5307, .T. ) ;
#4411 = AXIS2_PLACEMENT_3D ( 'NONE', #354, #1717, #4394 ) ;
#4412 = VERTEX_POINT ( 'NONE', #1522 ) ;
#4413 = DIRECTION ( 'NONE',  ( -1.000000000000000000, -0.000000000000000000, -0.000000000000000000 ) ) ;
#4414 = CARTESIAN_POINT ( 'NONE',  ( 11.19505435126568038, 17.63360752048648905, -4.521820821651916233 ) ) ;
#4415 = AXIS2_PLACEMENT_3D ( 'NONE', #3415, #2767, #5431 ) ;
#4416 = B_SPLINE_CURVE_WITH_KNOTS ( 'NONE', 3,
 ( #7880, #1957, #3144, #2006, #1305, #7129, #3321, #6555, #4637, #7926, #1819, #1913 ),
 .UNSPECIFIED., .F., .F.,
 ( 4, 2, 2, 2, 2, 4 ),
 ( 2.344180752204068229E-07, 0.003137532069197810410, 0.006274829720320400546, 0.007843478545881693229, 0.009412127371442985044, 0.01254942502256556694 ),
 .UNSPECIFIED. ) ;
#4417 = AXIS2_PLACEMENT_3D ( 'NONE', #5342, #6610, #3276 ) ;
#4418 = EDGE_CURVE ( 'NONE', #6537, #567, #6314, .T. ) ;
#4419 = DIRECTION ( 'NONE',  ( -9.800697604388738773E-17, 1.000000000000000000, -0.000000000000000000 ) ) ;
#4420 = VECTOR ( 'NONE', #8158, 1000.000000000000000 ) ;
#4421 = PLANE ( 'NONE',  #5468 ) ;
#4422 = CARTESIAN_POINT ( 'NONE',  ( -9.035340417286477571E-14, 19.58250000000000313, -12.82664718204935106 ) ) ;
#4423 = DIRECTION ( 'NONE',  ( -1.000000000000000000, 0.000000000000000000, 6.448786156047610750E-17 ) ) ;
#4424 = CARTESIAN_POINT ( 'NONE',  ( 9.192421541439370070E-14, 17.67750000000000909, 12.82664718204935106 ) ) ;
#4425 = ORIENTED_EDGE ( 'NONE', *, *, #5299, .T. ) ;
#4426 = CARTESIAN_POINT ( 'NONE',  ( 0.000000000000000000, 34.29999999999999716, 0.000000000000000000 ) ) ;
#4427 = AXIS2_PLACEMENT_3D ( 'NONE', #8309, #1732, #978 ) ;
#4428 = CIRCLE ( 'NONE', #8483, 8.252653961416930528 ) ;
#4429 = CALENDAR_DATE ( 2025, 13, 3 ) ;
#4430 = EDGE_CURVE ( 'NONE', #3918, #6392, #6597, .T. ) ;
#4431 = EDGE_LOOP ( 'NONE', ( #2627, #3974, #1518, #5108 ) ) ;
#4432 = ADVANCED_FACE ( 'NONE', ( #2057 ), #8211, .T. ) ;
#4433 = ORIENTED_EDGE ( 'NONE', *, *, #5504, .T. ) ;
#4434 = FACE_OUTER_BOUND ( 'NONE', #1285, .T. ) ;
#4435 = CARTESIAN_POINT ( 'NONE',  ( -0.5616800317630530337, 1.177882457582258846, 1.976367003650666199 ) ) ;
#4436 = CONICAL_SURFACE ( 'NONE', #1910, 3.399999999999999911, 0.1745329251994260089 ) ;
#4437 = CARTESIAN_POINT ( 'NONE',  ( 33.49999999999999289, 0.000000000000000000, 0.000000000000000000 ) ) ;
#4438 = CARTESIAN_POINT ( 'NONE',  ( -5.516355906948835042, 17.03844431185053665, -11.42067067984531192 ) ) ;
#4439 = DIRECTION ( 'NONE',  ( 0.000000000000000000, 0.000000000000000000, -1.000000000000000000 ) ) ;
#4440 = ORIENTED_EDGE ( 'NONE', *, *, #7392, .F. ) ;
#4441 = DIRECTION ( 'NONE',  ( 1.000000000000000000, 0.000000000000000000, 0.000000000000000000 ) ) ;
#4442 = DIRECTION ( 'NONE',  ( 0.000000000000000000, -0.000000000000000000, 1.000000000000000000 ) ) ;
#4443 = ORIENTED_EDGE ( 'NONE', *, *, #2511, .F. ) ;
#4444 = ADVANCED_FACE ( 'NONE', ( #7492 ), #3412, .F. ) ;
#4445 = ORIENTED_EDGE ( 'NONE', *, *, #1851, .F. ) ;
#4446 = CARTESIAN_POINT ( 'NONE',  ( 0.000000000000000000, -16.49876305844211544, 14.00000000000000000 ) ) ;
#4447 = DIRECTION ( 'NONE',  ( -0.000000000000000000, 1.000000000000000000, -0.000000000000000000 ) ) ;
#4448 = B_SPLINE_CURVE_WITH_KNOTS ( 'NONE', 3,
 ( #3594, #3633, #4332, #5599, #8359, #993 ),
 .UNSPECIFIED., .F., .F.,
 ( 4, 2, 4 ),
 ( 0.01669505163429731848, 0.01941030283746668014, 0.02212555404063604181 ),
 .UNSPECIFIED. ) ;
#4449 = FACE_OUTER_BOUND ( 'NONE', #2813, .T. ) ;
#4450 = DIRECTION ( 'NONE',  ( 0.000000000000000000, 0.000000000000000000, 1.000000000000000000 ) ) ;
#4451 =( LENGTH_UNIT ( ) NAMED_UNIT ( * ) SI_UNIT ( .MILLI., .METRE. ) );
#4452 = TOROIDAL_SURFACE ( 'NONE', #1785, 20.24999999999999645, 1.500000000000001332 ) ;
#4453 = EDGE_CURVE ( 'NONE', #3994, #5368, #591, .T. ) ;
#4454 = CARTESIAN_POINT ( 'NONE',  ( 14.28999999999999737, -1.771777415123104715, -5.230854042680334715 ) ) ;
#4455 = ORIENTED_EDGE ( 'NONE', *, *, #5002, .T. ) ;
#4456 = PLANE ( 'NONE',  #4853 ) ;
#4457 = VECTOR ( 'NONE', #581, 1000.000000000000000 ) ;
#4458 = CARTESIAN_POINT ( 'NONE',  ( -12.27635182233307987, 4.536000727032309825E-16, 3.703925678971643265 ) ) ;
#4459 = ORIENTED_EDGE ( 'NONE', *, *, #4010, .T. ) ;
#4460 = TOROIDAL_SURFACE ( 'NONE', #2087, 20.24999999999999645, 1.500000000000000666 ) ;
#4461 = CARTESIAN_POINT ( 'NONE',  ( 0.000000000000000000, -16.49876305844211544, 0.000000000000000000 ) ) ;
#4462 = PERSON_AND_ORGANIZATION_ROLE ( 'classification_officer' ) ;
#4463 = ADVANCED_FACE ( 'NONE', ( #3497 ), #4018, .T. ) ;
#4464 = DIRECTION ( 'NONE',  ( 0.000000000000000000, 0.000000000000000000, 1.000000000000000000 ) ) ;
#4465 = CARTESIAN_POINT ( 'NONE',  ( -12.56412585201708865, -15.69047268157664021, -9.246769250645099802 ) ) ;
#4466 = CARTESIAN_POINT ( 'NONE',  ( -9.069809202314351282, 14.97875000000001222, 9.069809202314482732 ) ) ;
#4467 = CARTESIAN_POINT ( 'NONE',  ( -9.000000000000001776, -1.199999999999999734, 9.000000000000000000 ) ) ;
#4468 = CARTESIAN_POINT ( 'NONE',  ( -9.069809202314351282, 14.97875000000001400, 9.069809202314482732 ) ) ;
#4469 = ORIENTED_EDGE ( 'NONE', *, *, #2170, .F. ) ;
#4470 = DIRECTION ( 'NONE',  ( -1.000000000000000000, -0.000000000000000000, -0.000000000000000000 ) ) ;
#4471 = CARTESIAN_POINT ( 'NONE',  ( -1.965893980413407460, 16.99999999999999289, -12.54692236597380983 ) ) ;
#4472 =( BOUNDED_CURVE ( )  B_SPLINE_CURVE ( 2, ( #1452, #2861, #3510, #3551, #5522, #1578, #4131, #8196, #6760 ),
 .UNSPECIFIED., .F., .F. ) 
 B_SPLINE_CURVE_WITH_KNOTS ( ( 3, 2, 2, 2, 3 ),
 ( 0.7500000000000000000, 0.7656250000000000000, 0.7812500000000000000, 0.7968749999999998890, 0.8124999999999998890 ),
 .UNSPECIFIED. ) 
 CURVE ( )  GEOMETRIC_REPRESENTATION_ITEM ( )  RATIONAL_B_SPLINE_CURVE ( ( 1.000000000000000000, 0.9238795325112867385, 1.000000000000000000, 0.9238795325112867385, 1.000000000000000000, 0.9238795325112867385, 1.000000000000000000, 0.9238795325112872936, 0.9999999999999994449 ) ) 
 REPRESENTATION_ITEM ( '' )  );
#4473 = APPROVAL_ROLE ( '' ) ;
#4474 = ORIENTED_EDGE ( 'NONE', *, *, #7643, .F. ) ;
#4475 = CARTESIAN_POINT ( 'NONE',  ( 39.00000000000000000, 0.000000000000000000, -7.535898384862284693 ) ) ;
#4476 = CARTESIAN_POINT ( 'NONE',  ( -2.050000000000001155, 2.299999999999994493, 0.1451016197204753333 ) ) ;
#4477 = CARTESIAN_POINT ( 'NONE',  ( 0.1511399062113911451, -3.680339675970654145, 9.525000000000002132 ) ) ;
#4478 = CARTESIAN_POINT ( 'NONE',  ( 0.000000000000000000, -15.69047268157664021, 0.000000000000000000 ) ) ;
#4479 = CARTESIAN_POINT ( 'NONE',  ( 8.414570696119856308, 19.95875000000000554, -8.414570696119973547 ) ) ;
#4480 = EDGE_LOOP ( 'NONE', ( #6584, #877, #399, #137, #5569, #534 ) ) ;
#4481 = DIRECTION ( 'NONE',  ( -1.000000000000000000, -0.000000000000000000, -0.000000000000000000 ) ) ;
#4482 = CARTESIAN_POINT ( 'NONE',  ( 41.39999999999999858, 0.000000000000000000, 0.000000000000000000 ) ) ;
#4483 = CIRCLE ( 'NONE', #4330, 5.949999999999996625 ) ;
#4484 = EDGE_CURVE ( 'NONE', #1793, #6285, #2055, .T. ) ;
#4485 = ORIENTED_EDGE ( 'NONE', *, *, #6170, .T. ) ;
#4486 = DIRECTION ( 'NONE',  ( 8.659560562354932858E-17, -0.7071067811865474617, 0.7071067811865474617 ) ) ;
#4487 = PLANE ( 'NONE',  #2359 ) ;
#4488 = CARTESIAN_POINT ( 'NONE',  ( 12.69999999999996732, 14.11188021535169490, -9.023892744153245350E-14 ) ) ;
#4489 = CARTESIAN_POINT ( 'NONE',  ( 5.000000000000000000, 8.248891971046779403, -4.762500000000000178 ) ) ;
#4490 = DIRECTION ( 'NONE',  ( 1.000000000000000000, 0.000000000000000000, 0.000000000000000000 ) ) ;
#4491 = ADVANCED_FACE ( 'NONE', ( #5554 ), #4899, .T. ) ;
#4492 = SECURITY_CLASSIFICATION ( '', '', #2295 ) ;
#4493 = EDGE_CURVE ( 'NONE', #5265, #3473, #2284, .T. ) ;
#4494 = VECTOR ( 'NONE', #7120, 1000.000000000000000 ) ;
#4495 = CARTESIAN_POINT ( 'NONE',  ( 11.90000000000004832, 14.64062500000001066, 4.929141392239717590 ) ) ;
#4496 = CARTESIAN_POINT ( 'NONE',  ( -11.89999999999996660, 11.62437500000002011, 4.929141392239918318 ) ) ;
#4497 = DIRECTION ( 'NONE',  ( 1.000000000000000000, -8.775090700452167223E-16, 0.000000000000000000 ) ) ;
#4498 = ORIENTED_EDGE ( 'NONE', *, *, #3330, .F. ) ;
#4499 = CARTESIAN_POINT ( 'NONE',  ( -14.00000000000001066, 8.900000000000018119, -13.44999999999999929 ) ) ;
#4500 = CARTESIAN_POINT ( 'NONE',  ( 9.101657815899102548E-14, 12.52438021535169810, 12.69999999999996732 ) ) ;
#4501 = DIRECTION ( 'NONE',  ( 0.000000000000000000, 0.000000000000000000, 1.000000000000000000 ) ) ;
#4502 = ADVANCED_FACE ( 'NONE', ( #3709 ), #8077, .T. ) ;
#4503 = APPROVAL ( #1117, 'UNKNOWN' ) ;
#4504 = ORGANIZATION ( 'NAUO-ORG2', 'UNSPECIFIED', 'UNSPECIFIED' ) ;
#4505 = FACE_OUTER_BOUND ( 'NONE', #7220, .T. ) ;
#4506 = LINE ( 'NONE', #3413, #4340 ) ;
#4507 = AXIS2_PLACEMENT_3D ( 'NONE', #8661, #8006, #7311 ) ;
#4508 = CARTESIAN_POINT ( 'NONE',  ( 9.069809202314353058, 15.61375000000001378, -9.069809202314482732 ) ) ;
#4509 = CARTESIAN_POINT ( 'NONE',  ( 0.000000000000000000, 0.000000000000000000, 0.000000000000000000 ) ) ;
#4510 = CARTESIAN_POINT ( 'NONE',  ( 5.312971222579579766, 13.94687500000001990, 12.82664718204931198 ) ) ;
#4511 = EDGE_LOOP ( 'NONE', ( #571, #7606, #3571, #6533, #1592 ) ) ;
#4512 = DIRECTION ( 'NONE',  ( 1.000000000000000000, 0.000000000000000000, 0.000000000000000000 ) ) ;
#4513 = CARTESIAN_POINT ( 'NONE',  ( 0.000000000000000000, -16.49876305844211544, 0.000000000000000000 ) ) ;
#4514 = APPROVAL_STATUS ( 'not_yet_approved' ) ;
#4515 = CONICAL_SURFACE ( 'NONE', #2972, 9.525000000000000355, 1.308996938995753645 ) ;
#4516 = EDGE_LOOP ( 'NONE', ( #8632, #1272, #6070, #2538 ) ) ;
#4517 = CARTESIAN_POINT ( 'NONE',  ( -11.90000000000004832, 12.73562500000001840, -4.929141392239714037 ) ) ;
#4518 = CARTESIAN_POINT ( 'NONE',  ( 0.000000000000000000, 17.80000000000000071, 0.000000000000000000 ) ) ;
#4519 = CARTESIAN_POINT ( 'NONE',  ( -7.734519322397764185, 11.42365985190773259, 9.730556602075560946 ) ) ;
#4520 = CARTESIAN_POINT ( 'NONE',  ( -12.01323328783535693, 17.14418813208410697, -3.670074322577000281 ) ) ;
#4521 =( BOUNDED_CURVE ( )  B_SPLINE_CURVE ( 2, ( #6475, #1030, #8352, #5072, #379, #3763, #4984, #5724, #6964 ),
 .UNSPECIFIED., .F., .T. ) 
 B_SPLINE_CURVE_WITH_KNOTS ( ( 3, 2, 2, 2, 3 ),
 ( 0.5624999999999998890, 0.5781249999999998890, 0.5937500000000000000, 0.6093750000000000000, 0.6250000000000000000 ),
 .UNSPECIFIED. ) 
 CURVE ( )  GEOMETRIC_REPRESENTATION_ITEM ( )  RATIONAL_B_SPLINE_CURVE ( ( 1.000000000000000444, 0.9238795325112861834, 1.000000000000000000, 0.9238795325112867385, 1.000000000000000000, 0.9238795325112867385, 1.000000000000000000, 0.9238795325112867385, 1.000000000000000000 ) ) 
 REPRESENTATION_ITEM ( '' )  );
#4522 = CARTESIAN_POINT ( 'NONE',  ( 1.239098530816317244E-13, 11.86250000000001847, 11.89999999999999858 ) ) ;
#4523 = ORIENTED_EDGE ( 'NONE', *, *, #101, .F. ) ;
#4524 = CARTESIAN_POINT ( 'NONE',  ( -12.69999999999996732, 12.20688021535169732, 8.868362600661530955E-14 ) ) ;
#4525 = LINE ( 'NONE', #4395, #8366 ) ;
#4526 = ADVANCED_FACE ( 'NONE', ( #5106, #4410 ), #4456, .F. ) ;
#4527 = ORIENTED_EDGE ( 'NONE', *, *, #1159, .F. ) ;
#4528 = AXIS2_PLACEMENT_3D ( 'NONE', #282, #6348, #2966 ) ;
#4529 = ORIENTED_EDGE ( 'NONE', *, *, #4021, .T. ) ;
#4530 = DIRECTION ( 'NONE',  ( -0.000000000000000000, -1.000000000000000000, -0.000000000000000000 ) ) ;
#4531 = CARTESIAN_POINT ( 'NONE',  ( 12.69999999999997620, 11.70921183687280376, 0.5903668450460712869 ) ) ;
#4532 = ORIENTED_EDGE ( 'NONE', *, *, #1461, .F. ) ;
#4533 = CARTESIAN_POINT ( 'NONE',  ( 11.89999999999996483, 17.53937500000000327, -4.929141392239915653 ) ) ;
#4534 = CARTESIAN_POINT ( 'NONE',  ( 8.414570696119843873, 17.41875000000000639, -8.414570696119985982 ) ) ;
#4535 = DIRECTION ( 'NONE',  ( -1.000000000000000000, -0.000000000000000000, -0.000000000000000000 ) ) ;
#4536 = ORIENTED_EDGE ( 'NONE', *, *, #2474, .T. ) ;
#4537 = CALENDAR_DATE ( 2025, 13, 3 ) ;
#4538 = EDGE_CURVE ( 'NONE', #1639, #2560, #3797, .T. ) ;
#4539 = CARTESIAN_POINT ( 'NONE',  ( 4.929141392239906772, 14.48187500000001471, 11.89999999999998614 ) ) ;
#4540 = ORIENTED_EDGE ( 'NONE', *, *, #6466, .T. ) ;
#4541 = DIRECTION ( 'NONE',  ( -8.775090700452169195E-16, -1.000000000000000000, -0.000000000000000000 ) ) ;
#4542 = DIRECTION ( 'NONE',  ( -1.000000000000000000, 8.195543980992796558E-16, 0.000000000000000000 ) ) ;
#4543 = ORIENTED_EDGE ( 'NONE', *, *, #627, .F. ) ;
#4544 = LINE ( 'NONE', #5943, #2719 ) ;
#4545 = EDGE_CURVE ( 'NONE', #89, #822, #1154, .T. ) ;
#4546 = CARTESIAN_POINT ( 'NONE',  ( 12.94999999999999218, -11.19999999999999751, -13.44999999999999929 ) ) ;
#4547 = AXIS2_PLACEMENT_3D ( 'NONE', #6341, #6956, #6216 ) ;
#4548 = TOROIDAL_SURFACE ( 'NONE', #5799, 5.949999999999999289, 0.3999999999999988565 ) ;
#4549 = DIRECTION ( 'NONE',  ( 1.000000000000000000, 0.000000000000000000, 0.000000000000000000 ) ) ;
#4550 = CARTESIAN_POINT ( 'NONE',  ( 33.09999999999998721, 4.133182947122318646E-16, -3.174999999999999822 ) ) ;
#4551 = CARTESIAN_POINT ( 'NONE',  ( 5.312971222579394137, 15.69312500000001265, -12.82664718204939014 ) ) ;
#4552 = CARTESIAN_POINT ( 'NONE',  ( -0.5000000000000035527, 0.000000000000000000, 0.000000000000000000 ) ) ;
#4553 = CARTESIAN_POINT ( 'NONE',  ( 9.192421541439370070E-14, 10.05750000000002409, 12.82664718204935106 ) ) ;
#4555 = ORIENTED_EDGE ( 'NONE', *, *, #7727, .F. ) ;
#4554 = VECTOR ( 'NONE', #5953, 1000.000000000000000 ) ;
#4556 = FACE_OUTER_BOUND ( 'NONE', #6820, .T. ) ;
#4557 = DIRECTION ( 'NONE',  ( 0.000000000000000000, 0.000000000000000000, -1.000000000000000000 ) ) ;
#4558 = APPROVAL_DATE_TIME ( #2728, #7995 ) ;
#4559 = CIRCLE ( 'NONE', #7923, 15.59999999999999964 ) ;
#4560 = ADVANCED_FACE ( 'NONE', ( #7221 ), #2619, .F. ) ;
#4561 = ORIENTED_EDGE ( 'NONE', *, *, #2458, .F. ) ;
#4562 = ORIENTED_EDGE ( 'NONE', *, *, #4731, .T. ) ;
#4563 = CARTESIAN_POINT ( 'NONE',  ( -8.414570696119866966, 12.97375000000001677, 8.414570696119962889 ) ) ;
#4564 = CARTESIAN_POINT ( 'NONE',  ( -8.980256121069194464, 14.73436978464833302, -8.980256121069066566 ) ) ;
#4565 = FACE_OUTER_BOUND ( 'NONE', #224, .T. ) ;
#4566 = CARTESIAN_POINT ( 'NONE',  ( 24.00000000000000000, 0.000000000000000000, 0.000000000000000000 ) ) ;
#4567 = AXIS2_PLACEMENT_3D ( 'NONE', #6654, #7930, #2630 ) ;
#4568 = CONICAL_SURFACE ( 'NONE', #2900, 25.31891155881011102, 1.047197551196596743 ) ;
#4569 = CARTESIAN_POINT ( 'NONE',  ( -11.90000000000003233, 15.27562500000001044, -4.929141392239748676 ) ) ;
#4570 = ORIENTED_EDGE ( 'NONE', *, *, #3860, .F. ) ;
#4571 = CARTESIAN_POINT ( 'NONE',  ( 12.69999999999996909, 15.52811978464833231, -9.023892744153249136E-14 ) ) ;
#4572 = LINE ( 'NONE', #5137, #6137 ) ;
#4573 = VECTOR ( 'NONE', #6805, 1000.000000000000114 ) ;
#4574 = EDGE_LOOP ( 'NONE', ( #7152, #7619 ) ) ;
#4575 = CARTESIAN_POINT ( 'NONE',  ( 4.727964354120389068, -5.957533090200453074, 8.731250000000001066 ) ) ;
#4576 = ORIENTED_EDGE ( 'NONE', *, *, #8017, .F. ) ;
#4577 = CARTESIAN_POINT ( 'NONE',  ( 0.3948291982182993154, -5.499261314031187453, 9.525000000000002132 ) ) ;
#4578 = ORIENTED_EDGE ( 'NONE', *, *, #5800, .T. ) ;
#4579 = CARTESIAN_POINT ( 'NONE',  ( 11.89999999999999858, 13.65000000000001457, -8.455458555545188678E-14 ) ) ;
#4580 = VERTEX_POINT ( 'NONE', #5241 ) ;
#4581 = CARTESIAN_POINT ( 'NONE',  ( -6.999999999999999112, 0.000000000000000000, 0.000000000000000000 ) ) ;
#4582 = VERTEX_POINT ( 'NONE', #633 ) ;
#4583 = COORDINATED_UNIVERSAL_TIME_OFFSET ( 8, 0, .AHEAD. ) ;
#4584 = CARTESIAN_POINT ( 'NONE',  ( 1.180805343176903212E-13, 14.40250000000001229, 11.89999999999999858 ) ) ;
#4585 = ORIENTED_EDGE ( 'NONE', *, *, #1101, .T. ) ;
#4586 = CARTESIAN_POINT ( 'NONE',  ( -13.44999999999999929, 8.900000000000016342, -13.44999999999999929 ) ) ;
#4587 = DIRECTION ( 'NONE',  ( 0.000000000000000000, 0.000000000000000000, -1.000000000000000000 ) ) ;
#4588 = ORIENTED_EDGE ( 'NONE', *, *, #2443, .F. ) ;
#4589 = CARTESIAN_POINT ( 'NONE',  ( 12.56412585201708687, -15.69047268157664021, 9.246769250645106908 ) ) ;
#4590 = CIRCLE ( 'NONE', #7819, 3.174999999999999822 ) ;
#4591 = DIRECTION ( 'NONE',  ( -8.775090700452169195E-16, -1.000000000000000000, -0.000000000000000000 ) ) ;
#4592 = EDGE_CURVE ( 'NONE', #8179, #7563, #6673, .T. ) ;
#4593 = EDGE_CURVE ( 'NONE', #8188, #1466, #40, .T. ) ;
#4594 = CIRCLE ( 'NONE', #809, 14.00000000000000000 ) ;
#4595 = LINE ( 'NONE', #643, #6665 ) ;
#4596 = CARTESIAN_POINT ( 'NONE',  ( 4.929141392239907660, 13.41187500000001620, 11.89999999999998437 ) ) ;
#4597 = CARTESIAN_POINT ( 'NONE',  ( -12.82664718204931198, 17.43937500000000540, 5.312971222579581543 ) ) ;
#4598 = CARTESIAN_POINT ( 'NONE',  ( 2.037278469170194395, 0.6980478181060933984, -0.2606177912463263358 ) ) ;
#4599 = PRODUCT_RELATED_PRODUCT_CATEGORY ( 'detail', '', ( #7885 ) ) ;
#4600 = DIRECTION ( 'NONE',  ( 0.000000000000000000, 0.000000000000000000, 1.000000000000000000 ) ) ;
#4601 = EDGE_LOOP ( 'NONE', ( #7431, #6982, #1301, #3941 ) ) ;
#4602 = CARTESIAN_POINT ( 'NONE',  ( 4.884525182647623254, -1.384472845940715402, 13.68058876437439864 ) ) ;
#4603 = FACE_OUTER_BOUND ( 'NONE', #7914, .T. ) ;
#4604 = APPROVAL_DATE_TIME ( #3900, #4397 ) ;
#4605 = ORIENTED_EDGE ( 'NONE', *, *, #8518, .F. ) ;
#4606 = DIRECTION ( 'NONE',  ( 1.000000000000000000, 0.000000000000000000, 0.000000000000000000 ) ) ;
#4607 = CARTESIAN_POINT ( 'NONE',  ( -8.946127672407391939E-14, 14.57561978464833352, -12.69999999999996909 ) ) ;
#4608 = CARTESIAN_POINT ( 'NONE',  ( -8.308988999489114440E-14, 11.42750000000001975, -11.89999999999999858 ) ) ;
#4609 = DIRECTION ( 'NONE',  ( 0.000000000000000000, 0.000000000000000000, 1.000000000000000000 ) ) ;
#4610 = CARTESIAN_POINT ( 'NONE',  ( 8.528325040094458741E-14, 16.94250000000000966, 11.89999999999999858 ) ) ;
#4611 = VERTEX_POINT ( 'NONE', #5939 ) ;
#4612 = CARTESIAN_POINT ( 'NONE',  ( -13.44999999999999929, 8.900000000000016342, 12.94999999999999218 ) ) ;
#4613 = DIRECTION ( 'NONE',  ( 0.000000000000000000, 0.000000000000000000, 1.000000000000000000 ) ) ;
#4614 = ORIENTED_EDGE ( 'NONE', *, *, #1855, .F. ) ;
#4615 = EDGE_CURVE ( 'NONE', #6154, #8036, #6646, .T. ) ;
#4616 = EDGE_LOOP ( 'NONE', ( #1028, #770, #377, #3741 ) ) ;
#4617 = ORIENTED_EDGE ( 'NONE', *, *, #149, .F. ) ;
#4618 = CARTESIAN_POINT ( 'NONE',  ( -13.99999999999999822, -10.69999999999999041, 13.44999999999999929 ) ) ;
#4619 = VERTEX_POINT ( 'NONE', #4682 ) ;
#4620 = AXIS2_PLACEMENT_3D ( 'NONE', #7714, #2322, #3065 ) ;
#4621 = CARTESIAN_POINT ( 'NONE',  ( -15.22582127265071783, 33.79999999999998295, -7.561373325877829288 ) ) ;
#4622 = ORIENTED_EDGE ( 'NONE', *, *, #6822, .T. ) ;
#4623 = CARTESIAN_POINT ( 'NONE',  ( 11.89999999999996483, 12.45937500000001918, -4.929141392239915653 ) ) ;
#4624 = AXIS2_PLACEMENT_3D ( 'NONE', #489, #3177, #3747 ) ;
#4625 = DIRECTION ( 'NONE',  ( -0.000000000000000000, 0.000000000000000000, -1.000000000000000000 ) ) ;
#4626 = LINE ( 'NONE', #1857, #4494 ) ;
#4627 = EDGE_CURVE ( 'NONE', #7960, #2708, #7359, .T. ) ;
#4628 = ORIENTED_EDGE ( 'NONE', *, *, #4994, .T. ) ;
#4629 = DIRECTION ( 'NONE',  ( 0.000000000000000000, 0.000000000000000000, 1.000000000000000000 ) ) ;
#4630 = CIRCLE ( 'NONE', #7786, 0.2999999999999999334 ) ;
#4631 = CIRCLE ( 'NONE', #843, 1.500000000000001332 ) ;
#4632 = CARTESIAN_POINT ( 'NONE',  ( -8.414570696119973547, 16.66625000000000867, -8.414570696119856308 ) ) ;
#4633 = ORIENTED_EDGE ( 'NONE', *, *, #362, .F. ) ;
#4634 = CARTESIAN_POINT ( 'NONE',  ( 5.695225058835894139, 0.000000000000000000, 0.000000000000000000 ) ) ;
#4635 = CARTESIAN_POINT ( 'NONE',  ( 1.026685611952905444E-14, 11.70000000000001883, 0.000000000000000000 ) ) ;
#4636 = ORIENTED_EDGE ( 'NONE', *, *, #1608, .F. ) ;
#4637 = CARTESIAN_POINT ( 'NONE',  ( -4.884525182647618813, -1.384472845940714736, -13.68058876437439331 ) ) ;
#4638 = LINE ( 'NONE', #8576, #7580 ) ;
#4639 = ADVANCED_FACE ( 'NONE', ( #7171 ), #4568, .T. ) ;
#4640 = CONICAL_SURFACE ( 'NONE', #2118, 11.09999999999998543, 0.7853981633974526089 ) ;
#4641 = CYLINDRICAL_SURFACE ( 'NONE', #5961, 2.300000000000001599 ) ;
#4642 = CARTESIAN_POINT ( 'NONE',  ( -7.726057123094974125E-14, 13.96750000000001535, -11.89999999999999858 ) ) ;
#4643 = APPROVAL_PERSON_ORGANIZATION ( #3772, #4797, #4473 ) ;
#4644 = CARTESIAN_POINT ( 'NONE',  ( -5.312971222579573549, 14.58187500000001613, -12.82664718204931376 ) ) ;
#4645 = CARTESIAN_POINT ( 'NONE',  ( 4.848860093788610826, 3.680339675970653257, 9.525000000000002132 ) ) ;
#4646 = CARTESIAN_POINT ( 'NONE',  ( -12.82664718204939014, 12.20062500000002004, -5.312971222579394137 ) ) ;
#4647 = ORIENTED_EDGE ( 'NONE', *, *, #5563, .F. ) ;
#4648 = LINE ( 'NONE', #1215, #7476 ) ;
#4649 = AXIS2_PLACEMENT_3D ( 'NONE', #1972, #5309, #7937 ) ;
#4650 = ADVANCED_FACE ( 'NONE', ( #498 ), #5550, .T. ) ;
#4651 = DIRECTION ( 'NONE',  ( 0.000000000000000000, 1.000000000000000000, 0.000000000000000000 ) ) ;
#4652 = PERSON_AND_ORGANIZATION ( #129, #430 ) ;
#4653 = CC_DESIGN_APPROVAL ( #5672, ( #5893 ) ) ;
#4654 = ADVANCED_FACE ( 'NONE', ( #2525 ), #7656, .F. ) ;
#4655 = ORIENTED_EDGE ( 'NONE', *, *, #5283, .T. ) ;
#4656 = EDGE_LOOP ( 'NONE', ( #3187, #3993, #71, #6679 ) ) ;
#4657 = DIRECTION ( 'NONE',  ( 0.000000000000000000, -1.000000000000000000, 0.000000000000000000 ) ) ;
#4658 = CARTESIAN_POINT ( 'NONE',  ( -13.70000000000000107, -17.39999999999999858, 0.000000000000000000 ) ) ;
#4659 = CARTESIAN_POINT ( 'NONE',  ( 41.00000000000000000, 3.306546357697853733E-16, -2.700000000000000178 ) ) ;
#4660 = DIRECTION ( 'NONE',  ( 0.000000000000000000, 0.000000000000000000, 1.000000000000000000 ) ) ;
#4661 = CARTESIAN_POINT ( 'NONE',  ( -8.382592070995923663E-14, 16.30750000000000810, -11.89999999999999858 ) ) ;
#4662 = VERTEX_POINT ( 'NONE', #1861 ) ;
#4663 = DIRECTION ( 'NONE',  ( 1.000000000000000000, -8.775090700452170181E-16, 0.000000000000000000 ) ) ;
#4664 = LINE ( 'NONE', #8597, #7030 ) ;
#4665 = EDGE_CURVE ( 'NONE', #3069, #2119, #6551, .T. ) ;
#4666 = ORIENTED_EDGE ( 'NONE', *, *, #7122, .F. ) ;
#4667 = CARTESIAN_POINT ( 'NONE',  ( 0.3952250588359064176, 0.000000000000000000, 0.000000000000000000 ) ) ;
#4668 = DIRECTION ( 'NONE',  ( 0.000000000000000000, 0.000000000000000000, 1.000000000000000000 ) ) ;
#4669 = ORIENTED_EDGE ( 'NONE', *, *, #6386, .T. ) ;
#4670 = CARTESIAN_POINT ( 'NONE',  ( -4.929141392239914765, 12.77687500000001464, -11.89999999999996483 ) ) ;
#4671 = ADVANCED_FACE ( 'NONE', ( #2480 ), #2624, .T. ) ;
#4672 = APPROVAL ( #316, '未指定' ) ;
#4673 = CARTESIAN_POINT ( 'NONE',  ( 40.99999999999999289, 2.816687638038913535E-16, -2.300000000000001155 ) ) ;
#4674 = CARTESIAN_POINT ( 'NONE',  ( -13.79999999999999716, 3.918869757271530460E-16, -3.200000000000000178 ) ) ;
#4675 = EDGE_LOOP ( 'NONE', ( #2130, #1781, #1721, #6029 ) ) ;
#4676 = PRODUCT_DEFINITION_SHAPE ( 'NONE', 'NONE',  #6304 ) ;
#4677 = DIRECTION ( 'NONE',  ( 0.8871762082151447570, 0.000000000000000000, -0.4614307917521305868 ) ) ;
#4678 = AXIS2_PLACEMENT_3D ( 'NONE', #6962, #6262, #940 ) ;
#4679 = ADVANCED_FACE ( 'NONE', ( #1954 ), #6515, .T. ) ;
#4680 = CARTESIAN_POINT ( 'NONE',  ( 40.20000000000001705, 4.500576986866528725E-16, -3.675000000000004707 ) ) ;
#4681 = ORIENTED_EDGE ( 'NONE', *, *, #3788, .F. ) ;
#4682 = CARTESIAN_POINT ( 'NONE',  ( -13.79999999999999893, 2.299999999999993161, 0.000000000000000000 ) ) ;
#4683 = CIRCLE ( 'NONE', #1023, 11.69999999999998863 ) ;
#4684 = FACE_OUTER_BOUND ( 'NONE', #1843, .T. ) ;
#4685 = ORIENTED_EDGE ( 'NONE', *, *, #5772, .F. ) ;
#4686 = CARTESIAN_POINT ( 'NONE',  ( -7.653362724167342535, 17.29750269002667196, 9.767813329542880396 ) ) ;
#4687 = CARTESIAN_POINT ( 'NONE',  ( 0.000000000000000000, 17.80000000000000071, 0.000000000000000000 ) ) ;
#4688 = FACE_BOUND ( 'NONE', #3799, .T. ) ;
#4689 = LINE ( 'NONE', #686, #1963 ) ;
#4690 = CARTESIAN_POINT ( 'NONE',  ( 5.312971222579579766, 13.94687500000001457, 12.82664718204931198 ) ) ;
#4691 = CARTESIAN_POINT ( 'NONE',  ( 1.725874147982891182, -5.311121375574509409E-16, -15.50423678951415773 ) ) ;
#4692 = CARTESIAN_POINT ( 'NONE',  ( -5.312971222579396802, 9.978125000000023448, 12.82664718204939014 ) ) ;
#4693 = ORIENTED_EDGE ( 'NONE', *, *, #7089, .T. ) ;
#4694 = DIRECTION ( 'NONE',  ( 0.000000000000000000, 0.000000000000000000, 1.000000000000000000 ) ) ;
#4695 = CARTESIAN_POINT ( 'NONE',  ( -11.69999999999997797, 10.90000000000001990, 1.432836755002401707E-15 ) ) ;
#4696 = APPROVAL_DATE_TIME ( #5354, #7360 ) ;
#4697 = VECTOR ( 'NONE', #1173, 1000.000000000000000 ) ;
#4698 = CIRCLE ( 'NONE', #898, 15.59999999999999964 ) ;
#4699 = EDGE_CURVE ( 'NONE', #1601, #7996, #7503, .T. ) ;
#4700 = ORIENTED_EDGE ( 'NONE', *, *, #7553, .T. ) ;
#4701 = ORIENTED_EDGE ( 'NONE', *, *, #3752, .F. ) ;
#4702 = FACE_OUTER_BOUND ( 'NONE', #6961, .T. ) ;
#4703 = CARTESIAN_POINT ( 'NONE',  ( 8.980256121069066566, 14.41686978464833402, -8.980256121069194464 ) ) ;
#4704 = CARTESIAN_POINT ( 'NONE',  ( -9.000000000000001776, -1.199999999999999734, 9.000000000000000000 ) ) ;
#4705 = DIRECTION ( 'NONE',  ( -1.000000000000000000, -0.000000000000000000, -0.000000000000000000 ) ) ;
#4706 = CARTESIAN_POINT ( 'NONE',  ( 8.414570696119856308, 13.60875000000001478, -8.414570696119973547 ) ) ;
#4707 = VERTEX_POINT ( 'NONE', #6034 ) ;
#4708 = LINE ( 'NONE', #2739, #484 ) ;
#4709 = CIRCLE ( 'NONE', #3855, 11.89999999999998970 ) ;
#4710 = FACE_OUTER_BOUND ( 'NONE', #1583, .T. ) ;
#4711 = EDGE_CURVE ( 'NONE', #6723, #8669, #20, .T. ) ;
#4712 = VECTOR ( 'NONE', #3862, 1000.000000000000000 ) ;
#4713 = ADVANCED_FACE ( 'NONE', ( #3450 ), #808, .T. ) ;
#4714 = ORIENTED_EDGE ( 'NONE', *, *, #6632, .F. ) ;
#4715 = AXIS2_PLACEMENT_3D ( 'NONE', #6397, #381, #5768 ) ;
#4716 = FACE_OUTER_BOUND ( 'NONE', #2749, .T. ) ;
#4717 = CARTESIAN_POINT ( 'NONE',  ( 24.00000000000000000, 0.000000000000000000, 2.299999999999999822 ) ) ;
#4718 = ORIENTED_EDGE ( 'NONE', *, *, #7130, .T. ) ;
#4719 = CARTESIAN_POINT ( 'NONE',  ( -4.929141392239751340, 10.71312500000001933, 11.90000000000003233 ) ) ;
#4720 = EDGE_CURVE ( 'NONE', #7385, #143, #361, .T. ) ;
#4721 = DIRECTION ( 'NONE',  ( -0.9848077530122093526, 0.000000000000000000, 0.1736481776669235311 ) ) ;
#4722 = VERTEX_POINT ( 'NONE', #2713 ) ;
#4723 = AXIS2_PLACEMENT_3D ( 'NONE', #1823, #7180, #5849 ) ;
#4724 = PERSON_AND_ORGANIZATION_ROLE ( 'design_owner' ) ;
#4725 = CIRCLE ( 'NONE', #920, 3.174999999999999822 ) ;
#4726 = CARTESIAN_POINT ( 'NONE',  ( -8.946127672407389414E-14, 13.15938021535169611, -12.69999999999996732 ) ) ;
#4727 = EDGE_LOOP ( 'NONE', ( #8335, #8023, #7201, #6884, #4555, #564, #6582, #8291, #4954, #6429 ) ) ;
#4728 = DIRECTION ( 'NONE',  ( -1.000000000000000000, -0.000000000000000000, -0.000000000000000000 ) ) ;
#4729 = EDGE_LOOP ( 'NONE', ( #2214, #2653, #5923, #1470, #2873 ) ) ;
#4730 = CARTESIAN_POINT ( 'NONE',  ( 9.620545177711774087, 17.49897742771142362, 7.514891970728777792 ) ) ;
#4731 = EDGE_CURVE ( 'NONE', #7740, #5478, #6817, .T. ) ;
#4732 = DIRECTION ( 'NONE',  ( 0.000000000000000000, 0.000000000000000000, 1.000000000000000000 ) ) ;
#4733 = CARTESIAN_POINT ( 'NONE',  ( 8.528325040094456217E-14, 19.68250000000000099, 11.89999999999999858 ) ) ;
#4734 = LINE ( 'NONE', #8677, #4554 ) ;
#4735 = CARTESIAN_POINT ( 'NONE',  ( -11.99999999999997868, 9.700000000000022382, 1.469576158976822369E-15 ) ) ;
#4736 = ORIENTED_EDGE ( 'NONE', *, *, #2236, .F. ) ;
#4737 = FACE_OUTER_BOUND ( 'NONE', #8584, .T. ) ;
#4738 = DIRECTION ( 'NONE',  ( -1.000000000000000000, 0.000000000000000000, 0.000000000000000000 ) ) ;
#4739 = DATE_AND_TIME ( #3504, #1143 ) ;
#4740 = EDGE_CURVE ( 'NONE', #6370, #1848, #1626, .T. ) ;
#4741 = AXIS2_PLACEMENT_3D ( 'NONE', #2354, #3057, #3668 ) ;
#4742 = ORIENTED_EDGE ( 'NONE', *, *, #7204, .T. ) ;
#4743 = VERTEX_POINT ( 'NONE', #2133 ) ;
#4744 = CARTESIAN_POINT ( 'NONE',  ( 0.7493632228424861319, 1.081803597515603288, 1.912654208295737179 ) ) ;
#4745 = CYLINDRICAL_SURFACE ( 'NONE', #2758, 15.59999999999999964 ) ;
#4746 = CYLINDRICAL_SURFACE ( 'NONE', #3641, 8.099999999999999645 ) ;
#4747 = CYLINDRICAL_SURFACE ( 'NONE', #2613, 6.349999999999999645 ) ;
#4748 = DIRECTION ( 'NONE',  ( 0.000000000000000000, 0.000000000000000000, 1.000000000000000000 ) ) ;
#4749 = VECTOR ( 'NONE', #4810, 1000.000000000000000 ) ;
#4750 = CARTESIAN_POINT ( 'NONE',  ( 4.929141392239922759, 17.02187500000000853, 11.89999999999996305 ) ) ;
#4751 = ORIENTED_EDGE ( 'NONE', *, *, #6206, .F. ) ;
#4752 = DIRECTION ( 'NONE',  ( -9.800697604388738773E-17, 1.000000000000000000, -0.000000000000000000 ) ) ;
#4753 = CARTESIAN_POINT ( 'NONE',  ( -11.44999999999999751, 7.060900368822720985, 0.000000000000000000 ) ) ;
#4754 = CIRCLE ( 'NONE', #4317, 2.299999999999999822 ) ;
#4755 = ORIENTED_EDGE ( 'NONE', *, *, #4615, .F. ) ;
#4756 = CARTESIAN_POINT ( 'NONE',  ( -8.017523061292044283E-14, 12.69750000000001577, -11.89999999999999858 ) ) ;
#4757 = PLANE ( 'NONE',  #7472 ) ;
#4758 = ORIENTED_EDGE ( 'NONE', *, *, #8496, .T. ) ;
#4759 = CARTESIAN_POINT ( 'NONE',  ( -11.89999999999996305, 13.09437500000001720, 4.929141392239922759 ) ) ;
#4760 = CARTESIAN_POINT ( 'NONE',  ( -14.29000000000000803, -15.69047268157664021, -6.257467538869046386 ) ) ;
#4761 = EDGE_CURVE ( 'NONE', #3923, #4707, #2174, .T. ) ;
#4762 = PERSON_AND_ORGANIZATION ( #129, #430 ) ;
#4763 = ORIENTED_EDGE ( 'NONE', *, *, #3733, .T. ) ;
#4764 = APPROVAL ( #6374, '未指定' ) ;
#4765 = AXIS2_PLACEMENT_3D ( 'NONE', #2277, #5565, #825 ) ;
#4766 = FACE_OUTER_BOUND ( 'NONE', #2015, .T. ) ;
#4767 = CARTESIAN_POINT ( 'NONE',  ( 1.122512155537489559E-13, 17.14250000000000895, 11.89999999999999858 ) ) ;
#4768 = AXIS2_PLACEMENT_3D ( 'NONE', #1897, #6681, #1235 ) ;
#4769 = EDGE_CURVE ( 'NONE', #3669, #7484, #4811, .T. ) ;
#4770 = ORIENTED_EDGE ( 'NONE', *, *, #2563, .T. ) ;
#4771 = CARTESIAN_POINT ( 'NONE',  ( 11.50007457652317555, 17.54209598205188314, 3.965820559391619149 ) ) ;
#4772 = DIRECTION ( 'NONE',  ( -8.775090700452169195E-16, -1.000000000000000000, -0.000000000000000000 ) ) ;
#4773 = CIRCLE ( 'NONE', #7993, 2.499999999999998668 ) ;
#4774 = ADVANCED_FACE ( 'NONE', ( #114 ), #4195, .F. ) ;
#4775 = CARTESIAN_POINT ( 'NONE',  ( 5.260512242138389638, 16.55999478464833174, 12.69999999999992824 ) ) ;
#4776 = CARTESIAN_POINT ( 'NONE',  ( 5.312971222579394137, 13.15312500000001705, -12.82664718204939014 ) ) ;
#4777 = DIRECTION ( 'NONE',  ( 0.000000000000000000, -1.000000000000000000, 0.000000000000000000 ) ) ;
#4778 = CARTESIAN_POINT ( 'NONE',  ( 0.3948291982182989823, -10.99852262806237313, 4.928329209517584241E-15 ) ) ;
#4779 = ORIENTED_EDGE ( 'NONE', *, *, #495, .F. ) ;
#4780 = EDGE_CURVE ( 'NONE', #7996, #5610, #6124, .T. ) ;
#4781 = CC_DESIGN_PERSON_AND_ORGANIZATION_ASSIGNMENT ( #4652, #7188, ( #6433 ) ) ;
#4782 = CARTESIAN_POINT ( 'NONE',  ( 0.000000000000000000, 0.000000000000000000, 0.000000000000000000 ) ) ;
#4783 = CALENDAR_DATE ( 2025, 13, 3 ) ;
#4784 = AXIS2_PLACEMENT_3D ( 'NONE', #4513, #6404, #2493 ) ;
#4785 = ORIENTED_EDGE ( 'NONE', *, *, #875, .F. ) ;
#4786 = APPROVAL_PERSON_ORGANIZATION ( #3815, #4890, #2495 ) ;
#4787 = EDGE_LOOP ( 'NONE', ( #2592, #6151, #3561, #6364, #4178, #4445 ) ) ;
#4788 = FACE_OUTER_BOUND ( 'NONE', #6419, .T. ) ;
#4789 = CIRCLE ( 'NONE', #1835, 14.00000000000000000 ) ;
#4790 = CARTESIAN_POINT ( 'NONE',  ( 13.44999999999999929, 8.899999999999993250, -12.94999999999999218 ) ) ;
#4791 = DIRECTION ( 'NONE',  ( 0.000000000000000000, 0.000000000000000000, 1.000000000000000000 ) ) ;
#4792 = CARTESIAN_POINT ( 'NONE',  ( 0.000000000000000000, -2.009527318423362185, 0.000000000000000000 ) ) ;
#4793 = CARTESIAN_POINT ( 'NONE',  ( 8.414570696119856308, 12.33875000000001876, -8.414570696119973547 ) ) ;
#4794 = ORIENTED_EDGE ( 'NONE', *, *, #5260, .T. ) ;
#4795 = DIRECTION ( 'NONE',  ( -0.7071067811865499042, 0.7071067811865451302, 0.000000000000000000 ) ) ;
#4796 = DIRECTION ( 'NONE',  ( -1.000000000000000000, -0.000000000000000000, -0.000000000000000000 ) ) ;
#4797 = APPROVAL ( #3118, '未指定' ) ;
#4798 = AXIS2_PLACEMENT_3D ( 'NONE', #638, #1959, #4501 ) ;
#4799 = ORIENTED_EDGE ( 'NONE', *, *, #5934, .F. ) ;
#4800 = EDGE_LOOP ( 'NONE', ( #2147, #4808, #2805 ) ) ;
#4801 = CARTESIAN_POINT ( 'NONE',  ( 8.034646945590148803, -1.268955198721824607, -11.86186511655942866 ) ) ;
#4802 = CARTESIAN_POINT ( 'NONE',  ( -2.034263162620930210, 2.285941745493805133, -0.2916141632692254015 ) ) ;
#4803 = ORIENTED_EDGE ( 'NONE', *, *, #4174, .F. ) ;
#4804 = DIRECTION ( 'NONE',  ( -1.000000000000000000, -0.000000000000000000, -0.000000000000000000 ) ) ;
#4805 = PERSON_AND_ORGANIZATION ( #129, #430 ) ;
#4806 = B_SPLINE_CURVE_WITH_KNOTS ( 'NONE', 3,
 ( #691, #5308, #8495, #8681, #511, #3196, #3987, #7978, #5855, #5350, #1970, #3282, #8538, #599 ),
 .UNSPECIFIED., .F., .F.,
 ( 4, 2, 2, 2, 2, 2, 4 ),
 ( 5.279668731190015502E-16, 0.001591008114409100775, 0.003182016228817673327, 0.006364032457634827972, 0.009546048686451980014, 0.01113705680086055777, 0.01272806491526913553 ),
 .UNSPECIFIED. ) ;
#4807 = AXIS2_PLACEMENT_3D ( 'NONE', #2782, #6629, #3388 ) ;
#4808 = ORIENTED_EDGE ( 'NONE', *, *, #3050, .T. ) ;
#4809 = AXIS2_PLACEMENT_3D ( 'NONE', #6587, #5371, #3302 ) ;
#4810 = DIRECTION ( 'NONE',  ( -1.000000000000000000, -0.000000000000000000, -0.000000000000000000 ) ) ;
#4811 = LINE ( 'NONE', #1390, #5273 ) ;
#4812 =( BOUNDED_CURVE ( )  B_SPLINE_CURVE ( 2, ( #4350, #963, #7024 ),
 .UNSPECIFIED., .F., .F. ) 
 B_SPLINE_CURVE_WITH_KNOTS ( ( 3, 3 ),
 ( 0.2789275894978148762, 0.2812500000000001110 ),
 .UNSPECIFIED. ) 
 CURVE ( )  GEOMETRIC_REPRESENTATION_ITEM ( )  RATIONAL_B_SPLINE_CURVE ( ( 0.9807351085325344275, 0.9886858897198704810, 1.000000000000000444 ) ) 
 REPRESENTATION_ITEM ( '' )  );
#4813 = ORIENTED_EDGE ( 'NONE', *, *, #1647, .T. ) ;
#4814 = CARTESIAN_POINT ( 'NONE',  ( -12.51422759781521243, 17.18577240218479218, 0.4016141550950382832 ) ) ;
#4815 = CIRCLE ( 'NONE', #3684, 2.499999999999998668 ) ;
#4816 = DIRECTION ( 'NONE',  ( 0.000000000000000000, 0.000000000000000000, -1.000000000000000000 ) ) ;
#4817 = ADVANCED_FACE ( 'NONE', ( #6736 ), #6866, .T. ) ;
#4818 = AXIS2_PLACEMENT_3D ( 'NONE', #8140, #5466, #6127 ) ;
#4819 = CARTESIAN_POINT ( 'NONE',  ( -12.69999999999988560, 16.24249478464833629, 5.260512242138434047 ) ) ;
#4820 = CARTESIAN_POINT ( 'NONE',  ( -11.90000000000003233, 20.55562500000000270, -4.929141392239748676 ) ) ;
#4821 = CARTESIAN_POINT ( 'NONE',  ( 12.27635182233306921, 0.000000000000000000, 0.000000000000000000 ) ) ;
#4822 = ORIENTED_EDGE ( 'NONE', *, *, #1884, .T. ) ;
#4823 = CARTESIAN_POINT ( 'NONE',  ( 1.203456888229273236E-14, 13.71446665693450484, 0.000000000000000000 ) ) ;
#4824 = CARTESIAN_POINT ( 'NONE',  ( 1.714505518806294638E-15, -1.201236941557884519, -14.00000000000000000 ) ) ;
#4825 = COORDINATED_UNIVERSAL_TIME_OFFSET ( 8, 0, .AHEAD. ) ;
#4826 = ORIENTED_EDGE ( 'NONE', *, *, #1526, .F. ) ;
#4827 = ORIENTED_EDGE ( 'NONE', *, *, #7519, .T. ) ;
#4828 = LINE ( 'NONE', #4908, #2051 ) ;
#4829 = DIRECTION ( 'NONE',  ( -1.000000000000000000, -0.000000000000000000, -0.000000000000000000 ) ) ;
#4830 = CARTESIAN_POINT ( 'NONE',  ( 9.101657815899102548E-14, 16.33438021535168971, 12.69999999999996732 ) ) ;
#4831 = DIRECTION ( 'NONE',  ( -8.775090700452169195E-16, -1.000000000000000000, -0.000000000000000000 ) ) ;
#4832 = CARTESIAN_POINT ( 'NONE',  ( -9.035340417286478833E-14, 18.31250000000001066, -12.82664718204935106 ) ) ;
#4833 = EDGE_LOOP ( 'NONE', ( #4647, #2947, #5337, #8472, #2546, #7273, #5804, #818, #5008, #4822, #5690, #1988, #5991, #5222, #7875, #5323, #188, #3130, #4260, #3604, #7662, #4239, #4701, #3251, #2684, #4265 ) ) ;
#4834 = FACE_OUTER_BOUND ( 'NONE', #1724, .T. ) ;
#4835 = DIRECTION ( 'NONE',  ( -1.000000000000000000, 0.000000000000000000, 0.000000000000000000 ) ) ;
#4836 = CARTESIAN_POINT ( 'NONE',  ( 9.000000000000001776, -1.199999999999999734, -11.49999999999999822 ) ) ;
#4837 = EDGE_CURVE ( 'NONE', #1092, #1379, #1905, .T. ) ;
#4838 = VECTOR ( 'NONE', #5048, 1000.000000000000000 ) ;
#4839 = CIRCLE ( 'NONE', #8611, 14.70352761804100616 ) ;
#4840 = ORIENTED_EDGE ( 'NONE', *, *, #4665, .T. ) ;
#4842 = CARTESIAN_POINT ( 'NONE',  ( -2.797381773929365600, 11.48177447791431582, 12.18346110940599836 ) ) ;
#4841 = AXIS2_PLACEMENT_3D ( 'NONE', #6983, #400, #3648 ) ;
#4843 = DIRECTION ( 'NONE',  ( -0.000000000000000000, 1.000000000000000000, 1.224646799147353207E-16 ) ) ;
#4844 = ORIENTED_EDGE ( 'NONE', *, *, #5512, .T. ) ;
#4845 = CARTESIAN_POINT ( 'NONE',  ( 4.827671754811402316, -10.08197907572384544, 1.587500000000004796 ) ) ;
#4846 = LINE ( 'NONE', #8217, #3998 ) ;
#4847 = VECTOR ( 'NONE', #5771, 1000.000000000000000 ) ;
#4848 = APPROVAL_DATE_TIME ( #2168, #4326 ) ;
#4849 = CIRCLE ( 'NONE', #6514, 14.00000000000000000 ) ;
#4850 = ORIENTED_EDGE ( 'NONE', *, *, #744, .F. ) ;
#4851 = CARTESIAN_POINT ( 'NONE',  ( 0.2807713729922168833, 17.26336693056202876, -12.44087648753307107 ) ) ;
#4852 = CARTESIAN_POINT ( 'NONE',  ( 0.000000000000000000, 17.80000000000000071, -11.89999999999999858 ) ) ;
#4853 = AXIS2_PLACEMENT_3D ( 'NONE', #7082, #1072, #1113 ) ;
#4854 = VECTOR ( 'NONE', #5402, 1000.000000000000114 ) ;
#4855 = ORIENTED_EDGE ( 'NONE', *, *, #2182, .T. ) ;
#4856 = DIRECTION ( 'NONE',  ( 1.000000000000000000, -8.673617379884044347E-16, 0.000000000000000000 ) ) ;
#4857 = DIRECTION ( 'NONE',  ( 1.000000000000000000, 0.000000000000000000, 0.000000000000000000 ) ) ;
#4858 = CIRCLE ( 'NONE', #7241, 8.252653961416930528 ) ;
#4859 = DIRECTION ( 'NONE',  ( 0.000000000000000000, 0.000000000000000000, -1.000000000000000000 ) ) ;
#4860 =( BOUNDED_CURVE ( )  B_SPLINE_CURVE ( 2, ( #6280, #3482, #145, #7566, #2946, #6981, #4147, #5537, #183 ),
 .UNSPECIFIED., .F., .F. ) 
 B_SPLINE_CURVE_WITH_KNOTS ( ( 3, 2, 2, 2, 3 ),
 ( 0.4687499999999998335, 0.4843749999999998890, 0.4999999999999998890, 0.5156250000000000000, 0.5312500000000000000 ),
 .UNSPECIFIED. ) 
 CURVE ( )  GEOMETRIC_REPRESENTATION_ITEM ( )  RATIONAL_B_SPLINE_CURVE ( ( 1.000000000000000888, 0.9238795325112859613, 1.000000000000000000, 0.9238795325112867385, 1.000000000000000000, 0.9238795325112867385, 1.000000000000000000, 0.9238795325112867385, 1.000000000000000000 ) ) 
 REPRESENTATION_ITEM ( '' )  );
#4861 = CARTESIAN_POINT ( 'NONE',  ( -4.929141392239914765, 20.39687500000000853, -11.89999999999996483 ) ) ;
#4862 = CARTESIAN_POINT ( 'NONE',  ( -15.22582127265071783, 34.29999999999999716, -10.56137332587783995 ) ) ;
#4863 = EDGE_LOOP ( 'NONE', ( #2204, #3883, #5748, #4794 ) ) ;
#4864 = DIRECTION ( 'NONE',  ( -8.775090700452169195E-16, -1.000000000000000000, -0.000000000000000000 ) ) ;
#4865 = EDGE_CURVE ( 'NONE', #7435, #5185, #7524, .T. ) ;
#4866 = LINE ( 'NONE', #1529, #6887 ) ;
#4867 = DATE_AND_TIME ( #8191, #1990 ) ;
#4868 = ADVANCED_FACE ( 'NONE', ( #679 ), #1196, .T. ) ;
#4869 = ORIENTED_EDGE ( 'NONE', *, *, #4292, .F. ) ;
#4870 = CARTESIAN_POINT ( 'NONE',  ( 2.479909768273389906E-15, 1.500000000000000000, 20.24999999999999645 ) ) ;
#4871 = DIRECTION ( 'NONE',  ( -1.000000000000000000, -0.000000000000000000, -0.000000000000000000 ) ) ;
#4872 = CARTESIAN_POINT ( 'NONE',  ( 0.000000000000000000, -10.07925647686743886, 0.000000000000000000 ) ) ;
#4873 = CARTESIAN_POINT ( 'NONE',  ( 11.69999999999998863, -1.026685611952902761E-14, 0.000000000000000000 ) ) ;
#4874 = CARTESIAN_POINT ( 'NONE',  ( 5.312971222579394137, 19.50312500000000782, -12.82664718204939014 ) ) ;
#4875 = ORIENTED_EDGE ( 'NONE', *, *, #2621, .F. ) ;
#4876 = CARTESIAN_POINT ( 'NONE',  ( 0.000000000000000000, -17.39999999999999858, 0.000000000000000000 ) ) ;
#4877 = CYLINDRICAL_SURFACE ( 'NONE', #3200, 11.89999999999999858 ) ;
#4878 = ADVANCED_FACE ( 'NONE', ( #6079 ), #6389, .F. ) ;
#4879 = ORIENTED_EDGE ( 'NONE', *, *, #5370, .F. ) ;
#4880 = ORIENTED_EDGE ( 'NONE', *, *, #192, .F. ) ;
#4881 = ORIENTED_EDGE ( 'NONE', *, *, #2257, .F. ) ;
#4882 = CIRCLE ( 'NONE', #3890, 4.688733431983859390 ) ;
#4883 = CARTESIAN_POINT ( 'NONE',  ( 2.715118120302808080, 11.53767889761905430, 12.24665321736921975 ) ) ;
#4884 = DIRECTION ( 'NONE',  ( -1.000000000000000000, -0.000000000000000000, -0.000000000000000000 ) ) ;
#4885 = VERTEX_POINT ( 'NONE', #3037 ) ;
#4886 = CARTESIAN_POINT ( 'NONE',  ( 4.963898969966152208, -9.165435523385314198, 3.175000000000003819 ) ) ;
#4887 = CARTESIAN_POINT ( 'NONE',  ( 12.69999999999996909, 15.52811978464833231, -9.023892744153249136E-14 ) ) ;
#4888 = ADVANCED_FACE ( 'NONE', ( #3125 ), #1053, .T. ) ;
#4889 = APPROVAL_ROLE ( '' ) ;
#4890 = APPROVAL ( #5735, '未指定' ) ;
#4891 = VERTEX_POINT ( 'NONE', #7770 ) ;
#4892 = CARTESIAN_POINT ( 'NONE',  ( 0.000000000000000000, -2.009527318423362185, -15.59999999999999964 ) ) ;
#4893 = DIRECTION ( 'NONE',  ( -0.000000000000000000, 1.000000000000000000, -0.000000000000000000 ) ) ;
#4894 = VERTEX_POINT ( 'NONE', #3739 ) ;
#4895 = PLANE ( 'NONE',  #2156 ) ;
#4896 = CARTESIAN_POINT ( 'NONE',  ( 1.561966144680487038E-14, 17.80000000000001137, 0.000000000000000000 ) ) ;
#4897 = B_SPLINE_CURVE_WITH_KNOTS ( 'NONE', 3,
 ( #1356, #7277, #1259, #6042, #7324, #1308, #8628, #3277, #1824, #3982 ),
 .UNSPECIFIED., .F., .F.,
 ( 4, 2, 2, 2, 4 ),
 ( 0.01365253889838268647, 0.01679346636150017696, 0.01993439382461766746, 0.02307532128773515795, 0.02621624875085264844 ),
 .UNSPECIFIED. ) ;
#4898 = DIRECTION ( 'NONE',  ( 0.000000000000000000, -0.7071067811865487940, -0.7071067811865463515 ) ) ;
#4899 = CYLINDRICAL_SURFACE ( 'NONE', #3311, 11.89999999999999858 ) ;
#4900 = ADVANCED_FACE ( 'NONE', ( #6410, #7901 ), #519, .F. ) ;
#4901 = CARTESIAN_POINT ( 'NONE',  ( -8.414570696119854532, 18.25375000000000725, 8.414570696119975324 ) ) ;
#4902 = DIRECTION ( 'NONE',  ( 0.000000000000000000, -1.000000000000000000, 0.000000000000000000 ) ) ;
#4903 = EDGE_CURVE ( 'NONE', #4210, #236, #8626, .T. ) ;
#4904 = ORIENTED_EDGE ( 'NONE', *, *, #3371, .T. ) ;
#4905 = LINE ( 'NONE', #1446, #5224 ) ;
#4906 = DIRECTION ( 'NONE',  ( -1.000000000000000000, -0.000000000000000000, -0.000000000000000000 ) ) ;
#4907 = APPROVAL_STATUS ( 'not_yet_approved' ) ;
#4908 = CARTESIAN_POINT ( 'NONE',  ( 0.000000000000000000, 0.000000000000000000, 14.00000000000000000 ) ) ;
#4909 = CARTESIAN_POINT ( 'NONE',  ( 38.59999999999999432, 8.021436534415164234E-16, -6.350000000000000533 ) ) ;
#4910 = DIRECTION ( 'NONE',  ( -0.000000000000000000, 1.000000000000000000, -0.000000000000000000 ) ) ;
#4911 = FACE_OUTER_BOUND ( 'NONE', #4315, .T. ) ;
#4912 = CARTESIAN_POINT ( 'NONE',  ( 5.312971222579579766, 19.02687500000000398, 12.82664718204931198 ) ) ;
#4913 = EDGE_LOOP ( 'NONE', ( #3831, #5138, #996 ) ) ;
#4914 = DIRECTION ( 'NONE',  ( -1.000000000000000000, 0.000000000000000000, 0.000000000000000000 ) ) ;
#4915 = VECTOR ( 'NONE', #8141, 999.9999999999998863 ) ;
#4916 = LINE ( 'NONE', #1996, #944 ) ;
#4917 = CARTESIAN_POINT ( 'NONE',  ( 5.000000000000000000, 10.99852262806237313, 1.822090932982379196E-15 ) ) ;
#4918 = EDGE_CURVE ( 'NONE', #1251, #624, #4291, .T. ) ;
#4919 = CIRCLE ( 'NONE', #7156, 8.252653961416930528 ) ;
#4920 = ORIENTED_EDGE ( 'NONE', *, *, #4065, .T. ) ;
#4921 = CARTESIAN_POINT ( 'NONE',  ( 0.000000000000000000, 0.000000000000000000, 13.00000000000000000 ) ) ;
#4922 = CARTESIAN_POINT ( 'NONE',  ( -1.235747242072043006, 1.615456778538793436, -1.640338882096567641 ) ) ;
#4923 = ORIENTED_EDGE ( 'NONE', *, *, #4116, .F. ) ;
#4924 = PLANE ( 'NONE',  #6809 ) ;
#4925 = CC_DESIGN_SECURITY_CLASSIFICATION ( #4492, ( #6043 ) ) ;
#4926 = ADVANCED_FACE ( 'NONE', ( #7852 ), #7150, .T. ) ;
#4927 = CIRCLE ( 'NONE', #3106, 9.525000000000000355 ) ;
#4928 = APPROVAL_ROLE ( '' ) ;
#4930 = EDGE_LOOP ( 'NONE', ( #2514, #8556 ) ) ;
#4929 = APPROVAL_PERSON_ORGANIZATION ( #2412, #8259, #7099 ) ;
#4931 = DIRECTION ( 'NONE',  ( -0.000000000000000000, 1.000000000000000000, -0.000000000000000000 ) ) ;
#4932 = CIRCLE ( 'NONE', #7322, 9.525000000000000355 ) ;
#4933 = ORIENTED_EDGE ( 'NONE', *, *, #6630, .F. ) ;
#4934 = DIRECTION ( 'NONE',  ( -1.000000000000000000, -0.000000000000000000, -0.000000000000000000 ) ) ;
#4935 = EDGE_CURVE ( 'NONE', #2704, #7340, #2330, .T. ) ;
#4936 = CIRCLE ( 'NONE', #1579, 3.200000000000000178 ) ;
#4937 = CARTESIAN_POINT ( 'NONE',  ( 2.050000000000002487, 0.6609346322114794114, 0.06537422930381547870 ) ) ;
#4938 = CARTESIAN_POINT ( 'NONE',  ( -6.225432831693609614, 11.17669472214246262, -10.49473355833303678 ) ) ;
#4939 = CARTESIAN_POINT ( 'NONE',  ( -8.414570696119973547, 15.39625000000001087, -8.414570696119856308 ) ) ;
#4940 = CARTESIAN_POINT ( 'NONE',  ( 0.000000000000000000, -2.009527318423362185, 0.000000000000000000 ) ) ;
#4941 = ORIENTED_EDGE ( 'NONE', *, *, #8444, .F. ) ;
#4942 = CARTESIAN_POINT ( 'NONE',  ( 0.1083897543756180415, 1.048450446541746350, 2.047132546062027103 ) ) ;
#4943 = CARTESIAN_POINT ( 'NONE',  ( 1.581356405660772735, 17.76921912497280331, -11.83302089074703645 ) ) ;
#4944 = TOROIDAL_SURFACE ( 'NONE', #1156, 3.575000000000000178, 0.3999999999999988565 ) ;
#4945 = LINE ( 'NONE', #6924, #1479 ) ;
#4946 = CARTESIAN_POINT ( 'NONE',  ( 0.000000000000000000, 3.888253587292846081E-16, -3.174999999999999822 ) ) ;
#4947 = CARTESIAN_POINT ( 'NONE',  ( 0.000000000000000000, 0.000000000000000000, 0.000000000000000000 ) ) ;
#4948 = CARTESIAN_POINT ( 'NONE',  ( -12.30891361455901922, 11.30891361455906718, 8.595268437332998721E-14 ) ) ;
#4949 = CARTESIAN_POINT ( 'NONE',  ( -12.82664718204935106, 19.90000000000000568, 8.956799855210033214E-14 ) ) ;
#4950 = VERTEX_POINT ( 'NONE', #1177 ) ;
#4951 = CARTESIAN_POINT ( 'NONE',  ( -8.414570696119843873, 16.78375000000001194, 8.414570696119987758 ) ) ;
#4952 = CARTESIAN_POINT ( 'NONE',  ( -7.027778414532828950E-16, 1.849720943065754630, -9.524999999999996803 ) ) ;
#4953 = DIRECTION ( 'NONE',  ( 0.000000000000000000, 0.000000000000000000, 1.000000000000000000 ) ) ;
#4954 = ORIENTED_EDGE ( 'NONE', *, *, #3573, .F. ) ;
#4955 = ORIENTED_EDGE ( 'NONE', *, *, #2236, .T. ) ;
#4956 = AXIS2_PLACEMENT_3D ( 'NONE', #4735, #3372, #6047 ) ;
#4957 = ORIENTED_EDGE ( 'NONE', *, *, #3416, .T. ) ;
#4958 = CARTESIAN_POINT ( 'NONE',  ( 10.46682944667154125, 11.63470091066669099, 7.087985194498188868 ) ) ;
#4959 = CARTESIAN_POINT ( 'NONE',  ( -1.029669504015112702, 1.463847206690986891, -1.776953462223406444 ) ) ;
#4960 = EDGE_LOOP ( 'NONE', ( #2769, #3360, #4869, #883 ) ) ;
#4961 = FACE_OUTER_BOUND ( 'NONE', #5420, .T. ) ;
#4962 = CARTESIAN_POINT ( 'NONE',  ( 41.39999999999999858, 1.028703311283776586E-15, -8.199999999999997513 ) ) ;
#4963 = EDGE_CURVE ( 'NONE', #5654, #6154, #7157, .T. ) ;
#4964 = EDGE_CURVE ( 'NONE', #7897, #4113, #3436, .T. ) ;
#4965 = SHAPE_DEFINITION_REPRESENTATION ( #4045, #4196 ) ;
#4966 = AXIS2_PLACEMENT_3D ( 'NONE', #3076, #2372, #1755 ) ;
#4967 = ORIENTED_EDGE ( 'NONE', *, *, #8246, .T. ) ;
#4968 = CARTESIAN_POINT ( 'NONE',  ( -4.698946659092285039, 17.46144550748707047, -11.33263444100518136 ) ) ;
#4969 = CC_DESIGN_DATE_AND_TIME_ASSIGNMENT ( #187, #2877, ( #3237 ) ) ;
#4970 = EDGE_LOOP ( 'NONE', ( #7015, #3058, #1998, #7953 ) ) ;
#4971 = FACE_OUTER_BOUND ( 'NONE', #5837, .T. ) ;
#4972 = CIRCLE ( 'NONE', #1184, 3.174999999999999822 ) ;
#4973 = EDGE_CURVE ( 'NONE', #766, #3224, #6763, .T. ) ;
#4974 = CONICAL_SURFACE ( 'NONE', #2181, 11.89999999999998970, 0.7853981633974341792 ) ;
#4975 = CARTESIAN_POINT ( 'NONE',  ( 39.70000000000000284, 5.499261314031191894, -9.524999999999998579 ) ) ;
#4976 = EDGE_LOOP ( 'NONE', ( #3047, #2650, #3137 ) ) ;
#4977 = CARTESIAN_POINT ( 'NONE',  ( -4.427092463432306779, 11.15530251456956634, -11.32743675945731709 ) ) ;
#4978 = VECTOR ( 'NONE', #8222, 1000.000000000000000 ) ;
#4979 = CARTESIAN_POINT ( 'NONE',  ( -4.929141392239751340, 14.52312500000001272, 11.90000000000003233 ) ) ;
#4980 = EDGE_CURVE ( 'NONE', #8457, #5185, #1063, .T. ) ;
#4981 = CARTESIAN_POINT ( 'NONE',  ( 38.60000000000000142, 0.000000000000000000, 0.000000000000000000 ) ) ;
#4982 = ORIENTED_EDGE ( 'NONE', *, *, #4121, .T. ) ;
#4983 = DIRECTION ( 'NONE',  ( -8.775090700452169195E-16, -1.000000000000000000, -0.000000000000000000 ) ) ;
#4984 = CARTESIAN_POINT ( 'NONE',  ( -8.980256121069066566, 13.78186978464833423, 8.980256121069194464 ) ) ;
#4985 = EDGE_CURVE ( 'NONE', #5163, #4378, #3313, .T. ) ;
#4986 = VECTOR ( 'NONE', #4296, 1000.000000000000000 ) ;
#4987 = CARTESIAN_POINT ( 'NONE',  ( -14.28999999999999737, 2.578957854155721483E-31, 6.257467538869061485 ) ) ;
#4988 = CARTESIAN_POINT ( 'NONE',  ( 0.000000000000000000, 32.79999999999999716, -20.24999999999999645 ) ) ;
#4989 = CARTESIAN_POINT ( 'NONE',  ( 12.82664718204939192, 20.45562500000000128, 5.312971222579391473 ) ) ;
#4990 = DIRECTION ( 'NONE',  ( -1.000000000000000000, -0.000000000000000000, -0.000000000000000000 ) ) ;
#4991 = CARTESIAN_POINT ( 'NONE',  ( 12.82664718204939192, 14.10562500000001407, 5.312971222579391473 ) ) ;
#4992 = ORIENTED_EDGE ( 'NONE', *, *, #2792, .T. ) ;
#4993 = CARTESIAN_POINT ( 'NONE',  ( -12.94999999999999218, -11.19999999999999929, -12.94999999999999218 ) ) ;
#4994 = EDGE_CURVE ( 'NONE', #6457, #6064, #4428, .T. ) ;
#4995 = CARTESIAN_POINT ( 'NONE',  ( 1.180805343176903212E-13, 14.60250000000001158, 11.89999999999999858 ) ) ;
#4996 = PERSON_AND_ORGANIZATION_ROLE ( 'creator' ) ;
#4997 = ORIENTED_EDGE ( 'NONE', *, *, #3371, .F. ) ;
#4998 = DIRECTION ( 'NONE',  ( 1.000000000000000000, 0.000000000000000000, 0.000000000000000000 ) ) ;
#4999 = B_SPLINE_CURVE_WITH_KNOTS ( 'NONE', 3,
 ( #1515, #235, #7574, #3614, #8262, #2954 ),
 .UNSPECIFIED., .F., .F.,
 ( 4, 2, 4 ),
 ( 0.01669505163429731501, 0.01941030283746667667, 0.02212555404063603834 ),
 .UNSPECIFIED. ) ;
#5000 = CARTESIAN_POINT ( 'NONE',  ( 5.299999999999998934, 0.000000000000000000, 0.000000000000000000 ) ) ;
#5001 = CARTESIAN_POINT ( 'NONE',  ( -12.22937918068782714, 11.32490056179872440, 1.582174535673212201 ) ) ;
#5002 = EDGE_CURVE ( 'NONE', #556, #1895, #7271, .T. ) ;
#5003 = DIRECTION ( 'NONE',  ( -0.000000000000000000, 1.000000000000000000, 1.224646799147353207E-16 ) ) ;
#5004 = ORIENTED_EDGE ( 'NONE', *, *, #8184, .F. ) ;
#5005 = CARTESIAN_POINT ( 'NONE',  ( 24.00000000000000000, 3.888253587292846081E-16, -3.174999999999999822 ) ) ;
#5006 = CIRCLE ( 'NONE', #6275, 2.499999999999998668 ) ;
#5007 = DIRECTION ( 'NONE',  ( 0.000000000000000000, 0.000000000000000000, 1.000000000000000000 ) ) ;
#5008 = ORIENTED_EDGE ( 'NONE', *, *, #4430, .T. ) ;
#5009 = DATE_AND_TIME ( #3610, #3378 ) ;
#5010 = AXIS2_PLACEMENT_3D ( 'NONE', #4680, #3359, #1388 ) ;
#5011 = ORIENTED_EDGE ( 'NONE', *, *, #7376, .F. ) ;
#5012 = CARTESIAN_POINT ( 'NONE',  ( 15.22582127265072316, 33.79999999999998295, 5.061373325877829288 ) ) ;
#5013 = EDGE_CURVE ( 'NONE', #3069, #3669, #2759, .T. ) ;
#5014 = ORIENTED_EDGE ( 'NONE', *, *, #1567, .T. ) ;
#5015 = DIRECTION ( 'NONE',  ( 0.000000000000000000, 0.000000000000000000, 1.000000000000000000 ) ) ;
#5016 = EDGE_CURVE ( 'NONE', #7747, #2510, #4020, .T. ) ;
#5017 = CARTESIAN_POINT ( 'NONE',  ( 1.989606815600206469, 0.7727322777923930630, 0.5099309000857272789 ) ) ;
#5018 = ORIENTED_EDGE ( 'NONE', *, *, #310, .F. ) ;
#5019 = EDGE_CURVE ( 'NONE', #3440, #5902, #3907, .T. ) ;
#5020 = CARTESIAN_POINT ( 'NONE',  ( 11.16800485098189455, 10.95313557785469527, -4.278871016314654163 ) ) ;
#5021 = EDGE_CURVE ( 'NONE', #5, #6239, #4725, .T. ) ;
#5022 = CARTESIAN_POINT ( 'NONE',  ( -11.89999999999996305, 14.36437500000001322, 4.929141392239922759 ) ) ;
#5023 = EDGE_LOOP ( 'NONE', ( #7475, #7050, #6072, #1891 ) ) ;
#5024 = DIRECTION ( 'NONE',  ( 1.049727191138618326E-16, -0.5150380749100547106, 0.8571673007021120005 ) ) ;
#5025 = VERTEX_POINT ( 'NONE', #7424 ) ;
#5026 = CARTESIAN_POINT ( 'NONE',  ( -7.434591184897903968E-14, 15.23750000000001137, -11.89999999999999858 ) ) ;
#5027 = EDGE_CURVE ( 'NONE', #7704, #6862, #2599, .T. ) ;
#5028 = CARTESIAN_POINT ( 'NONE',  ( 11.73457004463204534, 17.61524387882465703, -2.918418738663416168 ) ) ;
#5029 = CONTEXT_DEPENDENT_SHAPE_REPRESENTATION ( #3175, #8033 ) ;
#5030 = UNCERTAINTY_MEASURE_WITH_UNIT (LENGTH_MEASURE( 1.000000000000000082E-05 ), #275, 'distance_accuracy_value', 'NONE');
#5031 = DIRECTION ( 'NONE',  ( 0.000000000000000000, 0.000000000000000000, 1.000000000000000000 ) ) ;
#5032 = AXIS2_PLACEMENT_3D ( 'NONE', #5115, #2362, #1034 ) ;
#5033 = DIRECTION ( 'NONE',  ( 0.000000000000000000, 0.000000000000000000, 1.000000000000000000 ) ) ;
#5034 = CARTESIAN_POINT ( 'NONE',  ( 9.069809202314482732, 20.37625000000000242, 9.069809202314353058 ) ) ;
#5035 = CARTESIAN_POINT ( 'NONE',  ( -12.44999999999999929, 0.000000000000000000, 4.688733431983854061 ) ) ;
#5036 = ADVANCED_FACE ( 'NONE', ( #4046 ), #1412, .F. ) ;
#5037 = CC_DESIGN_PERSON_AND_ORGANIZATION_ASSIGNMENT ( #5706, #1722, ( #6624 ) ) ;
#5038 = CARTESIAN_POINT ( 'NONE',  ( -12.82664718204939014, 13.47062500000001961, -5.312971222579394137 ) ) ;
#5039 = AXIS2_PLACEMENT_3D ( 'NONE', #2463, #7195, #2988 ) ;
#5040 = EDGE_LOOP ( 'NONE', ( #7685, #2977, #6200, #8573, #4224 ) ) ;
#5041 = CARTESIAN_POINT ( 'NONE',  ( 39.70000000000000284, -5.499261314031191894, -9.524999999999995026 ) ) ;
#5042 = FACE_OUTER_BOUND ( 'NONE', #5859, .T. ) ;
#5043 = SHAPE_DEFINITION_REPRESENTATION ( #3971, #2745 ) ;
#5044 = AXIS2_PLACEMENT_3D ( 'NONE', #4031, #546, #1162 ) ;
#5045 = AXIS2_PLACEMENT_3D ( 'NONE', #306, #5781, #7103 ) ;
#5046 = ORIENTED_EDGE ( 'NONE', *, *, #1644, .F. ) ;
#5047 = ORIENTED_EDGE ( 'NONE', *, *, #5298, .F. ) ;
#5048 = DIRECTION ( 'NONE',  ( 1.000000000000000000, 1.231304080816852664E-16, -0.000000000000000000 ) ) ;
#5049 = CARTESIAN_POINT ( 'NONE',  ( -1.243166172044354312, 1.619132391577507324, 1.649224060461986552 ) ) ;
#5050 = CARTESIAN_POINT ( 'NONE',  ( -6.999999999999999112, 3.174999999999999822, 0.000000000000000000 ) ) ;
#5051 = DIRECTION ( 'NONE',  ( -1.000000000000000000, 0.000000000000000000, -0.000000000000000000 ) ) ;
#5052 = CARTESIAN_POINT ( 'NONE',  ( 4.929141392239937858, 11.94187500000002089, 11.89999999999995417 ) ) ;
#5053 = ORIENTED_EDGE ( 'NONE', *, *, #5071, .F. ) ;
#5054 = DIRECTION ( 'NONE',  ( 0.000000000000000000, 0.000000000000000000, 1.000000000000000000 ) ) ;
#5055 = CARTESIAN_POINT ( 'NONE',  ( 0.3948291982182989823, -10.99852262806237313, 4.928329209517584241E-15 ) ) ;
#5056 = PERSON_AND_ORGANIZATION ( #129, #430 ) ;
#5057 = AXIS2_PLACEMENT_3D ( 'NONE', #7959, #7166, #3181 ) ;
#5058 = EDGE_LOOP ( 'NONE', ( #5910, #6309, #8666, #1939 ) ) ;
#5059 = FACE_OUTER_BOUND ( 'NONE', #8048, .T. ) ;
#5060 = LOCAL_TIME ( 22, 24, 23.00000000000000000, #7054 ) ;
#5061 = CARTESIAN_POINT ( 'NONE',  ( 41.39999999999999858, 3.306546357697855212E-16, -2.700000000000001510 ) ) ;
#5062 = CARTESIAN_POINT ( 'NONE',  ( -8.965523947390061453E-14, 17.57750000000000767, -11.89999999999999858 ) ) ;
#5063 = CARTESIAN_POINT ( 'NONE',  ( -12.94999999999999218, -11.19999999999999929, 12.94999999999999218 ) ) ;
#5064 = EDGE_CURVE ( 'NONE', #811, #1762, #6609, .T. ) ;
#5065 = AXIS2_PLACEMENT_3D ( 'NONE', #6831, #5428, #5510 ) ;
#5066 = DIRECTION ( 'NONE',  ( 0.000000000000000000, 0.000000000000000000, 1.000000000000000000 ) ) ;
#5067 = CARTESIAN_POINT ( 'NONE',  ( 11.62054510912861005, 10.93569620890251137, -2.753473832736462068 ) ) ;
#5068 = CARTESIAN_POINT ( 'NONE',  ( 14.29000000000000803, -15.92700952567423656, 5.236092080348629274 ) ) ;
#5069 = VERTEX_POINT ( 'NONE', #4229 ) ;
#5070 = CARTESIAN_POINT ( 'NONE',  ( 0.000000000000000000, 0.000000000000000000, 0.000000000000000000 ) ) ;
#5071 = EDGE_CURVE ( 'NONE', #6064, #6457, #4858, .T. ) ;
#5072 = CARTESIAN_POINT ( 'NONE',  ( 5.260512242138389638, 14.01999478464833437, 12.69999999999992824 ) ) ;
#5073 = EDGE_CURVE ( 'NONE', #888, #4278, #1497, .T. ) ;
#5074 = DIRECTION ( 'NONE',  ( 0.000000000000000000, -0.000000000000000000, 1.000000000000000000 ) ) ;
#5075 = CARTESIAN_POINT ( 'NONE',  ( -12.27635182233306743, 0.000000000000000000, 0.000000000000000000 ) ) ;
#5076 = CARTESIAN_POINT ( 'NONE',  ( -9.069809202314482732, 21.01125000000000043, -9.069809202314353058 ) ) ;
#5077 = CARTESIAN_POINT ( 'NONE',  ( 41.80000000000000426, 0.000000000000000000, 0.000000000000000000 ) ) ;
#5078 = CARTESIAN_POINT ( 'NONE',  ( -9.069809202314482732, 14.66125000000001499, -9.069809202314353058 ) ) ;
#5079 = ORIENTED_EDGE ( 'NONE', *, *, #1771, .F. ) ;
#5080 = CARTESIAN_POINT ( 'NONE',  ( 41.30693079519157607, 0.000000000000000000, 15.00000000000000000 ) ) ;
#5081 = CARTESIAN_POINT ( 'NONE',  ( -7.726057123094974125E-14, 13.96750000000001535, -11.89999999999999858 ) ) ;
#5082 =( BOUNDED_CURVE ( )  B_SPLINE_CURVE ( 2, ( #4368, #3761, #6393, #7629, #1693, #6998, #7086, #4288, #3587 ),
 .UNSPECIFIED., .F., .T. ) 
 B_SPLINE_CURVE_WITH_KNOTS ( ( 3, 2, 2, 2, 3 ),
 ( 0.4062500000000000555, 0.4218750000000000000, 0.4374999999999999445, 0.4531249999999998890, 0.4687499999999998335 ),
 .UNSPECIFIED. ) 
 CURVE ( )  GEOMETRIC_REPRESENTATION_ITEM ( )  RATIONAL_B_SPLINE_CURVE ( ( 0.9999999999999997780, 0.9238795325112869605, 1.000000000000000000, 0.9238795325112867385, 1.000000000000000000, 0.9238795325112867385, 1.000000000000000000, 0.9238795325112875156, 0.9999999999999992228 ) ) 
 REPRESENTATION_ITEM ( '' )  );
#5083 = APPROVAL_STATUS ( 'not_yet_approved' ) ;
#5084 = VECTOR ( 'NONE', #3462, 1000.000000000000000 ) ;
#5085 = VERTEX_POINT ( 'NONE', #562 ) ;
#5086 = EDGE_LOOP ( 'NONE', ( #912, #5459, #5521, #5194 ) ) ;
#5087 = LINE ( 'NONE', #2501, #4838 ) ;
#5088 = CARTESIAN_POINT ( 'NONE',  ( 41.30693079519157607, 1.836970198721029589E-15, -15.00000000000000000 ) ) ;
#5089 = AXIS2_PLACEMENT_3D ( 'NONE', #3094, #5754, #5015 ) ;
#5090 = CARTESIAN_POINT ( 'NONE',  ( -7.422426645340018503, 11.42771469459316513, 9.975574157061874558 ) ) ;
#5091 = CARTESIAN_POINT ( 'NONE',  ( -8.980256121069064790, 14.90563021535169241, 8.980256121069192687 ) ) ;
#5092 = CARTESIAN_POINT ( 'NONE',  ( 11.90000000000003588, 18.45062500000001293, 4.929141392239745123 ) ) ;
#5093 = ORIENTED_EDGE ( 'NONE', *, *, #1896, .T. ) ;
#5094 = CARTESIAN_POINT ( 'NONE',  ( -9.000000000000001776, -1.199999999999999734, 9.000000000000000000 ) ) ;
#5095 = PLANE ( 'NONE',  #5708 ) ;
#5096 = EDGE_CURVE ( 'NONE', #1848, #6370, #2625, .T. ) ;
#5097 = EDGE_LOOP ( 'NONE', ( #5167, #2123 ) ) ;
#5098 = ORIENTED_EDGE ( 'NONE', *, *, #6432, .F. ) ;
#5099 = LINE ( 'NONE', #1019, #1088 ) ;
#5100 = CYLINDRICAL_SURFACE ( 'NONE', #8377, 11.89999999999999858 ) ;
#5101 = AXIS2_PLACEMENT_3D ( 'NONE', #8583, #1213, #5853 ) ;
#5102 = CARTESIAN_POINT ( 'NONE',  ( 11.90000000000004832, 14.84062500000001172, 4.929141392239717590 ) ) ;
#5103 = CARTESIAN_POINT ( 'NONE',  ( 4.827671754811405869, 6.415804866369720472, -7.937499999999998224 ) ) ;
#5104 = ADVANCED_FACE ( 'NONE', ( #4091, #7338 ), #2778, .F. ) ;
#5105 = DIRECTION ( 'NONE',  ( 0.9848077530122075762, 0.000000000000000000, -0.1736481776669327737 ) ) ;
#5106 = FACE_BOUND ( 'NONE', #4930, .T. ) ;
#5107 = VECTOR ( 'NONE', #255, 1000.000000000000000 ) ;
#5108 = ORIENTED_EDGE ( 'NONE', *, *, #4099, .F. ) ;
#5109 = DIRECTION ( 'NONE',  ( 0.000000000000000000, -1.000000000000000000, 0.000000000000000000 ) ) ;
#5110 = LINE ( 'NONE', #7711, #1132 ) ;
#5111 = COORDINATED_UNIVERSAL_TIME_OFFSET ( 8, 0, .AHEAD. ) ;
#5112 = AXIS2_PLACEMENT_3D ( 'NONE', #1656, #3064, #4293 ) ;
#5113 = CARTESIAN_POINT ( 'NONE',  ( 39.70000000000001705, 0.000000000000000000, 0.000000000000000000 ) ) ;
#5114 = CIRCLE ( 'NONE', #1484, 3.703925678971643265 ) ;
#5115 = CARTESIAN_POINT ( 'NONE',  ( 1.026685611952905444E-14, 11.70000000000001883, 0.000000000000000000 ) ) ;
#5116 = CARTESIAN_POINT ( 'NONE',  ( -9.000000000000001776, -11.19999999999999929, 9.000000000000000000 ) ) ;
#5117 = DIRECTION ( 'NONE',  ( 0.000000000000000000, 0.000000000000000000, 1.000000000000000000 ) ) ;
#5118 = CARTESIAN_POINT ( 'NONE',  ( 9.069809202314482732, 14.02625000000001698, 9.069809202314353058 ) ) ;
#5119 = ORIENTED_EDGE ( 'NONE', *, *, #37, .F. ) ;
#5120 = DIRECTION ( 'NONE',  ( 0.000000000000000000, 1.000000000000000000, 0.000000000000000000 ) ) ;
#5121 = EDGE_CURVE ( 'NONE', #4269, #4287, #2336, .T. ) ;
#5122 = CARTESIAN_POINT ( 'NONE',  ( -9.000000000000001776, -1.199999999999999734, 11.49999999999999822 ) ) ;
#5123 = APPROVAL_STATUS ( 'not_yet_approved' ) ;
#5124 = APPLICATION_CONTEXT ( 'configuration controlled 3d designs of mechanical parts and assemblies' ) ;
#5125 = CC_DESIGN_PERSON_AND_ORGANIZATION_ASSIGNMENT ( #7531, #14, ( #2262 ) ) ;
#5126 = ORIENTED_EDGE ( 'NONE', *, *, #6794, .F. ) ;
#5127 = ORIENTED_EDGE ( 'NONE', *, *, #6361, .F. ) ;
#5128 = CARTESIAN_POINT ( 'NONE',  ( -12.27635182233306743, 0.000000000000000000, 8.045708121834929116 ) ) ;
#5129 = DIRECTION ( 'NONE',  ( 0.000000000000000000, 0.000000000000000000, 1.000000000000000000 ) ) ;
#5130 = DIRECTION ( 'NONE',  ( 0.5773502691896236216, -0.5773502691896258421, -0.5773502691896278405 ) ) ;
#5131 = CARTESIAN_POINT ( 'NONE',  ( -13.44999999999999929, 19.99999999999999645, -12.94999999999999218 ) ) ;
#5132 = EDGE_CURVE ( 'NONE', #2983, #6719, #659, .T. ) ;
#5133 = SHAPE_REPRESENTATION ( '316L-DV12A-KF16FT4-KF16-NC-HP', ( #1120, #3398, #8289, #3793, #4507, #2706, #728 ), #1438 ) ;
#5134 = CARTESIAN_POINT ( 'NONE',  ( 12.44999999999999929, 5.742042389534210651E-16, -4.688733431983854061 ) ) ;
#5135 = EDGE_LOOP ( 'NONE', ( #5480, #392 ) ) ;
#5136 = FACE_OUTER_BOUND ( 'NONE', #13, .T. ) ;
#5137 = CARTESIAN_POINT ( 'NONE',  ( -14.00000000000001066, 8.900000000000018119, -13.44999999999999929 ) ) ;
#5138 = ORIENTED_EDGE ( 'NONE', *, *, #1461, .T. ) ;
#5139 = ADVANCED_FACE ( 'NONE', ( #3595 ), #792, .T. ) ;
#5140 = ORIENTED_EDGE ( 'NONE', *, *, #6214, .F. ) ;
#5141 = CARTESIAN_POINT ( 'NONE',  ( 11.69999999999999929, 10.90000000000000036, 0.000000000000000000 ) ) ;
#5142 = DIRECTION ( 'NONE',  ( -0.9848077530122093526, 2.126576849575687790E-17, -0.1736481776669235311 ) ) ;
#5143 = EDGE_CURVE ( 'NONE', #2708, #2730, #4135, .T. ) ;
#5144 = CC_DESIGN_PERSON_AND_ORGANIZATION_ASSIGNMENT ( #1315, #3990, ( #23 ) ) ;
#5145 = ORIENTED_EDGE ( 'NONE', *, *, #5759, .F. ) ;
#5146 = DIRECTION ( 'NONE',  ( -1.000000000000000000, -0.000000000000000000, -0.000000000000000000 ) ) ;
#5147 = DIRECTION ( 'NONE',  ( 1.000000000000000000, 0.000000000000000000, 0.000000000000000000 ) ) ;
#5148 = AXIS2_PLACEMENT_3D ( 'NONE', #4940, #7627, #2963 ) ;
#5149 = CARTESIAN_POINT ( 'NONE',  ( 4.827306843896884025, -3.670961952045459054, 9.525000000000002132 ) ) ;
#5150 = CARTESIAN_POINT ( 'NONE',  ( 5.260512242138204897, 15.62000521535169284, -12.70000000000000284 ) ) ;
#5151 = AXIS2_PLACEMENT_3D ( 'NONE', #3097, #7124, #4407 ) ;
#5152 = ORIENTED_EDGE ( 'NONE', *, *, #4593, .F. ) ;
#5153 = CARTESIAN_POINT ( 'NONE',  ( 11.90000000000000568, 17.80000000000000071, 0.000000000000000000 ) ) ;
#5154 = ORIENTED_EDGE ( 'NONE', *, *, #1079, .T. ) ;
#5155 = DIRECTION ( 'NONE',  ( 0.000000000000000000, -1.000000000000000000, 0.000000000000000000 ) ) ;
#5156 = DIRECTION ( 'NONE',  ( -8.775090700452169195E-16, -1.000000000000000000, -0.000000000000000000 ) ) ;
#5157 = CARTESIAN_POINT ( 'NONE',  ( -15.22582127265071783, 30.49999999999999645, -5.061373325877829288 ) ) ;
#5158 = ADVANCED_FACE ( 'NONE', ( #3554, #4911 ), #2975, .F. ) ;
#5159 = CARTESIAN_POINT ( 'NONE',  ( 15.22582127265072316, 33.79999999999998295, 7.561373325877829288 ) ) ;
#5160 = CARTESIAN_POINT ( 'NONE',  ( -12.82664718204935106, 16.09000000000001052, 8.956799855210031952E-14 ) ) ;
#5161 = CARTESIAN_POINT ( 'NONE',  ( 4.605170801781708789, -5.499261314031187453, 9.525000000000002132 ) ) ;
#5162 = CARTESIAN_POINT ( 'NONE',  ( 9.192421541439370070E-14, 15.13750000000001350, 12.82664718204935106 ) ) ;
#5163 = VERTEX_POINT ( 'NONE', #1536 ) ;
#5164 = DIRECTION ( 'NONE',  ( 0.000000000000000000, -1.224646799147351235E-16, 1.000000000000000000 ) ) ;
#5165 = PLANE ( 'NONE',  #975 ) ;
#5166 = MECHANICAL_CONTEXT ( 'NONE', #1499, 'mechanical' ) ;
#5167 = ORIENTED_EDGE ( 'NONE', *, *, #4396, .F. ) ;
#5168 = VERTEX_POINT ( 'NONE', #6890 ) ;
#5169 = DIRECTION ( 'NONE',  ( -0.000000000000000000, 1.000000000000000000, -0.000000000000000000 ) ) ;
#5170 = CARTESIAN_POINT ( 'NONE',  ( -1.973595035689176713, 2.232125178712569546, 0.5726346151087575720 ) ) ;
#5171 = B_SPLINE_CURVE_WITH_KNOTS ( 'NONE', 3,
 ( #3305, #8001, #4886, #4845, #3566, #7650 ),
 .UNSPECIFIED., .F., .F.,
 ( 4, 2, 4 ),
 ( 0.005499492254138860919, 0.008249122911154453328, 0.01099875356817004574 ),
 .UNSPECIFIED. ) ;
#5172 = CIRCLE ( 'NONE', #834, 0.3999999999999993006 ) ;
#5173 = DIRECTION ( 'NONE',  ( -0.000000000000000000, -1.000000000000000000, -0.000000000000000000 ) ) ;
#5174 = DIRECTION ( 'NONE',  ( -8.775090700452169195E-16, -1.000000000000000000, -0.000000000000000000 ) ) ;
#5175 = DIRECTION ( 'NONE',  ( 0.000000000000000000, 0.000000000000000000, -1.000000000000000000 ) ) ;
#5176 = ORIENTED_EDGE ( 'NONE', *, *, #4963, .T. ) ;
#5177 = CARTESIAN_POINT ( 'NONE',  ( -11.29999999999996874, 17.80000000000002203, 0.000000000000000000 ) ) ;
#5178 = DIRECTION ( 'NONE',  ( -9.800697604388738773E-17, 1.000000000000000000, -0.000000000000000000 ) ) ;
#5179 = ADVANCED_FACE ( 'NONE', ( #6143 ), #7596, .F. ) ;
#5180 = AXIS2_PLACEMENT_3D ( 'NONE', #700, #2550, #6671 ) ;
#5181 = ORIENTED_EDGE ( 'NONE', *, *, #5313, .T. ) ;
#5182 = LINE ( 'NONE', #8558, #1543 ) ;
#5183 = ADVANCED_FACE ( 'NONE', ( #6187 ), #4436, .T. ) ;
#5184 = FACE_OUTER_BOUND ( 'NONE', #678, .T. ) ;
#5185 = VERTEX_POINT ( 'NONE', #7635 ) ;
#5186 = CARTESIAN_POINT ( 'NONE',  ( -8.414570696119973547, 17.93625000000000824, -8.414570696119856308 ) ) ;
#5187 = ORIENTED_EDGE ( 'NONE', *, *, #7375, .T. ) ;
#5188 = FACE_OUTER_BOUND ( 'NONE', #4511, .T. ) ;
#5189 = VERTEX_POINT ( 'NONE', #8241 ) ;
#5190 = APPROVAL_STATUS ( 'not_yet_approved' ) ;
#5191 = APPROVAL_PERSON_ORGANIZATION ( #4762, #4326, #2043 ) ;
#5192 = AXIS2_PLACEMENT_3D ( 'NONE', #7285, #38, #5261 ) ;
#5193 = DIRECTION ( 'NONE',  ( 0.000000000000000000, 0.000000000000000000, -1.000000000000000000 ) ) ;
#5194 = ORIENTED_EDGE ( 'NONE', *, *, #684, .F. ) ;
#5195 = CARTESIAN_POINT ( 'NONE',  ( 1.239098530816317244E-13, 11.86250000000001847, 11.89999999999999858 ) ) ;
#5196 = DIRECTION ( 'NONE',  ( -0.000000000000000000, 1.000000000000000000, 1.224646799147353207E-16 ) ) ;
#5197 = ORIENTED_EDGE ( 'NONE', *, *, #2416, .T. ) ;
#5198 = CARTESIAN_POINT ( 'NONE',  ( -11.90000000000005009, 11.66562500000001812, -4.929141392239710484 ) ) ;
#5199 = CC_DESIGN_SECURITY_CLASSIFICATION ( #288, ( #8689 ) ) ;
#5200 = EDGE_CURVE ( 'NONE', #1246, #5763, #1067, .T. ) ;
#5201 = DIRECTION ( 'NONE',  ( 0.000000000000000000, -0.4999999999999997224, 0.8660254037844387076 ) ) ;
#5202 = AXIS2_PLACEMENT_3D ( 'NONE', #1352, #503, #6512 ) ;
#5203 = LOCAL_TIME ( 22, 24, 23.00000000000000000, #6395 ) ;
#5204 = DIRECTION ( 'NONE',  ( -0.000000000000000000, -0.000000000000000000, -1.000000000000000000 ) ) ;
#5205 = CARTESIAN_POINT ( 'NONE',  ( 24.00000000000000000, 0.000000000000000000, 0.000000000000000000 ) ) ;
#5206 = CARTESIAN_POINT ( 'NONE',  ( 9.069809202314482732, 15.29625000000001300, 9.069809202314353058 ) ) ;
#5207 = LINE ( 'NONE', #3895, #2316 ) ;
#5208 = CARTESIAN_POINT ( 'NONE',  ( -9.069809202314351282, 12.43875000000001840, 9.069809202314482732 ) ) ;
#5209 = EDGE_LOOP ( 'NONE', ( #1836, #1924 ) ) ;
#5210 = DIRECTION ( 'NONE',  ( -1.237404653380196553E-16, 1.000000000000000000, 0.000000000000000000 ) ) ;
#5211 = DIRECTION ( 'NONE',  ( -0.000000000000000000, 1.000000000000000000, -0.000000000000000000 ) ) ;
#5212 = PERSON_AND_ORGANIZATION_ROLE ( 'creator' ) ;
#5213 = CIRCLE ( 'NONE', #3509, 0.3999999999999984679 ) ;
#5214 = AXIS2_PLACEMENT_3D ( 'NONE', #1237, #6071, #4668 ) ;
#5215 = ORIENTED_EDGE ( 'NONE', *, *, #8110, .T. ) ;
#5216 = ORIENTED_EDGE ( 'NONE', *, *, #954, .F. ) ;
#5217 = DIRECTION ( 'NONE',  ( 0.000000000000000000, 0.000000000000000000, 1.000000000000000000 ) ) ;
#5218 = DIRECTION ( 'NONE',  ( -1.000000000000000000, -0.000000000000000000, -0.000000000000000000 ) ) ;
#5219 = CARTESIAN_POINT ( 'NONE',  ( -13.79999999999999893, -3.851286324154184305E-15, 0.000000000000000000 ) ) ;
#5220 = CARTESIAN_POINT ( 'NONE',  ( -12.51812523131016341, 17.18187476868981634, -7.635464354253209378E-13 ) ) ;
#5221 = CARTESIAN_POINT ( 'NONE',  ( -8.414570696119854532, 18.05375000000000796, 8.414570696119975324 ) ) ;
#5222 = ORIENTED_EDGE ( 'NONE', *, *, #6373, .T. ) ;
#5223 = CARTESIAN_POINT ( 'NONE',  ( 0.000000000000000000, 0.000000000000000000, 0.000000000000000000 ) ) ;
#5224 = VECTOR ( 'NONE', #2142, 1000.000000000000000 ) ;
#5225 = CARTESIAN_POINT ( 'NONE',  ( 15.22582127265072316, 30.49999999999999645, 7.561373325877829288 ) ) ;
#5226 = ORIENTED_EDGE ( 'NONE', *, *, #92, .F. ) ;
#5227 = CIRCLE ( 'NONE', #2430, 9.525000000000000355 ) ;
#5228 = VERTEX_POINT ( 'NONE', #6847 ) ;
#5229 = CARTESIAN_POINT ( 'NONE',  ( 0.000000000000000000, 0.000000000000000000, 13.00000000000000000 ) ) ;
#5230 = DIRECTION ( 'NONE',  ( 2.472095916682999265E-15, 0.7071067811865474617, -0.7071067811865474617 ) ) ;
#5231 = EDGE_LOOP ( 'NONE', ( #3749, #6281, #5957, #7695 ) ) ;
#5232 = DIRECTION ( 'NONE',  ( -1.000000000000000000, -0.000000000000000000, -0.000000000000000000 ) ) ;
#5233 = ADVANCED_FACE ( 'NONE', ( #3513 ), #6120, .T. ) ;
#5234 = ORIENTED_EDGE ( 'NONE', *, *, #7358, .T. ) ;
#5235 = CARTESIAN_POINT ( 'NONE',  ( 34.40000000000000568, -5.499261314031191894, -9.524999999999995026 ) ) ;
#5236 = EDGE_CURVE ( 'NONE', #7288, #6668, #6824, .T. ) ;
#5237 = EDGE_LOOP ( 'NONE', ( #7812, #7514 ) ) ;
#5238 = CARTESIAN_POINT ( 'NONE',  ( 0.000000000000000000, 0.000000000000000000, 0.000000000000000000 ) ) ;
#5239 = ORIENTED_EDGE ( 'NONE', *, *, #1811, .T. ) ;
#5240 = AXIS2_PLACEMENT_3D ( 'NONE', #4821, #7495, #4164 ) ;
#5241 = CARTESIAN_POINT ( 'NONE',  ( 12.69999999999996732, 16.65188021535168872, -9.023892744153245350E-14 ) ) ;
#5242 =( REPRESENTATION_RELATIONSHIP ('NONE','NONE', #5133, #5425 ) REPRESENTATION_RELATIONSHIP_WITH_TRANSFORMATION ( #1878 )SHAPE_REPRESENTATION_RELATIONSHIP( ) );
#5243 = ADVANCED_FACE ( 'NONE', ( #910 ), #7938, .F. ) ;
#5244 = FACE_BOUND ( 'NONE', #2699, .T. ) ;
#5245 = ORIENTED_EDGE ( 'NONE', *, *, #3365, .T. ) ;
#5246 = DIRECTION ( 'NONE',  ( -6.204926139816740252E-16, -0.7071067811865475727, 0.7071067811865475727 ) ) ;
#5247 = LINE ( 'NONE', #2484, #7313 ) ;
#5248 = AXIS2_PLACEMENT_3D ( 'NONE', #3336, #6571, #1367 ) ;
#5249 = MANIFOLD_SOLID_BREP ( '凸台-拉伸1', #1234 ) ;
#5250 = AXIS2_PLACEMENT_3D ( 'NONE', #7639, #4379, #4337 ) ;
#5251 = DIRECTION ( 'NONE',  ( -1.000000000000000000, 0.000000000000000000, 0.000000000000000000 ) ) ;
#5252 = PERSON ( 'NAUO-PER3', 'UNSPECIFIED', 'UNSPECIFIED', ('UNSPECIFIED'), ('UNSPECIFIED'), ('UNSPECIFIED') ) ;
#5253 = CARTESIAN_POINT ( 'NONE',  ( 0.000000000000000000, 0.000000000000000000, 2.300000000000000711 ) ) ;
#5254 = CARTESIAN_POINT ( 'NONE',  ( 12.82664718204935106, 16.72500000000001208, -9.113880979362923189E-14 ) ) ;
#5255 = CARTESIAN_POINT ( 'NONE',  ( 2.050000000000001599, 0.6609346322114812988, -1.423535324875093646E-15 ) ) ;
#5256 = CARTESIAN_POINT ( 'NONE',  ( -12.82664718204935106, 12.28000000000002068, 8.956799855210033214E-14 ) ) ;
#5258 = ORIENTED_EDGE ( 'NONE', *, *, #6195, .F. ) ;
#5257 = CIRCLE ( 'NONE', #4415, 9.525000000000000355 ) ;
#5259 = CARTESIAN_POINT ( 'NONE',  ( 10.77636534613066743, -1.581081314057898979, 10.27893325996521234 ) ) ;
#5260 = EDGE_CURVE ( 'NONE', #961, #8202, #1455, .T. ) ;
#5261 = DIRECTION ( 'NONE',  ( 0.000000000000000000, 0.000000000000000000, -1.000000000000000000 ) ) ;
#5262 = PERSON_AND_ORGANIZATION ( #129, #430 ) ;
#5263 = AXIS2_PLACEMENT_3D ( 'NONE', #6201, #3484, #185 ) ;
#5264 = VECTOR ( 'NONE', #8318, 1000.000000000000114 ) ;
#5265 = VERTEX_POINT ( 'NONE', #4948 ) ;
#5266 = ORIENTED_EDGE ( 'NONE', *, *, #4538, .T. ) ;
#5267 = CARTESIAN_POINT ( 'NONE',  ( -11.89999999999999858, 12.81500000000001727, 1.005852121562907328E-13 ) ) ;
#5268 = DIRECTION ( 'NONE',  ( 0.000000000000000000, 0.000000000000000000, 1.000000000000000000 ) ) ;
#5269 = EDGE_CURVE ( 'NONE', #2712, #56, #948, .T. ) ;
#5270 = FACE_OUTER_BOUND ( 'NONE', #6814, .T. ) ;
#5271 = DIRECTION ( 'NONE',  ( -8.775090700452169195E-16, -1.000000000000000000, -0.000000000000000000 ) ) ;
#5272 = CONICAL_SURFACE ( 'NONE', #1491, 8.045708121834929116, 0.1745329251994323372 ) ;
#5273 = VECTOR ( 'NONE', #1516, 1000.000000000000000 ) ;
#5274 = CARTESIAN_POINT ( 'NONE',  ( -8.414570696119854532, 14.24375000000001279, 8.414570696119975324 ) ) ;
#5275 = ORIENTED_EDGE ( 'NONE', *, *, #3788, .T. ) ;
#5276 = CARTESIAN_POINT ( 'NONE',  ( -9.000000000000001776, -10.80000000000000604, 6.500000000000000888 ) ) ;
#5277 = DIRECTION ( 'NONE',  ( -8.775090700452169195E-16, -1.000000000000000000, -0.000000000000000000 ) ) ;
#5278 = AXIS2_PLACEMENT_3D ( 'NONE', #4176, #6969, #6307 ) ;
#5279 = ORIENTED_EDGE ( 'NONE', *, *, #5945, .F. ) ;
#5280 = ADVANCED_FACE ( 'NONE', ( #5485 ), #7555, .F. ) ;
#5281 = FACE_OUTER_BOUND ( 'NONE', #1450, .T. ) ;
#5283 = EDGE_CURVE ( 'NONE', #8155, #2712, #7660, .T. ) ;
#5282 = CARTESIAN_POINT ( 'NONE',  ( 4.929141392239969832, 15.75187500000001606, 11.89999999999992042 ) ) ;
#5284 = ORIENTED_EDGE ( 'NONE', *, *, #7169, .T. ) ;
#5285 = LINE ( 'NONE', #5928, #2189 ) ;
#5286 = CARTESIAN_POINT ( 'NONE',  ( 0.000000000000000000, 17.80000000000000071, 0.000000000000000000 ) ) ;
#5287 = DIRECTION ( 'NONE',  ( 0.000000000000000000, 0.000000000000000000, 1.000000000000000000 ) ) ;
#5288 = ORIENTED_EDGE ( 'NONE', *, *, #5759, .T. ) ;
#5289 = EDGE_CURVE ( 'NONE', #6781, #7704, #2202, .T. ) ;
#5290 = CARTESIAN_POINT ( 'NONE',  ( -12.70000000000001705, 13.39750521535169625, -5.260512242138190686 ) ) ;
#5291 = ORIENTED_EDGE ( 'NONE', *, *, #8664, .F. ) ;
#5292 = DIRECTION ( 'NONE',  ( -1.000000000000000000, -0.000000000000000000, -0.000000000000000000 ) ) ;
#5293 = CARTESIAN_POINT ( 'NONE',  ( 9.000000000000001776, -11.19999999999999929, -9.000000000000000000 ) ) ;
#5294 = ORIENTED_EDGE ( 'NONE', *, *, #7971, .F. ) ;
#5295 = CARTESIAN_POINT ( 'NONE',  ( 33.09999999999999432, 0.000000000000000000, 0.000000000000000000 ) ) ;
#5296 = CIRCLE ( 'NONE', #3751, 0.3999999999999993006 ) ;
#5297 = CYLINDRICAL_SURFACE ( 'NONE', #2255, 11.89999999999999858 ) ;
#5298 = EDGE_CURVE ( 'NONE', #4378, #5163, #7790, .T. ) ;
#5299 = EDGE_CURVE ( 'NONE', #7213, #841, #6480, .T. ) ;
#5300 = AXIS2_PLACEMENT_3D ( 'NONE', #7440, #5379, #631 ) ;
#5301 = CARTESIAN_POINT ( 'NONE',  ( 5.000000000000000000, 8.248891971046779403, -4.762500000000000178 ) ) ;
#5302 = CARTESIAN_POINT ( 'NONE',  ( -11.09999999999996945, 17.60000000000002274, 1.359357947053560184E-15 ) ) ;
#5303 = CARTESIAN_POINT ( 'NONE',  ( -5.312971222579396802, 15.05812500000001464, 12.82664718204939014 ) ) ;
#5304 = DIRECTION ( 'NONE',  ( -8.775090700452169195E-16, -1.000000000000000000, -0.000000000000000000 ) ) ;
#5305 = EDGE_CURVE ( 'NONE', #6668, #6497, #8450, .T. ) ;
#5306 = CARTESIAN_POINT ( 'NONE',  ( 12.82664718204931376, 10.45437500000002373, -5.312971222579575326 ) ) ;
#5307 = EDGE_LOOP ( 'NONE', ( #3245, #8519 ) ) ;
#5308 = CARTESIAN_POINT ( 'NONE',  ( 6.472906827285480169, 10.92173415556789706, 10.02557599054007831 ) ) ;
#5309 = DIRECTION ( 'NONE',  ( 1.000000000000000000, 0.000000000000000000, 0.000000000000000000 ) ) ;
#5310 = PERSON_AND_ORGANIZATION_ROLE ( 'creator' ) ;
#5311 = EDGE_LOOP ( 'NONE', ( #1809, #6578, #2288, #4879 ) ) ;
#5312 = ORIENTED_EDGE ( 'NONE', *, *, #7622, .F. ) ;
#5313 = EDGE_CURVE ( 'NONE', #5902, #7191, #3716, .T. ) ;
#5314 = PRODUCT_RELATED_PRODUCT_CATEGORY ( 'detail', '', ( #2718 ) ) ;
#5315 = CARTESIAN_POINT ( 'NONE',  ( 0.1083897543756180415, 1.048450446541746350, 2.047132546062027103 ) ) ;
#5316 = CARTESIAN_POINT ( 'NONE',  ( -13.99999999999999822, 0.000000000000000000, -3.399999999999999911 ) ) ;
#5317 = CARTESIAN_POINT ( 'NONE',  ( 4.929141392239733577, 12.61812500000001691, -11.90000000000003944 ) ) ;
#5318 = CARTESIAN_POINT ( 'NONE',  ( -8.414570696119973547, 17.73625000000000895, -8.414570696119856308 ) ) ;
#5319 = ORIENTED_EDGE ( 'NONE', *, *, #7502, .F. ) ;
#5320 = DIRECTION ( 'NONE',  ( -8.775090700452169195E-16, -1.000000000000000000, -0.000000000000000000 ) ) ;
#5321 = DIRECTION ( 'NONE',  ( 1.000000000000000000, -8.673617379884044347E-16, 0.000000000000000000 ) ) ;
#5322 = EDGE_CURVE ( 'NONE', #5815, #7301, #7183, .T. ) ;
#5323 = ORIENTED_EDGE ( 'NONE', *, *, #4493, .F. ) ;
#5324 = CARTESIAN_POINT ( 'NONE',  ( 4.827671754811402316, -6.415804866369719583, 7.937500000000001776 ) ) ;
#5325 = VECTOR ( 'NONE', #6267, 1000.000000000000000 ) ;
#5326 = CARTESIAN_POINT ( 'NONE',  ( 0.000000000000000000, 0.000000000000000000, 0.000000000000000000 ) ) ;
#5327 = ORIENTED_EDGE ( 'NONE', *, *, #7837, .F. ) ;
#5328 = CARTESIAN_POINT ( 'NONE',  ( -11.89999999999996305, 11.82437500000001940, 4.929141392239922759 ) ) ;
#5329 = VECTOR ( 'NONE', #8430, 999.9999999999998863 ) ;
#5330 = CARTESIAN_POINT ( 'NONE',  ( 9.101657815899105072E-14, 12.67061978464833771, 12.69999999999996909 ) ) ;
#5331 = CARTESIAN_POINT ( 'NONE',  ( 15.22582127265072316, 34.29999999999999716, 7.561373325877829288 ) ) ;
#5332 = ORIENTED_EDGE ( 'NONE', *, *, #365, .F. ) ;
#5333 = CONICAL_SURFACE ( 'NONE', #839, 8.045708121834929116, 0.1745329251994323372 ) ;
#5334 = CARTESIAN_POINT ( 'NONE',  ( 11.44999999999999751, 0.000000000000000000, 0.000000000000000000 ) ) ;
#5335 = ORIENTED_EDGE ( 'NONE', *, *, #8469, .T. ) ;
#5336 = DIRECTION ( 'NONE',  ( 0.000000000000000000, -1.224646799147348770E-16, 1.000000000000000000 ) ) ;
#5337 = ORIENTED_EDGE ( 'NONE', *, *, #4127, .T. ) ;
#5338 = DIRECTION ( 'NONE',  ( 1.000000000000000000, -8.896017825522095502E-16, 0.000000000000000000 ) ) ;
#5339 = EDGE_CURVE ( 'NONE', #1392, #6683, #5956, .T. ) ;
#5340 = DIRECTION ( 'NONE',  ( -1.000000000000000000, -0.000000000000000000, -0.000000000000000000 ) ) ;
#5341 = CONICAL_SURFACE ( 'NONE', #3653, 2.499999999999998668, 0.7853981633974482790 ) ;
#5342 = CARTESIAN_POINT ( 'NONE',  ( 0.000000000000000000, 34.29999999999999716, 0.000000000000000000 ) ) ;
#5343 = LINE ( 'NONE', #3191, #6872 ) ;
#5344 = APPROVAL_PERSON_ORGANIZATION ( #626, #5608, #5883 ) ;
#5345 = CARTESIAN_POINT ( 'NONE',  ( 5.312971222579394137, 14.42312500000001663, -12.82664718204939014 ) ) ;
#5346 = DIRECTION ( 'NONE',  ( 0.000000000000000000, 0.000000000000000000, 1.000000000000000000 ) ) ;
#5347 = ADVANCED_FACE ( 'NONE', ( #4333, #7716 ), #1036, .F. ) ;
#5348 = CARTESIAN_POINT ( 'NONE',  ( -12.82664718204935106, 9.740000000000025082, 8.956799855210033214E-14 ) ) ;
#5349 = EDGE_LOOP ( 'NONE', ( #3545, #3082, #7488, #2171 ) ) ;
#5350 = CARTESIAN_POINT ( 'NONE',  ( 12.02785908391387792, 11.29655451558038237, 2.610184756902396597 ) ) ;
#5351 = AXIS2_PLACEMENT_3D ( 'NONE', #4167, #6837, #4080 ) ;
#5352 = EDGE_CURVE ( 'NONE', #90, #7401, #82, .T. ) ;
#5353 = LINE ( 'NONE', #6566, #5752 ) ;
#5354 = DATE_AND_TIME ( #2017, #988 ) ;
#5355 = ORGANIZATION ( 'NAUO-ORG5', 'UNSPECIFIED', 'UNSPECIFIED' ) ;
#5356 = ADVANCED_FACE ( 'NONE', ( #994 ), #3767, .F. ) ;
#5357 = ORIENTED_EDGE ( 'NONE', *, *, #615, .T. ) ;
#5358 = VERTEX_POINT ( 'NONE', #5161 ) ;
#5359 = PLANE ( 'NONE',  #895 ) ;
#5360 = CARTESIAN_POINT ( 'NONE',  ( 12.69999999999996909, 14.25811978464833629, -9.023892744153249136E-14 ) ) ;
#5361 = DIRECTION ( 'NONE',  ( -1.000000000000000000, -0.000000000000000000, -0.000000000000000000 ) ) ;
#5362 = CARTESIAN_POINT ( 'NONE',  ( -13.44999999999999929, 0.000000000000000000, 0.000000000000000000 ) ) ;
#5363 = CARTESIAN_POINT ( 'NONE',  ( 11.89999999999999858, 15.99000000000001087, -8.455458555545191202E-14 ) ) ;
#5364 = ORIENTED_EDGE ( 'NONE', *, *, #2950, .F. ) ;
#5365 = DIRECTION ( 'NONE',  ( 0.000000000000000000, 0.000000000000000000, -1.000000000000000000 ) ) ;
#5366 = FACE_OUTER_BOUND ( 'NONE', #5976, .T. ) ;
#5367 = VECTOR ( 'NONE', #8602, 1000.000000000000000 ) ;
#5368 = VERTEX_POINT ( 'NONE', #3067 ) ;
#5369 = DIRECTION ( 'NONE',  ( 1.000000000000000000, -0.000000000000000000, 0.000000000000000000 ) ) ;
#5370 = EDGE_CURVE ( 'NONE', #8202, #6723, #6439, .T. ) ;
#5371 = DIRECTION ( 'NONE',  ( -0.000000000000000000, 1.000000000000000000, -0.000000000000000000 ) ) ;
#5372 = ORIENTED_EDGE ( 'NONE', *, *, #5096, .F. ) ;
#5373 = CARTESIAN_POINT ( 'NONE',  ( -11.89999999999999858, 11.74500000000001698, 8.309725586446653599E-14 ) ) ;
#5374 = CARTESIAN_POINT ( 'NONE',  ( 12.27635182233307987, 0.000000000000000000, 3.703925678971643265 ) ) ;
#5375 = EDGE_LOOP ( 'NONE', ( #3970, #5053 ) ) ;
#5376 = COORDINATED_UNIVERSAL_TIME_OFFSET ( 8, 0, .AHEAD. ) ;
#5377 =( BOUNDED_CURVE ( )  B_SPLINE_CURVE ( 2, ( #4230, #3609, #314, #6984, #2875, #1636, #8173, #6945, #4887 ),
 .UNSPECIFIED., .F., .T. ) 
 B_SPLINE_CURVE_WITH_KNOTS ( ( 3, 2, 2, 2, 3 ),
 ( 0.3749999999999998335, 0.3906249999999998890, 0.4062499999999998890, 0.4218749999999998890, 0.4374999999999999445 ),
 .UNSPECIFIED. ) 
 CURVE ( )  GEOMETRIC_REPRESENTATION_ITEM ( )  RATIONAL_B_SPLINE_CURVE ( ( 1.000000000000000888, 0.9238795325112859613, 1.000000000000000000, 0.9238795325112867385, 1.000000000000000000, 0.9238795325112867385, 1.000000000000000000, 0.9238795325112869605, 0.9999999999999997780 ) ) 
 REPRESENTATION_ITEM ( '' )  );
#5378 = TOROIDAL_SURFACE ( 'NONE', #3266, 14.59999999999999964, 0.3999999999999984679 ) ;
#5379 = DIRECTION ( 'NONE',  ( -1.000000000000000000, -0.000000000000000000, -0.000000000000000000 ) ) ;
#5380 = ORIENTED_EDGE ( 'NONE', *, *, #6897, .F. ) ;
#5381 = DIRECTION ( 'NONE',  ( 1.000000000000000000, 0.000000000000000000, 0.000000000000000000 ) ) ;
#5382 = ADVANCED_FACE ( 'NONE', ( #8404 ), #7678, .F. ) ;
#5383 = VERTEX_POINT ( 'NONE', #2450 ) ;
#5384 = CARTESIAN_POINT ( 'NONE',  ( 7.365511512588884813, 17.46630267740861342, 9.801777916916481814 ) ) ;
#5385 = DIRECTION ( 'NONE',  ( -1.000000000000000000, 8.775090700452169195E-16, 0.000000000000000000 ) ) ;
#5386 = CARTESIAN_POINT ( 'NONE',  ( 0.1723282451885989330, 6.415804866369721360, 7.937500000000003553 ) ) ;
#5387 = CARTESIAN_POINT ( 'NONE',  ( 0.000000000000000000, 32.79999999999999716, -21.75000000000000000 ) ) ;
#5388 = CARTESIAN_POINT ( 'NONE',  ( 5.312971222579394137, 11.88312500000002281, -12.82664718204939014 ) ) ;
#5389 = CARTESIAN_POINT ( 'NONE',  ( 1.314067014872313699, 1.044870462717771176, -1.578848837621156243 ) ) ;
#5390 = CARTESIAN_POINT ( 'NONE',  ( 17.47810899155977893, 0.000000000000000000, 0.000000000000000000 ) ) ;
#5391 = ORIENTED_EDGE ( 'NONE', *, *, #3390, .T. ) ;
#5392 = CARTESIAN_POINT ( 'NONE',  ( -8.034646945590148803, -1.268955198721828159, 11.86186511655943399 ) ) ;
#5393 = DIRECTION ( 'NONE',  ( 0.000000000000000000, -0.7071067811865487940, -0.7071067811865463515 ) ) ;
#5394 = AXIS2_PLACEMENT_3D ( 'NONE', #198, #3004, #4898 ) ;
#5395 = CIRCLE ( 'NONE', #3710, 2.299999999999999822 ) ;
#5396 = ORIENTED_EDGE ( 'NONE', *, *, #7025, .F. ) ;
#5397 = DIRECTION ( 'NONE',  ( -8.775090700452169195E-16, -1.000000000000000000, -0.000000000000000000 ) ) ;
#5398 = CARTESIAN_POINT ( 'NONE',  ( -8.980256121069064790, 12.36563021535169860, 8.980256121069192687 ) ) ;
#5399 = EDGE_CURVE ( 'NONE', #56, #6588, #6946, .T. ) ;
#5400 = CARTESIAN_POINT ( 'NONE',  ( 15.60000000000000142, -17.69999999999999929, 0.000000000000000000 ) ) ;
#5401 = CARTESIAN_POINT ( 'NONE',  ( 12.69999999999997797, 16.57250521535169341, 5.260512242138231542 ) ) ;
#5402 = DIRECTION ( 'NONE',  ( 0.2588190451025215166, 1.182917971378669349E-16, 0.9659258262890679791 ) ) ;
#5403 = CARTESIAN_POINT ( 'NONE',  ( 11.90000000000003588, 14.64062500000001243, 4.929141392239745123 ) ) ;
#5404 = ORIENTED_EDGE ( 'NONE', *, *, #3042, .T. ) ;
#5405 = FACE_OUTER_BOUND ( 'NONE', #5438, .T. ) ;
#5406 = CARTESIAN_POINT ( 'NONE',  ( 12.56412585201709753, -2.009527318423363074, -9.246769250645094473 ) ) ;
#5407 = CC_DESIGN_PERSON_AND_ORGANIZATION_ASSIGNMENT ( #3358, #2752, ( #2262 ) ) ;
#5408 = AXIS2_PLACEMENT_3D ( 'NONE', #7048, #5688, #5117 ) ;
#5409 = VERTEX_POINT ( 'NONE', #3725 ) ;
#5410 = AXIS2_PLACEMENT_3D ( 'NONE', #685, #5897, #8018 ) ;
#5411 = DIRECTION ( 'NONE',  ( 0.000000000000000000, -1.000000000000000000, 0.000000000000000000 ) ) ;
#5412 = CARTESIAN_POINT ( 'NONE',  ( 39.00000000000000000, 0.000000000000000000, 0.000000000000000000 ) ) ;
#5413 = ORIENTED_EDGE ( 'NONE', *, *, #8219, .T. ) ;
#5414 = CARTESIAN_POINT ( 'NONE',  ( -8.414570696119973547, 11.58625000000001926, -8.414570696119856308 ) ) ;
#5415 = EDGE_CURVE ( 'NONE', #143, #6829, #2756, .T. ) ;
#5416 = CARTESIAN_POINT ( 'NONE',  ( 0.000000000000000000, 17.80000000000000071, 0.000000000000000000 ) ) ;
#5417 = AXIS2_PLACEMENT_3D ( 'NONE', #7539, #6129, #776 ) ;
#5418 = APPROVAL_ROLE ( '' ) ;
#5419 =( REPRESENTATION_RELATIONSHIP ('NONE','NONE', #5133, #879 ) REPRESENTATION_RELATIONSHIP_WITH_TRANSFORMATION ( #7590 )SHAPE_REPRESENTATION_RELATIONSHIP( ) );
#5420 = EDGE_LOOP ( 'NONE', ( #3817, #7315, #5986, #3281 ) ) ;
#5421 = CARTESIAN_POINT ( 'NONE',  ( 0.000000000000000000, 0.000000000000000000, 3.174999999999999822 ) ) ;
#5422 = ADVANCED_FACE ( 'NONE', ( #1164 ), #4974, .T. ) ;
#5423 = CARTESIAN_POINT ( 'NONE',  ( 9.000000000000001776, -11.19999999999999929, -9.000000000000000000 ) ) ;
#5424 = CC_DESIGN_PERSON_AND_ORGANIZATION_ASSIGNMENT ( #7614, #7735, ( #4492 ) ) ;
#5425 = SHAPE_REPRESENTATION ( 'DV1-FMR4阀体外形图', ( #5757 ), #3808 ) ;
#5426 = EDGE_LOOP ( 'NONE', ( #368, #4205 ) ) ;
#5427 = CARTESIAN_POINT ( 'NONE',  ( -3.350341220921309482, 17.34842668415553391, 11.91563864929522332 ) ) ;
#5428 = DIRECTION ( 'NONE',  ( -0.000000000000000000, 1.000000000000000000, -0.000000000000000000 ) ) ;
#5429 = CARTESIAN_POINT ( 'NONE',  ( 1.180805343176903212E-13, 14.40250000000001229, 11.89999999999999858 ) ) ;
#5430 = CARTESIAN_POINT ( 'NONE',  ( -8.382592070995921138E-14, 19.04750000000000298, -11.89999999999999858 ) ) ;
#5431 = DIRECTION ( 'NONE',  ( 0.000000000000000000, 0.000000000000000000, 1.000000000000000000 ) ) ;
#5432 = DIRECTION ( 'NONE',  ( -1.000000000000000000, -0.000000000000000000, -0.000000000000000000 ) ) ;
#5433 = VERTEX_POINT ( 'NONE', #2407 ) ;
#5434 = DIRECTION ( 'NONE',  ( -1.000000000000000000, -0.000000000000000000, -0.000000000000000000 ) ) ;
#5435 = CARTESIAN_POINT ( 'NONE',  ( 11.44999999999999751, 5.742042389534214595E-16, -4.688733431983856725 ) ) ;
#5436 = ITEM_DEFINED_TRANSFORMATION ( 'NONE', 'NONE', #3793,  #5757 ) ;
#5437 = ADVANCED_FACE ( 'NONE', ( #8319 ), #2324, .T. ) ;
#5438 = EDGE_LOOP ( 'NONE', ( #3215, #4844, #5275, #4826 ) ) ;
#5439 = ORIENTED_EDGE ( 'NONE', *, *, #5544, .T. ) ;
#5440 = CARTESIAN_POINT ( 'NONE',  ( -7.434591184897903968E-14, 15.03750000000001208, -11.89999999999999858 ) ) ;
#5441 = DIRECTION ( 'NONE',  ( 0.000000000000000000, -1.000000000000000000, 0.000000000000000000 ) ) ;
#5442 = FACE_OUTER_BOUND ( 'NONE', #524, .T. ) ;
#5443 = CARTESIAN_POINT ( 'NONE',  ( 46.70000000000001705, 3.175000000000006484, 0.000000000000000000 ) ) ;
#5444 = CARTESIAN_POINT ( 'NONE',  ( 8.528325040094458741E-14, 11.86250000000001847, 11.89999999999999858 ) ) ;
#5445 = ORIENTED_EDGE ( 'NONE', *, *, #7927, .F. ) ;
#5446 = DIRECTION ( 'NONE',  ( 1.000000000000000000, 0.000000000000000000, 0.000000000000000000 ) ) ;
#5447 = LINE ( 'NONE', #6768, #3402 ) ;
#5448 = AXIS2_PLACEMENT_3D ( 'NONE', #4262, #2822, #6933 ) ;
#5449 = EDGE_LOOP ( 'NONE', ( #7544, #1227, #3344, #2922 ) ) ;
#5450 = ORIENTED_EDGE ( 'NONE', *, *, #192, .T. ) ;
#5451 = CARTESIAN_POINT ( 'NONE',  ( 6.748901546321807388, 11.58318143011431367, 10.62759966832173575 ) ) ;
#5452 = EDGE_CURVE ( 'NONE', #1049, #7033, #2459, .T. ) ;
#5453 = DIRECTION ( 'NONE',  ( 0.000000000000000000, 0.000000000000000000, -1.000000000000000000 ) ) ;
#5454 = VERTEX_POINT ( 'NONE', #6400 ) ;
#5455 = CYLINDRICAL_SURFACE ( 'NONE', #6107, 12.69999999999998508 ) ;
#5456 = FACE_OUTER_BOUND ( 'NONE', #4480, .T. ) ;
#5457 = ORIENTED_EDGE ( 'NONE', *, *, #2182, .F. ) ;
#5458 = COORDINATED_UNIVERSAL_TIME_OFFSET ( 8, 0, .AHEAD. ) ;
#5459 = ORIENTED_EDGE ( 'NONE', *, *, #6854, .T. ) ;
#5460 = EDGE_CURVE ( 'NONE', #4894, #486, #8209, .T. ) ;
#5461 = AXIS2_PLACEMENT_3D ( 'NONE', #4704, #3382, #5864 ) ;
#5462 = DIRECTION ( 'NONE',  ( -0.000000000000000000, 1.000000000000000000, -0.000000000000000000 ) ) ;
#5463 = DIRECTION ( 'NONE',  ( 8.775090700452169195E-16, 1.000000000000000000, 0.000000000000000000 ) ) ;
#5464 = AXIS2_PLACEMENT_3D ( 'NONE', #8515, #527, #1682 ) ;
#5465 = ORIENTED_EDGE ( 'NONE', *, *, #8101, .F. ) ;
#5466 = DIRECTION ( 'NONE',  ( -0.000000000000000000, 1.000000000000000000, 1.224646799147353207E-16 ) ) ;
#5467 = LINE ( 'NONE', #8181, #4237 ) ;
#5468 = AXIS2_PLACEMENT_3D ( 'NONE', #7754, #3807, #1081 ) ;
#5469 = DIRECTION ( 'NONE',  ( 1.000000000000000000, -8.746504920891471725E-16, 0.000000000000000000 ) ) ;
#5470 =( BOUNDED_CURVE ( )  B_SPLINE_CURVE ( 2, ( #67, #8615, #2090, #2622, #4726, #8009, #2131, #5290, #3405 ),
 .UNSPECIFIED., .F., .T. ) 
 B_SPLINE_CURVE_WITH_KNOTS ( ( 3, 2, 2, 2, 3 ),
 ( 0.1875000000000000833, 0.2031250000000000833, 0.2187500000000000555, 0.2343750000000000555, 0.2500000000000000555 ),
 .UNSPECIFIED. ) 
 CURVE ( )  GEOMETRIC_REPRESENTATION_ITEM ( )  RATIONAL_B_SPLINE_CURVE ( ( 0.9999999999999995559, 0.9238795325112871826, 1.000000000000000000, 0.9238795325112867385, 1.000000000000000000, 0.9238795325112867385, 1.000000000000000000, 0.9238795325112865164, 1.000000000000000222 ) ) 
 REPRESENTATION_ITEM ( '' )  );
#5471 = CARTESIAN_POINT ( 'NONE',  ( -9.069809202314351282, 11.16875000000002061, 9.069809202314482732 ) ) ;
#5472 = EDGE_CURVE ( 'NONE', #5823, #1297, #3856, .T. ) ;
#5473 = FACE_OUTER_BOUND ( 'NONE', #7029, .T. ) ;
#5474 = EDGE_LOOP ( 'NONE', ( #6978, #6908 ) ) ;
#5475 = PLANE ( 'NONE',  #2981 ) ;
#5476 = DIRECTION ( 'NONE',  ( 0.000000000000000000, 0.000000000000000000, 1.000000000000000000 ) ) ;
#5477 = CIRCLE ( 'NONE', #4352, 1.000000000000000888 ) ;
#5478 = VERTEX_POINT ( 'NONE', #1921 ) ;
#5479 = LOCAL_TIME ( 22, 24, 23.00000000000000000, #4583 ) ;
#5480 = ORIENTED_EDGE ( 'NONE', *, *, #4010, .F. ) ;
#5481 = CARTESIAN_POINT ( 'NONE',  ( 33.49999999999999289, 0.000000000000000000, 0.000000000000000000 ) ) ;
#5482 = AXIS2_PLACEMENT_3D ( 'NONE', #7797, #1737, #284 ) ;
#5483 = CARTESIAN_POINT ( 'NONE',  ( 10.26249793774846353, 11.70000000000000817, -7.481385973047218307 ) ) ;
#5484 = DIRECTION ( 'NONE',  ( 5.329070518200751394E-15, 0.000000000000000000, 1.000000000000000000 ) ) ;
#5485 = FACE_OUTER_BOUND ( 'NONE', #7964, .T. ) ;
#5486 = CARTESIAN_POINT ( 'NONE',  ( -5.312971222579573549, 18.39187500000000597, -12.82664718204931376 ) ) ;
#5487 = ORIENTED_EDGE ( 'NONE', *, *, #3701, .F. ) ;
#5488 = CARTESIAN_POINT ( 'NONE',  ( 9.405474817352386552, -16.31552715405928566, 11.07041727578486245 ) ) ;
#5489 = LINE ( 'NONE', #1460, #8398 ) ;
#5490 = CARTESIAN_POINT ( 'NONE',  ( -5.260512242138209338, 12.59124478464833885, 12.70000000000000284 ) ) ;
#5491 = ORIENTED_EDGE ( 'NONE', *, *, #6590, .T. ) ;
#5492 = SECURITY_CLASSIFICATION ( '', '', #6965 ) ;
#5493 = AXIS2_PLACEMENT_3D ( 'NONE', #8058, #3456, #4732 ) ;
#5494 = ORIENTED_EDGE ( 'NONE', *, *, #365, .T. ) ;
#5495 = CARTESIAN_POINT ( 'NONE',  ( -0.8355290000671491413, 11.50199581524666392, 12.48043916176669299 ) ) ;
#5496 = CARTESIAN_POINT ( 'NONE',  ( 12.69999999999998508, -1.114436518957424246E-14, 0.000000000000000000 ) ) ;
#5497 = ORIENTED_EDGE ( 'NONE', *, *, #2040, .T. ) ;
#5498 = DIRECTION ( 'NONE',  ( 0.000000000000000000, 0.000000000000000000, -1.000000000000000000 ) ) ;
#5499 = DIRECTION ( 'NONE',  ( -1.000000000000000000, -0.000000000000000000, -0.000000000000000000 ) ) ;
#5500 = PERSON_AND_ORGANIZATION_ROLE ( 'creator' ) ;
#5501 = EDGE_LOOP ( 'NONE', ( #6757, #3642, #8093, #737 ) ) ;
#5502 = AXIS2_PLACEMENT_3D ( 'NONE', #529, #8384, #1726 ) ;
#5503 = CARTESIAN_POINT ( 'NONE',  ( 11.30000000000000249, 17.80000000000000071, 1.383850883036507292E-15 ) ) ;
#5504 = EDGE_CURVE ( 'NONE', #2965, #7353, #7369, .T. ) ;
#5505 = CARTESIAN_POINT ( 'NONE',  ( 0.000000000000000000, -15.69047268157664021, 0.000000000000000000 ) ) ;
#5506 = EDGE_CURVE ( 'NONE', #6036, #6539, #4734, .T. ) ;
#5507 = EDGE_LOOP ( 'NONE', ( #1474, #5940, #6997, #4628 ) ) ;
#5508 = CARTESIAN_POINT ( 'NONE',  ( -11.39039279841400365, 17.23569777374293110, 5.077425544857488759 ) ) ;
#5509 = AXIS2_PLACEMENT_3D ( 'NONE', #2770, #4206, #1575 ) ;
#5510 = DIRECTION ( 'NONE',  ( 0.000000000000000000, 0.000000000000000000, 1.000000000000000000 ) ) ;
#5511 = CIRCLE ( 'NONE', #7751, 14.00000000000000000 ) ;
#5512 = EDGE_CURVE ( 'NONE', #8303, #6446, #1310, .T. ) ;
#5513 = CARTESIAN_POINT ( 'NONE',  ( 5.000000000000000000, 5.499261314031189229, -9.524999999999996803 ) ) ;
#5514 = CARTESIAN_POINT ( 'NONE',  ( -9.035340417286477571E-14, 13.23250000000001769, -12.82664718204935106 ) ) ;
#5515 = CARTESIAN_POINT ( 'NONE',  ( 6.368163355566234409E-16, 34.29999999999999716, -5.199999999999998401 ) ) ;
#5516 = ORIENTED_EDGE ( 'NONE', *, *, #5544, .F. ) ;
#5517 = DIRECTION ( 'NONE',  ( 1.000000000000000000, 0.000000000000000000, -4.205219310670844307E-16 ) ) ;
#5518 = B_SPLINE_CURVE_WITH_KNOTS ( 'NONE', 3,
 ( #7018, #4477, #3164, #1137 ),
 .UNSPECIFIED., .F., .F.,
 ( 4, 4 ),
 ( 0.01118968547759082929, 0.01669505163429731501 ),
 .UNSPECIFIED. ) ;
#5519 = CARTESIAN_POINT ( 'NONE',  ( 1.910449006669870520E-15, -15.69047268157664021, -15.59999999999999432 ) ) ;
#5520 = ORIENTED_EDGE ( 'NONE', *, *, #1001, .F. ) ;
#5521 = ORIENTED_EDGE ( 'NONE', *, *, #2543, .T. ) ;
#5522 = CARTESIAN_POINT ( 'NONE',  ( -8.946127672407391939E-14, 12.03561978464833793, -12.69999999999996909 ) ) ;
#5523 = CARTESIAN_POINT ( 'NONE',  ( 10.26249793774846353, 11.70000000000000817, -7.481385973047218307 ) ) ;
#5524 = VECTOR ( 'NONE', #438, 1000.000000000000000 ) ;
#5525 = CARTESIAN_POINT ( 'NONE',  ( 0.000000000000000000, 0.000000000000000000, 0.000000000000000000 ) ) ;
#5526 = DIRECTION ( 'NONE',  ( -0.000000000000000000, -1.000000000000000000, -0.000000000000000000 ) ) ;
#5527 = EDGE_CURVE ( 'NONE', #8223, #4891, #1046, .T. ) ;
#5528 = CARTESIAN_POINT ( 'NONE',  ( -4.929141392239914765, 11.30687500000001933, -11.89999999999996483 ) ) ;
#5529 = ORIENTED_EDGE ( 'NONE', *, *, #24, .F. ) ;
#5530 = CARTESIAN_POINT ( 'NONE',  ( 1.725874147982922047, -15.69047268157664021, 15.50423678951415241 ) ) ;
#5531 = DIRECTION ( 'NONE',  ( 0.000000000000000000, 0.000000000000000000, 1.000000000000000000 ) ) ;
#5532 = AXIS2_PLACEMENT_3D ( 'NONE', #5739, #8685, #607 ) ;
#5533 = ORIENTED_EDGE ( 'NONE', *, *, #1567, .F. ) ;
#5534 = ORIENTED_EDGE ( 'NONE', *, *, #6416, .F. ) ;
#5536 = CARTESIAN_POINT ( 'NONE',  ( 11.94485072925408531, 11.66745524983103266, 4.292475245393612582 ) ) ;
#5535 = VECTOR ( 'NONE', #1228, 1000.000000000000000 ) ;
#5537 = CARTESIAN_POINT ( 'NONE',  ( -4.929141392239931641, 15.11687500000001272, -11.89999999999995772 ) ) ;
#5538 = ORIENTED_EDGE ( 'NONE', *, *, #7781, .F. ) ;
#5539 = CARTESIAN_POINT ( 'NONE',  ( 39.70000000000001705, 4.500576986866530697E-16, -3.675000000000006484 ) ) ;
#5540 = DIRECTION ( 'NONE',  ( 0.000000000000000000, 0.000000000000000000, 1.000000000000000000 ) ) ;
#5541 = AXIS2_PLACEMENT_3D ( 'NONE', #336, #3154, #8492 ) ;
#5542 = PERSON_AND_ORGANIZATION ( #129, #430 ) ;
#5543 = AXIS2_PLACEMENT_3D ( 'NONE', #8591, #7291, #1493 ) ;
#5544 = EDGE_CURVE ( 'NONE', #1418, #6154, #5207, .T. ) ;
#5545 = VERTEX_POINT ( 'NONE', #7975 ) ;
#5546 = EDGE_CURVE ( 'NONE', #1134, #5609, #7933, .T. ) ;
#5547 = CARTESIAN_POINT ( 'NONE',  ( 0.3948291982182989823, 10.99852262806237313, 1.822090932982379196E-15 ) ) ;
#5548 = DIRECTION ( 'NONE',  ( -0.000000000000000000, 1.000000000000000000, -0.000000000000000000 ) ) ;
#5549 = AXIS2_PLACEMENT_3D ( 'NONE', #858, #2891, #2228 ) ;
#5550 = CONICAL_SURFACE ( 'NONE', #785, 3.703925678971643265, 0.1745329251994260089 ) ;
#5551 = ORIENTED_EDGE ( 'NONE', *, *, #3892, .F. ) ;
#5552 = CARTESIAN_POINT ( 'NONE',  ( 3.809662982789316032, 17.42331530265207817, 11.67762916468623580 ) ) ;
#5553 = CARTESIAN_POINT ( 'NONE',  ( 0.000000000000000000, 13.71446665693449951, 0.000000000000000000 ) ) ;
#5554 = FACE_OUTER_BOUND ( 'NONE', #5231, .T. ) ;
#5555 = CARTESIAN_POINT ( 'NONE',  ( 4.929141392239747788, 16.42812500000000853, -11.90000000000003233 ) ) ;
#5556 = ADVANCED_FACE ( 'NONE', ( #7235, #3326 ), #5852, .F. ) ;
#5557 = DIRECTION ( 'NONE',  ( -1.000000000000000000, -0.000000000000000000, -0.000000000000000000 ) ) ;
#5558 = ORIENTED_EDGE ( 'NONE', *, *, #6727, .T. ) ;
#5559 = FACE_OUTER_BOUND ( 'NONE', #2944, .T. ) ;
#5560 = CARTESIAN_POINT ( 'NONE',  ( -8.980256121069064790, 13.63563021535169639, 8.980256121069192687 ) ) ;
#5561 = PERSON_AND_ORGANIZATION_ROLE ( 'classification_officer' ) ;
#5562 = B_SPLINE_CURVE_WITH_KNOTS ( 'NONE', 3,
 ( #2716, #1520, #893, #2226, #4199, #25 ),
 .UNSPECIFIED., .F., .F.,
 ( 4, 2, 4 ),
 ( 0.01669505163429731501, 0.01941030283746667667, 0.02212555404063603834 ),
 .UNSPECIFIED. ) ;
#5563 = EDGE_CURVE ( 'NONE', #955, #6537, #6035, .T. ) ;
#5564 = DIRECTION ( 'NONE',  ( -1.000000000000000000, -0.000000000000000000, -0.000000000000000000 ) ) ;
#5565 = DIRECTION ( 'NONE',  ( 0.000000000000000000, 0.000000000000000000, 1.000000000000000000 ) ) ;
#5566 = CYLINDRICAL_SURFACE ( 'NONE', #4154, 14.00000000000000000 ) ;
#5567 = DIRECTION ( 'NONE',  ( 0.000000000000000000, 0.000000000000000000, -1.000000000000000000 ) ) ;
#5568 = CARTESIAN_POINT ( 'NONE',  ( 11.90000000000003588, 12.10062500000001684, 4.929141392239745123 ) ) ;
#5569 = ORIENTED_EDGE ( 'NONE', *, *, #6910, .F. ) ;
#5570 = CARTESIAN_POINT ( 'NONE',  ( 11.67013411036706039, -15.92953782274725683, 9.762915623340049365 ) ) ;
#5571 = CARTESIAN_POINT ( 'NONE',  ( -9.000000000000001776, -10.80000000000000604, 11.49999999999999822 ) ) ;
#5572 = AXIS2_PLACEMENT_3D ( 'NONE', #4286, #376, #5762 ) ;
#5573 = CC_DESIGN_DATE_AND_TIME_ASSIGNMENT ( #4370, #6301, ( #2402 ) ) ;
#5574 = VERTEX_POINT ( 'NONE', #2676 ) ;
#5575 = AXIS2_PLACEMENT_3D ( 'NONE', #5238, #7268, #5066 ) ;
#5576 = CARTESIAN_POINT ( 'NONE',  ( 5.000997641144179440, 11.56261802816161222, 11.55165521520850191 ) ) ;
#5577 = FACE_OUTER_BOUND ( 'NONE', #2302, .T. ) ;
#5578 = EDGE_LOOP ( 'NONE', ( #6402, #3406, #1146, #165 ) ) ;
#5579 = CARTESIAN_POINT ( 'NONE',  ( 4.827671754811404981, -10.08197907572384189, -1.587499999999996581 ) ) ;
#5580 = DIRECTION ( 'NONE',  ( -1.000000000000000000, -0.000000000000000000, -0.000000000000000000 ) ) ;
#5581 = EDGE_CURVE ( 'NONE', #6986, #143, #6703, .T. ) ;
#5582 = APPLICATION_PROTOCOL_DEFINITION ( 'international standard', 'config_control_design', 1994, #5124 ) ;
#5583 = ORIENTED_EDGE ( 'NONE', *, *, #5298, .T. ) ;
#5584 = CARTESIAN_POINT ( 'NONE',  ( 2.845798222300969016, 17.16607489931613628, -12.23649627886848634 ) ) ;
#5585 = ORIENTED_EDGE ( 'NONE', *, *, #3476, .T. ) ;
#5586 = CARTESIAN_POINT ( 'NONE',  ( 1.026685611952905444E-14, 11.70000000000001883, 0.000000000000000000 ) ) ;
#5587 =( LENGTH_UNIT ( ) NAMED_UNIT ( * ) SI_UNIT ( .MILLI., .METRE. ) );
#5588 = CYLINDRICAL_SURFACE ( 'NONE', #4547, 15.59999999999999964 ) ;
#5589 = CARTESIAN_POINT ( 'NONE',  ( 0.000000000000000000, 17.80000000000000071, 0.000000000000000000 ) ) ;
#5590 = CARTESIAN_POINT ( 'NONE',  ( 11.89999999999996483, 14.99937500000001300, -4.929141392239915653 ) ) ;
#5591 = VECTOR ( 'NONE', #7987, 999.9999999999998863 ) ;
#5592 = LINE ( 'NONE', #900, #3425 ) ;
#5593 = ORIENTED_EDGE ( 'NONE', *, *, #4006, .F. ) ;
#5594 = CARTESIAN_POINT ( 'NONE',  ( 13.44999999999999929, 8.899999999999993250, 13.44999999999999929 ) ) ;
#5595 = EDGE_CURVE ( 'NONE', #1047, #7057, #6434, .T. ) ;
#5596 = DIRECTION ( 'NONE',  ( 0.000000000000000000, 0.000000000000000000, 1.000000000000000000 ) ) ;
#5597 = CARTESIAN_POINT ( 'NONE',  ( 4.727964354120389068, 10.54025085189310929, -0.7937499999999987343 ) ) ;
#5598 = EDGE_CURVE ( 'NONE', #5433, #1514, #7217, .T. ) ;
#5599 = CARTESIAN_POINT ( 'NONE',  ( 0.1726931561031162243, -3.670961952045460830, -9.524999999999998579 ) ) ;
#5600 = CARTESIAN_POINT ( 'NONE',  ( 11.90000000000000036, 10.90000000000000036, 0.000000000000000000 ) ) ;
#5601 = CARTESIAN_POINT ( 'NONE',  ( 9.069809202314482732, 19.10625000000000639, 9.069809202314353058 ) ) ;
#5602 = ORIENTED_EDGE ( 'NONE', *, *, #1118, .T. ) ;
#5603 = DIRECTION ( 'NONE',  ( 0.000000000000000000, 0.7071067811865462405, 0.7071067811865487940 ) ) ;
#5604 = CARTESIAN_POINT ( 'NONE',  ( -8.980256121069066566, 12.51186978464833821, 8.980256121069194464 ) ) ;
#5605 = CARTESIAN_POINT ( 'NONE',  ( 12.56412585201709931, -15.69047268157663666, -9.246769250645094473 ) ) ;
#5606 = EDGE_CURVE ( 'NONE', #3473, #4303, #8307, .T. ) ;
#5607 = LOCAL_TIME ( 22, 24, 23.00000000000000000, #5458 ) ;
#5608 = APPROVAL ( #5190, '未指定' ) ;
#5609 = VERTEX_POINT ( 'NONE', #4076 ) ;
#5610 = VERTEX_POINT ( 'NONE', #7453 ) ;
#5611 = CARTESIAN_POINT ( 'NONE',  ( 12.40591986552565196, 11.68395667103950863, 2.759762542859598877 ) ) ;
#5612 = EDGE_CURVE ( 'NONE', #8127, #2663, #5257, .T. ) ;
#5613 = CARTESIAN_POINT ( 'NONE',  ( -1.973462845978113611, 2.232007762856301536, -0.5733322165722793962 ) ) ;
#5614 = ORIENTED_EDGE ( 'NONE', *, *, #5758, .F. ) ;
#5615 = DIRECTION ( 'NONE',  ( 0.000000000000000000, 0.8660254037844385966, -0.5000000000000001110 ) ) ;
#5616 = LOCAL_TIME ( 22, 24, 23.00000000000000000, #6525 ) ;
#5617 = DIRECTION ( 'NONE',  ( 0.000000000000000000, 0.000000000000000000, -1.000000000000000000 ) ) ;
#5618 = AXIS2_PLACEMENT_3D ( 'NONE', #5904, #3198, #3332 ) ;
#5619 = DATE_AND_TIME ( #6985, #6885 ) ;
#5620 = ORIENTED_EDGE ( 'NONE', *, *, #3844, .T. ) ;
#5621 = EDGE_CURVE ( 'NONE', #1264, #1848, #1893, .T. ) ;
#5622 = DIRECTION ( 'NONE',  ( 1.000000000000000000, -8.746504920891471725E-16, 0.000000000000000000 ) ) ;
#5623 = ORIENTED_EDGE ( 'NONE', *, *, #6170, .F. ) ;
#5624 = CARTESIAN_POINT ( 'NONE',  ( 0.3948291982182984272, -5.499261314031190118, -9.524999999999996803 ) ) ;
#5625 =( NAMED_UNIT ( * ) SI_UNIT ( $, .STERADIAN. ) SOLID_ANGLE_UNIT ( ) );
#5626 = CIRCLE ( 'NONE', #7178, 9.525000000000000355 ) ;
#5627 = ADVANCED_FACE ( 'NONE', ( #2097 ), #6381, .T. ) ;
#5628 = CARTESIAN_POINT ( 'NONE',  ( 0.1083897543756180415, 1.048450446541746350, 2.047132546062027103 ) ) ;
#5629 = CARTESIAN_POINT ( 'NONE',  ( 10.72036280907123817, 10.96614989287690811, -5.374480629198373549 ) ) ;
#5630 = CARTESIAN_POINT ( 'NONE',  ( 8.528325040094456217E-14, 15.87250000000001116, 11.89999999999999858 ) ) ;
#5631 = CARTESIAN_POINT ( 'NONE',  ( -12.27635182233306743, 9.853150698279008280E-16, -8.045708121834929116 ) ) ;
#5632 = EDGE_LOOP ( 'NONE', ( #8386, #4827 ) ) ;
#5633 = DIRECTION ( 'NONE',  ( -8.775090700452169195E-16, -1.000000000000000000, -0.000000000000000000 ) ) ;
#5634 = CARTESIAN_POINT ( 'NONE',  ( 11.98754637825159541, 17.60183483942742200, -1.685720853141057907 ) ) ;
#5635 = EDGE_CURVE ( 'NONE', #5877, #6862, #570, .T. ) ;
#5636 = UNCERTAINTY_MEASURE_WITH_UNIT (LENGTH_MEASURE( 1.000000000000000082E-05 ), #7121, 'distance_accuracy_value', 'NONE');
#5637 = CARTESIAN_POINT ( 'NONE',  ( 20.24999999999999645, 34.29999999999999716, 0.000000000000000000 ) ) ;
#5638 = FACE_BOUND ( 'NONE', #3818, .T. ) ;
#5639 = CYLINDRICAL_SURFACE ( 'NONE', #6666, 2.300000000000000711 ) ;
#5640 = CARTESIAN_POINT ( 'NONE',  ( -15.22582127265071783, 30.49999999999999645, -10.06137332587782929 ) ) ;
#5641 = CARTESIAN_POINT ( 'NONE',  ( 12.82664718204931376, 16.80437500000001094, -5.312971222579575326 ) ) ;
#5642 = VERTEX_POINT ( 'NONE', #5824 ) ;
#5643 = CARTESIAN_POINT ( 'NONE',  ( -13.19999999999999751, -10.69999999999999218, -13.19999999999999396 ) ) ;
#5644 = DIRECTION ( 'NONE',  ( 0.000000000000000000, 0.000000000000000000, 1.000000000000000000 ) ) ;
#5645 = DATE_TIME_ROLE ( 'classification_date' ) ;
#5646 = ADVANCED_FACE ( 'NONE', ( #1839 ), #1756, .T. ) ;
#5647 = ORIENTED_EDGE ( 'NONE', *, *, #3306, .F. ) ;
#5648 = AXIS2_PLACEMENT_3D ( 'NONE', #1400, #5557, #3585 ) ;
#5649 = EDGE_LOOP ( 'NONE', ( #742, #1754, #267, #8251 ) ) ;
#5650 = CYLINDRICAL_SURFACE ( 'NONE', #5532, 3.175000000000005596 ) ;
#5651 = CARTESIAN_POINT ( 'NONE',  ( -12.69999999999996732, 14.74688021535169291, 8.868362600661530955E-14 ) ) ;
#5652 = CARTESIAN_POINT ( 'NONE',  ( -3.556793683287583274, 11.47349742457191013, 11.96222547043328888 ) ) ;
#5653 = CARTESIAN_POINT ( 'NONE',  ( -9.000000000000005329, 0.3021515475689004471, 9.000000000000000000 ) ) ;
#5654 = VERTEX_POINT ( 'NONE', #5651 ) ;
#5655 = DIRECTION ( 'NONE',  ( 0.000000000000000000, 0.000000000000000000, -1.000000000000000000 ) ) ;
#5656 = DIRECTION ( 'NONE',  ( 0.000000000000000000, 0.000000000000000000, 1.000000000000000000 ) ) ;
#5657 = EDGE_CURVE ( 'NONE', #263, #3643, #348, .T. ) ;
#5658 = ORIENTED_EDGE ( 'NONE', *, *, #8532, .T. ) ;
#5659 = DATE_AND_TIME ( #6947, #8413 ) ;
#5660 = TOROIDAL_SURFACE ( 'NONE', #3290, 4.688733431983854061, 1.000000000000000444 ) ;
#5661 = EDGE_CURVE ( 'NONE', #1716, #2506, #630, .T. ) ;
#5662 = VERTEX_POINT ( 'NONE', #7813 ) ;
#5663 = CARTESIAN_POINT ( 'NONE',  ( 13.19999999999999751, -10.69999999999999218, -13.19999999999999396 ) ) ;
#5664 = EDGE_CURVE ( 'NONE', #3868, #6660, #7487, .T. ) ;
#5665 = VECTOR ( 'NONE', #7094, 999.9999999999998863 ) ;
#5666 = ORIENTED_EDGE ( 'NONE', *, *, #4985, .T. ) ;
#5667 = DIRECTION ( 'NONE',  ( 0.000000000000000000, 0.000000000000000000, 1.000000000000000000 ) ) ;
#5668 = CIRCLE ( 'NONE', #8194, 2.299999999999999822 ) ;
#5669 = SHAPE_REPRESENTATION_RELATIONSHIP ( 'NONE' , 'NONE' ,  #4196, #755 ) ;
#5670 = AXIS2_PLACEMENT_3D ( 'NONE', #3110, #3676, #7755 ) ;
#5671 = EDGE_CURVE ( 'NONE', #1545, #1993, #6659, .T. ) ;
#5672 = APPROVAL ( #4208, 'UNKNOWN' ) ;
#5673 = DIRECTION ( 'NONE',  ( 0.000000000000000000, 0.000000000000000000, 1.000000000000000000 ) ) ;
#5674 = VECTOR ( 'NONE', #2720, 1000.000000000000000 ) ;
#5676 = EDGE_LOOP ( 'NONE', ( #510, #2491, #1334, #8562 ) ) ;
#5675 = CARTESIAN_POINT ( 'NONE',  ( -11.89410089001540527, 11.27625701600870656, -3.142219634571121745 ) ) ;
#5677 = AXIS2_PLACEMENT_3D ( 'NONE', #5505, #6208, #768 ) ;
#5678 = CARTESIAN_POINT ( 'NONE',  ( -8.382592070995921138E-14, 16.50750000000000739, -11.89999999999999858 ) ) ;
#5679 = ORIENTED_EDGE ( 'NONE', *, *, #3701, .T. ) ;
#5680 = CARTESIAN_POINT ( 'NONE',  ( 14.29000000000000448, -16.37972297674532385, 2.095091730326422486 ) ) ;
#5681 = ORIENTED_EDGE ( 'NONE', *, *, #6150, .T. ) ;
#5682 = CYLINDRICAL_SURFACE ( 'NONE', #2424, 12.69999999999998508 ) ;
#5683 = CARTESIAN_POINT ( 'NONE',  ( 12.08446835434913247, 17.59306052724517855, -0.8490763820992169864 ) ) ;
#5684 = CONTEXT_DEPENDENT_SHAPE_REPRESENTATION ( #1387, #47 ) ;
#5685 = FACE_BOUND ( 'NONE', #2953, .T. ) ;
#5686 = CARTESIAN_POINT ( 'NONE',  ( -10.76942092117334937, -16.12066646117741797, -10.28294262558368111 ) ) ;
#5687 = DIRECTION ( 'NONE',  ( -9.800697604388738773E-17, 1.000000000000000000, -0.000000000000000000 ) ) ;
#5688 = DIRECTION ( 'NONE',  ( -1.000000000000000000, -0.000000000000000000, -0.000000000000000000 ) ) ;
#5689 = CARTESIAN_POINT ( 'NONE',  ( -12.82664718204931198, 13.62937500000001556, 5.312971222579581543 ) ) ;
#5690 = ORIENTED_EDGE ( 'NONE', *, *, #1931, .T. ) ;
#5691 = CARTESIAN_POINT ( 'NONE',  ( 11.44999999999999751, 0.000000000000000000, 0.000000000000000000 ) ) ;
#5692 = CARTESIAN_POINT ( 'NONE',  ( -11.89999999999996838, 14.36437500000001322, 4.929141392239912101 ) ) ;
#5693 =( BOUNDED_CURVE ( )  B_SPLINE_CURVE ( 2, ( #5924, #3258, #4101, #6, #2036, #7955, #759, #3914, #4756 ),
 .UNSPECIFIED., .F., .T. ) 
 B_SPLINE_CURVE_WITH_KNOTS ( ( 3, 2, 2, 2, 3 ),
 ( 0.7187500000000001110, 0.7343750000000001110, 0.7500000000000000000, 0.7656250000000000000, 0.7812500000000000000 ),
 .UNSPECIFIED. ) 
 CURVE ( )  GEOMETRIC_REPRESENTATION_ITEM ( )  RATIONAL_B_SPLINE_CURVE ( ( 0.9999999999999994449, 0.9238795325112872936, 1.000000000000000000, 0.9238795325112867385, 1.000000000000000000, 0.9238795325112867385, 1.000000000000000000, 0.9238795325112867385, 1.000000000000000000 ) ) 
 REPRESENTATION_ITEM ( '' )  );
#5694 = CALENDAR_DATE ( 2025, 13, 3 ) ;
#5695 = ORIENTED_EDGE ( 'NONE', *, *, #3948, .F. ) ;
#5696 = ORIENTED_EDGE ( 'NONE', *, *, #5269, .T. ) ;
#5697 = FACE_OUTER_BOUND ( 'NONE', #6290, .T. ) ;
#5698 = DIRECTION ( 'NONE',  ( 1.000000000000000000, -9.210921111381288336E-16, 0.000000000000000000 ) ) ;
#5699 = DIRECTION ( 'NONE',  ( 0.000000000000000000, 0.000000000000000000, -1.000000000000000000 ) ) ;
#5700 = DIRECTION ( 'NONE',  ( 0.000000000000000000, -1.000000000000000000, 0.000000000000000000 ) ) ;
#5701 = CARTESIAN_POINT ( 'NONE',  ( 8.414570696119975324, 19.64125000000000298, 8.414570696119856308 ) ) ;
#5702 = ORIENTED_EDGE ( 'NONE', *, *, #1916, .T. ) ;
#5703 = DIRECTION ( 'NONE',  ( -0.000000000000000000, -1.000000000000000000, -0.000000000000000000 ) ) ;
#5704 = AXIS2_PLACEMENT_3D ( 'NONE', #1157, #7361, #4587 ) ;
#5705 = DIRECTION ( 'NONE',  ( 2.623755202233439104E-15, -0.7071067811865474617, 0.7071067811865474617 ) ) ;
#5706 = PERSON_AND_ORGANIZATION ( #129, #430 ) ;
#5707 = AXIS2_PLACEMENT_3D ( 'NONE', #18, #3314, #3973 ) ;
#5708 = AXIS2_PLACEMENT_3D ( 'NONE', #1890, #4442, #8468 ) ;
#5709 = ORIENTED_EDGE ( 'NONE', *, *, #5299, .F. ) ;
#5710 = CARTESIAN_POINT ( 'NONE',  ( -14.00000000000000000, -17.39999999999999858, 0.000000000000000000 ) ) ;
#5711 = ADVANCED_FACE ( 'NONE', ( #7017 ), #3579, .T. ) ;
#5712 = DIRECTION ( 'NONE',  ( 0.000000000000000000, 0.000000000000000000, -1.000000000000000000 ) ) ;
#5713 = EDGE_CURVE ( 'NONE', #1179, #3494, #2335, .T. ) ;
#5714 = ORIENTED_EDGE ( 'NONE', *, *, #4985, .F. ) ;
#5715 = CARTESIAN_POINT ( 'NONE',  ( 0.000000000000000000, 0.000000000000000000, 0.000000000000000000 ) ) ;
#5716 =( NAMED_UNIT ( * ) SI_UNIT ( $, .STERADIAN. ) SOLID_ANGLE_UNIT ( ) );
#5717 = CLOSED_SHELL ( 'NONE', ( #2208, #3915, #3221, #5980, #8137, #1917, #7753, #475, #7702, #1523, #1922, #2304, #2296, #4380, #5627, #3197, #4432, #7227, #8092, #2843, #8288, #5104, #6951, #8338, #4679, #4526, #4671, #4900, #371, #6860, #7112, #8575, #6263, #3092, #4444, #7811, #2230, #6553, #8505, #1421, #163, #6096, #8388, #7618, #2742, #5896, #1784 ) ) ;
#5718 = CARTESIAN_POINT ( 'NONE',  ( 14.29000000000000270, -1.253317003632702598, -1.050702047291696140 ) ) ;
#5719 = CARTESIAN_POINT ( 'NONE',  ( 11.52562799247183456, 10.94007509389543209, -3.143765314789236154 ) ) ;
#5720 = CARTESIAN_POINT ( 'NONE',  ( -8.414570696119973547, 14.12625000000001307, -8.414570696119856308 ) ) ;
#5721 = CARTESIAN_POINT ( 'NONE',  ( 14.29000000000000092, -16.12055012017330924, -4.184373678247902184 ) ) ;
#5722 = ORIENTED_EDGE ( 'NONE', *, *, #6474, .F. ) ;
#5723 = FACE_OUTER_BOUND ( 'NONE', #7857, .T. ) ;
#5724 = CARTESIAN_POINT ( 'NONE',  ( -12.69999999999992824, 13.70249478464833537, 5.260512242138391414 ) ) ;
#5725 = EDGE_CURVE ( 'NONE', #417, #6812, #1801, .T. ) ;
#5726 = LINE ( 'NONE', #3630, #6948 ) ;
#5727 = DIRECTION ( 'NONE',  ( -1.000000000000000000, 0.000000000000000000, 0.000000000000000000 ) ) ;
#5728 = CARTESIAN_POINT ( 'NONE',  ( -5.312971222579396802, 20.13812499999999872, 12.82664718204939014 ) ) ;
#5729 = DIRECTION ( 'NONE',  ( -0.000000000000000000, -1.000000000000000000, -0.000000000000000000 ) ) ;
#5730 = CARTESIAN_POINT ( 'NONE',  ( 12.82664718204931376, 12.99437500000002110, -5.312971222579575326 ) ) ;
#5731 = AXIS2_PLACEMENT_3D ( 'NONE', #1989, #7391, #8043 ) ;
#5732 = ORIENTED_EDGE ( 'NONE', *, *, #435, .F. ) ;
#5733 = DIRECTION ( 'NONE',  ( 0.000000000000000000, 0.000000000000000000, -1.000000000000000000 ) ) ;
#5734 = CARTESIAN_POINT ( 'NONE',  ( -8.414570696120007298, 14.12625000000001307, -8.414570696119822557 ) ) ;
#5735 = APPROVAL_STATUS ( 'not_yet_approved' ) ;
#5736 = AXIS2_PLACEMENT_3D ( 'NONE', #5205, #3846, #5850 ) ;
#5737 = CIRCLE ( 'NONE', #3926, 20.24999999999999645 ) ;
#5738 = ORIENTED_EDGE ( 'NONE', *, *, #615, .F. ) ;
#5739 = CARTESIAN_POINT ( 'NONE',  ( 0.000000000000000000, 0.000000000000000000, 0.000000000000000000 ) ) ;
#5740 = DIRECTION ( 'NONE',  ( 0.000000000000000000, 0.000000000000000000, -1.000000000000000000 ) ) ;
#5741 = DIRECTION ( 'NONE',  ( 0.000000000000000000, 0.000000000000000000, 1.000000000000000000 ) ) ;
#5742 =( BOUNDED_CURVE ( )  B_SPLINE_CURVE ( 2, ( #2643, #2595, #5398, #8073, #4500, #7986, #3380, #6622, #608 ),
 .UNSPECIFIED., .F., .F. ) 
 B_SPLINE_CURVE_WITH_KNOTS ( ( 3, 2, 2, 2, 3 ),
 ( 0.1249999999999999306, 0.1406249999999999722, 0.1562500000000000000, 0.1718750000000000555, 0.1875000000000000833 ),
 .UNSPECIFIED. ) 
 CURVE ( )  GEOMETRIC_REPRESENTATION_ITEM ( )  RATIONAL_B_SPLINE_CURVE ( ( 1.000000000000000444, 0.9238795325112864054, 1.000000000000000000, 0.9238795325112867385, 1.000000000000000000, 0.9238795325112867385, 1.000000000000000000, 0.9238795325112862944, 1.000000000000000444 ) ) 
 REPRESENTATION_ITEM ( '' )  );
#5743 = CARTESIAN_POINT ( 'NONE',  ( -4.929141392239914765, 18.92687500000000611, -11.89999999999996483 ) ) ;
#5744 = VERTEX_POINT ( 'NONE', #5088 ) ;
#5745 = FACE_OUTER_BOUND ( 'NONE', #3769, .T. ) ;
#5746 = CARTESIAN_POINT ( 'NONE',  ( -8.308988999489114440E-14, 11.22750000000002046, -11.89999999999999858 ) ) ;
#5747 = AXIS2_PLACEMENT_3D ( 'NONE', #1749, #7761, #7721 ) ;
#5748 = ORIENTED_EDGE ( 'NONE', *, *, #5907, .T. ) ;
#5749 = DIRECTION ( 'NONE',  ( -0.5773502691896236216, -0.5773502691896258421, -0.5773502691896278405 ) ) ;
#5750 = APPROVAL_PERSON_ORGANIZATION ( #5056, #2932, #4928 ) ;
#5751 = LINE ( 'NONE', #1898, #4109 ) ;
#5752 = VECTOR ( 'NONE', #5856, 1000.000000000000000 ) ;
#5753 = CARTESIAN_POINT ( 'NONE',  ( -7.434591184897903968E-14, 15.23750000000001137, -11.89999999999999858 ) ) ;
#5754 = DIRECTION ( 'NONE',  ( -0.7071067811865475727, 0.7071067811865475727, 0.000000000000000000 ) ) ;
#5755 =( NAMED_UNIT ( * ) SI_UNIT ( $, .STERADIAN. ) SOLID_ANGLE_UNIT ( ) );
#5756 = ORGANIZATION ( 'NAUO-ORG1', 'UNSPECIFIED', 'UNSPECIFIED' ) ;
#5757 = AXIS2_PLACEMENT_3D ( 'NONE', #3049, #2431, #238 ) ;
#5758 = EDGE_CURVE ( 'NONE', #624, #1401, #5807, .T. ) ;
#5759 = EDGE_CURVE ( 'NONE', #6298, #2524, #8065, .T. ) ;
#5760 = CARTESIAN_POINT ( 'NONE',  ( 4.999999999999997335, -0.9122839195842814553, 9.525000000000000355 ) ) ;
#5761 = CARTESIAN_POINT ( 'NONE',  ( 2.586341901255701625, 11.08047929050093217, -11.80697615235839670 ) ) ;
#5762 = DIRECTION ( 'NONE',  ( 0.000000000000000000, 0.000000000000000000, 1.000000000000000000 ) ) ;
#5763 = VERTEX_POINT ( 'NONE', #8370 ) ;
#5764 = DIRECTION ( 'NONE',  ( 1.000000000000000000, -8.775090700452170181E-16, 0.000000000000000000 ) ) ;
#5765 = CARTESIAN_POINT ( 'NONE',  ( 4.449219682286106980, 17.73706895484004775, -11.13652166967920465 ) ) ;
#5766 = CC_DESIGN_PERSON_AND_ORGANIZATION_ASSIGNMENT ( #6688, #6779, ( #2833 ) ) ;
#5767 = ADVANCED_FACE ( 'NONE', ( #1094 ), #3448, .T. ) ;
#5768 = DIRECTION ( 'NONE',  ( 0.000000000000000000, -1.224646799147353454E-16, 1.000000000000000000 ) ) ;
#5769 = CARTESIAN_POINT ( 'NONE',  ( -12.69999999999998330, 12.12750521535169668, -5.260512242138222661 ) ) ;
#5770 = DIRECTION ( 'NONE',  ( 0.000000000000000000, 0.000000000000000000, 1.000000000000000000 ) ) ;
#5771 = DIRECTION ( 'NONE',  ( 0.000000000000000000, -1.000000000000000000, 0.000000000000000000 ) ) ;
#5772 = EDGE_CURVE ( 'NONE', #4580, #7897, #3007, .T. ) ;
#5773 = CARTESIAN_POINT ( 'NONE',  ( 5.312971222579579766, 15.21687500000001414, 12.82664718204931198 ) ) ;
#5774 = ORIENTED_EDGE ( 'NONE', *, *, #1443, .F. ) ;
#5775 = CARTESIAN_POINT ( 'NONE',  ( 1.122512155537489559E-13, 16.94250000000000966, 11.89999999999999858 ) ) ;
#5776 = CARTESIAN_POINT ( 'NONE',  ( 12.69999999999998508, -1.114436518957424246E-14, 0.000000000000000000 ) ) ;
#5777 = APPROVAL_DATE_TIME ( #429, #8259 ) ;
#5778 = AXIS2_PLACEMENT_3D ( 'NONE', #7239, #5903, #7186 ) ;
#5779 = VERTEX_POINT ( 'NONE', #134 ) ;
#5780 = ORIENTED_EDGE ( 'NONE', *, *, #2670, .T. ) ;
#5781 = DIRECTION ( 'NONE',  ( 0.000000000000000000, 0.8660254037844388186, 0.4999999999999997780 ) ) ;
#5782 = ADVANCED_FACE ( 'NONE', ( #8075 ), #5566, .T. ) ;
#5783 = CC_DESIGN_PERSON_AND_ORGANIZATION_ASSIGNMENT ( #8300, #4312, ( #6043 ) ) ;
#5784 = CARTESIAN_POINT ( 'NONE',  ( 12.94999999999999218, 9.400000000000000355, -12.94999999999999218 ) ) ;
#5785 = CIRCLE ( 'NONE', #7343, 11.99999999999998757 ) ;
#5786 = CARTESIAN_POINT ( 'NONE',  ( 12.94999999999999218, -11.19999999999999929, -12.94999999999999218 ) ) ;
#5787 = DIRECTION ( 'NONE',  ( -1.000000000000000000, 9.376883653928698457E-16, 0.000000000000000000 ) ) ;
#5788 = CARTESIAN_POINT ( 'NONE',  ( 4.929141392239747788, 20.03812500000000085, -11.90000000000003233 ) ) ;
#5789 = ORIENTED_EDGE ( 'NONE', *, *, #583, .F. ) ;
#5790 = CARTESIAN_POINT ( 'NONE',  ( 10.77636534613067809, -16.11891868594210209, -10.27893325996520346 ) ) ;
#5791 = CYLINDRICAL_SURFACE ( 'NONE', #1089, 15.59999999999999964 ) ;
#5792 = EDGE_LOOP ( 'NONE', ( #273, #5534, #7257, #1637 ) ) ;
#5793 = ORIENTED_EDGE ( 'NONE', *, *, #647, .T. ) ;
#5794 = CARTESIAN_POINT ( 'NONE',  ( 15.22582127265072316, 34.29999999999999716, 7.561373325877829288 ) ) ;
#5795 = LINE ( 'NONE', #2475, #6340 ) ;
#5796 = CARTESIAN_POINT ( 'NONE',  ( 11.90000000000004476, 17.18062500000000981, 4.929141392239723807 ) ) ;
#5797 = LINE ( 'NONE', #449, #6738 ) ;
#5798 = CIRCLE ( 'NONE', #339, 15.00000000000000000 ) ;
#5799 = AXIS2_PLACEMENT_3D ( 'NONE', #3040, #4481, #7153 ) ;
#5800 = EDGE_CURVE ( 'NONE', #243, #6660, #8624, .T. ) ;
#5801 = CARTESIAN_POINT ( 'NONE',  ( 14.29000000000000625, -1.253080243804216343, 1.045109900473979225 ) ) ;
#5802 = CARTESIAN_POINT ( 'NONE',  ( -8.414570696119865190, 11.70375000000001897, 8.414570696119964666 ) ) ;
#5803 = CARTESIAN_POINT ( 'NONE',  ( 2.050000000000001599, 0.6609346322114812988, -1.423535324875093646E-15 ) ) ;
#5804 = ORIENTED_EDGE ( 'NONE', *, *, #603, .T. ) ;
#5805 = DIRECTION ( 'NONE',  ( 0.000000000000000000, 0.000000000000000000, 1.000000000000000000 ) ) ;
#5806 = CARTESIAN_POINT ( 'NONE',  ( 9.485890743062883601, 17.66992707975654753, -7.410679677741415894 ) ) ;
#5807 = CIRCLE ( 'NONE', #2045, 11.89999999999998970 ) ;
#5808 = CIRCLE ( 'NONE', #7929, 14.20000000000000107 ) ;
#5809 = PLANE ( 'NONE',  #914 ) ;
#5810 = EDGE_CURVE ( 'NONE', #6660, #7779, #3512, .T. ) ;
#5811 = FACE_OUTER_BOUND ( 'NONE', #8328, .T. ) ;
#5812 = CARTESIAN_POINT ( 'NONE',  ( -5.312971222579396802, 16.32812500000001066, 12.82664718204939014 ) ) ;
#5813 = DIRECTION ( 'NONE',  ( -0.000000000000000000, 1.000000000000000000, -0.000000000000000000 ) ) ;
#5814 = CARTESIAN_POINT ( 'NONE',  ( -12.82664718204935106, 14.82000000000001450, 8.956799855210033214E-14 ) ) ;
#5815 = VERTEX_POINT ( 'NONE', #1495 ) ;
#5816 = CARTESIAN_POINT ( 'NONE',  ( 0.000000000000000000, 24.89999999999999858, 4.799999999999999822 ) ) ;
#5817 = CONICAL_SURFACE ( 'NONE', #641, 9.525000000000000355, 1.308996938995753645 ) ;
#5818 = DIRECTION ( 'NONE',  ( -0.5773502691896258421, 0.5773502691896258421, -0.5773502691896258421 ) ) ;
#5819 = AXIS2_PLACEMENT_3D ( 'NONE', #5131, #3691, #4347 ) ;
#5820 = COORDINATED_UNIVERSAL_TIME_OFFSET ( 8, 0, .AHEAD. ) ;
#5821 = ADVANCED_FACE ( 'NONE', ( #3553, #48 ), #6232, .F. ) ;
#5822 = ORIENTED_EDGE ( 'NONE', *, *, #4963, .F. ) ;
#5823 = VERTEX_POINT ( 'NONE', #7595 ) ;
#5824 = CARTESIAN_POINT ( 'NONE',  ( 5.000000000000000000, -8.248891971046781180, -4.762499999999998401 ) ) ;
#5825 = FACE_OUTER_BOUND ( 'NONE', #7027, .T. ) ;
#5826 = CARTESIAN_POINT ( 'NONE',  ( -11.21728551710616983, 17.12097322144479961, -5.741313059029983457 ) ) ;
#5827 = CARTESIAN_POINT ( 'NONE',  ( 11.90000000000003233, 12.10062500000001684, 4.929141392239754005 ) ) ;
#5828 = ORIENTED_EDGE ( 'NONE', *, *, #6083, .F. ) ;
#5829 = DIRECTION ( 'NONE',  ( -1.000000000000000000, 0.000000000000000000, 0.000000000000000000 ) ) ;
#5830 = DIRECTION ( 'NONE',  ( 0.000000000000000000, 0.000000000000000000, 1.000000000000000000 ) ) ;
#5831 = ORIENTED_EDGE ( 'NONE', *, *, #3650, .T. ) ;
#5832 = ORIENTED_EDGE ( 'NONE', *, *, #5021, .F. ) ;
#5833 = PLANE ( 'NONE',  #3920 ) ;
#5834 = EDGE_CURVE ( 'NONE', #8036, #4580, #1822, .T. ) ;
#5835 = CARTESIAN_POINT ( 'NONE',  ( 15.22582127265072316, 30.49999999999999645, 10.06137332587782929 ) ) ;
#5836 = ORIENTED_EDGE ( 'NONE', *, *, #7994, .F. ) ;
#5837 = EDGE_LOOP ( 'NONE', ( #4158, #2452, #3697, #5487 ) ) ;
#5838 = CARTESIAN_POINT ( 'NONE',  ( 4.605170801781709677, 5.499261314031189229, -9.524999999999996803 ) ) ;
#5839 = CARTESIAN_POINT ( 'NONE',  ( -39.81317938492168196, 8.641945085602491972, 0.000000000000000000 ) ) ;
#5840 = CIRCLE ( 'NONE', #7540, 3.174999999999999822 ) ;
#5841 = CARTESIAN_POINT ( 'NONE',  ( 5.000000000000000000, 5.499261314031190118, 9.525000000000002132 ) ) ;
#5842 = DIRECTION ( 'NONE',  ( 0.000000000000000000, 0.000000000000000000, 1.000000000000000000 ) ) ;
#5843 =( REPRESENTATION_RELATIONSHIP ('NONE','NONE', #5133, #4247 ) REPRESENTATION_RELATIONSHIP_WITH_TRANSFORMATION ( #1613 )SHAPE_REPRESENTATION_RELATIONSHIP( ) );
#5844 = DIRECTION ( 'NONE',  ( 8.775090700452169195E-16, 1.000000000000000000, 0.000000000000000000 ) ) ;
#5845 = ORIENTED_EDGE ( 'NONE', *, *, #356, .F. ) ;
#5846 = CARTESIAN_POINT ( 'NONE',  ( -8.414570696119865190, 11.90375000000001826, 8.414570696119964666 ) ) ;
#5847 = CIRCLE ( 'NONE', #3347, 3.200000000000000178 ) ;
#5848 = DIRECTION ( 'NONE',  ( 1.000000000000000000, -0.000000000000000000, -0.000000000000000000 ) ) ;
#5849 = DIRECTION ( 'NONE',  ( 1.243449787580175168E-14, 0.000000000000000000, 1.000000000000000000 ) ) ;
#5850 = DIRECTION ( 'NONE',  ( 0.000000000000000000, 0.000000000000000000, 1.000000000000000000 ) ) ;
#5851 = CARTESIAN_POINT ( 'NONE',  ( 5.312971222579394137, 18.23312500000000469, -12.82664718204939014 ) ) ;
#5852 = PLANE ( 'NONE',  #6100 ) ;
#5853 = DIRECTION ( 'NONE',  ( 0.000000000000000000, 0.000000000000000000, 1.000000000000000000 ) ) ;
#5854 = ORIENTED_EDGE ( 'NONE', *, *, #5546, .F. ) ;
#5855 = CARTESIAN_POINT ( 'NONE',  ( 11.56664586459776523, 11.23399430781904051, 4.122152687466976495 ) ) ;
#5856 = DIRECTION ( 'NONE',  ( -0.000000000000000000, -1.000000000000000000, -0.000000000000000000 ) ) ;
#5857 = COORDINATED_UNIVERSAL_TIME_OFFSET ( 8, 0, .AHEAD. ) ;
#5858 = AXIS2_PLACEMENT_3D ( 'NONE', #5219, #518, #658 ) ;
#5859 = EDGE_LOOP ( 'NONE', ( #106, #1140, #8680, #1818 ) ) ;
#5860 = EDGE_CURVE ( 'NONE', #2869, #7198, #7228, .T. ) ;
#5861 = DIRECTION ( 'NONE',  ( -1.000000000000000000, -0.000000000000000000, -0.000000000000000000 ) ) ;
#5862 = CARTESIAN_POINT ( 'NONE',  ( 0.1083897543756197068, -0.3304673161057467001, 4.047057408917166709E-17 ) ) ;
#5863 = CONICAL_SURFACE ( 'NONE', #8122, 2.500000000000000444, 0.7853981633974430610 ) ;
#5864 = DIRECTION ( 'NONE',  ( 0.000000000000000000, 0.000000000000000000, -1.000000000000000000 ) ) ;
#5865 = CARTESIAN_POINT ( 'NONE',  ( -10.65838833122023033, 17.10937854939091096, -6.712828801858464089 ) ) ;
#5866 = CARTESIAN_POINT ( 'NONE',  ( 4.929141392239733577, 12.41812500000001762, -11.90000000000003944 ) ) ;
#5867 = EDGE_LOOP ( 'NONE', ( #2679, #1075, #3465, #7415 ) ) ;
#5868 = CARTESIAN_POINT ( 'NONE',  ( 0.000000000000000000, 0.000000000000000000, 0.000000000000000000 ) ) ;
#5869 = CARTESIAN_POINT ( 'NONE',  ( 0.000000000000000000, 0.000000000000000000, 0.000000000000000000 ) ) ;
#5870 = AXIS2_PLACEMENT_3D ( 'NONE', #423, #8490, #4294 ) ;
#5871 = CC_DESIGN_DATE_AND_TIME_ASSIGNMENT ( #6158, #2086, ( #8239 ) ) ;
#5872 = ORIENTED_EDGE ( 'NONE', *, *, #2879, .T. ) ;
#5873 = EDGE_LOOP ( 'NONE', ( #3871, #3537 ) ) ;
#5874 = ADVANCED_FACE ( 'NONE', ( #701 ), #4747, .T. ) ;
#5875 = CYLINDRICAL_SURFACE ( 'NONE', #543, 2.475000000000000089 ) ;
#5876 = DIRECTION ( 'NONE',  ( 1.000000000000000000, 0.000000000000000000, 0.000000000000000000 ) ) ;
#5877 = VERTEX_POINT ( 'NONE', #6762 ) ;
#5878 = CARTESIAN_POINT ( 'NONE',  ( 0.000000000000000000, 0.000000000000000000, 11.00000000000000000 ) ) ;
#5879 = ORIENTED_EDGE ( 'NONE', *, *, #3062, .T. ) ;
#5880 = DIRECTION ( 'NONE',  ( 0.000000000000000000, 0.000000000000000000, 1.000000000000000000 ) ) ;
#5881 = VECTOR ( 'NONE', #1832, 1000.000000000000000 ) ;
#5882 = EDGE_LOOP ( 'NONE', ( #5887, #2396, #5679, #4540 ) ) ;
#5883 = APPROVAL_ROLE ( '' ) ;
#5884 = LOCAL_TIME ( 22, 24, 23.00000000000000000, #3569 ) ;
#5885 = CIRCLE ( 'NONE', #8008, 0.9999999999999991118 ) ;
#5886 = CARTESIAN_POINT ( 'NONE',  ( 14.29000000000000092, -1.320715205680276894, -2.096533254929791479 ) ) ;
#5887 = ORIENTED_EDGE ( 'NONE', *, *, #2697, .F. ) ;
#5888 = EDGE_CURVE ( 'NONE', #7057, #2911, #1727, .T. ) ;
#5889 = CARTESIAN_POINT ( 'NONE',  ( -6.999999999999999112, 0.000000000000000000, 0.000000000000000000 ) ) ;
#5890 = CARTESIAN_POINT ( 'NONE',  ( 39.70000000000001705, 0.000000000000000000, 3.675000000000006484 ) ) ;
#5891 = ORIENTED_EDGE ( 'NONE', *, *, #3349, .T. ) ;
#5892 = CARTESIAN_POINT ( 'NONE',  ( 0.000000000000000000, -15.69047268157664021, 0.000000000000000000 ) ) ;
#5893 = SECURITY_CLASSIFICATION ( '', '', #4168 ) ;
#5894 = DIRECTION ( 'NONE',  ( 0.000000000000000000, 0.000000000000000000, 1.000000000000000000 ) ) ;
#5895 = AXIS2_PLACEMENT_3D ( 'NONE', #7275, #7881, #588 ) ;
#5896 = ADVANCED_FACE ( 'NONE', ( #5442 ), #8115, .T. ) ;
#5897 = DIRECTION ( 'NONE',  ( -1.000000000000000000, -0.000000000000000000, -0.000000000000000000 ) ) ;
#5898 = DIRECTION ( 'NONE',  ( -0.000000000000000000, -1.000000000000000000, -0.000000000000000000 ) ) ;
#5899 = CARTESIAN_POINT ( 'NONE',  ( 12.82664718204935106, 17.99500000000000810, -9.113880979362923189E-14 ) ) ;
#5900 = DIRECTION ( 'NONE',  ( 1.060575238724906052E-16, -0.5000000000000011102, 0.8660254037844379305 ) ) ;
#5901 = CARTESIAN_POINT ( 'NONE',  ( 12.82664718204935106, 11.64500000000002089, -9.113880979362924452E-14 ) ) ;
#5902 = VERTEX_POINT ( 'NONE', #791 ) ;
#5903 = DIRECTION ( 'NONE',  ( -8.775090700452169195E-16, -1.000000000000000000, -0.000000000000000000 ) ) ;
#5904 = CARTESIAN_POINT ( 'NONE',  ( 0.000000000000000000, 0.000000000000000000, 0.000000000000000000 ) ) ;
#5905 = CALENDAR_DATE ( 2025, 13, 3 ) ;
#5906 = AXIS2_PLACEMENT_3D ( 'NONE', #614, #4095, #5974 ) ;
#5907 = EDGE_CURVE ( 'NONE', #521, #961, #3470, .T. ) ;
#5908 = B_SPLINE_CURVE_WITH_KNOTS ( 'NONE', 3,
 ( #915, #1624, #4952, #7640 ),
 .UNSPECIFIED., .F., .F.,
 ( 4, 4 ),
 ( 0.01118968547759082929, 0.01669505163429731848 ),
 .UNSPECIFIED. ) ;
#5909 = ORIENTED_EDGE ( 'NONE', *, *, #3629, .F. ) ;
#5910 = ORIENTED_EDGE ( 'NONE', *, *, #8110, .F. ) ;
#5911 = CARTESIAN_POINT ( 'NONE',  ( -13.44999999999999929, 19.99999999999999645, 12.94999999999999218 ) ) ;
#5912 = PLANE ( 'NONE',  #5543 ) ;
#5913 = DIRECTION ( 'NONE',  ( 0.000000000000000000, 0.9990958406831207395, 0.04251471662481349362 ) ) ;
#5914 = CARTESIAN_POINT ( 'NONE',  ( 11.89999999999996483, 17.33937500000001108, -4.929141392239915653 ) ) ;
#5915 = ORIENTED_EDGE ( 'NONE', *, *, #4769, .T. ) ;
#5916 = DIRECTION ( 'NONE',  ( -0.000000000000000000, -1.000000000000000000, -0.000000000000000000 ) ) ;
#5917 = AXIS2_PLACEMENT_3D ( 'NONE', #6091, #8272, #418 ) ;
#5918 = DIRECTION ( 'NONE',  ( 0.000000000000000000, 1.000000000000000000, 0.000000000000000000 ) ) ;
#5919 = EDGE_LOOP ( 'NONE', ( #8417, #761, #1068 ) ) ;
#5920 = ADVANCED_FACE ( 'NONE', ( #6438 ), #7634, .F. ) ;
#5921 = AXIS2_PLACEMENT_3D ( 'NONE', #4499, #5246, #1115 ) ;
#5922 = ORIENTED_EDGE ( 'NONE', *, *, #3844, .F. ) ;
#5923 = ORIENTED_EDGE ( 'NONE', *, *, #2034, .T. ) ;
#5924 = CARTESIAN_POINT ( 'NONE',  ( 1.209951936996610228E-13, 13.33250000000001378, 11.89999999999999858 ) ) ;
#5925 = EDGE_CURVE ( 'NONE', #1468, #961, #6354, .T. ) ;
#5926 = CARTESIAN_POINT ( 'NONE',  ( 0.000000000000000000, 0.000000000000000000, 3.200000000000000178 ) ) ;
#5927 = VERTEX_POINT ( 'NONE', #1658 ) ;
#5928 = CARTESIAN_POINT ( 'NONE',  ( 34.40000000000000568, 10.99852262806237668, -1.634090867718481472E-15 ) ) ;
#5929 = B_SPLINE_CURVE_WITH_KNOTS ( 'NONE', 3,
 ( #4132, #7633, #1453, #2933, #5597, #1617 ),
 .UNSPECIFIED., .F., .F.,
 ( 4, 2, 4 ),
 ( 0.005499492254138857450, 0.008249122911154451593, 0.01099875356817004574 ),
 .UNSPECIFIED. ) ;
#5930 = CARTESIAN_POINT ( 'NONE',  ( 12.69999999999996909, 12.98811978464833672, -9.023892744153249136E-14 ) ) ;
#5931 = DIRECTION ( 'NONE',  ( -1.000000000000000000, -0.000000000000000000, -0.000000000000000000 ) ) ;
#5932 = ORIENTED_EDGE ( 'NONE', *, *, #1045, .F. ) ;
#5933 = DATE_AND_TIME ( #3265, #5479 ) ;
#5934 = EDGE_CURVE ( 'NONE', #1049, #210, #5114, .T. ) ;
#5935 = ADVANCED_FACE ( 'NONE', ( #8449 ), #7004, .T. ) ;
#5936 = LINE ( 'NONE', #1344, #3615 ) ;
#5937 = ORIENTED_EDGE ( 'NONE', *, *, #435, .T. ) ;
#5938 = AXIS2_PLACEMENT_3D ( 'NONE', #8464, #1804, #1674 ) ;
#5940 = ORIENTED_EDGE ( 'NONE', *, *, #5989, .F. ) ;
#5939 = CARTESIAN_POINT ( 'NONE',  ( 6.123233995736764310E-16, 24.89999999999999858, -4.799999999999999822 ) ) ;
#5941 = DIRECTION ( 'NONE',  ( 0.000000000000000000, 0.000000000000000000, 1.000000000000000000 ) ) ;
#5942 = ORIENTED_EDGE ( 'NONE', *, *, #3309, .T. ) ;
#5943 = CARTESIAN_POINT ( 'NONE',  ( -12.56412585201709042, -5.311121375574494618E-16, -9.246769250645101579 ) ) ;
#5944 = CARTESIAN_POINT ( 'NONE',  ( 11.44999999999999929, 0.000000000000000000, 0.000000000000000000 ) ) ;
#5945 = EDGE_CURVE ( 'NONE', #4354, #4210, #1353, .T. ) ;
#5946 = CC_DESIGN_DATE_AND_TIME_ASSIGNMENT ( #3421, #3548, ( #7023 ) ) ;
#5947 = AXIS2_PLACEMENT_3D ( 'NONE', #8369, #8329, #2334 ) ;
#5948 = AXIS2_PLACEMENT_3D ( 'NONE', #2992, #6904, #230 ) ;
#5949 = AXIS2_PLACEMENT_3D ( 'NONE', #5691, #551, #4694 ) ;
#5950 = DIRECTION ( 'NONE',  ( -9.800697604388738773E-17, 1.000000000000000000, -0.000000000000000000 ) ) ;
#5951 = FACE_OUTER_BOUND ( 'NONE', #7725, .T. ) ;
#5952 = CARTESIAN_POINT ( 'NONE',  ( 9.192421541439368808E-14, 18.94750000000000512, 12.82664718204935106 ) ) ;
#5953 = DIRECTION ( 'NONE',  ( 1.000000000000000000, -0.000000000000000000, -0.000000000000000000 ) ) ;
#5954 = EDGE_CURVE ( 'NONE', #8127, #7397, #4448, .T. ) ;
#5955 = FACE_OUTER_BOUND ( 'NONE', #4787, .T. ) ;
#5957 = ORIENTED_EDGE ( 'NONE', *, *, #1884, .F. ) ;
#5956 = CIRCLE ( 'NONE', #3442, 3.575000000000002842 ) ;
#5958 = FACE_OUTER_BOUND ( 'NONE', #3575, .T. ) ;
#5959 = CARTESIAN_POINT ( 'NONE',  ( 12.94999999999999218, -10.69999999999999041, 13.44999999999999929 ) ) ;
#5960 = PERSON_AND_ORGANIZATION_ROLE ( 'design_supplier' ) ;
#5961 = AXIS2_PLACEMENT_3D ( 'NONE', #1257, #3323, #3235 ) ;
#5962 = VECTOR ( 'NONE', #7261, 1000.000000000000000 ) ;
#5963 = ORIENTED_EDGE ( 'NONE', *, *, #2909, .T. ) ;
#5964 = EDGE_LOOP ( 'NONE', ( #7758, #1504, #2794, #3686, #2161 ) ) ;
#5965 = CARTESIAN_POINT ( 'NONE',  ( -8.017523061292044283E-14, 12.49750000000001648, -11.89999999999999858 ) ) ;
#5966 = DIRECTION ( 'NONE',  ( 0.000000000000000000, 1.000000000000000000, 0.000000000000000000 ) ) ;
#5967 = CARTESIAN_POINT ( 'NONE',  ( 40.92056046467595110, 0.000000000000000000, 14.70352761804100616 ) ) ;
#5968 = DIRECTION ( 'NONE',  ( -0.000000000000000000, -1.000000000000000000, -0.000000000000000000 ) ) ;
#5969 = AXIS2_PLACEMENT_3D ( 'NONE', #5889, #2664, #2002 ) ;
#5970 = AXIS2_PLACEMENT_3D ( 'NONE', #7486, #8135, #2881 ) ;
#5971 = CARTESIAN_POINT ( 'NONE',  ( 11.89999999999996483, 14.79937500000001371, -4.929141392239915653 ) ) ;
#5972 = ORIENTED_EDGE ( 'NONE', *, *, #8609, .T. ) ;
#5973 = CARTESIAN_POINT ( 'NONE',  ( 8.414570696119833215, 11.06875000000001918, -8.414570696119996640 ) ) ;
#5974 = DIRECTION ( 'NONE',  ( 0.000000000000000000, 0.000000000000000000, 1.000000000000000000 ) ) ;
#5975 = AXIS2_PLACEMENT_3D ( 'NONE', #295, #8159, #8116 ) ;
#5976 = EDGE_LOOP ( 'NONE', ( #3131, #1956 ) ) ;
#5977 = ORIENTED_EDGE ( 'NONE', *, *, #7194, .T. ) ;
#5978 = DIRECTION ( 'NONE',  ( -1.000000000000000000, -0.000000000000000000, -0.000000000000000000 ) ) ;
#5979 = ORIENTED_EDGE ( 'NONE', *, *, #2888, .F. ) ;
#5980 = ADVANCED_FACE ( 'NONE', ( #2974 ), #779, .T. ) ;
#5981 = CARTESIAN_POINT ( 'NONE',  ( 11.89999999999999858, 15.99000000000001087, -9.329856370136399150E-14 ) ) ;
#5982 = ORIENTED_EDGE ( 'NONE', *, *, #92, .T. ) ;
#5983 = CARTESIAN_POINT ( 'NONE',  ( -11.90000000000003233, 12.93562500000001592, -4.929141392239748676 ) ) ;
#5984 = DIRECTION ( 'NONE',  ( -9.800697604388738773E-17, 1.000000000000000000, -0.000000000000000000 ) ) ;
#5985 = PLANE ( 'NONE',  #7720 ) ;
#5986 = ORIENTED_EDGE ( 'NONE', *, *, #7490, .T. ) ;
#5987 = DIRECTION ( 'NONE',  ( 1.031367633081452034E-16, -0.8376222000313985339, -0.5462499885716793901 ) ) ;
#5988 = ADVANCED_FACE ( 'NONE', ( #2363 ), #5639, .F. ) ;
#5989 = EDGE_CURVE ( 'NONE', #6614, #1098, #3722, .T. ) ;
#5990 = DIRECTION ( 'NONE',  ( 0.000000000000000000, 0.000000000000000000, 1.000000000000000000 ) ) ;
#5991 = ORIENTED_EDGE ( 'NONE', *, *, #4593, .T. ) ;
#5992 = ADVANCED_FACE ( 'NONE', ( #6306 ), #8381, .F. ) ;
#5993 = CARTESIAN_POINT ( 'NONE',  ( -9.000000000000001776, -10.80000000000000604, 11.49999999999999822 ) ) ;
#5994 = CARTESIAN_POINT ( 'NONE',  ( 11.44999999999999751, 7.060900368822720985, 0.000000000000000000 ) ) ;
#5995 = ORIENTED_EDGE ( 'NONE', *, *, #4318, .T. ) ;
#5996 = DIRECTION ( 'NONE',  ( 0.000000000000000000, -1.000000000000000000, 0.000000000000000000 ) ) ;
#5997 = DIRECTION ( 'NONE',  ( 0.000000000000000000, 0.000000000000000000, 1.000000000000000000 ) ) ;
#5998 = EDGE_CURVE ( 'NONE', #3005, #2704, #62, .T. ) ;
#5999 = AXIS2_PLACEMENT_3D ( 'NONE', #6289, #2221, #272 ) ;
#6000 = AXIS2_PLACEMENT_3D ( 'NONE', #442, #8378, #1807 ) ;
#6001 = DIRECTION ( 'NONE',  ( -1.000000000000000000, -0.000000000000000000, -0.000000000000000000 ) ) ;
#6002 = FACE_OUTER_BOUND ( 'NONE', #1286, .T. ) ;
#6003 = CARTESIAN_POINT ( 'NONE',  ( -5.312971222579573549, 17.12187500000000639, -12.82664718204931376 ) ) ;
#6004 = CARTESIAN_POINT ( 'NONE',  ( 2.050000000000000266, 0.6609346322114796335, -0.1309347191463761106 ) ) ;
#6005 = CARTESIAN_POINT ( 'NONE',  ( -12.82664718204939014, 10.93062500000002402, -5.312971222579394137 ) ) ;
#6006 = ORIENTED_EDGE ( 'NONE', *, *, #6223, .T. ) ;
#6007 = FACE_OUTER_BOUND ( 'NONE', #4129, .T. ) ;
#6008 = DIRECTION ( 'NONE',  ( -0.000000000000000000, -1.000000000000000000, -0.000000000000000000 ) ) ;
#6009 = PERSON_AND_ORGANIZATION ( #129, #430 ) ;
#6010 = EDGE_CURVE ( 'NONE', #891, #1038, #5285, .T. ) ;
#6011 = ORIENTED_EDGE ( 'NONE', *, *, #3486, .F. ) ;
#6012 = DIRECTION ( 'NONE',  ( 0.000000000000000000, 0.000000000000000000, 1.000000000000000000 ) ) ;
#6013 = CARTESIAN_POINT ( 'NONE',  ( 9.000000000000001776, -1.199999999999999734, -9.000000000000000000 ) ) ;
#6014 = FACE_OUTER_BOUND ( 'NONE', #5349, .T. ) ;
#6015 = DIRECTION ( 'NONE',  ( -1.000000000000000000, -0.000000000000000000, -0.000000000000000000 ) ) ;
#6016 = CARTESIAN_POINT ( 'NONE',  ( 11.89999999999999858, 14.72000000000001485, -8.455458555545191202E-14 ) ) ;
#6017 = ORIENTED_EDGE ( 'NONE', *, *, #6083, .T. ) ;
#6018 = CARTESIAN_POINT ( 'NONE',  ( 0.000000000000000000, 1.500000000000000222, 0.000000000000000000 ) ) ;
#6019 = CARTESIAN_POINT ( 'NONE',  ( 0.000000000000000000, 0.000000000000000000, 0.000000000000000000 ) ) ;
#6020 = EDGE_CURVE ( 'NONE', #118, #4342, #6776, .T. ) ;
#6021 = ORIENTED_EDGE ( 'NONE', *, *, #6020, .F. ) ;
#6022 = CARTESIAN_POINT ( 'NONE',  ( 4.963898969966151320, -7.332348418708249049, 6.350000000000002309 ) ) ;
#6023 = AXIS2_PLACEMENT_3D ( 'NONE', #6491, #7769, #3863 ) ;
#6024 = CARTESIAN_POINT ( 'NONE',  ( 0.000000000000000000, 0.000000000000000000, 0.000000000000000000 ) ) ;
#6025 = VERTEX_POINT ( 'NONE', #7913 ) ;
#6026 = CARTESIAN_POINT ( 'NONE',  ( 4.929141392239922759, 13.41187500000001442, 11.89999999999996305 ) ) ;
#6027 = CARTESIAN_POINT ( 'NONE',  ( -9.000000000000001776, -1.199999999999999734, 6.500000000000000888 ) ) ;
#6028 = CARTESIAN_POINT ( 'NONE',  ( 39.00000000000000000, 0.000000000000000000, 0.000000000000000000 ) ) ;
#6029 = ORIENTED_EDGE ( 'NONE', *, *, #3476, .F. ) ;
#6030 = CALENDAR_DATE ( 2025, 13, 3 ) ;
#6031 = APPLICATION_CONTEXT ( 'configuration controlled 3d designs of mechanical parts and assemblies' ) ;
#6032 = CARTESIAN_POINT ( 'NONE',  ( -10.44093898884632665, 17.78224767634673498, -5.762462309067859501 ) ) ;
#6033 = ORIENTED_EDGE ( 'NONE', *, *, #3119, .T. ) ;
#6034 = CARTESIAN_POINT ( 'NONE',  ( -7.143125246700833810E-14, 16.30750000000000810, -11.89999999999999858 ) ) ;
#6035 =( BOUNDED_CURVE ( )  B_SPLINE_CURVE ( 2, ( #8582, #2586, #596, #7412, #7367 ),
 .UNSPECIFIED., .F., .T. ) 
 B_SPLINE_CURVE_WITH_KNOTS ( ( 3, 2, 3 ),
 ( 0.2925207282018352783, 0.2968750000000000000, 0.3125000000000000000 ),
 .UNSPECIFIED. ) 
 CURVE ( )  GEOMETRIC_REPRESENTATION_ITEM ( )  RATIONAL_B_SPLINE_CURVE ( ( 0.9693973594065308230, 0.9787872508896500179, 1.000000000000000000, 0.9238795325112867385, 1.000000000000000000 ) ) 
 REPRESENTATION_ITEM ( '' )  );
#6036 = VERTEX_POINT ( 'NONE', #3354 ) ;
#6037 = CARTESIAN_POINT ( 'NONE',  ( 0.6516849069254613269, 17.38962489006590317, 12.31944521197086395 ) ) ;
#6038 = DIRECTION ( 'NONE',  ( 0.000000000000000000, 0.8660254037844388186, 0.4999999999999997780 ) ) ;
#6039 = AXIS2_PLACEMENT_3D ( 'NONE', #7915, #2429, #5287 ) ;
#6040 = ADVANCED_FACE ( 'NONE', ( #1239 ), #8604, .F. ) ;
#6041 = DIRECTION ( 'NONE',  ( -0.000000000000000000, -1.000000000000000000, -0.000000000000000000 ) ) ;
#6042 = CARTESIAN_POINT ( 'NONE',  ( -14.29000000000000448, -16.37928479431972306, -2.096533254929886070 ) ) ;
#6043 = PRODUCT_DEFINITION_FORMATION_WITH_SPECIFIED_SOURCE ( '任何', '', #2718, .NOT_KNOWN. ) ;
#6044 = CARTESIAN_POINT ( 'NONE',  ( -11.90000000000003233, 19.28562500000000313, -4.929141392239748676 ) ) ;
#6045 = CARTESIAN_POINT ( 'NONE',  ( 5.299999999999998934, 0.000000000000000000, 0.000000000000000000 ) ) ;
#6046 = CC_DESIGN_PERSON_AND_ORGANIZATION_ASSIGNMENT ( #3652, #2342, ( #6304 ) ) ;
#6047 = DIRECTION ( 'NONE',  ( 1.000000000000000000, 0.000000000000000000, -1.224646799147353207E-16 ) ) ;
#6048 = EDGE_LOOP ( 'NONE', ( #6017, #2914, #7967 ) ) ;
#6049 = CARTESIAN_POINT ( 'NONE',  ( 1.180805343176903212E-13, 14.60250000000001158, 11.89999999999999858 ) ) ;
#6050 = CIRCLE ( 'NONE', #2263, 3.703925678971643265 ) ;
#6051 = CARTESIAN_POINT ( 'NONE',  ( 4.799999999999999822, 24.89999999999999858, 0.000000000000000000 ) ) ;
#6052 = CALENDAR_DATE ( 2025, 13, 3 ) ;
#6053 = EDGE_CURVE ( 'NONE', #7549, #5025, #4012, .T. ) ;
#6054 = CC_DESIGN_APPROVAL ( #4397, ( #6433 ) ) ;
#6055 = ORIENTED_EDGE ( 'NONE', *, *, #7399, .T. ) ;
#6056 = TOROIDAL_SURFACE ( 'NONE', #1292, 3.674999999999999822, 0.5000000000000000000 ) ;
#6057 = DIRECTION ( 'NONE',  ( 0.000000000000000000, 0.000000000000000000, 1.000000000000000000 ) ) ;
#6058 = EDGE_CURVE ( 'NONE', #5927, #3685, #5171, .T. ) ;
#6059 = CARTESIAN_POINT ( 'NONE',  ( 8.980256121069066566, 13.14686978464833622, -8.980256121069194464 ) ) ;
#6060 = CARTESIAN_POINT ( 'NONE',  ( 2.475000000000000089, 3.031000827889698763E-16, 13.00000000000000000 ) ) ;
#6061 = CARTESIAN_POINT ( 'NONE',  ( -14.29000000000000448, -2.578957854155721483E-31, -6.257467538869049051 ) ) ;
#6062 = CARTESIAN_POINT ( 'NONE',  ( 40.20000000000001705, 0.000000000000000000, 0.000000000000000000 ) ) ;
#6063 = CARTESIAN_POINT ( 'NONE',  ( -11.89999999999996305, 14.16437500000001393, 4.929141392239922759 ) ) ;
#6064 = VERTEX_POINT ( 'NONE', #2293 ) ;
#6065 = DIRECTION ( 'NONE',  ( -1.000000000000000000, -0.000000000000000000, -0.000000000000000000 ) ) ;
#6066 = DIRECTION ( 'NONE',  ( -0.000000000000000000, 1.000000000000000000, -0.000000000000000000 ) ) ;
#6067 = VECTOR ( 'NONE', #1549, 1000.000000000000000 ) ;
#6068 = ADVANCED_FACE ( 'NONE', ( #4961 ), #7480, .T. ) ;
#6069 = CC_DESIGN_PERSON_AND_ORGANIZATION_ASSIGNMENT ( #1363, #4039, ( #2645 ) ) ;
#6070 = ORIENTED_EDGE ( 'NONE', *, *, #8013, .T. ) ;
#6071 = DIRECTION ( 'NONE',  ( -1.000000000000000000, -0.000000000000000000, -0.000000000000000000 ) ) ;
#6072 = ORIENTED_EDGE ( 'NONE', *, *, #3274, .T. ) ;
#6073 = CARTESIAN_POINT ( 'NONE',  ( -11.89999999999999858, 10.47500000000002096, 8.309725586446653599E-14 ) ) ;
#6074 = CARTESIAN_POINT ( 'NONE',  ( -8.977052440135469880, -16.37747573616958263, 11.31776705059790622 ) ) ;
#6075 = DATE_TIME_ROLE ( 'classification_date' ) ;
#6076 = ORIENTED_EDGE ( 'NONE', *, *, #2432, .T. ) ;
#6077 = CARTESIAN_POINT ( 'NONE',  ( -4.929141392239717590, 17.06312500000001009, 11.90000000000006430 ) ) ;
#6078 = VERTEX_POINT ( 'NONE', #2165 ) ;
#6079 = FACE_OUTER_BOUND ( 'NONE', #8639, .T. ) ;
#6080 = EDGE_LOOP ( 'NONE', ( #4183, #6277, #2883, #7571 ) ) ;
#6081 = CARTESIAN_POINT ( 'NONE',  ( -10.62098888707612865, 17.25272805082300209, 6.503107622131802046 ) ) ;
#6082 = DIRECTION ( 'NONE',  ( 0.000000000000000000, 0.000000000000000000, -1.000000000000000000 ) ) ;
#6083 = EDGE_CURVE ( 'NONE', #486, #7296, #8059, .T. ) ;
#6084 = AXIS2_PLACEMENT_3D ( 'NONE', #7237, #2061, #6704 ) ;
#6085 = CARTESIAN_POINT ( 'NONE',  ( -3.174999999999999822, 0.000000000000000000, 0.000000000000000000 ) ) ;
#6086 = FACE_OUTER_BOUND ( 'NONE', #1574, .T. ) ;
#6087 = CARTESIAN_POINT ( 'NONE',  ( -5.312971222579573549, 12.04187500000001876, -12.82664718204931376 ) ) ;
#6088 = CARTESIAN_POINT ( 'NONE',  ( 40.20000000000001705, 0.000000000000000000, 3.675000000000004707 ) ) ;
#6089 = DIRECTION ( 'NONE',  ( 0.5773502691896258421, 0.5773502691896258421, -0.5773502691896258421 ) ) ;
#6090 = ORIENTED_EDGE ( 'NONE', *, *, #7117, .F. ) ;
#6091 = CARTESIAN_POINT ( 'NONE',  ( 1.561966144680487038E-14, 17.80000000000001137, 0.000000000000000000 ) ) ;
#6092 = CARTESIAN_POINT ( 'NONE',  ( 12.70000000000000462, 14.03250521535169426, 5.260512242138204009 ) ) ;
#6093 = PERSON_AND_ORGANIZATION ( #7861, #5756 ) ;
#6094 = VECTOR ( 'NONE', #3707, 1000.000000000000000 ) ;
#6095 = AXIS2_PLACEMENT_3D ( 'NONE', #1180, #1984, #4663 ) ;
#6096 = ADVANCED_FACE ( 'NONE', ( #229 ), #4924, .T. ) ;
#6097 = VERTEX_POINT ( 'NONE', #5539 ) ;
#6098 = ORIENTED_EDGE ( 'NONE', *, *, #604, .F. ) ;
#6099 = DIRECTION ( 'NONE',  ( -1.000000000000000000, -0.000000000000000000, -0.000000000000000000 ) ) ;
#6100 = AXIS2_PLACEMENT_3D ( 'NONE', #3370, #6561, #3239 ) ;
#6101 = CARTESIAN_POINT ( 'NONE',  ( 4.827671754811403204, 10.08197907572384544, 1.587500000000001910 ) ) ;
#6102 = CARTESIAN_POINT ( 'NONE',  ( 0.01823420001822034786, 1.042832680730699568, -2.050000000000001155 ) ) ;
#6103 = DIRECTION ( 'NONE',  ( -1.000000000000000000, -0.000000000000000000, -0.000000000000000000 ) ) ;
#6104 = CARTESIAN_POINT ( 'NONE',  ( -4.929141392239751340, 11.78312500000001961, 11.90000000000003233 ) ) ;
#6105 = ORIENTED_EDGE ( 'NONE', *, *, #833, .T. ) ;
#6106 = DIRECTION ( 'NONE',  ( -1.000000000000000000, 0.000000000000000000, 0.000000000000000000 ) ) ;
#6107 = AXIS2_PLACEMENT_3D ( 'NONE', #6155, #147, #6858 ) ;
#6108 = CYLINDRICAL_SURFACE ( 'NONE', #1849, 3.200000000000000178 ) ;
#6109 = ADVANCED_FACE ( 'NONE', ( #4309 ), #5455, .T. ) ;
#6110 = VECTOR ( 'NONE', #5304, 1000.000000000000000 ) ;
#6111 = ORIENTED_EDGE ( 'NONE', *, *, #1511, .T. ) ;
#6112 = CIRCLE ( 'NONE', #5112, 11.00000000000000000 ) ;
#6113 = AXIS2_PLACEMENT_3D ( 'NONE', #68, #5463, #5787 ) ;
#6114 = DIRECTION ( 'NONE',  ( 0.000000000000000000, 1.000000000000000000, 0.000000000000000000 ) ) ;
#6115 = CARTESIAN_POINT ( 'NONE',  ( 4.999999999999997335, 0.000000000000000000, 0.000000000000000000 ) ) ;
#6116 = ORIENTED_EDGE ( 'NONE', *, *, #1205, .T. ) ;
#6117 = DIRECTION ( 'NONE',  ( -8.775090700452169195E-16, -1.000000000000000000, -0.000000000000000000 ) ) ;
#6118 = FACE_OUTER_BOUND ( 'NONE', #2312, .T. ) ;
#6119 = SECURITY_CLASSIFICATION_LEVEL ( 'unclassified' ) ;
#6120 = TOROIDAL_SURFACE ( 'NONE', #652, 5.949999999999999289, 0.3999999999999988565 ) ;
#6121 = VERTEX_POINT ( 'NONE', #2832 ) ;
#6122 = EDGE_CURVE ( 'NONE', #7897, #955, #4152, .T. ) ;
#6123 = CARTESIAN_POINT ( 'NONE',  ( -7.143125246700833810E-14, 16.50750000000000739, -11.89999999999999858 ) ) ;
#6125 = ORIENTED_EDGE ( 'NONE', *, *, #8664, .T. ) ;
#6124 = LINE ( 'NONE', #4066, #4978 ) ;
#6126 = ORIENTED_EDGE ( 'NONE', *, *, #7345, .T. ) ;
#6127 = DIRECTION ( 'NONE',  ( 0.000000000000000000, -1.224646799147353454E-16, 1.000000000000000000 ) ) ;
#6128 = CYLINDRICAL_SURFACE ( 'NONE', #302, 12.69999999999998508 ) ;
#6129 = DIRECTION ( 'NONE',  ( -0.5000000000000001110, 0.000000000000000000, 0.8660254037844385966 ) ) ;
#6130 = CARTESIAN_POINT ( 'NONE',  ( 12.82664718204931376, 12.99437500000002110, -5.312971222579575326 ) ) ;
#6131 = DIRECTION ( 'NONE',  ( -8.775090700452169195E-16, -1.000000000000000000, -0.000000000000000000 ) ) ;
#6132 = EDGE_LOOP ( 'NONE', ( #6954, #4188, #5585, #1091 ) ) ;
#6133 = CARTESIAN_POINT ( 'NONE',  ( 1.738998454789241549E-15, -1.201236941557884519, 14.20000000000000107 ) ) ;
#6134 = CARTESIAN_POINT ( 'NONE',  ( 11.44999999999999929, 0.000000000000000000, 7.060900368822720985 ) ) ;
#6135 = CONTEXT_DEPENDENT_SHAPE_REPRESENTATION ( #5419, #6778 ) ;
#6136 = CONICAL_SURFACE ( 'NONE', #3341, 9.525000000000000355, 1.308996938995753645 ) ;
#6137 = VECTOR ( 'NONE', #3129, 1000.000000000000000 ) ;
#6138 = EDGE_LOOP ( 'NONE', ( #550, #4433, #4219, #575 ) ) ;
#6139 = ORIENTED_EDGE ( 'NONE', *, *, #3573, .T. ) ;
#6140 = CARTESIAN_POINT ( 'NONE',  ( 0.3948291982182996485, 5.499261314031190118, 9.525000000000002132 ) ) ;
#6141 = CARTESIAN_POINT ( 'NONE',  ( 12.42080871743440440, 11.42080871743513626, -0.6546641552378209550 ) ) ;
#6142 = CARTESIAN_POINT ( 'NONE',  ( 12.94999999999999218, 9.400000000000000355, 13.44999999999999929 ) ) ;
#6143 = FACE_OUTER_BOUND ( 'NONE', #7879, .T. ) ;
#6144 = CARTESIAN_POINT ( 'NONE',  ( 11.90000000000003588, 10.83062500000002082, 4.929141392239745123 ) ) ;
#6145 = VERTEX_POINT ( 'NONE', #2788 ) ;
#6146 = DIRECTION ( 'NONE',  ( -1.000000000000000000, 8.195543980992796558E-16, 0.000000000000000000 ) ) ;
#6147 = DIRECTION ( 'NONE',  ( 1.000000000000000000, 0.000000000000000000, -1.224646799147353207E-16 ) ) ;
#6148 = AXIS2_PLACEMENT_3D ( 'NONE', #4218, #6895, #7518 ) ;
#6149 = EDGE_CURVE ( 'NONE', #5823, #6218, #1614, .T. ) ;
#6150 = EDGE_CURVE ( 'NONE', #598, #90, #1467, .T. ) ;
#6151 = ORIENTED_EDGE ( 'NONE', *, *, #2671, .T. ) ;
#6152 = DIRECTION ( 'NONE',  ( 0.9848077530122075762, 2.126576849575801189E-17, 0.1736481776669327737 ) ) ;
#6153 = CARTESIAN_POINT ( 'NONE',  ( 0.000000000000000000, 0.000000000000000000, 0.000000000000000000 ) ) ;
#6154 = VERTEX_POINT ( 'NONE', #762 ) ;
#6155 = CARTESIAN_POINT ( 'NONE',  ( 0.000000000000000000, 0.000000000000000000, 0.000000000000000000 ) ) ;
#6156 = PLANE ( 'NONE',  #2485 ) ;
#6157 = APPROVAL ( #6732, '未指定' ) ;
#6158 = DATE_AND_TIME ( #3401, #2398 ) ;
#6159 = EDGE_CURVE ( 'NONE', #8500, #2695, #4709, .T. ) ;
#6160 = VERTEX_POINT ( 'NONE', #4149 ) ;
#6161 = TOROIDAL_SURFACE ( 'NONE', #4620, 14.59999999999999964, 0.3999999999999984679 ) ;
#6162 = DIRECTION ( 'NONE',  ( -8.775090700452169195E-16, -1.000000000000000000, -0.000000000000000000 ) ) ;
#6163 = CARTESIAN_POINT ( 'NONE',  ( 4.929141392239772657, 17.69812500000000099, -11.90000000000000924 ) ) ;
#6164 = AXIS2_PLACEMENT_3D ( 'NONE', #7302, #3962, #7998 ) ;
#6165 = ORIENTED_EDGE ( 'NONE', *, *, #2683, .F. ) ;
#6166 = CARTESIAN_POINT ( 'NONE',  ( -0.5559294013235591692, 17.37765506874752219, 12.31637727401417237 ) ) ;
#6167 = DIRECTION ( 'NONE',  ( 1.000000000000000000, -8.746504920891471725E-16, 0.000000000000000000 ) ) ;
#6168 = AXIS2_PLACEMENT_3D ( 'NONE', #4074, #1397, #6746 ) ;
#6169 = CIRCLE ( 'NONE', #2386, 11.29999999999998472 ) ;
#6170 = EDGE_CURVE ( 'NONE', #8247, #1134, #4559, .T. ) ;
#6171 = CARTESIAN_POINT ( 'NONE',  ( 0.000000000000000000, -1.201236941557884519, 0.000000000000000000 ) ) ;
#6172 = CARTESIAN_POINT ( 'NONE',  ( -5.312971222579396802, 12.51812500000002082, 12.82664718204939014 ) ) ;
#6173 = CARTESIAN_POINT ( 'NONE',  ( 12.94999999999999218, 9.400000000000000355, -12.94999999999999218 ) ) ;
#6174 = ORIENTED_EDGE ( 'NONE', *, *, #3352, .F. ) ;
#6175 = CARTESIAN_POINT ( 'NONE',  ( 14.29000000000000448, -17.69999999999999929, 8.250335346719751328 ) ) ;
#6176 = CARTESIAN_POINT ( 'NONE',  ( 12.69999999999996732, 14.11188021535169490, -9.023892744153245350E-14 ) ) ;
#6177 = APPROVAL_DATE_TIME ( #783, #6224 ) ;
#6178 = AXIS2_PLACEMENT_3D ( 'NONE', #7211, #5146, #3225 ) ;
#6179 = EDGE_CURVE ( 'NONE', #8071, #3655, #1478, .T. ) ;
#6180 = ORIENTED_EDGE ( 'NONE', *, *, #998, .T. ) ;
#6181 = CC_DESIGN_APPROVAL ( #459, ( #3237 ) ) ;
#6182 = ORIENTED_EDGE ( 'NONE', *, *, #7236, .T. ) ;
#6183 = CARTESIAN_POINT ( 'NONE',  ( 44.00000000000000000, 14.59999999999999609, 0.000000000000000000 ) ) ;
#6184 = CIRCLE ( 'NONE', #8555, 2.299999999999997602 ) ;
#6185 = CYLINDRICAL_SURFACE ( 'NONE', #2099, 11.69999999999998863 ) ;
#6186 = DIRECTION ( 'NONE',  ( 0.000000000000000000, 0.000000000000000000, 1.000000000000000000 ) ) ;
#6187 = FACE_OUTER_BOUND ( 'NONE', #8557, .T. ) ;
#6188 = CARTESIAN_POINT ( 'NONE',  ( 9.192421541439370070E-14, 18.94750000000000512, 12.82664718204935106 ) ) ;
#6189 = EDGE_LOOP ( 'NONE', ( #1663, #6205 ) ) ;
#6190 = CARTESIAN_POINT ( 'NONE',  ( -12.27635182233306743, 0.000000000000000000, 8.045708121834929116 ) ) ;
#6191 = DIRECTION ( 'NONE',  ( -1.000000000000000000, -0.000000000000000000, -0.000000000000000000 ) ) ;
#6192 = ADVANCED_FACE ( 'NONE', ( #2252 ), #7610, .F. ) ;
#6193 = ORIENTED_EDGE ( 'NONE', *, *, #465, .T. ) ;
#6194 = LOCAL_TIME ( 22, 24, 23.00000000000000000, #7286 ) ;
#6195 = EDGE_CURVE ( 'NONE', #8155, #6588, #2874, .T. ) ;
#6196 = ORIENTED_EDGE ( 'NONE', *, *, #4545, .F. ) ;
#6197 = EDGE_LOOP ( 'NONE', ( #3461, #1860, #7680 ) ) ;
#6198 = DIRECTION ( 'NONE',  ( -1.000000000000000000, -0.000000000000000000, -0.000000000000000000 ) ) ;
#6199 = DIRECTION ( 'NONE',  ( -1.000000000000000000, -0.000000000000000000, -0.000000000000000000 ) ) ;
#6200 = ORIENTED_EDGE ( 'NONE', *, *, #7873, .T. ) ;
#6201 = CARTESIAN_POINT ( 'NONE',  ( -15.22582127265071783, 30.49999999999999645, -7.561373325877829288 ) ) ;
#6202 = FACE_OUTER_BOUND ( 'NONE', #6595, .T. ) ;
#6203 = EDGE_CURVE ( 'NONE', #3685, #5642, #2247, .T. ) ;
#6204 = CALENDAR_DATE ( 2025, 13, 3 ) ;
#6205 = ORIENTED_EDGE ( 'NONE', *, *, #6255, .T. ) ;
#6206 = EDGE_CURVE ( 'NONE', #605, #8432, #4972, .T. ) ;
#6207 = LINE ( 'NONE', #189, #1936 ) ;
#6208 = DIRECTION ( 'NONE',  ( 0.000000000000000000, -1.000000000000000000, 0.000000000000000000 ) ) ;
#6209 = EDGE_CURVE ( 'NONE', #6711, #118, #7516, .T. ) ;
#6210 = VERTEX_POINT ( 'NONE', #7818 ) ;
#6211 = CARTESIAN_POINT ( 'NONE',  ( -7.008442227429065419, 17.30573941447449471, 10.24603358347161119 ) ) ;
#6212 = AXIS2_PLACEMENT_3D ( 'NONE', #8149, #84, #1486 ) ;
#6213 = CARTESIAN_POINT ( 'NONE',  ( 0.000000000000000000, 34.29999999999999716, 0.000000000000000000 ) ) ;
#6214 = EDGE_CURVE ( 'NONE', #5454, #7397, #8333, .T. ) ;
#6215 = AXIS2_PLACEMENT_3D ( 'NONE', #5892, #5155, #7834 ) ;
#6216 = DIRECTION ( 'NONE',  ( -1.000000000000000000, -9.800697604388737541E-17, 0.000000000000000000 ) ) ;
#6218 = VERTEX_POINT ( 'NONE', #6325 ) ;
#6217 = CARTESIAN_POINT ( 'NONE',  ( -11.89999999999996838, 14.16437500000001393, 4.929141392239912101 ) ) ;
#6219 = CARTESIAN_POINT ( 'NONE',  ( 12.82664718204935106, 11.64500000000001911, -9.113880979362923189E-14 ) ) ;
#6220 = CARTESIAN_POINT ( 'NONE',  ( 12.94999999999999218, 8.899999999999995026, 13.44999999999999929 ) ) ;
#6221 = ORIENTED_EDGE ( 'NONE', *, *, #3080, .F. ) ;
#6222 = CARTESIAN_POINT ( 'NONE',  ( 4.605170801781708789, 5.499261314031190118, 9.525000000000002132 ) ) ;
#6223 = EDGE_CURVE ( 'NONE', #7740, #1134, #3758, .T. ) ;
#6224 = APPROVAL ( #86, 'UNKNOWN' ) ;
#6225 = DIRECTION ( 'NONE',  ( 0.000000000000000000, -0.5000000000000002220, -0.8660254037844385966 ) ) ;
#6226 = DATE_TIME_ROLE ( 'classification_date' ) ;
#6227 = ORIENTED_EDGE ( 'NONE', *, *, #6590, .F. ) ;
#6228 = ADVANCED_FACE ( 'NONE', ( #962 ), #2753, .F. ) ;
#6229 = DIRECTION ( 'NONE',  ( -0.000000000000000000, 0.000000000000000000, 1.000000000000000000 ) ) ;
#6230 = LINE ( 'NONE', #93, #5325 ) ;
#6231 = CIRCLE ( 'NONE', #197, 1.000000000000000444 ) ;
#6232 = PLANE ( 'NONE',  #357 ) ;
#6233 = DIRECTION ( 'NONE',  ( -1.000000000000000000, -0.000000000000000000, -0.000000000000000000 ) ) ;
#6234 = CARTESIAN_POINT ( 'NONE',  ( -8.414570696119854532, 11.70375000000001897, 8.414570696119975324 ) ) ;
#6235 = ORIENTED_EDGE ( 'NONE', *, *, #41, .F. ) ;
#6236 = FACE_OUTER_BOUND ( 'NONE', #837, .T. ) ;
#6237 = CARTESIAN_POINT ( 'NONE',  ( 1.910449006669870914E-15, -2.009527318423362185, 15.59999999999999964 ) ) ;
#6238 = AXIS2_PLACEMENT_3D ( 'NONE', #1817, #7966, #585 ) ;
#6239 = VERTEX_POINT ( 'NONE', #5005 ) ;
#6241 = DIRECTION ( 'NONE',  ( -1.000000000000000000, 0.000000000000000000, 0.000000000000000000 ) ) ;
#6240 = TOROIDAL_SURFACE ( 'NONE', #4841, 7.060900368822720985, 1.000000000000000888 ) ;
#6242 = CARTESIAN_POINT ( 'NONE',  ( 40.92056046467595110, 1.818816501040946219E-15, -14.70352761804100616 ) ) ;
#6243 = VERTEX_POINT ( 'NONE', #3694 ) ;
#6244 = CARTESIAN_POINT ( 'NONE',  ( 1.491765419076868398E-14, 16.99999999999999289, 0.000000000000000000 ) ) ;
#6245 = AXIS2_PLACEMENT_3D ( 'NONE', #4120, #734, #395 ) ;
#6246 = MECHANICAL_CONTEXT ( 'NONE', #3343, 'mechanical' ) ;
#6247 = CIRCLE ( 'NONE', #7517, 4.688733431983859390 ) ;
#6248 = EDGE_LOOP ( 'NONE', ( #4056, #7587, #5226 ) ) ;
#6249 = EDGE_CURVE ( 'NONE', #3685, #1248, #7773, .T. ) ;
#6250 = FACE_OUTER_BOUND ( 'NONE', #3501, .T. ) ;
#6251 = AXIS2_PLACEMENT_3D ( 'NONE', #1480, #731, #200 ) ;
#6252 = AXIS2_PLACEMENT_3D ( 'NONE', #3954, #6625, #4660 ) ;
#6253 = ORIENTED_EDGE ( 'NONE', *, *, #4171, .F. ) ;
#6254 = CARTESIAN_POINT ( 'NONE',  ( 12.11555136271317501, 17.58444863728682961, -1.145168028406606560E-11 ) ) ;
#6255 = EDGE_CURVE ( 'NONE', #5662, #8525, #6940, .T. ) ;
#6256 = EDGE_CURVE ( 'NONE', #4378, #6285, #7646, .T. ) ;
#6257 = FACE_OUTER_BOUND ( 'NONE', #3377, .T. ) ;
#6258 = CARTESIAN_POINT ( 'NONE',  ( -8.414570696119838544, 14.24375000000001279, 8.414570696119991311 ) ) ;
#6259 = CARTESIAN_POINT ( 'NONE',  ( 11.89999999999999858, 18.73000000000000398, -8.455458555545188678E-14 ) ) ;
#6260 = DIRECTION ( 'NONE',  ( -0.000000000000000000, -1.000000000000000000, -0.000000000000000000 ) ) ;
#6261 = ORIENTED_EDGE ( 'NONE', *, *, #2930, .F. ) ;
#6262 = DIRECTION ( 'NONE',  ( -0.000000000000000000, -1.000000000000000000, -0.000000000000000000 ) ) ;
#6263 = ADVANCED_FACE ( 'NONE', ( #6413 ), #440, .T. ) ;
#6264 = DIRECTION ( 'NONE',  ( -1.000000000000000000, -0.000000000000000000, -0.000000000000000000 ) ) ;
#6265 = APPROVAL_DATE_TIME ( #4739, #6591 ) ;
#6266 =( BOUNDED_CURVE ( )  B_SPLINE_CURVE ( 2, ( #3819, #1050, #3687, #7687, #4305, #8418, #7146, #957, #1711 ),
 .UNSPECIFIED., .F., .T. ) 
 B_SPLINE_CURVE_WITH_KNOTS ( ( 3, 2, 2, 2, 3 ),
 ( 0.6562499999999998890, 0.6718750000000000000, 0.6875000000000000000, 0.7031250000000000000, 0.7187500000000001110 ),
 .UNSPECIFIED. ) 
 CURVE ( )  GEOMETRIC_REPRESENTATION_ITEM ( )  RATIONAL_B_SPLINE_CURVE ( ( 1.000000000000000444, 0.9238795325112861834, 1.000000000000000000, 0.9238795325112867385, 1.000000000000000000, 0.9238795325112867385, 1.000000000000000000, 0.9238795325112861834, 1.000000000000000444 ) ) 
 REPRESENTATION_ITEM ( '' )  );
#6267 = DIRECTION ( 'NONE',  ( -0.000000000000000000, -1.000000000000000000, -0.000000000000000000 ) ) ;
#6268 = CARTESIAN_POINT ( 'NONE',  ( -9.035340417286477571E-14, 20.85250000000000270, -12.82664718204935106 ) ) ;
#6269 = CARTESIAN_POINT ( 'NONE',  ( 33.89999999999999147, 0.000000000000000000, 0.000000000000000000 ) ) ;
#6270 = CARTESIAN_POINT ( 'NONE',  ( 4.929141392239747788, 12.41812500000001940, -11.90000000000003233 ) ) ;
#6271 = ORIENTED_EDGE ( 'NONE', *, *, #8138, .T. ) ;
#6272 = CARTESIAN_POINT ( 'NONE',  ( -11.09999999999996945, 17.60000000000002274, 0.000000000000000000 ) ) ;
#6273 = DIRECTION ( 'NONE',  ( -0.7071067811865474617, 4.903554850278087362E-15, 0.7071067811865474617 ) ) ;
#6274 = CARTESIAN_POINT ( 'NONE',  ( 2.510525938252090949E-16, 13.71446665693449951, 2.050000000000001155 ) ) ;
#6275 = AXIS2_PLACEMENT_3D ( 'NONE', #635, #1348, #7223 ) ;
#6276 = EDGE_CURVE ( 'NONE', #8525, #5662, #5668, .T. ) ;
#6277 = ORIENTED_EDGE ( 'NONE', *, *, #3650, .F. ) ;
#6278 = CONICAL_SURFACE ( 'NONE', #5300, 9.525000000000000355, 1.308996938995753645 ) ;
#6279 = CARTESIAN_POINT ( 'NONE',  ( 34.40000000000000568, 5.499261314031191894, -9.524999999999998579 ) ) ;
#6280 = CARTESIAN_POINT ( 'NONE',  ( 1.151658749357196449E-13, 15.67250000000001364, 11.89999999999999858 ) ) ;
#6281 = ORIENTED_EDGE ( 'NONE', *, *, #1600, .T. ) ;
#6282 = DIRECTION ( 'NONE',  ( -1.000000000000000000, -0.000000000000000000, -0.000000000000000000 ) ) ;
#6283 = VECTOR ( 'NONE', #3307, 1000.000000000000000 ) ;
#6284 = CARTESIAN_POINT ( 'NONE',  ( -11.44999999999999751, 0.000000000000000000, 0.000000000000000000 ) ) ;
#6285 = VERTEX_POINT ( 'NONE', #2507 ) ;
#6286 = COORDINATED_UNIVERSAL_TIME_OFFSET ( 8, 0, .AHEAD. ) ;
#6287 = ADVANCED_FACE ( 'NONE', ( #5136 ), #4548, .T. ) ;
#6288 = ORIENTED_EDGE ( 'NONE', *, *, #7246, .F. ) ;
#6289 = CARTESIAN_POINT ( 'NONE',  ( 39.00000000000000000, 0.000000000000000000, 0.000000000000000000 ) ) ;
#6290 = EDGE_LOOP ( 'NONE', ( #3272, #7598, #7616, #8243 ) ) ;
#6291 = CARTESIAN_POINT ( 'NONE',  ( -13.44999999999999929, 19.99999999999999645, 0.000000000000000000 ) ) ;
#6292 =( NAMED_UNIT ( * ) PLANE_ANGLE_UNIT ( ) SI_UNIT ( $, .RADIAN. ) );
#6293 = AXIS2_PLACEMENT_3D ( 'NONE', #2080, #1331, #2610 ) ;
#6294 = CARTESIAN_POINT ( 'NONE',  ( 0.6382647951727107305, 11.10118521549366122, -12.11058088006516620 ) ) ;
#6295 = CARTESIAN_POINT ( 'NONE',  ( 11.89999999999996483, 18.80937500000000284, -4.929141392239915653 ) ) ;
#6296 = VECTOR ( 'NONE', #3765, 1000.000000000000000 ) ;
#6297 = CARTESIAN_POINT ( 'NONE',  ( 0.000000000000000000, 0.000000000000000000, 0.000000000000000000 ) ) ;
#6298 = VERTEX_POINT ( 'NONE', #5177 ) ;
#6299 = DIRECTION ( 'NONE',  ( 1.000000000000000000, -9.376883653928698457E-16, 0.000000000000000000 ) ) ;
#6300 = DIRECTION ( 'NONE',  ( -0.000000000000000000, -0.000000000000000000, -1.000000000000000000 ) ) ;
#6301 = DATE_TIME_ROLE ( 'classification_date' ) ;
#6302 = ADVANCED_FACE ( 'NONE', ( #1142 ), #6240, .F. ) ;
#6303 = CARTESIAN_POINT ( 'NONE',  ( -12.51812523131016341, 17.18187476868981634, -7.635464354253209378E-13 ) ) ;
#6304 = PRODUCT_DEFINITION ( '未知', '', #6043, #1699 ) ;
#6305 = DIRECTION ( 'NONE',  ( 0.000000000000000000, 0.000000000000000000, -1.000000000000000000 ) ) ;
#6306 = FACE_OUTER_BOUND ( 'NONE', #2500, .T. ) ;
#6307 = DIRECTION ( 'NONE',  ( 0.000000000000000000, 0.000000000000000000, 1.000000000000000000 ) ) ;
#6308 = CARTESIAN_POINT ( 'NONE',  ( -5.312971222579396802, 15.05812500000001641, 12.82664718204939014 ) ) ;
#6309 = ORIENTED_EDGE ( 'NONE', *, *, #528, .T. ) ;
#6310 = DIRECTION ( 'NONE',  ( 0.000000000000000000, 0.000000000000000000, -1.000000000000000000 ) ) ;
#6311 = CIRCLE ( 'NONE', #6456, 3.200000000000000178 ) ;
#6312 = ADVANCED_FACE ( 'NONE', ( #7022 ), #1012, .T. ) ;
#6313 = DIRECTION ( 'NONE',  ( 0.000000000000000000, 0.000000000000000000, -1.000000000000000000 ) ) ;
#6314 =( BOUNDED_CURVE ( )  B_SPLINE_CURVE ( 2, ( #8145, #6745, #2095, #4775, #2138, #897, #4201, #4819, #160 ),
 .UNSPECIFIED., .F., .T. ) 
 B_SPLINE_CURVE_WITH_KNOTS ( ( 3, 2, 2, 2, 3 ),
 ( 0.3125000000000000000, 0.3281249999999999445, 0.3437499999999998890, 0.3593749999999998890, 0.3749999999999998335 ),
 .UNSPECIFIED. ) 
 CURVE ( )  GEOMETRIC_REPRESENTATION_ITEM ( )  RATIONAL_B_SPLINE_CURVE ( ( 1.000000000000000000, 0.9238795325112867385, 1.000000000000000000, 0.9238795325112867385, 1.000000000000000000, 0.9238795325112867385, 1.000000000000000000, 0.9238795325112875156, 0.9999999999999992228 ) ) 
 REPRESENTATION_ITEM ( '' )  );
#6315 = PERSON_AND_ORGANIZATION_ROLE ( 'design_supplier' ) ;
#6316 = LOCAL_TIME ( 22, 24, 23.00000000000000000, #6286 ) ;
#6317 = EDGE_CURVE ( 'NONE', #8684, #5085, #8057, .T. ) ;
#6318 = AXIS2_PLACEMENT_3D ( 'NONE', #5959, #1267, #5393 ) ;
#6319 = ORIENTED_EDGE ( 'NONE', *, *, #5713, .T. ) ;
#6320 = EDGE_LOOP ( 'NONE', ( #7628, #2828 ) ) ;
#6321 = PLANE ( 'NONE',  #5045 ) ;
#6322 = CARTESIAN_POINT ( 'NONE',  ( 6.216747625905278518, -1.254181481906626372, -12.91142977813912118 ) ) ;
#6323 = CARTESIAN_POINT ( 'NONE',  ( 12.94999999999999218, -10.69999999999999041, 13.44999999999999929 ) ) ;
#6324 = EDGE_LOOP ( 'NONE', ( #3075, #4498 ) ) ;
#6325 = CARTESIAN_POINT ( 'NONE',  ( 41.39999999999999858, 0.000000000000000000, 8.199999999999997513 ) ) ;
#6326 = CC_DESIGN_APPROVAL ( #1661, ( #288 ) ) ;
#6327 = CARTESIAN_POINT ( 'NONE',  ( 1.270549420881450262E-16, -7.790620194877514670, -5.556250000000000355 ) ) ;
#6328 = AXIS2_PLACEMENT_3D ( 'NONE', #3275, #3364, #7928 ) ;
#6329 = ORIENTED_EDGE ( 'NONE', *, *, #8235, .F. ) ;
#6330 = ADVANCED_FACE ( 'NONE', ( #5745 ), #6677, .T. ) ;
#6331 = DATE_TIME_ROLE ( 'classification_date' ) ;
#6332 = CC_DESIGN_DATE_AND_TIME_ASSIGNMENT ( #8412, #7722, ( #8406 ) ) ;
#6334 = ORIENTED_EDGE ( 'NONE', *, *, #4769, .F. ) ;
#6333 = APPROVAL_PERSON_ORGANIZATION ( #6476, #4503, #7041 ) ;
#6335 = CARTESIAN_POINT ( 'NONE',  ( -0.1463737502000860835, 17.27878479827329983, -12.42764782053410499 ) ) ;
#6336 = ORIENTED_EDGE ( 'NONE', *, *, #2132, .T. ) ;
#6337 = CARTESIAN_POINT ( 'NONE',  ( 15.22582127265072316, 30.49999999999999645, 7.561373325877829288 ) ) ;
#6338 = AXIS2_PLACEMENT_3D ( 'NONE', #3346, #6066, #54 ) ;
#6339 = B_SPLINE_CURVE_WITH_KNOTS ( 'NONE', 3,
 ( #8294, #227, #8170, #8253, #1633, #6819, #4959, #4922, #4226, #1591, #3646, #8331, #5613, #4802, #2291, #7478 ),
 .UNSPECIFIED., .F., .F.,
 ( 4, 2, 2, 2, 2, 2, 2, 4 ),
 ( 0.000000000000000000, 0.0004369336833866093719, 0.0008738673667732187438, 0.001310801050159828007, 0.001747734733546437488, 0.002621602100319656015, 0.003058535783706265495, 0.003495469467092874975 ),
 .UNSPECIFIED. ) ;
#6340 = VECTOR ( 'NONE', #5142, 999.9999999999998863 ) ;
#6341 = CARTESIAN_POINT ( 'NONE',  ( 0.000000000000000000, 0.000000000000000000, 0.000000000000000000 ) ) ;
#6342 = ORIENTED_EDGE ( 'NONE', *, *, #3306, .T. ) ;
#6343 = CARTESIAN_POINT ( 'NONE',  ( 11.84398031207654256, 10.92280504338956781, -1.582650191422368291 ) ) ;
#6344 = AXIS2_PLACEMENT_3D ( 'NONE', #4251, #1528, #8232 ) ;
#6345 = CARTESIAN_POINT ( 'NONE',  ( -4.929141392239751340, 15.79312500000001229, 11.90000000000003233 ) ) ;
#6346 = FACE_OUTER_BOUND ( 'NONE', #1004, .T. ) ;
#6347 = ORIENTED_EDGE ( 'NONE', *, *, #8496, .F. ) ;
#6348 = DIRECTION ( 'NONE',  ( 1.000000000000000000, 0.000000000000000000, 0.000000000000000000 ) ) ;
#6349 = CARTESIAN_POINT ( 'NONE',  ( -1.364715712891807486, 17.79999999999999361, -11.82148683639186615 ) ) ;
#6350 = CIRCLE ( 'NONE', #887, 7.535898384862284693 ) ;
#6351 = DESIGN_CONTEXT ( 'detailed design', #471, 'design' ) ;
#6352 = CARTESIAN_POINT ( 'NONE',  ( 0.000000000000000000, -17.39999999999999858, 0.000000000000000000 ) ) ;
#6353 = CARTESIAN_POINT ( 'NONE',  ( -11.67013411036706216, -15.92953782274726393, -9.762915623340047588 ) ) ;
#6354 = LINE ( 'NONE', #335, #5264 ) ;
#6355 = CARTESIAN_POINT ( 'NONE',  ( 0.000000000000000000, 0.000000000000000000, 0.000000000000000000 ) ) ;
#6356 = CARTESIAN_POINT ( 'NONE',  ( -5.312971222579573549, 14.58187500000001613, -12.82664718204931376 ) ) ;
#6357 = ORIENTED_EDGE ( 'NONE', *, *, #4865, .T. ) ;
#6358 = CARTESIAN_POINT ( 'NONE',  ( -4.929141392239915653, 16.38687500000000696, -11.89999999999997371 ) ) ;
#6359 = CARTESIAN_POINT ( 'NONE',  ( -4.929141392239767328, 14.52312500000001094, 11.90000000000001101 ) ) ;
#6360 = APPROVAL_DATE_TIME ( #7011, #7521 ) ;
#6361 = EDGE_CURVE ( 'NONE', #6735, #2332, #3911, .T. ) ;
#6362 = ORIENTED_EDGE ( 'NONE', *, *, #55, .T. ) ;
#6363 = CIRCLE ( 'NONE', #5101, 3.174999999999999822 ) ;
#6364 = ORIENTED_EDGE ( 'NONE', *, *, #5888, .T. ) ;
#6365 = DIRECTION ( 'NONE',  ( -0.9848077530122081313, 2.126576849575763903E-17, -0.1736481776669296651 ) ) ;
#6366 = DIRECTION ( 'NONE',  ( -1.000000000000000000, -0.000000000000000000, -0.000000000000000000 ) ) ;
#6367 = CARTESIAN_POINT ( 'NONE',  ( -5.770369618823731450, 11.44827473517575811, 11.05894814921984626 ) ) ;
#6368 = CARTESIAN_POINT ( 'NONE',  ( 5.260512242138388750, 15.14375521535169256, 12.69999999999992646 ) ) ;
#6369 = CARTESIAN_POINT ( 'NONE',  ( -4.929141392239914765, 20.19687500000000568, -11.89999999999996483 ) ) ;
#6370 = VERTEX_POINT ( 'NONE', #7341 ) ;
#6371 = CARTESIAN_POINT ( 'NONE',  ( 46.70000000000001705, 0.000000000000000000, 0.000000000000000000 ) ) ;
#6372 = DIRECTION ( 'NONE',  ( -8.775090700452169195E-16, -1.000000000000000000, -0.000000000000000000 ) ) ;
#6373 = EDGE_CURVE ( 'NONE', #1466, #4303, #592, .T. ) ;
#6374 = APPROVAL_STATUS ( 'not_yet_approved' ) ;
#6375 = CIRCLE ( 'NONE', #2175, 3.200000000000000178 ) ;
#6376 = CIRCLE ( 'NONE', #1748, 7.060900368822720985 ) ;
#6377 = AXIS2_PLACEMENT_3D ( 'NONE', #8409, #3680, #6310 ) ;
#6378 = ORIENTED_EDGE ( 'NONE', *, *, #8246, .F. ) ;
#6379 = CARTESIAN_POINT ( 'NONE',  ( 41.30693079519157607, 0.000000000000000000, 14.59999999999999964 ) ) ;
#6380 = CARTESIAN_POINT ( 'NONE',  ( 12.69999999999996909, 11.71811978464834070, -9.023892744153249136E-14 ) ) ;
#6381 = CONICAL_SURFACE ( 'NONE', #6245, 9.525000000000000355, 1.308996938995753645 ) ;
#6382 = ORIENTED_EDGE ( 'NONE', *, *, #4130, .T. ) ;
#6383 = CARTESIAN_POINT ( 'NONE',  ( 39.00000000000000000, 8.266365894244635319E-16, -6.750000000000000888 ) ) ;
#6384 = AXIS2_PLACEMENT_3D ( 'NONE', #1635, #4804, #6903 ) ;
#6385 = CIRCLE ( 'NONE', #4567, 3.174999999999999822 ) ;
#6386 = EDGE_CURVE ( 'NONE', #2510, #7282, #4708, .T. ) ;
#6387 = CARTESIAN_POINT ( 'NONE',  ( 0.000000000000000000, 8.248891971046779403, -4.762500000000000178 ) ) ;
#6388 = CARTESIAN_POINT ( 'NONE',  ( 7.218702465540232538, 11.02465396087420579, -9.625010738285418199 ) ) ;
#6389 = CONICAL_SURFACE ( 'NONE', #6113, 11.09999999999998543, 0.7853981633974526089 ) ;
#6390 = CARTESIAN_POINT ( 'NONE',  ( 4.929141392239922759, 17.22187500000000782, 11.89999999999996305 ) ) ;
#6391 = CARTESIAN_POINT ( 'NONE',  ( 9.000000000000001776, -1.199999999999999734, -9.000000000000000000 ) ) ;
#6392 = VERTEX_POINT ( 'NONE', #52 ) ;
#6393 = CARTESIAN_POINT ( 'NONE',  ( 8.414570696119842097, 16.34875000000000966, -8.414570696119989535 ) ) ;
#6394 = DIRECTION ( 'NONE',  ( 0.000000000000000000, 1.000000000000000000, 0.000000000000000000 ) ) ;
#6395 = COORDINATED_UNIVERSAL_TIME_OFFSET ( 8, 0, .AHEAD. ) ;
#6396 = AXIS2_PLACEMENT_3D ( 'NONE', #6062, #49, #610 ) ;
#6397 = CARTESIAN_POINT ( 'NONE',  ( -12.44999999999999929, 8.647109035777110412E-16, -7.060900368822720985 ) ) ;
#6398 = DIRECTION ( 'NONE',  ( 0.000000000000000000, 0.000000000000000000, 1.000000000000000000 ) ) ;
#6399 = CARTESIAN_POINT ( 'NONE',  ( -12.82664718204935106, 19.90000000000000568, 8.956799855210031952E-14 ) ) ;
#6400 = CARTESIAN_POINT ( 'NONE',  ( 4.605170801781709677, -5.499261314031190118, -9.524999999999996803 ) ) ;
#6401 = CARTESIAN_POINT ( 'NONE',  ( -12.82664718204939014, 16.01062500000001165, -5.312971222579394137 ) ) ;
#6402 = ORIENTED_EDGE ( 'NONE', *, *, #3214, .F. ) ;
#6403 = CARTESIAN_POINT ( 'NONE',  ( 13.70000000000000107, -17.39999999999999858, 1.677766114831873975E-15 ) ) ;
#6404 = DIRECTION ( 'NONE',  ( -0.000000000000000000, 1.000000000000000000, -0.000000000000000000 ) ) ;
#6405 = DATE_AND_TIME ( #5694, #2125 ) ;
#6406 = ORIENTED_EDGE ( 'NONE', *, *, #5305, .F. ) ;
#6407 = DIRECTION ( 'NONE',  ( 0.000000000000000000, 0.000000000000000000, 1.000000000000000000 ) ) ;
#6408 = CARTESIAN_POINT ( 'NONE',  ( -0.3593919564985298964, 1.101257569710870410, 2.019428178818023056 ) ) ;
#6409 = DIRECTION ( 'NONE',  ( 0.000000000000000000, 1.000000000000000000, 0.000000000000000000 ) ) ;
#6410 = FACE_OUTER_BOUND ( 'NONE', #270, .T. ) ;
#6411 = CARTESIAN_POINT ( 'NONE',  ( 11.90000000000003588, 19.72062500000000185, 4.929141392239745123 ) ) ;
#6412 = ORIENTED_EDGE ( 'NONE', *, *, #1336, .F. ) ;
#6413 = FACE_OUTER_BOUND ( 'NONE', #6138, .T. ) ;
#6414 = DIRECTION ( 'NONE',  ( 0.000000000000000000, 0.000000000000000000, 1.000000000000000000 ) ) ;
#6415 = ADVANCED_FACE ( 'NONE', ( #4002 ), #1, .T. ) ;
#6416 = EDGE_CURVE ( 'NONE', #5763, #2869, #6534, .T. ) ;
#6417 = CIRCLE ( 'NONE', #675, 15.00000000000000000 ) ;
#6418 = AXIS2_PLACEMENT_3D ( 'NONE', #4482, #1764, #6414 ) ;
#6419 = EDGE_LOOP ( 'NONE', ( #6011, #6835 ) ) ;
#6420 = DIRECTION ( 'NONE',  ( 0.8660254037844384856, 0.000000000000000000, -0.5000000000000002220 ) ) ;
#6421 = CARTESIAN_POINT ( 'NONE',  ( 12.64523126179759238, 11.70000000000000639, 1.178187733621459232 ) ) ;
#6422 = ORIENTED_EDGE ( 'NONE', *, *, #2300, .F. ) ;
#6423 = DIRECTION ( 'NONE',  ( -1.000000000000000000, -0.000000000000000000, -0.000000000000000000 ) ) ;
#6424 =( NAMED_UNIT ( * ) PLANE_ANGLE_UNIT ( ) SI_UNIT ( $, .RADIAN. ) );
#6425 = EDGE_CURVE ( 'NONE', #6939, #3918, #1940, .T. ) ;
#6426 = CARTESIAN_POINT ( 'NONE',  ( 11.89999999999999858, 14.72000000000001485, -9.621322308333469308E-14 ) ) ;
#6427 = CARTESIAN_POINT ( 'NONE',  ( -0.5569692599770887931, 11.11324001437604814, -12.10698499977346998 ) ) ;
#6428 = FACE_OUTER_BOUND ( 'NONE', #5086, .T. ) ;
#6429 = ORIENTED_EDGE ( 'NONE', *, *, #4360, .T. ) ;
#6430 = CARTESIAN_POINT ( 'NONE',  ( 9.000000000000001776, -10.80000000000000604, -9.000000000000000000 ) ) ;
#6431 = CARTESIAN_POINT ( 'NONE',  ( 10.66726473075073400, 17.64741218079086948, -5.673398303385534192 ) ) ;
#6432 = EDGE_CURVE ( 'NONE', #3607, #8603, #2651, .T. ) ;
#6433 = PRODUCT_DEFINITION ( '未知', '', #720, #4328 ) ;
#6434 = B_SPLINE_CURVE_WITH_KNOTS ( 'NONE', 3,
 ( #5255, #6004, #4598, #7890, #3984, #1358, #1966, #2060, #1261, #3279, #5389, #4033, #688, #8630, #1399, #2633 ),
 .UNSPECIFIED., .F., .F.,
 ( 4, 2, 2, 2, 2, 2, 2, 4 ),
 ( 0.003140726601653515138, 0.003533851854371106594, 0.003926977107088697183, 0.004320102359806288206, 0.004713227612523879229, 0.005106352865241471119, 0.005499478117959061274, 0.006285728623394243320 ),
 .UNSPECIFIED. ) ;
#6435 = CARTESIAN_POINT ( 'NONE',  ( 11.99999999999999645, 9.700000000000002842, 0.000000000000000000 ) ) ;
#6436 = CIRCLE ( 'NONE', #5858, 2.299999999999996714 ) ;
#6437 = PLANE ( 'NONE',  #1254 ) ;
#6438 = FACE_OUTER_BOUND ( 'NONE', #5676, .T. ) ;
#6439 = LINE ( 'NONE', #3810, #4847 ) ;
#6440 = CARTESIAN_POINT ( 'NONE',  ( 5.312971222579394137, 16.96312500000000867, -12.82664718204939014 ) ) ;
#6441 = ORIENTED_EDGE ( 'NONE', *, *, #405, .T. ) ;
#6442 = CARTESIAN_POINT ( 'NONE',  ( -12.94999999999999218, -10.69999999999999041, 13.44999999999999929 ) ) ;
#6443 = CARTESIAN_POINT ( 'NONE',  ( 0.000000000000000000, 0.000000000000000000, 0.000000000000000000 ) ) ;
#6444 = CALENDAR_DATE ( 2025, 13, 3 ) ;
#6445 = AXIS2_PLACEMENT_3D ( 'NONE', #6655, #29, #2721 ) ;
#6446 = VERTEX_POINT ( 'NONE', #4524 ) ;
#6447 = DIRECTION ( 'NONE',  ( -1.231304080816852664E-16, 1.000000000000000000, 0.000000000000000000 ) ) ;
#6448 = CARTESIAN_POINT ( 'NONE',  ( -0.6863807938583110779, 1.245044359540486534, 1.935803423452306049 ) ) ;
#6449 = CARTESIAN_POINT ( 'NONE',  ( -9.449782312267595685, 11.39993541140920819, 8.067884343798967350 ) ) ;
#6450 = DIRECTION ( 'NONE',  ( 0.000000000000000000, 0.000000000000000000, 1.000000000000000000 ) ) ;
#6451 = CARTESIAN_POINT ( 'NONE',  ( -8.382592070995923663E-14, 20.11750000000000327, -11.89999999999999858 ) ) ;
#6452 = ORIENTED_EDGE ( 'NONE', *, *, #5725, .T. ) ;
#6453 = CARTESIAN_POINT ( 'NONE',  ( 5.342430495083333675, -16.36523270379545281, -13.41621700897627534 ) ) ;
#6454 = FACE_OUTER_BOUND ( 'NONE', #4431, .T. ) ;
#6455 = ADVANCED_FACE ( 'NONE', ( #5405 ), #1280, .T. ) ;
#6456 = AXIS2_PLACEMENT_3D ( 'NONE', #7437, #3399, #4953 ) ;
#6457 = VERTEX_POINT ( 'NONE', #6720 ) ;
#6458 = CARTESIAN_POINT ( 'NONE',  ( 0.000000000000000000, 8.248891971046779403, -4.762500000000000178 ) ) ;
#6459 = CC_DESIGN_APPROVAL ( #4890, ( #4085 ) ) ;
#6460 = FACE_OUTER_BOUND ( 'NONE', #7908, .T. ) ;
#6461 = AXIS2_PLACEMENT_3D ( 'NONE', #7131, #458, #8443 ) ;
#6462 = DIRECTION ( 'NONE',  ( 0.000000000000000000, -1.224646799147353700E-16, 1.000000000000000000 ) ) ;
#6463 = CYLINDRICAL_SURFACE ( 'NONE', #1274, 11.89999999999999858 ) ;
#6464 =( NAMED_UNIT ( * ) SI_UNIT ( $, .STERADIAN. ) SOLID_ANGLE_UNIT ( ) );
#6465 = APPROVAL_PERSON_ORGANIZATION ( #8353, #1560, #2315 ) ;
#6466 = EDGE_CURVE ( 'NONE', #363, #3928, #5395, .T. ) ;
#6467 = AXIS2_PLACEMENT_3D ( 'NONE', #3183, #4629, #1999 ) ;
#6468 = CARTESIAN_POINT ( 'NONE',  ( 13.44999999999999929, 0.000000000000000000, -8.252653961416930528 ) ) ;
#6469 = CARTESIAN_POINT ( 'NONE',  ( 1.423994807254859385, 11.09308484791434246, -12.03488352852172483 ) ) ;
#6470 = APPLICATION_CONTEXT ( 'configuration controlled 3d designs of mechanical parts and assemblies' ) ;
#6471 = CARTESIAN_POINT ( 'NONE',  ( 0.000000000000000000, -17.39999999999999858, 0.000000000000000000 ) ) ;
#6472 = ORIENTED_EDGE ( 'NONE', *, *, #7742, .F. ) ;
#6473 = FACE_OUTER_BOUND ( 'NONE', #2797, .T. ) ;
#6474 = EDGE_CURVE ( 'NONE', #2160, #1158, #2297, .T. ) ;
#6475 = CARTESIAN_POINT ( 'NONE',  ( 12.69999999999996909, 14.25811978464833629, -9.023892744153249136E-14 ) ) ;
#6476 = PERSON_AND_ORGANIZATION ( #7254, #1435 ) ;
#6477 = DIRECTION ( 'NONE',  ( 0.000000000000000000, 0.000000000000000000, 1.000000000000000000 ) ) ;
#6478 = FACE_OUTER_BOUND ( 'NONE', #8589, .T. ) ;
#6479 = CARTESIAN_POINT ( 'NONE',  ( -9.035340417286477571E-14, 17.04250000000000753, -12.82664718204935106 ) ) ;
#6480 = LINE ( 'NONE', #425, #5665 ) ;
#6481 = CARTESIAN_POINT ( 'NONE',  ( -9.069809202314351282, 16.24875000000001180, 9.069809202314482732 ) ) ;
#6482 = EDGE_LOOP ( 'NONE', ( #1202, #7917 ) ) ;
#6483 = CARTESIAN_POINT ( 'NONE',  ( 12.94999999999999218, -11.19999999999999929, 12.94999999999999218 ) ) ;
#6484 = DIRECTION ( 'NONE',  ( 1.000000000000000000, 0.000000000000000000, 0.000000000000000000 ) ) ;
#6485 = CALENDAR_DATE ( 2025, 13, 3 ) ;
#6486 = CIRCLE ( 'NONE', #1862, 2.499999999999998668 ) ;
#6487 = EDGE_CURVE ( 'NONE', #6121, #2870, #2885, .T. ) ;
#6488 = ORIENTED_EDGE ( 'NONE', *, *, #8678, .F. ) ;
#6489 = CARTESIAN_POINT ( 'NONE',  ( -12.94999999999999218, 9.400000000000023448, 13.44999999999999929 ) ) ;
#6490 = DIRECTION ( 'NONE',  ( -0.000000000000000000, 0.7071067811865474617, 0.7071067811865474617 ) ) ;
#6491 = CARTESIAN_POINT ( 'NONE',  ( 4.999999999999997335, 0.000000000000000000, 0.000000000000000000 ) ) ;
#6492 = CARTESIAN_POINT ( 'NONE',  ( -7.701338712477597603, 17.06503698542206848, -10.02356401692384047 ) ) ;
#6493 = CARTESIAN_POINT ( 'NONE',  ( 11.89999999999999858, 19.80000000000000071, -8.455458555545191202E-14 ) ) ;
#6494 = EDGE_LOOP ( 'NONE', ( #7732, #7869, #2032, #1372 ) ) ;
#6495 = DIRECTION ( 'NONE',  ( 0.000000000000000000, 0.000000000000000000, 1.000000000000000000 ) ) ;
#6496 = CARTESIAN_POINT ( 'NONE',  ( 34.40000000000000568, 10.99852262806237668, -1.634090867718481472E-15 ) ) ;
#6497 = VERTEX_POINT ( 'NONE', #8037 ) ;
#6498 = CIRCLE ( 'NONE', #8183, 2.300000000000001599 ) ;
#6499 = VERTEX_POINT ( 'NONE', #2028 ) ;
#6500 = PLANE ( 'NONE',  #4624 ) ;
#6501 = CARTESIAN_POINT ( 'NONE',  ( -15.22582127265071783, 33.79999999999998295, -7.561373325877829288 ) ) ;
#6502 = CARTESIAN_POINT ( 'NONE',  ( 11.89999999999996838, 14.99937500000001300, -4.929141392239910324 ) ) ;
#6503 = DIRECTION ( 'NONE',  ( 0.000000000000000000, 0.000000000000000000, -1.000000000000000000 ) ) ;
#6504 = VECTOR ( 'NONE', #2115, 1000.000000000000000 ) ;
#6505 = CARTESIAN_POINT ( 'NONE',  ( 4.929141392239739794, 14.95812500000001322, -11.90000000000003766 ) ) ;
#6506 = CARTESIAN_POINT ( 'NONE',  ( -4.929141392239690056, 11.78312500000001961, 11.90000000000005898 ) ) ;
#6507 = VECTOR ( 'NONE', #7528, 1000.000000000000000 ) ;
#6508 = CARTESIAN_POINT ( 'NONE',  ( 0.000000000000000000, 0.000000000000000000, 13.00000000000000000 ) ) ;
#6509 = VERTEX_POINT ( 'NONE', #1373 ) ;
#6510 = CARTESIAN_POINT ( 'NONE',  ( 9.564848863492874352E-15, 10.90000000000001101, 0.000000000000000000 ) ) ;
#6511 = ADVANCED_FACE ( 'NONE', ( #4050 ), #7199, .F. ) ;
#6512 = DIRECTION ( 'NONE',  ( 0.000000000000000000, 0.000000000000000000, 1.000000000000000000 ) ) ;
#6513 = VECTOR ( 'NONE', #6490, 1000.000000000000114 ) ;
#6514 = AXIS2_PLACEMENT_3D ( 'NONE', #6352, #333, #1701 ) ;
#6515 = CONICAL_SURFACE ( 'NONE', #3174, 11.00000000000000000, 1.308996938995753867 ) ;
#6516 = CARTESIAN_POINT ( 'NONE',  ( 2.663606788145493022E-15, 32.79999999999999716, 21.75000000000000000 ) ) ;
#6517 = CARTESIAN_POINT ( 'NONE',  ( 0.000000000000000000, 0.000000000000000000, 0.000000000000000000 ) ) ;
#6518 = CARTESIAN_POINT ( 'NONE',  ( -12.82664718204931198, 18.70937500000000853, 5.312971222579581543 ) ) ;
#6519 = DIRECTION ( 'NONE',  ( -8.775090700452169195E-16, -1.000000000000000000, -0.000000000000000000 ) ) ;
#6520 = CARTESIAN_POINT ( 'NONE',  ( 9.069809202314482732, 10.21625000000002359, 9.069809202314353058 ) ) ;
#6521 = EDGE_LOOP ( 'NONE', ( #5497, #1325, #8215, #1085 ) ) ;
#6522 = CARTESIAN_POINT ( 'NONE',  ( 8.073252374094717965, -1.254181481906630369, 11.83957626202013813 ) ) ;
#6523 = PLANE ( 'NONE',  #7866 ) ;
#6524 = AXIS2_PLACEMENT_3D ( 'NONE', #3536, #191, #2222 ) ;
#6525 = COORDINATED_UNIVERSAL_TIME_OFFSET ( 8, 0, .AHEAD. ) ;
#6526 = EDGE_CURVE ( 'NONE', #1418, #1975, #2394, .T. ) ;
#6527 = ORIENTED_EDGE ( 'NONE', *, *, #2194, .F. ) ;
#6528 = DIRECTION ( 'NONE',  ( -0.7071067811865475727, 0.000000000000000000, 0.7071067811865475727 ) ) ;
#6529 = DIRECTION ( 'NONE',  ( -1.507912601349432577E-32, 1.224646799147353207E-16, 1.000000000000000000 ) ) ;
#6530 = CARTESIAN_POINT ( 'NONE',  ( 11.09999999999999964, 17.60000000000000142, 0.000000000000000000 ) ) ;
#6531 = CARTESIAN_POINT ( 'NONE',  ( -12.46752603324307884, 17.16727713021779778, -1.478416693754743827 ) ) ;
#6532 = LINE ( 'NONE', #7853, #7631 ) ;
#6533 = ORIENTED_EDGE ( 'NONE', *, *, #7375, .F. ) ;
#6534 = LINE ( 'NONE', #6628, #5535 ) ;
#6535 = CARTESIAN_POINT ( 'NONE',  ( 0.000000000000000000, 0.000000000000000000, 0.000000000000000000 ) ) ;
#6536 = EDGE_CURVE ( 'NONE', #1251, #7649, #4138, .T. ) ;
#6537 = VERTEX_POINT ( 'NONE', #830 ) ;
#6538 = ADVANCED_FACE ( 'NONE', ( #3516 ), #2939, .F. ) ;
#6539 = VERTEX_POINT ( 'NONE', #873 ) ;
#6540 = CARTESIAN_POINT ( 'NONE',  ( 0.000000000000000000, 2.816687638038913042E-16, -2.300000000000000711 ) ) ;
#6541 = LINE ( 'NONE', #1148, #6618 ) ;
#6542 = VERTEX_POINT ( 'NONE', #1539 ) ;
#6543 = CARTESIAN_POINT ( 'NONE',  ( 8.414570696119975324, 18.57125000000000270, 8.414570696119856308 ) ) ;
#6544 = EDGE_LOOP ( 'NONE', ( #4393, #3454, #1779, #795 ) ) ;
#6545 = CARTESIAN_POINT ( 'NONE',  ( 4.999999999999997335, 7.790620194877514670, -5.556250000000000355 ) ) ;
#6546 = ADVANCED_FACE ( 'NONE', ( #6236 ), #3577, .T. ) ;
#6547 = VERTEX_POINT ( 'NONE', #4261 ) ;
#6548 = DIRECTION ( 'NONE',  ( 0.000000000000000000, 0.000000000000000000, 1.000000000000000000 ) ) ;
#6549 = FACE_OUTER_BOUND ( 'NONE', #6048, .T. ) ;
#6550 = ORIENTED_EDGE ( 'NONE', *, *, #2897, .F. ) ;
#6551 = LINE ( 'NONE', #3269, #3028 ) ;
#6552 = LINE ( 'NONE', #7174, #2079 ) ;
#6553 = ADVANCED_FACE ( 'NONE', ( #4834 ), #3430, .F. ) ;
#6554 = VERTEX_POINT ( 'NONE', #6766 ) ;
#6555 = CARTESIAN_POINT ( 'NONE',  ( -5.342430495083339004, -1.334767296204544484, -13.41621700897627711 ) ) ;
#6556 = VECTOR ( 'NONE', #6273, 1000.000000000000114 ) ;
#6557 = PLANE ( 'NONE',  #1697 ) ;
#6558 = DIRECTION ( 'NONE',  ( 0.000000000000000000, 1.000000000000000000, 0.000000000000000000 ) ) ;
#6559 = CARTESIAN_POINT ( 'NONE',  ( 9.000000000000001776, -10.80000000000000604, -9.000000000000000000 ) ) ;
#6560 = CARTESIAN_POINT ( 'NONE',  ( -9.069809202314351282, 18.78875000000000739, 9.069809202314482732 ) ) ;
#6561 = DIRECTION ( 'NONE',  ( 1.000000000000000000, 0.000000000000000000, -1.289757231209522150E-16 ) ) ;
#6562 = CARTESIAN_POINT ( 'NONE',  ( 12.82664718204935106, 10.37500000000002309, -9.113880979362924452E-14 ) ) ;
#6563 = ORIENTED_EDGE ( 'NONE', *, *, #7829, .F. ) ;
#6564 = CARTESIAN_POINT ( 'NONE',  ( 1.725874147982920936, -2.009527318423360853, 15.50423678951415241 ) ) ;
#6565 = EDGE_CURVE ( 'NONE', #118, #6711, #1476, .T. ) ;
#6566 = CARTESIAN_POINT ( 'NONE',  ( 0.000000000000000000, 17.80000000000000071, -11.89999999999999858 ) ) ;
#6567 = DATE_AND_TIME ( #1170, #6194 ) ;
#6568 = EDGE_CURVE ( 'NONE', #6781, #2911, #6850, .T. ) ;
#6569 = CIRCLE ( 'NONE', #2803, 8.199999999999997513 ) ;
#6570 = EDGE_LOOP ( 'NONE', ( #8112, #2019, #8343 ) ) ;
#6571 = DIRECTION ( 'NONE',  ( 1.000000000000000000, 0.000000000000000000, 0.000000000000000000 ) ) ;
#6572 = FACE_OUTER_BOUND ( 'NONE', #8195, .T. ) ;
#6573 = DIRECTION ( 'NONE',  ( 1.000000000000000000, 0.000000000000000000, 0.000000000000000000 ) ) ;
#6574 = CARTESIAN_POINT ( 'NONE',  ( 0.000000000000000000, 7.776507174585692163E-16, -6.349999999999999645 ) ) ;
#6575 = EDGE_CURVE ( 'NONE', #4582, #2509, #3570, .T. ) ;
#6576 = CARTESIAN_POINT ( 'NONE',  ( 8.414570696119975324, 14.56125000000001357, 8.414570696119856308 ) ) ;
#6577 = EDGE_CURVE ( 'NONE', #829, #841, #4003, .T. ) ;
#6578 = ORIENTED_EDGE ( 'NONE', *, *, #6727, .F. ) ;
#6579 = CARTESIAN_POINT ( 'NONE',  ( 11.88412758796775748, 10.90000000000000746, 0.6144196228178397945 ) ) ;
#6580 = CARTESIAN_POINT ( 'NONE',  ( 33.49999999999999289, 0.000000000000000000, 5.949999999999996625 ) ) ;
#6581 = CIRCLE ( 'NONE', #7707, 2.899999999999992806 ) ;
#6582 = ORIENTED_EDGE ( 'NONE', *, *, #3719, .F. ) ;
#6583 = EDGE_CURVE ( 'NONE', #1401, #5383, #209, .T. ) ;
#6584 = ORIENTED_EDGE ( 'NONE', *, *, #3629, .T. ) ;
#6585 = VERTEX_POINT ( 'NONE', #2907 ) ;
#6586 = FACE_OUTER_BOUND ( 'NONE', #6605, .T. ) ;
#6587 = CARTESIAN_POINT ( 'NONE',  ( 0.000000000000000000, -2.009527318423362185, 0.000000000000000000 ) ) ;
#6588 = VERTEX_POINT ( 'NONE', #3474 ) ;
#6589 = CARTESIAN_POINT ( 'NONE',  ( -4.929141392239914765, 11.50687500000001862, -11.89999999999996483 ) ) ;
#6590 = EDGE_CURVE ( 'NONE', #567, #8036, #1584, .T. ) ;
#6591 = APPROVAL ( #4907, 'UNKNOWN' ) ;
#6592 = CARTESIAN_POINT ( 'NONE',  ( 1.180805343176903212E-13, 14.60250000000001158, 11.89999999999999858 ) ) ;
#6593 = FACE_OUTER_BOUND ( 'NONE', #1103, .T. ) ;
#6594 = VECTOR ( 'NONE', #3158, 1000.000000000000000 ) ;
#6595 = EDGE_LOOP ( 'NONE', ( #5583, #5197, #7203, #1888 ) ) ;
#6596 = APPLICATION_PROTOCOL_DEFINITION ( 'international standard', 'config_control_design', 1994, #8541 ) ;
#6597 =( BOUNDED_CURVE ( )  B_SPLINE_CURVE ( 2, ( #5429, #8102, #6258, #6217, #7583, #4118, #7409, #1570, #3583 ),
 .UNSPECIFIED., .F., .T. ) 
 B_SPLINE_CURVE_WITH_KNOTS ( ( 3, 2, 2, 2, 3 ),
 ( 0.5937500000000001110, 0.6093750000000000000, 0.6250000000000000000, 0.6406250000000000000, 0.6562499999999998890 ),
 .UNSPECIFIED. ) 
 CURVE ( )  GEOMETRIC_REPRESENTATION_ITEM ( )  RATIONAL_B_SPLINE_CURVE ( ( 0.9999999999999994449, 0.9238795325112872936, 1.000000000000000000, 0.9238795325112867385, 1.000000000000000000, 0.9238795325112867385, 1.000000000000000000, 0.9238795325112872936, 0.9999999999999994449 ) ) 
 REPRESENTATION_ITEM ( '' )  );
#6598 = CC_DESIGN_APPROVAL ( #303, ( #2534 ) ) ;
#6599 = CIRCLE ( 'NONE', #2540, 0.3999999999999984679 ) ;
#6600 = CARTESIAN_POINT ( 'NONE',  ( 13.44999999999999929, -11.19999999999999751, 12.94999999999999218 ) ) ;
#6601 = EDGE_LOOP ( 'NONE', ( #7854, #6055 ) ) ;
#6602 = CARTESIAN_POINT ( 'NONE',  ( 12.44999999999999929, 0.000000000000000000, 0.000000000000000000 ) ) ;
#6603 = DIRECTION ( 'NONE',  ( 0.000000000000000000, 1.000000000000000000, 0.000000000000000000 ) ) ;
#6604 = ADVANCED_BREP_SHAPE_REPRESENTATION ( '', ( #2183, #5757 ), #1847 ) ;
#6605 = EDGE_LOOP ( 'NONE', ( #5831, #836, #530, #2042 ) ) ;
#6606 = CARTESIAN_POINT ( 'NONE',  ( 5.000000000000000000, 8.248891971046782956, 4.762500000000000178 ) ) ;
#6607 = CC_DESIGN_SECURITY_CLASSIFICATION ( #7023, ( #8688 ) ) ;
#6608 = CARTESIAN_POINT ( 'NONE',  ( 44.00000000000000000, 0.000000000000000000, 14.59999999999999609 ) ) ;
#6609 = CIRCLE ( 'NONE', #8265, 5.199999999999998401 ) ;
#6610 = DIRECTION ( 'NONE',  ( -0.000000000000000000, -1.000000000000000000, -0.000000000000000000 ) ) ;
#6611 = FACE_BOUND ( 'NONE', #346, .T. ) ;
#6612 = CARTESIAN_POINT ( 'NONE',  ( 12.82664718204939192, 15.37562500000001187, 5.312971222579391473 ) ) ;
#6613 = CARTESIAN_POINT ( 'NONE',  ( 12.82664718204939192, 10.29562500000002423, 5.312971222579391473 ) ) ;
#6614 = VERTEX_POINT ( 'NONE', #6190 ) ;
#6615 = CARTESIAN_POINT ( 'NONE',  ( 6.255353054409856561, -1.268955198721826605, 12.88914092359982710 ) ) ;
#6616 = LINE ( 'NONE', #7372, #985 ) ;
#6617 = DATE_AND_TIME ( #7331, #5616 ) ;
#6618 = VECTOR ( 'NONE', #1106, 1000.000000000000000 ) ;
#6619 = ORIENTED_EDGE ( 'NONE', *, *, #3458, .F. ) ;
#6620 = ORIENTED_EDGE ( 'NONE', *, *, #6317, .F. ) ;
#6621 = FACE_OUTER_BOUND ( 'NONE', #4053, .T. ) ;
#6622 = CARTESIAN_POINT ( 'NONE',  ( 12.70000000000002771, 12.76250521535169824, 5.260512242138180916 ) ) ;
#6623 = LINE ( 'NONE', #1980, #6725 ) ;
#6624 = PRODUCT ( '316L-FT4-TB4-05-HP', '316L-FT4-TB4-05-HP', '', ( #4351 ) ) ;
#6625 = DIRECTION ( 'NONE',  ( -1.000000000000000000, -0.000000000000000000, -0.000000000000000000 ) ) ;
#6626 = CARTESIAN_POINT ( 'NONE',  ( -11.89999999999996305, 15.43437500000000995, 4.929141392239922759 ) ) ;
#6627 = ORIENTED_EDGE ( 'NONE', *, *, #2573, .T. ) ;
#6628 = CARTESIAN_POINT ( 'NONE',  ( 14.29000000000000448, 2.578957854155721483E-31, 6.257467538869049051 ) ) ;
#6629 = DIRECTION ( 'NONE',  ( -1.000000000000000000, -0.000000000000000000, -0.000000000000000000 ) ) ;
#6630 = EDGE_CURVE ( 'NONE', #3669, #6298, #177, .T. ) ;
#6631 = EDGE_CURVE ( 'NONE', #7419, #7198, #8456, .T. ) ;
#6632 = EDGE_CURVE ( 'NONE', #7419, #8295, #4698, .T. ) ;
#6633 = AXIS2_PLACEMENT_3D ( 'NONE', #457, #2580, #3979 ) ;
#6634 = EDGE_LOOP ( 'NONE', ( #8600, #8070, #6033, #1745 ) ) ;
#6635 = CARTESIAN_POINT ( 'NONE',  ( 4.999999999999998224, -7.790620194877515559, 5.556250000000004796 ) ) ;
#6636 = CARTESIAN_POINT ( 'NONE',  ( -11.44999999999999751, 5.742042389534214595E-16, -4.688733431983856725 ) ) ;
#6637 = ORIENTED_EDGE ( 'NONE', *, *, #4627, .F. ) ;
#6638 = DIRECTION ( 'NONE',  ( 0.000000000000000000, -1.000000000000000000, 0.000000000000000000 ) ) ;
#6639 = DIRECTION ( 'NONE',  ( -8.775090700452169195E-16, -1.000000000000000000, -0.000000000000000000 ) ) ;
#6640 = DIRECTION ( 'NONE',  ( 1.000000000000000000, -0.000000000000000000, -0.000000000000000000 ) ) ;
#6641 = EDGE_LOOP ( 'NONE', ( #3213, #5722, #51, #5909, #2744, #4144 ) ) ;
#6642 = DIRECTION ( 'NONE',  ( 0.4614307917521305868, 0.000000000000000000, 0.8871762082151447570 ) ) ;
#6643 = ORIENTED_EDGE ( 'NONE', *, *, #835, .T. ) ;
#6644 = CIRCLE ( 'NONE', #6788, 0.3999999999999993006 ) ;
#6645 = CARTESIAN_POINT ( 'NONE',  ( 8.980256121069064790, 15.54063021535169220, -8.980256121069192687 ) ) ;
#6646 =( BOUNDED_CURVE ( )  B_SPLINE_CURVE ( 2, ( #1909, #1199, #6645, #5150, #4024, #3316, #453, #8011, #8570 ),
 .UNSPECIFIED., .F., .T. ) 
 B_SPLINE_CURVE_WITH_KNOTS ( ( 3, 2, 2, 2, 3 ),
 ( 0.4375000000000001110, 0.4531250000000000000, 0.4687499999999998890, 0.4843749999999998335, 0.4999999999999997224 ),
 .UNSPECIFIED. ) 
 CURVE ( )  GEOMETRIC_REPRESENTATION_ITEM ( )  RATIONAL_B_SPLINE_CURVE ( ( 0.9999999999999994449, 0.9238795325112872936, 1.000000000000000000, 0.9238795325112867385, 1.000000000000000000, 0.9238795325112867385, 1.000000000000000000, 0.9238795325112880708, 0.9999999999999986677 ) ) 
 REPRESENTATION_ITEM ( '' )  );
#6647 = DIRECTION ( 'NONE',  ( 0.000000000000000000, 1.000000000000000000, 0.000000000000000000 ) ) ;
#6648 = ORIENTED_EDGE ( 'NONE', *, *, #3902, .T. ) ;
#6649 = CARTESIAN_POINT ( 'NONE',  ( 12.94999999999999218, -11.19999999999999929, -12.94999999999999218 ) ) ;
#6650 = EDGE_CURVE ( 'NONE', #6210, #4303, #2035, .T. ) ;
#6651 = CARTESIAN_POINT ( 'NONE',  ( 5.000000000000000000, -10.99852262806237313, 4.928329209517584241E-15 ) ) ;
#6652 = TOROIDAL_SURFACE ( 'NONE', #1340, 9.000000000000001776, 0.3999999999999984679 ) ;
#6653 = AXIS2_PLACEMENT_3D ( 'NONE', #5868, #8551, #2554 ) ;
#6654 = CARTESIAN_POINT ( 'NONE',  ( 0.000000000000000000, 0.000000000000000000, 13.00000000000000000 ) ) ;
#6655 = CARTESIAN_POINT ( 'NONE',  ( 14.28999999999999737, -17.69999999999999929, -8.250335346719754881 ) ) ;
#6656 = CARTESIAN_POINT ( 'NONE',  ( 9.069809202314353058, 18.15375000000000583, -9.069809202314482732 ) ) ;
#6657 = CARTESIAN_POINT ( 'NONE',  ( 0.000000000000000000, 0.000000000000000000, 0.000000000000000000 ) ) ;
#6658 = CARTESIAN_POINT ( 'NONE',  ( -5.312971222579396802, 11.24812500000002302, 12.82664718204939014 ) ) ;
#6660 = VERTEX_POINT ( 'NONE', #298 ) ;
#6659 = CIRCLE ( 'NONE', #1343, 9.525000000000000355 ) ;
#6661 = DIRECTION ( 'NONE',  ( 0.000000000000000000, 0.000000000000000000, -1.000000000000000000 ) ) ;
#6662 = DIRECTION ( 'NONE',  ( 0.000000000000000000, -1.224646799147351235E-16, 1.000000000000000000 ) ) ;
#6663 = PERSON_AND_ORGANIZATION ( #129, #430 ) ;
#6664 = EDGE_CURVE ( 'NONE', #8312, #5815, #7051, .T. ) ;
#6665 = VECTOR ( 'NONE', #1355, 1000.000000000000000 ) ;
#6666 = AXIS2_PLACEMENT_3D ( 'NONE', #6968, #3724, #1742 ) ;
#6667 = ORIENTED_EDGE ( 'NONE', *, *, #933, .T. ) ;
#6668 = VERTEX_POINT ( 'NONE', #6973 ) ;
#6669 = CARTESIAN_POINT ( 'NONE',  ( -8.414570696120009075, 12.65625000000001776, -8.414570696119820781 ) ) ;
#6670 = CARTESIAN_POINT ( 'NONE',  ( 0.000000000000000000, 0.000000000000000000, 6.349999999999999645 ) ) ;
#6671 = DIRECTION ( 'NONE',  ( 0.000000000000000000, 0.000000000000000000, -1.000000000000000000 ) ) ;
#6672 = DIRECTION ( 'NONE',  ( 0.000000000000000000, 0.000000000000000000, 1.000000000000000000 ) ) ;
#6673 = CIRCLE ( 'NONE', #5969, 2.299999999999999822 ) ;
#6674 = VECTOR ( 'NONE', #7535, 1000.000000000000000 ) ;
#6675 = CARTESIAN_POINT ( 'NONE',  ( 8.528325040094458741E-14, 14.40250000000001229, 11.89999999999999858 ) ) ;
#6676 = VERTEX_POINT ( 'NONE', #2453 ) ;
#6677 = CYLINDRICAL_SURFACE ( 'NONE', #6095, 12.69999999999998508 ) ;
#6678 = DIRECTION ( 'NONE',  ( -8.775090700452169195E-16, -1.000000000000000000, -0.000000000000000000 ) ) ;
#6679 = ORIENTED_EDGE ( 'NONE', *, *, #2909, .F. ) ;
#6680 = ORIENTED_EDGE ( 'NONE', *, *, #2432, .F. ) ;
#6681 = DIRECTION ( 'NONE',  ( -1.000000000000000000, -0.000000000000000000, -0.000000000000000000 ) ) ;
#6682 = DIRECTION ( 'NONE',  ( 0.000000000000000000, -0.000000000000000000, 1.000000000000000000 ) ) ;
#6683 = VERTEX_POINT ( 'NONE', #3728 ) ;
#6684 = CARTESIAN_POINT ( 'NONE',  ( 8.414570696119856308, 11.26875000000001847, -8.414570696119973547 ) ) ;
#6685 = DIRECTION ( 'NONE',  ( 0.000000000000000000, 0.000000000000000000, -1.000000000000000000 ) ) ;
#6686 = CARTESIAN_POINT ( 'NONE',  ( -12.56412585201708687, -15.69047268157664021, 9.246769250645106908 ) ) ;
#6687 = ORIENTED_EDGE ( 'NONE', *, *, #5352, .T. ) ;
#6688 = PERSON_AND_ORGANIZATION ( #129, #430 ) ;
#6689 = CC_DESIGN_PERSON_AND_ORGANIZATION_ASSIGNMENT ( #804, #5500, ( #8239 ) ) ;
#6690 = LINE ( 'NONE', #5421, #4749 ) ;
#6691 = ORIENTED_EDGE ( 'NONE', *, *, #3182, .F. ) ;
#6692 = DIRECTION ( 'NONE',  ( 1.000000000000000000, 0.000000000000000000, 0.000000000000000000 ) ) ;
#6693 = EDGE_CURVE ( 'NONE', #5189, #1728, #2746, .T. ) ;
#6694 = FACE_OUTER_BOUND ( 'NONE', #2831, .T. ) ;
#6695 = EDGE_LOOP ( 'NONE', ( #5932, #8080, #7114, #5709 ) ) ;
#6696 = CARTESIAN_POINT ( 'NONE',  ( -8.577833150995534339, 17.28533967770009028, 8.983826084736396211 ) ) ;
#6697 = CARTESIAN_POINT ( 'NONE',  ( 1.203456888229273236E-14, 13.71446665693450484, 0.000000000000000000 ) ) ;
#6698 = ADVANCED_FACE ( 'NONE', ( #7681 ), #1127, .T. ) ;
#6699 = AXIS2_PLACEMENT_3D ( 'NONE', #8665, #1431, #7355 ) ;
#6700 = DIRECTION ( 'NONE',  ( 0.000000000000000000, 0.000000000000000000, 1.000000000000000000 ) ) ;
#6701 = LINE ( 'NONE', #3936, #1548 ) ;
#6702 = CARTESIAN_POINT ( 'NONE',  ( -8.414570696119854532, 19.52375000000000327, 8.414570696119975324 ) ) ;
#6703 = LINE ( 'NONE', #31, #1752 ) ;
#6704 = DIRECTION ( 'NONE',  ( 0.000000000000000000, 0.000000000000000000, 1.000000000000000000 ) ) ;
#6705 = VERTEX_POINT ( 'NONE', #1040 ) ;
#6706 = CARTESIAN_POINT ( 'NONE',  ( -12.69999999999996909, 13.62311978464833473, 8.868362600661534741E-14 ) ) ;
#6707 = EDGE_CURVE ( 'NONE', #6705, #2509, #3149, .T. ) ;
#6708 = CC_DESIGN_PERSON_AND_ORGANIZATION_ASSIGNMENT ( #6663, #3243, ( #1282 ) ) ;
#6709 = DIRECTION ( 'NONE',  ( 0.000000000000000000, -1.000000000000000000, 0.000000000000000000 ) ) ;
#6710 = APPROVAL_ROLE ( '' ) ;
#6711 = VERTEX_POINT ( 'NONE', #7806 ) ;
#6712 = ORIENTED_EDGE ( 'NONE', *, *, #2621, .T. ) ;
#6713 = FACE_OUTER_BOUND ( 'NONE', #1768, .T. ) ;
#6714 = CARTESIAN_POINT ( 'NONE',  ( -5.260512242138384309, 13.38499478464833636, -12.69999999999993179 ) ) ;
#6715 = FACE_OUTER_BOUND ( 'NONE', #3286, .T. ) ;
#6716 = CARTESIAN_POINT ( 'NONE',  ( 12.69999999999996732, 16.65188021535168872, -9.023892744153245350E-14 ) ) ;
#6717 = CARTESIAN_POINT ( 'NONE',  ( 43.59999999999999432, 0.000000000000000000, 0.000000000000000000 ) ) ;
#6718 = CARTESIAN_POINT ( 'NONE',  ( 8.414570696119975324, 17.10125000000000739, 8.414570696119856308 ) ) ;
#6719 = VERTEX_POINT ( 'NONE', #5041 ) ;
#6720 = CARTESIAN_POINT ( 'NONE',  ( -13.44999999999999929, 0.000000000000000000, 8.252653961416930528 ) ) ;
#6721 = CARTESIAN_POINT ( 'NONE',  ( 0.000000000000000000, 0.000000000000000000, 0.000000000000000000 ) ) ;
#6722 = VECTOR ( 'NONE', #666, 1000.000000000000000 ) ;
#6723 = VERTEX_POINT ( 'NONE', #6442 ) ;
#6724 = CYLINDRICAL_SURFACE ( 'NONE', #5731, 14.00000000000000000 ) ;
#6725 = VECTOR ( 'NONE', #3206, 1000.000000000000000 ) ;
#6727 = EDGE_CURVE ( 'NONE', #8669, #7960, #2282, .T. ) ;
#6726 = CARTESIAN_POINT ( 'NONE',  ( 14.28999999999999737, -2.009527318423362185, -6.257467538869064150 ) ) ;
#6728 = ORIENTED_EDGE ( 'NONE', *, *, #933, .F. ) ;
#6729 = CARTESIAN_POINT ( 'NONE',  ( -8.414570696119854532, 10.63375000000002046, 8.414570696119975324 ) ) ;
#6730 = CARTESIAN_POINT ( 'NONE',  ( 0.000000000000000000, 1.500000000000000000, -20.24999999999999645 ) ) ;
#6731 = ORIENTED_EDGE ( 'NONE', *, *, #3790, .F. ) ;
#6732 = APPROVAL_STATUS ( 'not_yet_approved' ) ;
#6733 = ORIENTED_EDGE ( 'NONE', *, *, #3152, .F. ) ;
#6734 = CARTESIAN_POINT ( 'NONE',  ( -10.24150715374035414, 17.76470098244552887, -6.143905909954260558 ) ) ;
#6735 = VERTEX_POINT ( 'NONE', #387 ) ;
#6737 = VERTEX_POINT ( 'NONE', #6483 ) ;
#6736 = FACE_OUTER_BOUND ( 'NONE', #2377, .T. ) ;
#6738 = VECTOR ( 'NONE', #3922, 1000.000000000000000 ) ;
#6739 = ORIENTED_EDGE ( 'NONE', *, *, #6373, .F. ) ;
#6740 = CARTESIAN_POINT ( 'NONE',  ( -8.276168950353859799, 17.28935787006342295, 9.256957615066063738 ) ) ;
#6741 = CARTESIAN_POINT ( 'NONE',  ( 13.79999999999999716, 0.000000000000000000, 3.200000000000000178 ) ) ;
#6742 = EDGE_CURVE ( 'NONE', #6554, #3202, #2309, .T. ) ;
#6743 = CC_DESIGN_APPROVAL ( #4797, ( #1404 ) ) ;
#6744 = CIRCLE ( 'NONE', #6039, 7.060900368822720985 ) ;
#6745 = CARTESIAN_POINT ( 'NONE',  ( 12.70000000000000817, 16.71874478464832947, 5.260512242138204009 ) ) ;
#6746 = DIRECTION ( 'NONE',  ( 0.000000000000000000, 0.000000000000000000, 1.000000000000000000 ) ) ;
#6747 = CC_DESIGN_APPROVAL ( #4142, ( #720 ) ) ;
#6748 = CARTESIAN_POINT ( 'NONE',  ( -5.312971222579396802, 13.78812500000001506, 12.82664718204939014 ) ) ;
#6749 = CARTESIAN_POINT ( 'NONE',  ( 11.90633974596222089, 10.90633974596222089, -5.199830294817119976E-12 ) ) ;
#6750 = EDGE_CURVE ( 'NONE', #7941, #8312, #2978, .T. ) ;
#6751 = DIRECTION ( 'NONE',  ( -0.000000000000000000, 1.000000000000000000, 1.224646799147353207E-16 ) ) ;
#6752 = VERTEX_POINT ( 'NONE', #7008 ) ;
#6753 = CYLINDRICAL_SURFACE ( 'NONE', #6344, 3.175000000000005596 ) ;
#6754 = VECTOR ( 'NONE', #127, 999.9999999999998863 ) ;
#6755 = CARTESIAN_POINT ( 'NONE',  ( 5.260512242138388750, 13.87375521535169653, 12.69999999999992646 ) ) ;
#6756 = DATE_AND_TIME ( #2808, #7451 ) ;
#6757 = ORIENTED_EDGE ( 'NONE', *, *, #8207, .F. ) ;
#6758 = VECTOR ( 'NONE', #1160, 1000.000000000000000 ) ;
#6759 = ORIENTED_EDGE ( 'NONE', *, *, #41, .T. ) ;
#6760 = CARTESIAN_POINT ( 'NONE',  ( 12.69999999999996909, 11.71811978464834070, -9.023892744153249136E-14 ) ) ;
#6761 = FACE_OUTER_BOUND ( 'NONE', #5023, .T. ) ;
#6762 = CARTESIAN_POINT ( 'NONE',  ( -2.050000000000001155, 2.299999999999994493, -2.193834799194117367E-21 ) ) ;
#6763 = LINE ( 'NONE', #2073, #4854 ) ;
#6764 = CARTESIAN_POINT ( 'NONE',  ( -11.89999999999996305, 16.70437500000000597, 4.929141392239922759 ) ) ;
#6765 = EDGE_LOOP ( 'NONE', ( #8440, #2469, #2256, #2999 ) ) ;
#6766 = CARTESIAN_POINT ( 'NONE',  ( 13.79999999999999716, 2.300000000000001155, 0.000000000000000000 ) ) ;
#6767 = AXIS2_PLACEMENT_3D ( 'NONE', #3298, #6678, #5321 ) ;
#6768 = CARTESIAN_POINT ( 'NONE',  ( 0.000000000000000000, 17.80000000000000071, -11.89999999999999858 ) ) ;
#6769 = EDGE_CURVE ( 'NONE', #3931, #4885, #7216, .T. ) ;
#6770 = AXIS2_PLACEMENT_3D ( 'NONE', #6024, #7, #2703 ) ;
#6771 = VERTEX_POINT ( 'NONE', #5080 ) ;
#6772 = AXIS2_PLACEMENT_3D ( 'NONE', #540, #1252, #587 ) ;
#6773 = FACE_OUTER_BOUND ( 'NONE', #3857, .T. ) ;
#6774 = DIRECTION ( 'NONE',  ( 0.7071067811865474617, -0.000000000000000000, 0.7071067811865474617 ) ) ;
#6775 = ORIENTED_EDGE ( 'NONE', *, *, #1327, .F. ) ;
#6776 = LINE ( 'NONE', #5878, #7078 ) ;
#6777 = DIRECTION ( 'NONE',  ( 5.206551163123461110E-18, 0.9990958406831207395, -0.04251471662481349362 ) ) ;
#6778 = PRODUCT_DEFINITION_SHAPE ( 'NONE', 'NONE',  #8688 ) ;
#6779 = PERSON_AND_ORGANIZATION_ROLE ( 'creator' ) ;
#6780 = VECTOR ( 'NONE', #7545, 1000.000000000000000 ) ;
#6781 = VERTEX_POINT ( 'NONE', #7141 ) ;
#6782 = DIRECTION ( 'NONE',  ( 1.000000000000000000, 1.231304080816852664E-16, -0.000000000000000000 ) ) ;
#6783 = B_SPLINE_CURVE_WITH_KNOTS ( 'NONE', 3,
 ( #3469, #6141, #8240, #7552, #4173, #133, #2149, #2815, #3511, #5483 ),
 .UNSPECIFIED., .F., .F.,
 ( 4, 2, 2, 2, 4 ),
 ( 0.01272806491526913553, 0.01471367423749017113, 0.01669928355971120673, 0.01868489288193224407, 0.02067050220415327794 ),
 .UNSPECIFIED. ) ;
#6784 = CARTESIAN_POINT ( 'NONE',  ( 0.000000000000000000, 0.000000000000000000, 0.000000000000000000 ) ) ;
#6785 = ORIENTED_EDGE ( 'NONE', *, *, #4116, .T. ) ;
#6786 = CARTESIAN_POINT ( 'NONE',  ( 11.82562332909753167, 17.55516351066853531, 2.795198868857375896 ) ) ;
#6787 =( NAMED_UNIT ( * ) PLANE_ANGLE_UNIT ( ) SI_UNIT ( $, .RADIAN. ) );
#6788 = AXIS2_PLACEMENT_3D ( 'NONE', #7020, #7690, #5175 ) ;
#6789 = DIRECTION ( 'NONE',  ( 0.000000000000000000, -0.8660254037844387076, 0.4999999999999999445 ) ) ;
#6790 = CARTESIAN_POINT ( 'NONE',  ( -9.069809202314351282, 12.43875000000001840, 9.069809202314482732 ) ) ;
#6791 = DIRECTION ( 'NONE',  ( -0.7071067811865475727, 0.000000000000000000, -0.7071067811865475727 ) ) ;
#6792 = ORIENTED_EDGE ( 'NONE', *, *, #1526, .T. ) ;
#6793 = CARTESIAN_POINT ( 'NONE',  ( 0.000000000000000000, 0.000000000000000000, 0.000000000000000000 ) ) ;
#6794 = EDGE_CURVE ( 'NONE', #7296, #4269, #2603, .T. ) ;
#6795 = CARTESIAN_POINT ( 'NONE',  ( 15.22582127265072316, 34.29999999999999716, 4.561373325877820406 ) ) ;
#6796 = ITEM_DEFINED_TRANSFORMATION ( 'NONE', 'NONE', #4507,  #5757 ) ;
#6797 = VECTOR ( 'NONE', #698, 1000.000000000000114 ) ;
#6798 = AXIS2_PLACEMENT_3D ( 'NONE', #1086, #2367, #5733 ) ;
#6799 = VERTEX_POINT ( 'NONE', #3770 ) ;
#6800 = VERTEX_POINT ( 'NONE', #7759 ) ;
#6801 = CC_DESIGN_PERSON_AND_ORGANIZATION_ASSIGNMENT ( #494, #3226, ( #7885 ) ) ;
#6802 = AXIS2_PLACEMENT_3D ( 'NONE', #6088, #4777, #1442 ) ;
#6803 = CARTESIAN_POINT ( 'NONE',  ( 15.22582127265072316, 30.49999999999999645, 7.561373325877829288 ) ) ;
#6804 = DIRECTION ( 'NONE',  ( 1.000000000000000000, 0.000000000000000000, -0.000000000000000000 ) ) ;
#6805 = DIRECTION ( 'NONE',  ( 0.7071067811865474617, -0.000000000000000000, -0.7071067811865474617 ) ) ;
#6806 = CARTESIAN_POINT ( 'NONE',  ( -8.382592070995923663E-14, 11.22750000000002046, -11.89999999999999858 ) ) ;
#6807 = VERTEX_POINT ( 'NONE', #1746 ) ;
#6808 = CARTESIAN_POINT ( 'NONE',  ( -5.260512242138209338, 15.13124478464833267, 12.70000000000000284 ) ) ;
#6809 = AXIS2_PLACEMENT_3D ( 'NONE', #842, #5615, #4189 ) ;
#6810 = DIRECTION ( 'NONE',  ( 0.000000000000000000, 0.000000000000000000, -1.000000000000000000 ) ) ;
#6811 = EDGE_CURVE ( 'NONE', #5610, #4707, #7560, .T. ) ;
#6812 = VERTEX_POINT ( 'NONE', #3025 ) ;
#6813 = AXIS2_PLACEMENT_3D ( 'NONE', #4947, #5687, #3021 ) ;
#6814 = EDGE_LOOP ( 'NONE', ( #2517, #8111 ) ) ;
#6815 = ORIENTED_EDGE ( 'NONE', *, *, #8448, .F. ) ;
#6816 = AXIS2_PLACEMENT_3D ( 'NONE', #1962, #6041, #8627 ) ;
#6817 = CIRCLE ( 'NONE', #5677, 15.59999999999999964 ) ;
#6818 = CARTESIAN_POINT ( 'NONE',  ( 8.946607661182730098, 11.61110671982999953, 8.923291419054312001 ) ) ;
#6819 = CARTESIAN_POINT ( 'NONE',  ( -0.9197178771811013176, 1.387329118893577240, -1.836563602685609142 ) ) ;
#6820 = EDGE_LOOP ( 'NONE', ( #2738, #7507, #6319, #6759 ) ) ;
#6821 = DIRECTION ( 'NONE',  ( -1.000000000000000000, -0.000000000000000000, -0.000000000000000000 ) ) ;
#6822 = EDGE_CURVE ( 'NONE', #8283, #2177, #8613, .T. ) ;
#6823 = SHAPE_DEFINITION_REPRESENTATION ( #3823, #5133 ) ;
#6824 = CIRCLE ( 'NONE', #3035, 2.500000000000000444 ) ;
#6825 = EDGE_LOOP ( 'NONE', ( #2579, #482 ) ) ;
#6826 = CARTESIAN_POINT ( 'NONE',  ( 4.848860093788612602, -3.680339675970656810, -9.524999999999996803 ) ) ;
#6827 = CARTESIAN_POINT ( 'NONE',  ( 4.929141392239953845, 17.22187500000001137, 11.89999999999993108 ) ) ;
#6828 = EDGE_CURVE ( 'NONE', #4662, #7057, #2179, .T. ) ;
#6829 = VERTEX_POINT ( 'NONE', #6564 ) ;
#6830 = CARTESIAN_POINT ( 'NONE',  ( -1.769575318512501827, 17.36523842471244095, 12.21392046405051879 ) ) ;
#6831 = CARTESIAN_POINT ( 'NONE',  ( -15.22582127265071783, 30.49999999999999645, -7.561373325877829288 ) ) ;
#6832 = ADVANCED_FACE ( 'NONE', ( #7844 ), #753, .F. ) ;
#6833 = CARTESIAN_POINT ( 'NONE',  ( 9.069809202314353058, 11.80375000000001862, -9.069809202314482732 ) ) ;
#6834 = CARTESIAN_POINT ( 'NONE',  ( -9.000000000000001776, -11.19999999999999929, 11.89999999999999147 ) ) ;
#6835 = ORIENTED_EDGE ( 'NONE', *, *, #1811, .F. ) ;
#6836 = FACE_OUTER_BOUND ( 'NONE', #7954, .T. ) ;
#6837 = DIRECTION ( 'NONE',  ( -1.000000000000000000, -0.000000000000000000, -0.000000000000000000 ) ) ;
#6838 = CONTEXT_DEPENDENT_SHAPE_REPRESENTATION ( #5242, #747 ) ;
#6839 = CONICAL_SURFACE ( 'NONE', #7963, 11.89999999999998970, 0.7853981633974341792 ) ;
#6840 = CIRCLE ( 'NONE', #390, 1.000000000000000444 ) ;
#6841 = ORIENTED_EDGE ( 'NONE', *, *, #4006, .T. ) ;
#6842 = ORIENTED_EDGE ( 'NONE', *, *, #1511, .F. ) ;
#6843 = CARTESIAN_POINT ( 'NONE',  ( 41.80000000000000426, 0.000000000000000000, 0.000000000000000000 ) ) ;
#6844 = EDGE_CURVE ( 'NONE', #6676, #8521, #2008, .T. ) ;
#6845 = DIRECTION ( 'NONE',  ( 0.000000000000000000, 0.000000000000000000, 1.000000000000000000 ) ) ;
#6846 = DIRECTION ( 'NONE',  ( 0.000000000000000000, -1.000000000000000000, 0.000000000000000000 ) ) ;
#6847 = CARTESIAN_POINT ( 'NONE',  ( 15.22582127265072316, 33.79999999999998295, 10.06137332587782929 ) ) ;
#6848 = CARTESIAN_POINT ( 'NONE',  ( 11.89999999999996483, 10.98937500000002032, -4.929141392239915653 ) ) ;
#6849 = ORIENTED_EDGE ( 'NONE', *, *, #5595, .F. ) ;
#6850 = LINE ( 'NONE', #2866, #343 ) ;
#6851 = DIRECTION ( 'NONE',  ( -0.000000000000000000, -1.000000000000000000, -0.000000000000000000 ) ) ;
#6852 = EDGE_CURVE ( 'NONE', #417, #4123, #4648, .T. ) ;
#6853 = ORIENTED_EDGE ( 'NONE', *, *, #8405, .F. ) ;
#6854 = EDGE_CURVE ( 'NONE', #3440, #7479, #7621, .T. ) ;
#6855 = CARTESIAN_POINT ( 'NONE',  ( -0.5000000000000035527, 4.194415287079686910E-16, -3.174999999999999822 ) ) ;
#6856 = CARTESIAN_POINT ( 'NONE',  ( -11.89999999999997549, 17.80000000000002203, 1.506315562951287800E-15 ) ) ;
#6857 = EDGE_LOOP ( 'NONE', ( #5972, #3702, #8254 ) ) ;
#6858 = DIRECTION ( 'NONE',  ( 1.000000000000000000, -8.775090700452170181E-16, 0.000000000000000000 ) ) ;
#6859 = DIRECTION ( 'NONE',  ( 0.000000000000000000, 0.000000000000000000, 1.000000000000000000 ) ) ;
#6860 = ADVANCED_FACE ( 'NONE', ( #6007 ), #880, .T. ) ;
#6861 = PERSON_AND_ORGANIZATION ( #129, #430 ) ;
#6862 = VERTEX_POINT ( 'NONE', #3942 ) ;
#6863 = AXIS2_PLACEMENT_3D ( 'NONE', #1052, #6409, #5741 ) ;
#6864 = CARTESIAN_POINT ( 'NONE',  ( -0.9955261413690091876, 17.31046659159115464, -12.35680922885424593 ) ) ;
#6865 = ADVANCED_FACE ( 'NONE', ( #4556 ), #7893, .T. ) ;
#6867 = VERTEX_POINT ( 'NONE', #5816 ) ;
#6866 = CYLINDRICAL_SURFACE ( 'NONE', #3591, 3.174999999999999822 ) ;
#6868 = CC_DESIGN_DATE_AND_TIME_ASSIGNMENT ( #246, #6226, ( #1428 ) ) ;
#6869 = ORIENTED_EDGE ( 'NONE', *, *, #3582, .F. ) ;
#6870 = CARTESIAN_POINT ( 'NONE',  ( -11.85857507098350183, 17.22294518477269420, 3.962444606686706727 ) ) ;
#6871 = FACE_OUTER_BOUND ( 'NONE', #5040, .T. ) ;
#6872 = VECTOR ( 'NONE', #7888, 1000.000000000000000 ) ;
#6873 = EDGE_CURVE ( 'NONE', #1246, #6829, #1463, .T. ) ;
#6874 = CARTESIAN_POINT ( 'NONE',  ( 0.9875896852250194424, 1.075209151134972174, 1.801237900416660542 ) ) ;
#6876 = VERTEX_POINT ( 'NONE', #6706 ) ;
#6875 = CARTESIAN_POINT ( 'NONE',  ( 0.03610103003384652898, 7.332348418708252602, 6.350000000000000533 ) ) ;
#6877 = CARTESIAN_POINT ( 'NONE',  ( -9.035340417286477571E-14, 11.96250000000001990, -12.82664718204935106 ) ) ;
#6878 = DIRECTION ( 'NONE',  ( 1.000000000000000000, 0.000000000000000000, 0.000000000000000000 ) ) ;
#6879 = ORIENTED_EDGE ( 'NONE', *, *, #5506, .T. ) ;
#6880 = CARTESIAN_POINT ( 'NONE',  ( 4.963898969966151320, 7.332348418708252602, 6.350000000000003197 ) ) ;
#6881 = LINE ( 'NONE', #3547, #431 ) ;
#6882 = CALENDAR_DATE ( 2025, 13, 3 ) ;
#6883 =( BOUNDED_CURVE ( )  B_SPLINE_CURVE ( 2, ( #7713, #4372, #7044, #3764, #290 ),
 .UNSPECIFIED., .F., .T. ) 
 B_SPLINE_CURVE_WITH_KNOTS ( ( 3, 2, 3 ),
 ( 0.2592939658594146102, 0.2656250000000000555, 0.2812500000000001110 ),
 .UNSPECIFIED. ) 
 CURVE ( )  GEOMETRIC_REPRESENTATION_ITEM ( )  RATIONAL_B_SPLINE_CURVE ( ( 0.9633083604253867005, 0.9691570381780247878, 1.000000000000000000, 0.9238795325112861834, 1.000000000000000444 ) ) 
 REPRESENTATION_ITEM ( '' )  );
#6884 = ORIENTED_EDGE ( 'NONE', *, *, #4280, .T. ) ;
#6885 = LOCAL_TIME ( 22, 24, 23.00000000000000000, #2951 ) ;
#6886 = CARTESIAN_POINT ( 'NONE',  ( -14.28999999999999737, -2.009527318423361297, 6.257467538869061485 ) ) ;
#6887 = VECTOR ( 'NONE', #2192, 1000.000000000000000 ) ;
#6888 = DIRECTION ( 'NONE',  ( 0.000000000000000000, 0.000000000000000000, 1.000000000000000000 ) ) ;
#6889 = CARTESIAN_POINT ( 'NONE',  ( 5.260512242138204897, 16.89000521535168886, -12.70000000000000284 ) ) ;
#6890 = CARTESIAN_POINT ( 'NONE',  ( 5.049999999999999822, -3.227209084889968105E-15, 0.000000000000000000 ) ) ;
#6891 = B_SPLINE_CURVE_WITH_KNOTS ( 'NONE', 3,
 ( #3552, #8114, #8198, #7510, #1580, #2776 ),
 .UNSPECIFIED., .F., .F.,
 ( 4, 2, 4 ),
 ( 0.005499492254138863521, 0.008249122911154455062, 0.01099875356817004574 ),
 .UNSPECIFIED. ) ;
#6892 = CARTESIAN_POINT ( 'NONE',  ( 4.929141392239922759, 11.94187500000002089, 11.89999999999996305 ) ) ;
#6893 = ORIENTED_EDGE ( 'NONE', *, *, #8235, .T. ) ;
#6894 = CARTESIAN_POINT ( 'NONE',  ( 5.312947559864531932, -16.37747573616958263, 13.43323898956135665 ) ) ;
#6895 = DIRECTION ( 'NONE',  ( -9.800697604388738773E-17, 1.000000000000000000, -0.000000000000000000 ) ) ;
#6896 = APPROVAL_PERSON_ORGANIZATION ( #8587, #7995, #6710 ) ;
#6897 = EDGE_CURVE ( 'NONE', #8500, #6799, #4806, .T. ) ;
#6898 = AXIS2_PLACEMENT_3D ( 'NONE', #157, #3578, #1565 ) ;
#6899 = EDGE_LOOP ( 'NONE', ( #7362, #3903, #4880, #5465, #8, #4023 ) ) ;
#6900 = CARTESIAN_POINT ( 'NONE',  ( 0.000000000000000000, 1.042832680730699568, -2.050000000000001155 ) ) ;
#6901 = CARTESIAN_POINT ( 'NONE',  ( 33.09999999999999432, 4.378112306951787759E-16, -3.575000000000000178 ) ) ;
#6902 = ORIENTED_EDGE ( 'NONE', *, *, #5121, .T. ) ;
#6903 = DIRECTION ( 'NONE',  ( 0.000000000000000000, 0.000000000000000000, 1.000000000000000000 ) ) ;
#6904 = DIRECTION ( 'NONE',  ( -0.000000000000000000, 1.000000000000000000, -0.000000000000000000 ) ) ;
#6905 = ADVANCED_FACE ( 'NONE', ( #5958 ), #1313, .T. ) ;
#6906 = EDGE_CURVE ( 'NONE', #3607, #89, #4815, .T. ) ;
#6907 = APPLICATION_PROTOCOL_DEFINITION ( 'international standard', 'config_control_design', 1994, #921 ) ;
#6908 = ORIENTED_EDGE ( 'NONE', *, *, #1283, .F. ) ;
#6909 = CARTESIAN_POINT ( 'NONE',  ( 1.140028159679985720, 17.23140902440309574, -12.42378746397329614 ) ) ;
#6910 = EDGE_CURVE ( 'NONE', #7296, #4894, #1141, .T. ) ;
#6911 = ORIENTED_EDGE ( 'NONE', *, *, #2499, .F. ) ;
#6912 = DIRECTION ( 'NONE',  ( 0.000000000000000000, 1.000000000000000000, 0.000000000000000000 ) ) ;
#6913 = CIRCLE ( 'NONE', #1723, 11.09999999999998366 ) ;
#6914 = FACE_OUTER_BOUND ( 'NONE', #4068, .T. ) ;
#6915 = CARTESIAN_POINT ( 'NONE',  ( 1.954271688112465544, 0.8117971011559428351, 0.6318893849766349380 ) ) ;
#6916 = DIRECTION ( 'NONE',  ( 0.000000000000000000, 0.000000000000000000, -1.000000000000000000 ) ) ;
#6917 = CARTESIAN_POINT ( 'NONE',  ( 11.89999999999996483, 16.26937500000000725, -4.929141392239915653 ) ) ;
#6918 = EDGE_CURVE ( 'NONE', #7191, #5902, #8305, .T. ) ;
#6919 = CARTESIAN_POINT ( 'NONE',  ( 3.811648262644349985E-18, -8.707163747216046801, -3.968749999999999112 ) ) ;
#6920 = ORIENTED_EDGE ( 'NONE', *, *, #2443, .T. ) ;
#6921 = CARTESIAN_POINT ( 'NONE',  ( 4.727964354120388180, 5.957533090200457515, 8.731250000000004619 ) ) ;
#6922 = CARTESIAN_POINT ( 'NONE',  ( 1.239098530816317244E-13, 11.86250000000001847, 11.89999999999999858 ) ) ;
#6923 = COORDINATED_UNIVERSAL_TIME_OFFSET ( 8, 0, .AHEAD. ) ;
#6924 = CARTESIAN_POINT ( 'NONE',  ( 0.000000000000000000, 3.888253587292846081E-16, -3.174999999999999822 ) ) ;
#6925 = CARTESIAN_POINT ( 'NONE',  ( 33.09999999999999432, 0.000000000000000000, 3.575000000000000178 ) ) ;
#6926 = CARTESIAN_POINT ( 'NONE',  ( 5.312971222579394137, 19.50312500000000426, -12.82664718204939014 ) ) ;
#6927 = CARTESIAN_POINT ( 'NONE',  ( -13.99999999999999822, 0.000000000000000000, 0.000000000000000000 ) ) ;
#6928 = CARTESIAN_POINT ( 'NONE',  ( 4.929141392239922759, 10.67187500000002309, 11.89999999999996305 ) ) ;
#6929 = ORIENTED_EDGE ( 'NONE', *, *, #2197, .T. ) ;
#6930 = CIRCLE ( 'NONE', #3148, 6.350000000000000533 ) ;
#6931 = DIRECTION ( 'NONE',  ( 0.000000000000000000, 0.5000000000000002220, 0.8660254037844384856 ) ) ;
#6932 = EDGE_CURVE ( 'NONE', #1975, #5654, #126, .T. ) ;
#6933 = DIRECTION ( 'NONE',  ( 0.000000000000000000, 0.000000000000000000, -1.000000000000000000 ) ) ;
#6934 = CARTESIAN_POINT ( 'NONE',  ( -13.79999999999999893, -2.300000000000000711, 2.816687638038910084E-16 ) ) ;
#6935 =( BOUNDED_CURVE ( )  B_SPLINE_CURVE ( 2, ( #2356, #3012, #3714, #3059, #3101, #1611, #7748, #8351, #5026 ),
 .UNSPECIFIED., .F., .T. ) 
 B_SPLINE_CURVE_WITH_KNOTS ( ( 3, 2, 2, 2, 3 ),
 ( 0.4687499999999998335, 0.4843749999999998890, 0.4999999999999998890, 0.5156250000000000000, 0.5312500000000000000 ),
 .UNSPECIFIED. ) 
 CURVE ( )  GEOMETRIC_REPRESENTATION_ITEM ( )  RATIONAL_B_SPLINE_CURVE ( ( 1.000000000000000888, 0.9238795325112859613, 1.000000000000000000, 0.9238795325112867385, 1.000000000000000000, 0.9238795325112867385, 1.000000000000000000, 0.9238795325112867385, 1.000000000000000000 ) ) 
 REPRESENTATION_ITEM ( '' )  );
#6936 = AXIS2_PLACEMENT_3D ( 'NONE', #6403, #340, #3116 ) ;
#6937 = VERTEX_POINT ( 'NONE', #7456 ) ;
#6938 = ORIENTED_EDGE ( 'NONE', *, *, #4072, .F. ) ;
#6939 = VERTEX_POINT ( 'NONE', #6049 ) ;
#6941 = CARTESIAN_POINT ( 'NONE',  ( 5.719310547109079046, 11.57087599768569852, 11.22251209713994058 ) ) ;
#6940 = CIRCLE ( 'NONE', #487, 2.299999999999999822 ) ;
#6942 = LINE ( 'NONE', #4187, #1149 ) ;
#6943 = ORIENTED_EDGE ( 'NONE', *, *, #5758, .T. ) ;
#6944 = CARTESIAN_POINT ( 'NONE',  ( 5.000000000000000000, -8.248891971046781180, -4.762499999999998401 ) ) ;
#6945 = CARTESIAN_POINT ( 'NONE',  ( 12.69999999999991758, 15.60749478464833295, -5.260512242138399408 ) ) ;
#6946 = CIRCLE ( 'NONE', #344, 11.69999999999998863 ) ;
#6947 = CALENDAR_DATE ( 2025, 13, 3 ) ;
#6948 = VECTOR ( 'NONE', #461, 1000.000000000000000 ) ;
#6949 = ORIENTED_EDGE ( 'NONE', *, *, #4233, .T. ) ;
#6950 = CARTESIAN_POINT ( 'NONE',  ( 0.000000000000000000, -1.201236941557884519, 0.000000000000000000 ) ) ;
#6951 = ADVANCED_FACE ( 'NONE', ( #5559 ), #6753, .T. ) ;
#6952 = AXIS2_PLACEMENT_3D ( 'NONE', #6171, #4246, #4859 ) ;
#6953 = VECTOR ( 'NONE', #5968, 1000.000000000000000 ) ;
#6954 = ORIENTED_EDGE ( 'NONE', *, *, #1760, .F. ) ;
#6955 = FACE_OUTER_BOUND ( 'NONE', #655, .T. ) ;
#6956 = DIRECTION ( 'NONE',  ( -9.800697604388738773E-17, 1.000000000000000000, -0.000000000000000000 ) ) ;
#6957 = EDGE_CURVE ( 'NONE', #6937, #1683, #4115, .T. ) ;
#6958 = CARTESIAN_POINT ( 'NONE',  ( -8.441001689423391241, 11.20555431858917750, -8.825065239045464693 ) ) ;
#6959 = CARTESIAN_POINT ( 'NONE',  ( -11.89999999999999858, 16.82500000000000639, 8.309725586446653599E-14 ) ) ;
#6960 = CARTESIAN_POINT ( 'NONE',  ( 38.59999999999999432, 0.000000000000000000, 0.000000000000000000 ) ) ;
#6961 = EDGE_LOOP ( 'NONE', ( #3507, #4588, #7439, #5937 ) ) ;
#6962 = CARTESIAN_POINT ( 'NONE',  ( -9.000000000000001776, -1.199999999999999734, 9.000000000000000000 ) ) ;
#6963 = ADVANCED_FACE ( 'NONE', ( #4737 ), #7035, .T. ) ;
#6964 = CARTESIAN_POINT ( 'NONE',  ( -12.69999999999996909, 13.62311978464833473, 8.868362600661534741E-14 ) ) ;
#6965 = SECURITY_CLASSIFICATION_LEVEL ( 'unclassified' ) ;
#6966 = CARTESIAN_POINT ( 'NONE',  ( 12.94999999999999218, 9.400000000000000355, -13.44999999999999929 ) ) ;
#6967 = CARTESIAN_POINT ( 'NONE',  ( -2.618097302622898859, -15.92906487933676551, -14.98911151100553951 ) ) ;
#6968 = CARTESIAN_POINT ( 'NONE',  ( 0.000000000000000000, 0.000000000000000000, 0.000000000000000000 ) ) ;
#6969 = DIRECTION ( 'NONE',  ( -1.000000000000000000, -0.000000000000000000, -0.000000000000000000 ) ) ;
#6970 = ADVANCED_FACE ( 'NONE', ( #8107 ), #5475, .T. ) ;
#6971 = CARTESIAN_POINT ( 'NONE',  ( 8.414570696119975324, 10.75125000000002196, 8.414570696119856308 ) ) ;
#6972 = EDGE_LOOP ( 'NONE', ( #7712, #6643, #3161, #142 ) ) ;
#6973 = CARTESIAN_POINT ( 'NONE',  ( -15.22582127265071783, 30.49999999999999645, -10.06137332587782929 ) ) ;
#6974 = DIRECTION ( 'NONE',  ( 8.775090700452169195E-16, 1.000000000000000000, 0.000000000000000000 ) ) ;
#6975 = PERSON_AND_ORGANIZATION_ROLE ( 'classification_officer' ) ;
#6976 = ORIENTED_EDGE ( 'NONE', *, *, #7052, .T. ) ;
#6977 = B_SPLINE_CURVE_WITH_KNOTS ( 'NONE', 3,
 ( #7611, #7569, #1013, #3695, #6327, #2253 ),
 .UNSPECIFIED., .F., .F.,
 ( 4, 2, 4 ),
 ( 2.309401076763871681E-07, 0.002749861597123267210, 0.005499492254138857450 ),
 .UNSPECIFIED. ) ;
#6978 = ORIENTED_EDGE ( 'NONE', *, *, #6769, .F. ) ;
#6979 = DIRECTION ( 'NONE',  ( -1.000000000000000000, -0.000000000000000000, -0.000000000000000000 ) ) ;
#6980 = CARTESIAN_POINT ( 'NONE',  ( 10.76942092117335470, -1.579333538822585536, -10.28294262558367933 ) ) ;
#6981 = CARTESIAN_POINT ( 'NONE',  ( -11.90000000000004476, 15.27562500000001222, -4.929141392239719366 ) ) ;
#6982 = ORIENTED_EDGE ( 'NONE', *, *, #7542, .F. ) ;
#6983 = CARTESIAN_POINT ( 'NONE',  ( -12.44999999999999929, 0.000000000000000000, 0.000000000000000000 ) ) ;
#6984 = CARTESIAN_POINT ( 'NONE',  ( -5.260512242138384309, 15.92499478464833018, -12.69999999999993179 ) ) ;
#6985 = CALENDAR_DATE ( 2025, 13, 3 ) ;
#6986 = VERTEX_POINT ( 'NONE', #6133 ) ;
#6987 = CARTESIAN_POINT ( 'NONE',  ( 6.835616853894461720, 16.99999999999986855, -10.70347337207656757 ) ) ;
#6988 = ORIENTED_EDGE ( 'NONE', *, *, #8414, .F. ) ;
#6989 = CARTESIAN_POINT ( 'NONE',  ( 38.60000000000000142, 0.000000000000000000, 0.000000000000000000 ) ) ;
#6990 = AXIS2_PLACEMENT_3D ( 'NONE', #1885, #7248, #3906 ) ;
#6991 = CARTESIAN_POINT ( 'NONE',  ( 1.311997765771970803, 1.045172763623670731, 1.580610687728795982 ) ) ;
#6992 = CARTESIAN_POINT ( 'NONE',  ( 11.91445078399384272, 10.91445078399419266, -0.7949200099653150886 ) ) ;
#6993 = CARTESIAN_POINT ( 'NONE',  ( -8.414570696119854532, 16.98375000000000767, 8.414570696119975324 ) ) ;
#6994 = EDGE_CURVE ( 'NONE', #2119, #7484, #6913, .T. ) ;
#6995 = AXIS2_PLACEMENT_3D ( 'NONE', #78, #8061, #732 ) ;
#6996 = DIRECTION ( 'NONE',  ( 0.000000000000000000, 0.000000000000000000, 1.000000000000000000 ) ) ;
#6997 = ORIENTED_EDGE ( 'NONE', *, *, #1787, .T. ) ;
#6998 = CARTESIAN_POINT ( 'NONE',  ( 11.90000000000004476, 16.11062500000000952, 4.929141392239721142 ) ) ;
#6999 = CARTESIAN_POINT ( 'NONE',  ( 2.835676896825123361, 17.75548629080736518, -11.61080531405517924 ) ) ;
#7000 = CALENDAR_DATE ( 2025, 13, 3 ) ;
#7001 = EDGE_CURVE ( 'NONE', #7644, #1683, #4079, .T. ) ;
#7002 = FACE_BOUND ( 'NONE', #6825, .T. ) ;
#7003 = CARTESIAN_POINT ( 'NONE',  ( -1.725874147982914941, -15.69047268157664021, -15.50423678951415418 ) ) ;
#7004 = CYLINDRICAL_SURFACE ( 'NONE', #6813, 15.59999999999999964 ) ;
#7005 = DIRECTION ( 'NONE',  ( -0.000000000000000000, -1.000000000000000000, -0.000000000000000000 ) ) ;
#7006 = CARTESIAN_POINT ( 'NONE',  ( -9.035340417286478833E-14, 15.77250000000001151, -12.82664718204935106 ) ) ;
#7007 = ORIENTED_EDGE ( 'NONE', *, *, #2683, .T. ) ;
#7008 = CARTESIAN_POINT ( 'NONE',  ( -1.725874147982911611, -15.69047268157663666, 15.50423678951415951 ) ) ;
#7009 = CIRCLE ( 'NONE', #8546, 3.200000000000000178 ) ;
#7010 = CARTESIAN_POINT ( 'NONE',  ( -13.44999999999999929, 8.900000000000016342, -12.94999999999999218 ) ) ;
#7011 = DATE_AND_TIME ( #2456, #568 ) ;
#7012 = CC_DESIGN_APPROVAL ( #7884, ( #2696 ) ) ;
#7013 = AXIS2_PLACEMENT_3D ( 'NONE', #7330, #6008, #4557 ) ;
#7014 = ORIENTED_EDGE ( 'NONE', *, *, #6577, .F. ) ;
#7015 = ORIENTED_EDGE ( 'NONE', *, *, #8336, .F. ) ;
#7016 = DIRECTION ( 'NONE',  ( 0.000000000000000000, 0.000000000000000000, 1.000000000000000000 ) ) ;
#7017 = FACE_OUTER_BOUND ( 'NONE', #4675, .T. ) ;
#7018 = CARTESIAN_POINT ( 'NONE',  ( 0.3948291982182993154, -5.499261314031187453, 9.525000000000002132 ) ) ;
#7019 = DIRECTION ( 'NONE',  ( -0.000000000000000000, 0.000000000000000000, 1.000000000000000000 ) ) ;
#7020 = CARTESIAN_POINT ( 'NONE',  ( 38.60000000000000142, 0.000000000000000000, 6.750000000000000888 ) ) ;
#7021 = ORIENTED_EDGE ( 'NONE', *, *, #3095, .T. ) ;
#7022 = FACE_OUTER_BOUND ( 'NONE', #1214, .T. ) ;
#7023 = SECURITY_CLASSIFICATION ( '', '', #2144 ) ;
#7024 = CARTESIAN_POINT ( 'NONE',  ( -8.965523947390061453E-14, 17.77750000000000341, -11.89999999999999858 ) ) ;
#7025 = EDGE_CURVE ( 'NONE', #8669, #7949, #4905, .T. ) ;
#7026 = DATE_AND_TIME ( #1597, #5884 ) ;
#7027 = EDGE_LOOP ( 'NONE', ( #5774, #3612 ) ) ;
#7028 = DIRECTION ( 'NONE',  ( -1.000000000000000000, 0.000000000000000000, 0.000000000000000000 ) ) ;
#7029 = EDGE_LOOP ( 'NONE', ( #7925, #1429, #5176, #5516 ) ) ;
#7030 = VECTOR ( 'NONE', #4796, 1000.000000000000000 ) ;
#7031 = AXIS2_PLACEMENT_3D ( 'NONE', #5326, #1378, #5453 ) ;
#7032 = CARTESIAN_POINT ( 'NONE',  ( 9.000000000000001776, -11.19999999999999929, -6.500000000000000888 ) ) ;
#7033 = VERTEX_POINT ( 'NONE', #2726 ) ;
#7034 = CARTESIAN_POINT ( 'NONE',  ( 5.905839754271486441, 11.04170664020464976, -10.52392860344962244 ) ) ;
#7035 = TOROIDAL_SURFACE ( 'NONE', #8578, 9.000000000000001776, 0.3999999999999984679 ) ;
#7036 = CARTESIAN_POINT ( 'NONE',  ( -8.414570696119854532, 14.44375000000001208, 8.414570696119975324 ) ) ;
#7037 = CARTESIAN_POINT ( 'NONE',  ( 0.000000000000000000, 0.000000000000000000, 15.00000000000000000 ) ) ;
#7038 = ORIENTED_EDGE ( 'NONE', *, *, #2034, .F. ) ;
#7039 = CARTESIAN_POINT ( 'NONE',  ( 13.44999999999999929, 0.000000000000000000, 0.000000000000000000 ) ) ;
#7040 = FACE_OUTER_BOUND ( 'NONE', #4601, .T. ) ;
#7041 = APPROVAL_ROLE ( '' ) ;
#7042 = AXIS2_PLACEMENT_3D ( 'NONE', #6291, #2303, #2261 ) ;
#7043 = UNCERTAINTY_MEASURE_WITH_UNIT (LENGTH_MEASURE( 1.000000000000000082E-05 ), #4451, 'distance_accuracy_value', 'NONE');
#7044 = CARTESIAN_POINT ( 'NONE',  ( -8.414570696119969995, 17.73625000000000895, -8.414570696119859861 ) ) ;
#7045 = DIRECTION ( 'NONE',  ( 0.000000000000000000, 0.000000000000000000, 1.000000000000000000 ) ) ;
#7046 = ADVANCED_FACE ( 'NONE', ( #6836 ), #2063, .T. ) ;
#7047 = CARTESIAN_POINT ( 'NONE',  ( -12.27635182233306743, 0.000000000000000000, 0.000000000000000000 ) ) ;
#7048 = CARTESIAN_POINT ( 'NONE',  ( 33.89999999999999858, 0.000000000000000000, 0.000000000000000000 ) ) ;
#7049 = CARTESIAN_POINT ( 'NONE',  ( 5.312971222579394137, 13.15312500000001883, -12.82664718204939014 ) ) ;
#7050 = ORIENTED_EDGE ( 'NONE', *, *, #6195, .T. ) ;
#7051 = LINE ( 'NONE', #4993, #7642 ) ;
#7052 = EDGE_CURVE ( 'NONE', #7385, #3005, #3030, .T. ) ;
#7053 = FACE_OUTER_BOUND ( 'NONE', #4348, .T. ) ;
#7054 = COORDINATED_UNIVERSAL_TIME_OFFSET ( 8, 0, .AHEAD. ) ;
#7055 = ORIENTED_EDGE ( 'NONE', *, *, #974, .T. ) ;
#7056 = CIRCLE ( 'NONE', #1168, 7.060900368822720985 ) ;
#7057 = VERTEX_POINT ( 'NONE', #2896 ) ;
#7058 = LINE ( 'NONE', #1630, #2306 ) ;
#7059 = DIRECTION ( 'NONE',  ( -0.000000000000000000, -1.000000000000000000, -0.000000000000000000 ) ) ;
#7060 = DIRECTION ( 'NONE',  ( -0.000000000000000000, -1.000000000000000000, -0.000000000000000000 ) ) ;
#7061 = CARTESIAN_POINT ( 'NONE',  ( -2.705861578575723403, 17.00754978532385664, -12.42333985902004301 ) ) ;
#7062 = ADVANCED_FACE ( 'NONE', ( #1402 ), #3830, .T. ) ;
#7063 = CARTESIAN_POINT ( 'NONE',  ( -11.90000000000003233, 19.08562500000000384, -4.929141392239748676 ) ) ;
#7064 = ORIENTED_EDGE ( 'NONE', *, *, #1595, .F. ) ;
#7065 = DIRECTION ( 'NONE',  ( -1.000000000000000000, 0.000000000000000000, 0.000000000000000000 ) ) ;
#7066 = CARTESIAN_POINT ( 'NONE',  ( 1.190928323839546277E-15, -8.707163747216046801, 3.968750000000003553 ) ) ;
#7067 = AXIS2_PLACEMENT_3D ( 'NONE', #1006, #1800, #6447 ) ;
#7068 = CIRCLE ( 'NONE', #3292, 20.24999999999999645 ) ;
#7069 = AXIS2_PLACEMENT_3D ( 'NONE', #1830, #2539, #5210 ) ;
#7070 = ORIENTED_EDGE ( 'NONE', *, *, #4400, .F. ) ;
#7071 = CARTESIAN_POINT ( 'NONE',  ( 5.695225058835894139, 0.000000000000000000, -11.00000000000000000 ) ) ;
#7072 = CARTESIAN_POINT ( 'NONE',  ( 13.44999999999999929, 19.99999999999999645, 0.000000000000000000 ) ) ;
#7073 = AXIS2_PLACEMENT_3D ( 'NONE', #4467, #5729, #3111 ) ;
#7074 = EDGE_CURVE ( 'NONE', #1220, #7533, #6935, .T. ) ;
#7075 = CARTESIAN_POINT ( 'NONE',  ( 11.89999999999996305, 17.33937500000001108, -4.929141392239926311 ) ) ;
#7076 = CARTESIAN_POINT ( 'NONE',  ( -9.000000000000001776, -1.199999999999999734, 11.49999999999999822 ) ) ;
#7077 = AXIS2_PLACEMENT_3D ( 'NONE', #7365, #8674, #6700 ) ;
#7078 = VECTOR ( 'NONE', #5232, 1000.000000000000000 ) ;
#7079 = DIRECTION ( 'NONE',  ( -0.000000000000000000, -1.000000000000000000, -0.000000000000000000 ) ) ;
#7080 = ORIENTED_EDGE ( 'NONE', *, *, #709, .T. ) ;
#7081 = AXIS2_PLACEMENT_3D ( 'NONE', #1208, #6558, #2801 ) ;
#7082 = CARTESIAN_POINT ( 'NONE',  ( 5.299999999999998934, 8.099999999999999645, 0.000000000000000000 ) ) ;
#7083 = AXIS2_PLACEMENT_3D ( 'NONE', #7831, #5292, #7965 ) ;
#7084 = DIRECTION ( 'NONE',  ( 0.000000000000000000, 0.000000000000000000, 1.000000000000000000 ) ) ;
#7085 = VERTEX_POINT ( 'NONE', #4942 ) ;
#7086 = CARTESIAN_POINT ( 'NONE',  ( 8.414570696119973547, 16.03125000000001066, 8.414570696119856308 ) ) ;
#7087 = CARTESIAN_POINT ( 'NONE',  ( 7.379662733313866241, 17.70041771656326191, -9.471402681860812578 ) ) ;
#7088 = AXIS2_PLACEMENT_3D ( 'NONE', #2646, #5271, #7946 ) ;
#7089 = EDGE_CURVE ( 'NONE', #1468, #8271, #982, .T. ) ;
#7090 = DIRECTION ( 'NONE',  ( -1.000000000000000000, -0.000000000000000000, -0.000000000000000000 ) ) ;
#7091 = ADVANCED_FACE ( 'NONE', ( #7710 ), #5378, .T. ) ;
#7092 = DIRECTION ( 'NONE',  ( -1.000000000000000000, -0.000000000000000000, -0.000000000000000000 ) ) ;
#7093 = DIRECTION ( 'NONE',  ( -0.000000000000000000, 1.000000000000000000, 0.000000000000000000 ) ) ;
#7094 = DIRECTION ( 'NONE',  ( 0.000000000000000000, 0.7071067811865512365, 0.7071067811865439090 ) ) ;
#7095 = CARTESIAN_POINT ( 'NONE',  ( 12.82664718204939192, 17.91562500000000924, 5.312971222579391473 ) ) ;
#7096 = ORIENTED_EDGE ( 'NONE', *, *, #2246, .T. ) ;
#7097 = DIRECTION ( 'NONE',  ( 0.000000000000000000, -1.000000000000000000, 0.000000000000000000 ) ) ;
#7098 = CARTESIAN_POINT ( 'NONE',  ( -4.929141392239919206, 14.04687500000001599, -11.89999999999994706 ) ) ;
#7099 = APPROVAL_ROLE ( '' ) ;
#7100 = ADVANCED_FACE ( 'NONE', ( #244 ), #5682, .T. ) ;
#7101 = ORIENTED_EDGE ( 'NONE', *, *, #4740, .T. ) ;
#7102 = EDGE_LOOP ( 'NONE', ( #6728, #8507 ) ) ;
#7103 = DIRECTION ( 'NONE',  ( 0.000000000000000000, -0.4999999999999997224, 0.8660254037844387076 ) ) ;
#7104 = CARTESIAN_POINT ( 'NONE',  ( -14.29000000000000625, -1.579449879826765324, -4.184373678248400452 ) ) ;
#7105 = FACE_OUTER_BOUND ( 'NONE', #8340, .T. ) ;
#7106 = CARTESIAN_POINT ( 'NONE',  ( -6.479832041109384377, 17.04989497672415411, -10.87077094898494600 ) ) ;
#7107 = CARTESIAN_POINT ( 'NONE',  ( -8.414570696119973547, 19.00625000000000497, -8.414570696119856308 ) ) ;
#7108 = ORIENTED_EDGE ( 'NONE', *, *, #1587, .F. ) ;
#7109 = CARTESIAN_POINT ( 'NONE',  ( 4.884525182647611707, -16.31552715405928566, -13.68058876437439508 ) ) ;
#7110 = CIRCLE ( 'NONE', #1080, 6.350000000000000533 ) ;
#7111 = CARTESIAN_POINT ( 'NONE',  ( 12.69999999999996909, 15.52811978464833231, -9.023892744153249136E-14 ) ) ;
#7112 = ADVANCED_FACE ( 'NONE', ( #902, #4324 ), #8441, .F. ) ;
#7113 = VECTOR ( 'NONE', #7789, 1000.000000000000000 ) ;
#7114 = ORIENTED_EDGE ( 'NONE', *, *, #7236, .F. ) ;
#7115 = CLOSED_SHELL ( 'NONE', ( #402, #3480, #6192, #4774, #7530, #5782, #4639, #1695, #8143, #6832, #5711, #8605, #8083, #3721, #6970, #2755, #4384, #7970, #4888, #8130, #5935, #113, #3836, #1541, #2098, #407, #108, #7046, #1048, #4083, #7230, #8098, #4463, #4222, #1070, #5767, #8634, #2825, #3147, #986, #1403, #7441, #8650, #4034, #2860, #360 ) ) ;
#7116 = FACE_OUTER_BOUND ( 'NONE', #5919, .T. ) ;
#7117 = EDGE_CURVE ( 'NONE', #3422, #1468, #7671, .T. ) ;
#7118 = DIRECTION ( 'NONE',  ( -0.7071067811865463515, -0.7071067811865487940, -0.000000000000000000 ) ) ;
#7119 = ORIENTED_EDGE ( 'NONE', *, *, #8532, .F. ) ;
#7120 = DIRECTION ( 'NONE',  ( 0.000000000000000000, -1.000000000000000000, 0.000000000000000000 ) ) ;
#7121 =( LENGTH_UNIT ( ) NAMED_UNIT ( * ) SI_UNIT ( .MILLI., .METRE. ) );
#7122 = EDGE_CURVE ( 'NONE', #2708, #7941, #8313, .T. ) ;
#7123 = CC_DESIGN_PERSON_AND_ORGANIZATION_ASSIGNMENT ( #8353, #4462, ( #5492 ) ) ;
#7124 = DIRECTION ( 'NONE',  ( -8.775090700452169195E-16, -1.000000000000000000, -0.000000000000000000 ) ) ;
#7125 = ORIENTED_EDGE ( 'NONE', *, *, #451, .T. ) ;
#7126 = CARTESIAN_POINT ( 'NONE',  ( -12.19803410270981381, 11.29295862123787231, -1.575255297039793279 ) ) ;
#7127 = FACE_OUTER_BOUND ( 'NONE', #5964, .T. ) ;
#7128 = EDGE_LOOP ( 'NONE', ( #2146, #2844, #4751, #5979 ) ) ;
#7129 = CARTESIAN_POINT ( 'NONE',  ( -6.710680523104182171, -1.252722911093996583, -12.62625748697972483 ) ) ;
#7130 = EDGE_CURVE ( 'NONE', #3923, #1220, #5082, .T. ) ;
#7131 = CARTESIAN_POINT ( 'NONE',  ( 0.000000000000000000, 0.000000000000000000, 13.00000000000000000 ) ) ;
#7132 = SECURITY_CLASSIFICATION_LEVEL ( 'unclassified' ) ;
#7133 = B_SPLINE_CURVE_WITH_KNOTS ( 'NONE', 3,
 ( #5838, #3968, #5103, #8520, #6545, #4489 ),
 .UNSPECIFIED., .F., .F.,
 ( 4, 2, 4 ),
 ( 2.309401076763871681E-07, 0.002749861597123267210, 0.005499492254138857450 ),
 .UNSPECIFIED. ) ;
#7134 = LINE ( 'NONE', #1121, #2328 ) ;
#7135 = CIRCLE ( 'NONE', #964, 2.500000000000000444 ) ;
#7136 = CARTESIAN_POINT ( 'NONE',  ( 44.00000000000000000, 0.000000000000000000, 0.000000000000000000 ) ) ;
#7137 = CARTESIAN_POINT ( 'NONE',  ( 5.312971222579579766, 17.75687500000001151, 12.82664718204931198 ) ) ;
#7138 = DIRECTION ( 'NONE',  ( 1.000000000000000000, -8.896017825522095502E-16, 0.000000000000000000 ) ) ;
#7139 = CARTESIAN_POINT ( 'NONE',  ( 5.312971222579579766, 16.48687500000001194, 12.82664718204931198 ) ) ;
#7140 = ORIENTED_EDGE ( 'NONE', *, *, #5071, .T. ) ;
#7141 = CARTESIAN_POINT ( 'NONE',  ( 1.522235584190014229E-30, 13.71446665693449951, -2.050000000000001155 ) ) ;
#7142 = LINE ( 'NONE', #2329, #569 ) ;
#7143 = PERSON_AND_ORGANIZATION ( #129, #430 ) ;
#7144 = EDGE_LOOP ( 'NONE', ( #1457, #1908, #8513 ) ) ;
#7145 = ORIENTED_EDGE ( 'NONE', *, *, #6425, .T. ) ;
#7146 = CARTESIAN_POINT ( 'NONE',  ( 8.414570696119978876, 13.29125000000001400, 8.414570696119850979 ) ) ;
#7147 = CARTESIAN_POINT ( 'NONE',  ( 34.40000000000000568, -5.499261314031186565, 9.525000000000002132 ) ) ;
#7148 = AXIS2_PLACEMENT_3D ( 'NONE', #6651, #6038, #5201 ) ;
#7149 = LINE ( 'NONE', #3036, #2105 ) ;
#7150 = PLANE ( 'NONE',  #5819 ) ;
#7151 = CARTESIAN_POINT ( 'NONE',  ( 8.528325040094458741E-14, 19.48250000000000171, 11.89999999999999858 ) ) ;
#7152 = ORIENTED_EDGE ( 'NONE', *, *, #2389, .T. ) ;
#7153 = DIRECTION ( 'NONE',  ( 0.000000000000000000, 0.000000000000000000, 1.000000000000000000 ) ) ;
#7154 = CARTESIAN_POINT ( 'NONE',  ( 13.44999999999999929, 8.899999999999993250, 12.94999999999999218 ) ) ;
#7155 = APPROVAL_PERSON_ORGANIZATION ( #966, #4672, #3043 ) ;
#7156 = AXIS2_PLACEMENT_3D ( 'NONE', #2979, #1795, #5644 ) ;
#7157 =( BOUNDED_CURVE ( )  B_SPLINE_CURVE ( 2, ( #2375, #8463, #5091, #1841, #7730, #6368, #7196, #8421, #4391 ),
 .UNSPECIFIED., .F., .T. ) 
 B_SPLINE_CURVE_WITH_KNOTS ( ( 3, 2, 2, 2, 3 ),
 ( 0.3750000000000000000, 0.3906250000000000000, 0.4062500000000000555, 0.4218750000000001110, 0.4375000000000001110 ),
 .UNSPECIFIED. ) 
 CURVE ( )  GEOMETRIC_REPRESENTATION_ITEM ( )  RATIONAL_B_SPLINE_CURVE ( ( 1.000000000000000000, 0.9238795325112867385, 1.000000000000000000, 0.9238795325112867385, 1.000000000000000000, 0.9238795325112867385, 1.000000000000000000, 0.9238795325112861834, 1.000000000000000444 ) ) 
 REPRESENTATION_ITEM ( '' )  );
#7158 = ORIENTED_EDGE ( 'NONE', *, *, #7345, .F. ) ;
#7159 = B_SPLINE_CURVE_WITH_KNOTS ( 'NONE', 3,
 ( #4077, #6919, #242, #817, #3460, #4778 ),
 .UNSPECIFIED., .F., .F.,
 ( 4, 2, 4 ),
 ( 0.005499492254138857450, 0.008249122911154453328, 0.01099875356817004921 ),
 .UNSPECIFIED. ) ;
#7160 = CARTESIAN_POINT ( 'NONE',  ( -12.94999999999999218, 8.900000000000016342, -13.44999999999999929 ) ) ;
#7161 = LOCAL_TIME ( 22, 24, 23.00000000000000000, #2709 ) ;
#7162 = ADVANCED_FACE ( 'NONE', ( #1782 ), #8168, .F. ) ;
#7163 = FACE_OUTER_BOUND ( 'NONE', #7772, .T. ) ;
#7164 = AXIS2_PLACEMENT_3D ( 'NONE', #4038, #1216, #1169 ) ;
#7165 = CARTESIAN_POINT ( 'NONE',  ( 1.026685611952905444E-14, 11.70000000000001883, 0.000000000000000000 ) ) ;
#7166 = DIRECTION ( 'NONE',  ( 0.000000000000000000, -0.8660254037844388186, -0.4999999999999997780 ) ) ;
#7167 = DIRECTION ( 'NONE',  ( -1.000000000000000000, -6.063968574257173482E-47, 6.835110704188902610E-33 ) ) ;
#7168 = CC_DESIGN_APPROVAL ( #7995, ( #3244 ) ) ;
#7169 = EDGE_CURVE ( 'NONE', #7724, #2409, #2857, .T. ) ;
#7170 = FACE_OUTER_BOUND ( 'NONE', #2824, .T. ) ;
#7171 = FACE_OUTER_BOUND ( 'NONE', #7444, .T. ) ;
#7172 = ORIENTED_EDGE ( 'NONE', *, *, #6583, .F. ) ;
#7173 = EDGE_CURVE ( 'NONE', #3669, #3069, #53, .T. ) ;
#7174 = CARTESIAN_POINT ( 'NONE',  ( 12.56412585201709753, 5.311121375574509409E-16, -9.246769250645094473 ) ) ;
#7175 = EDGE_LOOP ( 'NONE', ( #4128, #3219, #155, #5279 ) ) ;
#7176 = CARTESIAN_POINT ( 'NONE',  ( -14.28999999999999737, -15.69047268157663666, 6.257467538869061485 ) ) ;
#7177 = LINE ( 'NONE', #1253, #3662 ) ;
#7178 = AXIS2_PLACEMENT_3D ( 'NONE', #6153, #2830, #2913 ) ;
#7179 = ADVANCED_FACE ( 'NONE', ( #5723 ), #7745, .T. ) ;
#7180 = DIRECTION ( 'NONE',  ( 0.000000000000000000, -1.000000000000000000, 0.000000000000000000 ) ) ;
#7181 = DIRECTION ( 'NONE',  ( 0.000000000000000000, 0.000000000000000000, -1.000000000000000000 ) ) ;
#7182 = CARTESIAN_POINT ( 'NONE',  ( -12.82664718204935106, 14.82000000000001450, 8.956799855210031952E-14 ) ) ;
#7183 = LINE ( 'NONE', #7841, #7919 ) ;
#7184 = CARTESIAN_POINT ( 'NONE',  ( -5.312971222579396802, 16.32812500000001066, 12.82664718204939014 ) ) ;
#7185 = ORIENTED_EDGE ( 'NONE', *, *, #4174, .T. ) ;
#7186 = DIRECTION ( 'NONE',  ( 1.000000000000000000, -8.775090700452170181E-16, 0.000000000000000000 ) ) ;
#7187 = DIRECTION ( 'NONE',  ( -1.000000000000000000, 0.000000000000000000, 4.205219310670844307E-16 ) ) ;
#7188 = PERSON_AND_ORGANIZATION_ROLE ( 'creator' ) ;
#7189 = CONICAL_SURFACE ( 'NONE', #6772, 11.00000000000000000, 1.308996938995746762 ) ;
#7190 = ORIENTED_EDGE ( 'NONE', *, *, #3478, .T. ) ;
#7191 = VERTEX_POINT ( 'NONE', #1076 ) ;
#7192 = CARTESIAN_POINT ( 'NONE',  ( 1.209951936996610228E-13, 13.13250000000001627, 11.89999999999999858 ) ) ;
#7193 = DIRECTION ( 'NONE',  ( 0.000000000000000000, 0.000000000000000000, 1.000000000000000000 ) ) ;
#7194 = EDGE_CURVE ( 'NONE', #5025, #7549, #6486, .T. ) ;
#7195 = DIRECTION ( 'NONE',  ( -1.000000000000000000, 0.000000000000000000, -0.000000000000000000 ) ) ;
#7196 = CARTESIAN_POINT ( 'NONE',  ( 8.980256121069192687, 15.22313021535169320, 8.980256121069064790 ) ) ;
#7197 = FACE_OUTER_BOUND ( 'NONE', #6601, .T. ) ;
#7198 = VERTEX_POINT ( 'NONE', #4589 ) ;
#7199 = CYLINDRICAL_SURFACE ( 'NONE', #6653, 8.600000000000001421 ) ;
#7200 = CYLINDRICAL_SURFACE ( 'NONE', #3757, 2.500000000000000444 ) ;
#7201 = ORIENTED_EDGE ( 'NONE', *, *, #4327, .T. ) ;
#7202 = ORIENTED_EDGE ( 'NONE', *, *, #3491, .T. ) ;
#7203 = ORIENTED_EDGE ( 'NONE', *, *, #1915, .F. ) ;
#7204 = EDGE_CURVE ( 'NONE', #5409, #243, #4544, .T. ) ;
#7205 = CARTESIAN_POINT ( 'NONE',  ( 0.000000000000000000, -8.248891971046779403, -4.762499999999999289 ) ) ;
#7206 = ORIENTED_EDGE ( 'NONE', *, *, #1487, .F. ) ;
#7207 = CARTESIAN_POINT ( 'NONE',  ( 7.349999999999999645, -3.084843528204037854E-15, 0.000000000000000000 ) ) ;
#7208 = ORIENTED_EDGE ( 'NONE', *, *, #5073, .T. ) ;
#7209 = CARTESIAN_POINT ( 'NONE',  ( 11.89999999999999858, 17.46000000000000796, -8.455458555545188678E-14 ) ) ;
#7210 = EDGE_LOOP ( 'NONE', ( #2587, #1500, #491 ) ) ;
#7211 = CARTESIAN_POINT ( 'NONE',  ( -6.999999999999999112, 0.000000000000000000, 0.000000000000000000 ) ) ;
#7212 = VECTOR ( 'NONE', #1521, 1000.000000000000114 ) ;
#7213 = VERTEX_POINT ( 'NONE', #7225 ) ;
#7214 = B_SPLINE_CURVE_WITH_KNOTS ( 'NONE', 3,
 ( #7432, #4575, #5324, #6022, #6635, #1944 ),
 .UNSPECIFIED., .F., .F.,
 ( 4, 2, 4 ),
 ( 2.309401076763871681E-07, 0.002749861597123267644, 0.005499492254138860919 ),
 .UNSPECIFIED. ) ;
#7215 = DATE_AND_TIME ( #4537, #283 ) ;
#7216 = CIRCLE ( 'NONE', #3008, 20.24999999999999645 ) ;
#7217 = CIRCLE ( 'NONE', #774, 8.099999999999999645 ) ;
#7218 = ADVANCED_FACE ( 'NONE', ( #6473 ), #4944, .F. ) ;
#7219 = CARTESIAN_POINT ( 'NONE',  ( 41.30693079519157607, 0.000000000000000000, 0.000000000000000000 ) ) ;
#7220 = EDGE_LOOP ( 'NONE', ( #7942, #7356 ) ) ;
#7221 = FACE_OUTER_BOUND ( 'NONE', #8517, .T. ) ;
#7222 = AXIS2_PLACEMENT_3D ( 'NONE', #5094, #5703, #2991 ) ;
#7223 = DIRECTION ( 'NONE',  ( 0.000000000000000000, 0.000000000000000000, 1.000000000000000000 ) ) ;
#7224 = ORIENTED_EDGE ( 'NONE', *, *, #2686, .F. ) ;
#7225 = CARTESIAN_POINT ( 'NONE',  ( -15.22582127265071783, 33.79999999999998295, -5.061373325877829288 ) ) ;
#7226 = DIRECTION ( 'NONE',  ( 1.000000000000000000, -9.376883653928700429E-16, 0.000000000000000000 ) ) ;
#7227 = ADVANCED_FACE ( 'NONE', ( #3800 ), #7189, .T. ) ;
#7228 = CIRCLE ( 'NONE', #8208, 15.59999999999999964 ) ;
#7229 = VECTOR ( 'NONE', #6001, 1000.000000000000000 ) ;
#7230 = ADVANCED_FACE ( 'NONE', ( #2483 ), #602, .F. ) ;
#7231 = AXIS2_PLACEMENT_3D ( 'NONE', #1673, #6692, #3361 ) ;
#7232 = PLANE ( 'NONE',  #7081 ) ;
#7233 = FACE_OUTER_BOUND ( 'NONE', #5237, .T. ) ;
#7234 = CARTESIAN_POINT ( 'NONE',  ( -12.82664718204939014, 14.74062500000001386, -5.312971222579394137 ) ) ;
#7235 = FACE_OUTER_BOUND ( 'NONE', #5426, .T. ) ;
#7236 = EDGE_CURVE ( 'NONE', #841, #829, #7886, .T. ) ;
#7237 = CARTESIAN_POINT ( 'NONE',  ( 5.299999999999998934, 0.000000000000000000, 0.000000000000000000 ) ) ;
#7238 = ORIENTED_EDGE ( 'NONE', *, *, #6630, .T. ) ;
#7239 = CARTESIAN_POINT ( 'NONE',  ( 0.000000000000000000, 0.000000000000000000, 0.000000000000000000 ) ) ;
#7240 = CARTESIAN_POINT ( 'NONE',  ( -12.69999999999996732, 13.47688021535169689, 8.868362600661530955E-14 ) ) ;
#7241 = AXIS2_PLACEMENT_3D ( 'NONE', #8643, #6103, #6672 ) ;
#7242 = PERSON_AND_ORGANIZATION ( #129, #430 ) ;
#7243 = ORIENTED_EDGE ( 'NONE', *, *, #2416, .F. ) ;
#7244 = ORIENTED_EDGE ( 'NONE', *, *, #1915, .T. ) ;
#7245 = PLANE ( 'NONE',  #2743 ) ;
#7246 = EDGE_CURVE ( 'NONE', #2712, #8155, #4683, .T. ) ;
#7247 = CC_DESIGN_PERSON_AND_ORGANIZATION_ASSIGNMENT ( #4126, #5561, ( #288 ) ) ;
#7248 = DIRECTION ( 'NONE',  ( 8.775090700452169195E-16, 1.000000000000000000, 0.000000000000000000 ) ) ;
#7249 = CARTESIAN_POINT ( 'NONE',  ( 4.999999999999997335, 0.000000000000000000, 0.000000000000000000 ) ) ;
#7250 = CARTESIAN_POINT ( 'NONE',  ( 8.528325040094458741E-14, 15.67250000000001364, 11.89999999999999858 ) ) ;
#7251 = EDGE_LOOP ( 'NONE', ( #2780, #2425, #1508, #1290, #6849, #3195, #1005 ) ) ;
#7252 = CARTESIAN_POINT ( 'NONE',  ( 12.70000000000002238, 15.44874478464833523, 5.260512242138188910 ) ) ;
#7253 = DIRECTION ( 'NONE',  ( 0.000000000000000000, 0.000000000000000000, -1.000000000000000000 ) ) ;
#7254 = PERSON ( 'NAUO-PER6', 'UNSPECIFIED', 'UNSPECIFIED', ('UNSPECIFIED'), ('UNSPECIFIED'), ('UNSPECIFIED') ) ;
#7255 = ORIENTED_EDGE ( 'NONE', *, *, #8518, .T. ) ;
#7256 = ORIENTED_EDGE ( 'NONE', *, *, #684, .T. ) ;
#7257 = ORIENTED_EDGE ( 'NONE', *, *, #5200, .F. ) ;
#7258 = CIRCLE ( 'NONE', #4181, 2.300000000000001599 ) ;
#7259 = CARTESIAN_POINT ( 'NONE',  ( 15.22582127265072316, 33.79999999999998295, 7.561373325877829288 ) ) ;
#7260 = ORIENTED_EDGE ( 'NONE', *, *, #2003, .F. ) ;
#7261 = DIRECTION ( 'NONE',  ( 9.800697604388738773E-17, -1.000000000000000000, 0.000000000000000000 ) ) ;
#7262 = EDGE_LOOP ( 'NONE', ( #2611, #2928, #8154 ) ) ;
#7263 = DIRECTION ( 'NONE',  ( 0.000000000000000000, 0.000000000000000000, 1.000000000000000000 ) ) ;
#7264 = ORIENTED_EDGE ( 'NONE', *, *, #2917, .F. ) ;
#7265 =( NAMED_UNIT ( * ) PLANE_ANGLE_UNIT ( ) SI_UNIT ( $, .RADIAN. ) );
#7266 = VECTOR ( 'NONE', #3490, 1000.000000000000114 ) ;
#7267 = AXIS2_PLACEMENT_3D ( 'NONE', #6535, #7774, #523 ) ;
#7268 = DIRECTION ( 'NONE',  ( -1.000000000000000000, -0.000000000000000000, -0.000000000000000000 ) ) ;
#7269 = VERTEX_POINT ( 'NONE', #3887 ) ;
#7270 = DIRECTION ( 'NONE',  ( 0.000000000000000000, 0.000000000000000000, 1.000000000000000000 ) ) ;
#7271 =( BOUNDED_CURVE ( )  B_SPLINE_CURVE ( 2, ( #7294, #5317, #3427, #702, #1981, #2025, #2690, #3340, #749 ),
 .UNSPECIFIED., .F., .F. ) 
 B_SPLINE_CURVE_WITH_KNOTS ( ( 3, 2, 2, 2, 3 ),
 ( 0.7812500000000000000, 0.7968750000000000000, 0.8125000000000000000, 0.8281250000000000000, 0.8437500000000000000 ),
 .UNSPECIFIED. ) 
 CURVE ( )  GEOMETRIC_REPRESENTATION_ITEM ( )  RATIONAL_B_SPLINE_CURVE ( ( 1.000000000000000000, 0.9238795325112867385, 1.000000000000000000, 0.9238795325112867385, 1.000000000000000000, 0.9238795325112867385, 1.000000000000000000, 0.9238795325112867385, 1.000000000000000000 ) ) 
 REPRESENTATION_ITEM ( '' )  );
#7272 = PLANE ( 'NONE',  #4409 ) ;
#7273 = ORIENTED_EDGE ( 'NONE', *, *, #421, .T. ) ;
#7274 = DIRECTION ( 'NONE',  ( 0.000000000000000000, 1.000000000000000000, 0.000000000000000000 ) ) ;
#7275 = CARTESIAN_POINT ( 'NONE',  ( 41.30693079519157607, 0.000000000000000000, 0.000000000000000000 ) ) ;
#7276 = CARTESIAN_POINT ( 'NONE',  ( 40.99999999999999289, 0.000000000000000000, 2.300000000000001155 ) ) ;
#7277 = CARTESIAN_POINT ( 'NONE',  ( -14.29000000000000803, -15.92822258487681886, -5.230854042680644689 ) ) ;
#7278 = CARTESIAN_POINT ( 'NONE',  ( -9.069809202314482732, 18.47125000000000838, -9.069809202314353058 ) ) ;
#7279 = DIRECTION ( 'NONE',  ( -1.000000000000000000, -0.000000000000000000, -0.000000000000000000 ) ) ;
#7280 = ADVANCED_FACE ( 'NONE', ( #1203 ), #8622, .F. ) ;
#7281 = FACE_BOUND ( 'NONE', #3348, .T. ) ;
#7282 = VERTEX_POINT ( 'NONE', #3273 ) ;
#7283 = DIRECTION ( 'NONE',  ( 1.000000000000000000, -0.000000000000000000, -0.000000000000000000 ) ) ;
#7284 = EDGE_CURVE ( 'NONE', #243, #8042, #4416, .T. ) ;
#7285 = CARTESIAN_POINT ( 'NONE',  ( 0.000000000000000000, 1.500000000000000000, 0.000000000000000000 ) ) ;
#7286 = COORDINATED_UNIVERSAL_TIME_OFFSET ( 8, 0, .AHEAD. ) ;
#7287 = VECTOR ( 'NONE', #561, 1000.000000000000000 ) ;
#7288 = VERTEX_POINT ( 'NONE', #2667 ) ;
#7289 = ORIENTED_EDGE ( 'NONE', *, *, #5339, .T. ) ;
#7290 = DIRECTION ( 'NONE',  ( 0.000000000000000000, 0.000000000000000000, -1.000000000000000000 ) ) ;
#7291 = DIRECTION ( 'NONE',  ( -8.775090700452169195E-16, -1.000000000000000000, 0.000000000000000000 ) ) ;
#7292 = CIRCLE ( 'NONE', #7836, 3.000000000000009770 ) ;
#7293 = DIRECTION ( 'NONE',  ( -0.000000000000000000, 1.000000000000000000, 1.224646799147353207E-16 ) ) ;
#7294 = CARTESIAN_POINT ( 'NONE',  ( -8.017523061292044283E-14, 12.69750000000001577, -11.89999999999999858 ) ) ;
#7295 = CARTESIAN_POINT ( 'NONE',  ( 4.929141392239747788, 16.22812500000000924, -11.90000000000003233 ) ) ;
#7296 = VERTEX_POINT ( 'NONE', #6606 ) ;
#7297 = CARTESIAN_POINT ( 'NONE',  ( -8.308988999489114440E-14, 11.22750000000002046, -11.89999999999999858 ) ) ;
#7298 = CARTESIAN_POINT ( 'NONE',  ( 0.000000000000000000, 0.000000000000000000, 0.000000000000000000 ) ) ;
#7299 = AXIS2_PLACEMENT_3D ( 'NONE', #1964, #5898, #8533 ) ;
#7300 = B_SPLINE_CURVE_WITH_KNOTS ( 'NONE', 3,
 ( #5628, #2069, #2732, #1645, #4744, #6874, #2265, #6991, #324, #8346, #3580, #6915, #5017, #1024, #7703, #1687, #4937, #2889 ),
 .UNSPECIFIED., .F., .F.,
 ( 4, 2, 2, 2, 2, 2, 2, 2, 4 ),
 ( 1.984870226103156898E-07, 0.0003927645013514735020, 0.0007853305156803367477, 0.001177896530009199397, 0.001570462544338062155, 0.002355594572995788321, 0.002748160587324651946, 0.002944443594489083542, 0.003140726601653515138 ),
 .UNSPECIFIED. ) ;
#7301 = VERTEX_POINT ( 'NONE', #6649 ) ;
#7302 = CARTESIAN_POINT ( 'NONE',  ( 2.940209281316652570E-17, -17.69999999999999929, 0.000000000000000000 ) ) ;
#7303 = ADVANCED_FACE ( 'NONE', ( #637 ), #3232, .F. ) ;
#7304 = LINE ( 'NONE', #3395, #315 ) ;
#7305 = ORIENTED_EDGE ( 'NONE', *, *, #1317, .T. ) ;
#7306 = CARTESIAN_POINT ( 'NONE',  ( 11.89999999999999858, 12.38000000000001855, -8.455458555545188678E-14 ) ) ;
#7307 = DIRECTION ( 'NONE',  ( -0.000000000000000000, -1.000000000000000000, -0.000000000000000000 ) ) ;
#7308 = DIRECTION ( 'NONE',  ( 0.000000000000000000, 0.000000000000000000, 1.000000000000000000 ) ) ;
#7309 = CIRCLE ( 'NONE', #8004, 3.000000000000009770 ) ;
#7310 = ORIENTED_EDGE ( 'NONE', *, *, #6906, .F. ) ;
#7311 = DIRECTION ( 'NONE',  ( 1.000000000000000000, 0.000000000000000000, 0.000000000000000000 ) ) ;
#7312 = APPROVAL_PERSON_ORGANIZATION ( #3487, #303, #5418 ) ;
#7313 = VECTOR ( 'NONE', #5894, 1000.000000000000000 ) ;
#7314 = DIRECTION ( 'NONE',  ( 0.000000000000000000, 0.000000000000000000, 1.000000000000000000 ) ) ;
#7315 = ORIENTED_EDGE ( 'NONE', *, *, #7074, .T. ) ;
#7316 = B_SPLINE_CURVE_WITH_KNOTS ( 'NONE', 3,
 ( #4063, #6032, #6734, #723, #8094, #4314, #1599, #3572, #930, #2997, #7696, #4968, #4155, #1640, #7659, #2920, #6864, #6335, #4851, #6909, #2173, #5584, #848, #890, #807, #2299, #7534, #6987 ),
 .UNSPECIFIED., .F., .F.,
 ( 4, 2, 2, 2, 2, 2, 2, 2, 2, 2, 2, 2, 2, 4 ),
 ( 4.970429286106088222E-16, 0.001291250424517672831, 0.002582500849034848663, 0.005165001698069200328, 0.006456252122586377679, 0.007747502547103554162, 0.01033000339613790973, 0.01162125382065508708, 0.01291250424517226617, 0.01420375466968944352, 0.01549500509420662087, 0.01807750594324097557, 0.01936875636775815465, 0.02066000679227533374 ),
 .UNSPECIFIED. ) ;
#7317 = DIRECTION ( 'NONE',  ( 0.000000000000000000, 0.000000000000000000, -1.000000000000000000 ) ) ;
#7318 = FACE_OUTER_BOUND ( 'NONE', #3586, .T. ) ;
#7319 = ORIENTED_EDGE ( 'NONE', *, *, #2639, .F. ) ;
#7320 = LOCAL_TIME ( 22, 24, 23.00000000000000000, #4825 ) ;
#7321 = DIRECTION ( 'NONE',  ( -1.000000000000000000, -0.000000000000000000, -0.000000000000000000 ) ) ;
#7322 = AXIS2_PLACEMENT_3D ( 'NONE', #3933, #7321, #5997 ) ;
#7323 = CARTESIAN_POINT ( 'NONE',  ( 0.000000000000000000, 1.347111479062088405E-15, -11.00000000000000000 ) ) ;
#7324 = CARTESIAN_POINT ( 'NONE',  ( -14.29000000000000270, -16.44668299636732911, -1.050702047291433239 ) ) ;
#7325 = CARTESIAN_POINT ( 'NONE',  ( -9.035340417286477571E-14, 14.50250000000001549, -12.82664718204935106 ) ) ;
#7326 = DIRECTION ( 'NONE',  ( -1.000000000000000000, -0.000000000000000000, -0.000000000000000000 ) ) ;
#7327 = CARTESIAN_POINT ( 'NONE',  ( 9.069809202314482732, 12.75625000000001741, 9.069809202314353058 ) ) ;
#7328 = ORIENTED_EDGE ( 'NONE', *, *, #1851, .T. ) ;
#7329 = CARTESIAN_POINT ( 'NONE',  ( 6.710680523104184836, -1.252722911093999469, 12.62625748697973016 ) ) ;
#7330 = CARTESIAN_POINT ( 'NONE',  ( 9.000000000000001776, -1.199999999999999734, -9.000000000000000000 ) ) ;
#7331 = CALENDAR_DATE ( 2025, 13, 3 ) ;
#7332 = ORIENTED_EDGE ( 'NONE', *, *, #7763, .F. ) ;
#7333 = EDGE_CURVE ( 'NONE', #7779, #5409, #1316, .T. ) ;
#7334 = EDGE_LOOP ( 'NONE', ( #4718, #5404, #1951, #7843 ) ) ;
#7335 = LINE ( 'NONE', #3204, #6797 ) ;
#7336 = DIRECTION ( 'NONE',  ( 0.000000000000000000, -0.000000000000000000, -1.000000000000000000 ) ) ;
#7337 = LINE ( 'NONE', #3997, #7287 ) ;
#7338 = FACE_BOUND ( 'NONE', #6189, .T. ) ;
#7339 = CARTESIAN_POINT ( 'NONE',  ( 8.414570696119975324, 15.83125000000001137, 8.414570696119856308 ) ) ;
#7340 = VERTEX_POINT ( 'NONE', #7176 ) ;
#7341 = CARTESIAN_POINT ( 'NONE',  ( 40.20000000000001705, 3.888253587292852491E-16, -3.175000000000004707 ) ) ;
#7342 = LINE ( 'NONE', #7387, #7470 ) ;
#7343 = AXIS2_PLACEMENT_3D ( 'NONE', #7489, #7363, #4856 ) ;
#7344 = ORIENTED_EDGE ( 'NONE', *, *, #4740, .F. ) ;
#7345 = EDGE_CURVE ( 'NONE', #1895, #3121, #1556, .T. ) ;
#7346 = FACE_OUTER_BOUND ( 'NONE', #8565, .T. ) ;
#7347 = CARTESIAN_POINT ( 'NONE',  ( 8.414570696119973547, 15.83125000000001137, 8.414570696119856308 ) ) ;
#7348 = ORIENTED_EDGE ( 'NONE', *, *, #6249, .T. ) ;
#7349 = CARTESIAN_POINT ( 'NONE',  ( 4.929141392239747788, 12.61812500000001691, -11.90000000000003233 ) ) ;
#7350 = EDGE_CURVE ( 'NONE', #2965, #8223, #3270, .T. ) ;
#7351 = CARTESIAN_POINT ( 'NONE',  ( 0.000000000000000000, 1.500000000000000000, 0.000000000000000000 ) ) ;
#7352 = CARTESIAN_POINT ( 'NONE',  ( -11.67190269737710295, -15.92906487933676907, 9.761894529153719802 ) ) ;
#7353 = VERTEX_POINT ( 'NONE', #7537 ) ;
#7354 =( LENGTH_UNIT ( ) NAMED_UNIT ( * ) SI_UNIT ( .MILLI., .METRE. ) );
#7355 = DIRECTION ( 'NONE',  ( 0.000000000000000000, 0.000000000000000000, 1.000000000000000000 ) ) ;
#7356 = ORIENTED_EDGE ( 'NONE', *, *, #1351, .T. ) ;
#7357 = AXIS2_PLACEMENT_3D ( 'NONE', #5390, #1165, #3850 ) ;
#7358 = EDGE_CURVE ( 'NONE', #1047, #2298, #4117, .T. ) ;
#7359 = LINE ( 'NONE', #4586, #8625 ) ;
#7360 = APPROVAL ( #553, '未指定' ) ;
#7361 = DIRECTION ( 'NONE',  ( 1.000000000000000000, 0.000000000000000000, 0.000000000000000000 ) ) ;
#7362 = ORIENTED_EDGE ( 'NONE', *, *, #6214, .T. ) ;
#7363 = DIRECTION ( 'NONE',  ( -8.775090700452169195E-16, -1.000000000000000000, -0.000000000000000000 ) ) ;
#7364 = LINE ( 'NONE', #4029, #6758 ) ;
#7365 = CARTESIAN_POINT ( 'NONE',  ( 14.00000000000000000, -1.201236941557884519, 0.000000000000000000 ) ) ;
#7366 = CARTESIAN_POINT ( 'NONE',  ( 11.89999999999999858, 20.00000000000000000, -8.455458555545188678E-14 ) ) ;
#7367 = CARTESIAN_POINT ( 'NONE',  ( 12.69999999999996909, 16.79811978464832833, -9.023892744153249136E-14 ) ) ;
#7368 = CARTESIAN_POINT ( 'NONE',  ( -9.035340417286478833E-14, 10.69250000000002387, -12.82664718204935106 ) ) ;
#7370 = VERTEX_POINT ( 'NONE', #682 ) ;
#7369 = CIRCLE ( 'NONE', #8327, 3.174999999999999822 ) ;
#7371 = DIRECTION ( 'NONE',  ( -1.000000000000000000, -0.000000000000000000, -0.000000000000000000 ) ) ;
#7372 = CARTESIAN_POINT ( 'NONE',  ( 5.000000000000000000, 5.499261314031189229, -9.524999999999996803 ) ) ;
#7373 = SHAPE_DEFINITION_REPRESENTATION ( #8100, #5425 ) ;
#7374 = CIRCLE ( 'NONE', #7655, 15.00000000000000000 ) ;
#7375 = EDGE_CURVE ( 'NONE', #2640, #4582, #5511, .T. ) ;
#7376 = EDGE_CURVE ( 'NONE', #4223, #8263, #5785, .T. ) ;
#7377 = ORIENTED_EDGE ( 'NONE', *, *, #4371, .F. ) ;
#7378 = PLANE ( 'NONE',  #5248 ) ;
#7379 = CARTESIAN_POINT ( 'NONE',  ( 2.532823420761158656E-16, 1.042832680730699346, 2.050000000000001155 ) ) ;
#7380 = DIRECTION ( 'NONE',  ( -1.000000000000000000, -0.000000000000000000, -0.000000000000000000 ) ) ;
#7381 = DIRECTION ( 'NONE',  ( 0.000000000000000000, 0.000000000000000000, 1.000000000000000000 ) ) ;
#7382 = CIRCLE ( 'NONE', #3590, 11.89999999999998970 ) ;
#7383 = AXIS2_PLACEMENT_3D ( 'NONE', #6602, #7876, #3140 ) ;
#7384 = CARTESIAN_POINT ( 'NONE',  ( 11.89999999999996483, 13.52937500000001769, -4.929141392239915653 ) ) ;
#7385 = VERTEX_POINT ( 'NONE', #1350 ) ;
#7386 = DIRECTION ( 'NONE',  ( -1.000000000000000000, -0.000000000000000000, -0.000000000000000000 ) ) ;
#7387 = CARTESIAN_POINT ( 'NONE',  ( 11.69999999999999929, 9.400000000000002132, 12.94999999999999218 ) ) ;
#7388 = ORIENTED_EDGE ( 'NONE', *, *, #4538, .F. ) ;
#7389 = ORIENTED_EDGE ( 'NONE', *, *, #1644, .T. ) ;
#7390 = EDGE_LOOP ( 'NONE', ( #4693, #6111, #4169 ) ) ;
#7391 = DIRECTION ( 'NONE',  ( -0.000000000000000000, 1.000000000000000000, -0.000000000000000000 ) ) ;
#7392 = EDGE_CURVE ( 'NONE', #4113, #7649, #1698, .T. ) ;
#7393 = DIRECTION ( 'NONE',  ( 0.000000000000000000, 1.000000000000000000, 0.000000000000000000 ) ) ;
#7394 = ORIENTED_EDGE ( 'NONE', *, *, #3145, .F. ) ;
#7395 = CARTESIAN_POINT ( 'NONE',  ( 11.90000000000003588, 11.03062500000001833, 4.929141392239745123 ) ) ;
#7396 = DIRECTION ( 'NONE',  ( -1.000000000000000000, 9.376883653928698457E-16, 0.000000000000000000 ) ) ;
#7397 = VERTEX_POINT ( 'NONE', #5624 ) ;
#7398 = APPROVAL_ROLE ( '' ) ;
#7399 = EDGE_CURVE ( 'NONE', #766, #1846, #6350, .T. ) ;
#7400 = CARTESIAN_POINT ( 'NONE',  ( -11.89999999999996838, 16.90437500000000526, 4.929141392239906772 ) ) ;
#7401 = VERTEX_POINT ( 'NONE', #7076 ) ;
#7402 = DIRECTION ( 'NONE',  ( 0.000000000000000000, 0.000000000000000000, 1.000000000000000000 ) ) ;
#7403 = ORIENTED_EDGE ( 'NONE', *, *, #2671, .F. ) ;
#7404 = CARTESIAN_POINT ( 'NONE',  ( 9.863250584287868605, 17.50324127492153892, 7.186112824488512629 ) ) ;
#7405 = AXIS2_PLACEMENT_3D ( 'NONE', #8311, #4322, #6996 ) ;
#7406 = DIRECTION ( 'NONE',  ( -0.000000000000000000, -1.000000000000000000, -0.000000000000000000 ) ) ;
#7407 = PRODUCT_DEFINITION_SHAPE ( 'NONE', 'NONE',  #8691 ) ;
#7408 = VECTOR ( 'NONE', #5105, 1000.000000000000114 ) ;
#7409 = CARTESIAN_POINT ( 'NONE',  ( -8.414570696120007298, 13.92625000000001556, -8.414570696119822557 ) ) ;
#7410 = LINE ( 'NONE', #6670, #545 ) ;
#7411 = CARTESIAN_POINT ( 'NONE',  ( -8.414570696119973547, 19.20625000000000426, -8.414570696119856308 ) ) ;
#7412 = CARTESIAN_POINT ( 'NONE',  ( 12.69999999999993179, 16.87749478464832720, -5.260512242138386085 ) ) ;
#7413 = ADVANCED_FACE ( 'NONE', ( #2923 ), #322, .F. ) ;
#7414 = DIRECTION ( 'NONE',  ( 1.000000000000000000, -8.775090700452169195E-16, 0.000000000000000000 ) ) ;
#7415 = ORIENTED_EDGE ( 'NONE', *, *, #6122, .T. ) ;
#7416 = CARTESIAN_POINT ( 'NONE',  ( -3.513634653869339264, -1.581081314057900977, 14.47207278019405052 ) ) ;
#7417 = CARTESIAN_POINT ( 'NONE',  ( 11.99999999999999645, 9.400000000000002132, 0.000000000000000000 ) ) ;
#7418 = PERSON_AND_ORGANIZATION_ROLE ( 'classification_officer' ) ;
#7419 = VERTEX_POINT ( 'NONE', #8344 ) ;
#7420 = DIRECTION ( 'NONE',  ( 1.000000000000000000, -8.462065736472224919E-16, 0.000000000000000000 ) ) ;
#7421 = CARTESIAN_POINT ( 'NONE',  ( 0.000000000000000000, 0.000000000000000000, 0.000000000000000000 ) ) ;
#7422 = CARTESIAN_POINT ( 'NONE',  ( -9.000000000000001776, -11.19999999999999929, 9.000000000000000000 ) ) ;
#7423 = DIRECTION ( 'NONE',  ( -1.000000000000000000, -0.000000000000000000, -0.000000000000000000 ) ) ;
#7424 = CARTESIAN_POINT ( 'NONE',  ( 9.000000000000001776, -10.80000000000000604, -6.500000000000000888 ) ) ;
#7425 = CARTESIAN_POINT ( 'NONE',  ( -8.414570696119854532, 16.78375000000001194, 8.414570696119975324 ) ) ;
#7426 = EDGE_LOOP ( 'NONE', ( #7064, #6126, #115, #5152 ) ) ;
#7427 = CARTESIAN_POINT ( 'NONE',  ( 7.579319476895821417, -16.44727708890600226, 12.12474855317953093 ) ) ;
#7428 = DIRECTION ( 'NONE',  ( -0.000000000000000000, -1.000000000000000000, -0.000000000000000000 ) ) ;
#7429 = ORIENTED_EDGE ( 'NONE', *, *, #5132, .T. ) ;
#7430 = AXIS2_PLACEMENT_3D ( 'NONE', #617, #1419, #8601 ) ;
#7431 = ORIENTED_EDGE ( 'NONE', *, *, #2217, .F. ) ;
#7432 = CARTESIAN_POINT ( 'NONE',  ( 4.605170801781708789, -5.499261314031187453, 9.525000000000002132 ) ) ;
#7433 = VECTOR ( 'NONE', #5913, 1000.000000000000000 ) ;
#7434 = DIRECTION ( 'NONE',  ( 0.000000000000000000, 0.000000000000000000, 1.000000000000000000 ) ) ;
#7435 = VERTEX_POINT ( 'NONE', #1602 ) ;
#7436 = CARTESIAN_POINT ( 'NONE',  ( -11.89999999999999858, 13.01500000000001656, 8.309725586446653599E-14 ) ) ;
#7437 = CARTESIAN_POINT ( 'NONE',  ( 14.00000000000000000, 0.000000000000000000, 0.000000000000000000 ) ) ;
#7438 = PERSON_AND_ORGANIZATION ( #129, #430 ) ;
#7439 = ORIENTED_EDGE ( 'NONE', *, *, #1553, .T. ) ;
#7440 = CARTESIAN_POINT ( 'NONE',  ( 4.999999999999997335, 0.000000000000000000, 0.000000000000000000 ) ) ;
#7441 = ADVANCED_FACE ( 'NONE', ( #8304 ), #4895, .T. ) ;
#7442 = DIRECTION ( 'NONE',  ( 0.000000000000000000, 0.000000000000000000, 1.000000000000000000 ) ) ;
#7443 = VECTOR ( 'NONE', #4721, 999.9999999999998863 ) ;
#7444 = EDGE_LOOP ( 'NONE', ( #4304, #931, #4485, #2346, #4562, #3840, #3659, #7506, #2482, #965 ) ) ;
#7445 = CARTESIAN_POINT ( 'NONE',  ( -6.319843205376463047, 17.31415894757227036, 10.65979458644821598 ) ) ;
#7446 = CC_DESIGN_APPROVAL ( #2932, ( #6043 ) ) ;
#7447 = CC_DESIGN_PERSON_AND_ORGANIZATION_ASSIGNMENT ( #8218, #4724, ( #3889 ) ) ;
#7448 = CONICAL_SURFACE ( 'NONE', #4231, 14.20000000000000107, 1.047197551196596521 ) ;
#7449 = EDGE_CURVE ( 'NONE', #6723, #7949, #409, .T. ) ;
#7450 = CARTESIAN_POINT ( 'NONE',  ( 9.564848863492874352E-15, 10.90000000000001101, 0.000000000000000000 ) ) ;
#7451 = LOCAL_TIME ( 22, 24, 23.00000000000000000, #8109 ) ;
#7452 = CARTESIAN_POINT ( 'NONE',  ( 4.929141392239747788, 18.96812500000000057, -11.90000000000003233 ) ) ;
#7453 = CARTESIAN_POINT ( 'NONE',  ( 1.122512155537489559E-13, 16.94250000000000966, 11.89999999999999858 ) ) ;
#7454 = CARTESIAN_POINT ( 'NONE',  ( 34.40000000000000568, 10.99852262806237668, -1.634090867718481472E-15 ) ) ;
#7455 = ORIENTED_EDGE ( 'NONE', *, *, #5236, .F. ) ;
#7456 = CARTESIAN_POINT ( 'NONE',  ( 2.475000000000000089, 3.031000827889698763E-16, 0.000000000000000000 ) ) ;
#7457 = VECTOR ( 'NONE', #2007, 1000.000000000000000 ) ;
#7458 = DIRECTION ( 'NONE',  ( -1.237404653380196553E-16, 1.000000000000000000, 0.000000000000000000 ) ) ;
#7459 = APPROVAL_DATE_TIME ( #3464, #1661 ) ;
#7460 = ORIENTED_EDGE ( 'NONE', *, *, #7284, .F. ) ;
#7461 = VERTEX_POINT ( 'NONE', #2347 ) ;
#7462 = PLANE ( 'NONE',  #3581 ) ;
#7463 = DIRECTION ( 'NONE',  ( 1.000000000000000000, 0.000000000000000000, 0.000000000000000000 ) ) ;
#7464 = DIRECTION ( 'NONE',  ( 0.000000000000000000, 0.000000000000000000, 1.000000000000000000 ) ) ;
#7465 = CARTESIAN_POINT ( 'NONE',  ( 39.70000000000000284, -10.99852262806237313, 3.605651974203355568E-15 ) ) ;
#7466 = ADVANCED_FACE ( 'NONE', ( #892, #3048 ), #7663, .T. ) ;
#7467 = CARTESIAN_POINT ( 'NONE',  ( 11.89999999999996483, 12.25937500000001812, -4.929141392239915653 ) ) ;
#7468 = EDGE_LOOP ( 'NONE', ( #1805, #8486, #4992, #2242 ) ) ;
#7469 = CARTESIAN_POINT ( 'NONE',  ( 8.034646945590152356, -16.43104480127817979, 11.86186511655943399 ) ) ;
#7470 = VECTOR ( 'NONE', #100, 1000.000000000000000 ) ;
#7471 = CARTESIAN_POINT ( 'NONE',  ( -2.475000000000000089, 0.000000000000000000, 0.000000000000000000 ) ) ;
#7472 = AXIS2_PLACEMENT_3D ( 'NONE', #1333, #7393, #6682 ) ;
#7473 = ADVANCED_FACE ( 'NONE', ( #237 ), #3703, .T. ) ;
#7474 = ORIENTED_EDGE ( 'NONE', *, *, #5472, .F. ) ;
#7475 = ORIENTED_EDGE ( 'NONE', *, *, #7246, .T. ) ;
#7476 = VECTOR ( 'NONE', #7283, 1000.000000000000000 ) ;
#7477 = CARTESIAN_POINT ( 'NONE',  ( 13.44999999999999929, 1.010658625831996795E-15, 8.252653961416930528 ) ) ;
#7478 = CARTESIAN_POINT ( 'NONE',  ( -2.050000000000001155, 2.299999999999994493, -2.193834799194117367E-21 ) ) ;
#7479 = VERTEX_POINT ( 'NONE', #6383 ) ;
#7480 = CYLINDRICAL_SURFACE ( 'NONE', #3160, 11.89999999999999858 ) ;
#7481 = APPLICATION_PROTOCOL_DEFINITION ( 'international standard', 'config_control_design', 1994, #7661 ) ;
#7482 = AXIS2_PLACEMENT_3D ( 'NONE', #1069, #6423, #8433 ) ;
#7483 = ADVANCED_FACE ( 'NONE', ( #4971 ), #7741, .F. ) ;
#7484 = VERTEX_POINT ( 'NONE', #7578 ) ;
#7485 = CARTESIAN_POINT ( 'NONE',  ( 17.47810899155977893, 0.000000000000000000, 0.000000000000000000 ) ) ;
#7486 = CARTESIAN_POINT ( 'NONE',  ( 0.000000000000000000, 0.000000000000000000, 0.000000000000000000 ) ) ;
#7487 = B_SPLINE_CURVE_WITH_KNOTS ( 'NONE', 3,
 ( #8419, #7728, #434, #3776, #8502, #8460, #4345, #7104, #2417, #3820 ),
 .UNSPECIFIED., .F., .F.,
 ( 4, 2, 2, 2, 4 ),
 ( 0.01021756386849528159, 0.01335487589392603432, 0.01649218791935678705, 0.01962949994478753804, 0.02276681197021828904 ),
 .UNSPECIFIED. ) ;
#7488 = ORIENTED_EDGE ( 'NONE', *, *, #8619, .F. ) ;
#7489 = CARTESIAN_POINT ( 'NONE',  ( 8.248585258425048924E-15, 9.400000000000012790, 0.000000000000000000 ) ) ;
#7490 = EDGE_CURVE ( 'NONE', #7533, #3969, #1643, .T. ) ;
#7491 = TOROIDAL_SURFACE ( 'NONE', #3700, 3.575000000000000178, 0.3999999999999988565 ) ;
#7492 = FACE_OUTER_BOUND ( 'NONE', #6641, .T. ) ;
#7493 = CARTESIAN_POINT ( 'NONE',  ( -5.312971222579573549, 13.31187500000001478, -12.82664718204931376 ) ) ;
#7494 = ADVANCED_FACE ( 'NONE', ( #6955 ), #3558, .T. ) ;
#7495 = DIRECTION ( 'NONE',  ( -1.000000000000000000, -0.000000000000000000, -0.000000000000000000 ) ) ;
#7496 = VERTEX_POINT ( 'NONE', #8264 ) ;
#7497 = DIRECTION ( 'NONE',  ( 0.000000000000000000, 0.000000000000000000, -1.000000000000000000 ) ) ;
#7498 = CARTESIAN_POINT ( 'NONE',  ( 5.421010862427522170E-17, 4.500576986866525767E-16, -3.675000000000001599 ) ) ;
#7499 = CONTEXT_DEPENDENT_SHAPE_REPRESENTATION ( #1655, #3339 ) ;
#7500 = CIRCLE ( 'NONE', #478, 3.174999999999999822 ) ;
#7501 = CIRCLE ( 'NONE', #2882, 3.399999999999999911 ) ;
#7502 = EDGE_CURVE ( 'NONE', #2160, #8127, #5227, .T. ) ;
#7503 =( BOUNDED_CURVE ( )  B_SPLINE_CURVE ( 2, ( #725, #6163, #1472, #8095, #2049, #4156, #2091, #6827, #4767 ),
 .UNSPECIFIED., .F., .T. ) 
 B_SPLINE_CURVE_WITH_KNOTS ( ( 3, 2, 2, 2, 3 ),
 ( 0.2812500000000001110, 0.2968750000000000555, 0.3125000000000000000, 0.3281249999999999445, 0.3437499999999998890 ),
 .UNSPECIFIED. ) 
 CURVE ( )  GEOMETRIC_REPRESENTATION_ITEM ( )  RATIONAL_B_SPLINE_CURVE ( ( 0.9999999999999994449, 0.9238795325112872936, 1.000000000000000000, 0.9238795325112867385, 1.000000000000000000, 0.9238795325112867385, 1.000000000000000000, 0.9238795325112872936, 0.9999999999999994449 ) ) 
 REPRESENTATION_ITEM ( '' )  );
#7504 = ADVANCED_FACE ( 'NONE', ( #4404, #932 ), #3750, .T. ) ;
#7505 = AXIS2_PLACEMENT_3D ( 'NONE', #8323, #4470, #3157 ) ;
#7506 = ORIENTED_EDGE ( 'NONE', *, *, #6631, .F. ) ;
#7507 = ORIENTED_EDGE ( 'NONE', *, *, #3752, .T. ) ;
#7508 = ADVANCED_FACE ( 'NONE', ( #3617 ), #8588, .T. ) ;
#7509 = CARTESIAN_POINT ( 'NONE',  ( -7.143125246700833810E-14, 16.50750000000000739, -11.89999999999999858 ) ) ;
#7510 = CARTESIAN_POINT ( 'NONE',  ( 0.1723282451885986832, 10.08197907572384722, 1.587500000000001910 ) ) ;
#7511 = CARTESIAN_POINT ( 'NONE',  ( 0.000000000000000000, -15.69047268157664021, 0.000000000000000000 ) ) ;
#7512 = DIRECTION ( 'NONE',  ( 1.000000000000000000, -8.462065736472224919E-16, 0.000000000000000000 ) ) ;
#7513 = CARTESIAN_POINT ( 'NONE',  ( -8.414570696119973547, 11.38625000000001997, -8.414570696119856308 ) ) ;
#7514 = ORIENTED_EDGE ( 'NONE', *, *, #5016, .T. ) ;
#7515 = DIRECTION ( 'NONE',  ( 0.000000000000000000, 0.8660254037844385966, -0.5000000000000003331 ) ) ;
#7516 = CIRCLE ( 'NONE', #2317, 11.00000000000000000 ) ;
#7517 = AXIS2_PLACEMENT_3D ( 'NONE', #1222, #5218, #3247 ) ;
#7518 = DIRECTION ( 'NONE',  ( -1.000000000000000000, -9.800697604388737541E-17, 0.000000000000000000 ) ) ;
#7519 = EDGE_CURVE ( 'NONE', #6668, #7288, #3689, .T. ) ;
#7520 = B_SPLINE_CURVE_WITH_KNOTS ( 'NONE', 3,
 ( #7003, #6967, #292, #946, #7801, #2973, #992, #3109, #1788, #5686, #6353, #4465 ),
 .UNSPECIFIED., .F., .F.,
 ( 4, 2, 2, 2, 2, 4 ),
 ( 2.344180752191477614E-07, 0.003137532069197807808, 0.006274829720320397076, 0.007843478545881688024, 0.009412127371442978105, 0.01254942502256556520 ),
 .UNSPECIFIED. ) ;
#7521 = APPROVAL ( #1667, '未指定' ) ;
#7522 = ORIENTED_EDGE ( 'NONE', *, *, #8391, .F. ) ;
#7523 = AXIS2_PLACEMENT_3D ( 'NONE', #8667, #2576, #3838 ) ;
#7524 = CIRCLE ( 'NONE', #6524, 15.00000000000000000 ) ;
#7525 = CARTESIAN_POINT ( 'NONE',  ( 12.56298917378365410, 11.69207212164473120, 1.975417360509228892 ) ) ;
#7526 = CARTESIAN_POINT ( 'NONE',  ( 9.000000000000001776, -11.19999999999999929, -9.000000000000000000 ) ) ;
#7527 = EDGE_LOOP ( 'NONE', ( #7403, #1383, #7328, #3858, #554, #4967 ) ) ;
#7528 = DIRECTION ( 'NONE',  ( -8.775090700452169195E-16, -1.000000000000000000, -0.000000000000000000 ) ) ;
#7529 = CARTESIAN_POINT ( 'NONE',  ( 14.00000000000000000, 0.000000000000000000, 0.000000000000000000 ) ) ;
#7530 = ADVANCED_FACE ( 'NONE', ( #5188 ), #3934, .T. ) ;
#7531 = PERSON_AND_ORGANIZATION ( #129, #430 ) ;
#7532 = AXIS2_PLACEMENT_3D ( 'NONE', #5443, #1886, #3293 ) ;
#7533 = VERTEX_POINT ( 'NONE', #1192 ) ;
#7534 = CARTESIAN_POINT ( 'NONE',  ( 6.463137557867827176, 17.01641649186031202, -10.92187315930073588 ) ) ;
#7535 = DIRECTION ( 'NONE',  ( -0.000000000000000000, -1.000000000000000000, -0.000000000000000000 ) ) ;
#7536 = ORIENTED_EDGE ( 'NONE', *, *, #5019, .F. ) ;
#7537 = CARTESIAN_POINT ( 'NONE',  ( -0.5000000000000035527, 0.000000000000000000, 3.174999999999999822 ) ) ;
#7538 = CYLINDRICAL_SURFACE ( 'NONE', #708, 21.75000000000000000 ) ;
#7539 = CARTESIAN_POINT ( 'NONE',  ( -14.28999999999999737, -17.69999999999999929, 8.250335346719758434 ) ) ;
#7540 = AXIS2_PLACEMENT_3D ( 'NONE', #1303, #2578, #5941 ) ;
#7541 = CARTESIAN_POINT ( 'NONE',  ( -12.82664718204939014, 12.20062500000001826, -5.312971222579394137 ) ) ;
#7542 = EDGE_CURVE ( 'NONE', #6735, #6719, #1950, .T. ) ;
#7543 = CARTESIAN_POINT ( 'NONE',  ( 10.26249793774846353, 11.70000000000000817, -7.481385973047218307 ) ) ;
#7544 = ORIENTED_EDGE ( 'NONE', *, *, #3486, .T. ) ;
#7545 = DIRECTION ( 'NONE',  ( -0.000000000000000000, -0.000000000000000000, -1.000000000000000000 ) ) ;
#7546 = CARTESIAN_POINT ( 'NONE',  ( -6.999999999999999112, 2.816687638038912056E-16, -2.299999999999999822 ) ) ;
#7547 = COORDINATED_UNIVERSAL_TIME_OFFSET ( 8, 0, .AHEAD. ) ;
#7548 = AXIS2_PLACEMENT_3D ( 'NONE', #8341, #4194, #8177 ) ;
#7549 = VERTEX_POINT ( 'NONE', #7785 ) ;
#7550 = EDGE_CURVE ( 'NONE', #4408, #4112, #1831, .T. ) ;
#7551 = CARTESIAN_POINT ( 'NONE',  ( 4.827671754811403204, -6.415804866369718695, -7.937499999999996447 ) ) ;
#7552 = CARTESIAN_POINT ( 'NONE',  ( 12.23431649762030915, 11.49628517911621195, -2.630224096310723958 ) ) ;
#7553 = EDGE_CURVE ( 'NONE', #8649, #4269, #7133, .T. ) ;
#7554 = DIRECTION ( 'NONE',  ( -0.000000000000000000, 1.000000000000000000, -0.000000000000000000 ) ) ;
#7555 = CYLINDRICAL_SURFACE ( 'NONE', #5278, 8.600000000000001421 ) ;
#7556 = CARTESIAN_POINT ( 'NONE',  ( 12.82664718204931376, 18.07437500000000341, -5.312971222579575326 ) ) ;
#7557 = ORIENTED_EDGE ( 'NONE', *, *, #6149, .T. ) ;
#7558 = CARTESIAN_POINT ( 'NONE',  ( 11.90000000000000568, 17.80000000000000071, 0.000000000000000000 ) ) ;
#7559 = LINE ( 'NONE', #1540, #6283 ) ;
#7560 =( BOUNDED_CURVE ( )  B_SPLINE_CURVE ( 2, ( #5775, #8284, #4951, #2327, #4299, #3638, #951, #6358, #1664 ),
 .UNSPECIFIED., .F., .T. ) 
 B_SPLINE_CURVE_WITH_KNOTS ( ( 3, 2, 2, 2, 3 ),
 ( 0.3437499999999998890, 0.3593749999999999445, 0.3750000000000000000, 0.3906250000000000000, 0.4062500000000000555 ),
 .UNSPECIFIED. ) 
 CURVE ( )  GEOMETRIC_REPRESENTATION_ITEM ( )  RATIONAL_B_SPLINE_CURVE ( ( 1.000000000000000444, 0.9238795325112861834, 1.000000000000000000, 0.9238795325112867385, 1.000000000000000000, 0.9238795325112867385, 1.000000000000000000, 0.9238795325112865164, 1.000000000000000222 ) ) 
 REPRESENTATION_ITEM ( '' )  );
#7561 = EDGE_LOOP ( 'NONE', ( #8569, #3519, #2224, #2570 ) ) ;
#7562 = EDGE_CURVE ( 'NONE', #4378, #5823, #3878, .T. ) ;
#7563 = VERTEX_POINT ( 'NONE', #492 ) ;
#7564 = ORIENTED_EDGE ( 'NONE', *, *, #2433, .F. ) ;
#7565 = CARTESIAN_POINT ( 'NONE',  ( 10.23263610577859417, 11.63061278299894497, 7.415111185708237684 ) ) ;
#7566 = CARTESIAN_POINT ( 'NONE',  ( -11.89999999999996838, 15.43437500000000995, 4.929141392239910324 ) ) ;
#7567 = ORIENTED_EDGE ( 'NONE', *, *, #6693, .F. ) ;
#7568 = CARTESIAN_POINT ( 'NONE',  ( 41.79999999999999716, 0.000000000000000000, 8.200000000000001066 ) ) ;
#7569 = CARTESIAN_POINT ( 'NONE',  ( 0.2720356458796155952, -5.957533090200453962, -8.731249999999995737 ) ) ;
#7570 = CALENDAR_DATE ( 2025, 13, 3 ) ;
#7571 = ORIENTED_EDGE ( 'NONE', *, *, #5322, .F. ) ;
#7572 = EDGE_CURVE ( 'NONE', #6539, #4123, #4626, .T. ) ;
#7573 = AXIS2_PLACEMENT_3D ( 'NONE', #46, #4044, #1934 ) ;
#7574 = CARTESIAN_POINT ( 'NONE',  ( 4.964204979967806075, 1.829091885878042278, -9.524999999999998579 ) ) ;
#7575 = DIRECTION ( 'NONE',  ( 0.000000000000000000, 0.000000000000000000, 1.000000000000000000 ) ) ;
#7576 = CONICAL_SURFACE ( 'NONE', #412, 11.00000000000000000, 1.308996938995746762 ) ;
#7577 = ORIENTED_EDGE ( 'NONE', *, *, #362, .T. ) ;
#7578 = CARTESIAN_POINT ( 'NONE',  ( -11.09999999999997122, 13.71446665693451550, 1.359357947053560184E-15 ) ) ;
#7579 = CARTESIAN_POINT ( 'NONE',  ( 13.99999999999999822, 4.349899922066655192E-16, -3.399999999999999911 ) ) ;
#7580 = VECTOR ( 'NONE', #541, 1000.000000000000000 ) ;
#7581 = EDGE_CURVE ( 'NONE', #4891, #8223, #12, .T. ) ;
#7582 = DIRECTION ( 'NONE',  ( -1.000000000000000000, -0.000000000000000000, -0.000000000000000000 ) ) ;
#7584 = ORIENTED_EDGE ( 'NONE', *, *, #8385, .F. ) ;
#7583 = CARTESIAN_POINT ( 'NONE',  ( -11.89999999999999858, 14.08500000000001506, 9.767055277432003124E-14 ) ) ;
#7585 = CARTESIAN_POINT ( 'NONE',  ( -8.382592070995921138E-14, 17.77750000000000341, -11.89999999999999858 ) ) ;
#7586 = DIRECTION ( 'NONE',  ( -1.000000000000000000, -0.000000000000000000, -0.000000000000000000 ) ) ;
#7587 = ORIENTED_EDGE ( 'NONE', *, *, #319, .T. ) ;
#7588 = CARTESIAN_POINT ( 'NONE',  ( -7.579319476895822305, -1.252722911093999025, 12.12474855317953981 ) ) ;
#7589 = CARTESIAN_POINT ( 'NONE',  ( 15.22582127265072316, 33.79999999999998295, 10.06137332587782929 ) ) ;
#7590 = ITEM_DEFINED_TRANSFORMATION ( 'NONE', 'NONE', #8289,  #5757 ) ;
#7591 = LOCAL_TIME ( 22, 24, 23.00000000000000000, #5820 ) ;
#7592 = FACE_OUTER_BOUND ( 'NONE', #7561, .T. ) ;
#7593 = CONICAL_SURFACE ( 'NONE', #4649, 11.00000000000000000, 1.308996938995746762 ) ;
#7594 = CARTESIAN_POINT ( 'NONE',  ( 0.000000000000000000, 2.816687638038912056E-16, -2.299999999999999822 ) ) ;
#7595 = CARTESIAN_POINT ( 'NONE',  ( 41.80000000000000426, 0.000000000000000000, 8.599999999999999645 ) ) ;
#7596 = CYLINDRICAL_SURFACE ( 'NONE', #793, 2.050000000000001155 ) ;
#7597 = CARTESIAN_POINT ( 'NONE',  ( -11.90000000000003233, 11.46562500000002061, -4.929141392239748676 ) ) ;
#7598 = ORIENTED_EDGE ( 'NONE', *, *, #3794, .T. ) ;
#7599 = CARTESIAN_POINT ( 'NONE',  ( 1.561966144680487038E-14, 17.80000000000001137, 0.000000000000000000 ) ) ;
#7600 = DIRECTION ( 'NONE',  ( 0.000000000000000000, 0.000000000000000000, -1.000000000000000000 ) ) ;
#7601 = DIRECTION ( 'NONE',  ( -0.000000000000000000, -1.000000000000000000, -0.000000000000000000 ) ) ;
#7602 = VERTEX_POINT ( 'NONE', #1902 ) ;
#7603 = CC_DESIGN_APPROVAL ( #6224, ( #7023 ) ) ;
#7604 = CIRCLE ( 'NONE', #5493, 8.099999999999999645 ) ;
#7605 = ORIENTED_EDGE ( 'NONE', *, *, #8219, .F. ) ;
#7606 = ORIENTED_EDGE ( 'NONE', *, *, #6707, .T. ) ;
#7607 = CARTESIAN_POINT ( 'NONE',  ( 5.312947559864515945, -1.322524263830415103, -13.43323898956135665 ) ) ;
#7608 = DIRECTION ( 'NONE',  ( 0.000000000000000000, -1.224646799147352961E-16, 1.000000000000000000 ) ) ;
#7609 = ORIENTED_EDGE ( 'NONE', *, *, #5121, .F. ) ;
#7610 = CYLINDRICAL_SURFACE ( 'NONE', #5263, 2.500000000000000444 ) ;
#7611 = CARTESIAN_POINT ( 'NONE',  ( 0.3948291982182984272, -5.499261314031190118, -9.524999999999996803 ) ) ;
#7612 = CC_DESIGN_PERSON_AND_ORGANIZATION_ASSIGNMENT ( #1016, #4232, ( #2718 ) ) ;
#7613 = VECTOR ( 'NONE', #6774, 1000.000000000000114 ) ;
#7614 = PERSON_AND_ORGANIZATION ( #129, #430 ) ;
#7615 = EDGE_CURVE ( 'NONE', #8432, #605, #4082, .T. ) ;
#7616 = ORIENTED_EDGE ( 'NONE', *, *, #7358, .F. ) ;
#7617 = CYLINDRICAL_SURFACE ( 'NONE', #7548, 3.200000000000000178 ) ;
#7618 = ADVANCED_FACE ( 'NONE', ( #2569 ), #3135, .T. ) ;
#7619 = ORIENTED_EDGE ( 'NONE', *, *, #8345, .T. ) ;
#7620 = DIRECTION ( 'NONE',  ( -1.000000000000000000, -0.000000000000000000, -0.000000000000000000 ) ) ;
#7621 = CIRCLE ( 'NONE', #3972, 0.3999999999999993006 ) ;
#7622 = EDGE_CURVE ( 'NONE', #6547, #6160, #6744, .T. ) ;
#7623 = CC_DESIGN_DATE_AND_TIME_ASSIGNMENT ( #3803, #420, ( #5492 ) ) ;
#7624 = CARTESIAN_POINT ( 'NONE',  ( -13.44999999999999929, 8.900000000000016342, 12.94999999999999218 ) ) ;
#7625 = DIRECTION ( 'NONE',  ( 0.000000000000000000, 0.000000000000000000, -1.000000000000000000 ) ) ;
#7626 = CARTESIAN_POINT ( 'NONE',  ( 8.414570696119975324, 14.76125000000001286, 8.414570696119856308 ) ) ;
#7627 = DIRECTION ( 'NONE',  ( -0.000000000000000000, 1.000000000000000000, -0.000000000000000000 ) ) ;
#7628 = ORIENTED_EDGE ( 'NONE', *, *, #8619, .T. ) ;
#7629 = CARTESIAN_POINT ( 'NONE',  ( 11.89999999999996838, 16.26937500000001080, -4.929141392239910324 ) ) ;
#7630 = FACE_OUTER_BOUND ( 'NONE', #1349, .T. ) ;
#7631 = VECTOR ( 'NONE', #520, 1000.000000000000000 ) ;
#7632 = LINE ( 'NONE', #211, #1347 ) ;
#7633 = CARTESIAN_POINT ( 'NONE',  ( 4.999999999999997335, 8.707163747216046801, -3.968749999999999112 ) ) ;
#7634 = CYLINDRICAL_SURFACE ( 'NONE', #1899, 2.499999999999998668 ) ;
#7635 = CARTESIAN_POINT ( 'NONE',  ( 43.59999999999999432, 0.000000000000000000, 15.00000000000000000 ) ) ;
#7636 = CARTESIAN_POINT ( 'NONE',  ( -12.82664718204939014, 18.55062500000001080, -5.312971222579394137 ) ) ;
#7637 = ORIENTED_EDGE ( 'NONE', *, *, #234, .T. ) ;
#7638 = TOROIDAL_SURFACE ( 'NONE', #1473, 2.700000000000000178, 0.3999999999999988565 ) ;
#7639 = CARTESIAN_POINT ( 'NONE',  ( 9.564848863492874352E-15, 10.90000000000001101, 0.000000000000000000 ) ) ;
#7640 = CARTESIAN_POINT ( 'NONE',  ( 0.000000000000000000, 0.000000000000000000, -9.524999999999996803 ) ) ;
#7641 = CYLINDRICAL_SURFACE ( 'NONE', #2530, 11.89999999999999858 ) ;
#7642 = VECTOR ( 'NONE', #3813, 1000.000000000000000 ) ;
#7643 = EDGE_CURVE ( 'NONE', #7563, #8179, #2956, .T. ) ;
#7644 = VERTEX_POINT ( 'NONE', #1241 ) ;
#7645 = CARTESIAN_POINT ( 'NONE',  ( 40.20000000000001705, 0.000000000000000000, 3.175000000000004707 ) ) ;
#7647 = CARTESIAN_POINT ( 'NONE',  ( 2.618097302622880651, -1.770935120663231555, -14.98911151100554839 ) ) ;
#7646 = CIRCLE ( 'NONE', #3446, 0.3999999999999975797 ) ;
#7648 = DIRECTION ( 'NONE',  ( -0.000000000000000000, 1.000000000000000000, 1.224646799147353207E-16 ) ) ;
#7649 = VERTEX_POINT ( 'NONE', #1296 ) ;
#7650 = CARTESIAN_POINT ( 'NONE',  ( 4.605170801781708789, -10.99852262806237313, 4.928329209517584241E-15 ) ) ;
#7651 = LINE ( 'NONE', #265, #625 ) ;
#7652 = VECTOR ( 'NONE', #5813, 1000.000000000000000 ) ;
#7653 = ORIENTED_EDGE ( 'NONE', *, *, #3675, .T. ) ;
#7654 = CALENDAR_DATE ( 2025, 13, 3 ) ;
#7655 = AXIS2_PLACEMENT_3D ( 'NONE', #3423, #5564, #2198 ) ;
#7656 = TOROIDAL_SURFACE ( 'NONE', #7383, 4.688733431983854061, 1.000000000000000444 ) ;
#7657 = EDGE_LOOP ( 'NONE', ( #4633, #3532 ) ) ;
#7658 = EDGE_CURVE ( 'NONE', #3949, #6370, #5797, .T. ) ;
#7659 = CARTESIAN_POINT ( 'NONE',  ( -2.256474205788785881, 17.35949369140196197, -12.13995251344221948 ) ) ;
#7660 = CIRCLE ( 'NONE', #5975, 11.69999999999998863 ) ;
#7661 = APPLICATION_CONTEXT ( 'configuration controlled 3d designs of mechanical parts and assemblies' ) ;
#7662 = ORIENTED_EDGE ( 'NONE', *, *, #3805, .F. ) ;
#7663 = PLANE ( 'NONE',  #7042 ) ;
#7664 = ADVANCED_FACE ( 'NONE', ( #6593 ), #5341, .F. ) ;
#7665 = DIRECTION ( 'NONE',  ( -1.000000000000000000, -0.000000000000000000, -0.000000000000000000 ) ) ;
#7666 = ORIENTED_EDGE ( 'NONE', *, *, #4627, .T. ) ;
#7667 = CARTESIAN_POINT ( 'NONE',  ( -11.20114851541086054, 11.25514193145512465, -4.987831543169528814 ) ) ;
#7668 = CARTESIAN_POINT ( 'NONE',  ( 8.414570696119975324, 17.30125000000000668, 8.414570696119856308 ) ) ;
#7669 = LINE ( 'NONE', #7037, #4133 ) ;
#7670 = ORIENTED_EDGE ( 'NONE', *, *, #833, .F. ) ;
#7671 = LINE ( 'NONE', #5594, #2987 ) ;
#7672 = CARTESIAN_POINT ( 'NONE',  ( 11.62175118965594223, 17.61977942579262901, -3.323420690746737627 ) ) ;
#7673 = DESIGN_CONTEXT ( 'detailed design', #921, 'design' ) ;
#7674 = EDGE_CURVE ( 'NONE', #7602, #7282, #7009, .T. ) ;
#7675 = DIRECTION ( 'NONE',  ( 0.000000000000000000, -0.000000000000000000, 1.000000000000000000 ) ) ;
#7676 = FACE_OUTER_BOUND ( 'NONE', #5507, .T. ) ;
#7677 = DIRECTION ( 'NONE',  ( -1.000000000000000000, -0.000000000000000000, -0.000000000000000000 ) ) ;
#7678 = CYLINDRICAL_SURFACE ( 'NONE', #212, 3.200000000000000178 ) ;
#7679 = CARTESIAN_POINT ( 'NONE',  ( 9.192421541439370070E-14, 13.86750000000001570, 12.82664718204935106 ) ) ;
#7680 = ORIENTED_EDGE ( 'NONE', *, *, #2840, .T. ) ;
#7681 = FACE_OUTER_BOUND ( 'NONE', #83, .T. ) ;
#7682 = CARTESIAN_POINT ( 'NONE',  ( 12.44999999999999929, 0.000000000000000000, 7.060900368822720985 ) ) ;
#7683 = TOROIDAL_SURFACE ( 'NONE', #389, 11.99999999999998757, 0.2999999999999999889 ) ;
#7684 = PERSON_AND_ORGANIZATION ( #129, #430 ) ;
#7685 = ORIENTED_EDGE ( 'NONE', *, *, #5512, .F. ) ;
#7686 = EDGE_LOOP ( 'NONE', ( #2062, #697, #2339, #6362 ) ) ;
#7687 = CARTESIAN_POINT ( 'NONE',  ( 11.89999999999994706, 13.52937500000001769, -4.929141392239957398 ) ) ;
#7688 = DIRECTION ( 'NONE',  ( 1.000000000000000000, -8.746504920891471725E-16, 0.000000000000000000 ) ) ;
#7689 = CARTESIAN_POINT ( 'NONE',  ( -11.73900516154916573, 11.34994090226887309, 3.917034000047828535 ) ) ;
#7690 = DIRECTION ( 'NONE',  ( 0.000000000000000000, -1.000000000000000000, 0.000000000000000000 ) ) ;
#7691 = ORIENTED_EDGE ( 'NONE', *, *, #7519, .F. ) ;
#7692 = CARTESIAN_POINT ( 'NONE',  ( 43.60000000000000142, 0.000000000000000000, 9.000000000000001776 ) ) ;
#7693 = CARTESIAN_POINT ( 'NONE',  ( 0.000000000000000000, 34.29999999999999716, 0.000000000000000000 ) ) ;
#7694 = APPROVAL_DATE_TIME ( #8380, #2932 ) ;
#7695 = ORIENTED_EDGE ( 'NONE', *, *, #1647, .F. ) ;
#7696 = CARTESIAN_POINT ( 'NONE',  ( -5.820198568732175559, 17.51273068028979196, -10.71617673635229195 ) ) ;
#7697 = ORIENTED_EDGE ( 'NONE', *, *, #6742, .F. ) ;
#7698 = DIRECTION ( 'NONE',  ( -1.000000000000000000, -0.000000000000000000, -0.000000000000000000 ) ) ;
#7699 = CIRCLE ( 'NONE', #5461, 2.499999999999998668 ) ;
#7700 = ADVANCED_FACE ( 'NONE', ( #1108 ), #6463, .T. ) ;
#7701 = AXIS2_PLACEMENT_3D ( 'NONE', #4921, #8252, #6241 ) ;
#7702 = ADVANCED_FACE ( 'NONE', ( #8659, #3602 ), #1338, .F. ) ;
#7703 = CARTESIAN_POINT ( 'NONE',  ( 2.034420588416731235, 0.6986665228077043599, 0.2603911973655397838 ) ) ;
#7704 = VERTEX_POINT ( 'NONE', #6274 ) ;
#7705 = CARTESIAN_POINT ( 'NONE',  ( -12.30502237909049335, 11.30502237909053775, -0.3942538619802520850 ) ) ;
#7706 = CARTESIAN_POINT ( 'NONE',  ( -11.89999999999996305, 18.17437500000000483, 4.929141392239922759 ) ) ;
#7707 = AXIS2_PLACEMENT_3D ( 'NONE', #3289, #5966, #5268 ) ;
#7708 = CARTESIAN_POINT ( 'NONE',  ( 14.28999999999999737, -15.69047268157664021, -6.257467538869064150 ) ) ;
#7709 = ORIENTED_EDGE ( 'NONE', *, *, #3733, .F. ) ;
#7710 = FACE_OUTER_BOUND ( 'NONE', #5449, .T. ) ;
#7711 = CARTESIAN_POINT ( 'NONE',  ( 2.475000000000000089, 3.031000827889698763E-16, 13.00000000000000000 ) ) ;
#7712 = ORIENTED_EDGE ( 'NONE', *, *, #3138, .F. ) ;
#7713 = CARTESIAN_POINT ( 'NONE',  ( -10.61987304526799214, 17.80000000000002203, -5.369198869700185561 ) ) ;
#7714 = CARTESIAN_POINT ( 'NONE',  ( 43.60000000000000142, 0.000000000000000000, 0.000000000000000000 ) ) ;
#7715 = CARTESIAN_POINT ( 'NONE',  ( 5.312971222579579766, 20.29687500000000355, 12.82664718204931198 ) ) ;
#7716 = FACE_OUTER_BOUND ( 'NONE', #8123, .T. ) ;
#7717 = CARTESIAN_POINT ( 'NONE',  ( -5.312971222579573549, 13.31187500000001833, -12.82664718204931376 ) ) ;
#7718 = ORIENTED_EDGE ( 'NONE', *, *, #4264, .F. ) ;
#7719 = CARTESIAN_POINT ( 'NONE',  ( -13.44999999999999929, 9.400000000000025224, 12.94999999999999218 ) ) ;
#7720 = AXIS2_PLACEMENT_3D ( 'NONE', #4917, #8129, #2126 ) ;
#7721 = DIRECTION ( 'NONE',  ( 0.000000000000000000, 0.000000000000000000, -1.000000000000000000 ) ) ;
#7722 = DATE_TIME_ROLE ( 'creation_date' ) ;
#7723 = CC_DESIGN_APPROVAL ( #5608, ( #942 ) ) ;
#7724 = VERTEX_POINT ( 'NONE', #1381 ) ;
#7725 = EDGE_LOOP ( 'NONE', ( #696, #6006, #1319, #4086 ) ) ;
#7726 = CARTESIAN_POINT ( 'NONE',  ( -14.00000000000000000, 0.000000000000000000, 0.000000000000000000 ) ) ;
#7727 = EDGE_CURVE ( 'NONE', #2704, #6752, #1061, .T. ) ;
#7728 = CARTESIAN_POINT ( 'NONE',  ( -14.28999999999999737, -1.772990474325943033, 5.236092080349421529 ) ) ;
#7729 = CARTESIAN_POINT ( 'NONE',  ( -12.30891361455901922, 11.30891361455906718, 8.595268437332998721E-14 ) ) ;
#7730 = CARTESIAN_POINT ( 'NONE',  ( 9.101657815899102548E-14, 15.06438021535169014, 12.69999999999996732 ) ) ;
#7731 = CARTESIAN_POINT ( 'NONE',  ( -4.929141392239751340, 19.40312500000000995, 11.90000000000003233 ) ) ;
#7732 = ORIENTED_EDGE ( 'NONE', *, *, #4699, .T. ) ;
#7733 = LOCAL_TIME ( 22, 24, 23.00000000000000000, #7798 ) ;
#7734 = FACE_OUTER_BOUND ( 'NONE', #6899, .T. ) ;
#7735 = PERSON_AND_ORGANIZATION_ROLE ( 'classification_officer' ) ;
#7736 = EDGE_CURVE ( 'NONE', #2870, #632, #276, .T. ) ;
#7737 = ORIENTED_EDGE ( 'NONE', *, *, #2572, .F. ) ;
#7738 = CARTESIAN_POINT ( 'NONE',  ( 4.184342759436243675E-16, 8.707163747216046801, -3.968749999999999112 ) ) ;
#7739 = DIRECTION ( 'NONE',  ( 0.000000000000000000, 0.000000000000000000, -1.000000000000000000 ) ) ;
#7740 = VERTEX_POINT ( 'NONE', #5605 ) ;
#7741 = CYLINDRICAL_SURFACE ( 'NONE', #2577, 2.300000000000000711 ) ;
#7742 = EDGE_CURVE ( 'NONE', #8210, #2635, #7309, .T. ) ;
#7743 = AXIS2_PLACEMENT_3D ( 'NONE', #619, #105, #2748 ) ;
#7744 = LINE ( 'NONE', #496, #7113 ) ;
#7745 = CONICAL_SURFACE ( 'NONE', #4383, 3.703925678971643265, 0.1745329251994260089 ) ;
#7746 = CARTESIAN_POINT ( 'NONE',  ( 14.29000000000000448, -16.44668299636729714, -1.050702047291693475 ) ) ;
#7747 = VERTEX_POINT ( 'NONE', #4674 ) ;
#7748 = CARTESIAN_POINT ( 'NONE',  ( -8.414570696119975324, 15.39625000000001087, -8.414570696119856308 ) ) ;
#7749 = DIRECTION ( 'NONE',  ( -0.000000000000000000, 1.000000000000000000, -0.000000000000000000 ) ) ;
#7750 = EDGE_CURVE ( 'NONE', #4611, #811, #63, .T. ) ;
#7751 = AXIS2_PLACEMENT_3D ( 'NONE', #3409, #3538, #4069 ) ;
#7752 = LINE ( 'NONE', #5157, #8339 ) ;
#7753 = ADVANCED_FACE ( 'NONE', ( #4016 ), #257, .F. ) ;
#7754 = CARTESIAN_POINT ( 'NONE',  ( 13.44999999999999929, 8.899999999999993250, 0.000000000000000000 ) ) ;
#7755 = DIRECTION ( 'NONE',  ( 0.000000000000000000, 0.000000000000000000, -1.000000000000000000 ) ) ;
#7756 = DIRECTION ( 'NONE',  ( 6.448786156047610750E-17, 0.000000000000000000, 1.000000000000000000 ) ) ;
#7757 = CARTESIAN_POINT ( 'NONE',  ( -5.312971222579573549, 15.85187500000001215, -12.82664718204931376 ) ) ;
#7758 = ORIENTED_EDGE ( 'NONE', *, *, #6707, .F. ) ;
#7759 = CARTESIAN_POINT ( 'NONE',  ( 13.44999999999999929, -10.69999999999999396, 12.94999999999999218 ) ) ;
#7760 = EDGE_CURVE ( 'NONE', #8332, #4722, #6311, .T. ) ;
#7761 = DIRECTION ( 'NONE',  ( -0.000000000000000000, -1.000000000000000000, -0.000000000000000000 ) ) ;
#7762 = DATE_TIME_ROLE ( 'creation_date' ) ;
#7763 = EDGE_CURVE ( 'NONE', #2695, #5265, #4301, .T. ) ;
#7764 = ORIENTED_EDGE ( 'NONE', *, *, #323, .F. ) ;
#7765 = AXIS2_PLACEMENT_3D ( 'NONE', #3867, #7816, #4439 ) ;
#7766 = ORIENTED_EDGE ( 'NONE', *, *, #2287, .T. ) ;
#7767 = DIRECTION ( 'NONE',  ( 0.000000000000000000, 0.000000000000000000, 1.000000000000000000 ) ) ;
#7768 = DIRECTION ( 'NONE',  ( -8.775090700452169195E-16, -1.000000000000000000, -0.000000000000000000 ) ) ;
#7769 = DIRECTION ( 'NONE',  ( -1.000000000000000000, -0.000000000000000000, -0.000000000000000000 ) ) ;
#7770 = CARTESIAN_POINT ( 'NONE',  ( 5.421010862427522170E-17, 0.000000000000000000, 3.675000000000001599 ) ) ;
#7771 = LINE ( 'NONE', #8374, #5524 ) ;
#7772 = EDGE_LOOP ( 'NONE', ( #8321, #8132, #2251, #7260 ) ) ;
#7773 = LINE ( 'NONE', #8376, #905 ) ;
#7774 = DIRECTION ( 'NONE',  ( -8.775090700452169195E-16, -1.000000000000000000, -0.000000000000000000 ) ) ;
#7775 = ADVANCED_FACE ( 'NONE', ( #6118 ), #7641, .T. ) ;
#7776 = PRODUCT_RELATED_PRODUCT_CATEGORY ( 'detail', '', ( #1384 ) ) ;
#7777 = AXIS2_PLACEMENT_3D ( 'NONE', #7529, #4190, #5007 ) ;
#7778 = AXIS2_PLACEMENT_3D ( 'NONE', #4876, #4752, #4914 ) ;
#7779 = VERTEX_POINT ( 'NONE', #4760 ) ;
#7780 = DIRECTION ( 'NONE',  ( 0.000000000000000000, 0.000000000000000000, 1.000000000000000000 ) ) ;
#7781 = EDGE_CURVE ( 'NONE', #1846, #766, #1686, .T. ) ;
#7782 = PLANE ( 'NONE',  #1720 ) ;
#7783 = AXIS2_PLACEMENT_3D ( 'NONE', #6657, #7279, #1211 ) ;
#7784 = CARTESIAN_POINT ( 'NONE',  ( 11.89999999999999858, 17.26000000000000867, -9.038390431939328993E-14 ) ) ;
#7785 = CARTESIAN_POINT ( 'NONE',  ( 9.000000000000001776, -10.80000000000000604, -11.49999999999999822 ) ) ;
#7786 = AXIS2_PLACEMENT_3D ( 'NONE', #4658, #7336, #7944 ) ;
#7787 =( NAMED_UNIT ( * ) SI_UNIT ( $, .STERADIAN. ) SOLID_ANGLE_UNIT ( ) );
#7788 = AXIS2_PLACEMENT_3D ( 'NONE', #4872, #7554, #2150 ) ;
#7789 = DIRECTION ( 'NONE',  ( 0.000000000000000000, 1.000000000000000000, -3.154466349054399263E-16 ) ) ;
#7790 = CIRCLE ( 'NONE', #3014, 8.600000000000003197 ) ;
#7792 = ORIENTED_EDGE ( 'NONE', *, *, #7581, .F. ) ;
#7791 = CARTESIAN_POINT ( 'NONE',  ( 3.734898307268936346, 11.06758615952845659, -11.48199535478843458 ) ) ;
#7793 = AXIS2_PLACEMENT_3D ( 'NONE', #8593, #1224, #1276 ) ;
#7794 = CARTESIAN_POINT ( 'NONE',  ( 0.000000000000000000, 32.79999999999999716, 0.000000000000000000 ) ) ;
#7795 = EDGE_LOOP ( 'NONE', ( #6406, #7455, #4529, #751 ) ) ;
#7796 = DIRECTION ( 'NONE',  ( 0.000000000000000000, 0.000000000000000000, 1.000000000000000000 ) ) ;
#7797 = CARTESIAN_POINT ( 'NONE',  ( 40.20000000000001705, 0.000000000000000000, 0.000000000000000000 ) ) ;
#7798 = COORDINATED_UNIVERSAL_TIME_OFFSET ( 8, 0, .AHEAD. ) ;
#7799 = EDGE_CURVE ( 'NONE', #805, #7496, #11, .T. ) ;
#7800 = FACE_BOUND ( 'NONE', #3599, .T. ) ;
#7801 = CARTESIAN_POINT ( 'NONE',  ( -6.216747625905286512, -16.44581851809336825, -12.91142977813911941 ) ) ;
#7802 = CARTESIAN_POINT ( 'NONE',  ( -12.82664718204935106, 21.17000000000000171, 8.956799855210031952E-14 ) ) ;
#7803 = CARTESIAN_POINT ( 'NONE',  ( 8.511837979438613694E-15, 9.700000000000011724, 0.000000000000000000 ) ) ;
#7804 = CARTESIAN_POINT ( 'NONE',  ( 12.82664718204939192, 16.64562500000001322, 5.312971222579391473 ) ) ;
#7805 = VERTEX_POINT ( 'NONE', #6934 ) ;
#7806 = CARTESIAN_POINT ( 'NONE',  ( 34.40000000000000568, 1.347111479062088405E-15, -11.00000000000000000 ) ) ;
#7807 = PLANE ( 'NONE',  #559 ) ;
#7808 = PERSON_AND_ORGANIZATION_ROLE ( 'creator' ) ;
#7809 = ADVANCED_FACE ( 'NONE', ( #763 ), #4640, .F. ) ;
#7810 = ORIENTED_EDGE ( 'NONE', *, *, #1747, .T. ) ;
#7811 = ADVANCED_FACE ( 'NONE', ( #5456 ), #5985, .F. ) ;
#7812 = ORIENTED_EDGE ( 'NONE', *, *, #555, .T. ) ;
#7813 = CARTESIAN_POINT ( 'NONE',  ( 46.70000000000001705, 2.816687638038912056E-16, -2.299999999999999822 ) ) ;
#7814 = CARTESIAN_POINT ( 'NONE',  ( -11.14057423231388988, 11.36679308115673770, 5.383767851001275417 ) ) ;
#7815 = CARTESIAN_POINT ( 'NONE',  ( -9.803842999081298970, 17.09423820329189070, -7.932631179064201454 ) ) ;
#7816 = DIRECTION ( 'NONE',  ( 1.000000000000000000, 0.000000000000000000, 0.000000000000000000 ) ) ;
#7817 = ORIENTED_EDGE ( 'NONE', *, *, #5452, .T. ) ;
#7818 = CARTESIAN_POINT ( 'NONE',  ( 11.90000000000000036, 10.90000000000000036, 1.482518660869983538E-15 ) ) ;
#7819 = AXIS2_PLACEMENT_3D ( 'NONE', #6508, #500, #1864 ) ;
#7820 = DIRECTION ( 'NONE',  ( 0.7071067811865435759, 0.7071067811865514585, 8.659560562354876159E-17 ) ) ;
#7821 = B_SPLINE_CURVE_WITH_KNOTS ( 'NONE', 3,
 ( #7379, #1409, #4043, #1368, #5315 ),
 .UNSPECIFIED., .F., .F.,
 ( 4, 1, 4 ),
 ( 0.006985504506026505439, 0.007039717514298876946, 0.007093930522571247586 ),
 .UNSPECIFIED. ) ;
#7822 = EDGE_LOOP ( 'NONE', ( #5258, #4655, #5696, #8655 ) ) ;
#7823 = CLOSED_SHELL ( 'NONE', ( #4817, #958, #6287, #5874, #1002, #241, #7508, #3112, #7091, #1299, #6511, #1395, #4502, #7483, #5988, #2089, #3071, #876, #5280, #6963, #3975, #3529, #8028, #8442, #4868, #629, #7413, #4713, #5233, #2066, #7218, #856, #3527 ) ) ;
#7824 = CARTESIAN_POINT ( 'NONE',  ( 0.2720356458796163723, 10.54025085189310751, -0.7937499999999982903 ) ) ;
#7825 = DIRECTION ( 'NONE',  ( 1.000000000000000000, 0.000000000000000000, 0.000000000000000000 ) ) ;
#7826 = DIRECTION ( 'NONE',  ( -1.000000000000000000, -0.000000000000000000, -0.000000000000000000 ) ) ;
#7827 = DIRECTION ( 'NONE',  ( -1.000000000000000000, -0.000000000000000000, -0.000000000000000000 ) ) ;
#7828 =( BOUNDED_CURVE ( )  B_SPLINE_CURVE ( 2, ( #7192, #3859, #4563, #1221, #5267, #4517, #6669, #3288, #5965 ),
 .UNSPECIFIED., .F., .T. ) 
 B_SPLINE_CURVE_WITH_KNOTS ( ( 3, 2, 2, 2, 3 ),
 ( 0.7187500000000001110, 0.7343750000000001110, 0.7500000000000000000, 0.7656250000000000000, 0.7812500000000000000 ),
 .UNSPECIFIED. ) 
 CURVE ( )  GEOMETRIC_REPRESENTATION_ITEM ( )  RATIONAL_B_SPLINE_CURVE ( ( 0.9999999999999994449, 0.9238795325112872936, 1.000000000000000000, 0.9238795325112867385, 1.000000000000000000, 0.9238795325112867385, 1.000000000000000000, 0.9238795325112867385, 1.000000000000000000 ) ) 
 REPRESENTATION_ITEM ( '' )  );
#7829 = EDGE_CURVE ( 'NONE', #4743, #1945, #3795, .T. ) ;
#7830 = CARTESIAN_POINT ( 'NONE',  ( 4.727341836011849097, -4.587364300110931659, 9.525000000000002132 ) ) ;
#7831 = CARTESIAN_POINT ( 'NONE',  ( 0.000000000000000000, 0.000000000000000000, 0.000000000000000000 ) ) ;
#7832 = CYLINDRICAL_SURFACE ( 'NONE', #2918, 11.09999999999998543 ) ;
#7833 = ORIENTED_EDGE ( 'NONE', *, *, #7089, .F. ) ;
#7834 = DIRECTION ( 'NONE',  ( 1.776356839400250465E-15, 0.000000000000000000, 1.000000000000000000 ) ) ;
#7835 = CARTESIAN_POINT ( 'NONE',  ( 4.999999999999997335, 0.000000000000000000, 8.099999999999999645 ) ) ;
#7836 = AXIS2_PLACEMENT_3D ( 'NONE', #5794, #4530, #7780 ) ;
#7837 = EDGE_CURVE ( 'NONE', #5574, #5069, #3096, .T. ) ;
#7838 = CARTESIAN_POINT ( 'NONE',  ( 1.714505518806294638E-15, 0.000000000000000000, -14.00000000000000000 ) ) ;
#7839 = CARTESIAN_POINT ( 'NONE',  ( 11.90633974596222089, 10.90633974596222089, -5.199830294817119976E-12 ) ) ;
#7840 = CARTESIAN_POINT ( 'NONE',  ( -12.82664718204939014, 16.01062500000001165, -5.312971222579394137 ) ) ;
#7841 = CARTESIAN_POINT ( 'NONE',  ( 0.000000000000000000, -11.19999999999999929, -12.94999999999999218 ) ) ;
#7842 = CARTESIAN_POINT ( 'NONE',  ( -12.82664718204939014, 14.74062500000001386, -5.312971222579394137 ) ) ;
#7843 = ORIENTED_EDGE ( 'NONE', *, *, #4761, .F. ) ;
#7844 = FACE_OUTER_BOUND ( 'NONE', #4960, .T. ) ;
#7845 = DIRECTION ( 'NONE',  ( 0.000000000000000000, 0.000000000000000000, -1.000000000000000000 ) ) ;
#7846 = APPLICATION_PROTOCOL_DEFINITION ( 'international standard', 'config_control_design', 1994, #6031 ) ;
#7847 = EDGE_LOOP ( 'NONE', ( #2754, #8206, #8598, #1550 ) ) ;
#7848 = CARTESIAN_POINT ( 'NONE',  ( 38.59999999999999432, 0.000000000000000000, 0.000000000000000000 ) ) ;
#7849 = CARTESIAN_POINT ( 'NONE',  ( -0.2901861929251793315, 1.080184379181143628, 2.030634477646808378 ) ) ;
#7850 = AXIS2_PLACEMENT_3D ( 'NONE', #274, #2518, #7308 ) ;
#7851 = CARTESIAN_POINT ( 'NONE',  ( -10.57791107419761190, 11.37947052706034867, 6.443321864832866730 ) ) ;
#7852 = FACE_OUTER_BOUND ( 'NONE', #146, .T. ) ;
#7853 = CARTESIAN_POINT ( 'NONE',  ( 12.94999999999999218, -11.19999999999999929, -12.94999999999999218 ) ) ;
#7854 = ORIENTED_EDGE ( 'NONE', *, *, #7781, .T. ) ;
#7855 = CARTESIAN_POINT ( 'NONE',  ( 5.000000000000000000, -5.499261314031190118, -9.524999999999996803 ) ) ;
#7856 = DIRECTION ( 'NONE',  ( -1.000000000000000000, -9.800697604388737541E-17, 0.000000000000000000 ) ) ;
#7857 = EDGE_LOOP ( 'NONE', ( #5845, #3299, #1360, #2067 ) ) ;
#7858 = APPROVAL_PERSON_ORGANIZATION ( #4805, #3959, #7398 ) ;
#7859 = ADVANCED_FACE ( 'NONE', ( #1129 ), #5165, .T. ) ;
#7860 = ORIENTED_EDGE ( 'NONE', *, *, #5998, .T. ) ;
#7861 = PERSON ( 'NAUO-PER1', 'UNSPECIFIED', 'UNSPECIFIED', ('UNSPECIFIED'), ('UNSPECIFIED'), ('UNSPECIFIED') ) ;
#7862 = DIRECTION ( 'NONE',  ( 1.000000000000000000, 1.231304080816852664E-16, -0.000000000000000000 ) ) ;
#7863 = APPROVAL_PERSON_ORGANIZATION ( #6093, #6591, #4253 ) ;
#7864 = CARTESIAN_POINT ( 'NONE',  ( -12.56412585201708865, -2.009527318423359965, -9.246769250645098026 ) ) ;
#7865 = ORIENTED_EDGE ( 'NONE', *, *, #2670, .F. ) ;
#7866 = AXIS2_PLACEMENT_3D ( 'NONE', #6051, #4651, #8539 ) ;
#7867 = CARTESIAN_POINT ( 'NONE',  ( 8.528325040094456217E-14, 18.41250000000000497, 11.89999999999999858 ) ) ;
#7868 = CARTESIAN_POINT ( 'NONE',  ( 24.00000000000000000, 0.000000000000000000, 3.174999999999999822 ) ) ;
#7869 = ORIENTED_EDGE ( 'NONE', *, *, #4780, .T. ) ;
#7870 = DIRECTION ( 'NONE',  ( -2.609982365541975933E-33, -0.9242245927363030855, -0.3818493186865927203 ) ) ;
#7871 = EDGE_CURVE ( 'NONE', #598, #7401, #2455, .T. ) ;
#7872 = AXIS2_PLACEMENT_3D ( 'NONE', #3496, #773, #4857 ) ;
#7873 = EDGE_CURVE ( 'NONE', #6145, #3256, #4338, .T. ) ;
#7874 = CARTESIAN_POINT ( 'NONE',  ( 8.511837979438613694E-15, 9.700000000000011724, 0.000000000000000000 ) ) ;
#7875 = ORIENTED_EDGE ( 'NONE', *, *, #5606, .F. ) ;
#7876 = DIRECTION ( 'NONE',  ( -1.000000000000000000, -0.000000000000000000, -0.000000000000000000 ) ) ;
#7877 = CIRCLE ( 'NONE', #2561, 13.70000000000000107 ) ;
#7878 = DIRECTION ( 'NONE',  ( 1.000000000000000000, 1.231304080816852664E-16, -0.000000000000000000 ) ) ;
#7879 = EDGE_LOOP ( 'NONE', ( #4469, #862, #1669, #939, #710 ) ) ;
#7880 = CARTESIAN_POINT ( 'NONE',  ( -12.56412585201708865, -2.009527318423359965, -9.246769250645098026 ) ) ;
#7881 = DIRECTION ( 'NONE',  ( -1.000000000000000000, -0.000000000000000000, -0.000000000000000000 ) ) ;
#7882 = CIRCLE ( 'NONE', #5214, 3.703925678971643265 ) ;
#7883 = EDGE_CURVE ( 'NONE', #1601, #8301, #2368, .T. ) ;
#7884 = APPROVAL ( #5123, '未指定' ) ;
#7885 = PRODUCT ( '316L-DV12A-KF16FT4-KF16-NC-HP', '316L-DV12A-KF16FT4-KF16-NC-HP', '', ( #580 ) ) ;
#7886 = CIRCLE ( 'NONE', #6633, 3.000000000000009770 ) ;
#7887 = FACE_BOUND ( 'NONE', #4064, .T. ) ;
#7888 = DIRECTION ( 'NONE',  ( -1.000000000000000000, 0.000000000000000000, 0.000000000000000000 ) ) ;
#7889 = CARTESIAN_POINT ( 'NONE',  ( -9.069809202314482732, 17.20125000000000881, -9.069809202314353058 ) ) ;
#7890 = CARTESIAN_POINT ( 'NONE',  ( 1.989931015198607822, 0.7722929840020141823, -0.5085270384248981035 ) ) ;
#7891 = CARTESIAN_POINT ( 'NONE',  ( 9.069809202314482732, 11.48625000000002139, 9.069809202314353058 ) ) ;
#7892 = ORIENTED_EDGE ( 'NONE', *, *, #7194, .F. ) ;
#7893 = CYLINDRICAL_SURFACE ( 'NONE', #5778, 12.69999999999998508 ) ;
#7894 = DIRECTION ( 'NONE',  ( -0.000000000000000000, 1.000000000000000000, 1.224646799147353207E-16 ) ) ;
#7895 = PERSON_AND_ORGANIZATION ( #129, #430 ) ;
#7896 = ORIENTED_EDGE ( 'NONE', *, *, #1232, .F. ) ;
#7897 = VERTEX_POINT ( 'NONE', #4471 ) ;
#7898 = FACE_BOUND ( 'NONE', #5135, .T. ) ;
#7899 = CARTESIAN_POINT ( 'NONE',  ( 0.000000000000000000, -8.248891971046781180, 4.762500000000002842 ) ) ;
#7900 = DIRECTION ( 'NONE',  ( 0.000000000000000000, 0.000000000000000000, 1.000000000000000000 ) ) ;
#7901 = FACE_BOUND ( 'NONE', #6320, .T. ) ;
#7902 = CARTESIAN_POINT ( 'NONE',  ( -4.929141392239751340, 16.86312500000001080, 11.90000000000003233 ) ) ;
#7903 = ORIENTED_EDGE ( 'NONE', *, *, #7727, .T. ) ;
#7904 = DIRECTION ( 'NONE',  ( 0.000000000000000000, 0.000000000000000000, 1.000000000000000000 ) ) ;
#7905 = CARTESIAN_POINT ( 'NONE',  ( 12.44999999999999929, 0.000000000000000000, 4.688733431983854061 ) ) ;
#7906 = EDGE_LOOP ( 'NONE', ( #2519, #3257, #4059, #4779 ) ) ;
#7907 = AXIS2_PLACEMENT_3D ( 'NONE', #2140, #6131, #124 ) ;
#7908 = EDGE_LOOP ( 'NONE', ( #3647, #8470, #7653, #8368 ) ) ;
#7909 = ORIENTED_EDGE ( 'NONE', *, *, #6852, .F. ) ;
#7910 = CARTESIAN_POINT ( 'NONE',  ( 14.29000000000000448, -15.69047268157663666, 6.257467538869049051 ) ) ;
#7911 = CARTESIAN_POINT ( 'NONE',  ( 0.1723282451885989053, -6.415804866369716031, 7.937500000000003553 ) ) ;
#7912 = ORIENTED_EDGE ( 'NONE', *, *, #5143, .T. ) ;
#7913 = CARTESIAN_POINT ( 'NONE',  ( -13.99999999999999822, 0.000000000000000000, -3.399999999999999911 ) ) ;
#7914 = EDGE_LOOP ( 'NONE', ( #5520, #2270, #1126 ) ) ;
#7915 = CARTESIAN_POINT ( 'NONE',  ( -11.44999999999999751, 0.000000000000000000, 0.000000000000000000 ) ) ;
#7916 = CIRCLE ( 'NONE', #4143, 2.050000000000001155 ) ;
#7917 = ORIENTED_EDGE ( 'NONE', *, *, #7760, .T. ) ;
#7918 = AXIS2_PLACEMENT_3D ( 'NONE', #99, #8203, #6146 ) ;
#7919 = VECTOR ( 'NONE', #2489, 1000.000000000000000 ) ;
#7920 = CARTESIAN_POINT ( 'NONE',  ( 14.28999999999999737, -2.009527318423362185, -6.257467538869064150 ) ) ;
#7921 = EDGE_LOOP ( 'NONE', ( #5335, #3400, #5732, #2498 ) ) ;
#7922 = CARTESIAN_POINT ( 'NONE',  ( -8.308988999489114440E-14, 11.22750000000002046, -11.89999999999999858 ) ) ;
#7923 = AXIS2_PLACEMENT_3D ( 'NONE', #2915, #3524, #107 ) ;
#7924 = FACE_OUTER_BOUND ( 'NONE', #669, .T. ) ;
#7925 = ORIENTED_EDGE ( 'NONE', *, *, #6526, .T. ) ;
#7926 = CARTESIAN_POINT ( 'NONE',  ( -3.520579078826650665, -1.579333538822585092, -14.46806341457557288 ) ) ;
#7927 = EDGE_CURVE ( 'NONE', #5085, #8171, #8136, .T. ) ;
#7928 = DIRECTION ( 'NONE',  ( 0.000000000000000000, 0.000000000000000000, 1.000000000000000000 ) ) ;
#7929 = AXIS2_PLACEMENT_3D ( 'NONE', #132, #2931, #5596 ) ;
#7930 = DIRECTION ( 'NONE',  ( 0.000000000000000000, 0.000000000000000000, 1.000000000000000000 ) ) ;
#7931 = CARTESIAN_POINT ( 'NONE',  ( 11.90000000000003233, 13.57062500000001926, 4.929141392239758446 ) ) ;
#7932 = CARTESIAN_POINT ( 'NONE',  ( 9.192421541439368808E-14, 17.67750000000000909, 12.82664718204935106 ) ) ;
#7933 = LINE ( 'NONE', #4691, #8197 ) ;
#7934 = CARTESIAN_POINT ( 'NONE',  ( -12.82664718204935106, 11.01000000000002110, 8.956799855210033214E-14 ) ) ;
#7935 = EDGE_LOOP ( 'NONE', ( #8176, #5284 ) ) ;
#7936 = CARTESIAN_POINT ( 'NONE',  ( 4.999999999999997335, 0.000000000000000000, 0.000000000000000000 ) ) ;
#7937 = DIRECTION ( 'NONE',  ( 0.000000000000000000, 0.000000000000000000, -1.000000000000000000 ) ) ;
#7938 = CONICAL_SURFACE ( 'NONE', #4161, 2.499999999999998668, 0.7853981633974477239 ) ;
#7939 = COORDINATED_UNIVERSAL_TIME_OFFSET ( 8, 0, .AHEAD. ) ;
#7940 = EDGE_CURVE ( 'NONE', #6160, #6614, #5477, .T. ) ;
#7941 = VERTEX_POINT ( 'NONE', #469 ) ;
#7942 = ORIENTED_EDGE ( 'NONE', *, *, #3961, .T. ) ;
#7943 = CARTESIAN_POINT ( 'NONE',  ( 39.70000000000000284, 5.499261314031191894, -9.524999999999998579 ) ) ;
#7944 = DIRECTION ( 'NONE',  ( -1.000000000000000000, 0.000000000000000000, 0.000000000000000000 ) ) ;
#7945 = DIRECTION ( 'NONE',  ( -9.800697604388738773E-17, 1.000000000000000000, 0.000000000000000000 ) ) ;
#7946 = DIRECTION ( 'NONE',  ( 1.000000000000000000, -8.775090700452167223E-16, 0.000000000000000000 ) ) ;
#7947 = B_SPLINE_CURVE_WITH_KNOTS ( 'NONE', 3,
 ( #5547, #7824, #3787, #4399, #7738, #6458 ),
 .UNSPECIFIED., .F., .F.,
 ( 4, 2, 4 ),
 ( 2.309401076759608988E-07, 0.002749861597123269379, 0.005499492254138862654 ),
 .UNSPECIFIED. ) ;
#7948 = CARTESIAN_POINT ( 'NONE',  ( -8.414570696119973547, 13.92625000000001556, -8.414570696119856308 ) ) ;
#7949 = VERTEX_POINT ( 'NONE', #999 ) ;
#7950 = DIRECTION ( 'NONE',  ( -0.7071067811865475727, -0.7071067811865475727, 0.000000000000000000 ) ) ;
#7951 = DIRECTION ( 'NONE',  ( -1.000000000000000000, 0.000000000000000000, 0.000000000000000000 ) ) ;
#7952 = ORIENTED_EDGE ( 'NONE', *, *, #1382, .F. ) ;
#7953 = ORIENTED_EDGE ( 'NONE', *, *, #6957, .F. ) ;
#7954 = EDGE_LOOP ( 'NONE', ( #4736, #2731, #4904, #3310 ) ) ;
#7955 = CARTESIAN_POINT ( 'NONE',  ( -11.90000000000004832, 12.93562500000001592, -4.929141392239714037 ) ) ;
#7956 = DIRECTION ( 'NONE',  ( -1.000000000000000000, -0.000000000000000000, -0.000000000000000000 ) ) ;
#7957 = ORIENTED_EDGE ( 'NONE', *, *, #6053, .F. ) ;
#7958 = DIRECTION ( 'NONE',  ( -1.000000000000000000, -0.000000000000000000, -0.000000000000000000 ) ) ;
#7959 = CARTESIAN_POINT ( 'NONE',  ( 34.40000000000000568, -10.99852262806237313, 3.605651974203355568E-15 ) ) ;
#7960 = VERTEX_POINT ( 'NONE', #3682 ) ;
#7961 = PRODUCT_DEFINITION_SHAPE ( 'NONE', 'NONE',  #8406 ) ;
#7962 = PERSON_AND_ORGANIZATION ( #129, #430 ) ;
#7963 = AXIS2_PLACEMENT_3D ( 'NONE', #8302, #6162, #5622 ) ;
#7964 = EDGE_LOOP ( 'NONE', ( #4543, #5047, #2075, #7990 ) ) ;
#7965 = DIRECTION ( 'NONE',  ( 0.000000000000000000, 0.000000000000000000, 1.000000000000000000 ) ) ;
#7966 = DIRECTION ( 'NONE',  ( -1.000000000000000000, -0.000000000000000000, -0.000000000000000000 ) ) ;
#7967 = ORIENTED_EDGE ( 'NONE', *, *, #5460, .T. ) ;
#7968 = DIRECTION ( 'NONE',  ( -8.775090700452169195E-16, -1.000000000000000000, -0.000000000000000000 ) ) ;
#7969 = DIRECTION ( 'NONE',  ( 0.000000000000000000, 0.000000000000000000, 1.000000000000000000 ) ) ;
#7970 = ADVANCED_FACE ( 'NONE', ( #5042 ), #7807, .T. ) ;
#7971 = EDGE_CURVE ( 'NONE', #1945, #7549, #1042, .T. ) ;
#7972 = DIRECTION ( 'NONE',  ( 0.000000000000000000, 0.000000000000000000, 1.000000000000000000 ) ) ;
#7973 = DIRECTION ( 'NONE',  ( -0.000000000000000000, -1.000000000000000000, -0.000000000000000000 ) ) ;
#7974 = CARTESIAN_POINT ( 'NONE',  ( -9.069809202314482732, 14.66125000000001499, -9.069809202314353058 ) ) ;
#7975 = CARTESIAN_POINT ( 'NONE',  ( 0.3948291982182993154, -5.499261314031187453, 9.525000000000002132 ) ) ;
#7976 = CARTESIAN_POINT ( 'NONE',  ( 12.82664718204931376, 11.72437500000002153, -5.312971222579575326 ) ) ;
#7977 = ORIENTED_EDGE ( 'NONE', *, *, #5954, .T. ) ;
#7978 = CARTESIAN_POINT ( 'NONE',  ( 11.13401480975760904, 11.19180802702707389, 5.079828235642089851 ) ) ;
#7979 = FACE_OUTER_BOUND ( 'NONE', #7210, .T. ) ;
#7980 = APPROVAL_STATUS ( 'not_yet_approved' ) ;
#7981 = ADVANCED_FACE ( 'NONE', ( #7053 ), #1128, .F. ) ;
#7982 = CIRCLE ( 'NONE', #2942, 9.525000000000000355 ) ;
#7983 = ORIENTED_EDGE ( 'NONE', *, *, #4615, .T. ) ;
#7984 = ORIENTED_EDGE ( 'NONE', *, *, #2930, .T. ) ;
#7985 = DIRECTION ( 'NONE',  ( 8.659560562354888485E-17, 0.7071067811865512365, -0.7071067811865439090 ) ) ;
#7986 = CARTESIAN_POINT ( 'NONE',  ( 5.260512242138388750, 12.60375521535169518, 12.69999999999992646 ) ) ;
#7987 = DIRECTION ( 'NONE',  ( 0.9848077530122093526, 0.000000000000000000, -0.1736481776669235311 ) ) ;
#7988 = CARTESIAN_POINT ( 'NONE',  ( 2.510525938252075665E-16, 0.000000000000000000, 2.050000000000001155 ) ) ;
#7989 = CARTESIAN_POINT ( 'NONE',  ( -11.89999999999999858, 14.08500000000001506, 8.309725586446656123E-14 ) ) ;
#7990 = ORIENTED_EDGE ( 'NONE', *, *, #5472, .T. ) ;
#7991 = CARTESIAN_POINT ( 'NONE',  ( 0.2720356458796156507, 5.957533090200454851, -8.731249999999995737 ) ) ;
#7992 = CARTESIAN_POINT ( 'NONE',  ( 1.457329690985350196E-15, 17.80000000000000071, 11.89999999999999858 ) ) ;
#7993 = AXIS2_PLACEMENT_3D ( 'NONE', #6013, #8641, #699 ) ;
#7994 = EDGE_CURVE ( 'NONE', #2409, #7724, #4919, .T. ) ;
#7995 = APPROVAL ( #2542, '未指定' ) ;
#7996 = VERTEX_POINT ( 'NONE', #3730 ) ;
#7997 = ORIENTED_EDGE ( 'NONE', *, *, #4238, .T. ) ;
#7998 = DIRECTION ( 'NONE',  ( -1.000000000000000000, 0.000000000000000000, 0.000000000000000000 ) ) ;
#7999 = DIRECTION ( 'NONE',  ( -0.7071067811865474617, -0.7071067811865474617, 0.000000000000000000 ) ) ;
#8000 = EDGE_LOOP ( 'NONE', ( #4170, #5181, #2553, #664 ) ) ;
#8001 = CARTESIAN_POINT ( 'NONE',  ( 4.999999999999997335, -8.707163747216046801, 3.968750000000002665 ) ) ;
#8002 = DIRECTION ( 'NONE',  ( -1.000000000000000000, 0.000000000000000000, 0.000000000000000000 ) ) ;
#8003 = CARTESIAN_POINT ( 'NONE',  ( -12.69999999999997797, 11.70000000000002949, 0.000000000000000000 ) ) ;
#8004 = AXIS2_PLACEMENT_3D ( 'NONE', #5331, #7601, #4105 ) ;
#8005 = ORIENTED_EDGE ( 'NONE', *, *, #1747, .F. ) ;
#8006 = DIRECTION ( 'NONE',  ( 0.000000000000000000, -0.1417410475748012988, 0.9899037707941099606 ) ) ;
#8007 = LOCAL_TIME ( 22, 24, 23.00000000000000000, #1130 ) ;
#8008 = AXIS2_PLACEMENT_3D ( 'NONE', #167, #8108, #8233 ) ;
#8009 = CARTESIAN_POINT ( 'NONE',  ( -5.260512242138382533, 13.23875521535169675, -12.69999999999992824 ) ) ;
#8010 = EDGE_LOOP ( 'NONE', ( #721, #5658, #5413, #4140 ) ) ;
#8011 = CARTESIAN_POINT ( 'NONE',  ( -12.69999999999993179, 15.93750521535168829, -5.260512242138277728 ) ) ;
#8012 = CARTESIAN_POINT ( 'NONE',  ( 0.3948291982182982052, 5.499261314031189229, -9.524999999999996803 ) ) ;
#8013 = EDGE_CURVE ( 'NONE', #6812, #6735, #7142, .T. ) ;
#8014 = ORIENTED_EDGE ( 'NONE', *, *, #7581, .T. ) ;
#8015 = DIRECTION ( 'NONE',  ( -6.204926139816740252E-16, -0.7071067811865475727, -0.7071067811865475727 ) ) ;
#8016 = ORGANIZATION ( 'NAUO-ORG4', 'UNSPECIFIED', 'UNSPECIFIED' ) ;
#8017 = EDGE_CURVE ( 'NONE', #6939, #2660, #3294, .T. ) ;
#8018 = DIRECTION ( 'NONE',  ( 0.000000000000000000, 0.000000000000000000, 1.000000000000000000 ) ) ;
#8019 = CARTESIAN_POINT ( 'NONE',  ( 12.94999999999999218, 9.400000000000000355, -12.94999999999999218 ) ) ;
#8020 = CARTESIAN_POINT ( 'NONE',  ( 12.82664718204931376, 14.26437500000001535, -5.312971222579575326 ) ) ;
#8021 = CARTESIAN_POINT ( 'NONE',  ( -12.69999999999998508, 1.114436518957424246E-14, 1.555301434917136855E-15 ) ) ;
#8022 = CARTESIAN_POINT ( 'NONE',  ( -5.312971222579573549, 12.04187500000001876, -12.82664718204931376 ) ) ;
#8023 = ORIENTED_EDGE ( 'NONE', *, *, #7837, .T. ) ;
#8024 = CARTESIAN_POINT ( 'NONE',  ( 38.60000000000000142, 8.266365894244635319E-16, -6.750000000000000888 ) ) ;
#8025 = AXIS2_PLACEMENT_3D ( 'NONE', #923, #7648, #7608 ) ;
#8026 = FACE_OUTER_BOUND ( 'NONE', #5097, .T. ) ;
#8027 = CALENDAR_DATE ( 2025, 13, 3 ) ;
#8028 = ADVANCED_FACE ( 'NONE', ( #1087 ), #3771, .T. ) ;
#8029 = EDGE_LOOP ( 'NONE', ( #1610, #6648, #4770 ) ) ;
#8030 = EDGE_LOOP ( 'NONE', ( #1942, #233 ) ) ;
#8031 = CARTESIAN_POINT ( 'NONE',  ( 12.69999999999996909, 12.98811978464833672, -9.023892744153249136E-14 ) ) ;
#8032 = DIRECTION ( 'NONE',  ( 0.000000000000000000, -1.224646799147353700E-16, 1.000000000000000000 ) ) ;
#8033 = PRODUCT_DEFINITION_SHAPE ( 'NONE', 'NONE',  #8692 ) ;
#8034 = DIRECTION ( 'NONE',  ( 0.000000000000000000, 0.000000000000000000, 1.000000000000000000 ) ) ;
#8035 = CARTESIAN_POINT ( 'NONE',  ( -4.929141392239914765, 15.11687500000001450, -11.89999999999996483 ) ) ;
#8036 = VERTEX_POINT ( 'NONE', #2727 ) ;
#8037 = CARTESIAN_POINT ( 'NONE',  ( -15.22582127265071783, 33.79999999999998295, -10.06137332587782929 ) ) ;
#8038 = AXIS2_PLACEMENT_3D ( 'NONE', #1361, #8585, #2492 ) ;
#8039 = FACE_BOUND ( 'NONE', #656, .T. ) ;
#8040 = ORIENTED_EDGE ( 'NONE', *, *, #1293, .T. ) ;
#8041 = ADVANCED_FACE ( 'NONE', ( #4603 ), #2960, .F. ) ;
#8042 = VERTEX_POINT ( 'NONE', #3944 ) ;
#8043 = DIRECTION ( 'NONE',  ( 0.000000000000000000, 0.000000000000000000, 1.000000000000000000 ) ) ;
#8044 = DIRECTION ( 'NONE',  ( 0.000000000000000000, 0.000000000000000000, 1.000000000000000000 ) ) ;
#8045 = ORIENTED_EDGE ( 'NONE', *, *, #1808, .F. ) ;
#8046 = CARTESIAN_POINT ( 'NONE',  ( -11.90000000000003233, 11.66562500000001812, -4.929141392239748676 ) ) ;
#8047 = CARTESIAN_POINT ( 'NONE',  ( -3.520579078826647113, -16.12066646117740731, 14.46806341457557998 ) ) ;
#8048 = EDGE_LOOP ( 'NONE', ( #3508, #8550, #823, #878 ) ) ;
#8049 = SECURITY_CLASSIFICATION_LEVEL ( 'unclassified' ) ;
#8050 = EDGE_CURVE ( 'NONE', #4278, #888, #4789, .T. ) ;
#8051 = DIRECTION ( 'NONE',  ( -0.000000000000000000, 1.000000000000000000, 1.224646799147353207E-16 ) ) ;
#8052 = VERTEX_POINT ( 'NONE', #3899 ) ;
#8053 = DIRECTION ( 'NONE',  ( 0.000000000000000000, 0.000000000000000000, -1.000000000000000000 ) ) ;
#8054 = CIRCLE ( 'NONE', #4273, 2.300000000000001155 ) ;
#8055 = ORIENTED_EDGE ( 'NONE', *, *, #4699, .F. ) ;
#8056 = CARTESIAN_POINT ( 'NONE',  ( -4.118495503215774178, 17.33991366554029767, 11.68185070660783431 ) ) ;
#8057 = CIRCLE ( 'NONE', #8326, 8.045708121834925564 ) ;
#8058 = CARTESIAN_POINT ( 'NONE',  ( 4.999999999999997335, 0.000000000000000000, 0.000000000000000000 ) ) ;
#8059 = CIRCLE ( 'NONE', #6384, 9.525000000000000355 ) ;
#8060 = DIRECTION ( 'NONE',  ( 0.000000000000000000, -0.4999999999999998890, -0.8660254037844385966 ) ) ;
#8061 = DIRECTION ( 'NONE',  ( 1.000000000000000000, 0.000000000000000000, 0.000000000000000000 ) ) ;
#8062 = CARTESIAN_POINT ( 'NONE',  ( -9.069809202314482732, 13.39125000000001720, -9.069809202314353058 ) ) ;
#8063 = DIRECTION ( 'NONE',  ( 0.000000000000000000, 0.000000000000000000, 1.000000000000000000 ) ) ;
#8064 = CARTESIAN_POINT ( 'NONE',  ( -9.069809202314482732, 10.85125000000002160, -9.069809202314353058 ) ) ;
#8066 = VERTEX_POINT ( 'NONE', #7240 ) ;
#8065 = CIRCLE ( 'NONE', #4281, 11.29999999999998472 ) ;
#8067 = CARTESIAN_POINT ( 'NONE',  ( 4.827671754811402316, 6.415804866369719583, 7.937500000000001776 ) ) ;
#8068 = CARTESIAN_POINT ( 'NONE',  ( 0.000000000000000000, 0.000000000000000000, 0.000000000000000000 ) ) ;
#8069 = AXIS2_PLACEMENT_3D ( 'NONE', #4870, #3592, #2814 ) ;
#8070 = ORIENTED_EDGE ( 'NONE', *, *, #4276, .T. ) ;
#8071 = VERTEX_POINT ( 'NONE', #2064 ) ;
#8072 = CARTESIAN_POINT ( 'NONE',  ( 4.929141392239731800, 11.34812500000001911, -11.90000000000004299 ) ) ;
#8073 = CARTESIAN_POINT ( 'NONE',  ( -5.260512242138207561, 12.44500521535169746, 12.70000000000000107 ) ) ;
#8074 = FACE_OUTER_BOUND ( 'NONE', #6972, .T. ) ;
#8075 = FACE_OUTER_BOUND ( 'NONE', #4729, .T. ) ;
#8076 = DIRECTION ( 'NONE',  ( 0.000000000000000000, 0.000000000000000000, -1.000000000000000000 ) ) ;
#8077 = TOROIDAL_SURFACE ( 'NONE', #4427, 2.700000000000000178, 0.3999999999999988565 ) ;
#8078 = VECTOR ( 'NONE', #2757, 1000.000000000000114 ) ;
#8079 = CARTESIAN_POINT ( 'NONE',  ( 4.929141392239922759, 15.75187500000001251, 11.89999999999996305 ) ) ;
#8080 = ORIENTED_EDGE ( 'NONE', *, *, #1967, .T. ) ;
#8081 = CARTESIAN_POINT ( 'NONE',  ( 24.00000000000000000, 0.000000000000000000, 0.000000000000000000 ) ) ;
#8082 = DIRECTION ( 'NONE',  ( 1.000000000000000000, -8.775090700452170181E-16, 0.000000000000000000 ) ) ;
#8083 = ADVANCED_FACE ( 'NONE', ( #1877 ), #855, .T. ) ;
#8084 = ADVANCED_FACE ( 'NONE', ( #7979 ), #2541, .T. ) ;
#8085 = ORIENTED_EDGE ( 'NONE', *, *, #8257, .F. ) ;
#8086 = DIRECTION ( 'NONE',  ( 1.000000000000000000, 0.000000000000000000, 0.000000000000000000 ) ) ;
#8087 = DIRECTION ( 'NONE',  ( 0.000000000000000000, 0.000000000000000000, 1.000000000000000000 ) ) ;
#8088 = ORIENTED_EDGE ( 'NONE', *, *, #3390, .F. ) ;
#8089 = CARTESIAN_POINT ( 'NONE',  ( 8.414570696119856308, 12.53875000000001627, -8.414570696119973547 ) ) ;
#8090 = DIRECTION ( 'NONE',  ( -0.000000000000000000, -1.000000000000000000, -0.000000000000000000 ) ) ;
#8091 = DATE_AND_TIME ( #4019, #5607 ) ;
#8092 = ADVANCED_FACE ( 'NONE', ( #2637 ), #7593, .T. ) ;
#8093 = ORIENTED_EDGE ( 'NONE', *, *, #2686, .T. ) ;
#8094 = CARTESIAN_POINT ( 'NONE',  ( -9.561168309938363308, 17.71278157674647602, -7.243094207288538477 ) ) ;
#8095 = CARTESIAN_POINT ( 'NONE',  ( 11.89999999999996305, 17.53937500000000327, -4.929141392239926311 ) ) ;
#8096 = ORIENTED_EDGE ( 'NONE', *, *, #7376, .T. ) ;
#8097 = CARTESIAN_POINT ( 'NONE',  ( 10.90839001700779320, 17.52464945135353247, 5.467600675558342616 ) ) ;
#8098 = ADVANCED_FACE ( 'NONE', ( #8026 ), #6523, .T. ) ;
#8099 = LINE ( 'NONE', #2180, #4915 ) ;
#8100 = PRODUCT_DEFINITION_SHAPE ( 'NONE', 'NONE',  #6433 ) ;
#8101 = EDGE_CURVE ( 'NONE', #8649, #1158, #6616, .T. ) ;
#8102 = CARTESIAN_POINT ( 'NONE',  ( -4.929141392239767328, 14.32312500000001165, 11.90000000000001101 ) ) ;
#8103 = CARTESIAN_POINT ( 'NONE',  ( -11.89999999999996305, 19.44437500000001151, 4.929141392239922759 ) ) ;
#8104 = CARTESIAN_POINT ( 'NONE',  ( 11.89688633677840457, 10.90214190883777867, 0.4091236347429801357 ) ) ;
#8105 = CARTESIAN_POINT ( 'NONE',  ( 1.725874147982923379, -5.311121375574489688E-16, 15.50423678951415596 ) ) ;
#8106 = ORIENTED_EDGE ( 'NONE', *, *, #6276, .F. ) ;
#8107 = FACE_OUTER_BOUND ( 'NONE', #8423, .T. ) ;
#8108 = DIRECTION ( 'NONE',  ( -0.000000000000000000, 1.000000000000000000, 1.224646799147353207E-16 ) ) ;
#8109 = COORDINATED_UNIVERSAL_TIME_OFFSET ( 8, 0, .AHEAD. ) ;
#8110 = EDGE_CURVE ( 'NONE', #210, #1049, #4098, .T. ) ;
#8111 = ORIENTED_EDGE ( 'NONE', *, *, #2800, .T. ) ;
#8112 = ORIENTED_EDGE ( 'NONE', *, *, #3152, .T. ) ;
#8113 = CARTESIAN_POINT ( 'NONE',  ( 5.000000000000000000, -8.248891971046781180, -4.762499999999998401 ) ) ;
#8114 = CARTESIAN_POINT ( 'NONE',  ( 1.166364368369171172E-15, 8.707163747216045024, 3.968749999999999112 ) ) ;
#8115 = PLANE ( 'NONE',  #3303 ) ;
#8116 = DIRECTION ( 'NONE',  ( 1.000000000000000000, -8.896017825522095502E-16, 0.000000000000000000 ) ) ;
#8117 = CARTESIAN_POINT ( 'NONE',  ( -8.414570696119854532, 10.43375000000002117, 8.414570696119975324 ) ) ;
#8118 = EDGE_LOOP ( 'NONE', ( #7697, #4785 ) ) ;
#8119 = DIRECTION ( 'NONE',  ( -8.775090700452169195E-16, -1.000000000000000000, -0.000000000000000000 ) ) ;
#8120 = CARTESIAN_POINT ( 'NONE',  ( -8.965523947390061453E-14, 17.77750000000000341, -11.89999999999999858 ) ) ;
#8121 = EDGE_CURVE ( 'NONE', #4342, #2190, #722, .T. ) ;
#8122 = AXIS2_PLACEMENT_3D ( 'NONE', #7259, #6114, #104 ) ;
#8123 = EDGE_LOOP ( 'NONE', ( #3024, #3176 ) ) ;
#8124 = CARTESIAN_POINT ( 'NONE',  ( 3.875309012068729242, 11.55014816997566029, 11.94345155821360471 ) ) ;
#8125 = VECTOR ( 'NONE', #3368, 1000.000000000000000 ) ;
#8126 = LINE ( 'NONE', #5926, #5367 ) ;
#8127 = VERTEX_POINT ( 'NONE', #3853 ) ;
#8128 = DIRECTION ( 'NONE',  ( -0.000000000000000000, -1.000000000000000000, -0.000000000000000000 ) ) ;
#8129 = DIRECTION ( 'NONE',  ( 0.000000000000000000, -0.8660254037844388186, -0.4999999999999998335 ) ) ;
#8130 = ADVANCED_FACE ( 'NONE', ( #512 ), #3375, .T. ) ;
#8131 = APPROVAL_ROLE ( '' ) ;
#8132 = ORIENTED_EDGE ( 'NONE', *, *, #4973, .T. ) ;
#8133 = EDGE_CURVE ( 'NONE', #3121, #1466, #5353, .T. ) ;
#8134 = DIRECTION ( 'NONE',  ( -1.000000000000000000, -0.000000000000000000, -0.000000000000000000 ) ) ;
#8135 = DIRECTION ( 'NONE',  ( -1.000000000000000000, -0.000000000000000000, -0.000000000000000000 ) ) ;
#8136 = CIRCLE ( 'NONE', #4221, 0.9999999999999991118 ) ;
#8137 = ADVANCED_FACE ( 'NONE', ( #1926 ), #17, .F. ) ;
#8138 = EDGE_CURVE ( 'NONE', #1297, #1304, #6599, .T. ) ;
#8139 = ORIENTED_EDGE ( 'NONE', *, *, #583, .T. ) ;
#8140 = CARTESIAN_POINT ( 'NONE',  ( -0.4999999999999998890, 4.500576986866522808E-16, -3.674999999999999822 ) ) ;
#8141 = DIRECTION ( 'NONE',  ( 0.7071067811865512365, 0.7071067811865439090, 8.659560562354971069E-17 ) ) ;
#8142 = CC_DESIGN_SECURITY_CLASSIFICATION ( #2534, ( #2833 ) ) ;
#8143 = ADVANCED_FACE ( 'NONE', ( #8635 ), #7448, .T. ) ;
#8144 = AXIS2_PLACEMENT_3D ( 'NONE', #4207, #3589, #1405 ) ;
#8145 = CARTESIAN_POINT ( 'NONE',  ( 12.69999999999996909, 16.79811978464832833, -9.023892744153249136E-14 ) ) ;
#8146 = ORGANIZATION ( 'NAUO-ORG3', 'UNSPECIFIED', 'UNSPECIFIED' ) ;
#8147 = CARTESIAN_POINT ( 'NONE',  ( 11.90000000000003588, 19.92062500000000114, 4.929141392239745123 ) ) ;
#8148 = ORIENTED_EDGE ( 'NONE', *, *, #7736, .F. ) ;
#8149 = CARTESIAN_POINT ( 'NONE',  ( 0.000000000000000000, 0.000000000000000000, 0.000000000000000000 ) ) ;
#8150 = ADVANCED_FACE ( 'NONE', ( #2681 ), #3658, .F. ) ;
#8151 = PRODUCT_RELATED_PRODUCT_CATEGORY ( 'detail', '', ( #2645 ) ) ;
#8152 = DIRECTION ( 'NONE',  ( -9.800697604388738773E-17, 1.000000000000000000, -0.000000000000000000 ) ) ;
#8153 = CALENDAR_DATE ( 2025, 13, 3 ) ;
#8154 = ORIENTED_EDGE ( 'NONE', *, *, #2639, .T. ) ;
#8155 = VERTEX_POINT ( 'NONE', #4695 ) ;
#8156 = CARTESIAN_POINT ( 'NONE',  ( 4.963898969966152208, -7.332348418708249049, -6.349999999999999645 ) ) ;
#8157 = CARTESIAN_POINT ( 'NONE',  ( 0.000000000000000000, 0.000000000000000000, 13.00000000000000000 ) ) ;
#8158 = DIRECTION ( 'NONE',  ( 9.800697604388738773E-17, -1.000000000000000000, 0.000000000000000000 ) ) ;
#8159 = DIRECTION ( 'NONE',  ( -8.775090700452169195E-16, -1.000000000000000000, -0.000000000000000000 ) ) ;
#8160 = CARTESIAN_POINT ( 'NONE',  ( 12.82664718204939192, 19.18562500000000171, 5.312971222579391473 ) ) ;
#8161 = EDGE_LOOP ( 'NONE', ( #7394, #7997, #8416, #6261 ) ) ;
#8162 = CARTESIAN_POINT ( 'NONE',  ( 10.76942092117335115, -16.12066646117741797, 10.28294262558368466 ) ) ;
#8163 = CARTESIAN_POINT ( 'NONE',  ( 2.479909768273389906E-15, 32.79999999999999716, 20.24999999999999645 ) ) ;
#8164 = DIRECTION ( 'NONE',  ( -0.000000000000000000, -1.000000000000000000, -0.000000000000000000 ) ) ;
#8165 = AXIS2_PLACEMENT_3D ( 'NONE', #2427, #7825, #7739 ) ;
#8166 = MANIFOLD_SOLID_BREP ( '旋转1', #7823 ) ;
#8167 = ORIENTED_EDGE ( 'NONE', *, *, #2360, .F. ) ;
#8168 = CONICAL_SURFACE ( 'NONE', #4678, 2.499999999999998668, 1.029744258676653867 ) ;
#8169 = CARTESIAN_POINT ( 'NONE',  ( -1.234750609217242889, 11.49797866629050169, 12.44316257276878268 ) ) ;
#8170 = CARTESIAN_POINT ( 'NONE',  ( -0.2914568337773919549, 1.075590867456486022, -2.033843972934303856 ) ) ;
#8171 = VERTEX_POINT ( 'NONE', #6134 ) ;
#8172 = CARTESIAN_POINT ( 'NONE',  ( 4.605170801781708789, -10.99852262806237313, 4.928329209517584241E-15 ) ) ;
#8173 = CARTESIAN_POINT ( 'NONE',  ( 8.980256121069066566, 15.68686978464833182, -8.980256121069194464 ) ) ;
#8174 = CALENDAR_DATE ( 2025, 13, 3 ) ;
#8175 = AXIS2_PLACEMENT_3D ( 'NONE', #5586, #2225, #1729 ) ;
#8176 = ORIENTED_EDGE ( 'NONE', *, *, #7994, .T. ) ;
#8177 = DIRECTION ( 'NONE',  ( 0.000000000000000000, 0.000000000000000000, 1.000000000000000000 ) ) ;
#8178 = CARTESIAN_POINT ( 'NONE',  ( 40.20000000000001705, 0.000000000000000000, 0.000000000000000000 ) ) ;
#8179 = VERTEX_POINT ( 'NONE', #7546 ) ;
#8180 = CARTESIAN_POINT ( 'NONE',  ( -11.21450320915692167, 17.23999573774951344, 5.445254654615442114 ) ) ;
#8181 = CARTESIAN_POINT ( 'NONE',  ( 11.69999999999999929, 9.400000000000002132, -12.94999999999999218 ) ) ;
#8182 = EDGE_CURVE ( 'NONE', #4582, #2725, #4866, .T. ) ;
#8183 = AXIS2_PLACEMENT_3D ( 'NONE', #1444, #6878, #2188 ) ;
#8184 = EDGE_CURVE ( 'NONE', #5478, #467, #2771, .T. ) ;
#8185 = CARTESIAN_POINT ( 'NONE',  ( 0.000000000000000000, 24.89999999999999858, 0.000000000000000000 ) ) ;
#8186 = CARTESIAN_POINT ( 'NONE',  ( 12.82664718204939192, 11.56562500000001847, 5.312971222579391473 ) ) ;
#8187 = CARTESIAN_POINT ( 'NONE',  ( -15.22582127265071783, 34.29999999999999716, -4.561373325877820406 ) ) ;
#8188 = VERTEX_POINT ( 'NONE', #6922 ) ;
#8189 = CARTESIAN_POINT ( 'NONE',  ( -9.405474817352382999, -1.384472845940716512, 11.07041727578486245 ) ) ;
#8190 = DIRECTION ( 'NONE',  ( 0.000000000000000000, 0.000000000000000000, 1.000000000000000000 ) ) ;
#8191 = CALENDAR_DATE ( 2025, 13, 3 ) ;
#8192 = CIRCLE ( 'NONE', #4406, 9.000000000000005329 ) ;
#8193 = CONICAL_SURFACE ( 'NONE', #2598, 12.69999999999998863, 0.7853981633974418397 ) ;
#8194 = AXIS2_PLACEMENT_3D ( 'NONE', #6371, #3128, #5054 ) ;
#8195 = EDGE_LOOP ( 'NONE', ( #2784, #4605 ) ) ;
#8196 = CARTESIAN_POINT ( 'NONE',  ( 12.69999999999990159, 11.79749478464834134, -5.260512242138413619 ) ) ;
#8197 = VECTOR ( 'NONE', #8535, 1000.000000000000000 ) ;
#8198 = CARTESIAN_POINT ( 'NONE',  ( 0.03610103003384669551, 9.165435523385314198, 3.175000000000001599 ) ) ;
#8199 = CARTESIAN_POINT ( 'NONE',  ( 0.07255924427894937245, 1.045198276476618782, -2.048795178202053258 ) ) ;
#8200 = CARTESIAN_POINT ( 'NONE',  ( -13.44999999999999929, 8.900000000000016342, -12.94999999999999218 ) ) ;
#8201 = CARTESIAN_POINT ( 'NONE',  ( -5.312971222579396802, 18.86812500000001336, 12.82664718204939014 ) ) ;
#8202 = VERTEX_POINT ( 'NONE', #2143 ) ;
#8203 = DIRECTION ( 'NONE',  ( 8.775090700452169195E-16, 1.000000000000000000, 0.000000000000000000 ) ) ;
#8204 = CIRCLE ( 'NONE', #2184, 0.2999999999999999334 ) ;
#8205 = CARTESIAN_POINT ( 'NONE',  ( -5.260512242138382533, 14.50875521535169632, -12.69999999999992824 ) ) ;
#8206 = ORIENTED_EDGE ( 'NONE', *, *, #8336, .T. ) ;
#8207 = EDGE_CURVE ( 'NONE', #1545, #4342, #4125, .T. ) ;
#8208 = AXIS2_PLACEMENT_3D ( 'NONE', #7511, #6846, #5484 ) ;
#8209 = B_SPLINE_CURVE_WITH_KNOTS ( 'NONE', 3,
 ( #646, #4645, #2013, #548 ),
 .UNSPECIFIED., .F., .F.,
 ( 4, 4 ),
 ( 0.01118968547759081715, 0.01669505163429730807 ),
 .UNSPECIFIED. ) ;
#8210 = VERTEX_POINT ( 'NONE', #6795 ) ;
#8211 = CONICAL_SURFACE ( 'NONE', #6251, 11.00000000000000000, 1.308996938995746762 ) ;
#8212 = AXIS2_PLACEMENT_3D ( 'NONE', #3207, #437, #6450 ) ;
#8213 = CARTESIAN_POINT ( 'NONE',  ( 7.736750521787013390, 11.59540588233393876, 9.947217074270039205 ) ) ;
#8214 = DIRECTION ( 'NONE',  ( 0.000000000000000000, -1.224646799147353700E-16, 1.000000000000000000 ) ) ;
#8215 = ORIENTED_EDGE ( 'NONE', *, *, #6918, .F. ) ;
#8216 = CARTESIAN_POINT ( 'NONE',  ( -11.69999999999998863, 1.026685611952902761E-14, 1.432836755002401707E-15 ) ) ;
#8217 = CARTESIAN_POINT ( 'NONE',  ( 17.47810899155977893, 2.300000000000001599, 0.000000000000000000 ) ) ;
#8218 = PERSON_AND_ORGANIZATION ( #129, #430 ) ;
#8219 = EDGE_CURVE ( 'NONE', #8066, #3494, #2445, .T. ) ;
#8220 = VERTEX_POINT ( 'NONE', #4824 ) ;
#8221 = CARTESIAN_POINT ( 'NONE',  ( 33.49999999999999289, 7.531577814756219106E-16, -5.949999999999996625 ) ) ;
#8222 = DIRECTION ( 'NONE',  ( -0.000000000000000000, -1.000000000000000000, -0.000000000000000000 ) ) ;
#8223 = VERTEX_POINT ( 'NONE', #7498 ) ;
#8224 = CARTESIAN_POINT ( 'NONE',  ( -12.09627401729811069, 17.21453842224014252, 3.196259599275232510 ) ) ;
#8225 =( LENGTH_UNIT ( ) NAMED_UNIT ( * ) SI_UNIT ( .MILLI., .METRE. ) );
#8226 = DIRECTION ( 'NONE',  ( -0.000000000000000000, 1.000000000000000000, -0.000000000000000000 ) ) ;
#8227 = DIRECTION ( 'NONE',  ( 0.000000000000000000, 0.000000000000000000, 1.000000000000000000 ) ) ;
#8228 = CIRCLE ( 'NONE', #7405, 3.175000000000006484 ) ;
#8229 = CARTESIAN_POINT ( 'NONE',  ( -4.929141392239914765, 14.04687500000001776, -11.89999999999996483 ) ) ;
#8230 = FACE_OUTER_BOUND ( 'NONE', #4976, .T. ) ;
#8231 = ORIENTED_EDGE ( 'NONE', *, *, #1896, .F. ) ;
#8232 = DIRECTION ( 'NONE',  ( 0.000000000000000000, 0.000000000000000000, 1.000000000000000000 ) ) ;
#8233 = DIRECTION ( 'NONE',  ( 0.000000000000000000, -1.224646799147353454E-16, 1.000000000000000000 ) ) ;
#8234 = APPROVAL_DATE_TIME ( #207, #5672 ) ;
#8235 = EDGE_CURVE ( 'NONE', #3826, #5368, #4927, .T. ) ;
#8236 = TOROIDAL_SURFACE ( 'NONE', #5707, 7.060900368822720985, 0.9999999999999991118 ) ;
#8237 = CIRCLE ( 'NONE', #3488, 12.69999999999998863 ) ;
#8238 = DIRECTION ( 'NONE',  ( 0.000000000000000000, 0.000000000000000000, 1.000000000000000000 ) ) ;
#8239 = PRODUCT_DEFINITION ( '未知', '', #2262, #3017 ) ;
#8240 = CARTESIAN_POINT ( 'NONE',  ( 12.39381191565516360, 11.44553358200161775, -1.313075787246421156 ) ) ;
#8241 = CARTESIAN_POINT ( 'NONE',  ( 15.22582127265072316, 30.49999999999999645, 10.06137332587782929 ) ) ;
#8242 = CARTESIAN_POINT ( 'NONE',  ( 8.414570696119975324, 12.02125000000001798, 8.414570696119856308 ) ) ;
#8243 = ORIENTED_EDGE ( 'NONE', *, *, #5595, .T. ) ;
#8244 = DIRECTION ( 'NONE',  ( 0.000000000000000000, 0.000000000000000000, 1.000000000000000000 ) ) ;
#8245 = CARTESIAN_POINT ( 'NONE',  ( 5.260512242138204897, 14.35000521535169682, -12.70000000000000284 ) ) ;
#8246 = EDGE_CURVE ( 'NONE', #7085, #4662, #6184, .T. ) ;
#8247 = VERTEX_POINT ( 'NONE', #5519 ) ;
#8248 = EDGE_CURVE ( 'NONE', #8684, #5779, #5885, .T. ) ;
#8249 = ORIENTED_EDGE ( 'NONE', *, *, #3992, .T. ) ;
#8250 = ORIENTED_EDGE ( 'NONE', *, *, #7074, .F. ) ;
#8251 = ORIENTED_EDGE ( 'NONE', *, *, #6536, .F. ) ;
#8252 = DIRECTION ( 'NONE',  ( -0.000000000000000000, -0.000000000000000000, -1.000000000000000000 ) ) ;
#8253 = CARTESIAN_POINT ( 'NONE',  ( -0.5608904233199663025, 1.177517174045585868, -1.976580462623437784 ) ) ;
#8254 = ORIENTED_EDGE ( 'NONE', *, *, #8385, .T. ) ;
#8255 = CARTESIAN_POINT ( 'NONE',  ( 9.564848863492874352E-15, 10.90000000000001101, 0.000000000000000000 ) ) ;
#8256 = CARTESIAN_POINT ( 'NONE',  ( -10.61987304526799214, 17.80000000000002203, -5.369198869700185561 ) ) ;
#8257 = EDGE_CURVE ( 'NONE', #4123, #2983, #6881, .T. ) ;
#8258 = APPROVAL_ROLE ( '' ) ;
#8259 = APPROVAL ( #5083, '未指定' ) ;
#8260 = ORIENTED_EDGE ( 'NONE', *, *, #6750, .F. ) ;
#8261 = CIRCLE ( 'NONE', #1677, 2.475000000000000089 ) ;
#8262 = CARTESIAN_POINT ( 'NONE',  ( 4.727341836011849985, 4.587364300110933435, -9.524999999999996803 ) ) ;
#8263 = VERTEX_POINT ( 'NONE', #7417 ) ;
#8264 = CARTESIAN_POINT ( 'NONE',  ( 12.27635182233307987, 0.000000000000000000, 3.703925678971643265 ) ) ;
#8265 = AXIS2_PLACEMENT_3D ( 'NONE', #6213, #7406, #4816 ) ;
#8266 = CARTESIAN_POINT ( 'NONE',  ( -8.308988999489114440E-14, 11.42750000000001975, -11.89999999999999858 ) ) ;
#8267 = CARTESIAN_POINT ( 'NONE',  ( -12.13643577123406203, 11.28881516175752431, -1.970045259178705432 ) ) ;
#8268 = CARTESIAN_POINT ( 'NONE',  ( 11.89999999999999858, 14.92000000000001236, -8.455458555545188678E-14 ) ) ;
#8269 = FACE_OUTER_BOUND ( 'NONE', #726, .T. ) ;
#8270 = EDGE_CURVE ( 'NONE', #4412, #7496, #6050, .T. ) ;
#8271 = VERTEX_POINT ( 'NONE', #782 ) ;
#8272 = DIRECTION ( 'NONE',  ( -8.775090700452169195E-16, -1.000000000000000000, -0.000000000000000000 ) ) ;
#8273 = LOCAL_TIME ( 22, 24, 23.00000000000000000, #1627 ) ;
#8274 = CARTESIAN_POINT ( 'NONE',  ( -12.69999999999991225, 13.55625521535169575, 5.260512242138404737 ) ) ;
#8275 = CALENDAR_DATE ( 2025, 13, 3 ) ;
#8276 = APPROVAL_PERSON_ORGANIZATION ( #2772, #6224, #168 ) ;
#8277 = DIRECTION ( 'NONE',  ( 0.000000000000000000, 0.000000000000000000, 1.000000000000000000 ) ) ;
#8278 = CIRCLE ( 'NONE', #4357, 15.59999999999999964 ) ;
#8279 = LINE ( 'NONE', #4946, #1814 ) ;
#8280 = CARTESIAN_POINT ( 'NONE',  ( -5.312971222579573549, 20.93187500000000512, -12.82664718204931376 ) ) ;
#8281 = DIRECTION ( 'NONE',  ( -0.000000000000000000, 1.000000000000000000, -0.000000000000000000 ) ) ;
#8282 = CARTESIAN_POINT ( 'NONE',  ( 8.528325040094458741E-14, 10.59250000000002245, 11.89999999999999858 ) ) ;
#8283 = VERTEX_POINT ( 'NONE', #5435 ) ;
#8284 = CARTESIAN_POINT ( 'NONE',  ( -4.929141392239717590, 16.86312500000001080, 11.90000000000006430 ) ) ;
#8285 = DIRECTION ( 'NONE',  ( -0.000000000000000000, 1.000000000000000000, -0.000000000000000000 ) ) ;
#8286 = CARTESIAN_POINT ( 'NONE',  ( 39.70000000000001705, 3.675000000000008260, 0.000000000000000000 ) ) ;
#8287 = LOCAL_TIME ( 22, 24, 23.00000000000000000, #6923 ) ;
#8288 = ADVANCED_FACE ( 'NONE', ( #206 ), #1488, .F. ) ;
#8289 = AXIS2_PLACEMENT_3D ( 'NONE', #2478, #3136, #5987 ) ;
#8290 = ORIENTED_EDGE ( 'NONE', *, *, #4665, .F. ) ;
#8291 = ORIENTED_EDGE ( 'NONE', *, *, #7333, .T. ) ;
#8292 = CARTESIAN_POINT ( 'NONE',  ( 0.000000000000000000, 17.80000000000000071, -11.89999999999999858 ) ) ;
#8293 = VECTOR ( 'NONE', #1985, 1000.000000000000000 ) ;
#8294 = CARTESIAN_POINT ( 'NONE',  ( 0.000000000000000000, 1.042832680730699568, -2.050000000000001155 ) ) ;
#8295 = VERTEX_POINT ( 'NONE', #820 ) ;
#8296 = DIRECTION ( 'NONE',  ( 0.000000000000000000, -1.000000000000000000, 0.000000000000000000 ) ) ;
#8297 = DIRECTION ( 'NONE',  ( 0.7071067811865487940, -0.7071067811865463515, 1.837086636568278853E-16 ) ) ;
#8298 = EDGE_CURVE ( 'NONE', #5228, #2635, #2898, .T. ) ;
#8299 = VECTOR ( 'NONE', #5230, 1000.000000000000114 ) ;
#8300 = PERSON_AND_ORGANIZATION ( #129, #430 ) ;
#8301 = VERTEX_POINT ( 'NONE', #1577 ) ;
#8302 = CARTESIAN_POINT ( 'NONE',  ( 1.561966144680487038E-14, 17.80000000000001137, 0.000000000000000000 ) ) ;
#8303 = VERTEX_POINT ( 'NONE', #245 ) ;
#8304 = FACE_OUTER_BOUND ( 'NONE', #5209, .T. ) ;
#8305 = CIRCLE ( 'NONE', #5509, 6.349999999999997868 ) ;
#8306 = EDGE_CURVE ( 'NONE', #3774, #3826, #1426, .T. ) ;
#8307 = B_SPLINE_CURVE_WITH_KNOTS ( 'NONE', 3,
 ( #6749, #3193, #8104, #80 ),
 .UNSPECIFIED., .F., .F.,
 ( 4, 4 ),
 ( 0.07654802094401999546, 0.07716221106804667385 ),
 .UNSPECIFIED. ) ;
#8308 = FACE_OUTER_BOUND ( 'NONE', #8161, .T. ) ;
#8309 = CARTESIAN_POINT ( 'NONE',  ( 41.00000000000000000, 0.000000000000000000, 0.000000000000000000 ) ) ;
#8310 = CARTESIAN_POINT ( 'NONE',  ( 4.929141392239922759, 14.68187500000001044, 11.89999999999996305 ) ) ;
#8311 = CARTESIAN_POINT ( 'NONE',  ( 46.70000000000001705, 0.000000000000000000, 0.000000000000000000 ) ) ;
#8312 = VERTEX_POINT ( 'NONE', #85 ) ;
#8313 = LINE ( 'NONE', #1736, #8438 ) ;
#8314 = CARTESIAN_POINT ( 'NONE',  ( -13.70000000000000107, -17.69999999999999929, 0.000000000000000000 ) ) ;
#8315 = AXIS2_PLACEMENT_3D ( 'NONE', #2100, #164, #4122 ) ;
#8316 = VERTEX_POINT ( 'NONE', #3420 ) ;
#8317 = FACE_OUTER_BOUND ( 'NONE', #5632, .T. ) ;
#8318 = DIRECTION ( 'NONE',  ( -0.7071067811865474617, 2.595999626617807824E-15, 0.7071067811865474617 ) ) ;
#8319 = FACE_OUTER_BOUND ( 'NONE', #4656, .T. ) ;
#8320 = CARTESIAN_POINT ( 'NONE',  ( 9.192421541439370070E-14, 16.40750000000001307, 12.82664718204935106 ) ) ;
#8321 = ORIENTED_EDGE ( 'NONE', *, *, #7399, .F. ) ;
#8322 = CIRCLE ( 'NONE', #769, 15.59999999999999964 ) ;
#8323 = CARTESIAN_POINT ( 'NONE',  ( 4.999999999999997335, 0.000000000000000000, 0.000000000000000000 ) ) ;
#8324 = DIRECTION ( 'NONE',  ( 0.000000000000000000, -1.000000000000000000, 0.000000000000000000 ) ) ;
#8325 = CALENDAR_DATE ( 2025, 13, 3 ) ;
#8326 = AXIS2_PLACEMENT_3D ( 'NONE', #3827, #3083, #6495 ) ;
#8327 = AXIS2_PLACEMENT_3D ( 'NONE', #4552, #7326, #3939 ) ;
#8328 = EDGE_LOOP ( 'NONE', ( #758, #5491, #3760, #1330 ) ) ;
#8329 = DIRECTION ( 'NONE',  ( -1.000000000000000000, -0.000000000000000000, -0.000000000000000000 ) ) ;
#8330 = CARTESIAN_POINT ( 'NONE',  ( -6.455524453281912933, 11.43997482211775818, 10.66324508586180642 ) ) ;
#8331 = CARTESIAN_POINT ( 'NONE',  ( -1.929386537009424307, 2.193008021375984828, -0.7064858967516580712 ) ) ;
#8332 = VERTEX_POINT ( 'NONE', #3060 ) ;
#8333 = LINE ( 'NONE', #7855, #2606 ) ;
#8334 = AXIS2_PLACEMENT_3D ( 'NONE', #1082, #2449, #4295 ) ;
#8335 = ORIENTED_EDGE ( 'NONE', *, *, #1559, .F. ) ;
#8336 = EDGE_CURVE ( 'NONE', #3241, #6937, #5110, .T. ) ;
#8337 = APPROVAL_DATE_TIME ( #5659, #4672 ) ;
#8338 = ADVANCED_FACE ( 'NONE', ( #1612 ), #1568, .F. ) ;
#8339 = VECTOR ( 'NONE', #2361, 1000.000000000000000 ) ;
#8340 = EDGE_LOOP ( 'NONE', ( #8249, #3433, #2439 ) ) ;
#8341 = CARTESIAN_POINT ( 'NONE',  ( 0.000000000000000000, 0.000000000000000000, 0.000000000000000000 ) ) ;
#8342 = AXIS2_PLACEMENT_3D ( 'NONE', #3384, #95, #4609 ) ;
#8343 = ORIENTED_EDGE ( 'NONE', *, *, #6203, .T. ) ;
#8344 = CARTESIAN_POINT ( 'NONE',  ( 1.725874147982922047, -15.69047268157664021, 15.50423678951415241 ) ) ;
#8345 = EDGE_CURVE ( 'NONE', #6243, #2725, #2127, .T. ) ;
#8346 = CARTESIAN_POINT ( 'NONE',  ( 1.676189835216507440, 0.9715197356752061086, 1.208309796895569832 ) ) ;
#8347 = CARTESIAN_POINT ( 'NONE',  ( 4.111694818790779138, 11.06323535961699989, -11.34779056330348723 ) ) ;
#8348 = CARTESIAN_POINT ( 'NONE',  ( 8.414570696119856308, 16.34875000000000966, -8.414570696119973547 ) ) ;
#8349 = CARTESIAN_POINT ( 'NONE',  ( 9.000000000000001776, -11.19999999999999929, -11.89999999999999147 ) ) ;
#8350 = ORIENTED_EDGE ( 'NONE', *, *, #6583, .T. ) ;
#8351 = CARTESIAN_POINT ( 'NONE',  ( -4.929141392239931641, 15.31687500000001023, -11.89999999999995772 ) ) ;
#8352 = CARTESIAN_POINT ( 'NONE',  ( 8.980256121069194464, 14.09936978464833501, 8.980256121069066566 ) ) ;
#8353 = PERSON_AND_ORGANIZATION ( #1481, #5355 ) ;
#8354 = ADVANCED_FACE ( 'NONE', ( #7630 ), #2968, .T. ) ;
#8355 = DESIGN_CONTEXT ( 'detailed design', #6470, 'design' ) ;
#8356 = AXIS2_PLACEMENT_3D ( 'NONE', #5293, #8524, #4026 ) ;
#8357 = CARTESIAN_POINT ( 'NONE',  ( 3.174999999999999822, 3.888253587292845095E-16, 0.000000000000000000 ) ) ;
#8358 = DIRECTION ( 'NONE',  ( -1.000000000000000000, -0.000000000000000000, -0.000000000000000000 ) ) ;
#8359 = CARTESIAN_POINT ( 'NONE',  ( 0.2726581639881549002, -4.587364300110933435, -9.524999999999996803 ) ) ;
#8360 = DIRECTION ( 'NONE',  ( -0.000000000000000000, -0.000000000000000000, -1.000000000000000000 ) ) ;
#8361 = CARTESIAN_POINT ( 'NONE',  ( -5.312971222579573549, 17.12187500000000639, -12.82664718204931376 ) ) ;
#8362 = VERTEX_POINT ( 'NONE', #1116 ) ;
#8363 = DIRECTION ( 'NONE',  ( 8.881784197001252323E-16, 0.000000000000000000, 1.000000000000000000 ) ) ;
#8364 = EDGE_CURVE ( 'NONE', #7213, #6497, #3391, .T. ) ;
#8365 = DIRECTION ( 'NONE',  ( -8.775090700452169195E-16, -1.000000000000000000, -0.000000000000000000 ) ) ;
#8366 = VECTOR ( 'NONE', #7820, 1000.000000000000000 ) ;
#8367 = APPROVAL_ROLE ( '' ) ;
#8368 = ORIENTED_EDGE ( 'NONE', *, *, #7117, .T. ) ;
#8369 = CARTESIAN_POINT ( 'NONE',  ( 44.00000000000000000, 0.000000000000000000, 0.000000000000000000 ) ) ;
#8370 = CARTESIAN_POINT ( 'NONE',  ( 14.29000000000000448, -2.009527318423362630, 6.257467538869049051 ) ) ;
#8371 = PLANE ( 'NONE',  #3366 ) ;
#8372 = DIRECTION ( 'NONE',  ( 1.000000000000000000, -8.746504920891471725E-16, 0.000000000000000000 ) ) ;
#8373 = EDGE_CURVE ( 'NONE', #1179, #6876, #4521, .T. ) ;
#8374 = CARTESIAN_POINT ( 'NONE',  ( 0.000000000000000000, 0.000000000000000000, 8.099999999999999645 ) ) ;
#8375 = EDGE_LOOP ( 'NONE', ( #3651, #3562, #7256, #7577 ) ) ;
#8376 = CARTESIAN_POINT ( 'NONE',  ( 5.000000000000000000, -10.99852262806237313, 4.928329209517584241E-15 ) ) ;
#8377 = AXIS2_PLACEMENT_3D ( 'NONE', #1187, #1770, #3046 ) ;
#8378 = DIRECTION ( 'NONE',  ( -1.000000000000000000, -0.000000000000000000, -0.000000000000000000 ) ) ;
#8379 = EDGE_CURVE ( 'NONE', #5609, #2560, #8278, .T. ) ;
#8380 = DATE_AND_TIME ( #7570, #6316 ) ;
#8381 =( BOUNDED_SURFACE ( )  B_SPLINE_SURFACE ( 1, 2, ( 
 ( #7802, #2323, #5076, #8280, #6268, #3766, #251, #2934, #2278, #4989, #5034, #7715, #1703, #5728, #4375, #1035, #6399, #383, #4257, #3066, #4422, #6926, #8403, #1123, #3938, #463, #547, #1309, #5952, #3809, #6560, #6518, #645, #3325, #7278, #3894, #8629, #5851, #6656, #3238, #5899, #507, #2488, #7137, #7932, #1920, #1789, #4597, #3153, #8581, #7889, #6003, #6479, #1870, #2585, #3192, #5254, #8534, #8676, #1163, #2632, #5812, #8491, #3983, #5160, #7840, #1826, #3847, #2535, #4551, #4508, #3278, #1260, #6612, #5206, #595, #2675, #5303, #4466, #1965, #7182, #7234, #7974, #4644, #7325, #5345, #1210, #8020, #860, #3542, #2096, #4690, #777, #6748, #3459, #4203, #733, #3414, #8062, #7493, #5514, #4776, #30, #6130, #1441, #2139, #1482, #1524, #2722, #6172, #6790, #123, #4163, #7541, #3498, #6087, #6877, #5388, #6833, #162, #6219, #8186, #2059, #201, #4119, #2766, #5471, #2802, #816 ),
 ( #2849, #4820, #2186, #4861, #1398, #2892, #79, #2012, #7366, #8147, #1357, #4032, #4733, #687, #6702, #8103, #3369, #6044, #7411, #4075, #5430, #7452, #375, #6295, #6259, #240, #6543, #3711, #7867, #1607, #4901, #7706, #4248, #4321, #5186, #1026, #7585, #1649, #4285, #4533, #7209, #2353, #7668, #6390, #937, #1854, #6993, #979, #6959, #2926, #2229, #3009, #5678, #5555, #8348, #6917, #3666, #2962, #1190, #1572, #5630, #6345, #3622, #326, #279, #3876, #4939, #3056, #899, #3584, #531, #5590, #8268, #2268, #7626, #8310, #2310, #4979, #7036, #5022, #1690, #4365, #5720, #8229, #8393, #2515, #3397, #1901, #4579, #1380, #9, #6026, #1335, #2566, #3220, #4759, #7436, #5983, #8564, #4670, #1948, #7349, #8089, #4623, #7306, #3261, #2705, #714, #8656, #3919, #4014, #5328, #5373, #8046, #5414, #6589, #4057, #1994, #6684, #2039, #2750, #7395, #1291, #2084, #576, #4719, #6729, #1423, #6073 ) ),
 .UNSPECIFIED., .F., .F., .T. ) 
 B_SPLINE_SURFACE_WITH_KNOTS ( ( 2, 2 ),
 ( 3, 2, 2, 2, 2, 2, 2, 2, 2, 2, 2, 2, 2, 2, 2, 2, 2, 2, 2, 2, 2, 2, 2, 2, 2, 2, 2, 2, 2, 2, 2, 2, 2, 2, 2, 2, 2, 2, 2, 2, 2, 2, 2, 2, 2, 2, 2, 2, 2, 2, 2, 2, 2, 2, 2, 2, 2, 2, 2, 2, 2, 2, 2, 2, 3 ),
 ( 0.000000000000000000, 1.000000000000000000 ),
 ( 0.000000000000000000, 0.01562500000000000000, 0.03125000000000000000, 0.04687500000000000000, 0.06250000000000000000, 0.07812500000000000000, 0.09375000000000000000, 0.1093750000000000000, 0.1250000000000000000, 0.1406250000000000000, 0.1562500000000000000, 0.1718750000000000000, 0.1875000000000000000, 0.2031250000000000000, 0.2187500000000000000, 0.2343750000000000000, 0.2500000000000000000, 0.2656250000000000000, 0.2812500000000000000, 0.2968750000000000000, 0.3125000000000000000, 0.3281250000000000000, 0.3437500000000000000, 0.3593750000000000000, 0.3750000000000000000, 0.3906250000000000000, 0.4062500000000000000, 0.4218750000000000000, 0.4375000000000000000, 0.4531250000000000000, 0.4687500000000000000, 0.4843750000000000000, 0.5000000000000000000, 0.5156250000000000000, 0.5312500000000000000, 0.5468750000000000000, 0.5625000000000000000, 0.5781250000000000000, 0.5937500000000000000, 0.6093750000000000000, 0.6250000000000000000, 0.6406250000000000000, 0.6562500000000000000, 0.6718750000000000000, 0.6875000000000000000, 0.7031250000000000000, 0.7187500000000000000, 0.7343750000000000000, 0.7500000000000000000, 0.7656250000000000000, 0.7812500000000000000, 0.7968750000000000000, 0.8125000000000000000, 0.8281250000000000000, 0.8437500000000000000, 0.8593750000000000000, 0.8750000000000000000, 0.8906250000000000000, 0.9062500000000000000, 0.9218750000000000000, 0.9375000000000000000, 0.9531250000000000000, 0.9687500000000000000, 0.9843750000000000000, 1.000000000000000000 ),
 .UNSPECIFIED. ) 
 GEOMETRIC_REPRESENTATION_ITEM ( )  RATIONAL_B_SPLINE_SURFACE ( (
 ( 1.000000000000000000, 0.9238795325112867385, 1.000000000000000000, 0.9238795325112867385, 1.000000000000000000, 0.9238795325112867385, 1.000000000000000000, 0.9238795325112867385, 1.000000000000000000, 0.9238795325112867385, 1.000000000000000000, 0.9238795325112867385, 1.000000000000000000, 0.9238795325112867385, 1.000000000000000000, 0.9238795325112867385, 1.000000000000000000, 0.9238795325112867385, 1.000000000000000000, 0.9238795325112867385, 1.000000000000000000, 0.9238795325112867385, 1.000000000000000000, 0.9238795325112867385, 1.000000000000000000, 0.9238795325112867385, 1.000000000000000000, 0.9238795325112867385, 1.000000000000000000, 0.9238795325112867385, 1.000000000000000000, 0.9238795325112867385, 1.000000000000000000, 0.9238795325112867385, 1.000000000000000000, 0.9238795325112867385, 1.000000000000000000, 0.9238795325112867385, 1.000000000000000000, 0.9238795325112867385, 1.000000000000000000, 0.9238795325112867385, 1.000000000000000000, 0.9238795325112867385, 1.000000000000000000, 0.9238795325112867385, 1.000000000000000000, 0.9238795325112867385, 1.000000000000000000, 0.9238795325112867385, 1.000000000000000000, 0.9238795325112867385, 1.000000000000000000, 0.9238795325112867385, 1.000000000000000000, 0.9238795325112867385, 1.000000000000000000, 0.9238795325112867385, 1.000000000000000000, 0.9238795325112867385, 1.000000000000000000, 0.9238795325112867385, 1.000000000000000000, 0.9238795325112867385, 1.000000000000000000, 0.9238795325112867385, 1.000000000000000000, 0.9238795325112867385, 1.000000000000000000, 0.9238795325112867385, 1.000000000000000000, 0.9238795325112867385, 1.000000000000000000, 0.9238795325112867385, 1.000000000000000000, 0.9238795325112867385, 1.000000000000000000, 0.9238795325112867385, 1.000000000000000000, 0.9238795325112867385, 1.000000000000000000, 0.9238795325112867385, 1.000000000000000000, 0.9238795325112867385, 1.000000000000000000, 0.9238795325112867385, 1.000000000000000000, 0.9238795325112867385, 1.000000000000000000, 0.9238795325112867385, 1.000000000000000000, 0.9238795325112867385, 1.000000000000000000, 0.9238795325112867385, 1.000000000000000000, 0.9238795325112867385, 1.000000000000000000, 0.9238795325112867385, 1.000000000000000000, 0.9238795325112867385, 1.000000000000000000, 0.9238795325112867385, 1.000000000000000000, 0.9238795325112867385, 1.000000000000000000, 0.9238795325112867385, 1.000000000000000000, 0.9238795325112867385, 1.000000000000000000, 0.9238795325112867385, 1.000000000000000000, 0.9238795325112867385, 1.000000000000000000, 0.9238795325112867385, 1.000000000000000000, 0.9238795325112867385, 1.000000000000000000, 0.9238795325112867385, 1.000000000000000000, 0.9238795325112867385, 1.000000000000000000, 0.9238795325112867385, 1.000000000000000000, 0.9238795325112867385, 1.000000000000000000, 0.9238795325112867385, 1.000000000000000000, 0.9238795325112867385, 1.000000000000000000),
 ( 1.000000000000000000, 0.9238795325112867385, 1.000000000000000000, 0.9238795325112867385, 1.000000000000000000, 0.9238795325112867385, 1.000000000000000000, 0.9238795325112867385, 1.000000000000000000, 0.9238795325112867385, 1.000000000000000000, 0.9238795325112867385, 1.000000000000000000, 0.9238795325112867385, 1.000000000000000000, 0.9238795325112867385, 1.000000000000000000, 0.9238795325112867385, 1.000000000000000000, 0.9238795325112867385, 1.000000000000000000, 0.9238795325112867385, 1.000000000000000000, 0.9238795325112867385, 1.000000000000000000, 0.9238795325112867385, 1.000000000000000000, 0.9238795325112867385, 1.000000000000000000, 0.9238795325112867385, 1.000000000000000000, 0.9238795325112867385, 1.000000000000000000, 0.9238795325112867385, 1.000000000000000000, 0.9238795325112867385, 1.000000000000000000, 0.9238795325112867385, 1.000000000000000000, 0.9238795325112867385, 1.000000000000000000, 0.9238795325112867385, 1.000000000000000000, 0.9238795325112867385, 1.000000000000000000, 0.9238795325112867385, 1.000000000000000000, 0.9238795325112867385, 1.000000000000000000, 0.9238795325112867385, 1.000000000000000000, 0.9238795325112867385, 1.000000000000000000, 0.9238795325112867385, 1.000000000000000000, 0.9238795325112867385, 1.000000000000000000, 0.9238795325112867385, 1.000000000000000000, 0.9238795325112867385, 1.000000000000000000, 0.9238795325112867385, 1.000000000000000000, 0.9238795325112867385, 1.000000000000000000, 0.9238795325112867385, 1.000000000000000000, 0.9238795325112867385, 1.000000000000000000, 0.9238795325112867385, 1.000000000000000000, 0.9238795325112867385, 1.000000000000000000, 0.9238795325112867385, 1.000000000000000000, 0.9238795325112867385, 1.000000000000000000, 0.9238795325112867385, 1.000000000000000000, 0.9238795325112867385, 1.000000000000000000, 0.9238795325112867385, 1.000000000000000000, 0.9238795325112867385, 1.000000000000000000, 0.9238795325112867385, 1.000000000000000000, 0.9238795325112867385, 1.000000000000000000, 0.9238795325112867385, 1.000000000000000000, 0.9238795325112867385, 1.000000000000000000, 0.9238795325112867385, 1.000000000000000000, 0.9238795325112867385, 1.000000000000000000, 0.9238795325112867385, 1.000000000000000000, 0.9238795325112867385, 1.000000000000000000, 0.9238795325112867385, 1.000000000000000000, 0.9238795325112867385, 1.000000000000000000, 0.9238795325112867385, 1.000000000000000000, 0.9238795325112867385, 1.000000000000000000, 0.9238795325112867385, 1.000000000000000000, 0.9238795325112867385, 1.000000000000000000, 0.9238795325112867385, 1.000000000000000000, 0.9238795325112867385, 1.000000000000000000, 0.9238795325112867385, 1.000000000000000000, 0.9238795325112867385, 1.000000000000000000, 0.9238795325112867385, 1.000000000000000000, 0.9238795325112867385, 1.000000000000000000, 0.9238795325112867385, 1.000000000000000000, 0.9238795325112867385, 1.000000000000000000) ) ) 
 REPRESENTATION_ITEM ( '' )  SURFACE ( )  );
#8382 = VERTEX_POINT ( 'NONE', #8314 ) ;
#8383 = DIRECTION ( 'NONE',  ( -1.000000000000000000, -0.000000000000000000, -0.000000000000000000 ) ) ;
#8384 = DIRECTION ( 'NONE',  ( 0.000000000000000000, 0.000000000000000000, -1.000000000000000000 ) ) ;
#8385 = EDGE_CURVE ( 'NONE', #7649, #5383, #1791, .T. ) ;
#8386 = ORIENTED_EDGE ( 'NONE', *, *, #5236, .T. ) ;
#8387 = CARTESIAN_POINT ( 'NONE',  ( 0.000000000000000000, 0.000000000000000000, 13.00000000000000000 ) ) ;
#8388 = ADVANCED_FACE ( 'NONE', ( #7040 ), #6557, .T. ) ;
#8389 = AXIS2_PLACEMENT_3D ( 'NONE', #261, #6198, #144 ) ;
#8390 = CARTESIAN_POINT ( 'NONE',  ( 5.695225058835894139, 1.347111479062088405E-15, -11.00000000000000000 ) ) ;
#8391 = EDGE_CURVE ( 'NONE', #7941, #8669, #5247, .T. ) ;
#8392 = CARTESIAN_POINT ( 'NONE',  ( -3.291790577943088270, 11.14241986204113566, -11.69442186056200939 ) ) ;
#8393 = CARTESIAN_POINT ( 'NONE',  ( -8.382592070995921138E-14, 13.96750000000001535, -11.89999999999999858 ) ) ;
#8394 = AXIS2_PLACEMENT_3D ( 'NONE', #5862, #6529, #657 ) ;
#8395 = DIRECTION ( 'NONE',  ( -1.000000000000000000, -0.000000000000000000, -0.000000000000000000 ) ) ;
#8396 = ORIENTED_EDGE ( 'NONE', *, *, #7971, .T. ) ;
#8397 = DIRECTION ( 'NONE',  ( 0.000000000000000000, 0.000000000000000000, 1.000000000000000000 ) ) ;
#8398 = VECTOR ( 'NONE', #4835, 1000.000000000000000 ) ;
#8399 = EDGE_CURVE ( 'NONE', #5779, #8171, #3528, .T. ) ;
#8400 = CARTESIAN_POINT ( 'NONE',  ( 12.11130004123676152, 17.58869995876284165, -0.4239707060352858048 ) ) ;
#8401 = FACE_OUTER_BOUND ( 'NONE', #3353, .T. ) ;
#8402 = CYLINDRICAL_SURFACE ( 'NONE', #5870, 12.69999999999998508 ) ;
#8403 = CARTESIAN_POINT ( 'NONE',  ( 9.069809202314353058, 19.42375000000000185, -9.069809202314482732 ) ) ;
#8404 = FACE_OUTER_BOUND ( 'NONE', #7686, .T. ) ;
#8405 = EDGE_CURVE ( 'NONE', #4619, #7805, #8563, .T. ) ;
#8406 = PRODUCT_DEFINITION ( '未知', '', #1282, #8355 ) ;
#8407 = CARTESIAN_POINT ( 'NONE',  ( 12.82664718204935106, 12.91500000000001869, -9.113880979362924452E-14 ) ) ;
#8408 = ORIENTED_EDGE ( 'NONE', *, *, #5313, .F. ) ;
#8409 = CARTESIAN_POINT ( 'NONE',  ( 13.79999999999999716, -4.528870610996714963E-16, 0.000000000000000000 ) ) ;
#8410 = VECTOR ( 'NONE', #3263, 1000.000000000000000 ) ;
#8411 = DIRECTION ( 'NONE',  ( 4.205219310670844307E-16, 0.000000000000000000, 1.000000000000000000 ) ) ;
#8412 = DATE_AND_TIME ( #2369, #158 ) ;
#8413 = LOCAL_TIME ( 22, 24, 23.00000000000000000, #2995 ) ;
#8414 = EDGE_CURVE ( 'NONE', #2760, #8683, #991, .T. ) ;
#8415 = AXIS2_PLACEMENT_3D ( 'NONE', #5944, #5340, #7969 ) ;
#8416 = ORIENTED_EDGE ( 'NONE', *, *, #5945, .T. ) ;
#8417 = ORIENTED_EDGE ( 'NONE', *, *, #6750, .T. ) ;
#8418 = CARTESIAN_POINT ( 'NONE',  ( 11.90000000000003233, 13.37062500000001641, 4.929141392239758446 ) ) ;
#8419 = CARTESIAN_POINT ( 'NONE',  ( -14.28999999999999737, -2.009527318423361297, 6.257467538869061485 ) ) ;
#8420 = DIRECTION ( 'NONE',  ( 0.000000000000000000, 0.000000000000000000, 1.000000000000000000 ) ) ;
#8421 = CARTESIAN_POINT ( 'NONE',  ( 12.70000000000003659, 15.30250521535169383, 5.260512242138174699 ) ) ;
#8422 = CARTESIAN_POINT ( 'NONE',  ( 11.89999999999996483, 18.60937500000000355, -4.929141392239915653 ) ) ;
#8423 = EDGE_LOOP ( 'NONE', ( #4336, #2370, #1621, #7096 ) ) ;
#8424 = CARTESIAN_POINT ( 'NONE',  ( 0.000000000000000000, 0.000000000000000000, 0.000000000000000000 ) ) ;
#8425 = LOCAL_TIME ( 22, 24, 23.00000000000000000, #128 ) ;
#8426 = FACE_OUTER_BOUND ( 'NONE', #1193, .T. ) ;
#8427 = ORIENTED_EDGE ( 'NONE', *, *, #5096, .T. ) ;
#8428 = AXIS2_PLACEMENT_3D ( 'NONE', #4896, #1394, #6167 ) ;
#8429 = ORIENTED_EDGE ( 'NONE', *, *, #604, .T. ) ;
#8430 = DIRECTION ( 'NONE',  ( 0.2588190451025143002, 0.000000000000000000, -0.9659258262890700886 ) ) ;
#8431 = CARTESIAN_POINT ( 'NONE',  ( 0.000000000000000000, -8.248891971046781180, 4.762500000000002842 ) ) ;
#8432 = VERTEX_POINT ( 'NONE', #1306 ) ;
#8433 = DIRECTION ( 'NONE',  ( 0.000000000000000000, 0.000000000000000000, 1.000000000000000000 ) ) ;
#8434 =( BOUNDED_CURVE ( )  B_SPLINE_CURVE ( 2, ( #4642, #1209, #3893, #8580, #2584, #7931, #1919, #4596, #3324 ),
 .UNSPECIFIED., .F., .T. ) 
 B_SPLINE_CURVE_WITH_KNOTS ( ( 3, 2, 2, 2, 3 ),
 ( 0.6562499999999998890, 0.6718750000000000000, 0.6875000000000000000, 0.7031250000000000000, 0.7187500000000001110 ),
 .UNSPECIFIED. ) 
 CURVE ( )  GEOMETRIC_REPRESENTATION_ITEM ( )  RATIONAL_B_SPLINE_CURVE ( ( 1.000000000000000444, 0.9238795325112861834, 1.000000000000000000, 0.9238795325112867385, 1.000000000000000000, 0.9238795325112867385, 1.000000000000000000, 0.9238795325112861834, 1.000000000000000444 ) ) 
 REPRESENTATION_ITEM ( '' )  );
#8435 = EDGE_CURVE ( 'NONE', #6812, #2983, #8623, .T. ) ;
#8436 = CARTESIAN_POINT ( 'NONE',  ( 4.999999999999997335, 0.000000000000000000, 0.000000000000000000 ) ) ;
#8437 = CARTESIAN_POINT ( 'NONE',  ( 7.833725689261453518, 11.01630020274704158, -9.120438942687043138 ) ) ;
#8438 = VECTOR ( 'NONE', #5109, 1000.000000000000000 ) ;
#8439 = FACE_OUTER_BOUND ( 'NONE', #6132, .T. ) ;
#8440 = ORIENTED_EDGE ( 'NONE', *, *, #3948, .T. ) ;
#8441 = PLANE ( 'NONE',  #4528 ) ;
#8442 = ADVANCED_FACE ( 'NONE', ( #3189 ), #291, .T. ) ;
#8443 = DIRECTION ( 'NONE',  ( -1.000000000000000000, 0.000000000000000000, 0.000000000000000000 ) ) ;
#8444 = EDGE_CURVE ( 'NONE', #8312, #2730, #7177, .T. ) ;
#8445 = AXIS2_PLACEMENT_3D ( 'NONE', #8387, #4316, #4359 ) ;
#8446 = LINE ( 'NONE', #4987, #493 ) ;
#8447 = DIRECTION ( 'NONE',  ( 1.000000000000000000, 0.000000000000000000, 0.000000000000000000 ) ) ;
#8448 = EDGE_CURVE ( 'NONE', #263, #8052, #2629, .T. ) ;
#8449 = FACE_OUTER_BOUND ( 'NONE', #4323, .T. ) ;
#8450 = LINE ( 'NONE', #5640, #7652 ) ;
#8451 = CARTESIAN_POINT ( 'NONE',  ( -5.312971222579396802, 17.59812500000001023, 12.82664718204939014 ) ) ;
#8452 = ORIENTED_EDGE ( 'NONE', *, *, #6994, .T. ) ;
#8453 = CARTESIAN_POINT ( 'NONE',  ( 12.56412585201708687, -15.69047268157664021, 9.246769250645106908 ) ) ;
#8454 = CARTESIAN_POINT ( 'NONE',  ( 0.000000000000000000, 17.80000000000000071, -11.89999999999999858 ) ) ;
#8455 = PERSON_AND_ORGANIZATION ( #129, #430 ) ;
#8456 = B_SPLINE_CURVE_WITH_KNOTS ( 'NONE', 3,
 ( #5530, #2205, #4217, #6894, #4179, #7427, #7469, #138, #5488, #8162, #5570, #8453 ),
 .UNSPECIFIED., .F., .F.,
 ( 4, 2, 2, 2, 2, 4 ),
 ( 2.344180752198965914E-07, 0.003137532069197800869, 0.006274829720320382331, 0.007843478545881672412, 0.009412127371442964227, 0.01254942502256555306 ),
 .UNSPECIFIED. ) ;
#8457 = VERTEX_POINT ( 'NONE', #6608 ) ;
#8458 = ORIENTED_EDGE ( 'NONE', *, *, #8609, .F. ) ;
#8459 = CARTESIAN_POINT ( 'NONE',  ( 44.00000000000000000, 1.102182119232618108E-15, -9.000000000000003553 ) ) ;
#8460 = CARTESIAN_POINT ( 'NONE',  ( -14.28999999999999915, -1.253317003632668403, -1.050702047291428354 ) ) ;
#8461 = TOROIDAL_SURFACE ( 'NONE', #69, 4.688733431983854061, 1.000000000000000444 ) ;
#8462 = CARTESIAN_POINT ( 'NONE',  ( -12.56412585201708687, -2.009527318423362185, 9.246769250645106908 ) ) ;
#8463 = CARTESIAN_POINT ( 'NONE',  ( -12.69999999999992646, 14.82625521535169355, 5.260512242138390526 ) ) ;
#8464 = CARTESIAN_POINT ( 'NONE',  ( 15.22582127265072316, 33.79999999999998295, 7.561373325877829288 ) ) ;
#8465 = ORIENTED_EDGE ( 'NONE', *, *, #4065, .F. ) ;
#8466 = CARTESIAN_POINT ( 'NONE',  ( 6.710680523104178619, -16.44727708890600582, -12.62625748697972661 ) ) ;
#8467 = AXIS2_PLACEMENT_3D ( 'NONE', #7599, #8119, #3600 ) ;
#8468 = DIRECTION ( 'NONE',  ( 1.000000000000000000, 0.000000000000000000, -0.000000000000000000 ) ) ;
#8469 = EDGE_CURVE ( 'NONE', #805, #8616, #1430, .T. ) ;
#8470 = ORIENTED_EDGE ( 'NONE', *, *, #101, .T. ) ;
#8471 = AXIS2_PLACEMENT_3D ( 'NONE', #220, #7515, #6931 ) ;
#8472 = ORIENTED_EDGE ( 'NONE', *, *, #28, .T. ) ;
#8473 = CARTESIAN_POINT ( 'NONE',  ( -11.89999999999998259, 10.90000000000001990, 0.000000000000000000 ) ) ;
#8474 = DIRECTION ( 'NONE',  ( 0.000000000000000000, -1.000000000000000000, 1.224646799147353207E-16 ) ) ;
#8475 = AXIS2_PLACEMENT_3D ( 'NONE', #3123, #7059, #2462 ) ;
#8476 = ORIENTED_EDGE ( 'NONE', *, *, #3675, .F. ) ;
#8477 = CARTESIAN_POINT ( 'NONE',  ( 0.000000000000000000, -17.39999999999999858, 0.000000000000000000 ) ) ;
#8478 = ADVANCED_FACE ( 'NONE', ( #8671 ), #5297, .T. ) ;
#8479 = VECTOR ( 'NONE', #3672, 1000.000000000000000 ) ;
#8480 = DIRECTION ( 'NONE',  ( -1.000000000000000000, -0.000000000000000000, -0.000000000000000000 ) ) ;
#8481 = CIRCLE ( 'NONE', #4723, 15.59999999999999964 ) ;
#8482 = CARTESIAN_POINT ( 'NONE',  ( -11.89999999999999858, 11.54500000000001947, 1.034998715382614344E-13 ) ) ;
#8483 = AXIS2_PLACEMENT_3D ( 'NONE', #5362, #3249, #4748 ) ;
#8484 = ORIENTED_EDGE ( 'NONE', *, *, #6122, .F. ) ;
#8485 = FACE_OUTER_BOUND ( 'NONE', #5578, .T. ) ;
#8486 = ORIENTED_EDGE ( 'NONE', *, *, #3860, .T. ) ;
#8487 = DIRECTION ( 'NONE',  ( -1.000000000000000000, 8.775090700452169195E-16, 0.000000000000000000 ) ) ;
#8488 = CARTESIAN_POINT ( 'NONE',  ( 8.640184680313133470, 17.68313007654713331, -8.362515944511251575 ) ) ;
#8489 = CARTESIAN_POINT ( 'NONE',  ( 13.44999999999999929, 19.99999999999999645, -12.94999999999999218 ) ) ;
#8490 = DIRECTION ( 'NONE',  ( -8.775090700452169195E-16, -1.000000000000000000, -0.000000000000000000 ) ) ;
#8491 = CARTESIAN_POINT ( 'NONE',  ( -9.069809202314351282, 16.24875000000001180, 9.069809202314482732 ) ) ;
#8492 = DIRECTION ( 'NONE',  ( 0.000000000000000000, 0.000000000000000000, -1.000000000000000000 ) ) ;
#8493 = CARTESIAN_POINT ( 'NONE',  ( 5.312971222579579766, 17.75687500000001151, 12.82664718204931198 ) ) ;
#8494 = EDGE_LOOP ( 'NONE', ( #7348, #673, #6412, #5140, #393, #4025 ) ) ;
#8495 = CARTESIAN_POINT ( 'NONE',  ( 6.923341199463894036, 10.94306946692825022, 9.746026776277217252 ) ) ;
#8496 = EDGE_CURVE ( 'NONE', #8316, #1848, #7364, .T. ) ;
#8497 = DIRECTION ( 'NONE',  ( 0.000000000000000000, -1.000000000000000000, 0.000000000000000000 ) ) ;
#8498 = APPROVAL_ROLE ( '' ) ;
#8499 = ORIENTED_EDGE ( 'NONE', *, *, #8121, .T. ) ;
#8500 = VERTEX_POINT ( 'NONE', #1914 ) ;
#8501 = CARTESIAN_POINT ( 'NONE',  ( -12.44999999999999929, 0.000000000000000000, 0.000000000000000000 ) ) ;
#8502 = CARTESIAN_POINT ( 'NONE',  ( -14.28999999999999737, -1.253080243804249427, 1.045109900475311937 ) ) ;
#8503 = FACE_BOUND ( 'NONE', #3254, .T. ) ;
#8504 = CARTESIAN_POINT ( 'NONE',  ( -11.52783601263437774, 17.12870773551936310, -5.068919288237173859 ) ) ;
#8505 = ADVANCED_FACE ( 'NONE', ( #3842 ), #3980, .F. ) ;
#8506 = CARTESIAN_POINT ( 'NONE',  ( 11.89999999999999858, 12.18000000000001926, -5.976524906955014022E-14 ) ) ;
#8507 = ORIENTED_EDGE ( 'NONE', *, *, #8399, .F. ) ;
#8508 = CARTESIAN_POINT ( 'NONE',  ( 8.977052440135476985, -16.37747573616957908, -11.31776705059789911 ) ) ;
#8509 = VECTOR ( 'NONE', #5024, 1000.000000000000000 ) ;
#8510 = LINE ( 'NONE', #1144, #8663 ) ;
#8511 = EDGE_CURVE ( 'NONE', #4894, #3994, #4638, .T. ) ;
#8512 = AXIS2_PLACEMENT_3D ( 'NONE', #4110, #5462, #5990 ) ;
#8513 = ORIENTED_EDGE ( 'NONE', *, *, #5143, .F. ) ;
#8514 = CLOSED_SHELL ( 'NONE', ( #2187, #5139, #8478, #7775, #4491, #216, #5646, #77, #6068, #6905, #6698, #7700, #5243, #3588, #3255, #7162, #618, #1015, #4220, #990, #1596, #1102, #2344, #4654, #4650, #4107, #3745, #1906, #5183, #2531, #1820, #7809, #1171, #3451, #5422, #7062, #3543, #934, #1437, #6455, #6109, #6330, #6865, #1632, #8672, #6546, #7494, #32, #5179, #798, #289, #2823, #460, #806, #2401, #5356, #1255, #7100, #2559, #5158, #1623, #4373, #3849, #5036, #4878, #1876, #3596, #6040, #7466, #3744, #756, #1719, #6302, #3559, #5556, #232, #7179, #1971, #1206, #8150, #7981, #5347, #1974, #5382, #1152, #3208, #7280, #7859, #894, #4926, #7473, #7303, #3534, #4193, #6538, #2783, #6415, #1266, #3002, #248, #1991, #6312, #2847, #2081, #8084, #2853, #8041, #1218, #6228, #5920, #7664, #2810, #5992, #59, #729, #4560 ) ) ;
#8515 = CARTESIAN_POINT ( 'NONE',  ( 7.349999999999998757, -1.247078193226541557E-15, 0.000000000000000000 ) ) ;
#8516 = CARTESIAN_POINT ( 'NONE',  ( 0.2720356458796172050, -5.957533090200453962, 8.731250000000008171 ) ) ;
#8517 = EDGE_LOOP ( 'NONE', ( #169, #2289, #6382, #2108 ) ) ;
#8518 = EDGE_CURVE ( 'NONE', #7484, #2119, #2967, .T. ) ;
#8519 = ORIENTED_EDGE ( 'NONE', *, *, #5671, .T. ) ;
#8520 = CARTESIAN_POINT ( 'NONE',  ( 4.963898969966153096, 7.332348418708248161, -6.349999999999998757 ) ) ;
#8521 = VERTEX_POINT ( 'NONE', #7835 ) ;
#8522 = CARTESIAN_POINT ( 'NONE',  ( 14.28999999999999915, -1.579449879826689385, -4.184373678247903960 ) ) ;
#8523 = CARTESIAN_POINT ( 'NONE',  ( -11.90000000000005009, 11.46562500000002061, -4.929141392239710484 ) ) ;
#8524 = DIRECTION ( 'NONE',  ( -0.000000000000000000, -1.000000000000000000, -0.000000000000000000 ) ) ;
#8525 = VERTEX_POINT ( 'NONE', #1204 ) ;
#8526 = CARTESIAN_POINT ( 'NONE',  ( -11.89999999999996660, 11.82437500000001940, 4.929141392239918318 ) ) ;
#8527 = CARTESIAN_POINT ( 'NONE',  ( 34.40000000000000568, -10.99852262806237313, 3.605651974203355568E-15 ) ) ;
#8528 = CIRCLE ( 'NONE', #1407, 0.3999999999999988565 ) ;
#8529 = AXIS2_PLACEMENT_3D ( 'NONE', #5786, #5130, #3738 ) ;
#8530 = LINE ( 'NONE', #2532, #919 ) ;
#8531 = VECTOR ( 'NONE', #213, 1000.000000000000000 ) ;
#8532 = EDGE_CURVE ( 'NONE', #6876, #8066, #3888, .T. ) ;
#8533 = DIRECTION ( 'NONE',  ( 0.000000000000000000, 0.000000000000000000, -1.000000000000000000 ) ) ;
#8534 = CARTESIAN_POINT ( 'NONE',  ( 12.82664718204939192, 16.64562500000001322, 5.312971222579391473 ) ) ;
#8535 = DIRECTION ( 'NONE',  ( -9.800697604388738773E-17, 1.000000000000000000, -0.000000000000000000 ) ) ;
#8536 = DIRECTION ( 'NONE',  ( -1.000000000000000000, -0.000000000000000000, -0.000000000000000000 ) ) ;
#8537 = ORIENTED_EDGE ( 'NONE', *, *, #1863, .F. ) ;
#8538 = CARTESIAN_POINT ( 'NONE',  ( 12.37768023345687851, 11.37768023345630120, 0.5245623957795856329 ) ) ;
#8539 = DIRECTION ( 'NONE',  ( 0.000000000000000000, -0.000000000000000000, 1.000000000000000000 ) ) ;
#8540 = SHAPE_DEFINITION_REPRESENTATION ( #7961, #879 ) ;
#8541 = APPLICATION_CONTEXT ( 'configuration controlled 3d designs of mechanical parts and assemblies' ) ;
#8542 = VERTEX_POINT ( 'NONE', #3322 ) ;
#8543 = ORIENTED_EDGE ( 'NONE', *, *, #4141, .T. ) ;
#8544 = CARTESIAN_POINT ( 'NONE',  ( 40.99999999999999289, 0.000000000000000000, 0.000000000000000000 ) ) ;
#8545 = CARTESIAN_POINT ( 'NONE',  ( 12.69999999999996909, 12.98811978464833672, -9.023892744153249136E-14 ) ) ;
#8546 = AXIS2_PLACEMENT_3D ( 'NONE', #1774, #7827, #4450 ) ;
#8547 = DIRECTION ( 'NONE',  ( -1.000000000000000000, -9.800697604388738773E-17, 0.000000000000000000 ) ) ;
#8548 = CARTESIAN_POINT ( 'NONE',  ( -12.28141183764305033, 17.15582178632724464, -2.581138319692353189 ) ) ;
#8549 = CARTESIAN_POINT ( 'NONE',  ( -11.90000000000003233, 16.54562500000000824, -4.929141392239748676 ) ) ;
#8550 = ORIENTED_EDGE ( 'NONE', *, *, #6631, .T. ) ;
#8551 = DIRECTION ( 'NONE',  ( -1.000000000000000000, -0.000000000000000000, -0.000000000000000000 ) ) ;
#8552 = CARTESIAN_POINT ( 'NONE',  ( 0.2720356458796170385, -10.54025085189310929, 0.7937500000000053957 ) ) ;
#8553 = EDGE_CURVE ( 'NONE', #1993, #1545, #4932, .T. ) ;
#8554 = CC_DESIGN_APPROVAL ( #6157, ( #2833 ) ) ;
#8555 = AXIS2_PLACEMENT_3D ( 'NONE', #2234, #2855, #7458 ) ;
#8556 = ORIENTED_EDGE ( 'NONE', *, *, #5598, .F. ) ;
#8557 = EDGE_LOOP ( 'NONE', ( #6869, #4763, #125, #5647 ) ) ;
#8558 = CARTESIAN_POINT ( 'NONE',  ( 17.47810899155977893, -2.300000000000001599, 2.816687638038914521E-16 ) ) ;
#8559 = APPROVAL_PERSON_ORGANIZATION ( #7895, #7360, #8682 ) ;
#8560 = EDGE_CURVE ( 'NONE', #7644, #3241, #3535, .T. ) ;
#8561 = CARTESIAN_POINT ( 'NONE',  ( 0.03610103003384661224, -7.332348418708249049, 6.350000000000004086 ) ) ;
#8562 = ORIENTED_EDGE ( 'NONE', *, *, #6906, .T. ) ;
#8563 = CIRCLE ( 'NONE', #4798, 2.299999999999996714 ) ;
#8564 = CARTESIAN_POINT ( 'NONE',  ( -8.414570696119973547, 12.85625000000001705, -8.414570696119856308 ) ) ;
#8565 = EDGE_LOOP ( 'NONE', ( #488, #4523, #2839, #4803 ) ) ;
#8566 = DIRECTION ( 'NONE',  ( -9.800697604388738773E-17, 1.000000000000000000, -0.000000000000000000 ) ) ;
#8567 = PERSON_AND_ORGANIZATION ( #129, #430 ) ;
#8568 = FACE_OUTER_BOUND ( 'NONE', #42, .T. ) ;
#8569 = ORIENTED_EDGE ( 'NONE', *, *, #5504, .F. ) ;
#8570 = CARTESIAN_POINT ( 'NONE',  ( -12.69999999999996732, 16.01688021535168716, 8.868362600661530955E-14 ) ) ;
#8571 = CIRCLE ( 'NONE', #4807, 9.525000000000000355 ) ;
#8572 = CARTESIAN_POINT ( 'NONE',  ( 0.3948291982182989823, -10.99852262806237313, 4.928329209517584241E-15 ) ) ;
#8573 = ORIENTED_EDGE ( 'NONE', *, *, #3491, .F. ) ;
#8574 = DIRECTION ( 'NONE',  ( 0.000000000000000000, 0.000000000000000000, 1.000000000000000000 ) ) ;
#8575 = ADVANCED_FACE ( 'NONE', ( #2799 ), #6056, .F. ) ;
#8576 = CARTESIAN_POINT ( 'NONE',  ( 5.000000000000000000, 5.499261314031190118, 9.525000000000002132 ) ) ;
#8577 = AXIS2_PLACEMENT_3D ( 'NONE', #2989, #1465, #4307 ) ;
#8578 = AXIS2_PLACEMENT_3D ( 'NONE', #2806, #5434, #35 ) ;
#8579 = CARTESIAN_POINT ( 'NONE',  ( 0.000000000000000000, 9.919639073093559228E-16, -8.099999999999999645 ) ) ;
#8580 = CARTESIAN_POINT ( 'NONE',  ( 11.89999999999994706, 13.72937500000001343, -4.929141392239957398 ) ) ;
#8581 = CARTESIAN_POINT ( 'NONE',  ( -12.82664718204939014, 17.28062500000000767, -5.312971222579394137 ) ) ;
#8582 = CARTESIAN_POINT ( 'NONE',  ( 6.835616853894460831, 16.99999999999986855, -10.70347337207656757 ) ) ;
#8583 = CARTESIAN_POINT ( 'NONE',  ( 33.09999999999998721, 0.000000000000000000, 0.000000000000000000 ) ) ;
#8584 = EDGE_LOOP ( 'NONE', ( #7243, #5666, #1675, #1829 ) ) ;
#8585 = DIRECTION ( 'NONE',  ( 0.000000000000000000, 1.000000000000000000, 0.000000000000000000 ) ) ;
#8586 = DIRECTION ( 'NONE',  ( 0.000000000000000000, 0.000000000000000000, 1.000000000000000000 ) ) ;
#8587 = PERSON_AND_ORGANIZATION ( #129, #430 ) ;
#8588 = TOROIDAL_SURFACE ( 'NONE', #7482, 14.59999999999999964, 0.3999999999999986899 ) ;
#8589 = EDGE_LOOP ( 'NONE', ( #1236, #1853, #6165, #901 ) ) ;
#8590 = CARTESIAN_POINT ( 'NONE',  ( 12.44999999999999929, 0.000000000000000000, 0.000000000000000000 ) ) ;
#8591 = CARTESIAN_POINT ( 'NONE',  ( -1.365213330385478600E-14, 13.71446665693449951, 0.000000000000000000 ) ) ;
#8592 = CYLINDRICAL_SURFACE ( 'NONE', #695, 2.499999999999998668 ) ;
#8593 = CARTESIAN_POINT ( 'NONE',  ( 1.544415963279582930E-14, 17.60000000000001208, 0.000000000000000000 ) ) ;
#8594 = CARTESIAN_POINT ( 'NONE',  ( 11.89999999999999858, 17.26000000000000867, -8.455458555545191202E-14 ) ) ;
#8595 = EDGE_LOOP ( 'NONE', ( #2371, #3100, #1064, #8014 ) ) ;
#8596 = DIRECTION ( 'NONE',  ( 0.000000000000000000, -0.7071067811865479058, -0.7071067811865471286 ) ) ;
#8597 = CARTESIAN_POINT ( 'NONE',  ( 0.000000000000000000, 3.918869757271530460E-16, -3.200000000000000178 ) ) ;
#8598 = ORIENTED_EDGE ( 'NONE', *, *, #3416, .F. ) ;
#8599 = AXIS2_PLACEMENT_3D ( 'NONE', #6471, #1734, #3712 ) ;
#8600 = ORIENTED_EDGE ( 'NONE', *, *, #7750, .F. ) ;
#8601 = DIRECTION ( 'NONE',  ( 1.000000000000000000, 0.000000000000000000, -0.000000000000000000 ) ) ;
#8602 = DIRECTION ( 'NONE',  ( -1.000000000000000000, -0.000000000000000000, -0.000000000000000000 ) ) ;
#8603 = VERTEX_POINT ( 'NONE', #3410 ) ;
#8604 = CYLINDRICAL_SURFACE ( 'NONE', #2894, 3.200000000000000178 ) ;
#8605 = ADVANCED_FACE ( 'NONE', ( #6914 ), #7538, .T. ) ;
#8606 = CARTESIAN_POINT ( 'NONE',  ( 12.70000000000000817, 12.90874478464833963, 5.260512242138204009 ) ) ;
#8607 = CARTESIAN_POINT ( 'NONE',  ( 0.000000000000000000, 0.000000000000000000, 0.000000000000000000 ) ) ;
#8608 = CIRCLE ( 'NONE', #5947, 14.59999999999999609 ) ;
#8609 = EDGE_CURVE ( 'NONE', #5383, #1251, #2842, .T. ) ;
#8610 = EDGE_LOOP ( 'NONE', ( #5602, #6139, #4742, #1892 ) ) ;
#8611 = AXIS2_PLACEMENT_3D ( 'NONE', #2834, #5499, #5540 ) ;
#8612 = DATE_TIME_ROLE ( 'creation_date' ) ;
#8613 = CIRCLE ( 'NONE', #5949, 4.688733431983859390 ) ;
#8614 = AXIS2_PLACEMENT_3D ( 'NONE', #3022, #8360, #2364 ) ;
#8615 = CARTESIAN_POINT ( 'NONE',  ( 12.69999999999990692, 12.92125521535169597, -5.260512242138404737 ) ) ;
#8616 = VERTEX_POINT ( 'NONE', #7579 ) ;
#8617 = CARTESIAN_POINT ( 'NONE',  ( 0.000000000000000000, -10.07925647686743886, 0.000000000000000000 ) ) ;
#8618 = CIRCLE ( 'NONE', #4715, 1.000000000000000888 ) ;
#8619 = EDGE_CURVE ( 'NONE', #8521, #6676, #7604, .T. ) ;
#8620 = CYLINDRICAL_SURFACE ( 'NONE', #8356, 2.499999999999998668 ) ;
#8621 = ORIENTED_EDGE ( 'NONE', *, *, #906, .T. ) ;
#8622 = PLANE ( 'NONE',  #5921 ) ;
#8623 = LINE ( 'NONE', #8527, #2545 ) ;
#8624 = CIRCLE ( 'NONE', #3019, 15.59999999999999964 ) ;
#8625 = VECTOR ( 'NONE', #7317, 1000.000000000000000 ) ;
#8626 = CIRCLE ( 'NONE', #8212, 2.700000000000002842 ) ;
#8627 = DIRECTION ( 'NONE',  ( 0.000000000000000000, 0.000000000000000000, -1.000000000000000000 ) ) ;
#8628 = CARTESIAN_POINT ( 'NONE',  ( -14.29000000000000092, -16.37972297674518174, 2.095091730328457746 ) ) ;
#8629 = CARTESIAN_POINT ( 'NONE',  ( -9.035340417286477571E-14, 18.31250000000000711, -12.82664718204935106 ) ) ;
#8630 = CARTESIAN_POINT ( 'NONE',  ( 0.6319030111433349139, 1.085100774215187691, -1.967740122013697635 ) ) ;
#8631 = CARTESIAN_POINT ( 'NONE',  ( -9.069809202314351282, 9.898750000000024585, 9.069809202314482732 ) ) ;
#8632 = ORIENTED_EDGE ( 'NONE', *, *, #5132, .F. ) ;
#8633 = CARTESIAN_POINT ( 'NONE',  ( 3.520579078826656882, -1.579333538822585536, 14.46806341457557465 ) ) ;
#8634 = ADVANCED_FACE ( 'NONE', ( #74, #2137 ), #120, .T. ) ;
#8635 = FACE_OUTER_BOUND ( 'NONE', #4100, .T. ) ;
#8636 = AXIS2_PLACEMENT_3D ( 'NONE', #5600, #252, #2279 ) ;
#8637 = DATE_AND_TIME ( #8027, #2544 ) ;
#8638 = VERTEX_POINT ( 'NONE', #2054 ) ;
#8639 = EDGE_LOOP ( 'NONE', ( #6488, #1634, #7238, #8045 ) ) ;
#8640 = FACE_OUTER_BOUND ( 'NONE', #5311, .T. ) ;
#8641 = DIRECTION ( 'NONE',  ( -0.000000000000000000, -1.000000000000000000, -0.000000000000000000 ) ) ;
#8642 = CARTESIAN_POINT ( 'NONE',  ( 12.69999999999999929, 11.70000000000000817, 1.555301434917137249E-15 ) ) ;
#8643 = CARTESIAN_POINT ( 'NONE',  ( -13.44999999999999929, 0.000000000000000000, 0.000000000000000000 ) ) ;
#8644 = CARTESIAN_POINT ( 'NONE',  ( 4.929141392239922759, 14.48187500000001648, 11.89999999999996305 ) ) ;
#8645 = ORIENTED_EDGE ( 'NONE', *, *, #1958, .T. ) ;
#8646 = CARTESIAN_POINT ( 'NONE',  ( 11.89999999999999858, 10.91000000000001968, -1.472344940069727538E-13 ) ) ;
#8647 = LINE ( 'NONE', #7992, #8293 ) ;
#8648 = EDGE_LOOP ( 'NONE', ( #8537, #606 ) ) ;
#8649 = VERTEX_POINT ( 'NONE', #2846 ) ;
#8650 = ADVANCED_FACE ( 'NONE', ( #2886 ), #3539, .F. ) ;
#8651 = AXIS2_PLACEMENT_3D ( 'NONE', #6297, #280, #4366 ) ;
#8652 = CARTESIAN_POINT ( 'NONE',  ( 2.571758278209441267E-15, 0.000000000000000000, 20.24999999999999645 ) ) ;
#8654 = EDGE_CURVE ( 'NONE', #3826, #3994, #5562, .T. ) ;
#8653 = CARTESIAN_POINT ( 'NONE',  ( 1.151658749357196449E-13, 15.67250000000001364, 11.89999999999999858 ) ) ;
#8655 = ORIENTED_EDGE ( 'NONE', *, *, #5399, .T. ) ;
#8656 = CARTESIAN_POINT ( 'NONE',  ( 8.528325040094456217E-14, 12.06250000000001776, 11.89999999999999858 ) ) ;
#8657 = B_SPLINE_CURVE_WITH_KNOTS ( 'NONE', 3,
 ( #1494, #909, #6101, #2199, #3593, #172 ),
 .UNSPECIFIED., .F., .F.,
 ( 4, 2, 4 ),
 ( 2.309401076759817305E-07, 0.002749861597123267644, 0.005499492254138859185 ),
 .UNSPECIFIED. ) ;
#8658 = FACE_OUTER_BOUND ( 'NONE', #977, .T. ) ;
#8659 = FACE_BOUND ( 'NONE', #3172, .T. ) ;
#8660 = ORIENTED_EDGE ( 'NONE', *, *, #5612, .F. ) ;
#8661 = CARTESIAN_POINT ( 'NONE',  ( 16.68682061507833936, 8.641945085602493748, 4.336808689943781826E-16 ) ) ;
#8662 = CIRCLE ( 'NONE', #5151, 11.89999999999998970 ) ;
#8663 = VECTOR ( 'NONE', #1845, 1000.000000000000000 ) ;
#8664 = EDGE_CURVE ( 'NONE', #3643, #649, #5467, .T. ) ;
#8665 = CARTESIAN_POINT ( 'NONE',  ( -11.44999999999999751, 0.000000000000000000, 0.000000000000000000 ) ) ;
#8666 = ORIENTED_EDGE ( 'NONE', *, *, #2349, .T. ) ;
#8667 = CARTESIAN_POINT ( 'NONE',  ( 8.511837979438613694E-15, 9.700000000000011724, 0.000000000000000000 ) ) ;
#8668 = DIRECTION ( 'NONE',  ( 0.000000000000000000, 0.000000000000000000, -1.000000000000000000 ) ) ;
#8669 = VERTEX_POINT ( 'NONE', #195 ) ;
#8670 = DIRECTION ( 'NONE',  ( 0.000000000000000000, 0.000000000000000000, 1.000000000000000000 ) ) ;
#8671 = FACE_OUTER_BOUND ( 'NONE', #7334, .T. ) ;
#8672 = ADVANCED_FACE ( 'NONE', ( #6871 ), #6128, .T. ) ;
#8673 =( BOUNDED_CURVE ( )  B_SPLINE_CURVE ( 2, ( #5062, #2388, #4534, #7075, #7784, #5796, #1191, #577, #1773 ),
 .UNSPECIFIED., .F., .T. ) 
 B_SPLINE_CURVE_WITH_KNOTS ( ( 3, 2, 2, 2, 3 ),
 ( 0.2812500000000001110, 0.2968750000000000555, 0.3125000000000000000, 0.3281249999999999445, 0.3437499999999998890 ),
 .UNSPECIFIED. ) 
 CURVE ( )  GEOMETRIC_REPRESENTATION_ITEM ( )  RATIONAL_B_SPLINE_CURVE ( ( 0.9999999999999994449, 0.9238795325112872936, 1.000000000000000000, 0.9238795325112867385, 1.000000000000000000, 0.9238795325112867385, 1.000000000000000000, 0.9238795325112872936, 0.9999999999999994449 ) ) 
 REPRESENTATION_ITEM ( '' )  );
#8674 = DIRECTION ( 'NONE',  ( -0.000000000000000000, 1.000000000000000000, 0.000000000000000000 ) ) ;
#8675 = PLANE ( 'NONE',  #5044 ) ;
#8676 = CARTESIAN_POINT ( 'NONE',  ( 9.069809202314482732, 16.56625000000001080, 9.069809202314353058 ) ) ;
#8677 = CARTESIAN_POINT ( 'NONE',  ( 34.40000000000000568, 5.499261314031191894, 9.525000000000002132 ) ) ;
#8678 = EDGE_CURVE ( 'NONE', #3069, #2524, #8099, .T. ) ;
#8679 = CARTESIAN_POINT ( 'NONE',  ( -12.82664718204931198, 9.819375000000023945, 5.312971222579581543 ) ) ;
#8680 = ORIENTED_EDGE ( 'NONE', *, *, #4072, .T. ) ;
#8681 = CARTESIAN_POINT ( 'NONE',  ( 7.785019181119682052, 10.98497390865482437, 9.127642572809712362 ) ) ;
#8682 = APPROVAL_ROLE ( '' ) ;
#8683 = VERTEX_POINT ( 'NONE', #6741 ) ;
#8684 = VERTEX_POINT ( 'NONE', #853 ) ;
#8685 = DIRECTION ( 'NONE',  ( -1.000000000000000000, -0.000000000000000000, -0.000000000000000000 ) ) ;
#8686 = ORIENTED_EDGE ( 'NONE', *, *, #205, .F. ) ;
#8687 = NEXT_ASSEMBLY_USAGE_OCCURRENCE ( 'NAUO1', ' ', ' ', #942, #6433, $ ) ;
#8688 = NEXT_ASSEMBLY_USAGE_OCCURRENCE ( 'NAUO2', ' ', ' ', #942, #8406, $ ) ;
#8689 = NEXT_ASSEMBLY_USAGE_OCCURRENCE ( 'NAUO3', ' ', ' ', #942, #1404, $ ) ;
#8690 = NEXT_ASSEMBLY_USAGE_OCCURRENCE ( 'NAUO4', ' ', ' ', #942, #6304, $ ) ;
#8691 = NEXT_ASSEMBLY_USAGE_OCCURRENCE ( 'NAUO5', ' ', ' ', #942, #6304, $ ) ;
#8692 = NEXT_ASSEMBLY_USAGE_OCCURRENCE ( 'NAUO6', ' ', ' ', #942, #8239, $ ) ;
ENDSEC;
END-ISO-10303-21;
