ISO-10303-21;
HEADER;
FILE_DESCRIPTION (( 'STEP AP203' ),
    '1' );
FILE_NAME ('316L-DV12A-KF16FT4-KF25-NC-HP.STEP',
    '2025-03-13T14:23:34',
    ( '' ),
    ( '' ),
    'SwSTEP 2.0',
    'SolidWorks 2021',
    '' );
FILE_SCHEMA (( 'CONFIG_CONTROL_DESIGN' ));
ENDSEC;

DATA;
#1 = CC_DESIGN_PERSON_AND_ORGANIZATION_ASSIGNMENT ( #8258, #8938, ( #3774 ) ) ;
#2 = FACE_OUTER_BOUND ( 'NONE', #1128, .T. ) ;
#3 = DIRECTION ( 'NONE',  ( 1.000000000000000000, -8.775090700452170181E-16, 0.000000000000000000 ) ) ;
#4 = VECTOR ( 'NONE', #2416, 1000.000000000000114 ) ;
#5 = CARTESIAN_POINT ( 'NONE',  ( -13.70000000000000107, -17.69999999999999929, 0.000000000000000000 ) ) ;
#6 = DIRECTION ( 'NONE',  ( 0.000000000000000000, 0.000000000000000000, 1.000000000000000000 ) ) ;
#7 = ORIENTED_EDGE ( 'NONE', *, *, #136, .T. ) ;
#8 = ORIENTED_EDGE ( 'NONE', *, *, #4515, .F. ) ;
#9 = EDGE_CURVE ( 'NONE', #2361, #7529, #5436, .T. ) ;
#10 = AXIS2_PLACEMENT_3D ( 'NONE', #468, #5601, #9255 ) ;
#11 = CARTESIAN_POINT ( 'NONE',  ( -4.929141392239720254, 13.25312500000001670, 11.90000000000003055 ) ) ;
#12 = LINE ( 'NONE', #5894, #9032 ) ;
#13 = EDGE_CURVE ( 'NONE', #172, #5342, #1580, .T. ) ;
#14 = AXIS2_PLACEMENT_3D ( 'NONE', #6160, #7533, #6115 ) ;
#15 = PERSON_AND_ORGANIZATION ( #5176, #5070 ) ;
#16 = CARTESIAN_POINT ( 'NONE',  ( 12.69999999999996909, 16.79811978464832833, -9.023892744153249136E-14 ) ) ;
#17 = CARTESIAN_POINT ( 'NONE',  ( -12.82664718204939014, 14.74062500000001386, -5.312971222579394137 ) ) ;
#18 = EDGE_LOOP ( 'NONE', ( #1665, #3823, #4776, #4962 ) ) ;
#19 = ADVANCED_FACE ( 'NONE', ( #7421 ), #6642, .T. ) ;
#20 = ADVANCED_FACE ( 'NONE', ( #107, #8101 ), #723, .F. ) ;
#21 = CARTESIAN_POINT ( 'NONE',  ( 6.368163355566234409E-16, 34.29999999999999716, -5.199999999999998401 ) ) ;
#22 = CARTESIAN_POINT ( 'NONE',  ( 12.23431649762030915, 11.49628517911621195, -2.630224096310723958 ) ) ;
#23 = AXIS2_PLACEMENT_3D ( 'NONE', #3242, #9010, #5508 ) ;
#24 = CARTESIAN_POINT ( 'NONE',  ( 2.050000000000001599, 0.6609346322114812988, -1.423535324875093646E-15 ) ) ;
#25 = FACE_OUTER_BOUND ( 'NONE', #2727, .T. ) ;
#26 = CARTESIAN_POINT ( 'NONE',  ( 12.69999999999989981, 15.46125521535169334, -5.260512242138412731 ) ) ;
#27 = COORDINATED_UNIVERSAL_TIME_OFFSET ( 8, 0, .AHEAD. ) ;
#28 = LINE ( 'NONE', #8842, #4611 ) ;
#29 = EDGE_LOOP ( 'NONE', ( #6521, #9334 ) ) ;
#30 = CARTESIAN_POINT ( 'NONE',  ( 0.000000000000000000, 0.000000000000000000, 3.200000000000000178 ) ) ;
#31 = VERTEX_POINT ( 'NONE', #21 ) ;
#32 = B_SPLINE_CURVE_WITH_KNOTS ( 'NONE', 3,
 ( #1704, #8326, #5505, #7592, #4625, #1033 ),
 .UNSPECIFIED., .F., .F.,
 ( 4, 2, 4 ),
 ( 0.01669505163429731501, 0.01941030283746667667, 0.02212555404063603834 ),
 .UNSPECIFIED. ) ;
#33 = CARTESIAN_POINT ( 'NONE',  ( 2.618097302622880651, -1.770935120663231555, -14.98911151100554839 ) ) ;
#34 = CARTESIAN_POINT ( 'NONE',  ( -6.999999999999999112, 0.000000000000000000, 0.000000000000000000 ) ) ;
#35 = VECTOR ( 'NONE', #1066, 1000.000000000000000 ) ;
#36 = DIRECTION ( 'NONE',  ( -1.000000000000000000, -0.000000000000000000, -0.000000000000000000 ) ) ;
#37 = ORIENTED_EDGE ( 'NONE', *, *, #9055, .F. ) ;
#38 = ORIENTED_EDGE ( 'NONE', *, *, #6670, .F. ) ;
#39 = VERTEX_POINT ( 'NONE', #8787 ) ;
#40 = PRODUCT_DEFINITION_SHAPE ( 'NONE', 'NONE',  #5138 ) ;
#41 = CARTESIAN_POINT ( 'NONE',  ( 0.000000000000000000, 0.000000000000000000, 0.000000000000000000 ) ) ;
#42 = PLANE ( 'NONE',  #3470 ) ;
#43 = CARTESIAN_POINT ( 'NONE',  ( 33.89999999999999147, 7.286648454926750979E-16, -5.949999999999999289 ) ) ;
#44 = CARTESIAN_POINT ( 'NONE',  ( 1.544415963279582930E-14, 17.60000000000001208, 0.000000000000000000 ) ) ;
#45 = DIRECTION ( 'NONE',  ( 0.000000000000000000, -0.4999999999999997780, 0.8660254037844387076 ) ) ;
#46 = CARTESIAN_POINT ( 'NONE',  ( -14.29000000000000803, -15.69047268157664021, -6.257467538869046386 ) ) ;
#47 = AXIS2_PLACEMENT_3D ( 'NONE', #9009, #2417, #2466 ) ;
#48 = ORIENTED_EDGE ( 'NONE', *, *, #9054, .F. ) ;
#49 = ORIENTED_EDGE ( 'NONE', *, *, #2118, .T. ) ;
#50 = CYLINDRICAL_SURFACE ( 'NONE', #5787, 13.10000000000000142 ) ;
#51 = VECTOR ( 'NONE', #986, 1000.000000000000000 ) ;
#52 = CARTESIAN_POINT ( 'NONE',  ( 34.40000000000000568, 5.499261314031191894, -9.524999999999998579 ) ) ;
#53 = ADVANCED_FACE ( 'NONE', ( #8199 ), #6522, .F. ) ;
#54 = DATE_AND_TIME ( #8048, #430 ) ;
#55 = DIRECTION ( 'NONE',  ( 0.000000000000000000, -1.000000000000000000, -0.000000000000000000 ) ) ;
#56 = ORIENTED_EDGE ( 'NONE', *, *, #1989, .F. ) ;
#57 = AXIS2_PLACEMENT_3D ( 'NONE', #7244, #775, #683 ) ;
#58 = CARTESIAN_POINT ( 'NONE',  ( 12.82664718204939192, 14.10562500000001407, 5.312971222579391473 ) ) ;
#59 = EDGE_CURVE ( 'NONE', #5690, #1953, #1911, .T. ) ;
#60 = ORIENTED_EDGE ( 'NONE', *, *, #3103, .T. ) ;
#61 = DIRECTION ( 'NONE',  ( 1.000000000000000000, 0.000000000000000000, 0.000000000000000000 ) ) ;
#62 = CARTESIAN_POINT ( 'NONE',  ( 12.42080871743440440, 11.42080871743513626, -0.6546641552378209550 ) ) ;
#63 = CARTESIAN_POINT ( 'NONE',  ( 11.90000000000003588, 17.18062500000000981, 4.929141392239745123 ) ) ;
#64 = DIRECTION ( 'NONE',  ( 0.000000000000000000, 0.000000000000000000, 1.000000000000000000 ) ) ;
#65 = EDGE_CURVE ( 'NONE', #1280, #2360, #3787, .T. ) ;
#66 = DIRECTION ( 'NONE',  ( -1.000000000000000000, -0.000000000000000000, -0.000000000000000000 ) ) ;
#67 = EDGE_CURVE ( 'NONE', #3738, #4938, #2513, .T. ) ;
#68 = PERSON_AND_ORGANIZATION ( #5176, #5070 ) ;
#69 = CARTESIAN_POINT ( 'NONE',  ( 0.000000000000000000, 0.000000000000000000, 14.00000000000000000 ) ) ;
#70 = DIRECTION ( 'NONE',  ( 0.000000000000000000, 0.000000000000000000, 1.000000000000000000 ) ) ;
#71 = EDGE_CURVE ( 'NONE', #4900, #5077, #7732, .T. ) ;
#72 = ORIENTED_EDGE ( 'NONE', *, *, #3921, .F. ) ;
#73 = DIRECTION ( 'NONE',  ( -8.775090700452169195E-16, -1.000000000000000000, -0.000000000000000000 ) ) ;
#74 = VECTOR ( 'NONE', #8114, 1000.000000000000000 ) ;
#75 = EDGE_LOOP ( 'NONE', ( #3848, #2160, #6077, #2181 ) ) ;
#76 = DIRECTION ( 'NONE',  ( 0.000000000000000000, 0.000000000000000000, 1.000000000000000000 ) ) ;
#77 = DIRECTION ( 'NONE',  ( 0.000000000000000000, 0.4999999999999997224, -0.8660254037844387076 ) ) ;
#78 = ADVANCED_FACE ( 'NONE', ( #8833 ), #3592, .F. ) ;
#79 = AXIS2_PLACEMENT_3D ( 'NONE', #6054, #7573, #2394 ) ;
#80 = ADVANCED_FACE ( 'NONE', ( #7470 ), #7566, .T. ) ;
#81 = VECTOR ( 'NONE', #6610, 1000.000000000000000 ) ;
#82 = B_SPLINE_CURVE_WITH_KNOTS ( 'NONE', 3,
 ( #4553, #3739, #5858, #6752, #6656, #4503, #209, #3788, #8251, #6703, #109, #2341 ),
 .UNSPECIFIED., .F., .F.,
 ( 4, 2, 2, 2, 2, 4 ),
 ( 2.344180752198965914E-07, 0.003137532069197800869, 0.006274829720320382331, 0.007843478545881672412, 0.009412127371442964227, 0.01254942502256555306 ),
 .UNSPECIFIED. ) ;
#83 = CARTESIAN_POINT ( 'NONE',  ( -12.69999999999996909, 16.16311978464833388, 8.868362600661534741E-14 ) ) ;
#84 = ORIENTED_EDGE ( 'NONE', *, *, #3576, .T. ) ;
#85 = ORIENTED_EDGE ( 'NONE', *, *, #2334, .T. ) ;
#86 = ORIENTED_EDGE ( 'NONE', *, *, #6900, .T. ) ;
#87 = VECTOR ( 'NONE', #4585, 1000.000000000000000 ) ;
#88 = AXIS2_PLACEMENT_3D ( 'NONE', #2517, #2469, #3868 ) ;
#89 = DIRECTION ( 'NONE',  ( -6.217248937900875838E-15, 0.000000000000000000, -1.000000000000000000 ) ) ;
#90 = CARTESIAN_POINT ( 'NONE',  ( 0.000000000000000000, 34.29999999999999716, -20.24999999999999645 ) ) ;
#91 = DIRECTION ( 'NONE',  ( 0.000000000000000000, 0.5000000000000001110, 0.8660254037844385966 ) ) ;
#92 = DIRECTION ( 'NONE',  ( 1.000000000000000000, -8.673617379884044347E-16, 0.000000000000000000 ) ) ;
#93 = FACE_OUTER_BOUND ( 'NONE', #1467, .T. ) ;
#94 = CIRCLE ( 'NONE', #8040, 2.299999999999996714 ) ;
#95 = VECTOR ( 'NONE', #4234, 1000.000000000000000 ) ;
#96 = ORIENTED_EDGE ( 'NONE', *, *, #3641, .F. ) ;
#97 = ORIENTED_EDGE ( 'NONE', *, *, #8803, .F. ) ;
#98 = ORIENTED_EDGE ( 'NONE', *, *, #8728, .T. ) ;
#99 = CARTESIAN_POINT ( 'NONE',  ( -8.414570696119865190, 11.90375000000001826, 8.414570696119964666 ) ) ;
#100 = AXIS2_PLACEMENT_3D ( 'NONE', #7402, #8130, #6 ) ;
#101 = CARTESIAN_POINT ( 'NONE',  ( -12.82664718204931198, 9.819375000000023945, 5.312971222579581543 ) ) ;
#102 = CALENDAR_DATE ( 2025, 13, 3 ) ;
#103 = LINE ( 'NONE', #6650, #554 ) ;
#104 = VERTEX_POINT ( 'NONE', #1058 ) ;
#105 = ORIENTED_EDGE ( 'NONE', *, *, #4281, .T. ) ;
#106 = CARTESIAN_POINT ( 'NONE',  ( 8.528325040094456217E-14, 19.68250000000000099, 11.89999999999999858 ) ) ;
#107 = FACE_BOUND ( 'NONE', #3115, .T. ) ;
#108 = EDGE_CURVE ( 'NONE', #6458, #4567, #1425, .T. ) ;
#109 = CARTESIAN_POINT ( 'NONE',  ( 11.67013411036706039, -15.92953782274725683, 9.762915623340049365 ) ) ;
#110 = CARTESIAN_POINT ( 'NONE',  ( -8.414570696119854532, 12.97375000000001677, 8.414570696119975324 ) ) ;
#111 = TOROIDAL_SURFACE ( 'NONE', #4080, 4.688733431983854061, 1.000000000000000444 ) ;
#112 = CC_DESIGN_DATE_AND_TIME_ASSIGNMENT ( #8060, #6709, ( #5204 ) ) ;
#113 = LOCAL_TIME ( 22, 23, 34.00000000000000000, #1207 ) ;
#114 = DIRECTION ( 'NONE',  ( 0.000000000000000000, 1.000000000000000000, 0.000000000000000000 ) ) ;
#115 = EDGE_CURVE ( 'NONE', #7318, #2905, #3834, .T. ) ;
#116 = DIRECTION ( 'NONE',  ( -0.000000000000000000, 1.000000000000000000, -0.000000000000000000 ) ) ;
#117 = DIRECTION ( 'NONE',  ( -1.000000000000000000, -0.000000000000000000, -0.000000000000000000 ) ) ;
#118 = MECHANICAL_CONTEXT ( 'NONE', #9396, 'mechanical' ) ;
#119 = DIRECTION ( 'NONE',  ( -0.000000000000000000, 1.000000000000000000, -0.000000000000000000 ) ) ;
#120 = ORIENTED_EDGE ( 'NONE', *, *, #2914, .F. ) ;
#121 = CIRCLE ( 'NONE', #3477, 1.000000000000000444 ) ;
#122 = CARTESIAN_POINT ( 'NONE',  ( 6.002643781541124213, 10.90000000000000213, 10.27512859442283144 ) ) ;
#123 = CC_DESIGN_SECURITY_CLASSIFICATION ( #2247, ( #2391 ) ) ;
#124 = ORIENTED_EDGE ( 'NONE', *, *, #8032, .F. ) ;
#125 = EDGE_CURVE ( 'NONE', #6071, #3738, #1598, .T. ) ;
#126 = DIRECTION ( 'NONE',  ( -1.000000000000000000, -0.000000000000000000, -0.000000000000000000 ) ) ;
#127 = LINE ( 'NONE', #7977, #2136 ) ;
#128 = ADVANCED_FACE ( 'NONE', ( #6290 ), #2683, .T. ) ;
#129 = CARTESIAN_POINT ( 'NONE',  ( 5.000000000000000000, 8.248891971046779403, -4.762500000000000178 ) ) ;
#130 = VECTOR ( 'NONE', #8596, 999.9999999999998863 ) ;
#131 = AXIS2_PLACEMENT_3D ( 'NONE', #2448, #6061, #6911 ) ;
#132 = CARTESIAN_POINT ( 'NONE',  ( 12.69999999999996909, 12.98811978464833672, -9.023892744153249136E-14 ) ) ;
#133 = EDGE_LOOP ( 'NONE', ( #8470, #510 ) ) ;
#134 = ORIENTED_EDGE ( 'NONE', *, *, #3759, .F. ) ;
#135 = ORIENTED_EDGE ( 'NONE', *, *, #3092, .F. ) ;
#136 = EDGE_CURVE ( 'NONE', #7836, #488, #489, .T. ) ;
#137 = AXIS2_PLACEMENT_3D ( 'NONE', #1422, #4341, #3621 ) ;
#138 = ADVANCED_FACE ( 'NONE', ( #2784 ), #1152, .T. ) ;
#139 = DIRECTION ( 'NONE',  ( 8.659560562354929160E-17, -0.7071067811865479058, 0.7071067811865471286 ) ) ;
#140 = FACE_OUTER_BOUND ( 'NONE', #7102, .T. ) ;
#141 = CARTESIAN_POINT ( 'NONE',  ( 4.999999999999996447, 1.849720943065750856, 9.525000000000002132 ) ) ;
#142 = DIRECTION ( 'NONE',  ( 0.000000000000000000, 0.000000000000000000, 1.000000000000000000 ) ) ;
#143 = LINE ( 'NONE', #1661, #2916 ) ;
#144 = CARTESIAN_POINT ( 'NONE',  ( -14.29000000000000092, -16.11848046211800778, 4.198967141332517805 ) ) ;
#145 = AXIS2_PLACEMENT_3D ( 'NONE', #2711, #4821, #7747 ) ;
#146 = EDGE_LOOP ( 'NONE', ( #8195, #2654, #7182, #8410 ) ) ;
#147 = VERTEX_POINT ( 'NONE', #6424 ) ;
#148 = ORIENTED_EDGE ( 'NONE', *, *, #4169, .F. ) ;
#149 = AXIS2_PLACEMENT_3D ( 'NONE', #2234, #6684, #8083 ) ;
#150 = CARTESIAN_POINT ( 'NONE',  ( 1.270549420881450262E-16, -7.790620194877514670, -5.556250000000000355 ) ) ;
#151 = CARTESIAN_POINT ( 'NONE',  ( 34.00693079519157891, 0.000000000000000000, 19.59999999999999787 ) ) ;
#152 = APPROVAL_DATE_TIME ( #4545, #6897 ) ;
#153 = CARTESIAN_POINT ( 'NONE',  ( 0.000000000000000000, 17.80000000000000071, 0.000000000000000000 ) ) ;
#154 = ORIENTED_EDGE ( 'NONE', *, *, #7969, .T. ) ;
#155 = AXIS2_PLACEMENT_3D ( 'NONE', #362, #8998, #2454 ) ;
#156 = CARTESIAN_POINT ( 'NONE',  ( -8.414570696119973547, 17.93625000000000824, -8.414570696119856308 ) ) ;
#157 = ADVANCED_BREP_SHAPE_REPRESENTATION ( '', ( #8272, #3836 ), #1850 ) ;
#158 = EDGE_LOOP ( 'NONE', ( #4248, #8995, #3813, #9345 ) ) ;
#159 = DIRECTION ( 'NONE',  ( -0.000000000000000000, -1.000000000000000000, -0.000000000000000000 ) ) ;
#160 = CARTESIAN_POINT ( 'NONE',  ( 8.414570696119856308, 17.41875000000000639, -8.414570696119973547 ) ) ;
#161 = AXIS2_PLACEMENT_3D ( 'NONE', #6574, #815, #8057 ) ;
#162 = CARTESIAN_POINT ( 'NONE',  ( 4.929141392239906772, 14.68187500000001400, 11.89999999999998614 ) ) ;
#163 = DIRECTION ( 'NONE',  ( 0.000000000000000000, 0.000000000000000000, -1.000000000000000000 ) ) ;
#164 = DIRECTION ( 'NONE',  ( 0.000000000000000000, 0.000000000000000000, -1.000000000000000000 ) ) ;
#165 = SECURITY_CLASSIFICATION_LEVEL ( 'unclassified' ) ;
#166 = DIRECTION ( 'NONE',  ( 0.000000000000000000, 0.000000000000000000, -1.000000000000000000 ) ) ;
#167 = CARTESIAN_POINT ( 'NONE',  ( 0.000000000000000000, -11.19999999999999929, 12.94999999999999218 ) ) ;
#168 = EDGE_LOOP ( 'NONE', ( #4013, #6390, #6412, #2574 ) ) ;
#169 = VECTOR ( 'NONE', #229, 1000.000000000000000 ) ;
#170 = PRODUCT_RELATED_PRODUCT_CATEGORY ( 'detail', '', ( #1482 ) ) ;
#171 = FACE_OUTER_BOUND ( 'NONE', #337, .T. ) ;
#172 = VERTEX_POINT ( 'NONE', #5713 ) ;
#173 = DIRECTION ( 'NONE',  ( 1.000000000000000000, 0.000000000000000000, 0.000000000000000000 ) ) ;
#174 = CARTESIAN_POINT ( 'NONE',  ( 43.60000000000000142, 0.000000000000000000, 0.000000000000000000 ) ) ;
#175 = CARTESIAN_POINT ( 'NONE',  ( -12.28141183764305033, 17.15582178632724464, -2.581138319692353189 ) ) ;
#176 =( GEOMETRIC_REPRESENTATION_CONTEXT ( 3 ) GLOBAL_UNCERTAINTY_ASSIGNED_CONTEXT ( ( #7213 ) ) GLOBAL_UNIT_ASSIGNED_CONTEXT ( ( #7700, #8427, #3292 ) ) REPRESENTATION_CONTEXT ( 'NONE', 'WORKASPACE' ) );
#177 = DIRECTION ( 'NONE',  ( 0.000000000000000000, 0.000000000000000000, 1.000000000000000000 ) ) ;
#178 = EDGE_CURVE ( 'NONE', #625, #8545, #4795, .T. ) ;
#179 = ORIENTED_EDGE ( 'NONE', *, *, #8796, .T. ) ;
#180 = ORIENTED_EDGE ( 'NONE', *, *, #6905, .T. ) ;
#181 = ORIENTED_EDGE ( 'NONE', *, *, #581, .T. ) ;
#182 = EDGE_CURVE ( 'NONE', #5475, #2338, #4165, .T. ) ;
#183 = CARTESIAN_POINT ( 'NONE',  ( 4.605170801781708789, -10.99852262806237313, 4.928329209517584241E-15 ) ) ;
#184 = CARTESIAN_POINT ( 'NONE',  ( -13.44999999999999929, 0.000000000000000000, 8.252653961416930528 ) ) ;
#185 = VECTOR ( 'NONE', #3702, 1000.000000000000000 ) ;
#186 = LINE ( 'NONE', #891, #8257 ) ;
#187 = LINE ( 'NONE', #4000, #7847 ) ;
#188 = DIRECTION ( 'NONE',  ( 0.000000000000000000, 0.000000000000000000, 1.000000000000000000 ) ) ;
#189 = CARTESIAN_POINT ( 'NONE',  ( 0.000000000000000000, 0.000000000000000000, 0.000000000000000000 ) ) ;
#190 = EDGE_CURVE ( 'NONE', #1071, #6899, #2364, .T. ) ;
#191 = EDGE_CURVE ( 'NONE', #1395, #5587, #9321, .T. ) ;
#192 =( BOUNDED_CURVE ( )  B_SPLINE_CURVE ( 2, ( #6029, #4534, #8817, #6686, #7454 ),
 .UNSPECIFIED., .F., .F. ) 
 B_SPLINE_CURVE_WITH_KNOTS ( ( 3, 2, 3 ),
 ( 0.2592939658594146102, 0.2656250000000000555, 0.2812500000000001110 ),
 .UNSPECIFIED. ) 
 CURVE ( )  GEOMETRIC_REPRESENTATION_ITEM ( )  RATIONAL_B_SPLINE_CURVE ( ( 0.9633083604253867005, 0.9691570381780247878, 1.000000000000000000, 0.9238795325112861834, 1.000000000000000444 ) ) 
 REPRESENTATION_ITEM ( '' )  );
#193 = VERTEX_POINT ( 'NONE', #4892 ) ;
#194 = VERTEX_POINT ( 'NONE', #3447 ) ;
#195 = CONICAL_SURFACE ( 'NONE', #1408, 8.252653961416930528, 0.1745329251994354181 ) ;
#196 = EDGE_LOOP ( 'NONE', ( #3296, #6943, #5974, #3973 ) ) ;
#197 = CARTESIAN_POINT ( 'NONE',  ( -14.28999999999999737, -1.772990474325943033, 5.236092080349421529 ) ) ;
#198 = CARTESIAN_POINT ( 'NONE',  ( 9.192421541439370070E-14, 11.32750000000002188, 12.82664718204935106 ) ) ;
#199 = DIRECTION ( 'NONE',  ( -8.775090700452169195E-16, -1.000000000000000000, -0.000000000000000000 ) ) ;
#200 = CARTESIAN_POINT ( 'NONE',  ( 0.000000000000000000, 34.29999999999999716, 0.000000000000000000 ) ) ;
#201 = TOROIDAL_SURFACE ( 'NONE', #352, 7.060900368822720985, 1.000000000000000888 ) ;
#202 = PERSON_AND_ORGANIZATION ( #5176, #5070 ) ;
#203 = CARTESIAN_POINT ( 'NONE',  ( 43.59999999999999432, 1.836970198721029589E-15, -15.00000000000000000 ) ) ;
#204 = VERTEX_POINT ( 'NONE', #1250 ) ;
#205 = VERTEX_POINT ( 'NONE', #443 ) ;
#206 = CARTESIAN_POINT ( 'NONE',  ( 9.069809202314482732, 11.48625000000002139, 9.069809202314353058 ) ) ;
#207 = AXIS2_PLACEMENT_3D ( 'NONE', #1806, #9350, #1897 ) ;
#208 = DIRECTION ( 'NONE',  ( -1.000000000000000000, -0.000000000000000000, -0.000000000000000000 ) ) ;
#209 = CARTESIAN_POINT ( 'NONE',  ( 8.034646945590152356, -16.43104480127817979, 11.86186511655943399 ) ) ;
#210 = CARTESIAN_POINT ( 'NONE',  ( 4.929141392239922759, 14.48187500000001648, 11.89999999999996305 ) ) ;
#211 = LINE ( 'NONE', #1633, #971 ) ;
#212 = DIRECTION ( 'NONE',  ( -1.000000000000000000, -0.000000000000000000, -0.000000000000000000 ) ) ;
#213 = PERSON_AND_ORGANIZATION_ROLE ( 'creator' ) ;
#214 = CARTESIAN_POINT ( 'NONE',  ( -12.69999999999996732, 13.47688021535169689, 8.868362600661530955E-14 ) ) ;
#215 = DIRECTION ( 'NONE',  ( 0.7071067811865475727, 0.000000000000000000, -0.7071067811865475727 ) ) ;
#216 = DIRECTION ( 'NONE',  ( -1.000000000000000000, -0.000000000000000000, -0.000000000000000000 ) ) ;
#217 = EDGE_LOOP ( 'NONE', ( #2139, #7756 ) ) ;
#218 = DIRECTION ( 'NONE',  ( -8.775090700452169195E-16, -1.000000000000000000, -0.000000000000000000 ) ) ;
#219 = PLANE ( 'NONE',  #155 ) ;
#220 = CARTESIAN_POINT ( 'NONE',  ( -12.52531215048903057, 17.17468784951089233, -0.7405438396166977855 ) ) ;
#221 = DIRECTION ( 'NONE',  ( 0.000000000000000000, 1.000000000000000000, 0.000000000000000000 ) ) ;
#222 = EDGE_LOOP ( 'NONE', ( #5371, #5067, #6277, #1512, #3566 ) ) ;
#223 = ORIENTED_EDGE ( 'NONE', *, *, #3444, .T. ) ;
#224 = CARTESIAN_POINT ( 'NONE',  ( 17.47810899155977893, -2.300000000000001599, 2.816687638038914521E-16 ) ) ;
#225 = EDGE_CURVE ( 'NONE', #1565, #6651, #2523, .T. ) ;
#226 = AXIS2_PLACEMENT_3D ( 'NONE', #265, #126, #2264 ) ;
#227 = DIRECTION ( 'NONE',  ( -1.000000000000000000, -0.000000000000000000, -0.000000000000000000 ) ) ;
#228 = CARTESIAN_POINT ( 'NONE',  ( 2.619865889632948974, -1.770462177252743796, 14.98809041681920640 ) ) ;
#229 = DIRECTION ( 'NONE',  ( -1.000000000000000000, 0.000000000000000000, 0.000000000000000000 ) ) ;
#230 = APPROVAL ( #3797, '未指定' ) ;
#231 = EDGE_CURVE ( 'NONE', #2825, #3248, #7770, .T. ) ;
#232 = DIRECTION ( 'NONE',  ( 1.000000000000000000, -8.195543980992800502E-16, 0.000000000000000000 ) ) ;
#233 = CARTESIAN_POINT ( 'NONE',  ( 4.827671754811403204, 10.08197907572384544, 1.587500000000001910 ) ) ;
#234 = EDGE_LOOP ( 'NONE', ( #1367, #2543, #7445, #4820 ) ) ;
#235 = EDGE_LOOP ( 'NONE', ( #5252, #1913, #782, #5810 ) ) ;
#236 = AXIS2_PLACEMENT_3D ( 'NONE', #6455, #4102, #5558 ) ;
#237 = DIRECTION ( 'NONE',  ( 1.243449787580175168E-14, 0.000000000000000000, -1.000000000000000000 ) ) ;
#238 = FACE_OUTER_BOUND ( 'NONE', #1593, .T. ) ;
#239 = ADVANCED_FACE ( 'NONE', ( #8498, #5671 ), #7092, .T. ) ;
#240 = DIRECTION ( 'NONE',  ( 1.000000000000000000, 0.000000000000000000, 0.000000000000000000 ) ) ;
#241 = CARTESIAN_POINT ( 'NONE',  ( -5.260512242138207561, 14.98500521535169128, 12.70000000000000107 ) ) ;
#242 = AXIS2_PLACEMENT_3D ( 'NONE', #4575, #3234, #6872 ) ;
#243 = CIRCLE ( 'NONE', #8519, 2.300000000000001599 ) ;
#244 =( BOUNDED_CURVE ( )  B_SPLINE_CURVE ( 2, ( #9386, #5863, #8794, #643, #2214, #5728, #3560, #8657, #2074 ),
 .UNSPECIFIED., .F., .T. ) 
 B_SPLINE_CURVE_WITH_KNOTS ( ( 3, 2, 2, 2, 3 ),
 ( 0.4687499999999998335, 0.4843749999999998890, 0.4999999999999998890, 0.5156250000000000000, 0.5312500000000000000 ),
 .UNSPECIFIED. ) 
 CURVE ( )  GEOMETRIC_REPRESENTATION_ITEM ( )  RATIONAL_B_SPLINE_CURVE ( ( 1.000000000000000888, 0.9238795325112859613, 1.000000000000000000, 0.9238795325112867385, 1.000000000000000000, 0.9238795325112867385, 1.000000000000000000, 0.9238795325112867385, 1.000000000000000000 ) ) 
 REPRESENTATION_ITEM ( '' )  );
#245 = EDGE_CURVE ( 'NONE', #2001, #4426, #2851, .T. ) ;
#246 = CONTEXT_DEPENDENT_SHAPE_REPRESENTATION ( #9444, #8063 ) ;
#247 = CARTESIAN_POINT ( 'NONE',  ( 12.69999999999998508, -1.114436518957424246E-14, 0.000000000000000000 ) ) ;
#248 = ORIENTED_EDGE ( 'NONE', *, *, #8333, .F. ) ;
#249 = ORIENTED_EDGE ( 'NONE', *, *, #8745, .F. ) ;
#250 = CARTESIAN_POINT ( 'NONE',  ( -4.929141392239751340, 18.33312500000000966, 11.90000000000003233 ) ) ;
#251 = AXIS2_PLACEMENT_3D ( 'NONE', #8990, #5381, #1541 ) ;
#252 = CARTESIAN_POINT ( 'NONE',  ( -12.19803410270981381, 11.29295862123787231, -1.575255297039793279 ) ) ;
#253 = CARTESIAN_POINT ( 'NONE',  ( -0.9614752209292937168, 17.37355822279151596, 12.29559429540922011 ) ) ;
#254 = EDGE_CURVE ( 'NONE', #737, #3735, #5796, .T. ) ;
#255 = APPLICATION_CONTEXT ( 'configuration controlled 3d designs of mechanical parts and assemblies' ) ;
#256 = CARTESIAN_POINT ( 'NONE',  ( 11.90000000000003588, 14.64062500000001243, 4.929141392239745123 ) ) ;
#257 = FACE_OUTER_BOUND ( 'NONE', #8871, .T. ) ;
#258 = APPROVAL_ROLE ( '' ) ;
#259 = CARTESIAN_POINT ( 'NONE',  ( 4.999999999999998224, -1.849720943065751522, -9.524999999999996803 ) ) ;
#260 = CARTESIAN_POINT ( 'NONE',  ( 0.1723282451885986832, 10.08197907572384722, 1.587500000000001910 ) ) ;
#261 = CARTESIAN_POINT ( 'NONE',  ( 9.000000000000001776, -1.199999999999999734, -6.500000000000000888 ) ) ;
#262 = DIRECTION ( 'NONE',  ( -8.775090700452169195E-16, -1.000000000000000000, -0.000000000000000000 ) ) ;
#263 = EDGE_LOOP ( 'NONE', ( #8133, #9467, #2405, #935 ) ) ;
#264 = CIRCLE ( 'NONE', #5627, 15.00000000000000000 ) ;
#265 = CARTESIAN_POINT ( 'NONE',  ( 5.299999999999998934, 0.000000000000000000, 0.000000000000000000 ) ) ;
#266 = CARTESIAN_POINT ( 'NONE',  ( 12.27635182233307987, 0.000000000000000000, 0.000000000000000000 ) ) ;
#267 = DIRECTION ( 'NONE',  ( 0.000000000000000000, 0.000000000000000000, 1.000000000000000000 ) ) ;
#268 = DIRECTION ( 'NONE',  ( -1.000000000000000000, -0.000000000000000000, -0.000000000000000000 ) ) ;
#269 = LOCAL_TIME ( 22, 23, 34.00000000000000000, #1833 ) ;
#270 = ORIENTED_EDGE ( 'NONE', *, *, #7608, .F. ) ;
#271 = CARTESIAN_POINT ( 'NONE',  ( 39.70000000000001705, 0.000000000000000000, 0.000000000000000000 ) ) ;
#272 = ORIENTED_EDGE ( 'NONE', *, *, #5908, .F. ) ;
#273 = DIRECTION ( 'NONE',  ( -0.000000000000000000, 1.000000000000000000, -0.000000000000000000 ) ) ;
#274 = LOCAL_TIME ( 22, 23, 34.00000000000000000, #6794 ) ;
#275 = DIRECTION ( 'NONE',  ( -1.000000000000000000, -0.000000000000000000, -0.000000000000000000 ) ) ;
#276 = CARTESIAN_POINT ( 'NONE',  ( 1.561966144680487038E-14, 17.80000000000001137, 0.000000000000000000 ) ) ;
#277 = CARTESIAN_POINT ( 'NONE',  ( -11.90000000000004832, 14.20562500000001371, -4.929141392239717590 ) ) ;
#278 = DIRECTION ( 'NONE',  ( -1.000000000000000000, -0.000000000000000000, -0.000000000000000000 ) ) ;
#279 = ORIENTED_EDGE ( 'NONE', *, *, #178, .F. ) ;
#280 = ORIENTED_EDGE ( 'NONE', *, *, #1695, .T. ) ;
#281 = EDGE_LOOP ( 'NONE', ( #2858, #8296, #4518 ) ) ;
#282 = ADVANCED_FACE ( 'NONE', ( #5359 ), #4054, .F. ) ;
#283 = FACE_OUTER_BOUND ( 'NONE', #1929, .T. ) ;
#284 = CARTESIAN_POINT ( 'NONE',  ( 4.929141392239922759, 14.68187500000001044, 11.89999999999996305 ) ) ;
#285 = LINE ( 'NONE', #3918, #8406 ) ;
#286 = CARTESIAN_POINT ( 'NONE',  ( -8.980256121069064790, 13.63563021535169639, 8.980256121069192687 ) ) ;
#287 = CIRCLE ( 'NONE', #5504, 13.50000000000000355 ) ;
#288 = APPROVAL_STATUS ( 'not_yet_approved' ) ;
#289 = CARTESIAN_POINT ( 'NONE',  ( 0.000000000000000000, 0.000000000000000000, 0.000000000000000000 ) ) ;
#290 = ORIENTED_EDGE ( 'NONE', *, *, #1769, .F. ) ;
#291 = EDGE_CURVE ( 'NONE', #8756, #3432, #1155, .T. ) ;
#292 = EDGE_LOOP ( 'NONE', ( #8179, #3646 ) ) ;
#293 = CARTESIAN_POINT ( 'NONE',  ( -5.312971222579573549, 12.04187500000001876, -12.82664718204931376 ) ) ;
#294 = AXIS2_PLACEMENT_3D ( 'NONE', #8423, #5404, #4626 ) ;
#295 = CARTESIAN_POINT ( 'NONE',  ( 11.90633974596222089, 10.90633974596222089, -5.199830294817119976E-12 ) ) ;
#296 = EDGE_CURVE ( 'NONE', #9067, #8649, #5135, .T. ) ;
#297 = CARTESIAN_POINT ( 'NONE',  ( 7.986871099097606397, 17.47460465832449117, 9.290556149034056688 ) ) ;
#298 = CARTESIAN_POINT ( 'NONE',  ( -11.89999999999999858, 11.54500000000001947, 8.309725586446656123E-14 ) ) ;
#299 = CARTESIAN_POINT ( 'NONE',  ( 12.69999999999993179, 16.87749478464832720, -5.260512242138386085 ) ) ;
#300 = DIRECTION ( 'NONE',  ( -0.000000000000000000, -0.000000000000000000, -1.000000000000000000 ) ) ;
#301 = DIRECTION ( 'NONE',  ( 0.000000000000000000, -1.000000000000000000, 1.224646799147353207E-16 ) ) ;
#302 = CIRCLE ( 'NONE', #6716, 15.59999999999999964 ) ;
#303 = COORDINATED_UNIVERSAL_TIME_OFFSET ( 8, 0, .AHEAD. ) ;
#304 = CARTESIAN_POINT ( 'NONE',  ( 39.70000000000000284, 5.499261314031191894, -9.524999999999998579 ) ) ;
#305 = EDGE_CURVE ( 'NONE', #7834, #2422, #6209, .T. ) ;
#306 = EDGE_CURVE ( 'NONE', #4579, #3495, #6366, .T. ) ;
#307 = CARTESIAN_POINT ( 'NONE',  ( -12.82664718204935106, 21.17000000000000171, 8.956799855210031952E-14 ) ) ;
#308 = DIRECTION ( 'NONE',  ( 0.000000000000000000, -1.000000000000000000, 0.000000000000000000 ) ) ;
#309 = VERTEX_POINT ( 'NONE', #5514 ) ;
#310 = CARTESIAN_POINT ( 'NONE',  ( -4.698946659092285039, 17.46144550748707047, -11.33263444100518136 ) ) ;
#311 = CIRCLE ( 'NONE', #5356, 3.174999999999999822 ) ;
#312 = CYLINDRICAL_SURFACE ( 'NONE', #8701, 15.59999999999999964 ) ;
#313 = DIRECTION ( 'NONE',  ( -0.000000000000000000, 1.000000000000000000, 1.224646799147353207E-16 ) ) ;
#314 = FACE_OUTER_BOUND ( 'NONE', #7371, .T. ) ;
#315 = DIRECTION ( 'NONE',  ( 0.000000000000000000, 0.7071067811865512365, 0.7071067811865439090 ) ) ;
#316 = CARTESIAN_POINT ( 'NONE',  ( 0.000000000000000000, 1.604287306883032847E-15, -13.10000000000000142 ) ) ;
#317 = CIRCLE ( 'NONE', #2599, 21.75000000000000000 ) ;
#318 = VERTEX_POINT ( 'NONE', #9012 ) ;
#319 = DIRECTION ( 'NONE',  ( -0.000000000000000000, -1.000000000000000000, -0.000000000000000000 ) ) ;
#320 = EDGE_LOOP ( 'NONE', ( #8775, #4359, #1547, #1176 ) ) ;
#321 = CARTESIAN_POINT ( 'NONE',  ( -3.513634653869339264, -1.581081314057900977, 14.47207278019405052 ) ) ;
#322 = LINE ( 'NONE', #7648, #4 ) ;
#323 = CARTESIAN_POINT ( 'NONE',  ( -11.44999999999999751, 0.000000000000000000, 7.060900368822720985 ) ) ;
#324 = DIRECTION ( 'NONE',  ( -1.000000000000000000, 8.195543980992796558E-16, 0.000000000000000000 ) ) ;
#325 = DIRECTION ( 'NONE',  ( -1.000000000000000000, 8.195543980992796558E-16, 0.000000000000000000 ) ) ;
#326 = CARTESIAN_POINT ( 'NONE',  ( 12.69999999999999929, 11.70000000000000817, 1.555301434917137249E-15 ) ) ;
#327 = ORIENTED_EDGE ( 'NONE', *, *, #1866, .F. ) ;
#328 = ORIENTED_EDGE ( 'NONE', *, *, #9403, .F. ) ;
#329 = EDGE_LOOP ( 'NONE', ( #4063, #6772, #2884, #5059 ) ) ;
#330 = CYLINDRICAL_SURFACE ( 'NONE', #5031, 2.500000000000000444 ) ;
#331 = CARTESIAN_POINT ( 'NONE',  ( 11.90000000000003588, 13.57062500000001748, 4.929141392239745123 ) ) ;
#332 = FACE_BOUND ( 'NONE', #7281, .T. ) ;
#333 = DIRECTION ( 'NONE',  ( -1.000000000000000000, 0.000000000000000000, 0.000000000000000000 ) ) ;
#334 = DATE_TIME_ROLE ( 'classification_date' ) ;
#335 = AXIS2_PLACEMENT_3D ( 'NONE', #5537, #5677, #4706 ) ;
#336 = CYLINDRICAL_SURFACE ( 'NONE', #7583, 11.09999999999998543 ) ;
#337 = EDGE_LOOP ( 'NONE', ( #3390, #2668, #4742, #7192 ) ) ;
#338 = VERTEX_POINT ( 'NONE', #8377 ) ;
#339 = DIRECTION ( 'NONE',  ( 0.000000000000000000, 0.000000000000000000, 1.000000000000000000 ) ) ;
#340 = ORIENTED_EDGE ( 'NONE', *, *, #821, .T. ) ;
#341 = CARTESIAN_POINT ( 'NONE',  ( 4.111694818790779138, 11.06323535961699989, -11.34779056330348723 ) ) ;
#342 = CARTESIAN_POINT ( 'NONE',  ( 8.838059666209966636, 17.48662460811258157, 8.438975225855159579 ) ) ;
#343 = CARTESIAN_POINT ( 'NONE',  ( -8.414570696119854532, 16.98375000000000767, 8.414570696119975324 ) ) ;
#344 = CARTESIAN_POINT ( 'NONE',  ( 8.528325040094458741E-14, 11.86250000000001847, 11.89999999999999858 ) ) ;
#345 = ADVANCED_FACE ( 'NONE', ( #989 ), #1901, .T. ) ;
#346 = CARTESIAN_POINT ( 'NONE',  ( 0.03579502003219531964, 1.829091885878040946, 9.525000000000003908 ) ) ;
#347 = DIRECTION ( 'NONE',  ( 0.000000000000000000, 0.000000000000000000, 1.000000000000000000 ) ) ;
#348 = B_SPLINE_CURVE_WITH_KNOTS ( 'NONE', 3,
 ( #3042, #2852, #2994, #4373, #6625, #5919, #7346, #4524, #8166, #5779, #739, #2948 ),
 .UNSPECIFIED., .F., .F.,
 ( 4, 2, 2, 2, 2, 4 ),
 ( 2.344180752202710329E-07, 0.003137532069197812579, 0.006274829720320404883, 0.007843478545881701902, 0.009412127371442997187, 0.01254942502256559470 ),
 .UNSPECIFIED. ) ;
#349 = PERSON_AND_ORGANIZATION_ROLE ( 'creator' ) ;
#350 = EDGE_CURVE ( 'NONE', #3738, #4925, #6339, .T. ) ;
#351 = FACE_OUTER_BOUND ( 'NONE', #5062, .T. ) ;
#352 = AXIS2_PLACEMENT_3D ( 'NONE', #6986, #6465, #4111 ) ;
#353 = CARTESIAN_POINT ( 'NONE',  ( -5.312971222579573549, 17.12187500000000639, -12.82664718204931376 ) ) ;
#354 = VERTEX_POINT ( 'NONE', #6882 ) ;
#355 = DIRECTION ( 'NONE',  ( 0.000000000000000000, -1.224646799147348770E-16, 1.000000000000000000 ) ) ;
#356 = VERTEX_POINT ( 'NONE', #3912 ) ;
#357 = DIRECTION ( 'NONE',  ( 0.000000000000000000, 0.000000000000000000, 1.000000000000000000 ) ) ;
#358 = EDGE_CURVE ( 'NONE', #533, #1846, #6760, .T. ) ;
#359 = EDGE_CURVE ( 'NONE', #9355, #6655, #6784, .T. ) ;
#360 = CARTESIAN_POINT ( 'NONE',  ( 1.151935503167730301, 11.52149489594262199, 12.49344764673073449 ) ) ;
#361 = AXIS2_PLACEMENT_3D ( 'NONE', #7545, #1086, #941 ) ;
#362 = CARTESIAN_POINT ( 'NONE',  ( 34.40000000000000568, -10.99852262806237313, 3.605651974203355568E-15 ) ) ;
#363 = CARTESIAN_POINT ( 'NONE',  ( -12.70000000000000462, 12.27374478464833807, -5.260512242138206673 ) ) ;
#364 = EDGE_CURVE ( 'NONE', #5251, #4567, #8429, .T. ) ;
#365 = DIRECTION ( 'NONE',  ( -1.000000000000000000, -0.000000000000000000, -0.000000000000000000 ) ) ;
#366 = EDGE_LOOP ( 'NONE', ( #4450, #6470, #5287, #9316 ) ) ;
#367 = FACE_OUTER_BOUND ( 'NONE', #8945, .T. ) ;
#368 = EDGE_LOOP ( 'NONE', ( #7446, #1476, #179, #6128 ) ) ;
#369 = CARTESIAN_POINT ( 'NONE',  ( -11.44999999999999751, 0.000000000000000000, 0.000000000000000000 ) ) ;
#370 = EDGE_CURVE ( 'NONE', #9115, #6587, #9130, .T. ) ;
#371 = EDGE_CURVE ( 'NONE', #2087, #3320, #4151, .T. ) ;
#372 = DIRECTION ( 'NONE',  ( 0.000000000000000000, 0.000000000000000000, 1.000000000000000000 ) ) ;
#373 = CARTESIAN_POINT ( 'NONE',  ( 0.000000000000000000, 0.000000000000000000, -21.75000000000000000 ) ) ;
#374 = CIRCLE ( 'NONE', #8494, 8.045708121834929116 ) ;
#375 = CARTESIAN_POINT ( 'NONE',  ( 1.209951936996610228E-13, 13.13250000000001627, 11.89999999999999858 ) ) ;
#376 = CARTESIAN_POINT ( 'NONE',  ( 4.999999999999997335, 8.707163747216046801, 3.968750000000000888 ) ) ;
#377 = PERSON ( 'NAUO-PER2', 'UNSPECIFIED', 'UNSPECIFIED', ('UNSPECIFIED'), ('UNSPECIFIED'), ('UNSPECIFIED') ) ;
#378 = ORIENTED_EDGE ( 'NONE', *, *, #8089, .F. ) ;
#379 = EDGE_LOOP ( 'NONE', ( #4418, #1437, #4633, #3256 ) ) ;
#380 = ORIENTED_EDGE ( 'NONE', *, *, #5525, .F. ) ;
#381 = CIRCLE ( 'NONE', #6948, 11.29999999999998472 ) ;
#382 = CARTESIAN_POINT ( 'NONE',  ( 0.1511399062113911451, -3.680339675970654145, 9.525000000000002132 ) ) ;
#383 = CARTESIAN_POINT ( 'NONE',  ( 8.414570696119973547, 15.83125000000001137, 8.414570696119856308 ) ) ;
#384 = CARTESIAN_POINT ( 'NONE',  ( 9.101657815899102548E-14, 15.06438021535169014, 12.69999999999996732 ) ) ;
#385 = CARTESIAN_POINT ( 'NONE',  ( 11.44999999999999751, 0.000000000000000000, 0.000000000000000000 ) ) ;
#386 = ORIENTED_EDGE ( 'NONE', *, *, #9458, .T. ) ;
#387 = ORIENTED_EDGE ( 'NONE', *, *, #4632, .T. ) ;
#388 = CARTESIAN_POINT ( 'NONE',  ( 7.833725689261453518, 11.01630020274704158, -9.120438942687043138 ) ) ;
#389 = CARTESIAN_POINT ( 'NONE',  ( -5.240418529693781302, 17.32699924967820237, 11.21575400664851152 ) ) ;
#390 = CIRCLE ( 'NONE', #7739, 3.399999999999999911 ) ;
#391 = AXIS2_PLACEMENT_3D ( 'NONE', #2631, #4067, #2057 ) ;
#392 = CARTESIAN_POINT ( 'NONE',  ( -5.312971222579573549, 19.66187500000000554, -12.82664718204931376 ) ) ;
#393 = FACE_OUTER_BOUND ( 'NONE', #9356, .T. ) ;
#394 = PERSON_AND_ORGANIZATION ( #5176, #5070 ) ;
#395 = LINE ( 'NONE', #4074, #2312 ) ;
#396 = AXIS2_PLACEMENT_3D ( 'NONE', #806, #8978, #3734 ) ;
#397 = CARTESIAN_POINT ( 'NONE',  ( 9.069809202314482732, 19.10625000000000639, 9.069809202314353058 ) ) ;
#398 = ORIENTED_EDGE ( 'NONE', *, *, #3164, .F. ) ;
#399 = DIRECTION ( 'NONE',  ( -1.000000000000000000, -0.000000000000000000, -0.000000000000000000 ) ) ;
#400 = ORIENTED_EDGE ( 'NONE', *, *, #3204, .T. ) ;
#401 = PRODUCT_RELATED_PRODUCT_CATEGORY ( 'detail', '', ( #4307 ) ) ;
#402 = DIRECTION ( 'NONE',  ( -1.000000000000000000, -9.800697604388737541E-17, 0.000000000000000000 ) ) ;
#403 = EDGE_CURVE ( 'NONE', #5021, #7204, #4516, .T. ) ;
#404 = CARTESIAN_POINT ( 'NONE',  ( -9.449782312267595685, 11.39993541140920819, 8.067884343798967350 ) ) ;
#405 = CARTESIAN_POINT ( 'NONE',  ( 31.70000000000000639, 0.000000000000000000, 0.000000000000000000 ) ) ;
#406 = DIRECTION ( 'NONE',  ( 0.000000000000000000, 0.000000000000000000, 1.000000000000000000 ) ) ;
#407 = LINE ( 'NONE', #2845, #4384 ) ;
#408 = DIRECTION ( 'NONE',  ( -8.775090700452169195E-16, -1.000000000000000000, -0.000000000000000000 ) ) ;
#409 = ORIENTED_EDGE ( 'NONE', *, *, #3745, .F. ) ;
#410 = ADVANCED_FACE ( 'NONE', ( #8798 ), #4324, .T. ) ;
#411 = AXIS2_PLACEMENT_3D ( 'NONE', #7063, #4138, #9432 ) ;
#412 = CARTESIAN_POINT ( 'NONE',  ( 4.999999999999997335, 0.000000000000000000, 0.000000000000000000 ) ) ;
#413 = ORIENTED_EDGE ( 'NONE', *, *, #5267, .F. ) ;
#414 = EDGE_CURVE ( 'NONE', #5349, #7758, #5895, .T. ) ;
#415 = FACE_OUTER_BOUND ( 'NONE', #2534, .T. ) ;
#416 = CARTESIAN_POINT ( 'NONE',  ( 0.000000000000000000, -17.39999999999999858, 0.000000000000000000 ) ) ;
#417 = CARTESIAN_POINT ( 'NONE',  ( 0.000000000000000000, 0.000000000000000000, 0.000000000000000000 ) ) ;
#418 = CIRCLE ( 'NONE', #5923, 2.700000000000002842 ) ;
#419 = DIRECTION ( 'NONE',  ( -1.000000000000000000, -0.000000000000000000, -0.000000000000000000 ) ) ;
#420 = LOCAL_TIME ( 22, 23, 34.00000000000000000, #6951 ) ;
#421 = DIRECTION ( 'NONE',  ( -2.609982365541962249E-33, -0.9242245927363030855, -0.3818493186865927203 ) ) ;
#422 = LINE ( 'NONE', #9399, #7263 ) ;
#423 = DIRECTION ( 'NONE',  ( 0.000000000000000000, 0.000000000000000000, 1.000000000000000000 ) ) ;
#424 = ORIENTED_EDGE ( 'NONE', *, *, #4976, .F. ) ;
#425 = ADVANCED_FACE ( 'NONE', ( #5868 ), #2984, .T. ) ;
#426 = VERTEX_POINT ( 'NONE', #7247 ) ;
#427 = EDGE_CURVE ( 'NONE', #9214, #981, #243, .T. ) ;
#428 = ORIENTED_EDGE ( 'NONE', *, *, #7971, .T. ) ;
#429 = AXIS2_PLACEMENT_3D ( 'NONE', #8559, #6481, #4316 ) ;
#430 = LOCAL_TIME ( 22, 23, 34.00000000000000000, #5128 ) ;
#431 = LINE ( 'NONE', #2525, #8549 ) ;
#432 = CARTESIAN_POINT ( 'NONE',  ( 8.414570696119975324, 14.76125000000001286, 8.414570696119856308 ) ) ;
#433 = CARTESIAN_POINT ( 'NONE',  ( 34.40000000000000568, 10.99852262806237668, -1.634090867718481472E-15 ) ) ;
#434 = CARTESIAN_POINT ( 'NONE',  ( 12.44999999999999929, 0.000000000000000000, 7.060900368822720985 ) ) ;
#435 = DIRECTION ( 'NONE',  ( -1.000000000000000000, -0.000000000000000000, -0.000000000000000000 ) ) ;
#436 = VECTOR ( 'NONE', #7093, 1000.000000000000114 ) ;
#437 = DATE_AND_TIME ( #8392, #5782 ) ;
#438 = CONICAL_SURFACE ( 'NONE', #1348, 11.00000000000000000, 1.308996938995746762 ) ;
#439 = EDGE_LOOP ( 'NONE', ( #1279, #3943, #8483, #3585 ) ) ;
#440 = ORIENTED_EDGE ( 'NONE', *, *, #7413, .F. ) ;
#441 = DIRECTION ( 'NONE',  ( -0.000000000000000000, 1.000000000000000000, 1.224646799147353207E-16 ) ) ;
#442 = VERTEX_POINT ( 'NONE', #8751 ) ;
#443 = CARTESIAN_POINT ( 'NONE',  ( -1.725874147982918050, -2.009527318423362185, 15.50423678951415596 ) ) ;
#444 = CARTESIAN_POINT ( 'NONE',  ( 2.638711846039127451, 17.41039074689366473, 12.00977241848748456 ) ) ;
#445 = AXIS2_PLACEMENT_3D ( 'NONE', #661, #2671, #6368 ) ;
#446 = CARTESIAN_POINT ( 'NONE',  ( 12.82664718204939192, 17.91562500000000924, 5.312971222579391473 ) ) ;
#447 = CARTESIAN_POINT ( 'NONE',  ( 0.000000000000000000, -1.201236941557884519, 0.000000000000000000 ) ) ;
#448 = DIRECTION ( 'NONE',  ( 0.000000000000000000, 0.000000000000000000, 1.000000000000000000 ) ) ;
#449 = COORDINATED_UNIVERSAL_TIME_OFFSET ( 8, 0, .AHEAD. ) ;
#450 = DIRECTION ( 'NONE',  ( -1.000000000000000000, -0.000000000000000000, -0.000000000000000000 ) ) ;
#451 = AXIS2_PLACEMENT_3D ( 'NONE', #3202, #7709, #4009 ) ;
#452 = CARTESIAN_POINT ( 'NONE',  ( -9.069809202314482732, 19.74125000000000441, -9.069809202314353058 ) ) ;
#453 = ORIENTED_EDGE ( 'NONE', *, *, #3405, .F. ) ;
#454 = ORIENTED_EDGE ( 'NONE', *, *, #9330, .F. ) ;
#455 = CARTESIAN_POINT ( 'NONE',  ( -10.61987304526799214, 17.80000000000002203, -5.369198869700185561 ) ) ;
#456 = VECTOR ( 'NONE', #5256, 1000.000000000000000 ) ;
#457 = CARTESIAN_POINT ( 'NONE',  ( -11.95758307893039252, 11.34156146063483206, 3.156980998584057563 ) ) ;
#458 = DIRECTION ( 'NONE',  ( 0.000000000000000000, 0.000000000000000000, 1.000000000000000000 ) ) ;
#459 = DIRECTION ( 'NONE',  ( 0.000000000000000000, 1.000000000000000000, 0.000000000000000000 ) ) ;
#460 = DIRECTION ( 'NONE',  ( 0.000000000000000000, 0.000000000000000000, 1.000000000000000000 ) ) ;
#461 = CC_DESIGN_PERSON_AND_ORGANIZATION_ASSIGNMENT ( #1672, #8441, ( #7924 ) ) ;
#462 = EDGE_CURVE ( 'NONE', #2338, #8220, #8843, .T. ) ;
#463 = ORIENTED_EDGE ( 'NONE', *, *, #3815, .T. ) ;
#464 = TOROIDAL_SURFACE ( 'NONE', #2432, 9.000000000000001776, 0.3999999999999984679 ) ;
#465 = DIRECTION ( 'NONE',  ( -0.000000000000000000, 1.000000000000000000, -0.000000000000000000 ) ) ;
#466 = VERTEX_POINT ( 'NONE', #686 ) ;
#467 = DIRECTION ( 'NONE',  ( -0.8660254037844388186, 0.000000000000000000, -0.4999999999999997224 ) ) ;
#468 = CARTESIAN_POINT ( 'NONE',  ( 4.999999999999997335, 0.000000000000000000, 0.000000000000000000 ) ) ;
#469 = EDGE_CURVE ( 'NONE', #8649, #9067, #6512, .T. ) ;
#470 = DIRECTION ( 'NONE',  ( 0.000000000000000000, -1.000000000000000000, 0.000000000000000000 ) ) ;
#471 = CIRCLE ( 'NONE', #8592, 0.4000000000000010214 ) ;
#472 = LINE ( 'NONE', #7843, #6049 ) ;
#473 = DIRECTION ( 'NONE',  ( 1.000000000000000000, 1.231304080816852664E-16, -0.000000000000000000 ) ) ;
#474 = EDGE_CURVE ( 'NONE', #1280, #4078, #1308, .T. ) ;
#475 = ORIENTED_EDGE ( 'NONE', *, *, #7440, .T. ) ;
#476 = EDGE_LOOP ( 'NONE', ( #8276, #2835, #4420, #8955 ) ) ;
#477 = EDGE_LOOP ( 'NONE', ( #2028, #1082, #744, #7304 ) ) ;
#478 = CARTESIAN_POINT ( 'NONE',  ( -12.44999999999999929, 0.000000000000000000, 0.000000000000000000 ) ) ;
#479 = CARTESIAN_POINT ( 'NONE',  ( -6.999999999999999112, 2.816687638038912056E-16, -2.299999999999999822 ) ) ;
#480 = EDGE_CURVE ( 'NONE', #8220, #2961, #8709, .T. ) ;
#481 = CARTESIAN_POINT ( 'NONE',  ( 40.20000000000001705, 3.888253587292852491E-16, -3.175000000000004707 ) ) ;
#482 = ADVANCED_FACE ( 'NONE', ( #5192 ), #7026, .F. ) ;
#483 = CARTESIAN_POINT ( 'NONE',  ( -8.946127672407391939E-14, 14.57561978464833352, -12.69999999999996909 ) ) ;
#484 = APPROVAL_PERSON_ORGANIZATION ( #4101, #1924, #2664 ) ;
#485 = PERSON_AND_ORGANIZATION ( #2082, #4903 ) ;
#486 = ORIENTED_EDGE ( 'NONE', *, *, #6398, .F. ) ;
#487 = ORIENTED_EDGE ( 'NONE', *, *, #8309, .F. ) ;
#488 = VERTEX_POINT ( 'NONE', #2894 ) ;
#489 = LINE ( 'NONE', #8546, #5891 ) ;
#490 = CARTESIAN_POINT ( 'NONE',  ( 1.581356405660772735, 17.76921912497280331, -11.83302089074703645 ) ) ;
#491 = CARTESIAN_POINT ( 'NONE',  ( -4.929141392239914765, 11.30687500000001933, -11.89999999999996483 ) ) ;
#492 = CIRCLE ( 'NONE', #3086, 15.00000000000000000 ) ;
#493 = DIRECTION ( 'NONE',  ( -8.775090700452169195E-16, -1.000000000000000000, -0.000000000000000000 ) ) ;
#494 = DIRECTION ( 'NONE',  ( 0.000000000000000000, -0.000000000000000000, 1.000000000000000000 ) ) ;
#495 = PERSON_AND_ORGANIZATION ( #5176, #5070 ) ;
#496 = DIRECTION ( 'NONE',  ( -1.000000000000000000, -0.000000000000000000, -0.000000000000000000 ) ) ;
#497 = PERSON ( 'NAUO-PER3', 'UNSPECIFIED', 'UNSPECIFIED', ('UNSPECIFIED'), ('UNSPECIFIED'), ('UNSPECIFIED') ) ;
#498 =( BOUNDED_CURVE ( )  B_SPLINE_CURVE ( 2, ( #3188, #2313, #3900, #8271, #4619, #8952, #4667, #1698, #7642 ),
 .UNSPECIFIED., .F., .T. ) 
 B_SPLINE_CURVE_WITH_KNOTS ( ( 3, 2, 2, 2, 3 ),
 ( 0.3437499999999998890, 0.3593749999999999445, 0.3750000000000000000, 0.3906250000000000000, 0.4062500000000000555 ),
 .UNSPECIFIED. ) 
 CURVE ( )  GEOMETRIC_REPRESENTATION_ITEM ( )  RATIONAL_B_SPLINE_CURVE ( ( 1.000000000000000444, 0.9238795325112861834, 1.000000000000000000, 0.9238795325112867385, 1.000000000000000000, 0.9238795325112867385, 1.000000000000000000, 0.9238795325112865164, 1.000000000000000222 ) ) 
 REPRESENTATION_ITEM ( '' )  );
#499 = CARTESIAN_POINT ( 'NONE',  ( 9.069809202314353058, 18.15375000000000583, -9.069809202314482732 ) ) ;
#500 = ORIENTED_EDGE ( 'NONE', *, *, #926, .F. ) ;
#501 = ORIENTED_EDGE ( 'NONE', *, *, #4855, .F. ) ;
#502 = CARTESIAN_POINT ( 'NONE',  ( 1.140028159679985720, 17.23140902440309574, -12.42378746397329614 ) ) ;
#503 = DIRECTION ( 'NONE',  ( 0.000000000000000000, -1.000000000000000000, 0.000000000000000000 ) ) ;
#504 = DIRECTION ( 'NONE',  ( 0.000000000000000000, 1.000000000000000000, 0.000000000000000000 ) ) ;
#505 = CARTESIAN_POINT ( 'NONE',  ( -8.946127672407391939E-14, 12.03561978464833793, -12.69999999999996909 ) ) ;
#506 = AXIS2_PLACEMENT_3D ( 'NONE', #5705, #2097, #2674 ) ;
#507 = CARTESIAN_POINT ( 'NONE',  ( -11.89999999999996838, 16.90437500000000526, 4.929141392239906772 ) ) ;
#508 = VERTEX_POINT ( 'NONE', #2666 ) ;
#509 = DIRECTION ( 'NONE',  ( 1.000000000000000000, 1.231304080816852664E-16, -0.000000000000000000 ) ) ;
#510 = ORIENTED_EDGE ( 'NONE', *, *, #5107, .T. ) ;
#511 = CIRCLE ( 'NONE', #2953, 11.89999999999998970 ) ;
#512 = CARTESIAN_POINT ( 'NONE',  ( 8.414570696119856308, 19.95875000000000554, -8.414570696119973547 ) ) ;
#513 = DIRECTION ( 'NONE',  ( -1.000000000000000000, -0.000000000000000000, -0.000000000000000000 ) ) ;
#514 = CARTESIAN_POINT ( 'NONE',  ( 8.414570696119833215, 11.26875000000001847, -8.414570696119996640 ) ) ;
#515 = DIRECTION ( 'NONE',  ( 1.000000000000000000, 1.231304080816850198E-16, 1.602373713730180230E-31 ) ) ;
#516 = DIRECTION ( 'NONE',  ( -8.775090700452169195E-16, -1.000000000000000000, -0.000000000000000000 ) ) ;
#517 = VERTEX_POINT ( 'NONE', #5010 ) ;
#518 = ORIENTED_EDGE ( 'NONE', *, *, #8253, .T. ) ;
#519 = EDGE_LOOP ( 'NONE', ( #7238, #668, #9224, #3367 ) ) ;
#520 = EDGE_CURVE ( 'NONE', #8395, #5560, #2128, .T. ) ;
#521 = FACE_OUTER_BOUND ( 'NONE', #1396, .T. ) ;
#522 = CARTESIAN_POINT ( 'NONE',  ( 8.414570696119975324, 10.95125000000001947, 8.414570696119856308 ) ) ;
#523 = CC_DESIGN_DATE_AND_TIME_ASSIGNMENT ( #2739, #673, ( #3012 ) ) ;
#524 = CIRCLE ( 'NONE', #5590, 0.3999999999999988565 ) ;
#525 = FACE_OUTER_BOUND ( 'NONE', #1430, .T. ) ;
#526 = EDGE_CURVE ( 'NONE', #3105, #1340, #1456, .T. ) ;
#527 = CARTESIAN_POINT ( 'NONE',  ( -11.69999999999998863, 1.026685611952902761E-14, 1.432836755002401707E-15 ) ) ;
#528 = CARTESIAN_POINT ( 'NONE',  ( -8.980256121069192687, 14.58813021535169518, -8.980256121069064790 ) ) ;
#529 = DATE_AND_TIME ( #3441, #7153 ) ;
#530 = ORIENTED_EDGE ( 'NONE', *, *, #3457, .T. ) ;
#531 = ORIENTED_EDGE ( 'NONE', *, *, #6620, .F. ) ;
#532 = CIRCLE ( 'NONE', #4039, 8.099999999999999645 ) ;
#533 = VERTEX_POINT ( 'NONE', #8941 ) ;
#534 = EDGE_CURVE ( 'NONE', #6786, #4877, #1743, .T. ) ;
#535 = DIRECTION ( 'NONE',  ( 1.000000000000000000, 0.000000000000000000, 0.000000000000000000 ) ) ;
#536 = CARTESIAN_POINT ( 'NONE',  ( 4.963898969966151320, 7.332348418708252602, 6.350000000000003197 ) ) ;
#537 = CARTESIAN_POINT ( 'NONE',  ( 12.82664718204935106, 15.45500000000001428, -9.113880979362924452E-14 ) ) ;
#538 = ADVANCED_FACE ( 'NONE', ( #4463 ), #7412, .F. ) ;
#539 = B_SPLINE_CURVE_WITH_KNOTS ( 'NONE', 3,
 ( #8933, #2933, #2251, #860, #8053, #8986 ),
 .UNSPECIFIED., .F., .F.,
 ( 4, 2, 4 ),
 ( 2.309401076759817305E-07, 0.002749861597123270680, 0.005499492254138865256 ),
 .UNSPECIFIED. ) ;
#540 = DIRECTION ( 'NONE',  ( 0.000000000000000000, 0.000000000000000000, -1.000000000000000000 ) ) ;
#541 = APPROVAL_DATE_TIME ( #8553, #9329 ) ;
#542 = PLANE ( 'NONE',  #3696 ) ;
#543 = CARTESIAN_POINT ( 'NONE',  ( -5.312971222579396802, 20.13812499999999872, 12.82664718204939014 ) ) ;
#544 = ORIENTED_EDGE ( 'NONE', *, *, #3855, .F. ) ;
#545 = ADVANCED_FACE ( 'NONE', ( #7430 ), #2492, .F. ) ;
#546 = CIRCLE ( 'NONE', #693, 11.09999999999998543 ) ;
#547 = AXIS2_PLACEMENT_3D ( 'NONE', #6127, #4629, #3148 ) ;
#548 = VERTEX_POINT ( 'NONE', #1734 ) ;
#549 = CARTESIAN_POINT ( 'NONE',  ( -3.520579078826650665, -1.579333538822585092, -14.46806341457557288 ) ) ;
#550 = CARTESIAN_POINT ( 'NONE',  ( 0.3617193100788593796, 11.51379863473304432, 12.53405758226904254 ) ) ;
#551 = CARTESIAN_POINT ( 'NONE',  ( 17.47810899155977893, -2.299999999999996714, 2.816687638038908605E-16 ) ) ;
#552 = DIRECTION ( 'NONE',  ( -1.000000000000000000, -0.000000000000000000, -0.000000000000000000 ) ) ;
#553 = CIRCLE ( 'NONE', #8197, 2.299999999999999822 ) ;
#554 = VECTOR ( 'NONE', #7370, 999.9999999999998863 ) ;
#555 =( BOUNDED_CURVE ( )  B_SPLINE_CURVE ( 2, ( #574, #5706, #1336, #7854, #7903, #2049, #528, #7179, #6507 ),
 .UNSPECIFIED., .F., .T. ) 
 B_SPLINE_CURVE_WITH_KNOTS ( ( 3, 2, 2, 2, 3 ),
 ( 0.3125000000000000000, 0.3281250000000000000, 0.3437500000000000000, 0.3593750000000000000, 0.3750000000000000000 ),
 .UNSPECIFIED. ) 
 CURVE ( )  GEOMETRIC_REPRESENTATION_ITEM ( )  RATIONAL_B_SPLINE_CURVE ( ( 1.000000000000000000, 0.9238795325112867385, 1.000000000000000000, 0.9238795325112867385, 1.000000000000000000, 0.9238795325112867385, 1.000000000000000000, 0.9238795325112867385, 1.000000000000000000 ) ) 
 REPRESENTATION_ITEM ( '' )  );
#556 = CARTESIAN_POINT ( 'NONE',  ( -7.143125246700833810E-14, 16.50750000000000739, -11.89999999999999858 ) ) ;
#557 = VERTEX_POINT ( 'NONE', #7577 ) ;
#558 = CARTESIAN_POINT ( 'NONE',  ( 8.511837979438613694E-15, 9.700000000000011724, 0.000000000000000000 ) ) ;
#559 = ORIENTED_EDGE ( 'NONE', *, *, #1504, .T. ) ;
#560 = AXIS2_PLACEMENT_3D ( 'NONE', #9187, #4704, #8403 ) ;
#561 = DIRECTION ( 'NONE',  ( -0.000000000000000000, -1.000000000000000000, -0.000000000000000000 ) ) ;
#562 = CARTESIAN_POINT ( 'NONE',  ( -13.44999999999999929, 8.900000000000016342, 12.94999999999999218 ) ) ;
#563 = CARTESIAN_POINT ( 'NONE',  ( 5.000000000000000000, 5.499261314031189229, -9.524999999999996803 ) ) ;
#564 = DIRECTION ( 'NONE',  ( -1.000000000000000000, -6.063968574257173482E-47, 6.835110704188902610E-33 ) ) ;
#565 = DIRECTION ( 'NONE',  ( 1.000000000000000000, -8.896017825522095502E-16, 0.000000000000000000 ) ) ;
#566 = ORIENTED_EDGE ( 'NONE', *, *, #6960, .F. ) ;
#567 = ORIENTED_EDGE ( 'NONE', *, *, #9231, .F. ) ;
#568 = ORIENTED_EDGE ( 'NONE', *, *, #6091, .F. ) ;
#569 = CARTESIAN_POINT ( 'NONE',  ( 2.479909768273389906E-15, 1.500000000000000000, 20.24999999999999645 ) ) ;
#570 = VECTOR ( 'NONE', #5116, 1000.000000000000000 ) ;
#571 = PRODUCT_DEFINITION_FORMATION_WITH_SPECIFIED_SOURCE ( '任何', '', #3703, .NOT_KNOWN. ) ;
#572 = DIRECTION ( 'NONE',  ( 0.000000000000000000, 0.000000000000000000, 1.000000000000000000 ) ) ;
#573 = LINE ( 'NONE', #2776, #1114 ) ;
#574 = CARTESIAN_POINT ( 'NONE',  ( 12.69999999999996732, 14.11188021535169490, -9.023892744153245350E-14 ) ) ;
#575 = CONTEXT_DEPENDENT_SHAPE_REPRESENTATION ( #4649, #7701 ) ;
#576 = ORIENTED_EDGE ( 'NONE', *, *, #3639, .T. ) ;
#577 = ORIENTED_EDGE ( 'NONE', *, *, #1521, .F. ) ;
#578 = CIRCLE ( 'NONE', #1028, 4.688733431983859390 ) ;
#579 = LOCAL_TIME ( 22, 23, 34.00000000000000000, #8683 ) ;
#580 = CARTESIAN_POINT ( 'NONE',  ( -6.216747625905286512, -16.44581851809336825, -12.91142977813911941 ) ) ;
#581 = EDGE_CURVE ( 'NONE', #4567, #7938, #6436, .T. ) ;
#582 = CARTESIAN_POINT ( 'NONE',  ( 11.69999999999999929, 9.400000000000002132, -12.94999999999999218 ) ) ;
#583 = DIRECTION ( 'NONE',  ( 0.000000000000000000, 0.000000000000000000, 1.000000000000000000 ) ) ;
#584 = CARTESIAN_POINT ( 'NONE',  ( -12.82664718204931198, 12.35937500000001954, 5.312971222579581543 ) ) ;
#585 = AXIS2_PLACEMENT_3D ( 'NONE', #1678, #4601, #6612 ) ;
#586 = AXIS2_PLACEMENT_3D ( 'NONE', #9202, #1700, #7539 ) ;
#587 = DIRECTION ( 'NONE',  ( 0.000000000000000000, 0.000000000000000000, -1.000000000000000000 ) ) ;
#588 = ADVANCED_FACE ( 'NONE', ( #871 ), #2222, .F. ) ;
#589 = CALENDAR_DATE ( 2025, 13, 3 ) ;
#590 = DIRECTION ( 'NONE',  ( -1.000000000000000000, -0.000000000000000000, -0.000000000000000000 ) ) ;
#591 = CARTESIAN_POINT ( 'NONE',  ( -12.82664718204935106, 14.82000000000001450, 8.956799855210031952E-14 ) ) ;
#592 = EDGE_CURVE ( 'NONE', #2605, #3618, #6011, .T. ) ;
#593 = ORIENTED_EDGE ( 'NONE', *, *, #3916, .F. ) ;
#594 = TOROIDAL_SURFACE ( 'NONE', #137, 3.675000000000004707, 0.5000000000000002220 ) ;
#595 = VERTEX_POINT ( 'NONE', #8295 ) ;
#596 = CARTESIAN_POINT ( 'NONE',  ( -14.29000000000000448, -2.578957854155721483E-31, -6.257467538869049051 ) ) ;
#597 = DIRECTION ( 'NONE',  ( 1.000000000000000000, -8.462065736472224919E-16, 0.000000000000000000 ) ) ;
#598 = CARTESIAN_POINT ( 'NONE',  ( 0.6234906454368555062, 1.080989911649919311, 1.957262664710609945 ) ) ;
#599 = DIRECTION ( 'NONE',  ( 0.000000000000000000, 0.000000000000000000, 1.000000000000000000 ) ) ;
#600 = ADVANCED_FACE ( 'NONE', ( #3831 ), #7513, .T. ) ;
#601 = CARTESIAN_POINT ( 'NONE',  ( 0.000000000000000000, 17.80000000000000071, -11.89999999999999858 ) ) ;
#602 = VECTOR ( 'NONE', #6024, 1000.000000000000000 ) ;
#603 = ADVANCED_FACE ( 'NONE', ( #8192 ), #7116, .T. ) ;
#604 = CARTESIAN_POINT ( 'NONE',  ( 0.1083897543756197068, -0.3304673161057467001, 4.047057408917166709E-17 ) ) ;
#605 = ORIENTED_EDGE ( 'NONE', *, *, #3059, .T. ) ;
#606 = CARTESIAN_POINT ( 'NONE',  ( 0.000000000000000000, -2.009527318423362185, 0.000000000000000000 ) ) ;
#607 = VERTEX_POINT ( 'NONE', #6089 ) ;
#608 = AXIS2_PLACEMENT_3D ( 'NONE', #4770, #275, #372 ) ;
#609 = CARTESIAN_POINT ( 'NONE',  ( 4.929141392239747788, 18.76812500000000128, -11.90000000000003233 ) ) ;
#610 = CARTESIAN_POINT ( 'NONE',  ( 0.000000000000000000, -1.201236941557884519, 14.00000000000000000 ) ) ;
#611 = CARTESIAN_POINT ( 'NONE',  ( 11.89999999999999858, 11.11000000000001897, -1.472344940069727538E-13 ) ) ;
#612 =( NAMED_UNIT ( * ) PLANE_ANGLE_UNIT ( ) SI_UNIT ( $, .RADIAN. ) );
#613 = CYLINDRICAL_SURFACE ( 'NONE', #687, 11.89999999999999858 ) ;
#614 = VECTOR ( 'NONE', #7750, 999.9999999999998863 ) ;
#615 = ORIENTED_EDGE ( 'NONE', *, *, #1339, .F. ) ;
#616 = EDGE_LOOP ( 'NONE', ( #2249, #4368, #6953, #567 ) ) ;
#617 = ADVANCED_BREP_SHAPE_REPRESENTATION ( '', ( #5193, #3836 ), #1390 ) ;
#618 = ORIENTED_EDGE ( 'NONE', *, *, #4869, .T. ) ;
#619 = FACE_OUTER_BOUND ( 'NONE', #4348, .T. ) ;
#620 = CARTESIAN_POINT ( 'NONE',  ( 31.20000000000000284, 0.000000000000000000, 3.174999999999999822 ) ) ;
#621 = CARTESIAN_POINT ( 'NONE',  ( -15.22582127265071783, 33.79999999999998295, -5.061373325877829288 ) ) ;
#622 = CARTESIAN_POINT ( 'NONE',  ( 1.668477414315185259, 0.9669561416070279192, -1.197931531734345079 ) ) ;
#623 = CARTESIAN_POINT ( 'NONE',  ( -2.475000000000000089, 0.000000000000000000, 13.00000000000000000 ) ) ;
#624 = DATE_AND_TIME ( #3352, #1078 ) ;
#625 = VERTEX_POINT ( 'NONE', #5997 ) ;
#626 = EDGE_LOOP ( 'NONE', ( #5953, #5915 ) ) ;
#627 = AXIS2_PLACEMENT_3D ( 'NONE', #3820, #6734, #188 ) ;
#628 = CARTESIAN_POINT ( 'NONE',  ( 5.000000000000000000, -8.248891971046781180, 4.762500000000003730 ) ) ;
#629 = CARTESIAN_POINT ( 'NONE',  ( -1.364715712891807486, 17.79999999999999361, -11.82148683639186615 ) ) ;
#630 = CARTESIAN_POINT ( 'NONE',  ( -12.82664718204939014, 17.28062500000000767, -5.312971222579394137 ) ) ;
#631 = SECURITY_CLASSIFICATION_LEVEL ( 'unclassified' ) ;
#632 = CARTESIAN_POINT ( 'NONE',  ( 9.101657815899105072E-14, 13.94061978464833373, 12.69999999999996909 ) ) ;
#633 = ORIENTED_EDGE ( 'NONE', *, *, #7853, .T. ) ;
#634 = CARTESIAN_POINT ( 'NONE',  ( 12.82664718204935106, 14.18500000000001471, -9.113880979362923189E-14 ) ) ;
#635 = ORIENTED_EDGE ( 'NONE', *, *, #6595, .T. ) ;
#636 = ORIENTED_EDGE ( 'NONE', *, *, #878, .T. ) ;
#637 = EDGE_CURVE ( 'NONE', #737, #3723, #4642, .T. ) ;
#638 = DIRECTION ( 'NONE',  ( 0.000000000000000000, 0.000000000000000000, 1.000000000000000000 ) ) ;
#639 = FACE_OUTER_BOUND ( 'NONE', #4240, .T. ) ;
#640 = CARTESIAN_POINT ( 'NONE',  ( 1.954271688112465544, 0.8117971011559428351, 0.6318893849766349380 ) ) ;
#641 = EDGE_CURVE ( 'NONE', #6775, #5634, #6100, .T. ) ;
#642 = CARTESIAN_POINT ( 'NONE',  ( 0.000000000000000000, 0.000000000000000000, 0.000000000000000000 ) ) ;
#643 = CARTESIAN_POINT ( 'NONE',  ( -11.89999999999996838, 15.63437500000000924, 4.929141392239910324 ) ) ;
#644 = DIRECTION ( 'NONE',  ( -8.775090700452169195E-16, -1.000000000000000000, -0.000000000000000000 ) ) ;
#645 = PRODUCT_DEFINITION_SHAPE ( 'NONE', 'NONE',  #1103 ) ;
#646 = AXIS2_PLACEMENT_3D ( 'NONE', #7958, #4403, #675 ) ;
#647 = ORIENTED_EDGE ( 'NONE', *, *, #5048, .F. ) ;
#648 = CYLINDRICAL_SURFACE ( 'NONE', #5303, 2.300000000000001599 ) ;
#649 = ORIENTED_EDGE ( 'NONE', *, *, #71, .T. ) ;
#650 = EDGE_CURVE ( 'NONE', #3237, #2115, #4208, .T. ) ;
#651 = CARTESIAN_POINT ( 'NONE',  ( 0.1083897543756196652, -2.114194236346733646E-15, 0.000000000000000000 ) ) ;
#652 = EDGE_CURVE ( 'NONE', #6492, #5437, #9137, .T. ) ;
#653 = FACE_OUTER_BOUND ( 'NONE', #5221, .T. ) ;
#654 = CARTESIAN_POINT ( 'NONE',  ( -14.00000000000001066, 8.900000000000018119, -13.44999999999999929 ) ) ;
#655 = VERTEX_POINT ( 'NONE', #203 ) ;
#656 = VERTEX_POINT ( 'NONE', #2336 ) ;
#657 = AXIS2_PLACEMENT_3D ( 'NONE', #8816, #1426, #794 ) ;
#658 = VERTEX_POINT ( 'NONE', #7563 ) ;
#659 = ADVANCED_FACE ( 'NONE', ( #4449 ), #6970, .T. ) ;
#660 = EDGE_CURVE ( 'NONE', #5575, #3105, #3451, .T. ) ;
#661 = CARTESIAN_POINT ( 'NONE',  ( 24.00000000000000000, 0.000000000000000000, 0.000000000000000000 ) ) ;
#662 = CARTESIAN_POINT ( 'NONE',  ( 0.1723282451885987665, -10.08197907572384544, 1.587500000000005018 ) ) ;
#663 = DIRECTION ( 'NONE',  ( 1.000000000000000000, -8.746504920891471725E-16, 0.000000000000000000 ) ) ;
#664 = CARTESIAN_POINT ( 'NONE',  ( 34.40000000000000568, -5.499261314031191894, -9.524999999999995026 ) ) ;
#665 = CIRCLE ( 'NONE', #4630, 3.175000000000004707 ) ;
#666 = CARTESIAN_POINT ( 'NONE',  ( 15.22582127265072316, 30.49999999999999645, 10.06137332587782929 ) ) ;
#667 = ORIENTED_EDGE ( 'NONE', *, *, #3814, .F. ) ;
#668 = ORIENTED_EDGE ( 'NONE', *, *, #5340, .T. ) ;
#669 = CARTESIAN_POINT ( 'NONE',  ( -7.579319476895820529, -16.44727708890600226, -12.12474855317952738 ) ) ;
#670 = AXIS2_PLACEMENT_3D ( 'NONE', #8467, #8516, #406 ) ;
#671 = CARTESIAN_POINT ( 'NONE',  ( 0.000000000000000000, 3.888253587292852984E-16, -3.175000000000005596 ) ) ;
#672 = CARTESIAN_POINT ( 'NONE',  ( -12.82664718204935106, 16.09000000000001407, 8.956799855210033214E-14 ) ) ;
#673 = DATE_TIME_ROLE ( 'classification_date' ) ;
#674 = AXIS2_PLACEMENT_3D ( 'NONE', #2539, #7724, #7628 ) ;
#675 = DIRECTION ( 'NONE',  ( 0.000000000000000000, 1.000000000000000000, -3.154466349054399263E-16 ) ) ;
#676 = CARTESIAN_POINT ( 'NONE',  ( 5.312971222579394137, 14.42312500000001663, -12.82664718204939014 ) ) ;
#677 = VERTEX_POINT ( 'NONE', #3020 ) ;
#678 = DIRECTION ( 'NONE',  ( -0.000000000000000000, -1.000000000000000000, -0.000000000000000000 ) ) ;
#679 = DIRECTION ( 'NONE',  ( 0.000000000000000000, 0.000000000000000000, 1.000000000000000000 ) ) ;
#680 = AXIS2_PLACEMENT_3D ( 'NONE', #1387, #9455, #6421 ) ;
#681 = DIRECTION ( 'NONE',  ( 0.000000000000000000, 0.000000000000000000, -1.000000000000000000 ) ) ;
#682 = CARTESIAN_POINT ( 'NONE',  ( 1.815700259159326979, 0.9157423076839077414, 0.9846728756826436113 ) ) ;
#683 = DIRECTION ( 'NONE',  ( 0.000000000000000000, 0.000000000000000000, 1.000000000000000000 ) ) ;
#684 = CYLINDRICAL_SURFACE ( 'NONE', #701, 2.500000000000000444 ) ;
#685 = DIRECTION ( 'NONE',  ( 0.000000000000000000, -1.000000000000000000, 1.224646799147353454E-16 ) ) ;
#686 = CARTESIAN_POINT ( 'NONE',  ( 13.79999999999999716, 2.300000000000001155, 0.000000000000000000 ) ) ;
#687 = AXIS2_PLACEMENT_3D ( 'NONE', #7073, #8622, #8529 ) ;
#688 = VERTEX_POINT ( 'NONE', #3923 ) ;
#689 = CC_DESIGN_PERSON_AND_ORGANIZATION_ASSIGNMENT ( #4192, #1686, ( #4602 ) ) ;
#690 = DIRECTION ( 'NONE',  ( 1.000000000000000000, 1.231304080816852664E-16, -0.000000000000000000 ) ) ;
#691 = ORIENTED_EDGE ( 'NONE', *, *, #469, .T. ) ;
#692 = EDGE_CURVE ( 'NONE', #4162, #2560, #2228, .T. ) ;
#693 = AXIS2_PLACEMENT_3D ( 'NONE', #1326, #1185, #2665 ) ;
#694 = AXIS2_PLACEMENT_3D ( 'NONE', #7290, #8530, #732 ) ;
#695 = DIRECTION ( 'NONE',  ( -1.000000000000000000, -0.000000000000000000, -0.000000000000000000 ) ) ;
#696 = DIRECTION ( 'NONE',  ( 0.000000000000000000, 0.000000000000000000, 1.000000000000000000 ) ) ;
#697 = CARTESIAN_POINT ( 'NONE',  ( 1.026685611952905444E-14, 11.70000000000001883, 0.000000000000000000 ) ) ;
#698 = EDGE_CURVE ( 'NONE', #9482, #6435, #103, .T. ) ;
#699 = VERTEX_POINT ( 'NONE', #5948 ) ;
#700 = EDGE_LOOP ( 'NONE', ( #5800, #7718 ) ) ;
#701 = AXIS2_PLACEMENT_3D ( 'NONE', #3700, #2795, #5054 ) ;
#702 = ORIENTED_EDGE ( 'NONE', *, *, #9391, .F. ) ;
#703 = EDGE_CURVE ( 'NONE', #8507, #5297, #2993, .T. ) ;
#704 = DIRECTION ( 'NONE',  ( 0.000000000000000000, 0.000000000000000000, 1.000000000000000000 ) ) ;
#705 = CARTESIAN_POINT ( 'NONE',  ( -12.27635182233307987, 0.000000000000000000, 0.000000000000000000 ) ) ;
#706 = DIRECTION ( 'NONE',  ( -1.000000000000000000, -0.000000000000000000, -0.000000000000000000 ) ) ;
#707 = DIRECTION ( 'NONE',  ( 0.7071067811865369146, -0.7071067811865582309, 0.000000000000000000 ) ) ;
#708 = CYLINDRICAL_SURFACE ( 'NONE', #1751, 8.099999999999999645 ) ;
#709 = ADVANCED_FACE ( 'NONE', ( #8145 ), #6699, .T. ) ;
#710 = EDGE_CURVE ( 'NONE', #6624, #4225, #8620, .T. ) ;
#711 = ORIENTED_EDGE ( 'NONE', *, *, #4445, .T. ) ;
#712 = ORIENTED_EDGE ( 'NONE', *, *, #8451, .T. ) ;
#713 = CARTESIAN_POINT ( 'NONE',  ( -8.034646945590148803, -16.43104480127817624, -11.86186511655942866 ) ) ;
#714 = AXIS2_PLACEMENT_3D ( 'NONE', #1736, #3986, #355 ) ;
#715 = DIRECTION ( 'NONE',  ( -1.000000000000000000, -0.000000000000000000, -0.000000000000000000 ) ) ;
#716 = CARTESIAN_POINT ( 'NONE',  ( -9.035340417286478833E-14, 13.23250000000001769, -12.82664718204935106 ) ) ;
#717 = AXIS2_PLACEMENT_3D ( 'NONE', #3982, #7558, #2426 ) ;
#718 = DATE_TIME_ROLE ( 'creation_date' ) ;
#719 = APPROVAL_PERSON_ORGANIZATION ( #9282, #6598, #7915 ) ;
#720 = CARTESIAN_POINT ( 'NONE',  ( 0.000000000000000000, 0.000000000000000000, 0.000000000000000000 ) ) ;
#721 = ORIENTED_EDGE ( 'NONE', *, *, #9324, .T. ) ;
#722 = ORIENTED_EDGE ( 'NONE', *, *, #358, .F. ) ;
#723 = PLANE ( 'NONE',  #9430 ) ;
#724 = CARTESIAN_POINT ( 'NONE',  ( 13.99999999999999822, 0.000000000000000000, 0.000000000000000000 ) ) ;
#725 = AXIS2_PLACEMENT_3D ( 'NONE', #724, #3025, #2388 ) ;
#726 = CC_DESIGN_APPROVAL ( #7354, ( #7924 ) ) ;
#727 = CARTESIAN_POINT ( 'NONE',  ( 0.9875896852250194424, 1.075209151134972174, 1.801237900416660542 ) ) ;
#728 = DIRECTION ( 'NONE',  ( -1.000000000000000000, -0.000000000000000000, -0.000000000000000000 ) ) ;
#729 = LINE ( 'NONE', #601, #95 ) ;
#730 = DATE_TIME_ROLE ( 'classification_date' ) ;
#731 = DIRECTION ( 'NONE',  ( 1.000000000000000000, 0.000000000000000000, 0.000000000000000000 ) ) ;
#732 = DIRECTION ( 'NONE',  ( 0.000000000000000000, 0.000000000000000000, 1.000000000000000000 ) ) ;
#733 = CIRCLE ( 'NONE', #8714, 4.799999999999999822 ) ;
#734 = APPLICATION_CONTEXT ( 'configuration controlled 3d designs of mechanical parts and assemblies' ) ;
#735 = EDGE_LOOP ( 'NONE', ( #1712, #7416, #135, #8881 ) ) ;
#736 = FACE_OUTER_BOUND ( 'NONE', #7804, .T. ) ;
#737 = VERTEX_POINT ( 'NONE', #3969 ) ;
#738 = CIRCLE ( 'NONE', #445, 3.174999999999999822 ) ;
#739 = CARTESIAN_POINT ( 'NONE',  ( 2.619865889632927658, -15.92953782274725683, -14.98809041681920995 ) ) ;
#740 = CARTESIAN_POINT ( 'NONE',  ( 12.69999999999996732, 12.84188021535169888, -9.023892744153245350E-14 ) ) ;
#741 = CC_DESIGN_DATE_AND_TIME_ASSIGNMENT ( #5707, #3541, ( #2556 ) ) ;
#742 = PLANE ( 'NONE',  #2844 ) ;
#743 = ORIENTED_EDGE ( 'NONE', *, *, #1567, .T. ) ;
#744 = ORIENTED_EDGE ( 'NONE', *, *, #4091, .T. ) ;
#745 = AXIS2_PLACEMENT_3D ( 'NONE', #7409, #7324, #3684 ) ;
#746 = VERTEX_POINT ( 'NONE', #9075 ) ;
#747 = CARTESIAN_POINT ( 'NONE',  ( 0.000000000000000000, 34.29999999999999716, 0.000000000000000000 ) ) ;
#748 = ADVANCED_FACE ( 'NONE', ( #8342 ), #336, .F. ) ;
#749 = CARTESIAN_POINT ( 'NONE',  ( 41.39999999999999858, 0.000000000000000000, 0.000000000000000000 ) ) ;
#750 = CYLINDRICAL_SURFACE ( 'NONE', #7025, 2.499999999999998668 ) ;
#751 = CARTESIAN_POINT ( 'NONE',  ( 12.69999999999996909, 15.52811978464833231, -9.023892744153249136E-14 ) ) ;
#752 = CARTESIAN_POINT ( 'NONE',  ( 8.248585258425048924E-15, 9.400000000000012790, 0.000000000000000000 ) ) ;
#753 = ADVANCED_FACE ( 'NONE', ( #4280 ), #684, .F. ) ;
#754 = DIRECTION ( 'NONE',  ( 0.000000000000000000, 0.000000000000000000, -1.000000000000000000 ) ) ;
#755 = DATE_AND_TIME ( #3630, #6723 ) ;
#756 = ORIENTED_EDGE ( 'NONE', *, *, #3616, .F. ) ;
#757 = EDGE_LOOP ( 'NONE', ( #3342, #8380, #3856, #2931 ) ) ;
#758 = CARTESIAN_POINT ( 'NONE',  ( -7.726057123094974125E-14, 13.76750000000001606, -11.89999999999999858 ) ) ;
#759 = ORIENTED_EDGE ( 'NONE', *, *, #3328, .T. ) ;
#760 = AXIS2_PLACEMENT_3D ( 'NONE', #7168, #1991, #3569 ) ;
#761 = EDGE_CURVE ( 'NONE', #822, #1141, #2891, .T. ) ;
#762 = EDGE_CURVE ( 'NONE', #1431, #5975, #7124, .T. ) ;
#763 = CARTESIAN_POINT ( 'NONE',  ( 13.79999999999999716, 0.000000000000000000, 0.000000000000000000 ) ) ;
#764 = CIRCLE ( 'NONE', #5829, 8.045708121834929116 ) ;
#765 = PERSON_AND_ORGANIZATION_ROLE ( 'design_owner' ) ;
#766 = CARTESIAN_POINT ( 'NONE',  ( -5.260512242138382533, 11.96875521535169717, -12.69999999999992824 ) ) ;
#767 = ORIENTED_EDGE ( 'NONE', *, *, #7735, .T. ) ;
#768 = ORIENTED_EDGE ( 'NONE', *, *, #8030, .F. ) ;
#769 = CARTESIAN_POINT ( 'NONE',  ( 4.999999999999997335, 0.000000000000000000, 0.000000000000000000 ) ) ;
#770 = CARTESIAN_POINT ( 'NONE',  ( 11.74508403593978301, 11.57278051697924859, -4.533878020562828404 ) ) ;
#771 = EDGE_CURVE ( 'NONE', #426, #2351, #7338, .T. ) ;
#772 = CARTESIAN_POINT ( 'NONE',  ( 11.89999999999999858, 15.99000000000001087, -8.455458555545191202E-14 ) ) ;
#773 = DIRECTION ( 'NONE',  ( 0.000000000000000000, 0.000000000000000000, -1.000000000000000000 ) ) ;
#774 = CARTESIAN_POINT ( 'NONE',  ( 12.69999999999997797, 16.57250521535169341, 5.260512242138231542 ) ) ;
#775 = DIRECTION ( 'NONE',  ( -1.000000000000000000, 0.000000000000000000, 0.000000000000000000 ) ) ;
#776 = CARTESIAN_POINT ( 'NONE',  ( 33.69999999999999574, 2.816687638038913535E-16, -2.300000000000001155 ) ) ;
#777 = APPLICATION_PROTOCOL_DEFINITION ( 'international standard', 'config_control_design', 1994, #255 ) ;
#778 = CARTESIAN_POINT ( 'NONE',  ( 3.100672399839172871E-15, -10.07925647686743886, -25.31891155881011102 ) ) ;
#779 = CARTESIAN_POINT ( 'NONE',  ( 11.69999999999999929, 9.400000000000002132, 12.94999999999999218 ) ) ;
#780 = EDGE_LOOP ( 'NONE', ( #5149, #4741, #7730, #3586, #7376, #378 ) ) ;
#781 = CARTESIAN_POINT ( 'NONE',  ( 10.01225232012652100, 11.10654249295565066, 6.888681465382784808 ) ) ;
#782 = ORIENTED_EDGE ( 'NONE', *, *, #1464, .T. ) ;
#783 = FACE_OUTER_BOUND ( 'NONE', #780, .T. ) ;
#784 = CARTESIAN_POINT ( 'NONE',  ( 12.70000000000002771, 12.76250521535169824, 5.260512242138180916 ) ) ;
#785 = AXIS2_PLACEMENT_3D ( 'NONE', #7429, #9088, #8207 ) ;
#786 = CARTESIAN_POINT ( 'NONE',  ( 12.27635182233306921, 9.853150698279006308E-16, -8.045708121834925564 ) ) ;
#787 = VERTEX_POINT ( 'NONE', #776 ) ;
#788 = VERTEX_POINT ( 'NONE', #6616 ) ;
#789 = ORIENTED_EDGE ( 'NONE', *, *, #3224, .F. ) ;
#790 = CIRCLE ( 'NONE', #2019, 9.525000000000000355 ) ;
#791 = CARTESIAN_POINT ( 'NONE',  ( 0.000000000000000000, -2.009527318423362185, 0.000000000000000000 ) ) ;
#792 = CARTESIAN_POINT ( 'NONE',  ( 43.59999999999999432, 0.000000000000000000, 0.000000000000000000 ) ) ;
#793 = CARTESIAN_POINT ( 'NONE',  ( 4.848860093788610826, 3.680339675970653257, 9.525000000000002132 ) ) ;
#794 = DIRECTION ( 'NONE',  ( 1.000000000000000000, 0.000000000000000000, 0.000000000000000000 ) ) ;
#795 = CARTESIAN_POINT ( 'NONE',  ( 0.000000000000000000, -17.39999999999999858, 0.000000000000000000 ) ) ;
#796 = CARTESIAN_POINT ( 'NONE',  ( 36.29999999999999005, 0.000000000000000000, 19.99999999999999645 ) ) ;
#797 = CIRCLE ( 'NONE', #4785, 8.600000000000003197 ) ;
#798 = EDGE_LOOP ( 'NONE', ( #4273, #8161, #6032, #8263 ) ) ;
#799 = ADVANCED_FACE ( 'NONE', ( #7157, #8609 ), #7287, .F. ) ;
#800 = VERTEX_POINT ( 'NONE', #3653 ) ;
#801 = CC_DESIGN_PERSON_AND_ORGANIZATION_ASSIGNMENT ( #495, #3454, ( #5084 ) ) ;
#802 = EDGE_CURVE ( 'NONE', #4972, #1976, #7275, .T. ) ;
#803 = CARTESIAN_POINT ( 'NONE',  ( -11.89999999999999858, 13.01500000000001656, 1.005852121562907328E-13 ) ) ;
#804 = DIRECTION ( 'NONE',  ( -8.775090700452169195E-16, -1.000000000000000000, -0.000000000000000000 ) ) ;
#805 = DATE_AND_TIME ( #5896, #1485 ) ;
#806 = CARTESIAN_POINT ( 'NONE',  ( -13.79999999999999716, 0.000000000000000000, 0.000000000000000000 ) ) ;
#807 = ORIENTED_EDGE ( 'NONE', *, *, #698, .F. ) ;
#808 = EDGE_CURVE ( 'NONE', #7345, #7006, #6575, .T. ) ;
#809 = CARTESIAN_POINT ( 'NONE',  ( 8.528325040094456217E-14, 17.14250000000000895, 11.89999999999999858 ) ) ;
#810 = ORIENTED_EDGE ( 'NONE', *, *, #641, .F. ) ;
#811 = EDGE_CURVE ( 'NONE', #2678, #3534, #5756, .T. ) ;
#812 = DIRECTION ( 'NONE',  ( -0.000000000000000000, -1.000000000000000000, -0.000000000000000000 ) ) ;
#813 = CARTESIAN_POINT ( 'NONE',  ( 8.528325040094458741E-14, 14.40250000000001229, 11.89999999999999858 ) ) ;
#814 = CIRCLE ( 'NONE', #5423, 3.675000000000003375 ) ;
#815 = DIRECTION ( 'NONE',  ( -9.800697604388738773E-17, 1.000000000000000000, -0.000000000000000000 ) ) ;
#816 = DIRECTION ( 'NONE',  ( 0.000000000000000000, 0.000000000000000000, 1.000000000000000000 ) ) ;
#817 = CARTESIAN_POINT ( 'NONE',  ( -9.000000000000001776, -1.199999999999999734, 9.000000000000000000 ) ) ;
#818 = PERSON_AND_ORGANIZATION ( #5176, #5070 ) ;
#819 = CARTESIAN_POINT ( 'NONE',  ( 4.848860093788612602, -3.680339675970656810, -9.524999999999996803 ) ) ;
#820 = EDGE_CURVE ( 'NONE', #7509, #932, #6064, .T. ) ;
#821 = EDGE_CURVE ( 'NONE', #5495, #3633, #8742, .T. ) ;
#822 = VERTEX_POINT ( 'NONE', #4957 ) ;
#823 = FACE_OUTER_BOUND ( 'NONE', #1914, .T. ) ;
#824 = AXIS2_PLACEMENT_3D ( 'NONE', #6992, #441, #3355 ) ;
#825 = ORIENTED_EDGE ( 'NONE', *, *, #6228, .T. ) ;
#826 = DIRECTION ( 'NONE',  ( -8.775090700452169195E-16, -1.000000000000000000, -0.000000000000000000 ) ) ;
#827 = CARTESIAN_POINT ( 'NONE',  ( 13.79999999999999716, 0.000000000000000000, 3.200000000000000178 ) ) ;
#828 = CARTESIAN_POINT ( 'NONE',  ( 5.260512242138388750, 12.60375521535169518, 12.69999999999992646 ) ) ;
#829 = CARTESIAN_POINT ( 'NONE',  ( 4.963898969966153096, 7.332348418708248161, -6.349999999999998757 ) ) ;
#830 = VERTEX_POINT ( 'NONE', #1445 ) ;
#831 = ORIENTED_EDGE ( 'NONE', *, *, #6713, .F. ) ;
#832 = ORIENTED_EDGE ( 'NONE', *, *, #305, .T. ) ;
#833 = AXIS2_PLACEMENT_3D ( 'NONE', #2370, #6223, #325 ) ;
#834 = VECTOR ( 'NONE', #9258, 1000.000000000000000 ) ;
#835 = DIRECTION ( 'NONE',  ( -1.000000000000000000, -0.000000000000000000, -0.000000000000000000 ) ) ;
#836 = DIRECTION ( 'NONE',  ( 0.000000000000000000, 0.000000000000000000, 1.000000000000000000 ) ) ;
#837 = DIRECTION ( 'NONE',  ( 0.000000000000000000, 0.000000000000000000, -1.000000000000000000 ) ) ;
#838 = DIRECTION ( 'NONE',  ( 0.000000000000000000, 1.000000000000000000, 0.000000000000000000 ) ) ;
#839 = LINE ( 'NONE', #2369, #8434 ) ;
#840 = CARTESIAN_POINT ( 'NONE',  ( -14.29000000000000092, -16.37972297674518174, 2.095091730328457746 ) ) ;
#841 = VECTOR ( 'NONE', #6020, 1000.000000000000000 ) ;
#842 = AXIS2_PLACEMENT_3D ( 'NONE', #2429, #5369, #1721 ) ;
#843 =( BOUNDED_CURVE ( )  B_SPLINE_CURVE ( 2, ( #7582, #1739, #6765, #1645, #6868, #880, #4615, #972, #4468 ),
 .UNSPECIFIED., .F., .T. ) 
 B_SPLINE_CURVE_WITH_KNOTS ( ( 3, 2, 2, 2, 3 ),
 ( 0.4374999999999999445, 0.4531250000000000000, 0.4687500000000000000, 0.4843750000000000555, 0.5000000000000001110 ),
 .UNSPECIFIED. ) 
 CURVE ( )  GEOMETRIC_REPRESENTATION_ITEM ( )  RATIONAL_B_SPLINE_CURVE ( ( 1.000000000000000222, 0.9238795325112865164, 1.000000000000000000, 0.9238795325112867385, 1.000000000000000000, 0.9238795325112867385, 1.000000000000000000, 0.9238795325112861834, 1.000000000000000444 ) ) 
 REPRESENTATION_ITEM ( '' )  );
#844 = ORIENTED_EDGE ( 'NONE', *, *, #4621, .T. ) ;
#845 = ORIENTED_EDGE ( 'NONE', *, *, #2268, .F. ) ;
#846 = FACE_BOUND ( 'NONE', #1053, .T. ) ;
#847 = CARTESIAN_POINT ( 'NONE',  ( 1.239098530816317244E-13, 12.06250000000001776, 11.89999999999999858 ) ) ;
#848 = CARTESIAN_POINT ( 'NONE',  ( 9.564848863492874352E-15, 10.90000000000001101, 0.000000000000000000 ) ) ;
#849 = DIRECTION ( 'NONE',  ( -1.000000000000000000, -0.000000000000000000, -0.000000000000000000 ) ) ;
#850 = APPLICATION_CONTEXT ( 'configuration controlled 3d designs of mechanical parts and assemblies' ) ;
#851 = PERSON_AND_ORGANIZATION ( #5176, #5070 ) ;
#852 = EDGE_CURVE ( 'NONE', #2001, #746, #729, .T. ) ;
#854 = CARTESIAN_POINT ( 'NONE',  ( -0.6843919803066449425, 1.243862328889966173, -1.936609009998663922 ) ) ;
#853 = UNCERTAINTY_MEASURE_WITH_UNIT (LENGTH_MEASURE( 1.000000000000000082E-05 ), #8667, 'distance_accuracy_value', 'NONE');
#855 = ORIENTED_EDGE ( 'NONE', *, *, #5150, .F. ) ;
#856 = ORIENTED_EDGE ( 'NONE', *, *, #3266, .F. ) ;
#857 = AXIS2_PLACEMENT_3D ( 'NONE', #271, #980, #7645 ) ;
#858 = CARTESIAN_POINT ( 'NONE',  ( -5.312971222579396802, 11.24812500000002125, 12.82664718204939014 ) ) ;
#859 = DIRECTION ( 'NONE',  ( -1.000000000000000000, -0.000000000000000000, -0.000000000000000000 ) ) ;
#860 = CARTESIAN_POINT ( 'NONE',  ( 4.963898969966153096, -9.165435523385307093, -3.174999999999995826 ) ) ;
#861 = B_SPLINE_CURVE_WITH_KNOTS ( 'NONE', 3,
 ( #5433, #6857, #4707, #7632, #1067 ),
 .UNSPECIFIED., .F., .F.,
 ( 4, 1, 4 ),
 ( 0.006985504506026505439, 0.007039717514298876946, 0.007093930522571247586 ),
 .UNSPECIFIED. ) ;
#862 = CARTESIAN_POINT ( 'NONE',  ( 4.929141392239922759, 15.75187500000001251, 11.89999999999996305 ) ) ;
#863 = EDGE_CURVE ( 'NONE', #4426, #9288, #244, .T. ) ;
#864 = VECTOR ( 'NONE', #6549, 1000.000000000000114 ) ;
#865 = LOCAL_TIME ( 22, 23, 34.00000000000000000, #27 ) ;
#866 = CARTESIAN_POINT ( 'NONE',  ( 12.69999999999990159, 14.33749478464833693, -5.260512242138413619 ) ) ;
#867 = FACE_OUTER_BOUND ( 'NONE', #9060, .T. ) ;
#868 = DIRECTION ( 'NONE',  ( 0.000000000000000000, 0.000000000000000000, 1.000000000000000000 ) ) ;
#869 = PERSON_AND_ORGANIZATION_ROLE ( 'design_owner' ) ;
#870 = EDGE_CURVE ( 'NONE', #1291, #8521, #6486, .T. ) ;
#871 = FACE_OUTER_BOUND ( 'NONE', #2052, .T. ) ;
#872 = LINE ( 'NONE', #167, #2706 ) ;
#873 = ORIENTED_EDGE ( 'NONE', *, *, #6956, .T. ) ;
#874 = VECTOR ( 'NONE', #1733, 1000.000000000000000 ) ;
#875 = DIRECTION ( 'NONE',  ( 0.000000000000000000, 0.000000000000000000, 1.000000000000000000 ) ) ;
#876 = ORIENTED_EDGE ( 'NONE', *, *, #4557, .T. ) ;
#877 = ORIENTED_EDGE ( 'NONE', *, *, #7678, .F. ) ;
#878 = EDGE_CURVE ( 'NONE', #7204, #5021, #1768, .T. ) ;
#879 = EDGE_CURVE ( 'NONE', #1763, #3495, #7522, .T. ) ;
#880 = CARTESIAN_POINT ( 'NONE',  ( -5.260512242138209338, 15.13124478464833267, 12.70000000000000284 ) ) ;
#881 = DIRECTION ( 'NONE',  ( 0.000000000000000000, 0.000000000000000000, 1.000000000000000000 ) ) ;
#882 = CARTESIAN_POINT ( 'NONE',  ( -11.52783601263437774, 17.12870773551936310, -5.068919288237173859 ) ) ;
#883 = AXIS2_PLACEMENT_3D ( 'NONE', #3964, #1814, #4007 ) ;
#884 = VECTOR ( 'NONE', #3181, 1000.000000000000000 ) ;
#885 = CARTESIAN_POINT ( 'NONE',  ( 11.44999999999999929, 0.000000000000000000, 0.000000000000000000 ) ) ;
#886 = ORIENTED_EDGE ( 'NONE', *, *, #4680, .F. ) ;
#887 = EDGE_LOOP ( 'NONE', ( #2240, #6345, #7460, #1461 ) ) ;
#888 = ORIENTED_EDGE ( 'NONE', *, *, #2399, .T. ) ;
#889 = AXIS2_PLACEMENT_3D ( 'NONE', #7555, #5413, #1045 ) ;
#890 = DIRECTION ( 'NONE',  ( 0.000000000000000000, 0.000000000000000000, 1.000000000000000000 ) ) ;
#891 = CARTESIAN_POINT ( 'NONE',  ( 0.000000000000000000, 2.816687638038913042E-16, -2.300000000000000711 ) ) ;
#892 = DIRECTION ( 'NONE',  ( 0.000000000000000000, 0.000000000000000000, -1.000000000000000000 ) ) ;
#893 = FACE_OUTER_BOUND ( 'NONE', #8943, .T. ) ;
#894 = DIRECTION ( 'NONE',  ( 0.000000000000000000, 0.000000000000000000, -1.000000000000000000 ) ) ;
#895 = AXIS2_PLACEMENT_3D ( 'NONE', #369, #1083, #890 ) ;
#896 = ORIENTED_EDGE ( 'NONE', *, *, #2522, .F. ) ;
#897 = ORIENTED_EDGE ( 'NONE', *, *, #8562, .T. ) ;
#898 = ORIENTED_EDGE ( 'NONE', *, *, #3112, .T. ) ;
#899 = DIRECTION ( 'NONE',  ( 0.000000000000000000, 0.000000000000000000, 1.000000000000000000 ) ) ;
#900 = AXIS2_PLACEMENT_3D ( 'NONE', #2865, #8536, #6326 ) ;
#901 = CARTESIAN_POINT ( 'NONE',  ( -5.312971222579396802, 11.24812500000002302, 12.82664718204939014 ) ) ;
#902 = FACE_OUTER_BOUND ( 'NONE', #6566, .T. ) ;
#903 =( BOUNDED_CURVE ( )  B_SPLINE_CURVE ( 2, ( #8894, #5240, #1588, #4511, #5383, #7524, #1637, #918, #214 ),
 .UNSPECIFIED., .F., .T. ) 
 B_SPLINE_CURVE_WITH_KNOTS ( ( 3, 2, 2, 2, 3 ),
 ( 0.1875000000000000833, 0.2031250000000000833, 0.2187500000000000555, 0.2343750000000000555, 0.2500000000000000555 ),
 .UNSPECIFIED. ) 
 CURVE ( )  GEOMETRIC_REPRESENTATION_ITEM ( )  RATIONAL_B_SPLINE_CURVE ( ( 0.9999999999999995559, 0.9238795325112871826, 1.000000000000000000, 0.9238795325112867385, 1.000000000000000000, 0.9238795325112867385, 1.000000000000000000, 0.9238795325112865164, 1.000000000000000222 ) ) 
 REPRESENTATION_ITEM ( '' )  );
#904 = DATE_AND_TIME ( #5227, #9168 ) ;
#905 = CARTESIAN_POINT ( 'NONE',  ( -2.034263162620930210, 2.285941745493805133, -0.2916141632692254015 ) ) ;
#906 = EDGE_LOOP ( 'NONE', ( #6187, #3285, #9379, #6479 ) ) ;
#907 = EDGE_LOOP ( 'NONE', ( #5687, #6446, #1440, #6749 ) ) ;
#908 = VECTOR ( 'NONE', #1646, 1000.000000000000000 ) ;
#909 = CARTESIAN_POINT ( 'NONE',  ( 4.929141392239747788, 20.23812500000000014, -11.90000000000003233 ) ) ;
#910 = CARTESIAN_POINT ( 'NONE',  ( 10.72036280907123817, 10.96614989287690811, -5.374480629198373549 ) ) ;
#911 = DIRECTION ( 'NONE',  ( 0.000000000000000000, 0.000000000000000000, 1.000000000000000000 ) ) ;
#912 = CARTESIAN_POINT ( 'NONE',  ( -4.929141392239751340, 14.32312500000001343, 11.90000000000003233 ) ) ;
#913 = AXIS2_PLACEMENT_3D ( 'NONE', #6395, #9197, #4812 ) ;
#914 = CARTESIAN_POINT ( 'NONE',  ( 10.26249793774846353, 11.70000000000000817, -7.481385973047218307 ) ) ;
#915 = CARTESIAN_POINT ( 'NONE',  ( -14.00000000000000000, 0.000000000000000000, 3.200000000000000178 ) ) ;
#916 = DIRECTION ( 'NONE',  ( 1.000000000000000000, 0.000000000000000000, 0.000000000000000000 ) ) ;
#917 = PERSON_AND_ORGANIZATION ( #5176, #5070 ) ;
#918 = CARTESIAN_POINT ( 'NONE',  ( -12.70000000000001705, 13.39750521535169625, -5.260512242138190686 ) ) ;
#919 = DIRECTION ( 'NONE',  ( -8.775090700452169195E-16, -1.000000000000000000, -0.000000000000000000 ) ) ;
#920 = CARTESIAN_POINT ( 'NONE',  ( 0.2720356458796163723, 10.54025085189310751, -0.7937499999999982903 ) ) ;
#921 = EDGE_CURVE ( 'NONE', #8232, #9482, #6654, .T. ) ;
#922 = VECTOR ( 'NONE', #3439, 1000.000000000000000 ) ;
#923 = CARTESIAN_POINT ( 'NONE',  ( 12.39686533479527064, 11.39686533479527064, -1.377380915777456371E-11 ) ) ;
#924 = ORIENTED_EDGE ( 'NONE', *, *, #3280, .F. ) ;
#925 = CC_DESIGN_PERSON_AND_ORGANIZATION_ASSIGNMENT ( #4144, #1275, ( #4602 ) ) ;
#926 = EDGE_CURVE ( 'NONE', #6044, #7360, #5615, .T. ) ;
#927 = CARTESIAN_POINT ( 'NONE',  ( 14.28999999999999737, -1.771777415123104715, -5.230854042680334715 ) ) ;
#928 = LINE ( 'NONE', #3230, #4123 ) ;
#929 = CARTESIAN_POINT ( 'NONE',  ( -1.604090789826549956, 1.910297053378465781, 1.300882343225461701 ) ) ;
#930 = APPROVAL_PERSON_ORGANIZATION ( #6270, #7417, #9209 ) ;
#931 = DIRECTION ( 'NONE',  ( -1.000000000000000000, -0.000000000000000000, -0.000000000000000000 ) ) ;
#932 = VERTEX_POINT ( 'NONE', #8840 ) ;
#933 = ADVANCED_FACE ( 'NONE', ( #257 ), #1730, .T. ) ;
#934 = ORIENTED_EDGE ( 'NONE', *, *, #5747, .T. ) ;
#935 = ORIENTED_EDGE ( 'NONE', *, *, #5638, .T. ) ;
#936 = ADVANCED_FACE ( 'NONE', ( #3080 ), #6516, .F. ) ;
#937 = DIRECTION ( 'NONE',  ( 0.000000000000000000, 0.000000000000000000, 1.000000000000000000 ) ) ;
#938 = FACE_OUTER_BOUND ( 'NONE', #4042, .T. ) ;
#939 = AXIS2_PLACEMENT_3D ( 'NONE', #2638, #1256, #8506 ) ;
#940 = CARTESIAN_POINT ( 'NONE',  ( 0.000000000000000000, 0.000000000000000000, 2.300000000000000711 ) ) ;
#941 = DIRECTION ( 'NONE',  ( 0.000000000000000000, 0.000000000000000000, 1.000000000000000000 ) ) ;
#942 = CARTESIAN_POINT ( 'NONE',  ( -13.44999999999999929, -10.69999999999999396, 0.000000000000000000 ) ) ;
#943 = ORIENTED_EDGE ( 'NONE', *, *, #4020, .T. ) ;
#944 = ADVANCED_FACE ( 'NONE', ( #3936 ), #4060, .F. ) ;
#945 = ORIENTED_EDGE ( 'NONE', *, *, #808, .T. ) ;
#946 = EDGE_CURVE ( 'NONE', #1798, #2532, #2529, .T. ) ;
#947 = CARTESIAN_POINT ( 'NONE',  ( 1.561966144680487038E-14, 17.80000000000001137, 0.000000000000000000 ) ) ;
#948 = AXIS2_PLACEMENT_3D ( 'NONE', #5005, #7925, #3015 ) ;
#949 = ORIENTED_EDGE ( 'NONE', *, *, #3983, .F. ) ;
#950 = FACE_OUTER_BOUND ( 'NONE', #7484, .T. ) ;
#951 = CARTESIAN_POINT ( 'NONE',  ( 9.069809202314482732, 11.48625000000002139, 9.069809202314353058 ) ) ;
#952 = DIRECTION ( 'NONE',  ( -0.9848077530122093526, 0.000000000000000000, 0.1736481776669235311 ) ) ;
#953 = ITEM_DEFINED_TRANSFORMATION ( 'NONE', 'NONE', #7664,  #3836 ) ;
#954 = DIRECTION ( 'NONE',  ( -0.000000000000000000, 1.000000000000000000, -0.000000000000000000 ) ) ;
#955 = ORIENTED_EDGE ( 'NONE', *, *, #3112, .F. ) ;
#956 = ORIENTED_EDGE ( 'NONE', *, *, #3351, .F. ) ;
#957 = CARTESIAN_POINT ( 'NONE',  ( 11.89999999999999858, 18.73000000000000398, -8.455458555545188678E-14 ) ) ;
#958 = AXIS2_PLACEMENT_3D ( 'NONE', #7751, #1852, #2713 ) ;
#959 = CARTESIAN_POINT ( 'NONE',  ( -12.30502237909049335, 11.30502237909053775, -0.3942538619802520850 ) ) ;
#960 = DIRECTION ( 'NONE',  ( 0.000000000000000000, 0.000000000000000000, 1.000000000000000000 ) ) ;
#961 = CARTESIAN_POINT ( 'NONE',  ( 4.929141392239747788, 14.95812500000001322, -11.90000000000003233 ) ) ;
#962 = CARTESIAN_POINT ( 'NONE',  ( 8.980256121069066566, 16.95686978464832961, -8.980256121069194464 ) ) ;
#963 = CARTESIAN_POINT ( 'NONE',  ( 4.999999999999997335, 8.707163747216046801, -3.968749999999999112 ) ) ;
#964 = FACE_BOUND ( 'NONE', #29, .T. ) ;
#965 = APPLICATION_PROTOCOL_DEFINITION ( 'international standard', 'config_control_design', 1994, #3852 ) ;
#966 = VECTOR ( 'NONE', #4617, 1000.000000000000000 ) ;
#967 = DIRECTION ( 'NONE',  ( 0.7071067811865475727, 0.000000000000000000, 0.7071067811865475727 ) ) ;
#968 = CARTESIAN_POINT ( 'NONE',  ( 4.184342759436243675E-16, 8.707163747216046801, -3.968749999999999112 ) ) ;
#969 = CARTESIAN_POINT ( 'NONE',  ( 12.69999999999996732, 14.11188021535169490, -9.023892744153245350E-14 ) ) ;
#970 = ORIENTED_EDGE ( 'NONE', *, *, #7188, .F. ) ;
#971 = VECTOR ( 'NONE', #300, 1000.000000000000000 ) ;
#972 = CARTESIAN_POINT ( 'NONE',  ( -12.69999999999995666, 14.97249478464833139, 5.260512242138362105 ) ) ;
#973 = CARTESIAN_POINT ( 'NONE',  ( 1.725874147982922047, -15.69047268157664021, 15.50423678951415241 ) ) ;
#974 = CARTESIAN_POINT ( 'NONE',  ( -0.2901861929251793315, 1.080184379181143628, 2.030634477646808378 ) ) ;
#975 = CARTESIAN_POINT ( 'NONE',  ( 0.000000000000000000, 0.000000000000000000, 0.000000000000000000 ) ) ;
#976 = CC_DESIGN_PERSON_AND_ORGANIZATION_ASSIGNMENT ( #8879, #7327, ( #2247 ) ) ;
#977 = AXIS2_PLACEMENT_3D ( 'NONE', #6033, #6691, #8236 ) ;
#978 = ADVANCED_FACE ( 'NONE', ( #7381 ), #9039, .T. ) ;
#979 = ORIENTED_EDGE ( 'NONE', *, *, #652, .T. ) ;
#980 = DIRECTION ( 'NONE',  ( -1.000000000000000000, -0.000000000000000000, -0.000000000000000000 ) ) ;
#981 = VERTEX_POINT ( 'NONE', #5283 ) ;
#982 = FACE_OUTER_BOUND ( 'NONE', #6639, .T. ) ;
#983 = AXIS2_PLACEMENT_3D ( 'NONE', #1627, #61, #2973 ) ;
#984 = CARTESIAN_POINT ( 'NONE',  ( -12.94999999999999218, 9.400000000000023448, 12.94999999999999218 ) ) ;
#985 = EDGE_CURVE ( 'NONE', #194, #3972, #1612, .T. ) ;
#986 = DIRECTION ( 'NONE',  ( 0.000000000000000000, 1.000000000000000000, -3.154466349054399263E-16 ) ) ;
#987 = CARTESIAN_POINT ( 'NONE',  ( 1.026685611952905444E-14, 11.70000000000001883, 0.000000000000000000 ) ) ;
#988 = LINE ( 'NONE', #7455, #87 ) ;
#989 = FACE_OUTER_BOUND ( 'NONE', #4164, .T. ) ;
#990 = ADVANCED_FACE ( 'NONE', ( #964, #3744 ), #8156, .F. ) ;
#991 = VERTEX_POINT ( 'NONE', #3031 ) ;
#992 = ORIENTED_EDGE ( 'NONE', *, *, #660, .F. ) ;
#993 = VECTOR ( 'NONE', #6674, 999.9999999999998863 ) ;
#994 = EDGE_LOOP ( 'NONE', ( #454, #2018, #9365, #6725, #3306 ) ) ;
#995 = DIRECTION ( 'NONE',  ( 0.000000000000000000, -1.224646799147353454E-16, 1.000000000000000000 ) ) ;
#996 = CARTESIAN_POINT ( 'NONE',  ( -8.382592070995921138E-14, 13.96750000000001535, -11.89999999999999858 ) ) ;
#997 = FACE_OUTER_BOUND ( 'NONE', #1655, .T. ) ;
#998 = CARTESIAN_POINT ( 'NONE',  ( 0.000000000000000000, 8.248891971046779403, -4.762500000000000178 ) ) ;
#999 = EDGE_CURVE ( 'NONE', #656, #1040, #8107, .T. ) ;
#1000 = CARTESIAN_POINT ( 'NONE',  ( 34.40000000000000568, 0.000000000000000000, 0.000000000000000000 ) ) ;
#1001 = VECTOR ( 'NONE', #2554, 1000.000000000000000 ) ;
#1002 = AXIS2_PLACEMENT_3D ( 'NONE', #2420, #1710, #3244 ) ;
#1003 = DATE_AND_TIME ( #6893, #9471 ) ;
#1004 = CARTESIAN_POINT ( 'NONE',  ( 36.29999999999999716, 2.400307726328812296E-15, -19.59999999999999787 ) ) ;
#1005 = ORIENTED_EDGE ( 'NONE', *, *, #6620, .T. ) ;
#1006 = EDGE_LOOP ( 'NONE', ( #6254, #3366, #2558, #5306 ) ) ;
#1007 = CARTESIAN_POINT ( 'NONE',  ( 12.82664718204935106, 11.64500000000001911, -9.113880979362923189E-14 ) ) ;
#1008 = AXIS2_PLACEMENT_3D ( 'NONE', #6008, #8937, #6854 ) ;
#1009 = CARTESIAN_POINT ( 'NONE',  ( 5.905839754271486441, 11.04170664020464976, -10.52392860344962244 ) ) ;
#1010 = CARTESIAN_POINT ( 'NONE',  ( 9.620545177711774087, 17.49897742771142362, 7.514891970728777792 ) ) ;
#1011 = CARTESIAN_POINT ( 'NONE',  ( 9.069809202314482732, 19.10625000000000639, 9.069809202314353058 ) ) ;
#1012 = CARTESIAN_POINT ( 'NONE',  ( 34.40000000000000568, -10.99852262806237313, 3.605651974203355568E-15 ) ) ;
#1013 = DIRECTION ( 'NONE',  ( 0.000000000000000000, 0.000000000000000000, 1.000000000000000000 ) ) ;
#1014 = CARTESIAN_POINT ( 'NONE',  ( 12.44999999999999929, 0.000000000000000000, 0.000000000000000000 ) ) ;
#1015 = DATE_AND_TIME ( #6194, #2864 ) ;
#1016 = CARTESIAN_POINT ( 'NONE',  ( 0.3948291982182993154, -5.499261314031187453, 9.525000000000002132 ) ) ;
#1017 = CARTESIAN_POINT ( 'NONE',  ( 11.90425494500886927, 10.90425494500878756, 0.2043203333651157638 ) ) ;
#1018 = CARTESIAN_POINT ( 'NONE',  ( 13.44999999999999929, 9.400000000000000355, -12.94999999999999218 ) ) ;
#1019 = DIRECTION ( 'NONE',  ( 0.000000000000000000, 0.000000000000000000, 1.000000000000000000 ) ) ;
#1020 = ORIENTED_EDGE ( 'NONE', *, *, #2383, .T. ) ;
#1021 = CARTESIAN_POINT ( 'NONE',  ( 6.463137557867827176, 17.01641649186031202, -10.92187315930073588 ) ) ;
#1022 = CIRCLE ( 'NONE', #2863, 0.2999999999999999334 ) ;
#1023 = CC_DESIGN_SECURITY_CLASSIFICATION ( #3012, ( #7142 ) ) ;
#1024 = DIRECTION ( 'NONE',  ( 1.000000000000000000, -8.746504920891471725E-16, 0.000000000000000000 ) ) ;
#1025 = CARTESIAN_POINT ( 'NONE',  ( 14.00000000000000000, 17.80000000000000071, -13.44999999999999929 ) ) ;
#1026 = LINE ( 'NONE', #2311, #4174 ) ;
#1027 = CYLINDRICAL_SURFACE ( 'NONE', #6215, 3.200000000000000178 ) ;
#1028 = AXIS2_PLACEMENT_3D ( 'NONE', #385, #435, #9173 ) ;
#1029 = LOCAL_TIME ( 22, 23, 34.00000000000000000, #4786 ) ;
#1030 = ORIENTED_EDGE ( 'NONE', *, *, #9230, .T. ) ;
#1031 = DIRECTION ( 'NONE',  ( 0.7071067811865435759, 0.7071067811865514585, 8.659560562354876159E-17 ) ) ;
#1032 = ORIENTED_EDGE ( 'NONE', *, *, #7356, .T. ) ;
#1033 = CARTESIAN_POINT ( 'NONE',  ( 4.605170801781709677, 5.499261314031189229, -9.524999999999996803 ) ) ;
#1034 = CIRCLE ( 'NONE', #3026, 0.3999999999999984679 ) ;
#1035 = CONICAL_SURFACE ( 'NONE', #7459, 25.31891155881011102, 1.047197551196596743 ) ;
#1036 = DIRECTION ( 'NONE',  ( -1.000000000000000000, 0.000000000000000000, 0.000000000000000000 ) ) ;
#1037 = CARTESIAN_POINT ( 'NONE',  ( 6.710680523104184836, -1.252722911093999469, 12.62625748697973016 ) ) ;
#1038 = FACE_OUTER_BOUND ( 'NONE', #5989, .T. ) ;
#1039 = DIRECTION ( 'NONE',  ( -0.000000000000000000, -1.000000000000000000, -0.000000000000000000 ) ) ;
#1040 = VERTEX_POINT ( 'NONE', #1586 ) ;
#1041 = ORIENTED_EDGE ( 'NONE', *, *, #6204, .T. ) ;
#1042 = CIRCLE ( 'NONE', #3344, 14.00000000000000000 ) ;
#1043 = VERTEX_POINT ( 'NONE', #3887 ) ;
#1044 = ADVANCED_FACE ( 'NONE', ( #6807 ), #6757, .F. ) ;
#1045 = DIRECTION ( 'NONE',  ( 0.000000000000000000, 0.000000000000000000, -1.000000000000000000 ) ) ;
#1046 = CARTESIAN_POINT ( 'NONE',  ( 4.929141392239747788, 13.88812500000001648, -11.90000000000003233 ) ) ;
#1047 = DIRECTION ( 'NONE',  ( -0.000000000000000000, 1.000000000000000000, -0.000000000000000000 ) ) ;
#1048 = EDGE_CURVE ( 'NONE', #31, #830, #4974, .T. ) ;
#1049 = CARTESIAN_POINT ( 'NONE',  ( 12.70000000000000462, 14.03250521535169426, 5.260512242138204009 ) ) ;
#1050 = COORDINATED_UNIVERSAL_TIME_OFFSET ( 8, 0, .AHEAD. ) ;
#1051 = CARTESIAN_POINT ( 'NONE',  ( 0.3948291982182984272, -5.499261314031190118, -9.524999999999996803 ) ) ;
#1052 = ORIENTED_EDGE ( 'NONE', *, *, #3341, .F. ) ;
#1053 = EDGE_LOOP ( 'NONE', ( #4914, #5491 ) ) ;
#1054 = ORIENTED_EDGE ( 'NONE', *, *, #2511, .F. ) ;
#1055 = EDGE_CURVE ( 'NONE', #5551, #7655, #6641, .T. ) ;
#1056 = CIRCLE ( 'NONE', #608, 3.174999999999999822 ) ;
#1057 = EDGE_CURVE ( 'NONE', #8786, #7836, #3796, .T. ) ;
#1058 = CARTESIAN_POINT ( 'NONE',  ( -12.69999999999996909, 13.62311978464833473, 8.868362600661534741E-14 ) ) ;
#1059 = DIRECTION ( 'NONE',  ( 0.000000000000000000, 0.000000000000000000, -1.000000000000000000 ) ) ;
#1060 = CARTESIAN_POINT ( 'NONE',  ( 9.069809202314482732, 17.83625000000000682, 9.069809202314353058 ) ) ;
#1061 = EDGE_CURVE ( 'NONE', #4938, #2472, #1146, .T. ) ;
#1062 = CARTESIAN_POINT ( 'NONE',  ( 0.000000000000000000, 0.000000000000000000, 0.000000000000000000 ) ) ;
#1063 = DIRECTION ( 'NONE',  ( 0.000000000000000000, 1.000000000000000000, 0.000000000000000000 ) ) ;
#1064 = AXIS2_PLACEMENT_3D ( 'NONE', #5968, #8715, #2265 ) ;
#1065 = DATE_AND_TIME ( #8455, #420 ) ;
#1066 = DIRECTION ( 'NONE',  ( -0.000000000000000000, -1.000000000000000000, -0.000000000000000000 ) ) ;
#1067 = CARTESIAN_POINT ( 'NONE',  ( 0.1083897543756180415, 1.048450446541746350, 2.047132546062027103 ) ) ;
#1068 = CARTESIAN_POINT ( 'NONE',  ( -9.069809202314351282, 16.24875000000001180, 9.069809202314482732 ) ) ;
#1069 = EDGE_CURVE ( 'NONE', #1327, #5880, #6373, .T. ) ;
#1070 = ADVANCED_FACE ( 'NONE', ( #3980 ), #8360, .T. ) ;
#1071 = VERTEX_POINT ( 'NONE', #2690 ) ;
#1072 = LINE ( 'NONE', #1738, #2103 ) ;
#1073 = AXIS2_PLACEMENT_3D ( 'NONE', #7737, #7009, #3372 ) ;
#1074 = CARTESIAN_POINT ( 'NONE',  ( 6.748901546321807388, 11.58318143011431367, 10.62759966832173575 ) ) ;
#1075 = DIRECTION ( 'NONE',  ( 0.000000000000000000, -1.000000000000000000, 0.000000000000000000 ) ) ;
#1076 = CARTESIAN_POINT ( 'NONE',  ( -4.841832140447394295, 17.03073665237498702, -11.73155275890418636 ) ) ;
#1077 = CARTESIAN_POINT ( 'NONE',  ( -14.28999999999999737, -2.009527318423361297, 6.257467538869061485 ) ) ;
#1078 = LOCAL_TIME ( 22, 23, 34.00000000000000000, #4258 ) ;
#1079 = AXIS2_PLACEMENT_3D ( 'NONE', #8538, #1287, #2726 ) ;
#1080 = EDGE_LOOP ( 'NONE', ( #380, #636, #7589, #4879 ) ) ;
#1081 = FACE_BOUND ( 'NONE', #700, .T. ) ;
#1082 = ORIENTED_EDGE ( 'NONE', *, *, #480, .T. ) ;
#1083 = DIRECTION ( 'NONE',  ( -1.000000000000000000, -0.000000000000000000, -0.000000000000000000 ) ) ;
#1084 = AXIS2_PLACEMENT_3D ( 'NONE', #7071, #421, #4773 ) ;
#1085 = CARTESIAN_POINT ( 'NONE',  ( 5.299999999999998934, 1.256793777624971312E-15, 9.525000000000000355 ) ) ;
#1086 = DIRECTION ( 'NONE',  ( -1.000000000000000000, -0.000000000000000000, -0.000000000000000000 ) ) ;
#1087 =( LENGTH_UNIT ( ) NAMED_UNIT ( * ) SI_UNIT ( .MILLI., .METRE. ) );
#1088 = CARTESIAN_POINT ( 'NONE',  ( 33.09999999999999432, 0.000000000000000000, 0.000000000000000000 ) ) ;
#1089 = FACE_OUTER_BOUND ( 'NONE', #6118, .T. ) ;
#1090 = CARTESIAN_POINT ( 'NONE',  ( 4.727964354120389068, 10.54025085189310929, 0.7937500000000015099 ) ) ;
#1091 = ORIENTED_EDGE ( 'NONE', *, *, #462, .F. ) ;
#1092 = ORIENTED_EDGE ( 'NONE', *, *, #7727, .T. ) ;
#1093 = ORIENTED_EDGE ( 'NONE', *, *, #1920, .T. ) ;
#1094 = CARTESIAN_POINT ( 'NONE',  ( 31.69999999999999929, 0.000000000000000000, 0.000000000000000000 ) ) ;
#1095 = CARTESIAN_POINT ( 'NONE',  ( 8.414570696119975324, 13.49125000000001329, 8.414570696119856308 ) ) ;
#1096 = PLANE ( 'NONE',  #8868 ) ;
#1097 = SPHERICAL_SURFACE ( 'NONE', #7518, 2.299999999999999822 ) ;
#1098 = CARTESIAN_POINT ( 'NONE',  ( -9.000000000000001776, -11.19999999999999929, 11.49999999999999822 ) ) ;
#1099 = AXIS2_PLACEMENT_3D ( 'NONE', #7278, #6565, #3507 ) ;
#1100 = EDGE_LOOP ( 'NONE', ( #7905, #8212, #544, #6322 ) ) ;
#1101 = ORIENTED_EDGE ( 'NONE', *, *, #5862, .F. ) ;
#1102 = B_SPLINE_CURVE_WITH_KNOTS ( 'NONE', 3,
 ( #8094, #197, #6741, #4397, #2921, #5081, #4352, #7461, #2288, #6036 ),
 .UNSPECIFIED., .F., .F.,
 ( 4, 2, 2, 2, 4 ),
 ( 0.01021756386849528159, 0.01335487589392603432, 0.01649218791935678705, 0.01962949994478753804, 0.02276681197021828904 ),
 .UNSPECIFIED. ) ;
#1103 = PRODUCT_DEFINITION ( '未知', '', #571, #4787 ) ;
#1104 = ADVANCED_FACE ( 'NONE', ( #8504, #2590 ), #7050, .F. ) ;
#1105 = CARTESIAN_POINT ( 'NONE',  ( -13.44999999999999929, 8.900000000000016342, -12.94999999999999218 ) ) ;
#1106 = CARTESIAN_POINT ( 'NONE',  ( -12.34137136263139567, 17.20206881992978509, 2.012741687560337223 ) ) ;
#1107 = AXIS2_PLACEMENT_3D ( 'NONE', #2527, #4783, #5470 ) ;
#1108 = CARTESIAN_POINT ( 'NONE',  ( 9.069809202314353058, 19.42375000000000540, -9.069809202314482732 ) ) ;
#1109 = DIRECTION ( 'NONE',  ( -1.000000000000000000, -0.000000000000000000, -0.000000000000000000 ) ) ;
#1110 = ADVANCED_FACE ( 'NONE', ( #5487 ), #2831, .T. ) ;
#1111 = CARTESIAN_POINT ( 'NONE',  ( 4.999999999999997335, 9.919639073093559228E-16, -8.099999999999999645 ) ) ;
#1112 = APPROVAL_ROLE ( '' ) ;
#1113 = LINE ( 'NONE', #4754, #35 ) ;
#1114 = VECTOR ( 'NONE', #3490, 1000.000000000000000 ) ;
#1115 = CARTESIAN_POINT ( 'NONE',  ( 12.82664718204935106, 19.26500000000000412, -9.113880979362923189E-14 ) ) ;
#1116 = ADVANCED_FACE ( 'NONE', ( #5030 ), #1922, .F. ) ;
#1117 = VERTEX_POINT ( 'NONE', #1111 ) ;
#1118 = CARTESIAN_POINT ( 'NONE',  ( 0.000000000000000000, -1.201236941557884519, -14.20000000000000107 ) ) ;
#1119 = ORIENTED_EDGE ( 'NONE', *, *, #2862, .T. ) ;
#1120 = CARTESIAN_POINT ( 'NONE',  ( 4.894345937579672956, 17.08306706680286879, -11.63682309979578910 ) ) ;
#1121 = CARTESIAN_POINT ( 'NONE',  ( -11.73900516154916573, 11.34994090226887309, 3.917034000047828535 ) ) ;
#1122 = AXIS2_PLACEMENT_3D ( 'NONE', #1416, #4332, #5152 ) ;
#1123 = CARTESIAN_POINT ( 'NONE',  ( 2.475000000000000089, 3.031000827889698763E-16, 13.00000000000000000 ) ) ;
#1124 = LINE ( 'NONE', #9198, #6935 ) ;
#1125 = ADVANCED_FACE ( 'NONE', ( #9281 ), #8682, .T. ) ;
#1126 = ADVANCED_FACE ( 'NONE', ( #7725, #1383 ), #4300, .F. ) ;
#1127 = DIRECTION ( 'NONE',  ( -1.000000000000000000, 0.000000000000000000, 0.000000000000000000 ) ) ;
#1128 = EDGE_LOOP ( 'NONE', ( #2325, #2315, #5047, #7295 ) ) ;
#1129 = DIRECTION ( 'NONE',  ( -0.000000000000000000, 1.000000000000000000, -0.000000000000000000 ) ) ;
#1130 = AXIS2_PLACEMENT_3D ( 'NONE', #5547, #7689, #5499 ) ;
#1131 = ORIENTED_EDGE ( 'NONE', *, *, #526, .T. ) ;
#1132 = CARTESIAN_POINT ( 'NONE',  ( 8.528325040094458741E-14, 18.21250000000000568, 11.89999999999999858 ) ) ;
#1133 = CARTESIAN_POINT ( 'NONE',  ( 13.79999999999999716, -2.300000000000002043, 2.816687638038914521E-16 ) ) ;
#1134 = CARTESIAN_POINT ( 'NONE',  ( 12.44999999999999929, 8.647109035777110412E-16, -7.060900368822720985 ) ) ;
#1135 = DIRECTION ( 'NONE',  ( 1.000000000000000000, 0.000000000000000000, 0.000000000000000000 ) ) ;
#1136 = AXIS2_PLACEMENT_3D ( 'NONE', #4221, #1302, #3503 ) ;
#1137 = FACE_BOUND ( 'NONE', #8591, .T. ) ;
#1138 = CARTESIAN_POINT ( 'NONE',  ( 4.605170801781708789, 10.99852262806237313, 1.822090932982379196E-15 ) ) ;
#1139 = ORIENTED_EDGE ( 'NONE', *, *, #3631, .F. ) ;
#1140 = ORIENTED_EDGE ( 'NONE', *, *, #6274, .T. ) ;
#1141 = VERTEX_POINT ( 'NONE', #4752 ) ;
#1142 = CIRCLE ( 'NONE', #6042, 8.252653961416930528 ) ;
#1143 = DIRECTION ( 'NONE',  ( -9.800697604388738773E-17, 1.000000000000000000, -0.000000000000000000 ) ) ;
#1144 = CARTESIAN_POINT ( 'NONE',  ( 11.90000000000003588, 14.84062500000001172, 4.929141392239745123 ) ) ;
#1145 = DIRECTION ( 'NONE',  ( 0.000000000000000000, 0.8660254037844388186, 0.4999999999999997780 ) ) ;
#1146 = CIRCLE ( 'NONE', #1776, 9.525000000000000355 ) ;
#1147 = COORDINATED_UNIVERSAL_TIME_OFFSET ( 8, 0, .AHEAD. ) ;
#1148 = EDGE_LOOP ( 'NONE', ( #6543, #3913 ) ) ;
#1149 = EDGE_LOOP ( 'NONE', ( #1522, #9273, #8163, #8917 ) ) ;
#1150 = CARTESIAN_POINT ( 'NONE',  ( -8.414570696119838544, 14.24375000000001279, 8.414570696119991311 ) ) ;
#1151 = ORIENTED_EDGE ( 'NONE', *, *, #8309, .T. ) ;
#1152 = PLANE ( 'NONE',  #3599 ) ;
#1153 = CARTESIAN_POINT ( 'NONE',  ( -12.49096159997151645, 17.18975888643442218, 0.8040229609198982219 ) ) ;
#1154 = VECTOR ( 'NONE', #7359, 1000.000000000000000 ) ;
#1155 = CIRCLE ( 'NONE', #88, 14.70352761804100616 ) ;
#1156 = CARTESIAN_POINT ( 'NONE',  ( -11.89999999999999858, 10.27500000000002167, 8.309725586446656123E-14 ) ) ;
#1157 = APPROVAL ( #2581, 'UNKNOWN' ) ;
#1158 = EDGE_CURVE ( 'NONE', #5999, #981, #8827, .T. ) ;
#1159 = DIRECTION ( 'NONE',  ( -1.000000000000000000, -0.000000000000000000, -0.000000000000000000 ) ) ;
#1160 = DIRECTION ( 'NONE',  ( -1.000000000000000000, -0.000000000000000000, -0.000000000000000000 ) ) ;
#1161 = CALENDAR_DATE ( 2025, 13, 3 ) ;
#1162 = CARTESIAN_POINT ( 'NONE',  ( 0.1083897543756182219, -2.299999999999999822, 2.816687638038909098E-16 ) ) ;
#1163 =( BOUNDED_CURVE ( )  B_SPLINE_CURVE ( 2, ( #4956, #363, #4813, #4133, #505, #3419, #6352, #9292, #1982 ),
 .UNSPECIFIED., .F., .T. ) 
 B_SPLINE_CURVE_WITH_KNOTS ( ( 3, 2, 2, 2, 3 ),
 ( 0.7500000000000000000, 0.7656250000000000000, 0.7812500000000000000, 0.7968749999999998890, 0.8124999999999998890 ),
 .UNSPECIFIED. ) 
 CURVE ( )  GEOMETRIC_REPRESENTATION_ITEM ( )  RATIONAL_B_SPLINE_CURVE ( ( 1.000000000000000000, 0.9238795325112867385, 1.000000000000000000, 0.9238795325112867385, 1.000000000000000000, 0.9238795325112867385, 1.000000000000000000, 0.9238795325112872936, 0.9999999999999994449 ) ) 
 REPRESENTATION_ITEM ( '' )  );
#1164 = CARTESIAN_POINT ( 'NONE',  ( -5.312971222579573549, 18.39187500000000242, -12.82664718204931376 ) ) ;
#1165 = ORIENTED_EDGE ( 'NONE', *, *, #3275, .T. ) ;
#1166 = EDGE_LOOP ( 'NONE', ( #6376, #633, #5260 ) ) ;
#1167 = ADVANCED_FACE ( 'NONE', ( #6950 ), #4071, .F. ) ;
#1168 = DIRECTION ( 'NONE',  ( -0.7071067811865499042, 0.7071067811865451302, 0.000000000000000000 ) ) ;
#1169 = CARTESIAN_POINT ( 'NONE',  ( -0.8355290000671491413, 11.50199581524666392, 12.48043916176669299 ) ) ;
#1170 = DIRECTION ( 'NONE',  ( -1.000000000000000000, -0.000000000000000000, -0.000000000000000000 ) ) ;
#1171 = FACE_OUTER_BOUND ( 'NONE', #3021, .T. ) ;
#1172 = CARTESIAN_POINT ( 'NONE',  ( 0.000000000000000000, 2.816687638038913042E-16, -2.300000000000000711 ) ) ;
#1173 = ORIENTED_EDGE ( 'NONE', *, *, #4933, .F. ) ;
#1174 = AXIS2_PLACEMENT_3D ( 'NONE', #2849, #5061, #2130 ) ;
#1175 = FACE_BOUND ( 'NONE', #6932, .T. ) ;
#1176 = ORIENTED_EDGE ( 'NONE', *, *, #4855, .T. ) ;
#1177 = ADVANCED_FACE ( 'NONE', ( #9086 ), #3313, .T. ) ;
#1178 = ADVANCED_FACE ( 'NONE', ( #4022 ), #5742, .T. ) ;
#1179 = CARTESIAN_POINT ( 'NONE',  ( 14.28999999999999737, -17.69999999999999929, -8.250335346719754881 ) ) ;
#1180 = CARTESIAN_POINT ( 'NONE',  ( 1.910449006669870520E-15, -15.69047268157664021, -15.59999999999999432 ) ) ;
#1181 = CARTESIAN_POINT ( 'NONE',  ( 12.69999999999996732, 16.65188021535168872, -9.023892744153245350E-14 ) ) ;
#1182 = CONICAL_SURFACE ( 'NONE', #6826, 2.499999999999998668, 0.7853981633974477239 ) ;
#1183 = CC_DESIGN_APPROVAL ( #6897, ( #4081 ) ) ;
#1184 = DATE_TIME_ROLE ( 'creation_date' ) ;
#1185 = DIRECTION ( 'NONE',  ( -8.775090700452169195E-16, -1.000000000000000000, -0.000000000000000000 ) ) ;
#1186 = VERTEX_POINT ( 'NONE', #8454 ) ;
#1187 = ORIENTED_EDGE ( 'NONE', *, *, #3641, .T. ) ;
#1188 = VERTEX_POINT ( 'NONE', #3361 ) ;
#1189 = AXIS2_PLACEMENT_3D ( 'NONE', #3512, #8651, #2888 ) ;
#1190 = CC_DESIGN_APPROVAL ( #2968, ( #2721 ) ) ;
#1191 = FACE_OUTER_BOUND ( 'NONE', #7134, .T. ) ;
#1192 = CARTESIAN_POINT ( 'NONE',  ( 13.79999999999999716, 3.200000000000000178, 0.000000000000000000 ) ) ;
#1193 = CARTESIAN_POINT ( 'NONE',  ( 8.999999999999998224, 0.3021515475689004471, -9.000000000000000000 ) ) ;
#1194 = CARTESIAN_POINT ( 'NONE',  ( 12.69999999999996909, 14.25811978464833629, -9.023892744153249136E-14 ) ) ;
#1195 = AXIS2_PLACEMENT_3D ( 'NONE', #1628, #812, #1581 ) ;
#1196 = COORDINATED_UNIVERSAL_TIME_OFFSET ( 8, 0, .AHEAD. ) ;
#1197 = AXIS2_PLACEMENT_3D ( 'NONE', #2655, #6447, #5597 ) ;
#1198 = EDGE_LOOP ( 'NONE', ( #7291, #5998, #7260, #6142 ) ) ;
#1199 = VERTEX_POINT ( 'NONE', #9236 ) ;
#1200 = CARTESIAN_POINT ( 'NONE',  ( -8.414570696120007298, 13.92625000000001556, -8.414570696119822557 ) ) ;
#1201 = ORIENTED_EDGE ( 'NONE', *, *, #245, .T. ) ;
#1202 = DIRECTION ( 'NONE',  ( -1.000000000000000000, 0.000000000000000000, 0.000000000000000000 ) ) ;
#1203 = CARTESIAN_POINT ( 'NONE',  ( 12.11130004123676152, 17.58869995876284165, -0.4239707060352858048 ) ) ;
#1204 = AXIS2_PLACEMENT_3D ( 'NONE', #569, #3392, #2042 ) ;
#1205 = CARTESIAN_POINT ( 'NONE',  ( -4.929141392239914765, 12.57687500000001535, -11.89999999999996483 ) ) ;
#1206 = DIRECTION ( 'NONE',  ( 0.000000000000000000, 0.000000000000000000, 1.000000000000000000 ) ) ;
#1207 = COORDINATED_UNIVERSAL_TIME_OFFSET ( 8, 0, .AHEAD. ) ;
#1208 = DIRECTION ( 'NONE',  ( 0.000000000000000000, 0.000000000000000000, 1.000000000000000000 ) ) ;
#1209 = CIRCLE ( 'NONE', #745, 1.500000000000001332 ) ;
#1210 = CARTESIAN_POINT ( 'NONE',  ( 5.312971222579394137, 20.77312500000000384, -12.82664718204939014 ) ) ;
#1211 = EDGE_LOOP ( 'NONE', ( #7077, #5168 ) ) ;
#1212 = ORIENTED_EDGE ( 'NONE', *, *, #6152, .F. ) ;
#1213 = CARTESIAN_POINT ( 'NONE',  ( -6.184263560529991821, 17.52984656902134830, -10.49062623651736992 ) ) ;
#1214 = AXIS2_PLACEMENT_3D ( 'NONE', #4110, #2005, #1959 ) ;
#1215 = LINE ( 'NONE', #2502, #4308 ) ;
#1216 = CARTESIAN_POINT ( 'NONE',  ( -12.69999999999992824, 12.43249478464833935, 5.260512242138391414 ) ) ;
#1217 = DIRECTION ( 'NONE',  ( 0.000000000000000000, 0.000000000000000000, 1.000000000000000000 ) ) ;
#1218 =( BOUNDED_CURVE ( )  B_SPLINE_CURVE ( 2, ( #9085, #3172, #6102, #2441, #2488, #6949, #2636, #4070, #4021 ),
 .UNSPECIFIED., .F., .T. ) 
 B_SPLINE_CURVE_WITH_KNOTS ( ( 3, 2, 2, 2, 3 ),
 ( 0.7812500000000000000, 0.7968750000000000000, 0.8125000000000000000, 0.8281250000000000000, 0.8437500000000000000 ),
 .UNSPECIFIED. ) 
 CURVE ( )  GEOMETRIC_REPRESENTATION_ITEM ( )  RATIONAL_B_SPLINE_CURVE ( ( 1.000000000000000000, 0.9238795325112867385, 1.000000000000000000, 0.9238795325112867385, 1.000000000000000000, 0.9238795325112867385, 1.000000000000000000, 0.9238795325112867385, 1.000000000000000000 ) ) 
 REPRESENTATION_ITEM ( '' )  );
#1219 = DIRECTION ( 'NONE',  ( 1.000000000000000000, 0.000000000000000000, 0.000000000000000000 ) ) ;
#1220 = EDGE_CURVE ( 'NONE', #7006, #7938, #9387, .T. ) ;
#1221 = EDGE_LOOP ( 'NONE', ( #4380, #5503, #6184, #1305 ) ) ;
#1222 = AXIS2_PLACEMENT_3D ( 'NONE', #1596, #3756, #76 ) ;
#1223 = CC_DESIGN_PERSON_AND_ORGANIZATION_ASSIGNMENT ( #9134, #4606, ( #2860 ) ) ;
#1224 = CYLINDRICAL_SURFACE ( 'NONE', #1174, 3.174999999999999822 ) ;
#1225 = VERTEX_POINT ( 'NONE', #5121 ) ;
#1226 = EDGE_CURVE ( 'NONE', #6786, #6156, #2535, .T. ) ;
#1227 = CARTESIAN_POINT ( 'NONE',  ( 31.69999999999999929, 0.000000000000000000, 0.000000000000000000 ) ) ;
#1228 = FACE_OUTER_BOUND ( 'NONE', #7028, .T. ) ;
#1229 = DIRECTION ( 'NONE',  ( -1.000000000000000000, -0.000000000000000000, -0.000000000000000000 ) ) ;
#1230 = AXIS2_PLACEMENT_3D ( 'NONE', #6006, #8203, #1683 ) ;
#1231 = CARTESIAN_POINT ( 'NONE',  ( 0.000000000000000000, 0.000000000000000000, 0.000000000000000000 ) ) ;
#1232 = COORDINATED_UNIVERSAL_TIME_OFFSET ( 8, 0, .AHEAD. ) ;
#1233 = EDGE_CURVE ( 'NONE', #8136, #466, #4045, .T. ) ;
#1234 = EDGE_LOOP ( 'NONE', ( #4631, #1615, #7950, #4212 ) ) ;
#1235 = ORIENTED_EDGE ( 'NONE', *, *, #2399, .F. ) ;
#1236 = VERTEX_POINT ( 'NONE', #2323 ) ;
#1237 = ADVANCED_FACE ( 'NONE', ( #93 ), #6593, .T. ) ;
#1238 = VECTOR ( 'NONE', #707, 1000.000000000000000 ) ;
#1239 = DIRECTION ( 'NONE',  ( 0.000000000000000000, 0.000000000000000000, -1.000000000000000000 ) ) ;
#1240 = CARTESIAN_POINT ( 'NONE',  ( 11.89999999999999858, 11.11000000000001897, -8.455458555545188678E-14 ) ) ;
#1241 = DIRECTION ( 'NONE',  ( 0.000000000000000000, 0.8660254037844388186, 0.4999999999999997780 ) ) ;
#1242 = DIRECTION ( 'NONE',  ( 0.000000000000000000, -1.000000000000000000, 0.000000000000000000 ) ) ;
#1243 = DIRECTION ( 'NONE',  ( 1.000000000000000000, 0.000000000000000000, 0.000000000000000000 ) ) ;
#1244 = EDGE_CURVE ( 'NONE', #2115, #3237, #6663, .T. ) ;
#1245 = APPROVAL_STATUS ( 'not_yet_approved' ) ;
#1246 = EDGE_CURVE ( 'NONE', #7795, #7331, #5178, .T. ) ;
#1247 = ORIENTED_EDGE ( 'NONE', *, *, #414, .T. ) ;
#1248 = ORIENTED_EDGE ( 'NONE', *, *, #5572, .T. ) ;
#1249 = ORIENTED_EDGE ( 'NONE', *, *, #4372, .F. ) ;
#1250 = CARTESIAN_POINT ( 'NONE',  ( 1.714505518806294638E-15, -16.49876305844211544, -14.00000000000000000 ) ) ;
#1251 = LINE ( 'NONE', #4166, #436 ) ;
#1252 = CARTESIAN_POINT ( 'NONE',  ( 12.82664718204931376, 16.80437500000001094, -5.312971222579575326 ) ) ;
#1253 = VECTOR ( 'NONE', #3889, 999.9999999999998863 ) ;
#1254 = DIRECTION ( 'NONE',  ( 0.000000000000000000, 0.000000000000000000, -1.000000000000000000 ) ) ;
#1255 = CALENDAR_DATE ( 2025, 13, 3 ) ;
#1256 = DIRECTION ( 'NONE',  ( -0.000000000000000000, 1.000000000000000000, -0.000000000000000000 ) ) ;
#1257 = CARTESIAN_POINT ( 'NONE',  ( 12.82664718204935106, 16.72500000000001208, -9.113880979362923189E-14 ) ) ;
#1258 = VERTEX_POINT ( 'NONE', #5841 ) ;
#1259 = AXIS2_PLACEMENT_3D ( 'NONE', #6743, #8388, #7710 ) ;
#1260 = ORIENTED_EDGE ( 'NONE', *, *, #7748, .F. ) ;
#1261 = CARTESIAN_POINT ( 'NONE',  ( -6.255353054409854785, -1.268955198721825051, -12.88914092359982888 ) ) ;
#1262 = CARTESIAN_POINT ( 'NONE',  ( -10.77714884215847313, 11.37525654436630873, 6.095885231848479968 ) ) ;
#1263 = FACE_OUTER_BOUND ( 'NONE', #7062, .T. ) ;
#1264 = CARTESIAN_POINT ( 'NONE',  ( -9.000000000000001776, -1.199999999999999734, 11.49999999999999822 ) ) ;
#1265 = CIRCLE ( 'NONE', #1563, 11.89999999999998970 ) ;
#1266 = CARTESIAN_POINT ( 'NONE',  ( 39.00000000000000000, 0.000000000000000000, 0.000000000000000000 ) ) ;
#1267 = VERTEX_POINT ( 'NONE', #1562 ) ;
#1268 = LINE ( 'NONE', #7112, #6401 ) ;
#1269 = ORIENTED_EDGE ( 'NONE', *, *, #1521, .T. ) ;
#1270 = CIRCLE ( 'NONE', #1420, 0.3999999999999975797 ) ;
#1271 = CARTESIAN_POINT ( 'NONE',  ( -10.76942092117335292, -1.579333538822587091, 10.28294262558368288 ) ) ;
#1272 = DIRECTION ( 'NONE',  ( 0.000000000000000000, 0.9990958406831207395, 0.04251471662481349362 ) ) ;
#1273 = CARTESIAN_POINT ( 'NONE',  ( 4.999999999999997335, 0.000000000000000000, 0.000000000000000000 ) ) ;
#1274 =( NAMED_UNIT ( * ) SI_UNIT ( $, .STERADIAN. ) SOLID_ANGLE_UNIT ( ) );
#1275 = PERSON_AND_ORGANIZATION_ROLE ( 'creator' ) ;
#1276 = EDGE_CURVE ( 'NONE', #5881, #4149, #1429, .T. ) ;
#1277 = DIRECTION ( 'NONE',  ( 0.7071067811865487940, -0.7071067811865463515, 1.837086636568278853E-16 ) ) ;
#1278 = TOROIDAL_SURFACE ( 'NONE', #8009, 19.59999999999999787, 0.3999999999999995226 ) ;
#1279 = ORIENTED_EDGE ( 'NONE', *, *, #8365, .F. ) ;
#1280 = VERTEX_POINT ( 'NONE', #9451 ) ;
#1281 = ORIENTED_EDGE ( 'NONE', *, *, #3564, .T. ) ;
#1282 = CARTESIAN_POINT ( 'NONE',  ( 5.695225058835894139, 0.000000000000000000, 0.000000000000000000 ) ) ;
#1283 = ADVANCED_FACE ( 'NONE', ( #4346 ), #708, .T. ) ;
#1284 = CIRCLE ( 'NONE', #6628, 21.75000000000000000 ) ;
#1285 = DIRECTION ( 'NONE',  ( -1.000000000000000000, 0.000000000000000000, 0.000000000000000000 ) ) ;
#1286 = CARTESIAN_POINT ( 'NONE',  ( 43.59999999999999432, 0.000000000000000000, 0.000000000000000000 ) ) ;
#1287 = DIRECTION ( 'NONE',  ( 0.5773502691896236216, -0.5773502691896258421, -0.5773502691896278405 ) ) ;
#1288 = EDGE_CURVE ( 'NONE', #1510, #8408, #3629, .T. ) ;
#1289 = APPROVAL_STATUS ( 'not_yet_approved' ) ;
#1290 = EDGE_LOOP ( 'NONE', ( #3871, #1030, #4528 ) ) ;
#1291 = VERTEX_POINT ( 'NONE', #8772 ) ;
#1292 = CIRCLE ( 'NONE', #9116, 15.59999999999999964 ) ;
#1293 = CARTESIAN_POINT ( 'NONE',  ( -12.56412585201708865, -15.69047268157664021, -9.246769250645099802 ) ) ;
#1294 = ORIENTED_EDGE ( 'NONE', *, *, #2990, .T. ) ;
#1295 = CARTESIAN_POINT ( 'NONE',  ( -8.073252374094717965, -16.44581851809337536, 11.83957626202014524 ) ) ;
#1296 = CARTESIAN_POINT ( 'NONE',  ( 8.414570696119973547, 16.03125000000001066, 8.414570696119856308 ) ) ;
#1297 = CARTESIAN_POINT ( 'NONE',  ( -0.5200582862301683651, 17.79095342841979388, -11.92810383655638873 ) ) ;
#1298 = ADVANCED_FACE ( 'NONE', ( #5217 ), #3898, .T. ) ;
#1299 = EDGE_CURVE ( 'NONE', #788, #3424, #8341, .T. ) ;
#1300 = CARTESIAN_POINT ( 'NONE',  ( 9.069809202314482732, 12.75625000000001741, 9.069809202314353058 ) ) ;
#1301 = CLOSED_SHELL ( 'NONE', ( #1820, #8904, #8006, #7659, #8210, #600, #5088, #978, #4490, #6846, #8389, #3467, #1110, #7537, #7261, #2570, #1177, #4926, #3685, #2932, #8870, #9277, #1634, #80, #6163, #2580, #5379, #3971, #4157, #5037, #7326, #4502, #7030, #4279, #2060, #2982, #6388, #3046, #4142, #6347, #753, #8446, #6969, #1125, #7133, #4861 ) ) ;
#1302 = DIRECTION ( 'NONE',  ( -0.000000000000000000, -1.000000000000000000, -0.000000000000000000 ) ) ;
#1303 = MECHANICAL_CONTEXT ( 'NONE', #3494, 'mechanical' ) ;
#1304 = CARTESIAN_POINT ( 'NONE',  ( -13.44999999999999929, 19.99999999999999645, 0.000000000000000000 ) ) ;
#1305 = ORIENTED_EDGE ( 'NONE', *, *, #7727, .F. ) ;
#1306 = VERTEX_POINT ( 'NONE', #2960 ) ;
#1307 = AXIS2_PLACEMENT_3D ( 'NONE', #9064, #2468, #894 ) ;
#1308 = CIRCLE ( 'NONE', #694, 2.499999999999998668 ) ;
#1309 = ORIENTED_EDGE ( 'NONE', *, *, #190, .T. ) ;
#1310 = CARTESIAN_POINT ( 'NONE',  ( 11.44999999999999929, 0.000000000000000000, 0.000000000000000000 ) ) ;
#1311 = DIRECTION ( 'NONE',  ( 0.000000000000000000, -1.000000000000000000, 0.000000000000000000 ) ) ;
#1312 = FACE_BOUND ( 'NONE', #7403, .T. ) ;
#1313 = FACE_OUTER_BOUND ( 'NONE', #217, .T. ) ;
#1314 = DIRECTION ( 'NONE',  ( -1.000000000000000000, -0.000000000000000000, -0.000000000000000000 ) ) ;
#1315 = AXIS2_PLACEMENT_3D ( 'NONE', #885, #7536, #6920 ) ;
#1316 = AXIS2_PLACEMENT_3D ( 'NONE', #7970, #66, #1404 ) ;
#1317 = CARTESIAN_POINT ( 'NONE',  ( 5.421010862427522170E-17, 0.000000000000000000, 3.675000000000001599 ) ) ;
#1318 = ORIENTED_EDGE ( 'NONE', *, *, #1998, .T. ) ;
#1319 = DIRECTION ( 'NONE',  ( -9.800697604388738773E-17, 1.000000000000000000, -0.000000000000000000 ) ) ;
#1320 = ORIENTED_EDGE ( 'NONE', *, *, #2062, .F. ) ;
#1321 = AXIS2_PLACEMENT_3D ( 'NONE', #4654, #3126, #2442 ) ;
#1322 = CARTESIAN_POINT ( 'NONE',  ( -4.929141392239914765, 18.92687500000000611, -11.89999999999996483 ) ) ;
#1323 = LINE ( 'NONE', #9398, #3208 ) ;
#1324 = DIRECTION ( 'NONE',  ( -0.000000000000000000, -1.000000000000000000, -0.000000000000000000 ) ) ;
#1325 = CARTESIAN_POINT ( 'NONE',  ( -66.61317938492167912, 8.641945085602486643, 1.897353801849748377E-16 ) ) ;
#1326 = CARTESIAN_POINT ( 'NONE',  ( 1.544415963279582930E-14, 17.60000000000001208, 0.000000000000000000 ) ) ;
#1327 = VERTEX_POINT ( 'NONE', #5887 ) ;
#1328 = EDGE_LOOP ( 'NONE', ( #5307, #1894 ) ) ;
#1329 = ORIENTED_EDGE ( 'NONE', *, *, #4328, .T. ) ;
#1330 = DIRECTION ( 'NONE',  ( 0.000000000000000000, -1.000000000000000000, 0.000000000000000000 ) ) ;
#1331 = TOROIDAL_SURFACE ( 'NONE', #2548, 5.949999999999999289, 0.3999999999999988565 ) ;
#1332 = CARTESIAN_POINT ( 'NONE',  ( 8.414570696119843873, 17.61875000000000568, -8.414570696119985982 ) ) ;
#1333 = SECURITY_CLASSIFICATION ( '', '', #5041 ) ;
#1334 = FACE_OUTER_BOUND ( 'NONE', #9405, .T. ) ;
#1335 = DIRECTION ( 'NONE',  ( 0.000000000000000000, 0.000000000000000000, 1.000000000000000000 ) ) ;
#1336 = CARTESIAN_POINT ( 'NONE',  ( 8.980256121069064790, 14.27063021535169440, -8.980256121069192687 ) ) ;
#1337 = DATE_AND_TIME ( #7180, #6841 ) ;
#1338 = ORIENTED_EDGE ( 'NONE', *, *, #5792, .F. ) ;
#1339 = EDGE_CURVE ( 'NONE', #8968, #194, #4438, .T. ) ;
#1340 = VERTEX_POINT ( 'NONE', #796 ) ;
#1341 = AXIS2_PLACEMENT_3D ( 'NONE', #3321, #6112, #4031 ) ;
#1342 = CC_DESIGN_APPROVAL ( #5844, ( #5485 ) ) ;
#1343 = FACE_OUTER_BOUND ( 'NONE', #4832, .T. ) ;
#1344 = PRODUCT_DEFINITION ( '未知', '', #4602, #6698 ) ;
#1345 = ADVANCED_FACE ( 'NONE', ( #3722 ), #6638, .T. ) ;
#1346 = CARTESIAN_POINT ( 'NONE',  ( 2.001828735021060623, 17.76467703432243894, -11.77391488697208999 ) ) ;
#1347 = CARTESIAN_POINT ( 'NONE',  ( 9.069809202314353058, 15.61375000000001378, -9.069809202314482732 ) ) ;
#1348 = AXIS2_PLACEMENT_3D ( 'NONE', #1941, #6403, #9344 ) ;
#1349 = DATE_AND_TIME ( #5628, #7767 ) ;
#1350 = B_SPLINE_CURVE_WITH_KNOTS ( 'NONE', 3,
 ( #122, #8018, #4566, #8944, #5916, #4466, #781, #2988, #1546, #5148, #2261, #3705, #2896, #923 ),
 .UNSPECIFIED., .F., .F.,
 ( 4, 2, 2, 2, 2, 2, 4 ),
 ( 5.279668731190015502E-16, 0.001591008114409100775, 0.003182016228817673327, 0.006364032457634827972, 0.009546048686451980014, 0.01113705680086055777, 0.01272806491526913553 ),
 .UNSPECIFIED. ) ;
#1351 = CARTESIAN_POINT ( 'NONE',  ( 44.00000000000000000, 0.000000000000000000, 0.000000000000000000 ) ) ;
#1352 = ORIENTED_EDGE ( 'NONE', *, *, #4229, .F. ) ;
#1353 = EDGE_CURVE ( 'NONE', #9005, #3620, #6426, .T. ) ;
#1354 = CARTESIAN_POINT ( 'NONE',  ( -9.069809202314351282, 12.43875000000001840, 9.069809202314482732 ) ) ;
#1355 = ORIENTED_EDGE ( 'NONE', *, *, #7626, .T. ) ;
#1356 = AXIS2_PLACEMENT_3D ( 'NONE', #7308, #5979, #8862 ) ;
#1357 = ORIENTED_EDGE ( 'NONE', *, *, #7722, .F. ) ;
#1358 = EDGE_CURVE ( 'NONE', #9014, #533, #6065, .T. ) ;
#1359 = FACE_OUTER_BOUND ( 'NONE', #994, .T. ) ;
#1360 = DIRECTION ( 'NONE',  ( -0.000000000000000000, -1.000000000000000000, -0.000000000000000000 ) ) ;
#1361 = DIRECTION ( 'NONE',  ( 0.000000000000000000, 0.000000000000000000, 1.000000000000000000 ) ) ;
#1362 = CARTESIAN_POINT ( 'NONE',  ( 34.40000000000000568, -10.99852262806237313, 3.605651974203355568E-15 ) ) ;
#1363 = DIRECTION ( 'NONE',  ( -1.000000000000000000, -0.000000000000000000, -0.000000000000000000 ) ) ;
#1364 = CARTESIAN_POINT ( 'NONE',  ( 46.70000000000001705, 0.000000000000000000, 0.000000000000000000 ) ) ;
#1365 = LINE ( 'NONE', #5055, #8294 ) ;
#1366 = ADVANCED_FACE ( 'NONE', ( #8964 ), #9129, .T. ) ;
#1367 = ORIENTED_EDGE ( 'NONE', *, *, #2451, .F. ) ;
#1368 = CARTESIAN_POINT ( 'NONE',  ( 13.79999999999999716, -4.528870610996714963E-16, 0.000000000000000000 ) ) ;
#1369 = EDGE_LOOP ( 'NONE', ( #2079, #6923, #5517, #8344 ) ) ;
#1370 = DIRECTION ( 'NONE',  ( -0.000000000000000000, 1.000000000000000000, 1.224646799147353207E-16 ) ) ;
#1371 = CARTESIAN_POINT ( 'NONE',  ( -8.965523947390061453E-14, 17.57750000000000767, -11.89999999999999858 ) ) ;
#1372 = CARTESIAN_POINT ( 'NONE',  ( -13.99999999999999822, 0.000000000000000000, 0.000000000000000000 ) ) ;
#1373 = AXIS2_PLACEMENT_3D ( 'NONE', #1896, #5554, #4822 ) ;
#1374 = ORIENTED_EDGE ( 'NONE', *, *, #254, .F. ) ;
#1375 = ORIENTED_EDGE ( 'NONE', *, *, #4814, .F. ) ;
#1376 = ORIENTED_EDGE ( 'NONE', *, *, #9448, .F. ) ;
#1377 = CARTESIAN_POINT ( 'NONE',  ( 0.000000000000000000, 3.888253587292846081E-16, -3.174999999999999822 ) ) ;
#1378 = AXIS2_PLACEMENT_3D ( 'NONE', #6659, #114, #7285 ) ;
#1379 = CARTESIAN_POINT ( 'NONE',  ( 11.90000000000004476, 17.38062500000000909, 4.929141392239723807 ) ) ;
#1380 = CARTESIAN_POINT ( 'NONE',  ( 12.94999999999999218, -10.69999999999999041, 13.44999999999999929 ) ) ;
#1381 = CARTESIAN_POINT ( 'NONE',  ( 1.457329690985350196E-15, 17.80000000000000071, 11.89999999999999858 ) ) ;
#1382 = DIRECTION ( 'NONE',  ( 8.881784197001252323E-16, 0.000000000000000000, 1.000000000000000000 ) ) ;
#1383 = FACE_OUTER_BOUND ( 'NONE', #9465, .T. ) ;
#1384 = DATE_AND_TIME ( #3493, #9007 ) ;
#1385 = ORIENTED_EDGE ( 'NONE', *, *, #703, .T. ) ;
#1386 = EDGE_LOOP ( 'NONE', ( #7351, #3511 ) ) ;
#1387 = CARTESIAN_POINT ( 'NONE',  ( 4.999999999999997335, 0.000000000000000000, 0.000000000000000000 ) ) ;
#1388 = CARTESIAN_POINT ( 'NONE',  ( 4.827671754811402316, 6.415804866369719583, 7.937500000000001776 ) ) ;
#1389 = CARTESIAN_POINT ( 'NONE',  ( -12.82664718204931198, 16.16937500000001293, 5.312971222579581543 ) ) ;
#1390 =( GEOMETRIC_REPRESENTATION_CONTEXT ( 3 ) GLOBAL_UNCERTAINTY_ASSIGNED_CONTEXT ( ( #8670 ) ) GLOBAL_UNIT_ASSIGNED_CONTEXT ( ( #1994, #612, #4874 ) ) REPRESENTATION_CONTEXT ( 'NONE', 'WORKASPACE' ) );
#1391 = APPLICATION_PROTOCOL_DEFINITION ( 'international standard', 'config_control_design', 1994, #7586 ) ;
#1392 = CC_DESIGN_DATE_AND_TIME_ASSIGNMENT ( #5717, #4997, ( #8614 ) ) ;
#1393 = EDGE_CURVE ( 'NONE', #5410, #3689, #2521, .T. ) ;
#1394 = FACE_OUTER_BOUND ( 'NONE', #1211, .T. ) ;
#1395 = VERTEX_POINT ( 'NONE', #5513 ) ;
#1396 = EDGE_LOOP ( 'NONE', ( #8802, #4351, #4052, #6214 ) ) ;
#1397 = DIRECTION ( 'NONE',  ( 0.000000000000000000, 0.000000000000000000, 1.000000000000000000 ) ) ;
#1398 = AXIS2_PLACEMENT_3D ( 'NONE', #7289, #731, #2171 ) ;
#1399 = ADVANCED_FACE ( 'NONE', ( #6126 ), #8428, .F. ) ;
#1400 = CARTESIAN_POINT ( 'NONE',  ( 0.03610103003384568937, -9.165435523385312422, -3.174999999999998490 ) ) ;
#1401 = CARTESIAN_POINT ( 'NONE',  ( 2.034420588416731235, 0.6986665228077043599, 0.2603911973655397838 ) ) ;
#1402 = CARTESIAN_POINT ( 'NONE',  ( -5.260512242138207561, 16.25500521535169085, 12.70000000000000107 ) ) ;
#1403 = FACE_OUTER_BOUND ( 'NONE', #4620, .T. ) ;
#1404 = DIRECTION ( 'NONE',  ( 0.000000000000000000, 0.000000000000000000, 1.000000000000000000 ) ) ;
#1405 = EDGE_CURVE ( 'NONE', #4302, #7974, #1909, .T. ) ;
#1406 = CARTESIAN_POINT ( 'NONE',  ( 11.44999999999999751, 5.742042389534214595E-16, -4.688733431983856725 ) ) ;
#1407 = CARTESIAN_POINT ( 'NONE',  ( 0.000000000000000000, 0.000000000000000000, 0.000000000000000000 ) ) ;
#1408 = AXIS2_PLACEMENT_3D ( 'NONE', #9290, #4714, #6205 ) ;
#1409 = ORIENTED_EDGE ( 'NONE', *, *, #3397, .T. ) ;
#1410 = CARTESIAN_POINT ( 'NONE',  ( 33.49999999999999289, 0.000000000000000000, 5.949999999999996625 ) ) ;
#1411 = VERTEX_POINT ( 'NONE', #7504 ) ;
#1412 = EDGE_CURVE ( 'NONE', #7360, #688, #988, .T. ) ;
#1413 = ADVANCED_FACE ( 'NONE', ( #6827 ), #6510, .T. ) ;
#1414 = VECTOR ( 'NONE', #91, 1000.000000000000000 ) ;
#1415 = DIRECTION ( 'NONE',  ( 0.000000000000000000, -0.000000000000000000, 1.000000000000000000 ) ) ;
#1416 = CARTESIAN_POINT ( 'NONE',  ( 0.000000000000000000, -1.201236941557884519, 0.000000000000000000 ) ) ;
#1417 = CARTESIAN_POINT ( 'NONE',  ( -12.27635182233306743, 9.853150698279008280E-16, -8.045708121834929116 ) ) ;
#1418 = ORIENTED_EDGE ( 'NONE', *, *, #6649, .T. ) ;
#1419 = EDGE_LOOP ( 'NONE', ( #6979, #6092, #7163, #5966, #831, #6513 ) ) ;
#1420 = AXIS2_PLACEMENT_3D ( 'NONE', #1505, #4374, #8806 ) ;
#1421 = ORIENTED_EDGE ( 'NONE', *, *, #231, .T. ) ;
#1422 = CARTESIAN_POINT ( 'NONE',  ( 40.20000000000001705, 0.000000000000000000, 0.000000000000000000 ) ) ;
#1423 = CARTESIAN_POINT ( 'NONE',  ( 8.414570696119971771, 17.30125000000000668, 8.414570696119858084 ) ) ;
#1424 = LINE ( 'NONE', #3004, #456 ) ;
#1425 = B_SPLINE_CURVE_WITH_KNOTS ( 'NONE', 3,
 ( #3309, #959, #7670, #252, #3212, #6751, #1725, #4647, #4698, #7516, #2386, #1778, #8985, #6944, #3261, #3166, #6046, #3974, #6188, #2536, #5325, #8250, #2484, #1677, #4600, #6848, #3881, #2586, #9079, #6901, #6144, #341, #6095, #1009, #1870, #9127, #388, #9033, #3928, #2435, #6241, #910, #5480, #8447, #8398, #5529, #5424, #5373, #295 ),
 .UNSPECIFIED., .F., .F.,
 ( 4, 2, 2, 2, 2, 2, 2, 2, 2, 2, 2, 1, 2, 2, 2, 2, 2, 2, 2, 2, 2, 2, 2, 2, 4 ),
 ( 0.03831534882919459400, 0.03951011983278289452, 0.04070489083637118810, 0.04309443284354778220, 0.04428920384713608271, 0.04548397485072438323, 0.04787351685790097733, 0.04906828786148927091, 0.05026305886507756449, 0.05265260087225415164, 0.05384737187584244522, 0.05504214287943073880, 0.05623691388301903238, 0.05743168488660732596, 0.05982122689378390618, 0.06101599789737220669, 0.06221076890096050027, 0.06460031090813708743, 0.06579508191172538101, 0.06698985291531367459, 0.06937939492249026174, 0.07176893692966684890, 0.07296370793325512860, 0.07415847893684340830, 0.07654802094401999546 ),
 .UNSPECIFIED. ) ;
#1426 = DIRECTION ( 'NONE',  ( 0.000000000000000000, 0.000000000000000000, 1.000000000000000000 ) ) ;
#1427 = CYLINDRICAL_SURFACE ( 'NONE', #4594, 2.299999999999996714 ) ;
#1428 = AXIS2_PLACEMENT_3D ( 'NONE', #642, #8058, #5909 ) ;
#1429 = LINE ( 'NONE', #666, #9144 ) ;
#1430 = EDGE_LOOP ( 'NONE', ( #1052, #3259, #2119, #9431 ) ) ;
#1431 = VERTEX_POINT ( 'NONE', #6173 ) ;
#1432 = CARTESIAN_POINT ( 'NONE',  ( -9.405474817352382999, -16.31552715405928211, -11.07041727578485180 ) ) ;
#1433 = DIRECTION ( 'NONE',  ( -8.775090700452169195E-16, -1.000000000000000000, -0.000000000000000000 ) ) ;
#1434 = CARTESIAN_POINT ( 'NONE',  ( -9.069809202314482732, 13.39125000000001720, -9.069809202314353058 ) ) ;
#1435 = PERSON_AND_ORGANIZATION ( #5176, #5070 ) ;
#1436 = CARTESIAN_POINT ( 'NONE',  ( 12.56298917378365410, 11.69207212164473120, 1.975417360509228892 ) ) ;
#1437 = ORIENTED_EDGE ( 'NONE', *, *, #5700, .T. ) ;
#1438 = CARTESIAN_POINT ( 'NONE',  ( 12.82664718204931376, 12.99437500000002110, -5.312971222579575326 ) ) ;
#1439 = ORIENTED_EDGE ( 'NONE', *, *, #8503, .F. ) ;
#1440 = ORIENTED_EDGE ( 'NONE', *, *, #520, .T. ) ;
#1441 = FACE_OUTER_BOUND ( 'NONE', #8784, .T. ) ;
#1442 = VECTOR ( 'NONE', #3806, 1000.000000000000000 ) ;
#1443 = EDGE_CURVE ( 'NONE', #2825, #2306, #8376, .T. ) ;
#1444 = CYLINDRICAL_SURFACE ( 'NONE', #161, 15.59999999999999964 ) ;
#1445 = CARTESIAN_POINT ( 'NONE',  ( 0.000000000000000000, 34.29999999999999716, 5.199999999999998401 ) ) ;
#1446 = DIRECTION ( 'NONE',  ( 0.000000000000000000, 0.000000000000000000, 1.000000000000000000 ) ) ;
#1447 = DIRECTION ( 'NONE',  ( -1.000000000000000000, -0.000000000000000000, -0.000000000000000000 ) ) ;
#1448 = VECTOR ( 'NONE', #7212, 1000.000000000000000 ) ;
#1449 = CLOSED_SHELL ( 'NONE', ( #6327, #1692, #1283, #7017, #7311, #6611, #8569, #1237, #4339, #4203, #19, #3611, #3456, #5985, #659, #5169, #6863, #1413, #2821, #4547, #7085, #4994, #2877, #7955, #7913, #20, #1933, #2318, #1298, #5688, #8325, #4105, #3930, #5738, #3574, #1044, #8571, #3682, #7919, #4392, #2046, #7560, #2618, #8623, #2920, #5464, #7793 ) ) ;
#1450 = ORIENTED_EDGE ( 'NONE', *, *, #4454, .T. ) ;
#1451 = ADVANCED_FACE ( 'NONE', ( #8329 ), #2068, .F. ) ;
#1452 = LINE ( 'NONE', #7293, #3336 ) ;
#1453 = ORIENTED_EDGE ( 'NONE', *, *, #1567, .F. ) ;
#1454 = ADVANCED_FACE ( 'NONE', ( #1038 ), #2985, .T. ) ;
#1455 = AXIS2_PLACEMENT_3D ( 'NONE', #1983, #1219, #4038 ) ;
#1456 = CIRCLE ( 'NONE', #2686, 20.00000000000000000 ) ;
#1457 = DIRECTION ( 'NONE',  ( 0.000000000000000000, 1.000000000000000000, 0.000000000000000000 ) ) ;
#1458 = DIRECTION ( 'NONE',  ( 0.000000000000000000, 0.000000000000000000, -1.000000000000000000 ) ) ;
#1459 = FACE_OUTER_BOUND ( 'NONE', #1903, .T. ) ;
#1460 = B_SPLINE_CURVE_WITH_KNOTS ( 'NONE', 3,
 ( #6660, #963, #9037, #1684, #2345, #6853 ),
 .UNSPECIFIED., .F., .F.,
 ( 4, 2, 4 ),
 ( 0.005499492254138857450, 0.008249122911154451593, 0.01099875356817004574 ),
 .UNSPECIFIED. ) ;
#1461 = ORIENTED_EDGE ( 'NONE', *, *, #108, .T. ) ;
#1462 = ADVANCED_FACE ( 'NONE', ( #1089 ), #9011, .T. ) ;
#1463 = ORIENTED_EDGE ( 'NONE', *, *, #4814, .T. ) ;
#1464 = EDGE_CURVE ( 'NONE', #508, #7743, #4982, .T. ) ;
#1465 = AXIS2_PLACEMENT_3D ( 'NONE', #6661, #6103, #2980 ) ;
#1466 =( BOUNDED_CURVE ( )  B_SPLINE_CURVE ( 2, ( #8137, #11, #3013, #5175, #803, #8777, #3064, #1527, #4541 ),
 .UNSPECIFIED., .F., .T. ) 
 B_SPLINE_CURVE_WITH_KNOTS ( ( 3, 2, 2, 2, 3 ),
 ( 0.7187500000000001110, 0.7343750000000001110, 0.7500000000000000000, 0.7656250000000000000, 0.7812500000000000000 ),
 .UNSPECIFIED. ) 
 CURVE ( )  GEOMETRIC_REPRESENTATION_ITEM ( )  RATIONAL_B_SPLINE_CURVE ( ( 0.9999999999999994449, 0.9238795325112872936, 1.000000000000000000, 0.9238795325112867385, 1.000000000000000000, 0.9238795325112867385, 1.000000000000000000, 0.9238795325112867385, 1.000000000000000000 ) ) 
 REPRESENTATION_ITEM ( '' )  );
#1467 = EDGE_LOOP ( 'NONE', ( #1523, #1614, #6640, #7873 ) ) ;
#1468 = DIRECTION ( 'NONE',  ( 0.000000000000000000, 0.000000000000000000, 1.000000000000000000 ) ) ;
#1469 = CARTESIAN_POINT ( 'NONE',  ( 36.29999999999999005, 0.000000000000000000, 0.000000000000000000 ) ) ;
#1470 = FACE_OUTER_BOUND ( 'NONE', #329, .T. ) ;
#1471 = CYLINDRICAL_SURFACE ( 'NONE', #8148, 12.69999999999998508 ) ;
#1472 = CARTESIAN_POINT ( 'NONE',  ( -13.99999999999999822, 0.000000000000000000, 0.000000000000000000 ) ) ;
#1473 = CARTESIAN_POINT ( 'NONE',  ( -11.44999999999999751, 0.000000000000000000, 0.000000000000000000 ) ) ;
#1474 = EDGE_LOOP ( 'NONE', ( #1904, #1463, #4128, #5208 ) ) ;
#1475 = ADVANCED_FACE ( 'NONE', ( #6271, #1137 ), #3340, .T. ) ;
#1476 = ORIENTED_EDGE ( 'NONE', *, *, #4675, .T. ) ;
#1477 = CARTESIAN_POINT ( 'NONE',  ( 11.90000000000003233, 13.37062500000001641, 4.929141392239758446 ) ) ;
#1478 = AXIS2_PLACEMENT_3D ( 'NONE', #3862, #6778, #1658 ) ;
#1479 = FACE_OUTER_BOUND ( 'NONE', #6236, .T. ) ;
#1480 = CARTESIAN_POINT ( 'NONE',  ( 4.929141392239922759, 15.95187500000001002, 11.89999999999996305 ) ) ;
#1481 = FACE_OUTER_BOUND ( 'NONE', #7395, .T. ) ;
#1482 = PRODUCT ( 'DV1-FMR4阀体外形图', 'DV1-FMR4阀体外形图', '', ( #7414 ) ) ;
#1483 = TOROIDAL_SURFACE ( 'NONE', #3329, 7.060900368822720985, 0.9999999999999991118 ) ;
#1484 = APPROVAL_STATUS ( 'not_yet_approved' ) ;
#1485 = LOCAL_TIME ( 22, 23, 34.00000000000000000, #5996 ) ;
#1486 = FACE_OUTER_BOUND ( 'NONE', #616, .T. ) ;
#1487 = ORIENTED_EDGE ( 'NONE', *, *, #225, .F. ) ;
#1488 = CARTESIAN_POINT ( 'NONE',  ( 9.069809202314353058, 14.34375000000001421, -9.069809202314482732 ) ) ;
#1489 = ORIENTED_EDGE ( 'NONE', *, *, #6726, .T. ) ;
#1490 = ORIENTED_EDGE ( 'NONE', *, *, #1288, .T. ) ;
#1491 = CARTESIAN_POINT ( 'NONE',  ( 9.000000000000001776, -11.19999999999999929, -9.000000000000000000 ) ) ;
#1492 = SECURITY_CLASSIFICATION ( '', '', #9176 ) ;
#1493 = CARTESIAN_POINT ( 'NONE',  ( 8.414570696119975324, 13.29125000000001400, 8.414570696119856308 ) ) ;
#1494 = CARTESIAN_POINT ( 'NONE',  ( 0.3948291982182982052, 5.499261314031189229, -9.524999999999996803 ) ) ;
#1495 = CARTESIAN_POINT ( 'NONE',  ( -13.19999999999999751, -10.69999999999999218, -13.19999999999999396 ) ) ;
#1496 = SECURITY_CLASSIFICATION_LEVEL ( 'unclassified' ) ;
#1497 = DIRECTION ( 'NONE',  ( -8.775090700452169195E-16, -1.000000000000000000, -0.000000000000000000 ) ) ;
#1498 = CIRCLE ( 'NONE', #7464, 2.299999999999999822 ) ;
#1499 = VERTEX_POINT ( 'NONE', #1951 ) ;
#1500 = DIRECTION ( 'NONE',  ( 0.000000000000000000, 0.000000000000000000, -1.000000000000000000 ) ) ;
#1501 = VERTEX_POINT ( 'NONE', #6976 ) ;
#1502 = CIRCLE ( 'NONE', #6859, 14.20000000000000107 ) ;
#1503 = CARTESIAN_POINT ( 'NONE',  ( 0.000000000000000000, -17.39999999999999858, 14.00000000000000000 ) ) ;
#1504 = EDGE_CURVE ( 'NONE', #981, #9214, #4829, .T. ) ;
#1505 = CARTESIAN_POINT ( 'NONE',  ( 43.60000000000000142, 1.102182119232617911E-15, -9.000000000000001776 ) ) ;
#1506 = DIRECTION ( 'NONE',  ( -1.000000000000000000, -0.000000000000000000, -0.000000000000000000 ) ) ;
#1507 = CC_DESIGN_PERSON_AND_ORGANIZATION_ASSIGNMENT ( #2832, #7098, ( #6082 ) ) ;
#1508 = EDGE_CURVE ( 'NONE', #6250, #1236, #546, .T. ) ;
#1509 = ORIENTED_EDGE ( 'NONE', *, *, #4745, .F. ) ;
#1510 = VERTEX_POINT ( 'NONE', #4921 ) ;
#1511 = CIRCLE ( 'NONE', #7478, 0.3999999999999984679 ) ;
#1512 = ORIENTED_EDGE ( 'NONE', *, *, #1393, .F. ) ;
#1513 = CARTESIAN_POINT ( 'NONE',  ( -8.308988999489114440E-14, 11.42750000000001975, -11.89999999999999858 ) ) ;
#1514 = CARTESIAN_POINT ( 'NONE',  ( 0.000000000000000000, 0.000000000000000000, 2.299999999999999822 ) ) ;
#1515 = CARTESIAN_POINT ( 'NONE',  ( -12.56412585201708865, -2.009527318423359965, -9.246769250645098026 ) ) ;
#1516 = EDGE_CURVE ( 'NONE', #1798, #7655, #2808, .T. ) ;
#1517 = CARTESIAN_POINT ( 'NONE',  ( 1.725874147982898954, -15.69047268157664021, -15.50423678951415951 ) ) ;
#1518 = CIRCLE ( 'NONE', #3514, 2.499999999999998668 ) ;
#1519 = CARTESIAN_POINT ( 'NONE',  ( 9.000000000000001776, -11.19999999999999929, -6.100000000000006750 ) ) ;
#1520 = DIRECTION ( 'NONE',  ( -1.000000000000000000, -0.000000000000000000, -0.000000000000000000 ) ) ;
#1521 = EDGE_CURVE ( 'NONE', #8616, #4408, #422, .T. ) ;
#1522 = ORIENTED_EDGE ( 'NONE', *, *, #2231, .F. ) ;
#1523 = ORIENTED_EDGE ( 'NONE', *, *, #3036, .F. ) ;
#1524 = LINE ( 'NONE', #5362, #2506 ) ;
#1525 = ORIENTED_EDGE ( 'NONE', *, *, #2809, .F. ) ;
#1526 = CIRCLE ( 'NONE', #913, 12.69999999999998863 ) ;
#1527 = CARTESIAN_POINT ( 'NONE',  ( -4.929141392239895225, 12.77687500000001641, -11.89999999999997371 ) ) ;
#1528 = CARTESIAN_POINT ( 'NONE',  ( -5.312971222579573549, 10.77187500000002451, -12.82664718204931376 ) ) ;
#1529 = ADVANCED_FACE ( 'NONE', ( #1900 ), #4247, .F. ) ;
#1530 = EDGE_CURVE ( 'NONE', #6533, #8929, #390, .T. ) ;
#1531 = AXIS2_PLACEMENT_3D ( 'NONE', #8935, #7571, #8301 ) ;
#1532 = APPROVAL_STATUS ( 'not_yet_approved' ) ;
#1533 = CARTESIAN_POINT ( 'NONE',  ( -0.5608904233199663025, 1.177517174045585868, -1.976580462623437784 ) ) ;
#1534 = ORIENTED_EDGE ( 'NONE', *, *, #946, .T. ) ;
#1535 = CARTESIAN_POINT ( 'NONE',  ( 8.414570696119975324, 17.30125000000000668, 8.414570696119856308 ) ) ;
#1536 = CARTESIAN_POINT ( 'NONE',  ( 39.70000000000001705, 0.000000000000000000, 0.000000000000000000 ) ) ;
#1537 = CYLINDRICAL_SURFACE ( 'NONE', #9325, 11.89999999999999858 ) ;
#1538 = CARTESIAN_POINT ( 'NONE',  ( 8.528325040094458741E-14, 13.13250000000001627, 11.89999999999999858 ) ) ;
#1539 = DIRECTION ( 'NONE',  ( -1.000000000000000000, -0.000000000000000000, -0.000000000000000000 ) ) ;
#1540 = DIRECTION ( 'NONE',  ( -0.000000000000000000, 1.000000000000000000, 1.224646799147353207E-16 ) ) ;
#1541 = DIRECTION ( 'NONE',  ( 0.000000000000000000, 0.000000000000000000, 1.000000000000000000 ) ) ;
#1542 = CALENDAR_DATE ( 2025, 13, 3 ) ;
#1543 = CARTESIAN_POINT ( 'NONE',  ( 11.30000000000000249, 17.80000000000000071, 1.383850883036507292E-15 ) ) ;
#1544 = CARTESIAN_POINT ( 'NONE',  ( 11.88412758796775748, 10.90000000000000746, 0.6144196228178397945 ) ) ;
#1545 = ORIENTED_EDGE ( 'NONE', *, *, #4046, .F. ) ;
#1546 = CARTESIAN_POINT ( 'NONE',  ( 11.56664586459776523, 11.23399430781904051, 4.122152687466976495 ) ) ;
#1547 = ORIENTED_EDGE ( 'NONE', *, *, #9231, .T. ) ;
#1548 = LINE ( 'NONE', #9051, #5736 ) ;
#1549 = CARTESIAN_POINT ( 'NONE',  ( 1.725874147982923379, -5.311121375574489688E-16, 15.50423678951415596 ) ) ;
#1550 = CARTESIAN_POINT ( 'NONE',  ( -12.69999999999994422, 12.28625521535169973, 5.260512242138372763 ) ) ;
#1551 = CARTESIAN_POINT ( 'NONE',  ( 12.56412585201708865, -2.009527318423362185, 9.246769250645106908 ) ) ;
#1552 = ORIENTED_EDGE ( 'NONE', *, *, #370, .F. ) ;
#1553 = ORIENTED_EDGE ( 'NONE', *, *, #878, .F. ) ;
#1554 = ORIENTED_EDGE ( 'NONE', *, *, #5967, .F. ) ;
#1555 = CYLINDRICAL_SURFACE ( 'NONE', #6555, 12.69999999999998508 ) ;
#1556 = FACE_OUTER_BOUND ( 'NONE', #2645, .T. ) ;
#1557 = CC_DESIGN_DATE_AND_TIME_ASSIGNMENT ( #1337, #9271, ( #3182 ) ) ;
#1558 = DIRECTION ( 'NONE',  ( 0.000000000000000000, 0.000000000000000000, 1.000000000000000000 ) ) ;
#1559 = EDGE_CURVE ( 'NONE', #822, #172, #4774, .T. ) ;
#1560 = CARTESIAN_POINT ( 'NONE',  ( -15.22582127265071783, 33.79999999999998295, -7.561373325877829288 ) ) ;
#1561 = DIRECTION ( 'NONE',  ( -1.224646799147353207E-16, -1.200239295062580156E-32, 1.000000000000000000 ) ) ;
#1562 = CARTESIAN_POINT ( 'NONE',  ( -12.27635182233306743, 9.853150698279008280E-16, -8.045708121834929116 ) ) ;
#1563 = AXIS2_PLACEMENT_3D ( 'NONE', #7222, #3627, #663 ) ;
#1564 = ORIENTED_EDGE ( 'NONE', *, *, #2268, .T. ) ;
#1565 = VERTEX_POINT ( 'NONE', #9353 ) ;
#1566 = DIRECTION ( 'NONE',  ( -0.000000000000000000, 0.000000000000000000, 1.000000000000000000 ) ) ;
#1567 = EDGE_CURVE ( 'NONE', #4149, #7564, #2766, .T. ) ;
#1568 = CARTESIAN_POINT ( 'NONE',  ( -11.89999999999999858, 11.74500000000001698, 1.034998715382614344E-13 ) ) ;
#1569 = AXIS2_PLACEMENT_3D ( 'NONE', #7391, #4471, #5064 ) ;
#1570 = CARTESIAN_POINT ( 'NONE',  ( 12.82664718204939192, 11.56562500000001847, 5.312971222579391473 ) ) ;
#1571 = ADVANCED_FACE ( 'NONE', ( #1996 ), #613, .T. ) ;
#1572 = CARTESIAN_POINT ( 'NONE',  ( -13.44999999999999929, 8.900000000000016342, 0.000000000000000000 ) ) ;
#1573 = SHAPE_DEFINITION_REPRESENTATION ( #2943, #1777 ) ;
#1574 = DIRECTION ( 'NONE',  ( -8.775090700452169195E-16, -1.000000000000000000, -0.000000000000000000 ) ) ;
#1575 = EDGE_LOOP ( 'NONE', ( #3461, #4006, #635, #8221 ) ) ;
#1576 = AXIS2_PLACEMENT_3D ( 'NONE', #6396, #1843, #6207 ) ;
#1577 = CARTESIAN_POINT ( 'NONE',  ( 8.414570696119856308, 17.61875000000000568, -8.414570696119973547 ) ) ;
#1578 = EDGE_CURVE ( 'NONE', #8616, #5296, #472, .T. ) ;
#1579 = EDGE_CURVE ( 'NONE', #822, #607, #6317, .T. ) ;
#1580 = LINE ( 'NONE', #3600, #81 ) ;
#1581 = DIRECTION ( 'NONE',  ( 0.000000000000000000, 0.000000000000000000, -1.000000000000000000 ) ) ;
#1582 = CARTESIAN_POINT ( 'NONE',  ( 11.89999999999996483, 16.06937500000001151, -4.929141392239915653 ) ) ;
#1583 = AXIS2_PLACEMENT_3D ( 'NONE', #7674, #1109, #9235 ) ;
#1584 = CARTESIAN_POINT ( 'NONE',  ( 11.89999999999996838, 14.99937500000001300, -4.929141392239910324 ) ) ;
#1585 = FACE_OUTER_BOUND ( 'NONE', #8712, .T. ) ;
#1586 = CARTESIAN_POINT ( 'NONE',  ( -12.56412585201708687, -15.69047268157664021, 9.246769250645106908 ) ) ;
#1587 = PERSON_AND_ORGANIZATION ( #5176, #5070 ) ;
#1588 = CARTESIAN_POINT ( 'NONE',  ( 8.980256121069064790, 13.00063021535169661, -8.980256121069192687 ) ) ;
#1589 = CARTESIAN_POINT ( 'NONE',  ( 39.70000000000001705, 0.000000000000000000, 3.675000000000006484 ) ) ;
#1590 = ORIENTED_EDGE ( 'NONE', *, *, #6037, .T. ) ;
#1591 = DIRECTION ( 'NONE',  ( 0.000000000000000000, 0.000000000000000000, 1.000000000000000000 ) ) ;
#1592 = CIRCLE ( 'NONE', #9274, 15.59999999999999964 ) ;
#1593 = EDGE_LOOP ( 'NONE', ( #8029, #7565, #3521 ) ) ;
#1594 = B_SPLINE_CURVE_WITH_KNOTS ( 'NONE', 3,
 ( #4202, #2673, #662, #5661, #2818, #8585 ),
 .UNSPECIFIED., .F., .F.,
 ( 4, 2, 4 ),
 ( 2.309401076759608988E-07, 0.002749861597123267644, 0.005499492254138859185 ),
 .UNSPECIFIED. ) ;
#1595 = FACE_OUTER_BOUND ( 'NONE', #5807, .T. ) ;
#1596 = CARTESIAN_POINT ( 'NONE',  ( -14.00000000000000000, 0.000000000000000000, 0.000000000000000000 ) ) ;
#1597 = CARTESIAN_POINT ( 'NONE',  ( 40.20000000000001705, 0.000000000000000000, 0.000000000000000000 ) ) ;
#1598 = CIRCLE ( 'NONE', #7562, 9.525000000000000355 ) ;
#1599 = DIRECTION ( 'NONE',  ( 0.000000000000000000, 0.000000000000000000, 1.000000000000000000 ) ) ;
#1600 = ORIENTED_EDGE ( 'NONE', *, *, #7608, .T. ) ;
#1601 = VERTEX_POINT ( 'NONE', #5604 ) ;
#1602 = ORIENTED_EDGE ( 'NONE', *, *, #921, .F. ) ;
#1603 = AXIS2_PLACEMENT_3D ( 'NONE', #3958, #6783, #9111 ) ;
#1604 = VECTOR ( 'NONE', #9228, 1000.000000000000000 ) ;
#1605 = CARTESIAN_POINT ( 'NONE',  ( 1.725874147982892737, -2.009527318423362630, -15.50423678951415951 ) ) ;
#1606 = CARTESIAN_POINT ( 'NONE',  ( 33.89999999999999147, 0.000000000000000000, 0.000000000000000000 ) ) ;
#1607 = CARTESIAN_POINT ( 'NONE',  ( -14.00000000000000000, 3.918869757271530460E-16, -3.200000000000000178 ) ) ;
#1608 = DIRECTION ( 'NONE',  ( 0.000000000000000000, 0.000000000000000000, 1.000000000000000000 ) ) ;
#1609 = CARTESIAN_POINT ( 'NONE',  ( 1.561966144680487038E-14, 17.80000000000001137, 0.000000000000000000 ) ) ;
#1610 = CARTESIAN_POINT ( 'NONE',  ( 11.88412758796775748, 10.90000000000000746, 0.6144196228178397945 ) ) ;
#1611 = VECTOR ( 'NONE', #9428, 1000.000000000000000 ) ;
#1612 = CIRCLE ( 'NONE', #3605, 2.499999999999998668 ) ;
#1613 = ORIENTED_EDGE ( 'NONE', *, *, #9272, .F. ) ;
#1614 = ORIENTED_EDGE ( 'NONE', *, *, #3233, .T. ) ;
#1615 = ORIENTED_EDGE ( 'NONE', *, *, #4745, .T. ) ;
#1616 = DIRECTION ( 'NONE',  ( 0.2588190451025143002, 1.182917971378672060E-16, 0.9659258262890700886 ) ) ;
#1617 = CARTESIAN_POINT ( 'NONE',  ( -9.069809202314482732, 12.12125000000002117, -9.069809202314353058 ) ) ;
#1618 = LINE ( 'NONE', #6696, #4778 ) ;
#1619 = EDGE_CURVE ( 'NONE', #5975, #4818, #5127, .T. ) ;
#1620 = PERSON_AND_ORGANIZATION ( #5176, #5070 ) ;
#1621 = CARTESIAN_POINT ( 'NONE',  ( -2.050000000000001155, 2.299999999999994493, -2.193834799194117367E-21 ) ) ;
#1622 = EDGE_LOOP ( 'NONE', ( #4529, #3870, #1093, #2183 ) ) ;
#1623 = ORIENTED_EDGE ( 'NONE', *, *, #6658, .F. ) ;
#1624 = CIRCLE ( 'NONE', #5004, 11.69999999999998863 ) ;
#1625 = CARTESIAN_POINT ( 'NONE',  ( -12.82664718204939014, 12.20062500000001826, -5.312971222579394137 ) ) ;
#1626 = EDGE_CURVE ( 'NONE', #104, #1411, #5757, .T. ) ;
#1627 = CARTESIAN_POINT ( 'NONE',  ( 34.40000000000000568, 0.000000000000000000, 0.000000000000000000 ) ) ;
#1628 = CARTESIAN_POINT ( 'NONE',  ( 0.000000000000000000, 1.500000000000000222, 0.000000000000000000 ) ) ;
#1629 = CARTESIAN_POINT ( 'NONE',  ( 8.414570696119856308, 14.87875000000001435, -8.414570696119973547 ) ) ;
#1630 = TOROIDAL_SURFACE ( 'NONE', #7443, 2.700000000000000178, 0.3999999999999988565 ) ;
#1631 = CC_DESIGN_APPROVAL ( #5509, ( #3012 ) ) ;
#1632 = CARTESIAN_POINT ( 'NONE',  ( 31.20000000000000284, 4.194415287079684445E-16, -3.174999999999999822 ) ) ;
#1633 = CARTESIAN_POINT ( 'NONE',  ( -2.475000000000000089, 0.000000000000000000, 13.00000000000000000 ) ) ;
#1634 = ADVANCED_FACE ( 'NONE', ( #6497 ), #3663, .T. ) ;
#1635 = DIRECTION ( 'NONE',  ( 0.000000000000000000, 0.000000000000000000, 1.000000000000000000 ) ) ;
#1636 = APPROVAL_DATE_TIME ( #3032, #8903 ) ;
#1637 = CARTESIAN_POINT ( 'NONE',  ( -8.980256121069192687, 13.31813021535169739, -8.980256121069064790 ) ) ;
#1638 = CARTESIAN_POINT ( 'NONE',  ( -9.069809202314482732, 21.01125000000000043, -9.069809202314353058 ) ) ;
#1639 = ADVANCED_FACE ( 'NONE', ( #1459 ), #3710, .F. ) ;
#1640 = VERTEX_POINT ( 'NONE', #1551 ) ;
#1641 = VECTOR ( 'NONE', #5815, 1000.000000000000000 ) ;
#1642 = DIRECTION ( 'NONE',  ( -0.000000000000000000, -1.000000000000000000, -0.000000000000000000 ) ) ;
#1643 = CC_DESIGN_SECURITY_CLASSIFICATION ( #4089, ( #9487 ) ) ;
#1644 = EDGE_LOOP ( 'NONE', ( #7976, #4485, #5988, #2138 ) ) ;
#1645 = CARTESIAN_POINT ( 'NONE',  ( 5.260512242138389638, 15.28999478464833039, 12.69999999999992824 ) ) ;
#1646 = DIRECTION ( 'NONE',  ( -9.800697604388738773E-17, 1.000000000000000000, -0.000000000000000000 ) ) ;
#1647 = CARTESIAN_POINT ( 'NONE',  ( -1.973595035689176713, 2.232125178712569546, 0.5726346151087575720 ) ) ;
#1648 = EDGE_CURVE ( 'NONE', #4427, #8050, #5153, .T. ) ;
#1649 = AXIS2_PLACEMENT_3D ( 'NONE', #1859, #5311, #6789 ) ;
#1650 = EDGE_CURVE ( 'NONE', #8918, #1117, #6803, .T. ) ;
#1651 = TOROIDAL_SURFACE ( 'NONE', #7005, 3.674999999999999822, 0.5000000000000002220 ) ;
#1652 = DIRECTION ( 'NONE',  ( 0.000000000000000000, 0.000000000000000000, -1.000000000000000000 ) ) ;
#1653 = VERTEX_POINT ( 'NONE', #5020 ) ;
#1654 = EDGE_LOOP ( 'NONE', ( #4911, #3903, #4108, #7668, #7193, #6940, #1140, #3353, #4066, #7714, #3445, #7435, #5719, #2859, #6993, #9320, #2791, #1374, #4117, #2382, #5764, #6333, #2020, #2175, #1939, #2413 ) ) ;
#1655 = EDGE_LOOP ( 'NONE', ( #6955, #5103, #2962, #5799 ) ) ;
#1656 = AXIS2_PLACEMENT_3D ( 'NONE', #41, #8081, #5115 ) ;
#1657 = CARTESIAN_POINT ( 'NONE',  ( 8.414570696119971771, 17.10125000000000739, 8.414570696119858084 ) ) ;
#1658 = DIRECTION ( 'NONE',  ( -0.000000000000000000, 0.000000000000000000, 1.000000000000000000 ) ) ;
#1659 = CARTESIAN_POINT ( 'NONE',  ( 33.70000000000000284, 0.000000000000000000, 0.000000000000000000 ) ) ;
#1660 = CYLINDRICAL_SURFACE ( 'NONE', #3412, 21.75000000000000000 ) ;
#1661 = CARTESIAN_POINT ( 'NONE',  ( 9.000000000000001776, -11.19999999999999929, -6.500000000000000888 ) ) ;
#1662 = DIRECTION ( 'NONE',  ( -1.000000000000000000, -0.000000000000000000, -0.000000000000000000 ) ) ;
#1663 = AXIS2_PLACEMENT_3D ( 'NONE', #1765, #4685, #4834 ) ;
#1664 = ORIENTED_EDGE ( 'NONE', *, *, #4799, .F. ) ;
#1665 = ORIENTED_EDGE ( 'NONE', *, *, #7613, .T. ) ;
#1666 = FACE_OUTER_BOUND ( 'NONE', #1148, .T. ) ;
#1667 = VERTEX_POINT ( 'NONE', #83 ) ;
#1668 = FACE_OUTER_BOUND ( 'NONE', #3009, .T. ) ;
#1669 = AXIS2_PLACEMENT_3D ( 'NONE', #2465, #2514, #8279 ) ;
#1670 = CARTESIAN_POINT ( 'NONE',  ( 12.82664718204931376, 10.45437500000002373, -5.312971222579575326 ) ) ;
#1671 = LINE ( 'NONE', #9022, #7066 ) ;
#1672 = PERSON_AND_ORGANIZATION ( #5176, #5070 ) ;
#1673 = CARTESIAN_POINT ( 'NONE',  ( -0.1483810604828579016, 1.042832680730699568, -2.050000000000001155 ) ) ;
#1674 = VERTEX_POINT ( 'NONE', #5830 ) ;
#1675 = AXIS2_PLACEMENT_3D ( 'NONE', #8317, #1694, #9052 ) ;
#1676 = CARTESIAN_POINT ( 'NONE',  ( 8.414570696119856308, 18.88875000000000171, -8.414570696119973547 ) ) ;
#1677 = CARTESIAN_POINT ( 'NONE',  ( -1.745403866232205559, 11.12561233956367879, -12.00587313966159897 ) ) ;
#1678 = CARTESIAN_POINT ( 'NONE',  ( 34.00693079519157891, 0.000000000000000000, 0.000000000000000000 ) ) ;
#1679 = CARTESIAN_POINT ( 'NONE',  ( -11.89999999999996305, 16.70437500000000597, 4.929141392239922759 ) ) ;
#1680 = CIRCLE ( 'NONE', #5060, 2.700000000000002842 ) ;
#1681 = CC_DESIGN_DATE_AND_TIME_ASSIGNMENT ( #5947, #718, ( #4081 ) ) ;
#1682 = B_SPLINE_CURVE_WITH_KNOTS ( 'NONE', 3,
 ( #4657, #920, #8993, #2493, #968, #7634 ),
 .UNSPECIFIED., .F., .F.,
 ( 4, 2, 4 ),
 ( 2.309401076759608988E-07, 0.002749861597123269379, 0.005499492254138862654 ),
 .UNSPECIFIED. ) ;
#1683 = DIRECTION ( 'NONE',  ( -1.000000000000000000, 0.000000000000000000, 0.000000000000000000 ) ) ;
#1684 = CARTESIAN_POINT ( 'NONE',  ( 4.827671754811404092, 10.08197907572384189, -1.587499999999998357 ) ) ;
#1685 = CARTESIAN_POINT ( 'NONE',  ( 13.44999999999999929, 0.000000000000000000, -8.252653961416930528 ) ) ;
#1686 = PERSON_AND_ORGANIZATION_ROLE ( 'design_supplier' ) ;
#1687 = LINE ( 'NONE', #5285, #2787 ) ;
#1688 = CARTESIAN_POINT ( 'NONE',  ( -14.00000000000000178, 17.80000000000000071, -13.44999999999999929 ) ) ;
#1689 = VECTOR ( 'NONE', #4886, 1000.000000000000000 ) ;
#1690 = DIRECTION ( 'NONE',  ( -0.000000000000000000, -1.000000000000000000, -0.000000000000000000 ) ) ;
#1691 = VERTEX_POINT ( 'NONE', #5783 ) ;
#1692 = ADVANCED_FACE ( 'NONE', ( #2996 ), #8031, .F. ) ;
#1693 = CARTESIAN_POINT ( 'NONE',  ( 14.29000000000000625, -1.581519537881412196, 4.198967141328738606 ) ) ;
#1694 = DIRECTION ( 'NONE',  ( -8.775090700452169195E-16, -1.000000000000000000, -0.000000000000000000 ) ) ;
#1695 = EDGE_CURVE ( 'NONE', #3542, #658, #5922, .T. ) ;
#1696 = CARTESIAN_POINT ( 'NONE',  ( 12.94999999999999218, 9.400000000000000355, -12.94999999999999218 ) ) ;
#1697 = AXIS2_PLACEMENT_3D ( 'NONE', #1231, #2715, #5652 ) ;
#1698 = CARTESIAN_POINT ( 'NONE',  ( -4.929141392239915653, 16.38687500000000696, -11.89999999999997371 ) ) ;
#1699 = EDGE_LOOP ( 'NONE', ( #7468, #7858, #6941, #6629 ) ) ;
#1700 = DIRECTION ( 'NONE',  ( 0.000000000000000000, 0.000000000000000000, 1.000000000000000000 ) ) ;
#1701 = VERTEX_POINT ( 'NONE', #7936 ) ;
#1702 = EDGE_CURVE ( 'NONE', #2989, #1674, #1761, .T. ) ;
#1703 = EDGE_CURVE ( 'NONE', #5765, #8285, #2225, .T. ) ;
#1704 = CARTESIAN_POINT ( 'NONE',  ( 5.000000000000000000, 0.000000000000000000, -9.524999999999996803 ) ) ;
#1705 = TOROIDAL_SURFACE ( 'NONE', #3547, 11.99999999999998757, 0.2999999999999999889 ) ;
#1706 = DIRECTION ( 'NONE',  ( -1.000000000000000000, -9.800697604388738773E-17, 0.000000000000000000 ) ) ;
#1707 = DIRECTION ( 'NONE',  ( -1.000000000000000000, -0.000000000000000000, -0.000000000000000000 ) ) ;
#1708 =( NAMED_UNIT ( * ) PLANE_ANGLE_UNIT ( ) SI_UNIT ( $, .RADIAN. ) );
#1709 = CARTESIAN_POINT ( 'NONE',  ( -8.414570696120009075, 12.65625000000001776, -8.414570696119820781 ) ) ;
#1710 = DIRECTION ( 'NONE',  ( 1.000000000000000000, 1.231304080816852664E-16, -0.000000000000000000 ) ) ;
#1711 = ORIENTED_EDGE ( 'NONE', *, *, #6607, .F. ) ;
#1712 = ORIENTED_EDGE ( 'NONE', *, *, #1579, .T. ) ;
#1713 = AXIS2_PLACEMENT_3D ( 'NONE', #6350, #8359, #1792 ) ;
#1714 = VERTEX_POINT ( 'NONE', #5066 ) ;
#1715 = CARTESIAN_POINT ( 'NONE',  ( -15.22582127265071783, 30.49999999999999645, -7.561373325877829288 ) ) ;
#1716 = CARTESIAN_POINT ( 'NONE',  ( -11.89999999999999858, 14.28500000000001258, 8.309725586446653599E-14 ) ) ;
#1717 = CARTESIAN_POINT ( 'NONE',  ( 24.00000000000000000, 2.816687638038912549E-16, -2.299999999999999822 ) ) ;
#1718 = DIRECTION ( 'NONE',  ( 1.000000000000000000, -8.746504920891471725E-16, 0.000000000000000000 ) ) ;
#1719 = AXIS2_PLACEMENT_3D ( 'NONE', #44, #4480, #8865 ) ;
#1720 = ITEM_DEFINED_TRANSFORMATION ( 'NONE', 'NONE', #3535,  #3836 ) ;
#1721 = DIRECTION ( 'NONE',  ( 1.000000000000000000, -8.896017825522095502E-16, 0.000000000000000000 ) ) ;
#1722 = EDGE_LOOP ( 'NONE', ( #7715, #6411, #6235, #340 ) ) ;
#1723 = CARTESIAN_POINT ( 'NONE',  ( 11.89999999999999858, 17.46000000000000796, -8.455458555545188678E-14 ) ) ;
#1724 = CIRCLE ( 'NONE', #6766, 2.500000000000000444 ) ;
#1725 = CARTESIAN_POINT ( 'NONE',  ( -11.65938315560249272, 11.26783856265874917, -3.896331436003038995 ) ) ;
#1726 = CARTESIAN_POINT ( 'NONE',  ( -6.319843205376463047, 17.31415894757227036, 10.65979458644821598 ) ) ;
#1727 = CARTESIAN_POINT ( 'NONE',  ( -12.82664718204935106, 19.90000000000000568, 8.956799855210033214E-14 ) ) ;
#1728 = DIRECTION ( 'NONE',  ( -0.000000000000000000, 1.000000000000000000, -0.000000000000000000 ) ) ;
#1729 = PLANE ( 'NONE',  #4810 ) ;
#1730 = CYLINDRICAL_SURFACE ( 'NONE', #3304, 11.89999999999999858 ) ;
#1731 = DATE_AND_TIME ( #8304, #269 ) ;
#1732 = CARTESIAN_POINT ( 'NONE',  ( 0.1723282451885989053, -6.415804866369716031, 7.937500000000003553 ) ) ;
#1733 = DIRECTION ( 'NONE',  ( -0.7071067811865422437, 0.7071067811865527908, 0.000000000000000000 ) ) ;
#1734 = CARTESIAN_POINT ( 'NONE',  ( 13.44999999999999929, -10.69999999999999396, 12.94999999999999218 ) ) ;
#1735 = DIRECTION ( 'NONE',  ( 0.000000000000000000, -1.000000000000000000, 0.000000000000000000 ) ) ;
#1736 = CARTESIAN_POINT ( 'NONE',  ( 43.60000000000000142, 1.787984326755135766E-15, -14.59999999999999964 ) ) ;
#1737 = ORIENTED_EDGE ( 'NONE', *, *, #4095, .F. ) ;
#1738 = CARTESIAN_POINT ( 'NONE',  ( -11.09999999999996945, 17.60000000000002274, 0.000000000000000000 ) ) ;
#1739 = CARTESIAN_POINT ( 'NONE',  ( 12.70000000000002238, 15.44874478464833523, 5.260512242138188910 ) ) ;
#1740 = CARTESIAN_POINT ( 'NONE',  ( 5.000000000000000000, 5.499261314031190118, 9.525000000000002132 ) ) ;
#1741 = DIRECTION ( 'NONE',  ( 0.000000000000000000, 0.000000000000000000, 1.000000000000000000 ) ) ;
#1742 = CARTESIAN_POINT ( 'NONE',  ( 0.000000000000000000, 0.000000000000000000, 0.000000000000000000 ) ) ;
#1743 = B_SPLINE_CURVE_WITH_KNOTS ( 'NONE', 3,
 ( #2398, #6106, #6058, #260, #6858, #2305 ),
 .UNSPECIFIED., .F., .F.,
 ( 4, 2, 4 ),
 ( 0.005499492254138863521, 0.008249122911154455062, 0.01099875356817004574 ),
 .UNSPECIFIED. ) ;
#1744 = EDGE_CURVE ( 'NONE', #625, #3811, #4354, .T. ) ;
#1745 = AXIS2_PLACEMENT_3D ( 'NONE', #7437, #218, #3041 ) ;
#1746 = ORIENTED_EDGE ( 'NONE', *, *, #7207, .F. ) ;
#1747 = LINE ( 'NONE', #4670, #8687 ) ;
#1748 = ORIENTED_EDGE ( 'NONE', *, *, #2383, .F. ) ;
#1749 = EDGE_CURVE ( 'NONE', #1395, #1601, #3440, .T. ) ;
#1750 = CARTESIAN_POINT ( 'NONE',  ( 11.90000000000004476, 17.18062500000000981, 4.929141392239723807 ) ) ;
#1751 = AXIS2_PLACEMENT_3D ( 'NONE', #2869, #5795, #7269 ) ;
#1752 = FACE_OUTER_BOUND ( 'NONE', #5207, .T. ) ;
#1753 = CARTESIAN_POINT ( 'NONE',  ( 0.3948291982182996485, 5.499261314031190118, 9.525000000000002132 ) ) ;
#1754 = DIRECTION ( 'NONE',  ( -1.000000000000000000, -0.000000000000000000, -0.000000000000000000 ) ) ;
#1755 = DIRECTION ( 'NONE',  ( -8.775090700452169195E-16, -1.000000000000000000, -0.000000000000000000 ) ) ;
#1756 = EDGE_CURVE ( 'NONE', #1267, #4393, #2178, .T. ) ;
#1757 = CARTESIAN_POINT ( 'NONE',  ( 4.605170801781709677, -5.499261314031190118, -9.524999999999996803 ) ) ;
#1758 = ADVANCED_FACE ( 'NONE', ( #7257 ), #3450, .T. ) ;
#1759 = EDGE_LOOP ( 'NONE', ( #3632, #6631, #2326, #7784 ) ) ;
#1760 = ORIENTED_EDGE ( 'NONE', *, *, #863, .F. ) ;
#1761 = CIRCLE ( 'NONE', #2217, 9.000000000000005329 ) ;
#1762 = VECTOR ( 'NONE', #8880, 1000.000000000000000 ) ;
#1763 = VERTEX_POINT ( 'NONE', #786 ) ;
#1764 = CARTESIAN_POINT ( 'NONE',  ( 0.3952250588359064176, 0.000000000000000000, 0.000000000000000000 ) ) ;
#1765 = CARTESIAN_POINT ( 'NONE',  ( 0.000000000000000000, 0.000000000000000000, 0.000000000000000000 ) ) ;
#1766 = CARTESIAN_POINT ( 'NONE',  ( 44.00000000000000000, 1.102182119232618108E-15, -9.000000000000003553 ) ) ;
#1767 = CIRCLE ( 'NONE', #4993, 15.59999999999999964 ) ;
#1768 = CIRCLE ( 'NONE', #5451, 14.59999999999999609 ) ;
#1769 = EDGE_CURVE ( 'NONE', #3666, #1431, #7115, .T. ) ;
#1770 = PERSON_AND_ORGANIZATION ( #5176, #5070 ) ;
#1771 = ADVANCED_FACE ( 'NONE', ( #8026, #4375 ), #742, .F. ) ;
#1772 = CARTESIAN_POINT ( 'NONE',  ( 0.000000000000000000, 0.000000000000000000, -9.524999999999996803 ) ) ;
#1773 = ORIENTED_EDGE ( 'NONE', *, *, #9210, .T. ) ;
#1774 = ORIENTED_EDGE ( 'NONE', *, *, #5585, .F. ) ;
#1775 = CARTESIAN_POINT ( 'NONE',  ( 0.03643194662692081365, 1.043312934816006399, -2.049755897520308956 ) ) ;
#1776 = AXIS2_PLACEMENT_3D ( 'NONE', #8351, #6246, #347 ) ;
#1777 = SHAPE_REPRESENTATION ( 'TB4-L13', ( #3836 ), #9373 ) ;
#1778 = CARTESIAN_POINT ( 'NONE',  ( -9.781910693791244782, 11.22556321864435169, -7.376128657320818682 ) ) ;
#1779 = DIRECTION ( 'NONE',  ( -1.000000000000000000, -0.000000000000000000, -0.000000000000000000 ) ) ;
#1780 = CARTESIAN_POINT ( 'NONE',  ( -9.035340417286478833E-14, 18.31250000000001066, -12.82664718204935106 ) ) ;
#1781 = DIRECTION ( 'NONE',  ( 0.000000000000000000, 0.000000000000000000, -1.000000000000000000 ) ) ;
#1782 = DIRECTION ( 'NONE',  ( 1.000000000000000000, 0.000000000000000000, 0.000000000000000000 ) ) ;
#1783 = APPROVAL_STATUS ( 'not_yet_approved' ) ;
#1784 = CARTESIAN_POINT ( 'NONE',  ( -12.94999999999999218, 9.400000000000023448, -12.94999999999999218 ) ) ;
#1785 = CARTESIAN_POINT ( 'NONE',  ( 31.70000000000000639, 4.500576986866521822E-16, -3.674999999999999822 ) ) ;
#1786 = CARTESIAN_POINT ( 'NONE',  ( 33.49999999999999289, 0.000000000000000000, 3.575000000000001510 ) ) ;
#1787 = CARTESIAN_POINT ( 'NONE',  ( 12.69999999999996732, 15.38188021535169447, -9.023892744153245350E-14 ) ) ;
#1788 = ORIENTED_EDGE ( 'NONE', *, *, #4331, .F. ) ;
#1789 = CARTESIAN_POINT ( 'NONE',  ( -11.09999999999996945, 17.60000000000002274, 1.359357947053560184E-15 ) ) ;
#1790 = AXIS2_PLACEMENT_3D ( 'NONE', #7135, #7909, #6423 ) ;
#1791 = CC_DESIGN_SECURITY_CLASSIFICATION ( #8375, ( #3472 ) ) ;
#1792 = DIRECTION ( 'NONE',  ( 0.000000000000000000, 0.000000000000000000, -1.000000000000000000 ) ) ;
#1793 = DIRECTION ( 'NONE',  ( -0.000000000000000000, -0.000000000000000000, -1.000000000000000000 ) ) ;
#1794 = CARTESIAN_POINT ( 'NONE',  ( -2.034022550795168804, 2.285728152184537620, 0.2928139856195990931 ) ) ;
#1795 = DIRECTION ( 'NONE',  ( 0.000000000000000000, 1.000000000000000000, 0.000000000000000000 ) ) ;
#1796 = CIRCLE ( 'NONE', #8542, 20.24999999999999645 ) ;
#1797 = CC_DESIGN_APPROVAL ( #7240, ( #6538 ) ) ;
#1798 = VERTEX_POINT ( 'NONE', #3992 ) ;
#1799 = CARTESIAN_POINT ( 'NONE',  ( 1.239098530816317244E-13, 11.86250000000001847, 11.89999999999999858 ) ) ;
#1800 = VERTEX_POINT ( 'NONE', #1077 ) ;
#1801 = LINE ( 'NONE', #3816, #602 ) ;
#1802 = EDGE_CURVE ( 'NONE', #4015, #8856, #2685, .T. ) ;
#1803 = AXIS2_PLACEMENT_3D ( 'NONE', #7996, #1433, #7274 ) ;
#1804 = AXIS2_PLACEMENT_3D ( 'NONE', #8066, #3752, #6667 ) ;
#1805 = DIRECTION ( 'NONE',  ( 0.000000000000000000, 1.000000000000000000, 0.000000000000000000 ) ) ;
#1806 = CARTESIAN_POINT ( 'NONE',  ( -11.44999999999999751, 0.000000000000000000, 0.000000000000000000 ) ) ;
#1807 = CC_DESIGN_DATE_AND_TIME_ASSIGNMENT ( #2347, #730, ( #3774 ) ) ;
#1808 = EDGE_CURVE ( 'NONE', #309, #1674, #5450, .T. ) ;
#1809 = CARTESIAN_POINT ( 'NONE',  ( -8.414570696120007298, 14.12625000000001307, -8.414570696119822557 ) ) ;
#1810 = DIRECTION ( 'NONE',  ( 1.000000000000000000, -8.775090700452169195E-16, 0.000000000000000000 ) ) ;
#1811 = ORIENTED_EDGE ( 'NONE', *, *, #4675, .F. ) ;
#1812 = ORIENTED_EDGE ( 'NONE', *, *, #2224, .F. ) ;
#1813 = ORIENTED_EDGE ( 'NONE', *, *, #650, .F. ) ;
#1814 = DIRECTION ( 'NONE',  ( -0.5773502691896265082, 0.5773502691896265082, 0.5773502691896245098 ) ) ;
#1815 = EDGE_CURVE ( 'NONE', #1640, #8579, #1767, .T. ) ;
#1816 = CARTESIAN_POINT ( 'NONE',  ( -8.382592070995921138E-14, 12.69750000000001577, -11.89999999999999858 ) ) ;
#1817 = CARTESIAN_POINT ( 'NONE',  ( 9.000000000000001776, -10.80000000000000604, -6.500000000000000888 ) ) ;
#1818 = CARTESIAN_POINT ( 'NONE',  ( 12.69999999999996732, 12.84188021535169888, -9.023892744153245350E-14 ) ) ;
#1819 = AXIS2_PLACEMENT_3D ( 'NONE', #3966, #1861, #4782 ) ;
#1820 = ADVANCED_FACE ( 'NONE', ( #6069 ), #9293, .F. ) ;
#1821 = APPROVAL_DATE_TIME ( #6183, #5844 ) ;
#1822 = EDGE_LOOP ( 'NONE', ( #756, #4733, #8020 ) ) ;
#1823 = EDGE_LOOP ( 'NONE', ( #9440, #6023, #327, #5460 ) ) ;
#1824 = ORIENTED_EDGE ( 'NONE', *, *, #8321, .F. ) ;
#1825 = TOROIDAL_SURFACE ( 'NONE', #294, 14.59999999999999964, 0.3999999999999986899 ) ;
#1826 = DIRECTION ( 'NONE',  ( -9.800697604388738773E-17, 1.000000000000000000, -0.000000000000000000 ) ) ;
#1827 = CARTESIAN_POINT ( 'NONE',  ( -5.609051806756606418, 17.32267179246581179, 11.04080484276174978 ) ) ;
#1828 = ADVANCED_FACE ( 'NONE', ( #6117 ), #1917, .T. ) ;
#1829 = EDGE_CURVE ( 'NONE', #193, #7654, #94, .T. ) ;
#1830 = CARTESIAN_POINT ( 'NONE',  ( -9.069809202314482732, 19.74125000000000441, -9.069809202314353058 ) ) ;
#1831 = DIRECTION ( 'NONE',  ( -8.775090700452169195E-16, -1.000000000000000000, -0.000000000000000000 ) ) ;
#1832 = DIRECTION ( 'NONE',  ( -0.000000000000000000, -1.000000000000000000, -0.000000000000000000 ) ) ;
#1833 = COORDINATED_UNIVERSAL_TIME_OFFSET ( 8, 0, .AHEAD. ) ;
#1834 = DIRECTION ( 'NONE',  ( -1.000000000000000000, -0.000000000000000000, -0.000000000000000000 ) ) ;
#1835 =( BOUNDED_CURVE ( )  B_SPLINE_CURVE ( 2, ( #7898, #5745, #1332, #5026, #7942, #1379, #1423, #4296, #7033 ),
 .UNSPECIFIED., .F., .T. ) 
 B_SPLINE_CURVE_WITH_KNOTS ( ( 3, 2, 2, 2, 3 ),
 ( 0.2812500000000001110, 0.2968750000000000555, 0.3125000000000000000, 0.3281249999999999445, 0.3437499999999998890 ),
 .UNSPECIFIED. ) 
 CURVE ( )  GEOMETRIC_REPRESENTATION_ITEM ( )  RATIONAL_B_SPLINE_CURVE ( ( 0.9999999999999994449, 0.9238795325112872936, 1.000000000000000000, 0.9238795325112867385, 1.000000000000000000, 0.9238795325112867385, 1.000000000000000000, 0.9238795325112872936, 0.9999999999999994449 ) ) 
 REPRESENTATION_ITEM ( '' )  );
#1836 = CARTESIAN_POINT ( 'NONE',  ( -5.312971222579573549, 19.66187500000000554, -12.82664718204931376 ) ) ;
#1837 = ORIENTED_EDGE ( 'NONE', *, *, #6397, .F. ) ;
#1838 = CARTESIAN_POINT ( 'NONE',  ( 41.00000000000000000, 0.000000000000000000, 0.000000000000000000 ) ) ;
#1839 = ORIENTED_EDGE ( 'NONE', *, *, #6437, .F. ) ;
#1840 = CARTESIAN_POINT ( 'NONE',  ( -11.89999999999996838, 15.43437500000000995, 4.929141392239910324 ) ) ;
#1841 = CARTESIAN_POINT ( 'NONE',  ( 2.325771207284392350, 11.53359390721351829, 12.32226047814653569 ) ) ;
#1842 = CYLINDRICAL_SURFACE ( 'NONE', #7486, 3.200000000000000178 ) ;
#1843 = DIRECTION ( 'NONE',  ( -0.000000000000000000, -1.000000000000000000, -0.000000000000000000 ) ) ;
#1844 = DIRECTION ( 'NONE',  ( 0.000000000000000000, 0.000000000000000000, 1.000000000000000000 ) ) ;
#1845 = CARTESIAN_POINT ( 'NONE',  ( 1.122512155537489559E-13, 17.14250000000000895, 11.89999999999999858 ) ) ;
#1846 = VERTEX_POINT ( 'NONE', #2411 ) ;
#1847 = CARTESIAN_POINT ( 'NONE',  ( 0.000000000000000000, 17.80000000000000071, 0.000000000000000000 ) ) ;
#1848 = ORIENTED_EDGE ( 'NONE', *, *, #125, .F. ) ;
#1849 = LINE ( 'NONE', #3238, #8249 ) ;
#1850 =( GEOMETRIC_REPRESENTATION_CONTEXT ( 3 ) GLOBAL_UNCERTAINTY_ASSIGNED_CONTEXT ( ( #6139 ) ) GLOBAL_UNIT_ASSIGNED_CONTEXT ( ( #6454, #4919, #1274 ) ) REPRESENTATION_CONTEXT ( 'NONE', 'WORKASPACE' ) );
#1851 = FACE_OUTER_BOUND ( 'NONE', #2471, .T. ) ;
#1852 = DIRECTION ( 'NONE',  ( 1.000000000000000000, 0.000000000000000000, 0.000000000000000000 ) ) ;
#1853 = CARTESIAN_POINT ( 'NONE',  ( -12.70000000000000462, 13.54374478464833764, -5.260512242138206673 ) ) ;
#1854 = DIRECTION ( 'NONE',  ( -8.775090700452169195E-16, -1.000000000000000000, -0.000000000000000000 ) ) ;
#1855 = EDGE_LOOP ( 'NONE', ( #96, #1590, #8274, #1623 ) ) ;
#1856 = ORIENTED_EDGE ( 'NONE', *, *, #5647, .F. ) ;
#1857 = ORIENTED_EDGE ( 'NONE', *, *, #1578, .F. ) ;
#1858 = CIRCLE ( 'NONE', #5386, 4.688733431983859390 ) ;
#1859 = CARTESIAN_POINT ( 'NONE',  ( 0.000000000000000000, 34.29999999999999716, 0.000000000000000000 ) ) ;
#1860 = CARTESIAN_POINT ( 'NONE',  ( -11.89999999999996305, 14.36437500000001322, 4.929141392239922759 ) ) ;
#1861 = DIRECTION ( 'NONE',  ( 0.000000000000000000, -1.000000000000000000, 0.000000000000000000 ) ) ;
#1862 = FACE_OUTER_BOUND ( 'NONE', #3421, .T. ) ;
#1863 = APPROVAL_DATE_TIME ( #6138, #7354 ) ;
#1864 = CIRCLE ( 'NONE', #5846, 14.20000000000000107 ) ;
#1865 = ORIENTED_EDGE ( 'NONE', *, *, #5811, .F. ) ;
#1866 = EDGE_CURVE ( 'NONE', #4840, #9306, #3904, .T. ) ;
#1867 = ORIENTED_EDGE ( 'NONE', *, *, #5585, .T. ) ;
#1868 = CARTESIAN_POINT ( 'NONE',  ( 0.000000000000000000, 32.79999999999999716, -21.75000000000000000 ) ) ;
#1869 = VERTEX_POINT ( 'NONE', #3950 ) ;
#1870 = CARTESIAN_POINT ( 'NONE',  ( 6.896048118916380254, 11.02892373052674202, -9.863916862364643379 ) ) ;
#1871 = EDGE_CURVE ( 'NONE', #9114, #8671, #4719, .T. ) ;
#1872 = CARTESIAN_POINT ( 'NONE',  ( -4.118495503215774178, 17.33991366554029767, 11.68185070660783431 ) ) ;
#1873 = CIRCLE ( 'NONE', #5085, 2.050000000000001155 ) ;
#1874 = CARTESIAN_POINT ( 'NONE',  ( -12.82664718204939014, 18.55062500000001080, -5.312971222579394137 ) ) ;
#1875 = CARTESIAN_POINT ( 'NONE',  ( 13.44999999999999929, 0.000000000000000000, 0.000000000000000000 ) ) ;
#1876 = CARTESIAN_POINT ( 'NONE',  ( 36.29999999999999716, 0.000000000000000000, 0.000000000000000000 ) ) ;
#1877 = DATE_AND_TIME ( #7001, #5310 ) ;
#1878 = CARTESIAN_POINT ( 'NONE',  ( 4.929141392239906772, 14.48187500000001471, 11.89999999999998614 ) ) ;
#1879 = EDGE_CURVE ( 'NONE', #1225, #746, #498, .T. ) ;
#1880 = ADVANCED_FACE ( 'NONE', ( #6164 ), #5249, .T. ) ;
#1881 = CIRCLE ( 'NONE', #4313, 2.700000000000002842 ) ;
#1882 = CARTESIAN_POINT ( 'NONE',  ( -12.82664718204939014, 16.01062500000001165, -5.312971222579394137 ) ) ;
#1883 = ORIENTED_EDGE ( 'NONE', *, *, #8143, .F. ) ;
#1884 = FACE_OUTER_BOUND ( 'NONE', #1474, .T. ) ;
#1885 = ORIENTED_EDGE ( 'NONE', *, *, #6147, .F. ) ;
#1886 = CARTESIAN_POINT ( 'NONE',  ( 41.30693079519157607, 1.787984326755135766E-15, -14.59999999999999964 ) ) ;
#1887 = CARTESIAN_POINT ( 'NONE',  ( 11.94485072925408531, 11.66745524983103266, 4.292475245393612582 ) ) ;
#1888 = CIRCLE ( 'NONE', #2639, 0.9999999999999991118 ) ;
#1889 = CARTESIAN_POINT ( 'NONE',  ( 40.92056046467595110, 1.818816501040946219E-15, -14.70352761804100616 ) ) ;
#1890 =( BOUNDED_CURVE ( )  B_SPLINE_CURVE ( 2, ( #9331, #3316, #4173, #9189, #3364, #6908, #8456, #1878, #7779 ),
 .UNSPECIFIED., .F., .T. ) 
 B_SPLINE_CURVE_WITH_KNOTS ( ( 3, 2, 2, 2, 3 ),
 ( 0.5312500000000000000, 0.5468750000000000000, 0.5625000000000000000, 0.5781250000000001110, 0.5937500000000001110 ),
 .UNSPECIFIED. ) 
 CURVE ( )  GEOMETRIC_REPRESENTATION_ITEM ( )  RATIONAL_B_SPLINE_CURVE ( ( 1.000000000000000000, 0.9238795325112867385, 1.000000000000000000, 0.9238795325112867385, 1.000000000000000000, 0.9238795325112867385, 1.000000000000000000, 0.9238795325112861834, 1.000000000000000444 ) ) 
 REPRESENTATION_ITEM ( '' )  );
#1891 = DIRECTION ( 'NONE',  ( -1.000000000000000000, -0.000000000000000000, -0.000000000000000000 ) ) ;
#1892 = ORIENTED_EDGE ( 'NONE', *, *, #4686, .T. ) ;
#1893 = CARTESIAN_POINT ( 'NONE',  ( -13.44999999999999929, 0.000000000000000000, 0.000000000000000000 ) ) ;
#1894 = ORIENTED_EDGE ( 'NONE', *, *, #8371, .T. ) ;
#1895 = CARTESIAN_POINT ( 'NONE',  ( 0.000000000000000000, 0.000000000000000000, -20.24999999999999645 ) ) ;
#1896 = CARTESIAN_POINT ( 'NONE',  ( 0.000000000000000000, 3.675000000000003375, 0.000000000000000000 ) ) ;
#1897 = DIRECTION ( 'NONE',  ( 0.000000000000000000, 0.000000000000000000, 1.000000000000000000 ) ) ;
#1898 = CIRCLE ( 'NONE', #1583, 8.199999999999997513 ) ;
#1899 = PERSON_AND_ORGANIZATION ( #5176, #5070 ) ;
#1900 = FACE_OUTER_BOUND ( 'NONE', #379, .T. ) ;
#1901 = CYLINDRICAL_SURFACE ( 'NONE', #6647, 11.69999999999998863 ) ;
#1902 = EDGE_LOOP ( 'NONE', ( #1997, #4842, #8660, #7387, #789, #2460 ) ) ;
#1903 = EDGE_LOOP ( 'NONE', ( #5605, #3803, #48, #3963 ) ) ;
#1904 = ORIENTED_EDGE ( 'NONE', *, *, #7325, .F. ) ;
#1905 = CARTESIAN_POINT ( 'NONE',  ( 24.00000000000000000, 0.000000000000000000, 0.000000000000000000 ) ) ;
#1906 = FACE_OUTER_BOUND ( 'NONE', #7846, .T. ) ;
#1907 = CARTESIAN_POINT ( 'NONE',  ( -12.27635182233307987, 0.000000000000000000, 0.000000000000000000 ) ) ;
#1908 = CARTESIAN_POINT ( 'NONE',  ( -12.69999999999997797, 14.81374478464833011, -5.260512242138235983 ) ) ;
#1909 = CIRCLE ( 'NONE', #7411, 3.200000000000000178 ) ;
#1910 = DATE_TIME_ROLE ( 'classification_date' ) ;
#1911 = CIRCLE ( 'NONE', #3899, 3.675000000000008260 ) ;
#1912 = VERTEX_POINT ( 'NONE', #6819 ) ;
#1913 = ORIENTED_EDGE ( 'NONE', *, *, #2038, .T. ) ;
#1914 = EDGE_LOOP ( 'NONE', ( #4692, #6630, #6377, #7994 ) ) ;
#1915 = DIRECTION ( 'NONE',  ( -0.000000000000000000, 1.000000000000000000, 0.000000000000000000 ) ) ;
#1916 = DIRECTION ( 'NONE',  ( -1.000000000000000000, -0.000000000000000000, -0.000000000000000000 ) ) ;
#1917 = TOROIDAL_SURFACE ( 'NONE', #2991, 19.59999999999999787, 0.3999999999999993006 ) ;
#1918 = AXIS2_PLACEMENT_3D ( 'NONE', #4417, #473, #2847 ) ;
#1919 = CARTESIAN_POINT ( 'NONE',  ( -12.82664718204939014, 19.82062500000000682, -5.312971222579394137 ) ) ;
#1920 = EDGE_CURVE ( 'NONE', #688, #5170, #4217, .T. ) ;
#1921 = CARTESIAN_POINT ( 'NONE',  ( 0.2726581639881562324, 4.587364300110933435, 9.525000000000002132 ) ) ;
#1922 = CYLINDRICAL_SURFACE ( 'NONE', #2358, 2.050000000000001155 ) ;
#1923 = APPROVAL_STATUS ( 'not_yet_approved' ) ;
#1924 = APPROVAL ( #6316, '未指定' ) ;
#1925 = DIRECTION ( 'NONE',  ( -8.775090700452169195E-16, -1.000000000000000000, -0.000000000000000000 ) ) ;
#1926 = ADVANCED_FACE ( 'NONE', ( #5295 ), #1027, .F. ) ;
#1927 = CARTESIAN_POINT ( 'NONE',  ( 8.511837979438613694E-15, 9.700000000000011724, 0.000000000000000000 ) ) ;
#1928 = CARTESIAN_POINT ( 'NONE',  ( -9.035340417286477571E-14, 19.58250000000000313, -12.82664718204935106 ) ) ;
#1929 = EDGE_LOOP ( 'NONE', ( #1811, #8627, #3894, #9454 ) ) ;
#1930 = ORIENTED_EDGE ( 'NONE', *, *, #6346, .F. ) ;
#1931 = CARTESIAN_POINT ( 'NONE',  ( -1.417553045329809080, 17.32660494578323096, -12.29932825193581536 ) ) ;
#1932 = DIRECTION ( 'NONE',  ( 0.000000000000000000, -1.000000000000000000, 0.000000000000000000 ) ) ;
#1933 = ADVANCED_FACE ( 'NONE', ( #4526 ), #5396, .T. ) ;
#1934 = CARTESIAN_POINT ( 'NONE',  ( -12.29781092488547145, 11.31679023186111266, 0.7905603200161898103 ) ) ;
#1935 = CARTESIAN_POINT ( 'NONE',  ( 31.70000000000000639, 0.000000000000000000, 3.674999999999999822 ) ) ;
#1936 = CARTESIAN_POINT ( 'NONE',  ( 41.39999999999999858, 0.000000000000000000, 0.000000000000000000 ) ) ;
#1937 = EDGE_CURVE ( 'NONE', #1141, #2905, #8217, .T. ) ;
#1938 = CARTESIAN_POINT ( 'NONE',  ( -8.414570696119843873, 16.98375000000000767, 8.414570696119987758 ) ) ;
#1939 = ORIENTED_EDGE ( 'NONE', *, *, #3232, .F. ) ;
#1940 = VECTOR ( 'NONE', #2902, 1000.000000000000000 ) ;
#1941 = CARTESIAN_POINT ( 'NONE',  ( 0.3952250588359064176, 0.000000000000000000, 0.000000000000000000 ) ) ;
#1942 = ORIENTED_EDGE ( 'NONE', *, *, #4868, .F. ) ;
#1943 = CARTESIAN_POINT ( 'NONE',  ( -11.90000000000003233, 17.81562500000000782, -4.929141392239748676 ) ) ;
#1944 = EDGE_CURVE ( 'NONE', #3534, #4755, #2075, .T. ) ;
#1945 = EDGE_CURVE ( 'NONE', #6736, #6375, #7420, .T. ) ;
#1946 = DIRECTION ( 'NONE',  ( 0.000000000000000000, -1.000000000000000000, 0.000000000000000000 ) ) ;
#1947 = FACE_OUTER_BOUND ( 'NONE', #5697, .T. ) ;
#1948 = CIRCLE ( 'NONE', #5781, 0.3999999999999993006 ) ;
#1949 = APPROVAL_PERSON_ORGANIZATION ( #15, #5790, #4448 ) ;
#1950 = APPROVAL_DATE_TIME ( #8528, #1924 ) ;
#1951 = CARTESIAN_POINT ( 'NONE',  ( 24.00000000000000000, 0.000000000000000000, 2.299999999999999822 ) ) ;
#1952 = ORIENTED_EDGE ( 'NONE', *, *, #2118, .F. ) ;
#1953 = VERTEX_POINT ( 'NONE', #7691 ) ;
#1954 = ORIENTED_EDGE ( 'NONE', *, *, #2942, .F. ) ;
#1955 = VECTOR ( 'NONE', #6083, 1000.000000000000114 ) ;
#1956 = APPROVAL_PERSON_ORGANIZATION ( #4301, #2968, #7948 ) ;
#1957 = CARTESIAN_POINT ( 'NONE',  ( 15.22582127265072316, 33.79999999999998295, 7.561373325877829288 ) ) ;
#1958 = CARTESIAN_POINT ( 'NONE',  ( 8.528325040094456217E-14, 12.06250000000001776, 11.89999999999999858 ) ) ;
#1959 = DIRECTION ( 'NONE',  ( 0.000000000000000000, 0.000000000000000000, 1.000000000000000000 ) ) ;
#1960 = CARTESIAN_POINT ( 'NONE',  ( 0.000000000000000000, 0.000000000000000000, 8.600000000000001421 ) ) ;
#1961 = LINE ( 'NONE', #7223, #1689 ) ;
#1962 = CONICAL_SURFACE ( 'NONE', #4257, 14.20000000000000107, 1.047197551196596521 ) ;
#1963 = PERSON_AND_ORGANIZATION ( #497, #2872 ) ;
#1964 = ORIENTED_EDGE ( 'NONE', *, *, #6548, .F. ) ;
#1965 = EDGE_LOOP ( 'NONE', ( #8809, #7959 ) ) ;
#1966 = ORIENTED_EDGE ( 'NONE', *, *, #5267, .T. ) ;
#1967 = CARTESIAN_POINT ( 'NONE',  ( -13.99999999999999822, 4.163799117101000559E-16, 3.399999999999999911 ) ) ;
#1968 = CARTESIAN_POINT ( 'NONE',  ( 11.98754637825159541, 17.60183483942742200, -1.685720853141057907 ) ) ;
#1969 = CARTESIAN_POINT ( 'NONE',  ( 12.82664718204939192, 12.83562500000001805, 5.312971222579391473 ) ) ;
#1970 = FACE_OUTER_BOUND ( 'NONE', #1822, .T. ) ;
#1971 = APPROVAL_DATE_TIME ( #7823, #5509 ) ;
#1972 = PLANE ( 'NONE',  #4456 ) ;
#1973 = AXIS2_PLACEMENT_3D ( 'NONE', #4429, #8369, #937 ) ;
#1974 = CARTESIAN_POINT ( 'NONE',  ( -9.035340417286477571E-14, 18.31250000000000711, -12.82664718204935106 ) ) ;
#1975 = ORIENTED_EDGE ( 'NONE', *, *, #6334, .F. ) ;
#1976 = VERTEX_POINT ( 'NONE', #1317 ) ;
#1977 = CARTESIAN_POINT ( 'NONE',  ( 12.44999999999999929, 0.000000000000000000, 0.000000000000000000 ) ) ;
#1978 = CC_DESIGN_PERSON_AND_ORGANIZATION_ASSIGNMENT ( #485, #8539, ( #3182 ) ) ;
#1979 = VECTOR ( 'NONE', #9268, 999.9999999999998863 ) ;
#1980 = CARTESIAN_POINT ( 'NONE',  ( -6.455524453281912933, 11.43997482211775818, 10.66324508586180642 ) ) ;
#1981 = DIRECTION ( 'NONE',  ( -0.000000000000000000, -1.000000000000000000, -0.000000000000000000 ) ) ;
#1982 = CARTESIAN_POINT ( 'NONE',  ( 12.69999999999996909, 11.71811978464834070, -9.023892744153249136E-14 ) ) ;
#1983 = CARTESIAN_POINT ( 'NONE',  ( 34.40000000000000568, 0.000000000000000000, 0.000000000000000000 ) ) ;
#1984 = ORIENTED_EDGE ( 'NONE', *, *, #8433, .F. ) ;
#1985 = EDGE_CURVE ( 'NONE', #6828, #2001, #3844, .T. ) ;
#1986 = AXIS2_PLACEMENT_3D ( 'NONE', #5733, #2609, #5693 ) ;
#1987 = CARTESIAN_POINT ( 'NONE',  ( -7.434591184897903968E-14, 15.03750000000001208, -11.89999999999999858 ) ) ;
#1988 = ORIENTED_EDGE ( 'NONE', *, *, #2096, .T. ) ;
#1989 = EDGE_CURVE ( 'NONE', #5999, #9214, #553, .T. ) ;
#1990 = FACE_OUTER_BOUND ( 'NONE', #7692, .T. ) ;
#1991 = DIRECTION ( 'NONE',  ( -1.000000000000000000, -0.000000000000000000, -0.000000000000000000 ) ) ;
#1992 = LINE ( 'NONE', #6408, #8634 ) ;
#1993 = CIRCLE ( 'NONE', #14, 11.89999999999998970 ) ;
#1994 =( LENGTH_UNIT ( ) NAMED_UNIT ( * ) SI_UNIT ( .MILLI., .METRE. ) );
#1995 = PERSON_AND_ORGANIZATION_ROLE ( 'creator' ) ;
#1996 = FACE_OUTER_BOUND ( 'NONE', #75, .T. ) ;
#1997 = ORIENTED_EDGE ( 'NONE', *, *, #4614, .F. ) ;
#1998 = EDGE_CURVE ( 'NONE', #1306, #8028, #8469, .T. ) ;
#1999 = ORIENTED_EDGE ( 'NONE', *, *, #5094, .T. ) ;
#2000 = EDGE_CURVE ( 'NONE', #5474, #4683, #3141, .T. ) ;
#2001 = VERTEX_POINT ( 'NONE', #556 ) ;
#2002 = AXIS2_PLACEMENT_3D ( 'NONE', #9450, #3491, #2867 ) ;
#2003 = DIRECTION ( 'NONE',  ( 0.000000000000000000, 0.000000000000000000, -1.000000000000000000 ) ) ;
#2004 = DIRECTION ( 'NONE',  ( -1.000000000000000000, -0.000000000000000000, -0.000000000000000000 ) ) ;
#2005 = DIRECTION ( 'NONE',  ( -1.000000000000000000, -0.000000000000000000, -0.000000000000000000 ) ) ;
#2006 = DIRECTION ( 'NONE',  ( -1.000000000000000000, -0.000000000000000000, -0.000000000000000000 ) ) ;
#2007 = FACE_OUTER_BOUND ( 'NONE', #2026, .T. ) ;
#2008 = ORIENTED_EDGE ( 'NONE', *, *, #8850, .F. ) ;
#2009 = CARTESIAN_POINT ( 'NONE',  ( 12.56412585201709753, 5.311121375574509409E-16, -9.246769250645094473 ) ) ;
#2010 = CARTESIAN_POINT ( 'NONE',  ( 11.90000000000004476, 16.11062500000000952, 4.929141392239721142 ) ) ;
#2011 = CARTESIAN_POINT ( 'NONE',  ( 14.29000000000000803, -15.92700952567423656, 5.236092080348629274 ) ) ;
#2012 = CARTESIAN_POINT ( 'NONE',  ( 9.192421541439370070E-14, 16.40750000000001307, 12.82664718204935106 ) ) ;
#2013 = CARTESIAN_POINT ( 'NONE',  ( 2.532823420761158656E-16, 1.042832680730699346, 2.050000000000001155 ) ) ;
#2014 = APPROVAL_ROLE ( '' ) ;
#2015 = CARTESIAN_POINT ( 'NONE',  ( 0.000000000000000000, -1.201236941557884519, 0.000000000000000000 ) ) ;
#2016 = ORIENTED_EDGE ( 'NONE', *, *, #1871, .F. ) ;
#2017 = CARTESIAN_POINT ( 'NONE',  ( -5.312971222579396802, 16.32812500000001066, 12.82664718204939014 ) ) ;
#2018 = ORIENTED_EDGE ( 'NONE', *, *, #2578, .F. ) ;
#2019 = AXIS2_PLACEMENT_3D ( 'NONE', #4953, #8878, #7410 ) ;
#2020 = ORIENTED_EDGE ( 'NONE', *, *, #9093, .F. ) ;
#2021 = CARTESIAN_POINT ( 'NONE',  ( -5.342430495083339004, -1.334767296204544484, -13.41621700897627711 ) ) ;
#2022 = CARTESIAN_POINT ( 'NONE',  ( 0.000000000000000000, 9.919639073093559228E-16, -8.099999999999999645 ) ) ;
#2023 = CARTESIAN_POINT ( 'NONE',  ( 0.1083897543756180415, 1.048450446541746350, 2.047132546062027103 ) ) ;
#2024 = VECTOR ( 'NONE', #7852, 1000.000000000000000 ) ;
#2025 = LINE ( 'NONE', #4183, #3303 ) ;
#2026 = EDGE_LOOP ( 'NONE', ( #1613, #7305, #4527, #8906, #9420, #4379 ) ) ;
#2027 = FACE_OUTER_BOUND ( 'NONE', #7306, .T. ) ;
#2028 = ORIENTED_EDGE ( 'NONE', *, *, #462, .T. ) ;
#2029 = CONICAL_SURFACE ( 'NONE', #361, 9.525000000000000355, 1.308996938995753645 ) ;
#2030 = CARTESIAN_POINT ( 'NONE',  ( 4.929141392239747788, 20.03812500000000085, -11.90000000000003233 ) ) ;
#2031 = EDGE_CURVE ( 'NONE', #4426, #4635, #4908, .T. ) ;
#2032 = CYLINDRICAL_SURFACE ( 'NONE', #7855, 12.69999999999998508 ) ;
#2033 = CARTESIAN_POINT ( 'NONE',  ( 0.000000000000000000, 0.000000000000000000, 0.000000000000000000 ) ) ;
#2034 = DIRECTION ( 'NONE',  ( -0.000000000000000000, 0.000000000000000000, 1.000000000000000000 ) ) ;
#2035 = DESIGN_CONTEXT ( 'detailed design', #7586, 'design' ) ;
#2036 = CIRCLE ( 'NONE', #7091, 7.535898384862284693 ) ;
#2037 = B_SPLINE_CURVE_WITH_KNOTS ( 'NONE', 3,
 ( #4847, #6999, #346, #3267, #1921, #4798 ),
 .UNSPECIFIED., .F., .F.,
 ( 4, 2, 4 ),
 ( 0.01669505163429731501, 0.01941030283746667667, 0.02212555404063603834 ),
 .UNSPECIFIED. ) ;
#2038 = EDGE_CURVE ( 'NONE', #6250, #508, #2025, .T. ) ;
#2039 = ORIENTED_EDGE ( 'NONE', *, *, #6649, .F. ) ;
#2040 = ORIENTED_EDGE ( 'NONE', *, *, #8983, .F. ) ;
#2041 = VERTEX_POINT ( 'NONE', #6399 ) ;
#2042 = DIRECTION ( 'NONE',  ( -1.224646799147351975E-16, 0.000000000000000000, -1.000000000000000000 ) ) ;
#2043 = DIRECTION ( 'NONE',  ( -0.000000000000000000, 1.000000000000000000, -0.000000000000000000 ) ) ;
#2044 = AXIS2_PLACEMENT_3D ( 'NONE', #9186, #1159, #7049 ) ;
#2045 = FACE_OUTER_BOUND ( 'NONE', #8246, .T. ) ;
#2046 = ADVANCED_FACE ( 'NONE', ( #3374, #4816 ), #7791, .T. ) ;
#2047 = DIRECTION ( 'NONE',  ( 0.000000000000000000, 0.000000000000000000, -1.000000000000000000 ) ) ;
#2048 = EDGE_CURVE ( 'NONE', #6655, #7006, #7038, .T. ) ;
#2049 = CARTESIAN_POINT ( 'NONE',  ( -5.260512242138382533, 14.50875521535169632, -12.69999999999992824 ) ) ;
#2050 = EDGE_CURVE ( 'NONE', #787, #5938, #2753, .T. ) ;
#2051 = VERTEX_POINT ( 'NONE', #4958 ) ;
#2052 = EDGE_LOOP ( 'NONE', ( #8076, #5232, #2657, #712 ) ) ;
#2053 = AXIS2_PLACEMENT_3D ( 'NONE', #5289, #6898, #339 ) ;
#2054 = CARTESIAN_POINT ( 'NONE',  ( 11.89999999999999858, 13.45000000000001528, -1.414051752430313507E-13 ) ) ;
#2055 = EDGE_LOOP ( 'NONE', ( #501, #6014 ) ) ;
#2056 = CARTESIAN_POINT ( 'NONE',  ( 33.89999999999999147, 0.000000000000000000, 0.000000000000000000 ) ) ;
#2057 = DIRECTION ( 'NONE',  ( -3.552713678800500929E-15, 0.000000000000000000, 1.000000000000000000 ) ) ;
#2058 = CARTESIAN_POINT ( 'NONE',  ( 14.29000000000000270, -16.44691975619578272, 1.045109900473981446 ) ) ;
#2059 = CARTESIAN_POINT ( 'NONE',  ( 12.82664718204935106, 14.18500000000001648, -9.113880979362924452E-14 ) ) ;
#2060 = ADVANCED_FACE ( 'NONE', ( #7880 ), #4235, .T. ) ;
#2061 = AXIS2_PLACEMENT_3D ( 'NONE', #4122, #2540, #5626 ) ;
#2062 = EDGE_CURVE ( 'NONE', #4014, #5479, #5501, .T. ) ;
#2063 = PERSON_AND_ORGANIZATION_ROLE ( 'design_supplier' ) ;
#2064 = DIRECTION ( 'NONE',  ( 0.000000000000000000, 0.000000000000000000, 1.000000000000000000 ) ) ;
#2065 = ORIENTED_EDGE ( 'NONE', *, *, #5473, .T. ) ;
#2066 = CARTESIAN_POINT ( 'NONE',  ( -5.312971222579396802, 15.05812500000001464, 12.82664718204939014 ) ) ;
#2067 = ORIENTED_EDGE ( 'NONE', *, *, #1412, .T. ) ;
#2068 = TOROIDAL_SURFACE ( 'NONE', #1603, 8.200000000000001066, 0.3999999999999984679 ) ;
#2069 = ORIENTED_EDGE ( 'NONE', *, *, #3211, .T. ) ;
#2070 = DIRECTION ( 'NONE',  ( 0.000000000000000000, 0.000000000000000000, 1.000000000000000000 ) ) ;
#2071 = DIRECTION ( 'NONE',  ( -8.775090700452169195E-16, -1.000000000000000000, -0.000000000000000000 ) ) ;
#2072 = DIRECTION ( 'NONE',  ( 0.000000000000000000, 0.000000000000000000, 1.000000000000000000 ) ) ;
#2073 = CARTESIAN_POINT ( 'NONE',  ( 1.180805343176903212E-13, 14.40250000000001229, 11.89999999999999858 ) ) ;
#2074 = CARTESIAN_POINT ( 'NONE',  ( -7.434591184897903968E-14, 15.23750000000001137, -11.89999999999999858 ) ) ;
#2075 = CIRCLE ( 'NONE', #5607, 21.75000000000000000 ) ;
#2076 = AXIS2_PLACEMENT_3D ( 'NONE', #1364, #1314, #8749 ) ;
#2077 = DIRECTION ( 'NONE',  ( 0.000000000000000000, 1.000000000000000000, 0.000000000000000000 ) ) ;
#2078 = DIRECTION ( 'NONE',  ( 0.000000000000000000, 0.000000000000000000, 1.000000000000000000 ) ) ;
#2079 = ORIENTED_EDGE ( 'NONE', *, *, #692, .F. ) ;
#2080 = DIRECTION ( 'NONE',  ( 9.800697604388738773E-17, -1.000000000000000000, 0.000000000000000000 ) ) ;
#2081 = ORIENTED_EDGE ( 'NONE', *, *, #2823, .F. ) ;
#2082 = PERSON ( 'NAUO-PER6', 'UNSPECIFIED', 'UNSPECIFIED', ('UNSPECIFIED'), ('UNSPECIFIED'), ('UNSPECIFIED') ) ;
#2083 = FACE_OUTER_BOUND ( 'NONE', #8882, .T. ) ;
#2084 = DIRECTION ( 'NONE',  ( 0.000000000000000000, 0.5000000000000002220, 0.8660254037844384856 ) ) ;
#2085 = CARTESIAN_POINT ( 'NONE',  ( 4.727964354120389956, 5.957533090200453962, -8.731249999999997513 ) ) ;
#2086 = AXIS2_PLACEMENT_3D ( 'NONE', #5385, #1690, #5341 ) ;
#2087 = VERTEX_POINT ( 'NONE', #7012 ) ;
#2088 = ORIENTED_EDGE ( 'NONE', *, *, #1288, .F. ) ;
#2089 = ORIENTED_EDGE ( 'NONE', *, *, #3556, .T. ) ;
#2090 = DIRECTION ( 'NONE',  ( -0.000000000000000000, -1.000000000000000000, -0.000000000000000000 ) ) ;
#2091 = VECTOR ( 'NONE', #5254, 1000.000000000000114 ) ;
#2092 = DIRECTION ( 'NONE',  ( -1.000000000000000000, -0.000000000000000000, -0.000000000000000000 ) ) ;
#2093 = CC_DESIGN_PERSON_AND_ORGANIZATION_ASSIGNMENT ( #394, #5582, ( #4540 ) ) ;
#2094 = LOCAL_TIME ( 22, 23, 34.00000000000000000, #8108 ) ;
#2095 = FACE_OUTER_BOUND ( 'NONE', #2597, .T. ) ;
#2096 = EDGE_CURVE ( 'NONE', #1763, #2838, #6811, .T. ) ;
#2097 = DIRECTION ( 'NONE',  ( -1.000000000000000000, -0.000000000000000000, -0.000000000000000000 ) ) ;
#2098 = DIRECTION ( 'NONE',  ( -0.9848077530122081313, 0.000000000000000000, 0.1736481776669296651 ) ) ;
#2099 = DIRECTION ( 'NONE',  ( -8.775090700452169195E-16, -1.000000000000000000, 0.000000000000000000 ) ) ;
#2100 = PERSON_AND_ORGANIZATION_ROLE ( 'classification_officer' ) ;
#2101 = VERTEX_POINT ( 'NONE', #4323 ) ;
#2102 = EDGE_LOOP ( 'NONE', ( #7171, #1418, #49, #1892 ) ) ;
#2103 = VECTOR ( 'NONE', #1168, 1000.000000000000114 ) ;
#2104 = ORGANIZATION ( 'NAUO-ORG2', 'UNSPECIFIED', 'UNSPECIFIED' ) ;
#2105 = CARTESIAN_POINT ( 'NONE',  ( 4.929141392239709596, 13.68812500000001542, -11.90000000000006608 ) ) ;
#2106 = EDGE_CURVE ( 'NONE', #8540, #8754, #8708, .T. ) ;
#2107 = CARTESIAN_POINT ( 'NONE',  ( 12.08446835434913247, 17.59306052724517855, -0.8490763820992169864 ) ) ;
#2108 = CARTESIAN_POINT ( 'NONE',  ( -9.069809202314351282, 13.70875000000001620, 9.069809202314482732 ) ) ;
#2109 = ADVANCED_FACE ( 'NONE', ( #9476 ), #8658, .T. ) ;
#2110 = CIRCLE ( 'NONE', #585, 20.00000000000000000 ) ;
#2111 = CIRCLE ( 'NONE', #2563, 9.525000000000000355 ) ;
#2112 = PERSON_AND_ORGANIZATION_ROLE ( 'classification_officer' ) ;
#2113 = FACE_BOUND ( 'NONE', #2915, .T. ) ;
#2114 = CARTESIAN_POINT ( 'NONE',  ( -12.82664718204931198, 12.35937500000001954, 5.312971222579581543 ) ) ;
#2115 = VERTEX_POINT ( 'NONE', #2846 ) ;
#2116 = EDGE_CURVE ( 'NONE', #7456, #8120, #5009, .T. ) ;
#2117 = VECTOR ( 'NONE', #9406, 1000.000000000000000 ) ;
#2118 = EDGE_CURVE ( 'NONE', #6651, #5667, #9388, .T. ) ;
#2119 = ORIENTED_EDGE ( 'NONE', *, *, #2942, .T. ) ;
#2120 = PRODUCT_DEFINITION_SHAPE ( 'NONE', 'NONE',  #9488 ) ;
#2121 = PLANE ( 'NONE',  #6313 ) ;
#2122 = DIRECTION ( 'NONE',  ( 0.000000000000000000, 0.000000000000000000, 1.000000000000000000 ) ) ;
#2123 = CARTESIAN_POINT ( 'NONE',  ( 8.980256121069192687, 16.49313021535169455, 8.980256121069064790 ) ) ;
#2124 = CARTESIAN_POINT ( 'NONE',  ( 0.3948291982182984272, -5.499261314031190118, -9.524999999999996803 ) ) ;
#2125 = DIRECTION ( 'NONE',  ( -1.000000000000000000, 0.000000000000000000, 0.000000000000000000 ) ) ;
#2126 = CIRCLE ( 'NONE', #3191, 3.200000000000000178 ) ;
#2127 = CARTESIAN_POINT ( 'NONE',  ( 15.22582127265072316, 33.79999999999998295, 7.561373325877829288 ) ) ;
#2128 = LINE ( 'NONE', #5056, #5608 ) ;
#2129 = VERTEX_POINT ( 'NONE', #2797 ) ;
#2130 = DIRECTION ( 'NONE',  ( -1.000000000000000000, 0.000000000000000000, 0.000000000000000000 ) ) ;
#2131 = ORIENTED_EDGE ( 'NONE', *, *, #1998, .F. ) ;
#2132 = VECTOR ( 'NONE', #7128, 1000.000000000000000 ) ;
#2133 = CARTESIAN_POINT ( 'NONE',  ( 33.09999999999999432, 4.378112306951787759E-16, -3.575000000000000178 ) ) ;
#2134 = PLANE ( 'NONE',  #7997 ) ;
#2135 = CARTESIAN_POINT ( 'NONE',  ( 44.00000000000000000, 0.000000000000000000, 0.000000000000000000 ) ) ;
#2136 = VECTOR ( 'NONE', #3610, 1000.000000000000114 ) ;
#2137 = ORIENTED_EDGE ( 'NONE', *, *, #3737, .F. ) ;
#2138 = ORIENTED_EDGE ( 'NONE', *, *, #8265, .F. ) ;
#2139 = ORIENTED_EDGE ( 'NONE', *, *, #2578, .T. ) ;
#2140 = DIRECTION ( 'NONE',  ( -0.000000000000000000, 1.000000000000000000, 1.224646799147353207E-16 ) ) ;
#2141 = CIRCLE ( 'NONE', #7815, 14.20000000000000107 ) ;
#2142 = CARTESIAN_POINT ( 'NONE',  ( 0.000000000000000000, 0.000000000000000000, 0.000000000000000000 ) ) ;
#2143 = CARTESIAN_POINT ( 'NONE',  ( -13.99999999999999822, 0.000000000000000000, -3.399999999999999911 ) ) ;
#2144 = CARTESIAN_POINT ( 'NONE',  ( -12.27635182233307987, 0.000000000000000000, -3.703925678971643265 ) ) ;
#2145 = FACE_OUTER_BOUND ( 'NONE', #3712, .T. ) ;
#2146 = CARTESIAN_POINT ( 'NONE',  ( 4.929141392239731800, 11.14812500000002160, -11.90000000000004299 ) ) ;
#2147 = DATE_TIME_ROLE ( 'classification_date' ) ;
#2148 = ORIENTED_EDGE ( 'NONE', *, *, #5108, .T. ) ;
#2149 = VERTEX_POINT ( 'NONE', #1543 ) ;
#2150 = CIRCLE ( 'NONE', #5211, 0.3999999999999975797 ) ;
#2151 = CARTESIAN_POINT ( 'NONE',  ( 4.605170801781709677, -5.499261314031190118, -9.524999999999996803 ) ) ;
#2152 = FACE_OUTER_BOUND ( 'NONE', #8638, .T. ) ;
#2153 = CARTESIAN_POINT ( 'NONE',  ( 9.069809202314482732, 14.02625000000001698, 9.069809202314353058 ) ) ;
#2154 = EDGE_CURVE ( 'NONE', #4269, #8343, #2893, .T. ) ;
#2155 = APPLICATION_PROTOCOL_DEFINITION ( 'international standard', 'config_control_design', 1994, #734 ) ;
#2156 = DIRECTION ( 'NONE',  ( 8.775090700452169195E-16, 1.000000000000000000, 0.000000000000000000 ) ) ;
#2157 = ORIENTED_EDGE ( 'NONE', *, *, #6452, .F. ) ;
#2158 = CARTESIAN_POINT ( 'NONE',  ( -5.312971222579573549, 13.31187500000001478, -12.82664718204931376 ) ) ;
#2159 = EDGE_CURVE ( 'NONE', #4149, #5937, #8920, .T. ) ;
#2160 = ORIENTED_EDGE ( 'NONE', *, *, #3673, .T. ) ;
#2161 = VERTEX_POINT ( 'NONE', #8015 ) ;
#2162 = MANIFOLD_SOLID_BREP ( '圆角1', #4356 ) ;
#2163 = CARTESIAN_POINT ( 'NONE',  ( -12.44999999999999929, 0.000000000000000000, 4.688733431983854061 ) ) ;
#2164 = AXIS2_PLACEMENT_3D ( 'NONE', #2983, #7972, #8797 ) ;
#2165 = DIRECTION ( 'NONE',  ( -1.000000000000000000, -0.000000000000000000, -0.000000000000000000 ) ) ;
#2166 = CARTESIAN_POINT ( 'NONE',  ( 5.260512242138388750, 16.41375521535169213, 12.69999999999992646 ) ) ;
#2167 = DIRECTION ( 'NONE',  ( 0.000000000000000000, 0.000000000000000000, 1.000000000000000000 ) ) ;
#2168 = EDGE_CURVE ( 'NONE', #4408, #4682, #4462, .T. ) ;
#2169 = CARTESIAN_POINT ( 'NONE',  ( 8.980256121069064790, 15.54063021535169220, -8.980256121069192687 ) ) ;
#2170 = EDGE_CURVE ( 'NONE', #2051, #488, #1365, .T. ) ;
#2171 = DIRECTION ( 'NONE',  ( 0.000000000000000000, 0.000000000000000000, -1.000000000000000000 ) ) ;
#2172 = CIRCLE ( 'NONE', #4936, 1.000000000000000888 ) ;
#2173 = VERTEX_POINT ( 'NONE', #5191 ) ;
#2174 = FACE_OUTER_BOUND ( 'NONE', #2627, .T. ) ;
#2175 = ORIENTED_EDGE ( 'NONE', *, *, #4621, .F. ) ;
#2176 = FACE_OUTER_BOUND ( 'NONE', #7893, .T. ) ;
#2177 = CARTESIAN_POINT ( 'NONE',  ( 12.64523126179759238, 11.70000000000000639, 1.178187733621459232 ) ) ;
#2178 = LINE ( 'NONE', #1417, #4665 ) ;
#2179 = DIRECTION ( 'NONE',  ( 0.000000000000000000, -0.000000000000000000, -1.000000000000000000 ) ) ;
#2180 = ORIENTED_EDGE ( 'NONE', *, *, #2802, .T. ) ;
#2181 = ORIENTED_EDGE ( 'NONE', *, *, #1220, .F. ) ;
#2182 = AXIS2_PLACEMENT_3D ( 'NONE', #5921, #8852, #5017 ) ;
#2183 = ORIENTED_EDGE ( 'NONE', *, *, #4749, .F. ) ;
#2184 = DIRECTION ( 'NONE',  ( -1.000000000000000000, -0.000000000000000000, -0.000000000000000000 ) ) ;
#2185 = LINE ( 'NONE', #4342, #6530 ) ;
#2186 = DIRECTION ( 'NONE',  ( 1.000000000000000000, 0.000000000000000000, 0.000000000000000000 ) ) ;
#2187 = DIRECTION ( 'NONE',  ( -0.000000000000000000, -1.000000000000000000, -0.000000000000000000 ) ) ;
#2188 = CARTESIAN_POINT ( 'NONE',  ( -1.725874147982916718, -2.009527318423362185, -15.50423678951415596 ) ) ;
#2189 = CIRCLE ( 'NONE', #5872, 8.199999999999997513 ) ;
#2190 = DIRECTION ( 'NONE',  ( -1.000000000000000000, -0.000000000000000000, -0.000000000000000000 ) ) ;
#2191 = APPROVAL_DATE_TIME ( #3677, #8364 ) ;
#2192 =( BOUNDED_CURVE ( )  B_SPLINE_CURVE ( 2, ( #758, #2105, #6558, #3636, #2054, #1477, #8730, #3681, #2732 ),
 .UNSPECIFIED., .F., .T. ) 
 B_SPLINE_CURVE_WITH_KNOTS ( ( 3, 2, 2, 2, 3 ),
 ( 0.6562499999999998890, 0.6718750000000000000, 0.6875000000000000000, 0.7031250000000000000, 0.7187500000000001110 ),
 .UNSPECIFIED. ) 
 CURVE ( )  GEOMETRIC_REPRESENTATION_ITEM ( )  RATIONAL_B_SPLINE_CURVE ( ( 1.000000000000000444, 0.9238795325112861834, 1.000000000000000000, 0.9238795325112867385, 1.000000000000000000, 0.9238795325112867385, 1.000000000000000000, 0.9238795325112861834, 1.000000000000000444 ) ) 
 REPRESENTATION_ITEM ( '' )  );
#2193 = MANIFOLD_SOLID_BREP ( '凸台-拉伸1', #4198 ) ;
#2194 = ORIENTED_EDGE ( 'NONE', *, *, #3211, .F. ) ;
#2195 = FACE_OUTER_BOUND ( 'NONE', #8895, .T. ) ;
#2196 = CARTESIAN_POINT ( 'NONE',  ( -9.000000000000001776, -10.80000000000000604, 9.000000000000000000 ) ) ;
#2197 = CARTESIAN_POINT ( 'NONE',  ( 15.22582127265072316, 34.29999999999999716, 10.56137332587783995 ) ) ;
#2198 = PERSON_AND_ORGANIZATION_ROLE ( 'creator' ) ;
#2199 = AXIS2_PLACEMENT_3D ( 'NONE', #1847, #319, #5447 ) ;
#2200 = FACE_OUTER_BOUND ( 'NONE', #7252, .T. ) ;
#2201 = ORIENTED_EDGE ( 'NONE', *, *, #7840, .F. ) ;
#2202 = CARTESIAN_POINT ( 'NONE',  ( -9.069809202314351282, 13.70875000000001620, 9.069809202314482732 ) ) ;
#2203 = ORIENTED_EDGE ( 'NONE', *, *, #469, .F. ) ;
#2204 = CARTESIAN_POINT ( 'NONE',  ( -9.000000000000001776, -11.19999999999999929, 9.000000000000000000 ) ) ;
#2205 = EDGE_CURVE ( 'NONE', #1510, #3333, #5549, .T. ) ;
#2206 = DIRECTION ( 'NONE',  ( -0.5773502691896258421, 0.5773502691896258421, -0.5773502691896258421 ) ) ;
#2207 = VECTOR ( 'NONE', #8298, 1000.000000000000114 ) ;
#2208 = CARTESIAN_POINT ( 'NONE',  ( 11.89999999999996483, 18.60937500000000355, -4.929141392239915653 ) ) ;
#2209 = CC_DESIGN_PERSON_AND_ORGANIZATION_ASSIGNMENT ( #7233, #2112, ( #3012 ) ) ;
#2210 = CARTESIAN_POINT ( 'NONE',  ( -7.027778414532828950E-16, 1.849720943065754630, -9.524999999999996803 ) ) ;
#2211 = EDGE_CURVE ( 'NONE', #2481, #8431, #6004, .T. ) ;
#2212 = CARTESIAN_POINT ( 'NONE',  ( 9.101657815899102548E-14, 16.33438021535168971, 12.69999999999996732 ) ) ;
#2213 = CARTESIAN_POINT ( 'NONE',  ( 15.22582127265072316, 33.79999999999998295, 10.06137332587782929 ) ) ;
#2214 = CARTESIAN_POINT ( 'NONE',  ( -11.89999999999999858, 15.55500000000001037, 9.475589339234934229E-14 ) ) ;
#2215 = CALENDAR_DATE ( 2025, 13, 3 ) ;
#2216 = CARTESIAN_POINT ( 'NONE',  ( 0.000000000000000000, 2.449293598294706513E-15, -20.00000000000000000 ) ) ;
#2217 = AXIS2_PLACEMENT_3D ( 'NONE', #2135, #2950, #5202 ) ;
#2218 = VERTEX_POINT ( 'NONE', #1406 ) ;
#2219 = CYLINDRICAL_SURFACE ( 'NONE', #7616, 12.69999999999998508 ) ;
#2220 = ORIENTED_EDGE ( 'NONE', *, *, #3397, .F. ) ;
#2221 = EDGE_CURVE ( 'NONE', #800, #6332, #5729, .T. ) ;
#2222 = TOROIDAL_SURFACE ( 'NONE', #8664, 12.70000000000000107, 0.3999999999999984679 ) ;
#2223 = CARTESIAN_POINT ( 'NONE',  ( 9.405474817352386552, -1.384472845940714070, -11.07041727578485890 ) ) ;
#2224 = EDGE_CURVE ( 'NONE', #3105, #1258, #7246, .T. ) ;
#2225 = LINE ( 'NONE', #7301, #7568 ) ;
#2226 = ORIENTED_EDGE ( 'NONE', *, *, #7593, .T. ) ;
#2227 = ORIENTED_EDGE ( 'NONE', *, *, #6284, .F. ) ;
#2228 = CIRCLE ( 'NONE', #396, 3.200000000000000178 ) ;
#2229 = VERTEX_POINT ( 'NONE', #4416 ) ;
#2230 = ADVANCED_FACE ( 'NONE', ( #3606, #7201 ), #8750, .F. ) ;
#2231 = EDGE_CURVE ( 'NONE', #2481, #6225, #6746, .T. ) ;
#2232 = CYLINDRICAL_SURFACE ( 'NONE', #4718, 13.10000000000000142 ) ;
#2233 = LINE ( 'NONE', #1514, #8996 ) ;
#2234 = CARTESIAN_POINT ( 'NONE',  ( 4.999999999999997335, 0.000000000000000000, 0.000000000000000000 ) ) ;
#2235 = CARTESIAN_POINT ( 'NONE',  ( 38.60000000000000142, 0.000000000000000000, 0.000000000000000000 ) ) ;
#2236 = CARTESIAN_POINT ( 'NONE',  ( 36.29999999999999716, 0.000000000000000000, 19.59999999999999787 ) ) ;
#2237 = DIRECTION ( 'NONE',  ( 0.000000000000000000, 0.000000000000000000, 1.000000000000000000 ) ) ;
#2238 = ORIENTED_EDGE ( 'NONE', *, *, #4083, .T. ) ;
#2239 = EDGE_LOOP ( 'NONE', ( #8051, #2272, #7538, #4792 ) ) ;
#2240 = ORIENTED_EDGE ( 'NONE', *, *, #364, .F. ) ;
#2241 = CONICAL_SURFACE ( 'NONE', #8836, 9.525000000000000355, 1.308996938995753645 ) ;
#2242 = LOCAL_TIME ( 22, 23, 34.00000000000000000, #2938 ) ;
#2243 = DIRECTION ( 'NONE',  ( 0.000000000000000000, 0.000000000000000000, 1.000000000000000000 ) ) ;
#2244 = CARTESIAN_POINT ( 'NONE',  ( -9.069809202314351282, 11.16875000000002238, 9.069809202314482732 ) ) ;
#2245 = TOROIDAL_SURFACE ( 'NONE', #4088, 2.700000000000000178, 0.3999999999999988565 ) ;
#2246 = COORDINATED_UNIVERSAL_TIME_OFFSET ( 8, 0, .AHEAD. ) ;
#2247 = SECURITY_CLASSIFICATION ( '', '', #8144 ) ;
#2248 = CARTESIAN_POINT ( 'NONE',  ( -1.760683524457445692, 2.045608360317480834, -1.085869445519547449 ) ) ;
#2249 = ORIENTED_EDGE ( 'NONE', *, *, #4271, .F. ) ;
#2250 = DIRECTION ( 'NONE',  ( -1.000000000000000000, -0.000000000000000000, -0.000000000000000000 ) ) ;
#2251 = CARTESIAN_POINT ( 'NONE',  ( 4.827671754811404981, -10.08197907572384189, -1.587499999999996581 ) ) ;
#2252 = AXIS2_PLACEMENT_3D ( 'NONE', #5195, #6623, #1591 ) ;
#2253 = CARTESIAN_POINT ( 'NONE',  ( -8.414570696119854532, 14.24375000000001279, 8.414570696119975324 ) ) ;
#2254 = CARTESIAN_POINT ( 'NONE',  ( -12.69999999999996732, 13.47688021535169689, 8.868362600661530955E-14 ) ) ;
#2255 = DIRECTION ( 'NONE',  ( 0.000000000000000000, 0.000000000000000000, 1.000000000000000000 ) ) ;
#2256 = CARTESIAN_POINT ( 'NONE',  ( 9.000000000000001776, -10.80000000000000604, -9.000000000000000000 ) ) ;
#2257 = CALENDAR_DATE ( 2025, 13, 3 ) ;
#2258 = CARTESIAN_POINT ( 'NONE',  ( 0.03610103003384661224, -7.332348418708249049, 6.350000000000004086 ) ) ;
#2259 = CIRCLE ( 'NONE', #9184, 15.59999999999999964 ) ;
#2260 = ORIENTED_EDGE ( 'NONE', *, *, #7024, .F. ) ;
#2261 = CARTESIAN_POINT ( 'NONE',  ( 12.15037587598729552, 11.31743565793399497, 2.089572392449212668 ) ) ;
#2262 = ORIENTED_EDGE ( 'NONE', *, *, #6562, .T. ) ;
#2263 = CONICAL_SURFACE ( 'NONE', #8720, 2.499999999999998668, 0.7853981633974477239 ) ;
#2264 = DIRECTION ( 'NONE',  ( 0.000000000000000000, 0.000000000000000000, 1.000000000000000000 ) ) ;
#2265 = DIRECTION ( 'NONE',  ( -1.000000000000000000, 0.000000000000000000, -0.000000000000000000 ) ) ;
#2266 = CARTESIAN_POINT ( 'NONE',  ( 5.000000000000000000, -5.499261314031187453, 9.525000000000002132 ) ) ;
#2267 = DIRECTION ( 'NONE',  ( -1.000000000000000000, -9.800697604388737541E-17, 0.000000000000000000 ) ) ;
#2268 = EDGE_CURVE ( 'NONE', #6822, #7836, #28, .T. ) ;
#2269 = EDGE_LOOP ( 'NONE', ( #992, #1409, #6201, #4473 ) ) ;
#2270 = ORIENTED_EDGE ( 'NONE', *, *, #821, .F. ) ;
#2271 = AXIS2_PLACEMENT_3D ( 'NONE', #9361, #2775, #7176 ) ;
#2272 = ORIENTED_EDGE ( 'NONE', *, *, #2221, .T. ) ;
#2273 = EDGE_CURVE ( 'NONE', #7758, #6843, #2641, .T. ) ;
#2274 = DIRECTION ( 'NONE',  ( -1.000000000000000000, -0.000000000000000000, -0.000000000000000000 ) ) ;
#2275 = LINE ( 'NONE', #4478, #8535 ) ;
#2276 = FACE_OUTER_BOUND ( 'NONE', #368, .T. ) ;
#2277 = CARTESIAN_POINT ( 'NONE',  ( 36.69999999999999574, 0.000000000000000000, 13.50000000000000178 ) ) ;
#2278 = CIRCLE ( 'NONE', #7644, 0.3999999999999988565 ) ;
#2279 = FACE_OUTER_BOUND ( 'NONE', #5784, .T. ) ;
#2280 = CARTESIAN_POINT ( 'NONE',  ( 0.000000000000000000, 0.000000000000000000, 0.000000000000000000 ) ) ;
#2281 = EDGE_CURVE ( 'NONE', #4925, #6071, #4134, .T. ) ;
#2282 = EDGE_CURVE ( 'NONE', #3483, #607, #1687, .T. ) ;
#2283 = ORIENTED_EDGE ( 'NONE', *, *, #8032, .T. ) ;
#2284 = ORIENTED_EDGE ( 'NONE', *, *, #7485, .T. ) ;
#2285 = PLANE ( 'NONE',  #6191 ) ;
#2286 = ORIENTED_EDGE ( 'NONE', *, *, #7208, .F. ) ;
#2287 = TOROIDAL_SURFACE ( 'NONE', #5824, 12.70000000000000107, 0.3999999999999984679 ) ;
#2288 = CARTESIAN_POINT ( 'NONE',  ( -14.29000000000000092, -1.771777415123179766, -5.230854042680642912 ) ) ;
#2289 = CARTESIAN_POINT ( 'NONE',  ( -12.82664718204935106, 11.01000000000002110, 8.956799855210033214E-14 ) ) ;
#2290 = DIRECTION ( 'NONE',  ( 0.000000000000000000, -0.8660254037844385966, 0.5000000000000002220 ) ) ;
#2291 = LOCAL_TIME ( 22, 23, 34.00000000000000000, #5986 ) ;
#2292 = CIRCLE ( 'NONE', #7821, 11.99999999999998757 ) ;
#2293 = PERSON_AND_ORGANIZATION ( #5176, #5070 ) ;
#2294 = DIRECTION ( 'NONE',  ( -1.000000000000000000, -0.000000000000000000, -0.000000000000000000 ) ) ;
#2295 = ORIENTED_EDGE ( 'NONE', *, *, #6539, .F. ) ;
#2296 = CARTESIAN_POINT ( 'NONE',  ( 8.414570696119975324, 18.57125000000000270, 8.414570696119856308 ) ) ;
#2297 = ORIENTED_EDGE ( 'NONE', *, *, #7678, .T. ) ;
#2298 = DIRECTION ( 'NONE',  ( -0.7071067811865474617, 0.7071067811865474617, -0.000000000000000000 ) ) ;
#2299 = CARTESIAN_POINT ( 'NONE',  ( -8.382592070995923663E-14, 17.57750000000000767, -11.89999999999999858 ) ) ;
#2300 = DIRECTION ( 'NONE',  ( 0.000000000000000000, 0.000000000000000000, -1.000000000000000000 ) ) ;
#2301 = FACE_BOUND ( 'NONE', #133, .T. ) ;
#2302 = DIRECTION ( 'NONE',  ( 9.800697604388738773E-17, -1.000000000000000000, 0.000000000000000000 ) ) ;
#2303 = PERSON_AND_ORGANIZATION ( #5176, #5070 ) ;
#2304 = DIRECTION ( 'NONE',  ( 0.000000000000000000, -1.000000000000000000, 0.000000000000000000 ) ) ;
#2305 = CARTESIAN_POINT ( 'NONE',  ( 0.3948291982182989823, 10.99852262806237313, 1.822090932982379196E-15 ) ) ;
#2306 = VERTEX_POINT ( 'NONE', #304 ) ;
#2307 = CARTESIAN_POINT ( 'NONE',  ( 39.70000000000000284, -5.499261314031191894, -9.524999999999995026 ) ) ;
#2308 = ORIENTED_EDGE ( 'NONE', *, *, #4933, .T. ) ;
#2309 = CARTESIAN_POINT ( 'NONE',  ( -14.00000000000000711, 8.900000000000018119, 13.44999999999999929 ) ) ;
#2310 = CARTESIAN_POINT ( 'NONE',  ( 10.76942092117335470, -1.579333538822585536, -10.28294262558367933 ) ) ;
#2311 = CARTESIAN_POINT ( 'NONE',  ( -15.22582127265071783, 33.79999999999998295, -5.061373325877829288 ) ) ;
#2312 = VECTOR ( 'NONE', #5489, 1000.000000000000000 ) ;
#2313 = CARTESIAN_POINT ( 'NONE',  ( -4.929141392239717590, 16.86312500000001080, 11.90000000000006430 ) ) ;
#2314 = EDGE_LOOP ( 'NONE', ( #486, #9178, #6263, #1964 ) ) ;
#2315 = ORIENTED_EDGE ( 'NONE', *, *, #59, .F. ) ;
#2316 = ORIENTED_EDGE ( 'NONE', *, *, #4922, .T. ) ;
#2317 = DIRECTION ( 'NONE',  ( 0.000000000000000000, 0.000000000000000000, 1.000000000000000000 ) ) ;
#2318 = ADVANCED_FACE ( 'NONE', ( #2491, #5432 ), #4656, .F. ) ;
#2319 = CARTESIAN_POINT ( 'NONE',  ( 8.980256121069194464, 16.63936978464833061, 8.980256121069066566 ) ) ;
#2320 = CARTESIAN_POINT ( 'NONE',  ( 8.980256121069066566, 15.68686978464833182, -8.980256121069194464 ) ) ;
#2321 = CARTESIAN_POINT ( 'NONE',  ( -14.00000000000001066, 8.900000000000018119, -13.44999999999999929 ) ) ;
#2322 = ADVANCED_FACE ( 'NONE', ( #6010 ), #8940, .T. ) ;
#2323 = CARTESIAN_POINT ( 'NONE',  ( 11.09999999999999964, 17.60000000000000142, 0.000000000000000000 ) ) ;
#2324 = VECTOR ( 'NONE', #7267, 999.9999999999998863 ) ;
#2325 = ORIENTED_EDGE ( 'NONE', *, *, #3743, .F. ) ;
#2326 = ORIENTED_EDGE ( 'NONE', *, *, #8580, .T. ) ;
#2327 = ORIENTED_EDGE ( 'NONE', *, *, #8689, .F. ) ;
#2328 = CARTESIAN_POINT ( 'NONE',  ( 41.79999999999999716, 0.000000000000000000, 8.200000000000001066 ) ) ;
#2329 = ADVANCED_FACE ( 'NONE', ( #8159, #7575 ), #3842, .F. ) ;
#2330 = CARTESIAN_POINT ( 'NONE',  ( -11.90000000000003233, 15.47562500000000973, -4.929141392239748676 ) ) ;
#2331 = CIRCLE ( 'NONE', #1122, 14.00000000000000000 ) ;
#2332 = LINE ( 'NONE', #8186, #7939 ) ;
#2333 = DIRECTION ( 'NONE',  ( -0.000000000000000000, -0.7071067811865474617, -0.7071067811865474617 ) ) ;
#2334 = EDGE_CURVE ( 'NONE', #2051, #548, #3798, .T. ) ;
#2335 = CALENDAR_DATE ( 2025, 13, 3 ) ;
#2336 = CARTESIAN_POINT ( 'NONE',  ( -12.56412585201708687, -2.009527318423362185, 9.246769250645106908 ) ) ;
#2337 = ORIENTED_EDGE ( 'NONE', *, *, #67, .T. ) ;
#2338 = VERTEX_POINT ( 'NONE', #1784 ) ;
#2339 = AXIS2_PLACEMENT_3D ( 'NONE', #4365, #6615, #5861 ) ;
#2340 = DIRECTION ( 'NONE',  ( 0.000000000000000000, 0.000000000000000000, 1.000000000000000000 ) ) ;
#2341 = CARTESIAN_POINT ( 'NONE',  ( 12.56412585201708687, -15.69047268157664021, 9.246769250645106908 ) ) ;
#2342 = EDGE_CURVE ( 'NONE', #4925, #4225, #6856, .T. ) ;
#2343 = CARTESIAN_POINT ( 'NONE',  ( -4.929141392239751340, 15.59312500000001478, 11.90000000000003233 ) ) ;
#2344 = LINE ( 'NONE', #4836, #9058 ) ;
#2345 = CARTESIAN_POINT ( 'NONE',  ( 4.727964354120389068, 10.54025085189310929, -0.7937499999999987343 ) ) ;
#2346 = DIRECTION ( 'NONE',  ( 0.000000000000000000, 0.000000000000000000, 1.000000000000000000 ) ) ;
#2347 = DATE_AND_TIME ( #3655, #9158 ) ;
#2348 = CARTESIAN_POINT ( 'NONE',  ( -12.51812523131016341, 17.18187476868981634, -7.635464354253209378E-13 ) ) ;
#2349 = CARTESIAN_POINT ( 'NONE',  ( 34.49999999999999289, 0.000000000000000000, 0.000000000000000000 ) ) ;
#2350 = FACE_OUTER_BOUND ( 'NONE', #6177, .T. ) ;
#2351 = VERTEX_POINT ( 'NONE', #2348 ) ;
#2352 = CARTESIAN_POINT ( 'NONE',  ( 0.000000000000000000, 1.500000000000000000, 0.000000000000000000 ) ) ;
#2353 = CIRCLE ( 'NONE', #3283, 2.299999999999999822 ) ;
#2354 = VERTEX_POINT ( 'NONE', #4562 ) ;
#2355 = DIRECTION ( 'NONE',  ( 0.000000000000000000, -1.224646799147353700E-16, 1.000000000000000000 ) ) ;
#2356 = DIRECTION ( 'NONE',  ( 0.000000000000000000, 0.000000000000000000, 1.000000000000000000 ) ) ;
#2357 = CARTESIAN_POINT ( 'NONE',  ( -2.050000000000001155, 2.299999999999994493, 0.1451016197204753333 ) ) ;
#2358 = AXIS2_PLACEMENT_3D ( 'NONE', #2489, #1832, #7000 ) ;
#2359 = CARTESIAN_POINT ( 'NONE',  ( 0.000000000000000000, 0.000000000000000000, 0.000000000000000000 ) ) ;
#2360 = VERTEX_POINT ( 'NONE', #8260 ) ;
#2361 = VERTEX_POINT ( 'NONE', #4607 ) ;
#2362 = EDGE_LOOP ( 'NONE', ( #7983, #5871 ) ) ;
#2363 = AXIS2_PLACEMENT_3D ( 'NONE', #189, #2418, #3481 ) ;
#2364 = CIRCLE ( 'NONE', #6963, 8.599999999999999645 ) ;
#2365 = DIRECTION ( 'NONE',  ( -0.7071067811865474617, 0.7071067811865474617, 0.000000000000000000 ) ) ;
#2366 = DIRECTION ( 'NONE',  ( -1.000000000000000000, -0.000000000000000000, -0.000000000000000000 ) ) ;
#2367 = DIRECTION ( 'NONE',  ( -0.000000000000000000, -1.000000000000000000, -0.000000000000000000 ) ) ;
#2368 = DIRECTION ( 'NONE',  ( 1.000000000000000000, -9.210921111381288336E-16, 0.000000000000000000 ) ) ;
#2369 = CARTESIAN_POINT ( 'NONE',  ( 34.40000000000000568, 10.99852262806237668, -1.634090867718481472E-15 ) ) ;
#2370 = CARTESIAN_POINT ( 'NONE',  ( 1.026685611952905444E-14, 11.70000000000001883, 0.000000000000000000 ) ) ;
#2371 = AXIS2_PLACEMENT_3D ( 'NONE', #5238, #8205, #5188 ) ;
#2372 = EDGE_LOOP ( 'NONE', ( #6299, #7733, #7457 ) ) ;
#2373 = ORIENTED_EDGE ( 'NONE', *, *, #1829, .F. ) ;
#2374 = ORIENTED_EDGE ( 'NONE', *, *, #2400, .F. ) ;
#2375 = CC_DESIGN_PERSON_AND_ORGANIZATION_ASSIGNMENT ( #7726, #6296, ( #7302 ) ) ;
#2376 = EDGE_CURVE ( 'NONE', #2041, #6822, #6710, .T. ) ;
#2377 = DIRECTION ( 'NONE',  ( -0.000000000000000000, 1.000000000000000000, 1.224646799147353207E-16 ) ) ;
#2378 = CARTESIAN_POINT ( 'NONE',  ( 12.82664718204935106, 11.64500000000002089, -9.113880979362924452E-14 ) ) ;
#2379 = CARTESIAN_POINT ( 'NONE',  ( 12.70000000000003659, 15.30250521535169383, 5.260512242138174699 ) ) ;
#2380 = SECURITY_CLASSIFICATION_LEVEL ( 'unclassified' ) ;
#2381 = CARTESIAN_POINT ( 'NONE',  ( 0.000000000000000000, 0.000000000000000000, 0.000000000000000000 ) ) ;
#2382 = ORIENTED_EDGE ( 'NONE', *, *, #8782, .F. ) ;
#2383 = EDGE_CURVE ( 'NONE', #7318, #822, #2396, .T. ) ;
#2384 = VERTEX_POINT ( 'NONE', #7480 ) ;
#2385 = CARTESIAN_POINT ( 'NONE',  ( -4.929141392239751340, 19.60312500000000213, 11.90000000000003233 ) ) ;
#2386 = CARTESIAN_POINT ( 'NONE',  ( -10.44550089324918396, 11.23811988804061102, -6.389072951342912532 ) ) ;
#2387 = EDGE_CURVE ( 'NONE', #4269, #5298, #4150, .T. ) ;
#2388 = DIRECTION ( 'NONE',  ( 0.000000000000000000, 0.000000000000000000, 1.000000000000000000 ) ) ;
#2389 = CARTESIAN_POINT ( 'NONE',  ( 11.89999999999999858, 14.72000000000001485, -8.455458555545191202E-14 ) ) ;
#2390 = AXIS2_PLACEMENT_3D ( 'NONE', #1469, #8124, #4385 ) ;
#2391 = PRODUCT_DEFINITION_FORMATION_WITH_SPECIFIED_SOURCE ( '任何', '', #7217, .NOT_KNOWN. ) ;
#2392 = CARTESIAN_POINT ( 'NONE',  ( 13.44999999999999929, 8.899999999999993250, -12.94999999999999218 ) ) ;
#2393 = CARTESIAN_POINT ( 'NONE',  ( 0.000000000000000000, 0.000000000000000000, 0.000000000000000000 ) ) ;
#2394 = DIRECTION ( 'NONE',  ( 0.000000000000000000, 0.000000000000000000, -1.000000000000000000 ) ) ;
#2395 = APPROVAL_STATUS ( 'not_yet_approved' ) ;
#2396 = LINE ( 'NONE', #3747, #5080 ) ;
#2397 = DIRECTION ( 'NONE',  ( -0.000000000000000000, -1.000000000000000000, -0.000000000000000000 ) ) ;
#2398 = CARTESIAN_POINT ( 'NONE',  ( 0.000000000000000000, 8.248891971046782956, 4.762500000000000178 ) ) ;
#2399 = EDGE_CURVE ( 'NONE', #2987, #8966, #903, .T. ) ;
#2400 = EDGE_CURVE ( 'NONE', #5937, #1199, #3128, .T. ) ;
#2401 = FACE_OUTER_BOUND ( 'NONE', #3298, .T. ) ;
#2402 = AXIS2_PLACEMENT_3D ( 'NONE', #3121, #5954, #911 ) ;
#2403 = DIRECTION ( 'NONE',  ( 0.000000000000000000, 0.000000000000000000, -1.000000000000000000 ) ) ;
#2404 = LOCAL_TIME ( 22, 23, 34.00000000000000000, #4838 ) ;
#2405 = ORIENTED_EDGE ( 'NONE', *, *, #8859, .T. ) ;
#2406 = LINE ( 'NONE', #2309, #1442 ) ;
#2407 = DIRECTION ( 'NONE',  ( 0.000000000000000000, 0.000000000000000000, 1.000000000000000000 ) ) ;
#2408 = CARTESIAN_POINT ( 'NONE',  ( -0.3593919564985298964, 1.101257569710870410, 2.019428178818023056 ) ) ;
#2409 = CIRCLE ( 'NONE', #5767, 2.299999999999997602 ) ;
#2410 = LINE ( 'NONE', #5970, #3622 ) ;
#2411 = CARTESIAN_POINT ( 'NONE',  ( 1.209951936996610228E-13, 13.33250000000001378, 11.89999999999999858 ) ) ;
#2412 = ORIENTED_EDGE ( 'NONE', *, *, #6900, .F. ) ;
#2413 = ORIENTED_EDGE ( 'NONE', *, *, #8123, .F. ) ;
#2414 = CIRCLE ( 'NONE', #5946, 0.3999999999999993006 ) ;
#2415 = CARTESIAN_POINT ( 'NONE',  ( -8.965523947390061453E-14, 17.57750000000000767, -11.89999999999999858 ) ) ;
#2416 = DIRECTION ( 'NONE',  ( -0.7071067811865474617, -0.7071067811865474617, -0.000000000000000000 ) ) ;
#2417 = DIRECTION ( 'NONE',  ( -1.000000000000000000, -0.000000000000000000, -0.000000000000000000 ) ) ;
#2418 = DIRECTION ( 'NONE',  ( -8.775090700452169195E-16, -1.000000000000000000, -0.000000000000000000 ) ) ;
#2419 = AXIS2_PLACEMENT_3D ( 'NONE', #848, #804, #8922 ) ;
#2420 = CARTESIAN_POINT ( 'NONE',  ( 0.1083897543756196652, -2.114194236346733646E-15, 0.000000000000000000 ) ) ;
#2421 = EDGE_LOOP ( 'NONE', ( #3274, #8110, #3878 ) ) ;
#2422 = VERTEX_POINT ( 'NONE', #6809 ) ;
#2423 = CARTESIAN_POINT ( 'NONE',  ( 0.000000000000000000, 0.000000000000000000, 0.000000000000000000 ) ) ;
#2424 = CONICAL_SURFACE ( 'NONE', #4729, 11.00000000000000000, 1.308996938995753867 ) ;
#2425 = DIRECTION ( 'NONE',  ( 0.000000000000000000, 0.000000000000000000, 1.000000000000000000 ) ) ;
#2426 = DIRECTION ( 'NONE',  ( 0.000000000000000000, 0.000000000000000000, 1.000000000000000000 ) ) ;
#2427 = LINE ( 'NONE', #7663, #6012 ) ;
#2428 = COORDINATED_UNIVERSAL_TIME_OFFSET ( 8, 0, .AHEAD. ) ;
#2429 = CARTESIAN_POINT ( 'NONE',  ( 9.564848863492874352E-15, 10.90000000000001101, 0.000000000000000000 ) ) ;
#2430 = ORIENTED_EDGE ( 'NONE', *, *, #4499, .F. ) ;
#2431 = ORIENTED_EDGE ( 'NONE', *, *, #3233, .F. ) ;
#2432 = AXIS2_PLACEMENT_3D ( 'NONE', #174, #4616, #3089 ) ;
#2433 = CARTESIAN_POINT ( 'NONE',  ( -4.929141392239914765, 17.85687500000000583, -11.89999999999996483 ) ) ;
#2434 =( BOUNDED_CURVE ( )  B_SPLINE_CURVE ( 2, ( #8254, #6852, #962, #299, #6148 ),
 .UNSPECIFIED., .F., .T. ) 
 B_SPLINE_CURVE_WITH_KNOTS ( ( 3, 2, 3 ),
 ( 0.2925207282018352783, 0.2968750000000000000, 0.3125000000000000000 ),
 .UNSPECIFIED. ) 
 CURVE ( )  GEOMETRIC_REPRESENTATION_ITEM ( )  RATIONAL_B_SPLINE_CURVE ( ( 0.9693973594065308230, 0.9787872508896500179, 1.000000000000000000, 0.9238795325112867385, 1.000000000000000000 ) ) 
 REPRESENTATION_ITEM ( '' )  );
#2435 = CARTESIAN_POINT ( 'NONE',  ( 9.465154838213875266, 10.99198351256331563, -7.406614495113798213 ) ) ;
#2436 = CARTESIAN_POINT ( 'NONE',  ( -10.82949965387259539, 17.24851486149646718, 6.158375895286789081 ) ) ;
#2437 = CARTESIAN_POINT ( 'NONE',  ( 8.528325040094458741E-14, 10.59250000000002245, 11.89999999999999858 ) ) ;
#2438 = EDGE_CURVE ( 'NONE', #655, #4947, #492, .T. ) ;
#2439 = AXIS2_PLACEMENT_3D ( 'NONE', #405, #5592, #6441 ) ;
#2440 = CARTESIAN_POINT ( 'NONE',  ( 4.929141392239739794, 15.15812500000001428, -11.90000000000003766 ) ) ;
#2441 = CARTESIAN_POINT ( 'NONE',  ( 11.89999999999994529, 12.45937500000001918, -4.929141392239959174 ) ) ;
#2442 = DIRECTION ( 'NONE',  ( 0.000000000000000000, 0.4999999999999997780, -0.8660254037844387076 ) ) ;
#2443 = PERSON_AND_ORGANIZATION_ROLE ( 'creator' ) ;
#2444 = ADVANCED_FACE ( 'NONE', ( #2740 ), #542, .F. ) ;
#2445 = DIRECTION ( 'NONE',  ( -1.000000000000000000, 0.000000000000000000, 0.000000000000000000 ) ) ;
#2446 = CARTESIAN_POINT ( 'NONE',  ( -9.000000000000001776, -10.80000000000000604, 9.000000000000000000 ) ) ;
#2447 = AXIS2_PLACEMENT_3D ( 'NONE', #1609, #8230, #7313 ) ;
#2448 = CARTESIAN_POINT ( 'NONE',  ( 34.40000000000000568, 5.499261314031191894, 9.525000000000002132 ) ) ;
#2449 = EDGE_LOOP ( 'NONE', ( #649, #3198 ) ) ;
#2450 = CARTESIAN_POINT ( 'NONE',  ( -2.256474205788785881, 17.35949369140196197, -12.13995251344221948 ) ) ;
#2451 = EDGE_CURVE ( 'NONE', #6828, #1225, #1113, .T. ) ;
#2452 = EDGE_CURVE ( 'NONE', #1501, #7918, #1858, .T. ) ;
#2453 = LINE ( 'NONE', #5390, #9423 ) ;
#2454 = DIRECTION ( 'NONE',  ( 0.000000000000000000, 0.4999999999999997224, -0.8660254037844387076 ) ) ;
#2455 = DIRECTION ( 'NONE',  ( -8.775090700452169195E-16, -1.000000000000000000, -0.000000000000000000 ) ) ;
#2456 = CC_DESIGN_APPROVAL ( #7417, ( #1344 ) ) ;
#2457 = CARTESIAN_POINT ( 'NONE',  ( -12.69999999999997797, 11.70000000000002949, 0.000000000000000000 ) ) ;
#2458 = CARTESIAN_POINT ( 'NONE',  ( 33.89999999999999147, 0.000000000000000000, 5.949999999999999289 ) ) ;
#2459 = EDGE_LOOP ( 'NONE', ( #8324, #3376 ) ) ;
#2460 = ORIENTED_EDGE ( 'NONE', *, *, #4170, .F. ) ;
#2461 = CARTESIAN_POINT ( 'NONE',  ( 0.3948291982182996485, 5.499261314031190118, 9.525000000000002132 ) ) ;
#2462 = EDGE_CURVE ( 'NONE', #8649, #7014, #395, .T. ) ;
#2463 = ADVANCED_FACE ( 'NONE', ( #7052 ), #1705, .F. ) ;
#2464 = CIRCLE ( 'NONE', #9074, 5.199999999999998401 ) ;
#2465 = CARTESIAN_POINT ( 'NONE',  ( -12.94999999999999218, -11.19999999999999929, 12.94999999999999218 ) ) ;
#2466 = DIRECTION ( 'NONE',  ( 0.000000000000000000, 0.000000000000000000, 1.000000000000000000 ) ) ;
#2467 =( NAMED_UNIT ( * ) PLANE_ANGLE_UNIT ( ) SI_UNIT ( $, .RADIAN. ) );
#2468 = DIRECTION ( 'NONE',  ( 1.000000000000000000, 0.000000000000000000, 0.000000000000000000 ) ) ;
#2469 = DIRECTION ( 'NONE',  ( -1.000000000000000000, -0.000000000000000000, -0.000000000000000000 ) ) ;
#2470 = VERTEX_POINT ( 'NONE', #7824 ) ;
#2471 = EDGE_LOOP ( 'NONE', ( #2201, #2496, #6367, #4986, #7181 ) ) ;
#2472 = VERTEX_POINT ( 'NONE', #6195 ) ;
#2473 = DIRECTION ( 'NONE',  ( 0.000000000000000000, 0.000000000000000000, 1.000000000000000000 ) ) ;
#2474 = CARTESIAN_POINT ( 'NONE',  ( 8.414570696119856308, 13.80875000000001407, -8.414570696119973547 ) ) ;
#2475 = DIRECTION ( 'NONE',  ( 0.000000000000000000, -0.4999999999999997224, 0.8660254037844387076 ) ) ;
#2476 = DIRECTION ( 'NONE',  ( 0.000000000000000000, 0.000000000000000000, -1.000000000000000000 ) ) ;
#2477 = AXIS2_PLACEMENT_3D ( 'NONE', #1907, #3349, #1335 ) ;
#2478 = DATE_TIME_ROLE ( 'classification_date' ) ;
#2480 = DIRECTION ( 'NONE',  ( -8.775090700452169195E-16, -1.000000000000000000, -0.000000000000000000 ) ) ;
#2479 = DESIGN_CONTEXT ( 'detailed design', #255, 'design' ) ;
#2481 = VERTEX_POINT ( 'NONE', #1162 ) ;
#2482 = ORIENTED_EDGE ( 'NONE', *, *, #9382, .F. ) ;
#2483 = PLANE ( 'NONE',  #5117 ) ;
#2484 = CARTESIAN_POINT ( 'NONE',  ( -2.526108108581547551, 11.13394420135231400, -11.88768826980918725 ) ) ;
#2485 = CARTESIAN_POINT ( 'NONE',  ( 5.301602514430369339, 17.44052207780690722, 11.08296264324622804 ) ) ;
#2486 = CARTESIAN_POINT ( 'NONE',  ( -12.82664718204931198, 18.70937500000000853, 5.312971222579581543 ) ) ;
#2487 = CARTESIAN_POINT ( 'NONE',  ( 0.000000000000000000, -16.49876305844211544, 0.000000000000000000 ) ) ;
#2488 = CARTESIAN_POINT ( 'NONE',  ( 11.89999999999999858, 12.38000000000001855, -5.976524906955014022E-14 ) ) ;
#2489 = CARTESIAN_POINT ( 'NONE',  ( 0.000000000000000000, 0.000000000000000000, 0.000000000000000000 ) ) ;
#2490 = PERSON_AND_ORGANIZATION ( #5176, #5070 ) ;
#2491 = FACE_OUTER_BOUND ( 'NONE', #5889, .T. ) ;
#2492 = CYLINDRICAL_SURFACE ( 'NONE', #3297, 2.475000000000000089 ) ;
#2493 = CARTESIAN_POINT ( 'NONE',  ( 0.03610103003384616815, 9.165435523385310645, -3.174999999999999378 ) ) ;
#2494 = EDGE_CURVE ( 'NONE', #9333, #39, #6597, .T. ) ;
#2495 = CARTESIAN_POINT ( 'NONE',  ( -6.255353054409848568, -16.43104480127816913, 12.88914092359983243 ) ) ;
#2496 = ORIENTED_EDGE ( 'NONE', *, *, #9330, .T. ) ;
#2497 = CARTESIAN_POINT ( 'NONE',  ( 1.571842864607732038, 17.21507224021938143, -12.39296226673580392 ) ) ;
#2498 = CC_DESIGN_PERSON_AND_ORGANIZATION_ASSIGNMENT ( #3315, #349, ( #571 ) ) ;
#2499 = VECTOR ( 'NONE', #8106, 1000.000000000000000 ) ;
#2500 = LINE ( 'NONE', #4593, #3169 ) ;
#2501 = EDGE_CURVE ( 'NONE', #4971, #3049, #9234, .T. ) ;
#2502 = CARTESIAN_POINT ( 'NONE',  ( 1.738998454789241549E-15, -1.201236941557884519, 14.20000000000000107 ) ) ;
#2503 = FACE_OUTER_BOUND ( 'NONE', #8041, .T. ) ;
#2504 = DIRECTION ( 'NONE',  ( 0.000000000000000000, 1.000000000000000000, 0.000000000000000000 ) ) ;
#2505 = CARTESIAN_POINT ( 'NONE',  ( -13.79999999999999893, -3.851286324154184305E-15, 0.000000000000000000 ) ) ;
#2506 = VECTOR ( 'NONE', #5990, 1000.000000000000114 ) ;
#2507 = EDGE_LOOP ( 'NONE', ( #4196, #1385 ) ) ;
#2508 = EDGE_CURVE ( 'NONE', #830, #31, #2464, .T. ) ;
#2509 = CARTESIAN_POINT ( 'NONE',  ( 20.24999999999999645, 34.29999999999999716, 0.000000000000000000 ) ) ;
#2510 = ORIENTED_EDGE ( 'NONE', *, *, #641, .T. ) ;
#2511 = EDGE_CURVE ( 'NONE', #5242, #4161, #1890, .T. ) ;
#2512 = CARTESIAN_POINT ( 'NONE',  ( -5.312947559864528380, -1.322524263830419100, 13.43323898956136020 ) ) ;
#2513 = CIRCLE ( 'NONE', #7881, 9.525000000000000355 ) ;
#2514 = DIRECTION ( 'NONE',  ( -0.5773502691896236216, -0.5773502691896258421, 0.5773502691896278405 ) ) ;
#2515 = LINE ( 'NONE', #373, #5409 ) ;
#2516 = CARTESIAN_POINT ( 'NONE',  ( 41.30693079519157607, 0.000000000000000000, 0.000000000000000000 ) ) ;
#2517 = CARTESIAN_POINT ( 'NONE',  ( 40.92056046467595110, 0.000000000000000000, 0.000000000000000000 ) ) ;
#2518 = ORIENTED_EDGE ( 'NONE', *, *, #8859, .F. ) ;
#2519 = EDGE_CURVE ( 'NONE', #1499, #5938, #4769, .T. ) ;
#2520 = VERTEX_POINT ( 'NONE', #6297 ) ;
#2521 = CIRCLE ( 'NONE', #6208, 12.69999999999998330 ) ;
#2522 = EDGE_CURVE ( 'NONE', #4427, #6275, #9389, .T. ) ;
#2523 = CIRCLE ( 'NONE', #391, 15.59999999999999964 ) ;
#2524 = ORIENTED_EDGE ( 'NONE', *, *, #8668, .T. ) ;
#2525 = CARTESIAN_POINT ( 'NONE',  ( 0.000000000000000000, 7.776507174585692163E-16, -6.349999999999999645 ) ) ;
#2526 = CARTESIAN_POINT ( 'NONE',  ( 0.000000000000000000, -8.248891971046781180, 4.762500000000002842 ) ) ;
#2527 = CARTESIAN_POINT ( 'NONE',  ( 0.000000000000000000, 0.000000000000000000, 0.000000000000000000 ) ) ;
#2528 = AXIS2_PLACEMENT_3D ( 'NONE', #2458, #8168, #1652 ) ;
#2529 = CIRCLE ( 'NONE', #1008, 3.174999999999999822 ) ;
#2530 = CONTEXT_DEPENDENT_SHAPE_REPRESENTATION ( #4340, #6602 ) ;
#2531 = EDGE_LOOP ( 'NONE', ( #3575, #3072, #5206, #6176, #7848, #8001 ) ) ;
#2532 = VERTEX_POINT ( 'NONE', #9238 ) ;
#2533 = DIRECTION ( 'NONE',  ( 0.000000000000000000, -0.000000000000000000, 1.000000000000000000 ) ) ;
#2534 = EDGE_LOOP ( 'NONE', ( #4484, #4428, #3724, #3473 ) ) ;
#2535 = CIRCLE ( 'NONE', #5890, 9.525000000000000355 ) ;
#2536 = CARTESIAN_POINT ( 'NONE',  ( -4.427092463432306779, 11.15530251456956634, -11.32743675945731709 ) ) ;
#2537 = DIRECTION ( 'NONE',  ( 0.000000000000000000, 0.000000000000000000, -1.000000000000000000 ) ) ;
#2538 = CARTESIAN_POINT ( 'NONE',  ( 5.312971222579394137, 19.50312500000000782, -12.82664718204939014 ) ) ;
#2539 = CARTESIAN_POINT ( 'NONE',  ( 9.000000000000001776, -1.199999999999999734, -9.000000000000000000 ) ) ;
#2540 = DIRECTION ( 'NONE',  ( 8.775090700452169195E-16, 1.000000000000000000, 0.000000000000000000 ) ) ;
#2541 = COORDINATED_UNIVERSAL_TIME_OFFSET ( 8, 0, .AHEAD. ) ;
#2542 = CARTESIAN_POINT ( 'NONE',  ( 0.000000000000000000, 0.000000000000000000, 0.000000000000000000 ) ) ;
#2543 = ORIENTED_EDGE ( 'NONE', *, *, #1985, .T. ) ;
#2544 = CARTESIAN_POINT ( 'NONE',  ( 9.192421541439368808E-14, 20.21750000000000114, 12.82664718204935106 ) ) ;
#2545 = EDGE_LOOP ( 'NONE', ( #4889, #605 ) ) ;
#2546 = EDGE_LOOP ( 'NONE', ( #2337, #5146, #3993 ) ) ;
#2547 = CARTESIAN_POINT ( 'NONE',  ( -7.231979454295667686, 17.58106128238052079, -9.733920616649331947 ) ) ;
#2548 = AXIS2_PLACEMENT_3D ( 'NONE', #2056, #4989, #3498 ) ;
#2549 = LOCAL_TIME ( 22, 23, 34.00000000000000000, #9462 ) ;
#2550 = FACE_OUTER_BOUND ( 'NONE', #1902, .T. ) ;
#2551 = CARTESIAN_POINT ( 'NONE',  ( -12.22937918068782714, 11.32490056179872440, 1.582174535673212201 ) ) ;
#2552 = FACE_BOUND ( 'NONE', #7656, .T. ) ;
#2553 = CARTESIAN_POINT ( 'NONE',  ( 0.000000000000000000, 0.000000000000000000, 13.00000000000000000 ) ) ;
#2554 = DIRECTION ( 'NONE',  ( -0.000000000000000000, -0.000000000000000000, -1.000000000000000000 ) ) ;
#2555 = TOROIDAL_SURFACE ( 'NONE', #6681, 3.575000000000000178, 0.3999999999999988565 ) ;
#2556 = SECURITY_CLASSIFICATION ( '', '', #8588 ) ;
#2557 = ADVANCED_FACE ( 'NONE', ( #2692 ), #3270, .T. ) ;
#2558 = ORIENTED_EDGE ( 'NONE', *, *, #5875, .F. ) ;
#2559 = CARTESIAN_POINT ( 'NONE',  ( 4.929141392239733577, 12.41812500000001762, -11.90000000000003944 ) ) ;
#2560 = VERTEX_POINT ( 'NONE', #7631 ) ;
#2561 = CARTESIAN_POINT ( 'NONE',  ( 8.414570696119843873, 17.41875000000000639, -8.414570696119985982 ) ) ;
#2562 = AXIS2_PLACEMENT_3D ( 'NONE', #5222, #3826, #6693 ) ;
#2563 = AXIS2_PLACEMENT_3D ( 'NONE', #8522, #8661, #5644 ) ;
#2564 = FACE_OUTER_BOUND ( 'NONE', #7319, .T. ) ;
#2565 = ADVANCED_FACE ( 'NONE', ( #351 ), #7728, .F. ) ;
#2566 = CARTESIAN_POINT ( 'NONE',  ( -15.22582127265071783, 33.79999999999998295, -10.06137332587782929 ) ) ;
#2567 = PERSON_AND_ORGANIZATION ( #5176, #5070 ) ;
#2568 = CARTESIAN_POINT ( 'NONE',  ( -7.726057123094974125E-14, 13.96750000000001535, -11.89999999999999858 ) ) ;
#2569 = CARTESIAN_POINT ( 'NONE',  ( 0.000000000000000000, 0.000000000000000000, 0.000000000000000000 ) ) ;
#2570 = ADVANCED_FACE ( 'NONE', ( #4125 ), #1972, .T. ) ;
#2571 = ORIENTED_EDGE ( 'NONE', *, *, #3152, .T. ) ;
#2572 = ORIENTED_EDGE ( 'NONE', *, *, #710, .F. ) ;
#2573 = AXIS2_PLACEMENT_3D ( 'NONE', #5930, #5209, #8767 ) ;
#2574 = ORIENTED_EDGE ( 'NONE', *, *, #9174, .T. ) ;
#2575 = CYLINDRICAL_SURFACE ( 'NONE', #6839, 20.00000000000000000 ) ;
#2576 = CARTESIAN_POINT ( 'NONE',  ( 8.528325040094456217E-14, 13.33250000000001378, 11.89999999999999858 ) ) ;
#2577 = DIRECTION ( 'NONE',  ( 0.000000000000000000, 0.000000000000000000, 1.000000000000000000 ) ) ;
#2578 = EDGE_CURVE ( 'NONE', #9262, #3678, #5234, .T. ) ;
#2579 = DIRECTION ( 'NONE',  ( 0.000000000000000000, -0.000000000000000000, 1.000000000000000000 ) ) ;
#2580 = ADVANCED_FACE ( 'NONE', ( #1394, #2113 ), #5897, .T. ) ;
#2581 = APPROVAL_STATUS ( 'not_yet_approved' ) ;
#2582 = B_SPLINE_CURVE_WITH_KNOTS ( 'NONE', 3,
 ( #455, #2646, #9243, #8411, #7581, #6866, #9142, #2547, #4129, #1213, #8358, #310, #9049, #3988, #2450, #1931, #5389, #8464, #7056, #502, #2497, #3276, #7734, #1120, #5543, #7686, #1021, #3228 ),
 .UNSPECIFIED., .F., .F.,
 ( 4, 2, 2, 2, 2, 2, 2, 2, 2, 2, 2, 2, 2, 4 ),
 ( 4.970429286106088222E-16, 0.001291250424517672831, 0.002582500849034848663, 0.005165001698069200328, 0.006456252122586377679, 0.007747502547103554162, 0.01033000339613790973, 0.01162125382065508708, 0.01291250424517226617, 0.01420375466968944352, 0.01549500509420662087, 0.01807750594324097557, 0.01936875636775815465, 0.02066000679227533374 ),
 .UNSPECIFIED. ) ;
#2583 = ORIENTED_EDGE ( 'NONE', *, *, #879, .T. ) ;
#2584 = ORIENTED_EDGE ( 'NONE', *, *, #6170, .T. ) ;
#2585 = AXIS2_PLACEMENT_3D ( 'NONE', #5354, #227, #9108 ) ;
#2586 = CARTESIAN_POINT ( 'NONE',  ( 1.423994807254859385, 11.09308484791434246, -12.03488352852172483 ) ) ;
#2587 = CARTESIAN_POINT ( 'NONE',  ( 1.522235584190014229E-30, 13.71446665693449951, -2.050000000000001155 ) ) ;
#2588 = CARTESIAN_POINT ( 'NONE',  ( 8.414570696119975324, 10.75125000000002196, 8.414570696119856308 ) ) ;
#2589 = DIRECTION ( 'NONE',  ( 0.000000000000000000, 0.000000000000000000, 1.000000000000000000 ) ) ;
#2590 = FACE_OUTER_BOUND ( 'NONE', #18, .T. ) ;
#2591 = CONICAL_SURFACE ( 'NONE', #5050, 2.499999999999998668, 0.7853981633974482790 ) ;
#2592 = PERSON_AND_ORGANIZATION ( #5176, #5070 ) ;
#2593 = CARTESIAN_POINT ( 'NONE',  ( 24.00000000000000000, 0.000000000000000000, 0.000000000000000000 ) ) ;
#2594 = CARTESIAN_POINT ( 'NONE',  ( -12.82664718204939014, 17.28062500000000767, -5.312971222579394137 ) ) ;
#2595 = ORIENTED_EDGE ( 'NONE', *, *, #1808, .F. ) ;
#2596 = CARTESIAN_POINT ( 'NONE',  ( 40.99999999999999289, 0.000000000000000000, 0.000000000000000000 ) ) ;
#2597 = EDGE_LOOP ( 'NONE', ( #2848, #3554, #8821, #180 ) ) ;
#2598 = CARTESIAN_POINT ( 'NONE',  ( -7.434591184897903968E-14, 15.03750000000001208, -11.89999999999999858 ) ) ;
#2599 = AXIS2_PLACEMENT_3D ( 'NONE', #2841, #6614, #2300 ) ;
#2600 = CARTESIAN_POINT ( 'NONE',  ( 5.000997641144179440, 11.56261802816161222, 11.55165521520850191 ) ) ;
#2601 = CARTESIAN_POINT ( 'NONE',  ( 12.70000000000000817, 12.90874478464833963, 5.260512242138204009 ) ) ;
#2602 = CARTESIAN_POINT ( 'NONE',  ( 0.2720356458796156507, 5.957533090200454851, -8.731249999999995737 ) ) ;
#2603 = DIRECTION ( 'NONE',  ( -8.775090700452169195E-16, -1.000000000000000000, -0.000000000000000000 ) ) ;
#2604 = AXIS2_PLACEMENT_3D ( 'NONE', #5886, #1561, #3056 ) ;
#2605 = VERTEX_POINT ( 'NONE', #16 ) ;
#2606 = ORIENTED_EDGE ( 'NONE', *, *, #9394, .F. ) ;
#2607 = CARTESIAN_POINT ( 'NONE',  ( -8.947569504916668137, -1.334767296204547149, 11.33478903118298398 ) ) ;
#2608 = APPROVAL_PERSON_ORGANIZATION ( #2592, #9208, #3174 ) ;
#2609 = DIRECTION ( 'NONE',  ( -0.000000000000000000, -1.000000000000000000, -0.000000000000000000 ) ) ;
#2610 = DIRECTION ( 'NONE',  ( 0.000000000000000000, -1.224646799147353454E-16, 1.000000000000000000 ) ) ;
#2611 = CARTESIAN_POINT ( 'NONE',  ( 0.000000000000000000, -15.69047268157664021, 15.59999999999999432 ) ) ;
#2612 = MECHANICAL_CONTEXT ( 'NONE', #5462, 'mechanical' ) ;
#2613 = DIRECTION ( 'NONE',  ( 1.000000000000000000, -9.376883653928700429E-16, 0.000000000000000000 ) ) ;
#2614 = CARTESIAN_POINT ( 'NONE',  ( 4.827671754811403204, -6.415804866369718695, -7.937499999999996447 ) ) ;
#2615 = EDGE_LOOP ( 'NONE', ( #1487, #3307, #5516, #1952 ) ) ;
#2616 = EDGE_LOOP ( 'NONE', ( #4227, #8763, #7363, #711 ) ) ;
#2617 = EDGE_LOOP ( 'NONE', ( #6287, #4286, #1450 ) ) ;
#2618 = ADVANCED_FACE ( 'NONE', ( #2200 ), #3644, .T. ) ;
#2619 = VECTOR ( 'NONE', #2304, 1000.000000000000000 ) ;
#2620 = DIRECTION ( 'NONE',  ( 0.000000000000000000, 0.000000000000000000, 1.000000000000000000 ) ) ;
#2621 = CC_DESIGN_PERSON_AND_ORGANIZATION_ASSIGNMENT ( #202, #3732, ( #2391 ) ) ;
#2622 = CARTESIAN_POINT ( 'NONE',  ( 36.69999999999999574, 0.000000000000000000, 0.000000000000000000 ) ) ;
#2623 = EDGE_CURVE ( 'NONE', #5155, #2870, #1864, .T. ) ;
#2624 = CARTESIAN_POINT ( 'NONE',  ( 0.3721226594836736234, 1.075715392538818538, -2.033168650631986374 ) ) ;
#2625 = APPROVAL_DATE_TIME ( #7856, #1157 ) ;
#2626 = ORIENTED_EDGE ( 'NONE', *, *, #8689, .T. ) ;
#2627 = EDGE_LOOP ( 'NONE', ( #8729, #3914, #3784, #8093 ) ) ;
#2628 = DIRECTION ( 'NONE',  ( -1.289757231209522150E-16, 0.000000000000000000, -1.000000000000000000 ) ) ;
#2629 = EDGE_CURVE ( 'NONE', #8979, #6332, #2812, .T. ) ;
#2630 = B_SPLINE_CURVE_WITH_KNOTS ( 'NONE', 3,
 ( #4434, #793, #141, #6635 ),
 .UNSPECIFIED., .F., .F.,
 ( 4, 4 ),
 ( 0.01118968547759081715, 0.01669505163429730807 ),
 .UNSPECIFIED. ) ;
#2631 = CARTESIAN_POINT ( 'NONE',  ( 0.000000000000000000, -15.69047268157664021, 0.000000000000000000 ) ) ;
#2632 = CARTESIAN_POINT ( 'NONE',  ( 12.11555136271317501, 17.58444863728682961, -1.145168028406606560E-11 ) ) ;
#2633 = AXIS2_PLACEMENT_3D ( 'NONE', #4592, #3111, #3920 ) ;
#2634 = CARTESIAN_POINT ( 'NONE',  ( -9.069809202314351282, 17.51875000000001137, 9.069809202314482732 ) ) ;
#2635 = EDGE_CURVE ( 'NONE', #1674, #2989, #7211, .T. ) ;
#2636 = CARTESIAN_POINT ( 'NONE',  ( 8.414570696119978876, 12.22125000000001727, 8.414570696119850979 ) ) ;
#2637 = PERSON_AND_ORGANIZATION_ROLE ( 'design_supplier' ) ;
#2638 = CARTESIAN_POINT ( 'NONE',  ( 0.000000000000000000, -2.009527318423362185, 0.000000000000000000 ) ) ;
#2639 = AXIS2_PLACEMENT_3D ( 'NONE', #1134, #8526, #2610 ) ;
#2640 = CARTESIAN_POINT ( 'NONE',  ( 12.82664718204931376, 18.07437500000000341, -5.312971222579575326 ) ) ;
#2641 = B_SPLINE_CURVE_WITH_KNOTS ( 'NONE', 3,
 ( #5145, #6619, #2258, #1732, #3938, #1016 ),
 .UNSPECIFIED., .F., .F.,
 ( 4, 2, 4 ),
 ( 0.005499492254138859185, 0.008249122911154451593, 0.01099875356817004747 ),
 .UNSPECIFIED. ) ;
#2642 = ORIENTED_EDGE ( 'NONE', *, *, #8911, .F. ) ;
#2643 = ADVANCED_FACE ( 'NONE', ( #6605, #3688 ), #7917, .T. ) ;
#2644 = ADVANCED_FACE ( 'NONE', ( #1486 ), #6919, .F. ) ;
#2645 = EDGE_LOOP ( 'NONE', ( #568, #8357, #2779, #4452 ) ) ;
#2646 = CARTESIAN_POINT ( 'NONE',  ( -10.44093898884632665, 17.78224767634673498, -5.762462309067859501 ) ) ;
#2647 = PRODUCT_DEFINITION_SHAPE ( 'NONE', 'NONE',  #9491 ) ;
#2648 = CARTESIAN_POINT ( 'NONE',  ( -1.234750609217242889, 11.49797866629050169, 12.44316257276878268 ) ) ;
#2649 = AXIS2_PLACEMENT_3D ( 'NONE', #2936, #9426, #2167 ) ;
#2650 = DIRECTION ( 'NONE',  ( 0.000000000000000000, -1.224646799147353207E-16, 1.000000000000000000 ) ) ;
#2651 = CARTESIAN_POINT ( 'NONE',  ( 0.3948291982182982052, 5.499261314031189229, -9.524999999999996803 ) ) ;
#2652 = B_SPLINE_CURVE_WITH_KNOTS ( 'NONE', 3,
 ( #6645, #8140, #6695, #5266, #150, #5994 ),
 .UNSPECIFIED., .F., .F.,
 ( 4, 2, 4 ),
 ( 2.309401076763871681E-07, 0.002749861597123267210, 0.005499492254138857450 ),
 .UNSPECIFIED. ) ;
#2653 = CARTESIAN_POINT ( 'NONE',  ( -3.174999999999999822, 0.000000000000000000, 13.00000000000000000 ) ) ;
#2654 = ORIENTED_EDGE ( 'NONE', *, *, #8628, .T. ) ;
#2655 = CARTESIAN_POINT ( 'NONE',  ( 36.69999999999999574, 19.59999999999999432, 0.000000000000000000 ) ) ;
#2656 = AXIS2_PLACEMENT_3D ( 'NONE', #4171, #8350, #1206 ) ;
#2657 = ORIENTED_EDGE ( 'NONE', *, *, #4515, .T. ) ;
#2658 = PERSON ( 'NAUO-PER1', 'UNSPECIFIED', 'UNSPECIFIED', ('UNSPECIFIED'), ('UNSPECIFIED'), ('UNSPECIFIED') ) ;
#2659 = CARTESIAN_POINT ( 'NONE',  ( -8.414570696119854532, 18.05375000000000796, 8.414570696119975324 ) ) ;
#2660 = CARTESIAN_POINT ( 'NONE',  ( 0.000000000000000000, 0.000000000000000000, 3.175000000000005596 ) ) ;
#2661 = CARTESIAN_POINT ( 'NONE',  ( -8.308988999489114440E-14, 11.42750000000001975, -11.89999999999999858 ) ) ;
#2662 = SHAPE_REPRESENTATION_RELATIONSHIP ( 'NONE' , 'NONE' ,  #6122, #157 ) ;
#2663 = CIRCLE ( 'NONE', #7099, 1.000000000000000444 ) ;
#2664 = APPROVAL_ROLE ( '' ) ;
#2665 = DIRECTION ( 'NONE',  ( 1.000000000000000000, -9.376883653928698457E-16, 0.000000000000000000 ) ) ;
#2666 = CARTESIAN_POINT ( 'NONE',  ( -11.09999999999997122, 13.71446665693451550, 1.359357947053560184E-15 ) ) ;
#2667 = EDGE_LOOP ( 'NONE', ( #6542, #1212 ) ) ;
#2668 = ORIENTED_EDGE ( 'NONE', *, *, #6548, .T. ) ;
#2669 = ORIENTED_EDGE ( 'NONE', *, *, #8365, .T. ) ;
#2670 = VECTOR ( 'NONE', #4350, 1000.000000000000114 ) ;
#2671 = DIRECTION ( 'NONE',  ( -1.000000000000000000, -0.000000000000000000, -0.000000000000000000 ) ) ;
#2672 = CARTESIAN_POINT ( 'NONE',  ( -4.929141392239751340, 11.98312500000002068, 11.90000000000003233 ) ) ;
#2673 = CARTESIAN_POINT ( 'NONE',  ( 0.2720356458796170385, -10.54025085189310929, 0.7937500000000053957 ) ) ;
#2674 = DIRECTION ( 'NONE',  ( 0.000000000000000000, 0.000000000000000000, 1.000000000000000000 ) ) ;
#2675 = DIRECTION ( 'NONE',  ( 0.7071067811865487940, 0.7071067811865463515, -1.837086636568278853E-16 ) ) ;
#2676 = AXIS2_PLACEMENT_3D ( 'NONE', #4472, #6627, #2855 ) ;
#2677 = APPROVAL_DATE_TIME ( #5569, #8550 ) ;
#2678 = VERTEX_POINT ( 'NONE', #5129 ) ;
#2679 = ORIENTED_EDGE ( 'NONE', *, *, #2770, .T. ) ;
#2680 = APPROVAL ( #3687, '未指定' ) ;
#2681 = ORIENTED_EDGE ( 'NONE', *, *, #8143, .T. ) ;
#2682 = EDGE_CURVE ( 'NONE', #2173, #309, #7985, .T. ) ;
#2683 = CYLINDRICAL_SURFACE ( 'NONE', #7887, 11.89999999999999858 ) ;
#2684 = DIRECTION ( 'NONE',  ( 0.000000000000000000, 0.000000000000000000, 1.000000000000000000 ) ) ;
#2685 = CIRCLE ( 'NONE', #1315, 7.060900368822720985 ) ;
#2686 = AXIS2_PLACEMENT_3D ( 'NONE', #3890, #3129, #6810 ) ;
#2687 = CARTESIAN_POINT ( 'NONE',  ( 12.82664718204931376, 12.99437500000002110, -5.312971222579575326 ) ) ;
#2688 = DIRECTION ( 'NONE',  ( 0.000000000000000000, -1.000000000000000000, 0.000000000000000000 ) ) ;
#2689 = EDGE_CURVE ( 'NONE', #4014, #104, #8390, .T. ) ;
#2690 = CARTESIAN_POINT ( 'NONE',  ( 41.80000000000000426, 0.000000000000000000, 8.599999999999999645 ) ) ;
#2691 = COORDINATED_UNIVERSAL_TIME_OFFSET ( 8, 0, .AHEAD. ) ;
#2692 = FACE_OUTER_BOUND ( 'NONE', #5196, .T. ) ;
#2693 = VECTOR ( 'NONE', #7928, 1000.000000000000000 ) ;
#2694 = CARTESIAN_POINT ( 'NONE',  ( -12.82664718204935106, 18.63000000000000611, 8.956799855210031952E-14 ) ) ;
#2695 = ADVANCED_FACE ( 'NONE', ( #5806 ), #2790, .T. ) ;
#2696 = ORIENTED_EDGE ( 'NONE', *, *, #1619, .T. ) ;
#2697 = ORIENTED_EDGE ( 'NONE', *, *, #9285, .F. ) ;
#2698 = CARTESIAN_POINT ( 'NONE',  ( -6.710680523104182171, -1.252722911093996583, -12.62625748697972483 ) ) ;
#2699 = CARTESIAN_POINT ( 'NONE',  ( 7.736750521787013390, 11.59540588233393876, 9.947217074270039205 ) ) ;
#2700 = FACE_BOUND ( 'NONE', #8718, .T. ) ;
#2701 = CARTESIAN_POINT ( 'NONE',  ( 2.510525938252075665E-16, 0.000000000000000000, 2.050000000000001155 ) ) ;
#2702 = EDGE_CURVE ( 'NONE', #3735, #6458, #4241, .T. ) ;
#2703 = EDGE_CURVE ( 'NONE', #2870, #4971, #1215, .T. ) ;
#2704 = DIRECTION ( 'NONE',  ( -0.000000000000000000, -1.000000000000000000, -0.000000000000000000 ) ) ;
#2705 = ORIENTED_EDGE ( 'NONE', *, *, #2116, .T. ) ;
#2706 = VECTOR ( 'NONE', #3083, 1000.000000000000000 ) ;
#2707 = DIRECTION ( 'NONE',  ( 0.000000000000000000, 0.000000000000000000, 1.000000000000000000 ) ) ;
#2708 = DIRECTION ( 'NONE',  ( -1.000000000000000000, -0.000000000000000000, -0.000000000000000000 ) ) ;
#2709 = APPROVAL_PERSON_ORGANIZATION ( #4850, #5509, #2014 ) ;
#2710 = ORIENTED_EDGE ( 'NONE', *, *, #9401, .F. ) ;
#2711 = CARTESIAN_POINT ( 'NONE',  ( 34.00693079519157891, 0.000000000000000000, 0.000000000000000000 ) ) ;
#2712 = DIRECTION ( 'NONE',  ( -1.000000000000000000, -0.000000000000000000, -0.000000000000000000 ) ) ;
#2713 = DIRECTION ( 'NONE',  ( 0.000000000000000000, 0.000000000000000000, -1.000000000000000000 ) ) ;
#2714 = CIRCLE ( 'NONE', #8065, 3.174999999999999822 ) ;
#2715 = DIRECTION ( 'NONE',  ( 0.000000000000000000, 0.000000000000000000, 1.000000000000000000 ) ) ;
#2716 = APPROVAL_PERSON_ORGANIZATION ( #4073, #4488, #5382 ) ;
#2717 = CARTESIAN_POINT ( 'NONE',  ( 5.260512242138205785, 13.22624478464833686, -12.70000000000000462 ) ) ;
#2718 = ORIENTED_EDGE ( 'NONE', *, *, #5226, .T. ) ;
#2719 = ORIENTED_EDGE ( 'NONE', *, *, #9031, .T. ) ;
#2720 = ORIENTED_EDGE ( 'NONE', *, *, #9152, .T. ) ;
#2721 = SECURITY_CLASSIFICATION ( '', '', #7131 ) ;
#2722 = FACE_OUTER_BOUND ( 'NONE', #3761, .T. ) ;
#2723 = DIRECTION ( 'NONE',  ( -0.000000000000000000, -1.000000000000000000, -0.000000000000000000 ) ) ;
#2724 = CARTESIAN_POINT ( 'NONE',  ( 5.000000000000000000, -10.99852262806237313, 4.928329209517584241E-15 ) ) ;
#2725 = DIRECTION ( 'NONE',  ( -1.000000000000000000, -0.000000000000000000, -0.000000000000000000 ) ) ;
#2726 = DIRECTION ( 'NONE',  ( 0.000000000000000000, 0.7071067811865487940, -0.7071067811865463515 ) ) ;
#2727 = EDGE_LOOP ( 'NONE', ( #8146, #7685, #4693, #9015 ) ) ;
#2728 = AXIS2_PLACEMENT_3D ( 'NONE', #1957, #9309, #5659 ) ;
#2729 = SECURITY_CLASSIFICATION_LEVEL ( 'unclassified' ) ;
#2730 = ORIENTED_EDGE ( 'NONE', *, *, #1405, .T. ) ;
#2731 = ORIENTED_EDGE ( 'NONE', *, *, #7865, .T. ) ;
#2732 = CARTESIAN_POINT ( 'NONE',  ( 1.209951936996610228E-13, 13.13250000000001627, 11.89999999999999858 ) ) ;
#2733 = ORIENTED_EDGE ( 'NONE', *, *, #6218, .T. ) ;
#2734 = DIRECTION ( 'NONE',  ( -0.000000000000000000, -1.000000000000000000, -0.000000000000000000 ) ) ;
#2735 = CARTESIAN_POINT ( 'NONE',  ( 9.485890743062883601, 17.66992707975654753, -7.410679677741415894 ) ) ;
#2736 = TOROIDAL_SURFACE ( 'NONE', #145, 19.59999999999999787, 0.3999999999999995226 ) ;
#2737 = CARTESIAN_POINT ( 'NONE',  ( 5.312971222579579766, 12.67687500000001677, 12.82664718204931198 ) ) ;
#2738 = LINE ( 'NONE', #4944, #7256 ) ;
#2739 = DATE_AND_TIME ( #1255, #8056 ) ;
#2740 = FACE_OUTER_BOUND ( 'NONE', #5722, .T. ) ;
#2741 = ORIENTED_EDGE ( 'NONE', *, *, #2282, .T. ) ;
#2742 = AXIS2_PLACEMENT_3D ( 'NONE', #2724, #1241, #4154 ) ;
#2743 = CARTESIAN_POINT ( 'NONE',  ( 9.069809202314482732, 16.56625000000001080, 9.069809202314353058 ) ) ;
#2744 = ORIENTED_EDGE ( 'NONE', *, *, #359, .T. ) ;
#2745 = ORIENTED_EDGE ( 'NONE', *, *, #8790, .T. ) ;
#2746 = EDGE_CURVE ( 'NONE', #1798, #5618, #3853, .T. ) ;
#2747 = CARTESIAN_POINT ( 'NONE',  ( -10.77636534613066743, -1.581081314057897202, -10.27893325996520701 ) ) ;
#2748 = TOROIDAL_SURFACE ( 'NONE', #3965, 0.3304673161057445907, 1.969532683894253289 ) ;
#2749 = CARTESIAN_POINT ( 'NONE',  ( 0.000000000000000000, -17.39999999999999858, 0.000000000000000000 ) ) ;
#2750 = LINE ( 'NONE', #4232, #4432 ) ;
#2751 = ADVANCED_FACE ( 'NONE', ( #5439 ), #6958, .T. ) ;
#2752 = CARTESIAN_POINT ( 'NONE',  ( 0.000000000000000000, 8.248891971046779403, -4.762500000000000178 ) ) ;
#2753 = LINE ( 'NONE', #1172, #8673 ) ;
#2754 = ORIENTED_EDGE ( 'NONE', *, *, #8459, .F. ) ;
#2755 = AXIS2_PLACEMENT_3D ( 'NONE', #7379, #5236, #1361 ) ;
#2756 = CARTESIAN_POINT ( 'NONE',  ( 1.714505518806294638E-15, -17.39999999999999858, -14.00000000000000000 ) ) ;
#2757 = ORIENTED_EDGE ( 'NONE', *, *, #9038, .T. ) ;
#2758 = ADVANCED_FACE ( 'NONE', ( #6256 ), #195, .F. ) ;
#2759 = EDGE_CURVE ( 'NONE', #3424, #7215, #2172, .T. ) ;
#2760 = CARTESIAN_POINT ( 'NONE',  ( 0.000000000000000000, 0.000000000000000000, 0.000000000000000000 ) ) ;
#2761 = FACE_OUTER_BOUND ( 'NONE', #263, .T. ) ;
#2762 = EDGE_CURVE ( 'NONE', #8523, #8540, #5553, .T. ) ;
#2763 = FACE_BOUND ( 'NONE', #3151, .T. ) ;
#2764 = AXIS2_PLACEMENT_3D ( 'NONE', #5749, #1243, #7268 ) ;
#2765 = CARTESIAN_POINT ( 'NONE',  ( -39.81317938492168906, 36.94194508560248380, 0.000000000000000000 ) ) ;
#2766 = LINE ( 'NONE', #5654, #8974 ) ;
#2767 = ORIENTED_EDGE ( 'NONE', *, *, #254, .T. ) ;
#2768 = ORIENTED_EDGE ( 'NONE', *, *, #65, .T. ) ;
#2769 = ORIENTED_EDGE ( 'NONE', *, *, #8961, .F. ) ;
#2770 = EDGE_CURVE ( 'NONE', #6624, #5349, #790, .T. ) ;
#2771 = CIRCLE ( 'NONE', #5686, 14.00000000000000000 ) ;
#2772 = EDGE_CURVE ( 'NONE', #2338, #2905, #5682, .T. ) ;
#2773 = LINE ( 'NONE', #4975, #3187 ) ;
#2774 = CARTESIAN_POINT ( 'NONE',  ( -4.929141392239751340, 10.71312500000001933, 11.90000000000003233 ) ) ;
#2775 = DIRECTION ( 'NONE',  ( -1.000000000000000000, -0.000000000000000000, -0.000000000000000000 ) ) ;
#2776 = CARTESIAN_POINT ( 'NONE',  ( -13.44999999999999929, 8.900000000000016342, -13.44999999999999929 ) ) ;
#2777 = CARTESIAN_POINT ( 'NONE',  ( 33.62056046467595394, 0.000000000000000000, 0.000000000000000000 ) ) ;
#2778 = APPROVAL_ROLE ( '' ) ;
#2779 = ORIENTED_EDGE ( 'NONE', *, *, #5854, .F. ) ;
#2780 = ORIENTED_EDGE ( 'NONE', *, *, #5908, .T. ) ;
#2781 = CARTESIAN_POINT ( 'NONE',  ( -2.618097302622898859, -15.92906487933676551, -14.98911151100553951 ) ) ;
#2782 = ORIENTED_EDGE ( 'NONE', *, *, #2050, .T. ) ;
#2783 = DIRECTION ( 'NONE',  ( 1.000000000000000000, -0.000000000000000000, -0.000000000000000000 ) ) ;
#2784 = FACE_OUTER_BOUND ( 'NONE', #6197, .T. ) ;
#2785 = CARTESIAN_POINT ( 'NONE',  ( 14.29000000000000092, -16.37928479431971951, -2.096533254929789258 ) ) ;
#2786 = CARTESIAN_POINT ( 'NONE',  ( 9.069809202314482732, 15.29625000000001478, 9.069809202314353058 ) ) ;
#2787 = VECTOR ( 'NONE', #166, 1000.000000000000000 ) ;
#2788 = PERSON_AND_ORGANIZATION ( #5176, #5070 ) ;
#2789 = ORIENTED_EDGE ( 'NONE', *, *, #9105, .T. ) ;
#2790 = CONICAL_SURFACE ( 'NONE', #8462, 12.69999999999998863, 0.7853981633974418397 ) ;
#2791 = ORIENTED_EDGE ( 'NONE', *, *, #2702, .F. ) ;
#2792 = CARTESIAN_POINT ( 'NONE',  ( -2.619865889632942757, -1.770462177252742242, -14.98809041681921173 ) ) ;
#2793 = CARTESIAN_POINT ( 'NONE',  ( 0.3952250588359064176, 0.000000000000000000, 0.000000000000000000 ) ) ;
#2794 = CYLINDRICAL_SURFACE ( 'NONE', #3721, 11.00000000000000000 ) ;
#2795 = DIRECTION ( 'NONE',  ( -0.000000000000000000, 1.000000000000000000, -0.000000000000000000 ) ) ;
#2796 = VECTOR ( 'NONE', #2187, 1000.000000000000000 ) ;
#2797 = CARTESIAN_POINT ( 'NONE',  ( -15.22582127265071783, 34.29999999999999716, -4.561373325877820406 ) ) ;
#2798 = ORIENTED_EDGE ( 'NONE', *, *, #4262, .F. ) ;
#2799 = PRODUCT_RELATED_PRODUCT_CATEGORY ( 'detail', '', ( #3703 ) ) ;
#2800 = LINE ( 'NONE', #3565, #9017 ) ;
#2801 = VERTEX_POINT ( 'NONE', #4231 ) ;
#2802 = EDGE_CURVE ( 'NONE', #677, #2825, #1618, .T. ) ;
#2803 = AXIS2_PLACEMENT_3D ( 'NONE', #2853, #7210, #3662 ) ;
#2804 = CARTESIAN_POINT ( 'NONE',  ( 9.000000000000001776, -1.199999999999999734, -9.000000000000000000 ) ) ;
#2805 = FACE_BOUND ( 'NONE', #5033, .T. ) ;
#2806 = DIRECTION ( 'NONE',  ( -1.000000000000000000, -0.000000000000000000, -0.000000000000000000 ) ) ;
#2807 = PRODUCT_DEFINITION_SHAPE ( 'NONE', 'NONE',  #9492 ) ;
#2808 = LINE ( 'NONE', #6410, #2836 ) ;
#2809 = EDGE_CURVE ( 'NONE', #7564, #1199, #6753, .T. ) ;
#2810 = ORIENTED_EDGE ( 'NONE', *, *, #5978, .T. ) ;
#2811 = ORIENTED_EDGE ( 'NONE', *, *, #2682, .F. ) ;
#2812 =( BOUNDED_CURVE ( )  B_SPLINE_CURVE ( 2, ( #2926, #9464, #4946, #8647, #4310, #766, #6431, #4223, #4998 ),
 .UNSPECIFIED., .F., .T. ) 
 B_SPLINE_CURVE_WITH_KNOTS ( ( 3, 2, 2, 2, 3 ),
 ( 0.07499315787944216272, 0.07812500000000000000, 0.09374999999999997224, 0.1093749999999999445, 0.1249999999999999306 ),
 .UNSPECIFIED. ) 
 CURVE ( )  GEOMETRIC_REPRESENTATION_ITEM ( )  RATIONAL_B_SPLINE_CURVE ( ( 0.9756014802043071477, 0.9847425736756668657, 1.000000000000000000, 0.9238795325112867385, 1.000000000000000000, 0.9238795325112867385, 1.000000000000000000, 0.9238795325112870716, 0.9999999999999996669 ) ) 
 REPRESENTATION_ITEM ( '' )  );
#2813 = EDGE_LOOP ( 'NONE', ( #3563, #4337 ) ) ;
#2814 = EDGE_CURVE ( 'NONE', #5349, #2229, #7892, .T. ) ;
#2815 = FACE_OUTER_BOUND ( 'NONE', #222, .T. ) ;
#2816 = DIRECTION ( 'NONE',  ( 0.000000000000000000, 0.000000000000000000, -1.000000000000000000 ) ) ;
#2817 = CIRCLE ( 'NONE', #6035, 12.69999999999998863 ) ;
#2818 = CARTESIAN_POINT ( 'NONE',  ( 1.190928323839546277E-15, -8.707163747216046801, 3.968750000000003553 ) ) ;
#2819 = LINE ( 'NONE', #7035, #5402 ) ;
#2820 = CARTESIAN_POINT ( 'NONE',  ( 4.605170801781708789, -10.99852262806237313, 4.928329209517584241E-15 ) ) ;
#2821 = ADVANCED_FACE ( 'NONE', ( #8653 ), #7368, .T. ) ;
#2822 = CALENDAR_DATE ( 2025, 13, 3 ) ;
#2823 = EDGE_CURVE ( 'NONE', #6587, #9115, #1873, .T. ) ;
#2824 = ORIENTED_EDGE ( 'NONE', *, *, #8982, .T. ) ;
#2825 = VERTEX_POINT ( 'NONE', #3601 ) ;
#2826 = AXIS2_PLACEMENT_3D ( 'NONE', #412, #6821, #7744 ) ;
#2827 = CARTESIAN_POINT ( 'NONE',  ( 0.3948291982182989823, 10.99852262806237313, 1.822090932982379196E-15 ) ) ;
#2828 = ORIENTED_EDGE ( 'NONE', *, *, #5987, .F. ) ;
#2829 = CARTESIAN_POINT ( 'NONE',  ( 11.62175118965594223, 17.61977942579262901, -3.323420690746737627 ) ) ;
#2830 = CARTESIAN_POINT ( 'NONE',  ( 12.82664718204939192, 15.37562500000001364, 5.312971222579391473 ) ) ;
#2831 = TOROIDAL_SURFACE ( 'NONE', #2999, 20.24999999999999645, 1.500000000000000666 ) ;
#2832 = PERSON_AND_ORGANIZATION ( #5176, #5070 ) ;
#2833 = DIRECTION ( 'NONE',  ( -1.000000000000000000, 0.000000000000000000, -0.000000000000000000 ) ) ;
#2834 = CARTESIAN_POINT ( 'NONE',  ( -12.82664718204935106, 13.55000000000001670, 8.956799855210031952E-14 ) ) ;
#2835 = ORIENTED_EDGE ( 'NONE', *, *, #5457, .T. ) ;
#2836 = VECTOR ( 'NONE', #7754, 1000.000000000000000 ) ;
#2837 = AXIS2_PLACEMENT_3D ( 'NONE', #7550, #9212, #8330 ) ;
#2838 = VERTEX_POINT ( 'NONE', #7196 ) ;
#2839 = CARTESIAN_POINT ( 'NONE',  ( 0.000000000000000000, 0.000000000000000000, 0.000000000000000000 ) ) ;
#2840 = DIRECTION ( 'NONE',  ( 0.000000000000000000, 0.000000000000000000, 1.000000000000000000 ) ) ;
#2841 = CARTESIAN_POINT ( 'NONE',  ( 0.000000000000000000, 32.79999999999999716, 0.000000000000000000 ) ) ;
#2842 = DIRECTION ( 'NONE',  ( -0.000000000000000000, 1.000000000000000000, 1.224646799147353207E-16 ) ) ;
#2843 = CARTESIAN_POINT ( 'NONE',  ( 5.260512242138204897, 15.62000521535169284, -12.70000000000000284 ) ) ;
#2844 = AXIS2_PLACEMENT_3D ( 'NONE', #5877, #8807, #8855 ) ;
#2845 = CARTESIAN_POINT ( 'NONE',  ( 12.69999999999998508, -1.114436518957424246E-14, 0.000000000000000000 ) ) ;
#2846 = CARTESIAN_POINT ( 'NONE',  ( 9.000000000000001776, -10.80000000000000604, -6.500000000000000888 ) ) ;
#2847 = DIRECTION ( 'NONE',  ( 0.000000000000000000, 1.000000000000000000, 0.000000000000000000 ) ) ;
#2848 = ORIENTED_EDGE ( 'NONE', *, *, #6793, .F. ) ;
#2849 = CARTESIAN_POINT ( 'NONE',  ( 0.000000000000000000, 0.000000000000000000, 13.00000000000000000 ) ) ;
#2850 = ORIENTED_EDGE ( 'NONE', *, *, #2334, .F. ) ;
#2851 =( BOUNDED_CURVE ( )  B_SPLINE_CURVE ( 2, ( #7719, #4843, #6378, #7045, #6994, #2010, #1296, #3402, #4215 ),
 .UNSPECIFIED., .F., .T. ) 
 B_SPLINE_CURVE_WITH_KNOTS ( ( 3, 2, 2, 2, 3 ),
 ( 0.4062500000000000555, 0.4218750000000000000, 0.4374999999999999445, 0.4531249999999998890, 0.4687499999999998335 ),
 .UNSPECIFIED. ) 
 CURVE ( )  GEOMETRIC_REPRESENTATION_ITEM ( )  RATIONAL_B_SPLINE_CURVE ( ( 0.9999999999999997780, 0.9238795325112869605, 1.000000000000000000, 0.9238795325112867385, 1.000000000000000000, 0.9238795325112867385, 1.000000000000000000, 0.9238795325112875156, 0.9999999999999992228 ) ) 
 REPRESENTATION_ITEM ( '' )  );
#2852 = CARTESIAN_POINT ( 'NONE',  ( 11.67190269737711183, -15.92906487933676551, -9.761894529153707367 ) ) ;
#2853 = CARTESIAN_POINT ( 'NONE',  ( 40.20000000000001705, 4.500576986866528725E-16, -3.675000000000004707 ) ) ;
#2854 = ADVANCED_FACE ( 'NONE', ( #639 ), #4317, .T. ) ;
#2855 = DIRECTION ( 'NONE',  ( 0.000000000000000000, 0.000000000000000000, 1.000000000000000000 ) ) ;
#2856 = AXIS2_PLACEMENT_3D ( 'NONE', #5776, #2708, #5731 ) ;
#2857 = ORIENTED_EDGE ( 'NONE', *, *, #4037, .F. ) ;
#2858 = ORIENTED_EDGE ( 'NONE', *, *, #2273, .T. ) ;
#2859 = ORIENTED_EDGE ( 'NONE', *, *, #1220, .T. ) ;
#2860 = PRODUCT ( 'KF16-TB4', 'KF16-TB4', '', ( #4753 ) ) ;
#2861 = FACE_OUTER_BOUND ( 'NONE', #6865, .T. ) ;
#2862 = EDGE_CURVE ( 'NONE', #1186, #6569, #6162, .T. ) ;
#2863 = AXIS2_PLACEMENT_3D ( 'NONE', #5384, #2179, #5434 ) ;
#2864 = LOCAL_TIME ( 22, 23, 34.00000000000000000, #6907 ) ;
#2865 = CARTESIAN_POINT ( 'NONE',  ( 11.44999999999999751, 0.000000000000000000, 0.000000000000000000 ) ) ;
#2866 = DIRECTION ( 'NONE',  ( -1.000000000000000000, -0.000000000000000000, -0.000000000000000000 ) ) ;
#2867 = DIRECTION ( 'NONE',  ( 0.000000000000000000, 0.000000000000000000, 1.000000000000000000 ) ) ;
#2868 = EDGE_CURVE ( 'NONE', #147, #5194, #7226, .T. ) ;
#2869 = CARTESIAN_POINT ( 'NONE',  ( 0.000000000000000000, 0.000000000000000000, 0.000000000000000000 ) ) ;
#2870 = VERTEX_POINT ( 'NONE', #4276 ) ;
#2871 = AXIS2_PLACEMENT_3D ( 'NONE', #9469, #5093, #4178 ) ;
#2872 = ORGANIZATION ( 'NAUO-ORG3', 'UNSPECIFIED', 'UNSPECIFIED' ) ;
#2873 = CARTESIAN_POINT ( 'NONE',  ( 5.299999999999998934, 0.000000000000000000, 0.000000000000000000 ) ) ;
#2874 = ORIENTED_EDGE ( 'NONE', *, *, #4372, .T. ) ;
#2875 = CARTESIAN_POINT ( 'NONE',  ( 14.29000000000000448, -16.44668299636729714, -1.050702047291693475 ) ) ;
#2876 = EDGE_CURVE ( 'NONE', #5528, #4146, #4005, .T. ) ;
#2877 = ADVANCED_FACE ( 'NONE', ( #902 ), #3557, .T. ) ;
#2878 = CARTESIAN_POINT ( 'NONE',  ( -12.82664718204939014, 13.47062500000001961, -5.312971222579394137 ) ) ;
#2879 = AXIS2_PLACEMENT_3D ( 'NONE', #3347, #8288, #2473 ) ;
#2880 =( REPRESENTATION_RELATIONSHIP ('NONE','NONE', #5082, #6122 ) REPRESENTATION_RELATIONSHIP_WITH_TRANSFORMATION ( #5665 )SHAPE_REPRESENTATION_RELATIONSHIP( ) );
#2881 = CIRCLE ( 'NONE', #2856, 19.59999999999999432 ) ;
#2882 = CALENDAR_DATE ( 2025, 13, 3 ) ;
#2883 = CARTESIAN_POINT ( 'NONE',  ( 8.980256121069194464, 14.09936978464833501, 8.980256121069066566 ) ) ;
#2884 = ORIENTED_EDGE ( 'NONE', *, *, #7432, .F. ) ;
#2885 = ORIENTED_EDGE ( 'NONE', *, *, #710, .T. ) ;
#2886 = AXIS2_PLACEMENT_3D ( 'NONE', #7265, #3765, #3578 ) ;
#2887 = DIRECTION ( 'NONE',  ( -1.000000000000000000, -0.000000000000000000, -0.000000000000000000 ) ) ;
#2888 = DIRECTION ( 'NONE',  ( -1.000000000000000000, -9.800697604388738773E-17, 0.000000000000000000 ) ) ;
#2889 = CYLINDRICAL_SURFACE ( 'NONE', #6288, 6.349999999999999645 ) ;
#2890 = CARTESIAN_POINT ( 'NONE',  ( 12.11555136271317501, 17.58444863728682961, -1.145168028406606560E-11 ) ) ;
#2891 = LINE ( 'NONE', #1495, #9442 ) ;
#2892 = AXIS2_PLACEMENT_3D ( 'NONE', #2804, #561, #6405 ) ;
#2893 = LINE ( 'NONE', #778, #7061 ) ;
#2894 = CARTESIAN_POINT ( 'NONE',  ( 12.94999999999999218, 8.899999999999995026, 13.44999999999999929 ) ) ;
#2895 = ORIENTED_EDGE ( 'NONE', *, *, #115, .F. ) ;
#2896 = CARTESIAN_POINT ( 'NONE',  ( 12.37768023345687851, 11.37768023345630120, 0.5245623957795856329 ) ) ;
#2897 = AXIS2_PLACEMENT_3D ( 'NONE', #5073, #7081, #572 ) ;
#2898 = DIRECTION ( 'NONE',  ( 0.000000000000000000, 0.000000000000000000, 1.000000000000000000 ) ) ;
#2899 = FACE_OUTER_BOUND ( 'NONE', #1855, .T. ) ;
#2900 = DIRECTION ( 'NONE',  ( 1.000000000000000000, -8.673617379884044347E-16, 0.000000000000000000 ) ) ;
#2901 = CIRCLE ( 'NONE', #4421, 12.69999999999999751 ) ;
#2902 = DIRECTION ( 'NONE',  ( 1.049727191138618326E-16, -0.5150380749100547106, 0.8571673007021120005 ) ) ;
#2903 = EDGE_LOOP ( 'NONE', ( #3071, #4292 ) ) ;
#2904 = ORIENTED_EDGE ( 'NONE', *, *, #1578, .T. ) ;
#2905 = VERTEX_POINT ( 'NONE', #8924 ) ;
#2906 = DIRECTION ( 'NONE',  ( 0.000000000000000000, -1.224646799147351235E-16, 1.000000000000000000 ) ) ;
#2907 = AXIS2_PLACEMENT_3D ( 'NONE', #3602, #5817, #6525 ) ;
#2908 = CARTESIAN_POINT ( 'NONE',  ( -15.22582127265071783, 30.49999999999999645, -7.561373325877829288 ) ) ;
#2909 = CARTESIAN_POINT ( 'NONE',  ( -12.94999999999999218, 8.900000000000018119, 13.44999999999999929 ) ) ;
#2910 = DIRECTION ( 'NONE',  ( 0.000000000000000000, -1.000000000000000000, 0.000000000000000000 ) ) ;
#2911 = CARTESIAN_POINT ( 'NONE',  ( -14.29000000000000448, -16.37928479431972306, -2.096533254929886070 ) ) ;
#2912 = CONTEXT_DEPENDENT_SHAPE_REPRESENTATION ( #4964, #2807 ) ;
#2913 = EDGE_LOOP ( 'NONE', ( #3858, #8844, #8625, #5112 ) ) ;
#2914 = EDGE_CURVE ( 'NONE', #6211, #4210, #7838, .T. ) ;
#2915 = EDGE_LOOP ( 'NONE', ( #3087, #9068 ) ) ;
#2916 = VECTOR ( 'NONE', #4584, 1000.000000000000000 ) ;
#2917 = PLANE ( 'NONE',  #8337 ) ;
#2918 = EDGE_LOOP ( 'NONE', ( #8858, #1041, #2226, #7505 ) ) ;
#2919 = CC_DESIGN_DATE_AND_TIME_ASSIGNMENT ( #1731, #4023, ( #4540 ) ) ;
#2920 = ADVANCED_FACE ( 'NONE', ( #8187 ), #2121, .T. ) ;
#2921 = CARTESIAN_POINT ( 'NONE',  ( -14.28999999999999737, -1.253080243804249427, 1.045109900475311937 ) ) ;
#2922 = CARTESIAN_POINT ( 'NONE',  ( 8.414570696119856308, 16.34875000000000966, -8.414570696119973547 ) ) ;
#2923 = DIRECTION ( 'NONE',  ( 0.000000000000000000, -0.5150380749100547106, -0.8571673007021120005 ) ) ;
#2924 = B_SPLINE_CURVE_WITH_KNOTS ( 'NONE', 3,
 ( #8007, #7194, #2747, #6349, #9289, #2698, #1261, #2021, #7104, #549, #2792, #6391 ),
 .UNSPECIFIED., .F., .F.,
 ( 4, 2, 2, 2, 2, 4 ),
 ( 2.344180752204068229E-07, 0.003137532069197810410, 0.006274829720320400546, 0.007843478545881693229, 0.009412127371442985044, 0.01254942502256556694 ),
 .UNSPECIFIED. ) ;
#2925 = PERSON_AND_ORGANIZATION_ROLE ( 'design_owner' ) ;
#2926 = CARTESIAN_POINT ( 'NONE',  ( 10.26249793774846353, 11.70000000000000817, -7.481385973047218307 ) ) ;
#2927 = EDGE_LOOP ( 'NONE', ( #5949, #8099, #8556, #9287, #3235, #9102, #9299, #1439, #8672, #6596 ) ) ;
#2928 = EDGE_CURVE ( 'NONE', #4093, #1117, #8606, .T. ) ;
#2929 = CARTESIAN_POINT ( 'NONE',  ( -5.312971222579573549, 14.58187500000001613, -12.82664718204931376 ) ) ;
#2930 = ORIENTED_EDGE ( 'NONE', *, *, #1233, .T. ) ;
#2931 = ORIENTED_EDGE ( 'NONE', *, *, #6212, .T. ) ;
#2932 = ADVANCED_FACE ( 'NONE', ( #3302 ), #3829, .T. ) ;
#2933 = CARTESIAN_POINT ( 'NONE',  ( 4.727964354120389068, -10.54025085189310751, -0.7937499999999958478 ) ) ;
#2934 = AXIS2_PLACEMENT_3D ( 'NONE', #2127, #2077, #1446 ) ;
#2935 = FACE_OUTER_BOUND ( 'NONE', #1221, .T. ) ;
#2936 = CARTESIAN_POINT ( 'NONE',  ( 0.000000000000000000, -15.69047268157664021, 0.000000000000000000 ) ) ;
#2937 = CARTESIAN_POINT ( 'NONE',  ( -8.980256121069192687, 15.85813021535169298, -8.980256121069064790 ) ) ;
#2938 = COORDINATED_UNIVERSAL_TIME_OFFSET ( 8, 0, .AHEAD. ) ;
#2939 = DIRECTION ( 'NONE',  ( 9.614813431917856060E-17, 0.7071067811865487940, 0.7071067811865463515 ) ) ;
#2940 = DIRECTION ( 'NONE',  ( 0.000000000000000000, 1.000000000000000000, 0.000000000000000000 ) ) ;
#2941 = ADVANCED_FACE ( 'NONE', ( #6792 ), #1097, .F. ) ;
#2942 = EDGE_CURVE ( 'NONE', #6533, #4683, #1671, .T. ) ;
#2943 = PRODUCT_DEFINITION_SHAPE ( 'NONE', 'NONE',  #4081 ) ;
#2944 = CIRCLE ( 'NONE', #6468, 11.89999999999998970 ) ;
#2945 = ORIENTED_EDGE ( 'NONE', *, *, #2635, .F. ) ;
#2946 = CARTESIAN_POINT ( 'NONE',  ( 11.69999999999999929, 10.90000000000000036, 0.000000000000000000 ) ) ;
#2947 = ORIENTED_EDGE ( 'NONE', *, *, #6737, .T. ) ;
#2948 = CARTESIAN_POINT ( 'NONE',  ( 1.725874147982898954, -15.69047268157664021, -15.50423678951415951 ) ) ;
#2949 = DIRECTION ( 'NONE',  ( -1.000000000000000000, -0.000000000000000000, -0.000000000000000000 ) ) ;
#2950 = DIRECTION ( 'NONE',  ( -1.000000000000000000, -0.000000000000000000, -0.000000000000000000 ) ) ;
#2951 = ORIENTED_EDGE ( 'NONE', *, *, #7599, .F. ) ;
#2952 = ORIENTED_EDGE ( 'NONE', *, *, #6771, .F. ) ;
#2953 = AXIS2_PLACEMENT_3D ( 'NONE', #5248, #2455, #5346 ) ;
#2954 = ORIENTED_EDGE ( 'NONE', *, *, #5929, .T. ) ;
#2955 = DIRECTION ( 'NONE',  ( 1.000000000000000000, -8.746504920891471725E-16, 0.000000000000000000 ) ) ;
#2956 = CARTESIAN_POINT ( 'NONE',  ( -14.00000000000000711, 8.900000000000018119, 13.44999999999999929 ) ) ;
#2957 = CYLINDRICAL_SURFACE ( 'NONE', #7178, 11.89999999999999858 ) ;
#2958 = CARTESIAN_POINT ( 'NONE',  ( 5.260512242138205785, 15.76624478464833068, -12.70000000000000462 ) ) ;
#2959 = CARTESIAN_POINT ( 'NONE',  ( 5.000000000000000000, 10.99852262806237313, 1.822090932982379196E-15 ) ) ;
#2960 = CARTESIAN_POINT ( 'NONE',  ( -3.174999999999999822, 0.000000000000000000, 13.00000000000000000 ) ) ;
#2961 = VERTEX_POINT ( 'NONE', #7559 ) ;
#2962 = ORIENTED_EDGE ( 'NONE', *, *, #3152, .F. ) ;
#2963 = CARTESIAN_POINT ( 'NONE',  ( 40.20000000000001705, 0.000000000000000000, 3.175000000000004707 ) ) ;
#2964 = CIRCLE ( 'NONE', #2656, 19.70352761804100439 ) ;
#2965 = CARTESIAN_POINT ( 'NONE',  ( 0.000000000000000000, 0.000000000000000000, 0.000000000000000000 ) ) ;
#2966 = CARTESIAN_POINT ( 'NONE',  ( 12.27635182233306921, 0.000000000000000000, 0.000000000000000000 ) ) ;
#2967 = DATE_TIME_ROLE ( 'creation_date' ) ;
#2968 = APPROVAL ( #4983, 'UNKNOWN' ) ;
#2969 = CIRCLE ( 'NONE', #3884, 0.3999999999999988565 ) ;
#2970 = DIRECTION ( 'NONE',  ( 0.8660254037844384856, 0.000000000000000000, -0.5000000000000002220 ) ) ;
#2971 = ORIENTED_EDGE ( 'NONE', *, *, #8558, .T. ) ;
#2972 = CARTESIAN_POINT ( 'NONE',  ( 12.82664718204935106, 15.45500000000001428, -9.113880979362923189E-14 ) ) ;
#2973 = DIRECTION ( 'NONE',  ( 0.000000000000000000, 0.000000000000000000, -1.000000000000000000 ) ) ;
#2974 = CARTESIAN_POINT ( 'NONE',  ( 10.63325712465975492, 11.67507647882132282, -6.930492846439890720 ) ) ;
#2975 = CARTESIAN_POINT ( 'NONE',  ( -12.69999999999999574, 16.09625521535168957, 5.260512242138319472 ) ) ;
#2976 = CARTESIAN_POINT ( 'NONE',  ( 8.414570696119975324, 17.10125000000000739, 8.414570696119856308 ) ) ;
#2977 = EDGE_CURVE ( 'NONE', #8590, #6843, #2427, .T. ) ;
#2978 = CARTESIAN_POINT ( 'NONE',  ( 0.000000000000000000, 17.80000000000000071, 0.000000000000000000 ) ) ;
#2979 = DIRECTION ( 'NONE',  ( -1.000000000000000000, -0.000000000000000000, -0.000000000000000000 ) ) ;
#2980 = DIRECTION ( 'NONE',  ( 0.000000000000000000, 0.000000000000000000, 1.000000000000000000 ) ) ;
#2981 = APPLICATION_PROTOCOL_DEFINITION ( 'international standard', 'config_control_design', 1994, #850 ) ;
#2982 = ADVANCED_FACE ( 'NONE', ( #6234 ), #4160, .T. ) ;
#2983 = CARTESIAN_POINT ( 'NONE',  ( 36.29999999999999716, 0.000000000000000000, 13.50000000000000000 ) ) ;
#2984 = CYLINDRICAL_SURFACE ( 'NONE', #3142, 12.69999999999998508 ) ;
#2985 = TOROIDAL_SURFACE ( 'NONE', #8663, 14.59999999999999964, 0.3999999999999986899 ) ;
#2986 = AXIS2_PLACEMENT_3D ( 'NONE', #3206, #1574, #4548 ) ;
#2987 = VERTEX_POINT ( 'NONE', #1818 ) ;
#2988 = CARTESIAN_POINT ( 'NONE',  ( 11.13401480975760904, 11.19180802702707389, 5.079828235642089851 ) ) ;
#2989 = VERTEX_POINT ( 'NONE', #1766 ) ;
#2990 = EDGE_CURVE ( 'NONE', #6420, #1327, #2944, .T. ) ;
#2991 = AXIS2_PLACEMENT_3D ( 'NONE', #8319, #365, #5971 ) ;
#2992 = ADVANCED_FACE ( 'NONE', ( #8340 ), #6086, .T. ) ;
#2993 = CIRCLE ( 'NONE', #8354, 2.475000000000000089 ) ;
#2994 = CARTESIAN_POINT ( 'NONE',  ( 10.77636534613067809, -16.11891868594210209, -10.27893325996520346 ) ) ;
#2995 = CARTESIAN_POINT ( 'NONE',  ( 6.835616853894461720, 16.99999999999986855, -10.70347337207656757 ) ) ;
#2996 = FACE_OUTER_BOUND ( 'NONE', #4806, .T. ) ;
#2997 = ORIENTED_EDGE ( 'NONE', *, *, #6739, .F. ) ;
#2998 = ORIENTED_EDGE ( 'NONE', *, *, #1937, .F. ) ;
#2999 = AXIS2_PLACEMENT_3D ( 'NONE', #6341, #3409, #5535 ) ;
#3000 = EDGE_LOOP ( 'NONE', ( #7961, #618, #9317, #6286 ) ) ;
#3001 = APPLICATION_CONTEXT ( 'configuration controlled 3d designs of mechanical parts and assemblies' ) ;
#3002 = PLANE ( 'NONE',  #1356 ) ;
#3003 = LINE ( 'NONE', #8863, #570 ) ;
#3004 = CARTESIAN_POINT ( 'NONE',  ( 17.47810899155977893, 2.300000000000001599, 0.000000000000000000 ) ) ;
#3005 = DIRECTION ( 'NONE',  ( 0.000000000000000000, 0.000000000000000000, 1.000000000000000000 ) ) ;
#3006 = DIRECTION ( 'NONE',  ( -0.7071067811865475727, 0.000000000000000000, -0.7071067811865475727 ) ) ;
#3007 = DIRECTION ( 'NONE',  ( 0.000000000000000000, 0.000000000000000000, 1.000000000000000000 ) ) ;
#3008 = ORIENTED_EDGE ( 'NONE', *, *, #4338, .F. ) ;
#3009 = EDGE_LOOP ( 'NONE', ( #5399, #7350, #4194, #3607 ) ) ;
#3010 = VERTEX_POINT ( 'NONE', #4739 ) ;
#3011 = AXIS2_PLACEMENT_3D ( 'NONE', #6109, #6541, #7300 ) ;
#3012 = SECURITY_CLASSIFICATION ( '', '', #631 ) ;
#3013 = CARTESIAN_POINT ( 'NONE',  ( -8.414570696119866966, 13.17375000000001606, 8.414570696119962889 ) ) ;
#3014 = CARTESIAN_POINT ( 'NONE',  ( -12.82664718204935106, 9.740000000000025082, 8.956799855210033214E-14 ) ) ;
#3015 = DIRECTION ( 'NONE',  ( 0.000000000000000000, 0.000000000000000000, -1.000000000000000000 ) ) ;
#3016 = PRODUCT_DEFINITION_SHAPE ( 'NONE', 'NONE',  #1344 ) ;
#3017 = AXIS2_PLACEMENT_3D ( 'NONE', #8951, #5395, #5294 ) ;
#3018 = APPLICATION_PROTOCOL_DEFINITION ( 'international standard', 'config_control_design', 1994, #3977 ) ;
#3019 = CC_DESIGN_APPROVAL ( #2680, ( #2247 ) ) ;
#3020 = CARTESIAN_POINT ( 'NONE',  ( 34.40000000000000568, -5.499261314031191894, -9.524999999999995026 ) ) ;
#3021 = EDGE_LOOP ( 'NONE', ( #5184, #7993, #5643, #1883 ) ) ;
#3022 = EDGE_LOOP ( 'NONE', ( #5068, #3399, #1856, #1376, #2798, #4598 ) ) ;
#3023 = CARTESIAN_POINT ( 'NONE',  ( -11.89999999999996305, 19.44437500000001151, 4.929141392239922759 ) ) ;
#3024 = CARTESIAN_POINT ( 'NONE',  ( 5.299999999999998934, 8.099999999999999645, 0.000000000000000000 ) ) ;
#3025 = DIRECTION ( 'NONE',  ( -1.000000000000000000, -0.000000000000000000, -0.000000000000000000 ) ) ;
#3026 = AXIS2_PLACEMENT_3D ( 'NONE', #2328, #5265, #8384 ) ;
#3027 = AXIS2_PLACEMENT_3D ( 'NONE', #5965, #8755, #5104 ) ;
#3028 = CARTESIAN_POINT ( 'NONE',  ( -11.89999999999996305, 12.89437500000001791, 4.929141392239922759 ) ) ;
#3029 = DIRECTION ( 'NONE',  ( -0.7071067811865474617, 4.903554850278087362E-15, 0.7071067811865474617 ) ) ;
#3030 = LINE ( 'NONE', #3079, #9266 ) ;
#3031 = CARTESIAN_POINT ( 'NONE',  ( 2.663606788145492628E-15, 1.500000000000000222, 21.75000000000000000 ) ) ;
#3032 = DATE_AND_TIME ( #2257, #2242 ) ;
#3033 = CARTESIAN_POINT ( 'NONE',  ( 13.44999999999999929, 19.99999999999999645, 12.94999999999999218 ) ) ;
#3034 = AXIS2_PLACEMENT_3D ( 'NONE', #5160, #2184, #1468 ) ;
#3035 = ORIENTED_EDGE ( 'NONE', *, *, #2096, .F. ) ;
#3036 = EDGE_CURVE ( 'NONE', #5077, #4900, #4469, .T. ) ;
#3037 = DIRECTION ( 'NONE',  ( 1.000000000000000000, 0.000000000000000000, -0.000000000000000000 ) ) ;
#3038 = ORIENTED_EDGE ( 'NONE', *, *, #999, .F. ) ;
#3039 = EDGE_CURVE ( 'NONE', #1653, #5495, #4831, .T. ) ;
#3040 = CIRCLE ( 'NONE', #1973, 13.10000000000000142 ) ;
#3041 = DIRECTION ( 'NONE',  ( 1.000000000000000000, -8.746504920891471725E-16, 0.000000000000000000 ) ) ;
#3042 = CARTESIAN_POINT ( 'NONE',  ( 12.56412585201709931, -15.69047268157663666, -9.246769250645094473 ) ) ;
#3043 = CARTESIAN_POINT ( 'NONE',  ( -1.965893980413407460, 16.99999999999999289, -12.54692236597380983 ) ) ;
#3044 = CARTESIAN_POINT ( 'NONE',  ( 0.000000000000000000, 0.000000000000000000, 0.000000000000000000 ) ) ;
#3045 = ORIENTED_EDGE ( 'NONE', *, *, #8129, .T. ) ;
#3046 = ADVANCED_FACE ( 'NONE', ( #1862 ), #6039, .T. ) ;
#3047 = ORIENTED_EDGE ( 'NONE', *, *, #5876, .F. ) ;
#3048 = AXIS2_PLACEMENT_3D ( 'NONE', #5301, #1805, #8228 ) ;
#3049 = VERTEX_POINT ( 'NONE', #8291 ) ;
#3050 = EDGE_CURVE ( 'NONE', #8966, #5479, #7772, .T. ) ;
#3051 = CYLINDRICAL_SURFACE ( 'NONE', #1656, 15.00000000000000000 ) ;
#3052 = DIRECTION ( 'NONE',  ( -1.000000000000000000, -0.000000000000000000, -0.000000000000000000 ) ) ;
#3053 = CARTESIAN_POINT ( 'NONE',  ( 12.69999999999996909, 16.79811978464832833, -9.023892744153249136E-14 ) ) ;
#3054 = CARTESIAN_POINT ( 'NONE',  ( 1.725874147982891182, -5.311121375574509409E-16, -15.50423678951415773 ) ) ;
#3055 = AXIS2_PLACEMENT_3D ( 'NONE', #3661, #8070, #8022 ) ;
#3056 = DIRECTION ( 'NONE',  ( 1.000000000000000000, 0.000000000000000000, 1.224646799147353207E-16 ) ) ;
#3057 = CARTESIAN_POINT ( 'NONE',  ( -8.308988999489114440E-14, 11.22750000000002046, -11.89999999999999858 ) ) ;
#3058 = ORIENTED_EDGE ( 'NONE', *, *, #637, .F. ) ;
#3059 = EDGE_CURVE ( 'NONE', #4597, #2384, #1881, .T. ) ;
#3060 = ORIENTED_EDGE ( 'NONE', *, *, #2376, .F. ) ;
#3061 = EDGE_CURVE ( 'NONE', #2838, #8856, #3860, .T. ) ;
#3062 = ORIENTED_EDGE ( 'NONE', *, *, #879, .F. ) ;
#3063 = B_SPLINE_CURVE_WITH_KNOTS ( 'NONE', 3,
 ( #5752, #2781, #8686, #7229, #580, #669, #713, #3588, #1432, #8043, #3497, #1293 ),
 .UNSPECIFIED., .F., .F.,
 ( 4, 2, 2, 2, 2, 4 ),
 ( 2.344180752191477614E-07, 0.003137532069197807808, 0.006274829720320397076, 0.007843478545881688024, 0.009412127371442978105, 0.01254942502256556520 ),
 .UNSPECIFIED. ) ;
#3064 = CARTESIAN_POINT ( 'NONE',  ( -8.414570696120009075, 12.85625000000001705, -8.414570696119820781 ) ) ;
#3065 = CARTESIAN_POINT ( 'NONE',  ( -11.89999999999999858, 15.55500000000001037, 8.309725586446653599E-14 ) ) ;
#3066 = CARTESIAN_POINT ( 'NONE',  ( 5.312971222579394137, 10.61312500000002323, -12.82664718204939014 ) ) ;
#3067 = CARTESIAN_POINT ( 'NONE',  ( 34.40000000000000568, -5.499261314031186565, 9.525000000000002132 ) ) ;
#3068 = AXIS2_PLACEMENT_3D ( 'NONE', #1472, #5935, #8866 ) ;
#3069 = PERSON_AND_ORGANIZATION_ROLE ( 'creator' ) ;
#3070 = DIRECTION ( 'NONE',  ( -0.000000000000000000, -1.000000000000000000, -0.000000000000000000 ) ) ;
#3071 = ORIENTED_EDGE ( 'NONE', *, *, #3448, .T. ) ;
#3072 = ORIENTED_EDGE ( 'NONE', *, *, #1829, .T. ) ;
#3073 = CARTESIAN_POINT ( 'NONE',  ( 11.90000000000003588, 17.38062500000001265, 4.929141392239745123 ) ) ;
#3074 = DIRECTION ( 'NONE',  ( 0.000000000000000000, 0.000000000000000000, -1.000000000000000000 ) ) ;
#3075 = DIRECTION ( 'NONE',  ( -1.000000000000000000, -0.000000000000000000, -0.000000000000000000 ) ) ;
#3076 = APPROVAL_PERSON_ORGANIZATION ( #5805, #8313, #5676 ) ;
#3077 = CARTESIAN_POINT ( 'NONE',  ( -8.414570696119854532, 16.78375000000001194, 8.414570696119975324 ) ) ;
#3078 = DIRECTION ( 'NONE',  ( -1.000000000000000000, -0.000000000000000000, -0.000000000000000000 ) ) ;
#3079 = CARTESIAN_POINT ( 'NONE',  ( 12.94999999999999218, -11.19999999999999929, -12.94999999999999218 ) ) ;
#3080 = FACE_OUTER_BOUND ( 'NONE', #1699, .T. ) ;
#3081 = APPROVAL_STATUS ( 'not_yet_approved' ) ;
#3082 = DIRECTION ( 'NONE',  ( -1.000000000000000000, 0.000000000000000000, -0.000000000000000000 ) ) ;
#3083 = DIRECTION ( 'NONE',  ( -1.000000000000000000, 0.000000000000000000, 0.000000000000000000 ) ) ;
#3084 = ORIENTED_EDGE ( 'NONE', *, *, #6664, .T. ) ;
#3085 = CARTESIAN_POINT ( 'NONE',  ( 12.94999999999999218, 9.400000000000000355, 12.94999999999999218 ) ) ;
#3086 = AXIS2_PLACEMENT_3D ( 'NONE', #9042, #450, #3455 ) ;
#3087 = ORIENTED_EDGE ( 'NONE', *, *, #7497, .T. ) ;
#3088 = DIRECTION ( 'NONE',  ( 0.000000000000000000, 0.000000000000000000, -1.000000000000000000 ) ) ;
#3089 = DIRECTION ( 'NONE',  ( 0.000000000000000000, 0.000000000000000000, 1.000000000000000000 ) ) ;
#3090 = CARTESIAN_POINT ( 'NONE',  ( -5.516355906948835042, 17.03844431185053665, -11.42067067984531192 ) ) ;
#3091 = CC_DESIGN_PERSON_AND_ORGANIZATION_ASSIGNMENT ( #2788, #2063, ( #7142 ) ) ;
#3092 = EDGE_CURVE ( 'NONE', #172, #3483, #7761, .T. ) ;
#3093 = ORIENTED_EDGE ( 'NONE', *, *, #2814, .F. ) ;
#3094 = ORIENTED_EDGE ( 'NONE', *, *, #870, .T. ) ;
#3095 = ORIENTED_EDGE ( 'NONE', *, *, #2508, .F. ) ;
#3096 = CARTESIAN_POINT ( 'NONE',  ( -1.725874147982918050, -2.009527318423362185, 15.50423678951415596 ) ) ;
#3097 = LINE ( 'NONE', #7450, #3162 ) ;
#3098 = DIRECTION ( 'NONE',  ( -0.000000000000000000, -1.000000000000000000, -0.000000000000000000 ) ) ;
#3099 = EDGE_CURVE ( 'NONE', #9104, #2051, #9314, .T. ) ;
#3100 = CARTESIAN_POINT ( 'NONE',  ( -14.00000000000000178, -10.69999999999999041, -13.44999999999999929 ) ) ;
#3101 = DIRECTION ( 'NONE',  ( 1.224646799147353207E-16, -1.074638673853645534E-31, 1.000000000000000000 ) ) ;
#3102 = AXIS2_PLACEMENT_3D ( 'NONE', #1560, #838, #7400 ) ;
#3103 = EDGE_CURVE ( 'NONE', #3284, #5587, #4623, .T. ) ;
#3104 = ORIENTED_EDGE ( 'NONE', *, *, #9084, .F. ) ;
#3105 = VERTEX_POINT ( 'NONE', #9362 ) ;
#3106 = VERTEX_POINT ( 'NONE', #481 ) ;
#3107 = CARTESIAN_POINT ( 'NONE',  ( 39.00000000000000000, 0.000000000000000000, 6.750000000000000888 ) ) ;
#3108 = AXIS2_PLACEMENT_3D ( 'NONE', #1273, #4873, #4966 ) ;
#3109 = CARTESIAN_POINT ( 'NONE',  ( -13.79999999999999893, 2.299999999999993161, 0.000000000000000000 ) ) ;
#3110 = EDGE_CURVE ( 'NONE', #6492, #4818, #4979, .T. ) ;
#3111 = DIRECTION ( 'NONE',  ( -1.000000000000000000, -0.000000000000000000, -0.000000000000000000 ) ) ;
#3112 = EDGE_CURVE ( 'NONE', #2532, #1798, #6321, .T. ) ;
#3113 = DATE_TIME_ROLE ( 'classification_date' ) ;
#3114 = DIRECTION ( 'NONE',  ( 0.000000000000000000, 0.000000000000000000, 1.000000000000000000 ) ) ;
#3115 = EDGE_LOOP ( 'NONE', ( #886, #4854 ) ) ;
#3116 = ORIENTED_EDGE ( 'NONE', *, *, #4197, .F. ) ;
#3117 = VECTOR ( 'NONE', #7108, 1000.000000000000000 ) ;
#3118 = CARTESIAN_POINT ( 'NONE',  ( -8.414570696119973547, 20.47625000000000028, -8.414570696119856308 ) ) ;
#3119 =( BOUNDED_SURFACE ( )  B_SPLINE_SURFACE ( 1, 2, ( 
 ( #6971, #7798, #8618, #4140, #3335, #2030, #512, #3426, #7166, #7837, #5859, #8572, #4188, #7114, #3474, #7019, #9346, #5692, #4963, #1322, #4242, #609, #9395, #2208, #3379, #6312, #7696, #9254, #1132, #4043, #2659, #5599, #8524, #1943, #3122, #5186, #2299, #6754, #160, #4556, #6704, #63, #2976, #8202, #5235, #3697, #3077, #1679, #8934, #4603, #7378, #5905, #4410, #8153, #6051, #1582, #772, #8987, #4506, #862, #7519, #2343, #3168, #6005, #7423, #3791, #8835, #3837, #5280, #961, #1629, #4457, #2389, #256, #7472, #210, #813, #912, #2253, #5329, #8252, #7334, #3883, #6613, #6804, #6099, #9035, #5139, #8054, #3740, #1493, #8103, #1538, #6657, #110, #3028, #5955, #8887, #7673, #1205, #4748, #6903, #9185, #8450, #6946, #7047, #4120, #4845, #344, #9131, #3978, #3931, #298, #5483, #8401, #491, #3407, #4700, #3214, #5376, #4650, #7773, #2588, #6337, #2437, #8300, #6146, #4797, #1156 ),
 ( #1727, #1919, #1830, #392, #3264, #2538, #1108, #7627, #5533, #7570, #1011, #6851, #9082, #7721, #4069, #2486, #6190, #1874, #5426, #8349, #1780, #4019, #3311, #6243, #6996, #446, #1060, #3359, #6292, #9233, #2634, #5580, #8501, #630, #7232, #7185, #7954, #5083, #4168, #1252, #6517, #8597, #7998, #3638, #2012, #4995, #6427, #1389, #672, #9323, #9372, #4306, #4265, #8691, #1347, #7096, #537, #2830, #2786, #7820, #3546, #5803, #6474, #8735, #4943, #3452, #8548, #5716, #3591, #8644, #4894, #9457, #2059, #7912, #2153, #9415, #7276, #5758, #2108, #5040, #6380, #2878, #1434, #4353, #716, #7863, #9279, #2687, #5623, #1969, #1300, #2737, #5673, #4219, #7139, #584, #3501, #5126, #1617, #7511, #5944, #3828, #7462, #8828, #2378, #1570, #951, #6563, #198, #901, #2244, #5177, #2289, #5312, #8877, #1528, #3777, #3066, #4492, #1670, #8239, #8972, #4446, #3730, #8096, #8047, #4400, #101, #3014 ) ),
 .UNSPECIFIED., .F., .F., .F. ) 
 B_SPLINE_SURFACE_WITH_KNOTS ( ( 2, 2 ),
 ( 3, 2, 2, 2, 2, 2, 2, 2, 2, 2, 2, 2, 2, 2, 2, 2, 2, 2, 2, 2, 2, 2, 2, 2, 2, 2, 2, 2, 2, 2, 2, 2, 2, 2, 2, 2, 2, 2, 2, 2, 2, 2, 2, 2, 2, 2, 2, 2, 2, 2, 2, 2, 2, 2, 2, 2, 2, 2, 2, 2, 2, 2, 2, 2, 3 ),
 ( 0.000000000000000000, 1.000000000000000000 ),
 ( 0.000000000000000000, 0.01562500000000000000, 0.03125000000000000000, 0.04687500000000000000, 0.06250000000000000000, 0.07812500000000000000, 0.09375000000000000000, 0.1093750000000000000, 0.1250000000000000000, 0.1406250000000000000, 0.1562500000000000000, 0.1718750000000000000, 0.1875000000000000000, 0.2031250000000000000, 0.2187500000000000000, 0.2343750000000000000, 0.2500000000000000000, 0.2656250000000000000, 0.2812500000000000000, 0.2968750000000000000, 0.3125000000000000000, 0.3281250000000000000, 0.3437500000000000000, 0.3593750000000000000, 0.3750000000000000000, 0.3906250000000000000, 0.4062500000000000000, 0.4218750000000000000, 0.4375000000000000000, 0.4531250000000000000, 0.4687500000000000000, 0.4843750000000000000, 0.5000000000000000000, 0.5156250000000000000, 0.5312500000000000000, 0.5468750000000000000, 0.5625000000000000000, 0.5781250000000000000, 0.5937500000000000000, 0.6093750000000000000, 0.6250000000000000000, 0.6406250000000000000, 0.6562500000000000000, 0.6718750000000000000, 0.6875000000000000000, 0.7031250000000000000, 0.7187500000000000000, 0.7343750000000000000, 0.7500000000000000000, 0.7656250000000000000, 0.7812500000000000000, 0.7968750000000000000, 0.8125000000000000000, 0.8281250000000000000, 0.8437500000000000000, 0.8593750000000000000, 0.8750000000000000000, 0.8906250000000000000, 0.9062500000000000000, 0.9218750000000000000, 0.9375000000000000000, 0.9531250000000000000, 0.9687500000000000000, 0.9843750000000000000, 1.000000000000000000 ),
 .UNSPECIFIED. ) 
 GEOMETRIC_REPRESENTATION_ITEM ( )  RATIONAL_B_SPLINE_SURFACE ( (
 ( 1.000000000000000000, 0.9238795325112867385, 1.000000000000000000, 0.9238795325112867385, 1.000000000000000000, 0.9238795325112867385, 1.000000000000000000, 0.9238795325112867385, 1.000000000000000000, 0.9238795325112867385, 1.000000000000000000, 0.9238795325112867385, 1.000000000000000000, 0.9238795325112867385, 1.000000000000000000, 0.9238795325112867385, 1.000000000000000000, 0.9238795325112867385, 1.000000000000000000, 0.9238795325112867385, 1.000000000000000000, 0.9238795325112867385, 1.000000000000000000, 0.9238795325112867385, 1.000000000000000000, 0.9238795325112867385, 1.000000000000000000, 0.9238795325112867385, 1.000000000000000000, 0.9238795325112867385, 1.000000000000000000, 0.9238795325112867385, 1.000000000000000000, 0.9238795325112867385, 1.000000000000000000, 0.9238795325112867385, 1.000000000000000000, 0.9238795325112867385, 1.000000000000000000, 0.9238795325112867385, 1.000000000000000000, 0.9238795325112867385, 1.000000000000000000, 0.9238795325112867385, 1.000000000000000000, 0.9238795325112867385, 1.000000000000000000, 0.9238795325112867385, 1.000000000000000000, 0.9238795325112867385, 1.000000000000000000, 0.9238795325112867385, 1.000000000000000000, 0.9238795325112867385, 1.000000000000000000, 0.9238795325112867385, 1.000000000000000000, 0.9238795325112867385, 1.000000000000000000, 0.9238795325112867385, 1.000000000000000000, 0.9238795325112867385, 1.000000000000000000, 0.9238795325112867385, 1.000000000000000000, 0.9238795325112867385, 1.000000000000000000, 0.9238795325112867385, 1.000000000000000000, 0.9238795325112867385, 1.000000000000000000, 0.9238795325112867385, 1.000000000000000000, 0.9238795325112867385, 1.000000000000000000, 0.9238795325112867385, 1.000000000000000000, 0.9238795325112867385, 1.000000000000000000, 0.9238795325112867385, 1.000000000000000000, 0.9238795325112867385, 1.000000000000000000, 0.9238795325112867385, 1.000000000000000000, 0.9238795325112867385, 1.000000000000000000, 0.9238795325112867385, 1.000000000000000000, 0.9238795325112867385, 1.000000000000000000, 0.9238795325112867385, 1.000000000000000000, 0.9238795325112867385, 1.000000000000000000, 0.9238795325112867385, 1.000000000000000000, 0.9238795325112867385, 1.000000000000000000, 0.9238795325112867385, 1.000000000000000000, 0.9238795325112867385, 1.000000000000000000, 0.9238795325112867385, 1.000000000000000000, 0.9238795325112867385, 1.000000000000000000, 0.9238795325112867385, 1.000000000000000000, 0.9238795325112867385, 1.000000000000000000, 0.9238795325112867385, 1.000000000000000000, 0.9238795325112867385, 1.000000000000000000, 0.9238795325112867385, 1.000000000000000000, 0.9238795325112867385, 1.000000000000000000, 0.9238795325112867385, 1.000000000000000000, 0.9238795325112867385, 1.000000000000000000, 0.9238795325112867385, 1.000000000000000000, 0.9238795325112867385, 1.000000000000000000, 0.9238795325112867385, 1.000000000000000000),
 ( 1.000000000000000000, 0.9238795325112867385, 1.000000000000000000, 0.9238795325112867385, 1.000000000000000000, 0.9238795325112867385, 1.000000000000000000, 0.9238795325112867385, 1.000000000000000000, 0.9238795325112867385, 1.000000000000000000, 0.9238795325112867385, 1.000000000000000000, 0.9238795325112867385, 1.000000000000000000, 0.9238795325112867385, 1.000000000000000000, 0.9238795325112867385, 1.000000000000000000, 0.9238795325112867385, 1.000000000000000000, 0.9238795325112867385, 1.000000000000000000, 0.9238795325112867385, 1.000000000000000000, 0.9238795325112867385, 1.000000000000000000, 0.9238795325112867385, 1.000000000000000000, 0.9238795325112867385, 1.000000000000000000, 0.9238795325112867385, 1.000000000000000000, 0.9238795325112867385, 1.000000000000000000, 0.9238795325112867385, 1.000000000000000000, 0.9238795325112867385, 1.000000000000000000, 0.9238795325112867385, 1.000000000000000000, 0.9238795325112867385, 1.000000000000000000, 0.9238795325112867385, 1.000000000000000000, 0.9238795325112867385, 1.000000000000000000, 0.9238795325112867385, 1.000000000000000000, 0.9238795325112867385, 1.000000000000000000, 0.9238795325112867385, 1.000000000000000000, 0.9238795325112867385, 1.000000000000000000, 0.9238795325112867385, 1.000000000000000000, 0.9238795325112867385, 1.000000000000000000, 0.9238795325112867385, 1.000000000000000000, 0.9238795325112867385, 1.000000000000000000, 0.9238795325112867385, 1.000000000000000000, 0.9238795325112867385, 1.000000000000000000, 0.9238795325112867385, 1.000000000000000000, 0.9238795325112867385, 1.000000000000000000, 0.9238795325112867385, 1.000000000000000000, 0.9238795325112867385, 1.000000000000000000, 0.9238795325112867385, 1.000000000000000000, 0.9238795325112867385, 1.000000000000000000, 0.9238795325112867385, 1.000000000000000000, 0.9238795325112867385, 1.000000000000000000, 0.9238795325112867385, 1.000000000000000000, 0.9238795325112867385, 1.000000000000000000, 0.9238795325112867385, 1.000000000000000000, 0.9238795325112867385, 1.000000000000000000, 0.9238795325112867385, 1.000000000000000000, 0.9238795325112867385, 1.000000000000000000, 0.9238795325112867385, 1.000000000000000000, 0.9238795325112867385, 1.000000000000000000, 0.9238795325112867385, 1.000000000000000000, 0.9238795325112867385, 1.000000000000000000, 0.9238795325112867385, 1.000000000000000000, 0.9238795325112867385, 1.000000000000000000, 0.9238795325112867385, 1.000000000000000000, 0.9238795325112867385, 1.000000000000000000, 0.9238795325112867385, 1.000000000000000000, 0.9238795325112867385, 1.000000000000000000, 0.9238795325112867385, 1.000000000000000000, 0.9238795325112867385, 1.000000000000000000, 0.9238795325112867385, 1.000000000000000000, 0.9238795325112867385, 1.000000000000000000, 0.9238795325112867385, 1.000000000000000000, 0.9238795325112867385, 1.000000000000000000, 0.9238795325112867385, 1.000000000000000000) ) ) 
 REPRESENTATION_ITEM ( '' )  SURFACE ( )  );
#3120 = DIRECTION ( 'NONE',  ( -1.000000000000000000, -0.000000000000000000, -0.000000000000000000 ) ) ;
#3121 = CARTESIAN_POINT ( 'NONE',  ( 33.69999999999999574, 0.000000000000000000, 0.000000000000000000 ) ) ;
#3122 = CARTESIAN_POINT ( 'NONE',  ( -8.414570696119973547, 17.73625000000000895, -8.414570696119856308 ) ) ;
#3123 = CIRCLE ( 'NONE', #3277, 1.000000000000000444 ) ;
#3124 = LINE ( 'NONE', #3793, #4904 ) ;
#3125 = CARTESIAN_POINT ( 'NONE',  ( -12.44999999999999929, 5.742042389534210651E-16, -4.688733431983854061 ) ) ;
#3126 = DIRECTION ( 'NONE',  ( 0.000000000000000000, -0.8660254037844388186, -0.4999999999999998335 ) ) ;
#3127 = CALENDAR_DATE ( 2025, 13, 3 ) ;
#3128 = LINE ( 'NONE', #6056, #1253 ) ;
#3129 = DIRECTION ( 'NONE',  ( -1.000000000000000000, -0.000000000000000000, -0.000000000000000000 ) ) ;
#3130 = LINE ( 'NONE', #1018, #7596 ) ;
#3131 = LINE ( 'NONE', #5712, #8218 ) ;
#3132 = EDGE_LOOP ( 'NONE', ( #9027, #8491 ) ) ;
#3133 = CARTESIAN_POINT ( 'NONE',  ( 1.151658749357196449E-13, 15.67250000000001364, 11.89999999999999858 ) ) ;
#3134 = CARTESIAN_POINT ( 'NONE',  ( 4.999999999999997335, -0.9122839195842814553, 9.525000000000000355 ) ) ;
#3135 = CARTESIAN_POINT ( 'NONE',  ( -1.035053568989334094, 1.457704820209388075, 1.787450156796368095 ) ) ;
#3136 = VECTOR ( 'NONE', #1277, 1000.000000000000000 ) ;
#3137 = AXIS2_PLACEMENT_3D ( 'NONE', #6801, #1826, #4017 ) ;
#3138 = CARTESIAN_POINT ( 'NONE',  ( 0.000000000000000000, 32.79999999999999716, 0.000000000000000000 ) ) ;
#3139 = ORIENTED_EDGE ( 'NONE', *, *, #3984, .T. ) ;
#3140 = ORIENTED_EDGE ( 'NONE', *, *, #8023, .F. ) ;
#3141 = CIRCLE ( 'NONE', #5900, 3.703925678971643265 ) ;
#3142 = AXIS2_PLACEMENT_3D ( 'NONE', #4103, #7202, #5822 ) ;
#3143 = CARTESIAN_POINT ( 'NONE',  ( 0.000000000000000000, 0.000000000000000000, 0.000000000000000000 ) ) ;
#3144 = DIRECTION ( 'NONE',  ( -1.000000000000000000, -0.000000000000000000, -0.000000000000000000 ) ) ;
#3145 = EDGE_CURVE ( 'NONE', #3970, #6225, #5962, .T. ) ;
#3146 = DIRECTION ( 'NONE',  ( -1.000000000000000000, -0.000000000000000000, -0.000000000000000000 ) ) ;
#3147 = DIRECTION ( 'NONE',  ( -1.000000000000000000, -0.000000000000000000, -0.000000000000000000 ) ) ;
#3148 = DIRECTION ( 'NONE',  ( 0.000000000000000000, 0.000000000000000000, 1.000000000000000000 ) ) ;
#3149 = ORIENTED_EDGE ( 'NONE', *, *, #8562, .F. ) ;
#3150 = VERTEX_POINT ( 'NONE', #1193 ) ;
#3151 = EDGE_LOOP ( 'NONE', ( #2731, #6668 ) ) ;
#3152 = EDGE_CURVE ( 'NONE', #2360, #8182, #3707, .T. ) ;
#3153 = PLANE ( 'NONE',  #883 ) ;
#3154 = CARTESIAN_POINT ( 'NONE',  ( -4.929141392239914765, 15.31687500000001023, -11.89999999999996483 ) ) ;
#3155 = DIRECTION ( 'NONE',  ( -1.000000000000000000, -0.000000000000000000, -0.000000000000000000 ) ) ;
#3156 = EDGE_CURVE ( 'NONE', #309, #2173, #797, .T. ) ;
#3157 = CARTESIAN_POINT ( 'NONE',  ( 7.349999999999999645, -3.084843528204037854E-15, 0.000000000000000000 ) ) ;
#3158 = FACE_OUTER_BOUND ( 'NONE', #757, .T. ) ;
#3159 = SECURITY_CLASSIFICATION_LEVEL ( 'unclassified' ) ;
#3160 = CARTESIAN_POINT ( 'NONE',  ( -1.929386537009424307, 2.193008021375984828, -0.7064858967516580712 ) ) ;
#3161 = ORIENTED_EDGE ( 'NONE', *, *, #364, .T. ) ;
#3162 = VECTOR ( 'NONE', #6026, 1000.000000000000000 ) ;
#3163 = CARTESIAN_POINT ( 'NONE',  ( -8.414570696119854532, 19.52375000000000327, 8.414570696119975324 ) ) ;
#3164 = EDGE_CURVE ( 'NONE', #5342, #7318, #573, .T. ) ;
#3165 = ADVANCED_FACE ( 'NONE', ( #4059 ), #201, .F. ) ;
#3166 = CARTESIAN_POINT ( 'NONE',  ( -7.528353979013985509, 11.19333881964645805, -9.600023989892676468 ) ) ;
#3167 = CARTESIAN_POINT ( 'NONE',  ( -12.40455242486761200, 17.19791561265896718, 1.610476656462467737 ) ) ;
#3168 = CARTESIAN_POINT ( 'NONE',  ( -8.414570696119854532, 15.51375000000001236, 8.414570696119975324 ) ) ;
#3169 = VECTOR ( 'NONE', #5269, 1000.000000000000000 ) ;
#3170 = CC_DESIGN_APPROVAL ( #8313, ( #8614 ) ) ;
#3171 = CARTESIAN_POINT ( 'NONE',  ( 31.20000000000000284, 0.000000000000000000, 0.000000000000000000 ) ) ;
#3172 = CARTESIAN_POINT ( 'NONE',  ( 4.929141392239733577, 12.61812500000001691, -11.90000000000003944 ) ) ;
#3173 = DIRECTION ( 'NONE',  ( 0.9848077530122075762, 0.000000000000000000, -0.1736481776669327737 ) ) ;
#3174 = APPROVAL_ROLE ( '' ) ;
#3175 = DIRECTION ( 'NONE',  ( -0.000000000000000000, 1.000000000000000000, 0.000000000000000000 ) ) ;
#3176 = CARTESIAN_POINT ( 'NONE',  ( -9.000000000000001776, -1.199999999999999734, 9.000000000000000000 ) ) ;
#3177 =( BOUNDED_CURVE ( )  B_SPLINE_CURVE ( 2, ( #6003, #2975, #6305, #1402, #2212, #2166, #2123, #774, #8976 ),
 .UNSPECIFIED., .F., .T. ) 
 B_SPLINE_CURVE_WITH_KNOTS ( ( 3, 2, 2, 2, 3 ),
 ( 0.4999999999999997224, 0.5156249999999997780, 0.5312499999999997780, 0.5468749999999998890, 0.5624999999999998890 ),
 .UNSPECIFIED. ) 
 CURVE ( )  GEOMETRIC_REPRESENTATION_ITEM ( )  RATIONAL_B_SPLINE_CURVE ( ( 1.000000000000001332, 0.9238795325112854062, 1.000000000000000000, 0.9238795325112867385, 1.000000000000000000, 0.9238795325112867385, 1.000000000000000000, 0.9238795325112872936, 0.9999999999999994449 ) ) 
 REPRESENTATION_ITEM ( '' )  );
#3178 = LINE ( 'NONE', #8308, #7284 ) ;
#3179 = EDGE_CURVE ( 'NONE', #3237, #4840, #2819, .T. ) ;
#3180 = AXIS2_PLACEMENT_3D ( 'NONE', #6145, #6802, #1059 ) ;
#3181 = DIRECTION ( 'NONE',  ( -8.775090700452169195E-16, -1.000000000000000000, -0.000000000000000000 ) ) ;
#3182 = SECURITY_CLASSIFICATION ( '', '', #2729 ) ;
#3183 = ORIENTED_EDGE ( 'NONE', *, *, #870, .F. ) ;
#3184 = CARTESIAN_POINT ( 'NONE',  ( 12.27635182233307987, 0.000000000000000000, 3.703925678971643265 ) ) ;
#3185 = CARTESIAN_POINT ( 'NONE',  ( 12.56412585201708687, 5.311121375574489688E-16, 9.246769250645106908 ) ) ;
#3186 = PLANE ( 'NONE',  #4637 ) ;
#3187 = VECTOR ( 'NONE', #4109, 1000.000000000000000 ) ;
#3188 = CARTESIAN_POINT ( 'NONE',  ( 1.122512155537489559E-13, 16.94250000000000966, 11.89999999999999858 ) ) ;
#3189 = ORIENTED_EDGE ( 'NONE', *, *, #3556, .F. ) ;
#3190 = CARTESIAN_POINT ( 'NONE',  ( 13.79999999999999716, 0.000000000000000000, 0.000000000000000000 ) ) ;
#3191 = AXIS2_PLACEMENT_3D ( 'NONE', #763, #6601, #5223 ) ;
#3192 = DIRECTION ( 'NONE',  ( 0.000000000000000000, 0.000000000000000000, 1.000000000000000000 ) ) ;
#3193 = CARTESIAN_POINT ( 'NONE',  ( -12.69999999999988560, 16.24249478464833629, 5.260512242138434047 ) ) ;
#3194 = CARTESIAN_POINT ( 'NONE',  ( 13.44999999999999929, 0.000000000000000000, -8.252653961416930528 ) ) ;
#3195 = DIRECTION ( 'NONE',  ( 1.000000000000000000, -8.775090700452170181E-16, 0.000000000000000000 ) ) ;
#3196 = CIRCLE ( 'NONE', #4118, 2.299999999999999822 ) ;
#3197 = CARTESIAN_POINT ( 'NONE',  ( -7.726057123094974125E-14, 13.96750000000001535, -11.89999999999999858 ) ) ;
#3198 = ORIENTED_EDGE ( 'NONE', *, *, #3036, .T. ) ;
#3199 = EDGE_LOOP ( 'NONE', ( #3962, #7769, #2705, #3469 ) ) ;
#3200 = ORIENTED_EDGE ( 'NONE', *, *, #5929, .F. ) ;
#3201 = CIRCLE ( 'NONE', #2897, 2.700000000000002842 ) ;
#3202 = CARTESIAN_POINT ( 'NONE',  ( 14.00000000000000000, 0.000000000000000000, 0.000000000000000000 ) ) ;
#3203 = CARTESIAN_POINT ( 'NONE',  ( -5.260512242138207561, 13.71500521535169703, 12.70000000000000107 ) ) ;
#3204 = EDGE_CURVE ( 'NONE', #5011, #5618, #7525, .T. ) ;
#3205 = PERSON_AND_ORGANIZATION ( #377, #2104 ) ;
#3206 = CARTESIAN_POINT ( 'NONE',  ( 1.561966144680487038E-14, 17.80000000000001137, 0.000000000000000000 ) ) ;
#3207 = ORIENTED_EDGE ( 'NONE', *, *, #802, .F. ) ;
#3208 = VECTOR ( 'NONE', #7117, 1000.000000000000000 ) ;
#3209 = CC_DESIGN_PERSON_AND_ORGANIZATION_ASSIGNMENT ( #6475, #6342, ( #8614 ) ) ;
#3210 = CARTESIAN_POINT ( 'NONE',  ( -9.069809202314482732, 12.12125000000001940, -9.069809202314353058 ) ) ;
#3211 = EDGE_CURVE ( 'NONE', #309, #1071, #8537, .T. ) ;
#3212 = CARTESIAN_POINT ( 'NONE',  ( -12.13643577123406203, 11.28881516175752431, -1.970045259178705432 ) ) ;
#3213 = CYLINDRICAL_SURFACE ( 'NONE', #3180, 11.89999999999999858 ) ;
#3214 = CARTESIAN_POINT ( 'NONE',  ( 8.414570696119856308, 11.06875000000001918, -8.414570696119973547 ) ) ;
#3215 = CIRCLE ( 'NONE', #2439, 3.674999999999999822 ) ;
#3216 = LINE ( 'NONE', #4507, #9207 ) ;
#3217 = DIRECTION ( 'NONE',  ( 0.000000000000000000, -1.224646799147352961E-16, 1.000000000000000000 ) ) ;
#3218 = ADVANCED_FACE ( 'NONE', ( #5028 ), #9247, .F. ) ;
#3219 = CARTESIAN_POINT ( 'NONE',  ( -8.965523947390061453E-14, 17.77750000000000341, -11.89999999999999858 ) ) ;
#3220 = DATE_TIME_ROLE ( 'creation_date' ) ;
#3221 = CARTESIAN_POINT ( 'NONE',  ( 4.605170801781709677, -5.499261314031190118, -9.524999999999996803 ) ) ;
#3222 = DIRECTION ( 'NONE',  ( 0.000000000000000000, 0.000000000000000000, -1.000000000000000000 ) ) ;
#3223 = CARTESIAN_POINT ( 'NONE',  ( 13.44999999999999929, 19.99999999999999645, -12.94999999999999218 ) ) ;
#3224 = EDGE_CURVE ( 'NONE', #3257, #7248, #6506, .T. ) ;
#3225 =( GEOMETRIC_REPRESENTATION_CONTEXT ( 3 ) GLOBAL_UNCERTAINTY_ASSIGNED_CONTEXT ( ( #6796 ) ) GLOBAL_UNIT_ASSIGNED_CONTEXT ( ( #1087, #2467, #8476 ) ) REPRESENTATION_CONTEXT ( 'NONE', 'WORKASPACE' ) );
#3226 = CARTESIAN_POINT ( 'NONE',  ( 0.000000000000000000, 0.000000000000000000, 0.000000000000000000 ) ) ;
#3227 = EDGE_LOOP ( 'NONE', ( #5701, #5834, #8885, #1837 ) ) ;
#3228 = CARTESIAN_POINT ( 'NONE',  ( 6.835616853894461720, 16.99999999999986855, -10.70347337207656757 ) ) ;
#3229 = DIRECTION ( 'NONE',  ( 0.000000000000000000, 0.000000000000000000, 1.000000000000000000 ) ) ;
#3230 = CARTESIAN_POINT ( 'NONE',  ( -14.00000000000000178, -10.69999999999999041, -13.44999999999999929 ) ) ;
#3231 = CARTESIAN_POINT ( 'NONE',  ( -10.65838833122023033, 17.10937854939091096, -6.712828801858464089 ) ) ;
#3232 = EDGE_CURVE ( 'NONE', #1667, #9357, #5813, .T. ) ;
#3233 = EDGE_CURVE ( 'NONE', #5077, #6435, #5165, .T. ) ;
#3234 = DIRECTION ( 'NONE',  ( 0.000000000000000000, -1.000000000000000000, 0.000000000000000000 ) ) ;
#3235 = ORIENTED_EDGE ( 'NONE', *, *, #1815, .T. ) ;
#3236 = CARTESIAN_POINT ( 'NONE',  ( 0.000000000000000000, -10.07925647686743886, 0.000000000000000000 ) ) ;
#3237 = VERTEX_POINT ( 'NONE', #9449 ) ;
#3238 = CARTESIAN_POINT ( 'NONE',  ( 1.714505518806294638E-15, 0.000000000000000000, -14.00000000000000000 ) ) ;
#3239 = VECTOR ( 'NONE', #7341, 1000.000000000000000 ) ;
#3240 = CYLINDRICAL_SURFACE ( 'NONE', #7638, 11.09999999999998543 ) ;
#3241 = CARTESIAN_POINT ( 'NONE',  ( 5.342430495083339892, -1.334767296204545595, 13.41621700897627889 ) ) ;
#3242 = CARTESIAN_POINT ( 'NONE',  ( 12.94999999999999218, -10.69999999999999041, 13.44999999999999929 ) ) ;
#3243 = CARTESIAN_POINT ( 'NONE',  ( -8.414570696119866966, 12.97375000000001677, 8.414570696119962889 ) ) ;
#3244 = DIRECTION ( 'NONE',  ( -1.231304080816852664E-16, 1.000000000000000000, 0.000000000000000000 ) ) ;
#3245 = ORIENTED_EDGE ( 'NONE', *, *, #6025, .F. ) ;
#3246 = ORIENTED_EDGE ( 'NONE', *, *, #350, .T. ) ;
#3247 = AXIS2_PLACEMENT_3D ( 'NONE', #6482, #849, #2840 ) ;
#3248 = VERTEX_POINT ( 'NONE', #8126 ) ;
#3249 = DIRECTION ( 'NONE',  ( 0.000000000000000000, 0.000000000000000000, 1.000000000000000000 ) ) ;
#3250 = CARTESIAN_POINT ( 'NONE',  ( 4.929141392239922759, 13.41187500000001442, 11.89999999999996305 ) ) ;
#3251 = FACE_OUTER_BOUND ( 'NONE', #7506, .T. ) ;
#3252 = CARTESIAN_POINT ( 'NONE',  ( 1.561966144680487038E-14, 17.80000000000001137, 0.000000000000000000 ) ) ;
#3253 = VECTOR ( 'NONE', #3438, 1000.000000000000000 ) ;
#3254 = DATE_TIME_ROLE ( 'classification_date' ) ;
#3255 = UNCERTAINTY_MEASURE_WITH_UNIT (LENGTH_MEASURE( 1.000000000000000082E-05 ), #9157, 'distance_accuracy_value', 'NONE');
#3256 = ORIENTED_EDGE ( 'NONE', *, *, #703, .F. ) ;
#3257 = VERTEX_POINT ( 'NONE', #1517 ) ;
#3258 = CARTESIAN_POINT ( 'NONE',  ( 1.180805343176903212E-13, 14.40250000000001229, 11.89999999999999858 ) ) ;
#3259 = ORIENTED_EDGE ( 'NONE', *, *, #6560, .T. ) ;
#3260 = CIRCLE ( 'NONE', #6478, 20.00000000000000000 ) ;
#3261 = CARTESIAN_POINT ( 'NONE',  ( -8.144867450319699387, 11.20154112286664372, -9.093833221413387236 ) ) ;
#3262 = CARTESIAN_POINT ( 'NONE',  ( 7.365511512588884813, 17.46630267740861342, 9.801777916916481814 ) ) ;
#3263 = CARTESIAN_POINT ( 'NONE',  ( -11.89999999999999858, 16.82500000000000639, 8.309725586446653599E-14 ) ) ;
#3264 = CARTESIAN_POINT ( 'NONE',  ( -9.035340417286478833E-14, 19.58250000000000668, -12.82664718204935106 ) ) ;
#3265 = PRODUCT_RELATED_PRODUCT_CATEGORY ( 'detail', '', ( #7217 ) ) ;
#3266 = EDGE_CURVE ( 'NONE', #7808, #3542, #5562, .T. ) ;
#3267 = CARTESIAN_POINT ( 'NONE',  ( 0.1726931561031175566, 3.670961952045460830, 9.525000000000002132 ) ) ;
#3268 = DIRECTION ( 'NONE',  ( -1.507912601349432577E-32, 1.224646799147353207E-16, 1.000000000000000000 ) ) ;
#3269 = PERSON_AND_ORGANIZATION ( #5176, #5070 ) ;
#3270 = CYLINDRICAL_SURFACE ( 'NONE', #6308, 3.174999999999999822 ) ;
#3271 = CARTESIAN_POINT ( 'NONE',  ( -9.069809202314482732, 15.93125000000001101, -9.069809202314353058 ) ) ;
#3272 = ORIENTED_EDGE ( 'NONE', *, *, #7317, .F. ) ;
#3273 = CARTESIAN_POINT ( 'NONE',  ( 46.70000000000001705, 0.000000000000000000, 3.175000000000006484 ) ) ;
#3274 = ORIENTED_EDGE ( 'NONE', *, *, #7375, .T. ) ;
#3275 = EDGE_CURVE ( 'NONE', #8671, #7055, #8773, .T. ) ;
#3276 = CARTESIAN_POINT ( 'NONE',  ( 2.845798222300969016, 17.16607489931613628, -12.23649627886848634 ) ) ;
#3277 = AXIS2_PLACEMENT_3D ( 'NONE', #3125, #7476, #3217 ) ;
#3278 = CARTESIAN_POINT ( 'NONE',  ( -3.556793683287583274, 11.47349742457191013, 11.96222547043328888 ) ) ;
#3279 = DIRECTION ( 'NONE',  ( 0.000000000000000000, 0.000000000000000000, 1.000000000000000000 ) ) ;
#3280 = EDGE_CURVE ( 'NONE', #2306, #8471, #7988, .T. ) ;
#3281 = CARTESIAN_POINT ( 'NONE',  ( 39.00000000000000000, 0.000000000000000000, 0.000000000000000000 ) ) ;
#3282 = DIRECTION ( 'NONE',  ( -0.000000000000000000, 1.000000000000000000, -0.000000000000000000 ) ) ;
#3283 = AXIS2_PLACEMENT_3D ( 'NONE', #6816, #6671, #3229 ) ;
#3284 = VERTEX_POINT ( 'NONE', #2144 ) ;
#3285 = ORIENTED_EDGE ( 'NONE', *, *, #427, .F. ) ;
#3286 = EDGE_CURVE ( 'NONE', #8028, #1188, #7992, .T. ) ;
#3287 = ADVANCED_FACE ( 'NONE', ( #7944 ), #4322, .F. ) ;
#3288 = CARTESIAN_POINT ( 'NONE',  ( 0.000000000000000000, 0.000000000000000000, 0.000000000000000000 ) ) ;
#3289 = CLOSED_SHELL ( 'NONE', ( #2557, #5519, #9148, #4213, #7374, #1828, #5332, #7297, #8845, #6282, #7419, #1167, #8139, #7908, #588, #6791, #8925, #5218, #1178, #6967, #7542, #1070, #9222, #6048, #6157, #4981 ) ) ;
#3290 = CARTESIAN_POINT ( 'NONE',  ( -8.980256121069066566, 16.32186978464833160, 8.980256121069194464 ) ) ;
#3291 = DIRECTION ( 'NONE',  ( 0.000000000000000000, 0.000000000000000000, 1.000000000000000000 ) ) ;
#3292 =( NAMED_UNIT ( * ) SI_UNIT ( $, .STERADIAN. ) SOLID_ANGLE_UNIT ( ) );
#3293 = CARTESIAN_POINT ( 'NONE',  ( -11.89999999999999858, 14.28500000000001258, 9.767055277432003124E-14 ) ) ;
#3294 = CARTESIAN_POINT ( 'NONE',  ( 5.000000000000000000, 8.248891971046782956, 4.762500000000000178 ) ) ;
#3295 = ORIENTED_EDGE ( 'NONE', *, *, #7901, .F. ) ;
#3296 = ORIENTED_EDGE ( 'NONE', *, *, #3693, .F. ) ;
#3297 = AXIS2_PLACEMENT_3D ( 'NONE', #9044, #8306, #5337 ) ;
#3298 = EDGE_LOOP ( 'NONE', ( #6895, #4940, #8744, #1249 ) ) ;
#3299 = DIRECTION ( 'NONE',  ( -1.000000000000000000, -0.000000000000000000, -0.000000000000000000 ) ) ;
#3300 = CARTESIAN_POINT ( 'NONE',  ( 11.89999999999999858, 14.92000000000001236, -8.455458555545188678E-14 ) ) ;
#3301 = CARTESIAN_POINT ( 'NONE',  ( 4.929141392239969832, 15.75187500000001606, 11.89999999999992042 ) ) ;
#3302 = FACE_OUTER_BOUND ( 'NONE', #5069, .T. ) ;
#3303 = VECTOR ( 'NONE', #2603, 1000.000000000000000 ) ;
#3304 = AXIS2_PLACEMENT_3D ( 'NONE', #5958, #8303, #5910 ) ;
#3305 = APPROVAL_ROLE ( '' ) ;
#3306 = ORIENTED_EDGE ( 'NONE', *, *, #2868, .F. ) ;
#3307 = ORIENTED_EDGE ( 'NONE', *, *, #4935, .F. ) ;
#3308 = CARTESIAN_POINT ( 'NONE',  ( -11.90000000000004832, 14.00562500000001620, -4.929141392239717590 ) ) ;
#3309 = CARTESIAN_POINT ( 'NONE',  ( -12.30891361455901922, 11.30891361455906718, 8.595268437332998721E-14 ) ) ;
#3310 = CARTESIAN_POINT ( 'NONE',  ( -12.09627401729811069, 17.21453842224014252, 3.196259599275232510 ) ) ;
#3311 = CARTESIAN_POINT ( 'NONE',  ( 9.069809202314353058, 18.15375000000000583, -9.069809202314482732 ) ) ;
#3312 = DIRECTION ( 'NONE',  ( 0.000000000000000000, -1.000000000000000000, 0.000000000000000000 ) ) ;
#3313 = PLANE ( 'NONE',  #6199 ) ;
#3314 = CIRCLE ( 'NONE', #6231, 14.00000000000000000 ) ;
#3315 = PERSON_AND_ORGANIZATION ( #5176, #5070 ) ;
#3316 = CARTESIAN_POINT ( 'NONE',  ( 4.929141392239739794, 14.95812500000001322, -11.90000000000003766 ) ) ;
#3317 = CARTESIAN_POINT ( 'NONE',  ( -5.312971222579396802, 18.86812500000001336, 12.82664718204939014 ) ) ;
#3318 = ORIENTED_EDGE ( 'NONE', *, *, #8752, .T. ) ;
#3319 = DIRECTION ( 'NONE',  ( 0.000000000000000000, 0.000000000000000000, 1.000000000000000000 ) ) ;
#3320 = VERTEX_POINT ( 'NONE', #4435 ) ;
#3321 = CARTESIAN_POINT ( 'NONE',  ( 41.30693079519157607, 0.000000000000000000, 14.59999999999999964 ) ) ;
#3322 = CIRCLE ( 'NONE', #4237, 2.475000000000000089 ) ;
#3323 = CC_DESIGN_APPROVAL ( #4488, ( #571 ) ) ;
#3324 = CARTESIAN_POINT ( 'NONE',  ( -10.57791107419761190, 11.37947052706034867, 6.443321864832866730 ) ) ;
#3325 = CARTESIAN_POINT ( 'NONE',  ( 5.695225058835894139, 0.000000000000000000, 0.000000000000000000 ) ) ;
#3326 = CARTESIAN_POINT ( 'NONE',  ( 3.392366953753471872E-16, 7.790620194877514670, -5.556249999999999467 ) ) ;
#3327 = DIRECTION ( 'NONE',  ( -1.000000000000000000, -0.000000000000000000, -0.000000000000000000 ) ) ;
#3328 = EDGE_CURVE ( 'NONE', #5937, #4149, #6761, .T. ) ;
#3329 = AXIS2_PLACEMENT_3D ( 'NONE', #1977, #8700, #2070 ) ;
#3330 = CC_DESIGN_APPROVAL ( #8550, ( #2556 ) ) ;
#3331 = ORIENTED_EDGE ( 'NONE', *, *, #692, .T. ) ;
#3332 = FACE_OUTER_BOUND ( 'NONE', #5244, .T. ) ;
#3333 = VERTEX_POINT ( 'NONE', #2277 ) ;
#3334 = EDGE_CURVE ( 'NONE', #1846, #9005, #8770, .T. ) ;
#3335 = CARTESIAN_POINT ( 'NONE',  ( -8.382592070995923663E-14, 20.11750000000000327, -11.89999999999999858 ) ) ;
#3336 = VECTOR ( 'NONE', #4370, 1000.000000000000000 ) ;
#3337 = CARTESIAN_POINT ( 'NONE',  ( 0.000000000000000000, 1.053196247266723891E-15, -8.600000000000001421 ) ) ;
#3338 = PLANE ( 'NONE',  #958 ) ;
#3339 = DIRECTION ( 'NONE',  ( 3.434264315287670743E-33, -0.8646094180342119850, 0.5024445782835570418 ) ) ;
#3340 = PLANE ( 'NONE',  #4514 ) ;
#3341 = EDGE_CURVE ( 'NONE', #8929, #5474, #3768, .T. ) ;
#3342 = ORIENTED_EDGE ( 'NONE', *, *, #8558, .F. ) ;
#3343 = ORIENTED_EDGE ( 'NONE', *, *, #8790, .F. ) ;
#3344 = AXIS2_PLACEMENT_3D ( 'NONE', #8484, #4295, #2620 ) ;
#3345 = ORIENTED_EDGE ( 'NONE', *, *, #8911, .T. ) ;
#3346 = ADVANCED_FACE ( 'NONE', ( #4298 ), #5839, .F. ) ;
#3347 = CARTESIAN_POINT ( 'NONE',  ( 5.695225058835894139, 0.000000000000000000, 0.000000000000000000 ) ) ;
#3348 = CARTESIAN_POINT ( 'NONE',  ( 4.929141392239755781, 16.22812500000000924, -11.90000000000002345 ) ) ;
#3349 = DIRECTION ( 'NONE',  ( -1.000000000000000000, -0.000000000000000000, -0.000000000000000000 ) ) ;
#3350 = AXIS2_PLACEMENT_3D ( 'NONE', #6936, #1047, #2425 ) ;
#3351 = EDGE_CURVE ( 'NONE', #5251, #7938, #1265, .T. ) ;
#3352 = CALENDAR_DATE ( 2025, 13, 3 ) ;
#3353 = ORIENTED_EDGE ( 'NONE', *, *, #2511, .T. ) ;
#3354 = ORIENTED_EDGE ( 'NONE', *, *, #1559, .T. ) ;
#3355 = DIRECTION ( 'NONE',  ( 0.000000000000000000, -1.224646799147354440E-16, 1.000000000000000000 ) ) ;
#3356 = AXIS2_PLACEMENT_3D ( 'NONE', #4479, #5164, #2186 ) ;
#3357 = CARTESIAN_POINT ( 'NONE',  ( 5.000000000000000000, 5.499261314031189229, -9.524999999999996803 ) ) ;
#3358 = CARTESIAN_POINT ( 'NONE',  ( 3.035235489233027995, 17.41470704633420752, 11.91131127435429704 ) ) ;
#3359 = CARTESIAN_POINT ( 'NONE',  ( 5.312971222579579766, 17.75687500000001151, 12.82664718204931198 ) ) ;
#3360 = DIRECTION ( 'NONE',  ( 0.000000000000000000, -0.000000000000000000, 1.000000000000000000 ) ) ;
#3361 = CARTESIAN_POINT ( 'NONE',  ( 3.174999999999999822, 3.888253587292845095E-16, 0.000000000000000000 ) ) ;
#3362 = VECTOR ( 'NONE', #1793, 1000.000000000000000 ) ;
#3363 = APPROVAL_STATUS ( 'not_yet_approved' ) ;
#3364 = CARTESIAN_POINT ( 'NONE',  ( 11.89999999999999858, 14.72000000000001485, -9.621322308333469308E-14 ) ) ;
#3365 = CARTESIAN_POINT ( 'NONE',  ( 9.069809202314353058, 16.88375000000000981, -9.069809202314482732 ) ) ;
#3366 = ORIENTED_EDGE ( 'NONE', *, *, #4315, .T. ) ;
#3367 = ORIENTED_EDGE ( 'NONE', *, *, #1048, .F. ) ;
#3368 = CARTESIAN_POINT ( 'NONE',  ( 0.000000000000000000, 0.000000000000000000, -2.050000000000001155 ) ) ;
#3369 = CC_DESIGN_SECURITY_CLASSIFICATION ( #3824, ( #9492 ) ) ;
#3370 = CIRCLE ( 'NONE', #4130, 11.00000000000000000 ) ;
#3371 = CARTESIAN_POINT ( 'NONE',  ( -12.17547896238386862, 11.32905728533837930, 1.980507836081793371 ) ) ;
#3372 = DIRECTION ( 'NONE',  ( 0.000000000000000000, 0.000000000000000000, 1.000000000000000000 ) ) ;
#3373 = CYLINDRICAL_SURFACE ( 'NONE', #1576, 21.75000000000000000 ) ;
#3374 = FACE_BOUND ( 'NONE', #7279, .T. ) ;
#3375 = AXIS2_PLACEMENT_3D ( 'NONE', #987, #8426, #324 ) ;
#3376 = ORIENTED_EDGE ( 'NONE', *, *, #305, .F. ) ;
#3377 = CARTESIAN_POINT ( 'NONE',  ( 8.414570696119834992, 12.33875000000001876, -8.414570696119994864 ) ) ;
#3378 = ORIENTED_EDGE ( 'NONE', *, *, #8451, .F. ) ;
#3379 = CARTESIAN_POINT ( 'NONE',  ( 11.89999999999999858, 18.53000000000000469, -8.455458555545191202E-14 ) ) ;
#3380 = LOCAL_TIME ( 22, 23, 34.00000000000000000, #9304 ) ;
#3381 = CARTESIAN_POINT ( 'NONE',  ( 13.79999999999999716, 3.918869757271530460E-16, -3.200000000000000178 ) ) ;
#3382 = DIRECTION ( 'NONE',  ( 0.000000000000000000, -0.8660254037844387076, 0.4999999999999999445 ) ) ;
#3383 = DIRECTION ( 'NONE',  ( 0.000000000000000000, 0.000000000000000000, 1.000000000000000000 ) ) ;
#3384 = CC_DESIGN_PERSON_AND_ORGANIZATION_ASSIGNMENT ( #1620, #3069, ( #4081 ) ) ;
#3385 = DIRECTION ( 'NONE',  ( 0.000000000000000000, -0.1417410475748012988, 0.9899037707941099606 ) ) ;
#3386 = ADVANCED_FACE ( 'NONE', ( #6551 ), #1471, .T. ) ;
#3387 = DIRECTION ( 'NONE',  ( -1.000000000000000000, -0.000000000000000000, -0.000000000000000000 ) ) ;
#3388 = VERTEX_POINT ( 'NONE', #2909 ) ;
#3389 = ORIENTED_EDGE ( 'NONE', *, *, #1158, .F. ) ;
#3390 = ORIENTED_EDGE ( 'NONE', *, *, #7072, .F. ) ;
#3391 = AXIS2_PLACEMENT_3D ( 'NONE', #4367, #3656, #6577 ) ;
#3392 = DIRECTION ( 'NONE',  ( 1.000000000000000000, 0.000000000000000000, -1.224646799147353207E-16 ) ) ;
#3393 = ADVANCED_FACE ( 'NONE', ( #6733 ), #4533, .F. ) ;
#3394 = CARTESIAN_POINT ( 'NONE',  ( 2.940209281316652570E-17, -17.69999999999999929, 0.000000000000000000 ) ) ;
#3395 = DIRECTION ( 'NONE',  ( -1.000000000000000000, -0.000000000000000000, -0.000000000000000000 ) ) ;
#3396 = DIRECTION ( 'NONE',  ( -1.000000000000000000, -0.000000000000000000, -0.000000000000000000 ) ) ;
#3397 = EDGE_CURVE ( 'NONE', #5575, #1912, #8307, .T. ) ;
#3398 = AXIS2_PLACEMENT_3D ( 'NONE', #5995, #1360, #5225 ) ;
#3399 = ORIENTED_EDGE ( 'NONE', *, *, #4033, .F. ) ;
#3400 = ORIENTED_EDGE ( 'NONE', *, *, #7593, .F. ) ;
#3401 = ORIENTED_EDGE ( 'NONE', *, *, #1405, .F. ) ;
#3402 = CARTESIAN_POINT ( 'NONE',  ( 4.929141392239969832, 15.95187500000001002, 11.89999999999992042 ) ) ;
#3403 = CARTESIAN_POINT ( 'NONE',  ( 8.640184680313133470, 17.68313007654713331, -8.362515944511251575 ) ) ;
#3404 = EDGE_CURVE ( 'NONE', #7705, #7808, #6074, .T. ) ;
#3405 = EDGE_CURVE ( 'NONE', #3495, #4579, #9404, .T. ) ;
#3406 = VECTOR ( 'NONE', #8632, 1000.000000000000000 ) ;
#3407 = CARTESIAN_POINT ( 'NONE',  ( -8.382592070995923663E-14, 11.22750000000002046, -11.89999999999999858 ) ) ;
#3408 = FACE_OUTER_BOUND ( 'NONE', #9307, .T. ) ;
#3409 = DIRECTION ( 'NONE',  ( -0.000000000000000000, -1.000000000000000000, -0.000000000000000000 ) ) ;
#3410 = DATE_AND_TIME ( #589, #6991 ) ;
#3411 = DIRECTION ( 'NONE',  ( -0.000000000000000000, -1.000000000000000000, -0.000000000000000000 ) ) ;
#3412 = AXIS2_PLACEMENT_3D ( 'NONE', #3908, #7453, #892 ) ;
#3413 = CARTESIAN_POINT ( 'NONE',  ( -12.82664718204931198, 17.43937500000000540, 5.312971222579581543 ) ) ;
#3414 = ORIENTED_EDGE ( 'NONE', *, *, #7960, .F. ) ;
#3415 = EDGE_LOOP ( 'NONE', ( #3533, #898, #6727, #4999 ) ) ;
#3416 = CARTESIAN_POINT ( 'NONE',  ( 5.695225058835894139, 1.347111479062088405E-15, -11.00000000000000000 ) ) ;
#3417 = CARTESIAN_POINT ( 'NONE',  ( 8.946607661182730098, 11.61110671982999953, 8.923291419054312001 ) ) ;
#3418 = DIRECTION ( 'NONE',  ( 0.000000000000000000, 0.000000000000000000, 1.000000000000000000 ) ) ;
#3419 = CARTESIAN_POINT ( 'NONE',  ( 5.260512242138205785, 11.95624478464833906, -12.70000000000000462 ) ) ;
#3420 = CARTESIAN_POINT ( 'NONE',  ( 7.349999999999999645, -3.084843528204037854E-15, 0.000000000000000000 ) ) ;
#3421 = EDGE_LOOP ( 'NONE', ( #7228, #7087, #8566, #8463, #7262 ) ) ;
#3422 = DIRECTION ( 'NONE',  ( -1.000000000000000000, -0.000000000000000000, -0.000000000000000000 ) ) ;
#3423 = DIRECTION ( 'NONE',  ( -1.237404653380196553E-16, 1.000000000000000000, 0.000000000000000000 ) ) ;
#3424 = VERTEX_POINT ( 'NONE', #323 ) ;
#3425 =( BOUNDED_CURVE ( )  B_SPLINE_CURVE ( 2, ( #6790, #3348, #7610, #5468, #8386, #4737, #383, #3301, #7034 ),
 .UNSPECIFIED., .F., .T. ) 
 B_SPLINE_CURVE_WITH_KNOTS ( ( 3, 2, 2, 2, 3 ),
 ( 0.4062500000000000555, 0.4218750000000000000, 0.4374999999999999445, 0.4531249999999998890, 0.4687499999999998335 ),
 .UNSPECIFIED. ) 
 CURVE ( )  GEOMETRIC_REPRESENTATION_ITEM ( )  RATIONAL_B_SPLINE_CURVE ( ( 0.9999999999999997780, 0.9238795325112869605, 1.000000000000000000, 0.9238795325112867385, 1.000000000000000000, 0.9238795325112867385, 1.000000000000000000, 0.9238795325112875156, 0.9999999999999992228 ) ) 
 REPRESENTATION_ITEM ( '' )  );
#3426 = CARTESIAN_POINT ( 'NONE',  ( 11.89999999999996483, 19.87937499999999957, -4.929141392239915653 ) ) ;
#3427 = LINE ( 'NONE', #562, #4425 ) ;
#3428 = CARTESIAN_POINT ( 'NONE',  ( 11.89999999999994529, 11.18937500000001961, -4.929141392239962727 ) ) ;
#3429 = AXIS2_PLACEMENT_3D ( 'NONE', #4743, #4791, #7717 ) ;
#3430 = DIRECTION ( 'NONE',  ( 1.000000000000000000, -0.000000000000000000, -0.000000000000000000 ) ) ;
#3431 = EDGE_LOOP ( 'NONE', ( #7111, #8613 ) ) ;
#3432 = VERTEX_POINT ( 'NONE', #5355 ) ;
#3433 = ORIENTED_EDGE ( 'NONE', *, *, #8857, .T. ) ;
#3434 = AXIS2_PLACEMENT_3D ( 'NONE', #6150, #7675, #6193 ) ;
#3435 = DIRECTION ( 'NONE',  ( -1.000000000000000000, -0.000000000000000000, -0.000000000000000000 ) ) ;
#3436 = DIRECTION ( 'NONE',  ( 0.000000000000000000, 0.000000000000000000, 1.000000000000000000 ) ) ;
#3437 = DIRECTION ( 'NONE',  ( 1.000000000000000000, 0.000000000000000000, 0.000000000000000000 ) ) ;
#3438 = DIRECTION ( 'NONE',  ( 0.000000000000000000, 0.000000000000000000, 1.000000000000000000 ) ) ;
#3439 = DIRECTION ( 'NONE',  ( 1.000000000000000000, -0.000000000000000000, -0.000000000000000000 ) ) ;
#3440 = CIRCLE ( 'NONE', #8811, 3.399999999999999911 ) ;
#3441 = CALENDAR_DATE ( 2025, 13, 3 ) ;
#3442 = AXIS2_PLACEMENT_3D ( 'NONE', #289, #954, #6842 ) ;
#3443 = EDGE_LOOP ( 'NONE', ( #7125, #9018 ) ) ;
#3444 = EDGE_CURVE ( 'NONE', #354, #31, #187, .T. ) ;
#3445 = ORIENTED_EDGE ( 'NONE', *, *, #1353, .T. ) ;
#3446 = FACE_OUTER_BOUND ( 'NONE', #6738, .T. ) ;
#3447 = CARTESIAN_POINT ( 'NONE',  ( -9.000000000000001776, -1.199999999999999734, 6.500000000000000888 ) ) ;
#3448 = EDGE_CURVE ( 'NONE', #3577, #2149, #5246, .T. ) ;
#3449 = CARTESIAN_POINT ( 'NONE',  ( 40.92056046467595110, 0.000000000000000000, -14.70352761804100616 ) ) ;
#3450 = CONICAL_SURFACE ( 'NONE', #7123, 12.69999999999998863, 0.7853981633974418397 ) ;
#3451 = CIRCLE ( 'NONE', #3458, 0.3999999999999975797 ) ;
#3452 = CARTESIAN_POINT ( 'NONE',  ( -12.82664718204939014, 14.74062500000001386, -5.312971222579394137 ) ) ;
#3453 = FACE_OUTER_BOUND ( 'NONE', #7407, .T. ) ;
#3454 = PERSON_AND_ORGANIZATION_ROLE ( 'design_owner' ) ;
#3455 = DIRECTION ( 'NONE',  ( 0.000000000000000000, 0.000000000000000000, 1.000000000000000000 ) ) ;
#3456 = ADVANCED_FACE ( 'NONE', ( #6172 ), #2029, .T. ) ;
#3457 = EDGE_CURVE ( 'NONE', #5421, #2306, #3957, .T. ) ;
#3458 = AXIS2_PLACEMENT_3D ( 'NONE', #1004, #8098, #4596 ) ;
#3459 = CARTESIAN_POINT ( 'NONE',  ( -12.82664718204935106, 17.36000000000000654, 8.956799855210031952E-14 ) ) ;
#3460 = EDGE_LOOP ( 'NONE', ( #8482, #4055 ) ) ;
#3461 = ORIENTED_EDGE ( 'NONE', *, *, #3855, .T. ) ;
#3462 = LINE ( 'NONE', #596, #7449 ) ;
#3463 = CARTESIAN_POINT ( 'NONE',  ( -4.679998047357098123, 11.46091839283004532, 11.55558715189945040 ) ) ;
#3464 = DIRECTION ( 'NONE',  ( 1.000000000000000000, 1.231304080816852664E-16, -0.000000000000000000 ) ) ;
#3465 = CARTESIAN_POINT ( 'NONE',  ( 0.000000000000000000, 0.000000000000000000, 0.000000000000000000 ) ) ;
#3466 = CARTESIAN_POINT ( 'NONE',  ( -4.929141392239915653, 16.58687500000000625, -11.89999999999997371 ) ) ;
#3467 = ADVANCED_FACE ( 'NONE', ( #8962 ), #1660, .T. ) ;
#3468 = EDGE_CURVE ( 'NONE', #2838, #4579, #6825, .T. ) ;
#3469 = ORIENTED_EDGE ( 'NONE', *, *, #6452, .T. ) ;
#3470 = AXIS2_PLACEMENT_3D ( 'NONE', #2956, #5883, #8814 ) ;
#3471 = DIRECTION ( 'NONE',  ( 8.775090700452169195E-16, 1.000000000000000000, 0.000000000000000000 ) ) ;
#3472 = PRODUCT_DEFINITION_FORMATION_WITH_SPECIFIED_SOURCE ( '任何', '', #9460, .NOT_KNOWN. ) ;
#3473 = ORIENTED_EDGE ( 'NONE', *, *, #8503, .T. ) ;
#3474 = CARTESIAN_POINT ( 'NONE',  ( -8.414570696119854532, 19.32375000000000398, 8.414570696119975324 ) ) ;
#3475 = CARTESIAN_POINT ( 'NONE',  ( -0.4999999999999998890, 4.500576986866522808E-16, -3.674999999999999822 ) ) ;
#3476 = FACE_OUTER_BOUND ( 'NONE', #4487, .T. ) ;
#3477 = AXIS2_PLACEMENT_3D ( 'NONE', #2163, #5724, #7874 ) ;
#3478 = DIRECTION ( 'NONE',  ( 1.000000000000000222, 1.231304080816848473E-16, 8.891009051585071197E-31 ) ) ;
#3479 = LOCAL_TIME ( 22, 23, 34.00000000000000000, #2428 ) ;
#3480 = APPLICATION_PROTOCOL_DEFINITION ( 'international standard', 'config_control_design', 1994, #5462 ) ;
#3481 = DIRECTION ( 'NONE',  ( 1.000000000000000000, -8.775090700452170181E-16, 0.000000000000000000 ) ) ;
#3482 = ORIENTED_EDGE ( 'NONE', *, *, #5388, .F. ) ;
#3483 = VERTEX_POINT ( 'NONE', #8328 ) ;
#3484 = ORIENTED_EDGE ( 'NONE', *, *, #8129, .F. ) ;
#3485 = CONICAL_SURFACE ( 'NONE', #9478, 8.045708121834929116, 0.1745329251994323372 ) ;
#3486 = AXIS2_PLACEMENT_3D ( 'NONE', #2352, #1642, #1500 ) ;
#3487 = CARTESIAN_POINT ( 'NONE',  ( -6.999999999999999112, 0.000000000000000000, 3.174999999999999822 ) ) ;
#3488 = CARTESIAN_POINT ( 'NONE',  ( 14.00000000000000000, 3.918869757271530460E-16, -3.200000000000000178 ) ) ;
#3489 = DIRECTION ( 'NONE',  ( 0.000000000000000000, 0.000000000000000000, -1.000000000000000000 ) ) ;
#3490 = DIRECTION ( 'NONE',  ( 0.000000000000000000, 0.000000000000000000, -1.000000000000000000 ) ) ;
#3491 = DIRECTION ( 'NONE',  ( 0.000000000000000000, -1.000000000000000000, 0.000000000000000000 ) ) ;
#3492 = CIRCLE ( 'NONE', #9483, 3.674999999999999822 ) ;
#3493 = CALENDAR_DATE ( 2025, 13, 3 ) ;
#3494 = APPLICATION_CONTEXT ( 'configuration controlled 3d designs of mechanical parts and assemblies' ) ;
#3495 = VERTEX_POINT ( 'NONE', #3194 ) ;
#3496 = ORIENTED_EDGE ( 'NONE', *, *, #4992, .T. ) ;
#3497 = CARTESIAN_POINT ( 'NONE',  ( -11.67013411036706216, -15.92953782274726393, -9.762915623340047588 ) ) ;
#3498 = DIRECTION ( 'NONE',  ( 0.000000000000000000, 0.000000000000000000, 1.000000000000000000 ) ) ;
#3499 = DIRECTION ( 'NONE',  ( 0.9848077530122093526, 2.126576849575687790E-17, 0.1736481776669235311 ) ) ;
#3500 = CARTESIAN_POINT ( 'NONE',  ( 14.29000000000000625, -16.11848046211858687, 4.198967141328737718 ) ) ;
#3501 = CARTESIAN_POINT ( 'NONE',  ( -12.82664718204935106, 12.28000000000002068, 8.956799855210033214E-14 ) ) ;
#3502 = ADVANCED_FACE ( 'NONE', ( #6125 ), #5302, .F. ) ;
#3503 = DIRECTION ( 'NONE',  ( 0.000000000000000000, 0.000000000000000000, 1.000000000000000000 ) ) ;
#3504 = PERSON_AND_ORGANIZATION ( #5176, #5070 ) ;
#3505 = PRODUCT_RELATED_PRODUCT_CATEGORY ( 'detail', '', ( #2860 ) ) ;
#3506 = EDGE_CURVE ( 'NONE', #699, #7705, #1724, .T. ) ;
#3507 = DIRECTION ( 'NONE',  ( -1.000000000000000000, 0.000000000000000000, 0.000000000000000000 ) ) ;
#3508 = CIRCLE ( 'NONE', #5808, 3.703925678971643265 ) ;
#3509 = CARTESIAN_POINT ( 'NONE',  ( 12.82664718204939192, 12.83562500000001627, 5.312971222579391473 ) ) ;
#3510 = VERTEX_POINT ( 'NONE', #1753 ) ;
#3511 = ORIENTED_EDGE ( 'NONE', *, *, #1749, .T. ) ;
#3512 = CARTESIAN_POINT ( 'NONE',  ( 0.000000000000000000, -17.39999999999999858, 0.000000000000000000 ) ) ;
#3513 = EDGE_CURVE ( 'NONE', #1640, #3049, #4224, .T. ) ;
#3514 = AXIS2_PLACEMENT_3D ( 'NONE', #8573, #3528, #4189 ) ;
#3515 = DIRECTION ( 'NONE',  ( -1.000000000000000000, 0.000000000000000000, 0.000000000000000000 ) ) ;
#3516 = CARTESIAN_POINT ( 'NONE',  ( 5.260512242138389638, 12.74999478464833658, 12.69999999999992824 ) ) ;
#3517 = DIRECTION ( 'NONE',  ( -1.000000000000000000, -0.000000000000000000, -0.000000000000000000 ) ) ;
#3518 = CARTESIAN_POINT ( 'NONE',  ( 11.99999999999999645, 9.700000000000002842, 0.000000000000000000 ) ) ;
#3519 = EDGE_CURVE ( 'NONE', #4755, #4643, #2515, .T. ) ;
#3520 = CARTESIAN_POINT ( 'NONE',  ( 12.27635182233306921, 0.000000000000000000, 0.000000000000000000 ) ) ;
#3521 = ORIENTED_EDGE ( 'NONE', *, *, #8387, .F. ) ;
#3522 = VECTOR ( 'NONE', #3029, 1000.000000000000114 ) ;
#3523 = FACE_OUTER_BOUND ( 'NONE', #7792, .T. ) ;
#3524 = ORIENTED_EDGE ( 'NONE', *, *, #190, .F. ) ;
#3525 = PLANE ( 'NONE',  #7323 ) ;
#3526 = EDGE_CURVE ( 'NONE', #7918, #1501, #5098, .T. ) ;
#3527 = ADVANCED_FACE ( 'NONE', ( #2763, #6973 ), #3338, .T. ) ;
#3528 = DIRECTION ( 'NONE',  ( -0.000000000000000000, -1.000000000000000000, -0.000000000000000000 ) ) ;
#3529 = DIRECTION ( 'NONE',  ( 0.000000000000000000, 0.000000000000000000, 1.000000000000000000 ) ) ;
#3530 = VECTOR ( 'NONE', #3675, 1000.000000000000000 ) ;
#3531 = CARTESIAN_POINT ( 'NONE',  ( 8.511837979438613694E-15, 9.700000000000011724, 0.000000000000000000 ) ) ;
#3532 = ORIENTED_EDGE ( 'NONE', *, *, #7626, .F. ) ;
#3533 = ORIENTED_EDGE ( 'NONE', *, *, #3906, .F. ) ;
#3534 = VERTEX_POINT ( 'NONE', #4048 ) ;
#3535 = AXIS2_PLACEMENT_3D ( 'NONE', #8575, #3478, #7890 ) ;
#3536 = CARTESIAN_POINT ( 'NONE',  ( 0.000000000000000000, 0.000000000000000000, 20.00000000000000000 ) ) ;
#3537 = CARTESIAN_POINT ( 'NONE',  ( 0.000000000000000000, 0.000000000000000000, 0.000000000000000000 ) ) ;
#3538 = FACE_BOUND ( 'NONE', #7618, .T. ) ;
#3539 = DIRECTION ( 'NONE',  ( 0.7071067811865487940, -0.7071067811865463515, -1.837086636568278853E-16 ) ) ;
#3540 = CARTESIAN_POINT ( 'NONE',  ( 5.000000000000000000, -8.248891971046781180, 4.762500000000003730 ) ) ;
#3541 = DATE_TIME_ROLE ( 'classification_date' ) ;
#3542 = VERTEX_POINT ( 'NONE', #2566 ) ;
#3543 = ORIENTED_EDGE ( 'NONE', *, *, #4376, .F. ) ;
#3544 = CARTESIAN_POINT ( 'NONE',  ( 13.19999999999999751, -10.69999999999999218, -13.19999999999999396 ) ) ;
#3545 = CARTESIAN_POINT ( 'NONE',  ( 5.000000000000000000, 8.248891971046782956, 4.762500000000000178 ) ) ;
#3546 = CARTESIAN_POINT ( 'NONE',  ( 9.192421541439370070E-14, 15.13750000000001350, 12.82664718204935106 ) ) ;
#3547 = AXIS2_PLACEMENT_3D ( 'NONE', #1927, #7677, #9135 ) ;
#3548 = COORDINATED_UNIVERSAL_TIME_OFFSET ( 8, 0, .AHEAD. ) ;
#3549 = DIRECTION ( 'NONE',  ( -1.000000000000000000, -0.000000000000000000, -0.000000000000000000 ) ) ;
#3550 = ORIENTED_EDGE ( 'NONE', *, *, #6726, .F. ) ;
#3551 = CARTESIAN_POINT ( 'NONE',  ( 5.312971222579579766, 15.21687500000001414, 12.82664718204931198 ) ) ;
#3552 = ORIENTED_EDGE ( 'NONE', *, *, #3099, .T. ) ;
#3553 = AXIS2_PLACEMENT_3D ( 'NONE', #7143, #3549, #8739 ) ;
#3554 = ORIENTED_EDGE ( 'NONE', *, *, #5226, .F. ) ;
#3555 = LINE ( 'NONE', #4274, #1641 ) ;
#3556 = EDGE_CURVE ( 'NONE', #658, #2129, #7383, .T. ) ;
#3557 = CYLINDRICAL_SURFACE ( 'NONE', #3247, 3.175000000000005596 ) ;
#3558 = FACE_OUTER_BOUND ( 'NONE', #7493, .T. ) ;
#3559 = CARTESIAN_POINT ( 'NONE',  ( 34.00693079519157891, 0.000000000000000000, 0.000000000000000000 ) ) ;
#3560 = CARTESIAN_POINT ( 'NONE',  ( -8.414570696119975324, 15.39625000000001087, -8.414570696119856308 ) ) ;
#3561 = AXIS2_PLACEMENT_3D ( 'NONE', #7357, #3719, #3005 ) ;
#3562 = CARTESIAN_POINT ( 'NONE',  ( 34.40000000000000568, -5.499261314031186565, 9.525000000000002132 ) ) ;
#3563 = ORIENTED_EDGE ( 'NONE', *, *, #3405, .T. ) ;
#3564 = EDGE_CURVE ( 'NONE', #1763, #4015, #1888, .T. ) ;
#3565 = CARTESIAN_POINT ( 'NONE',  ( 14.29000000000000448, 2.578957854155721483E-31, 6.257467538869049051 ) ) ;
#3566 = ORIENTED_EDGE ( 'NONE', *, *, #3910, .T. ) ;
#3567 = AXIS2_PLACEMENT_3D ( 'NONE', #3709, #2806, #7255 ) ;
#3568 = ADVANCED_FACE ( 'NONE', ( #1947 ), #5507, .T. ) ;
#3569 = DIRECTION ( 'NONE',  ( 0.000000000000000000, 0.000000000000000000, 1.000000000000000000 ) ) ;
#3570 = FACE_OUTER_BOUND ( 'NONE', #8568, .T. ) ;
#3571 = DIRECTION ( 'NONE',  ( 1.000000000000000000, -8.775090700452169195E-16, 0.000000000000000000 ) ) ;
#3572 = AXIS2_PLACEMENT_3D ( 'NONE', #7156, #7198, #4320 ) ;
#3573 = VERTEX_POINT ( 'NONE', #5555 ) ;
#3574 = ADVANCED_FACE ( 'NONE', ( #9256 ), #6268, .F. ) ;
#3575 = ORIENTED_EDGE ( 'NONE', *, *, #8857, .F. ) ;
#3576 = EDGE_CURVE ( 'NONE', #6211, #1258, #3260, .T. ) ;
#3577 = VERTEX_POINT ( 'NONE', #8621 ) ;
#3578 = DIRECTION ( 'NONE',  ( 0.000000000000000000, 0.000000000000000000, -1.000000000000000000 ) ) ;
#3579 = AXIS2_PLACEMENT_3D ( 'NONE', #2393, #6149, #163 ) ;
#3580 = FACE_OUTER_BOUND ( 'NONE', #3987, .T. ) ;
#3581 = DIRECTION ( 'NONE',  ( -8.775090700452169195E-16, -1.000000000000000000, -0.000000000000000000 ) ) ;
#3582 = CARTESIAN_POINT ( 'NONE',  ( 17.47810899155977893, 0.000000000000000000, 0.000000000000000000 ) ) ;
#3583 = DIRECTION ( 'NONE',  ( -0.000000000000000000, 1.000000000000000000, -0.000000000000000000 ) ) ;
#3584 = CALENDAR_DATE ( 2025, 13, 3 ) ;
#3585 = ORIENTED_EDGE ( 'NONE', *, *, #5034, .F. ) ;
#3586 = ORIENTED_EDGE ( 'NONE', *, *, #2977, .F. ) ;
#3587 = CIRCLE ( 'NONE', #2826, 9.525000000000000355 ) ;
#3588 = CARTESIAN_POINT ( 'NONE',  ( -8.947569504916662808, -16.36523270379544925, -11.33478903118297865 ) ) ;
#3589 = ORIENTED_EDGE ( 'NONE', *, *, #8266, .T. ) ;
#3590 = CARTESIAN_POINT ( 'NONE',  ( 8.339098468028412370, 17.68734031407016616, -8.656764369349092547 ) ) ;
#3591 = CARTESIAN_POINT ( 'NONE',  ( -9.035340417286478833E-14, 14.50250000000001549, -12.82664718204935106 ) ) ;
#3592 = TOROIDAL_SURFACE ( 'NONE', #4505, 6.750000000000000888, 0.3999999999999988565 ) ;
#3593 = COORDINATED_UNIVERSAL_TIME_OFFSET ( 8, 0, .AHEAD. ) ;
#3594 = CARTESIAN_POINT ( 'NONE',  ( 5.260512242138389638, 14.01999478464833437, 12.69999999999992824 ) ) ;
#3595 = ORIENTED_EDGE ( 'NONE', *, *, #8259, .F. ) ;
#3596 = CARTESIAN_POINT ( 'NONE',  ( 5.312971222579394137, 15.69312500000001265, -12.82664718204939014 ) ) ;
#3597 = EDGE_LOOP ( 'NONE', ( #2757, #7029, #7074, #4808, #9179, #2039, #9165, #3879, #7604, #8831 ) ) ;
#3598 = VECTOR ( 'NONE', #7702, 1000.000000000000000 ) ;
#3599 = AXIS2_PLACEMENT_3D ( 'NONE', #7136, #5577, #4941 ) ;
#3600 = CARTESIAN_POINT ( 'NONE',  ( -13.44999999999999929, 9.400000000000025224, 12.94999999999999218 ) ) ;
#3601 = CARTESIAN_POINT ( 'NONE',  ( 34.40000000000000568, 5.499261314031191894, -9.524999999999998579 ) ) ;
#3602 = CARTESIAN_POINT ( 'NONE',  ( 36.29999999999999716, 0.000000000000000000, 0.000000000000000000 ) ) ;
#3603 = FACE_OUTER_BOUND ( 'NONE', #5250, .T. ) ;
#3604 = CARTESIAN_POINT ( 'NONE',  ( 24.00000000000000000, 2.299999999999999822, 0.000000000000000000 ) ) ;
#3605 = AXIS2_PLACEMENT_3D ( 'NONE', #817, #7477, #4460 ) ;
#3606 = FACE_BOUND ( 'NONE', #7885, .T. ) ;
#3607 = ORIENTED_EDGE ( 'NONE', *, *, #291, .T. ) ;
#3608 = FACE_OUTER_BOUND ( 'NONE', #281, .T. ) ;
#3609 = ORIENTED_EDGE ( 'NONE', *, *, #191, .F. ) ;
#3610 = DIRECTION ( 'NONE',  ( 0.000000000000000000, 0.4999999999999997224, -0.8660254037844387076 ) ) ;
#3611 = ADVANCED_FACE ( 'NONE', ( #3476 ), #6329, .T. ) ;
#3612 = CARTESIAN_POINT ( 'NONE',  ( -12.69999999999996732, 12.20688021535169732, 8.868362600661530955E-14 ) ) ;
#3613 = DIRECTION ( 'NONE',  ( 8.775090700452169195E-16, 1.000000000000000000, 0.000000000000000000 ) ) ;
#3614 = CONICAL_SURFACE ( 'NONE', #4377, 11.09999999999998543, 0.7853981633974526089 ) ;
#3615 = CC_DESIGN_DATE_AND_TIME_ASSIGNMENT ( #7630, #6151, ( #1103 ) ) ;
#3616 = EDGE_CURVE ( 'NONE', #6156, #6624, #4329, .T. ) ;
#3617 = DIRECTION ( 'NONE',  ( 1.000000000000000000, 0.000000000000000000, -0.000000000000000000 ) ) ;
#3618 = VERTEX_POINT ( 'NONE', #1181 ) ;
#3619 = ORIENTED_EDGE ( 'NONE', *, *, #2106, .F. ) ;
#3620 = VERTEX_POINT ( 'NONE', #9302 ) ;
#3621 = DIRECTION ( 'NONE',  ( 0.000000000000000000, 0.000000000000000000, 1.000000000000000000 ) ) ;
#3622 = VECTOR ( 'NONE', #7535, 1000.000000000000000 ) ;
#3623 = LINE ( 'NONE', #8909, #864 ) ;
#3624 = LOCAL_TIME ( 22, 23, 34.00000000000000000, #3593 ) ;
#3625 = DIRECTION ( 'NONE',  ( -1.000000000000000000, -0.000000000000000000, -0.000000000000000000 ) ) ;
#3626 = ADVANCED_FACE ( 'NONE', ( #8475 ), #2032, .T. ) ;
#3627 = DIRECTION ( 'NONE',  ( -8.775090700452169195E-16, -1.000000000000000000, -0.000000000000000000 ) ) ;
#3628 = CARTESIAN_POINT ( 'NONE',  ( 11.90000000000000568, 17.80000000000000071, 0.000000000000000000 ) ) ;
#3629 = LINE ( 'NONE', #5936, #7110 ) ;
#3630 = CALENDAR_DATE ( 2025, 13, 3 ) ;
#3631 = EDGE_CURVE ( 'NONE', #9014, #4161, #6453, .T. ) ;
#3632 = ORIENTED_EDGE ( 'NONE', *, *, #8517, .T. ) ;
#3633 = VERTEX_POINT ( 'NONE', #7021 ) ;
#3634 = AXIS2_PLACEMENT_3D ( 'NONE', #6890, #1932, #9095 ) ;
#3635 = LOCAL_TIME ( 22, 23, 34.00000000000000000, #9223 ) ;
#3636 = CARTESIAN_POINT ( 'NONE',  ( 11.89999999999994706, 13.52937500000001769, -4.929141392239957398 ) ) ;
#3637 = CARTESIAN_POINT ( 'NONE',  ( -8.414570696120012627, 11.58625000000001926, -8.414570696119817228 ) ) ;
#3638 = CARTESIAN_POINT ( 'NONE',  ( 5.312971222579579766, 16.48687500000001194, 12.82664718204931198 ) ) ;
#3639 = EDGE_CURVE ( 'NONE', #194, #1280, #1992, .T. ) ;
#3640 = VECTOR ( 'NONE', #4735, 1000.000000000000000 ) ;
#3641 = EDGE_CURVE ( 'NONE', #9076, #338, #9097, .T. ) ;
#3642 = AXIS2_PLACEMENT_3D ( 'NONE', #606, #5689, #6531 ) ;
#3643 = APPROVAL_ROLE ( '' ) ;
#3644 = PLANE ( 'NONE',  #646 ) ;
#3645 = CARTESIAN_POINT ( 'NONE',  ( 12.82664718204939192, 15.37562500000001187, 5.312971222579391473 ) ) ;
#3646 = ORIENTED_EDGE ( 'NONE', *, *, #6560, .F. ) ;
#3647 = CIRCLE ( 'NONE', #3034, 3.174999999999999822 ) ;
#3648 = DIRECTION ( 'NONE',  ( 1.000000000000000000, 0.000000000000000000, 0.000000000000000000 ) ) ;
#3649 = CARTESIAN_POINT ( 'NONE',  ( 12.39686533479527064, 11.39686533479527064, -1.377380915777456371E-11 ) ) ;
#3650 = B_SPLINE_CURVE_WITH_KNOTS ( 'NONE', 3,
 ( #1494, #7336, #2210, #5956 ),
 .UNSPECIFIED., .F., .F.,
 ( 4, 4 ),
 ( 0.01118968547759082929, 0.01669505163429731848 ),
 .UNSPECIFIED. ) ;
#3651 = FACE_OUTER_BOUND ( 'NONE', #8078, .T. ) ;
#3652 = CARTESIAN_POINT ( 'NONE',  ( 33.62056046467595394, 0.000000000000000000, 19.70352761804100439 ) ) ;
#3653 = CARTESIAN_POINT ( 'NONE',  ( -12.69999999999996909, 12.35311978464833871, 8.868362600661534741E-14 ) ) ;
#3654 = AXIS2_PLACEMENT_3D ( 'NONE', #4768, #6730, #9153 ) ;
#3655 = CALENDAR_DATE ( 2025, 13, 3 ) ;
#3656 = DIRECTION ( 'NONE',  ( 1.000000000000000000, 1.231304080816852664E-16, -0.000000000000000000 ) ) ;
#3657 = DIRECTION ( 'NONE',  ( 0.000000000000000000, 0.000000000000000000, 1.000000000000000000 ) ) ;
#3658 = EDGE_LOOP ( 'NONE', ( #6227, #3995, #7962, #8336 ) ) ;
#3659 = CARTESIAN_POINT ( 'NONE',  ( 0.000000000000000000, 24.89999999999999858, 0.000000000000000000 ) ) ;
#3660 = ORIENTED_EDGE ( 'NONE', *, *, #291, .F. ) ;
#3661 = CARTESIAN_POINT ( 'NONE',  ( 0.000000000000000000, 0.000000000000000000, 0.000000000000000000 ) ) ;
#3662 = DIRECTION ( 'NONE',  ( 0.000000000000000000, -1.224646799147353454E-16, 1.000000000000000000 ) ) ;
#3663 = CYLINDRICAL_SURFACE ( 'NONE', #8511, 15.59999999999999964 ) ;
#3664 = CONICAL_SURFACE ( 'NONE', #9050, 3.703925678971643265, 0.1745329251994260089 ) ;
#3665 = ORIENTED_EDGE ( 'NONE', *, *, #2273, .F. ) ;
#3666 = VERTEX_POINT ( 'NONE', #4244 ) ;
#3667 = ORIENTED_EDGE ( 'NONE', *, *, #1945, .T. ) ;
#3668 = DIRECTION ( 'NONE',  ( 0.000000000000000000, 0.000000000000000000, 1.000000000000000000 ) ) ;
#3669 = VECTOR ( 'NONE', #8154, 1000.000000000000114 ) ;
#3670 = DIRECTION ( 'NONE',  ( 8.775090700452169195E-16, 1.000000000000000000, 0.000000000000000000 ) ) ;
#3671 = CC_DESIGN_DATE_AND_TIME_ASSIGNMENT ( #54, #2967, ( #5138 ) ) ;
#3672 = CARTESIAN_POINT ( 'NONE',  ( 24.00000000000000000, 0.000000000000000000, 2.299999999999999822 ) ) ;
#3673 = EDGE_CURVE ( 'NONE', #7345, #517, #6776, .T. ) ;
#3674 = CARTESIAN_POINT ( 'NONE',  ( 0.000000000000000000, 1.347111479062088405E-15, -11.00000000000000000 ) ) ;
#3675 = DIRECTION ( 'NONE',  ( 1.000000000000000000, -8.775090700452169195E-16, 0.000000000000000000 ) ) ;
#3676 = CARTESIAN_POINT ( 'NONE',  ( 13.79999999999999716, -4.528870610996714963E-16, 0.000000000000000000 ) ) ;
#3677 = DATE_AND_TIME ( #3584, #2291 ) ;
#3678 = VERTEX_POINT ( 'NONE', #8024 ) ;
#3679 = EDGE_LOOP ( 'NONE', ( #955, #2971, #400, #3772 ) ) ;
#3680 = VECTOR ( 'NONE', #2098, 1000.000000000000227 ) ;
#3681 = CARTESIAN_POINT ( 'NONE',  ( 4.929141392239907660, 13.21187500000001513, 11.89999999999998437 ) ) ;
#3682 = ADVANCED_FACE ( 'NONE', ( #653 ), #8759, .F. ) ;
#3683 = DIRECTION ( 'NONE',  ( 1.000000000000000000, 1.231304080816852664E-16, -0.000000000000000000 ) ) ;
#3684 = DIRECTION ( 'NONE',  ( 0.000000000000000000, 0.000000000000000000, 1.000000000000000000 ) ) ;
#3685 = ADVANCED_FACE ( 'NONE', ( #9437 ), #2134, .T. ) ;
#3686 = VECTOR ( 'NONE', #4724, 1000.000000000000000 ) ;
#3687 = APPROVAL_STATUS ( 'not_yet_approved' ) ;
#3688 = FACE_BOUND ( 'NONE', #2055, .T. ) ;
#3689 = VERTEX_POINT ( 'NONE', #2995 ) ;
#3690 = CARTESIAN_POINT ( 'NONE',  ( -9.035340417286477571E-14, 15.77250000000001151, -12.82664718204935106 ) ) ;
#3691 = EDGE_LOOP ( 'NONE', ( #84, #4722, #5387, #120 ) ) ;
#3692 = EDGE_CURVE ( 'NONE', #426, #6420, #3713, .T. ) ;
#3693 = EDGE_CURVE ( 'NONE', #2173, #2989, #1270, .T. ) ;
#3694 = DIRECTION ( 'NONE',  ( 0.000000000000000000, 0.000000000000000000, 1.000000000000000000 ) ) ;
#3695 = CARTESIAN_POINT ( 'NONE',  ( 10.95923794478382263, 11.64968738236781931, -6.352023268235143405 ) ) ;
#3696 = AXIS2_PLACEMENT_3D ( 'NONE', #9283, #8405, #4898 ) ;
#3697 = CARTESIAN_POINT ( 'NONE',  ( -4.929141392239751340, 16.86312500000001080, 11.90000000000003233 ) ) ;
#3698 = CARTESIAN_POINT ( 'NONE',  ( 2.050000000000002487, 0.6609346322114794114, 0.06537422930381547870 ) ) ;
#3699 = DIRECTION ( 'NONE',  ( 0.000000000000000000, 0.000000000000000000, -1.000000000000000000 ) ) ;
#3700 = CARTESIAN_POINT ( 'NONE',  ( 15.22582127265072316, 30.49999999999999645, 7.561373325877829288 ) ) ;
#3701 = DATE_AND_TIME ( #5334, #4386 ) ;
#3702 = DIRECTION ( 'NONE',  ( 1.000000000000000000, -0.000000000000000000, -0.000000000000000000 ) ) ;
#3703 = PRODUCT ( 'KF25-TB4', 'KF25-TB4', '', ( #5911 ) ) ;
#3704 = ORIENTED_EDGE ( 'NONE', *, *, #5263, .T. ) ;
#3705 = CARTESIAN_POINT ( 'NONE',  ( 12.32481311125422252, 11.35796691469048447, 1.047403246584936110 ) ) ;
#3706 = ORIENTED_EDGE ( 'NONE', *, *, #306, .F. ) ;
#3707 = CIRCLE ( 'NONE', #4167, 2.899999999999992806 ) ;
#3708 = PLANE ( 'NONE',  #3819 ) ;
#3709 = CARTESIAN_POINT ( 'NONE',  ( -12.44999999999999929, 0.000000000000000000, 0.000000000000000000 ) ) ;
#3710 = PLANE ( 'NONE',  #5600 ) ;
#3711 = EDGE_LOOP ( 'NONE', ( #768, #896, #8113, #7394 ) ) ;
#3712 = EDGE_LOOP ( 'NONE', ( #5842, #86 ) ) ;
#3713 = CIRCLE ( 'NONE', #1569, 11.89999999999998970 ) ;
#3714 = EDGE_LOOP ( 'NONE', ( #424, #4378, #9402 ) ) ;
#3715 = B_SPLINE_CURVE_WITH_KNOTS ( 'NONE', 3,
 ( #7771, #1203, #2107, #1968, #9414, #7911, #2829, #5038, #4893, #8547, #8688, #2735, #6472, #3403, #3590, #7819, #6515, #7046, #9322, #7230, #9456, #8643, #5802, #1346, #490, #4263, #1297, #629 ),
 .UNSPECIFIED., .F., .F.,
 ( 4, 2, 2, 2, 2, 2, 2, 2, 2, 2, 2, 2, 2, 4 ),
 ( 0.05683457967680870249, 0.05810567136772977481, 0.05937676305865084020, 0.06064785474957191252, 0.06191894644049297791, 0.06446112982233512256, 0.06573222151325618101, 0.06700331320417725334, 0.06827440489509832566, 0.06954549658601938411, 0.07208767996786152876, 0.07335877165878260109, 0.07462986334970367341, 0.07717204673154580419 ),
 .UNSPECIFIED. ) ;
#3716 = FACE_OUTER_BOUND ( 'NONE', #5656, .T. ) ;
#3717 = LINE ( 'NONE', #5837, #2091 ) ;
#3718 = FACE_OUTER_BOUND ( 'NONE', #8721, .T. ) ;
#3719 = DIRECTION ( 'NONE',  ( 0.000000000000000000, 1.000000000000000000, 0.000000000000000000 ) ) ;
#3720 = CARTESIAN_POINT ( 'NONE',  ( 12.69999999999996909, 15.52811978464833231, -9.023892744153249136E-14 ) ) ;
#3721 = AXIS2_PLACEMENT_3D ( 'NONE', #8012, #1363, #599 ) ;
#3722 = FACE_OUTER_BOUND ( 'NONE', #8223, .T. ) ;
#3723 = VERTEX_POINT ( 'NONE', #8666 ) ;
#3724 = ORIENTED_EDGE ( 'NONE', *, *, #3224, .T. ) ;
#3725 = CARTESIAN_POINT ( 'NONE',  ( 1.910449006669870914E-15, -2.009527318423362185, 15.59999999999999964 ) ) ;
#3726 = ORIENTED_EDGE ( 'NONE', *, *, #2802, .F. ) ;
#3727 = AXIS2_PLACEMENT_3D ( 'NONE', #4459, #116, #5957 ) ;
#3728 = DIRECTION ( 'NONE',  ( 0.000000000000000000, 1.000000000000000000, 0.000000000000000000 ) ) ;
#3729 = SHAPE_REPRESENTATION ( '316L-FT4-TB4-05-HP', ( #3836 ), #8117 ) ;
#3730 = CARTESIAN_POINT ( 'NONE',  ( 5.312971222579579766, 10.13687500000002295, 12.82664718204931198 ) ) ;
#3731 = ADVANCED_FACE ( 'NONE', ( #2899 ), #9410, .T. ) ;
#3732 = PERSON_AND_ORGANIZATION_ROLE ( 'creator' ) ;
#3733 = CIRCLE ( 'NONE', #226, 8.099999999999999645 ) ;
#3734 = DIRECTION ( 'NONE',  ( 0.000000000000000000, 0.000000000000000000, 1.000000000000000000 ) ) ;
#3735 = VERTEX_POINT ( 'NONE', #2177 ) ;
#3736 = CARTESIAN_POINT ( 'NONE',  ( -11.90000000000003233, 19.28562500000000313, -4.929141392239748676 ) ) ;
#3737 = EDGE_CURVE ( 'NONE', #6332, #2987, #5452, .T. ) ;
#3738 = VERTEX_POINT ( 'NONE', #3757 ) ;
#3739 = CARTESIAN_POINT ( 'NONE',  ( 2.618097302622904632, -15.92906487933676551, 14.98911151100553951 ) ) ;
#3740 = CARTESIAN_POINT ( 'NONE',  ( 11.90000000000003588, 13.37062500000001641, 4.929141392239745123 ) ) ;
#3741 = CARTESIAN_POINT ( 'NONE',  ( 1.100091147205278119, 1.067922460193764467, 1.734781759009967894 ) ) ;
#3742 = CARTESIAN_POINT ( 'NONE',  ( 14.00000000000000000, -1.201236941557884519, 0.000000000000000000 ) ) ;
#3743 = EDGE_CURVE ( 'NONE', #1953, #3106, #6930, .T. ) ;
#3744 = FACE_OUTER_BOUND ( 'NONE', #8727, .T. ) ;
#3745 = EDGE_CURVE ( 'NONE', #7014, #6514, #8158, .T. ) ;
#3746 = DATE_AND_TIME ( #2215, #5014 ) ;
#3747 = CARTESIAN_POINT ( 'NONE',  ( -13.44999999999999929, -11.19999999999999751, -12.94999999999999218 ) ) ;
#3748 = VECTOR ( 'NONE', #4678, 1000.000000000000000 ) ;
#3749 = VECTOR ( 'NONE', #1202, 1000.000000000000000 ) ;
#3750 = EDGE_CURVE ( 'NONE', #4184, #8395, #2331, .T. ) ;
#3751 = ORIENTED_EDGE ( 'NONE', *, *, #1061, .T. ) ;
#3752 = DIRECTION ( 'NONE',  ( 0.000000000000000000, 0.000000000000000000, 1.000000000000000000 ) ) ;
#3753 = VERTEX_POINT ( 'NONE', #1371 ) ;
#3754 = AXIS2_PLACEMENT_3D ( 'NONE', #1742, #7491, #7588 ) ;
#3755 = CARTESIAN_POINT ( 'NONE',  ( 41.79999999999999716, 1.004210375300829674E-15, -8.200000000000001066 ) ) ;
#3756 = DIRECTION ( 'NONE',  ( -1.000000000000000000, -0.000000000000000000, -0.000000000000000000 ) ) ;
#3757 = CARTESIAN_POINT ( 'NONE',  ( 5.000000000000000000, -8.248891971046781180, -4.762499999999998401 ) ) ;
#3758 = ADVANCED_FACE ( 'NONE', ( #3570 ), #7704, .F. ) ;
#3759 = EDGE_CURVE ( 'NONE', #9066, #677, #4423, .T. ) ;
#3760 = CARTESIAN_POINT ( 'NONE',  ( -15.22582127265071783, 33.79999999999998295, -10.06137332587782929 ) ) ;
#3761 = EDGE_LOOP ( 'NONE', ( #7603, #4003, #2065, #3589, #2157, #5879, #3550, #2297, #4104, #3496 ) ) ;
#3762 = EDGE_LOOP ( 'NONE', ( #8213, #4577, #5679, #9200 ) ) ;
#3763 = AXIS2_PLACEMENT_3D ( 'NONE', #5076, #6687, #3007 ) ;
#3764 = ORIENTED_EDGE ( 'NONE', *, *, #3156, .T. ) ;
#3765 = DIRECTION ( 'NONE',  ( 0.000000000000000000, -1.000000000000000000, 0.000000000000000000 ) ) ;
#3766 = FACE_BOUND ( 'NONE', #9260, .T. ) ;
#3767 = DIRECTION ( 'NONE',  ( 0.000000000000000000, 0.000000000000000000, 1.000000000000000000 ) ) ;
#3768 = LINE ( 'NONE', #4344, #2324 ) ;
#3769 = DIRECTION ( 'NONE',  ( -1.000000000000000000, -0.000000000000000000, -0.000000000000000000 ) ) ;
#3770 = EDGE_LOOP ( 'NONE', ( #7553, #7173, #7272, #7781 ) ) ;
#3771 = ORIENTED_EDGE ( 'NONE', *, *, #6228, .F. ) ;
#3772 = ORIENTED_EDGE ( 'NONE', *, *, #2746, .F. ) ;
#3773 = AXIS2_PLACEMENT_3D ( 'NONE', #4929, #2092, #3436 ) ;
#3774 = SECURITY_CLASSIFICATION ( '', '', #165 ) ;
#3775 = CARTESIAN_POINT ( 'NONE',  ( -12.27635182233306743, 0.000000000000000000, 0.000000000000000000 ) ) ;
#3776 = CARTESIAN_POINT ( 'NONE',  ( -8.414570696119854532, 15.71375000000001165, 8.414570696119975324 ) ) ;
#3777 = CARTESIAN_POINT ( 'NONE',  ( -9.035340417286478833E-14, 10.69250000000002387, -12.82664718204935106 ) ) ;
#3778 = DIRECTION ( 'NONE',  ( -9.800697604388738773E-17, 1.000000000000000000, -0.000000000000000000 ) ) ;
#3779 = AXIS2_PLACEMENT_3D ( 'NONE', #7922, #5766, #1397 ) ;
#3780 = CALENDAR_DATE ( 2025, 13, 3 ) ;
#3781 = ORGANIZATION ( 'NAUO-ORG1', 'UNSPECIFIED', 'UNSPECIFIED' ) ;
#3782 = CARTESIAN_POINT ( 'NONE',  ( -2.050000000000002043, 2.299999999999994493, -0.1453275613856351567 ) ) ;
#3783 = ORIENTED_EDGE ( 'NONE', *, *, #371, .T. ) ;
#3784 = ORIENTED_EDGE ( 'NONE', *, *, #7375, .F. ) ;
#3785 = CARTESIAN_POINT ( 'NONE',  ( 8.414570696119856308, 20.15875000000000483, -8.414570696119973547 ) ) ;
#3786 =( BOUNDED_CURVE ( )  B_SPLINE_CURVE ( 2, ( #9250, #7681, #4076, #4658, #6861, #4772, #3997 ),
 .UNSPECIFIED., .F., .F. ) 
 B_SPLINE_CURVE_WITH_KNOTS ( ( 3, 2, 2, 3 ),
 ( 0.5624999999999998890, 0.5781249999999998890, 0.5937500000000000000, 0.5968808116557946519 ),
 .UNSPECIFIED. ) 
 CURVE ( )  GEOMETRIC_REPRESENTATION_ITEM ( )  RATIONAL_B_SPLINE_CURVE ( ( 1.000000000000000444, 0.9238795325112861834, 1.000000000000000000, 0.9238795325112867385, 1.000000000000000000, 0.9847475938010751273, 0.9756074962237832882 ) ) 
 REPRESENTATION_ITEM ( '' )  );
#3787 = LINE ( 'NONE', #8052, #5124 ) ;
#3788 = CARTESIAN_POINT ( 'NONE',  ( 8.947569504916666361, -16.36523270379544925, 11.33478903118298398 ) ) ;
#3789 = TOROIDAL_SURFACE ( 'NONE', #8391, 14.59999999999999964, 0.3999999999999984679 ) ;
#3790 = TOROIDAL_SURFACE ( 'NONE', #3486, 20.24999999999999645, 1.500000000000000666 ) ;
#3791 = CARTESIAN_POINT ( 'NONE',  ( -11.90000000000003233, 15.27562500000001044, -4.929141392239748676 ) ) ;
#3792 = CC_DESIGN_PERSON_AND_ORGANIZATION_ASSIGNMENT ( #7369, #765, ( #7217 ) ) ;
#3793 = CARTESIAN_POINT ( 'NONE',  ( 0.000000000000000000, 0.000000000000000000, 3.174999999999999822 ) ) ;
#3794 = ADVANCED_FACE ( 'NONE', ( #5735 ), #6495, .T. ) ;
#3795 = DIRECTION ( 'NONE',  ( -1.000000000000000000, -0.000000000000000000, -0.000000000000000000 ) ) ;
#3796 = LINE ( 'NONE', #8256, #4504 ) ;
#3797 = APPROVAL_STATUS ( 'not_yet_approved' ) ;
#3798 = LINE ( 'NONE', #5335, #2619 ) ;
#3799 = CIRCLE ( 'NONE', #7790, 9.525000000000000355 ) ;
#3800 = FACE_OUTER_BOUND ( 'NONE', #5669, .T. ) ;
#3801 = ORIENTED_EDGE ( 'NONE', *, *, #4430, .F. ) ;
#3802 = DIRECTION ( 'NONE',  ( -0.7071067811865475727, 0.7071067811865475727, 0.000000000000000000 ) ) ;
#3803 = ORIENTED_EDGE ( 'NONE', *, *, #182, .F. ) ;
#3804 = EDGE_CURVE ( 'NONE', #3106, #4988, #8939, .T. ) ;
#3805 = CIRCLE ( 'NONE', #3654, 15.59999999999999964 ) ;
#3806 = DIRECTION ( 'NONE',  ( -1.000000000000000000, 8.775090700452169195E-16, 0.000000000000000000 ) ) ;
#3807 = CARTESIAN_POINT ( 'NONE',  ( 39.70000000000000284, 10.99852262806237846, -1.734723475976807094E-15 ) ) ;
#3808 = EDGE_CURVE ( 'NONE', #787, #5855, #7532, .T. ) ;
#3809 = CARTESIAN_POINT ( 'NONE',  ( -9.089383748565030174, 17.08324529460747954, -8.781376905746245853 ) ) ;
#3810 = DIRECTION ( 'NONE',  ( -0.000000000000000000, 1.000000000000000000, -0.000000000000000000 ) ) ;
#3811 = VERTEX_POINT ( 'NONE', #129 ) ;
#3812 = ORIENTED_EDGE ( 'NONE', *, *, #5263, .F. ) ;
#3813 = ORIENTED_EDGE ( 'NONE', *, *, #1650, .F. ) ;
#3814 = EDGE_CURVE ( 'NONE', #4988, #3106, #665, .T. ) ;
#3815 = EDGE_CURVE ( 'NONE', #5709, #4210, #7534, .T. ) ;
#3816 = CARTESIAN_POINT ( 'NONE',  ( 0.000000000000000000, 0.000000000000000000, 8.099999999999999645 ) ) ;
#3817 = FACE_OUTER_BOUND ( 'NONE', #1622, .T. ) ;
#3818 = DIRECTION ( 'NONE',  ( 0.9848077530122075762, 2.126576849575801189E-17, 0.1736481776669327737 ) ) ;
#3819 = AXIS2_PLACEMENT_3D ( 'NONE', #1740, #5292, #8215 ) ;
#3820 = CARTESIAN_POINT ( 'NONE',  ( 33.49999999999999289, 0.000000000000000000, 0.000000000000000000 ) ) ;
#3821 = ORIENTED_EDGE ( 'NONE', *, *, #1703, .F. ) ;
#3822 = ORIENTED_EDGE ( 'NONE', *, *, #3061, .F. ) ;
#3823 = ORIENTED_EDGE ( 'NONE', *, *, #4609, .T. ) ;
#3824 = SECURITY_CLASSIFICATION ( '', '', #7316 ) ;
#3825 = CIRCLE ( 'NONE', #2755, 9.525000000000000355 ) ;
#3826 = DIRECTION ( 'NONE',  ( -1.000000000000000000, -0.000000000000000000, -0.000000000000000000 ) ) ;
#3827 = CARTESIAN_POINT ( 'NONE',  ( -4.929141392239751340, 15.79312500000001229, 11.90000000000003233 ) ) ;
#3828 = CARTESIAN_POINT ( 'NONE',  ( 5.312971222579394137, 11.88312500000002281, -12.82664718204939014 ) ) ;
#3829 = CYLINDRICAL_SURFACE ( 'NONE', #1107, 15.59999999999999964 ) ;
#3830 = APPLICATION_PROTOCOL_DEFINITION ( 'international standard', 'config_control_design', 1994, #8589 ) ;
#3831 = FACE_OUTER_BOUND ( 'NONE', #8765, .T. ) ;
#3832 = ORIENTED_EDGE ( 'NONE', *, *, #3984, .F. ) ;
#3833 = CARTESIAN_POINT ( 'NONE',  ( 11.89999999999996483, 20.07937499999999886, -4.929141392239915653 ) ) ;
#3834 = LINE ( 'NONE', #1105, #2207 ) ;
#3835 = CARTESIAN_POINT ( 'NONE',  ( 13.99999999999999822, 0.000000000000000000, 3.399999999999999911 ) ) ;
#3836 = AXIS2_PLACEMENT_3D ( 'NONE', #7752, #7699, #1135 ) ;
#3837 = CARTESIAN_POINT ( 'NONE',  ( -4.929141392239914765, 15.11687500000001450, -11.89999999999996483 ) ) ;
#3838 = CARTESIAN_POINT ( 'NONE',  ( -5.260512242138384309, 14.65499478464833594, -12.69999999999993179 ) ) ;
#3839 = CARTESIAN_POINT ( 'NONE',  ( 4.963898969966151320, -7.332348418708249049, 6.350000000000002309 ) ) ;
#3840 = CARTESIAN_POINT ( 'NONE',  ( -12.56412585201709042, -5.311121375574498562E-16, 9.246769250645099802 ) ) ;
#3841 = APPROVAL_ROLE ( '' ) ;
#3842 = PLANE ( 'NONE',  #785 ) ;
#3843 = CARTESIAN_POINT ( 'NONE',  ( 11.90633974596222089, 10.90633974596222089, -5.199830294817119976E-12 ) ) ;
#3844 =( BOUNDED_CURVE ( )  B_SPLINE_CURVE ( 2, ( #1845, #8565, #1938, #507, #4764, #8610, #6260, #3466, #5548 ),
 .UNSPECIFIED., .F., .T. ) 
 B_SPLINE_CURVE_WITH_KNOTS ( ( 3, 2, 2, 2, 3 ),
 ( 0.3437499999999998890, 0.3593749999999999445, 0.3750000000000000000, 0.3906250000000000000, 0.4062500000000000555 ),
 .UNSPECIFIED. ) 
 CURVE ( )  GEOMETRIC_REPRESENTATION_ITEM ( )  RATIONAL_B_SPLINE_CURVE ( ( 1.000000000000000444, 0.9238795325112861834, 1.000000000000000000, 0.9238795325112867385, 1.000000000000000000, 0.9238795325112867385, 1.000000000000000000, 0.9238795325112865164, 1.000000000000000222 ) ) 
 REPRESENTATION_ITEM ( '' )  );
#3845 = FACE_BOUND ( 'NONE', #2459, .T. ) ;
#3846 = FACE_BOUND ( 'NONE', #6885, .T. ) ;
#3847 = AXIS2_PLACEMENT_3D ( 'NONE', #6759, #119, #5961 ) ;
#3848 = ORIENTED_EDGE ( 'NONE', *, *, #808, .F. ) ;
#3849 = CARTESIAN_POINT ( 'NONE',  ( 14.29000000000000270, -1.253317003632702598, -1.050702047291696140 ) ) ;
#3850 = DIRECTION ( 'NONE',  ( -1.000000000000000000, 0.000000000000000000, 0.000000000000000000 ) ) ;
#3851 = CARTESIAN_POINT ( 'NONE',  ( -1.243166172044354312, 1.619132391577507324, 1.649224060461986552 ) ) ;
#3852 = APPLICATION_CONTEXT ( 'configuration controlled 3d designs of mechanical parts and assemblies' ) ;
#3853 = CIRCLE ( 'NONE', #8926, 0.3999999999999988565 ) ;
#3854 = CARTESIAN_POINT ( 'NONE',  ( -12.94999999999999218, 9.400000000000025224, -13.44999999999999929 ) ) ;
#3855 = EDGE_CURVE ( 'NONE', #8443, #426, #511, .T. ) ;
#3856 = ORIENTED_EDGE ( 'NONE', *, *, #2746, .T. ) ;
#3857 = ORIENTED_EDGE ( 'NONE', *, *, #4391, .T. ) ;
#3858 = ORIENTED_EDGE ( 'NONE', *, *, #5967, .T. ) ;
#3859 = EDGE_CURVE ( 'NONE', #7808, #2129, #1026, .T. ) ;
#3860 = CIRCLE ( 'NONE', #7231, 0.9999999999999991118 ) ;
#3861 = CARTESIAN_POINT ( 'NONE',  ( 0.2720356458796170385, 5.957533090200457515, 8.731250000000006395 ) ) ;
#3862 = CARTESIAN_POINT ( 'NONE',  ( -13.79999999999999716, 3.200000000000000178, 0.000000000000000000 ) ) ;
#3863 = CARTESIAN_POINT ( 'NONE',  ( 5.260512242138389638, 16.55999478464833174, 12.69999999999992824 ) ) ;
#3864 = CARTESIAN_POINT ( 'NONE',  ( -15.22582127265071783, 30.49999999999999645, -7.561373325877829288 ) ) ;
#3865 = DIRECTION ( 'NONE',  ( -0.7071067811865463515, -0.7071067811865487940, -0.000000000000000000 ) ) ;
#3866 = CARTESIAN_POINT ( 'NONE',  ( -11.90000000000004832, 12.73562500000001840, -4.929141392239714037 ) ) ;
#3867 = ADVANCED_FACE ( 'NONE', ( #8270 ), #3186, .T. ) ;
#3868 = DIRECTION ( 'NONE',  ( 0.000000000000000000, 0.000000000000000000, 1.000000000000000000 ) ) ;
#3869 = EDGE_CURVE ( 'NONE', #5881, #6402, #6335, .T. ) ;
#3870 = ORIENTED_EDGE ( 'NONE', *, *, #9296, .T. ) ;
#3871 = ORIENTED_EDGE ( 'NONE', *, *, #9284, .T. ) ;
#3872 = DIRECTION ( 'NONE',  ( -1.000000000000000000, -0.000000000000000000, -0.000000000000000000 ) ) ;
#3873 = CIRCLE ( 'NONE', #9259, 13.10000000000000142 ) ;
#3874 = PLANE ( 'NONE',  #7633 ) ;
#3875 = CARTESIAN_POINT ( 'NONE',  ( -8.980256121069064790, 14.90563021535169241, 8.980256121069192687 ) ) ;
#3876 = PERSON_AND_ORGANIZATION_ROLE ( 'classification_officer' ) ;
#3877 = CARTESIAN_POINT ( 'NONE',  ( -0.2914568337773919549, 1.075590867456486022, -2.033843972934303856 ) ) ;
#3878 = ORIENTED_EDGE ( 'NONE', *, *, #2170, .F. ) ;
#3879 = ORIENTED_EDGE ( 'NONE', *, *, #6553, .F. ) ;
#3880 = CARTESIAN_POINT ( 'NONE',  ( -12.82664718204931198, 11.08937500000001997, 5.312971222579581543 ) ) ;
#3881 = CARTESIAN_POINT ( 'NONE',  ( 0.6382647951727107305, 11.10118521549366122, -12.11058088006516620 ) ) ;
#3882 = CYLINDRICAL_SURFACE ( 'NONE', #4251, 3.175000000000005596 ) ;
#3883 = CARTESIAN_POINT ( 'NONE',  ( -8.414570696119973547, 13.92625000000001556, -8.414570696119856308 ) ) ;
#3884 = AXIS2_PLACEMENT_3D ( 'NONE', #6017, #8947, #2355 ) ;
#3885 = LINE ( 'NONE', #6705, #8737 ) ;
#3886 = DIRECTION ( 'NONE',  ( 0.000000000000000000, 0.000000000000000000, 1.000000000000000000 ) ) ;
#3887 = CARTESIAN_POINT ( 'NONE',  ( 41.30693079519157607, 1.836970198721029589E-15, -15.00000000000000000 ) ) ;
#3888 = COORDINATED_UNIVERSAL_TIME_OFFSET ( 8, 0, .AHEAD. ) ;
#3889 = DIRECTION ( 'NONE',  ( 8.659560562354888485E-17, 0.7071067811865512365, -0.7071067811865439090 ) ) ;
#3890 = CARTESIAN_POINT ( 'NONE',  ( 36.29999999999999005, 0.000000000000000000, 0.000000000000000000 ) ) ;
#3891 = CARTESIAN_POINT ( 'NONE',  ( 31.69999999999999929, 1.974095493040175161E-15, 12.53589838486231578 ) ) ;
#3892 = LINE ( 'NONE', #7635, #884 ) ;
#3893 = AXIS2_PLACEMENT_3D ( 'NONE', #8776, #7320, #5668 ) ;
#3894 = ORIENTED_EDGE ( 'NONE', *, *, #3404, .T. ) ;
#3895 = CARTESIAN_POINT ( 'NONE',  ( 1.561966144680487038E-14, 17.80000000000001137, 0.000000000000000000 ) ) ;
#3896 = LINE ( 'NONE', #7688, #8731 ) ;
#3897 = CARTESIAN_POINT ( 'NONE',  ( 33.62056046467595394, 2.412986202934539378E-15, 19.70352761804100439 ) ) ;
#3898 = CONICAL_SURFACE ( 'NONE', #8348, 9.525000000000000355, 1.308996938995753645 ) ;
#3899 = AXIS2_PLACEMENT_3D ( 'NONE', #1536, #859, #2340 ) ;
#3900 = CARTESIAN_POINT ( 'NONE',  ( -8.414570696119843873, 16.78375000000001194, 8.414570696119987758 ) ) ;
#3901 = VERTEX_POINT ( 'NONE', #5441 ) ;
#3902 = DIRECTION ( 'NONE',  ( 0.000000000000000000, 1.000000000000000000, 0.000000000000000000 ) ) ;
#3903 = ORIENTED_EDGE ( 'NONE', *, *, #6226, .F. ) ;
#3904 = CIRCLE ( 'NONE', #6365, 2.899999999999992806 ) ;
#3905 = DIRECTION ( 'NONE',  ( -0.000000000000000000, 1.000000000000000000, -0.000000000000000000 ) ) ;
#3906 = EDGE_CURVE ( 'NONE', #2532, #5551, #8949, .T. ) ;
#3907 = CARTESIAN_POINT ( 'NONE',  ( 1.714505518806294638E-15, 0.000000000000000000, -14.00000000000000000 ) ) ;
#3908 = CARTESIAN_POINT ( 'NONE',  ( 0.000000000000000000, 0.000000000000000000, 0.000000000000000000 ) ) ;
#3909 = CC_DESIGN_PERSON_AND_ORGANIZATION_ASSIGNMENT ( #3269, #2637, ( #571 ) ) ;
#3910 = EDGE_CURVE ( 'NONE', #5410, #2351, #9267, .T. ) ;
#3911 = CARTESIAN_POINT ( 'NONE',  ( 1.491765419076868398E-14, 16.99999999999999289, 0.000000000000000000 ) ) ;
#3912 = CARTESIAN_POINT ( 'NONE',  ( 0.000000000000000000, 24.89999999999999858, 4.799999999999999822 ) ) ;
#3913 = ORIENTED_EDGE ( 'NONE', *, *, #8265, .T. ) ;
#3914 = ORIENTED_EDGE ( 'NONE', *, *, #4091, .F. ) ;
#3915 = DIRECTION ( 'NONE',  ( 1.000000000000000000, 0.000000000000000000, 0.000000000000000000 ) ) ;
#3916 = EDGE_CURVE ( 'NONE', #5634, #4552, #8222, .T. ) ;
#3917 = CARTESIAN_POINT ( 'NONE',  ( 8.528325040094456217E-14, 14.60250000000001158, 11.89999999999999858 ) ) ;
#3918 = CARTESIAN_POINT ( 'NONE',  ( 0.000000000000000000, -11.19999999999999929, -12.94999999999999218 ) ) ;
#3919 = CARTESIAN_POINT ( 'NONE',  ( 0.000000000000000000, 0.000000000000000000, 0.000000000000000000 ) ) ;
#3920 = DIRECTION ( 'NONE',  ( 0.000000000000000000, 0.000000000000000000, 1.000000000000000000 ) ) ;
#3921 = EDGE_CURVE ( 'NONE', #9115, #4552, #8563, .T. ) ;
#3922 = APPROVAL_DATE_TIME ( #1003, #5964 ) ;
#3923 = CARTESIAN_POINT ( 'NONE',  ( 33.89999999999999858, 0.000000000000000000, 6.349999999999997868 ) ) ;
#3924 = ORIENTED_EDGE ( 'NONE', *, *, #6096, .F. ) ;
#3925 = CIRCLE ( 'NONE', #1790, 3.200000000000000178 ) ;
#3926 = LOCAL_TIME ( 22, 23, 34.00000000000000000, #9188 ) ;
#3927 = CARTESIAN_POINT ( 'NONE',  ( 9.192421541439368808E-14, 11.32750000000002188, 12.82664718204935106 ) ) ;
#3928 = CARTESIAN_POINT ( 'NONE',  ( 8.963637018133271184, 11.00018496405663804, -8.017499050119427650 ) ) ;
#3929 = CARTESIAN_POINT ( 'NONE',  ( 10.90839001700779320, 17.52464945135353247, 5.467600675558342616 ) ) ;
#3930 = ADVANCED_FACE ( 'NONE', ( #1171 ), #7789, .T. ) ;
#3931 = CARTESIAN_POINT ( 'NONE',  ( -11.89999999999996305, 11.62437500000002011, 4.929141392239922759 ) ) ;
#3932 = VECTOR ( 'NONE', #8746, 1000.000000000000000 ) ;
#3933 = CC_DESIGN_APPROVAL ( #5964, ( #4089 ) ) ;
#3934 = CARTESIAN_POINT ( 'NONE',  ( -12.27635182233306743, 0.000000000000000000, 0.000000000000000000 ) ) ;
#3935 = CARTESIAN_POINT ( 'NONE',  ( 0.000000000000000000, 17.80000000000000071, -11.89999999999999858 ) ) ;
#3936 = FACE_OUTER_BOUND ( 'NONE', #1823, .T. ) ;
#3937 = PERSON_AND_ORGANIZATION ( #5176, #5070 ) ;
#3938 = CARTESIAN_POINT ( 'NONE',  ( 0.2720356458796172050, -5.957533090200453962, 8.731250000000008171 ) ) ;
#3939 = CARTESIAN_POINT ( 'NONE',  ( -6.999999999999999112, 3.174999999999999822, 0.000000000000000000 ) ) ;
#3940 = CIRCLE ( 'NONE', #6251, 1.000000000000000888 ) ;
#3941 = CARTESIAN_POINT ( 'NONE',  ( -5.342430495083333675, -16.36523270379544925, 13.41621700897628067 ) ) ;
#3942 = APPROVAL_PERSON_ORGANIZATION ( #2293, #2680, #8191 ) ;
#3943 = ORIENTED_EDGE ( 'NONE', *, *, #4037, .T. ) ;
#3944 = CARTESIAN_POINT ( 'NONE',  ( 0.1083897543756179305, 1.048450446541747239, -2.047132546062026659 ) ) ;
#3945 = DIRECTION ( 'NONE',  ( 0.000000000000000000, -1.000000000000000000, 0.000000000000000000 ) ) ;
#3946 = FACE_OUTER_BOUND ( 'NONE', #1369, .T. ) ;
#3947 = CARTESIAN_POINT ( 'NONE',  ( -8.564225747545673784, 17.07623440890417044, -9.304522974753139053 ) ) ;
#3948 = CONICAL_SURFACE ( 'NONE', #4878, 11.89999999999998970, 0.7853981633974341792 ) ;
#3949 = FACE_OUTER_BOUND ( 'NONE', #6981, .T. ) ;
#3950 = CARTESIAN_POINT ( 'NONE',  ( 12.94999999999999218, -10.69999999999999041, -13.44999999999999929 ) ) ;
#3951 = B_SPLINE_CURVE_WITH_KNOTS ( 'NONE', 3,
 ( #3649, #62, #8201, #22, #7333, #770, #5326, #3695, #2974, #5904 ),
 .UNSPECIFIED., .F., .F.,
 ( 4, 2, 2, 2, 4 ),
 ( 0.01272806491526913553, 0.01471367423749017113, 0.01669928355971120673, 0.01868489288193224407, 0.02067050220415327794 ),
 .UNSPECIFIED. ) ;
#3952 = ORIENTED_EDGE ( 'NONE', *, *, #811, .T. ) ;
#3953 = ORIENTED_EDGE ( 'NONE', *, *, #761, .F. ) ;
#3954 = CIRCLE ( 'NONE', #1819, 0.3999999999999988565 ) ;
#3955 = CARTESIAN_POINT ( 'NONE',  ( 0.03610103003384652898, 7.332348418708252602, 6.350000000000000533 ) ) ;
#3956 = CARTESIAN_POINT ( 'NONE',  ( -9.000000000000001776, -11.19999999999999929, 11.89999999999999147 ) ) ;
#3957 = LINE ( 'NONE', #7502, #51 ) ;
#3958 = CARTESIAN_POINT ( 'NONE',  ( 41.79999999999999716, 0.000000000000000000, 0.000000000000000000 ) ) ;
#3959 = VECTOR ( 'NONE', #7452, 1000.000000000000000 ) ;
#3960 = DIRECTION ( 'NONE',  ( 0.000000000000000000, 0.000000000000000000, 1.000000000000000000 ) ) ;
#3961 = ORIENTED_EDGE ( 'NONE', *, *, #4688, .T. ) ;
#3962 = ORIENTED_EDGE ( 'NONE', *, *, #6917, .T. ) ;
#3963 = ORIENTED_EDGE ( 'NONE', *, *, #9347, .F. ) ;
#3964 = CARTESIAN_POINT ( 'NONE',  ( -13.44999999999999929, 8.900000000000016342, 12.94999999999999218 ) ) ;
#3965 = AXIS2_PLACEMENT_3D ( 'NONE', #651, #4243, #8665 ) ;
#3966 = CARTESIAN_POINT ( 'NONE',  ( 33.70000000000000284, 0.000000000000000000, 2.700000000000000178 ) ) ;
#3967 = CARTESIAN_POINT ( 'NONE',  ( 12.69999999999996732, 14.11188021535169490, -9.023892744153245350E-14 ) ) ;
#3968 = PERSON_AND_ORGANIZATION ( #5176, #5070 ) ;
#3969 = CARTESIAN_POINT ( 'NONE',  ( 12.69999999999996909, 11.71811978464834070, -9.023892744153249136E-14 ) ) ;
#3970 = VERTEX_POINT ( 'NONE', #4907 ) ;
#3971 = ADVANCED_FACE ( 'NONE', ( #7059 ), #3373, .T. ) ;
#3972 = VERTEX_POINT ( 'NONE', #1264 ) ;
#3973 = ORIENTED_EDGE ( 'NONE', *, *, #1702, .F. ) ;
#3974 = CARTESIAN_POINT ( 'NONE',  ( -6.225432831693609614, 11.17669472214246262, -10.49473355833303678 ) ) ;
#3975 = EDGE_CURVE ( 'NONE', #338, #9076, #2036, .T. ) ;
#3976 = CARTESIAN_POINT ( 'NONE',  ( 3.809662982789316032, 17.42331530265207817, 11.67762916468623580 ) ) ;
#3977 = APPLICATION_CONTEXT ( 'configuration controlled 3d designs of mechanical parts and assemblies' ) ;
#3978 = CARTESIAN_POINT ( 'NONE',  ( -8.414570696119854532, 11.70375000000001897, 8.414570696119975324 ) ) ;
#3979 = FACE_OUTER_BOUND ( 'NONE', #2927, .T. ) ;
#3980 = FACE_OUTER_BOUND ( 'NONE', #2616, .T. ) ;
#3981 = APPROVAL_DATE_TIME ( #7574, #7015 ) ;
#3982 = CARTESIAN_POINT ( 'NONE',  ( 46.70000000000001705, 0.000000000000000000, 0.000000000000000000 ) ) ;
#3983 = EDGE_CURVE ( 'NONE', #1306, #1691, #5106, .T. ) ;
#3984 = EDGE_CURVE ( 'NONE', #4336, #557, #2189, .T. ) ;
#3985 = CARTESIAN_POINT ( 'NONE',  ( -12.82664718204931198, 16.16937500000001293, 5.312971222579581543 ) ) ;
#3986 = DIRECTION ( 'NONE',  ( -0.000000000000000000, 1.000000000000000000, 1.224646799147353207E-16 ) ) ;
#3987 = EDGE_LOOP ( 'NONE', ( #4839, #8397, #2069, #1309 ) ) ;
#3988 = CARTESIAN_POINT ( 'NONE',  ( -2.674577206453755629, 17.37629392991971145, -12.03769121795883734 ) ) ;
#3989 = CARTESIAN_POINT ( 'NONE',  ( -12.30891361455901922, 11.30891361455906718, 8.595268437332998721E-14 ) ) ;
#3990 = DIRECTION ( 'NONE',  ( -1.000000000000000000, -0.000000000000000000, -0.000000000000000000 ) ) ;
#3991 = CARTESIAN_POINT ( 'NONE',  ( -0.07285600568488280471, 1.042832680730700456, 2.050000000000000266 ) ) ;
#3992 = CARTESIAN_POINT ( 'NONE',  ( 33.09999999999998721, 0.000000000000000000, 3.174999999999999822 ) ) ;
#3993 = ORIENTED_EDGE ( 'NONE', *, *, #6511, .T. ) ;
#3994 = CARTESIAN_POINT ( 'NONE',  ( 11.90000000000003233, 12.10062500000001684, 4.929141392239754005 ) ) ;
#3995 = ORIENTED_EDGE ( 'NONE', *, *, #7865, .F. ) ;
#3996 = CARTESIAN_POINT ( 'NONE',  ( 1.122512155537489559E-13, 16.94250000000000966, 11.89999999999999858 ) ) ;
#3997 = CARTESIAN_POINT ( 'NONE',  ( -1.965893980413407460, 16.99999999999999289, -12.54692236597380983 ) ) ;
#3998 = VECTOR ( 'NONE', #7384, 1000.000000000000000 ) ;
#3999 = DIRECTION ( 'NONE',  ( 0.000000000000000000, 0.000000000000000000, 1.000000000000000000 ) ) ;
#4000 = CARTESIAN_POINT ( 'NONE',  ( 6.368163355566234409E-16, 34.29999999999999716, -5.199999999999998401 ) ) ;
#4001 = CARTESIAN_POINT ( 'NONE',  ( -11.89999999999999858, 12.81500000000001727, 1.005852121562907328E-13 ) ) ;
#4002 = CARTESIAN_POINT ( 'NONE',  ( 4.963898969966151320, 9.165435523385310645, 3.175000000000000711 ) ) ;
#4003 = ORIENTED_EDGE ( 'NONE', *, *, #2623, .F. ) ;
#4004 = ORIENTED_EDGE ( 'NONE', *, *, #3468, .F. ) ;
#4005 = CIRCLE ( 'NONE', #9397, 3.175000000000006484 ) ;
#4006 = ORIENTED_EDGE ( 'NONE', *, *, #771, .T. ) ;
#4007 = DIRECTION ( 'NONE',  ( -0.7071067811865475727, -0.7071067811865475727, 0.000000000000000000 ) ) ;
#4008 = CARTESIAN_POINT ( 'NONE',  ( 11.89999999999996483, 12.45937500000001918, -4.929141392239915653 ) ) ;
#4009 = DIRECTION ( 'NONE',  ( 0.000000000000000000, 0.000000000000000000, 1.000000000000000000 ) ) ;
#4010 = CARTESIAN_POINT ( 'NONE',  ( -12.69999999999996732, 14.74688021535169291, 8.868362600661530955E-14 ) ) ;
#4011 = VECTOR ( 'NONE', #4583, 1000.000000000000000 ) ;
#4012 = APPROVAL_STATUS ( 'not_yet_approved' ) ;
#4013 = ORIENTED_EDGE ( 'NONE', *, *, #5315, .F. ) ;
#4014 = VERTEX_POINT ( 'NONE', #5640 ) ;
#4015 = VERTEX_POINT ( 'NONE', #7010 ) ;
#4016 = VECTOR ( 'NONE', #7889, 1000.000000000000000 ) ;
#4017 = DIRECTION ( 'NONE',  ( -1.000000000000000000, -9.800697604388737541E-17, 0.000000000000000000 ) ) ;
#4018 = CARTESIAN_POINT ( 'NONE',  ( 0.6516849069254613269, 17.38962489006590317, 12.31944521197086395 ) ) ;
#4019 = CARTESIAN_POINT ( 'NONE',  ( 5.312971222579394137, 18.23312500000000469, -12.82664718204939014 ) ) ;
#4020 = EDGE_CURVE ( 'NONE', #8980, #39, #1124, .T. ) ;
#4021 = CARTESIAN_POINT ( 'NONE',  ( 1.239098530816317244E-13, 12.06250000000001776, 11.89999999999999858 ) ) ;
#4022 = FACE_OUTER_BOUND ( 'NONE', #2269, .T. ) ;
#4023 = DATE_TIME_ROLE ( 'classification_date' ) ;
#4024 = AXIS2_PLACEMENT_3D ( 'NONE', #8608, #4036, #6961 ) ;
#4025 = EDGE_CURVE ( 'NONE', #7705, #699, #8164, .T. ) ;
#4026 = CARTESIAN_POINT ( 'NONE',  ( 0.000000000000000000, 34.29999999999999716, 0.000000000000000000 ) ) ;
#4027 = CARTESIAN_POINT ( 'NONE',  ( -9.069809202314482732, 18.47125000000000838, -9.069809202314353058 ) ) ;
#4028 = ORIENTED_EDGE ( 'NONE', *, *, #4634, .T. ) ;
#4029 = CARTESIAN_POINT ( 'NONE',  ( -11.67190269737710295, -15.92906487933676907, 9.761894529153719802 ) ) ;
#4030 = ORIENTED_EDGE ( 'NONE', *, *, #7896, .T. ) ;
#4031 = DIRECTION ( 'NONE',  ( 0.000000000000000000, 0.000000000000000000, -1.000000000000000000 ) ) ;
#4032 = AXIS2_PLACEMENT_3D ( 'NONE', #9280, #2688, #5625 ) ;
#4033 = EDGE_CURVE ( 'NONE', #6156, #8545, #5816, .T. ) ;
#4034 = CARTESIAN_POINT ( 'NONE',  ( 11.64579827542596213, 11.65923524848031612, 5.025561941861692361 ) ) ;
#4035 = DIRECTION ( 'NONE',  ( 0.000000000000000000, 0.000000000000000000, 1.000000000000000000 ) ) ;
#4036 = DIRECTION ( 'NONE',  ( -1.000000000000000000, -0.000000000000000000, -0.000000000000000000 ) ) ;
#4037 = EDGE_CURVE ( 'NONE', #1236, #6250, #8485, .T. ) ;
#4038 = DIRECTION ( 'NONE',  ( 0.000000000000000000, 0.000000000000000000, -1.000000000000000000 ) ) ;
#4039 = AXIS2_PLACEMENT_3D ( 'NONE', #2873, #6471, #7859 ) ;
#4040 = ORIENTED_EDGE ( 'NONE', *, *, #3468, .T. ) ;
#4041 = CARTESIAN_POINT ( 'NONE',  ( 4.929141392239937858, 11.94187500000002089, 11.89999999999995417 ) ) ;
#4042 = EDGE_LOOP ( 'NONE', ( #1867, #3331 ) ) ;
#4043 = CARTESIAN_POINT ( 'NONE',  ( -4.929141392239751340, 18.13312500000000682, 11.90000000000003233 ) ) ;
#4044 = ADVANCED_FACE ( 'NONE', ( #5593 ), #4954, .T. ) ;
#4045 = CIRCLE ( 'NONE', #7904, 2.300000000000001599 ) ;
#4046 = EDGE_CURVE ( 'NONE', #2129, #658, #4802, .T. ) ;
#4047 = CARTESIAN_POINT ( 'NONE',  ( 0.000000000000000000, 17.80000000000000071, -11.89999999999999858 ) ) ;
#4048 = CARTESIAN_POINT ( 'NONE',  ( 2.663606788145493022E-15, 32.79999999999999716, 21.75000000000000000 ) ) ;
#4049 = CARTESIAN_POINT ( 'NONE',  ( 13.99999999999999822, 0.000000000000000000, 0.000000000000000000 ) ) ;
#4050 = CARTESIAN_POINT ( 'NONE',  ( 8.414570696119838544, 13.80875000000001407, -8.414570696119993087 ) ) ;
#4051 = ORIENTED_EDGE ( 'NONE', *, *, #6108, .F. ) ;
#4052 = ORIENTED_EDGE ( 'NONE', *, *, #4229, .T. ) ;
#4053 = AXIS2_PLACEMENT_3D ( 'NONE', #5305, #8231, #4728 ) ;
#4054 = TOROIDAL_SURFACE ( 'NONE', #1002, 0.3304673161057445907, 1.969532683894253289 ) ;
#4055 = ORIENTED_EDGE ( 'NONE', *, *, #1702, .T. ) ;
#4056 = LINE ( 'NONE', #7510, #1955 ) ;
#4057 = CARTESIAN_POINT ( 'NONE',  ( -4.929141392239751340, 14.52312500000001272, 11.90000000000003233 ) ) ;
#4058 = DIRECTION ( 'NONE',  ( 0.000000000000000000, 0.000000000000000000, -1.000000000000000000 ) ) ;
#4059 = FACE_OUTER_BOUND ( 'NONE', #366, .T. ) ;
#4060 = CONICAL_SURFACE ( 'NONE', #8674, 2.499999999999998668, 0.7853981633974482790 ) ;
#4061 = SECURITY_CLASSIFICATION_LEVEL ( 'unclassified' ) ;
#4062 = CARTESIAN_POINT ( 'NONE',  ( 33.49999999999999289, 0.000000000000000000, 0.000000000000000000 ) ) ;
#4063 = ORIENTED_EDGE ( 'NONE', *, *, #5811, .T. ) ;
#4064 = EDGE_LOOP ( 'NONE', ( #873, #6434, #2260 ) ) ;
#4065 = CARTESIAN_POINT ( 'NONE',  ( 0.09052260165510445100, 1.046603324151595960, -2.048078560182361230 ) ) ;
#4066 = ORIENTED_EDGE ( 'NONE', *, *, #4799, .T. ) ;
#4067 = DIRECTION ( 'NONE',  ( 0.000000000000000000, -1.000000000000000000, 0.000000000000000000 ) ) ;
#4068 = CARTESIAN_POINT ( 'NONE',  ( 11.73065723982882602, 17.55084227765519245, 3.187245197550847120 ) ) ;
#4069 = CARTESIAN_POINT ( 'NONE',  ( -9.069809202314351282, 18.78875000000000739, 9.069809202314482732 ) ) ;
#4070 = CARTESIAN_POINT ( 'NONE',  ( 4.929141392239937858, 12.14187500000001663, 11.89999999999995417 ) ) ;
#4071 = CYLINDRICAL_SURFACE ( 'NONE', #3434, 2.300000000000000711 ) ;
#4072 = AXIS2_PLACEMENT_3D ( 'NONE', #6166, #9103, #7794 ) ;
#4073 = PERSON_AND_ORGANIZATION ( #5176, #5070 ) ;
#4074 = CARTESIAN_POINT ( 'NONE',  ( 0.000000000000000000, 0.000000000000000000, 3.174999999999999822 ) ) ;
#4075 = CARTESIAN_POINT ( 'NONE',  ( 5.312971222579579766, 17.75687500000001151, 12.82664718204931198 ) ) ;
#4076 = CARTESIAN_POINT ( 'NONE',  ( 8.980256121069064790, 16.81063021535169000, -8.980256121069192687 ) ) ;
#4077 = ORIENTED_EDGE ( 'NONE', *, *, #4331, .T. ) ;
#4078 = VERTEX_POINT ( 'NONE', #4862 ) ;
#4079 = CARTESIAN_POINT ( 'NONE',  ( 33.70000000000000284, 0.000000000000000000, 0.000000000000000000 ) ) ;
#4080 = AXIS2_PLACEMENT_3D ( 'NONE', #6504, #2004, #6463 ) ;
#4081 = PRODUCT_DEFINITION ( '未知', '', #2391, #9025 ) ;
#4082 = CC_DESIGN_SECURITY_CLASSIFICATION ( #1333, ( #6082 ) ) ;
#4083 = EDGE_CURVE ( 'NONE', #800, #737, #1163, .T. ) ;
#4084 = CARTESIAN_POINT ( 'NONE',  ( -7.734519322397764185, 11.42365985190773259, 9.730556602075560946 ) ) ;
#4085 = PLANE ( 'NONE',  #4284 ) ;
#4086 = DIRECTION ( 'NONE',  ( 0.000000000000000000, 0.000000000000000000, 1.000000000000000000 ) ) ;
#4087 = DIRECTION ( 'NONE',  ( -1.000000000000000000, -0.000000000000000000, -0.000000000000000000 ) ) ;
#4088 = AXIS2_PLACEMENT_3D ( 'NONE', #4079, #5438, #7007 ) ;
#4089 = SECURITY_CLASSIFICATION ( '', '', #2380 ) ;
#4090 = ORIENTED_EDGE ( 'NONE', *, *, #1226, .T. ) ;
#4091 = EDGE_CURVE ( 'NONE', #2961, #5475, #7832, .T. ) ;
#4092 = FACE_BOUND ( 'NONE', #6477, .T. ) ;
#4093 = VERTEX_POINT ( 'NONE', #5141 ) ;
#4094 =( BOUNDED_CURVE ( )  B_SPLINE_CURVE ( 2, ( #7520, #1908, #9083, #3838, #483, #6101, #7424, #866, #1194 ),
 .UNSPECIFIED., .F., .T. ) 
 B_SPLINE_CURVE_WITH_KNOTS ( ( 3, 2, 2, 2, 3 ),
 ( 0.5000000000000001110, 0.5156250000000000000, 0.5312500000000000000, 0.5468750000000000000, 0.5624999999999998890 ),
 .UNSPECIFIED. ) 
 CURVE ( )  GEOMETRIC_REPRESENTATION_ITEM ( )  RATIONAL_B_SPLINE_CURVE ( ( 0.9999999999999994449, 0.9238795325112872936, 1.000000000000000000, 0.9238795325112867385, 1.000000000000000000, 0.9238795325112867385, 1.000000000000000000, 0.9238795325112872936, 0.9999999999999994449 ) ) 
 REPRESENTATION_ITEM ( '' )  );
#4095 = EDGE_CURVE ( 'NONE', #8471, #5296, #5770, .T. ) ;
#4096 = CIRCLE ( 'NONE', #7458, 2.899999999999992806 ) ;
#4097 = CIRCLE ( 'NONE', #714, 0.3999999999999993006 ) ;
#4098 = CARTESIAN_POINT ( 'NONE',  ( 0.000000000000000000, 34.29999999999999716, 5.199999999999998401 ) ) ;
#4099 = DIRECTION ( 'NONE',  ( 1.000000000000000000, -8.775090700452170181E-16, 0.000000000000000000 ) ) ;
#4100 =( NAMED_UNIT ( * ) PLANE_ANGLE_UNIT ( ) SI_UNIT ( $, .RADIAN. ) );
#4101 = PERSON_AND_ORGANIZATION ( #5176, #5070 ) ;
#4102 = DIRECTION ( 'NONE',  ( 1.000000000000000000, 1.231304080816852664E-16, -0.000000000000000000 ) ) ;
#4103 = CARTESIAN_POINT ( 'NONE',  ( 0.000000000000000000, 0.000000000000000000, 0.000000000000000000 ) ) ;
#4104 = ORIENTED_EDGE ( 'NONE', *, *, #7489, .F. ) ;
#4105 = ADVANCED_FACE ( 'NONE', ( #5819 ), #7860, .F. ) ;
#4106 = EDGE_LOOP ( 'NONE', ( #328, #2697, #4272, #413 ) ) ;
#4107 = ADVANCED_FACE ( 'NONE', ( #25 ), #8656, .F. ) ;
#4108 = ORIENTED_EDGE ( 'NONE', *, *, #9394, .T. ) ;
#4109 = DIRECTION ( 'NONE',  ( 9.614813431917856060E-17, -0.7071067811865487940, -0.7071067811865463515 ) ) ;
#4110 = CARTESIAN_POINT ( 'NONE',  ( 41.30693079519157607, 0.000000000000000000, 0.000000000000000000 ) ) ;
#4111 = DIRECTION ( 'NONE',  ( 0.000000000000000000, 0.000000000000000000, 1.000000000000000000 ) ) ;
#4112 = AXIS2_PLACEMENT_3D ( 'NONE', #1227, #6357, #8473 ) ;
#4113 = DIRECTION ( 'NONE',  ( 0.000000000000000000, 0.000000000000000000, 1.000000000000000000 ) ) ;
#4114 = ITEM_DEFINED_TRANSFORMATION ( 'NONE', 'NONE', #8902,  #3836 ) ;
#4115 = ORIENTED_EDGE ( 'NONE', *, *, #6607, .T. ) ;
#4116 = EDGE_LOOP ( 'NONE', ( #5655, #6356, #1338, #148 ) ) ;
#4117 = ORIENTED_EDGE ( 'NONE', *, *, #4083, .F. ) ;
#4118 = AXIS2_PLACEMENT_3D ( 'NONE', #4343, #5118, #3767 ) ;
#4119 = LINE ( 'NONE', #6379, #130 ) ;
#4120 = CARTESIAN_POINT ( 'NONE',  ( 8.414570696119975324, 12.02125000000001798, 8.414570696119856308 ) ) ;
#4121 = CARTESIAN_POINT ( 'NONE',  ( -13.44999999999999929, 1.010658625831996795E-15, -8.252653961416930528 ) ) ;
#4122 = CARTESIAN_POINT ( 'NONE',  ( 11.90000000000000036, 10.90000000000000036, 0.000000000000000000 ) ) ;
#4123 = VECTOR ( 'NONE', #3850, 1000.000000000000000 ) ;
#4124 = APPROVAL_DATE_TIME ( #6518, #6598 ) ;
#4125 = FACE_OUTER_BOUND ( 'NONE', #1759, .T. ) ;
#4126 = CARTESIAN_POINT ( 'NONE',  ( 12.82664718204939192, 20.45562500000000128, 5.312971222579391473 ) ) ;
#4127 = ORIENTED_EDGE ( 'NONE', *, *, #7667, .T. ) ;
#4128 = ORIENTED_EDGE ( 'NONE', *, *, #8745, .T. ) ;
#4129 = CARTESIAN_POINT ( 'NONE',  ( -6.892364659821188511, 17.56411755049401080, -9.998033422184562369 ) ) ;
#4130 = AXIS2_PLACEMENT_3D ( 'NONE', #3325, #1170, #3418 ) ;
#4131 = DIRECTION ( 'NONE',  ( 1.060575238724906052E-16, -0.5000000000000011102, 0.8660254037844379305 ) ) ;
#4132 = CARTESIAN_POINT ( 'NONE',  ( 38.60000000000000142, 0.000000000000000000, 6.750000000000000888 ) ) ;
#4133 = CARTESIAN_POINT ( 'NONE',  ( -5.260512242138384309, 12.11499478464833857, -12.69999999999993179 ) ) ;
#4134 = B_SPLINE_CURVE_WITH_KNOTS ( 'NONE', 3,
 ( #3221, #819, #259, #8353 ),
 .UNSPECIFIED., .F., .F.,
 ( 4, 4 ),
 ( 0.01118968547759082235, 0.01669505163429731501 ),
 .UNSPECIFIED. ) ;
#4135 = AXIS2_PLACEMENT_3D ( 'NONE', #4727, #1754, #6880 ) ;
#4136 = CC_DESIGN_PERSON_AND_ORGANIZATION_ASSIGNMENT ( #3205, #9122, ( #4089 ) ) ;
#4137 = EDGE_LOOP ( 'NONE', ( #8284, #7216, #759, #4363 ) ) ;
#4138 = DIRECTION ( 'NONE',  ( 0.000000000000000000, 1.000000000000000000, 0.000000000000000000 ) ) ;
#4139 = ORIENTED_EDGE ( 'NONE', *, *, #3983, .T. ) ;
#4140 = CARTESIAN_POINT ( 'NONE',  ( -4.929141392239914765, 20.19687500000000568, -11.89999999999996483 ) ) ;
#4141 = CARTESIAN_POINT ( 'NONE',  ( 0.000000000000000000, -2.009527318423362185, 0.000000000000000000 ) ) ;
#4142 = ADVANCED_FACE ( 'NONE', ( #1313 ), #7968, .F. ) ;
#4143 = DIRECTION ( 'NONE',  ( 0.000000000000000000, 0.000000000000000000, 1.000000000000000000 ) ) ;
#4144 = PERSON_AND_ORGANIZATION ( #5176, #5070 ) ;
#4145 = CARTESIAN_POINT ( 'NONE',  ( -8.980256121069194464, 13.46436978464833700, -8.980256121069066566 ) ) ;
#4146 = VERTEX_POINT ( 'NONE', #4233 ) ;
#4147 = EDGE_LOOP ( 'NONE', ( #7817, #440, #4732, #2789 ) ) ;
#4148 =( BOUNDED_CURVE ( )  B_SPLINE_CURVE ( 2, ( #6957, #7637, #6202, #1840, #4713, #9194, #5496, #9094, #2598 ),
 .UNSPECIFIED., .F., .T. ) 
 B_SPLINE_CURVE_WITH_KNOTS ( ( 3, 2, 2, 2, 3 ),
 ( 0.4687499999999998335, 0.4843749999999998890, 0.4999999999999998890, 0.5156250000000000000, 0.5312500000000000000 ),
 .UNSPECIFIED. ) 
 CURVE ( )  GEOMETRIC_REPRESENTATION_ITEM ( )  RATIONAL_B_SPLINE_CURVE ( ( 1.000000000000000888, 0.9238795325112859613, 1.000000000000000000, 0.9238795325112867385, 1.000000000000000000, 0.9238795325112867385, 1.000000000000000000, 0.9238795325112867385, 1.000000000000000000 ) ) 
 REPRESENTATION_ITEM ( '' )  );
#4149 = VERTEX_POINT ( 'NONE', #2213 ) ;
#4150 = CIRCLE ( 'NONE', #3847, 14.20000000000000107 ) ;
#4151 = B_SPLINE_CURVE_WITH_KNOTS ( 'NONE', 3,
 ( #1138, #1090, #233, #4002, #376, #3294 ),
 .UNSPECIFIED., .F., .F.,
 ( 4, 2, 4 ),
 ( 2.309401076759817305E-07, 0.002749861597123267644, 0.005499492254138859185 ),
 .UNSPECIFIED. ) ;
#4152 = CARTESIAN_POINT ( 'NONE',  ( 5.299999999999998934, 0.000000000000000000, 8.099999999999999645 ) ) ;
#4153 = CARTESIAN_POINT ( 'NONE',  ( -8.414570696119854532, 10.63375000000002046, 8.414570696119975324 ) ) ;
#4154 = DIRECTION ( 'NONE',  ( 0.000000000000000000, -0.4999999999999997224, 0.8660254037844387076 ) ) ;
#4155 = ADVANCED_FACE ( 'NONE', ( #1403 ), #6526, .T. ) ;
#4156 = CARTESIAN_POINT ( 'NONE',  ( 1.103221001132063117, 1.067664648972969976, -1.732754799241450261 ) ) ;
#4157 = ADVANCED_FACE ( 'NONE', ( #6485 ), #6774, .T. ) ;
#4158 = LINE ( 'NONE', #6552, #3680 ) ;
#4159 = CONTEXT_DEPENDENT_SHAPE_REPRESENTATION ( #8950, #2647 ) ;
#4160 = CONICAL_SURFACE ( 'NONE', #1259, 25.31891155881011102, 1.047197551196596743 ) ;
#4161 = VERTEX_POINT ( 'NONE', #2073 ) ;
#4162 = VERTEX_POINT ( 'NONE', #4412 ) ;
#4163 = CARTESIAN_POINT ( 'NONE',  ( 0.000000000000000000, 1.042832680730699568, -2.050000000000001155 ) ) ;
#4164 = EDGE_LOOP ( 'NONE', ( #6688, #979, #8907, #2696 ) ) ;
#4165 = LINE ( 'NONE', #582, #8190 ) ;
#4166 = CARTESIAN_POINT ( 'NONE',  ( 33.62056046467595394, 0.000000000000000000, -19.70352761804100439 ) ) ;
#4167 = AXIS2_PLACEMENT_3D ( 'NONE', #9409, #5662, #5613 ) ;
#4168 = CARTESIAN_POINT ( 'NONE',  ( 9.069809202314353058, 16.88375000000000981, -9.069809202314482732 ) ) ;
#4169 = EDGE_CURVE ( 'NONE', #4643, #7529, #8002, .T. ) ;
#4170 = EDGE_CURVE ( 'NONE', #8343, #3257, #8946, .T. ) ;
#4171 = CARTESIAN_POINT ( 'NONE',  ( 33.62056046467595394, 0.000000000000000000, 0.000000000000000000 ) ) ;
#4172 = APPROVAL_DATE_TIME ( #3410, #8313 ) ;
#4173 = CARTESIAN_POINT ( 'NONE',  ( 8.414570696119838544, 14.87875000000001435, -8.414570696119989535 ) ) ;
#4174 = VECTOR ( 'NONE', #315, 999.9999999999998863 ) ;
#4175 = CARTESIAN_POINT ( 'NONE',  ( 12.82664718204931376, 20.61437500000000256, -5.312971222579575326 ) ) ;
#4176 = ORIENTED_EDGE ( 'NONE', *, *, #1744, .T. ) ;
#4177 = ORIENTED_EDGE ( 'NONE', *, *, #1815, .F. ) ;
#4178 = DIRECTION ( 'NONE',  ( 0.000000000000000000, 0.000000000000000000, 1.000000000000000000 ) ) ;
#4179 = CARTESIAN_POINT ( 'NONE',  ( 2.715118120302808080, 11.53767889761905430, 12.24665321736921975 ) ) ;
#4180 = AXIS2_PLACEMENT_3D ( 'NONE', #5187, #728, #64 ) ;
#4181 = CARTESIAN_POINT ( 'NONE',  ( 12.69999999999996909, 12.98811978464833672, -9.023892744153249136E-14 ) ) ;
#4182 = CARTESIAN_POINT ( 'NONE',  ( -0.1470015485814953893, 1.050809079589580364, 2.045989968960497229 ) ) ;
#4183 = CARTESIAN_POINT ( 'NONE',  ( -11.09999999999998543, 9.740350677501893341E-15, 1.359357947053560184E-15 ) ) ;
#4184 = VERTEX_POINT ( 'NONE', #5096 ) ;
#4185 = DIRECTION ( 'NONE',  ( 0.000000000000000000, 0.000000000000000000, -1.000000000000000000 ) ) ;
#4186 = AXIS2_PLACEMENT_3D ( 'NONE', #8502, #6904, #1254 ) ;
#4187 = ORIENTED_EDGE ( 'NONE', *, *, #2623, .T. ) ;
#4188 = CARTESIAN_POINT ( 'NONE',  ( 8.528325040094458741E-14, 19.48250000000000171, 11.89999999999999858 ) ) ;
#4189 = DIRECTION ( 'NONE',  ( 0.000000000000000000, 0.000000000000000000, -1.000000000000000000 ) ) ;
#4190 = DIRECTION ( 'NONE',  ( 0.000000000000000000, -0.4999999999999998890, -0.8660254037844385966 ) ) ;
#4191 = AXIS2_PLACEMENT_3D ( 'NONE', #7995, #7273, #4303 ) ;
#4192 = PERSON_AND_ORGANIZATION ( #5176, #5070 ) ;
#4193 = CARTESIAN_POINT ( 'NONE',  ( 8.980256121069066566, 13.14686978464833622, -8.980256121069194464 ) ) ;
#4194 = ORIENTED_EDGE ( 'NONE', *, *, #6658, .T. ) ;
#4195 = VERTEX_POINT ( 'NONE', #2890 ) ;
#4196 = ORIENTED_EDGE ( 'NONE', *, *, #8011, .T. ) ;
#4197 = EDGE_CURVE ( 'NONE', #9114, #1510, #3873, .T. ) ;
#4198 = CLOSED_SHELL ( 'NONE', ( #545, #8152, #5400, #5099, #5172, #1529 ) ) ;
#4199 = LINE ( 'NONE', #1377, #2117 ) ;
#4200 = CARTESIAN_POINT ( 'NONE',  ( -11.89999999999996305, 10.55437500000001982, 4.929141392239922759 ) ) ;
#4201 = PRODUCT_RELATED_PRODUCT_CATEGORY ( 'detail', '', ( #5084 ) ) ;
#4202 = CARTESIAN_POINT ( 'NONE',  ( 0.3948291982182989823, -10.99852262806237313, 4.928329209517584241E-15 ) ) ;
#4203 = ADVANCED_FACE ( 'NONE', ( #3603 ), #2794, .T. ) ;
#4204 = CARTESIAN_POINT ( 'NONE',  ( 2.050000000000000266, 0.6609346322114796335, -0.1309347191463761106 ) ) ;
#4205 = CARTESIAN_POINT ( 'NONE',  ( 0.000000000000000000, 0.000000000000000000, 0.000000000000000000 ) ) ;
#4206 = AXIS2_PLACEMENT_3D ( 'NONE', #9211, #6362, #8478 ) ;
#4207 = PERSON_AND_ORGANIZATION_ROLE ( 'classification_officer' ) ;
#4208 = CIRCLE ( 'NONE', #4523, 2.499999999999998668 ) ;
#4209 = ORIENTED_EDGE ( 'NONE', *, *, #7969, .F. ) ;
#4210 = VERTEX_POINT ( 'NONE', #3652 ) ;
#4211 = DIRECTION ( 'NONE',  ( 0.000000000000000000, 0.000000000000000000, 1.000000000000000000 ) ) ;
#4212 = ORIENTED_EDGE ( 'NONE', *, *, #7667, .F. ) ;
#4213 = ADVANCED_FACE ( 'NONE', ( #4278 ), #1278, .T. ) ;
#4214 = CARTESIAN_POINT ( 'NONE',  ( -12.27635182233307987, 4.536000727032309825E-16, 3.703925678971643265 ) ) ;
#4215 = CARTESIAN_POINT ( 'NONE',  ( 1.151658749357196449E-13, 15.87250000000001116, 11.89999999999999858 ) ) ;
#4216 = FACE_OUTER_BOUND ( 'NONE', #320, .T. ) ;
#4217 = CIRCLE ( 'NONE', #2528, 0.3999999999999984679 ) ;
#4218 = AXIS2_PLACEMENT_3D ( 'NONE', #3518, #8706, #2125 ) ;
#4219 = CARTESIAN_POINT ( 'NONE',  ( -5.312971222579396802, 12.51812500000002082, 12.82664718204939014 ) ) ;
#4220 = EDGE_CURVE ( 'NONE', #2218, #5474, #2663, .T. ) ;
#4221 = CARTESIAN_POINT ( 'NONE',  ( 15.22582127265072316, 34.29999999999999716, 7.561373325877829288 ) ) ;
#4222 = SHAPE_DEFINITION_REPRESENTATION ( #8692, #3729 ) ;
#4223 = CARTESIAN_POINT ( 'NONE',  ( -12.69999999999998330, 12.12750521535169668, -5.260512242138222661 ) ) ;
#4224 = B_SPLINE_CURVE_WITH_KNOTS ( 'NONE', 3,
 ( #6028, #4676, #7595, #8372, #8229, #1037, #6878, #3241, #6780, #7649, #228, #9109 ),
 .UNSPECIFIED., .F., .F.,
 ( 4, 2, 2, 2, 2, 4 ),
 ( 2.344180752204068229E-07, 0.003137532069197803038, 0.006274829720320385801, 0.007843478545881677616, 0.009412127371442971166, 0.01254942502256556000 ),
 .UNSPECIFIED. ) ;
#4225 = VERTEX_POINT ( 'NONE', #2124 ) ;
#4226 = CARTESIAN_POINT ( 'NONE',  ( 9.192421541439368808E-14, 13.86750000000001570, 12.82664718204935106 ) ) ;
#4227 = ORIENTED_EDGE ( 'NONE', *, *, #3815, .F. ) ;
#4228 = ADVANCED_FACE ( 'NONE', ( #5053 ), #8791, .T. ) ;
#4229 = EDGE_CURVE ( 'NONE', #9288, #5242, #8793, .T. ) ;
#4230 = PLANE ( 'NONE',  #9470 ) ;
#4231 = CARTESIAN_POINT ( 'NONE',  ( 39.70000000000000284, -10.99852262806237313, 3.605651974203355568E-15 ) ) ;
#4232 = CARTESIAN_POINT ( 'NONE',  ( 9.000000000000001776, -11.19999999999999929, -11.49999999999999822 ) ) ;
#4233 = CARTESIAN_POINT ( 'NONE',  ( 46.70000000000001705, 3.888253587292853970E-16, -3.175000000000006484 ) ) ;
#4234 = DIRECTION ( 'NONE',  ( -0.000000000000000000, -1.000000000000000000, -0.000000000000000000 ) ) ;
#4235 = CYLINDRICAL_SURFACE ( 'NONE', #5754, 14.00000000000000000 ) ;
#4236 = ORIENTED_EDGE ( 'NONE', *, *, #2050, .F. ) ;
#4237 = AXIS2_PLACEMENT_3D ( 'NONE', #6013, #8355, #7526 ) ;
#4238 = CARTESIAN_POINT ( 'NONE',  ( 0.1083897543756179305, -2.138740617938784164E-15, 0.000000000000000000 ) ) ;
#4239 = LOCAL_TIME ( 22, 23, 34.00000000000000000, #303 ) ;
#4240 = EDGE_LOOP ( 'NONE', ( #3045, #398, #6309, #1091 ) ) ;
#4241 = B_SPLINE_CURVE_WITH_KNOTS ( 'NONE', 3,
 ( #8000, #1436, #7830, #1887, #4034, #6303, #9244, #7687, #9196, #8414, #3417, #8560, #2699, #4811, #1074, #6915, #2600, #5545, #7106, #4179, #1841, #360, #550, #1169, #2648, #7736, #5591, #3278, #8465, #3463, #8514, #1980, #7639, #4084, #9143, #4905, #404, #7787, #3324, #1262, #4761, #7008, #1121, #457, #3371, #2551, #1934, #4859, #3989 ),
 .UNSPECIFIED., .F., .F.,
 ( 4, 2, 2, 2, 2, 2, 2, 2, 2, 2, 2, 2, 2, 1, 2, 2, 2, 2, 2, 2, 2, 2, 2, 2, 4 ),
 ( 1.254668135422639403E-15, 0.002394709301825836099, 0.004789418603650417994, 0.005986773254562708507, 0.007184127905474999888, 0.009578837207299580048, 0.01077619185821187230, 0.01197354650912416107, 0.01436825581094874384, 0.01556561046186103435, 0.01676296511277332660, 0.01915767441459791109, 0.02035502906551020508, 0.02155238371642249212, 0.02274973836733478263, 0.02394709301824707662, 0.02634180232007165418, 0.02753915697098395163, 0.02873651162189624561, 0.03113122092372083358, 0.03232857557463313103, 0.03352593022554542501, 0.03592063952737001298, 0.03711799417828230002, 0.03831534882919459400 ),
 .UNSPECIFIED. ) ;
#4242 = CARTESIAN_POINT ( 'NONE',  ( -8.382592070995923663E-14, 18.84750000000000369, -11.89999999999999858 ) ) ;
#4243 = DIRECTION ( 'NONE',  ( 1.000000000000000000, 1.231304080816852664E-16, -0.000000000000000000 ) ) ;
#4244 = CARTESIAN_POINT ( 'NONE',  ( -11.99999999999997868, 9.400000000000023448, 1.469576158976822369E-15 ) ) ;
#4245 = AXIS2_PLACEMENT_3D ( 'NONE', #4062, #3422, #2707 ) ;
#4246 = CC_DESIGN_APPROVAL ( #5790, ( #2391 ) ) ;
#4247 = CYLINDRICAL_SURFACE ( 'NONE', #4206, 2.475000000000000089 ) ;
#4248 = ORIENTED_EDGE ( 'NONE', *, *, #4680, .T. ) ;
#4249 = ORIENTED_EDGE ( 'NONE', *, *, #7851, .T. ) ;
#4250 = ORIENTED_EDGE ( 'NONE', *, *, #3334, .F. ) ;
#4251 = AXIS2_PLACEMENT_3D ( 'NONE', #8347, #1779, #583 ) ;
#4252 = AXIS2_PLACEMENT_3D ( 'NONE', #3085, #8800, #3802 ) ;
#4253 = DIRECTION ( 'NONE',  ( 0.000000000000000000, 0.000000000000000000, 1.000000000000000000 ) ) ;
#4254 = CARTESIAN_POINT ( 'NONE',  ( -11.44999999999999751, 5.742042389534214595E-16, -4.688733431983856725 ) ) ;
#4255 = CARTESIAN_POINT ( 'NONE',  ( 0.1083897543756179305, 1.048450446541747239, -2.047132546062026659 ) ) ;
#4256 = CARTESIAN_POINT ( 'NONE',  ( 2.510525938252090949E-16, 13.71446665693449951, 2.050000000000001155 ) ) ;
#4257 = AXIS2_PLACEMENT_3D ( 'NONE', #7031, #8629, #7897 ) ;
#4258 = COORDINATED_UNIVERSAL_TIME_OFFSET ( 8, 0, .AHEAD. ) ;
#4259 = ORIENTED_EDGE ( 'NONE', *, *, #3328, .F. ) ;
#4260 = CC_DESIGN_DATE_AND_TIME_ASSIGNMENT ( #755, #2147, ( #3824 ) ) ;
#4261 = DIRECTION ( 'NONE',  ( -1.000000000000000000, 0.000000000000000000, 4.205219310670844307E-16 ) ) ;
#4262 = EDGE_CURVE ( 'NONE', #3811, #2087, #1460, .T. ) ;
#4263 = CARTESIAN_POINT ( 'NONE',  ( 0.3220053412525835101, 17.78255371790913841, -11.94286377823122791 ) ) ;
#4264 = AXIS2_PLACEMENT_3D ( 'NONE', #5416, #6281, #5566 ) ;
#4265 = CARTESIAN_POINT ( 'NONE',  ( -9.035340417286478833E-14, 15.77250000000001151, -12.82664718204935106 ) ) ;
#4266 = EDGE_CURVE ( 'NONE', #9123, #5297, #211, .T. ) ;
#4267 = PERSON_AND_ORGANIZATION_ROLE ( 'creator' ) ;
#4268 = DIRECTION ( 'NONE',  ( 0.000000000000000000, 0.000000000000000000, 1.000000000000000000 ) ) ;
#4269 = VERTEX_POINT ( 'NONE', #5282 ) ;
#4270 = AXIS2_PLACEMENT_3D ( 'NONE', #6590, #6550, #8864 ) ;
#4271 = EDGE_CURVE ( 'NONE', #1267, #7215, #374, .T. ) ;
#4272 = ORIENTED_EDGE ( 'NONE', *, *, #762, .T. ) ;
#4273 = ORIENTED_EDGE ( 'NONE', *, *, #8916, .T. ) ;
#4274 = CARTESIAN_POINT ( 'NONE',  ( 0.000000000000000000, 17.80000000000000071, -11.89999999999999858 ) ) ;
#4275 = CIRCLE ( 'NONE', #1222, 3.200000000000000178 ) ;
#4276 = CARTESIAN_POINT ( 'NONE',  ( 1.738998454789241549E-15, -1.201236941557884519, 14.20000000000000107 ) ) ;
#4277 = CARTESIAN_POINT ( 'NONE',  ( -12.69999999999996909, 14.89311978464833253, 8.868362600661534741E-14 ) ) ;
#4278 = FACE_OUTER_BOUND ( 'NONE', #3691, .T. ) ;
#4279 = ADVANCED_FACE ( 'NONE', ( #867, #6706 ), #1729, .T. ) ;
#4280 = FACE_OUTER_BOUND ( 'NONE', #7148, .T. ) ;
#4281 = EDGE_CURVE ( 'NONE', #3284, #7918, #3123, .T. ) ;
#4282 = DIRECTION ( 'NONE',  ( -1.000000000000000000, -0.000000000000000000, -0.000000000000000000 ) ) ;
#4283 = ORIENTED_EDGE ( 'NONE', *, *, #9458, .F. ) ;
#4284 = AXIS2_PLACEMENT_3D ( 'NONE', #8466, #7831, #6257 ) ;
#4285 = FACE_OUTER_BOUND ( 'NONE', #906, .T. ) ;
#4286 = ORIENTED_EDGE ( 'NONE', *, *, #7551, .T. ) ;
#4287 = DIRECTION ( 'NONE',  ( 0.000000000000000000, 0.000000000000000000, -1.000000000000000000 ) ) ;
#4288 = DIRECTION ( 'NONE',  ( 0.000000000000000000, 0.8660254037844385966, -0.5000000000000003331 ) ) ;
#4289 = AXIS2_PLACEMENT_3D ( 'NONE', #7813, #5664, #1382 ) ;
#4290 = DIRECTION ( 'NONE',  ( 0.000000000000000000, 0.000000000000000000, 1.000000000000000000 ) ) ;
#4291 = ORIENTED_EDGE ( 'NONE', *, *, #6198, .T. ) ;
#4292 = ORIENTED_EDGE ( 'NONE', *, *, #5034, .T. ) ;
#4293 = ORIENTED_EDGE ( 'NONE', *, *, #4609, .F. ) ;
#4294 = APPROVAL_PERSON_ORGANIZATION ( #4705, #5629, #1112 ) ;
#4295 = DIRECTION ( 'NONE',  ( -0.000000000000000000, 1.000000000000000000, -0.000000000000000000 ) ) ;
#4296 = CARTESIAN_POINT ( 'NONE',  ( 4.929141392239953845, 17.22187500000001137, 11.89999999999993108 ) ) ;
#4297 = CARTESIAN_POINT ( 'NONE',  ( 31.69999999999999929, 0.000000000000000000, -12.53589838486231578 ) ) ;
#4298 = FACE_OUTER_BOUND ( 'NONE', #4827, .T. ) ;
#4299 = CARTESIAN_POINT ( 'NONE',  ( 4.963898969966152208, -9.165435523385314198, 3.175000000000003819 ) ) ;
#4300 = PLANE ( 'NONE',  #7405 ) ;
#4301 = PERSON_AND_ORGANIZATION ( #5755, #6088 ) ;
#4302 = VERTEX_POINT ( 'NONE', #915 ) ;
#4303 = DIRECTION ( 'NONE',  ( 0.000000000000000000, 0.000000000000000000, 1.000000000000000000 ) ) ;
#4304 = AXIS2_PLACEMENT_3D ( 'NONE', #1304, #2833, #8783 ) ;
#4305 = CARTESIAN_POINT ( 'NONE',  ( 14.29000000000000448, -16.37972297674532385, 2.095091730326422486 ) ) ;
#4306 = CARTESIAN_POINT ( 'NONE',  ( -5.312971222579573549, 15.85187500000001215, -12.82664718204931376 ) ) ;
#4307 = PRODUCT ( '316L-DV12A-KF16FT4-KF25-NC-HP', '316L-DV12A-KF16FT4-KF25-NC-HP', '', ( #2612 ) ) ;
#4308 = VECTOR ( 'NONE', #4131, 1000.000000000000114 ) ;
#4309 = APPROVAL_ROLE ( '' ) ;
#4310 = CARTESIAN_POINT ( 'NONE',  ( -8.946127672407389414E-14, 11.88938021535170009, -12.69999999999996732 ) ) ;
#4311 = ORIENTED_EDGE ( 'NONE', *, *, #7485, .F. ) ;
#4312 = EDGE_LOOP ( 'NONE', ( #1552, #7870, #593, #810, #6457 ) ) ;
#4313 = AXIS2_PLACEMENT_3D ( 'NONE', #9120, #3395, #6371 ) ;
#4314 = ORIENTED_EDGE ( 'NONE', *, *, #2462, .F. ) ;
#4315 = EDGE_CURVE ( 'NONE', #6275, #4597, #524, .T. ) ;
#4316 = DIRECTION ( 'NONE',  ( 0.000000000000000000, -0.000000000000000000, -1.000000000000000000 ) ) ;
#4317 = PLANE ( 'NONE',  #8142 ) ;
#4318 = CARTESIAN_POINT ( 'NONE',  ( 4.999999999999997335, 0.000000000000000000, 8.099999999999999645 ) ) ;
#4319 = ADVANCED_FACE ( 'NONE', ( #8155 ), #7572, .F. ) ;
#4320 = DIRECTION ( 'NONE',  ( 0.000000000000000000, 0.000000000000000000, -1.000000000000000000 ) ) ;
#4321 = CARTESIAN_POINT ( 'NONE',  ( 0.000000000000000000, 17.80000000000000071, -11.89999999999999858 ) ) ;
#4322 = CONICAL_SURFACE ( 'NONE', #1719, 11.09999999999998543, 0.7853981633974526089 ) ;
#4323 = CARTESIAN_POINT ( 'NONE',  ( 36.69999999999999574, 1.653273178848927064E-15, -13.50000000000000178 ) ) ;
#4324 = CYLINDRICAL_SURFACE ( 'NONE', #8975, 15.00000000000000000 ) ;
#4325 = ORIENTED_EDGE ( 'NONE', *, *, #191, .T. ) ;
#4326 = PLANE ( 'NONE',  #411 ) ;
#4327 = ORIENTED_EDGE ( 'NONE', *, *, #7317, .T. ) ;
#4328 = EDGE_CURVE ( 'NONE', #2041, #1869, #3030, .T. ) ;
#4329 = CIRCLE ( 'NONE', #6175, 9.525000000000000355 ) ;
#4330 = CARTESIAN_POINT ( 'NONE',  ( 11.67013411036706572, -1.770462177252743574, -9.762915623340042259 ) ) ;
#4331 = EDGE_CURVE ( 'NONE', #8590, #4938, #5131, .T. ) ;
#4332 = DIRECTION ( 'NONE',  ( -0.000000000000000000, 1.000000000000000000, -0.000000000000000000 ) ) ;
#4333 = DIRECTION ( 'NONE',  ( -0.9848077530122081313, 2.126576849575763903E-17, -0.1736481776669296651 ) ) ;
#4334 = AXIS2_PLACEMENT_3D ( 'NONE', #9385, #8748, #7337 ) ;
#4335 = ORIENTED_EDGE ( 'NONE', *, *, #6960, .T. ) ;
#4336 = VERTEX_POINT ( 'NONE', #5380 ) ;
#4337 = ORIENTED_EDGE ( 'NONE', *, *, #306, .T. ) ;
#4338 = EDGE_CURVE ( 'NONE', #8120, #2354, #9110, .T. ) ;
#4339 = ADVANCED_FACE ( 'NONE', ( #2301, #1585 ), #8989, .F. ) ;
#4340 =( REPRESENTATION_RELATIONSHIP ('NONE','NONE', #5082, #1777 ) REPRESENTATION_RELATIONSHIP_WITH_TRANSFORMATION ( #1720 )SHAPE_REPRESENTATION_RELATIONSHIP( ) );
#4341 = DIRECTION ( 'NONE',  ( -1.000000000000000000, -0.000000000000000000, -0.000000000000000000 ) ) ;
#4342 = CARTESIAN_POINT ( 'NONE',  ( 0.000000000000000000, 17.80000000000000071, -11.89999999999999858 ) ) ;
#4343 = CARTESIAN_POINT ( 'NONE',  ( 46.70000000000001705, 0.000000000000000000, 0.000000000000000000 ) ) ;
#4344 = CARTESIAN_POINT ( 'NONE',  ( 12.27635182233307987, 4.536000727032309825E-16, -3.703925678971643265 ) ) ;
#4345 = FACE_BOUND ( 'NONE', #6480, .T. ) ;
#4346 = FACE_OUTER_BOUND ( 'NONE', #158, .T. ) ;
#4347 = ORIENTED_EDGE ( 'NONE', *, *, #6493, .F. ) ;
#4348 = EDGE_LOOP ( 'NONE', ( #5411, #124, #2954, #387 ) ) ;
#4349 = AXIS2_PLACEMENT_3D ( 'NONE', #3895, #826, #1024 ) ;
#4350 = DIRECTION ( 'NONE',  ( 0.7071067811865474617, -4.903554850278087362E-15, 0.7071067811865474617 ) ) ;
#4351 = ORIENTED_EDGE ( 'NONE', *, *, #863, .T. ) ;
#4352 = CARTESIAN_POINT ( 'NONE',  ( -14.29000000000000448, -1.320715205680278670, -2.096533254929882517 ) ) ;
#4353 = CARTESIAN_POINT ( 'NONE',  ( -5.312971222579573549, 13.31187500000001833, -12.82664718204931376 ) ) ;
#4354 = B_SPLINE_CURVE_WITH_KNOTS ( 'NONE', 3,
 ( #8761, #2085, #8074, #829, #7980, #5111 ),
 .UNSPECIFIED., .F., .F.,
 ( 4, 2, 4 ),
 ( 2.309401076763871681E-07, 0.002749861597123267210, 0.005499492254138857450 ),
 .UNSPECIFIED. ) ;
#4355 = AXIS2_PLACEMENT_3D ( 'NONE', #2280, #1755, #3195 ) ;
#4356 = CLOSED_SHELL ( 'NONE', ( #6107, #8069, #5057, #933, #6572, #6599, #128, #2751, #7145, #8861, #709, #3794, #7741, #944, #53, #7749, #6509, #7530, #482, #4793, #7797, #2758, #6449, #936, #8681, #2644, #3165, #3758, #9341, #8617, #282, #5920, #748, #8677, #4571, #603, #2109, #5347, #1462, #425, #1345, #5449, #3386, #4969, #7249, #1758, #1366, #9452, #1116, #9161, #8518, #5630, #8753, #7679, #6785, #4319, #2695, #3626, #7161, #1104, #345, #5200, #1126, #8151, #3287, #8438, #5972, #3346, #2643, #4738, #5801, #1475, #7039, #6717, #4815, #239, #7920, #8969, #3527, #6382, #4437, #8635, #7864, #1926, #2941, #5158, #1639, #6459, #3867, #9336, #2854, #5928, #5401, #5641, #3502, #138, #6892, #5445, #9264, #9436, #3568, #2322, #5276, #8184, #9459, #2444, #5471, #4107, #538, #8021, #8378, #5624, #5759, #1571, #7549, #2463 ) ) ;
#4357 = DATE_AND_TIME ( #2335, #9326 ) ;
#4358 = CARTESIAN_POINT ( 'NONE',  ( -8.980256121069066566, 13.78186978464833423, 8.980256121069194464 ) ) ;
#4359 = ORIENTED_EDGE ( 'NONE', *, *, #9105, .F. ) ;
#4360 = CARTESIAN_POINT ( 'NONE',  ( 9.069809202314353058, 13.07375000000001819, -9.069809202314482732 ) ) ;
#4361 = ORIENTED_EDGE ( 'NONE', *, *, #5512, .F. ) ;
#4362 = VECTOR ( 'NONE', #2704, 1000.000000000000000 ) ;
#4363 = ORIENTED_EDGE ( 'NONE', *, *, #1276, .F. ) ;
#4364 = FACE_OUTER_BOUND ( 'NONE', #3658, .T. ) ;
#4365 = CARTESIAN_POINT ( 'NONE',  ( 9.000000000000001776, -11.19999999999999929, -9.000000000000000000 ) ) ;
#4366 = DIRECTION ( 'NONE',  ( -0.7071067811865382469, -0.7071067811865568986, 8.659560562354810831E-17 ) ) ;
#4367 = CARTESIAN_POINT ( 'NONE',  ( 0.1083897543756179305, -2.138740617938784164E-15, 0.000000000000000000 ) ) ;
#4368 = ORIENTED_EDGE ( 'NONE', *, *, #1756, .T. ) ;
#4369 = CC_DESIGN_PERSON_AND_ORGANIZATION_ASSIGNMENT ( #8780, #2198, ( #5138 ) ) ;
#4370 = DIRECTION ( 'NONE',  ( -8.775090700452169195E-16, -1.000000000000000000, -0.000000000000000000 ) ) ;
#4371 = ORIENTED_EDGE ( 'NONE', *, *, #9084, .T. ) ;
#4372 = EDGE_CURVE ( 'NONE', #318, #1869, #8255, .T. ) ;
#4373 = CARTESIAN_POINT ( 'NONE',  ( 8.977052440135476985, -16.37747573616957908, -11.31776705059789911 ) ) ;
#4374 = DIRECTION ( 'NONE',  ( -0.000000000000000000, 1.000000000000000000, 1.224646799147353207E-16 ) ) ;
#4375 = FACE_BOUND ( 'NONE', #2545, .T. ) ;
#4376 = EDGE_CURVE ( 'NONE', #8603, #9355, #1218, .T. ) ;
#4377 = AXIS2_PLACEMENT_3D ( 'NONE', #7309, #3670, #6589 ) ;
#4378 = ORIENTED_EDGE ( 'NONE', *, *, #9054, .T. ) ;
#4379 = ORIENTED_EDGE ( 'NONE', *, *, #9210, .F. ) ;
#4380 = ORIENTED_EDGE ( 'NONE', *, *, #6171, .F. ) ;
#4381 = EDGE_CURVE ( 'NONE', #7743, #508, #8019, .T. ) ;
#4382 = PRODUCT_DEFINITION_SHAPE ( 'NONE', 'NONE',  #5204 ) ;
#4383 = FACE_OUTER_BOUND ( 'NONE', #519, .T. ) ;
#4384 = VECTOR ( 'NONE', #1925, 1000.000000000000000 ) ;
#4385 = DIRECTION ( 'NONE',  ( 0.000000000000000000, 0.000000000000000000, 1.000000000000000000 ) ) ;
#4386 = LOCAL_TIME ( 22, 23, 34.00000000000000000, #7339 ) ;
#4387 = DIRECTION ( 'NONE',  ( 0.000000000000000000, 0.000000000000000000, 1.000000000000000000 ) ) ;
#4388 = CARTESIAN_POINT ( 'NONE',  ( 0.000000000000000000, 0.000000000000000000, 0.000000000000000000 ) ) ;
#4389 = DIRECTION ( 'NONE',  ( -1.000000000000000000, 0.000000000000000000, 0.000000000000000000 ) ) ;
#4390 = CARTESIAN_POINT ( 'NONE',  ( 0.000000000000000000, 0.000000000000000000, 0.000000000000000000 ) ) ;
#4391 = EDGE_CURVE ( 'NONE', #1976, #4972, #814, .T. ) ;
#4392 = ADVANCED_FACE ( 'NONE', ( #3453 ), #5581, .F. ) ;
#4393 = VERTEX_POINT ( 'NONE', #4121 ) ;
#4394 = TOROIDAL_SURFACE ( 'NONE', #2562, 9.000000000000001776, 0.3999999999999984679 ) ;
#4395 = CC_DESIGN_APPROVAL ( #5564, ( #3182 ) ) ;
#4396 = LINE ( 'NONE', #5711, #7398 ) ;
#4397 = CARTESIAN_POINT ( 'NONE',  ( -14.29000000000000092, -1.320277023254817328, 2.095091730328461743 ) ) ;
#4398 = CARTESIAN_POINT ( 'NONE',  ( 8.528325040094456217E-14, 15.87250000000001116, 11.89999999999999858 ) ) ;
#4399 =( BOUNDED_CURVE ( )  B_SPLINE_CURVE ( 2, ( #3053, #5981, #2319, #3863, #4674, #9008, #3290, #3193, #6925 ),
 .UNSPECIFIED., .F., .T. ) 
 B_SPLINE_CURVE_WITH_KNOTS ( ( 3, 2, 2, 2, 3 ),
 ( 0.3125000000000000000, 0.3281249999999999445, 0.3437499999999998890, 0.3593749999999998890, 0.3749999999999998335 ),
 .UNSPECIFIED. ) 
 CURVE ( )  GEOMETRIC_REPRESENTATION_ITEM ( )  RATIONAL_B_SPLINE_CURVE ( ( 1.000000000000000000, 0.9238795325112867385, 1.000000000000000000, 0.9238795325112867385, 1.000000000000000000, 0.9238795325112867385, 1.000000000000000000, 0.9238795325112875156, 0.9999999999999992228 ) ) 
 REPRESENTATION_ITEM ( '' )  );
#4400 = CARTESIAN_POINT ( 'NONE',  ( -9.069809202314351282, 9.898750000000024585, 9.069809202314482732 ) ) ;
#4401 = CIRCLE ( 'NONE', #1204, 1.500000000000001332 ) ;
#4402 = PERSON_AND_ORGANIZATION ( #5176, #5070 ) ;
#4403 = DIRECTION ( 'NONE',  ( 0.000000000000000000, -3.154466349054399263E-16, -1.000000000000000000 ) ) ;
#4404 = EDGE_LOOP ( 'NONE', ( #970, #5397, #5412 ) ) ;
#4405 = CARTESIAN_POINT ( 'NONE',  ( -5.312971222579396802, 13.78812500000001506, 12.82664718204939014 ) ) ;
#4406 = EDGE_LOOP ( 'NONE', ( #9421, #934, #2810, #7121 ) ) ;
#4407 = CIRCLE ( 'NONE', #4264, 15.59999999999999964 ) ;
#4408 = VERTEX_POINT ( 'NONE', #7776 ) ;
#4409 = CARTESIAN_POINT ( 'NONE',  ( -6.999999999999999112, 3.888253587292846081E-16, -3.174999999999999822 ) ) ;
#4410 = CARTESIAN_POINT ( 'NONE',  ( -8.382592070995923663E-14, 16.30750000000000810, -11.89999999999999858 ) ) ;
#4411 = DIRECTION ( 'NONE',  ( -1.000000000000000000, -0.000000000000000000, -0.000000000000000000 ) ) ;
#4412 = CARTESIAN_POINT ( 'NONE',  ( -13.79999999999999716, 3.918869757271530460E-16, -3.200000000000000178 ) ) ;
#4413 = DIRECTION ( 'NONE',  ( 0.7071067811865474617, 4.903554850278087362E-15, -0.7071067811865474617 ) ) ;
#4414 = TOROIDAL_SURFACE ( 'NONE', #5350, 2.700000000000000178, 0.3999999999999988565 ) ;
#4415 = APPROVAL_STATUS ( 'not_yet_approved' ) ;
#4416 = CARTESIAN_POINT ( 'NONE',  ( 0.3948291982182989823, -10.99852262806237313, 4.928329209517584241E-15 ) ) ;
#4417 = CARTESIAN_POINT ( 'NONE',  ( 17.47810899155977893, 0.000000000000000000, 0.000000000000000000 ) ) ;
#4418 = ORIENTED_EDGE ( 'NONE', *, *, #8628, .F. ) ;
#4419 = CARTESIAN_POINT ( 'NONE',  ( -2.475000000000000089, 0.000000000000000000, 0.000000000000000000 ) ) ;
#4420 = ORIENTED_EDGE ( 'NONE', *, *, #6918, .T. ) ;
#4421 = AXIS2_PLACEMENT_3D ( 'NONE', #4470, #8805, #881 ) ;
#4422 = CARTESIAN_POINT ( 'NONE',  ( 7.579319476895815200, -1.252722911093995917, -12.12474855317952915 ) ) ;
#4423 = LINE ( 'NONE', #8716, #6618 ) ;
#4424 = DIRECTION ( 'NONE',  ( -8.775090700452169195E-16, -1.000000000000000000, -0.000000000000000000 ) ) ;
#4425 = VECTOR ( 'NONE', #4965, 1000.000000000000114 ) ;
#4426 = VERTEX_POINT ( 'NONE', #7822 ) ;
#4427 = VERTEX_POINT ( 'NONE', #4703 ) ;
#4428 = ORIENTED_EDGE ( 'NONE', *, *, #8509, .T. ) ;
#4429 = CARTESIAN_POINT ( 'NONE',  ( 34.50000000000000000, 0.000000000000000000, 0.000000000000000000 ) ) ;
#4430 = EDGE_CURVE ( 'NONE', #5690, #4988, #8646, .T. ) ;
#4431 = APPROVAL_PERSON_ORGANIZATION ( #5122, #8364, #5798 ) ;
#4432 = VECTOR ( 'NONE', #1981, 1000.000000000000000 ) ;
#4433 = CARTESIAN_POINT ( 'NONE',  ( 24.00000000000000000, 2.816687638038912549E-16, -2.299999999999999822 ) ) ;
#4434 = CARTESIAN_POINT ( 'NONE',  ( 4.605170801781708789, 5.499261314031190118, 9.525000000000002132 ) ) ;
#4435 = CARTESIAN_POINT ( 'NONE',  ( 5.000000000000000000, 8.248891971046782956, 4.762500000000000178 ) ) ;
#4436 = CARTESIAN_POINT ( 'NONE',  ( -13.44999999999999929, 19.99999999999999645, -12.94999999999999218 ) ) ;
#4437 = ADVANCED_FACE ( 'NONE', ( #393 ), #6186, .F. ) ;
#4438 = LINE ( 'NONE', #8818, #1154 ) ;
#4439 = ORIENTED_EDGE ( 'NONE', *, *, #1985, .F. ) ;
#4440 = ORIENTED_EDGE ( 'NONE', *, *, #5531, .T. ) ;
#4441 = CARTESIAN_POINT ( 'NONE',  ( 24.00000000000000000, 2.299999999999999822, 0.000000000000000000 ) ) ;
#4442 = ORIENTED_EDGE ( 'NONE', *, *, #9023, .F. ) ;
#4443 = DIRECTION ( 'NONE',  ( 0.000000000000000000, -1.000000000000000000, 0.000000000000000000 ) ) ;
#4444 = EDGE_CURVE ( 'NONE', #5230, #3510, #2037, .T. ) ;
#4445 = EDGE_CURVE ( 'NONE', #5262, #4210, #2964, .T. ) ;
#4446 = CARTESIAN_POINT ( 'NONE',  ( 9.069809202314482732, 10.21625000000002359, 9.069809202314353058 ) ) ;
#4447 = EDGE_CURVE ( 'NONE', #4643, #991, #1284, .T. ) ;
#4448 = APPROVAL_ROLE ( '' ) ;
#4449 = FACE_OUTER_BOUND ( 'NONE', #2546, .T. ) ;
#4450 = ORIENTED_EDGE ( 'NONE', *, *, #1299, .F. ) ;
#4451 = CARTESIAN_POINT ( 'NONE',  ( 9.069809202314353058, 11.80375000000001862, -9.069809202314482732 ) ) ;
#4452 = ORIENTED_EDGE ( 'NONE', *, *, #4634, .F. ) ;
#4453 = CARTESIAN_POINT ( 'NONE',  ( 0.000000000000000000, 17.80000000000000071, 0.000000000000000000 ) ) ;
#4454 = EDGE_CURVE ( 'NONE', #6569, #1186, #6788, .T. ) ;
#4455 = EDGE_CURVE ( 'NONE', #6899, #1071, #7868, .T. ) ;
#4456 = AXIS2_PLACEMENT_3D ( 'NONE', #7328, #6519, #2970 ) ;
#4457 = CARTESIAN_POINT ( 'NONE',  ( 11.89999999999996483, 14.79937500000001371, -4.929141392239915653 ) ) ;
#4458 = DIRECTION ( 'NONE',  ( 0.000000000000000000, 0.000000000000000000, 1.000000000000000000 ) ) ;
#4459 = CARTESIAN_POINT ( 'NONE',  ( 0.000000000000000000, -2.009527318423362185, 0.000000000000000000 ) ) ;
#4460 = DIRECTION ( 'NONE',  ( 0.000000000000000000, 0.000000000000000000, -1.000000000000000000 ) ) ;
#4461 = DATE_AND_TIME ( #8206, #8219 ) ;
#4462 = LINE ( 'NONE', #3562, #185 ) ;
#4463 = FACE_OUTER_BOUND ( 'NONE', #2372, .T. ) ;
#4464 = APPLICATION_CONTEXT ( 'configuration controlled 3d designs of mechanical parts and assemblies' ) ;
#4465 = ORIENTED_EDGE ( 'NONE', *, *, #5750, .T. ) ;
#4466 = CARTESIAN_POINT ( 'NONE',  ( 9.347046504205705375, 11.06527279267060493, 7.701530893791675325 ) ) ;
#4467 = ORIENTED_EDGE ( 'NONE', *, *, #3804, .F. ) ;
#4468 = CARTESIAN_POINT ( 'NONE',  ( -12.69999999999996909, 14.89311978464833253, 8.868362600661534741E-14 ) ) ;
#4469 = CIRCLE ( 'NONE', #9089, 11.00000000000000000 ) ;
#4470 = CARTESIAN_POINT ( 'NONE',  ( 34.10000000000000142, 0.000000000000000000, 0.000000000000000000 ) ) ;
#4471 = DIRECTION ( 'NONE',  ( -8.775090700452169195E-16, -1.000000000000000000, -0.000000000000000000 ) ) ;
#4472 = CARTESIAN_POINT ( 'NONE',  ( 4.999999999999997335, 0.000000000000000000, 0.000000000000000000 ) ) ;
#4473 = ORIENTED_EDGE ( 'NONE', *, *, #526, .F. ) ;
#4474 = ORIENTED_EDGE ( 'NONE', *, *, #5698, .T. ) ;
#4475 = AXIS2_PLACEMENT_3D ( 'NONE', #2266, #4288, #2084 ) ;
#4476 = ORIENTED_EDGE ( 'NONE', *, *, #985, .F. ) ;
#4477 = FACE_OUTER_BOUND ( 'NONE', #2102, .T. ) ;
#4478 = CARTESIAN_POINT ( 'NONE',  ( 15.22582127265072316, 30.49999999999999645, 5.061373325877829288 ) ) ;
#4479 = CARTESIAN_POINT ( 'NONE',  ( 0.000000000000000000, 0.000000000000000000, 0.000000000000000000 ) ) ;
#4480 = DIRECTION ( 'NONE',  ( 8.775090700452169195E-16, 1.000000000000000000, 0.000000000000000000 ) ) ;
#4481 = DIRECTION ( 'NONE',  ( -0.000000000000000000, 1.000000000000000000, -0.000000000000000000 ) ) ;
#4482 = AXIS2_PLACEMENT_3D ( 'NONE', #6116, #2504, #1741 ) ;
#4483 = CARTESIAN_POINT ( 'NONE',  ( 11.89999999999994529, 10.98937500000002032, -4.929141392239962727 ) ) ;
#4484 = ORIENTED_EDGE ( 'NONE', *, *, #4935, .T. ) ;
#4485 = ORIENTED_EDGE ( 'NONE', *, *, #7325, .T. ) ;
#4486 = CARTESIAN_POINT ( 'NONE',  ( 33.49999999999999289, 4.378112306951788745E-16, -3.575000000000001510 ) ) ;
#4487 = EDGE_LOOP ( 'NONE', ( #7982, #6921, #3783 ) ) ;
#4488 = APPROVAL ( #5488, '未指定' ) ;
#4489 = AXIS2_PLACEMENT_3D ( 'NONE', #4751, #4895, #6245 ) ;
#4490 = ADVANCED_FACE ( 'NONE', ( #3979 ), #6942, .T. ) ;
#4491 = CARTESIAN_POINT ( 'NONE',  ( -4.929141392239898778, 11.50687500000001862, -11.89999999999997371 ) ) ;
#4492 = CARTESIAN_POINT ( 'NONE',  ( 9.069809202314353058, 10.53375000000002260, -9.069809202314482732 ) ) ;
#4493 = CARTESIAN_POINT ( 'NONE',  ( 3.811648262644349985E-18, -8.707163747216046801, -3.968749999999999112 ) ) ;
#4494 = APPLICATION_PROTOCOL_DEFINITION ( 'international standard', 'config_control_design', 1994, #4464 ) ;
#4495 = CONICAL_SURFACE ( 'NONE', #5427, 3.399999999999999911, 0.1745329251994260089 ) ;
#4497 = CARTESIAN_POINT ( 'NONE',  ( 0.000000000000000000, 1.042832680730699568, -2.050000000000001155 ) ) ;
#4496 = DESIGN_CONTEXT ( 'detailed design', #734, 'design' ) ;
#4498 = ORIENTED_EDGE ( 'NONE', *, *, #5457, .F. ) ;
#4499 = EDGE_CURVE ( 'NONE', #3723, #3735, #2817, .T. ) ;
#4500 = CARTESIAN_POINT ( 'NONE',  ( 11.89999999999996483, 17.53937500000000327, -4.929141392239915653 ) ) ;
#4501 = DIRECTION ( 'NONE',  ( 0.000000000000000000, 0.000000000000000000, -1.000000000000000000 ) ) ;
#4502 = ADVANCED_FACE ( 'NONE', ( #3408 ), #6294, .T. ) ;
#4503 = CARTESIAN_POINT ( 'NONE',  ( 7.579319476895821417, -16.44727708890600226, 12.12474855317953093 ) ) ;
#4504 = VECTOR ( 'NONE', #1782, 1000.000000000000000 ) ;
#4505 = AXIS2_PLACEMENT_3D ( 'NONE', #7622, #3120, #4746 ) ;
#4506 = CARTESIAN_POINT ( 'NONE',  ( 8.414570696119975324, 15.83125000000001137, 8.414570696119856308 ) ) ;
#4507 = CARTESIAN_POINT ( 'NONE',  ( 12.94999999999999218, -11.19999999999999929, -12.94999999999999218 ) ) ;
#4508 = DIRECTION ( 'NONE',  ( -0.000000000000000000, 0.000000000000000000, 1.000000000000000000 ) ) ;
#4509 = CARTESIAN_POINT ( 'NONE',  ( 44.00000000000000000, 0.000000000000000000, 0.000000000000000000 ) ) ;
#4510 = COORDINATED_UNIVERSAL_TIME_OFFSET ( 8, 0, .AHEAD. ) ;
#4511 = CARTESIAN_POINT ( 'NONE',  ( 5.260512242138204897, 13.08000521535169902, -12.70000000000000284 ) ) ;
#4512 = DIRECTION ( 'NONE',  ( -0.000000000000000000, -1.000000000000000000, -0.000000000000000000 ) ) ;
#4513 = EDGE_CURVE ( 'NONE', #557, #4336, #1898, .T. ) ;
#4514 = AXIS2_PLACEMENT_3D ( 'NONE', #7169, #4825, #2034 ) ;
#4515 = EDGE_CURVE ( 'NONE', #8408, #1701, #8169, .T. ) ;
#4516 = CIRCLE ( 'NONE', #9434, 14.59999999999999609 ) ;
#4517 = DIRECTION ( 'NONE',  ( 1.000000000000000000, 0.000000000000000000, 0.000000000000000000 ) ) ;
#4518 = ORIENTED_EDGE ( 'NONE', *, *, #8973, .F. ) ;
#4519 = DIRECTION ( 'NONE',  ( 1.000000000000000000, -8.775090700452170181E-16, 0.000000000000000000 ) ) ;
#4520 = VERTEX_POINT ( 'NONE', #8552 ) ;
#4521 = AXIS2_PLACEMENT_3D ( 'NONE', #3520, #6444, #8109 ) ;
#4522 = CARTESIAN_POINT ( 'NONE',  ( 14.28999999999999737, -2.009527318423362185, -6.257467538869064150 ) ) ;
#4523 = AXIS2_PLACEMENT_3D ( 'NONE', #8928, #9026, #6747 ) ;
#4524 = CARTESIAN_POINT ( 'NONE',  ( 5.342430495083333675, -16.36523270379545281, -13.41621700897627534 ) ) ;
#4525 = DIRECTION ( 'NONE',  ( -1.000000000000000000, -0.000000000000000000, -0.000000000000000000 ) ) ;
#4526 = FACE_OUTER_BOUND ( 'NONE', #3000, .T. ) ;
#4527 = ORIENTED_EDGE ( 'NONE', *, *, #2501, .F. ) ;
#4528 = ORIENTED_EDGE ( 'NONE', *, *, #6669, .T. ) ;
#4529 = ORIENTED_EDGE ( 'NONE', *, *, #7971, .F. ) ;
#4530 = CARTESIAN_POINT ( 'NONE',  ( -9.000000000000001776, -10.80000000000000604, 11.49999999999999822 ) ) ;
#4531 = CARTESIAN_POINT ( 'NONE',  ( 12.69999999999998508, -1.114436518957424246E-14, 0.000000000000000000 ) ) ;
#4532 = CARTESIAN_POINT ( 'NONE',  ( -9.000000000000001776, -11.19999999999999929, 9.000000000000000000 ) ) ;
#4533 = CYLINDRICAL_SURFACE ( 'NONE', #47, 2.300000000000000711 ) ;
#4534 = CARTESIAN_POINT ( 'NONE',  ( -9.760840483540215828, 17.76690911113375648, -7.068300908699592711 ) ) ;
#4535 = DIRECTION ( 'NONE',  ( 0.000000000000000000, 0.000000000000000000, 1.000000000000000000 ) ) ;
#4536 = ORIENTED_EDGE ( 'NONE', *, *, #2876, .T. ) ;
#4537 = ORIENTED_EDGE ( 'NONE', *, *, #2823, .T. ) ;
#4538 = ORIENTED_EDGE ( 'NONE', *, *, #6793, .T. ) ;
#4539 = VECTOR ( 'NONE', #216, 1000.000000000000000 ) ;
#4540 = SECURITY_CLASSIFICATION ( '', '', #9237 ) ;
#4541 = CARTESIAN_POINT ( 'NONE',  ( -8.017523061292044283E-14, 12.69750000000001577, -11.89999999999999858 ) ) ;
#4542 = DIRECTION ( 'NONE',  ( 0.000000000000000000, -0.5000000000000002220, -0.8660254037844385966 ) ) ;
#4543 = CARTESIAN_POINT ( 'NONE',  ( 0.1723282451885982669, -10.08197907572384189, -1.587499999999995026 ) ) ;
#4544 = TOROIDAL_SURFACE ( 'NONE', #1189, 13.70000000000000107, 0.2999999999999999889 ) ;
#4545 = DATE_AND_TIME ( #8829, #9463 ) ;
#4546 = ORIENTED_EDGE ( 'NONE', *, *, #2168, .T. ) ;
#4547 = ADVANCED_FACE ( 'NONE', ( #1970 ), #7251, .T. ) ;
#4548 = DIRECTION ( 'NONE',  ( 1.000000000000000000, -8.746504920891471725E-16, 0.000000000000000000 ) ) ;
#4549 = ORIENTED_EDGE ( 'NONE', *, *, #1246, .T. ) ;
#4550 = EDGE_LOOP ( 'NONE', ( #7621, #3038, #877, #3812 ) ) ;
#4551 = CARTESIAN_POINT ( 'NONE',  ( 5.312971222579579766, 11.40687500000002430, 12.82664718204931198 ) ) ;
#4552 = VERTEX_POINT ( 'NONE', #2013 ) ;
#4553 = CARTESIAN_POINT ( 'NONE',  ( 1.725874147982922047, -15.69047268157664021, 15.50423678951415241 ) ) ;
#4554 = CIRCLE ( 'NONE', #725, 3.399999999999999911 ) ;
#4555 = CIRCLE ( 'NONE', #6983, 0.3999999999999993006 ) ;
#4556 = CARTESIAN_POINT ( 'NONE',  ( 11.89999999999996483, 17.33937500000001108, -4.929141392239915653 ) ) ;
#4557 = EDGE_CURVE ( 'NONE', #1199, #7564, #9417, .T. ) ;
#4558 = CARTESIAN_POINT ( 'NONE',  ( 11.90000000000004832, 14.84062500000001172, 4.929141392239717590 ) ) ;
#4559 = CARTESIAN_POINT ( 'NONE',  ( 39.70000000000001705, 3.675000000000008260, 0.000000000000000000 ) ) ;
#4560 = CARTESIAN_POINT ( 'NONE',  ( 39.00000000000000000, 6.750000000000003553, 0.000000000000000000 ) ) ;
#4561 = DATE_AND_TIME ( #1542, #2094 ) ;
#4562 = CARTESIAN_POINT ( 'NONE',  ( -14.29000000000000803, -2.009527318423362185, -6.257467538869046386 ) ) ;
#4563 = DIRECTION ( 'NONE',  ( 0.000000000000000000, 0.000000000000000000, 1.000000000000000000 ) ) ;
#4564 = AXIS2_PLACEMENT_3D ( 'NONE', #7078, #3435, #7809 ) ;
#4565 = CARTESIAN_POINT ( 'NONE',  ( -5.312971222579573549, 20.93187500000000512, -12.82664718204931376 ) ) ;
#4566 = CARTESIAN_POINT ( 'NONE',  ( 6.923341199463894036, 10.94306946692825022, 9.746026776277217252 ) ) ;
#4567 = VERTEX_POINT ( 'NONE', #7140 ) ;
#4568 = B_SPLINE_CURVE_WITH_KNOTS ( 'NONE', 3,
 ( #8415, #3134, #4762, #5345, #5391, #8948 ),
 .UNSPECIFIED., .F., .F.,
 ( 4, 2, 4 ),
 ( 0.01669505163429730807, 0.01941030283746666973, 0.02212555404063602793 ),
 .UNSPECIFIED. ) ;
#4569 = EDGE_CURVE ( 'NONE', #6822, #548, #2738, .T. ) ;
#4570 = AXIS2_PLACEMENT_3D ( 'NONE', #2622, #3155, #7557 ) ;
#4571 = ADVANCED_FACE ( 'NONE', ( #5674 ), #7875, .T. ) ;
#4572 = DIRECTION ( 'NONE',  ( 1.243449787580175168E-14, 0.000000000000000000, 1.000000000000000000 ) ) ;
#4573 = CARTESIAN_POINT ( 'NONE',  ( 33.62056046467595394, 0.000000000000000000, 0.000000000000000000 ) ) ;
#4574 = CARTESIAN_POINT ( 'NONE',  ( -12.01323328783535693, 17.14418813208410697, -3.670074322577000281 ) ) ;
#4575 = CARTESIAN_POINT ( 'NONE',  ( 43.60000000000000142, 0.000000000000000000, 9.000000000000001776 ) ) ;
#4576 = ORIENTED_EDGE ( 'NONE', *, *, #1871, .T. ) ;
#4577 = ORIENTED_EDGE ( 'NONE', *, *, #8075, .F. ) ;
#4578 = CIRCLE ( 'NONE', #2585, 2.299999999999996714 ) ;
#4579 = VERTEX_POINT ( 'NONE', #8997 ) ;
#4580 = CARTESIAN_POINT ( 'NONE',  ( 0.000000000000000000, -1.201236941557884519, 0.000000000000000000 ) ) ;
#4581 = CARTESIAN_POINT ( 'NONE',  ( 11.69999999999999751, 9.700000000000002842, 0.000000000000000000 ) ) ;
#4582 = DIRECTION ( 'NONE',  ( 0.000000000000000000, 0.000000000000000000, -1.000000000000000000 ) ) ;
#4583 = DIRECTION ( 'NONE',  ( -0.000000000000000000, 1.000000000000000000, -0.000000000000000000 ) ) ;
#4584 = DIRECTION ( 'NONE',  ( -0.000000000000000000, -1.000000000000000000, -0.000000000000000000 ) ) ;
#4585 = DIRECTION ( 'NONE',  ( -1.000000000000000000, -0.000000000000000000, -0.000000000000000000 ) ) ;
#4586 = ORIENTED_EDGE ( 'NONE', *, *, #5918, .F. ) ;
#4587 = ORIENTED_EDGE ( 'NONE', *, *, #652, .F. ) ;
#4588 = ORIENTED_EDGE ( 'NONE', *, *, #350, .F. ) ;
#4589 = CIRCLE ( 'NONE', #1531, 0.5000000000000000000 ) ;
#4590 = CARTESIAN_POINT ( 'NONE',  ( 0.3948291982182993154, -5.499261314031187453, 9.525000000000002132 ) ) ;
#4591 = PLANE ( 'NONE',  #8564 ) ;
#4592 = CARTESIAN_POINT ( 'NONE',  ( 0.000000000000000000, 0.000000000000000000, 0.000000000000000000 ) ) ;
#4593 = CARTESIAN_POINT ( 'NONE',  ( 11.09999999999998543, -9.740350677501893341E-15, 0.000000000000000000 ) ) ;
#4594 = AXIS2_PLACEMENT_3D ( 'NONE', #3582, #9315, #5794 ) ;
#4595 = APPROVAL_ROLE ( '' ) ;
#4596 = DIRECTION ( 'NONE',  ( 0.000000000000000000, -1.224646799147353947E-16, 1.000000000000000000 ) ) ;
#4597 = VERTEX_POINT ( 'NONE', #4662 ) ;
#4598 = ORIENTED_EDGE ( 'NONE', *, *, #1744, .F. ) ;
#4599 = CARTESIAN_POINT ( 'NONE',  ( 11.89999999999996483, 18.80937500000000284, -4.929141392239915653 ) ) ;
#4600 = CARTESIAN_POINT ( 'NONE',  ( -0.9570836862646585619, 11.11735395637022705, -12.08599220643363203 ) ) ;
#4601 = DIRECTION ( 'NONE',  ( -1.000000000000000000, -0.000000000000000000, -0.000000000000000000 ) ) ;
#4602 = PRODUCT_DEFINITION_FORMATION_WITH_SPECIFIED_SOURCE ( '任何', '', #4307, .NOT_KNOWN. ) ;
#4603 = CARTESIAN_POINT ( 'NONE',  ( -11.90000000000003233, 16.54562500000000824, -4.929141392239748676 ) ) ;
#4604 = CARTESIAN_POINT ( 'NONE',  ( 8.414570696119975324, 14.76125000000001286, 8.414570696119854532 ) ) ;
#4605 = DIRECTION ( 'NONE',  ( -0.000000000000000000, 1.000000000000000000, 0.000000000000000000 ) ) ;
#4606 = PERSON_AND_ORGANIZATION_ROLE ( 'design_owner' ) ;
#4607 = CARTESIAN_POINT ( 'NONE',  ( 2.571758278209441267E-15, 0.000000000000000000, 20.24999999999999645 ) ) ;
#4608 = DIRECTION ( 'NONE',  ( 0.000000000000000000, -1.000000000000000000, 0.000000000000000000 ) ) ;
#4609 = EDGE_CURVE ( 'NONE', #517, #7931, #7723, .T. ) ;
#4610 = CARTESIAN_POINT ( 'NONE',  ( 12.94999999999999218, 9.400000000000000355, -12.94999999999999218 ) ) ;
#4611 = VECTOR ( 'NONE', #2939, 1000.000000000000000 ) ;
#4612 = ORIENTED_EDGE ( 'NONE', *, *, #4499, .T. ) ;
#4613 = CC_DESIGN_PERSON_AND_ORGANIZATION_ASSIGNMENT ( #68, #6662, ( #5204 ) ) ;
#4614 = EDGE_CURVE ( 'NONE', #595, #8343, #1292, .T. ) ;
#4615 = CARTESIAN_POINT ( 'NONE',  ( -8.980256121069066566, 15.05186978464833381, 8.980256121069194464 ) ) ;
#4616 = DIRECTION ( 'NONE',  ( -1.000000000000000000, -0.000000000000000000, -0.000000000000000000 ) ) ;
#4617 = DIRECTION ( 'NONE',  ( -1.000000000000000000, -0.000000000000000000, -0.000000000000000000 ) ) ;
#4618 = CARTESIAN_POINT ( 'NONE',  ( 34.10000000000000142, 3.306546357697855212E-16, -2.700000000000001510 ) ) ;
#4619 = CARTESIAN_POINT ( 'NONE',  ( -11.89999999999999858, 16.62500000000000711, 9.184123401037864071E-14 ) ) ;
#4620 = EDGE_LOOP ( 'NONE', ( #566, #8119, #2067, #6167 ) ) ;
#4621 = EDGE_CURVE ( 'NONE', #9357, #8898, #843, .T. ) ;
#4622 = ORIENTED_EDGE ( 'NONE', *, *, #9218, .F. ) ;
#4623 = CIRCLE ( 'NONE', #2477, 3.703925678971643265 ) ;
#4624 = EDGE_CURVE ( 'NONE', #6899, #4336, #8174, .T. ) ;
#4625 = CARTESIAN_POINT ( 'NONE',  ( 4.727341836011849985, 4.587364300110933435, -9.524999999999996803 ) ) ;
#4626 = DIRECTION ( 'NONE',  ( 0.000000000000000000, 0.000000000000000000, 1.000000000000000000 ) ) ;
#4627 = DIRECTION ( 'NONE',  ( 5.206551163123461110E-18, 0.9990958406831207395, -0.04251471662481349362 ) ) ;
#4628 = CARTESIAN_POINT ( 'NONE',  ( -11.89999999999996838, 14.36437500000001322, 4.929141392239912101 ) ) ;
#4629 = DIRECTION ( 'NONE',  ( -1.000000000000000000, -0.000000000000000000, -0.000000000000000000 ) ) ;
#4630 = AXIS2_PLACEMENT_3D ( 'NONE', #1597, #4525, #267 ) ;
#4631 = ORIENTED_EDGE ( 'NONE', *, *, #6493, .T. ) ;
#4632 = EDGE_CURVE ( 'NONE', #2422, #7834, #2353, .T. ) ;
#4633 = ORIENTED_EDGE ( 'NONE', *, *, #4266, .T. ) ;
#4634 = EDGE_CURVE ( 'NONE', #488, #3388, #2406, .T. ) ;
#4635 = VERTEX_POINT ( 'NONE', #3133 ) ;
#4636 = CARTESIAN_POINT ( 'NONE',  ( -8.308988999489114440E-14, 11.22750000000002046, -11.89999999999999858 ) ) ;
#4637 = AXIS2_PLACEMENT_3D ( 'NONE', #1696, #5293, #6673 ) ;
#4638 = CARTESIAN_POINT ( 'NONE',  ( 36.69999999999999574, 0.000000000000000000, 0.000000000000000000 ) ) ;
#4639 = CARTESIAN_POINT ( 'NONE',  ( 5.260512242138388750, 15.14375521535169256, 12.69999999999992646 ) ) ;
#4640 = DIRECTION ( 'NONE',  ( -0.000000000000000000, 1.000000000000000000, 1.224646799147353207E-16 ) ) ;
#4641 = CALENDAR_DATE ( 2025, 13, 3 ) ;
#4642 = LINE ( 'NONE', #247, #1762 ) ;
#4643 = VERTEX_POINT ( 'NONE', #5344 ) ;
#4644 = B_SPLINE_CURVE_WITH_KNOTS ( 'NONE', 3,
 ( #5753, #2011, #3500, #4305, #2058, #2875, #2785, #7862, #6425, #5622 ),
 .UNSPECIFIED., .F., .F.,
 ( 4, 2, 2, 2, 4 ),
 ( 0.01021756386884925538, 0.01335487589428126232, 0.01649218791971326925, 0.01962949994514527965, 0.02276681197057729006 ),
 .UNSPECIFIED. ) ;
#4645 = AXIS2_PLACEMENT_3D ( 'NONE', #7380, #8302, #1013 ) ;
#4646 = CARTESIAN_POINT ( 'NONE',  ( 12.82664718204939192, 11.56562500000001847, 5.312971222579391473 ) ) ;
#4647 = CARTESIAN_POINT ( 'NONE',  ( -11.20114851541086054, 11.25514193145512465, -4.987831543169528814 ) ) ;
#4648 = CARTESIAN_POINT ( 'NONE',  ( -3.350341220921309482, 17.34842668415553391, 11.91563864929522332 ) ) ;
#4649 =( REPRESENTATION_RELATIONSHIP ('NONE','NONE', #5082, #9013 ) REPRESENTATION_RELATIONSHIP_WITH_TRANSFORMATION ( #4114 )SHAPE_REPRESENTATION_RELATIONSHIP( ) );
#4650 = CARTESIAN_POINT ( 'NONE',  ( 11.89999999999999858, 10.91000000000001968, -8.455458555545191202E-14 ) ) ;
#4651 = AXIS2_PLACEMENT_3D ( 'NONE', #4841, #7768, #4211 ) ;
#4652 = CARTESIAN_POINT ( 'NONE',  ( 8.414570696119838544, 15.07875000000001187, -8.414570696119989535 ) ) ;
#4653 = CARTESIAN_POINT ( 'NONE',  ( 41.00000000000000000, 3.306546357697853733E-16, -2.700000000000000178 ) ) ;
#4654 = CARTESIAN_POINT ( 'NONE',  ( 5.000000000000000000, 10.99852262806237313, 1.822090932982379196E-15 ) ) ;
#4655 = APPROVAL_ROLE ( '' ) ;
#4656 = PLANE ( 'NONE',  #8612 ) ;
#4657 = CARTESIAN_POINT ( 'NONE',  ( 0.3948291982182989823, 10.99852262806237313, 1.822090932982379196E-15 ) ) ;
#4658 = CARTESIAN_POINT ( 'NONE',  ( 5.260512242138204897, 16.89000521535168886, -12.70000000000000284 ) ) ;
#4659 = CARTESIAN_POINT ( 'NONE',  ( 31.20000000000000639, 0.000000000000000000, 0.000000000000000000 ) ) ;
#4660 = ORIENTED_EDGE ( 'NONE', *, *, #2387, .T. ) ;
#4661 = LINE ( 'NONE', #3368, #7292 ) ;
#4662 = CARTESIAN_POINT ( 'NONE',  ( 41.39999999999999858, 3.306546357697855212E-16, -2.700000000000001510 ) ) ;
#4663 = DIRECTION ( 'NONE',  ( -1.000000000000000000, -0.000000000000000000, -0.000000000000000000 ) ) ;
#4664 = CARTESIAN_POINT ( 'NONE',  ( -9.803842999081298970, 17.09423820329189070, -7.932631179064201454 ) ) ;
#4665 = VECTOR ( 'NONE', #4333, 1000.000000000000227 ) ;
#4666 = VECTOR ( 'NONE', #919, 1000.000000000000000 ) ;
#4667 = CARTESIAN_POINT ( 'NONE',  ( -8.414570696119973547, 16.46625000000000938, -8.414570696119856308 ) ) ;
#4668 = CC_DESIGN_DATE_AND_TIME_ASSIGNMENT ( #5086, #3113, ( #2247 ) ) ;
#4669 = ORIENTED_EDGE ( 'NONE', *, *, #6862, .F. ) ;
#4670 = CARTESIAN_POINT ( 'NONE',  ( 12.69999999999999929, 11.70000000000000817, 1.555301434917137249E-15 ) ) ;
#4671 = ORIENTED_EDGE ( 'NONE', *, *, #1276, .T. ) ;
#4672 = VECTOR ( 'NONE', #8061, 1000.000000000000000 ) ;
#4673 = CYLINDRICAL_SURFACE ( 'NONE', #5952, 2.300000000000000711 ) ;
#4674 = CARTESIAN_POINT ( 'NONE',  ( 9.101657815899105072E-14, 16.48061978464832933, 12.69999999999996909 ) ) ;
#4675 = EDGE_CURVE ( 'NONE', #699, #3542, #5198, .T. ) ;
#4676 = CARTESIAN_POINT ( 'NONE',  ( 11.67190269737710295, -1.770935120663230222, 9.761894529153716249 ) ) ;
#4677 =( LENGTH_UNIT ( ) NAMED_UNIT ( * ) SI_UNIT ( .MILLI., .METRE. ) );
#4678 = DIRECTION ( 'NONE',  ( 1.000000000000000000, -0.000000000000000000, -0.000000000000000000 ) ) ;
#4679 = CARTESIAN_POINT ( 'NONE',  ( 4.929141392239709596, 13.88812500000001648, -11.90000000000006608 ) ) ;
#4680 = EDGE_CURVE ( 'NONE', #7043, #4093, #3733, .T. ) ;
#4681 = ORIENTED_EDGE ( 'NONE', *, *, #4095, .T. ) ;
#4682 = VERTEX_POINT ( 'NONE', #8267 ) ;
#4683 = VERTEX_POINT ( 'NONE', #3184 ) ;
#4684 = CARTESIAN_POINT ( 'NONE',  ( 0.000000000000000000, 0.000000000000000000, 9.525000000000002132 ) ) ;
#4685 = DIRECTION ( 'NONE',  ( -1.000000000000000000, -0.000000000000000000, -0.000000000000000000 ) ) ;
#4686 = EDGE_CURVE ( 'NONE', #5667, #8579, #7965, .T. ) ;
#4687 = CARTESIAN_POINT ( 'NONE',  ( 5.260512242138388750, 13.87375521535169653, 12.69999999999992646 ) ) ;
#4688 = EDGE_CURVE ( 'NONE', #3388, #8786, #1548, .T. ) ;
#4689 = LINE ( 'NONE', #1098, #4694 ) ;
#4690 = DATE_AND_TIME ( #4740, #274 ) ;
#4691 = CARTESIAN_POINT ( 'NONE',  ( 0.03579502003219384859, -1.829091885878040946, -9.524999999999998579 ) ) ;
#4692 = ORIENTED_EDGE ( 'NONE', *, *, #5918, .T. ) ;
#4693 = ORIENTED_EDGE ( 'NONE', *, *, #8803, .T. ) ;
#4694 = VECTOR ( 'NONE', #4784, 1000.000000000000000 ) ;
#4695 = LOCAL_TIME ( 22, 23, 34.00000000000000000, #2541 ) ;
#4696 = CARTESIAN_POINT ( 'NONE',  ( 0.01823420001822034786, 1.042832680730699568, -2.050000000000001155 ) ) ;
#4697 = ORIENTED_EDGE ( 'NONE', *, *, #67, .F. ) ;
#4698 = CARTESIAN_POINT ( 'NONE',  ( -11.03058460409244468, 11.25089817876745713, -5.345006555626499178 ) ) ;
#4699 = CARTESIAN_POINT ( 'NONE',  ( 6.011705449693186765, 17.44911971002026618, 10.70540636591598194 ) ) ;
#4700 = CARTESIAN_POINT ( 'NONE',  ( 4.929141392239747788, 11.14812500000002160, -11.90000000000003233 ) ) ;
#4701 = AXIS2_PLACEMENT_3D ( 'NONE', #1310, #7239, #679 ) ;
#4702 = CC_DESIGN_APPROVAL ( #1157, ( #1492 ) ) ;
#4703 = CARTESIAN_POINT ( 'NONE',  ( 40.99999999999999289, 0.000000000000000000, 2.300000000000001155 ) ) ;
#4704 = DIRECTION ( 'NONE',  ( 1.000000000000000000, 0.000000000000000000, 0.000000000000000000 ) ) ;
#4705 = PERSON_AND_ORGANIZATION ( #5176, #5070 ) ;
#4706 = DIRECTION ( 'NONE',  ( 0.000000000000000000, 0.000000000000000000, 1.000000000000000000 ) ) ;
#4707 = CARTESIAN_POINT ( 'NONE',  ( 0.05427969990078684165, 1.043776548762541445, 2.049520260065255339 ) ) ;
#4708 = DIRECTION ( 'NONE',  ( 0.000000000000000000, 0.000000000000000000, 1.000000000000000000 ) ) ;
#4709 = AXIS2_PLACEMENT_3D ( 'NONE', #2196, #4443, #6600 ) ;
#4710 = LINE ( 'NONE', #1118, #7436 ) ;
#4711 = AXIS2_PLACEMENT_3D ( 'NONE', #8713, #5013, #7932 ) ;
#4712 = ORIENTED_EDGE ( 'NONE', *, *, #6539, .T. ) ;
#4713 = CARTESIAN_POINT ( 'NONE',  ( -11.89999999999999858, 15.35500000000001108, 9.475589339234934229E-14 ) ) ;
#4714 = DIRECTION ( 'NONE',  ( 1.000000000000000000, 0.000000000000000000, 0.000000000000000000 ) ) ;
#4715 = PERSON ( 'NAUO-PER7', 'UNSPECIFIED', 'UNSPECIFIED', ('UNSPECIFIED'), ('UNSPECIFIED'), ('UNSPECIFIED') ) ;
#4716 = PLANE ( 'NONE',  #6573 ) ;
#4717 = CARTESIAN_POINT ( 'NONE',  ( -1.928700779538299992, 2.192405920891417725, 0.7082212400555906173 ) ) ;
#4718 = AXIS2_PLACEMENT_3D ( 'NONE', #7396, #5071, #2317 ) ;
#4719 = LINE ( 'NONE', #316, #841 ) ;
#4720 = ORIENTED_EDGE ( 'NONE', *, *, #7024, .T. ) ;
#4721 = CYLINDRICAL_SURFACE ( 'NONE', #2199, 11.89999999999999858 ) ;
#4722 = ORIENTED_EDGE ( 'NONE', *, *, #8804, .T. ) ;
#4723 = CONICAL_SURFACE ( 'NONE', #5183, 5.199999999999998401, 0.04252753461978405619 ) ;
#4724 = DIRECTION ( 'NONE',  ( 1.000000000000000000, 1.231304080816852664E-16, -0.000000000000000000 ) ) ;
#4725 = CARTESIAN_POINT ( 'NONE',  ( 0.000000000000000000, 0.000000000000000000, 0.000000000000000000 ) ) ;
#4726 = CARTESIAN_POINT ( 'NONE',  ( 13.44999999999999929, 1.010658625831996795E-15, 8.252653961416930528 ) ) ;
#4727 = CARTESIAN_POINT ( 'NONE',  ( 34.10000000000000142, 0.000000000000000000, 0.000000000000000000 ) ) ;
#4728 = DIRECTION ( 'NONE',  ( 0.000000000000000000, 0.000000000000000000, 1.000000000000000000 ) ) ;
#4729 = AXIS2_PLACEMENT_3D ( 'NONE', #5027, #3437, #9313 ) ;
#4730 = CARTESIAN_POINT ( 'NONE',  ( 11.90000000000003233, 13.57062500000001926, 4.929141392239758446 ) ) ;
#4731 = ORIENTED_EDGE ( 'NONE', *, *, #1920, .F. ) ;
#4732 = ORIENTED_EDGE ( 'NONE', *, *, #2759, .T. ) ;
#4733 = ORIENTED_EDGE ( 'NONE', *, *, #4033, .T. ) ;
#4734 = EDGE_CURVE ( 'NONE', #4162, #7974, #2453, .T. ) ;
#4735 = DIRECTION ( 'NONE',  ( 9.800697604388738773E-17, -1.000000000000000000, 0.000000000000000000 ) ) ;
#4736 = AXIS2_PLACEMENT_3D ( 'NONE', #8758, #695, #2898 ) ;
#4737 = CARTESIAN_POINT ( 'NONE',  ( 11.90000000000004476, 15.91062500000001201, 4.929141392239721142 ) ) ;
#4738 = ADVANCED_FACE ( 'NONE', ( #1595 ), #4495, .T. ) ;
#4739 = CARTESIAN_POINT ( 'NONE',  ( 14.29000000000000448, -15.69047268157663666, 6.257467538869049051 ) ) ;
#4740 = CALENDAR_DATE ( 2025, 13, 3 ) ;
#4741 = ORIENTED_EDGE ( 'NONE', *, *, #4444, .F. ) ;
#4742 = ORIENTED_EDGE ( 'NONE', *, *, #4169, .T. ) ;
#4743 = CARTESIAN_POINT ( 'NONE',  ( 0.000000000000000000, -15.69047268157664021, 0.000000000000000000 ) ) ;
#4744 = EDGE_LOOP ( 'NONE', ( #1988, #4040, #453, #3062 ) ) ;
#4745 = EDGE_CURVE ( 'NONE', #787, #6090, #2969, .T. ) ;
#4746 = DIRECTION ( 'NONE',  ( 0.000000000000000000, 0.000000000000000000, 1.000000000000000000 ) ) ;
#4747 = CARTESIAN_POINT ( 'NONE',  ( 4.188665433214086242, 17.42761798492041692, 11.54242197394518676 ) ) ;
#4748 = CARTESIAN_POINT ( 'NONE',  ( -8.382592070995923663E-14, 12.49750000000001648, -11.89999999999999858 ) ) ;
#4749 = EDGE_CURVE ( 'NONE', #6141, #5170, #8801, .T. ) ;
#4750 = AXIS2_PLACEMENT_3D ( 'NONE', #795, #8177, #4389 ) ;
#4751 = CARTESIAN_POINT ( 'NONE',  ( 4.799999999999999822, 24.89999999999999858, 0.000000000000000000 ) ) ;
#4752 = CARTESIAN_POINT ( 'NONE',  ( -12.94999999999999218, -10.69999999999999041, -13.44999999999999929 ) ) ;
#4753 = MECHANICAL_CONTEXT ( 'NONE', #5649, 'mechanical' ) ;
#4754 = CARTESIAN_POINT ( 'NONE',  ( 1.457329690985350196E-15, 17.80000000000000071, 11.89999999999999858 ) ) ;
#4755 = VERTEX_POINT ( 'NONE', #1868 ) ;
#4756 = EDGE_CURVE ( 'NONE', #3010, #5741, #8652, .T. ) ;
#4757 = AXIS2_PLACEMENT_3D ( 'NONE', #2765, #7753, #7022 ) ;
#4758 = CARTESIAN_POINT ( 'NONE',  ( -3.520579078826647113, -16.12066646117740731, 14.46806341457557998 ) ) ;
#4759 = ORIENTED_EDGE ( 'NONE', *, *, #3526, .T. ) ;
#4760 = DIRECTION ( 'NONE',  ( -0.000000000000000000, 1.000000000000000000, 1.224646799147353207E-16 ) ) ;
#4761 = CARTESIAN_POINT ( 'NONE',  ( -11.14057423231388988, 11.36679308115673770, 5.383767851001275417 ) ) ;
#4762 = CARTESIAN_POINT ( 'NONE',  ( 4.964204979967803411, -1.829091885878042278, 9.525000000000003908 ) ) ;
#4763 = DIRECTION ( 'NONE',  ( 1.000000000000000000, 0.000000000000000000, 0.000000000000000000 ) ) ;
#4764 = CARTESIAN_POINT ( 'NONE',  ( -11.89999999999999858, 16.82500000000000639, 9.184123401037864071E-14 ) ) ;
#4765 = ORIENTED_EDGE ( 'NONE', *, *, #5978, .F. ) ;
#4766 = DIRECTION ( 'NONE',  ( 0.000000000000000000, 0.000000000000000000, 1.000000000000000000 ) ) ;
#4767 = ORIENTED_EDGE ( 'NONE', *, *, #1443, .F. ) ;
#4768 = CARTESIAN_POINT ( 'NONE',  ( 0.000000000000000000, -15.69047268157664021, 0.000000000000000000 ) ) ;
#4769 = CIRCLE ( 'NONE', #4927, 2.299999999999999822 ) ;
#4770 = CARTESIAN_POINT ( 'NONE',  ( -6.999999999999999112, 0.000000000000000000, 0.000000000000000000 ) ) ;
#4771 = CARTESIAN_POINT ( 'NONE',  ( 4.929141392239731800, 11.34812500000001911, -11.90000000000004299 ) ) ;
#4772 = CARTESIAN_POINT ( 'NONE',  ( -0.9889068136439292944, 16.98430166686057419, -12.69999999999996021 ) ) ;
#4773 = DIRECTION ( 'NONE',  ( -1.000000000000000000, -8.894960955186825895E-48, 6.835110704188906715E-33 ) ) ;
#4774 = LINE ( 'NONE', #7023, #3598 ) ;
#4775 = DIRECTION ( 'NONE',  ( 0.7071067811865435759, 0.7071067811865514585, 8.659560562354876159E-17 ) ) ;
#4776 = ORIENTED_EDGE ( 'NONE', *, *, #8690, .T. ) ;
#4777 = ORIENTED_EDGE ( 'NONE', *, *, #4557, .F. ) ;
#4778 = VECTOR ( 'NONE', #9472, 1000.000000000000000 ) ;
#4779 = EDGE_LOOP ( 'NONE', ( #2626, #8311, #9343, #2874 ) ) ;
#4780 = CARTESIAN_POINT ( 'NONE',  ( -12.44999999999999929, 8.647109035777110412E-16, -7.060900368822720985 ) ) ;
#4781 = CARTESIAN_POINT ( 'NONE',  ( 11.89999999999996483, 14.99937500000001300, -4.929141392239915653 ) ) ;
#4782 = DIRECTION ( 'NONE',  ( 0.000000000000000000, 0.000000000000000000, -1.000000000000000000 ) ) ;
#4783 = DIRECTION ( 'NONE',  ( -9.800697604388738773E-17, 1.000000000000000000, -0.000000000000000000 ) ) ;
#4784 = DIRECTION ( 'NONE',  ( -0.000000000000000000, -1.000000000000000000, -0.000000000000000000 ) ) ;
#4785 = AXIS2_PLACEMENT_3D ( 'NONE', #1286, #2006, #7129 ) ;
#4786 = COORDINATED_UNIVERSAL_TIME_OFFSET ( 8, 0, .AHEAD. ) ;
#4787 = DESIGN_CONTEXT ( 'detailed design', #3001, 'design' ) ;
#4788 = ORIENTED_EDGE ( 'NONE', *, *, #2281, .T. ) ;
#4789 = ORIENTED_EDGE ( 'NONE', *, *, #8637, .F. ) ;
#4790 = CC_DESIGN_PERSON_AND_ORGANIZATION_ASSIGNMENT ( #8599, #9328, ( #7142 ) ) ;
#4791 = DIRECTION ( 'NONE',  ( 0.000000000000000000, -1.000000000000000000, 0.000000000000000000 ) ) ;
#4792 = ORIENTED_EDGE ( 'NONE', *, *, #6050, .F. ) ;
#4793 = ADVANCED_FACE ( 'NONE', ( #3446 ), #5619, .F. ) ;
#4794 = AXIS2_PLACEMENT_3D ( 'NONE', #563, #3382, #4190 ) ;
#4795 = LINE ( 'NONE', #3357, #3749 ) ;
#4796 = CARTESIAN_POINT ( 'NONE',  ( -1.769575318512501827, 17.36523842471244095, 12.21392046405051879 ) ) ;
#4797 = CARTESIAN_POINT ( 'NONE',  ( -11.89999999999996305, 10.35437500000002231, 4.929141392239922759 ) ) ;
#4798 = CARTESIAN_POINT ( 'NONE',  ( 0.3948291982182996485, 5.499261314031190118, 9.525000000000002132 ) ) ;
#4799 = EDGE_CURVE ( 'NONE', #4161, #7144, #7340, .T. ) ;
#4800 = CARTESIAN_POINT ( 'NONE',  ( -1.364715712891807486, 17.79999999999999361, -11.82148683639186615 ) ) ;
#4801 = SHAPE_DEFINITION_REPRESENTATION ( #645, #6122 ) ;
#4802 = CIRCLE ( 'NONE', #670, 3.000000000000009770 ) ;
#4803 = DIRECTION ( 'NONE',  ( 0.000000000000000000, 0.000000000000000000, 1.000000000000000000 ) ) ;
#4804 = CARTESIAN_POINT ( 'NONE',  ( -5.312971222579573549, 15.85187500000001215, -12.82664718204931376 ) ) ;
#4805 = EDGE_CURVE ( 'NONE', #6225, #6775, #6491, .T. ) ;
#4806 = EDGE_LOOP ( 'NONE', ( #8698, #5963, #8541, #2040 ) ) ;
#4807 = DIRECTION ( 'NONE',  ( 0.000000000000000000, 0.000000000000000000, 1.000000000000000000 ) ) ;
#4808 = ORIENTED_EDGE ( 'NONE', *, *, #8509, .F. ) ;
#4809 = CARTESIAN_POINT ( 'NONE',  ( 40.99999999999999289, 2.816687638038913535E-16, -2.300000000000001155 ) ) ;
#4810 = AXIS2_PLACEMENT_3D ( 'NONE', #3742, #4605, #3886 ) ;
#4811 = CARTESIAN_POINT ( 'NONE',  ( 7.084828439437274916, 11.58727910419305296, 10.41177160952373981 ) ) ;
#4812 = DIRECTION ( 'NONE',  ( 1.000000000000000000, -8.195543980992796558E-16, 0.000000000000000000 ) ) ;
#4813 = CARTESIAN_POINT ( 'NONE',  ( -8.980256121069194464, 12.19436978464833921, -8.980256121069066566 ) ) ;
#4814 = EDGE_CURVE ( 'NONE', #8980, #6111, #6795, .T. ) ;
#4815 = ADVANCED_FACE ( 'NONE', ( #7089, #6289 ), #2483, .F. ) ;
#4816 = FACE_OUTER_BOUND ( 'NONE', #2449, .T. ) ;
#4817 = AXIS2_PLACEMENT_3D ( 'NONE', #2509, #3902, #6213 ) ;
#4818 = VERTEX_POINT ( 'NONE', #5574 ) ;
#4819 = CARTESIAN_POINT ( 'NONE',  ( -8.017523061292044283E-14, 12.49750000000001648, -11.89999999999999858 ) ) ;
#4820 = ORIENTED_EDGE ( 'NONE', *, *, #1879, .F. ) ;
#4821 = DIRECTION ( 'NONE',  ( -1.000000000000000000, -0.000000000000000000, -0.000000000000000000 ) ) ;
#4822 = DIRECTION ( 'NONE',  ( 0.000000000000000000, 0.000000000000000000, -1.000000000000000000 ) ) ;
#4823 = CARTESIAN_POINT ( 'NONE',  ( 0.000000000000000000, 0.000000000000000000, 0.000000000000000000 ) ) ;
#4824 = CALENDAR_DATE ( 2025, 13, 3 ) ;
#4825 = DIRECTION ( 'NONE',  ( -1.000000000000000000, 0.000000000000000000, -0.000000000000000000 ) ) ;
#4826 = CARTESIAN_POINT ( 'NONE',  ( 4.929141392239907660, 13.41187500000001620, 11.89999999999998437 ) ) ;
#4827 = EDGE_LOOP ( 'NONE', ( #5740, #1774, #5898, #2730 ) ) ;
#4828 = ORIENTED_EDGE ( 'NONE', *, *, #1508, .T. ) ;
#4829 = CIRCLE ( 'NONE', #236, 2.300000000000001599 ) ;
#4830 = AXIS2_PLACEMENT_3D ( 'NONE', #8062, #9429, #70 ) ;
#4831 =( BOUNDED_CURVE ( )  B_SPLINE_CURVE ( 2, ( #4010, #6938, #3875, #241, #384, #4639, #5523, #2379, #8439 ),
 .UNSPECIFIED., .F., .T. ) 
 B_SPLINE_CURVE_WITH_KNOTS ( ( 3, 2, 2, 2, 3 ),
 ( 0.3750000000000000000, 0.3906250000000000000, 0.4062500000000000555, 0.4218750000000001110, 0.4375000000000001110 ),
 .UNSPECIFIED. ) 
 CURVE ( )  GEOMETRIC_REPRESENTATION_ITEM ( )  RATIONAL_B_SPLINE_CURVE ( ( 1.000000000000000000, 0.9238795325112867385, 1.000000000000000000, 0.9238795325112867385, 1.000000000000000000, 0.9238795325112867385, 1.000000000000000000, 0.9238795325112861834, 1.000000000000000444 ) ) 
 REPRESENTATION_ITEM ( '' )  );
#4832 = EDGE_LOOP ( 'NONE', ( #8869, #4549, #3704, #1489 ) ) ;
#4833 = DIRECTION ( 'NONE',  ( 1.000000000000000000, 0.000000000000000000, 0.000000000000000000 ) ) ;
#4834 = DIRECTION ( 'NONE',  ( 0.000000000000000000, 0.000000000000000000, 1.000000000000000000 ) ) ;
#4835 = CARTESIAN_POINT ( 'NONE',  ( 1.411206265628322409, 1.029604922483224216, -1.492645897336815297 ) ) ;
#4836 = CARTESIAN_POINT ( 'NONE',  ( 5.000000000000000000, -10.99852262806237313, 4.928329209517584241E-15 ) ) ;
#4837 = VECTOR ( 'NONE', #2302, 1000.000000000000000 ) ;
#4838 = COORDINATED_UNIVERSAL_TIME_OFFSET ( 8, 0, .AHEAD. ) ;
#4839 = ORIENTED_EDGE ( 'NONE', *, *, #8244, .F. ) ;
#4840 = VERTEX_POINT ( 'NONE', #8495 ) ;
#4841 = CARTESIAN_POINT ( 'NONE',  ( -13.44999999999999929, 0.000000000000000000, 0.000000000000000000 ) ) ;
#4842 = ORIENTED_EDGE ( 'NONE', *, *, #6917, .F. ) ;
#4843 = CARTESIAN_POINT ( 'NONE',  ( 4.929141392239755781, 16.42812500000000853, -11.90000000000002345 ) ) ;
#4844 = DIRECTION ( 'NONE',  ( -1.000000000000000000, -0.000000000000000000, -0.000000000000000000 ) ) ;
#4845 = CARTESIAN_POINT ( 'NONE',  ( 4.929141392239922759, 11.94187500000002089, 11.89999999999996305 ) ) ;
#4846 = CC_DESIGN_PERSON_AND_ORGANIZATION_ASSIGNMENT ( #1963, #4207, ( #1492 ) ) ;
#4847 = CARTESIAN_POINT ( 'NONE',  ( 0.000000000000000000, 0.000000000000000000, 9.525000000000002132 ) ) ;
#4848 = CARTESIAN_POINT ( 'NONE',  ( 7.349999999999999645, -3.084843528204037854E-15, 0.000000000000000000 ) ) ;
#4849 = AXIS2_PLACEMENT_3D ( 'NONE', #3537, #2723, #2816 ) ;
#4850 = PERSON_AND_ORGANIZATION ( #5176, #5070 ) ;
#4851 = CARTESIAN_POINT ( 'NONE',  ( 24.00000000000000000, 0.000000000000000000, 0.000000000000000000 ) ) ;
#4852 = CARTESIAN_POINT ( 'NONE',  ( 5.312971222579394137, 18.23312500000000469, -12.82664718204939014 ) ) ;
#4853 = ORIENTED_EDGE ( 'NONE', *, *, #4328, .F. ) ;
#4854 = ORIENTED_EDGE ( 'NONE', *, *, #4869, .F. ) ;
#4855 = EDGE_CURVE ( 'NONE', #5832, #4393, #8959, .T. ) ;
#4856 = DIRECTION ( 'NONE',  ( -1.000000000000000000, -0.000000000000000000, -0.000000000000000000 ) ) ;
#4857 = AXIS2_PLACEMENT_3D ( 'NONE', #8788, #3075, #8886 ) ;
#4858 = APPROVAL_PERSON_ORGANIZATION ( #4897, #9329, #4309 ) ;
#4859 = CARTESIAN_POINT ( 'NONE',  ( -12.31281326467777859, 11.31281326467783011, 0.3951064211172142793 ) ) ;
#4860 = DIRECTION ( 'NONE',  ( 0.000000000000000000, 0.000000000000000000, -1.000000000000000000 ) ) ;
#4861 = ADVANCED_FACE ( 'NONE', ( #7907 ), #8025, .F. ) ;
#4862 = CARTESIAN_POINT ( 'NONE',  ( -9.000000000000001776, -10.80000000000000604, 11.49999999999999822 ) ) ;
#4863 = DIRECTION ( 'NONE',  ( 0.000000000000000000, 0.000000000000000000, 1.000000000000000000 ) ) ;
#4864 = APPROVAL_PERSON_ORGANIZATION ( #6987, #7240, #3305 ) ;
#4865 = ORIENTED_EDGE ( 'NONE', *, *, #5224, .F. ) ;
#4866 = DIRECTION ( 'NONE',  ( 1.000000000000000000, 0.000000000000000000, 0.000000000000000000 ) ) ;
#4867 = ORIENTED_EDGE ( 'NONE', *, *, #7259, .F. ) ;
#4868 = EDGE_CURVE ( 'NONE', #595, #7456, #3063, .T. ) ;
#4869 = EDGE_CURVE ( 'NONE', #4093, #7043, #532, .T. ) ;
#4870 = CARTESIAN_POINT ( 'NONE',  ( -11.67013411036705683, -1.770462177252744240, 9.762915623340052917 ) ) ;
#4871 = CONICAL_SURFACE ( 'NONE', #1649, 5.199999999999998401, 0.04252753461978405619 ) ;
#4872 = LINE ( 'NONE', #6451, #614 ) ;
#4873 = DIRECTION ( 'NONE',  ( -1.000000000000000000, -0.000000000000000000, -0.000000000000000000 ) ) ;
#4874 =( NAMED_UNIT ( * ) SI_UNIT ( $, .STERADIAN. ) SOLID_ANGLE_UNIT ( ) );
#4875 = CARTESIAN_POINT ( 'NONE',  ( 1.203456888229273236E-14, 13.71446665693450484, 0.000000000000000000 ) ) ;
#4876 = EDGE_LOOP ( 'NONE', ( #4250, #7541, #2780, #7706 ) ) ;
#4877 = VERTEX_POINT ( 'NONE', #2827 ) ;
#4878 = AXIS2_PLACEMENT_3D ( 'NONE', #7219, #6278, #2955 ) ;
#4879 = ORIENTED_EDGE ( 'NONE', *, *, #2438, .F. ) ;
#4880 = EDGE_CURVE ( 'NONE', #1869, #6544, #7951, .T. ) ;
#4881 = DIRECTION ( 'NONE',  ( -1.000000000000000000, -0.000000000000000000, -0.000000000000000000 ) ) ;
#4882 = CARTESIAN_POINT ( 'NONE',  ( -8.382592070995921138E-14, 11.42750000000001975, -11.89999999999999858 ) ) ;
#4883 = CARTESIAN_POINT ( 'NONE',  ( 36.29999999999999005, 0.000000000000000000, 0.000000000000000000 ) ) ;
#4884 = CARTESIAN_POINT ( 'NONE',  ( 13.44999999999999929, 8.899999999999993250, 13.44999999999999929 ) ) ;
#4885 = CIRCLE ( 'NONE', #7315, 8.045708121834925564 ) ;
#4886 = DIRECTION ( 'NONE',  ( -1.000000000000000000, -0.000000000000000000, -0.000000000000000000 ) ) ;
#4887 = CALENDAR_DATE ( 2025, 13, 3 ) ;
#4888 = EDGE_LOOP ( 'NONE', ( #6432, #2327, #4853, #7882 ) ) ;
#4889 = ORIENTED_EDGE ( 'NONE', *, *, #5875, .T. ) ;
#4890 = CARTESIAN_POINT ( 'NONE',  ( -11.89999999999999858, 14.08500000000001506, 9.767055277432003124E-14 ) ) ;
#4891 = AXIS2_PLACEMENT_3D ( 'NONE', #8175, #7987, #1558 ) ;
#4892 = CARTESIAN_POINT ( 'NONE',  ( -13.79999999999999893, -2.300000000000000711, 2.816687638038910084E-16 ) ) ;
#4893 = CARTESIAN_POINT ( 'NONE',  ( 11.19505435126568038, 17.63360752048648905, -4.521820821651916233 ) ) ;
#4894 = CARTESIAN_POINT ( 'NONE',  ( 9.069809202314353058, 14.34375000000001599, -9.069809202314482732 ) ) ;
#4895 = DIRECTION ( 'NONE',  ( 0.000000000000000000, 1.000000000000000000, 0.000000000000000000 ) ) ;
#4896 = VECTOR ( 'NONE', #1272, 1000.000000000000000 ) ;
#4897 = PERSON_AND_ORGANIZATION ( #5176, #5070 ) ;
#4898 = DIRECTION ( 'NONE',  ( 1.000000000000000000, -0.000000000000000000, 0.000000000000000000 ) ) ;
#4899 = CARTESIAN_POINT ( 'NONE',  ( 5.312971222579394137, 16.96312500000000867, -12.82664718204939014 ) ) ;
#4900 = VERTEX_POINT ( 'NONE', #8593 ) ;
#4901 = EDGE_LOOP ( 'NONE', ( #6748, #4712, #6679, #6165 ) ) ;
#4902 = DIRECTION ( 'NONE',  ( 9.800697604388738773E-17, -1.000000000000000000, 0.000000000000000000 ) ) ;
#4903 = ORGANIZATION ( 'NAUO-ORG6', 'UNSPECIFIED', 'UNSPECIFIED' ) ;
#4904 = VECTOR ( 'NONE', #3078, 1000.000000000000000 ) ;
#4905 = CARTESIAN_POINT ( 'NONE',  ( -8.628356930257417901, 11.41166969461142422, 8.930771950059758879 ) ) ;
#4906 = CARTESIAN_POINT ( 'NONE',  ( 34.49999999999999289, 0.000000000000000000, 0.000000000000000000 ) ) ;
#4907 = CARTESIAN_POINT ( 'NONE',  ( 2.050000000000001599, 0.6609346322114812988, -1.423535324875093646E-15 ) ) ;
#4908 = LINE ( 'NONE', #6210, #4362 ) ;
#4909 = EDGE_CURVE ( 'NONE', #3320, #3811, #6496, .T. ) ;
#4910 = CIRCLE ( 'NONE', #9216, 6.349999999999997868 ) ;
#4911 = ORIENTED_EDGE ( 'NONE', *, *, #9106, .F. ) ;
#4912 = CC_DESIGN_PERSON_AND_ORGANIZATION_ASSIGNMENT ( #6055, #5960, ( #8375 ) ) ;
#4913 = PLANE ( 'NONE',  #1197 ) ;
#4914 = ORIENTED_EDGE ( 'NONE', *, *, #2519, .F. ) ;
#4915 = EDGE_CURVE ( 'NONE', #7144, #9005, #2192, .T. ) ;
#4916 = FACE_OUTER_BOUND ( 'NONE', #4901, .T. ) ;
#4917 = LINE ( 'NONE', #2660, #9354 ) ;
#4918 = CARTESIAN_POINT ( 'NONE',  ( 1.457329690985350196E-15, 17.80000000000000071, 11.89999999999999858 ) ) ;
#4919 =( NAMED_UNIT ( * ) PLANE_ANGLE_UNIT ( ) SI_UNIT ( $, .RADIAN. ) );
#4920 = DIRECTION ( 'NONE',  ( 0.000000000000000000, 0.000000000000000000, 1.000000000000000000 ) ) ;
#4921 = CARTESIAN_POINT ( 'NONE',  ( 36.29999999999999005, 0.000000000000000000, 13.10000000000000142 ) ) ;
#4922 = EDGE_CURVE ( 'NONE', #8968, #3972, #4396, .T. ) ;
#4923 = EDGE_LOOP ( 'NONE', ( #270, #7258 ) ) ;
#4924 = ORIENTED_EDGE ( 'NONE', *, *, #3145, .F. ) ;
#4925 = VERTEX_POINT ( 'NONE', #2151 ) ;
#4926 = ADVANCED_FACE ( 'NONE', ( #1343 ), #2917, .T. ) ;
#4927 = AXIS2_PLACEMENT_3D ( 'NONE', #2593, #496, #6343 ) ;
#4928 = CARTESIAN_POINT ( 'NONE',  ( 41.00000000000000000, 0.000000000000000000, 2.700000000000000178 ) ) ;
#4929 = CARTESIAN_POINT ( 'NONE',  ( 14.00000000000000000, 0.000000000000000000, 0.000000000000000000 ) ) ;
#4930 = DIRECTION ( 'NONE',  ( 9.800697604388738773E-17, -1.000000000000000000, 0.000000000000000000 ) ) ;
#4931 = CARTESIAN_POINT ( 'NONE',  ( 1.804431561487902957, 0.9124067873144235952, -0.9812663128374519150 ) ) ;
#4932 = CYLINDRICAL_SURFACE ( 'NONE', #7964, 15.59999999999999964 ) ;
#4933 = EDGE_CURVE ( 'NONE', #1043, #8017, #5271, .T. ) ;
#4934 = ITEM_DEFINED_TRANSFORMATION ( 'NONE', 'NONE', #4757,  #3836 ) ;
#4935 = EDGE_CURVE ( 'NONE', #8445, #1565, #7183, .T. ) ;
#4936 = AXIS2_PLACEMENT_3D ( 'NONE', #5497, #1311, #6524 ) ;
#4937 = EDGE_LOOP ( 'NONE', ( #5927, #4249, #832, #3200 ) ) ;
#4938 = VERTEX_POINT ( 'NONE', #628 ) ;
#4939 = DIRECTION ( 'NONE',  ( 9.800697604388738773E-17, -1.000000000000000000, 0.000000000000000000 ) ) ;
#4940 = ORIENTED_EDGE ( 'NONE', *, *, #5698, .F. ) ;
#4941 = DIRECTION ( 'NONE',  ( 0.000000000000000000, 0.7071067811865487940, -0.7071067811865463515 ) ) ;
#4942 = CARTESIAN_POINT ( 'NONE',  ( 4.605170801781708789, 5.499261314031190118, 9.525000000000002132 ) ) ;
#4943 = CARTESIAN_POINT ( 'NONE',  ( -12.82664718204935106, 14.82000000000001450, 8.956799855210033214E-14 ) ) ;
#4944 = CARTESIAN_POINT ( 'NONE',  ( 13.19999999999999751, -10.94999999999999574, 12.94999999999999218 ) ) ;
#4945 = COORDINATED_UNIVERSAL_TIME_OFFSET ( 8, 0, .AHEAD. ) ;
#4946 = CARTESIAN_POINT ( 'NONE',  ( 8.980256121069064790, 11.73063021535169881, -8.980256121069192687 ) ) ;
#4947 = VERTEX_POINT ( 'NONE', #5036 ) ;
#4948 = AXIS2_PLACEMENT_3D ( 'NONE', #5828, #5201, #1458 ) ;
#4949 = CARTESIAN_POINT ( 'NONE',  ( 9.192421541439368808E-14, 18.94750000000000512, 12.82664718204935106 ) ) ;
#4950 = ORIENTED_EDGE ( 'NONE', *, *, #1619, .F. ) ;
#4951 = ORIENTED_EDGE ( 'NONE', *, *, #5340, .F. ) ;
#4952 = FACE_OUTER_BOUND ( 'NONE', #6787, .T. ) ;
#4953 = CARTESIAN_POINT ( 'NONE',  ( 0.000000000000000000, 0.000000000000000000, 0.000000000000000000 ) ) ;
#4954 = TOROIDAL_SURFACE ( 'NONE', #4024, 14.59999999999999964, 0.3999999999999984679 ) ;
#4955 = CARTESIAN_POINT ( 'NONE',  ( 0.2402412795406592416, 1.062081376333257943, 2.040151388708938196 ) ) ;
#4956 = CARTESIAN_POINT ( 'NONE',  ( -12.69999999999996909, 12.35311978464833871, 8.868362600661534741E-14 ) ) ;
#4957 = CARTESIAN_POINT ( 'NONE',  ( -13.44999999999999929, -10.69999999999999396, -12.94999999999999218 ) ) ;
#4958 = CARTESIAN_POINT ( 'NONE',  ( 13.44999999999999929, 8.899999999999993250, 12.94999999999999218 ) ) ;
#4959 = ORIENTED_EDGE ( 'NONE', *, *, #2159, .T. ) ;
#4960 = PLANE ( 'NONE',  #4711 ) ;
#4961 = VECTOR ( 'NONE', #6806, 1000.000000000000000 ) ;
#4962 = ORIENTED_EDGE ( 'NONE', *, *, #3351, .T. ) ;
#4963 = CARTESIAN_POINT ( 'NONE',  ( -8.414570696119973547, 19.00625000000000497, -8.414570696119856308 ) ) ;
#4964 =( REPRESENTATION_RELATIONSHIP ('NONE','NONE', #5082, #9072 ) REPRESENTATION_RELATIONSHIP_WITH_TRANSFORMATION ( #4934 )SHAPE_REPRESENTATION_RELATIONSHIP( ) );
#4965 = DIRECTION ( 'NONE',  ( -0.7071067811865474617, -2.472095916683000843E-15, -0.7071067811865474617 ) ) ;
#4966 = DIRECTION ( 'NONE',  ( 0.000000000000000000, 0.000000000000000000, 1.000000000000000000 ) ) ;
#4967 = AXIS2_PLACEMENT_3D ( 'NONE', #8544, #2533, #9125 ) ;
#4968 = CARTESIAN_POINT ( 'NONE',  ( 16.68682061507833936, 8.641945085602493748, 4.336808689943781826E-16 ) ) ;
#4969 = ADVANCED_FACE ( 'NONE', ( #2195 ), #8873, .T. ) ;
#4970 = CARTESIAN_POINT ( 'NONE',  ( -12.69999999999996909, 13.62311978464833473, 8.868362600661534741E-14 ) ) ;
#4971 = VERTEX_POINT ( 'NONE', #3725 ) ;
#4972 = VERTEX_POINT ( 'NONE', #8967 ) ;
#4973 = ORIENTED_EDGE ( 'NONE', *, *, #6025, .T. ) ;
#4974 = CIRCLE ( 'NONE', #79, 5.199999999999998401 ) ;
#4975 = CARTESIAN_POINT ( 'NONE',  ( -12.94999999999999218, -11.19999999999999929, 12.94999999999999218 ) ) ;
#4976 = EDGE_CURVE ( 'NONE', #318, #9104, #1524, .T. ) ;
#4977 = DIRECTION ( 'NONE',  ( 0.000000000000000000, 0.000000000000000000, 1.000000000000000000 ) ) ;
#4978 = CARTESIAN_POINT ( 'NONE',  ( 0.000000000000000000, 2.816687638038912056E-16, -2.299999999999999822 ) ) ;
#4979 = LINE ( 'NONE', #527, #2024 ) ;
#4980 = CARTESIAN_POINT ( 'NONE',  ( 36.29999999999999005, 1.604287306883032847E-15, -13.10000000000000142 ) ) ;
#4981 = ADVANCED_FACE ( 'NONE', ( #846, #1666 ), #8286, .F. ) ;
#4982 = CIRCLE ( 'NONE', #6962, 11.09999999999998366 ) ;
#4983 = APPROVAL_STATUS ( 'not_yet_approved' ) ;
#4984 = AXIS2_PLACEMENT_3D ( 'NONE', #7653, #7703, #6929 ) ;
#4985 = ORIENTED_EDGE ( 'NONE', *, *, #8089, .T. ) ;
#4986 = ORIENTED_EDGE ( 'NONE', *, *, #2762, .F. ) ;
#4987 = DIRECTION ( 'NONE',  ( 1.049727191138618326E-16, -0.5150380749100547106, 0.8571673007021120005 ) ) ;
#4988 = VERTEX_POINT ( 'NONE', #2963 ) ;
#4989 = DIRECTION ( 'NONE',  ( -1.000000000000000000, -0.000000000000000000, -0.000000000000000000 ) ) ;
#4990 = CARTESIAN_POINT ( 'NONE',  ( 34.40000000000000568, 5.499261314031191894, -9.524999999999998579 ) ) ;
#4991 = LINE ( 'NONE', #3449, #5171 ) ;
#4992 = EDGE_CURVE ( 'NONE', #205, #4971, #1592, .T. ) ;
#4993 = AXIS2_PLACEMENT_3D ( 'NONE', #7442, #3810, #9001 ) ;
#4994 = ADVANCED_FACE ( 'NONE', ( #7508, #7361 ), #2285, .F. ) ;
#4995 = CARTESIAN_POINT ( 'NONE',  ( -5.312971222579396802, 16.32812500000001066, 12.82664718204939014 ) ) ;
#4996 = B_SPLINE_CURVE_WITH_KNOTS ( 'NONE', 3,
 ( #3545, #7953, #536, #1388, #5672, #4942 ),
 .UNSPECIFIED., .F., .F.,
 ( 4, 2, 4 ),
 ( 0.005499492254138859185, 0.008249122911154451593, 0.01099875356817004747 ),
 .UNSPECIFIED. ) ;
#4997 = DATE_TIME_ROLE ( 'creation_date' ) ;
#4998 = CARTESIAN_POINT ( 'NONE',  ( -12.69999999999996732, 12.20688021535169732, 8.868362600661530955E-14 ) ) ;
#4999 = ORIENTED_EDGE ( 'NONE', *, *, #1055, .F. ) ;
#5000 = AXIS2_PLACEMENT_3D ( 'NONE', #5333, #7427, #868 ) ;
#5001 = ORIENTED_EDGE ( 'NONE', *, *, #6595, .F. ) ;
#5002 = EDGE_LOOP ( 'NONE', ( #6469, #9252, #4612, #5606, #4051, #4293 ) ) ;
#5003 = CARTESIAN_POINT ( 'NONE',  ( 2.663606788145493022E-15, 0.000000000000000000, 21.75000000000000000 ) ) ;
#5004 = AXIS2_PLACEMENT_3D ( 'NONE', #558, #3471, #8615 ) ;
#5005 = CARTESIAN_POINT ( 'NONE',  ( 9.000000000000001776, -1.199999999999999734, -9.000000000000000000 ) ) ;
#5006 = CARTESIAN_POINT ( 'NONE',  ( 0.000000000000000000, 0.000000000000000000, 13.00000000000000000 ) ) ;
#5007 = LINE ( 'NONE', #1362, #6383 ) ;
#5008 = CARTESIAN_POINT ( 'NONE',  ( 0.000000000000000000, 0.000000000000000000, 3.200000000000000178 ) ) ;
#5009 = LINE ( 'NONE', #7929, #4672 ) ;
#5010 = CARTESIAN_POINT ( 'NONE',  ( 6.002643781541124213, 10.90000000000000213, 10.27512859442283144 ) ) ;
#5011 = VERTEX_POINT ( 'NONE', #4486 ) ;
#5012 = AXIS2_PLACEMENT_3D ( 'NONE', #2142, #2043, #4977 ) ;
#5013 = DIRECTION ( 'NONE',  ( 0.7071067811865463515, -0.7071067811865487940, 0.000000000000000000 ) ) ;
#5014 = LOCAL_TIME ( 22, 23, 34.00000000000000000, #6758 ) ;
#5015 = ORIENTED_EDGE ( 'NONE', *, *, #5734, .T. ) ;
#5016 = DIRECTION ( 'NONE',  ( -0.000000000000000000, 1.000000000000000000, -0.000000000000000000 ) ) ;
#5017 = DIRECTION ( 'NONE',  ( 0.000000000000000000, 0.000000000000000000, -1.000000000000000000 ) ) ;
#5018 = VECTOR ( 'NONE', #7037, 1000.000000000000114 ) ;
#5019 = LOCAL_TIME ( 22, 23, 34.00000000000000000, #5419 ) ;
#5020 = CARTESIAN_POINT ( 'NONE',  ( -12.69999999999996732, 14.74688021535169291, 8.868362600661530955E-14 ) ) ;
#5021 = VERTEX_POINT ( 'NONE', #7406 ) ;
#5022 = ORIENTED_EDGE ( 'NONE', *, *, #6158, .T. ) ;
#5023 = EDGE_LOOP ( 'NONE', ( #3751, #2524, #4077 ) ) ;
#5024 = CIRCLE ( 'NONE', #8234, 6.750000000000000888 ) ;
#5025 = FACE_OUTER_BOUND ( 'NONE', #9308, .T. ) ;
#5026 = CARTESIAN_POINT ( 'NONE',  ( 11.89999999999996305, 17.53937500000000327, -4.929141392239926311 ) ) ;
#5027 = CARTESIAN_POINT ( 'NONE',  ( 5.695225058835894139, 0.000000000000000000, 0.000000000000000000 ) ) ;
#5028 = FACE_OUTER_BOUND ( 'NONE', #7580, .T. ) ;
#5029 = FACE_OUTER_BOUND ( 'NONE', #5680, .T. ) ;
#5030 = FACE_OUTER_BOUND ( 'NONE', #4312, .T. ) ;
#5031 = AXIS2_PLACEMENT_3D ( 'NONE', #1715, #8970, #8238 ) ;
#5032 = ITEM_DEFINED_TRANSFORMATION ( 'NONE', 'NONE', #5375,  #3836 ) ;
#5033 = EDGE_LOOP ( 'NONE', ( #9164, #3207 ) ) ;
#5034 = EDGE_CURVE ( 'NONE', #2149, #3577, #381, .T. ) ;
#5035 = ORIENTED_EDGE ( 'NONE', *, *, #8209, .T. ) ;
#5036 = CARTESIAN_POINT ( 'NONE',  ( 43.59999999999999432, 0.000000000000000000, 15.00000000000000000 ) ) ;
#5037 = ADVANCED_FACE ( 'NONE', ( #4092, #1175, #1081, #6310 ), #8420, .T. ) ;
#5038 = CARTESIAN_POINT ( 'NONE',  ( 11.35245022779973212, 17.62895191620996371, -4.124387511734449951 ) ) ;
#5039 = CIRCLE ( 'NONE', #4112, 12.53589838486231578 ) ;
#5040 = CARTESIAN_POINT ( 'NONE',  ( -12.82664718204931198, 13.62937500000001556, 5.312971222579581543 ) ) ;
#5041 = SECURITY_CLASSIFICATION_LEVEL ( 'unclassified' ) ;
#5042 = CARTESIAN_POINT ( 'NONE',  ( 1.026685611952905444E-14, 11.70000000000001883, 0.000000000000000000 ) ) ;
#5043 = EDGE_CURVE ( 'NONE', #3620, #6655, #7389, .T. ) ;
#5044 = AXIS2_PLACEMENT_3D ( 'NONE', #6464, #5746, #6370 ) ;
#5045 = CARTESIAN_POINT ( 'NONE',  ( -12.82664718204935106, 12.28000000000001890, 8.956799855210031952E-14 ) ) ;
#5046 = ORIENTED_EDGE ( 'NONE', *, *, #6267, .F. ) ;
#5047 = ORIENTED_EDGE ( 'NONE', *, *, #4430, .T. ) ;
#5048 = EDGE_CURVE ( 'NONE', #3811, #6071, #3587, .T. ) ;
#5049 = CARTESIAN_POINT ( 'NONE',  ( 39.00000000000000000, 8.266365894244635319E-16, -6.750000000000000888 ) ) ;
#5050 = AXIS2_PLACEMENT_3D ( 'NONE', #7067, #1946, #7799 ) ;
#5051 = DIRECTION ( 'NONE',  ( -1.000000000000000000, 0.000000000000000000, 0.000000000000000000 ) ) ;
#5052 = FACE_OUTER_BOUND ( 'NONE', #6414, .T. ) ;
#5053 = FACE_OUTER_BOUND ( 'NONE', #5778, .T. ) ;
#5054 = DIRECTION ( 'NONE',  ( 0.000000000000000000, 0.000000000000000000, 1.000000000000000000 ) ) ;
#5055 = CARTESIAN_POINT ( 'NONE',  ( 13.19999999999999396, 8.899999999999995026, 13.19999999999999751 ) ) ;
#5056 = CARTESIAN_POINT ( 'NONE',  ( 0.000000000000000000, 0.000000000000000000, 14.00000000000000000 ) ) ;
#5057 = ADVANCED_FACE ( 'NONE', ( #367 ), #4721, .T. ) ;
#5058 = EDGE_CURVE ( 'NONE', #4393, #5832, #1142, .T. ) ;
#5059 = ORIENTED_EDGE ( 'NONE', *, *, #8200, .F. ) ;
#5060 = AXIS2_PLACEMENT_3D ( 'NONE', #7242, #2165, #8838 ) ;
#5061 = DIRECTION ( 'NONE',  ( -0.000000000000000000, -0.000000000000000000, -1.000000000000000000 ) ) ;
#5062 = EDGE_LOOP ( 'NONE', ( #2811, #6689, #8430, #2194 ) ) ;
#5063 = CARTESIAN_POINT ( 'NONE',  ( 12.56412585201709753, -2.009527318423363074, -9.246769250645094473 ) ) ;
#5064 = DIRECTION ( 'NONE',  ( 1.000000000000000000, -8.746504920891471725E-16, 0.000000000000000000 ) ) ;
#5065 = AXIS2_PLACEMENT_3D ( 'NONE', #942, #3865, #6781 ) ;
#5066 = CARTESIAN_POINT ( 'NONE',  ( 34.10000000000000142, 0.000000000000000000, 2.700000000000001510 ) ) ;
#5067 = ORIENTED_EDGE ( 'NONE', *, *, #3692, .T. ) ;
#5068 = ORIENTED_EDGE ( 'NONE', *, *, #178, .T. ) ;
#5069 = EDGE_LOOP ( 'NONE', ( #7619, #1930, #3008, #5133 ) ) ;
#5070 = ORGANIZATION ( '未指定', '未指定', '' ) ;
#5071 = DIRECTION ( 'NONE',  ( -1.000000000000000000, -0.000000000000000000, -0.000000000000000000 ) ) ;
#5072 = CARTESIAN_POINT ( 'NONE',  ( -11.90000000000003233, 11.66562500000001812, -4.929141392239748676 ) ) ;
#5073 = CARTESIAN_POINT ( 'NONE',  ( 34.10000000000000142, 0.000000000000000000, 0.000000000000000000 ) ) ;
#5074 = CARTESIAN_POINT ( 'NONE',  ( 12.69999999999991758, 15.60749478464833295, -5.260512242138399408 ) ) ;
#5075 = PLANE ( 'NONE',  #2764 ) ;
#5076 = CARTESIAN_POINT ( 'NONE',  ( 9.000000000000001776, -10.80000000000000604, -9.000000000000000000 ) ) ;
#5077 = VERTEX_POINT ( 'NONE', #5398 ) ;
#5078 = ORIENTED_EDGE ( 'NONE', *, *, #637, .T. ) ;
#5079 = DIRECTION ( 'NONE',  ( 4.205219310670844307E-16, 0.000000000000000000, 1.000000000000000000 ) ) ;
#5080 = VECTOR ( 'NONE', #6665, 1000.000000000000000 ) ;
#5081 = CARTESIAN_POINT ( 'NONE',  ( -14.28999999999999915, -1.253317003632668403, -1.050702047291428354 ) ) ;
#5082 = SHAPE_REPRESENTATION ( '316L-DV12A-KF16FT4-KF25-NC-HP', ( #7203, #7664, #3535, #7507, #8902, #1084, #5375, #4757 ), #176 ) ;
#5083 = CARTESIAN_POINT ( 'NONE',  ( 5.312971222579394137, 16.96312500000000867, -12.82664718204939014 ) ) ;
#5084 = PRODUCT ( '316L-FT4-TB4-05-HP', '316L-FT4-TB4-05-HP', '', ( #1303 ) ) ;
#5085 = AXIS2_PLACEMENT_3D ( 'NONE', #7463, #2071, #597 ) ;
#5086 = DATE_AND_TIME ( #3780, #8073 ) ;
#5087 = CC_DESIGN_PERSON_AND_ORGANIZATION_ASSIGNMENT ( #2303, #869, ( #9460 ) ) ;
#5088 = ADVANCED_FACE ( 'NONE', ( #7693 ), #1035, .T. ) ;
#5089 = DIRECTION ( 'NONE',  ( -1.000000000000000000, 8.195543980992796558E-16, 0.000000000000000000 ) ) ;
#5090 = CARTESIAN_POINT ( 'NONE',  ( -12.82664718204931198, 14.89937500000001336, 5.312971222579581543 ) ) ;
#5091 = ORIENTED_EDGE ( 'NONE', *, *, #7188, .T. ) ;
#5092 = ORIENTED_EDGE ( 'NONE', *, *, #7624, .F. ) ;
#5093 = DIRECTION ( 'NONE',  ( -1.000000000000000000, -0.000000000000000000, -0.000000000000000000 ) ) ;
#5094 = EDGE_CURVE ( 'NONE', #204, #8754, #3314, .T. ) ;
#5095 = CARTESIAN_POINT ( 'NONE',  ( -9.000000000000005329, 0.3021515475689004471, 9.000000000000000000 ) ) ;
#5096 = CARTESIAN_POINT ( 'NONE',  ( 1.714505518806294638E-15, -1.201236941557884519, -14.00000000000000000 ) ) ;
#5097 = DIRECTION ( 'NONE',  ( 1.000000000000000000, 0.000000000000000000, 0.000000000000000000 ) ) ;
#5098 = CIRCLE ( 'NONE', #207, 4.688733431983859390 ) ;
#5099 = ADVANCED_FACE ( 'NONE', ( #3332, #7590 ), #6262, .F. ) ;
#5100 = CARTESIAN_POINT ( 'NONE',  ( 14.28999999999999737, -2.578957854155721483E-31, -6.257467538869061485 ) ) ;
#5101 = DIRECTION ( 'NONE',  ( -0.000000000000000000, 1.000000000000000000, -0.000000000000000000 ) ) ;
#5102 = MANIFOLD_SOLID_BREP ( '切除-拉伸2', #1449 ) ;
#5103 = ORIENTED_EDGE ( 'NONE', *, *, #7208, .T. ) ;
#5104 = DIRECTION ( 'NONE',  ( 0.000000000000000000, 0.000000000000000000, -1.000000000000000000 ) ) ;
#5105 = ORIENTED_EDGE ( 'NONE', *, *, #2629, .F. ) ;
#5106 = CIRCLE ( 'NONE', #6782, 3.174999999999999822 ) ;
#5107 = EDGE_CURVE ( 'NONE', #1953, #5690, #5940, .T. ) ;
#5108 = EDGE_CURVE ( 'NONE', #8285, #8521, #9479, .T. ) ;
#5109 = CYLINDRICAL_SURFACE ( 'NONE', #3055, 2.299999999999999822 ) ;
#5110 = DIRECTION ( 'NONE',  ( -0.5000000000000003331, 0.000000000000000000, -0.8660254037844385966 ) ) ;
#5111 = CARTESIAN_POINT ( 'NONE',  ( 5.000000000000000000, 8.248891971046779403, -4.762500000000000178 ) ) ;
#5112 = ORIENTED_EDGE ( 'NONE', *, *, #5531, .F. ) ;
#5113 = ORIENTED_EDGE ( 'NONE', *, *, #820, .T. ) ;
#5114 = ORIENTED_EDGE ( 'NONE', *, *, #660, .T. ) ;
#5115 = DIRECTION ( 'NONE',  ( 0.000000000000000000, 0.000000000000000000, 1.000000000000000000 ) ) ;
#5116 = DIRECTION ( 'NONE',  ( -0.000000000000000000, 1.000000000000000000, -0.000000000000000000 ) ) ;
#5117 = AXIS2_PLACEMENT_3D ( 'NONE', #7620, #9226, #2628 ) ;
#5118 = DIRECTION ( 'NONE',  ( -1.000000000000000000, -0.000000000000000000, -0.000000000000000000 ) ) ;
#5119 = CARTESIAN_POINT ( 'NONE',  ( -12.70000000000004903, 16.08374478464832791, -5.260512242138164041 ) ) ;
#5120 = LINE ( 'NONE', #2959, #169 ) ;
#5121 = CARTESIAN_POINT ( 'NONE',  ( 1.122512155537489559E-13, 16.94250000000000966, 11.89999999999999858 ) ) ;
#5122 = PERSON_AND_ORGANIZATION ( #4715, #8736 ) ;
#5123 = ORIENTED_EDGE ( 'NONE', *, *, #1057, .T. ) ;
#5124 = VECTOR ( 'NONE', #7332, 1000.000000000000000 ) ;
#5125 = FACE_OUTER_BOUND ( 'NONE', #2531, .T. ) ;
#5126 = CARTESIAN_POINT ( 'NONE',  ( -12.82664718204939014, 12.20062500000002004, -5.312971222579394137 ) ) ;
#5127 = CIRCLE ( 'NONE', #6646, 11.69999999999998863 ) ;
#5128 = COORDINATED_UNIVERSAL_TIME_OFFSET ( 8, 0, .AHEAD. ) ;
#5129 = CARTESIAN_POINT ( 'NONE',  ( 2.571758278209441267E-15, 34.29999999999999716, 20.24999999999999645 ) ) ;
#5130 = EDGE_LOOP ( 'NONE', ( #2283, #5113 ) ) ;
#5131 = B_SPLINE_CURVE_WITH_KNOTS ( 'NONE', 3,
 ( #6053, #6007, #8204, #3839, #8936, #6756 ),
 .UNSPECIFIED., .F., .F.,
 ( 4, 2, 4 ),
 ( 2.309401076763871681E-07, 0.002749861597123267644, 0.005499492254138860919 ),
 .UNSPECIFIED. ) ;
#5132 = CARTESIAN_POINT ( 'NONE',  ( 12.82664718204931376, 15.53437500000001492, -5.312971222579575326 ) ) ;
#5133 = ORIENTED_EDGE ( 'NONE', *, *, #2116, .F. ) ;
#5134 = AXIS2_PLACEMENT_3D ( 'NONE', #7451, #4424, #2900 ) ;
#5135 = CIRCLE ( 'NONE', #547, 3.174999999999999822 ) ;
#5136 = DIRECTION ( 'NONE',  ( -0.000000000000000000, -1.000000000000000000, -0.000000000000000000 ) ) ;
#5137 = DIRECTION ( 'NONE',  ( 0.000000000000000000, 0.000000000000000000, 1.000000000000000000 ) ) ;
#5138 = PRODUCT_DEFINITION ( '未知', '', #7924, #4496 ) ;
#5139 = CARTESIAN_POINT ( 'NONE',  ( 11.89999999999996483, 13.52937500000001769, -4.929141392239915653 ) ) ;
#5140 = LINE ( 'NONE', #5907, #3522 ) ;
#5141 = CARTESIAN_POINT ( 'NONE',  ( 5.299999999999998934, 9.919639073093559228E-16, -8.099999999999999645 ) ) ;
#5142 = DIRECTION ( 'NONE',  ( 1.000000000000000000, -8.775090700452167223E-16, 0.000000000000000000 ) ) ;
#5143 = PERSON_AND_ORGANIZATION ( #5176, #5070 ) ;
#5144 = VECTOR ( 'NONE', #3173, 1000.000000000000114 ) ;
#5145 = CARTESIAN_POINT ( 'NONE',  ( 0.000000000000000000, -8.248891971046781180, 4.762500000000002842 ) ) ;
#5146 = ORIENTED_EDGE ( 'NONE', *, *, #9218, .T. ) ;
#5147 = EDGE_CURVE ( 'NONE', #2161, #3723, #1747, .T. ) ;
#5148 = CARTESIAN_POINT ( 'NONE',  ( 12.02785908391387792, 11.29655451558038237, 2.610184756902396597 ) ) ;
#5149 = ORIENTED_EDGE ( 'NONE', *, *, #7303, .T. ) ;
#5150 = EDGE_CURVE ( 'NONE', #8671, #8408, #5328, .T. ) ;
#5151 = DIRECTION ( 'NONE',  ( -0.000000000000000000, 1.000000000000000000, 1.224646799147353207E-16 ) ) ;
#5152 = DIRECTION ( 'NONE',  ( 0.000000000000000000, 0.000000000000000000, 1.000000000000000000 ) ) ;
#5153 = LINE ( 'NONE', #7348, #1448 ) ;
#5154 = LOCAL_TIME ( 22, 23, 34.00000000000000000, #3548 ) ;
#5155 = VERTEX_POINT ( 'NONE', #7250 ) ;
#5156 = EDGE_CURVE ( 'NONE', #466, #8136, #7783, .T. ) ;
#5157 = EDGE_LOOP ( 'NONE', ( #3116, #4576, #6978, #2088 ) ) ;
#5158 = ADVANCED_FACE ( 'NONE', ( #4285 ), #648, .F. ) ;
#5159 = ORIENTED_EDGE ( 'NONE', *, *, #6669, .F. ) ;
#5160 = CARTESIAN_POINT ( 'NONE',  ( 31.20000000000000284, 0.000000000000000000, 0.000000000000000000 ) ) ;
#5161 = TOROIDAL_SURFACE ( 'NONE', #3017, 11.99999999999998757, 0.2999999999999999889 ) ;
#5162 = DIRECTION ( 'NONE',  ( -1.000000000000000000, -0.000000000000000000, -0.000000000000000000 ) ) ;
#5163 = CC_DESIGN_SECURITY_CLASSIFICATION ( #1492, ( #9488 ) ) ;
#5164 = DIRECTION ( 'NONE',  ( 0.000000000000000000, 0.000000000000000000, 1.000000000000000000 ) ) ;
#5165 = LINE ( 'NONE', #3674, #7076 ) ;
#5166 = CARTESIAN_POINT ( 'NONE',  ( 0.000000000000000000, -16.49876305844211544, 0.000000000000000000 ) ) ;
#5167 = CARTESIAN_POINT ( 'NONE',  ( -14.28999999999999737, -15.69047268157663666, 6.257467538869061485 ) ) ;
#5168 = ORIENTED_EDGE ( 'NONE', *, *, #9, .T. ) ;
#5169 = ADVANCED_FACE ( 'NONE', ( #3608 ), #438, .T. ) ;
#5170 = VERTEX_POINT ( 'NONE', #1410 ) ;
#5171 = VECTOR ( 'NONE', #7184, 1000.000000000000114 ) ;
#5172 = ADVANCED_FACE ( 'NONE', ( #6490 ), #1224, .T. ) ;
#5173 = CIRCLE ( 'NONE', #3642, 15.59999999999999964 ) ;
#5174 = ORIENTED_EDGE ( 'NONE', *, *, #9391, .T. ) ;
#5175 = CARTESIAN_POINT ( 'NONE',  ( -11.89999999999996660, 13.09437500000001720, 4.929141392239915653 ) ) ;
#5176 = PERSON ( '未指定', '未指定', '未指定', ('未指定'), ('未指定'), ('未指定') ) ;
#5177 = CARTESIAN_POINT ( 'NONE',  ( -12.82664718204931198, 11.08937500000002174, 5.312971222579581543 ) ) ;
#5178 = B_SPLINE_CURVE_WITH_KNOTS ( 'NONE', 3,
 ( #46, #5259, #8178, #2911, #7990, #6508, #840, #144, #7224, #5167 ),
 .UNSPECIFIED., .F., .F.,
 ( 4, 2, 2, 2, 4 ),
 ( 0.01365253889838268647, 0.01679346636150017696, 0.01993439382461766746, 0.02307532128773515795, 0.02621624875085264844 ),
 .UNSPECIFIED. ) ;
#5179 = PERSON_AND_ORGANIZATION ( #5176, #5070 ) ;
#5180 = CARTESIAN_POINT ( 'NONE',  ( -1.973462845978113611, 2.232007762856301536, -0.5733322165722793962 ) ) ;
#5181 = ORIENTED_EDGE ( 'NONE', *, *, #1412, .F. ) ;
#5182 = CARTESIAN_POINT ( 'NONE',  ( -8.414570696119854532, 18.25375000000000725, 8.414570696119975324 ) ) ;
#5183 = AXIS2_PLACEMENT_3D ( 'NONE', #747, #8813, #3668 ) ;
#5184 = ORIENTED_EDGE ( 'NONE', *, *, #7159, .F. ) ;
#5185 = FACE_OUTER_BOUND ( 'NONE', #3227, .T. ) ;
#5186 = CARTESIAN_POINT ( 'NONE',  ( -4.929141392239914765, 17.65687500000000654, -11.89999999999996483 ) ) ;
#5187 = CARTESIAN_POINT ( 'NONE',  ( -0.4999999999999998890, 0.000000000000000000, 0.000000000000000000 ) ) ;
#5188 = DIRECTION ( 'NONE',  ( 0.000000000000000000, 0.000000000000000000, 1.000000000000000000 ) ) ;
#5189 = TOROIDAL_SURFACE ( 'NONE', #4891, 3.675000000000004707, 0.5000000000000002220 ) ;
#5190 = PERSON_AND_ORGANIZATION_ROLE ( 'design_supplier' ) ;
#5191 = CARTESIAN_POINT ( 'NONE',  ( 43.59999999999999432, 1.053196247266724089E-15, -8.600000000000003197 ) ) ;
#5192 = FACE_OUTER_BOUND ( 'NONE', #8492, .T. ) ;
#5193 = MANIFOLD_SOLID_BREP ( '旋转1', #5743 ) ;
#5194 = VERTEX_POINT ( 'NONE', #2756 ) ;
#5195 = CARTESIAN_POINT ( 'NONE',  ( 36.29999999999999716, 0.000000000000000000, 0.000000000000000000 ) ) ;
#5196 = EDGE_LOOP ( 'NONE', ( #9261, #943, #5888, #8444 ) ) ;
#5197 = VECTOR ( 'NONE', #7254, 1000.000000000000000 ) ;
#5198 = LINE ( 'NONE', #6159, #74 ) ;
#5199 = CARTESIAN_POINT ( 'NONE',  ( 0.3948291982182982052, 5.499261314031189229, -9.524999999999996803 ) ) ;
#5200 = ADVANCED_FACE ( 'NONE', ( #7884, #7975 ), #4326, .T. ) ;
#5201 = DIRECTION ( 'NONE',  ( 1.000000000000000000, 0.000000000000000000, 0.000000000000000000 ) ) ;
#5202 = DIRECTION ( 'NONE',  ( 0.000000000000000000, 0.000000000000000000, 1.000000000000000000 ) ) ;
#5203 = VECTOR ( 'NONE', #3464, 1000.000000000000000 ) ;
#5204 = PRODUCT_DEFINITION ( '未知', '', #3472, #2479 ) ;
#5205 = EDGE_CURVE ( 'NONE', #5561, #2481, #2409, .T. ) ;
#5206 = ORIENTED_EDGE ( 'NONE', *, *, #6096, .T. ) ;
#5207 = EDGE_LOOP ( 'NONE', ( #6606, #6585, #8684, #2131 ) ) ;
#5208 = ORIENTED_EDGE ( 'NONE', *, *, #8253, .F. ) ;
#5209 = DIRECTION ( 'NONE',  ( -1.000000000000000000, -0.000000000000000000, -0.000000000000000000 ) ) ;
#5210 = CC_DESIGN_APPROVAL ( #8364, ( #3824 ) ) ;
#5211 = AXIS2_PLACEMENT_3D ( 'NONE', #2236, #2910, #8771 ) ;
#5212 = CARTESIAN_POINT ( 'NONE',  ( -8.965523947390061453E-14, 17.77750000000000341, -11.89999999999999858 ) ) ;
#5213 = LINE ( 'NONE', #8125, #8570 ) ;
#5214 = EDGE_CURVE ( 'NONE', #5667, #8445, #5173, .T. ) ;
#5215 = CARTESIAN_POINT ( 'NONE',  ( -12.69999999999996909, 16.16311978464833388, 8.868362600661534741E-14 ) ) ;
#5216 = DIRECTION ( 'NONE',  ( 0.000000000000000000, 0.000000000000000000, 1.000000000000000000 ) ) ;
#5217 = FACE_OUTER_BOUND ( 'NONE', #5308, .T. ) ;
#5218 = ADVANCED_FACE ( 'NONE', ( #3523, #6355 ), #4913, .F. ) ;
#5219 = EDGE_LOOP ( 'NONE', ( #956, #3161, #181 ) ) ;
#5220 = ORIENTED_EDGE ( 'NONE', *, *, #5987, .T. ) ;
#5221 = EDGE_LOOP ( 'NONE', ( #9141, #3665, #6875, #37, #4622, #1788 ) ) ;
#5222 = CARTESIAN_POINT ( 'NONE',  ( 43.60000000000000142, 0.000000000000000000, 0.000000000000000000 ) ) ;
#5223 = DIRECTION ( 'NONE',  ( 0.000000000000000000, 0.000000000000000000, 1.000000000000000000 ) ) ;
#5224 = EDGE_CURVE ( 'NONE', #1912, #5575, #2881, .T. ) ;
#5225 = DIRECTION ( 'NONE',  ( 0.000000000000000000, 0.000000000000000000, 1.000000000000000000 ) ) ;
#5226 = EDGE_CURVE ( 'NONE', #9482, #8232, #2111, .T. ) ;
#5227 = CALENDAR_DATE ( 2025, 13, 3 ) ;
#5228 = DIRECTION ( 'NONE',  ( 0.000000000000000000, 0.000000000000000000, 1.000000000000000000 ) ) ;
#5229 = ORIENTED_EDGE ( 'NONE', *, *, #2438, .T. ) ;
#5230 = VERTEX_POINT ( 'NONE', #8567 ) ;
#5231 = CARTESIAN_POINT ( 'NONE',  ( -11.89999999999996305, 18.17437500000000483, 4.929141392239922759 ) ) ;
#5232 = ORIENTED_EDGE ( 'NONE', *, *, #7356, .F. ) ;
#5233 = LINE ( 'NONE', #6571, #5316 ) ;
#5234 = CIRCLE ( 'NONE', #1099, 13.70000000000000107 ) ;
#5235 = CARTESIAN_POINT ( 'NONE',  ( 8.528325040094458741E-14, 16.94250000000000966, 11.89999999999999858 ) ) ;
#5236 = DIRECTION ( 'NONE',  ( -1.000000000000000000, -0.000000000000000000, -0.000000000000000000 ) ) ;
#5237 = DIRECTION ( 'NONE',  ( 9.614813431917856060E-17, 0.7071067811865487940, -0.7071067811865463515 ) ) ;
#5238 = CARTESIAN_POINT ( 'NONE',  ( 0.000000000000000000, 0.000000000000000000, 0.000000000000000000 ) ) ;
#5239 = APPROVAL_DATE_TIME ( #3746, #230 ) ;
#5240 = CARTESIAN_POINT ( 'NONE',  ( 12.69999999999990692, 12.92125521535169597, -5.260512242138404737 ) ) ;
#5241 = DIRECTION ( 'NONE',  ( -1.000000000000000000, 0.000000000000000000, 0.000000000000000000 ) ) ;
#5242 = VERTEX_POINT ( 'NONE', #1987 ) ;
#5243 = FACE_OUTER_BOUND ( 'NONE', #2421, .T. ) ;
#5244 = EDGE_LOOP ( 'NONE', ( #6931, #1839 ) ) ;
#5245 = DIRECTION ( 'NONE',  ( 0.000000000000000000, -1.224646799147351235E-16, 1.000000000000000000 ) ) ;
#5246 = CIRCLE ( 'NONE', #8480, 11.29999999999998472 ) ;
#5247 = CARTESIAN_POINT ( 'NONE',  ( 2.475000000000000089, 3.031000827889698763E-16, 0.000000000000000000 ) ) ;
#5248 = CARTESIAN_POINT ( 'NONE',  ( 1.561966144680487038E-14, 17.80000000000001137, 0.000000000000000000 ) ) ;
#5249 = CYLINDRICAL_SURFACE ( 'NONE', #6653, 3.174999999999999822 ) ;
#5250 = EDGE_LOOP ( 'NONE', ( #2431, #9393, #6913, #8237 ) ) ;
#5251 = VERTEX_POINT ( 'NONE', #9392 ) ;
#5252 = ORIENTED_EDGE ( 'NONE', *, *, #1508, .F. ) ;
#5253 = CARTESIAN_POINT ( 'NONE',  ( 5.000000000000000000, 5.499261314031190118, 9.525000000000002132 ) ) ;
#5254 = DIRECTION ( 'NONE',  ( 2.472095916682999265E-15, 0.7071067811865474617, -0.7071067811865474617 ) ) ;
#5255 = CC_DESIGN_PERSON_AND_ORGANIZATION_ASSIGNMENT ( #4402, #8097, ( #2391 ) ) ;
#5256 = DIRECTION ( 'NONE',  ( 1.000000000000000000, 1.231304080816852664E-16, -0.000000000000000000 ) ) ;
#5257 = DIRECTION ( 'NONE',  ( -1.000000000000000000, 0.000000000000000000, 0.000000000000000000 ) ) ;
#5258 = CARTESIAN_POINT ( 'NONE',  ( 24.00000000000000000, 0.000000000000000000, 3.174999999999999822 ) ) ;
#5259 = CARTESIAN_POINT ( 'NONE',  ( -14.29000000000000803, -15.92822258487681886, -5.230854042680644689 ) ) ;
#5260 = ORIENTED_EDGE ( 'NONE', *, *, #414, .F. ) ;
#5261 = ORIENTED_EDGE ( 'NONE', *, *, #2376, .T. ) ;
#5262 = VERTEX_POINT ( 'NONE', #7835 ) ;
#5263 = EDGE_CURVE ( 'NONE', #7331, #1800, #1268, .T. ) ;
#5264 = AXIS2_PLACEMENT_3D ( 'NONE', #6428, #7866, #587 ) ;
#5265 = DIRECTION ( 'NONE',  ( 0.000000000000000000, -1.000000000000000000, 0.000000000000000000 ) ) ;
#5266 = CARTESIAN_POINT ( 'NONE',  ( 0.03610103003384609877, -7.332348418708248161, -6.349999999999998757 ) ) ;
#5267 = EDGE_CURVE ( 'NONE', #4818, #5975, #1624, .T. ) ;
#5268 = DIRECTION ( 'NONE',  ( -0.7071067811865475727, 0.7071067811865475727, 0.000000000000000000 ) ) ;
#5269 = DIRECTION ( 'NONE',  ( -8.775090700452169195E-16, -1.000000000000000000, -0.000000000000000000 ) ) ;
#5270 = COORDINATED_UNIVERSAL_TIME_OFFSET ( 8, 0, .AHEAD. ) ;
#5271 = CIRCLE ( 'NONE', #3893, 15.00000000000000000 ) ;
#5272 = CARTESIAN_POINT ( 'NONE',  ( 4.999999999999997335, 0.000000000000000000, 0.000000000000000000 ) ) ;
#5273 = ORIENTED_EDGE ( 'NONE', *, *, #9106, .T. ) ;
#5274 = CARTESIAN_POINT ( 'NONE',  ( -8.382592070995921138E-14, 20.31750000000000256, -11.89999999999999858 ) ) ;
#5275 = EDGE_CURVE ( 'NONE', #8579, #3010, #2800, .T. ) ;
#5276 = ADVANCED_FACE ( 'NONE', ( #2027 ), #4960, .T. ) ;
#5277 = EDGE_LOOP ( 'NONE', ( #7042, #6715 ) ) ;
#5278 = DIRECTION ( 'NONE',  ( -1.000000000000000000, -0.000000000000000000, -0.000000000000000000 ) ) ;
#5279 = AXIS2_PLACEMENT_3D ( 'NONE', #8005, #2250, #8149 ) ;
#5280 = CARTESIAN_POINT ( 'NONE',  ( -8.382592070995923663E-14, 15.03750000000001208, -11.89999999999999858 ) ) ;
#5281 = CARTESIAN_POINT ( 'NONE',  ( 11.89999999999999858, 14.92000000000001236, -9.621322308333469308E-14 ) ) ;
#5282 = CARTESIAN_POINT ( 'NONE',  ( 1.738998454789241549E-15, -16.49876305844211544, -14.19999999999999751 ) ) ;
#5283 = CARTESIAN_POINT ( 'NONE',  ( 7.349999999999998757, -2.300000000000002931, 2.816687638038912056E-16 ) ) ;
#5284 = APPROVAL_ROLE ( '' ) ;
#5285 = CARTESIAN_POINT ( 'NONE',  ( -12.94999999999999218, -11.19999999999999929, -13.44999999999999929 ) ) ;
#5286 = CARTESIAN_POINT ( 'NONE',  ( 11.89688633677840457, 10.90214190883777867, 0.4091236347429801357 ) ) ;
#5287 = ORIENTED_EDGE ( 'NONE', *, *, #4271, .T. ) ;
#5288 = ORIENTED_EDGE ( 'NONE', *, *, #9439, .F. ) ;
#5289 = CARTESIAN_POINT ( 'NONE',  ( 33.49999999999999289, 0.000000000000000000, 0.000000000000000000 ) ) ;
#5290 = ADVANCED_BREP_SHAPE_REPRESENTATION ( '', ( #2193, #3836 ), #9373 ) ;
#5291 = AXIS2_PLACEMENT_3D ( 'NONE', #153, #3070, #8245 ) ;
#5292 = DIRECTION ( 'NONE',  ( -0.000000000000000000, 0.000000000000000000, -1.000000000000000000 ) ) ;
#5293 = DIRECTION ( 'NONE',  ( 0.5773502691896258421, 0.5773502691896258421, -0.5773502691896258421 ) ) ;
#5294 = DIRECTION ( 'NONE',  ( 1.000000000000000000, -8.775090700452169195E-16, 0.000000000000000000 ) ) ;
#5295 = FACE_OUTER_BOUND ( 'NONE', #9181, .T. ) ;
#5296 = VERTEX_POINT ( 'NONE', #7205 ) ;
#5297 = VERTEX_POINT ( 'NONE', #4419 ) ;
#5298 = VERTEX_POINT ( 'NONE', #7483 ) ;
#5299 = DIRECTION ( 'NONE',  ( 0.000000000000000000, 0.000000000000000000, 1.000000000000000000 ) ) ;
#5300 = DIRECTION ( 'NONE',  ( -0.000000000000000000, 1.000000000000000000, -0.000000000000000000 ) ) ;
#5301 = CARTESIAN_POINT ( 'NONE',  ( -9.000000000000001776, -11.19999999999999929, 9.000000000000000000 ) ) ;
#5302 = PLANE ( 'NONE',  #5720 ) ;
#5303 = AXIS2_PLACEMENT_3D ( 'NONE', #7164, #690, #9298 ) ;
#5304 = DIRECTION ( 'NONE',  ( 0.000000000000000000, 0.000000000000000000, 1.000000000000000000 ) ) ;
#5305 = CARTESIAN_POINT ( 'NONE',  ( 0.000000000000000000, 0.000000000000000000, 0.000000000000000000 ) ) ;
#5306 = ORIENTED_EDGE ( 'NONE', *, *, #7146, .F. ) ;
#5307 = ORIENTED_EDGE ( 'NONE', *, *, #1650, .T. ) ;
#5308 = EDGE_LOOP ( 'NONE', ( #8954, #3246, #4788 ) ) ;
#5309 = AXIS2_PLACEMENT_3D ( 'NONE', #3939, #4517, #7431 ) ;
#5310 = LOCAL_TIME ( 22, 23, 34.00000000000000000, #3888 ) ;
#5311 = DIRECTION ( 'NONE',  ( 0.000000000000000000, 1.000000000000000000, 0.000000000000000000 ) ) ;
#5312 = CARTESIAN_POINT ( 'NONE',  ( -12.82664718204939014, 10.93062500000002402, -5.312971222579394137 ) ) ;
#5313 = DIRECTION ( 'NONE',  ( -0.000000000000000000, 1.000000000000000000, -0.000000000000000000 ) ) ;
#5314 = DIRECTION ( 'NONE',  ( -1.000000000000000000, -0.000000000000000000, -0.000000000000000000 ) ) ;
#5315 = EDGE_CURVE ( 'NONE', #8898, #1653, #1452, .T. ) ;
#5316 = VECTOR ( 'NONE', #2298, 1000.000000000000114 ) ;
#5317 = SHAPE_DEFINITION_REPRESENTATION ( #40, #8014 ) ;
#5318 = CC_DESIGN_SECURITY_CLASSIFICATION ( #2721, ( #9490 ) ) ;
#5319 = DIRECTION ( 'NONE',  ( 1.000000000000000000, 0.000000000000000000, 0.000000000000000000 ) ) ;
#5320 = ORIENTED_EDGE ( 'NONE', *, *, #6152, .T. ) ;
#5321 = ORIENTED_EDGE ( 'NONE', *, *, #13, .F. ) ;
#5322 = CC_DESIGN_PERSON_AND_ORGANIZATION_ASSIGNMENT ( #1899, #1995, ( #1344 ) ) ;
#5323 = CARTESIAN_POINT ( 'NONE',  ( -11.89999999999999858, 19.36500000000000199, 8.309725586446653599E-14 ) ) ;
#5324 = EDGE_CURVE ( 'NONE', #9123, #3573, #8711, .T. ) ;
#5325 = CARTESIAN_POINT ( 'NONE',  ( -4.049851315911909388, 11.15096815843231148, -11.46306064111923639 ) ) ;
#5326 = CARTESIAN_POINT ( 'NONE',  ( 11.51687670745691427, 11.59836798052948303, -5.149653555048293363 ) ) ;
#5327 = AXIS2_PLACEMENT_3D ( 'NONE', #1491, #159, #7422 ) ;
#5328 = CIRCLE ( 'NONE', #4072, 13.10000000000000142 ) ;
#5329 = CARTESIAN_POINT ( 'NONE',  ( -11.89999999999996305, 14.16437500000001393, 4.929141392239922759 ) ) ;
#5330 = DIRECTION ( 'NONE',  ( 0.000000000000000000, 0.000000000000000000, 1.000000000000000000 ) ) ;
#5331 = DIRECTION ( 'NONE',  ( -1.000000000000000000, 0.000000000000000000, -0.000000000000000000 ) ) ;
#5332 = ADVANCED_FACE ( 'NONE', ( #823 ), #7930, .T. ) ;
#5333 = CARTESIAN_POINT ( 'NONE',  ( 24.00000000000000000, 0.000000000000000000, 0.000000000000000000 ) ) ;
#5334 = CALENDAR_DATE ( 2025, 13, 3 ) ;
#5335 = CARTESIAN_POINT ( 'NONE',  ( 13.44999999999999929, -11.19999999999999751, 12.94999999999999218 ) ) ;
#5336 = DIRECTION ( 'NONE',  ( 0.000000000000000000, 0.000000000000000000, -1.000000000000000000 ) ) ;
#5337 = DIRECTION ( 'NONE',  ( -1.000000000000000000, 0.000000000000000000, 0.000000000000000000 ) ) ;
#5338 = VECTOR ( 'NONE', #7448, 1000.000000000000000 ) ;
#5339 = DIRECTION ( 'NONE',  ( 0.000000000000000000, 1.000000000000000000, 0.000000000000000000 ) ) ;
#5340 = EDGE_CURVE ( 'NONE', #354, #356, #8393, .T. ) ;
#5341 = DIRECTION ( 'NONE',  ( 0.000000000000000000, 0.000000000000000000, -1.000000000000000000 ) ) ;
#5342 = VERTEX_POINT ( 'NONE', #7386 ) ;
#5343 = CONICAL_SURFACE ( 'NONE', #2892, 2.499999999999998668, 1.029744258676653867 ) ;
#5344 = CARTESIAN_POINT ( 'NONE',  ( 0.000000000000000000, 1.500000000000000222, -21.75000000000000000 ) ) ;
#5345 = CARTESIAN_POINT ( 'NONE',  ( 4.827306843896884025, -3.670961952045459054, 9.525000000000002132 ) ) ;
#5346 = DIRECTION ( 'NONE',  ( 1.000000000000000000, -8.746504920891471725E-16, 0.000000000000000000 ) ) ;
#5347 = ADVANCED_FACE ( 'NONE', ( #736 ), #2219, .T. ) ;
#5348 = CARTESIAN_POINT ( 'NONE',  ( 9.000000000000001776, -11.19999999999999929, -9.000000000000000000 ) ) ;
#5349 = VERTEX_POINT ( 'NONE', #6714 ) ;
#5350 = AXIS2_PLACEMENT_3D ( 'NONE', #1659, #3144, #3999 ) ;
#5351 = DIRECTION ( 'NONE',  ( -1.000000000000000000, -0.000000000000000000, -0.000000000000000000 ) ) ;
#5352 = ORIENTED_EDGE ( 'NONE', *, *, #136, .F. ) ;
#5353 = CARTESIAN_POINT ( 'NONE',  ( 11.89999999999996305, 17.33937500000001108, -4.929141392239926311 ) ) ;
#5354 = CARTESIAN_POINT ( 'NONE',  ( -13.79999999999999893, -3.851286324154184305E-15, 0.000000000000000000 ) ) ;
#5355 = CARTESIAN_POINT ( 'NONE',  ( 40.92056046467595110, 0.000000000000000000, 14.70352761804100616 ) ) ;
#5356 = AXIS2_PLACEMENT_3D ( 'NONE', #8525, #2712, #8474 ) ;
#5357 = SHAPE_REPRESENTATION_RELATIONSHIP ( 'NONE' , 'NONE' ,  #8014, #8268 ) ;
#5358 = CARTESIAN_POINT ( 'NONE',  ( -4.929141392239720254, 13.05312500000001563, 11.90000000000003055 ) ) ;
#5359 = FACE_OUTER_BOUND ( 'NONE', #1149, .T. ) ;
#5360 = EDGE_LOOP ( 'NONE', ( #6016, #2744, #8027, #272 ) ) ;
#5361 = ORIENTED_EDGE ( 'NONE', *, *, #7844, .F. ) ;
#5362 = CARTESIAN_POINT ( 'NONE',  ( 13.19999999999999574, 8.899999999999993250, -13.19999999999999574 ) ) ;
#5363 = CIRCLE ( 'NONE', #1230, 14.00000000000000000 ) ;
#5364 = DIRECTION ( 'NONE',  ( 0.000000000000000000, 0.000000000000000000, 1.000000000000000000 ) ) ;
#5365 = CARTESIAN_POINT ( 'NONE',  ( -11.90000000000003233, 14.20562500000001194, -4.929141392239748676 ) ) ;
#5366 = DIRECTION ( 'NONE',  ( 1.000000000000000000, -8.775090700452169195E-16, 0.000000000000000000 ) ) ;
#5367 = CARTESIAN_POINT ( 'NONE',  ( 0.000000000000000000, 0.000000000000000000, 0.000000000000000000 ) ) ;
#5368 = APPROVAL_STATUS ( 'not_yet_approved' ) ;
#5369 = DIRECTION ( 'NONE',  ( -8.775090700452169195E-16, -1.000000000000000000, -0.000000000000000000 ) ) ;
#5370 = ORIENTED_EDGE ( 'NONE', *, *, #1057, .F. ) ;
#5371 = ORIENTED_EDGE ( 'NONE', *, *, #771, .F. ) ;
#5372 = CARTESIAN_POINT ( 'NONE',  ( 12.82664718204931376, 11.72437500000001975, -5.312971222579575326 ) ) ;
#5373 = CARTESIAN_POINT ( 'NONE',  ( 11.91445078399384272, 10.91445078399419266, -0.7949200099653150886 ) ) ;
#5374 = CARTESIAN_POINT ( 'NONE',  ( -9.438646482267330384, 17.27338775692442852, 8.123477795785547073 ) ) ;
#5375 = AXIS2_PLACEMENT_3D ( 'NONE', #1325, #515, #7801 ) ;
#5376 = CARTESIAN_POINT ( 'NONE',  ( 11.89999999999996483, 10.98937500000002032, -4.929141392239915653 ) ) ;
#5377 = CC_DESIGN_DATE_AND_TIME_ASSIGNMENT ( #6374, #9364, ( #2721 ) ) ;
#5378 = DIRECTION ( 'NONE',  ( 0.000000000000000000, 0.5000000000000008882, 0.8660254037844381525 ) ) ;
#5379 = ADVANCED_FACE ( 'NONE', ( #171 ), #3790, .T. ) ;
#5380 = CARTESIAN_POINT ( 'NONE',  ( 41.39999999999999858, 1.028703311283776586E-15, -8.199999999999997513 ) ) ;
#5381 = DIRECTION ( 'NONE',  ( -1.000000000000000000, -0.000000000000000000, -0.000000000000000000 ) ) ;
#5382 = APPROVAL_ROLE ( '' ) ;
#5383 = CARTESIAN_POINT ( 'NONE',  ( -8.946127672407389414E-14, 13.15938021535169611, -12.69999999999996732 ) ) ;
#5384 = CARTESIAN_POINT ( 'NONE',  ( -13.70000000000000107, -17.39999999999999858, 0.000000000000000000 ) ) ;
#5385 = CARTESIAN_POINT ( 'NONE',  ( 9.000000000000001776, -1.199999999999999734, -9.000000000000000000 ) ) ;
#5386 = AXIS2_PLACEMENT_3D ( 'NONE', #6248, #7100, #6386 ) ;
#5387 = ORIENTED_EDGE ( 'NONE', *, *, #8611, .F. ) ;
#5388 = EDGE_CURVE ( 'NONE', #517, #2161, #1350, .T. ) ;
#5389 = CARTESIAN_POINT ( 'NONE',  ( -0.9955261413690091876, 17.31046659159115464, -12.35680922885424593 ) ) ;
#5390 = CARTESIAN_POINT ( 'NONE',  ( 0.000000000000000000, 3.918869757271530460E-16, -3.200000000000000178 ) ) ;
#5391 = CARTESIAN_POINT ( 'NONE',  ( 4.727341836011849097, -4.587364300110931659, 9.525000000000002132 ) ) ;
#5392 = EDGE_CURVE ( 'NONE', #2560, #4302, #6580, .T. ) ;
#5393 = CARTESIAN_POINT ( 'NONE',  ( 0.000000000000000000, 3.888253587292846081E-16, -3.174999999999999822 ) ) ;
#5394 = AXIS2_PLACEMENT_3D ( 'NONE', #151, #8703, #6394 ) ;
#5395 = DIRECTION ( 'NONE',  ( -8.775090700452169195E-16, -1.000000000000000000, -0.000000000000000000 ) ) ;
#5396 = CYLINDRICAL_SURFACE ( 'NONE', #3754, 8.099999999999999645 ) ;
#5397 = ORIENTED_EDGE ( 'NONE', *, *, #4444, .T. ) ;
#5398 = CARTESIAN_POINT ( 'NONE',  ( 34.40000000000000568, 1.347111479062088405E-15, -11.00000000000000000 ) ) ;
#5399 = ORIENTED_EDGE ( 'NONE', *, *, #6037, .F. ) ;
#5400 = ADVANCED_FACE ( 'NONE', ( #8847, #3846 ), #9481, .T. ) ;
#5401 = ADVANCED_FACE ( 'NONE', ( #2174 ), #5825, .T. ) ;
#5402 = VECTOR ( 'NONE', #5748, 1000.000000000000114 ) ;
#5403 = CARTESIAN_POINT ( 'NONE',  ( 1.163823269527408271E-15, 7.790620194877515559, 5.556249999999999467 ) ) ;
#5404 = DIRECTION ( 'NONE',  ( -1.000000000000000000, -0.000000000000000000, -0.000000000000000000 ) ) ;
#5405 = DIRECTION ( 'NONE',  ( 0.000000000000000000, 1.000000000000000000, 0.000000000000000000 ) ) ;
#5406 =( NAMED_UNIT ( * ) SI_UNIT ( $, .STERADIAN. ) SOLID_ANGLE_UNIT ( ) );
#5407 = CARTESIAN_POINT ( 'NONE',  ( 34.40000000000000568, 5.499261314031191894, -9.524999999999998579 ) ) ;
#5408 = CARTESIAN_POINT ( 'NONE',  ( 4.999999999999998224, -7.790620194877515559, -5.556250000000000355 ) ) ;
#5409 = VECTOR ( 'NONE', #5454, 1000.000000000000000 ) ;
#5410 = VERTEX_POINT ( 'NONE', #8897 ) ;
#5411 = ORIENTED_EDGE ( 'NONE', *, *, #7851, .F. ) ;
#5412 = ORIENTED_EDGE ( 'NONE', *, *, #7475, .T. ) ;
#5413 = DIRECTION ( 'NONE',  ( 1.000000000000000000, 0.000000000000000000, 0.000000000000000000 ) ) ;
#5414 = CARTESIAN_POINT ( 'NONE',  ( 11.89999999999996483, 13.72937500000001343, -4.929141392239915653 ) ) ;
#5415 = AXIS2_PLACEMENT_3D ( 'NONE', #3465, #6258, #8416 ) ;
#5416 = CARTESIAN_POINT ( 'NONE',  ( 0.000000000000000000, -2.009527318423362185, 0.000000000000000000 ) ) ;
#5417 = CARTESIAN_POINT ( 'NONE',  ( 9.101657815899102548E-14, 13.79438021535169412, 12.69999999999996732 ) ) ;
#5418 = CARTESIAN_POINT ( 'NONE',  ( 5.049999999999999822, -3.227209084889968105E-15, 0.000000000000000000 ) ) ;
#5419 = COORDINATED_UNIVERSAL_TIME_OFFSET ( 8, 0, .AHEAD. ) ;
#5420 = CARTESIAN_POINT ( 'NONE',  ( 0.1726931561031162243, -3.670961952045460830, -9.524999999999998579 ) ) ;
#5421 = VERTEX_POINT ( 'NONE', #2307 ) ;
#5422 = ORIENTED_EDGE ( 'NONE', *, *, #6831, .T. ) ;
#5423 = AXIS2_PLACEMENT_3D ( 'NONE', #1062, #6340, #2589 ) ;
#5424 = CARTESIAN_POINT ( 'NONE',  ( 11.84398031207654256, 10.92280504338956781, -1.582650191422368291 ) ) ;
#5425 = FACE_OUTER_BOUND ( 'NONE', #6389, .T. ) ;
#5426 = CARTESIAN_POINT ( 'NONE',  ( -9.069809202314482732, 18.47125000000000838, -9.069809202314353058 ) ) ;
#5427 = AXIS2_PLACEMENT_3D ( 'NONE', #6718, #173, #3088 ) ;
#5428 = CARTESIAN_POINT ( 'NONE',  ( 39.00000000000000000, 1.361772093466496659E-15, 7.535898384862284693 ) ) ;
#5429 = DIRECTION ( 'NONE',  ( 1.000000000000000000, 0.000000000000000000, 0.000000000000000000 ) ) ;
#5430 = CARTESIAN_POINT ( 'NONE',  ( -14.28999999999999737, -17.69999999999999929, 8.250335346719758434 ) ) ;
#5431 = CALENDAR_DATE ( 2025, 13, 3 ) ;
#5432 = FACE_BOUND ( 'NONE', #1328, .T. ) ;
#5433 = CARTESIAN_POINT ( 'NONE',  ( 2.532823420761158656E-16, 1.042832680730699346, 2.050000000000001155 ) ) ;
#5434 = DIRECTION ( 'NONE',  ( -1.000000000000000000, 0.000000000000000000, 0.000000000000000000 ) ) ;
#5435 = FACE_OUTER_BOUND ( 'NONE', #6363, .T. ) ;
#5436 = CIRCLE ( 'NONE', #8659, 20.24999999999999645 ) ;
#5437 = VERTEX_POINT ( 'NONE', #2946 ) ;
#5438 = DIRECTION ( 'NONE',  ( -1.000000000000000000, -0.000000000000000000, -0.000000000000000000 ) ) ;
#5439 = FACE_OUTER_BOUND ( 'NONE', #234, .T. ) ;
#5440 = FACE_OUTER_BOUND ( 'NONE', #196, .T. ) ;
#5441 = CARTESIAN_POINT ( 'NONE',  ( -1.725874147982911611, -15.69047268157663666, 15.50423678951415951 ) ) ;
#5442 = AXIS2_PLACEMENT_3D ( 'NONE', #9438, #36, #8717 ) ;
#5443 = VECTOR ( 'NONE', #5773, 1000.000000000000000 ) ;
#5444 = DIRECTION ( 'NONE',  ( 0.000000000000000000, 0.000000000000000000, 1.000000000000000000 ) ) ;
#5445 = ADVANCED_FACE ( 'NONE', ( #5243 ), #5870, .T. ) ;
#5446 = ORIENTED_EDGE ( 'NONE', *, *, #3341, .T. ) ;
#5447 = DIRECTION ( 'NONE',  ( 0.000000000000000000, 0.000000000000000000, -1.000000000000000000 ) ) ;
#5448 = EDGE_LOOP ( 'NONE', ( #4537, #8366 ) ) ;
#5449 = ADVANCED_FACE ( 'NONE', ( #8994 ), #9091, .T. ) ;
#5450 = CIRCLE ( 'NONE', #242, 0.3999999999999975797 ) ;
#5451 = AXIS2_PLACEMENT_3D ( 'NONE', #4509, #212, #1635 ) ;
#5452 =( BOUNDED_CURVE ( )  B_SPLINE_CURVE ( 2, ( #3612, #1550, #7298, #6626, #6535, #828, #8071, #784, #740 ),
 .UNSPECIFIED., .F., .T. ) 
 B_SPLINE_CURVE_WITH_KNOTS ( ( 3, 2, 2, 2, 3 ),
 ( 0.1249999999999999306, 0.1406249999999999722, 0.1562500000000000000, 0.1718750000000000555, 0.1875000000000000833 ),
 .UNSPECIFIED. ) 
 CURVE ( )  GEOMETRIC_REPRESENTATION_ITEM ( )  RATIONAL_B_SPLINE_CURVE ( ( 1.000000000000000444, 0.9238795325112864054, 1.000000000000000000, 0.9238795325112867385, 1.000000000000000000, 0.9238795325112867385, 1.000000000000000000, 0.9238795325112862944, 1.000000000000000444 ) ) 
 REPRESENTATION_ITEM ( '' )  );
#5453 = CARTESIAN_POINT ( 'NONE',  ( -7.579319476895822305, -1.252722911093999025, 12.12474855317953981 ) ) ;
#5454 = DIRECTION ( 'NONE',  ( -0.000000000000000000, -1.000000000000000000, -0.000000000000000000 ) ) ;
#5455 = PLANE ( 'NONE',  #23 ) ;
#5456 = CARTESIAN_POINT ( 'NONE',  ( -4.929141392239767328, 14.52312500000001094, 11.90000000000001101 ) ) ;
#5457 = EDGE_CURVE ( 'NONE', #1040, #3901, #5465, .T. ) ;
#5458 = CARTESIAN_POINT ( 'NONE',  ( 8.414570696119978876, 13.49125000000001329, 8.414570696119850979 ) ) ;
#5459 = EDGE_CURVE ( 'NONE', #5021, #4947, #4555, .T. ) ;
#5460 = ORIENTED_EDGE ( 'NONE', *, *, #3179, .F. ) ;
#5461 = ORIENTED_EDGE ( 'NONE', *, *, #3616, .T. ) ;
#5462 = APPLICATION_CONTEXT ( 'configuration controlled 3d designs of mechanical parts and assemblies' ) ;
#5463 = EDGE_LOOP ( 'NONE', ( #3035, #1281, #6034, #3822 ) ) ;
#5464 = ADVANCED_FACE ( 'NONE', ( #5435 ), #7528, .T. ) ;
#5465 = B_SPLINE_CURVE_WITH_KNOTS ( 'NONE', 3,
 ( #8262, #4029, #6110, #5541, #1295, #9047, #2495, #3941, #8409, #4758, #6814, #6864 ),
 .UNSPECIFIED., .F., .F.,
 ( 4, 2, 2, 2, 2, 4 ),
 ( 2.344180752267651287E-07, 0.003137532069197812145, 0.006274829720320397076, 0.007843478545881693229, 0.009412127371442985044, 0.01254942502256557214 ),
 .UNSPECIFIED. ) ;
#5466 = DIRECTION ( 'NONE',  ( 0.000000000000000000, 0.000000000000000000, 1.000000000000000000 ) ) ;
#5467 = CARTESIAN_POINT ( 'NONE',  ( -11.90000000000003233, 12.93562500000001592, -4.929141392239748676 ) ) ;
#5468 = CARTESIAN_POINT ( 'NONE',  ( 11.89999999999996838, 16.06937500000001151, -4.929141392239910324 ) ) ;
#5469 = FACE_OUTER_BOUND ( 'NONE', #1644, .T. ) ;
#5470 = DIRECTION ( 'NONE',  ( -1.000000000000000000, -9.800697604388737541E-17, 0.000000000000000000 ) ) ;
#5471 = ADVANCED_FACE ( 'NONE', ( #6954 ), #6253, .F. ) ;
#5472 = ITEM_DEFINED_TRANSFORMATION ( 'NONE', 'NONE', #7507,  #3836 ) ;
#5473 = EDGE_CURVE ( 'NONE', #5155, #4520, #4710, .T. ) ;
#5474 = VERTEX_POINT ( 'NONE', #8310 ) ;
#5475 = VERTEX_POINT ( 'NONE', #4610 ) ;
#5476 = AXIS2_PLACEMENT_3D ( 'NONE', #3223, #215, #4608 ) ;
#5477 = CC_DESIGN_APPROVAL ( #6598, ( #6082 ) ) ;
#5478 = CARTESIAN_POINT ( 'NONE',  ( -4.929141392239767328, 14.32312500000001165, 11.90000000000001101 ) ) ;
#5479 = VERTEX_POINT ( 'NONE', #969 ) ;
#5480 = CARTESIAN_POINT ( 'NONE',  ( 11.16800485098189455, 10.95313557785469527, -4.278871016314654163 ) ) ;
#5481 = CARTESIAN_POINT ( 'NONE',  ( -12.51422759781521243, 17.18577240218479218, 0.4016141550950382832 ) ) ;
#5482 = CARTESIAN_POINT ( 'NONE',  ( -8.414570696119973547, 16.66625000000000867, -8.414570696119856308 ) ) ;
#5483 = CARTESIAN_POINT ( 'NONE',  ( -11.90000000000003233, 11.46562500000002061, -4.929141392239748676 ) ) ;
#5484 = VECTOR ( 'NONE', #9056, 1000.000000000000114 ) ;
#5485 = SECURITY_CLASSIFICATION ( '', '', #3159 ) ;
#5486 = DIRECTION ( 'NONE',  ( 1.000000000000000000, -8.195543980992796558E-16, 0.000000000000000000 ) ) ;
#5487 = FACE_OUTER_BOUND ( 'NONE', #4116, .T. ) ;
#5488 = APPROVAL_STATUS ( 'not_yet_approved' ) ;
#5489 = DIRECTION ( 'NONE',  ( -1.000000000000000000, -0.000000000000000000, -0.000000000000000000 ) ) ;
#5490 = CARTESIAN_POINT ( 'NONE',  ( -9.069809202314351282, 20.05875000000000341, 9.069809202314482732 ) ) ;
#5491 = ORIENTED_EDGE ( 'NONE', *, *, #7095, .F. ) ;
#5492 = CIRCLE ( 'NONE', #4709, 2.499999999999998668 ) ;
#5493 = CARTESIAN_POINT ( 'NONE',  ( 24.00000000000000000, 3.888253587292846081E-16, -3.174999999999999822 ) ) ;
#5494 = AXIS2_PLACEMENT_3D ( 'NONE', #8162, #875, #3037 ) ;
#5495 = VERTEX_POINT ( 'NONE', #1787 ) ;
#5496 = CARTESIAN_POINT ( 'NONE',  ( -8.414570696119975324, 15.19625000000001158, -8.414570696119856308 ) ) ;
#5497 = CARTESIAN_POINT ( 'NONE',  ( -12.44999999999999929, 0.000000000000000000, 7.060900368822720985 ) ) ;
#5498 = CARTESIAN_POINT ( 'NONE',  ( -0.5000000000000035527, 0.000000000000000000, 3.174999999999999822 ) ) ;
#5499 = DIRECTION ( 'NONE',  ( 1.000000000000000000, -9.376883653928698457E-16, 0.000000000000000000 ) ) ;
#5500 = AXIS2_PLACEMENT_3D ( 'NONE', #6324, #6415, #5610 ) ;
#5501 = LINE ( 'NONE', #8417, #8819 ) ;
#5502 = ORIENTED_EDGE ( 'NONE', *, *, #6267, .T. ) ;
#5503 = ORIENTED_EDGE ( 'NONE', *, *, #4197, .T. ) ;
#5504 = AXIS2_PLACEMENT_3D ( 'NONE', #4638, #9171, #2577 ) ;
#5505 = CARTESIAN_POINT ( 'NONE',  ( 4.964204979967806075, 1.829091885878042278, -9.524999999999998579 ) ) ;
#5506 = FACE_OUTER_BOUND ( 'NONE', #4064, .T. ) ;
#5507 = PLANE ( 'NONE',  #9253 ) ;
#5508 = DIRECTION ( 'NONE',  ( 0.000000000000000000, -0.7071067811865487940, -0.7071067811865463515 ) ) ;
#5509 = APPROVAL ( #7141, '未指定' ) ;
#5510 = FACE_OUTER_BOUND ( 'NONE', #7940, .T. ) ;
#5511 = DATE_AND_TIME ( #5557, #6300 ) ;
#5512 = EDGE_CURVE ( 'NONE', #104, #8966, #3892, .T. ) ;
#5513 = CARTESIAN_POINT ( 'NONE',  ( -13.99999999999999822, 4.349899922066655192E-16, 3.399999999999999911 ) ) ;
#5514 = CARTESIAN_POINT ( 'NONE',  ( 43.59999999999999432, 0.000000000000000000, 8.600000000000003197 ) ) ;
#5515 = ORIENTED_EDGE ( 'NONE', *, *, #5578, .T. ) ;
#5516 = ORIENTED_EDGE ( 'NONE', *, *, #5214, .F. ) ;
#5517 = ORIENTED_EDGE ( 'NONE', *, *, #8459, .T. ) ;
#5518 = DIRECTION ( 'NONE',  ( -1.000000000000000000, -0.000000000000000000, -0.000000000000000000 ) ) ;
#5519 = ADVANCED_FACE ( 'NONE', ( #1884 ), #1651, .F. ) ;
#5520 = VECTOR ( 'NONE', #513, 1000.000000000000000 ) ;
#5521 = CARTESIAN_POINT ( 'NONE',  ( 11.90000000000003588, 12.30062500000001613, 4.929141392239745123 ) ) ;
#5522 = DIRECTION ( 'NONE',  ( -0.000000000000000000, -1.000000000000000000, -0.000000000000000000 ) ) ;
#5523 = CARTESIAN_POINT ( 'NONE',  ( 8.980256121069192687, 15.22313021535169320, 8.980256121069064790 ) ) ;
#5524 = B_SPLINE_CURVE_WITH_KNOTS ( 'NONE', 3,
 ( #2461, #3861, #6777, #3955, #5403, #8277 ),
 .UNSPECIFIED., .F., .F.,
 ( 4, 2, 4 ),
 ( 2.309401076763871681E-07, 0.002749861597123271547, 0.005499492254138863521 ),
 .UNSPECIFIED. ) ;
#5525 = EDGE_CURVE ( 'NONE', #7204, #655, #4097, .T. ) ;
#5526 = COORDINATED_UNIVERSAL_TIME_OFFSET ( 8, 0, .AHEAD. ) ;
#5527 = ORIENTED_EDGE ( 'NONE', *, *, #6739, .T. ) ;
#5528 = VERTEX_POINT ( 'NONE', #3273 ) ;
#5529 = CARTESIAN_POINT ( 'NONE',  ( 11.62054510912861005, 10.93569620890251137, -2.753473832736462068 ) ) ;
#5530 = DIRECTION ( 'NONE',  ( -0.000000000000000000, -1.000000000000000000, -0.000000000000000000 ) ) ;
#5531 = EDGE_CURVE ( 'NONE', #4947, #8017, #6763, .T. ) ;
#5532 = ADVANCED_FACE ( 'NONE', ( #9140 ), #1630, .T. ) ;
#5533 = CARTESIAN_POINT ( 'NONE',  ( 12.82664718204935106, 19.26500000000000412, -9.113880979362924452E-14 ) ) ;
#5534 = DIRECTION ( 'NONE',  ( 1.000000000000000000, -9.376883653928700429E-16, 0.000000000000000000 ) ) ;
#5535 = DIRECTION ( 'NONE',  ( 0.000000000000000000, 0.000000000000000000, -1.000000000000000000 ) ) ;
#5536 = DATE_AND_TIME ( #1161, #4695 ) ;
#5537 = CARTESIAN_POINT ( 'NONE',  ( 40.99999999999999289, 0.000000000000000000, 0.000000000000000000 ) ) ;
#5538 = CARTESIAN_POINT ( 'NONE',  ( -9.069809202314482732, 17.20125000000000881, -9.069809202314353058 ) ) ;
#5539 = ORIENTED_EDGE ( 'NONE', *, *, #6498, .F. ) ;
#5540 = APPROVAL_PERSON_ORGANIZATION ( #1435, #6081, #6697 ) ;
#5541 = CARTESIAN_POINT ( 'NONE',  ( -8.977052440135469880, -16.37747573616958263, 11.31776705059790622 ) ) ;
#5542 = ORIENTED_EDGE ( 'NONE', *, *, #852, .F. ) ;
#5543 = CARTESIAN_POINT ( 'NONE',  ( 5.296999386022867462, 17.06625557255969738, -11.47774246166035361 ) ) ;
#5544 = DIRECTION ( 'NONE',  ( -9.800697604388738773E-17, 1.000000000000000000, -0.000000000000000000 ) ) ;
#5545 = CARTESIAN_POINT ( 'NONE',  ( 3.875309012068729242, 11.55014816997566029, 11.94345155821360471 ) ) ;
#5546 = CARTESIAN_POINT ( 'NONE',  ( 0.000000000000000000, -16.49876305844211544, 14.00000000000000000 ) ) ;
#5547 = CARTESIAN_POINT ( 'NONE',  ( 1.544415963279582930E-14, 17.60000000000001208, 0.000000000000000000 ) ) ;
#5548 = CARTESIAN_POINT ( 'NONE',  ( -7.143125246700833810E-14, 16.50750000000000739, -11.89999999999999858 ) ) ;
#5549 = CIRCLE ( 'NONE', #2164, 0.3999999999999993006 ) ;
#5550 = ORIENTED_EDGE ( 'NONE', *, *, #1158, .T. ) ;
#5551 = VERTEX_POINT ( 'NONE', #5493 ) ;
#5552 = CARTESIAN_POINT ( 'NONE',  ( -9.405474817352382999, -1.384472845940716512, 11.07041727578486245 ) ) ;
#5553 = CIRCLE ( 'NONE', #9081, 14.00000000000000000 ) ;
#5554 = DIRECTION ( 'NONE',  ( 1.000000000000000000, 0.000000000000000000, 0.000000000000000000 ) ) ;
#5555 = CARTESIAN_POINT ( 'NONE',  ( 2.475000000000000089, 3.031000827889698763E-16, 13.00000000000000000 ) ) ;
#5556 = FACE_OUTER_BOUND ( 'NONE', #8381, .T. ) ;
#5557 = CALENDAR_DATE ( 2025, 13, 3 ) ;
#5558 = DIRECTION ( 'NONE',  ( 0.000000000000000000, 1.000000000000000000, 0.000000000000000000 ) ) ;
#5559 = CARTESIAN_POINT ( 'NONE',  ( 11.89999999999994706, 13.72937500000001343, -4.929141392239957398 ) ) ;
#5560 = VERTEX_POINT ( 'NONE', #6252 ) ;
#5561 = VERTEX_POINT ( 'NONE', #9192 ) ;
#5562 = CIRCLE ( 'NONE', #3102, 2.500000000000000444 ) ;
#5563 = ORIENTED_EDGE ( 'NONE', *, *, #7624, .T. ) ;
#5564 = APPROVAL ( #1245, 'UNKNOWN' ) ;
#5565 = CARTESIAN_POINT ( 'NONE',  ( 34.10000000000000142, 1.579794370900085541E-15, -12.69999999999999751 ) ) ;
#5566 = DIRECTION ( 'NONE',  ( -1.776356839400250465E-15, 0.000000000000000000, -1.000000000000000000 ) ) ;
#5567 = CARTESIAN_POINT ( 'NONE',  ( 33.09999999999998721, 0.000000000000000000, 0.000000000000000000 ) ) ;
#5568 = VECTOR ( 'NONE', #9053, 1000.000000000000114 ) ;
#5569 = DATE_AND_TIME ( #4887, #8227 ) ;
#5570 = DESIGN_CONTEXT ( 'detailed design', #3852, 'design' ) ;
#5571 = ORIENTED_EDGE ( 'NONE', *, *, #7748, .T. ) ;
#5572 = EDGE_CURVE ( 'NONE', #6275, #4427, #8373, .T. ) ;
#5573 = ORIENTED_EDGE ( 'NONE', *, *, #1648, .F. ) ;
#5574 = CARTESIAN_POINT ( 'NONE',  ( -11.69999999999997975, 9.700000000000022382, 1.432836755002402101E-15 ) ) ;
#5575 = VERTEX_POINT ( 'NONE', #7731 ) ;
#5576 = AXIS2_PLACEMENT_3D ( 'NONE', #34, #2949, #5874 ) ;
#5577 = DIRECTION ( 'NONE',  ( -0.5773502691896236216, -0.5773502691896258421, -0.5773502691896278405 ) ) ;
#5578 = EDGE_CURVE ( 'NONE', #3248, #8471, #3131, .T. ) ;
#5579 = FACE_OUTER_BOUND ( 'NONE', #5360, .T. ) ;
#5580 = CARTESIAN_POINT ( 'NONE',  ( -12.82664718204931198, 17.43937500000000895, 5.312971222579581543 ) ) ;
#5581 = PLANE ( 'NONE',  #7547 ) ;
#5582 = PERSON_AND_ORGANIZATION_ROLE ( 'classification_officer' ) ;
#5583 = CARTESIAN_POINT ( 'NONE',  ( 0.000000000000000000, 0.000000000000000000, 0.000000000000000000 ) ) ;
#5584 = ADVANCED_FACE ( 'NONE', ( #8641 ), #1331, .T. ) ;
#5585 = EDGE_CURVE ( 'NONE', #2560, #4162, #3925, .T. ) ;
#5586 = CARTESIAN_POINT ( 'NONE',  ( -12.82664718204931198, 19.97937500000000455, 5.312971222579581543 ) ) ;
#5587 = VERTEX_POINT ( 'NONE', #4214 ) ;
#5588 = VERTEX_POINT ( 'NONE', #9369 ) ;
#5589 = CYLINDRICAL_SURFACE ( 'NONE', #7605, 3.174999999999999822 ) ;
#5590 = AXIS2_PLACEMENT_3D ( 'NONE', #4653, #1540, #7521 ) ;
#5591 = CARTESIAN_POINT ( 'NONE',  ( -2.797381773929365600, 11.48177447791431582, 12.18346110940599836 ) ) ;
#5592 = DIRECTION ( 'NONE',  ( -1.000000000000000000, -0.000000000000000000, -0.000000000000000000 ) ) ;
#5593 = FACE_OUTER_BOUND ( 'NONE', #1080, .T. ) ;
#5594 = DIRECTION ( 'NONE',  ( -0.000000000000000000, -1.000000000000000000, -0.000000000000000000 ) ) ;
#5595 = AXIS2_PLACEMENT_3D ( 'NONE', #3755, #313, #5245 ) ;
#5596 = ORIENTED_EDGE ( 'NONE', *, *, #6664, .F. ) ;
#5597 = DIRECTION ( 'NONE',  ( -0.000000000000000000, 0.000000000000000000, 1.000000000000000000 ) ) ;
#5598 = EDGE_LOOP ( 'NONE', ( #2284, #4176, #8233 ) ) ;
#5599 = CARTESIAN_POINT ( 'NONE',  ( -11.89999999999996305, 17.97437500000000909, 4.929141392239922759 ) ) ;
#5600 = AXIS2_PLACEMENT_3D ( 'NONE', #654, #8118, #3571 ) ;
#5601 = DIRECTION ( 'NONE',  ( -1.000000000000000000, -0.000000000000000000, -0.000000000000000000 ) ) ;
#5602 = CARTESIAN_POINT ( 'NONE',  ( 34.00693079519157891, 0.000000000000000000, 0.000000000000000000 ) ) ;
#5603 = CALENDAR_DATE ( 2025, 13, 3 ) ;
#5604 = CARTESIAN_POINT ( 'NONE',  ( -13.99999999999999822, 0.000000000000000000, -3.399999999999999911 ) ) ;
#5605 = ORIENTED_EDGE ( 'NONE', *, *, #2772, .F. ) ;
#5606 = ORIENTED_EDGE ( 'NONE', *, *, #2702, .T. ) ;
#5607 = AXIS2_PLACEMENT_3D ( 'NONE', #3138, #5594, #9248 ) ;
#5608 = VECTOR ( 'NONE', #5101, 1000.000000000000000 ) ;
#5609 = ORIENTED_EDGE ( 'NONE', *, *, #3164, .T. ) ;
#5610 = DIRECTION ( 'NONE',  ( 0.000000000000000000, 0.000000000000000000, 1.000000000000000000 ) ) ;
#5611 = CARTESIAN_POINT ( 'NONE',  ( -8.414570696119973547, 11.58625000000001926, -8.414570696119856308 ) ) ;
#5612 = FACE_OUTER_BOUND ( 'NONE', #4923, .T. ) ;
#5613 = DIRECTION ( 'NONE',  ( 0.000000000000000000, 0.000000000000000000, 1.000000000000000000 ) ) ;
#5614 = PLANE ( 'NONE',  #1079 ) ;
#5615 = CIRCLE ( 'NONE', #1465, 6.350000000000000533 ) ;
#5616 = PERSON_AND_ORGANIZATION_ROLE ( 'classification_officer' ) ;
#5617 = ORIENTED_EDGE ( 'NONE', *, *, #5903, .F. ) ;
#5618 = VERTEX_POINT ( 'NONE', #1786 ) ;
#5619 = SPHERICAL_SURFACE ( 'NONE', #4967, 2.299999999999999822 ) ;
#5620 = ORIENTED_EDGE ( 'NONE', *, *, #3869, .F. ) ;
#5621 = DIRECTION ( 'NONE',  ( -1.000000000000000000, 8.775090700452169195E-16, 0.000000000000000000 ) ) ;
#5622 = CARTESIAN_POINT ( 'NONE',  ( 14.28999999999999737, -15.69047268157664021, -6.257467538869064150 ) ) ;
#5623 = CARTESIAN_POINT ( 'NONE',  ( 12.82664718204935106, 12.91500000000001869, -9.113880979362924452E-14 ) ) ;
#5624 = ADVANCED_FACE ( 'NONE', ( #3800 ), #1182, .F. ) ;
#5625 = DIRECTION ( 'NONE',  ( 0.000000000000000000, 0.000000000000000000, -1.000000000000000000 ) ) ;
#5626 = DIRECTION ( 'NONE',  ( -1.000000000000000000, 8.775090700452169195E-16, 0.000000000000000000 ) ) ;
#5627 = AXIS2_PLACEMENT_3D ( 'NONE', #792, #3052, #836 ) ;
#5628 = CALENDAR_DATE ( 2025, 13, 3 ) ;
#5629 = APPROVAL ( #3363, '未指定' ) ;
#5630 = ADVANCED_FACE ( 'NONE', ( #5831 ), #9090, .F. ) ;
#5631 = DIRECTION ( 'NONE',  ( -1.000000000000000000, -0.000000000000000000, -0.000000000000000000 ) ) ;
#5632 = CARTESIAN_POINT ( 'NONE',  ( 5.312971222579579766, 20.29687500000000355, 12.82664718204931198 ) ) ;
#5633 = ORIENTED_EDGE ( 'NONE', *, *, #1246, .F. ) ;
#5634 = VERTEX_POINT ( 'NONE', #6711 ) ;
#5635 = DIRECTION ( 'NONE',  ( 1.000000000000000000, 0.000000000000000000, 0.000000000000000000 ) ) ;
#5636 = TOROIDAL_SURFACE ( 'NONE', #3779, 3.575000000000000178, 0.3999999999999988565 ) ;
#5637 = LOCAL_TIME ( 22, 23, 34.00000000000000000, #7277 ) ;
#5638 = EDGE_CURVE ( 'NONE', #3970, #8431, #6990, .T. ) ;
#5639 = DIRECTION ( 'NONE',  ( 0.000000000000000000, -1.000000000000000000, 0.000000000000000000 ) ) ;
#5640 = CARTESIAN_POINT ( 'NONE',  ( 12.69999999999996909, 14.25811978464833629, -9.023892744153249136E-14 ) ) ;
#5641 = ADVANCED_FACE ( 'NONE', ( #2401 ), #6154, .T. ) ;
#5642 = CC_DESIGN_SECURITY_CLASSIFICATION ( #6538, ( #7924 ) ) ;
#5643 = ORIENTED_EDGE ( 'NONE', *, *, #2462, .T. ) ;
#5644 = DIRECTION ( 'NONE',  ( 0.000000000000000000, 0.000000000000000000, 1.000000000000000000 ) ) ;
#5645 = ORIENTED_EDGE ( 'NONE', *, *, #5459, .F. ) ;
#5646 = FACE_OUTER_BOUND ( 'NONE', #1654, .T. ) ;
#5647 = EDGE_CURVE ( 'NONE', #4877, #6156, #1682, .T. ) ;
#5648 = CONICAL_SURFACE ( 'NONE', #8400, 11.00000000000000000, 1.308996938995753867 ) ;
#5649 = APPLICATION_CONTEXT ( 'configuration controlled 3d designs of mechanical parts and assemblies' ) ;
#5650 = PLANE ( 'NONE',  #1373 ) ;
#5651 = DIRECTION ( 'NONE',  ( 0.000000000000000000, 0.000000000000000000, 1.000000000000000000 ) ) ;
#5652 = DIRECTION ( 'NONE',  ( 1.000000000000000000, 0.000000000000000000, 0.000000000000000000 ) ) ;
#5653 = DATE_AND_TIME ( #4824, #3380 ) ;
#5654 = CARTESIAN_POINT ( 'NONE',  ( 15.22582127265072316, 33.79999999999998295, 10.06137332587782929 ) ) ;
#5655 = ORIENTED_EDGE ( 'NONE', *, *, #4447, .T. ) ;
#5656 = EDGE_LOOP ( 'NONE', ( #5723, #5229, #4440, #1173 ) ) ;
#5657 = CIRCLE ( 'NONE', #6113, 14.00000000000000000 ) ;
#5658 = ORIENTED_EDGE ( 'NONE', *, *, #2629, .T. ) ;
#5659 = DIRECTION ( 'NONE',  ( 0.000000000000000000, 0.000000000000000000, 1.000000000000000000 ) ) ;
#5660 = CARTESIAN_POINT ( 'NONE',  ( -8.414570696119854532, 11.90375000000001826, 8.414570696119975324 ) ) ;
#5661 = CARTESIAN_POINT ( 'NONE',  ( 0.03610103003384659143, -9.165435523385312422, 3.175000000000002043 ) ) ;
#5662 = DIRECTION ( 'NONE',  ( 0.000000000000000000, 1.000000000000000000, 0.000000000000000000 ) ) ;
#5663 = CIRCLE ( 'NONE', #149, 9.525000000000000355 ) ;
#5664 = DIRECTION ( 'NONE',  ( 0.000000000000000000, -1.000000000000000000, 0.000000000000000000 ) ) ;
#5665 = ITEM_DEFINED_TRANSFORMATION ( 'NONE', 'NONE', #1084,  #3836 ) ;
#5666 = ORIENTED_EDGE ( 'NONE', *, *, #4455, .F. ) ;
#5667 = VERTEX_POINT ( 'NONE', #7578 ) ;
#5668 = DIRECTION ( 'NONE',  ( 0.000000000000000000, 0.000000000000000000, 1.000000000000000000 ) ) ;
#5669 = EDGE_LOOP ( 'NONE', ( #2286, #8458, #2768, #6896 ) ) ;
#5670 = CIRCLE ( 'NONE', #7952, 0.5000000000000000000 ) ;
#5671 = FACE_BOUND ( 'NONE', #2813, .T. ) ;
#5672 = CARTESIAN_POINT ( 'NONE',  ( 4.727964354120388180, 5.957533090200457515, 8.731250000000004619 ) ) ;
#5673 = CARTESIAN_POINT ( 'NONE',  ( 9.192421541439370070E-14, 12.59750000000001791, 12.82664718204935106 ) ) ;
#5674 = FACE_OUTER_BOUND ( 'NONE', #1575, .T. ) ;
#5675 = AXIS2_PLACEMENT_3D ( 'NONE', #3171, #3396, #7036 ) ;
#5676 = APPROVAL_ROLE ( '' ) ;
#5677 = DIRECTION ( 'NONE',  ( -1.000000000000000000, -0.000000000000000000, -0.000000000000000000 ) ) ;
#5678 = CARTESIAN_POINT ( 'NONE',  ( 5.312971222579579766, 16.48687500000001194, 12.82664718204931198 ) ) ;
#5679 = ORIENTED_EDGE ( 'NONE', *, *, #6334, .T. ) ;
#5680 = EDGE_LOOP ( 'NONE', ( #1329, #6844, #7214 ) ) ;
#5681 = FACE_BOUND ( 'NONE', #7694, .T. ) ;
#5682 = LINE ( 'NONE', #6440, #9241 ) ;
#5683 = CARTESIAN_POINT ( 'NONE',  ( 0.03610103003384611264, 7.332348418708250826, -6.350000000000001421 ) ) ;
#5684 = CARTESIAN_POINT ( 'NONE',  ( -12.69999999999996732, 16.01688021535168716, 8.868362600661530955E-14 ) ) ;
#5685 = CARTESIAN_POINT ( 'NONE',  ( -8.414570696120012627, 11.38625000000001997, -8.414570696119817228 ) ) ;
#5686 = AXIS2_PLACEMENT_3D ( 'NONE', #5166, #4481, #5216 ) ;
#5687 = ORIENTED_EDGE ( 'NONE', *, *, #5864, .F. ) ;
#5688 = ADVANCED_FACE ( 'NONE', ( #8160 ), #7760, .T. ) ;
#5689 = DIRECTION ( 'NONE',  ( -0.000000000000000000, 1.000000000000000000, -0.000000000000000000 ) ) ;
#5690 = VERTEX_POINT ( 'NONE', #1589 ) ;
#5691 = EDGE_CURVE ( 'NONE', #9262, #8523, #1022, .T. ) ;
#5692 = CARTESIAN_POINT ( 'NONE',  ( -11.90000000000003233, 19.08562500000000384, -4.929141392239748676 ) ) ;
#5693 = DIRECTION ( 'NONE',  ( 0.000000000000000000, 0.000000000000000000, -1.000000000000000000 ) ) ;
#5694 = CARTESIAN_POINT ( 'NONE',  ( -15.22582127265071783, 34.29999999999999716, -7.561373325877829288 ) ) ;
#5695 = CARTESIAN_POINT ( 'NONE',  ( 33.68682061507833936, 8.641945085602491972, 3.252606517457396333E-16 ) ) ;
#5696 = DIRECTION ( 'NONE',  ( 0.000000000000000000, 0.7071067811865512365, 0.7071067811865439090 ) ) ;
#5697 = EDGE_LOOP ( 'NONE', ( #7707, #5321, #9193, #7643 ) ) ;
#5698 = EDGE_CURVE ( 'NONE', #6544, #9104, #3130, .T. ) ;
#5699 = ORIENTED_EDGE ( 'NONE', *, *, #1703, .T. ) ;
#5700 = EDGE_CURVE ( 'NONE', #3573, #9123, #3322, .T. ) ;
#5701 = ORIENTED_EDGE ( 'NONE', *, *, #358, .T. ) ;
#5702 = AXIS2_PLACEMENT_3D ( 'NONE', #604, #6487, #685 ) ;
#5703 = CARTESIAN_POINT ( 'NONE',  ( 0.000000000000000000, 24.89999999999999858, 0.000000000000000000 ) ) ;
#5704 = LINE ( 'NONE', #2143, #1979 ) ;
#5705 = CARTESIAN_POINT ( 'NONE',  ( 33.49999999999999289, 0.000000000000000000, 0.000000000000000000 ) ) ;
#5706 = CARTESIAN_POINT ( 'NONE',  ( 12.69999999999992824, 14.19125521535169554, -5.260512242138384309 ) ) ;
#5707 = DATE_AND_TIME ( #7763, #579 ) ;
#5708 = AXIS2_PLACEMENT_3D ( 'NONE', #7241, #9424, #5051 ) ;
#5709 = VERTEX_POINT ( 'NONE', #3891 ) ;
#5710 = ORIENTED_EDGE ( 'NONE', *, *, #6212, .F. ) ;
#5711 = CARTESIAN_POINT ( 'NONE',  ( -9.000000000000001776, -1.199999999999999734, 11.49999999999999822 ) ) ;
#5712 = CARTESIAN_POINT ( 'NONE',  ( 34.40000000000000568, 10.99852262806237668, -1.634090867718481472E-15 ) ) ;
#5713 = CARTESIAN_POINT ( 'NONE',  ( -13.44999999999999929, -10.69999999999999396, 12.94999999999999218 ) ) ;
#5714 = CARTESIAN_POINT ( 'NONE',  ( 14.28999999999999737, -15.69047268157664021, -6.257467538869064150 ) ) ;
#5715 = AXIS2_PLACEMENT_3D ( 'NONE', #2235, #5982, #8084 ) ;
#5716 = CARTESIAN_POINT ( 'NONE',  ( -5.312971222579573549, 14.58187500000001613, -12.82664718204931376 ) ) ;
#5717 = DATE_AND_TIME ( #5761, #3624 ) ;
#5718 = CARTESIAN_POINT ( 'NONE',  ( 12.69999999999996909, 14.25811978464833629, -9.023892744153249136E-14 ) ) ;
#5719 = ORIENTED_EDGE ( 'NONE', *, *, #2048, .T. ) ;
#5720 = AXIS2_PLACEMENT_3D ( 'NONE', #3100, #9063, #5257 ) ;
#5721 = CARTESIAN_POINT ( 'NONE',  ( 9.192421541439368808E-14, 12.59750000000001791, 12.82664718204935106 ) ) ;
#5722 = EDGE_LOOP ( 'NONE', ( #4720, #6500, #1564, #5370 ) ) ;
#5723 = ORIENTED_EDGE ( 'NONE', *, *, #8079, .F. ) ;
#5724 = DIRECTION ( 'NONE',  ( 0.000000000000000000, -1.000000000000000000, 0.000000000000000000 ) ) ;
#5725 = DIRECTION ( 'NONE',  ( 0.000000000000000000, 0.000000000000000000, 1.000000000000000000 ) ) ;
#5726 = CARTESIAN_POINT ( 'NONE',  ( 8.980256121069194464, 12.82936978464833544, 8.980256121069066566 ) ) ;
#5727 = CARTESIAN_POINT ( 'NONE',  ( 39.70000000000000284, 10.99852262806237668, -1.634090867718481472E-15 ) ) ;
#5728 = CARTESIAN_POINT ( 'NONE',  ( -11.90000000000004476, 15.47562500000000973, -4.929141392239719366 ) ) ;
#5729 = LINE ( 'NONE', #5772, #7684 ) ;
#5730 = ORIENTED_EDGE ( 'NONE', *, *, #3526, .F. ) ;
#5731 = DIRECTION ( 'NONE',  ( 0.000000000000000000, 0.000000000000000000, 1.000000000000000000 ) ) ;
#5732 = AXIS2_PLACEMENT_3D ( 'NONE', #447, #3312, #6192 ) ;
#5733 = CARTESIAN_POINT ( 'NONE',  ( 0.000000000000000000, 32.79999999999999716, 0.000000000000000000 ) ) ;
#5734 = EDGE_CURVE ( 'NONE', #3150, #1186, #6813, .T. ) ;
#5735 = FACE_OUTER_BOUND ( 'NONE', #7237, .T. ) ;
#5736 = VECTOR ( 'NONE', #7388, 1000.000000000000000 ) ;
#5737 = DIRECTION ( 'NONE',  ( 0.000000000000000000, -1.000000000000000000, 0.000000000000000000 ) ) ;
#5738 = ADVANCED_FACE ( 'NONE', ( #3845, #9045 ), #8762, .F. ) ;
#5739 = ORIENTED_EDGE ( 'NONE', *, *, #3039, .F. ) ;
#5740 = ORIENTED_EDGE ( 'NONE', *, *, #4734, .F. ) ;
#5741 = VERTEX_POINT ( 'NONE', #6762 ) ;
#5742 = TOROIDAL_SURFACE ( 'NONE', #5912, 19.59999999999999787, 0.3999999999999993006 ) ;
#5743 = CLOSED_SHELL ( 'NONE', ( #1880, #6338, #5584, #8923, #78, #3731, #8194, #410, #6837, #6729, #2565, #1451, #5532, #1399, #3393, #4228, #1771, #8314, #7807, #8581, #2329, #4044, #7195, #1454, #7013, #990, #3218, #4155, #5850, #2230, #6041, #2992, #799 ) ) ;
#5744 = FACE_OUTER_BOUND ( 'NONE', #4147, .T. ) ;
#5745 = CARTESIAN_POINT ( 'NONE',  ( 4.929141392239772657, 17.69812500000000099, -11.90000000000000924 ) ) ;
#5746 = DIRECTION ( 'NONE',  ( -1.000000000000000000, 0.000000000000000000, -0.000000000000000000 ) ) ;
#5747 = EDGE_CURVE ( 'NONE', #1667, #3633, #3178, .T. ) ;
#5748 = DIRECTION ( 'NONE',  ( 0.000000000000000000, -0.7071067811865474617, -0.7071067811865474617 ) ) ;
#5749 = CARTESIAN_POINT ( 'NONE',  ( 31.70000000000000639, 3.675000000000003375, 0.000000000000000000 ) ) ;
#5750 = EDGE_CURVE ( 'NONE', #6822, #3483, #872, .T. ) ;
#5751 = ORIENTED_EDGE ( 'NONE', *, *, #2170, .T. ) ;
#5752 = CARTESIAN_POINT ( 'NONE',  ( -1.725874147982914941, -15.69047268157664021, -15.50423678951415418 ) ) ;
#5753 = CARTESIAN_POINT ( 'NONE',  ( 14.29000000000000448, -15.69047268157663666, 6.257467538869049051 ) ) ;
#5754 = AXIS2_PLACEMENT_3D ( 'NONE', #7158, #3282, #9147 ) ;
#5755 = PERSON ( 'NAUO-PER5', 'UNSPECIFIED', 'UNSPECIFIED', ('UNSPECIFIED'), ('UNSPECIFIED'), ('UNSPECIFIED') ) ;
#5756 = CIRCLE ( 'NONE', #7746, 1.500000000000001332 ) ;
#5757 =( BOUNDED_CURVE ( )  B_SPLINE_CURVE ( 2, ( #4970, #1853, #4145, #7891, #9305, #2717, #4193, #7120, #132 ),
 .UNSPECIFIED., .F., .T. ) 
 B_SPLINE_CURVE_WITH_KNOTS ( ( 3, 2, 2, 2, 3 ),
 ( 0.6250000000000000000, 0.6406250000000000000, 0.6562500000000000000, 0.6718750000000000000, 0.6875000000000000000 ),
 .UNSPECIFIED. ) 
 CURVE ( )  GEOMETRIC_REPRESENTATION_ITEM ( )  RATIONAL_B_SPLINE_CURVE ( ( 1.000000000000000000, 0.9238795325112867385, 1.000000000000000000, 0.9238795325112867385, 1.000000000000000000, 0.9238795325112867385, 1.000000000000000000, 0.9238795325112867385, 1.000000000000000000 ) ) 
 REPRESENTATION_ITEM ( '' )  );
#5758 = CARTESIAN_POINT ( 'NONE',  ( -5.312971222579396802, 13.78812500000001506, 12.82664718204939014 ) ) ;
#5759 = ADVANCED_FACE ( 'NONE', ( #2350 ), #8757, .F. ) ;
#5760 = EDGE_CURVE ( 'NONE', #5765, #1291, #8693, .T. ) ;
#5761 = CALENDAR_DATE ( 2025, 13, 3 ) ;
#5762 = CARTESIAN_POINT ( 'NONE',  ( -12.69999999999996909, 13.62311978464833473, 8.868362600661534741E-14 ) ) ;
#5763 = VERTEX_POINT ( 'NONE', #620 ) ;
#5764 = ORIENTED_EDGE ( 'NONE', *, *, #1626, .F. ) ;
#5765 = VERTEX_POINT ( 'NONE', #3488 ) ;
#5766 = DIRECTION ( 'NONE',  ( -1.000000000000000000, -0.000000000000000000, -0.000000000000000000 ) ) ;
#5767 = AXIS2_PLACEMENT_3D ( 'NONE', #4238, #509, #3423 ) ;
#5768 = CARTESIAN_POINT ( 'NONE',  ( 0.3948291982182989823, -10.99852262806237313, 4.928329209517584241E-15 ) ) ;
#5769 = CARTESIAN_POINT ( 'NONE',  ( 1.311997765771970803, 1.045172763623670731, 1.580610687728795982 ) ) ;
#5770 = LINE ( 'NONE', #5727, #6483 ) ;
#5771 = CARTESIAN_POINT ( 'NONE',  ( 2.479909768273389906E-15, 32.79999999999999716, 20.24999999999999645 ) ) ;
#5772 = CARTESIAN_POINT ( 'NONE',  ( -12.69999999999998508, 1.114436518957424246E-14, 1.555301434917136855E-15 ) ) ;
#5773 = DIRECTION ( 'NONE',  ( 0.000000000000000000, 0.000000000000000000, 1.000000000000000000 ) ) ;
#5774 = ORIENTED_EDGE ( 'NONE', *, *, #6397, .T. ) ;
#5775 = VECTOR ( 'NONE', #8226, 1000.000000000000000 ) ;
#5776 = CARTESIAN_POINT ( 'NONE',  ( 36.69999999999999574, 0.000000000000000000, 0.000000000000000000 ) ) ;
#5777 = CC_DESIGN_APPROVAL ( #7597, ( #7142 ) ) ;
#5778 = EDGE_LOOP ( 'NONE', ( #8090, #1248, #8394, #7646 ) ) ;
#5779 = CARTESIAN_POINT ( 'NONE',  ( 3.520579078826640451, -16.12066646117741442, -14.46806341457557643 ) ) ;
#5780 = DIRECTION ( 'NONE',  ( -1.000000000000000000, -0.000000000000000000, -0.000000000000000000 ) ) ;
#5781 = AXIS2_PLACEMENT_3D ( 'NONE', #1886, #4760, #6255 ) ;
#5782 = LOCAL_TIME ( 22, 23, 34.00000000000000000, #1147 ) ;
#5783 = CARTESIAN_POINT ( 'NONE',  ( 3.174999999999999822, 3.888253587292845095E-16, 13.00000000000000000 ) ) ;
#5784 = EDGE_LOOP ( 'NONE', ( #7132, #2998, #3953, #1748 ) ) ;
#5785 = ORIENTED_EDGE ( 'NONE', *, *, #8497, .F. ) ;
#5786 = ORIENTED_EDGE ( 'NONE', *, *, #3759, .T. ) ;
#5787 = AXIS2_PLACEMENT_3D ( 'NONE', #2965, #5893, #2243 ) ;
#5788 = CARTESIAN_POINT ( 'NONE',  ( 0.000000000000000000, 0.000000000000000000, 0.000000000000000000 ) ) ;
#5789 = CARTESIAN_POINT ( 'NONE',  ( 11.90000000000003588, 11.03062500000001833, 4.929141392239745123 ) ) ;
#5790 = APPROVAL ( #7465, '未指定' ) ;
#5791 = PLANE ( 'NONE',  #5044 ) ;
#5792 = EDGE_CURVE ( 'NONE', #7529, #2361, #9156, .T. ) ;
#5793 = DIRECTION ( 'NONE',  ( 0.000000000000000000, -1.224646799147348770E-16, 1.000000000000000000 ) ) ;
#5794 = DIRECTION ( 'NONE',  ( 0.000000000000000000, 1.000000000000000000, 0.000000000000000000 ) ) ;
#5796 =( BOUNDED_CURVE ( )  B_SPLINE_CURVE ( 2, ( #6273, #8283, #6076 ),
 .UNSPECIFIED., .F., .T. ) 
 B_SPLINE_CURVE_WITH_KNOTS ( ( 3, 3 ),
 ( 0.8124999999999998890, 0.8143806212009597756 ),
 .UNSPECIFIED. ) 
 CURVE ( )  GEOMETRIC_REPRESENTATION_ITEM ( )  RATIONAL_B_SPLINE_CURVE ( ( 1.000000000000000444, 0.9908381590408807948, 0.9838817519822464774 ) ) 
 REPRESENTATION_ITEM ( '' )  );
#5795 = DIRECTION ( 'NONE',  ( -1.000000000000000000, -0.000000000000000000, -0.000000000000000000 ) ) ;
#5797 = AXIS2_PLACEMENT_3D ( 'NONE', #4928, #1330, #7849 ) ;
#5798 = APPROVAL_ROLE ( '' ) ;
#5799 = ORIENTED_EDGE ( 'NONE', *, *, #65, .F. ) ;
#5800 = ORIENTED_EDGE ( 'NONE', *, *, #2508, .T. ) ;
#5801 = ADVANCED_FACE ( 'NONE', ( #8584 ), #111, .F. ) ;
#5802 = CARTESIAN_POINT ( 'NONE',  ( 2.835676896825123361, 17.75548629080736518, -11.61080531405517924 ) ) ;
#5803 = CARTESIAN_POINT ( 'NONE',  ( -5.312971222579396802, 15.05812500000001641, 12.82664718204939014 ) ) ;
#5804 = EDGE_CURVE ( 'NONE', #8171, #5560, #9461, .T. ) ;
#5805 = PERSON_AND_ORGANIZATION ( #5176, #5070 ) ;
#5806 = FACE_OUTER_BOUND ( 'NONE', #8849, .T. ) ;
#5807 = EDGE_LOOP ( 'NONE', ( #3609, #1746, #5833, #60 ) ) ;
#5808 = AXIS2_PLACEMENT_3D ( 'NONE', #705, #3625, #4387 ) ;
#5809 = CARTESIAN_POINT ( 'NONE',  ( 9.192421541439368808E-14, 15.13750000000001172, 12.82664718204935106 ) ) ;
#5810 = ORIENTED_EDGE ( 'NONE', *, *, #6170, .F. ) ;
#5811 = EDGE_CURVE ( 'NONE', #5880, #6828, #1835, .T. ) ;
#5812 = EDGE_CURVE ( 'NONE', #8220, #5342, #3623, .T. ) ;
#5813 =( BOUNDED_CURVE ( )  B_SPLINE_CURVE ( 2, ( #5215, #5119, #8912, #6636, #5934, #2958, #2320, #5074, #751 ),
 .UNSPECIFIED., .F., .T. ) 
 B_SPLINE_CURVE_WITH_KNOTS ( ( 3, 2, 2, 2, 3 ),
 ( 0.3749999999999998335, 0.3906249999999998890, 0.4062499999999998890, 0.4218749999999998890, 0.4374999999999999445 ),
 .UNSPECIFIED. ) 
 CURVE ( )  GEOMETRIC_REPRESENTATION_ITEM ( )  RATIONAL_B_SPLINE_CURVE ( ( 1.000000000000000888, 0.9238795325112859613, 1.000000000000000000, 0.9238795325112867385, 1.000000000000000000, 0.9238795325112867385, 1.000000000000000000, 0.9238795325112869605, 0.9999999999999997780 ) ) 
 REPRESENTATION_ITEM ( '' )  );
#5814 = EDGE_LOOP ( 'NONE', ( #691, #8247, #409, #4314 ) ) ;
#5815 = DIRECTION ( 'NONE',  ( -0.000000000000000000, -1.000000000000000000, -0.000000000000000000 ) ) ;
#5816 = B_SPLINE_CURVE_WITH_KNOTS ( 'NONE', 3,
 ( #2752, #3326, #5683, #7878, #2602, #2651 ),
 .UNSPECIFIED., .F., .F.,
 ( 4, 2, 4 ),
 ( 0.005499492254138862654, 0.008249122911154455062, 0.01099875356817004574 ),
 .UNSPECIFIED. ) ;
#5817 = DIRECTION ( 'NONE',  ( -1.000000000000000000, -0.000000000000000000, -0.000000000000000000 ) ) ;
#5818 = DIRECTION ( 'NONE',  ( 1.000000000000000000, -0.000000000000000000, -0.000000000000000000 ) ) ;
#5819 = FACE_OUTER_BOUND ( 'NONE', #8662, .T. ) ;
#5820 = CARTESIAN_POINT ( 'NONE',  ( -12.69999999999993179, 15.93750521535168829, -5.260512242138277728 ) ) ;
#5821 = DIRECTION ( 'NONE',  ( 1.060575238724906299E-16, 0.5000000000000008882, -0.8660254037844381525 ) ) ;
#5822 = DIRECTION ( 'NONE',  ( 1.000000000000000000, -8.775090700452170181E-16, 0.000000000000000000 ) ) ;
#5823 = EDGE_LOOP ( 'NONE', ( #154, #428, #2710, #4731 ) ) ;
#5824 = AXIS2_PLACEMENT_3D ( 'NONE', #4906, #9338, #8607 ) ;
#5825 = PLANE ( 'NONE',  #3027 ) ;
#5826 = ORIENTED_EDGE ( 'NONE', *, *, #403, .T. ) ;
#5827 = FACE_OUTER_BOUND ( 'NONE', #4937, .T. ) ;
#5828 = CARTESIAN_POINT ( 'NONE',  ( 40.92056046467595110, 0.000000000000000000, 0.000000000000000000 ) ) ;
#5829 = AXIS2_PLACEMENT_3D ( 'NONE', #3934, #9036, #5330 ) ;
#5830 = CARTESIAN_POINT ( 'NONE',  ( 44.00000000000000000, 0.000000000000000000, 9.000000000000003553 ) ) ;
#5831 = FACE_OUTER_BOUND ( 'NONE', #4779, .T. ) ;
#5832 = VERTEX_POINT ( 'NONE', #184 ) ;
#5833 = ORIENTED_EDGE ( 'NONE', *, *, #7844, .T. ) ;
#5834 = ORIENTED_EDGE ( 'NONE', *, *, #3334, .T. ) ;
#5835 = LOCAL_TIME ( 22, 23, 34.00000000000000000, #7842 ) ;
#5836 = CARTESIAN_POINT ( 'NONE',  ( -13.44999999999999929, 8.900000000000016342, -12.94999999999999218 ) ) ;
#5837 = CARTESIAN_POINT ( 'NONE',  ( -12.94999999999999218, 9.150000000000019895, 13.19999999999999751 ) ) ;
#5838 = CARTESIAN_POINT ( 'NONE',  ( 11.88412758796775748, 10.90000000000000746, 0.6144196228178397945 ) ) ;
#5839 = CYLINDRICAL_SURFACE ( 'NONE', #8468, 3.200000000000000178 ) ;
#5840 = PLANE ( 'NONE',  #5065 ) ;
#5841 = CARTESIAN_POINT ( 'NONE',  ( 34.00693079519157891, 2.449293598294706513E-15, -20.00000000000000000 ) ) ;
#5842 = ORIENTED_EDGE ( 'NONE', *, *, #7496, .T. ) ;
#5843 = VERTEX_POINT ( 'NONE', #90 ) ;
#5844 = APPROVAL ( #288, 'UNKNOWN' ) ;
#5845 = CARTESIAN_POINT ( 'NONE',  ( -14.29000000000000448, -17.69999999999999929, -8.250335346719747776 ) ) ;
#5846 = AXIS2_PLACEMENT_3D ( 'NONE', #2015, #7869, #2064 ) ;
#5847 = CARTESIAN_POINT ( 'NONE',  ( -11.89999999999996660, 11.82437500000001940, 4.929141392239918318 ) ) ;
#5848 = CARTESIAN_POINT ( 'NONE',  ( 11.89999999999999858, 16.19000000000000838, -8.455458555545188678E-14 ) ) ;
#5849 = DIRECTION ( 'NONE',  ( 0.000000000000000000, 0.8660254037844385966, -0.5000000000000001110 ) ) ;
#5850 = ADVANCED_FACE ( 'NONE', ( #3817 ), #8055, .T. ) ;
#5851 = APPROVAL_DATE_TIME ( #4357, #6081 ) ;
#5852 = DIRECTION ( 'NONE',  ( -1.000000000000000000, -0.000000000000000000, -0.000000000000000000 ) ) ;
#5853 = CARTESIAN_POINT ( 'NONE',  ( -5.312971222579396802, 12.51812500000002082, 12.82664718204939014 ) ) ;
#5854 = EDGE_CURVE ( 'NONE', #3388, #8220, #3717, .T. ) ;
#5855 = VERTEX_POINT ( 'NONE', #6633 ) ;
#5856 = VECTOR ( 'NONE', #7312, 1000.000000000000000 ) ;
#5857 = DIRECTION ( 'NONE',  ( 0.000000000000000000, 0.000000000000000000, -1.000000000000000000 ) ) ;
#5858 = CARTESIAN_POINT ( 'NONE',  ( 3.513634653869342817, -16.11891868594210209, 14.47207278019404875 ) ) ;
#5859 = CARTESIAN_POINT ( 'NONE',  ( 8.414570696119975324, 19.64125000000000298, 8.414570696119856308 ) ) ;
#5860 = DIRECTION ( 'NONE',  ( -0.000000000000000000, -1.000000000000000000, -0.000000000000000000 ) ) ;
#5861 = DIRECTION ( 'NONE',  ( 0.000000000000000000, 0.000000000000000000, -1.000000000000000000 ) ) ;
#5862 = EDGE_CURVE ( 'NONE', #5437, #5975, #3097, .T. ) ;
#5863 = CARTESIAN_POINT ( 'NONE',  ( -4.929141392239702490, 15.79312500000001229, 11.90000000000007674 ) ) ;
#5864 = EDGE_CURVE ( 'NONE', #4184, #8171, #3003, .T. ) ;
#5865 = APPROVAL_DATE_TIME ( #3701, #7899 ) ;
#5866 = VECTOR ( 'NONE', #3818, 1000.000000000000114 ) ;
#5867 = DIRECTION ( 'NONE',  ( -0.7071067811865474617, 2.595999626617807824E-15, 0.7071067811865474617 ) ) ;
#5868 = FACE_OUTER_BOUND ( 'NONE', #2239, .T. ) ;
#5869 = EDGE_LOOP ( 'NONE', ( #6884, #3832 ) ) ;
#5870 = PLANE ( 'NONE',  #4252 ) ;
#5871 = ORIENTED_EDGE ( 'NONE', *, *, #1233, .F. ) ;
#5872 = AXIS2_PLACEMENT_3D ( 'NONE', #1936, #552, #1217 ) ;
#5873 = CARTESIAN_POINT ( 'NONE',  ( -14.00000000000000000, -17.39999999999999858, 0.000000000000000000 ) ) ;
#5874 = DIRECTION ( 'NONE',  ( 0.000000000000000000, 0.000000000000000000, 1.000000000000000000 ) ) ;
#5875 = EDGE_CURVE ( 'NONE', #2384, #4597, #418, .T. ) ;
#5876 = EDGE_CURVE ( 'NONE', #6402, #5937, #2275, .T. ) ;
#5877 = CARTESIAN_POINT ( 'NONE',  ( 41.39999999999999858, 8.199999999999997513, 0.000000000000000000 ) ) ;
#5878 = AXIS2_PLACEMENT_3D ( 'NONE', #1875, #5429, #540 ) ;
#5879 = ORIENTED_EDGE ( 'NONE', *, *, #4338, .T. ) ;
#5880 = VERTEX_POINT ( 'NONE', #5212 ) ;
#5881 = VERTEX_POINT ( 'NONE', #7353 ) ;
#5882 = FACE_OUTER_BOUND ( 'NONE', #5157, .T. ) ;
#5883 = DIRECTION ( 'NONE',  ( -6.204926139816740252E-16, -0.7071067811865475727, -0.7071067811865475727 ) ) ;
#5884 = DIRECTION ( 'NONE',  ( -1.000000000000000000, -0.000000000000000000, -0.000000000000000000 ) ) ;
#5885 = DIRECTION ( 'NONE',  ( -0.000000000000000000, 1.000000000000000000, 1.224646799147353207E-16 ) ) ;
#5886 = CARTESIAN_POINT ( 'NONE',  ( 13.70000000000000107, -17.39999999999999858, 1.677766114831873975E-15 ) ) ;
#5887 = CARTESIAN_POINT ( 'NONE',  ( -1.364715712891807486, 17.79999999999999361, -11.82148683639186615 ) ) ;
#5888 = ORIENTED_EDGE ( 'NONE', *, *, #2494, .F. ) ;
#5889 = EDGE_LOOP ( 'NONE', ( #7981, #7828, #4697, #1848, #647, #6229 ) ) ;
#5890 = AXIS2_PLACEMENT_3D ( 'NONE', #4390, #8867, #2237 ) ;
#5891 = VECTOR ( 'NONE', #1915, 1000.000000000000000 ) ;
#5892 = CARTESIAN_POINT ( 'NONE',  ( 0.000000000000000000, -2.009527318423362185, 0.000000000000000000 ) ) ;
#5893 = DIRECTION ( 'NONE',  ( -1.000000000000000000, -0.000000000000000000, -0.000000000000000000 ) ) ;
#5894 = CARTESIAN_POINT ( 'NONE',  ( 9.000000000000001776, -1.199999999999999734, -11.49999999999999822 ) ) ;
#5895 = CIRCLE ( 'NONE', #4830, 9.525000000000000355 ) ;
#5896 = CALENDAR_DATE ( 2025, 13, 3 ) ;
#5897 = PLANE ( 'NONE',  #6461 ) ;
#5898 = ORIENTED_EDGE ( 'NONE', *, *, #5392, .T. ) ;
#5899 = CARTESIAN_POINT ( 'NONE',  ( -9.069809202314482732, 13.39125000000001720, -9.069809202314353058 ) ) ;
#5900 = AXIS2_PLACEMENT_3D ( 'NONE', #8520, #1891, #4863 ) ;
#5901 = AXIS2_PLACEMENT_3D ( 'NONE', #3604, #5097, #7245 ) ;
#5902 = ORIENTED_EDGE ( 'NONE', *, *, #7095, .T. ) ;
#5903 = EDGE_CURVE ( 'NONE', #9357, #5495, #7397, .T. ) ;
#5904 = CARTESIAN_POINT ( 'NONE',  ( 10.26249793774846353, 11.70000000000000817, -7.481385973047218307 ) ) ;
#5905 = CARTESIAN_POINT ( 'NONE',  ( -4.929141392239914765, 16.38687500000001052, -11.89999999999996483 ) ) ;
#5906 = CC_DESIGN_PERSON_AND_ORGANIZATION_ASSIGNMENT ( #3504, #4267, ( #6082 ) ) ;
#5907 = CARTESIAN_POINT ( 'NONE',  ( 12.94999999999999218, -10.69999999999999041, 13.44999999999999929 ) ) ;
#5908 = EDGE_CURVE ( 'NONE', #8603, #3620, #2185, .T. ) ;
#5909 = DIRECTION ( 'NONE',  ( 0.000000000000000000, 0.000000000000000000, 1.000000000000000000 ) ) ;
#5910 = DIRECTION ( 'NONE',  ( 0.000000000000000000, 0.000000000000000000, -1.000000000000000000 ) ) ;
#5911 = MECHANICAL_CONTEXT ( 'NONE', #850, 'mechanical' ) ;
#5912 = AXIS2_PLACEMENT_3D ( 'NONE', #1876, #1160, #448 ) ;
#5913 = DIRECTION ( 'NONE',  ( 1.000000000000000000, -8.775090700452170181E-16, 0.000000000000000000 ) ) ;
#5914 = CARTESIAN_POINT ( 'NONE',  ( 7.349999999999998757, -1.247078193226541557E-15, 0.000000000000000000 ) ) ;
#5915 = ORIENTED_EDGE ( 'NONE', *, *, #3506, .T. ) ;
#5916 = CARTESIAN_POINT ( 'NONE',  ( 8.197108176188496742, 11.00546459109727238, 8.787269759175348582 ) ) ;
#5917 = ORIENTED_EDGE ( 'NONE', *, *, #8983, .T. ) ;
#5918 = EDGE_CURVE ( 'NONE', #1510, #9114, #9310, .T. ) ;
#5919 = CARTESIAN_POINT ( 'NONE',  ( 6.710680523104178619, -16.44727708890600582, -12.62625748697972661 ) ) ;
#5920 = ADVANCED_FACE ( 'NONE', ( #140 ), #3614, .F. ) ;
#5921 = CARTESIAN_POINT ( 'NONE',  ( 0.000000000000000000, 17.80000000000000071, 0.000000000000000000 ) ) ;
#5922 = LINE ( 'NONE', #3760, #993 ) ;
#5923 = AXIS2_PLACEMENT_3D ( 'NONE', #749, #2366, #8768 ) ;
#5924 = CC_DESIGN_APPROVAL ( #7015, ( #4540 ) ) ;
#5925 = ORIENTED_EDGE ( 'NONE', *, *, #4756, .F. ) ;
#5926 = ORIENTED_EDGE ( 'NONE', *, *, #534, .T. ) ;
#5927 = ORIENTED_EDGE ( 'NONE', *, *, #820, .F. ) ;
#5928 = ADVANCED_FACE ( 'NONE', ( #1556 ), #42, .F. ) ;
#5929 = EDGE_CURVE ( 'NONE', #932, #2422, #2233, .T. ) ;
#5930 = CARTESIAN_POINT ( 'NONE',  ( -13.99999999999999822, 0.000000000000000000, 0.000000000000000000 ) ) ;
#5931 = AXIS2_PLACEMENT_3D ( 'NONE', #8189, #4640, #6744 ) ;
#5932 = APPROVAL_PERSON_ORGANIZATION ( #6330, #8550, #8636 ) ;
#5933 = CYLINDRICAL_SURFACE ( 'NONE', #7329, 2.500000000000000444 ) ;
#5934 = CARTESIAN_POINT ( 'NONE',  ( -8.946127672407391939E-14, 15.84561978464833132, -12.69999999999996909 ) ) ;
#5935 = DIRECTION ( 'NONE',  ( 1.000000000000000000, 0.000000000000000000, 0.000000000000000000 ) ) ;
#5936 = CARTESIAN_POINT ( 'NONE',  ( 0.000000000000000000, 0.000000000000000000, 13.10000000000000142 ) ) ;
#5937 = VERTEX_POINT ( 'NONE', #8082 ) ;
#5938 = VERTEX_POINT ( 'NONE', #4433 ) ;
#5939 = CIRCLE ( 'NONE', #1803, 11.69999999999998863 ) ;
#5940 = CIRCLE ( 'NONE', #857, 3.675000000000008260 ) ;
#5941 = DIRECTION ( 'NONE',  ( 0.000000000000000000, 0.000000000000000000, -1.000000000000000000 ) ) ;
#5942 = CARTESIAN_POINT ( 'NONE',  ( 1.122512155537489559E-13, 17.14250000000000895, 11.89999999999999858 ) ) ;
#5943 = CARTESIAN_POINT ( 'NONE',  ( 11.90000000000003588, 16.11062500000001307, 4.929141392239745123 ) ) ;
#5944 = CARTESIAN_POINT ( 'NONE',  ( -9.035340417286478833E-14, 11.96250000000001990, -12.82664718204935106 ) ) ;
#5945 = DIRECTION ( 'NONE',  ( -1.000000000000000000, -0.000000000000000000, -0.000000000000000000 ) ) ;
#5946 = AXIS2_PLACEMENT_3D ( 'NONE', #9485, #2140, #2906 ) ;
#5947 = DATE_AND_TIME ( #102, #5637 ) ;
#5948 = CARTESIAN_POINT ( 'NONE',  ( -15.22582127265071783, 30.49999999999999645, -10.06137332587782929 ) ) ;
#5949 = ORIENTED_EDGE ( 'NONE', *, *, #7441, .F. ) ;
#5950 = ORIENTED_EDGE ( 'NONE', *, *, #8138, .T. ) ;
#5951 = CARTESIAN_POINT ( 'NONE',  ( 5.312971222579394137, 11.88312500000002281, -12.82664718204939014 ) ) ;
#5952 = AXIS2_PLACEMENT_3D ( 'NONE', #3288, #6072, #5299 ) ;
#5953 = ORIENTED_EDGE ( 'NONE', *, *, #4025, .T. ) ;
#5954 = DIRECTION ( 'NONE',  ( -1.000000000000000000, -0.000000000000000000, -0.000000000000000000 ) ) ;
#5955 = CARTESIAN_POINT ( 'NONE',  ( -11.89999999999999858, 12.81500000000001727, 8.309725586446656123E-14 ) ) ;
#5956 = CARTESIAN_POINT ( 'NONE',  ( 0.000000000000000000, 0.000000000000000000, -9.524999999999996803 ) ) ;
#5957 = DIRECTION ( 'NONE',  ( 0.000000000000000000, 0.000000000000000000, -1.000000000000000000 ) ) ;
#5958 = CARTESIAN_POINT ( 'NONE',  ( 0.000000000000000000, 17.80000000000000071, 0.000000000000000000 ) ) ;
#5959 = CONICAL_SURFACE ( 'NONE', #2271, 3.703925678971643265, 0.1745329251994260089 ) ;
#5960 = PERSON_AND_ORGANIZATION_ROLE ( 'classification_officer' ) ;
#5961 = DIRECTION ( 'NONE',  ( 0.000000000000000000, 0.000000000000000000, 1.000000000000000000 ) ) ;
#5962 = B_SPLINE_CURVE_WITH_KNOTS ( 'NONE', 3,
 ( #8487, #4204, #7812, #9221, #8586, #7177, #4931, #622, #9269, #4835, #6283, #4156, #7902, #7082, #2624, #4255 ),
 .UNSPECIFIED., .F., .F.,
 ( 4, 2, 2, 2, 2, 2, 2, 4 ),
 ( 0.003140726601653515138, 0.003533851854371106594, 0.003926977107088697183, 0.004320102359806288206, 0.004713227612523879229, 0.005106352865241471119, 0.005499478117959061274, 0.006285728623394243320 ),
 .UNSPECIFIED. ) ;
#5963 = ORIENTED_EDGE ( 'NONE', *, *, #8433, .T. ) ;
#5964 = APPROVAL ( #4012, 'UNKNOWN' ) ;
#5965 = CARTESIAN_POINT ( 'NONE',  ( 13.44999999999999929, 8.899999999999993250, 0.000000000000000000 ) ) ;
#5966 = ORIENTED_EDGE ( 'NONE', *, *, #7303, .F. ) ;
#5967 = EDGE_CURVE ( 'NONE', #4947, #655, #264, .T. ) ;
#5968 = CARTESIAN_POINT ( 'NONE',  ( -13.99999999999999822, 17.80000000000000071, 13.44999999999999929 ) ) ;
#5969 = DIRECTION ( 'NONE',  ( -1.000000000000000000, -0.000000000000000000, -0.000000000000000000 ) ) ;
#5970 = CARTESIAN_POINT ( 'NONE',  ( 17.47810899155977893, 2.299999999999996714, 0.000000000000000000 ) ) ;
#5971 = DIRECTION ( 'NONE',  ( 0.000000000000000000, 0.000000000000000000, 1.000000000000000000 ) ) ;
#5972 = ADVANCED_FACE ( 'NONE', ( #3766, #938 ), #7500, .T. ) ;
#5973 = TOROIDAL_SURFACE ( 'NONE', #2907, 13.50000000000000000, 0.3999999999999984679 ) ;
#5974 = ORIENTED_EDGE ( 'NONE', *, *, #1808, .T. ) ;
#5975 = VERTEX_POINT ( 'NONE', #4581 ) ;
#5976 = ADVANCED_BREP_SHAPE_REPRESENTATION ( '', ( #8287, #3836 ), #6445 ) ;
#5977 = EDGE_LOOP ( 'NONE', ( #248, #4973, #7495, #8578 ) ) ;
#5978 = EDGE_CURVE ( 'NONE', #3633, #3618, #3177, .T. ) ;
#5979 = DIRECTION ( 'NONE',  ( 1.000000000000000000, 0.000000000000000000, -4.205219310670844307E-16 ) ) ;
#5980 = AXIS2_PLACEMENT_3D ( 'NONE', #2777, #7130, #7083 ) ;
#5981 = CARTESIAN_POINT ( 'NONE',  ( 12.70000000000000817, 16.71874478464832947, 5.260512242138204009 ) ) ;
#5982 = DIRECTION ( 'NONE',  ( -1.000000000000000000, -0.000000000000000000, -0.000000000000000000 ) ) ;
#5983 = DIRECTION ( 'NONE',  ( -8.775090700452169195E-16, -1.000000000000000000, -0.000000000000000000 ) ) ;
#5984 = CARTESIAN_POINT ( 'NONE',  ( 11.90000000000000036, 10.90504963438918828, 0.3074148288386006067 ) ) ;
#5985 = ADVANCED_FACE ( 'NONE', ( #7243 ), #2241, .T. ) ;
#5986 = COORDINATED_UNIVERSAL_TIME_OFFSET ( 8, 0, .AHEAD. ) ;
#5987 = EDGE_CURVE ( 'NONE', #9066, #2801, #5007, .T. ) ;
#5988 = ORIENTED_EDGE ( 'NONE', *, *, #9099, .T. ) ;
#5989 = EDGE_LOOP ( 'NONE', ( #5046, #2308, #825, #3660 ) ) ;
#5990 = DIRECTION ( 'NONE',  ( 0.7071067811865474617, -0.000000000000000000, 0.7071067811865474617 ) ) ;
#5991 = ORIENTED_EDGE ( 'NONE', *, *, #4569, .F. ) ;
#5992 = CARTESIAN_POINT ( 'NONE',  ( 0.000000000000000000, 8.248891971046782956, 4.762500000000000178 ) ) ;
#5993 = CARTESIAN_POINT ( 'NONE',  ( 11.89999999999996483, 16.26937500000000725, -4.929141392239915653 ) ) ;
#5994 = CARTESIAN_POINT ( 'NONE',  ( 0.000000000000000000, -8.248891971046779403, -4.762499999999999289 ) ) ;
#5995 = CARTESIAN_POINT ( 'NONE',  ( 15.22582127265072316, 34.29999999999999716, 7.561373325877829288 ) ) ;
#5996 = COORDINATED_UNIVERSAL_TIME_OFFSET ( 8, 0, .AHEAD. ) ;
#5997 = CARTESIAN_POINT ( 'NONE',  ( 4.605170801781709677, 5.499261314031189229, -9.524999999999996803 ) ) ;
#5998 = ORIENTED_EDGE ( 'NONE', *, *, #5864, .T. ) ;
#5999 = VERTEX_POINT ( 'NONE', #5418 ) ;
#6000 = CARTESIAN_POINT ( 'NONE',  ( 4.929141392239922759, 17.22187500000000782, 11.89999999999996305 ) ) ;
#6001 = EDGE_LOOP ( 'NONE', ( #4236, #4347, #6740, #9412 ) ) ;
#6002 = CARTESIAN_POINT ( 'NONE',  ( 39.00000000000000000, 0.000000000000000000, 0.000000000000000000 ) ) ;
#6003 = CARTESIAN_POINT ( 'NONE',  ( -12.69999999999996732, 16.01688021535168716, 8.868362600661530955E-14 ) ) ;
#6004 = CIRCLE ( 'NONE', #5702, 1.969532683894253289 ) ;
#6005 = CARTESIAN_POINT ( 'NONE',  ( -11.89999999999996305, 15.43437500000000995, 4.929141392239922759 ) ) ;
#6006 = CARTESIAN_POINT ( 'NONE',  ( 0.000000000000000000, -17.39999999999999858, 0.000000000000000000 ) ) ;
#6007 = CARTESIAN_POINT ( 'NONE',  ( 4.727964354120389068, -5.957533090200453074, 8.731250000000001066 ) ) ;
#6008 = CARTESIAN_POINT ( 'NONE',  ( 33.09999999999998721, 0.000000000000000000, 0.000000000000000000 ) ) ;
#6009 = APPROVAL_ROLE ( '' ) ;
#6010 = FACE_OUTER_BOUND ( 'NONE', #8822, .T. ) ;
#6011 = LINE ( 'NONE', #7481, #4666 ) ;
#6012 = VECTOR ( 'NONE', #333, 1000.000000000000000 ) ;
#6013 = CARTESIAN_POINT ( 'NONE',  ( 0.000000000000000000, 0.000000000000000000, 13.00000000000000000 ) ) ;
#6014 = ORIENTED_EDGE ( 'NONE', *, *, #5058, .F. ) ;
#6015 = DIRECTION ( 'NONE',  ( -1.000000000000000000, -0.000000000000000000, -0.000000000000000000 ) ) ;
#6016 = ORIENTED_EDGE ( 'NONE', *, *, #4376, .T. ) ;
#6017 = CARTESIAN_POINT ( 'NONE',  ( 33.70000000000000284, 3.306546357697853733E-16, -2.700000000000000178 ) ) ;
#6018 = CARTESIAN_POINT ( 'NONE',  ( -8.017523061292044283E-14, 12.69750000000001577, -11.89999999999999858 ) ) ;
#6019 = CARTESIAN_POINT ( 'NONE',  ( -12.46752603324307884, 17.16727713021779778, -1.478416693754743827 ) ) ;
#6020 = DIRECTION ( 'NONE',  ( -1.000000000000000000, -0.000000000000000000, -0.000000000000000000 ) ) ;
#6021 = ORIENTED_EDGE ( 'NONE', *, *, #2342, .F. ) ;
#6022 = EDGE_LOOP ( 'NONE', ( #7602, #280, #1545, #7054 ) ) ;
#6023 = ORIENTED_EDGE ( 'NONE', *, *, #7722, .T. ) ;
#6024 = DIRECTION ( 'NONE',  ( -1.000000000000000000, -0.000000000000000000, -0.000000000000000000 ) ) ;
#6025 = EDGE_CURVE ( 'NONE', #3972, #4078, #4689, .T. ) ;
#6026 = DIRECTION ( 'NONE',  ( -8.775090700452169195E-16, -1.000000000000000000, -0.000000000000000000 ) ) ;
#6027 = CARTESIAN_POINT ( 'NONE',  ( 0.000000000000000000, 17.80000000000000071, 0.000000000000000000 ) ) ;
#6028 = CARTESIAN_POINT ( 'NONE',  ( 12.56412585201708865, -2.009527318423362185, 9.246769250645106908 ) ) ;
#6029 = CARTESIAN_POINT ( 'NONE',  ( -10.61987304526799214, 17.80000000000002203, -5.369198869700185561 ) ) ;
#6030 = EDGE_CURVE ( 'NONE', #2218, #5588, #578, .T. ) ;
#6031 = CARTESIAN_POINT ( 'NONE',  ( -4.929141392239895225, 12.57687500000001535, -11.89999999999997371 ) ) ;
#6032 = ORIENTED_EDGE ( 'NONE', *, *, #4447, .F. ) ;
#6033 = CARTESIAN_POINT ( 'NONE',  ( 0.000000000000000000, 0.000000000000000000, 0.000000000000000000 ) ) ;
#6034 = ORIENTED_EDGE ( 'NONE', *, *, #1802, .T. ) ;
#6035 = AXIS2_PLACEMENT_3D ( 'NONE', #9132, #493, #5486 ) ;
#6036 = CARTESIAN_POINT ( 'NONE',  ( -14.29000000000000803, -2.009527318423362185, -6.257467538869046386 ) ) ;
#6037 = EDGE_CURVE ( 'NONE', #9076, #3432, #8489, .T. ) ;
#6038 = CARTESIAN_POINT ( 'NONE',  ( 24.00000000000000000, 0.000000000000000000, 3.174999999999999822 ) ) ;
#6039 = CYLINDRICAL_SURFACE ( 'NONE', #8472, 14.00000000000000000 ) ;
#6040 = DIRECTION ( 'NONE',  ( -0.000000000000000000, -1.000000000000000000, -0.000000000000000000 ) ) ;
#6041 = ADVANCED_FACE ( 'NONE', ( #3158 ), #2555, .F. ) ;
#6042 = AXIS2_PLACEMENT_3D ( 'NONE', #1893, #5351, #4766 ) ;
#6043 = CARTESIAN_POINT ( 'NONE',  ( -0.9197178771811013176, 1.387329118893577240, -1.836563602685609142 ) ) ;
#6044 = VERTEX_POINT ( 'NONE', #8038 ) ;
#6045 = CARTESIAN_POINT ( 'NONE',  ( 8.414570696119975324, 19.84125000000000227, 8.414570696119856308 ) ) ;
#6046 = CARTESIAN_POINT ( 'NONE',  ( -7.209983302729766841, 11.18920315601907589, -9.836091823716483162 ) ) ;
#6047 = FACE_OUTER_BOUND ( 'NONE', #9059, .T. ) ;
#6048 = ADVANCED_FACE ( 'NONE', ( #5510 ), #7923, .F. ) ;
#6049 = VECTOR ( 'NONE', #3430, 1000.000000000000000 ) ;
#6050 = EDGE_CURVE ( 'NONE', #1411, #2987, #407, .T. ) ;
#6051 = CARTESIAN_POINT ( 'NONE',  ( 8.414570696119856308, 16.14875000000001037, -8.414570696119973547 ) ) ;
#6052 = CARTESIAN_POINT ( 'NONE',  ( 12.94999999999999218, 9.400000000000000355, -12.94999999999999218 ) ) ;
#6053 = CARTESIAN_POINT ( 'NONE',  ( 4.605170801781708789, -5.499261314031187453, 9.525000000000002132 ) ) ;
#6054 = CARTESIAN_POINT ( 'NONE',  ( 0.000000000000000000, 34.29999999999999716, 0.000000000000000000 ) ) ;
#6055 = PERSON_AND_ORGANIZATION ( #5176, #5070 ) ;
#6056 = CARTESIAN_POINT ( 'NONE',  ( 15.22582127265072316, 33.79999999999998295, 5.061373325877829288 ) ) ;
#6057 = CARTESIAN_POINT ( 'NONE',  ( 0.000000000000000000, 34.29999999999999716, 0.000000000000000000 ) ) ;
#6058 = CARTESIAN_POINT ( 'NONE',  ( 0.03610103003384669551, 9.165435523385314198, 3.175000000000001599 ) ) ;
#6059 = AXIS2_PLACEMENT_3D ( 'NONE', #7755, #278, #3960 ) ;
#6060 = DIRECTION ( 'NONE',  ( -0.000000000000000000, 0.000000000000000000, -1.000000000000000000 ) ) ;
#6061 = DIRECTION ( 'NONE',  ( 0.000000000000000000, 0.000000000000000000, 1.000000000000000000 ) ) ;
#6062 = ORIENTED_EDGE ( 'NONE', *, *, #8916, .F. ) ;
#6063 = CARTESIAN_POINT ( 'NONE',  ( 14.29000000000000625, -1.253080243804216343, 1.045109900473979225 ) ) ;
#6064 = CIRCLE ( 'NONE', #2076, 2.299999999999999822 ) ;
#6065 =( BOUNDED_CURVE ( )  B_SPLINE_CURVE ( 2, ( #6881, #5456, #7600, #4628, #3293, #277, #1809, #7548, #2568 ),
 .UNSPECIFIED., .F., .T. ) 
 B_SPLINE_CURVE_WITH_KNOTS ( ( 3, 2, 2, 2, 3 ),
 ( 0.5937500000000001110, 0.6093750000000000000, 0.6250000000000000000, 0.6406250000000000000, 0.6562499999999998890 ),
 .UNSPECIFIED. ) 
 CURVE ( )  GEOMETRIC_REPRESENTATION_ITEM ( )  RATIONAL_B_SPLINE_CURVE ( ( 0.9999999999999994449, 0.9238795325112872936, 1.000000000000000000, 0.9238795325112867385, 1.000000000000000000, 0.9238795325112867385, 1.000000000000000000, 0.9238795325112872936, 0.9999999999999994449 ) ) 
 REPRESENTATION_ITEM ( '' )  );
#6066 = CARTESIAN_POINT ( 'NONE',  ( 34.50000000000000000, 1.604287306883032847E-15, -13.10000000000000142 ) ) ;
#6067 = CARTESIAN_POINT ( 'NONE',  ( -0.6863807938583110779, 1.245044359540486534, 1.935803423452306049 ) ) ;
#6068 = CARTESIAN_POINT ( 'NONE',  ( 5.000000000000000000, 0.000000000000000000, -9.524999999999996803 ) ) ;
#6069 = FACE_OUTER_BOUND ( 'NONE', #6022, .T. ) ;
#6070 = ORIENTED_EDGE ( 'NONE', *, *, #6218, .F. ) ;
#6071 = VERTEX_POINT ( 'NONE', #6068 ) ;
#6072 = DIRECTION ( 'NONE',  ( -1.000000000000000000, -0.000000000000000000, -0.000000000000000000 ) ) ;
#6073 = DIRECTION ( 'NONE',  ( 1.000000000000000000, -8.775090700452167223E-16, 0.000000000000000000 ) ) ;
#6074 = LINE ( 'NONE', #6221, #4011 ) ;
#6075 = AXIS2_PLACEMENT_3D ( 'NONE', #1688, #4708, #3617 ) ;
#6076 = CARTESIAN_POINT ( 'NONE',  ( 12.64523126179759238, 11.70000000000000639, 1.178187733621459232 ) ) ;
#6077 = ORIENTED_EDGE ( 'NONE', *, *, #7613, .F. ) ;
#6078 = ORIENTED_EDGE ( 'NONE', *, *, #7079, .F. ) ;
#6079 = DIRECTION ( 'NONE',  ( -8.775090700452169195E-16, -1.000000000000000000, -0.000000000000000000 ) ) ;
#6080 = ORIENTED_EDGE ( 'NONE', *, *, #1443, .T. ) ;
#6081 = APPROVAL ( #6604, '未指定' ) ;
#6082 = PRODUCT_DEFINITION_FORMATION_WITH_SPECIFIED_SOURCE ( '任何', '', #5084, .NOT_KNOWN. ) ;
#6083 = DIRECTION ( 'NONE',  ( -0.7071067811865474617, -4.903554850278087362E-15, -0.7071067811865474617 ) ) ;
#6084 = CARTESIAN_POINT ( 'NONE',  ( -8.414570696119973547, 15.39625000000001087, -8.414570696119856308 ) ) ;
#6085 = CARTESIAN_POINT ( 'NONE',  ( 11.69999999999999929, 9.400000000000002132, 0.000000000000000000 ) ) ;
#6086 = CYLINDRICAL_SURFACE ( 'NONE', #2633, 3.174999999999999822 ) ;
#6087 = VECTOR ( 'NONE', #1143, 1000.000000000000000 ) ;
#6088 = ORGANIZATION ( 'NAUO-ORG5', 'UNSPECIFIED', 'UNSPECIFIED' ) ;
#6089 = CARTESIAN_POINT ( 'NONE',  ( -12.94999999999999218, -11.19999999999999929, -12.94999999999999218 ) ) ;
#6090 = VERTEX_POINT ( 'NONE', #4618 ) ;
#6091 = EDGE_CURVE ( 'NONE', #2961, #488, #7587, .T. ) ;
#6092 = ORIENTED_EDGE ( 'NONE', *, *, #534, .F. ) ;
#6093 = CARTESIAN_POINT ( 'NONE',  ( -11.89999999999999858, 18.09500000000000597, 8.309725586446653599E-14 ) ) ;
#6094 = ADVANCED_BREP_SHAPE_REPRESENTATION ( '', ( #5102, #3836 ), #8117 ) ;
#6095 = CARTESIAN_POINT ( 'NONE',  ( 5.209675419483176917, 11.05028497295908352, -10.89475104777451797 ) ) ;
#6096 = EDGE_CURVE ( 'NONE', #7654, #5634, #2410, .T. ) ;
#6097 = CARTESIAN_POINT ( 'NONE',  ( -9.948714176619638749, 17.26523173826758040, 7.502765275918934940 ) ) ;
#6098 = CIRCLE ( 'NONE', #2573, 3.399999999999999911 ) ;
#6099 = CARTESIAN_POINT ( 'NONE',  ( 4.929141392239747788, 13.68812500000001542, -11.90000000000003233 ) ) ;
#6100 = B_SPLINE_CURVE_WITH_KNOTS ( 'NONE', 3,
 ( #4497, #1673, #3877, #1533, #854, #6043, #7466, #7415, #8830, #6797, #2248, #3160, #5180, #905, #3782, #1621 ),
 .UNSPECIFIED., .F., .F.,
 ( 4, 2, 2, 2, 2, 2, 2, 4 ),
 ( 0.000000000000000000, 0.0004369336833866093719, 0.0008738673667732187438, 0.001310801050159828007, 0.001747734733546437488, 0.002621602100319656015, 0.003058535783706265495, 0.003495469467092874975 ),
 .UNSPECIFIED. ) ;
#6101 = CARTESIAN_POINT ( 'NONE',  ( 5.260512242138205785, 14.49624478464833643, -12.70000000000000462 ) ) ;
#6102 = CARTESIAN_POINT ( 'NONE',  ( 8.414570696119834992, 12.53875000000001627, -8.414570696119994864 ) ) ;
#6103 = DIRECTION ( 'NONE',  ( -1.000000000000000000, -0.000000000000000000, -0.000000000000000000 ) ) ;
#6104 = PERSON_AND_ORGANIZATION ( #5176, #5070 ) ;
#6105 = CARTESIAN_POINT ( 'NONE',  ( 12.94999999999999218, -11.19999999999999929, 13.44999999999999929 ) ) ;
#6106 = CARTESIAN_POINT ( 'NONE',  ( 1.166364368369171172E-15, 8.707163747216045024, 3.968749999999999112 ) ) ;
#6107 = ADVANCED_FACE ( 'NONE', ( #3949 ), #5161, .F. ) ;
#6108 = EDGE_CURVE ( 'NONE', #7931, #6458, #6871, .T. ) ;
#6109 = CARTESIAN_POINT ( 'NONE',  ( 0.3952250588359064176, 0.000000000000000000, 0.000000000000000000 ) ) ;
#6110 = CARTESIAN_POINT ( 'NONE',  ( -10.77636534613066921, -16.11891868594210209, 10.27893325996521590 ) ) ;
#6111 = VERTEX_POINT ( 'NONE', #1785 ) ;
#6112 = DIRECTION ( 'NONE',  ( 0.000000000000000000, -1.000000000000000000, 0.000000000000000000 ) ) ;
#6113 = AXIS2_PLACEMENT_3D ( 'NONE', #2760, #8789, #7065 ) ;
#6114 = CARTESIAN_POINT ( 'NONE',  ( 14.29000000000000448, -1.772990474325763621, 5.236092080348630162 ) ) ;
#6115 = DIRECTION ( 'NONE',  ( 1.000000000000000000, -8.746504920891471725E-16, 0.000000000000000000 ) ) ;
#6116 = CARTESIAN_POINT ( 'NONE',  ( 15.22582127265072316, 30.49999999999999645, 7.561373325877829288 ) ) ;
#6117 = FACE_OUTER_BOUND ( 'NONE', #8601, .T. ) ;
#6118 = EDGE_LOOP ( 'NONE', ( #8193, #7103, #6594, #1320 ) ) ;
#6119 = CIRCLE ( 'NONE', #4270, 6.349999999999997868 ) ;
#6120 = CARTESIAN_POINT ( 'NONE',  ( 8.414570696119978876, 12.02125000000001798, 8.414570696119850979 ) ) ;
#6121 = ORIENTED_EDGE ( 'NONE', *, *, #7599, .T. ) ;
#6122 = SHAPE_REPRESENTATION ( 'KF25-TB4', ( #3836 ), #1850 ) ;
#6123 = DIRECTION ( 'NONE',  ( 0.000000000000000000, 0.000000000000000000, 1.000000000000000000 ) ) ;
#6124 = DIRECTION ( 'NONE',  ( -1.000000000000000000, -0.000000000000000000, -0.000000000000000000 ) ) ;
#6125 = FACE_OUTER_BOUND ( 'NONE', #4888, .T. ) ;
#6126 = FACE_OUTER_BOUND ( 'NONE', #9191, .T. ) ;
#6127 = CARTESIAN_POINT ( 'NONE',  ( -0.5000000000000035527, 0.000000000000000000, 0.000000000000000000 ) ) ;
#6128 = ORIENTED_EDGE ( 'NONE', *, *, #3404, .F. ) ;
#6129 = EDGE_LOOP ( 'NONE', ( #1812, #1131, #6529, #2295 ) ) ;
#6130 = ORIENTED_EDGE ( 'NONE', *, *, #1358, .F. ) ;
#6131 = AXIS2_PLACEMENT_3D ( 'NONE', #7058, #504, #2072 ) ;
#6132 = B_SPLINE_CURVE_WITH_KNOTS ( 'NONE', 3,
 ( #4590, #382, #9069, #4684 ),
 .UNSPECIFIED., .F., .F.,
 ( 4, 4 ),
 ( 0.01118968547759082929, 0.01669505163429731501 ),
 .UNSPECIFIED. ) ;
#6133 = CARTESIAN_POINT ( 'NONE',  ( 0.3948291982182993154, -5.499261314031187453, 9.525000000000002132 ) ) ;
#6134 = CARTESIAN_POINT ( 'NONE',  ( -8.414570696119973547, 14.12625000000001307, -8.414570696119856308 ) ) ;
#6135 = FACE_OUTER_BOUND ( 'NONE', #4137, .T. ) ;
#6136 = CARTESIAN_POINT ( 'NONE',  ( -12.69999999999991225, 13.55625521535169575, 5.260512242138404737 ) ) ;
#6137 = CONICAL_SURFACE ( 'NONE', #3068, 3.399999999999999911, 0.1745329251994260089 ) ;
#6138 = DATE_AND_TIME ( #9024, #1029 ) ;
#6140 = CARTESIAN_POINT ( 'NONE',  ( 0.000000000000000000, 0.000000000000000000, 0.000000000000000000 ) ) ;
#6139 = UNCERTAINTY_MEASURE_WITH_UNIT (LENGTH_MEASURE( 1.000000000000000082E-05 ), #6454, 'distance_accuracy_value', 'NONE');
#6141 = VERTEX_POINT ( 'NONE', #7576 ) ;
#6142 = ORIENTED_EDGE ( 'NONE', *, *, #520, .F. ) ;
#6143 = CARTESIAN_POINT ( 'NONE',  ( 4.929141392239747788, 18.96812500000000057, -11.90000000000003233 ) ) ;
#6144 = CARTESIAN_POINT ( 'NONE',  ( 3.734898307268936346, 11.06758615952845659, -11.48199535478843458 ) ) ;
#6145 = CARTESIAN_POINT ( 'NONE',  ( 0.000000000000000000, 17.80000000000000071, 0.000000000000000000 ) ) ;
#6146 = CARTESIAN_POINT ( 'NONE',  ( -8.414570696119854532, 10.43375000000002117, 8.414570696119975324 ) ) ;
#6147 = EDGE_CURVE ( 'NONE', #4552, #5561, #861, .T. ) ;
#6148 = CARTESIAN_POINT ( 'NONE',  ( 12.69999999999996909, 16.79811978464832833, -9.023892744153249136E-14 ) ) ;
#6149 = DIRECTION ( 'NONE',  ( -0.000000000000000000, -1.000000000000000000, -0.000000000000000000 ) ) ;
#6150 = CARTESIAN_POINT ( 'NONE',  ( 0.000000000000000000, 0.000000000000000000, 0.000000000000000000 ) ) ;
#6151 = DATE_TIME_ROLE ( 'creation_date' ) ;
#6152 = EDGE_CURVE ( 'NONE', #4146, #5528, #6392, .T. ) ;
#6153 = DIRECTION ( 'NONE',  ( -0.000000000000000000, 0.000000000000000000, 1.000000000000000000 ) ) ;
#6154 = PLANE ( 'NONE',  #5476 ) ;
#6155 = DIRECTION ( 'NONE',  ( 1.000000000000000000, -8.775090700452170181E-16, 0.000000000000000000 ) ) ;
#6156 = VERTEX_POINT ( 'NONE', #998 ) ;
#6157 = ADVANCED_FACE ( 'NONE', ( #5469 ), #8290, .T. ) ;
#6158 = EDGE_CURVE ( 'NONE', #7795, #7456, #9318, .T. ) ;
#6159 = CARTESIAN_POINT ( 'NONE',  ( -15.22582127265071783, 30.49999999999999645, -10.06137332587782929 ) ) ;
#6160 = CARTESIAN_POINT ( 'NONE',  ( 9.564848863492874352E-15, 10.90000000000001101, 0.000000000000000000 ) ) ;
#6161 = CARTESIAN_POINT ( 'NONE',  ( -11.90325246105772727, 17.14031709467332476, -4.024314190286808035 ) ) ;
#6162 = CIRCLE ( 'NONE', #948, 2.499999999999998668 ) ;
#6163 = ADVANCED_FACE ( 'NONE', ( #2550 ), #312, .T. ) ;
#6164 = FACE_OUTER_BOUND ( 'NONE', #7894, .T. ) ;
#6165 = ORIENTED_EDGE ( 'NONE', *, *, #4445, .F. ) ;
#6166 = CARTESIAN_POINT ( 'NONE',  ( 34.50000000000000000, 0.000000000000000000, 0.000000000000000000 ) ) ;
#6167 = ORIENTED_EDGE ( 'NONE', *, *, #9296, .F. ) ;
#6168 = VECTOR ( 'NONE', #3539, 1000.000000000000000 ) ;
#6169 = CARTESIAN_POINT ( 'NONE',  ( 4.929141392239953845, 17.02187500000000853, 11.89999999999993108 ) ) ;
#6170 = EDGE_CURVE ( 'NONE', #1236, #7743, #2500, .T. ) ;
#6171 = EDGE_CURVE ( 'NONE', #9114, #2101, #8382, .T. ) ;
#6172 = FACE_OUTER_BOUND ( 'NONE', #6579, .T. ) ;
#6173 = CARTESIAN_POINT ( 'NONE',  ( 11.99999999999999645, 9.400000000000002132, 0.000000000000000000 ) ) ;
#6174 = CARTESIAN_POINT ( 'NONE',  ( 4.727964354120388180, -5.957533090200453962, -8.731249999999993960 ) ) ;
#6175 = AXIS2_PLACEMENT_3D ( 'NONE', #417, #7118, #3529 ) ;
#6176 = ORIENTED_EDGE ( 'NONE', *, *, #3916, .T. ) ;
#6177 = EDGE_LOOP ( 'NONE', ( #6438, #5159, #5001, #7206, #6070, #4765, #2270, #5739, #7165, #7933, #1235, #2137, #5105, #8432, #3482, #6989, #2997, #3543, #2952, #722, #6130, #3104, #1760, #6820, #4439, #1865 ) ) ;
#6178 = ORIENTED_EDGE ( 'NONE', *, *, #3110, .T. ) ;
#6179 = DIRECTION ( 'NONE',  ( 0.000000000000000000, 0.000000000000000000, -1.000000000000000000 ) ) ;
#6180 = CARTESIAN_POINT ( 'NONE',  ( -11.89999999999996305, 13.09437500000001720, 4.929141392239922759 ) ) ;
#6181 = DIRECTION ( 'NONE',  ( 0.000000000000000000, 0.000000000000000000, -1.000000000000000000 ) ) ;
#6182 = DIRECTION ( 'NONE',  ( 0.000000000000000000, 0.000000000000000000, 1.000000000000000000 ) ) ;
#6183 = DATE_AND_TIME ( #8242, #5019 ) ;
#6184 = ORIENTED_EDGE ( 'NONE', *, *, #2205, .T. ) ;
#6185 = ORIENTED_EDGE ( 'NONE', *, *, #4624, .F. ) ;
#6186 = CONICAL_SURFACE ( 'NONE', #5878, 8.252653961416930528, 0.1745329251994354181 ) ;
#6187 = ORIENTED_EDGE ( 'NONE', *, *, #7367, .F. ) ;
#6188 = CARTESIAN_POINT ( 'NONE',  ( -5.530092287193662415, 11.16822135689756834, -10.86821320548656722 ) ) ;
#6189 = CARTESIAN_POINT ( 'NONE',  ( 9.108199171718355913, 17.49066194805499563, 8.140772847439169624 ) ) ;
#6190 = CARTESIAN_POINT ( 'NONE',  ( -12.82664718204935106, 18.63000000000000611, 8.956799855210033214E-14 ) ) ;
#6191 = AXIS2_PLACEMENT_3D ( 'NONE', #8919, #8134, #1566 ) ;
#6192 = DIRECTION ( 'NONE',  ( 0.000000000000000000, 0.000000000000000000, -1.000000000000000000 ) ) ;
#6193 = DIRECTION ( 'NONE',  ( 0.000000000000000000, 0.000000000000000000, 1.000000000000000000 ) ) ;
#6194 = CALENDAR_DATE ( 2025, 13, 3 ) ;
#6195 = CARTESIAN_POINT ( 'NONE',  ( 5.000000000000000000, 0.000000000000000000, 9.525000000000002132 ) ) ;
#6196 = CARTESIAN_POINT ( 'NONE',  ( 12.82664718204935106, 20.53500000000000014, -9.113880979362923189E-14 ) ) ;
#6197 = EDGE_LOOP ( 'NONE', ( #6815, #7075, #9213 ) ) ;
#6198 = EDGE_CURVE ( 'NONE', #5843, #2678, #7774, .T. ) ;
#6199 = AXIS2_PLACEMENT_3D ( 'NONE', #5430, #7777, #9133 ) ;
#6200 = CARTESIAN_POINT ( 'NONE',  ( 0.000000000000000000, 0.000000000000000000, 15.00000000000000000 ) ) ;
#6201 = ORIENTED_EDGE ( 'NONE', *, *, #9439, .T. ) ;
#6202 = CARTESIAN_POINT ( 'NONE',  ( -8.414570696119840321, 15.51375000000001236, 8.414570696119989535 ) ) ;
#6203 = CC_DESIGN_PERSON_AND_ORGANIZATION_ASSIGNMENT ( #1587, #213, ( #3472 ) ) ;
#6204 = EDGE_CURVE ( 'NONE', #2678, #5843, #1796, .T. ) ;
#6205 = DIRECTION ( 'NONE',  ( 0.000000000000000000, 0.000000000000000000, -1.000000000000000000 ) ) ;
#6206 = CARTESIAN_POINT ( 'NONE',  ( 34.40000000000000568, 5.499261314031195447, 9.525000000000002132 ) ) ;
#6207 = DIRECTION ( 'NONE',  ( 0.000000000000000000, 0.000000000000000000, -1.000000000000000000 ) ) ;
#6208 = AXIS2_PLACEMENT_3D ( 'NONE', #3911, #9160, #232 ) ;
#6209 = CIRCLE ( 'NONE', #2837, 2.299999999999999822 ) ;
#6210 = CARTESIAN_POINT ( 'NONE',  ( 1.457329690985350196E-15, 17.80000000000000071, 11.89999999999999858 ) ) ;
#6211 = VERTEX_POINT ( 'NONE', #9043 ) ;
#6212 = EDGE_CURVE ( 'NONE', #5618, #5011, #8846, .T. ) ;
#6213 = DIRECTION ( 'NONE',  ( 0.000000000000000000, -0.000000000000000000, 1.000000000000000000 ) ) ;
#6214 = ORIENTED_EDGE ( 'NONE', *, *, #6274, .F. ) ;
#6215 = AXIS2_PLACEMENT_3D ( 'NONE', #2359, #9101, #1599 ) ;
#6216 = PERSON ( 'NAUO-PER4', 'UNSPECIFIED', 'UNSPECIFIED', ('UNSPECIFIED'), ('UNSPECIFIED'), ('UNSPECIFIED') ) ;
#6217 = AXIS2_PLACEMENT_3D ( 'NONE', #5272, #2294, #3114 ) ;
#6218 = EDGE_CURVE ( 'NONE', #3618, #5410, #3786, .T. ) ;
#6219 = CARTESIAN_POINT ( 'NONE',  ( 4.929141392239772657, 17.49812500000000881, -11.90000000000000924 ) ) ;
#6220 = CYLINDRICAL_SURFACE ( 'NONE', #9195, 3.174999999999999822 ) ;
#6221 = CARTESIAN_POINT ( 'NONE',  ( -15.22582127265071783, 30.49999999999999645, -5.061373325877829288 ) ) ;
#6222 = DIRECTION ( 'NONE',  ( -1.000000000000000000, -0.000000000000000000, -0.000000000000000000 ) ) ;
#6223 = DIRECTION ( 'NONE',  ( 8.775090700452169195E-16, 1.000000000000000000, 0.000000000000000000 ) ) ;
#6224 = CARTESIAN_POINT ( 'NONE',  ( 44.00000000000000000, 0.000000000000000000, 0.000000000000000000 ) ) ;
#6225 = VERTEX_POINT ( 'NONE', #3944 ) ;
#6226 = EDGE_CURVE ( 'NONE', #6420, #3689, #2582, .T. ) ;
#6227 = ORIENTED_EDGE ( 'NONE', *, *, #4220, .F. ) ;
#6228 = EDGE_CURVE ( 'NONE', #8017, #3432, #8225, .T. ) ;
#6229 = ORIENTED_EDGE ( 'NONE', *, *, #4909, .F. ) ;
#6230 = FACE_OUTER_BOUND ( 'NONE', #4404, .T. ) ;
#6231 = AXIS2_PLACEMENT_3D ( 'NONE', #8275, #1129, #6966 ) ;
#6232 = CARTESIAN_POINT ( 'NONE',  ( -8.414570696119854532, 13.17375000000001606, 8.414570696119975324 ) ) ;
#6233 = DIRECTION ( 'NONE',  ( -8.775090700452169195E-16, -1.000000000000000000, 0.000000000000000000 ) ) ;
#6234 = FACE_OUTER_BOUND ( 'NONE', #6331, .T. ) ;
#6235 = ORIENTED_EDGE ( 'NONE', *, *, #5903, .T. ) ;
#6236 = EDGE_LOOP ( 'NONE', ( #2016, #4586, #1490, #1032 ) ) ;
#6237 = AXIS2_PLACEMENT_3D ( 'NONE', #1606, #8958, #6682 ) ;
#6238 = CC_DESIGN_APPROVAL ( #8903, ( #3472 ) ) ;
#6239 = CARTESIAN_POINT ( 'NONE',  ( -7.726057123094974125E-14, 13.76750000000001606, -11.89999999999999858 ) ) ;
#6240 = EDGE_LOOP ( 'NONE', ( #3389, #6933, #7814 ) ) ;
#6241 = CARTESIAN_POINT ( 'NONE',  ( 10.35054178693426152, 10.97480056896053746, -6.074665357722042636 ) ) ;
#6242 = CARTESIAN_POINT ( 'NONE',  ( -7.653362724167342535, 17.29750269002667196, 9.767813329542880396 ) ) ;
#6243 = CARTESIAN_POINT ( 'NONE',  ( 12.82664718204931376, 18.07437500000000341, -5.312971222579575326 ) ) ;
#6244 = APPROVAL_PERSON_ORGANIZATION ( #3205, #5964, #6840 ) ;
#6245 = DIRECTION ( 'NONE',  ( 0.000000000000000000, -0.000000000000000000, 1.000000000000000000 ) ) ;
#6246 = DIRECTION ( 'NONE',  ( -1.000000000000000000, -0.000000000000000000, -0.000000000000000000 ) ) ;
#6247 = APPROVAL_STATUS ( 'not_yet_approved' ) ;
#6248 = CARTESIAN_POINT ( 'NONE',  ( -11.44999999999999751, 0.000000000000000000, 0.000000000000000000 ) ) ;
#6249 = CARTESIAN_POINT ( 'NONE',  ( 12.82664718204939192, 17.91562500000000924, 5.312971222579391473 ) ) ;
#6250 = VERTEX_POINT ( 'NONE', #1789 ) ;
#6251 = AXIS2_PLACEMENT_3D ( 'NONE', #4780, #2377, #995 ) ;
#6252 = CARTESIAN_POINT ( 'NONE',  ( 0.000000000000000000, 0.000000000000000000, 14.00000000000000000 ) ) ;
#6253 = CONICAL_SURFACE ( 'NONE', #2086, 2.499999999999998668, 1.029744258676653867 ) ;
#6254 = ORIENTED_EDGE ( 'NONE', *, *, #2522, .T. ) ;
#6255 = DIRECTION ( 'NONE',  ( 0.000000000000000000, -1.224646799147348770E-16, 1.000000000000000000 ) ) ;
#6256 = FACE_OUTER_BOUND ( 'NONE', #4744, .T. ) ;
#6257 = DIRECTION ( 'NONE',  ( 0.000000000000000000, -0.000000000000000000, 1.000000000000000000 ) ) ;
#6258 = DIRECTION ( 'NONE',  ( -1.000000000000000000, -0.000000000000000000, -0.000000000000000000 ) ) ;
#6259 = AXIS2_PLACEMENT_3D ( 'NONE', #478, #7126, #4253 ) ;
#6260 = CARTESIAN_POINT ( 'NONE',  ( -8.414570696119973547, 16.66625000000000867, -8.414570696119856308 ) ) ;
#6261 = ORIENTED_EDGE ( 'NONE', *, *, #1626, .T. ) ;
#6262 = PLANE ( 'NONE',  #586 ) ;
#6263 = ORIENTED_EDGE ( 'NONE', *, *, #3519, .T. ) ;
#6264 = VECTOR ( 'NONE', #2365, 1000.000000000000114 ) ;
#6265 = CARTESIAN_POINT ( 'NONE',  ( -12.56412585201708687, -2.009527318423362185, 9.246769250645106908 ) ) ;
#6266 = DIRECTION ( 'NONE',  ( 0.000000000000000000, -1.000000000000000000, 0.000000000000000000 ) ) ;
#6267 = EDGE_CURVE ( 'NONE', #1043, #8756, #1948, .T. ) ;
#6268 = PLANE ( 'NONE',  #4794 ) ;
#6269 = SHAPE_REPRESENTATION_RELATIONSHIP ( 'NONE' , 'NONE' ,  #3729, #6094 ) ;
#6270 = PERSON_AND_ORGANIZATION ( #5176, #5070 ) ;
#6271 = FACE_OUTER_BOUND ( 'NONE', #8334, .T. ) ;
#6272 = AXIS2_PLACEMENT_3D ( 'NONE', #4883, #8678, #6416 ) ;
#6273 = CARTESIAN_POINT ( 'NONE',  ( 12.69999999999996909, 11.71811978464834070, -9.023892744153249136E-14 ) ) ;
#6274 = EDGE_CURVE ( 'NONE', #4635, #5242, #4148, .T. ) ;
#6275 = VERTEX_POINT ( 'NONE', #4809 ) ;
#6276 = EDGE_LOOP ( 'NONE', ( #7122, #4587 ) ) ;
#6277 = ORIENTED_EDGE ( 'NONE', *, *, #6226, .T. ) ;
#6278 = DIRECTION ( 'NONE',  ( -8.775090700452169195E-16, -1.000000000000000000, -0.000000000000000000 ) ) ;
#6279 = CIRCLE ( 'NONE', #7810, 19.70352761804100439 ) ;
#6280 = CARTESIAN_POINT ( 'NONE',  ( -4.929141392239751340, 13.25312500000001492, 11.90000000000003233 ) ) ;
#6281 = DIRECTION ( 'NONE',  ( -0.000000000000000000, 1.000000000000000000, -0.000000000000000000 ) ) ;
#6282 = ADVANCED_FACE ( 'NONE', ( #8312 ), #2245, .T. ) ;
#6283 = CARTESIAN_POINT ( 'NONE',  ( 1.314067014872313699, 1.044870462717771176, -1.578848837621156243 ) ) ;
#6284 = EDGE_CURVE ( 'NONE', #6250, #3577, #1072, .T. ) ;
#6285 = CALENDAR_DATE ( 2025, 13, 3 ) ;
#6286 = ORIENTED_EDGE ( 'NONE', *, *, #8371, .F. ) ;
#6287 = ORIENTED_EDGE ( 'NONE', *, *, #5734, .F. ) ;
#6288 = AXIS2_PLACEMENT_3D ( 'NONE', #8704, #4411, #2122 ) ;
#6289 = FACE_BOUND ( 'NONE', #8648, .T. ) ;
#6290 = FACE_OUTER_BOUND ( 'NONE', #6404, .T. ) ;
#6291 = CARTESIAN_POINT ( 'NONE',  ( 11.50007457652317555, 17.54209598205188314, 3.965820559391619149 ) ) ;
#6292 = CARTESIAN_POINT ( 'NONE',  ( 9.192421541439370070E-14, 17.67750000000000909, 12.82664718204935106 ) ) ;
#6293 = CIRCLE ( 'NONE', #4135, 12.69999999999999751 ) ;
#6294 = PLANE ( 'NONE',  #4489 ) ;
#6295 = CARTESIAN_POINT ( 'NONE',  ( -1.365213330385478600E-14, 13.71446665693449951, 0.000000000000000000 ) ) ;
#6296 = PERSON_AND_ORGANIZATION_ROLE ( 'creator' ) ;
#6297 = CARTESIAN_POINT ( 'NONE',  ( 33.89999999999999858, 7.776507174585691177E-16, -6.349999999999997868 ) ) ;
#6298 = CARTESIAN_POINT ( 'NONE',  ( -9.069809202314351282, 18.78875000000000739, 9.069809202314482732 ) ) ;
#6299 = ORIENTED_EDGE ( 'NONE', *, *, #4922, .F. ) ;
#6300 = LOCAL_TIME ( 22, 23, 34.00000000000000000, #1232 ) ;
#6301 = ORIENTED_EDGE ( 'NONE', *, *, #4569, .T. ) ;
#6302 = FACE_OUTER_BOUND ( 'NONE', #5814, .T. ) ;
#6303 = CARTESIAN_POINT ( 'NONE',  ( 11.09820558839086324, 11.64694926141084252, 6.077114582206666782 ) ) ;
#6304 = CARTESIAN_POINT ( 'NONE',  ( 34.00693079519157891, 2.400307726328812296E-15, -19.59999999999999787 ) ) ;
#6305 = CARTESIAN_POINT ( 'NONE',  ( -8.980256121069064790, 16.17563021535169554, 8.980256121069192687 ) ) ;
#6306 = DIRECTION ( 'NONE',  ( 0.000000000000000000, 0.000000000000000000, 1.000000000000000000 ) ) ;
#6307 = CARTESIAN_POINT ( 'NONE',  ( -4.929141392239690056, 11.78312500000001961, 11.90000000000005898 ) ) ;
#6308 = AXIS2_PLACEMENT_3D ( 'NONE', #5583, #8600, #1208 ) ;
#6309 = ORIENTED_EDGE ( 'NONE', *, *, #5812, .F. ) ;
#6310 = FACE_OUTER_BOUND ( 'NONE', #5277, .T. ) ;
#6311 = ORIENTED_EDGE ( 'NONE', *, *, #2159, .F. ) ;
#6312 = CARTESIAN_POINT ( 'NONE',  ( 11.90000000000003588, 18.45062500000001293, 4.929141392239745123 ) ) ;
#6313 = AXIS2_PLACEMENT_3D ( 'NONE', #3067, #2290, #9337 ) ;
#6314 = DIRECTION ( 'NONE',  ( -1.000000000000000000, -0.000000000000000000, -0.000000000000000000 ) ) ;
#6315 = DIRECTION ( 'NONE',  ( 1.000000000000000000, 0.000000000000000000, 0.000000000000000000 ) ) ;
#6316 = APPROVAL_STATUS ( 'not_yet_approved' ) ;
#6317 = LINE ( 'NONE', #9257, #3136 ) ;
#6318 = DIRECTION ( 'NONE',  ( -1.000000000000000000, -0.000000000000000000, -0.000000000000000000 ) ) ;
#6319 = EDGE_LOOP ( 'NONE', ( #1737, #8860, #5174, #2904 ) ) ;
#6320 = ORIENTED_EDGE ( 'NONE', *, *, #5315, .T. ) ;
#6321 = CIRCLE ( 'NONE', #8626, 3.174999999999999822 ) ;
#6322 = ORIENTED_EDGE ( 'NONE', *, *, #9284, .F. ) ;
#6323 = EDGE_CURVE ( 'NONE', #6587, #6775, #4661, .T. ) ;
#6324 = CARTESIAN_POINT ( 'NONE',  ( 24.00000000000000000, 0.000000000000000000, 0.000000000000000000 ) ) ;
#6325 = PRODUCT_RELATED_PRODUCT_CATEGORY ( 'detail', '', ( #9460 ) ) ;
#6326 = DIRECTION ( 'NONE',  ( 0.000000000000000000, 0.000000000000000000, 1.000000000000000000 ) ) ;
#6327 = ADVANCED_FACE ( 'NONE', ( #6302 ), #5589, .T. ) ;
#6328 = CARTESIAN_POINT ( 'NONE',  ( -12.94999999999999218, -11.19999999999999929, 12.94999999999999218 ) ) ;
#6329 = CONICAL_SURFACE ( 'NONE', #3108, 9.525000000000000355, 1.308996938995753645 ) ;
#6330 = PERSON_AND_ORGANIZATION ( #6216, #6998 ) ;
#6331 = EDGE_LOOP ( 'NONE', ( #6829, #4660, #2824, #1773, #4498, #475, #5633, #5022, #1942, #6764 ) ) ;
#6332 = VERTEX_POINT ( 'NONE', #7785 ) ;
#6333 = ORIENTED_EDGE ( 'NONE', *, *, #2689, .F. ) ;
#6334 = EDGE_CURVE ( 'NONE', #5587, #1501, #121, .T. ) ;
#6335 = CIRCLE ( 'NONE', #4482, 2.500000000000000444 ) ;
#6336 = DIRECTION ( 'NONE',  ( 0.000000000000000000, 1.000000000000000000, 0.000000000000000000 ) ) ;
#6337 = CARTESIAN_POINT ( 'NONE',  ( 4.929141392239922759, 10.67187500000002309, 11.89999999999996305 ) ) ;
#6338 = ADVANCED_FACE ( 'NONE', ( #7963 ), #5636, .F. ) ;
#6339 = B_SPLINE_CURVE_WITH_KNOTS ( 'NONE', 3,
 ( #9065, #5408, #9112, #2614, #6174, #1757 ),
 .UNSPECIFIED., .F., .F.,
 ( 4, 2, 4 ),
 ( 0.005499492254138865256, 0.008249122911154458532, 0.01099875356817004921 ),
 .UNSPECIFIED. ) ;
#6340 = DIRECTION ( 'NONE',  ( -1.000000000000000000, -0.000000000000000000, -0.000000000000000000 ) ) ;
#6341 = CARTESIAN_POINT ( 'NONE',  ( 0.000000000000000000, 1.500000000000000000, 0.000000000000000000 ) ) ;
#6342 = PERSON_AND_ORGANIZATION_ROLE ( 'creator' ) ;
#6343 = DIRECTION ( 'NONE',  ( 0.000000000000000000, 0.000000000000000000, 1.000000000000000000 ) ) ;
#6344 = CARTESIAN_POINT ( 'NONE',  ( 9.069809202314482732, 20.37625000000000242, 9.069809202314353058 ) ) ;
#6345 = ORIENTED_EDGE ( 'NONE', *, *, #8690, .F. ) ;
#6346 = EDGE_CURVE ( 'NONE', #2354, #7795, #3462, .T. ) ;
#6347 = ADVANCED_FACE ( 'NONE', ( #1359 ), #4544, .T. ) ;
#6348 = ORIENTED_EDGE ( 'NONE', *, *, #2862, .F. ) ;
#6349 = CARTESIAN_POINT ( 'NONE',  ( -8.977052440135475209, -1.322524263830414881, -11.31776705059789734 ) ) ;
#6350 = CARTESIAN_POINT ( 'NONE',  ( 0.000000000000000000, 17.80000000000000071, 0.000000000000000000 ) ) ;
#6351 = CARTESIAN_POINT ( 'NONE',  ( 9.101657815899105072E-14, 12.67061978464833771, 12.69999999999996909 ) ) ;
#6352 = CARTESIAN_POINT ( 'NONE',  ( 8.980256121069066566, 11.87686978464834020, -8.980256121069194464 ) ) ;
#6353 = CARTESIAN_POINT ( 'NONE',  ( -8.414570696119865190, 11.70375000000001897, 8.414570696119964666 ) ) ;
#6354 = ORIENTED_EDGE ( 'NONE', *, *, #5700, .F. ) ;
#6355 = FACE_BOUND ( 'NONE', #7666, .T. ) ;
#6356 = ORIENTED_EDGE ( 'NONE', *, *, #7072, .T. ) ;
#6357 = DIRECTION ( 'NONE',  ( -1.000000000000000000, -0.000000000000000000, -0.000000000000000000 ) ) ;
#6358 = VECTOR ( 'NONE', #1039, 1000.000000000000000 ) ;
#6359 = FACE_OUTER_BOUND ( 'NONE', #7149, .T. ) ;
#6360 = CARTESIAN_POINT ( 'NONE',  ( 11.90000000000003233, 11.03062500000001833, 4.929141392239750452 ) ) ;
#6361 = APPLICATION_PROTOCOL_DEFINITION ( 'international standard', 'config_control_design', 1994, #8766 ) ;
#6362 = DIRECTION ( 'NONE',  ( -0.000000000000000000, -0.000000000000000000, -1.000000000000000000 ) ) ;
#6363 = EDGE_LOOP ( 'NONE', ( #4789, #1857, #1269, #4546 ) ) ;
#6364 = EDGE_LOOP ( 'NONE', ( #9227, #1553 ) ) ;
#6365 = AXIS2_PLACEMENT_3D ( 'NONE', #5348, #1795, #177 ) ;
#6366 = CIRCLE ( 'NONE', #6059, 8.252653961416930528 ) ;
#6367 = ORIENTED_EDGE ( 'NONE', *, *, #9046, .F. ) ;
#6368 = DIRECTION ( 'NONE',  ( 0.000000000000000000, 0.000000000000000000, 1.000000000000000000 ) ) ;
#6369 = CARTESIAN_POINT ( 'NONE',  ( -11.89999999999996305, 11.82437500000001940, 4.929141392239922759 ) ) ;
#6370 = DIRECTION ( 'NONE',  ( -0.000000000000000000, 0.000000000000000000, 1.000000000000000000 ) ) ;
#6371 = DIRECTION ( 'NONE',  ( 0.000000000000000000, 0.000000000000000000, 1.000000000000000000 ) ) ;
#6372 = FACE_OUTER_BOUND ( 'NONE', #7088, .T. ) ;
#6373 =( BOUNDED_CURVE ( )  B_SPLINE_CURVE ( 2, ( #4800, #7947, #3219 ),
 .UNSPECIFIED., .F., .T. ) 
 B_SPLINE_CURVE_WITH_KNOTS ( ( 3, 3 ),
 ( 0.2789275894978148762, 0.2812500000000001110 ),
 .UNSPECIFIED. ) 
 CURVE ( )  GEOMETRIC_REPRESENTATION_ITEM ( )  RATIONAL_B_SPLINE_CURVE ( ( 0.9807351085325344275, 0.9886858897198704810, 1.000000000000000444 ) ) 
 REPRESENTATION_ITEM ( '' )  );
#6374 = DATE_AND_TIME ( #2822, #2404 ) ;
#6375 = VERTEX_POINT ( 'NONE', #5049 ) ;
#6376 = ORIENTED_EDGE ( 'NONE', *, *, #2814, .T. ) ;
#6377 = ORIENTED_EDGE ( 'NONE', *, *, #7735, .F. ) ;
#6378 = CARTESIAN_POINT ( 'NONE',  ( 8.414570696119842097, 16.34875000000000966, -8.414570696119989535 ) ) ;
#6379 = CARTESIAN_POINT ( 'NONE',  ( 34.40000000000000568, -5.499261314031186565, 9.525000000000002132 ) ) ;
#6380 = CARTESIAN_POINT ( 'NONE',  ( -12.82664718204935106, 13.55000000000001670, 8.956799855210033214E-14 ) ) ;
#6381 = CARTESIAN_POINT ( 'NONE',  ( 5.000000000000000000, -5.499261314031190118, -9.524999999999996803 ) ) ;
#6382 = ADVANCED_FACE ( 'NONE', ( #1441 ), #1483, .F. ) ;
#6383 = VECTOR ( 'NONE', #5818, 1000.000000000000000 ) ;
#6384 = APPROVAL_DATE_TIME ( #8352, #7597 ) ;
#6385 = CC_DESIGN_APPROVAL ( #8008, ( #3774 ) ) ;
#6386 = DIRECTION ( 'NONE',  ( 0.000000000000000000, 0.000000000000000000, 1.000000000000000000 ) ) ;
#6387 = CARTESIAN_POINT ( 'NONE',  ( 9.069809202314353058, 19.42375000000000185, -9.069809202314482732 ) ) ;
#6388 = ADVANCED_FACE ( 'NONE', ( #5681, #8605 ), #6523, .T. ) ;
#6389 = EDGE_LOOP ( 'NONE', ( #4536, #1005, #667, #487 ) ) ;
#6390 = ORIENTED_EDGE ( 'NONE', *, *, #9093, .T. ) ;
#6391 = CARTESIAN_POINT ( 'NONE',  ( -1.725874147982916718, -2.009527318423362185, -15.50423678951415596 ) ) ;
#6392 = CIRCLE ( 'NONE', #717, 3.175000000000006484 ) ;
#6393 = CC_DESIGN_SECURITY_CLASSIFICATION ( #5485, ( #9486 ) ) ;
#6394 = DIRECTION ( 'NONE',  ( 0.000000000000000000, 0.000000000000000000, -1.000000000000000000 ) ) ;
#6395 = CARTESIAN_POINT ( 'NONE',  ( 1.026685611952905444E-14, 11.70000000000001883, 0.000000000000000000 ) ) ;
#6396 = CARTESIAN_POINT ( 'NONE',  ( 0.000000000000000000, 0.000000000000000000, 0.000000000000000000 ) ) ;
#6397 = EDGE_CURVE ( 'NONE', #533, #7144, #3555, .T. ) ;
#6398 = EDGE_CURVE ( 'NONE', #3534, #991, #9380, .T. ) ;
#6399 = CARTESIAN_POINT ( 'NONE',  ( 12.94999999999999218, -11.19999999999999929, -12.94999999999999218 ) ) ;
#6400 = VECTOR ( 'NONE', #8338, 1000.000000000000000 ) ;
#6401 = VECTOR ( 'NONE', #1319, 1000.000000000000000 ) ;
#6402 = VERTEX_POINT ( 'NONE', #9422 ) ;
#6403 = DIRECTION ( 'NONE',  ( 1.000000000000000000, 0.000000000000000000, 0.000000000000000000 ) ) ;
#6404 = EDGE_LOOP ( 'NONE', ( #6988, #7349, #2606, #1294 ) ) ;
#6405 = DIRECTION ( 'NONE',  ( 0.000000000000000000, 0.000000000000000000, -1.000000000000000000 ) ) ;
#6406 = CONICAL_SURFACE ( 'NONE', #889, 14.70352761804100616, 1.308996938995746318 ) ;
#6407 = DIRECTION ( 'NONE',  ( 0.000000000000000000, -1.224646799147353454E-16, 1.000000000000000000 ) ) ;
#6408 = CARTESIAN_POINT ( 'NONE',  ( -9.000000000000001776, -11.19999999999999929, 6.500000000000000888 ) ) ;
#6409 = PERSON_AND_ORGANIZATION_ROLE ( 'design_owner' ) ;
#6410 = CARTESIAN_POINT ( 'NONE',  ( 0.000000000000000000, 0.000000000000000000, 3.174999999999999822 ) ) ;
#6411 = ORIENTED_EDGE ( 'NONE', *, *, #3232, .T. ) ;
#6412 = ORIENTED_EDGE ( 'NONE', *, *, #2062, .T. ) ;
#6413 = CIRCLE ( 'NONE', #451, 3.200000000000000178 ) ;
#6414 = EDGE_LOOP ( 'NONE', ( #897, #4335, #4209, #5181 ) ) ;
#6415 = DIRECTION ( 'NONE',  ( -1.000000000000000000, -0.000000000000000000, -0.000000000000000000 ) ) ;
#6416 = DIRECTION ( 'NONE',  ( 0.000000000000000000, 0.000000000000000000, 1.000000000000000000 ) ) ;
#6417 = CIRCLE ( 'NONE', #6272, 20.00000000000000000 ) ;
#6418 = DIRECTION ( 'NONE',  ( -9.800697604388738773E-17, 1.000000000000000000, -0.000000000000000000 ) ) ;
#6419 = CONTEXT_DEPENDENT_SHAPE_REPRESENTATION ( #2880, #8640 ) ;
#6420 = VERTEX_POINT ( 'NONE', #7283 ) ;
#6421 = DIRECTION ( 'NONE',  ( 0.000000000000000000, 0.000000000000000000, 1.000000000000000000 ) ) ;
#6422 = TOROIDAL_SURFACE ( 'NONE', #1986, 20.24999999999999645, 1.500000000000001332 ) ;
#6423 = DIRECTION ( 'NONE',  ( 0.000000000000000000, 0.000000000000000000, 1.000000000000000000 ) ) ;
#6424 = CARTESIAN_POINT ( 'NONE',  ( 14.00000000000000000, -17.39999999999999858, 1.714505518806294638E-15 ) ) ;
#6425 = CARTESIAN_POINT ( 'NONE',  ( 14.29000000000000092, -15.92822258487690235, -5.230854042680326721 ) ) ;
#6426 =( BOUNDED_CURVE ( )  B_SPLINE_CURVE ( 2, ( #375, #5358, #3243, #8282, #4001, #3866, #1709, #6031, #6928 ),
 .UNSPECIFIED., .F., .T. ) 
 B_SPLINE_CURVE_WITH_KNOTS ( ( 3, 2, 2, 2, 3 ),
 ( 0.7187500000000001110, 0.7343750000000001110, 0.7500000000000000000, 0.7656250000000000000, 0.7812500000000000000 ),
 .UNSPECIFIED. ) 
 CURVE ( )  GEOMETRIC_REPRESENTATION_ITEM ( )  RATIONAL_B_SPLINE_CURVE ( ( 0.9999999999999994449, 0.9238795325112872936, 1.000000000000000000, 0.9238795325112867385, 1.000000000000000000, 0.9238795325112867385, 1.000000000000000000, 0.9238795325112867385, 1.000000000000000000 ) ) 
 REPRESENTATION_ITEM ( '' )  );
#6427 = CARTESIAN_POINT ( 'NONE',  ( -9.069809202314351282, 16.24875000000001180, 9.069809202314482732 ) ) ;
#6428 = CARTESIAN_POINT ( 'NONE',  ( 0.3952250588359064176, 0.000000000000000000, 0.000000000000000000 ) ) ;
#6429 = CIRCLE ( 'NONE', #6131, 2.500000000000000444 ) ;
#6430 = APPROVAL_STATUS ( 'not_yet_approved' ) ;
#6431 = CARTESIAN_POINT ( 'NONE',  ( -8.980256121069192687, 12.04813021535169959, -8.980256121069064790 ) ) ;
#6432 = ORIENTED_EDGE ( 'NONE', *, *, #8335, .F. ) ;
#6433 = CARTESIAN_POINT ( 'NONE',  ( -9.069809202314482732, 14.66125000000001499, -9.069809202314353058 ) ) ;
#6434 = ORIENTED_EDGE ( 'NONE', *, *, #3092, .T. ) ;
#6435 = VERTEX_POINT ( 'NONE', #3416 ) ;
#6436 = B_SPLINE_CURVE_WITH_KNOTS ( 'NONE', 3,
 ( #3843, #1017, #5286, #1544 ),
 .UNSPECIFIED., .F., .F.,
 ( 4, 4 ),
 ( 0.07654802094401999546, 0.07716221106804667385 ),
 .UNSPECIFIED. ) ;
#6437 = EDGE_CURVE ( 'NONE', #1188, #8028, #2714, .T. ) ;
#6438 = ORIENTED_EDGE ( 'NONE', *, *, #1069, .F. ) ;
#6439 = CIRCLE ( 'NONE', #4289, 15.59999999999999964 ) ;
#6440 = CARTESIAN_POINT ( 'NONE',  ( -12.94999999999999218, 9.150000000000019895, -13.19999999999999574 ) ) ;
#6441 = DIRECTION ( 'NONE',  ( 0.000000000000000000, 0.000000000000000000, 1.000000000000000000 ) ) ;
#6442 = EDGE_CURVE ( 'NONE', #8856, #4015, #6997, .T. ) ;
#6443 = DIRECTION ( 'NONE',  ( 0.000000000000000000, 0.000000000000000000, 1.000000000000000000 ) ) ;
#6444 = DIRECTION ( 'NONE',  ( -1.000000000000000000, -0.000000000000000000, -0.000000000000000000 ) ) ;
#6445 =( GEOMETRIC_REPRESENTATION_CONTEXT ( 3 ) GLOBAL_UNCERTAINTY_ASSIGNED_CONTEXT ( ( #853 ) ) GLOBAL_UNIT_ASSIGNED_CONTEXT ( ( #8667, #8527, #7119 ) ) REPRESENTATION_CONTEXT ( 'NONE', 'WORKASPACE' ) );
#6446 = ORIENTED_EDGE ( 'NONE', *, *, #3750, .T. ) ;
#6447 = DIRECTION ( 'NONE',  ( -1.000000000000000000, 0.000000000000000000, -0.000000000000000000 ) ) ;
#6448 = ORIENTED_EDGE ( 'NONE', *, *, #7413, .T. ) ;
#6449 = ADVANCED_FACE ( 'NONE', ( #7829 ), #7766, .F. ) ;
#6450 = CARTESIAN_POINT ( 'NONE',  ( 46.70000000000001705, 2.816687638038912056E-16, -2.299999999999999822 ) ) ;
#6451 = CARTESIAN_POINT ( 'NONE',  ( 11.09999999999999964, 17.60000000000000142, 1.359357947053560184E-15 ) ) ;
#6452 = EDGE_CURVE ( 'NONE', #8120, #9441, #2924, .T. ) ;
#6453 = LINE ( 'NONE', #4918, #4016 ) ;
#6454 =( LENGTH_UNIT ( ) NAMED_UNIT ( * ) SI_UNIT ( .MILLI., .METRE. ) );
#6455 = CARTESIAN_POINT ( 'NONE',  ( 7.349999999999998757, -1.247078193226541557E-15, 0.000000000000000000 ) ) ;
#6456 = ORIENTED_EDGE ( 'NONE', *, *, #3448, .F. ) ;
#6457 = ORIENTED_EDGE ( 'NONE', *, *, #6323, .F. ) ;
#6458 = VERTEX_POINT ( 'NONE', #9335 ) ;
#6459 = ADVANCED_FACE ( 'NONE', ( #4952 ), #4230, .T. ) ;
#6460 = EDGE_CURVE ( 'NONE', #9104, #5475, #5233, .T. ) ;
#6461 = AXIS2_PLACEMENT_3D ( 'NONE', #720, #55, #7234 ) ;
#6462 = DIRECTION ( 'NONE',  ( -1.000000000000000000, -0.000000000000000000, -0.000000000000000000 ) ) ;
#6463 = DIRECTION ( 'NONE',  ( 0.000000000000000000, 0.000000000000000000, 1.000000000000000000 ) ) ;
#6464 = CARTESIAN_POINT ( 'NONE',  ( 34.10000000000000142, 12.69999999999999751, 0.000000000000000000 ) ) ;
#6465 = DIRECTION ( 'NONE',  ( -1.000000000000000000, -0.000000000000000000, -0.000000000000000000 ) ) ;
#6466 = CARTESIAN_POINT ( 'NONE',  ( 4.727964354120389956, -10.54025085189310929, 0.7937500000000046185 ) ) ;
#6467 = APPROVAL_DATE_TIME ( #624, #5564 ) ;
#6468 = AXIS2_PLACEMENT_3D ( 'NONE', #3252, #199, #1718 ) ;
#6469 = ORIENTED_EDGE ( 'NONE', *, *, #5388, .T. ) ;
#6470 = ORIENTED_EDGE ( 'NONE', *, *, #6910, .T. ) ;
#6471 = DIRECTION ( 'NONE',  ( -1.000000000000000000, -0.000000000000000000, -0.000000000000000000 ) ) ;
#6472 = CARTESIAN_POINT ( 'NONE',  ( 9.213849232481779339, 17.67440014336845522, -7.739466112584741708 ) ) ;
#6473 = AXIS2_PLACEMENT_3D ( 'NONE', #6591, #5885, #5793 ) ;
#6474 = CARTESIAN_POINT ( 'NONE',  ( -9.069809202314351282, 14.97875000000001400, 9.069809202314482732 ) ) ;
#6475 = PERSON_AND_ORGANIZATION ( #5176, #5070 ) ;
#6476 = CARTESIAN_POINT ( 'NONE',  ( -5.260512242138209338, 13.86124478464833487, 12.70000000000000284 ) ) ;
#6477 = EDGE_LOOP ( 'NONE', ( #7669, #876 ) ) ;
#6478 = AXIS2_PLACEMENT_3D ( 'NONE', #5602, #1229, #9206 ) ;
#6479 = ORIENTED_EDGE ( 'NONE', *, *, #5156, .T. ) ;
#6480 = EDGE_LOOP ( 'NONE', ( #4867, #249 ) ) ;
#6481 = DIRECTION ( 'NONE',  ( 0.000000000000000000, -1.000000000000000000, 0.000000000000000000 ) ) ;
#6482 = CARTESIAN_POINT ( 'NONE',  ( 0.000000000000000000, 0.000000000000000000, 0.000000000000000000 ) ) ;
#6483 = VECTOR ( 'NONE', #7286, 1000.000000000000227 ) ;
#6484 = CARTESIAN_POINT ( 'NONE',  ( 1.411198324284514749, 1.029582330437466497, 1.492581830847414137 ) ) ;
#6485 = FACE_OUTER_BOUND ( 'NONE', #2918, .T. ) ;
#6486 = LINE ( 'NONE', #5008, #2693 ) ;
#6487 = DIRECTION ( 'NONE',  ( -1.507912601349432577E-32, 1.224646799147353207E-16, 1.000000000000000000 ) ) ;
#6488 = ORIENTED_EDGE ( 'NONE', *, *, #5572, .F. ) ;
#6489 = CC_DESIGN_DATE_AND_TIME_ASSIGNMENT ( #4561, #8991, ( #8375 ) ) ;
#6490 = FACE_OUTER_BOUND ( 'NONE', #8577, .T. ) ;
#6491 = B_SPLINE_CURVE_WITH_KNOTS ( 'NONE', 3,
 ( #9180, #4065, #8345, #1775, #4696, #4163 ),
 .UNSPECIFIED., .F., .F.,
 ( 4, 2, 4 ),
 ( 0.01384642555474738246, 0.01390011930886696223, 0.01395381306298654374 ),
 .UNSPECIFIED. ) ;
#6492 = VERTEX_POINT ( 'NONE', #7377 ) ;
#6493 = EDGE_CURVE ( 'NONE', #5855, #787, #6536, .T. ) ;
#6494 = FACE_OUTER_BOUND ( 'NONE', #3443, .T. ) ;
#6495 = CYLINDRICAL_SURFACE ( 'NONE', #2182, 11.89999999999999858 ) ;
#6496 = CIRCLE ( 'NONE', #680, 9.525000000000000355 ) ;
#6497 = FACE_OUTER_BOUND ( 'NONE', #7393, .T. ) ;
#6498 = EDGE_CURVE ( 'NONE', #3432, #8756, #9002, .T. ) ;
#6499 = ORIENTED_EDGE ( 'NONE', *, *, #7259, .T. ) ;
#6500 = ORIENTED_EDGE ( 'NONE', *, *, #5750, .F. ) ;
#6501 = ORIENTED_EDGE ( 'NONE', *, *, #3750, .F. ) ;
#6502 = EDGE_CURVE ( 'NONE', #6375, #6736, #5024, .T. ) ;
#6503 = CARTESIAN_POINT ( 'NONE',  ( 44.00000000000000000, 1.812477262738082086E-15, -14.59999999999999609 ) ) ;
#6504 = CARTESIAN_POINT ( 'NONE',  ( -12.44999999999999929, 0.000000000000000000, 0.000000000000000000 ) ) ;
#6505 = LINE ( 'NONE', #4978, #2132 ) ;
#6506 = LINE ( 'NONE', #3054, #5856 ) ;
#6507 = CARTESIAN_POINT ( 'NONE',  ( -12.69999999999996732, 14.74688021535169291, 8.868362600661530955E-14 ) ) ;
#6508 = CARTESIAN_POINT ( 'NONE',  ( -14.29000000000000448, -16.44691975619575430, 1.045109900475309272 ) ) ;
#6509 = ADVANCED_FACE ( 'NONE', ( #6047 ), #8150, .F. ) ;
#6510 = CONICAL_SURFACE ( 'NONE', #1307, 11.00000000000000000, 1.308996938995746762 ) ;
#6511 = EDGE_CURVE ( 'NONE', #7467, #3738, #539, .T. ) ;
#6512 = CIRCLE ( 'NONE', #6812, 3.174999999999999822 ) ;
#6513 = ORIENTED_EDGE ( 'NONE', *, *, #371, .F. ) ;
#6514 = VERTEX_POINT ( 'NONE', #4409 ) ;
#6515 = CARTESIAN_POINT ( 'NONE',  ( 7.379662733313866241, 17.70041771656326191, -9.471402681860812578 ) ) ;
#6516 = TOROIDAL_SURFACE ( 'NONE', #8046, 4.688733431983854061, 1.000000000000000444 ) ;
#6517 = CARTESIAN_POINT ( 'NONE',  ( 12.82664718204935106, 16.72500000000001208, -9.113880979362924452E-14 ) ) ;
#6518 = DATE_AND_TIME ( #7867, #113 ) ;
#6519 = DIRECTION ( 'NONE',  ( 0.5000000000000003331, 0.000000000000000000, 0.8660254037844385966 ) ) ;
#6520 = ORIENTED_EDGE ( 'NONE', *, *, #9382, .T. ) ;
#6521 = ORIENTED_EDGE ( 'NONE', *, *, #1945, .F. ) ;
#6522 = CYLINDRICAL_SURFACE ( 'NONE', #7264, 2.499999999999998668 ) ;
#6523 = PLANE ( 'NONE',  #429 ) ;
#6524 = DIRECTION ( 'NONE',  ( 0.000000000000000000, 0.000000000000000000, -1.000000000000000000 ) ) ;
#6525 = DIRECTION ( 'NONE',  ( 0.000000000000000000, 0.000000000000000000, 1.000000000000000000 ) ) ;
#6526 = CYLINDRICAL_SURFACE ( 'NONE', #1428, 6.349999999999999645 ) ;
#6527 = CARTESIAN_POINT ( 'NONE',  ( 12.69999999999996732, 15.38188021535169447, -9.023892744153245350E-14 ) ) ;
#6528 = CARTESIAN_POINT ( 'NONE',  ( 0.000000000000000000, 0.000000000000000000, 0.000000000000000000 ) ) ;
#6529 = ORIENTED_EDGE ( 'NONE', *, *, #7150, .T. ) ;
#6530 = VECTOR ( 'NONE', #8034, 1000.000000000000000 ) ;
#6531 = DIRECTION ( 'NONE',  ( -2.664535259100375697E-15, 0.000000000000000000, -1.000000000000000000 ) ) ;
#6532 = APPROVAL_PERSON_ORGANIZATION ( #917, #7899, #3841 ) ;
#6533 = VERTEX_POINT ( 'NONE', #3835 ) ;
#6534 = CARTESIAN_POINT ( 'NONE',  ( 8.947569504916666361, -1.334767296204543818, -11.33478903118297687 ) ) ;
#6535 = CARTESIAN_POINT ( 'NONE',  ( 9.101657815899102548E-14, 12.52438021535169810, 12.69999999999996732 ) ) ;
#6536 = CIRCLE ( 'NONE', #2402, 2.300000000000001155 ) ;
#6537 = CC_DESIGN_DATE_AND_TIME_ASSIGNMENT ( #4690, #2478, ( #6538 ) ) ;
#6538 = SECURITY_CLASSIFICATION ( '', '', #4061 ) ;
#6539 = EDGE_CURVE ( 'NONE', #1258, #6211, #2110, .T. ) ;
#6540 = DIRECTION ( 'NONE',  ( -1.000000000000000000, 8.195543980992796558E-16, 0.000000000000000000 ) ) ;
#6541 = DIRECTION ( 'NONE',  ( 1.000000000000000000, 0.000000000000000000, 0.000000000000000000 ) ) ;
#6542 = ORIENTED_EDGE ( 'NONE', *, *, #2876, .F. ) ;
#6543 = ORIENTED_EDGE ( 'NONE', *, *, #2494, .T. ) ;
#6544 = VERTEX_POINT ( 'NONE', #8102 ) ;
#6545 = CIRCLE ( 'NONE', #8710, 2.299999999999999822 ) ;
#6546 = AXIS2_PLACEMENT_3D ( 'NONE', #1368, #4866, #4185 ) ;
#6547 = DIRECTION ( 'NONE',  ( 0.000000000000000000, 0.000000000000000000, 1.000000000000000000 ) ) ;
#6548 = EDGE_CURVE ( 'NONE', #991, #4643, #7299, .T. ) ;
#6549 = DIRECTION ( 'NONE',  ( -0.7071067811865474617, -0.7071067811865474617, 0.000000000000000000 ) ) ;
#6550 = DIRECTION ( 'NONE',  ( -1.000000000000000000, -0.000000000000000000, -0.000000000000000000 ) ) ;
#6551 = FACE_OUTER_BOUND ( 'NONE', #168, .T. ) ;
#6552 = CARTESIAN_POINT ( 'NONE',  ( -12.27635182233306743, 0.000000000000000000, 8.045708121834929116 ) ) ;
#6553 = EDGE_CURVE ( 'NONE', #8696, #5741, #82, .T. ) ;
#6554 = CARTESIAN_POINT ( 'NONE',  ( 11.89999999999999858, 10.91000000000001968, -1.472344940069727538E-13 ) ) ;
#6555 = AXIS2_PLACEMENT_3D ( 'NONE', #5788, #8033, #6632 ) ;
#6556 = ORIENTED_EDGE ( 'NONE', *, *, #7805, .F. ) ;
#6557 = ORIENTED_EDGE ( 'NONE', *, *, #3745, .T. ) ;
#6558 = CARTESIAN_POINT ( 'NONE',  ( 8.414570696119838544, 13.60875000000001478, -8.414570696119993087 ) ) ;
#6559 = CARTESIAN_POINT ( 'NONE',  ( -8.308988999489114440E-14, 11.42750000000001975, -11.89999999999999858 ) ) ;
#6560 = EDGE_CURVE ( 'NONE', #8929, #6533, #4554, .T. ) ;
#6561 = VECTOR ( 'NONE', #9220, 1000.000000000000114 ) ;
#6562 = EDGE_CURVE ( 'NONE', #2161, #8979, #3951, .T. ) ;
#6563 = CARTESIAN_POINT ( 'NONE',  ( 5.312971222579579766, 11.40687500000002430, 12.82664718204931198 ) ) ;
#6564 = COORDINATED_UNIVERSAL_TIME_OFFSET ( 8, 0, .AHEAD. ) ;
#6565 = DIRECTION ( 'NONE',  ( 9.800697604388738773E-17, -1.000000000000000000, 0.000000000000000000 ) ) ;
#6566 = EDGE_LOOP ( 'NONE', ( #531, #5320, #1151, #4467 ) ) ;
#6567 = VECTOR ( 'NONE', #9205, 1000.000000000000000 ) ;
#6568 = CARTESIAN_POINT ( 'NONE',  ( 9.069809202314482732, 15.29625000000001300, 9.069809202314353058 ) ) ;
#6569 = VERTEX_POINT ( 'NONE', #8834 ) ;
#6570 = ORIENTED_EDGE ( 'NONE', *, *, #9285, .T. ) ;
#6571 = CARTESIAN_POINT ( 'NONE',  ( 12.94999999999999218, 9.400000000000000355, -12.94999999999999218 ) ) ;
#6572 = ADVANCED_FACE ( 'NONE', ( #5185 ), #1537, .T. ) ;
#6573 = AXIS2_PLACEMENT_3D ( 'NONE', #1025, #7640, #6869 ) ;
#6574 = CARTESIAN_POINT ( 'NONE',  ( 0.000000000000000000, 0.000000000000000000, 0.000000000000000000 ) ) ;
#6575 = LINE ( 'NONE', #4321, #8198 ) ;
#6576 = SHAPE_DEFINITION_REPRESENTATION ( #3016, #5082 ) ;
#6577 = DIRECTION ( 'NONE',  ( -1.237404653380196553E-16, 1.000000000000000000, 0.000000000000000000 ) ) ;
#6578 = DIRECTION ( 'NONE',  ( 1.000000000000000000, 1.231304080816852664E-16, -0.000000000000000000 ) ) ;
#6579 = EDGE_LOOP ( 'NONE', ( #7949, #7845, #4985 ) ) ;
#6580 = LINE ( 'NONE', #30, #7162 ) ;
#6581 = ORIENTED_EDGE ( 'NONE', *, *, #8611, .T. ) ;
#6582 = CARTESIAN_POINT ( 'NONE',  ( 15.22582127265072316, 30.49999999999999645, 7.561373325877829288 ) ) ;
#6583 = CARTESIAN_POINT ( 'NONE',  ( 7.328660793497090431, 10.92652016301129336, 9.500480598742759852 ) ) ;
#6584 = CIRCLE ( 'NONE', #2604, 0.2999999999999999334 ) ;
#6585 = ORIENTED_EDGE ( 'NONE', *, *, #8023, .T. ) ;
#6586 = ORIENTED_EDGE ( 'NONE', *, *, #8030, .T. ) ;
#6587 = VERTEX_POINT ( 'NONE', #2587 ) ;
#6588 = CARTESIAN_POINT ( 'NONE',  ( -14.28999999999999737, -15.69047268157663666, 6.257467538869061485 ) ) ;
#6589 = DIRECTION ( 'NONE',  ( -1.000000000000000000, 9.376883653928698457E-16, 0.000000000000000000 ) ) ;
#6590 = CARTESIAN_POINT ( 'NONE',  ( 33.89999999999999858, 0.000000000000000000, 0.000000000000000000 ) ) ;
#6591 = CARTESIAN_POINT ( 'NONE',  ( 34.49999999999999289, 1.555301434917138630E-15, -12.70000000000000107 ) ) ;
#6592 = CARTESIAN_POINT ( 'NONE',  ( 1.239098530816317244E-13, 12.06250000000001776, 11.89999999999999858 ) ) ;
#6593 = CYLINDRICAL_SURFACE ( 'NONE', #100, 11.00000000000000000 ) ;
#6594 = ORIENTED_EDGE ( 'NONE', *, *, #3050, .T. ) ;
#6595 = EDGE_CURVE ( 'NONE', #2351, #4195, #8889, .T. ) ;
#6596 = ORIENTED_EDGE ( 'NONE', *, *, #5473, .F. ) ;
#6597 = CIRCLE ( 'NONE', #7833, 3.174999999999999822 ) ;
#6598 = APPROVAL ( #1923, '未指定' ) ;
#6599 = ADVANCED_FACE ( 'NONE', ( #5579 ), #3213, .T. ) ;
#6600 = DIRECTION ( 'NONE',  ( 0.000000000000000000, 0.000000000000000000, 1.000000000000000000 ) ) ;
#6601 = DIRECTION ( 'NONE',  ( -1.000000000000000000, -0.000000000000000000, -0.000000000000000000 ) ) ;
#6602 = PRODUCT_DEFINITION_SHAPE ( 'NONE', 'NONE',  #9487 ) ;
#6603 = AXIS2_PLACEMENT_3D ( 'NONE', #2793, #7154, #681 ) ;
#6604 = APPROVAL_STATUS ( 'not_yet_approved' ) ;
#6605 = FACE_OUTER_BOUND ( 'NONE', #6622, .T. ) ;
#6606 = ORIENTED_EDGE ( 'NONE', *, *, #8728, .F. ) ;
#6607 = EDGE_CURVE ( 'NONE', #7682, #8050, #6545, .T. ) ;
#6608 = ORIENTED_EDGE ( 'NONE', *, *, #3906, .T. ) ;
#6609 = AXIS2_PLACEMENT_3D ( 'NONE', #8280, #1707, #3291 ) ;
#6610 = DIRECTION ( 'NONE',  ( 0.000000000000000000, 1.000000000000000000, 0.000000000000000000 ) ) ;
#6611 = ADVANCED_FACE ( 'NONE', ( #5425 ), #3882, .T. ) ;
#6612 = DIRECTION ( 'NONE',  ( 0.000000000000000000, 0.000000000000000000, 1.000000000000000000 ) ) ;
#6613 = CARTESIAN_POINT ( 'NONE',  ( -4.929141392239914765, 13.84687500000001670, -11.89999999999996483 ) ) ;
#6614 = DIRECTION ( 'NONE',  ( -0.000000000000000000, -1.000000000000000000, -0.000000000000000000 ) ) ;
#6615 = DIRECTION ( 'NONE',  ( -0.000000000000000000, -1.000000000000000000, -0.000000000000000000 ) ) ;
#6616 = CARTESIAN_POINT ( 'NONE',  ( -11.44999999999999751, 9.250129867028060332E-16, -7.060900368822720985 ) ) ;
#6617 = SHAPE_DEFINITION_REPRESENTATION ( #4382, #9072 ) ;
#6618 = VECTOR ( 'NONE', #77, 1000.000000000000114 ) ;
#6619 = CARTESIAN_POINT ( 'NONE',  ( 1.111307226797640862E-15, -7.790620194877513782, 5.556250000000003020 ) ) ;
#6620 = EDGE_CURVE ( 'NONE', #4146, #3106, #9371, .T. ) ;
#6621 = EDGE_CURVE ( 'NONE', #9306, #4840, #4096, .T. ) ;
#6622 = EDGE_LOOP ( 'NONE', ( #3354, #6700, #5609, #1020 ) ) ;
#6623 = DIRECTION ( 'NONE',  ( -1.000000000000000000, -0.000000000000000000, -0.000000000000000000 ) ) ;
#6624 = VERTEX_POINT ( 'NONE', #8734 ) ;
#6625 = CARTESIAN_POINT ( 'NONE',  ( 8.073252374094716188, -16.44581851809336825, -11.83957626202013635 ) ) ;
#6626 = CARTESIAN_POINT ( 'NONE',  ( -5.260512242138207561, 12.44500521535169746, 12.70000000000000107 ) ) ;
#6627 = DIRECTION ( 'NONE',  ( -1.000000000000000000, -0.000000000000000000, -0.000000000000000000 ) ) ;
#6628 = AXIS2_PLACEMENT_3D ( 'NONE', #7097, #8402, #1781 ) ;
#6629 = ORIENTED_EDGE ( 'NONE', *, *, #7200, .F. ) ;
#6630 = ORIENTED_EDGE ( 'NONE', *, *, #6171, .T. ) ;
#6631 = ORIENTED_EDGE ( 'NONE', *, *, #6553, .T. ) ;
#6632 = DIRECTION ( 'NONE',  ( 1.000000000000000000, -8.775090700452170181E-16, 0.000000000000000000 ) ) ;
#6633 = CARTESIAN_POINT ( 'NONE',  ( 33.69999999999999574, 0.000000000000000000, 2.300000000000001155 ) ) ;
#6634 = VECTOR ( 'NONE', #4939, 1000.000000000000000 ) ;
#6635 = CARTESIAN_POINT ( 'NONE',  ( 5.000000000000000000, 0.000000000000000000, 9.525000000000002132 ) ) ;
#6636 = CARTESIAN_POINT ( 'NONE',  ( -5.260512242138384309, 15.92499478464833018, -12.69999999999993179 ) ) ;
#6637 = DIRECTION ( 'NONE',  ( -1.000000000000000000, -0.000000000000000000, -0.000000000000000000 ) ) ;
#6638 = CYLINDRICAL_SURFACE ( 'NONE', #4355, 12.69999999999998508 ) ;
#6639 = EDGE_LOOP ( 'NONE', ( #8905, #2782, #5902, #3595 ) ) ;
#6640 = ORIENTED_EDGE ( 'NONE', *, *, #8752, .F. ) ;
#6641 = CIRCLE ( 'NONE', #5000, 3.174999999999999822 ) ;
#6642 = CONICAL_SURFACE ( 'NONE', #5279, 9.525000000000000355, 1.308996938995753645 ) ;
#6643 = ORIENTED_EDGE ( 'NONE', *, *, #6621, .T. ) ;
#6644 = CARTESIAN_POINT ( 'NONE',  ( 12.94999999999999218, -11.19999999999999929, 12.94999999999999218 ) ) ;
#6645 = CARTESIAN_POINT ( 'NONE',  ( 0.3948291982182984272, -5.499261314031190118, -9.524999999999996803 ) ) ;
#6646 = AXIS2_PLACEMENT_3D ( 'NONE', #3531, #7802, #565 ) ;
#6647 = AXIS2_PLACEMENT_3D ( 'NONE', #2569, #1854, #1810 ) ;
#6648 = MECHANICAL_CONTEXT ( 'NONE', #8589, 'mechanical' ) ;
#6649 = EDGE_CURVE ( 'NONE', #3010, #6651, #4644, .T. ) ;
#6650 = CARTESIAN_POINT ( 'NONE',  ( 5.695225058835894139, 0.000000000000000000, -11.00000000000000000 ) ) ;
#6651 = VERTEX_POINT ( 'NONE', #5714 ) ;
#6652 = CARTESIAN_POINT ( 'NONE',  ( -8.414570696119973547, 19.20625000000000426, -8.414570696119856308 ) ) ;
#6653 = AXIS2_PLACEMENT_3D ( 'NONE', #975, #931, #9057 ) ;
#6654 = CIRCLE ( 'NONE', #251, 9.525000000000000355 ) ;
#6655 = VERTEX_POINT ( 'NONE', #9278 ) ;
#6656 = CARTESIAN_POINT ( 'NONE',  ( 6.216747625905290953, -16.44581851809336470, 12.91142977813911585 ) ) ;
#6657 = CARTESIAN_POINT ( 'NONE',  ( -4.929141392239751340, 13.05312500000001741, 11.90000000000003233 ) ) ;
#6658 = EDGE_CURVE ( 'NONE', #338, #8756, #4991, .T. ) ;
#6659 = CARTESIAN_POINT ( 'NONE',  ( 15.22582127265072316, 33.79999999999998295, 7.561373325877829288 ) ) ;
#6660 = CARTESIAN_POINT ( 'NONE',  ( 5.000000000000000000, 8.248891971046779403, -4.762500000000000178 ) ) ;
#6661 = CARTESIAN_POINT ( 'NONE',  ( 38.59999999999999432, 0.000000000000000000, 0.000000000000000000 ) ) ;
#6662 = PERSON_AND_ORGANIZATION_ROLE ( 'creator' ) ;
#6663 = CIRCLE ( 'NONE', #3763, 2.499999999999998668 ) ;
#6664 = EDGE_CURVE ( 'NONE', #4408, #9066, #4119, .T. ) ;
#6665 = DIRECTION ( 'NONE',  ( 0.000000000000000000, -1.000000000000000000, 0.000000000000000000 ) ) ;
#6666 = EDGE_LOOP ( 'NONE', ( #5091, #4090, #5461, #2679, #1247, #7090 ) ) ;
#6667 = DIRECTION ( 'NONE',  ( 1.000000000000000000, 0.000000000000000000, 0.000000000000000000 ) ) ;
#6668 = ORIENTED_EDGE ( 'NONE', *, *, #6030, .T. ) ;
#6669 = EDGE_CURVE ( 'NONE', #4195, #1327, #3715, .T. ) ;
#6670 = EDGE_CURVE ( 'NONE', #7921, #5262, #1251, .T. ) ;
#6671 = DIRECTION ( 'NONE',  ( -1.000000000000000000, -0.000000000000000000, -0.000000000000000000 ) ) ;
#6672 = CARTESIAN_POINT ( 'NONE',  ( 1.725874147982892737, -2.009527318423362630, -15.50423678951415951 ) ) ;
#6673 = DIRECTION ( 'NONE',  ( -0.7071067811865475727, 0.000000000000000000, -0.7071067811865475727 ) ) ;
#6674 = DIRECTION ( 'NONE',  ( 8.659560562354888485E-17, 0.7071067811865512365, -0.7071067811865439090 ) ) ;
#6675 = AXIS2_PLACEMENT_3D ( 'NONE', #2596, #8461, #4807 ) ;
#6676 = CC_DESIGN_APPROVAL ( #9208, ( #1103 ) ) ;
#6677 = ORIENTED_EDGE ( 'NONE', *, *, #1299, .T. ) ;
#6678 = ORIENTED_EDGE ( 'NONE', *, *, #2452, .F. ) ;
#6679 = ORIENTED_EDGE ( 'NONE', *, *, #2914, .T. ) ;
#6680 = CARTESIAN_POINT ( 'NONE',  ( 0.000000000000000000, 0.000000000000000000, 0.000000000000000000 ) ) ;
#6681 = AXIS2_PLACEMENT_3D ( 'NONE', #1088, #6222, #8281 ) ;
#6682 = DIRECTION ( 'NONE',  ( 0.000000000000000000, 0.000000000000000000, 1.000000000000000000 ) ) ;
#6683 = APPROVAL_PERSON_ORGANIZATION ( #7615, #5844, #7713 ) ;
#6684 = DIRECTION ( 'NONE',  ( -1.000000000000000000, -0.000000000000000000, -0.000000000000000000 ) ) ;
#6685 = CARTESIAN_POINT ( 'NONE',  ( 0.000000000000000000, 0.000000000000000000, 0.000000000000000000 ) ) ;
#6686 = CARTESIAN_POINT ( 'NONE',  ( -4.929141392239898778, 17.65687500000001009, -11.89999999999998970 ) ) ;
#6687 = DIRECTION ( 'NONE',  ( 0.000000000000000000, -1.000000000000000000, 0.000000000000000000 ) ) ;
#6688 = ORIENTED_EDGE ( 'NONE', *, *, #3110, .F. ) ;
#6689 = ORIENTED_EDGE ( 'NONE', *, *, #8244, .T. ) ;
#6690 = AXIS2_PLACEMENT_3D ( 'NONE', #1094, #3299, #5364 ) ;
#6691 = DIRECTION ( 'NONE',  ( -8.775090700452169195E-16, -1.000000000000000000, -0.000000000000000000 ) ) ;
#6692 = EDGE_LOOP ( 'NONE', ( #3532, #7895, #3084, #5220 ) ) ;
#6693 = DIRECTION ( 'NONE',  ( 0.000000000000000000, 0.000000000000000000, 1.000000000000000000 ) ) ;
#6694 = CARTESIAN_POINT ( 'NONE',  ( -11.89999999999996305, 15.63437500000001101, 4.929141392239922759 ) ) ;
#6695 = CARTESIAN_POINT ( 'NONE',  ( 0.1723282451885982947, -6.415804866369720472, -7.937499999999998224 ) ) ;
#6696 = CARTESIAN_POINT ( 'NONE',  ( 34.40000000000000568, -5.499261314031191894, -9.524999999999995026 ) ) ;
#6697 = APPROVAL_ROLE ( '' ) ;
#6699 = CYLINDRICAL_SURFACE ( 'NONE', #5291, 11.89999999999999858 ) ;
#6698 = DESIGN_CONTEXT ( 'detailed design', #8766, 'design' ) ;
#6700 = ORIENTED_EDGE ( 'NONE', *, *, #13, .T. ) ;
#6701 = CARTESIAN_POINT ( 'NONE',  ( -4.929141392239914765, 20.39687500000000853, -11.89999999999996483 ) ) ;
#6702 = AXIS2_PLACEMENT_3D ( 'NONE', #3143, #9006, #6123 ) ;
#6703 = CARTESIAN_POINT ( 'NONE',  ( 10.76942092117335115, -16.12066646117741797, 10.28294262558368466 ) ) ;
#6704 = CARTESIAN_POINT ( 'NONE',  ( 11.89999999999999858, 17.26000000000000867, -8.455458555545191202E-14 ) ) ;
#6705 = CARTESIAN_POINT ( 'NONE',  ( 0.000000000000000000, -10.07925647686743886, 25.31891155881011102 ) ) ;
#6706 = FACE_BOUND ( 'NONE', #8421, .T. ) ;
#6707 = DIRECTION ( 'NONE',  ( 0.000000000000000000, -1.000000000000000000, 0.000000000000000000 ) ) ;
#6708 = CIRCLE ( 'NONE', #900, 4.688733431983859390 ) ;
#6709 = DATE_TIME_ROLE ( 'creation_date' ) ;
#6710 = LINE ( 'NONE', #6105, #3998 ) ;
#6711 = CARTESIAN_POINT ( 'NONE',  ( -2.050000000000001155, 2.299999999999994493, -2.193834799194117367E-21 ) ) ;
#6712 = ORIENTED_EDGE ( 'NONE', *, *, #4381, .F. ) ;
#6713 = EDGE_CURVE ( 'NONE', #3320, #442, #4996, .T. ) ;
#6714 = CARTESIAN_POINT ( 'NONE',  ( 0.000000000000000000, -8.248891971046779403, -4.762499999999999289 ) ) ;
#6715 = ORIENTED_EDGE ( 'NONE', *, *, #6204, .F. ) ;
#6716 = AXIS2_PLACEMENT_3D ( 'NONE', #4141, #5016, #4287 ) ;
#6717 = ADVANCED_FACE ( 'NONE', ( #4216 ), #3485, .F. ) ;
#6718 = CARTESIAN_POINT ( 'NONE',  ( -13.99999999999999822, 0.000000000000000000, 0.000000000000000000 ) ) ;
#6719 =( BOUNDED_CURVE ( )  B_SPLINE_CURVE ( 2, ( #847, #7322, #99, #5847, #1568, #8875, #3637, #4491, #6559 ),
 .UNSPECIFIED., .F., .T. ) 
 B_SPLINE_CURVE_WITH_KNOTS ( ( 3, 2, 2, 2, 3 ),
 ( 0.8437500000000000000, 0.8593750000000000000, 0.8750000000000000000, 0.8906250000000000000, 0.9062500000000000000 ),
 .UNSPECIFIED. ) 
 CURVE ( )  GEOMETRIC_REPRESENTATION_ITEM ( )  RATIONAL_B_SPLINE_CURVE ( ( 1.000000000000000000, 0.9238795325112867385, 1.000000000000000000, 0.9238795325112867385, 1.000000000000000000, 0.9238795325112867385, 1.000000000000000000, 0.9238795325112867385, 1.000000000000000000 ) ) 
 REPRESENTATION_ITEM ( '' )  );
#6720 = FACE_OUTER_BOUND ( 'NONE', #292, .T. ) ;
#6721 = CARTESIAN_POINT ( 'NONE',  ( -11.21728551710616983, 17.12097322144479961, -5.741313059029983457 ) ) ;
#6722 = DIRECTION ( 'NONE',  ( 0.000000000000000000, 1.000000000000000000, 0.000000000000000000 ) ) ;
#6723 = LOCAL_TIME ( 22, 23, 34.00000000000000000, #8915 ) ;
#6724 = AXIS2_PLACEMENT_3D ( 'NONE', #7926, #6959, #458 ) ;
#6725 = ORIENTED_EDGE ( 'NONE', *, *, #9348, .F. ) ;
#6726 = EDGE_CURVE ( 'NONE', #1800, #2354, #1102, .T. ) ;
#6727 = ORIENTED_EDGE ( 'NONE', *, *, #1516, .T. ) ;
#6728 = ORIENTED_EDGE ( 'NONE', *, *, #921, .T. ) ;
#6729 = ADVANCED_FACE ( 'NONE', ( #2152 ), #4394, .T. ) ;
#6730 = DIRECTION ( 'NONE',  ( 0.000000000000000000, -1.000000000000000000, 0.000000000000000000 ) ) ;
#6731 = CONICAL_SURFACE ( 'NONE', #5980, 19.70352761804100439, 1.308996938995745207 ) ;
#6732 = CARTESIAN_POINT ( 'NONE',  ( -3.174999999999999822, 0.000000000000000000, 0.000000000000000000 ) ) ;
#6733 = FACE_OUTER_BOUND ( 'NONE', #3711, .T. ) ;
#6734 = DIRECTION ( 'NONE',  ( -1.000000000000000000, -0.000000000000000000, -0.000000000000000000 ) ) ;
#6735 = DIRECTION ( 'NONE',  ( 0.000000000000000000, 0.000000000000000000, 1.000000000000000000 ) ) ;
#6736 = VERTEX_POINT ( 'NONE', #3107 ) ;
#6737 = EDGE_CURVE ( 'NONE', #5437, #6492, #5939, .T. ) ;
#6738 = EDGE_LOOP ( 'NONE', ( #56, #5550, #559 ) ) ;
#6739 = EDGE_CURVE ( 'NONE', #9355, #7345, #6719, .T. ) ;
#6740 = ORIENTED_EDGE ( 'NONE', *, *, #8259, .T. ) ;
#6741 = CARTESIAN_POINT ( 'NONE',  ( -14.28999999999999737, -1.581519537881995285, 4.198967141332520470 ) ) ;
#6742 = DIRECTION ( 'NONE',  ( -1.000000000000000000, -0.000000000000000000, -0.000000000000000000 ) ) ;
#6743 = CARTESIAN_POINT ( 'NONE',  ( 0.000000000000000000, -10.07925647686743886, 0.000000000000000000 ) ) ;
#6744 = DIRECTION ( 'NONE',  ( 0.000000000000000000, -1.224646799147348770E-16, 1.000000000000000000 ) ) ;
#6745 = APPROVAL_DATE_TIME ( #805, #5790 ) ;
#6746 = CIRCLE ( 'NONE', #3391, 2.299999999999997602 ) ;
#6747 = DIRECTION ( 'NONE',  ( 0.000000000000000000, 0.000000000000000000, 1.000000000000000000 ) ) ;
#6748 = ORIENTED_EDGE ( 'NONE', *, *, #8804, .F. ) ;
#6749 = ORIENTED_EDGE ( 'NONE', *, *, #5804, .F. ) ;
#6750 = CARTESIAN_POINT ( 'NONE',  ( 11.89999999999999858, 20.00000000000000000, -8.455458555545188678E-14 ) ) ;
#6751 = CARTESIAN_POINT ( 'NONE',  ( -11.89410089001540527, 11.27625701600870656, -3.142219634571121745 ) ) ;
#6752 = CARTESIAN_POINT ( 'NONE',  ( 5.312947559864531932, -16.37747573616958263, 13.43323898956135665 ) ) ;
#6753 = CIRCLE ( 'NONE', #3398, 3.000000000000009770 ) ;
#6754 = CARTESIAN_POINT ( 'NONE',  ( 4.929141392239747788, 17.49812500000000881, -11.90000000000003233 ) ) ;
#6755 = CARTESIAN_POINT ( 'NONE',  ( -7.434591184897903968E-14, 15.23750000000001137, -11.89999999999999858 ) ) ;
#6756 = CARTESIAN_POINT ( 'NONE',  ( 5.000000000000000000, -8.248891971046781180, 4.762500000000003730 ) ) ;
#6757 = PLANE ( 'NONE',  #1321 ) ;
#6758 = COORDINATED_UNIVERSAL_TIME_OFFSET ( 8, 0, .AHEAD. ) ;
#6759 = CARTESIAN_POINT ( 'NONE',  ( 0.000000000000000000, -16.49876305844211544, 0.000000000000000000 ) ) ;
#6760 =( BOUNDED_CURVE ( )  B_SPLINE_CURVE ( 2, ( #3197, #4679, #4050, #5559, #8479, #4730, #5458, #4826, #7601 ),
 .UNSPECIFIED., .F., .T. ) 
 B_SPLINE_CURVE_WITH_KNOTS ( ( 3, 2, 2, 2, 3 ),
 ( 0.6562499999999998890, 0.6718750000000000000, 0.6875000000000000000, 0.7031250000000000000, 0.7187500000000001110 ),
 .UNSPECIFIED. ) 
 CURVE ( )  GEOMETRIC_REPRESENTATION_ITEM ( )  RATIONAL_B_SPLINE_CURVE ( ( 1.000000000000000444, 0.9238795325112861834, 1.000000000000000000, 0.9238795325112867385, 1.000000000000000000, 0.9238795325112867385, 1.000000000000000000, 0.9238795325112861834, 1.000000000000000444 ) ) 
 REPRESENTATION_ITEM ( '' )  );
#6761 = CIRCLE ( 'NONE', #3561, 2.500000000000000444 ) ;
#6762 = CARTESIAN_POINT ( 'NONE',  ( 12.56412585201708687, -15.69047268157664021, 9.246769250645106908 ) ) ;
#6763 = LINE ( 'NONE', #6200, #4539 ) ;
#6764 = ORIENTED_EDGE ( 'NONE', *, *, #4614, .T. ) ;
#6765 = CARTESIAN_POINT ( 'NONE',  ( 8.980256121069194464, 15.36936978464833281, 8.980256121069066566 ) ) ;
#6766 = AXIS2_PLACEMENT_3D ( 'NONE', #3864, #5405, #6926 ) ;
#6767 = CARTESIAN_POINT ( 'NONE',  ( 4.605170801781708789, -5.499261314031187453, 9.525000000000002132 ) ) ;
#6768 = CARTESIAN_POINT ( 'NONE',  ( -6.479832041109384377, 17.04989497672415411, -10.87077094898494600 ) ) ;
#6769 = CARTESIAN_POINT ( 'NONE',  ( -15.22582127265071783, 33.79999999999998295, -7.561373325877829288 ) ) ;
#6770 = CC_DESIGN_DATE_AND_TIME_ASSIGNMENT ( #1015, #3220, ( #7302 ) ) ;
#6771 = EDGE_CURVE ( 'NONE', #1846, #8603, #1466, .T. ) ;
#6772 = ORIENTED_EDGE ( 'NONE', *, *, #2451, .T. ) ;
#6773 = ORIENTED_EDGE ( 'NONE', *, *, #3564, .F. ) ;
#6774 = TOROIDAL_SURFACE ( 'NONE', #3572, 20.24999999999999645, 1.500000000000001332 ) ;
#6775 = VERTEX_POINT ( 'NONE', #7408 ) ;
#6776 =( BOUNDED_CURVE ( )  B_SPLINE_CURVE ( 2, ( #2661, #4771, #514, #3428, #611, #6360, #7841, #6583, #7347 ),
 .UNSPECIFIED., .F., .T. ) 
 B_SPLINE_CURVE_WITH_KNOTS ( ( 3, 2, 2, 2, 3 ),
 ( 0.9062500000000000000, 0.9218750000000000000, 0.9375000000000000000, 0.9531250000000000000, 0.9582622961099597214 ),
 .UNSPECIFIED. ) 
 CURVE ( )  GEOMETRIC_REPRESENTATION_ITEM ( )  RATIONAL_B_SPLINE_CURVE ( ( 1.000000000000000000, 0.9238795325112867385, 1.000000000000000000, 0.9238795325112867385, 1.000000000000000000, 0.9238795325112867385, 1.000000000000000000, 0.9749725835828426668, 0.9664025430379674653 ) ) 
 REPRESENTATION_ITEM ( '' )  );
#6777 = CARTESIAN_POINT ( 'NONE',  ( 0.1723282451885989330, 6.415804866369721360, 7.937500000000003553 ) ) ;
#6778 = DIRECTION ( 'NONE',  ( -1.000000000000000000, 0.000000000000000000, -0.000000000000000000 ) ) ;
#6779 = EDGE_CURVE ( 'NONE', #4078, #1280, #5492, .T. ) ;
#6780 = CARTESIAN_POINT ( 'NONE',  ( 4.884525182647623254, -1.384472845940715402, 13.68058876437439864 ) ) ;
#6781 = DIRECTION ( 'NONE',  ( 0.000000000000000000, 0.000000000000000000, -1.000000000000000000 ) ) ;
#6782 = AXIS2_PLACEMENT_3D ( 'NONE', #2553, #6306, #4763 ) ;
#6783 = DIRECTION ( 'NONE',  ( -1.000000000000000000, -0.000000000000000000, -0.000000000000000000 ) ) ;
#6784 = LINE ( 'NONE', #6977, #6358 ) ;
#6785 = ADVANCED_FACE ( 'NONE', ( #5125 ), #8825, .F. ) ;
#6786 = VERTEX_POINT ( 'NONE', #5992 ) ;
#6787 = EDGE_LOOP ( 'NONE', ( #3484, #8418, #2895 ) ) ;
#6788 = CIRCLE ( 'NONE', #674, 2.499999999999998668 ) ;
#6789 = DIRECTION ( 'NONE',  ( 0.000000000000000000, 0.000000000000000000, 1.000000000000000000 ) ) ;
#6790 = CARTESIAN_POINT ( 'NONE',  ( -7.143125246700833810E-14, 16.30750000000000810, -11.89999999999999858 ) ) ;
#6791 = ADVANCED_FACE ( 'NONE', ( #1479 ), #50, .F. ) ;
#6792 = FACE_OUTER_BOUND ( 'NONE', #6240, .T. ) ;
#6793 = EDGE_CURVE ( 'NONE', #8232, #2470, #8185, .T. ) ;
#6794 = COORDINATED_UNIVERSAL_TIME_OFFSET ( 8, 0, .AHEAD. ) ;
#6795 = CIRCLE ( 'NONE', #824, 0.5000000000000000000 ) ;
#6797 = CARTESIAN_POINT ( 'NONE',  ( -1.605207692653241480, 1.911188162569193105, -1.299869974087967339 ) ) ;
#6796 = UNCERTAINTY_MEASURE_WITH_UNIT (LENGTH_MEASURE( 1.000000000000000082E-05 ), #1087, 'distance_accuracy_value', 'NONE');
#6798 = EDGE_LOOP ( 'NONE', ( #8091, #2238, #5078, #3343, #5658 ) ) ;
#6799 = ORIENTED_EDGE ( 'NONE', *, *, #7367, .T. ) ;
#6800 = CARTESIAN_POINT ( 'NONE',  ( 11.90000000000003588, 18.65062500000000512, 4.929141392239745123 ) ) ;
#6801 = CARTESIAN_POINT ( 'NONE',  ( 0.000000000000000000, 0.000000000000000000, 0.000000000000000000 ) ) ;
#6802 = DIRECTION ( 'NONE',  ( -0.000000000000000000, -1.000000000000000000, -0.000000000000000000 ) ) ;
#6803 = CIRCLE ( 'NONE', #2676, 8.099999999999999645 ) ;
#6804 = CARTESIAN_POINT ( 'NONE',  ( -8.382592070995923663E-14, 13.76750000000001606, -11.89999999999999858 ) ) ;
#6805 = CARTESIAN_POINT ( 'NONE',  ( -0.5000000000000035527, 4.194415287079686910E-16, -3.174999999999999822 ) ) ;
#6806 = DIRECTION ( 'NONE',  ( 0.000000000000000000, -1.000000000000000000, 0.000000000000000000 ) ) ;
#6807 = FACE_OUTER_BOUND ( 'NONE', #1419, .T. ) ;
#6808 = APPROVAL_DATE_TIME ( #1877, #5629 ) ;
#6809 = CARTESIAN_POINT ( 'NONE',  ( -6.999999999999999112, 0.000000000000000000, 2.299999999999999822 ) ) ;
#6810 = DIRECTION ( 'NONE',  ( 0.000000000000000000, 0.000000000000000000, 1.000000000000000000 ) ) ;
#6811 = CIRCLE ( 'NONE', #4521, 8.045708121834925564 ) ;
#6812 = AXIS2_PLACEMENT_3D ( 'NONE', #9477, #1447, #2078 ) ;
#6813 = LINE ( 'NONE', #261, #1940 ) ;
#6814 = CARTESIAN_POINT ( 'NONE',  ( -2.619865889632938760, -15.92953782274726038, 14.98809041681921173 ) ) ;
#6815 = ORIENTED_EDGE ( 'NONE', *, *, #761, .T. ) ;
#6816 = CARTESIAN_POINT ( 'NONE',  ( -6.999999999999999112, 0.000000000000000000, 0.000000000000000000 ) ) ;
#6817 = CYLINDRICAL_SURFACE ( 'NONE', #1675, 11.69999999999998863 ) ;
#6818 = DIRECTION ( 'NONE',  ( 0.000000000000000000, 0.000000000000000000, 1.000000000000000000 ) ) ;
#6819 = CARTESIAN_POINT ( 'NONE',  ( 36.69999999999999574, 0.000000000000000000, 19.59999999999999432 ) ) ;
#6820 = ORIENTED_EDGE ( 'NONE', *, *, #245, .F. ) ;
#6821 = DIRECTION ( 'NONE',  ( -1.000000000000000000, -0.000000000000000000, -0.000000000000000000 ) ) ;
#6822 = VERTEX_POINT ( 'NONE', #6644 ) ;
#6823 = CC_DESIGN_PERSON_AND_ORGANIZATION_ASSIGNMENT ( #5122, #7991, ( #3824 ) ) ;
#6824 = CARTESIAN_POINT ( 'NONE',  ( 31.20000000000000639, 0.000000000000000000, 3.674999999999999822 ) ) ;
#6825 = LINE ( 'NONE', #4726, #5866 ) ;
#6826 = AXIS2_PLACEMENT_3D ( 'NONE', #2446, #1735, #8261 ) ;
#6827 = FACE_OUTER_BOUND ( 'NONE', #8068, .T. ) ;
#6828 = VERTEX_POINT ( 'NONE', #5942 ) ;
#6829 = ORIENTED_EDGE ( 'NONE', *, *, #2154, .F. ) ;
#6830 = ORIENTED_EDGE ( 'NONE', *, *, #7441, .T. ) ;
#6831 = EDGE_CURVE ( 'NONE', #1071, #557, #1034, .T. ) ;
#6832 = AXIS2_PLACEMENT_3D ( 'NONE', #200, #6040, #8292 ) ;
#6833 = CC_DESIGN_APPROVAL ( #230, ( #5204 ) ) ;
#6834 = FACE_OUTER_BOUND ( 'NONE', #6129, .T. ) ;
#6835 = CARTESIAN_POINT ( 'NONE',  ( 8.414570696119856308, 15.07875000000001187, -8.414570696119973547 ) ) ;
#6836 = DIRECTION ( 'NONE',  ( 0.000000000000000000, -1.000000000000000000, 0.000000000000000000 ) ) ;
#6837 = ADVANCED_FACE ( 'NONE', ( #7607 ), #3789, .T. ) ;
#6838 = CARTESIAN_POINT ( 'NONE',  ( -12.69999999999996732, 13.47688021535169689, 8.868362600661530955E-14 ) ) ;
#6839 = AXIS2_PLACEMENT_3D ( 'NONE', #2423, #5518, #5466 ) ;
#6840 = APPROVAL_ROLE ( '' ) ;
#6841 = LOCAL_TIME ( 22, 23, 34.00000000000000000, #7225 ) ;
#6842 = DIRECTION ( 'NONE',  ( 0.000000000000000000, 0.000000000000000000, 1.000000000000000000 ) ) ;
#6843 = VERTEX_POINT ( 'NONE', #6133 ) ;
#6844 = ORIENTED_EDGE ( 'NONE', *, *, #4880, .T. ) ;
#6845 = CARTESIAN_POINT ( 'NONE',  ( -11.89999999999999858, 20.63500000000000156, 8.309725586446653599E-14 ) ) ;
#6846 = ADVANCED_FACE ( 'NONE', ( #950 ), #4871, .F. ) ;
#6847 = EDGE_CURVE ( 'NONE', #6843, #5230, #6132, .T. ) ;
#6848 = CARTESIAN_POINT ( 'NONE',  ( -0.5569692599770887931, 11.11324001437604814, -12.10698499977346998 ) ) ;
#6849 = CARTESIAN_POINT ( 'NONE',  ( 11.82562332909753167, 17.55516351066853531, 2.795198868857375896 ) ) ;
#6850 = CONICAL_SURFACE ( 'NONE', #2728, 2.500000000000000444, 0.7853981633974430610 ) ;
#6851 = CARTESIAN_POINT ( 'NONE',  ( 5.312971222579579766, 19.02687500000000398, 12.82664718204931198 ) ) ;
#6852 = CARTESIAN_POINT ( 'NONE',  ( 8.001812990500932088, 16.97774862093830350, -9.958699251637316507 ) ) ;
#6853 = CARTESIAN_POINT ( 'NONE',  ( 4.605170801781708789, 10.99852262806237313, 1.822090932982379196E-15 ) ) ;
#6854 = DIRECTION ( 'NONE',  ( 0.000000000000000000, 0.000000000000000000, 1.000000000000000000 ) ) ;
#6855 = APPROVAL_STATUS ( 'not_yet_approved' ) ;
#6856 = LINE ( 'NONE', #8992, #7979 ) ;
#6857 = CARTESIAN_POINT ( 'NONE',  ( 0.01810752359709590781, 1.042832680730700456, 2.050000000000001155 ) ) ;
#6858 = CARTESIAN_POINT ( 'NONE',  ( 0.2720356458796166499, 10.54025085189310929, 0.7937500000000016209 ) ) ;
#6859 = AXIS2_PLACEMENT_3D ( 'NONE', #4580, #273, #3192 ) ;
#6860 = CARTESIAN_POINT ( 'NONE',  ( 0.1083897543756196236, 0.3304673161057424813, 0.000000000000000000 ) ) ;
#6861 = CARTESIAN_POINT ( 'NONE',  ( -8.946127672407389414E-14, 16.96938021535168772, -12.69999999999996732 ) ) ;
#6862 = EDGE_CURVE ( 'NONE', #548, #6544, #6982, .T. ) ;
#6863 = ADVANCED_FACE ( 'NONE', ( #6230 ), #7782, .T. ) ;
#6864 = CARTESIAN_POINT ( 'NONE',  ( -1.725874147982911611, -15.69047268157663666, 15.50423678951415951 ) ) ;
#6865 = EDGE_LOOP ( 'NONE', ( #8719, #9215, #9400, #3801 ) ) ;
#6866 = CARTESIAN_POINT ( 'NONE',  ( -8.784886148767117930, 17.66226140559408364, -8.274824245855651128 ) ) ;
#6867 = AXIS2_PLACEMENT_3D ( 'NONE', #1192, #8631, #3489 ) ;
#6868 = CARTESIAN_POINT ( 'NONE',  ( 9.101657815899105072E-14, 15.21061978464833153, 12.69999999999996909 ) ) ;
#6869 = DIRECTION ( 'NONE',  ( 6.448786156047610750E-17, 0.000000000000000000, 1.000000000000000000 ) ) ;
#6870 = CARTESIAN_POINT ( 'NONE',  ( -10.45654609777246691, 17.10552019508988408, -7.029924362132002003 ) ) ;
#6871 = LINE ( 'NONE', #2457, #874 ) ;
#6872 = DIRECTION ( 'NONE',  ( 0.000000000000000000, 0.000000000000000000, -1.000000000000000000 ) ) ;
#6873 = ORIENTED_EDGE ( 'NONE', *, *, #5147, .F. ) ;
#6874 = AXIS2_PLACEMENT_3D ( 'NONE', #3475, #1370, #6407 ) ;
#6875 = ORIENTED_EDGE ( 'NONE', *, *, #7853, .F. ) ;
#6876 = CARTESIAN_POINT ( 'NONE',  ( -2.618097302622901967, -1.770935120663231999, 14.98911151100554839 ) ) ;
#6877 = DIRECTION ( 'NONE',  ( -8.775090700452169195E-16, -1.000000000000000000, -0.000000000000000000 ) ) ;
#6878 = CARTESIAN_POINT ( 'NONE',  ( 6.255353054409856561, -1.268955198721826605, 12.88914092359982710 ) ) ;
#6879 = AXIS2_PLACEMENT_3D ( 'NONE', #2978, #5860, #773 ) ;
#6880 = DIRECTION ( 'NONE',  ( 0.000000000000000000, 0.000000000000000000, 1.000000000000000000 ) ) ;
#6881 = CARTESIAN_POINT ( 'NONE',  ( 1.180805343176903212E-13, 14.60250000000001158, 11.89999999999999858 ) ) ;
#6882 = CARTESIAN_POINT ( 'NONE',  ( 6.123233995736764310E-16, 24.89999999999999858, -4.799999999999999822 ) ) ;
#6883 = EDGE_LOOP ( 'NONE', ( #6557, #2681 ) ) ;
#6884 = ORIENTED_EDGE ( 'NONE', *, *, #4513, .F. ) ;
#6885 = EDGE_LOOP ( 'NONE', ( #7004, #6354 ) ) ;
#6886 = CIRCLE ( 'NONE', #8111, 0.2999999999999999334 ) ;
#6887 = DIRECTION ( 'NONE',  ( -1.000000000000000000, -0.000000000000000000, -0.000000000000000000 ) ) ;
#6888 = CARTESIAN_POINT ( 'NONE',  ( 11.89999999999999858, 13.65000000000001457, -8.455458555545188678E-14 ) ) ;
#6889 = FACE_OUTER_BOUND ( 'NONE', #477, .T. ) ;
#6890 = CARTESIAN_POINT ( 'NONE',  ( 0.000000000000000000, -15.69047268157664021, 0.000000000000000000 ) ) ;
#6891 = DIRECTION ( 'NONE',  ( -1.000000000000000000, -0.000000000000000000, -0.000000000000000000 ) ) ;
#6892 = ADVANCED_FACE ( 'NONE', ( #238 ), #3153, .T. ) ;
#6893 = CALENDAR_DATE ( 2025, 13, 3 ) ;
#6894 = CARTESIAN_POINT ( 'NONE',  ( -9.224188795599326748E-16, -0.9122839195842793458, -9.524999999999996803 ) ) ;
#6895 = ORIENTED_EDGE ( 'NONE', *, *, #4976, .T. ) ;
#6896 = ORIENTED_EDGE ( 'NONE', *, *, #8209, .F. ) ;
#6897 = APPROVAL ( #1484, '未指定' ) ;
#6898 = DIRECTION ( 'NONE',  ( -1.000000000000000000, -0.000000000000000000, -0.000000000000000000 ) ) ;
#6899 = VERTEX_POINT ( 'NONE', #8435 ) ;
#6900 = EDGE_CURVE ( 'NONE', #5709, #7921, #7614, .T. ) ;
#6901 = CARTESIAN_POINT ( 'NONE',  ( 2.971066296749123037, 11.07622071397300267, -11.71182815653870968 ) ) ;
#6902 = CARTESIAN_POINT ( 'NONE',  ( -8.577833150995534339, 17.28533967770009028, 8.983826084736396211 ) ) ;
#6903 = CARTESIAN_POINT ( 'NONE',  ( 4.929141392239747788, 12.41812500000001940, -11.90000000000003233 ) ) ;
#6904 = DIRECTION ( 'NONE',  ( 0.000000000000000000, -1.000000000000000000, 0.000000000000000000 ) ) ;
#6905 = EDGE_CURVE ( 'NONE', #6435, #2470, #9016, .T. ) ;
#6906 = DIRECTION ( 'NONE',  ( 1.000000000000000000, -8.775090700452169195E-16, 0.000000000000000000 ) ) ;
#6907 = COORDINATED_UNIVERSAL_TIME_OFFSET ( 8, 0, .AHEAD. ) ;
#6908 = CARTESIAN_POINT ( 'NONE',  ( 11.90000000000004832, 14.64062500000001066, 4.929141392239717590 ) ) ;
#6909 = CARTESIAN_POINT ( 'NONE',  ( -12.82664718204935106, 16.09000000000001052, 8.956799855210031952E-14 ) ) ;
#6910 = EDGE_CURVE ( 'NONE', #788, #1267, #3940, .T. ) ;
#6911 = DIRECTION ( 'NONE',  ( 1.000000000000000000, 0.000000000000000000, -0.000000000000000000 ) ) ;
#6912 = VECTOR ( 'NONE', #4282, 1000.000000000000000 ) ;
#6913 = ORIENTED_EDGE ( 'NONE', *, *, #9166, .T. ) ;
#6914 = CARTESIAN_POINT ( 'NONE',  ( 0.000000000000000000, 0.000000000000000000, 0.000000000000000000 ) ) ;
#6915 = CARTESIAN_POINT ( 'NONE',  ( 5.719310547109079046, 11.57087599768569852, 11.22251209713994058 ) ) ;
#6916 = CARTESIAN_POINT ( 'NONE',  ( 2.532823420761158656E-16, 1.042832680730699346, 2.050000000000001155 ) ) ;
#6917 = EDGE_CURVE ( 'NONE', #9441, #595, #9169, .T. ) ;
#6918 = EDGE_CURVE ( 'NONE', #3901, #205, #9117, .T. ) ;
#6919 = CONICAL_SURFACE ( 'NONE', #3553, 8.045708121834929116, 0.1745329251994323372 ) ;
#6920 = DIRECTION ( 'NONE',  ( 0.000000000000000000, 0.000000000000000000, 1.000000000000000000 ) ) ;
#6921 = ORIENTED_EDGE ( 'NONE', *, *, #4262, .T. ) ;
#6922 = DIRECTION ( 'NONE',  ( 0.000000000000000000, 0.000000000000000000, 1.000000000000000000 ) ) ;
#6923 = ORIENTED_EDGE ( 'NONE', *, *, #4734, .T. ) ;
#6924 = CARTESIAN_POINT ( 'NONE',  ( 38.59999999999999432, 0.000000000000000000, 6.350000000000000533 ) ) ;
#6925 = CARTESIAN_POINT ( 'NONE',  ( -12.69999999999996909, 16.16311978464833388, 8.868362600661534741E-14 ) ) ;
#6926 = DIRECTION ( 'NONE',  ( 0.000000000000000000, 0.000000000000000000, 1.000000000000000000 ) ) ;
#6927 = CARTESIAN_POINT ( 'NONE',  ( 5.299999999999998934, 0.000000000000000000, -9.525000000000000355 ) ) ;
#6928 = CARTESIAN_POINT ( 'NONE',  ( -8.017523061292044283E-14, 12.49750000000001648, -11.89999999999999858 ) ) ;
#6929 = DIRECTION ( 'NONE',  ( 1.000000000000000000, -8.462065736472224919E-16, 0.000000000000000000 ) ) ;
#6930 = CIRCLE ( 'NONE', #2803, 0.5000000000000004441 ) ;
#6931 = ORIENTED_EDGE ( 'NONE', *, *, #3286, .F. ) ;
#6932 = EDGE_LOOP ( 'NONE', ( #7016, #2089 ) ) ;
#6933 = ORIENTED_EDGE ( 'NONE', *, *, #1989, .T. ) ;
#6934 = CARTESIAN_POINT ( 'NONE',  ( -1.725874147982916273, 5.311121375574494618E-16, -15.50423678951415418 ) ) ;
#6935 = VECTOR ( 'NONE', #9339, 1000.000000000000000 ) ;
#6936 = CARTESIAN_POINT ( 'NONE',  ( 15.22582127265072316, 30.49999999999999645, 7.561373325877829288 ) ) ;
#6937 = DIRECTION ( 'NONE',  ( -1.000000000000000000, -0.000000000000000000, -0.000000000000000000 ) ) ;
#6938 = CARTESIAN_POINT ( 'NONE',  ( -12.69999999999992646, 14.82625521535169355, 5.260512242138390526 ) ) ;
#6939 = PERSON_AND_ORGANIZATION_ROLE ( 'classification_officer' ) ;
#6940 = ORIENTED_EDGE ( 'NONE', *, *, #7805, .T. ) ;
#6941 = ORIENTED_EDGE ( 'NONE', *, *, #2000, .T. ) ;
#6942 = CONICAL_SURFACE ( 'NONE', #5732, 14.20000000000000107, 1.047197551196596521 ) ;
#6943 = ORIENTED_EDGE ( 'NONE', *, *, #2682, .T. ) ;
#6944 = CARTESIAN_POINT ( 'NONE',  ( -8.441001689423391241, 11.20555431858917750, -8.825065239045464693 ) ) ;
#6945 = CARTESIAN_POINT ( 'NONE',  ( 10.53312843541795552, 17.51603388845841991, 6.176913504170745028 ) ) ;
#6946 = CARTESIAN_POINT ( 'NONE',  ( 11.89999999999999858, 12.18000000000001926, -8.455458555545191202E-14 ) ) ;
#6947 = CC_DESIGN_PERSON_AND_ORGANIZATION_ASSIGNMENT ( #7615, #3876, ( #5485 ) ) ;
#6948 = AXIS2_PLACEMENT_3D ( 'NONE', #947, #6079, #6980 ) ;
#6949 = CARTESIAN_POINT ( 'NONE',  ( 11.90000000000003233, 12.30062500000001613, 4.929141392239754005 ) ) ;
#6950 = FACE_OUTER_BOUND ( 'NONE', #6001, .T. ) ;
#6951 = COORDINATED_UNIVERSAL_TIME_OFFSET ( 8, 0, .AHEAD. ) ;
#6952 = CARTESIAN_POINT ( 'NONE',  ( 12.82664718204935106, 17.99500000000000810, -9.113880979362923189E-14 ) ) ;
#6953 = ORIENTED_EDGE ( 'NONE', *, *, #5058, .T. ) ;
#6954 = FACE_OUTER_BOUND ( 'NONE', #2617, .T. ) ;
#6955 = ORIENTED_EDGE ( 'NONE', *, *, #6779, .F. ) ;
#6956 = EDGE_CURVE ( 'NONE', #8786, #172, #4056, .T. ) ;
#6957 = CARTESIAN_POINT ( 'NONE',  ( 1.151658749357196449E-13, 15.67250000000001364, 11.89999999999999858 ) ) ;
#6958 = CYLINDRICAL_SURFACE ( 'NONE', #1713, 11.89999999999999858 ) ;
#6959 = DIRECTION ( 'NONE',  ( -1.000000000000000000, -0.000000000000000000, -0.000000000000000000 ) ) ;
#6960 = EDGE_CURVE ( 'NONE', #6044, #2520, #431, .T. ) ;
#6961 = DIRECTION ( 'NONE',  ( 0.000000000000000000, 0.000000000000000000, 1.000000000000000000 ) ) ;
#6962 = AXIS2_PLACEMENT_3D ( 'NONE', #4875, #516, #2613 ) ;
#6963 = AXIS2_PLACEMENT_3D ( 'NONE', #9276, #8642, #7818 ) ;
#6964 = CARTESIAN_POINT ( 'NONE',  ( -11.89999999999996660, 11.62437500000002011, 4.929141392239918318 ) ) ;
#6965 = ORIENTED_EDGE ( 'NONE', *, *, #8850, .T. ) ;
#6966 = DIRECTION ( 'NONE',  ( 0.000000000000000000, 0.000000000000000000, 1.000000000000000000 ) ) ;
#6967 = ADVANCED_FACE ( 'NONE', ( #6834 ), #2575, .T. ) ;
#6968 = AXIS2_PLACEMENT_3D ( 'NONE', #6769, #6722, #5444 ) ;
#6969 = ADVANCED_FACE ( 'NONE', ( #283 ), #330, .F. ) ;
#6970 = CONICAL_SURFACE ( 'NONE', #6217, 9.525000000000000355, 1.308996938995753645 ) ;
#6971 = CARTESIAN_POINT ( 'NONE',  ( -11.89999999999999858, 20.43500000000000227, 8.309725586446656123E-14 ) ) ;
#6972 = LINE ( 'NONE', #3337, #8264 ) ;
#6973 = FACE_OUTER_BOUND ( 'NONE', #3132, .T. ) ;
#6974 = CARTESIAN_POINT ( 'NONE',  ( 31.20000000000000639, 0.000000000000000000, 0.000000000000000000 ) ) ;
#6975 = DIRECTION ( 'NONE',  ( 1.000000000000000000, 0.000000000000000000, 0.000000000000000000 ) ) ;
#6976 = CARTESIAN_POINT ( 'NONE',  ( -11.44999999999999751, 0.000000000000000000, 4.688733431983856725 ) ) ;
#6977 = CARTESIAN_POINT ( 'NONE',  ( 1.457329690985350196E-15, 17.80000000000000071, 11.89999999999999858 ) ) ;
#6978 = ORIENTED_EDGE ( 'NONE', *, *, #5150, .T. ) ;
#6979 = ORIENTED_EDGE ( 'NONE', *, *, #9448, .T. ) ;
#6980 = DIRECTION ( 'NONE',  ( 1.000000000000000000, -9.210921111381288336E-16, 0.000000000000000000 ) ) ;
#6981 = EDGE_LOOP ( 'NONE', ( #290, #8532, #4950, #8930 ) ) ;
#6982 = LINE ( 'NONE', #7660, #6400 ) ;
#6983 = AXIS2_PLACEMENT_3D ( 'NONE', #7683, #308, #2403 ) ;
#6984 = CARTESIAN_POINT ( 'NONE',  ( 4.929141392239747788, 15.15812500000001251, -11.90000000000003233 ) ) ;
#6985 = CARTESIAN_POINT ( 'NONE',  ( -15.22582127265071783, 30.49999999999999645, -5.061373325877829288 ) ) ;
#6986 = CARTESIAN_POINT ( 'NONE',  ( -12.44999999999999929, 0.000000000000000000, 0.000000000000000000 ) ) ;
#6987 = PERSON_AND_ORGANIZATION ( #5176, #5070 ) ;
#6988 = ORIENTED_EDGE ( 'NONE', *, *, #1069, .T. ) ;
#6989 = ORIENTED_EDGE ( 'NONE', *, *, #3673, .F. ) ;
#6990 = CIRCLE ( 'NONE', #7914, 1.969532683894253289 ) ;
#6991 = LOCAL_TIME ( 22, 23, 34.00000000000000000, #4945 ) ;
#6992 = CARTESIAN_POINT ( 'NONE',  ( 31.20000000000000639, 4.500576986866522808E-16, -3.674999999999999822 ) ) ;
#6993 = ORIENTED_EDGE ( 'NONE', *, *, #581, .F. ) ;
#6994 = CARTESIAN_POINT ( 'NONE',  ( 11.89999999999999858, 16.19000000000000838, -9.329856370136399150E-14 ) ) ;
#6995 = CARTESIAN_POINT ( 'NONE',  ( -11.21450320915692167, 17.23999573774951344, 5.445254654615442114 ) ) ;
#6996 = CARTESIAN_POINT ( 'NONE',  ( 12.82664718204935106, 17.99500000000000810, -9.113880979362924452E-14 ) ) ;
#6997 = CIRCLE ( 'NONE', #4701, 7.060900368822720985 ) ;
#6998 = ORGANIZATION ( 'NAUO-ORG4', 'UNSPECIFIED', 'UNSPECIFIED' ) ;
#6999 = CARTESIAN_POINT ( 'NONE',  ( 4.230929571535228715E-16, 0.9122839195842793458, 9.525000000000000355 ) ) ;
#7000 = DIRECTION ( 'NONE',  ( 0.000000000000000000, 0.000000000000000000, -1.000000000000000000 ) ) ;
#7001 = CALENDAR_DATE ( 2025, 13, 3 ) ;
#7002 = DIRECTION ( 'NONE',  ( 0.000000000000000000, 0.000000000000000000, -1.000000000000000000 ) ) ;
#7003 = CARTESIAN_POINT ( 'NONE',  ( -9.035340417286477571E-14, 17.04250000000000753, -12.82664718204935106 ) ) ;
#7004 = ORIENTED_EDGE ( 'NONE', *, *, #5324, .F. ) ;
#7005 = AXIS2_PLACEMENT_3D ( 'NONE', #4659, #7579, #1019 ) ;
#7006 = VERTEX_POINT ( 'NONE', #4636 ) ;
#7007 = DIRECTION ( 'NONE',  ( 0.000000000000000000, 0.000000000000000000, 1.000000000000000000 ) ) ;
#7008 = CARTESIAN_POINT ( 'NONE',  ( -11.30370392737971841, 11.36257219381220374, 5.021559327746395240 ) ) ;
#7009 = DIRECTION ( 'NONE',  ( 0.000000000000000000, 1.000000000000000000, 0.000000000000000000 ) ) ;
#7010 = CARTESIAN_POINT ( 'NONE',  ( 11.44999999999999929, 9.250129867028058360E-16, -7.060900368822720985 ) ) ;
#7011 = CIRCLE ( 'NONE', #2886, 1.000000000000000444 ) ;
#7012 = CARTESIAN_POINT ( 'NONE',  ( 4.605170801781708789, 10.99852262806237313, 1.822090932982379196E-15 ) ) ;
#7013 = ADVANCED_FACE ( 'NONE', ( #1668 ), #6406, .T. ) ;
#7014 = VERTEX_POINT ( 'NONE', #3487 ) ;
#7015 = APPROVAL ( #6247, '未指定' ) ;
#7016 = ORIENTED_EDGE ( 'NONE', *, *, #4046, .T. ) ;
#7017 = ADVANCED_FACE ( 'NONE', ( #1191 ), #5648, .T. ) ;
#7018 = CONICAL_SURFACE ( 'NONE', #7172, 2.499999999999998668, 1.029744258676653867 ) ;
#7019 = CARTESIAN_POINT ( 'NONE',  ( -11.89999999999996305, 19.24437500000000512, 4.929141392239922759 ) ) ;
#7020 = FACE_OUTER_BOUND ( 'NONE', #6666, .T. ) ;
#7021 = CARTESIAN_POINT ( 'NONE',  ( -12.69999999999996732, 16.01688021535168716, 8.868362600661530955E-14 ) ) ;
#7022 = DIRECTION ( 'NONE',  ( 1.000000000000000000, 0.000000000000000000, 0.000000000000000000 ) ) ;
#7023 = CARTESIAN_POINT ( 'NONE',  ( -13.44999999999999929, -10.69999999999999396, 13.44999999999999929 ) ) ;
#7024 = EDGE_CURVE ( 'NONE', #8786, #3483, #2773, .T. ) ;
#7025 = AXIS2_PLACEMENT_3D ( 'NONE', #4532, #3098, #837 ) ;
#7026 = CYLINDRICAL_SURFACE ( 'NONE', #1918, 2.300000000000001599 ) ;
#7027 = ORIENTED_EDGE ( 'NONE', *, *, #5224, .T. ) ;
#7028 = EDGE_LOOP ( 'NONE', ( #1357, #1813, #7227, #8774 ) ) ;
#7029 = ORIENTED_EDGE ( 'NONE', *, *, #2154, .T. ) ;
#7030 = ADVANCED_FACE ( 'NONE', ( #2722 ), #1962, .T. ) ;
#7031 = CARTESIAN_POINT ( 'NONE',  ( 0.000000000000000000, -1.201236941557884519, 0.000000000000000000 ) ) ;
#7032 = TOROIDAL_SURFACE ( 'NONE', #760, 8.200000000000001066, 0.3999999999999984679 ) ;
#7033 = CARTESIAN_POINT ( 'NONE',  ( 1.122512155537489559E-13, 17.14250000000000895, 11.89999999999999858 ) ) ;
#7034 = CARTESIAN_POINT ( 'NONE',  ( 1.151658749357196449E-13, 15.67250000000001364, 11.89999999999999858 ) ) ;
#7035 = CARTESIAN_POINT ( 'NONE',  ( 9.000000000000001776, -10.80000000000000604, -11.49999999999999822 ) ) ;
#7036 = DIRECTION ( 'NONE',  ( 0.000000000000000000, 0.000000000000000000, 1.000000000000000000 ) ) ;
#7037 = DIRECTION ( 'NONE',  ( 0.2588190451025215166, 1.182917971378669349E-16, 0.9659258262890679791 ) ) ;
#7038 =( BOUNDED_CURVE ( )  B_SPLINE_CURVE ( 2, ( #7060, #6307, #6353, #6964, #7109, #9295, #5685, #9342, #7742 ),
 .UNSPECIFIED., .F., .T. ) 
 B_SPLINE_CURVE_WITH_KNOTS ( ( 3, 2, 2, 2, 3 ),
 ( 0.8437500000000000000, 0.8593750000000000000, 0.8750000000000000000, 0.8906250000000000000, 0.9062500000000000000 ),
 .UNSPECIFIED. ) 
 CURVE ( )  GEOMETRIC_REPRESENTATION_ITEM ( )  RATIONAL_B_SPLINE_CURVE ( ( 1.000000000000000000, 0.9238795325112867385, 1.000000000000000000, 0.9238795325112867385, 1.000000000000000000, 0.9238795325112867385, 1.000000000000000000, 0.9238795325112867385, 1.000000000000000000 ) ) 
 REPRESENTATION_ITEM ( '' )  );
#7039 = ADVANCED_FACE ( 'NONE', ( #5744 ), #7934, .F. ) ;
#7040 = APPROVAL_DATE_TIME ( #1384, #2968 ) ;
#7041 = EDGE_CURVE ( 'NONE', #7655, #5551, #738, .T. ) ;
#7042 = ORIENTED_EDGE ( 'NONE', *, *, #6198, .F. ) ;
#7043 = VERTEX_POINT ( 'NONE', #4152 ) ;
#7044 = CIRCLE ( 'NONE', #5675, 3.174999999999999822 ) ;
#7045 = CARTESIAN_POINT ( 'NONE',  ( 11.89999999999996838, 16.26937500000001080, -4.929141392239910324 ) ) ;
#7046 = CARTESIAN_POINT ( 'NONE',  ( 6.693113467901723901, 17.70938804893473417, -9.957606284106359951 ) ) ;
#7047 = CARTESIAN_POINT ( 'NONE',  ( 11.90000000000003588, 12.10062500000001684, 4.929141392239745123 ) ) ;
#7048 = CIRCLE ( 'NONE', #2447, 11.89999999999998970 ) ;
#7049 = DIRECTION ( 'NONE',  ( 0.000000000000000000, 0.000000000000000000, 1.000000000000000000 ) ) ;
#7050 = PLANE ( 'NONE',  #2061 ) ;
#7051 = PERSON_AND_ORGANIZATION_ROLE ( 'classification_officer' ) ;
#7052 = FACE_OUTER_BOUND ( 'NONE', #4106, .T. ) ;
#7053 = CARTESIAN_POINT ( 'NONE',  ( 9.069809202314482732, 17.83625000000000682, 9.069809202314353058 ) ) ;
#7054 = ORIENTED_EDGE ( 'NONE', *, *, #3859, .F. ) ;
#7055 = VERTEX_POINT ( 'NONE', #5565 ) ;
#7056 = CARTESIAN_POINT ( 'NONE',  ( 0.2807713729922168833, 17.26336693056202876, -12.44087648753307107 ) ) ;
#7057 = CARTESIAN_POINT ( 'NONE',  ( 33.09999999999999432, 0.000000000000000000, 3.575000000000000178 ) ) ;
#7058 = CARTESIAN_POINT ( 'NONE',  ( 15.22582127265072316, 30.49999999999999645, 7.561373325877829288 ) ) ;
#7059 = FACE_OUTER_BOUND ( 'NONE', #2314, .T. ) ;
#7060 = CARTESIAN_POINT ( 'NONE',  ( 1.239098530816317244E-13, 11.86250000000001847, 11.89999999999999858 ) ) ;
#7061 = VECTOR ( 'NONE', #5821, 1000.000000000000000 ) ;
#7062 = EDGE_LOOP ( 'NONE', ( #855, #1165, #386, #8 ) ) ;
#7063 = CARTESIAN_POINT ( 'NONE',  ( 0.000000000000000000, 17.80000000000000071, 0.000000000000000000 ) ) ;
#7064 = EDGE_LOOP ( 'NONE', ( #500, #4327, #8699, #2008 ) ) ;
#7065 = DIRECTION ( 'NONE',  ( 0.000000000000000000, 0.000000000000000000, 1.000000000000000000 ) ) ;
#7066 = VECTOR ( 'NONE', #952, 999.9999999999998863 ) ;
#7067 = CARTESIAN_POINT ( 'NONE',  ( 9.000000000000001776, -10.80000000000000604, -9.000000000000000000 ) ) ;
#7068 = DIRECTION ( 'NONE',  ( -8.775090700452169195E-16, -1.000000000000000000, -0.000000000000000000 ) ) ;
#7069 = CARTESIAN_POINT ( 'NONE',  ( -39.81317938492168196, 8.641945085602491972, 0.000000000000000000 ) ) ;
#7070 = CC_DESIGN_DATE_AND_TIME_ASSIGNMENT ( #529, #1910, ( #1492 ) ) ;
#7071 = CARTESIAN_POINT ( 'NONE',  ( -42.61317938492166491, 8.641945085602484866, -1.544988095791832183E-15 ) ) ;
#7072 = EDGE_CURVE ( 'NONE', #991, #2361, #4401, .T. ) ;
#7073 = CARTESIAN_POINT ( 'NONE',  ( 0.000000000000000000, 17.80000000000000071, 0.000000000000000000 ) ) ;
#7074 = ORIENTED_EDGE ( 'NONE', *, *, #4170, .T. ) ;
#7075 = ORIENTED_EDGE ( 'NONE', *, *, #8335, .T. ) ;
#7076 = VECTOR ( 'NONE', #2866, 1000.000000000000000 ) ;
#7077 = ORIENTED_EDGE ( 'NONE', *, *, #5792, .T. ) ;
#7078 = CARTESIAN_POINT ( 'NONE',  ( 0.000000000000000000, 0.000000000000000000, 0.000000000000000000 ) ) ;
#7079 = EDGE_CURVE ( 'NONE', #8395, #4184, #1042, .T. ) ;
#7080 = CARTESIAN_POINT ( 'NONE',  ( -4.929141392239914765, 11.50687500000001862, -11.89999999999996483 ) ) ;
#7081 = DIRECTION ( 'NONE',  ( -1.000000000000000000, -0.000000000000000000, -0.000000000000000000 ) ) ;
#7082 = CARTESIAN_POINT ( 'NONE',  ( 0.6319030111433349139, 1.085100774215187691, -1.967740122013697635 ) ) ;
#7083 = DIRECTION ( 'NONE',  ( 0.000000000000000000, 0.000000000000000000, -1.000000000000000000 ) ) ;
#7084 = AXIS2_PLACEMENT_3D ( 'NONE', #7935, #5780, #696 ) ;
#7085 = ADVANCED_FACE ( 'NONE', ( #619 ), #8676, .F. ) ;
#7086 = CONTEXT_DEPENDENT_SHAPE_REPRESENTATION ( #8460, #2120 ) ;
#7087 = ORIENTED_EDGE ( 'NONE', *, *, #9348, .T. ) ;
#7088 = EDGE_LOOP ( 'NONE', ( #5950, #3433, #7906, #9092, #2510, #3924 ) ) ;
#7089 = FACE_OUTER_BOUND ( 'NONE', #1386, .T. ) ;
#7090 = ORIENTED_EDGE ( 'NONE', *, *, #8973, .T. ) ;
#7091 = AXIS2_PLACEMENT_3D ( 'NONE', #3281, #7738, #4086 ) ;
#7092 = PLANE ( 'NONE',  #7569 ) ;
#7093 = DIRECTION ( 'NONE',  ( 0.2588190451025226824, 0.000000000000000000, -0.9659258262890676461 ) ) ;
#7094 = EDGE_CURVE ( 'NONE', #8050, #7682, #7625, .T. ) ;
#7095 = EDGE_CURVE ( 'NONE', #5938, #1499, #1498, .T. ) ;
#7096 = CARTESIAN_POINT ( 'NONE',  ( 12.82664718204931376, 15.53437500000001492, -5.312971222579575326 ) ) ;
#7097 = CARTESIAN_POINT ( 'NONE',  ( 0.000000000000000000, 1.500000000000000222, 0.000000000000000000 ) ) ;
#7098 = PERSON_AND_ORGANIZATION_ROLE ( 'design_supplier' ) ;
#7099 = AXIS2_PLACEMENT_3D ( 'NONE', #7927, #2842, #8705 ) ;
#7100 = DIRECTION ( 'NONE',  ( -1.000000000000000000, -0.000000000000000000, -0.000000000000000000 ) ) ;
#7101 = CARTESIAN_POINT ( 'NONE',  ( -9.069809202314351282, 17.51875000000001137, 9.069809202314482732 ) ) ;
#7102 = EDGE_LOOP ( 'NONE', ( #4828, #2669, #6456, #2227 ) ) ;
#7103 = ORIENTED_EDGE ( 'NONE', *, *, #5512, .T. ) ;
#7104 = CARTESIAN_POINT ( 'NONE',  ( -4.884525182647618813, -1.384472845940714736, -13.68058876437439331 ) ) ;
#7105 = AXIS2_PLACEMENT_3D ( 'NONE', #4441, #8823, #5941 ) ;
#7106 = CARTESIAN_POINT ( 'NONE',  ( 3.489849930629361552, 11.54595508727841846, 12.05740128749092221 ) ) ;
#7107 = CARTESIAN_POINT ( 'NONE',  ( 11.44999999999999929, 0.000000000000000000, 7.060900368822720985 ) ) ;
#7108 = DIRECTION ( 'NONE',  ( -0.000000000000000000, -1.000000000000000000, -0.000000000000000000 ) ) ;
#7109 = CARTESIAN_POINT ( 'NONE',  ( -11.89999999999999858, 11.54500000000001947, 1.034998715382614344E-13 ) ) ;
#7110 = VECTOR ( 'NONE', #3769, 1000.000000000000000 ) ;
#7111 = ORIENTED_EDGE ( 'NONE', *, *, #7041, .T. ) ;
#7112 = CARTESIAN_POINT ( 'NONE',  ( -14.28999999999999737, 2.578957854155721483E-31, 6.257467538869061485 ) ) ;
#7113 = ORIENTED_EDGE ( 'NONE', *, *, #2048, .F. ) ;
#7114 = CARTESIAN_POINT ( 'NONE',  ( -4.929141392239751340, 19.40312500000000995, 11.90000000000003233 ) ) ;
#7115 = CIRCLE ( 'NONE', #5134, 11.99999999999998757 ) ;
#7116 = CONICAL_SURFACE ( 'NONE', #2986, 11.89999999999998970, 0.7853981633974341792 ) ;
#7117 = DIRECTION ( 'NONE',  ( 9.614813431917856060E-17, -0.7071067811865487940, 0.7071067811865463515 ) ) ;
#7118 = DIRECTION ( 'NONE',  ( -1.000000000000000000, -0.000000000000000000, -0.000000000000000000 ) ) ;
#7119 =( NAMED_UNIT ( * ) SI_UNIT ( $, .STERADIAN. ) SOLID_ANGLE_UNIT ( ) );
#7120 = CARTESIAN_POINT ( 'NONE',  ( 12.69999999999993179, 13.06749478464833913, -5.260512242138386085 ) ) ;
#7121 = ORIENTED_EDGE ( 'NONE', *, *, #592, .F. ) ;
#7122 = ORIENTED_EDGE ( 'NONE', *, *, #6737, .F. ) ;
#7123 = AXIS2_PLACEMENT_3D ( 'NONE', #697, #3613, #6540 ) ;
#7124 = CIRCLE ( 'NONE', #4218, 0.2999999999999999334 ) ;
#7125 = ORIENTED_EDGE ( 'NONE', *, *, #3869, .T. ) ;
#7126 = DIRECTION ( 'NONE',  ( -1.000000000000000000, -0.000000000000000000, -0.000000000000000000 ) ) ;
#7127 = CARTESIAN_POINT ( 'NONE',  ( -11.89999999999999858, 10.47500000000002096, 8.309725586446653599E-14 ) ) ;
#7128 = DIRECTION ( 'NONE',  ( -1.000000000000000000, -0.000000000000000000, -0.000000000000000000 ) ) ;
#7129 = DIRECTION ( 'NONE',  ( 0.000000000000000000, 0.000000000000000000, 1.000000000000000000 ) ) ;
#7130 = DIRECTION ( 'NONE',  ( 1.000000000000000000, 0.000000000000000000, 0.000000000000000000 ) ) ;
#7131 = SECURITY_CLASSIFICATION_LEVEL ( 'unclassified' ) ;
#7132 = ORIENTED_EDGE ( 'NONE', *, *, #115, .T. ) ;
#7133 = ADVANCED_FACE ( 'NONE', ( #5025 ), #6850, .F. ) ;
#7134 = EDGE_LOOP ( 'NONE', ( #1602, #4538, #3318, #807 ) ) ;
#7135 = CARTESIAN_POINT ( 'NONE',  ( -13.79999999999999716, 0.000000000000000000, 0.000000000000000000 ) ) ;
#7136 = CARTESIAN_POINT ( 'NONE',  ( -12.94999999999999218, -11.19999999999999929, -12.94999999999999218 ) ) ;
#7137 = EDGE_CURVE ( 'NONE', #356, #354, #733, .T. ) ;
#7138 = CARTESIAN_POINT ( 'NONE',  ( 9.000000000000001776, -11.19999999999999929, -9.000000000000000000 ) ) ;
#7139 = CARTESIAN_POINT ( 'NONE',  ( -9.069809202314351282, 12.43875000000001840, 9.069809202314482732 ) ) ;
#7140 = CARTESIAN_POINT ( 'NONE',  ( 11.90633974596222089, 10.90633974596222089, -5.199830294817119976E-12 ) ) ;
#7141 = APPROVAL_STATUS ( 'not_yet_approved' ) ;
#7142 = PRODUCT_DEFINITION_FORMATION_WITH_SPECIFIED_SOURCE ( '任何', '', #2860, .NOT_KNOWN. ) ;
#7143 = CARTESIAN_POINT ( 'NONE',  ( -12.27635182233306743, 0.000000000000000000, 0.000000000000000000 ) ) ;
#7144 = VERTEX_POINT ( 'NONE', #7941 ) ;
#7145 = ADVANCED_FACE ( 'NONE', ( #521 ), #9358, .T. ) ;
#7146 = EDGE_CURVE ( 'NONE', #4427, #2384, #8080, .T. ) ;
#7147 = CARTESIAN_POINT ( 'NONE',  ( 12.82664718204935106, 12.91500000000001869, -9.113880979362923189E-14 ) ) ;
#7148 = EDGE_LOOP ( 'NONE', ( #3047, #5620, #4671, #4959 ) ) ;
#7149 = EDGE_LOOP ( 'NONE', ( #4291, #3952, #6062, #3400 ) ) ;
#7150 = EDGE_CURVE ( 'NONE', #1340, #6211, #7174, .T. ) ;
#7151 = CARTESIAN_POINT ( 'NONE',  ( -13.44999999999999929, 8.900000000000016342, -12.94999999999999218 ) ) ;
#7152 = AXIS2_PLACEMENT_3D ( 'NONE', #3919, #6937, #7611 ) ;
#7153 = LOCAL_TIME ( 22, 23, 34.00000000000000000, #5526 ) ;
#7154 = DIRECTION ( 'NONE',  ( 1.000000000000000000, 0.000000000000000000, 0.000000000000000000 ) ) ;
#7155 = DIRECTION ( 'NONE',  ( 1.000000000000000000, 0.000000000000000000, 0.000000000000000000 ) ) ;
#7156 = CARTESIAN_POINT ( 'NONE',  ( 0.000000000000000000, 32.79999999999999716, 0.000000000000000000 ) ) ;
#7157 = FACE_BOUND ( 'NONE', #8956, .T. ) ;
#7158 = CARTESIAN_POINT ( 'NONE',  ( 0.000000000000000000, 0.000000000000000000, 0.000000000000000000 ) ) ;
#7159 = EDGE_CURVE ( 'NONE', #9067, #6514, #4199, .T. ) ;
#7160 = AXIS2_PLACEMENT_3D ( 'NONE', #7365, #3683, #3728 ) ;
#7161 = ADVANCED_FACE ( 'NONE', ( #2815 ), #3948, .T. ) ;
#7162 = VECTOR ( 'NONE', #6015, 1000.000000000000000 ) ;
#7163 = ORIENTED_EDGE ( 'NONE', *, *, #7475, .F. ) ;
#7164 = CARTESIAN_POINT ( 'NONE',  ( 17.47810899155977893, 0.000000000000000000, 0.000000000000000000 ) ) ;
#7165 = ORIENTED_EDGE ( 'NONE', *, *, #9174, .F. ) ;
#7166 = CARTESIAN_POINT ( 'NONE',  ( 11.89999999999999858, 19.80000000000000071, -8.455458555545191202E-14 ) ) ;
#7167 = VECTOR ( 'NONE', #6462, 1000.000000000000000 ) ;
#7168 = CARTESIAN_POINT ( 'NONE',  ( 41.79999999999999716, 0.000000000000000000, 0.000000000000000000 ) ) ;
#7169 = CARTESIAN_POINT ( 'NONE',  ( -11.44999999999999751, 7.060900368822720985, 0.000000000000000000 ) ) ;
#7170 = ORIENTED_EDGE ( 'NONE', *, *, #7041, .F. ) ;
#7171 = ORIENTED_EDGE ( 'NONE', *, *, #5275, .T. ) ;
#7172 = AXIS2_PLACEMENT_3D ( 'NONE', #9070, #5522, #6181 ) ;
#7173 = ORIENTED_EDGE ( 'NONE', *, *, #2224, .T. ) ;
#7174 = LINE ( 'NONE', #3536, #7167 ) ;
#7175 = CARTESIAN_POINT ( 'NONE',  ( 11.89999999999996483, 11.18937500000001783, -4.929141392239915653 ) ) ;
#7176 = DIRECTION ( 'NONE',  ( 0.000000000000000000, 0.000000000000000000, 1.000000000000000000 ) ) ;
#7177 = CARTESIAN_POINT ( 'NONE',  ( 1.861772920729458880, 0.8812481512571742615, -0.8675599032594638604 ) ) ;
#7178 = AXIS2_PLACEMENT_3D ( 'NONE', #6027, #2367, #8815 ) ;
#7179 = CARTESIAN_POINT ( 'NONE',  ( -12.70000000000000284, 14.66750521535169227, -5.260512242138205785 ) ) ;
#7180 = CALENDAR_DATE ( 2025, 13, 3 ) ;
#7181 = ORIENTED_EDGE ( 'NONE', *, *, #5691, .F. ) ;
#7182 = ORIENTED_EDGE ( 'NONE', *, *, #8011, .F. ) ;
#7183 = LINE ( 'NONE', #2009, #6634 ) ;
#7184 = DIRECTION ( 'NONE',  ( 0.2588190451025215166, 0.000000000000000000, -0.9659258262890679791 ) ) ;
#7185 = CARTESIAN_POINT ( 'NONE',  ( -5.312971222579573549, 17.12187500000000639, -12.82664718204931376 ) ) ;
#7186 = DATE_TIME_ROLE ( 'classification_date' ) ;
#7187 = CC_DESIGN_PERSON_AND_ORGANIZATION_ASSIGNMENT ( #9374, #7051, ( #1333 ) ) ;
#7188 = EDGE_CURVE ( 'NONE', #5230, #6786, #3799, .T. ) ;
#7189 = CARTESIAN_POINT ( 'NONE',  ( 12.70000000000003837, 14.17874478464833388, 5.260512242138174699 ) ) ;
#7190 = ORIENTED_EDGE ( 'NONE', *, *, #231, .F. ) ;
#7191 = CARTESIAN_POINT ( 'NONE',  ( 9.069809202314353058, 15.61375000000001378, -9.069809202314482732 ) ) ;
#7192 = ORIENTED_EDGE ( 'NONE', *, *, #9, .F. ) ;
#7193 = ORIENTED_EDGE ( 'NONE', *, *, #1879, .T. ) ;
#7194 = CARTESIAN_POINT ( 'NONE',  ( -11.67190269737710651, -1.770935120663230000, -9.761894529153712696 ) ) ;
#7195 = ADVANCED_FACE ( 'NONE', ( #3716 ), #3051, .T. ) ;
#7196 = CARTESIAN_POINT ( 'NONE',  ( 12.27635182233306921, 0.000000000000000000, 8.045708121834925564 ) ) ;
#7197 = CARTESIAN_POINT ( 'NONE',  ( 2.025353592964384664, 0.7167813006314045499, 0.3232012134143661397 ) ) ;
#7198 = DIRECTION ( 'NONE',  ( -0.000000000000000000, -1.000000000000000000, -0.000000000000000000 ) ) ;
#7199 = CARTESIAN_POINT ( 'NONE',  ( -11.89999999999997549, 17.80000000000002203, 1.457329690985349012E-15 ) ) ;
#7200 = EDGE_CURVE ( 'NONE', #5588, #4683, #7011, .T. ) ;
#7201 = FACE_OUTER_BOUND ( 'NONE', #1965, .T. ) ;
#7202 = DIRECTION ( 'NONE',  ( -8.775090700452169195E-16, -1.000000000000000000, -0.000000000000000000 ) ) ;
#7203 = AXIS2_PLACEMENT_3D ( 'NONE', #2033, #4920, #6975 ) ;
#7204 = VERTEX_POINT ( 'NONE', #6503 ) ;
#7205 = CARTESIAN_POINT ( 'NONE',  ( 39.70000000000001705, 5.499261314031192782, 9.525000000000002132 ) ) ;
#7206 = ORIENTED_EDGE ( 'NONE', *, *, #3910, .F. ) ;
#7207 = EDGE_CURVE ( 'NONE', #1601, #1395, #6098, .T. ) ;
#7208 = EDGE_CURVE ( 'NONE', #4078, #8182, #8908, .T. ) ;
#7209 = CARTESIAN_POINT ( 'NONE',  ( 12.56412585201709753, -2.009527318423363074, -9.246769250645094473 ) ) ;
#7210 = DIRECTION ( 'NONE',  ( -0.000000000000000000, 1.000000000000000000, 1.224646799147353207E-16 ) ) ;
#7211 = CIRCLE ( 'NONE', #8452, 9.000000000000005329 ) ;
#7212 = DIRECTION ( 'NONE',  ( -1.000000000000000000, -0.000000000000000000, -0.000000000000000000 ) ) ;
#7213 = UNCERTAINTY_MEASURE_WITH_UNIT (LENGTH_MEASURE( 1.000000000000000082E-05 ), #7700, 'distance_accuracy_value', 'NONE');
#7214 = ORIENTED_EDGE ( 'NONE', *, *, #9031, .F. ) ;
#7215 = VERTEX_POINT ( 'NONE', #8122 ) ;
#7216 = ORIENTED_EDGE ( 'NONE', *, *, #5876, .T. ) ;
#7217 = PRODUCT ( 'TB4-L13', 'TB4-L13', '', ( #6648 ) ) ;
#7218 = AXIS2_PLACEMENT_3D ( 'NONE', #9375, #590, #4268 ) ;
#7219 = CARTESIAN_POINT ( 'NONE',  ( 1.561966144680487038E-14, 17.80000000000001137, 0.000000000000000000 ) ) ;
#7220 = CARTESIAN_POINT ( 'NONE',  ( 4.929141392239922759, 10.87187500000002061, 11.89999999999996305 ) ) ;
#7221 = CARTESIAN_POINT ( 'NONE',  ( -11.89999999999998259, 10.90000000000001990, 0.000000000000000000 ) ) ;
#7222 = CARTESIAN_POINT ( 'NONE',  ( 9.564848863492874352E-15, 10.90000000000001101, 0.000000000000000000 ) ) ;
#7223 = CARTESIAN_POINT ( 'NONE',  ( 0.000000000000000000, 0.000000000000000000, 11.00000000000000000 ) ) ;
#7224 = CARTESIAN_POINT ( 'NONE',  ( -14.29000000000000092, -15.92700952567406247, 5.236092080349421529 ) ) ;
#7225 = COORDINATED_UNIVERSAL_TIME_OFFSET ( 8, 0, .AHEAD. ) ;
#7226 = CIRCLE ( 'NONE', #5708, 14.00000000000000000 ) ;
#7227 = ORIENTED_EDGE ( 'NONE', *, *, #3179, .T. ) ;
#7228 = ORIENTED_EDGE ( 'NONE', *, *, #7426, .F. ) ;
#7229 = CARTESIAN_POINT ( 'NONE',  ( -5.312947559864525715, -16.37747573616957908, -13.43323898956135309 ) ) ;
#7230 = CARTESIAN_POINT ( 'NONE',  ( 5.222092788188507306, 17.72783856308685557, -10.80669644667301732 ) ) ;
#7231 = AXIS2_PLACEMENT_3D ( 'NONE', #434, #1242, #2047 ) ;
#7232 = CARTESIAN_POINT ( 'NONE',  ( -9.069809202314482732, 17.20125000000000881, -9.069809202314353058 ) ) ;
#7233 = PERSON_AND_ORGANIZATION ( #5176, #5070 ) ;
#7234 = DIRECTION ( 'NONE',  ( 0.000000000000000000, 0.000000000000000000, -1.000000000000000000 ) ) ;
#7235 = ORIENTED_EDGE ( 'NONE', *, *, #2281, .F. ) ;
#7236 = AXIS2_PLACEMENT_3D ( 'NONE', #5694, #7698, #5651 ) ;
#7237 = EDGE_LOOP ( 'NONE', ( #9413, #5527, #945, #7113 ) ) ;
#7238 = ORIENTED_EDGE ( 'NONE', *, *, #3444, .F. ) ;
#7239 = DIRECTION ( 'NONE',  ( -1.000000000000000000, -0.000000000000000000, -0.000000000000000000 ) ) ;
#7240 = APPROVAL ( #5368, '未指定' ) ;
#7241 = CARTESIAN_POINT ( 'NONE',  ( 0.000000000000000000, -17.39999999999999858, 0.000000000000000000 ) ) ;
#7242 = CARTESIAN_POINT ( 'NONE',  ( 34.10000000000000142, 0.000000000000000000, 0.000000000000000000 ) ) ;
#7243 = FACE_OUTER_BOUND ( 'NONE', #5023, .T. ) ;
#7244 = CARTESIAN_POINT ( 'NONE',  ( 0.000000000000000000, 1.500000000000000000, -20.24999999999999645 ) ) ;
#7245 = DIRECTION ( 'NONE',  ( 0.000000000000000000, 0.000000000000000000, -1.000000000000000000 ) ) ;
#7246 = LINE ( 'NONE', #2216, #6912 ) ;
#7247 = CARTESIAN_POINT ( 'NONE',  ( -11.89999999999997549, 17.80000000000002203, 1.506315562951287800E-15 ) ) ;
#7248 = VERTEX_POINT ( 'NONE', #1605 ) ;
#7249 = ADVANCED_FACE ( 'NONE', ( #8173 ), #1555, .T. ) ;
#7250 = CARTESIAN_POINT ( 'NONE',  ( 0.000000000000000000, -1.201236941557884519, -14.20000000000000107 ) ) ;
#7251 = CONICAL_SURFACE ( 'NONE', #5264, 11.00000000000000000, 1.308996938995746762 ) ;
#7252 = EDGE_LOOP ( 'NONE', ( #8639, #7764, #2180, #6080 ) ) ;
#7253 = EDGE_CURVE ( 'NONE', #7248, #4520, #2259, .T. ) ;
#7254 = DIRECTION ( 'NONE',  ( 9.800697604388738773E-17, -1.000000000000000000, 0.000000000000000000 ) ) ;
#7255 = DIRECTION ( 'NONE',  ( 0.000000000000000000, 0.000000000000000000, 1.000000000000000000 ) ) ;
#7256 = VECTOR ( 'NONE', #8598, 1000.000000000000000 ) ;
#7257 = FACE_OUTER_BOUND ( 'NONE', #5002, .T. ) ;
#7258 = ORIENTED_EDGE ( 'NONE', *, *, #5108, .F. ) ;
#7259 = EDGE_CURVE ( 'NONE', #8808, #6111, #3492, .T. ) ;
#7260 = ORIENTED_EDGE ( 'NONE', *, *, #7497, .F. ) ;
#7261 = ADVANCED_FACE ( 'NONE', ( #4477 ), #3002, .T. ) ;
#7262 = ORIENTED_EDGE ( 'NONE', *, *, #5094, .F. ) ;
#7263 = VECTOR ( 'NONE', #5737, 1000.000000000000000 ) ;
#7264 = AXIS2_PLACEMENT_3D ( 'NONE', #2204, #5136, #4501 ) ;
#7265 = CARTESIAN_POINT ( 'NONE',  ( 12.44999999999999929, 0.000000000000000000, 4.688733431983854061 ) ) ;
#7266 = DIRECTION ( 'NONE',  ( 0.000000000000000000, -1.224646799147353700E-16, 1.000000000000000000 ) ) ;
#7267 = DIRECTION ( 'NONE',  ( -0.9848077530122093526, 2.126576849575687790E-17, -0.1736481776669235311 ) ) ;
#7268 = DIRECTION ( 'NONE',  ( 0.000000000000000000, 0.000000000000000000, -1.000000000000000000 ) ) ;
#7269 = DIRECTION ( 'NONE',  ( 0.000000000000000000, 0.000000000000000000, 1.000000000000000000 ) ) ;
#7270 = AXIS2_PLACEMENT_3D ( 'NONE', #1266, #3327, #460 ) ;
#7271 = ORIENTED_EDGE ( 'NONE', *, *, #1504, .F. ) ;
#7272 = ORIENTED_EDGE ( 'NONE', *, *, #3576, .F. ) ;
#7273 = DIRECTION ( 'NONE',  ( 0.000000000000000000, 1.000000000000000000, 0.000000000000000000 ) ) ;
#7274 = DIRECTION ( 'NONE',  ( 1.000000000000000000, -8.896017825522095502E-16, 0.000000000000000000 ) ) ;
#7275 = CIRCLE ( 'NONE', #1316, 3.675000000000003375 ) ;
#7276 = CARTESIAN_POINT ( 'NONE',  ( 9.192421541439370070E-14, 13.86750000000001570, 12.82664718204935106 ) ) ;
#7277 = COORDINATED_UNIVERSAL_TIME_OFFSET ( 8, 0, .AHEAD. ) ;
#7278 = CARTESIAN_POINT ( 'NONE',  ( 2.940209281316652570E-17, -17.69999999999999929, 0.000000000000000000 ) ) ;
#7279 = EDGE_LOOP ( 'NONE', ( #3726, #134, #5596, #577, #702, #7190 ) ) ;
#7280 = CARTESIAN_POINT ( 'NONE',  ( -9.069809202314351282, 14.97875000000001222, 9.069809202314482732 ) ) ;
#7281 = EDGE_LOOP ( 'NONE', ( #6570, #8180 ) ) ;
#7282 = ORIENTED_EDGE ( 'NONE', *, *, #3204, .F. ) ;
#7283 = CARTESIAN_POINT ( 'NONE',  ( -10.61987304526799214, 17.80000000000002203, -5.369198869700185561 ) ) ;
#7284 = VECTOR ( 'NONE', #8942, 1000.000000000000000 ) ;
#7285 = DIRECTION ( 'NONE',  ( 0.000000000000000000, 0.000000000000000000, 1.000000000000000000 ) ) ;
#7286 = DIRECTION ( 'NONE',  ( 0.000000000000000000, -0.4999999999999997780, 0.8660254037844387076 ) ) ;
#7287 = PLANE ( 'NONE',  #5901 ) ;
#7288 = PERSON_AND_ORGANIZATION ( #5176, #5070 ) ;
#7289 = CARTESIAN_POINT ( 'NONE',  ( 33.49999999999999289, 5.949999999999996625, 0.000000000000000000 ) ) ;
#7290 = CARTESIAN_POINT ( 'NONE',  ( -9.000000000000001776, -10.80000000000000604, 9.000000000000000000 ) ) ;
#7291 = ORIENTED_EDGE ( 'NONE', *, *, #7079, .T. ) ;
#7292 = VECTOR ( 'NONE', #8513, 1000.000000000000000 ) ;
#7293 = CARTESIAN_POINT ( 'NONE',  ( -12.69999999999998508, 1.114436518957424246E-14, 1.555301434917136855E-15 ) ) ;
#7294 = CC_DESIGN_SECURITY_CLASSIFICATION ( #3774, ( #4602 ) ) ;
#7295 = ORIENTED_EDGE ( 'NONE', *, *, #3814, .T. ) ;
#7296 = PLANE ( 'NONE',  #8883 ) ;
#7297 = ADVANCED_FACE ( 'NONE', ( #5882 ), #2232, .F. ) ;
#7298 = CARTESIAN_POINT ( 'NONE',  ( -8.980256121069064790, 12.36563021535169860, 8.980256121069192687 ) ) ;
#7299 = CIRCLE ( 'NONE', #1195, 21.75000000000000000 ) ;
#7300 = DIRECTION ( 'NONE',  ( 0.000000000000000000, 0.000000000000000000, -1.000000000000000000 ) ) ;
#7301 = CARTESIAN_POINT ( 'NONE',  ( 0.000000000000000000, 3.918869757271530460E-16, -3.200000000000000178 ) ) ;
#7302 = PRODUCT_DEFINITION ( '未知', '', #7142, #5570 ) ;
#7303 = EDGE_CURVE ( 'NONE', #442, #3510, #7352, .T. ) ;
#7304 = ORIENTED_EDGE ( 'NONE', *, *, #182, .T. ) ;
#7305 = ORIENTED_EDGE ( 'NONE', *, *, #8517, .F. ) ;
#7306 = EDGE_LOOP ( 'NONE', ( #2719, #4669, #5991, #3060 ) ) ;
#7307 = VECTOR ( 'NONE', #139, 1000.000000000000000 ) ;
#7308 = CARTESIAN_POINT ( 'NONE',  ( 14.29000000000000448, -17.69999999999999929, 8.250335346719751328 ) ) ;
#7309 = CARTESIAN_POINT ( 'NONE',  ( 1.544415963279582930E-14, 17.60000000000001208, 0.000000000000000000 ) ) ;
#7310 = DIRECTION ( 'NONE',  ( -0.000000000000000000, 1.000000000000000000, 1.224646799147353207E-16 ) ) ;
#7311 = ADVANCED_FACE ( 'NONE', ( #2861 ), #594, .F. ) ;
#7312 = DIRECTION ( 'NONE',  ( -9.800697604388738773E-17, 1.000000000000000000, -0.000000000000000000 ) ) ;
#7313 = DIRECTION ( 'NONE',  ( 1.000000000000000000, -8.746504920891471725E-16, 0.000000000000000000 ) ) ;
#7314 = DIRECTION ( 'NONE',  ( 0.000000000000000000, 0.000000000000000000, 1.000000000000000000 ) ) ;
#7315 = AXIS2_PLACEMENT_3D ( 'NONE', #2966, #6742, #7366 ) ;
#7316 = SECURITY_CLASSIFICATION_LEVEL ( 'unclassified' ) ;
#7317 = EDGE_CURVE ( 'NONE', #6044, #6375, #2414, .T. ) ;
#7318 = VERTEX_POINT ( 'NONE', #5836 ) ;
#7319 = EDGE_LOOP ( 'NONE', ( #7447, #2857, #2584, #8064 ) ) ;
#7320 = DIRECTION ( 'NONE',  ( -1.000000000000000000, -0.000000000000000000, -0.000000000000000000 ) ) ;
#7321 = EDGE_LOOP ( 'NONE', ( #85, #8496, #4474, #3552 ) ) ;
#7322 = CARTESIAN_POINT ( 'NONE',  ( -4.929141392239690056, 11.98312500000002068, 11.90000000000005898 ) ) ;
#7323 = AXIS2_PLACEMENT_3D ( 'NONE', #1179, #7886, #467 ) ;
#7324 = DIRECTION ( 'NONE',  ( -1.000000000000000000, 0.000000000000000000, 0.000000000000000000 ) ) ;
#7325 = EDGE_CURVE ( 'NONE', #8980, #5763, #3647, .T. ) ;
#7326 = ADVANCED_FACE ( 'NONE', ( #4383 ), #4723, .F. ) ;
#7327 = PERSON_AND_ORGANIZATION_ROLE ( 'classification_officer' ) ;
#7328 = CARTESIAN_POINT ( 'NONE',  ( -1.411258918926618933E-16, -17.69999999999999929, 16.50067069343950976 ) ) ;
#7329 = AXIS2_PLACEMENT_3D ( 'NONE', #2908, #8769, #7355 ) ;
#7330 = CARTESIAN_POINT ( 'NONE',  ( 9.069809202314482732, 12.75625000000001741, 9.069809202314353058 ) ) ;
#7331 = VERTEX_POINT ( 'NONE', #6588 ) ;
#7332 = DIRECTION ( 'NONE',  ( 0.000000000000000000, -0.7071067811865479058, -0.7071067811865471286 ) ) ;
#7333 = CARTESIAN_POINT ( 'NONE',  ( 12.10380299618156563, 11.52173915494918433, -3.274163020179501782 ) ) ;
#7334 = CARTESIAN_POINT ( 'NONE',  ( -11.90000000000003233, 14.00562500000001620, -4.929141392239748676 ) ) ;
#7335 = CIRCLE ( 'NONE', #6874, 0.5000000000000000000 ) ;
#7336 = CARTESIAN_POINT ( 'NONE',  ( 0.1511399062113904235, 3.680339675970656810, -9.524999999999996803 ) ) ;
#7337 = DIRECTION ( 'NONE',  ( -1.000000000000000000, -9.800697604388738773E-17, 0.000000000000000000 ) ) ;
#7338 = LINE ( 'NONE', #7199, #8820 ) ;
#7339 = COORDINATED_UNIVERSAL_TIME_OFFSET ( 8, 0, .AHEAD. ) ;
#7340 =( BOUNDED_CURVE ( )  B_SPLINE_CURVE ( 2, ( #3258, #5478, #1150, #8396, #4890, #3308, #1200, #7816, #6239 ),
 .UNSPECIFIED., .F., .T. ) 
 B_SPLINE_CURVE_WITH_KNOTS ( ( 3, 2, 2, 2, 3 ),
 ( 0.5937500000000001110, 0.6093750000000000000, 0.6250000000000000000, 0.6406250000000000000, 0.6562499999999998890 ),
 .UNSPECIFIED. ) 
 CURVE ( )  GEOMETRIC_REPRESENTATION_ITEM ( )  RATIONAL_B_SPLINE_CURVE ( ( 0.9999999999999994449, 0.9238795325112872936, 1.000000000000000000, 0.9238795325112867385, 1.000000000000000000, 0.9238795325112867385, 1.000000000000000000, 0.9238795325112872936, 0.9999999999999994449 ) ) 
 REPRESENTATION_ITEM ( '' )  );
#7341 = DIRECTION ( 'NONE',  ( -9.800697604388738773E-17, 1.000000000000000000, -0.000000000000000000 ) ) ;
#7342 = ORIENTED_EDGE ( 'NONE', *, *, #8138, .F. ) ;
#7343 = AXIS2_PLACEMENT_3D ( 'NONE', #5006, #4035, #7155 ) ;
#7344 = DIRECTION ( 'NONE',  ( 0.000000000000000000, 0.000000000000000000, -1.000000000000000000 ) ) ;
#7345 = VERTEX_POINT ( 'NONE', #1513 ) ;
#7346 = CARTESIAN_POINT ( 'NONE',  ( 6.255353054409849456, -16.43104480127817624, -12.88914092359982533 ) ) ;
#7347 = CARTESIAN_POINT ( 'NONE',  ( 6.002643781541124213, 10.90000000000000213, 10.27512859442283144 ) ) ;
#7348 = CARTESIAN_POINT ( 'NONE',  ( 0.000000000000000000, 0.000000000000000000, 2.300000000000000711 ) ) ;
#7349 = ORIENTED_EDGE ( 'NONE', *, *, #8200, .T. ) ;
#7350 = ORIENTED_EDGE ( 'NONE', *, *, #3975, .F. ) ;
#7351 = ORIENTED_EDGE ( 'NONE', *, *, #7207, .T. ) ;
#7352 = LINE ( 'NONE', #5253, #5338 ) ;
#7353 = CARTESIAN_POINT ( 'NONE',  ( 15.22582127265072316, 30.49999999999999645, 10.06137332587782929 ) ) ;
#7354 = APPROVAL ( #1532, '未指定' ) ;
#7355 = DIRECTION ( 'NONE',  ( 0.000000000000000000, 0.000000000000000000, 1.000000000000000000 ) ) ;
#7356 = EDGE_CURVE ( 'NONE', #8408, #8671, #3040, .T. ) ;
#7357 = CARTESIAN_POINT ( 'NONE',  ( 15.22582127265072316, 33.79999999999998295, 7.561373325877829288 ) ) ;
#7358 = LINE ( 'NONE', #2321, #3530 ) ;
#7359 = DIRECTION ( 'NONE',  ( 0.000000000000000000, -0.5150380749100547106, -0.8571673007021120005 ) ) ;
#7360 = VERTEX_POINT ( 'NONE', #6924 ) ;
#7361 = FACE_BOUND ( 'NONE', #5130, .T. ) ;
#7362 = AXIS2_PLACEMENT_3D ( 'NONE', #2542, #5631, #8554 ) ;
#7363 = ORIENTED_EDGE ( 'NONE', *, *, #6670, .T. ) ;
#7364 = EDGE_CURVE ( 'NONE', #7043, #8918, #1801, .T. ) ;
#7365 = CARTESIAN_POINT ( 'NONE',  ( 17.47810899155977893, 0.000000000000000000, 0.000000000000000000 ) ) ;
#7366 = DIRECTION ( 'NONE',  ( 0.000000000000000000, 0.000000000000000000, 1.000000000000000000 ) ) ;
#7367 = EDGE_CURVE ( 'NONE', #981, #8136, #8422, .T. ) ;
#7368 = CONICAL_SURFACE ( 'NONE', #6603, 11.00000000000000000, 1.308996938995746762 ) ;
#7369 = PERSON_AND_ORGANIZATION ( #5176, #5070 ) ;
#7370 = DIRECTION ( 'NONE',  ( 0.2588190451025143002, 0.000000000000000000, -0.9659258262890700886 ) ) ;
#7371 = EDGE_LOOP ( 'NONE', ( #8332, #5446, #9077, #1954 ) ) ;
#7372 = ORIENTED_EDGE ( 'NONE', *, *, #8961, .T. ) ;
#7373 = CARTESIAN_POINT ( 'NONE',  ( -12.82664718204935106, 11.01000000000002110, 8.956799855210031952E-14 ) ) ;
#7374 = ADVANCED_FACE ( 'NONE', ( #8957 ), #7647, .T. ) ;
#7375 = EDGE_CURVE ( 'NONE', #2051, #2961, #7543, .T. ) ;
#7376 = ORIENTED_EDGE ( 'NONE', *, *, #8668, .F. ) ;
#7377 = CARTESIAN_POINT ( 'NONE',  ( -11.69999999999997797, 10.90000000000001990, 1.432836755002401707E-15 ) ) ;
#7378 = CARTESIAN_POINT ( 'NONE',  ( -8.414570696119973547, 16.46625000000000938, -8.414570696119856308 ) ) ;
#7379 = CARTESIAN_POINT ( 'NONE',  ( 0.000000000000000000, 0.000000000000000000, 0.000000000000000000 ) ) ;
#7380 = CARTESIAN_POINT ( 'NONE',  ( 41.00000000000000000, 0.000000000000000000, 0.000000000000000000 ) ) ;
#7381 = FACE_OUTER_BOUND ( 'NONE', #1198, .T. ) ;
#7382 = COORDINATED_UNIVERSAL_TIME_OFFSET ( 8, 0, .AHEAD. ) ;
#7383 = CIRCLE ( 'NONE', #7236, 3.000000000000009770 ) ;
#7384 = DIRECTION ( 'NONE',  ( 0.000000000000000000, 0.000000000000000000, 1.000000000000000000 ) ) ;
#7385 = ORIENTED_EDGE ( 'NONE', *, *, #1244, .T. ) ;
#7386 = CARTESIAN_POINT ( 'NONE',  ( -13.44999999999999929, 8.900000000000016342, 12.94999999999999218 ) ) ;
#7387 = ORIENTED_EDGE ( 'NONE', *, *, #7253, .F. ) ;
#7388 = DIRECTION ( 'NONE',  ( 0.000000000000000000, -1.000000000000000000, 0.000000000000000000 ) ) ;
#7389 =( BOUNDED_CURVE ( )  B_SPLINE_CURVE ( 2, ( #4819, #2559, #3377, #9150, #8367, #3994, #6120, #4041, #1799 ),
 .UNSPECIFIED., .F., .T. ) 
 B_SPLINE_CURVE_WITH_KNOTS ( ( 3, 2, 2, 2, 3 ),
 ( 0.7812500000000000000, 0.7968750000000000000, 0.8125000000000000000, 0.8281250000000000000, 0.8437500000000000000 ),
 .UNSPECIFIED. ) 
 CURVE ( )  GEOMETRIC_REPRESENTATION_ITEM ( )  RATIONAL_B_SPLINE_CURVE ( ( 1.000000000000000000, 0.9238795325112867385, 1.000000000000000000, 0.9238795325112867385, 1.000000000000000000, 0.9238795325112867385, 1.000000000000000000, 0.9238795325112867385, 1.000000000000000000 ) ) 
 REPRESENTATION_ITEM ( '' )  );
#7390 = CARTESIAN_POINT ( 'NONE',  ( 6.216747625905278518, -1.254181481906626372, -12.91142977813912118 ) ) ;
#7391 = CARTESIAN_POINT ( 'NONE',  ( 1.561966144680487038E-14, 17.80000000000001137, 0.000000000000000000 ) ) ;
#7392 = DIRECTION ( 'NONE',  ( -1.000000000000000000, -0.000000000000000000, -0.000000000000000000 ) ) ;
#7393 = EDGE_LOOP ( 'NONE', ( #5925, #9004, #4177, #9297 ) ) ;
#7394 = ORIENTED_EDGE ( 'NONE', *, *, #7094, .T. ) ;
#7395 = EDGE_LOOP ( 'NONE', ( #924, #4767, #1421, #5515 ) ) ;
#7396 = CARTESIAN_POINT ( 'NONE',  ( 0.000000000000000000, 0.000000000000000000, 0.000000000000000000 ) ) ;
#7397 = LINE ( 'NONE', #4531, #5775 ) ;
#7398 = VECTOR ( 'NONE', #4987, 1000.000000000000000 ) ;
#7399 = DIRECTION ( 'NONE',  ( -1.000000000000000000, -0.000000000000000000, -0.000000000000000000 ) ) ;
#7400 = DIRECTION ( 'NONE',  ( 0.000000000000000000, 0.000000000000000000, 1.000000000000000000 ) ) ;
#7401 = PLANE ( 'NONE',  #7657 ) ;
#7402 = CARTESIAN_POINT ( 'NONE',  ( 0.000000000000000000, 0.000000000000000000, 0.000000000000000000 ) ) ;
#7403 = EDGE_LOOP ( 'NONE', ( #8510, #6643 ) ) ;
#7404 = ORIENTED_EDGE ( 'NONE', *, *, #1516, .F. ) ;
#7405 = AXIS2_PLACEMENT_3D ( 'NONE', #6295, #2099, #6906 ) ;
#7406 = CARTESIAN_POINT ( 'NONE',  ( 44.00000000000000000, 0.000000000000000000, 14.59999999999999609 ) ) ;
#7407 = EDGE_LOOP ( 'NONE', ( #9240, #2572, #7552, #279, #4311, #7235 ) ) ;
#7408 = CARTESIAN_POINT ( 'NONE',  ( 0.000000000000000000, 1.042832680730699568, -2.050000000000001155 ) ) ;
#7409 = CARTESIAN_POINT ( 'NONE',  ( 0.000000000000000000, 32.79999999999999716, -20.24999999999999645 ) ) ;
#7410 = DIRECTION ( 'NONE',  ( 0.000000000000000000, 0.000000000000000000, 1.000000000000000000 ) ) ;
#7411 = AXIS2_PLACEMENT_3D ( 'NONE', #7652, #1662, #4535 ) ;
#7412 = CONICAL_SURFACE ( 'NONE', #9294, 2.499999999999998668, 1.029744258676653867 ) ;
#7413 = EDGE_CURVE ( 'NONE', #3424, #788, #7796, .T. ) ;
#7414 = MECHANICAL_CONTEXT ( 'NONE', #4464, 'mechanical' ) ;
#7415 = CARTESIAN_POINT ( 'NONE',  ( -1.235747242072043006, 1.615456778538793436, -1.640338882096567641 ) ) ;
#7416 = ORIENTED_EDGE ( 'NONE', *, *, #2282, .F. ) ;
#7417 = APPROVAL ( #9352, '未指定' ) ;
#7418 = CARTESIAN_POINT ( 'NONE',  ( -9.035340417286477571E-14, 11.96250000000001990, -12.82664718204935106 ) ) ;
#7419 = ADVANCED_FACE ( 'NONE', ( #982 ), #4673, .F. ) ;
#7420 = CIRCLE ( 'NONE', #7270, 6.750000000000000888 ) ;
#7421 = FACE_OUTER_BOUND ( 'NONE', #5598, .T. ) ;
#7422 = DIRECTION ( 'NONE',  ( 0.000000000000000000, 0.000000000000000000, -1.000000000000000000 ) ) ;
#7423 = CARTESIAN_POINT ( 'NONE',  ( -11.89999999999999858, 15.35500000000001108, 8.309725586446656123E-14 ) ) ;
#7424 = CARTESIAN_POINT ( 'NONE',  ( 8.980256121069066566, 14.41686978464833402, -8.980256121069194464 ) ) ;
#7425 = CARTESIAN_POINT ( 'NONE',  ( 12.94999999999999218, -11.19999999999999751, -13.44999999999999929 ) ) ;
#7426 = EDGE_CURVE ( 'NONE', #5194, #204, #1849, .T. ) ;
#7427 = DIRECTION ( 'NONE',  ( -1.000000000000000000, -0.000000000000000000, -0.000000000000000000 ) ) ;
#7428 = APPLICATION_PROTOCOL_DEFINITION ( 'international standard', 'config_control_design', 1994, #9396 ) ;
#7429 = CARTESIAN_POINT ( 'NONE',  ( 44.00000000000000000, 14.59999999999999609, 0.000000000000000000 ) ) ;
#7430 = FACE_OUTER_BOUND ( 'NONE', #146, .T. ) ;
#7431 = DIRECTION ( 'NONE',  ( 0.000000000000000000, 0.000000000000000000, -1.000000000000000000 ) ) ;
#7432 = EDGE_CURVE ( 'NONE', #3753, #1225, #7712, .T. ) ;
#7433 = ORIENTED_EDGE ( 'NONE', *, *, #7137, .T. ) ;
#7434 = DIRECTION ( 'NONE',  ( -0.000000000000000000, -1.000000000000000000, -0.000000000000000000 ) ) ;
#7435 = ORIENTED_EDGE ( 'NONE', *, *, #5043, .T. ) ;
#7436 = VECTOR ( 'NONE', #8356, 1000.000000000000114 ) ;
#7437 = CARTESIAN_POINT ( 'NONE',  ( 9.564848863492874352E-15, 10.90000000000001101, 0.000000000000000000 ) ) ;
#7438 = CARTESIAN_POINT ( 'NONE',  ( 3.513634653869319280, -1.581081314057898535, -14.47207278019405052 ) ) ;
#7439 = CARTESIAN_POINT ( 'NONE',  ( -7.701338712477597603, 17.06503698542206848, -10.02356401692384047 ) ) ;
#7440 = EDGE_CURVE ( 'NONE', #1040, #7331, #3805, .T. ) ;
#7441 = EDGE_CURVE ( 'NONE', #2870, #5155, #1502, .T. ) ;
#7442 = CARTESIAN_POINT ( 'NONE',  ( 0.000000000000000000, -2.009527318423362185, 0.000000000000000000 ) ) ;
#7443 = AXIS2_PLACEMENT_3D ( 'NONE', #1838, #399, #3319 ) ;
#7444 = CC_DESIGN_APPROVAL ( #5629, ( #7302 ) ) ;
#7445 = ORIENTED_EDGE ( 'NONE', *, *, #852, .T. ) ;
#7446 = ORIENTED_EDGE ( 'NONE', *, *, #3506, .F. ) ;
#7447 = ORIENTED_EDGE ( 'NONE', *, *, #2038, .F. ) ;
#7448 = DIRECTION ( 'NONE',  ( -1.000000000000000000, 0.000000000000000000, 0.000000000000000000 ) ) ;
#7449 = VECTOR ( 'NONE', #4902, 1000.000000000000000 ) ;
#7450 = CARTESIAN_POINT ( 'NONE',  ( 11.69999999999998863, -1.026685611952902761E-14, 0.000000000000000000 ) ) ;
#7451 = CARTESIAN_POINT ( 'NONE',  ( 8.248585258425048924E-15, 9.400000000000012790, 0.000000000000000000 ) ) ;
#7452 = DIRECTION ( 'NONE',  ( -0.000000000000000000, -0.000000000000000000, -1.000000000000000000 ) ) ;
#7453 = DIRECTION ( 'NONE',  ( -0.000000000000000000, -1.000000000000000000, -0.000000000000000000 ) ) ;
#7454 = CARTESIAN_POINT ( 'NONE',  ( -8.965523947390061453E-14, 17.57750000000000767, -11.89999999999999858 ) ) ;
#7455 = CARTESIAN_POINT ( 'NONE',  ( 0.000000000000000000, 0.000000000000000000, 6.349999999999999645 ) ) ;
#7456 = VERTEX_POINT ( 'NONE', #7498 ) ;
#7457 = ORIENTED_EDGE ( 'NONE', *, *, #985, .T. ) ;
#7458 = AXIS2_PLACEMENT_3D ( 'NONE', #7138, #6336, #2684 ) ;
#7459 = AXIS2_PLACEMENT_3D ( 'NONE', #3236, #465, #9251 ) ;
#7460 = ORIENTED_EDGE ( 'NONE', *, *, #6108, .T. ) ;
#7461 = CARTESIAN_POINT ( 'NONE',  ( -14.29000000000000625, -1.579449879826765324, -4.184373678248400452 ) ) ;
#7462 = CARTESIAN_POINT ( 'NONE',  ( 9.069809202314353058, 11.80375000000002039, -9.069809202314482732 ) ) ;
#7463 = CARTESIAN_POINT ( 'NONE',  ( 0.000000000000000000, 13.71446665693449951, 0.000000000000000000 ) ) ;
#7464 = AXIS2_PLACEMENT_3D ( 'NONE', #1905, #4881, #8534 ) ;
#7465 = APPROVAL_STATUS ( 'not_yet_approved' ) ;
#7466 = CARTESIAN_POINT ( 'NONE',  ( -1.029669504015112702, 1.463847206690986891, -1.776953462223406444 ) ) ;
#7467 = VERTEX_POINT ( 'NONE', #183 ) ;
#7468 = ORIENTED_EDGE ( 'NONE', *, *, #6030, .F. ) ;
#7469 = CARTESIAN_POINT ( 'NONE',  ( -11.90000000000003233, 20.55562500000000270, -4.929141392239748676 ) ) ;
#7470 = FACE_OUTER_BOUND ( 'NONE', #2615, .T. ) ;
#7471 = DIRECTION ( 'NONE',  ( -0.7071067811865475727, 0.000000000000000000, 0.7071067811865475727 ) ) ;
#7472 = CARTESIAN_POINT ( 'NONE',  ( 8.414570696119975324, 14.56125000000001357, 8.414570696119856308 ) ) ;
#7473 = CC_DESIGN_DATE_AND_TIME_ASSIGNMENT ( #1349, #7186, ( #1333 ) ) ;
#7474 = LINE ( 'NONE', #6052, #3669 ) ;
#7475 = EDGE_CURVE ( 'NONE', #3510, #6786, #5524, .T. ) ;
#7476 = DIRECTION ( 'NONE',  ( -0.000000000000000000, 1.000000000000000000, 1.224646799147353207E-16 ) ) ;
#7477 = DIRECTION ( 'NONE',  ( -0.000000000000000000, -1.000000000000000000, -0.000000000000000000 ) ) ;
#7478 = AXIS2_PLACEMENT_3D ( 'NONE', #43, #7310, #7266 ) ;
#7479 = APPROVAL_DATE_TIME ( #4461, #8008 ) ;
#7480 = CARTESIAN_POINT ( 'NONE',  ( 41.39999999999999858, 0.000000000000000000, 2.700000000000001510 ) ) ;
#7481 = CARTESIAN_POINT ( 'NONE',  ( 12.69999999999998508, -1.114436518957424246E-14, 0.000000000000000000 ) ) ;
#7482 = CARTESIAN_POINT ( 'NONE',  ( -9.035340417286477571E-14, 20.85250000000000270, -12.82664718204935106 ) ) ;
#7483 = CARTESIAN_POINT ( 'NONE',  ( 0.000000000000000000, -16.49876305844211544, 14.19999999999999751 ) ) ;
#7484 = EDGE_LOOP ( 'NONE', ( #7433, #223, #3095, #1824 ) ) ;
#7485 = EDGE_CURVE ( 'NONE', #6071, #625, #32, .T. ) ;
#7486 = AXIS2_PLACEMENT_3D ( 'NONE', #9098, #8361, #2407 ) ;
#7487 = CARTESIAN_POINT ( 'NONE',  ( 0.000000000000000000, -15.69047268157664021, 0.000000000000000000 ) ) ;
#7488 = FACE_OUTER_BOUND ( 'NONE', #7806, .T. ) ;
#7489 = EDGE_CURVE ( 'NONE', #205, #656, #8726, .T. ) ;
#7490 = CARTESIAN_POINT ( 'NONE',  ( -2.050000000000001155, 2.299999999999994493, -2.193834799194117367E-21 ) ) ;
#7491 = DIRECTION ( 'NONE',  ( -1.000000000000000000, -0.000000000000000000, -0.000000000000000000 ) ) ;
#7492 = CIRCLE ( 'NONE', #7343, 3.174999999999999822 ) ;
#7493 = EDGE_LOOP ( 'NONE', ( #4259, #8170, #1525, #1453 ) ) ;
#7494 = EDGE_LOOP ( 'NONE', ( #72, #2081, #9453, #7554, #4924, #2518, #1885 ) ) ;
#7495 = ORIENTED_EDGE ( 'NONE', *, *, #6779, .T. ) ;
#7496 = EDGE_CURVE ( 'NONE', #7921, #5709, #5039, .T. ) ;
#7497 = EDGE_CURVE ( 'NONE', #5560, #8171, #5657, .T. ) ;
#7498 = CARTESIAN_POINT ( 'NONE',  ( -12.56412585201708865, -15.69047268157664021, -9.246769250645099802 ) ) ;
#7499 = CONICAL_SURFACE ( 'NONE', #3375, 12.69999999999998863, 0.7853981633974418397 ) ;
#7500 = PLANE ( 'NONE',  #1478 ) ;
#7501 = LINE ( 'NONE', #940, #5520 ) ;
#7502 = CARTESIAN_POINT ( 'NONE',  ( 39.70000000000000284, -5.499261314031191894, -9.524999999999995026 ) ) ;
#7503 = FACE_OUTER_BOUND ( 'NONE', #735, .T. ) ;
#7504 = CARTESIAN_POINT ( 'NONE',  ( 12.69999999999996909, 12.98811978464833672, -9.023892744153249136E-14 ) ) ;
#7505 = ORIENTED_EDGE ( 'NONE', *, *, #1944, .F. ) ;
#7506 = EDGE_LOOP ( 'NONE', ( #615, #2316, #8874 ) ) ;
#7507 = AXIS2_PLACEMENT_3D ( 'NONE', #5695, #3339, #564 ) ;
#7508 = FACE_OUTER_BOUND ( 'NONE', #2667, .T. ) ;
#7509 = VERTEX_POINT ( 'NONE', #6450 ) ;
#7510 = CARTESIAN_POINT ( 'NONE',  ( -13.19999999999999751, -10.69999999999999218, 13.19999999999999396 ) ) ;
#7511 = CARTESIAN_POINT ( 'NONE',  ( -5.312971222579573549, 12.04187500000001876, -12.82664718204931376 ) ) ;
#7512 = PERSON_AND_ORGANIZATION_ROLE ( 'design_supplier' ) ;
#7513 = CYLINDRICAL_SURFACE ( 'NONE', #3442, 14.00000000000000000 ) ;
#7514 = EDGE_LOOP ( 'NONE', ( #2718, #6728 ) ) ;
#7515 = CARTESIAN_POINT ( 'NONE',  ( -9.069809202314351282, 11.16875000000002061, 9.069809202314482732 ) ) ;
#7516 = CARTESIAN_POINT ( 'NONE',  ( -10.65288843186211487, 11.24238706903241258, -6.045692252134083233 ) ) ;
#7517 = CARTESIAN_POINT ( 'NONE',  ( 12.12368332891052525, 17.57631667109025386, 0.8109750036845745358 ) ) ;
#7518 = AXIS2_PLACEMENT_3D ( 'NONE', #3157, #2579, #9071 ) ;
#7519 = CARTESIAN_POINT ( 'NONE',  ( 8.528325040094458741E-14, 15.67250000000001364, 11.89999999999999858 ) ) ;
#7520 = CARTESIAN_POINT ( 'NONE',  ( -12.69999999999996909, 14.89311978464833253, 8.868362600661534741E-14 ) ) ;
#7521 = DIRECTION ( 'NONE',  ( 0.000000000000000000, -1.224646799147353700E-16, 1.000000000000000000 ) ) ;
#7522 = LINE ( 'NONE', #1685, #5144 ) ;
#7523 = CALENDAR_DATE ( 2025, 13, 3 ) ;
#7524 = CARTESIAN_POINT ( 'NONE',  ( -5.260512242138382533, 13.23875521535169675, -12.69999999999992824 ) ) ;
#7525 = CIRCLE ( 'NONE', #506, 3.575000000000002842 ) ;
#7526 = DIRECTION ( 'NONE',  ( 1.000000000000000000, 0.000000000000000000, 0.000000000000000000 ) ) ;
#7527 = CC_DESIGN_DATE_AND_TIME_ASSIGNMENT ( #9073, #3254, ( #5485 ) ) ;
#7528 = PLANE ( 'NONE',  #131 ) ;
#7529 = VERTEX_POINT ( 'NONE', #1895 ) ;
#7530 = ADVANCED_FACE ( 'NONE', ( #1990 ), #5343, .F. ) ;
#7531 = CARTESIAN_POINT ( 'NONE',  ( 14.29000000000000448, -2.009527318423362630, 6.257467538869049051 ) ) ;
#7532 = CIRCLE ( 'NONE', #8778, 2.300000000000001155 ) ;
#7533 = DIRECTION ( 'NONE',  ( -8.775090700452169195E-16, -1.000000000000000000, -0.000000000000000000 ) ) ;
#7534 = LINE ( 'NONE', #3897, #5568 ) ;
#7535 = DIRECTION ( 'NONE',  ( 1.000000000000000000, 1.231304080816852664E-16, -0.000000000000000000 ) ) ;
#7536 = DIRECTION ( 'NONE',  ( -1.000000000000000000, -0.000000000000000000, -0.000000000000000000 ) ) ;
#7537 = ADVANCED_FACE ( 'NONE', ( #415 ), #3525, .T. ) ;
#7538 = ORIENTED_EDGE ( 'NONE', *, *, #3737, .T. ) ;
#7539 = DIRECTION ( 'NONE',  ( 1.000000000000000000, 0.000000000000000000, -0.000000000000000000 ) ) ;
#7540 = VECTOR ( 'NONE', #3699, 1000.000000000000000 ) ;
#7541 = ORIENTED_EDGE ( 'NONE', *, *, #6771, .T. ) ;
#7542 = ADVANCED_FACE ( 'NONE', ( #4916 ), #2736, .T. ) ;
#7543 = LINE ( 'NONE', #9061, #6264 ) ;
#7544 = DIRECTION ( 'NONE',  ( -9.800697604388738773E-17, 1.000000000000000000, -0.000000000000000000 ) ) ;
#7545 = CARTESIAN_POINT ( 'NONE',  ( 4.999999999999997335, 0.000000000000000000, 0.000000000000000000 ) ) ;
#7546 =( NAMED_UNIT ( * ) SI_UNIT ( $, .STERADIAN. ) SOLID_ANGLE_UNIT ( ) );
#7547 = AXIS2_PLACEMENT_3D ( 'NONE', #6381, #3360, #8453 ) ;
#7548 = CARTESIAN_POINT ( 'NONE',  ( -4.929141392239919206, 14.04687500000001599, -11.89999999999994706 ) ) ;
#7549 = ADVANCED_FACE ( 'NONE', ( #5646 ), #3119, .F. ) ;
#7550 = CARTESIAN_POINT ( 'NONE',  ( -6.999999999999999112, 0.000000000000000000, 0.000000000000000000 ) ) ;
#7551 = EDGE_CURVE ( 'NONE', #3150, #6569, #12, .T. ) ;
#7552 = ORIENTED_EDGE ( 'NONE', *, *, #8872, .F. ) ;
#7553 = ORIENTED_EDGE ( 'NONE', *, *, #7901, .T. ) ;
#7554 = ORIENTED_EDGE ( 'NONE', *, *, #4805, .F. ) ;
#7555 = CARTESIAN_POINT ( 'NONE',  ( 40.92056046467595110, 0.000000000000000000, 0.000000000000000000 ) ) ;
#7556 = CARTESIAN_POINT ( 'NONE',  ( -4.929141392239914765, 14.04687500000001776, -11.89999999999996483 ) ) ;
#7557 = DIRECTION ( 'NONE',  ( 0.000000000000000000, 0.000000000000000000, 1.000000000000000000 ) ) ;
#7558 = DIRECTION ( 'NONE',  ( -1.000000000000000000, -0.000000000000000000, -0.000000000000000000 ) ) ;
#7559 = CARTESIAN_POINT ( 'NONE',  ( 12.94999999999999218, 9.400000000000000355, 12.94999999999999218 ) ) ;
#7560 = ADVANCED_FACE ( 'NONE', ( #1481 ), #4591, .T. ) ;
#7561 = DATE_AND_TIME ( #4641, #3479 ) ;
#7562 = AXIS2_PLACEMENT_3D ( 'NONE', #8346, #208, #9182 ) ;
#7563 = CARTESIAN_POINT ( 'NONE',  ( -15.22582127265071783, 34.29999999999999716, -10.56137332587783995 ) ) ;
#7564 = VERTEX_POINT ( 'NONE', #2197 ) ;
#7565 = ORIENTED_EDGE ( 'NONE', *, *, #5812, .T. ) ;
#7566 = CYLINDRICAL_SURFACE ( 'NONE', #3137, 15.59999999999999964 ) ;
#7567 = CARTESIAN_POINT ( 'NONE',  ( 1.450373564454686237, 17.39772057005680139, 12.24313065849361415 ) ) ;
#7568 = VECTOR ( 'NONE', #7392, 1000.000000000000000 ) ;
#7569 = AXIS2_PLACEMENT_3D ( 'NONE', #7861, #535, #8595 ) ;
#7570 = CARTESIAN_POINT ( 'NONE',  ( 12.82664718204939192, 19.18562500000000171, 5.312971222579391473 ) ) ;
#7571 = DIRECTION ( 'NONE',  ( 0.000000000000000000, -1.000000000000000000, 0.000000000000000000 ) ) ;
#7572 = CYLINDRICAL_SURFACE ( 'NONE', #3579, 2.050000000000001155 ) ;
#7573 = DIRECTION ( 'NONE',  ( -0.000000000000000000, -1.000000000000000000, -0.000000000000000000 ) ) ;
#7574 = DATE_AND_TIME ( #8505, #3926 ) ;
#7575 = FACE_BOUND ( 'NONE', #3460, .T. ) ;
#7576 = CARTESIAN_POINT ( 'NONE',  ( 33.49999999999999289, 7.531577814756219106E-16, -5.949999999999996625 ) ) ;
#7577 = CARTESIAN_POINT ( 'NONE',  ( 41.39999999999999858, 0.000000000000000000, 8.199999999999997513 ) ) ;
#7578 = CARTESIAN_POINT ( 'NONE',  ( 14.28999999999999737, -2.009527318423362185, -6.257467538869064150 ) ) ;
#7579 = DIRECTION ( 'NONE',  ( -1.000000000000000000, -0.000000000000000000, -0.000000000000000000 ) ) ;
#7580 = EDGE_LOOP ( 'NONE', ( #3272, #3149, #6965, #3667 ) ) ;
#7581 = CARTESIAN_POINT ( 'NONE',  ( -9.561168309938363308, 17.71278157674647602, -7.243094207288538477 ) ) ;
#7582 = CARTESIAN_POINT ( 'NONE',  ( 12.69999999999996909, 15.52811978464833231, -9.023892744153249136E-14 ) ) ;
#7583 = AXIS2_PLACEMENT_3D ( 'NONE', #6140, #2480, #5142 ) ;
#7584 = LINE ( 'NONE', #1123, #3362 ) ;
#7585 = CARTESIAN_POINT ( 'NONE',  ( -10.02972735007080729, 17.09795983556018939, -7.638995802148660808 ) ) ;
#7586 = APPLICATION_CONTEXT ( 'configuration controlled 3d designs of mechanical parts and assemblies' ) ;
#7587 = LINE ( 'NONE', #9000, #5484 ) ;
#7588 = DIRECTION ( 'NONE',  ( 0.000000000000000000, 0.000000000000000000, 1.000000000000000000 ) ) ;
#7589 = ORIENTED_EDGE ( 'NONE', *, *, #5459, .T. ) ;
#7590 = FACE_BOUND ( 'NONE', #2507, .T. ) ;
#7591 = ORIENTED_EDGE ( 'NONE', *, *, #3286, .T. ) ;
#7592 = CARTESIAN_POINT ( 'NONE',  ( 4.827306843896885802, 3.670961952045459942, -9.524999999999998579 ) ) ;
#7593 = EDGE_CURVE ( 'NONE', #5843, #4755, #1209, .T. ) ;
#7594 = CARTESIAN_POINT ( 'NONE',  ( 0.000000000000000000, 0.000000000000000000, 13.00000000000000000 ) ) ;
#7595 = CARTESIAN_POINT ( 'NONE',  ( 10.77636534613066743, -1.581081314057898979, 10.27893325996521234 ) ) ;
#7596 = VECTOR ( 'NONE', #5339, 1000.000000000000000 ) ;
#7597 = APPROVAL ( #6855, '未指定' ) ;
#7598 = APPROVAL_PERSON_ORGANIZATION ( #8893, #8008, #5284 ) ;
#7599 = EDGE_CURVE ( 'NONE', #2838, #1763, #4885, .T. ) ;
#7600 = CARTESIAN_POINT ( 'NONE',  ( -8.414570696119838544, 14.44375000000001208, 8.414570696119991311 ) ) ;
#7601 = CARTESIAN_POINT ( 'NONE',  ( 1.209951936996610228E-13, 13.33250000000001378, 11.89999999999999858 ) ) ;
#7602 = ORIENTED_EDGE ( 'NONE', *, *, #8796, .F. ) ;
#7603 = ORIENTED_EDGE ( 'NONE', *, *, #2703, .F. ) ;
#7604 = ORIENTED_EDGE ( 'NONE', *, *, #9272, .T. ) ;
#7605 = AXIS2_PLACEMENT_3D ( 'NONE', #6914, #4856, #357 ) ;
#7606 = LOCAL_TIME ( 22, 23, 34.00000000000000000, #8293 ) ;
#7607 = FACE_OUTER_BOUND ( 'NONE', #9163, .T. ) ;
#7608 = EDGE_CURVE ( 'NONE', #8521, #8285, #2126, .T. ) ;
#7609 = CARTESIAN_POINT ( 'NONE',  ( -8.414570696119854532, 14.44375000000001208, 8.414570696119975324 ) ) ;
#7610 = CARTESIAN_POINT ( 'NONE',  ( 8.414570696119842097, 16.14875000000001037, -8.414570696119989535 ) ) ;
#7611 = DIRECTION ( 'NONE',  ( 0.000000000000000000, 0.000000000000000000, 1.000000000000000000 ) ) ;
#7612 = CARTESIAN_POINT ( 'NONE',  ( 8.980256121069192687, 13.95313021535169362, 8.980256121069064790 ) ) ;
#7613 = EDGE_CURVE ( 'NONE', #7938, #517, #8088, .T. ) ;
#7614 = CIRCLE ( 'NONE', #6690, 12.53589838486231578 ) ;
#7615 = PERSON_AND_ORGANIZATION ( #2658, #3781 ) ;
#7616 = AXIS2_PLACEMENT_3D ( 'NONE', #8112, #73, #4519 ) ;
#7617 = CARTESIAN_POINT ( 'NONE',  ( 0.2726581639881549002, -4.587364300110933435, -9.524999999999996803 ) ) ;
#7618 = EDGE_LOOP ( 'NONE', ( #9443, #7372 ) ) ;
#7619 = ORIENTED_EDGE ( 'NONE', *, *, #6158, .F. ) ;
#7620 = CARTESIAN_POINT ( 'NONE',  ( -14.00000000000000178, 17.80000000000000071, -13.44999999999999929 ) ) ;
#7621 = ORIENTED_EDGE ( 'NONE', *, *, #7440, .F. ) ;
#7622 = CARTESIAN_POINT ( 'NONE',  ( 38.60000000000000142, 0.000000000000000000, 0.000000000000000000 ) ) ;
#7623 = CARTESIAN_POINT ( 'NONE',  ( -7.008442227429065419, 17.30573941447449471, 10.24603358347161119 ) ) ;
#7624 = EDGE_CURVE ( 'NONE', #4225, #5349, #2652, .T. ) ;
#7625 = CIRCLE ( 'NONE', #5500, 2.299999999999999822 ) ;
#7626 = EDGE_CURVE ( 'NONE', #4682, #2801, #2332, .T. ) ;
#7627 = CARTESIAN_POINT ( 'NONE',  ( 12.82664718204931376, 19.34437500000000654, -5.312971222579575326 ) ) ;
#7628 = DIRECTION ( 'NONE',  ( 0.000000000000000000, 0.000000000000000000, -1.000000000000000000 ) ) ;
#7629 = CARTESIAN_POINT ( 'NONE',  ( -15.22582127265071783, 30.49999999999999645, -7.561373325877829288 ) ) ;
#7630 = DATE_AND_TIME ( #7523, #9003 ) ;
#7631 = CARTESIAN_POINT ( 'NONE',  ( -13.79999999999999716, 0.000000000000000000, 3.200000000000000178 ) ) ;
#7632 = CARTESIAN_POINT ( 'NONE',  ( 0.09036699355935866318, 1.046587237246076274, 2.048086799181495277 ) ) ;
#7633 = AXIS2_PLACEMENT_3D ( 'NONE', #433, #1145, #2475 ) ;
#7634 = CARTESIAN_POINT ( 'NONE',  ( 0.000000000000000000, 8.248891971046779403, -4.762500000000000178 ) ) ;
#7635 = CARTESIAN_POINT ( 'NONE',  ( -12.69999999999998508, 1.114436518957424246E-14, 1.555301434917136855E-15 ) ) ;
#7636 = ORIENTED_EDGE ( 'NONE', *, *, #2031, .T. ) ;
#7637 = CARTESIAN_POINT ( 'NONE',  ( -4.929141392239702490, 15.59312500000001656, 11.90000000000007674 ) ) ;
#7638 = AXIS2_PLACEMENT_3D ( 'NONE', #4725, #6877, #6073 ) ;
#7639 = CARTESIAN_POINT ( 'NONE',  ( -7.422426645340018503, 11.42771469459316513, 9.975574157061874558 ) ) ;
#7640 = DIRECTION ( 'NONE',  ( -1.000000000000000000, 0.000000000000000000, 6.448786156047610750E-17 ) ) ;
#7641 = CARTESIAN_POINT ( 'NONE',  ( -3.429036895781920613, 17.01520663867608718, -12.23552710048083192 ) ) ;
#7642 = CARTESIAN_POINT ( 'NONE',  ( -7.143125246700833810E-14, 16.30750000000000810, -11.89999999999999858 ) ) ;
#7643 = ORIENTED_EDGE ( 'NONE', *, *, #4688, .F. ) ;
#7644 = AXIS2_PLACEMENT_3D ( 'NONE', #2133, #5151, #8900 ) ;
#7645 = DIRECTION ( 'NONE',  ( 0.000000000000000000, 0.000000000000000000, 1.000000000000000000 ) ) ;
#7646 = ORIENTED_EDGE ( 'NONE', *, *, #3059, .F. ) ;
#7647 = CYLINDRICAL_SURFACE ( 'NONE', #6702, 20.00000000000000000 ) ;
#7648 = CARTESIAN_POINT ( 'NONE',  ( -13.44999999999999929, 8.900000000000016342, -12.94999999999999218 ) ) ;
#7649 = CARTESIAN_POINT ( 'NONE',  ( 3.520579078826656882, -1.579333538822585536, 14.46806341457557465 ) ) ;
#7650 = CONICAL_SURFACE ( 'NONE', #1378, 2.500000000000000444, 0.7853981633974430610 ) ;
#7651 = FACE_OUTER_BOUND ( 'NONE', #887, .T. ) ;
#7652 = CARTESIAN_POINT ( 'NONE',  ( -14.00000000000000000, 0.000000000000000000, 0.000000000000000000 ) ) ;
#7653 = CARTESIAN_POINT ( 'NONE',  ( 0.000000000000000000, 13.71446665693449951, 0.000000000000000000 ) ) ;
#7654 = VERTEX_POINT ( 'NONE', #3109 ) ;
#7655 = VERTEX_POINT ( 'NONE', #6038 ) ;
#7656 = EDGE_LOOP ( 'NONE', ( #5571, #8965 ) ) ;
#7657 = AXIS2_PLACEMENT_3D ( 'NONE', #4436, #3006, #8127 ) ;
#7658 = CC_DESIGN_PERSON_AND_ORGANIZATION_ASSIGNMENT ( #4301, #2100, ( #2721 ) ) ;
#7659 = ADVANCED_FACE ( 'NONE', ( #6135 ), #8289, .F. ) ;
#7660 = CARTESIAN_POINT ( 'NONE',  ( 13.44999999999999929, -10.69999999999999396, -13.44999999999999929 ) ) ;
#7661 = CARTESIAN_POINT ( 'NONE',  ( 8.414570696119856308, 12.53875000000001627, -8.414570696119973547 ) ) ;
#7662 = CARTESIAN_POINT ( 'NONE',  ( -14.29000000000000803, -15.69047268157664021, -6.257467538869046386 ) ) ;
#7663 = CARTESIAN_POINT ( 'NONE',  ( 5.000000000000000000, -5.499261314031187453, 9.525000000000002132 ) ) ;
#7664 = AXIS2_PLACEMENT_3D ( 'NONE', #7069, #3383, #6315 ) ;
#7665 = APPROVAL_DATE_TIME ( #437, #7240 ) ;
#7666 = EDGE_LOOP ( 'NONE', ( #767, #1092 ) ) ;
#7667 = EDGE_CURVE ( 'NONE', #5855, #1714, #3954, .T. ) ;
#7668 = ORIENTED_EDGE ( 'NONE', *, *, #7432, .T. ) ;
#7669 = ORIENTED_EDGE ( 'NONE', *, *, #2809, .T. ) ;
#7670 = CARTESIAN_POINT ( 'NONE',  ( -12.28215627108440522, 11.30105365699176723, -0.7881573212939636530 ) ) ;
#7671 = EDGE_CURVE ( 'NONE', #607, #2041, #285, .T. ) ;
#7672 = CARTESIAN_POINT ( 'NONE',  ( -12.51812523131016341, 17.18187476868981634, -7.635464354253209378E-13 ) ) ;
#7673 = CARTESIAN_POINT ( 'NONE',  ( -8.414570696119973547, 12.65625000000001776, -8.414570696119856308 ) ) ;
#7674 = CARTESIAN_POINT ( 'NONE',  ( 41.39999999999999858, 0.000000000000000000, 0.000000000000000000 ) ) ;
#7675 = DIRECTION ( 'NONE',  ( -1.000000000000000000, -0.000000000000000000, -0.000000000000000000 ) ) ;
#7676 = APPROVAL_DATE_TIME ( #1065, #4488 ) ;
#7677 = DIRECTION ( 'NONE',  ( -8.775090700452169195E-16, -1.000000000000000000, -0.000000000000000000 ) ) ;
#7678 = EDGE_CURVE ( 'NONE', #1800, #656, #4407, .T. ) ;
#7679 = ADVANCED_FACE ( 'NONE', ( #332, #6889 ), #1096, .F. ) ;
#7680 = CARTESIAN_POINT ( 'NONE',  ( 12.82664718204931376, 19.34437500000000654, -5.312971222579575326 ) ) ;
#7681 = CARTESIAN_POINT ( 'NONE',  ( 12.69999999999995843, 16.73125521535168758, -5.260512242138354999 ) ) ;
#7682 = VERTEX_POINT ( 'NONE', #1717 ) ;
#7683 = CARTESIAN_POINT ( 'NONE',  ( 43.60000000000000142, 0.000000000000000000, 14.59999999999999964 ) ) ;
#7684 = VECTOR ( 'NONE', #1497, 1000.000000000000000 ) ;
#7685 = ORIENTED_EDGE ( 'NONE', *, *, #4454, .F. ) ;
#7686 = CARTESIAN_POINT ( 'NONE',  ( 6.080890634356568292, 17.03294995424632319, -11.12035081319252861 ) ) ;
#7687 = CARTESIAN_POINT ( 'NONE',  ( 10.46682944667154125, 11.63470091066669099, 7.087985194498188868 ) ) ;
#7688 = CARTESIAN_POINT ( 'NONE',  ( 39.70000000000000284, 5.499261314031191894, 9.525000000000002132 ) ) ;
#7689 = DIRECTION ( 'NONE',  ( -8.775090700452169195E-16, -1.000000000000000000, -0.000000000000000000 ) ) ;
#7690 = VECTOR ( 'NONE', #6891, 1000.000000000000000 ) ;
#7691 = CARTESIAN_POINT ( 'NONE',  ( 39.70000000000001705, 4.500576986866530697E-16, -3.675000000000006484 ) ) ;
#7692 = EDGE_LOOP ( 'NONE', ( #8764, #5015, #1119 ) ) ;
#7693 = FACE_OUTER_BOUND ( 'NONE', #3597, .T. ) ;
#7694 = EDGE_LOOP ( 'NONE', ( #6520, #1999 ) ) ;
#7695 = AXIS2_PLACEMENT_3D ( 'NONE', #8176, #3146, #1608 ) ;
#7696 = CARTESIAN_POINT ( 'NONE',  ( 8.414570696119975324, 18.37125000000000696, 8.414570696119856308 ) ) ;
#7697 = DIRECTION ( 'NONE',  ( -0.000000000000000000, -0.000000000000000000, -1.000000000000000000 ) ) ;
#7698 = DIRECTION ( 'NONE',  ( -0.000000000000000000, -1.000000000000000000, -0.000000000000000000 ) ) ;
#7699 = DIRECTION ( 'NONE',  ( 0.000000000000000000, 0.000000000000000000, 1.000000000000000000 ) ) ;
#7700 =( LENGTH_UNIT ( ) NAMED_UNIT ( * ) SI_UNIT ( .MILLI., .METRE. ) );
#7701 = PRODUCT_DEFINITION_SHAPE ( 'NONE', 'NONE',  #9489 ) ;
#7702 = DIRECTION ( 'NONE',  ( 0.000000000000000000, 0.000000000000000000, 1.000000000000000000 ) ) ;
#7703 = DIRECTION ( 'NONE',  ( -8.775090700452169195E-16, -1.000000000000000000, -0.000000000000000000 ) ) ;
#7704 = TOROIDAL_SURFACE ( 'NONE', #3567, 4.688733431983854061, 1.000000000000000444 ) ;
#7705 = VERTEX_POINT ( 'NONE', #6985 ) ;
#7706 = ORIENTED_EDGE ( 'NONE', *, *, #1353, .F. ) ;
#7707 = ORIENTED_EDGE ( 'NONE', *, *, #8387, .T. ) ;
#7708 = CARTESIAN_POINT ( 'NONE',  ( -1.725874147982911166, 5.311121375574498562E-16, 15.50423678951415596 ) ) ;
#7709 = DIRECTION ( 'NONE',  ( -1.000000000000000000, -0.000000000000000000, -0.000000000000000000 ) ) ;
#7710 = DIRECTION ( 'NONE',  ( 0.000000000000000000, 0.000000000000000000, 1.000000000000000000 ) ) ;
#7711 = CARTESIAN_POINT ( 'NONE',  ( 40.92056046467595110, 1.800662803360862454E-15, 14.70352761804100616 ) ) ;
#7712 =( BOUNDED_CURVE ( )  B_SPLINE_CURVE ( 2, ( #2415, #6219, #2561, #5353, #8224, #1750, #1657, #6169, #3996 ),
 .UNSPECIFIED., .F., .T. ) 
 B_SPLINE_CURVE_WITH_KNOTS ( ( 3, 2, 2, 2, 3 ),
 ( 0.2812500000000001110, 0.2968750000000000555, 0.3125000000000000000, 0.3281249999999999445, 0.3437499999999998890 ),
 .UNSPECIFIED. ) 
 CURVE ( )  GEOMETRIC_REPRESENTATION_ITEM ( )  RATIONAL_B_SPLINE_CURVE ( ( 0.9999999999999994449, 0.9238795325112872936, 1.000000000000000000, 0.9238795325112867385, 1.000000000000000000, 0.9238795325112867385, 1.000000000000000000, 0.9238795325112872936, 0.9999999999999994449 ) ) 
 REPRESENTATION_ITEM ( '' )  );
#7713 = APPROVAL_ROLE ( '' ) ;
#7714 = ORIENTED_EDGE ( 'NONE', *, *, #4915, .T. ) ;
#7715 = ORIENTED_EDGE ( 'NONE', *, *, #5747, .F. ) ;
#7716 = AXIS2_PLACEMENT_3D ( 'NONE', #9327, #1831, #5534 ) ;
#7717 = DIRECTION ( 'NONE',  ( 5.329070518200751394E-15, 0.000000000000000000, 1.000000000000000000 ) ) ;
#7718 = ORIENTED_EDGE ( 'NONE', *, *, #1048, .T. ) ;
#7719 = CARTESIAN_POINT ( 'NONE',  ( -7.143125246700833810E-14, 16.50750000000000739, -11.89999999999999858 ) ) ;
#7720 = CARTESIAN_POINT ( 'NONE',  ( 11.36516923759658582, 17.53770434485201335, 4.349308110038170305 ) ) ;
#7721 = CARTESIAN_POINT ( 'NONE',  ( -5.312971222579396802, 18.86812500000001336, 12.82664718204939014 ) ) ;
#7722 = EDGE_CURVE ( 'NONE', #2115, #9306, #8486, .T. ) ;
#7723 = CIRCLE ( 'NONE', #1745, 11.89999999999998970 ) ;
#7724 = DIRECTION ( 'NONE',  ( -0.000000000000000000, -1.000000000000000000, -0.000000000000000000 ) ) ;
#7725 = FACE_BOUND ( 'NONE', #5448, .T. ) ;
#7726 = PERSON_AND_ORGANIZATION ( #5176, #5070 ) ;
#7727 = EDGE_CURVE ( 'NONE', #2101, #3333, #287, .T. ) ;
#7728 = CYLINDRICAL_SURFACE ( 'NONE', #7362, 8.600000000000001421 ) ;
#7729 = CARTESIAN_POINT ( 'NONE',  ( -12.82664718204931198, 18.70937500000000853, 5.312971222579581543 ) ) ;
#7730 = ORIENTED_EDGE ( 'NONE', *, *, #6847, .F. ) ;
#7731 = CARTESIAN_POINT ( 'NONE',  ( 36.69999999999999574, 2.424800662311759010E-15, -19.59999999999999432 ) ) ;
#7732 = CIRCLE ( 'NONE', #983, 11.00000000000000000 ) ;
#7733 = ORIENTED_EDGE ( 'NONE', *, *, #1339, .T. ) ;
#7734 = CARTESIAN_POINT ( 'NONE',  ( 3.676453385379550909, 17.13306858778483743, -12.04759582289551112 ) ) ;
#7735 = EDGE_CURVE ( 'NONE', #3333, #2101, #9340, .T. ) ;
#7736 = CARTESIAN_POINT ( 'NONE',  ( -2.020494049468741782, 11.48991173350448491, 12.33178543614256917 ) ) ;
#7737 = CARTESIAN_POINT ( 'NONE',  ( -15.22582127265071783, 33.79999999999998295, -7.561373325877829288 ) ) ;
#7738 = DIRECTION ( 'NONE',  ( -1.000000000000000000, -0.000000000000000000, -0.000000000000000000 ) ) ;
#7739 = AXIS2_PLACEMENT_3D ( 'NONE', #4049, #3387, #8576 ) ;
#7740 = VECTOR ( 'NONE', #4775, 1000.000000000000000 ) ;
#7741 = ADVANCED_FACE ( 'NONE', ( #997 ), #2263, .F. ) ;
#7742 = CARTESIAN_POINT ( 'NONE',  ( -8.308988999489114440E-14, 11.22750000000002046, -11.89999999999999858 ) ) ;
#7743 = VERTEX_POINT ( 'NONE', #9119 ) ;
#7744 = DIRECTION ( 'NONE',  ( 0.000000000000000000, 0.000000000000000000, 1.000000000000000000 ) ) ;
#7745 = ORIENTED_EDGE ( 'NONE', *, *, #7137, .F. ) ;
#7746 = AXIS2_PLACEMENT_3D ( 'NONE', #5771, #7879, #8013 ) ;
#7747 = DIRECTION ( 'NONE',  ( 0.000000000000000000, 0.000000000000000000, 1.000000000000000000 ) ) ;
#7748 = EDGE_CURVE ( 'NONE', #1291, #5765, #6413, .T. ) ;
#7749 = ADVANCED_FACE ( 'NONE', ( #3251 ), #7018, .F. ) ;
#7750 = DIRECTION ( 'NONE',  ( 0.7071067811865512365, 0.7071067811865439090, 8.659560562354971069E-17 ) ) ;
#7751 = CARTESIAN_POINT ( 'NONE',  ( 11.44999999999999751, 7.060900368822720985, 0.000000000000000000 ) ) ;
#7752 = CARTESIAN_POINT ( 'NONE',  ( 0.000000000000000000, 0.000000000000000000, 0.000000000000000000 ) ) ;
#7753 = DIRECTION ( 'NONE',  ( 0.000000000000000000, 0.000000000000000000, 1.000000000000000000 ) ) ;
#7754 = DIRECTION ( 'NONE',  ( -1.000000000000000000, -0.000000000000000000, -0.000000000000000000 ) ) ;
#7755 = CARTESIAN_POINT ( 'NONE',  ( 13.44999999999999929, 0.000000000000000000, 0.000000000000000000 ) ) ;
#7756 = ORIENTED_EDGE ( 'NONE', *, *, #7840, .T. ) ;
#7757 = ORIENTED_EDGE ( 'NONE', *, *, #6442, .T. ) ;
#7758 = VERTEX_POINT ( 'NONE', #2526 ) ;
#7759 = DIRECTION ( 'NONE',  ( 0.000000000000000000, 0.000000000000000000, -1.000000000000000000 ) ) ;
#7760 = CONICAL_SURFACE ( 'NONE', #3011, 11.00000000000000000, 1.308996938995746762 ) ;
#7761 = LINE ( 'NONE', #6328, #6168 ) ;
#7762 = CARTESIAN_POINT ( 'NONE',  ( 1.180805343176903212E-13, 14.60250000000001158, 11.89999999999999858 ) ) ;
#7763 = CALENDAR_DATE ( 2025, 13, 3 ) ;
#7764 = ORIENTED_EDGE ( 'NONE', *, *, #9152, .F. ) ;
#7765 = ORIENTED_EDGE ( 'NONE', *, *, #5525, .T. ) ;
#7766 = TOROIDAL_SURFACE ( 'NONE', #2871, 7.060900368822720985, 0.9999999999999991118 ) ;
#7767 = LOCAL_TIME ( 22, 23, 34.00000000000000000, #2691 ) ;
#7768 = DIRECTION ( 'NONE',  ( -1.000000000000000000, -0.000000000000000000, -0.000000000000000000 ) ) ;
#7769 = ORIENTED_EDGE ( 'NONE', *, *, #4868, .T. ) ;
#7770 = LINE ( 'NONE', #4990, #1604 ) ;
#7771 = CARTESIAN_POINT ( 'NONE',  ( 12.11555136271317501, 17.58444863728682961, -1.145168028406606560E-11 ) ) ;
#7772 =( BOUNDED_CURVE ( )  B_SPLINE_CURVE ( 2, ( #6838, #6136, #286, #3203, #5417, #4687, #7612, #1049, #3967 ),
 .UNSPECIFIED., .F., .T. ) 
 B_SPLINE_CURVE_WITH_KNOTS ( ( 3, 2, 2, 2, 3 ),
 ( 0.2500000000000000555, 0.2656250000000000555, 0.2812500000000000000, 0.2968750000000000000, 0.3125000000000000000 ),
 .UNSPECIFIED. ) 
 CURVE ( )  GEOMETRIC_REPRESENTATION_ITEM ( )  RATIONAL_B_SPLINE_CURVE ( ( 0.9999999999999997780, 0.9238795325112869605, 1.000000000000000000, 0.9238795325112867385, 1.000000000000000000, 0.9238795325112867385, 1.000000000000000000, 0.9238795325112867385, 1.000000000000000000 ) ) 
 REPRESENTATION_ITEM ( '' )  );
#7773 = CARTESIAN_POINT ( 'NONE',  ( 11.90000000000003588, 10.83062500000002082, 4.929141392239745123 ) ) ;
#7774 = CIRCLE ( 'NONE', #6832, 20.24999999999999645 ) ;
#7775 = CC_DESIGN_SECURITY_CLASSIFICATION ( #2556, ( #9489 ) ) ;
#7776 = CARTESIAN_POINT ( 'NONE',  ( 34.40000000000000568, -5.499261314031186565, 9.525000000000002132 ) ) ;
#7777 = DIRECTION ( 'NONE',  ( -0.5000000000000001110, 0.000000000000000000, 0.8660254037844385966 ) ) ;
#7778 = APPLICATION_PROTOCOL_DEFINITION ( 'international standard', 'config_control_design', 1994, #3494 ) ;
#7779 = CARTESIAN_POINT ( 'NONE',  ( 1.180805343176903212E-13, 14.40250000000001229, 11.89999999999999858 ) ) ;
#7780 = CARTESIAN_POINT ( 'NONE',  ( -5.312971222579396802, 17.59812500000001023, 12.82664718204939014 ) ) ;
#7781 = ORIENTED_EDGE ( 'NONE', *, *, #7150, .F. ) ;
#7782 = CONICAL_SURFACE ( 'NONE', #9175, 11.00000000000000000, 1.308996938995746762 ) ;
#7783 = CIRCLE ( 'NONE', #6546, 2.300000000000001599 ) ;
#7784 = ORIENTED_EDGE ( 'NONE', *, *, #3513, .T. ) ;
#7785 = CARTESIAN_POINT ( 'NONE',  ( -12.69999999999996732, 12.20688021535169732, 8.868362600661530955E-14 ) ) ;
#7786 = CC_DESIGN_PERSON_AND_ORGANIZATION_ASSIGNMENT ( #8927, #2925, ( #1482 ) ) ;
#7787 = CARTESIAN_POINT ( 'NONE',  ( -9.937090486140110812, 11.39188632989450589, 7.445959625980560048 ) ) ;
#7788 = LINE ( 'NONE', #551, #5203 ) ;
#7789 = CYLINDRICAL_SURFACE ( 'NONE', #5415, 3.174999999999999822 ) ;
#7790 = AXIS2_PLACEMENT_3D ( 'NONE', #6680, #2274, #6547 ) ;
#7791 = PLANE ( 'NONE',  #1455 ) ;
#7792 = EDGE_LOOP ( 'NONE', ( #4865, #2220 ) ) ;
#7793 = ADVANCED_FACE ( 'NONE', ( #9021 ), #3874, .T. ) ;
#7794 = DIRECTION ( 'NONE',  ( 0.000000000000000000, 0.000000000000000000, 1.000000000000000000 ) ) ;
#7795 = VERTEX_POINT ( 'NONE', #7662 ) ;
#7796 = CIRCLE ( 'NONE', #895, 7.060900368822720985 ) ;
#7797 = ADVANCED_FACE ( 'NONE', ( #1906 ), #8339, .F. ) ;
#7798 = CARTESIAN_POINT ( 'NONE',  ( -11.90000000000003233, 20.35562500000000341, -4.929141392239748676 ) ) ;
#7799 = DIRECTION ( 'NONE',  ( 0.000000000000000000, 0.000000000000000000, -1.000000000000000000 ) ) ;
#7800 = CARTESIAN_POINT ( 'NONE',  ( 39.00000000000000000, 0.000000000000000000, 0.000000000000000000 ) ) ;
#7801 = DIRECTION ( 'NONE',  ( 6.214272303836956365E-17, -0.5046903036100049977, -0.8633004676484549167 ) ) ;
#7802 = DIRECTION ( 'NONE',  ( 8.775090700452169195E-16, 1.000000000000000000, 0.000000000000000000 ) ) ;
#7803 = CIRCLE ( 'NONE', #3048, 2.899999999999992806 ) ;
#7804 = EDGE_LOOP ( 'NONE', ( #844, #6320, #8650, #5617 ) ) ;
#7805 = EDGE_CURVE ( 'NONE', #746, #4635, #3425, .T. ) ;
#7806 = EDGE_LOOP ( 'NONE', ( #2947, #6178, #1966, #1101 ) ) ;
#7807 = ADVANCED_FACE ( 'NONE', ( #3580 ), #7943, .F. ) ;
#7808 = VERTEX_POINT ( 'NONE', #621 ) ;
#7809 = DIRECTION ( 'NONE',  ( 0.000000000000000000, 0.000000000000000000, 1.000000000000000000 ) ) ;
#7810 = AXIS2_PLACEMENT_3D ( 'NONE', #4573, #4663, #3279 ) ;
#7811 = PLANE ( 'NONE',  #2742 ) ;
#7812 = CARTESIAN_POINT ( 'NONE',  ( 2.037278469170194395, 0.6980478181060933984, -0.2606177912463263358 ) ) ;
#7813 = CARTESIAN_POINT ( 'NONE',  ( 0.000000000000000000, -15.69047268157664021, 0.000000000000000000 ) ) ;
#7814 = ORIENTED_EDGE ( 'NONE', *, *, #427, .T. ) ;
#7815 = AXIS2_PLACEMENT_3D ( 'NONE', #2487, #1728, #4113 ) ;
#7816 = CARTESIAN_POINT ( 'NONE',  ( -4.929141392239919206, 13.84687500000001670, -11.89999999999994706 ) ) ;
#7817 = ORIENTED_EDGE ( 'NONE', *, *, #6910, .F. ) ;
#7818 = DIRECTION ( 'NONE',  ( 0.000000000000000000, 0.000000000000000000, 1.000000000000000000 ) ) ;
#7819 = CARTESIAN_POINT ( 'NONE',  ( 7.708822511778875786, 17.69600855573832021, -9.211189171423013633 ) ) ;
#7820 = CARTESIAN_POINT ( 'NONE',  ( 5.312971222579579766, 15.21687500000001414, 12.82664718204931198 ) ) ;
#7821 = AXIS2_PLACEMENT_3D ( 'NONE', #752, #5983, #92 ) ;
#7822 = CARTESIAN_POINT ( 'NONE',  ( 1.151658749357196449E-13, 15.87250000000001116, 11.89999999999999858 ) ) ;
#7823 = DATE_AND_TIME ( #9416, #5154 ) ;
#7824 = CARTESIAN_POINT ( 'NONE',  ( 5.695225058835894139, 0.000000000000000000, 11.00000000000000000 ) ) ;
#7825 = CARTESIAN_POINT ( 'NONE',  ( 12.82664718204939192, 19.18562500000000171, 5.312971222579391473 ) ) ;
#7826 = EDGE_LOOP ( 'NONE', ( #2885, #5563, #9151 ) ) ;
#7827 = CC_DESIGN_APPROVAL ( #1924, ( #4602 ) ) ;
#7828 = ORIENTED_EDGE ( 'NONE', *, *, #1061, .F. ) ;
#7829 = FACE_OUTER_BOUND ( 'NONE', #5463, .T. ) ;
#7830 = CARTESIAN_POINT ( 'NONE',  ( 12.40591986552565196, 11.68395667103950863, 2.759762542859598877 ) ) ;
#7831 = DIRECTION ( 'NONE',  ( 0.000000000000000000, 1.000000000000000000, 0.000000000000000000 ) ) ;
#7832 = LINE ( 'NONE', #9474, #7540 ) ;
#7833 = AXIS2_PLACEMENT_3D ( 'NONE', #4851, #1834, #4803 ) ;
#7834 = VERTEX_POINT ( 'NONE', #479 ) ;
#7835 = CARTESIAN_POINT ( 'NONE',  ( 33.62056046467595394, 2.431139900614623143E-15, -19.70352761804100439 ) ) ;
#7836 = VERTEX_POINT ( 'NONE', #1380 ) ;
#7837 = CARTESIAN_POINT ( 'NONE',  ( 11.90000000000003588, 19.72062500000000185, 4.929141392239745123 ) ) ;
#7838 = CIRCLE ( 'NONE', #5394, 0.4000000000000010214 ) ;
#7839 = LINE ( 'NONE', #4098, #4896 ) ;
#7840 = EDGE_CURVE ( 'NONE', #3678, #9262, #7945, .T. ) ;
#7841 = CARTESIAN_POINT ( 'NONE',  ( 8.414570696119982429, 10.95125000000001947, 8.414570696119847426 ) ) ;
#7842 = COORDINATED_UNIVERSAL_TIME_OFFSET ( 8, 0, .AHEAD. ) ;
#7843 = CARTESIAN_POINT ( 'NONE',  ( 34.40000000000000568, 5.499261314031191894, 9.525000000000002132 ) ) ;
#7844 = EDGE_CURVE ( 'NONE', #1601, #3284, #5704, .T. ) ;
#7845 = ORIENTED_EDGE ( 'NONE', *, *, #6713, .T. ) ;
#7846 = EDGE_LOOP ( 'NONE', ( #9149, #5699, #2148, #3183 ) ) ;
#7847 = VECTOR ( 'NONE', #4627, 1000.000000000000000 ) ;
#7848 = ORIENTED_EDGE ( 'NONE', *, *, #6147, .T. ) ;
#7849 = DIRECTION ( 'NONE',  ( 0.000000000000000000, 0.000000000000000000, -1.000000000000000000 ) ) ;
#7850 = CARTESIAN_POINT ( 'NONE',  ( 0.000000000000000000, 0.000000000000000000, 0.000000000000000000 ) ) ;
#7851 = EDGE_CURVE ( 'NONE', #7509, #7834, #6505, .T. ) ;
#7852 = DIRECTION ( 'NONE',  ( -8.775090700452169195E-16, -1.000000000000000000, -0.000000000000000000 ) ) ;
#7853 = EDGE_CURVE ( 'NONE', #2229, #7758, #1594, .T. ) ;
#7854 = CARTESIAN_POINT ( 'NONE',  ( 5.260512242138204897, 14.35000521535169682, -12.70000000000000284 ) ) ;
#7855 = AXIS2_PLACEMENT_3D ( 'NONE', #4823, #7068, #4099 ) ;
#7856 = DATE_AND_TIME ( #6285, #3635 ) ;
#7857 = EDGE_CURVE ( 'NONE', #1714, #6090, #3201, .T. ) ;
#7858 = ORIENTED_EDGE ( 'NONE', *, *, #4220, .T. ) ;
#7859 = DIRECTION ( 'NONE',  ( 0.000000000000000000, 0.000000000000000000, 1.000000000000000000 ) ) ;
#7860 = TOROIDAL_SURFACE ( 'NONE', #4180, 3.674999999999999822, 0.5000000000000000000 ) ;
#7861 = CARTESIAN_POINT ( 'NONE',  ( 13.44999999999999929, 19.99999999999999645, 0.000000000000000000 ) ) ;
#7862 = CARTESIAN_POINT ( 'NONE',  ( 14.29000000000000092, -16.12055012017330924, -4.184373678247902184 ) ) ;
#7863 = CARTESIAN_POINT ( 'NONE',  ( 5.312971222579394137, 13.15312500000001883, -12.82664718204939014 ) ) ;
#7864 = ADVANCED_FACE ( 'NONE', ( #9447, #5612 ), #7900, .T. ) ;
#7865 = EDGE_CURVE ( 'NONE', #5588, #2218, #6708, .T. ) ;
#7866 = DIRECTION ( 'NONE',  ( 1.000000000000000000, 0.000000000000000000, 0.000000000000000000 ) ) ;
#7867 = CALENDAR_DATE ( 2025, 13, 3 ) ;
#7868 = CIRCLE ( 'NONE', #2044, 8.599999999999999645 ) ;
#7869 = DIRECTION ( 'NONE',  ( -0.000000000000000000, 1.000000000000000000, -0.000000000000000000 ) ) ;
#7870 = ORIENTED_EDGE ( 'NONE', *, *, #3921, .T. ) ;
#7871 = CARTESIAN_POINT ( 'NONE',  ( 5.312971222579579766, 13.94687500000001457, 12.82664718204931198 ) ) ;
#7872 = ORIENTED_EDGE ( 'NONE', *, *, #3859, .T. ) ;
#7873 = ORIENTED_EDGE ( 'NONE', *, *, #9166, .F. ) ;
#7874 = DIRECTION ( 'NONE',  ( 0.000000000000000000, 0.000000000000000000, -1.000000000000000000 ) ) ;
#7875 = CONICAL_SURFACE ( 'NONE', #4349, 11.89999999999998970, 0.7853981633974341792 ) ;
#7876 = DIRECTION ( 'NONE',  ( 0.000000000000000000, 0.000000000000000000, 1.000000000000000000 ) ) ;
#7877 = CARTESIAN_POINT ( 'NONE',  ( 0.3696134027776618036, 1.071090684054203601, 2.020644366558465688 ) ) ;
#7878 = CARTESIAN_POINT ( 'NONE',  ( 0.1723282451885982669, 6.415804866369718695, -7.937500000000000000 ) ) ;
#7879 = DIRECTION ( 'NONE',  ( 1.000000000000000000, 0.000000000000000000, -1.224646799147353207E-16 ) ) ;
#7880 = FACE_OUTER_BOUND ( 'NONE', #907, .T. ) ;
#7881 = AXIS2_PLACEMENT_3D ( 'NONE', #769, #2887, #3694 ) ;
#7882 = ORIENTED_EDGE ( 'NONE', *, *, #7671, .F. ) ;
#7883 = B_SPLINE_CURVE_WITH_KNOTS ( 'NONE', 3,
 ( #2023, #4955, #7877, #598, #7967, #727, #3741, #5769, #6484, #9473, #682, #640, #8890, #7197, #1401, #9425, #3698, #24 ),
 .UNSPECIFIED., .F., .F.,
 ( 4, 2, 2, 2, 2, 2, 2, 2, 4 ),
 ( 1.984870226103156898E-07, 0.0003927645013514735020, 0.0007853305156803367477, 0.001177896530009199397, 0.001570462544338062155, 0.002355594572995788321, 0.002748160587324651946, 0.002944443594489083542, 0.003140726601653515138 ),
 .UNSPECIFIED. ) ;
#7884 = FACE_BOUND ( 'NONE', #2903, .T. ) ;
#7885 = EDGE_LOOP ( 'NONE', ( #5710, #7282 ) ) ;
#7886 = DIRECTION ( 'NONE',  ( 0.4999999999999997224, 0.000000000000000000, -0.8660254037844388186 ) ) ;
#7887 = AXIS2_PLACEMENT_3D ( 'NONE', #7910, #2734, #9370 ) ;
#7888 = CARTESIAN_POINT ( 'NONE',  ( 11.90000000000000568, 17.80000000000000071, 0.000000000000000000 ) ) ;
#7889 = DIRECTION ( 'NONE',  ( -0.000000000000000000, -1.000000000000000000, -0.000000000000000000 ) ) ;
#7890 = DIRECTION ( 'NONE',  ( 1.031367633081452034E-16, -0.8376222000313985339, -0.5462499885716793901 ) ) ;
#7891 = CARTESIAN_POINT ( 'NONE',  ( -5.260512242138384309, 13.38499478464833636, -12.69999999999993179 ) ) ;
#7892 = B_SPLINE_CURVE_WITH_KNOTS ( 'NONE', 3,
 ( #8141, #4493, #1400, #4543, #9383, #5768 ),
 .UNSPECIFIED., .F., .F.,
 ( 4, 2, 4 ),
 ( 0.005499492254138857450, 0.008249122911154453328, 0.01099875356817004921 ),
 .UNSPECIFIED. ) ;
#7893 = EDGE_LOOP ( 'NONE', ( #3961, #5123, #7, #4028 ) ) ;
#7894 = EDGE_LOOP ( 'NONE', ( #1534, #6608, #7170, #7404 ) ) ;
#7895 = ORIENTED_EDGE ( 'NONE', *, *, #2168, .F. ) ;
#7896 = EDGE_CURVE ( 'NONE', #8017, #1043, #8723, .T. ) ;
#7897 = DIRECTION ( 'NONE',  ( 0.000000000000000000, 0.000000000000000000, -1.000000000000000000 ) ) ;
#7898 = CARTESIAN_POINT ( 'NONE',  ( -8.965523947390061453E-14, 17.77750000000000341, -11.89999999999999858 ) ) ;
#7899 = APPROVAL ( #2395, '未指定' ) ;
#7900 = PLANE ( 'NONE',  #6867 ) ;
#7901 = EDGE_CURVE ( 'NONE', #1340, #3105, #6417, .T. ) ;
#7902 = CARTESIAN_POINT ( 'NONE',  ( 0.9882171148356817536, 1.075168787113923941, -1.800868563989184601 ) ) ;
#7903 = CARTESIAN_POINT ( 'NONE',  ( -8.946127672407389414E-14, 14.42938021535169568, -12.69999999999996732 ) ) ;
#7904 = AXIS2_PLACEMENT_3D ( 'NONE', #3676, #8914, #754 ) ;
#7905 = ORIENTED_EDGE ( 'NONE', *, *, #2990, .F. ) ;
#7906 = ORIENTED_EDGE ( 'NONE', *, *, #2231, .T. ) ;
#7907 = FACE_OUTER_BOUND ( 'NONE', #8379, .T. ) ;
#7908 = ADVANCED_FACE ( 'NONE', ( #1334, #3538 ), #5791, .F. ) ;
#7909 = DIRECTION ( 'NONE',  ( -1.000000000000000000, -0.000000000000000000, -0.000000000000000000 ) ) ;
#7910 = CARTESIAN_POINT ( 'NONE',  ( 0.000000000000000000, 17.80000000000000071, 0.000000000000000000 ) ) ;
#7911 = CARTESIAN_POINT ( 'NONE',  ( 11.73457004463204534, 17.61524387882465703, -2.918418738663416168 ) ) ;
#7912 = CARTESIAN_POINT ( 'NONE',  ( 12.82664718204939192, 14.10562500000001407, 5.312971222579391473 ) ) ;
#7913 = ADVANCED_FACE ( 'NONE', ( #2095 ), #2424, .T. ) ;
#7914 = AXIS2_PLACEMENT_3D ( 'NONE', #6860, #6060, #5241 ) ;
#7915 = APPROVAL_ROLE ( '' ) ;
#7916 = CC_DESIGN_APPROVAL ( #9329, ( #1333 ) ) ;
#7917 = PLANE ( 'NONE',  #4304 ) ;
#7918 = VERTEX_POINT ( 'NONE', #4254 ) ;
#7919 = ADVANCED_FACE ( 'NONE', ( #2045 ), #7811, .F. ) ;
#7920 = ADVANCED_FACE ( 'NONE', ( #525 ), #5959, .T. ) ;
#7921 = VERTEX_POINT ( 'NONE', #4297 ) ;
#7922 = CARTESIAN_POINT ( 'NONE',  ( 33.09999999999999432, 0.000000000000000000, 0.000000000000000000 ) ) ;
#7923 = TOROIDAL_SURFACE ( 'NONE', #9167, 3.674999999999999822, 0.5000000000000002220 ) ;
#7924 = PRODUCT_DEFINITION_FORMATION_WITH_SPECIFIED_SOURCE ( '任何', '', #1482, .NOT_KNOWN. ) ;
#7925 = DIRECTION ( 'NONE',  ( -0.000000000000000000, -1.000000000000000000, -0.000000000000000000 ) ) ;
#7926 = CARTESIAN_POINT ( 'NONE',  ( 12.27635182233307987, 0.000000000000000000, 0.000000000000000000 ) ) ;
#7927 = CARTESIAN_POINT ( 'NONE',  ( 12.44999999999999929, 5.742042389534210651E-16, -4.688733431983854061 ) ) ;
#7928 = DIRECTION ( 'NONE',  ( -1.000000000000000000, -0.000000000000000000, -0.000000000000000000 ) ) ;
#7929 = CARTESIAN_POINT ( 'NONE',  ( -12.56412585201709042, -5.311121375574494618E-16, -9.246769250645101579 ) ) ;
#7930 = TOROIDAL_SURFACE ( 'NONE', #2252, 13.50000000000000000, 0.3999999999999984679 ) ;
#7931 = VERTEX_POINT ( 'NONE', #7221 ) ;
#7932 = DIRECTION ( 'NONE',  ( 0.000000000000000000, 0.000000000000000000, 1.000000000000000000 ) ) ;
#7933 = ORIENTED_EDGE ( 'NONE', *, *, #3050, .F. ) ;
#7934 = TOROIDAL_SURFACE ( 'NONE', #6259, 7.060900368822720985, 1.000000000000000888 ) ;
#7935 = CARTESIAN_POINT ( 'NONE',  ( 40.20000000000001705, 0.000000000000000000, 0.000000000000000000 ) ) ;
#7936 = CARTESIAN_POINT ( 'NONE',  ( 34.10000000000000142, 0.000000000000000000, 12.69999999999999751 ) ) ;
#7937 = ORIENTED_EDGE ( 'NONE', *, *, #3975, .T. ) ;
#7938 = VERTEX_POINT ( 'NONE', #5838 ) ;
#7939 = VECTOR ( 'NONE', #4542, 999.9999999999998863 ) ;
#7940 = EDGE_LOOP ( 'NONE', ( #1375, #4442, #518, #6499 ) ) ;
#7941 = CARTESIAN_POINT ( 'NONE',  ( -7.726057123094974125E-14, 13.76750000000001606, -11.89999999999999858 ) ) ;
#7942 = CARTESIAN_POINT ( 'NONE',  ( 11.89999999999999858, 17.46000000000000796, -9.038390431939328993E-14 ) ) ;
#7943 = CYLINDRICAL_SURFACE ( 'NONE', #9040, 8.600000000000001421 ) ;
#7944 = FACE_OUTER_BOUND ( 'NONE', #439, .T. ) ;
#7945 = CIRCLE ( 'NONE', #8876, 13.70000000000000107 ) ;
#7946 = CARTESIAN_POINT ( 'NONE',  ( 7.349999999999998757, 2.299999999999998490, 0.000000000000000000 ) ) ;
#7947 = CARTESIAN_POINT ( 'NONE',  ( -0.6846163183371097860, 17.78852452048821320, -11.89999999999999858 ) ) ;
#7948 = APPROVAL_ROLE ( '' ) ;
#7949 = ORIENTED_EDGE ( 'NONE', *, *, #8087, .T. ) ;
#7950 = ORIENTED_EDGE ( 'NONE', *, *, #7857, .F. ) ;
#7951 = LINE ( 'NONE', #3544, #2670 ) ;
#7952 = AXIS2_PLACEMENT_3D ( 'NONE', #6824, #6266, #4582 ) ;
#7953 = CARTESIAN_POINT ( 'NONE',  ( 4.999999999999997335, 7.790620194877515559, 5.556249999999999467 ) ) ;
#7954 = CARTESIAN_POINT ( 'NONE',  ( -9.035340417286478833E-14, 17.04250000000000753, -12.82664718204935106 ) ) ;
#7955 = ADVANCED_FACE ( 'NONE', ( #2 ), #5189, .F. ) ;
#7956 = AXIS2_PLACEMENT_3D ( 'NONE', #8105, #1539, #4458 ) ;
#7957 = APPROVAL_STATUS ( 'not_yet_approved' ) ;
#7958 = CARTESIAN_POINT ( 'NONE',  ( 34.40000000000000568, -5.499261314031191894, -9.524999999999995026 ) ) ;
#7959 = ORIENTED_EDGE ( 'NONE', *, *, #4749, .T. ) ;
#7960 = EDGE_CURVE ( 'NONE', #9214, #466, #1424, .T. ) ;
#7961 = ORIENTED_EDGE ( 'NONE', *, *, #2928, .F. ) ;
#7962 = ORIENTED_EDGE ( 'NONE', *, *, #7200, .T. ) ;
#7963 = FACE_OUTER_BOUND ( 'NONE', #3679, .T. ) ;
#7964 = AXIS2_PLACEMENT_3D ( 'NONE', #4205, #6418, #9363 ) ;
#7965 = B_SPLINE_CURVE_WITH_KNOTS ( 'NONE', 3,
 ( #4522, #927, #8214, #8165, #3849, #6063, #8899, #1693, #6114, #7531 ),
 .UNSPECIFIED., .F., .F.,
 ( 4, 2, 2, 2, 4 ),
 ( 0.01365253889868853904, 0.01679346636180620994, 0.01993439382492387738, 0.02307532128804154828, 0.02621624875115921918 ),
 .UNSPECIFIED. ) ;
#7966 = CARTESIAN_POINT ( 'NONE',  ( 46.70000000000001705, 0.000000000000000000, 0.000000000000000000 ) ) ;
#7967 = CARTESIAN_POINT ( 'NONE',  ( 0.7493632228424861319, 1.081803597515603288, 1.912654208295737179 ) ) ;
#7968 = PLANE ( 'NONE',  #4334 ) ;
#7969 = EDGE_CURVE ( 'NONE', #688, #2520, #6119, .T. ) ;
#7970 = CARTESIAN_POINT ( 'NONE',  ( 0.000000000000000000, 0.000000000000000000, 0.000000000000000000 ) ) ;
#7971 = EDGE_CURVE ( 'NONE', #2520, #6141, #1511, .T. ) ;
#7972 = DIRECTION ( 'NONE',  ( 0.000000000000000000, -1.000000000000000000, 0.000000000000000000 ) ) ;
#7973 = APPROVAL_PERSON_ORGANIZATION ( #851, #6897, #3643 ) ;
#7974 = VERTEX_POINT ( 'NONE', #1607 ) ;
#7975 = FACE_OUTER_BOUND ( 'NONE', #1100, .T. ) ;
#7976 = ORIENTED_EDGE ( 'NONE', *, *, #4020, .F. ) ;
#7977 = CARTESIAN_POINT ( 'NONE',  ( 39.70000000000000284, -10.99852262806237313, 3.605651974203355568E-15 ) ) ;
#7978 = CARTESIAN_POINT ( 'NONE',  ( -5.395792855659581927E-15, -17.69999999999999929, -16.50067069343950266 ) ) ;
#7979 = VECTOR ( 'NONE', #2445, 1000.000000000000000 ) ;
#7980 = CARTESIAN_POINT ( 'NONE',  ( 4.999999999999997335, 7.790620194877514670, -5.556250000000000355 ) ) ;
#7981 = ORIENTED_EDGE ( 'NONE', *, *, #8087, .F. ) ;
#7982 = ORIENTED_EDGE ( 'NONE', *, *, #4909, .T. ) ;
#7983 = ORIENTED_EDGE ( 'NONE', *, *, #5156, .F. ) ;
#7984 = PRODUCT_DEFINITION_SHAPE ( 'NONE', 'NONE',  #7302 ) ;
#7985 = CIRCLE ( 'NONE', #7218, 8.600000000000003197 ) ;
#7986 = DIRECTION ( 'NONE',  ( -0.000000000000000000, 1.000000000000000000, -0.000000000000000000 ) ) ;
#7987 = DIRECTION ( 'NONE',  ( -1.000000000000000000, -0.000000000000000000, -0.000000000000000000 ) ) ;
#7988 = LINE ( 'NONE', #8036, #1414 ) ;
#7989 = LINE ( 'NONE', #664, #922 ) ;
#7990 = CARTESIAN_POINT ( 'NONE',  ( -14.29000000000000270, -16.44668299636732911, -1.050702047291433239 ) ) ;
#7991 = PERSON_AND_ORGANIZATION_ROLE ( 'classification_officer' ) ;
#7992 = CIRCLE ( 'NONE', #657, 3.174999999999999822 ) ;
#7993 = ORIENTED_EDGE ( 'NONE', *, *, #296, .T. ) ;
#7994 = ORIENTED_EDGE ( 'NONE', *, *, #2205, .F. ) ;
#7995 = CARTESIAN_POINT ( 'NONE',  ( -15.22582127265071783, 33.79999999999998295, -7.561373325877829288 ) ) ;
#7996 = CARTESIAN_POINT ( 'NONE',  ( 9.564848863492874352E-15, 10.90000000000001101, 0.000000000000000000 ) ) ;
#7997 = AXIS2_PLACEMENT_3D ( 'NONE', #7978, #5110, #8116 ) ;
#7998 = CARTESIAN_POINT ( 'NONE',  ( 9.069809202314482732, 16.56625000000001080, 9.069809202314353058 ) ) ;
#7999 = COORDINATED_UNIVERSAL_TIME_OFFSET ( 8, 0, .AHEAD. ) ;
#8000 = CARTESIAN_POINT ( 'NONE',  ( 12.64523126179759238, 11.70000000000000639, 1.178187733621459232 ) ) ;
#8001 = ORIENTED_EDGE ( 'NONE', *, *, #5205, .T. ) ;
#8002 = CIRCLE ( 'NONE', #57, 1.500000000000001332 ) ;
#8003 = CARTESIAN_POINT ( 'NONE',  ( 5.312971222579394137, 13.15312500000001705, -12.82664718204939014 ) ) ;
#8004 = ORIENTED_EDGE ( 'NONE', *, *, #2868, .T. ) ;
#8005 = CARTESIAN_POINT ( 'NONE',  ( 4.999999999999997335, 0.000000000000000000, 0.000000000000000000 ) ) ;
#8006 = ADVANCED_FACE ( 'NONE', ( #2276 ), #5933, .F. ) ;
#8007 = CARTESIAN_POINT ( 'NONE',  ( -12.56412585201708865, -2.009527318423359965, -9.246769250645098026 ) ) ;
#8008 = APPROVAL ( #4415, '未指定' ) ;
#8009 = AXIS2_PLACEMENT_3D ( 'NONE', #3559, #3517, #6443 ) ;
#8010 = CYLINDRICAL_SURFACE ( 'NONE', #6879, 11.89999999999999858 ) ;
#8011 = EDGE_CURVE ( 'NONE', #5297, #8507, #8095, .T. ) ;
#8012 = CARTESIAN_POINT ( 'NONE',  ( 0.000000000000000000, 0.000000000000000000, 0.000000000000000000 ) ) ;
#8013 = DIRECTION ( 'NONE',  ( -1.224646799147351975E-16, 0.000000000000000000, -1.000000000000000000 ) ) ;
#8014 = SHAPE_REPRESENTATION ( 'DV1-FMR4阀体外形图', ( #3836 ), #3225 ) ;
#8015 = CARTESIAN_POINT ( 'NONE',  ( 12.39686533479527064, 11.39686533479527064, -1.377380915777456371E-11 ) ) ;
#8016 = CARTESIAN_POINT ( 'NONE',  ( -12.94999999999999218, 9.400000000000023448, 13.44999999999999929 ) ) ;
#8017 = VERTEX_POINT ( 'NONE', #8910 ) ;
#8018 = CARTESIAN_POINT ( 'NONE',  ( 6.472906827285480169, 10.92173415556789706, 10.02557599054007831 ) ) ;
#8019 = CIRCLE ( 'NONE', #7716, 11.09999999999998366 ) ;
#8020 = ORIENTED_EDGE ( 'NONE', *, *, #8872, .T. ) ;
#8021 = ADVANCED_FACE ( 'NONE', ( #3718 ), #750, .F. ) ;
#8022 = DIRECTION ( 'NONE',  ( 0.000000000000000000, 0.000000000000000000, 1.000000000000000000 ) ) ;
#8023 = EDGE_CURVE ( 'NONE', #1691, #1188, #8960, .T. ) ;
#8024 = CARTESIAN_POINT ( 'NONE',  ( 13.70000000000000107, -17.69999999999999929, 1.696135816819084208E-15 ) ) ;
#8025 = CONICAL_SURFACE ( 'NONE', #4191, 2.500000000000000444, 0.7853981633974430610 ) ;
#8026 = FACE_OUTER_BOUND ( 'NONE', #5869, .T. ) ;
#8027 = ORIENTED_EDGE ( 'NONE', *, *, #5043, .F. ) ;
#8028 = VERTEX_POINT ( 'NONE', #6732 ) ;
#8029 = ORIENTED_EDGE ( 'NONE', *, *, #5854, .T. ) ;
#8030 = EDGE_CURVE ( 'NONE', #6275, #7682, #186, .T. ) ;
#8031 = TOROIDAL_SURFACE ( 'NONE', #5442, 3.674999999999999822, 0.5000000000000000000 ) ;
#8032 = EDGE_CURVE ( 'NONE', #932, #7509, #3196, .T. ) ;
#8033 = DIRECTION ( 'NONE',  ( -8.775090700452169195E-16, -1.000000000000000000, -0.000000000000000000 ) ) ;
#8034 = DIRECTION ( 'NONE',  ( -0.000000000000000000, -1.000000000000000000, -0.000000000000000000 ) ) ;
#8035 = CARTESIAN_POINT ( 'NONE',  ( 3.174999999999999822, 3.888253587292845095E-16, 13.00000000000000000 ) ) ;
#8036 = CARTESIAN_POINT ( 'NONE',  ( 39.70000000000000284, 5.499261314031191894, -9.524999999999998579 ) ) ;
#8037 = CARTESIAN_POINT ( 'NONE',  ( -7.434591184897903968E-14, 15.23750000000001137, -11.89999999999999858 ) ) ;
#8038 = CARTESIAN_POINT ( 'NONE',  ( 38.59999999999999432, 8.021436534415164234E-16, -6.350000000000000533 ) ) ;
#8039 = DIRECTION ( 'NONE',  ( 0.000000000000000000, 0.000000000000000000, 1.000000000000000000 ) ) ;
#8040 = AXIS2_PLACEMENT_3D ( 'NONE', #2505, #268, #8363 ) ;
#8041 = EDGE_LOOP ( 'NONE', ( #5785, #2828, #5786, #2720 ) ) ;
#8042 = ORIENTED_EDGE ( 'NONE', *, *, #9055, .T. ) ;
#8043 = CARTESIAN_POINT ( 'NONE',  ( -10.76942092117334937, -16.12066646117741797, -10.28294262558368111 ) ) ;
#8044 = EDGE_LOOP ( 'NONE', ( #9139, #8685 ) ) ;
#8045 = CARTESIAN_POINT ( 'NONE',  ( 8.414570696119975324, 16.03125000000001066, 8.414570696119856308 ) ) ;
#8046 = AXIS2_PLACEMENT_3D ( 'NONE', #1014, #117, #2346 ) ;
#8047 = CARTESIAN_POINT ( 'NONE',  ( -5.312971222579396802, 9.978125000000023448, 12.82664718204939014 ) ) ;
#8048 = CALENDAR_DATE ( 2025, 13, 3 ) ;
#8049 = DIRECTION ( 'NONE',  ( 0.000000000000000000, 0.000000000000000000, 1.000000000000000000 ) ) ;
#8050 = VERTEX_POINT ( 'NONE', #3672 ) ;
#8051 = ORIENTED_EDGE ( 'NONE', *, *, #8782, .T. ) ;
#8052 = CARTESIAN_POINT ( 'NONE',  ( -9.000000000000001776, -10.80000000000000604, 6.500000000000000888 ) ) ;
#8053 = CARTESIAN_POINT ( 'NONE',  ( 4.999999999999997335, -8.707163747216046801, -3.968749999999997335 ) ) ;
#8054 = CARTESIAN_POINT ( 'NONE',  ( 11.89999999999999858, 13.45000000000001528, -8.455458555545191202E-14 ) ) ;
#8055 = TOROIDAL_SURFACE ( 'NONE', #6237, 5.949999999999999289, 0.3999999999999988565 ) ;
#8056 = LOCAL_TIME ( 22, 23, 34.00000000000000000, #8694 ) ;
#8057 = DIRECTION ( 'NONE',  ( -1.000000000000000000, -9.800697604388737541E-17, 0.000000000000000000 ) ) ;
#8058 = DIRECTION ( 'NONE',  ( -1.000000000000000000, -0.000000000000000000, -0.000000000000000000 ) ) ;
#8059 = CARTESIAN_POINT ( 'NONE',  ( -8.946127672407389414E-14, 15.69938021535168993, -12.69999999999996732 ) ) ;
#8060 = DATE_AND_TIME ( #3127, #865 ) ;
#8061 = DIRECTION ( 'NONE',  ( -9.800697604388738773E-17, 1.000000000000000000, -0.000000000000000000 ) ) ;
#8062 = CARTESIAN_POINT ( 'NONE',  ( 0.000000000000000000, 0.000000000000000000, 0.000000000000000000 ) ) ;
#8063 = PRODUCT_DEFINITION_SHAPE ( 'NONE', 'NONE',  #9486 ) ;
#8064 = ORIENTED_EDGE ( 'NONE', *, *, #4381, .T. ) ;
#8065 = AXIS2_PLACEMENT_3D ( 'NONE', #2839, #638, #5635 ) ;
#8066 = CARTESIAN_POINT ( 'NONE',  ( 0.000000000000000000, 0.000000000000000000, 13.00000000000000000 ) ) ;
#8067 = APPROVAL_PERSON_ORGANIZATION ( #3937, #7015, #4655 ) ;
#8068 = EDGE_LOOP ( 'NONE', ( #9126, #5926, #9275 ) ) ;
#8069 = ADVANCED_FACE ( 'NONE', ( #1470 ), #2957, .T. ) ;
#8070 = DIRECTION ( 'NONE',  ( -1.000000000000000000, -0.000000000000000000, -0.000000000000000000 ) ) ;
#8071 = CARTESIAN_POINT ( 'NONE',  ( 8.980256121069192687, 12.68313021535169760, 8.980256121069064790 ) ) ;
#8072 = VECTOR ( 'NONE', #4844, 1000.000000000000000 ) ;
#8073 = LOCAL_TIME ( 22, 23, 34.00000000000000000, #6564 ) ;
#8074 = CARTESIAN_POINT ( 'NONE',  ( 4.827671754811405869, 6.415804866369720472, -7.937499999999998224 ) ) ;
#8075 = EDGE_CURVE ( 'NONE', #5587, #3284, #3508, .T. ) ;
#8076 = ORIENTED_EDGE ( 'NONE', *, *, #3275, .F. ) ;
#8077 = ORIENTED_EDGE ( 'NONE', *, *, #3808, .T. ) ;
#8078 = EDGE_LOOP ( 'NONE', ( #1139, #9367, #5774, #1664 ) ) ;
#8079 = EDGE_CURVE ( 'NONE', #655, #1043, #5213, .T. ) ;
#8080 = CIRCLE ( 'NONE', #5797, 0.3999999999999988565 ) ;
#8081 = DIRECTION ( 'NONE',  ( -1.000000000000000000, -0.000000000000000000, -0.000000000000000000 ) ) ;
#8082 = CARTESIAN_POINT ( 'NONE',  ( 15.22582127265072316, 33.79999999999998295, 5.061373325877829288 ) ) ;
#8083 = DIRECTION ( 'NONE',  ( 0.000000000000000000, 0.000000000000000000, 1.000000000000000000 ) ) ;
#8084 = DIRECTION ( 'NONE',  ( 0.000000000000000000, 0.000000000000000000, 1.000000000000000000 ) ) ;
#8085 = CARTESIAN_POINT ( 'NONE',  ( -11.99999999999997868, 9.700000000000022382, 1.469576158976822369E-15 ) ) ;
#8086 = CARTESIAN_POINT ( 'NONE',  ( 4.999999999999997335, 0.000000000000000000, 0.000000000000000000 ) ) ;
#8087 = EDGE_CURVE ( 'NONE', #2472, #3320, #5663, .T. ) ;
#8088 = CIRCLE ( 'NONE', #2419, 11.89999999999998970 ) ;
#8089 = EDGE_CURVE ( 'NONE', #442, #2472, #2630, .T. ) ;
#8090 = ORIENTED_EDGE ( 'NONE', *, *, #4315, .F. ) ;
#8091 = ORIENTED_EDGE ( 'NONE', *, *, #2221, .F. ) ;
#8092 = DIRECTION ( 'NONE',  ( -0.000000000000000000, 1.000000000000000000, -0.000000000000000000 ) ) ;
#8093 = ORIENTED_EDGE ( 'NONE', *, *, #3099, .F. ) ;
#8094 = CARTESIAN_POINT ( 'NONE',  ( -14.28999999999999737, -2.009527318423361297, 6.257467538869061485 ) ) ;
#8095 = CIRCLE ( 'NONE', #3356, 2.475000000000000089 ) ;
#8096 = CARTESIAN_POINT ( 'NONE',  ( 9.192421541439370070E-14, 10.05750000000002409, 12.82664718204935106 ) ) ;
#8097 = PERSON_AND_ORGANIZATION_ROLE ( 'design_supplier' ) ;
#8098 = DIRECTION ( 'NONE',  ( -0.000000000000000000, 1.000000000000000000, 1.224646799147353207E-16 ) ) ;
#8099 = ORIENTED_EDGE ( 'NONE', *, *, #2703, .T. ) ;
#8100 = CARTESIAN_POINT ( 'NONE',  ( 4.929141392239747788, 17.69812500000000455, -11.90000000000003233 ) ) ;
#8101 = FACE_OUTER_BOUND ( 'NONE', #7514, .T. ) ;
#8102 = CARTESIAN_POINT ( 'NONE',  ( 13.44999999999999929, -10.69999999999999396, -12.94999999999999218 ) ) ;
#8103 = CARTESIAN_POINT ( 'NONE',  ( 4.929141392239922759, 13.21187500000001336, 11.89999999999996305 ) ) ;
#8104 = TOROIDAL_SURFACE ( 'NONE', #7956, 4.688733431983854061, 1.000000000000000444 ) ;
#8105 = CARTESIAN_POINT ( 'NONE',  ( 12.44999999999999929, 0.000000000000000000, 0.000000000000000000 ) ) ;
#8106 = DIRECTION ( 'NONE',  ( -0.000000000000000000, -1.000000000000000000, -0.000000000000000000 ) ) ;
#8107 = LINE ( 'NONE', #3840, #4837 ) ;
#8108 = COORDINATED_UNIVERSAL_TIME_OFFSET ( 8, 0, .AHEAD. ) ;
#8109 = DIRECTION ( 'NONE',  ( 0.000000000000000000, 0.000000000000000000, 1.000000000000000000 ) ) ;
#8110 = ORIENTED_EDGE ( 'NONE', *, *, #6091, .T. ) ;
#8111 = AXIS2_PLACEMENT_3D ( 'NONE', #8085, #3101, #8963 ) ;
#8112 = CARTESIAN_POINT ( 'NONE',  ( 0.000000000000000000, 0.000000000000000000, 0.000000000000000000 ) ) ;
#8113 = ORIENTED_EDGE ( 'NONE', *, *, #1648, .T. ) ;
#8114 = DIRECTION ( 'NONE',  ( -0.000000000000000000, 1.000000000000000000, -0.000000000000000000 ) ) ;
#8115 = CARTESIAN_POINT ( 'NONE',  ( 5.312947559864515945, -1.322524263830415103, -13.43323898956135665 ) ) ;
#8116 = DIRECTION ( 'NONE',  ( -0.8660254037844384856, 0.000000000000000000, 0.5000000000000002220 ) ) ;
#8117 =( GEOMETRIC_REPRESENTATION_CONTEXT ( 3 ) GLOBAL_UNCERTAINTY_ASSIGNED_CONTEXT ( ( #8442 ) ) GLOBAL_UNIT_ASSIGNED_CONTEXT ( ( #4677, #4100, #5406 ) ) REPRESENTATION_CONTEXT ( 'NONE', 'WORKASPACE' ) );
#8118 = DIRECTION ( 'NONE',  ( -6.204926139816740252E-16, -0.7071067811865475727, 0.7071067811865475727 ) ) ;
#8119 = ORIENTED_EDGE ( 'NONE', *, *, #926, .T. ) ;
#8120 = VERTEX_POINT ( 'NONE', #1515 ) ;
#8121 = ORIENTED_EDGE ( 'NONE', *, *, #8075, .T. ) ;
#8122 = CARTESIAN_POINT ( 'NONE',  ( -12.27635182233306743, 0.000000000000000000, 8.045708121834929116 ) ) ;
#8123 = EDGE_CURVE ( 'NONE', #2605, #1667, #4399, .T. ) ;
#8124 = DIRECTION ( 'NONE',  ( -1.000000000000000000, -0.000000000000000000, -0.000000000000000000 ) ) ;
#8125 = CARTESIAN_POINT ( 'NONE',  ( 0.000000000000000000, 1.836970198721029589E-15, -15.00000000000000000 ) ) ;
#8126 = CARTESIAN_POINT ( 'NONE',  ( 34.40000000000000568, 10.99852262806237668, -1.634090867718481472E-15 ) ) ;
#8127 = DIRECTION ( 'NONE',  ( 0.000000000000000000, 1.000000000000000000, 0.000000000000000000 ) ) ;
#8128 = CC_DESIGN_PERSON_AND_ORGANIZATION_ASSIGNMENT ( #2567, #6409, ( #4307 ) ) ;
#8129 = EDGE_CURVE ( 'NONE', #2338, #7318, #322, .T. ) ;
#8130 = DIRECTION ( 'NONE',  ( -1.000000000000000000, -0.000000000000000000, -0.000000000000000000 ) ) ;
#8131 = APPROVAL_STATUS ( 'not_yet_approved' ) ;
#8132 = ORIENTED_EDGE ( 'NONE', *, *, #9046, .T. ) ;
#8133 = ORIENTED_EDGE ( 'NONE', *, *, #2211, .F. ) ;
#8134 = DIRECTION ( 'NONE',  ( -1.000000000000000000, 0.000000000000000000, -0.000000000000000000 ) ) ;
#8135 = AXIS2_PLACEMENT_3D ( 'NONE', #3033, #967, #3175 ) ;
#8136 = VERTEX_POINT ( 'NONE', #1133 ) ;
#8137 = CARTESIAN_POINT ( 'NONE',  ( 1.209951936996610228E-13, 13.33250000000001378, 11.89999999999999858 ) ) ;
#8138 = EDGE_CURVE ( 'NONE', #7654, #193, #4578, .T. ) ;
#8139 = ADVANCED_FACE ( 'NONE', ( #8327 ), #4414, .T. ) ;
#8140 = CARTESIAN_POINT ( 'NONE',  ( 0.2720356458796155952, -5.957533090200453962, -8.731249999999995737 ) ) ;
#8141 = CARTESIAN_POINT ( 'NONE',  ( 0.000000000000000000, -8.248891971046779403, -4.762499999999999289 ) ) ;
#8142 = AXIS2_PLACEMENT_3D ( 'NONE', #1572, #5268, #5725 ) ;
#8143 = EDGE_CURVE ( 'NONE', #6514, #7014, #1056, .T. ) ;
#8144 = SECURITY_CLASSIFICATION_LEVEL ( 'unclassified' ) ;
#8145 = FACE_OUTER_BOUND ( 'NONE', #4876, .T. ) ;
#8146 = ORIENTED_EDGE ( 'NONE', *, *, #9324, .F. ) ;
#8147 = CARTESIAN_POINT ( 'NONE',  ( 11.90000000000003588, 19.92062500000000114, 4.929141392239745123 ) ) ;
#8148 = AXIS2_PLACEMENT_3D ( 'NONE', #4388, #3581, #3 ) ;
#8149 = DIRECTION ( 'NONE',  ( 0.000000000000000000, 0.000000000000000000, 1.000000000000000000 ) ) ;
#8150 = CYLINDRICAL_SURFACE ( 'NONE', #5327, 2.499999999999998668 ) ;
#8151 = ADVANCED_FACE ( 'NONE', ( #2564 ), #3240, .F. ) ;
#8152 = ADVANCED_FACE ( 'NONE', ( #1752 ), #6220, .T. ) ;
#8153 = CARTESIAN_POINT ( 'NONE',  ( 4.929141392239747788, 16.22812500000000924, -11.90000000000003233 ) ) ;
#8154 = DIRECTION ( 'NONE',  ( -0.000000000000000000, 0.7071067811865474617, 0.7071067811865474617 ) ) ;
#8155 = FACE_OUTER_BOUND ( 'NONE', #7494, .T. ) ;
#8156 = PLANE ( 'NONE',  #8984 ) ;
#8157 = PERSON_AND_ORGANIZATION_ROLE ( 'design_owner' ) ;
#8158 = CIRCLE ( 'NONE', #5576, 3.174999999999999822 ) ;
#8159 = FACE_OUTER_BOUND ( 'NONE', #6364, .T. ) ;
#8160 = FACE_OUTER_BOUND ( 'NONE', #7826, .T. ) ;
#8161 = ORIENTED_EDGE ( 'NONE', *, *, #6398, .T. ) ;
#8162 = CARTESIAN_POINT ( 'NONE',  ( 0.000000000000000000, 0.000000000000000000, 13.00000000000000000 ) ) ;
#8163 = ORIENTED_EDGE ( 'NONE', *, *, #5638, .F. ) ;
#8164 = CIRCLE ( 'NONE', #8323, 2.500000000000000444 ) ;
#8165 = CARTESIAN_POINT ( 'NONE',  ( 14.29000000000000092, -1.320715205680276894, -2.096533254929791479 ) ) ;
#8166 = CARTESIAN_POINT ( 'NONE',  ( 4.884525182647611707, -16.31552715405928566, -13.68058876437439508 ) ) ;
#8167 = CARTESIAN_POINT ( 'NONE',  ( -7.403339012350683035, 17.06126000871850223, -10.25018060105412054 ) ) ;
#8168 = DIRECTION ( 'NONE',  ( 0.000000000000000000, -1.000000000000000000, 0.000000000000000000 ) ) ;
#8169 = CIRCLE ( 'NONE', #4032, 0.3999999999999993006 ) ;
#8170 = ORIENTED_EDGE ( 'NONE', *, *, #2400, .T. ) ;
#8171 = VERTEX_POINT ( 'NONE', #3907 ) ;
#8172 = ORIENTED_EDGE ( 'NONE', *, *, #8637, .T. ) ;
#8173 = FACE_OUTER_BOUND ( 'NONE', #6798, .T. ) ;
#8174 = CIRCLE ( 'NONE', #5595, 0.3999999999999984679 ) ;
#8175 = CARTESIAN_POINT ( 'NONE',  ( 40.20000000000001705, 0.000000000000000000, 0.000000000000000000 ) ) ;
#8176 = CARTESIAN_POINT ( 'NONE',  ( 13.44999999999999929, 0.000000000000000000, 0.000000000000000000 ) ) ;
#8177 = DIRECTION ( 'NONE',  ( -9.800697604388738773E-17, 1.000000000000000000, -0.000000000000000000 ) ) ;
#8178 = CARTESIAN_POINT ( 'NONE',  ( -14.29000000000000625, -16.12055012017323818, -4.184373678248402229 ) ) ;
#8179 = ORIENTED_EDGE ( 'NONE', *, *, #1530, .F. ) ;
#8180 = ORIENTED_EDGE ( 'NONE', *, *, #1769, .T. ) ;
#8181 = AXIS2_PLACEMENT_3D ( 'NONE', #7629, #1063, #494 ) ;
#8182 = VERTEX_POINT ( 'NONE', #3956 ) ;
#8183 = CC_DESIGN_DATE_AND_TIME_ASSIGNMENT ( #5653, #1184, ( #1344 ) ) ;
#8184 = ADVANCED_FACE ( 'NONE', ( #5506 ), #9062, .T. ) ;
#8185 = LINE ( 'NONE', #8921, #8853 ) ;
#8186 = CARTESIAN_POINT ( 'NONE',  ( 39.70000000000000284, -5.499261314031186565, 9.525000000000002132 ) ) ;
#8187 = FACE_OUTER_BOUND ( 'NONE', #6692, .T. ) ;
#8188 = AXIS2_PLACEMENT_3D ( 'NONE', #1473, #1520, #7314 ) ;
#8189 = CARTESIAN_POINT ( 'NONE',  ( 36.29999999999999716, 1.653273178848926867E-15, -13.50000000000000000 ) ) ;
#8190 = VECTOR ( 'NONE', #5621, 1000.000000000000000 ) ;
#8191 = APPROVAL_ROLE ( '' ) ;
#8192 = FACE_OUTER_BOUND ( 'NONE', #1290, .T. ) ;
#8193 = ORIENTED_EDGE ( 'NONE', *, *, #2689, .T. ) ;
#8194 = ADVANCED_FACE ( 'NONE', ( #9154 ), #1825, .T. ) ;
#8195 = ORIENTED_EDGE ( 'NONE', *, *, #5324, .T. ) ;
#8196 = CARTESIAN_POINT ( 'NONE',  ( 4.929141392239922759, 18.49187500000000384, 11.89999999999996305 ) ) ;
#8197 = AXIS2_PLACEMENT_3D ( 'NONE', #3420, #9199, #1127 ) ;
#8198 = VECTOR ( 'NONE', #9427, 1000.000000000000000 ) ;
#8199 = FACE_OUTER_BOUND ( 'NONE', #5977, .T. ) ;
#8200 = EDGE_CURVE ( 'NONE', #5880, #3753, #8370, .T. ) ;
#8201 = CARTESIAN_POINT ( 'NONE',  ( 12.39381191565516360, 11.44553358200161775, -1.313075787246421156 ) ) ;
#8202 = CARTESIAN_POINT ( 'NONE',  ( 4.929141392239922759, 17.02187500000000853, 11.89999999999996305 ) ) ;
#8203 = DIRECTION ( 'NONE',  ( -9.800697604388738773E-17, 1.000000000000000000, -0.000000000000000000 ) ) ;
#8204 = CARTESIAN_POINT ( 'NONE',  ( 4.827671754811402316, -6.415804866369719583, 7.937500000000001776 ) ) ;
#8205 = DIRECTION ( 'NONE',  ( -0.000000000000000000, 1.000000000000000000, -0.000000000000000000 ) ) ;
#8206 = CALENDAR_DATE ( 2025, 13, 3 ) ;
#8207 = DIRECTION ( 'NONE',  ( -0.000000000000000000, 0.000000000000000000, 1.000000000000000000 ) ) ;
#8208 = DIRECTION ( 'NONE',  ( -1.000000000000000000, -0.000000000000000000, -0.000000000000000000 ) ) ;
#8209 = EDGE_CURVE ( 'NONE', #8182, #2360, #7803, .T. ) ;
#8210 = ADVANCED_FACE ( 'NONE', ( #1851 ), #8413, .T. ) ;
#8211 = CARTESIAN_POINT ( 'NONE',  ( -12.82664718204939014, 21.09062500000000284, -5.312971222579394137 ) ) ;
#8212 = ORIENTED_EDGE ( 'NONE', *, *, #3692, .F. ) ;
#8213 = ORIENTED_EDGE ( 'NONE', *, *, #4281, .F. ) ;
#8214 = CARTESIAN_POINT ( 'NONE',  ( 14.28999999999999915, -1.579449879826689385, -4.184373678247903960 ) ) ;
#8215 = DIRECTION ( 'NONE',  ( -1.000000000000000000, 0.000000000000000000, 0.000000000000000000 ) ) ;
#8216 = CARTESIAN_POINT ( 'NONE',  ( -1.760623622028281599, 2.045561937052131185, 1.085615285902928218 ) ) ;
#8217 = LINE ( 'NONE', #3854, #9136 ) ;
#8218 = VECTOR ( 'NONE', #2783, 1000.000000000000000 ) ;
#8219 = LOCAL_TIME ( 22, 23, 34.00000000000000000, #4510 ) ;
#8220 = VERTEX_POINT ( 'NONE', #984 ) ;
#8221 = ORIENTED_EDGE ( 'NONE', *, *, #9230, .F. ) ;
#8222 = B_SPLINE_CURVE_WITH_KNOTS ( 'NONE', 3,
 ( #7490, #2357, #1794, #1647, #4717, #8216, #929, #3851, #3135, #6067, #8999, #2408, #974, #4182, #3991, #6916 ),
 .UNSPECIFIED., .F., .F.,
 ( 4, 2, 2, 2, 2, 2, 2, 4 ),
 ( 0.003495469467092874975, 0.003931723846959578675, 0.004367978226826283242, 0.005240486986559690641, 0.006112995746293098040, 0.006549250126159802607, 0.006767377316093154023, 0.006985504506026505439 ),
 .UNSPECIFIED. ) ;
#8223 = EDGE_LOOP ( 'NONE', ( #5273, #9390, #2733, #8743 ) ) ;
#8224 = CARTESIAN_POINT ( 'NONE',  ( 11.89999999999999858, 17.26000000000000867, -9.038390431939328993E-14 ) ) ;
#8225 = CIRCLE ( 'NONE', #1341, 0.3999999999999993006 ) ;
#8226 = DIRECTION ( 'NONE',  ( -8.775090700452169195E-16, -1.000000000000000000, -0.000000000000000000 ) ) ;
#8227 = LOCAL_TIME ( 22, 23, 34.00000000000000000, #8490 ) ;
#8228 = DIRECTION ( 'NONE',  ( 0.000000000000000000, 0.000000000000000000, 1.000000000000000000 ) ) ;
#8229 = CARTESIAN_POINT ( 'NONE',  ( 8.073252374094717965, -1.254181481906630369, 11.83957626202013813 ) ) ;
#8230 = DIRECTION ( 'NONE',  ( -8.775090700452169195E-16, -1.000000000000000000, -0.000000000000000000 ) ) ;
#8231 = DIRECTION ( 'NONE',  ( -1.000000000000000000, -0.000000000000000000, -0.000000000000000000 ) ) ;
#8232 = VERTEX_POINT ( 'NONE', #1085 ) ;
#8233 = ORIENTED_EDGE ( 'NONE', *, *, #5048, .T. ) ;
#8234 = AXIS2_PLACEMENT_3D ( 'NONE', #6002, #5278, #5137 ) ;
#8235 = AXIS2_PLACEMENT_3D ( 'NONE', #3659, #7434, #7344 ) ;
#8236 = DIRECTION ( 'NONE',  ( 1.000000000000000000, -8.775090700452170181E-16, 0.000000000000000000 ) ) ;
#8237 = ORIENTED_EDGE ( 'NONE', *, *, #6905, .F. ) ;
#8238 = DIRECTION ( 'NONE',  ( 0.000000000000000000, 0.000000000000000000, 1.000000000000000000 ) ) ;
#8239 = CARTESIAN_POINT ( 'NONE',  ( 12.82664718204935106, 10.37500000000002309, -9.113880979362924452E-14 ) ) ;
#8240 = AXIS2_PLACEMENT_3D ( 'NONE', #9217, #8582, #2003 ) ;
#8241 = CARTESIAN_POINT ( 'NONE',  ( 4.999999999999997335, 0.000000000000000000, 0.000000000000000000 ) ) ;
#8242 = CALENDAR_DATE ( 2025, 13, 3 ) ;
#8243 = CC_DESIGN_DATE_AND_TIME_ASSIGNMENT ( #7561, #334, ( #4089 ) ) ;
#8244 = EDGE_CURVE ( 'NONE', #2173, #6899, #6972, .T. ) ;
#8245 = DIRECTION ( 'NONE',  ( 0.000000000000000000, 0.000000000000000000, -1.000000000000000000 ) ) ;
#8246 = EDGE_LOOP ( 'NONE', ( #8042, #3093, #5092, #6021, #4588, #9376 ) ) ;
#8247 = ORIENTED_EDGE ( 'NONE', *, *, #7159, .T. ) ;
#8248 = CARTESIAN_POINT ( 'NONE',  ( -4.929141392239914765, 19.12687500000000540, -11.89999999999996483 ) ) ;
#8249 = VECTOR ( 'NONE', #3905, 1000.000000000000000 ) ;
#8250 = CARTESIAN_POINT ( 'NONE',  ( -3.291790577943088270, 11.14241986204113566, -11.69442186056200939 ) ) ;
#8251 = CARTESIAN_POINT ( 'NONE',  ( 9.405474817352386552, -16.31552715405928566, 11.07041727578486245 ) ) ;
#8252 = CARTESIAN_POINT ( 'NONE',  ( -11.89999999999999858, 14.08500000000001506, 8.309725586446656123E-14 ) ) ;
#8253 = EDGE_CURVE ( 'NONE', #5763, #8808, #5670, .T. ) ;
#8254 = CARTESIAN_POINT ( 'NONE',  ( 6.835616853894460831, 16.99999999999986855, -10.70347337207656757 ) ) ;
#8255 = LINE ( 'NONE', #7425, #4961 ) ;
#8256 = CARTESIAN_POINT ( 'NONE',  ( -13.99999999999999822, -10.69999999999999041, 13.44999999999999929 ) ) ;
#8257 = VECTOR ( 'NONE', #5884, 1000.000000000000000 ) ;
#8258 = PERSON_AND_ORGANIZATION ( #5176, #5070 ) ;
#8259 = EDGE_CURVE ( 'NONE', #5855, #1499, #7501, .T. ) ;
#8260 = CARTESIAN_POINT ( 'NONE',  ( -9.000000000000001776, -11.19999999999999929, 6.100000000000006750 ) ) ;
#8261 = DIRECTION ( 'NONE',  ( 0.000000000000000000, 0.000000000000000000, -1.000000000000000000 ) ) ;
#8262 = CARTESIAN_POINT ( 'NONE',  ( -12.56412585201708687, -15.69047268157664021, 9.246769250645106908 ) ) ;
#8263 = ORIENTED_EDGE ( 'NONE', *, *, #3519, .F. ) ;
#8264 = VECTOR ( 'NONE', #6124, 1000.000000000000000 ) ;
#8265 = EDGE_CURVE ( 'NONE', #39, #9333, #311, .T. ) ;
#8266 = EDGE_CURVE ( 'NONE', #4520, #9441, #302, .T. ) ;
#8267 = CARTESIAN_POINT ( 'NONE',  ( 39.70000000000000284, -5.499261314031186565, 9.525000000000002132 ) ) ;
#8268 = ADVANCED_BREP_SHAPE_REPRESENTATION ( '', ( #2162, #3836 ), #3225 ) ;
#8269 = LINE ( 'NONE', #3185, #908 ) ;
#8270 = FACE_OUTER_BOUND ( 'NONE', #3714, .T. ) ;
#8271 = CARTESIAN_POINT ( 'NONE',  ( -11.89999999999996838, 16.70437500000000597, 4.929141392239906772 ) ) ;
#8272 = MANIFOLD_SOLID_BREP ( '旋转1', #3289 ) ;
#8273 = CIRCLE ( 'NONE', #6724, 3.703925678971643265 ) ;
#8274 = ORIENTED_EDGE ( 'NONE', *, *, #6498, .T. ) ;
#8275 = CARTESIAN_POINT ( 'NONE',  ( 0.000000000000000000, -16.49876305844211544, 0.000000000000000000 ) ) ;
#8276 = ORIENTED_EDGE ( 'NONE', *, *, #999, .T. ) ;
#8277 = CARTESIAN_POINT ( 'NONE',  ( 0.000000000000000000, 8.248891971046782956, 4.762500000000000178 ) ) ;
#8278 = CIRCLE ( 'NONE', #627, 5.949999999999996625 ) ;
#8279 = DIRECTION ( 'NONE',  ( 0.000000000000000000, -0.7071067811865487940, -0.7071067811865463515 ) ) ;
#8280 = CARTESIAN_POINT ( 'NONE',  ( 36.69999999999999574, 0.000000000000000000, 0.000000000000000000 ) ) ;
#8281 = DIRECTION ( 'NONE',  ( 0.000000000000000000, 0.000000000000000000, 1.000000000000000000 ) ) ;
#8282 = CARTESIAN_POINT ( 'NONE',  ( -11.89999999999996660, 12.89437500000001613, 4.929141392239915653 ) ) ;
#8283 = CARTESIAN_POINT ( 'NONE',  ( 12.69999999999997620, 11.70921183687280376, 0.5903668450460712869 ) ) ;
#8284 = ORIENTED_EDGE ( 'NONE', *, *, #8733, .F. ) ;
#8285 = VERTEX_POINT ( 'NONE', #3381 ) ;
#8286 = PLANE ( 'NONE',  #7105 ) ;
#8287 = MANIFOLD_SOLID_BREP ( '倒角2', #1301 ) ;
#8288 = DIRECTION ( 'NONE',  ( -1.000000000000000000, -0.000000000000000000, -0.000000000000000000 ) ) ;
#8289 = CYLINDRICAL_SURFACE ( 'NONE', #3350, 2.500000000000000444 ) ;
#8290 = CYLINDRICAL_SURFACE ( 'NONE', #7152, 3.174999999999999822 ) ;
#8291 = CARTESIAN_POINT ( 'NONE',  ( 1.725874147982920936, -2.009527318423360853, 15.50423678951415241 ) ) ;
#8292 = DIRECTION ( 'NONE',  ( 0.000000000000000000, 0.000000000000000000, -1.000000000000000000 ) ) ;
#8293 = COORDINATED_UNIVERSAL_TIME_OFFSET ( 8, 0, .AHEAD. ) ;
#8294 = VECTOR ( 'NONE', #5867, 1000.000000000000114 ) ;
#8295 = CARTESIAN_POINT ( 'NONE',  ( -1.725874147982914941, -15.69047268157664021, -15.50423678951415418 ) ) ;
#8296 = ORIENTED_EDGE ( 'NONE', *, *, #6847, .T. ) ;
#8297 = CARTESIAN_POINT ( 'NONE',  ( -8.382592070995921138E-14, 17.77750000000000341, -11.89999999999999858 ) ) ;
#8298 = DIRECTION ( 'NONE',  ( 0.7071067811865474617, -0.000000000000000000, -0.7071067811865474617 ) ) ;
#8299 = CARTESIAN_POINT ( 'NONE',  ( -8.276168950353859799, 17.28935787006342295, 9.256957615066063738 ) ) ;
#8300 = CARTESIAN_POINT ( 'NONE',  ( -4.929141392239751340, 10.51312500000002004, 11.90000000000003233 ) ) ;
#8301 = DIRECTION ( 'NONE',  ( 0.000000000000000000, 0.000000000000000000, -1.000000000000000000 ) ) ;
#8302 = DIRECTION ( 'NONE',  ( -1.000000000000000000, -0.000000000000000000, -0.000000000000000000 ) ) ;
#8303 = DIRECTION ( 'NONE',  ( -0.000000000000000000, -1.000000000000000000, -0.000000000000000000 ) ) ;
#8304 = CALENDAR_DATE ( 2025, 13, 3 ) ;
#8305 = CARTESIAN_POINT ( 'NONE',  ( 4.999999999999997335, 9.525000000000000355, 0.000000000000000000 ) ) ;
#8306 = DIRECTION ( 'NONE',  ( -0.000000000000000000, -0.000000000000000000, -1.000000000000000000 ) ) ;
#8307 = CIRCLE ( 'NONE', #6609, 19.59999999999999432 ) ;
#8308 = CARTESIAN_POINT ( 'NONE',  ( -12.69999999999998508, 1.114436518957424246E-14, 1.555301434917136855E-15 ) ) ;
#8309 = EDGE_CURVE ( 'NONE', #5528, #4988, #4917, .T. ) ;
#8310 = CARTESIAN_POINT ( 'NONE',  ( 12.27635182233307987, 4.536000727032309825E-16, -3.703925678971643265 ) ) ;
#8311 = ORIENTED_EDGE ( 'NONE', *, *, #1937, .T. ) ;
#8312 = FACE_OUTER_BOUND ( 'NONE', #1234, .T. ) ;
#8313 = APPROVAL ( #6430, '未指定' ) ;
#8314 = ADVANCED_FACE ( 'NONE', ( #2083 ), #7032, .F. ) ;
#8315 = DIRECTION ( 'NONE',  ( -1.000000000000000000, -0.000000000000000000, -0.000000000000000000 ) ) ;
#8316 = AXIS2_PLACEMENT_3D ( 'NONE', #7800, #6314, #4143 ) ;
#8317 = CARTESIAN_POINT ( 'NONE',  ( 0.000000000000000000, 0.000000000000000000, 0.000000000000000000 ) ) ;
#8318 = CARTESIAN_POINT ( 'NONE',  ( -2.705861578575723403, 17.00754978532385664, -12.42333985902004301 ) ) ;
#8319 = CARTESIAN_POINT ( 'NONE',  ( 36.29999999999999716, 0.000000000000000000, 0.000000000000000000 ) ) ;
#8320 = ORIENTED_EDGE ( 'NONE', *, *, #7426, .T. ) ;
#8321 = EDGE_CURVE ( 'NONE', #356, #830, #7839, .T. ) ;
#8322 = DIRECTION ( 'NONE',  ( -1.000000000000000000, -0.000000000000000000, -0.000000000000000000 ) ) ;
#8323 = AXIS2_PLACEMENT_3D ( 'NONE', #9146, #459, #9246 ) ;
#8324 = ORIENTED_EDGE ( 'NONE', *, *, #4632, .F. ) ;
#8325 = ADVANCED_FACE ( 'NONE', ( #2805, #7020 ), #5650, .F. ) ;
#8326 = CARTESIAN_POINT ( 'NONE',  ( 4.999999999999999112, 0.9122839195842820104, -9.524999999999996803 ) ) ;
#8327 = FACE_OUTER_BOUND ( 'NONE', #9203, .T. ) ;
#8328 = CARTESIAN_POINT ( 'NONE',  ( -12.94999999999999218, -11.19999999999999929, 12.94999999999999218 ) ) ;
#8329 = FACE_OUTER_BOUND ( 'NONE', #9225, .T. ) ;
#8330 = DIRECTION ( 'NONE',  ( 0.000000000000000000, 0.000000000000000000, 1.000000000000000000 ) ) ;
#8331 =( BOUNDED_CURVE ( )  B_SPLINE_CURVE ( 2, ( #4181, #2601, #5726, #3516, #6351, #8561, #8515, #1216, #9291 ),
 .UNSPECIFIED., .F., .T. ) 
 B_SPLINE_CURVE_WITH_KNOTS ( ( 3, 2, 2, 2, 3 ),
 ( 0.6875000000000000000, 0.7031250000000000000, 0.7187500000000000000, 0.7343750000000000000, 0.7500000000000000000 ),
 .UNSPECIFIED. ) 
 CURVE ( )  GEOMETRIC_REPRESENTATION_ITEM ( )  RATIONAL_B_SPLINE_CURVE ( ( 1.000000000000000000, 0.9238795325112867385, 1.000000000000000000, 0.9238795325112867385, 1.000000000000000000, 0.9238795325112867385, 1.000000000000000000, 0.9238795325112867385, 1.000000000000000000 ) ) 
 REPRESENTATION_ITEM ( '' )  );
#8332 = ORIENTED_EDGE ( 'NONE', *, *, #1530, .T. ) ;
#8333 = EDGE_CURVE ( 'NONE', #3972, #194, #1518, .T. ) ;
#8334 = EDGE_LOOP ( 'NONE', ( #6448, #6677 ) ) ;
#8335 = EDGE_CURVE ( 'NONE', #1141, #607, #1323, .T. ) ;
#8336 = ORIENTED_EDGE ( 'NONE', *, *, #8740, .T. ) ;
#8337 = AXIS2_PLACEMENT_3D ( 'NONE', #5845, #4261, #5079 ) ;
#8338 = DIRECTION ( 'NONE',  ( 0.000000000000000000, 0.000000000000000000, -1.000000000000000000 ) ) ;
#8339 = CYLINDRICAL_SURFACE ( 'NONE', #1663, 3.200000000000000178 ) ;
#8340 = FACE_OUTER_BOUND ( 'NONE', #3415, .T. ) ;
#8341 = CIRCLE ( 'NONE', #8188, 7.060900368822720985 ) ;
#8342 = FACE_OUTER_BOUND ( 'NONE', #235, .T. ) ;
#8343 = VERTEX_POINT ( 'NONE', #1180 ) ;
#8344 = ORIENTED_EDGE ( 'NONE', *, *, #5392, .F. ) ;
#8345 = CARTESIAN_POINT ( 'NONE',  ( 0.07255924427894937245, 1.045198276476618782, -2.048795178202053258 ) ) ;
#8346 = CARTESIAN_POINT ( 'NONE',  ( 4.999999999999997335, 0.000000000000000000, 0.000000000000000000 ) ) ;
#8347 = CARTESIAN_POINT ( 'NONE',  ( 0.000000000000000000, 0.000000000000000000, 0.000000000000000000 ) ) ;
#8348 = AXIS2_PLACEMENT_3D ( 'NONE', #8086, #2190, #8039 ) ;
#8349 = CARTESIAN_POINT ( 'NONE',  ( -5.312971222579573549, 18.39187500000000597, -12.82664718204931376 ) ) ;
#8350 = DIRECTION ( 'NONE',  ( -1.000000000000000000, -0.000000000000000000, -0.000000000000000000 ) ) ;
#8351 = CARTESIAN_POINT ( 'NONE',  ( 4.999999999999997335, 0.000000000000000000, 0.000000000000000000 ) ) ;
#8352 = DATE_AND_TIME ( #5431, #4239 ) ;
#8353 = CARTESIAN_POINT ( 'NONE',  ( 5.000000000000000000, 0.000000000000000000, -9.524999999999996803 ) ) ;
#8354 = AXIS2_PLACEMENT_3D ( 'NONE', #2381, #5228, #5319 ) ;
#8355 = DIRECTION ( 'NONE',  ( 0.000000000000000000, 0.000000000000000000, 1.000000000000000000 ) ) ;
#8356 = DIRECTION ( 'NONE',  ( 0.000000000000000000, -0.5000000000000011102, -0.8660254037844379305 ) ) ;
#8357 = ORIENTED_EDGE ( 'NONE', *, *, #480, .F. ) ;
#8358 = CARTESIAN_POINT ( 'NONE',  ( -5.820198568732175559, 17.51273068028979196, -10.71617673635229195 ) ) ;
#8359 = DIRECTION ( 'NONE',  ( -0.000000000000000000, -1.000000000000000000, -0.000000000000000000 ) ) ;
#8360 = CONICAL_SURFACE ( 'NONE', #560, 19.70352761804100439, 1.308996938995745207 ) ;
#8361 = DIRECTION ( 'NONE',  ( -1.000000000000000000, -0.000000000000000000, -0.000000000000000000 ) ) ;
#8362 = CARTESIAN_POINT ( 'NONE',  ( -12.51812523131016341, 17.18187476868981634, -7.635464354253209378E-13 ) ) ;
#8363 = DIRECTION ( 'NONE',  ( 0.000000000000000000, 0.000000000000000000, 1.000000000000000000 ) ) ;
#8364 = APPROVAL ( #8131, 'UNKNOWN' ) ;
#8365 = EDGE_CURVE ( 'NONE', #1236, #2149, #4872, .T. ) ;
#8366 = ORIENTED_EDGE ( 'NONE', *, *, #370, .T. ) ;
#8367 = CARTESIAN_POINT ( 'NONE',  ( 11.89999999999999858, 12.18000000000001926, -5.976524906955014022E-14 ) ) ;
#8368 = ORIENTED_EDGE ( 'NONE', *, *, #1695, .F. ) ;
#8369 = DIRECTION ( 'NONE',  ( -1.000000000000000000, -0.000000000000000000, -0.000000000000000000 ) ) ;
#8370 = LINE ( 'NONE', #4047, #6567 ) ;
#8371 = EDGE_CURVE ( 'NONE', #1117, #8918, #8583, .T. ) ;
#8372 = CARTESIAN_POINT ( 'NONE',  ( 8.977052440135476985, -1.322524263830417102, 11.31776705059790622 ) ) ;
#8373 = CIRCLE ( 'NONE', #6675, 2.300000000000001155 ) ;
#8374 = SHAPE_REPRESENTATION_RELATIONSHIP ( 'NONE' , 'NONE' ,  #1777, #5290 ) ;
#8375 = SECURITY_CLASSIFICATION ( '', '', #1496 ) ;
#8376 = LINE ( 'NONE', #5407, #3748 ) ;
#8377 = CARTESIAN_POINT ( 'NONE',  ( 39.00000000000000000, 0.000000000000000000, -7.535898384862284693 ) ) ;
#8378 = ADVANCED_FACE ( 'NONE', ( #1228 ), #2591, .F. ) ;
#8379 = EDGE_LOOP ( 'NONE', ( #8368, #856, #7872, #3189 ) ) ;
#8380 = ORIENTED_EDGE ( 'NONE', *, *, #946, .F. ) ;
#8381 = EDGE_LOOP ( 'NONE', ( #6301, #3345, #845 ) ) ;
#8382 = CIRCLE ( 'NONE', #5931, 0.3999999999999993006 ) ;
#8383 = CC_DESIGN_APPROVAL ( #6081, ( #5138 ) ) ;
#8384 = DIRECTION ( 'NONE',  ( 0.000000000000000000, 0.000000000000000000, -1.000000000000000000 ) ) ;
#8385 = CARTESIAN_POINT ( 'NONE',  ( -4.929141392239914765, 12.77687500000001464, -11.89999999999996483 ) ) ;
#8386 = CARTESIAN_POINT ( 'NONE',  ( 11.89999999999999858, 15.99000000000001087, -9.329856370136399150E-14 ) ) ;
#8387 = EDGE_CURVE ( 'NONE', #3388, #5342, #3427, .T. ) ;
#8388 = DIRECTION ( 'NONE',  ( -0.000000000000000000, 1.000000000000000000, -0.000000000000000000 ) ) ;
#8389 = ADVANCED_FACE ( 'NONE', ( #6359 ), #6422, .T. ) ;
#8390 =( BOUNDED_CURVE ( )  B_SPLINE_CURVE ( 2, ( #5718, #7189, #2883, #3594, #632, #6476, #4358, #9418, #5762 ),
 .UNSPECIFIED., .F., .T. ) 
 B_SPLINE_CURVE_WITH_KNOTS ( ( 3, 2, 2, 2, 3 ),
 ( 0.5624999999999998890, 0.5781249999999998890, 0.5937500000000000000, 0.6093750000000000000, 0.6250000000000000000 ),
 .UNSPECIFIED. ) 
 CURVE ( )  GEOMETRIC_REPRESENTATION_ITEM ( )  RATIONAL_B_SPLINE_CURVE ( ( 1.000000000000000444, 0.9238795325112861834, 1.000000000000000000, 0.9238795325112867385, 1.000000000000000000, 0.9238795325112867385, 1.000000000000000000, 0.9238795325112867385, 1.000000000000000000 ) ) 
 REPRESENTATION_ITEM ( '' )  );
#8391 = AXIS2_PLACEMENT_3D ( 'NONE', #9019, #3872, #3249 ) ;
#8392 = CALENDAR_DATE ( 2025, 13, 3 ) ;
#8393 = CIRCLE ( 'NONE', #8235, 4.799999999999999822 ) ;
#8394 = ORIENTED_EDGE ( 'NONE', *, *, #7146, .T. ) ;
#8395 = VERTEX_POINT ( 'NONE', #610 ) ;
#8396 = CARTESIAN_POINT ( 'NONE',  ( -11.89999999999996838, 14.16437500000001393, 4.929141392239912101 ) ) ;
#8397 = ORIENTED_EDGE ( 'NONE', *, *, #3156, .F. ) ;
#8398 = CARTESIAN_POINT ( 'NONE',  ( 11.52562799247183456, 10.94007509389543209, -3.143765314789236154 ) ) ;
#8399 = CARTESIAN_POINT ( 'NONE',  ( -10.62098888707612865, 17.25272805082300209, 6.503107622131802046 ) ) ;
#8400 = AXIS2_PLACEMENT_3D ( 'NONE', #1282, #4833, #7759 ) ;
#8401 = CARTESIAN_POINT ( 'NONE',  ( -8.414570696119973547, 11.38625000000001997, -8.414570696119856308 ) ) ;
#8402 = DIRECTION ( 'NONE',  ( -0.000000000000000000, -1.000000000000000000, -0.000000000000000000 ) ) ;
#8403 = DIRECTION ( 'NONE',  ( 0.000000000000000000, 0.000000000000000000, -1.000000000000000000 ) ) ;
#8404 = APPROVAL_DATE_TIME ( #5536, #9208 ) ;
#8405 = DIRECTION ( 'NONE',  ( 0.000000000000000000, 0.7071067811865462405, -0.7071067811865487940 ) ) ;
#8406 = VECTOR ( 'NONE', #240, 1000.000000000000000 ) ;
#8407 = CARTESIAN_POINT ( 'NONE',  ( -12.82664718204939014, 19.82062500000000682, -5.312971222579394137 ) ) ;
#8408 = VERTEX_POINT ( 'NONE', #9301 ) ;
#8409 = CARTESIAN_POINT ( 'NONE',  ( -4.884525182647617925, -16.31552715405928566, 13.68058876437440574 ) ) ;
#8410 = ORIENTED_EDGE ( 'NONE', *, *, #4266, .F. ) ;
#8411 = CARTESIAN_POINT ( 'NONE',  ( -9.802206103296970952, 17.73000479068195290, -6.883474906733771270 ) ) ;
#8412 = CARTESIAN_POINT ( 'NONE',  ( 0.000000000000000000, 0.000000000000000000, 0.000000000000000000 ) ) ;
#8413 = TOROIDAL_SURFACE ( 'NONE', #8419, 13.70000000000000107, 0.2999999999999999889 ) ;
#8414 = CARTESIAN_POINT ( 'NONE',  ( 9.492589693352091018, 11.61861762109303520, 8.351861874073211567 ) ) ;
#8415 = CARTESIAN_POINT ( 'NONE',  ( 5.000000000000000000, 0.000000000000000000, 9.525000000000002132 ) ) ;
#8416 = DIRECTION ( 'NONE',  ( 0.000000000000000000, 0.000000000000000000, 1.000000000000000000 ) ) ;
#8417 = CARTESIAN_POINT ( 'NONE',  ( 12.69999999999998508, -1.114436518957424246E-14, 0.000000000000000000 ) ) ;
#8418 = ORIENTED_EDGE ( 'NONE', *, *, #2772, .T. ) ;
#8419 = AXIS2_PLACEMENT_3D ( 'NONE', #416, #7544, #1706 ) ;
#8420 = PLANE ( 'NONE',  #4817 ) ;
#8421 = EDGE_LOOP ( 'NONE', ( #6078, #6501 ) ) ;
#8422 = LINE ( 'NONE', #224, #3686 ) ;
#8423 = CARTESIAN_POINT ( 'NONE',  ( 41.30693079519157607, 0.000000000000000000, 0.000000000000000000 ) ) ;
#8424 = DIRECTION ( 'NONE',  ( -0.7071067811865475727, 0.000000000000000000, 0.7071067811865475727 ) ) ;
#8425 = CIRCLE ( 'NONE', #8888, 0.3999999999999993006 ) ;
#8426 = DIRECTION ( 'NONE',  ( 8.775090700452169195E-16, 1.000000000000000000, 0.000000000000000000 ) ) ;
#8427 =( NAMED_UNIT ( * ) PLANE_ANGLE_UNIT ( ) SI_UNIT ( $, .RADIAN. ) );
#8428 = CYLINDRICAL_SURFACE ( 'NONE', #4053, 2.300000000000000711 ) ;
#8429 = LINE ( 'NONE', #326, #7740 ) ;
#8430 = ORIENTED_EDGE ( 'NONE', *, *, #4455, .T. ) ;
#8431 = VERTEX_POINT ( 'NONE', #8619 ) ;
#8432 = ORIENTED_EDGE ( 'NONE', *, *, #6562, .F. ) ;
#8433 = EDGE_CURVE ( 'NONE', #9067, #4972, #7335, .T. ) ;
#8434 = VECTOR ( 'NONE', #45, 1000.000000000000227 ) ;
#8435 = CARTESIAN_POINT ( 'NONE',  ( 41.80000000000000426, 1.053196247266723497E-15, -8.599999999999999645 ) ) ;
#8436 = CARTESIAN_POINT ( 'NONE',  ( 4.929141392239747788, 12.61812500000001691, -11.90000000000003233 ) ) ;
#8437 = CARTESIAN_POINT ( 'NONE',  ( -9.000000000000001776, -10.80000000000000604, 9.000000000000000000 ) ) ;
#8438 = ADVANCED_FACE ( 'NONE', ( #2761 ), #2748, .F. ) ;
#8439 = CARTESIAN_POINT ( 'NONE',  ( 12.69999999999996732, 15.38188021535169447, -9.023892744153245350E-14 ) ) ;
#8440 = APPROVAL_PERSON_ORGANIZATION ( #8841, #230, #8795 ) ;
#8441 = PERSON_AND_ORGANIZATION_ROLE ( 'creator' ) ;
#8442 = UNCERTAINTY_MEASURE_WITH_UNIT (LENGTH_MEASURE( 1.000000000000000082E-05 ), #4677, 'distance_accuracy_value', 'NONE');
#8443 = VERTEX_POINT ( 'NONE', #7888 ) ;
#8444 = ORIENTED_EDGE ( 'NONE', *, *, #9099, .F. ) ;
#8445 = VERTEX_POINT ( 'NONE', #7209 ) ;
#8446 = ADVANCED_FACE ( 'NONE', ( #6494 ), #7296, .T. ) ;
#8447 = CARTESIAN_POINT ( 'NONE',  ( 11.29937722326769922, 10.94878830376645418, -3.905839733269326874 ) ) ;
#8448 = CARTESIAN_POINT ( 'NONE',  ( -11.85857507098350183, 17.22294518477269420, 3.962444606686706727 ) ) ;
#8449 = CARTESIAN_POINT ( 'NONE',  ( -11.89999999999996305, 16.90437500000000526, 4.929141392239922759 ) ) ;
#8450 = CARTESIAN_POINT ( 'NONE',  ( 11.89999999999996483, 12.25937500000001812, -4.929141392239915653 ) ) ;
#8451 = EDGE_CURVE ( 'NONE', #1701, #7055, #2901, .T. ) ;
#8452 = AXIS2_PLACEMENT_3D ( 'NONE', #1351, #5852, #8049 ) ;
#8453 = DIRECTION ( 'NONE',  ( 1.000000000000000000, 0.000000000000000000, -0.000000000000000000 ) ) ;
#8454 = CARTESIAN_POINT ( 'NONE',  ( 9.000000000000001776, -1.199999999999999734, -6.500000000000000888 ) ) ;
#8455 = CALENDAR_DATE ( 2025, 13, 3 ) ;
#8456 = CARTESIAN_POINT ( 'NONE',  ( 8.414570696119975324, 14.56125000000001357, 8.414570696119854532 ) ) ;
#8457 = CARTESIAN_POINT ( 'NONE',  ( 12.82664718204931376, 16.80437500000001094, -5.312971222579575326 ) ) ;
#8458 = ORIENTED_EDGE ( 'NONE', *, *, #474, .F. ) ;
#8459 = EDGE_CURVE ( 'NONE', #7974, #4302, #4275, .T. ) ;
#8460 =( REPRESENTATION_RELATIONSHIP ('NONE','NONE', #5082, #3729 ) REPRESENTATION_RELATIONSHIP_WITH_TRANSFORMATION ( #5472 )SHAPE_REPRESENTATION_RELATIONSHIP( ) );
#8461 = DIRECTION ( 'NONE',  ( -1.000000000000000000, -0.000000000000000000, -0.000000000000000000 ) ) ;
#8462 = AXIS2_PLACEMENT_3D ( 'NONE', #5042, #2156, #5089 ) ;
#8463 = ORIENTED_EDGE ( 'NONE', *, *, #2106, .T. ) ;
#8464 = CARTESIAN_POINT ( 'NONE',  ( -0.1463737502000860835, 17.27878479827329983, -12.42764782053410499 ) ) ;
#8465 = CARTESIAN_POINT ( 'NONE',  ( -4.307345621930689816, 11.46514918754630408, 11.70402492611734324 ) ) ;
#8466 = CARTESIAN_POINT ( 'NONE',  ( 0.000000000000000000, -11.19999999999999929, 0.000000000000000000 ) ) ;
#8467 = CARTESIAN_POINT ( 'NONE',  ( -15.22582127265071783, 34.29999999999999716, -7.561373325877829288 ) ) ;
#8468 = AXIS2_PLACEMENT_3D ( 'NONE', #6685, #706, #142 ) ;
#8469 = LINE ( 'NONE', #2653, #1001 ) ;
#8470 = ORIENTED_EDGE ( 'NONE', *, *, #59, .T. ) ;
#8471 = VERTEX_POINT ( 'NONE', #3807 ) ;
#8472 = AXIS2_PLACEMENT_3D ( 'NONE', #5367, #5313, #6182 ) ;
#8473 = DIRECTION ( 'NONE',  ( 0.000000000000000000, 0.000000000000000000, 1.000000000000000000 ) ) ;
#8474 = DIRECTION ( 'NONE',  ( 0.000000000000000000, 0.000000000000000000, 1.000000000000000000 ) ) ;
#8475 = FACE_OUTER_BOUND ( 'NONE', #8531, .T. ) ;
#8476 =( NAMED_UNIT ( * ) SI_UNIT ( $, .STERADIAN. ) SOLID_ANGLE_UNIT ( ) );
#8477 = APPROVAL_DATE_TIME ( #5511, #7417 ) ;
#8478 = DIRECTION ( 'NONE',  ( -1.000000000000000000, 0.000000000000000000, 0.000000000000000000 ) ) ;
#8479 = CARTESIAN_POINT ( 'NONE',  ( 11.89999999999999858, 13.65000000000001457, -1.414051752430313507E-13 ) ) ;
#8480 = AXIS2_PLACEMENT_3D ( 'NONE', #276, #9155, #2368 ) ;
#8481 = ORIENTED_EDGE ( 'NONE', *, *, #3061, .T. ) ;
#8482 = ORIENTED_EDGE ( 'NONE', *, *, #2635, .T. ) ;
#8483 = ORIENTED_EDGE ( 'NONE', *, *, #6284, .T. ) ;
#8484 = CARTESIAN_POINT ( 'NONE',  ( 0.000000000000000000, -1.201236941557884519, 0.000000000000000000 ) ) ;
#8485 = CIRCLE ( 'NONE', #1130, 11.09999999999998543 ) ;
#8486 = LINE ( 'NONE', #1817, #6561 ) ;
#8487 = CARTESIAN_POINT ( 'NONE',  ( 2.050000000000001599, 0.6609346322114812988, -1.423535324875093646E-15 ) ) ;
#8488 = CARTESIAN_POINT ( 'NONE',  ( 1.180805343176903212E-13, 14.60250000000001158, 11.89999999999999858 ) ) ;
#8489 = LINE ( 'NONE', #7711, #5018 ) ;
#8490 = COORDINATED_UNIVERSAL_TIME_OFFSET ( 8, 0, .AHEAD. ) ;
#8491 = ORIENTED_EDGE ( 'NONE', *, *, #1802, .F. ) ;
#8492 = EDGE_LOOP ( 'NONE', ( #7271, #6799, #2930, #3414 ) ) ;
#8493 = CC_DESIGN_PERSON_AND_ORGANIZATION_ASSIGNMENT ( #6104, #2443, ( #1103 ) ) ;
#8494 = AXIS2_PLACEMENT_3D ( 'NONE', #8891, #3795, #816 ) ;
#8495 = CARTESIAN_POINT ( 'NONE',  ( 9.000000000000001776, -11.19999999999999929, -11.89999999999999147 ) ) ;
#8496 = ORIENTED_EDGE ( 'NONE', *, *, #6862, .T. ) ;
#8497 = EDGE_CURVE ( 'NONE', #2801, #5421, #127, .T. ) ;
#8498 = FACE_OUTER_BOUND ( 'NONE', #7321, .T. ) ;
#8499 = CARTESIAN_POINT ( 'NONE',  ( 24.00000000000000000, 0.000000000000000000, 0.000000000000000000 ) ) ;
#8500 = CARTESIAN_POINT ( 'NONE',  ( -4.929141392239914765, 16.58687500000000981, -11.89999999999996483 ) ) ;
#8501 = CARTESIAN_POINT ( 'NONE',  ( -12.82664718204935106, 17.36000000000001009, 8.956799855210033214E-14 ) ) ;
#8502 = CARTESIAN_POINT ( 'NONE',  ( 40.20000000000001705, 0.000000000000000000, 3.675000000000004707 ) ) ;
#8503 = EDGE_CURVE ( 'NONE', #7248, #8445, #8594, .T. ) ;
#8504 = FACE_BOUND ( 'NONE', #6276, .T. ) ;
#8505 = CALENDAR_DATE ( 2025, 13, 3 ) ;
#8506 = DIRECTION ( 'NONE',  ( 0.000000000000000000, 0.000000000000000000, -1.000000000000000000 ) ) ;
#8507 = VERTEX_POINT ( 'NONE', #5247 ) ;
#8508 = CARTESIAN_POINT ( 'NONE',  ( 9.069809202314353058, 20.69375000000000497, -9.069809202314482732 ) ) ;
#8509 = EDGE_CURVE ( 'NONE', #1565, #3257, #348, .T. ) ;
#8510 = ORIENTED_EDGE ( 'NONE', *, *, #1866, .T. ) ;
#8511 = AXIS2_PLACEMENT_3D ( 'NONE', #3044, #8669, #2267 ) ;
#8512 = ORIENTED_EDGE ( 'NONE', *, *, #3631, .T. ) ;
#8513 = DIRECTION ( 'NONE',  ( -0.000000000000000000, -1.000000000000000000, -0.000000000000000000 ) ) ;
#8514 = CARTESIAN_POINT ( 'NONE',  ( -5.770369618823731450, 11.44827473517575811, 11.05894814921984626 ) ) ;
#8515 = CARTESIAN_POINT ( 'NONE',  ( -8.980256121069066566, 12.51186978464833821, 8.980256121069194464 ) ) ;
#8516 = DIRECTION ( 'NONE',  ( -0.000000000000000000, -1.000000000000000000, -0.000000000000000000 ) ) ;
#8517 = EDGE_CURVE ( 'NONE', #3049, #8696, #8851, .T. ) ;
#8518 = ADVANCED_FACE ( 'NONE', ( #2176 ), #9484, .F. ) ;
#8519 = AXIS2_PLACEMENT_3D ( 'NONE', #5914, #6578, #2940 ) ;
#8520 = CARTESIAN_POINT ( 'NONE',  ( 12.27635182233307987, 0.000000000000000000, 0.000000000000000000 ) ) ;
#8521 = VERTEX_POINT ( 'NONE', #827 ) ;
#8522 = CARTESIAN_POINT ( 'NONE',  ( 5.299999999999998934, 0.000000000000000000, 0.000000000000000000 ) ) ;
#8523 = VERTEX_POINT ( 'NONE', #5873 ) ;
#8524 = CARTESIAN_POINT ( 'NONE',  ( -11.89999999999999858, 17.89500000000000668, 8.309725586446656123E-14 ) ) ;
#8525 = CARTESIAN_POINT ( 'NONE',  ( 24.00000000000000000, 0.000000000000000000, 0.000000000000000000 ) ) ;
#8526 = DIRECTION ( 'NONE',  ( -0.000000000000000000, 1.000000000000000000, 1.224646799147353207E-16 ) ) ;
#8527 =( NAMED_UNIT ( * ) PLANE_ANGLE_UNIT ( ) SI_UNIT ( $, .RADIAN. ) );
#8528 = DATE_AND_TIME ( #5603, #5835 ) ;
#8529 = DIRECTION ( 'NONE',  ( 0.000000000000000000, 0.000000000000000000, -1.000000000000000000 ) ) ;
#8530 = DIRECTION ( 'NONE',  ( 0.000000000000000000, -1.000000000000000000, 0.000000000000000000 ) ) ;
#8531 = EDGE_LOOP ( 'NONE', ( #3058, #2767, #2430 ) ) ;
#8532 = ORIENTED_EDGE ( 'NONE', *, *, #9403, .T. ) ;
#8533 = ORIENTED_EDGE ( 'NONE', *, *, #3693, .T. ) ;
#8534 = DIRECTION ( 'NONE',  ( 0.000000000000000000, 0.000000000000000000, 1.000000000000000000 ) ) ;
#8535 = VECTOR ( 'NONE', #5300, 1000.000000000000000 ) ;
#8536 = DIRECTION ( 'NONE',  ( -1.000000000000000000, -0.000000000000000000, -0.000000000000000000 ) ) ;
#8537 = LINE ( 'NONE', #1960, #3406 ) ;
#8538 = CARTESIAN_POINT ( 'NONE',  ( 12.94999999999999218, -11.19999999999999929, -12.94999999999999218 ) ) ;
#8539 = PERSON_AND_ORGANIZATION_ROLE ( 'classification_officer' ) ;
#8540 = VERTEX_POINT ( 'NONE', #1503 ) ;
#8541 = ORIENTED_EDGE ( 'NONE', *, *, #802, .T. ) ;
#8542 = AXIS2_PLACEMENT_3D ( 'NONE', #6057, #2397, #5336 ) ;
#8543 = APPROVAL_PERSON_ORGANIZATION ( #7288, #8903, #6009 ) ;
#8544 = CARTESIAN_POINT ( 'NONE',  ( 7.349999999999999645, -3.084843528204037854E-15, 0.000000000000000000 ) ) ;
#8545 = VERTEX_POINT ( 'NONE', #5199 ) ;
#8546 = CARTESIAN_POINT ( 'NONE',  ( 12.94999999999999218, 9.400000000000000355, 13.44999999999999929 ) ) ;
#8547 = CARTESIAN_POINT ( 'NONE',  ( 10.66726473075073400, 17.64741218079086948, -5.673398303385534192 ) ) ;
#8548 = CARTESIAN_POINT ( 'NONE',  ( -9.069809202314482732, 14.66125000000001499, -9.069809202314353058 ) ) ;
#8549 = VECTOR ( 'NONE', #6887, 1000.000000000000000 ) ;
#8550 = APPROVAL ( #1289, 'UNKNOWN' ) ;
#8551 = CC_DESIGN_SECURITY_CLASSIFICATION ( #3182, ( #9491 ) ) ;
#8552 = CARTESIAN_POINT ( 'NONE',  ( 0.000000000000000000, -2.009527318423362185, -15.59999999999999964 ) ) ;
#8553 = DATE_AND_TIME ( #2882, #2549 ) ;
#8554 = DIRECTION ( 'NONE',  ( 0.000000000000000000, 0.000000000000000000, 1.000000000000000000 ) ) ;
#8555 = CARTESIAN_POINT ( 'NONE',  ( -12.82664718204939014, 18.55062500000001080, -5.312971222579394137 ) ) ;
#8556 = ORIENTED_EDGE ( 'NONE', *, *, #2501, .T. ) ;
#8557 = EDGE_LOOP ( 'NONE', ( #2412, #463, #6581, #38 ) ) ;
#8558 = EDGE_CURVE ( 'NONE', #2532, #5011, #2278, .T. ) ;
#8559 = CARTESIAN_POINT ( 'NONE',  ( 14.00000000000000000, -16.49876305844211544, 0.000000000000000000 ) ) ;
#8560 = CARTESIAN_POINT ( 'NONE',  ( 8.049096687469857514, 11.59938906676269710, 9.701204759967236413 ) ) ;
#8561 = CARTESIAN_POINT ( 'NONE',  ( -5.260512242138209338, 12.59124478464833885, 12.70000000000000284 ) ) ;
#8562 = EDGE_CURVE ( 'NONE', #7360, #6044, #9201, .T. ) ;
#8563 = LINE ( 'NONE', #2701, #3117 ) ;
#8564 = AXIS2_PLACEMENT_3D ( 'NONE', #52, #5849, #8779 ) ;
#8565 = CARTESIAN_POINT ( 'NONE',  ( -4.929141392239717590, 17.06312500000001009, 11.90000000000006430 ) ) ;
#8566 = ORIENTED_EDGE ( 'NONE', *, *, #2762, .T. ) ;
#8567 = CARTESIAN_POINT ( 'NONE',  ( 0.000000000000000000, 0.000000000000000000, 9.525000000000002132 ) ) ;
#8568 = EDGE_LOOP ( 'NONE', ( #8824, #105, #4759, #1975 ) ) ;
#8569 = ADVANCED_FACE ( 'NONE', ( #5827 ), #5109, .F. ) ;
#8570 = VECTOR ( 'NONE', #7399, 1000.000000000000000 ) ;
#8571 = ADVANCED_FACE ( 'NONE', ( #783 ), #3708, .F. ) ;
#8572 = CARTESIAN_POINT ( 'NONE',  ( 4.929141392239922759, 19.56187500000000412, 11.89999999999996305 ) ) ;
#8573 = CARTESIAN_POINT ( 'NONE',  ( -9.000000000000001776, -1.199999999999999734, 9.000000000000000000 ) ) ;
#8574 = CARTESIAN_POINT ( 'NONE',  ( -13.44999999999999929, 19.99999999999999645, 12.94999999999999218 ) ) ;
#8575 = CARTESIAN_POINT ( 'NONE',  ( -26.01317938492167059, 8.641945085602490195, 1.734723475976872570E-15 ) ) ;
#8576 = DIRECTION ( 'NONE',  ( 0.000000000000000000, 0.000000000000000000, 1.000000000000000000 ) ) ;
#8577 = EDGE_LOOP ( 'NONE', ( #3140, #949, #1318, #7591 ) ) ;
#8578 = ORIENTED_EDGE ( 'NONE', *, *, #3639, .F. ) ;
#8579 = VERTEX_POINT ( 'NONE', #9145 ) ;
#8580 = EDGE_CURVE ( 'NONE', #5741, #1640, #8269, .T. ) ;
#8581 = ADVANCED_FACE ( 'NONE', ( #5440 ), #464, .T. ) ;
#8582 = DIRECTION ( 'NONE',  ( -0.000000000000000000, -1.000000000000000000, -0.000000000000000000 ) ) ;
#8583 = CIRCLE ( 'NONE', #10, 8.099999999999999645 ) ;
#8584 = FACE_OUTER_BOUND ( 'NONE', #3762, .T. ) ;
#8585 = CARTESIAN_POINT ( 'NONE',  ( 0.000000000000000000, -8.248891971046781180, 4.762500000000002842 ) ) ;
#8586 = CARTESIAN_POINT ( 'NONE',  ( 1.955170296790373907, 0.8110566135902760321, -0.6294185448917993808 ) ) ;
#8587 = CARTESIAN_POINT ( 'NONE',  ( 4.827671754811402316, -10.08197907572384544, 1.587500000000004796 ) ) ;
#8588 = SECURITY_CLASSIFICATION_LEVEL ( 'unclassified' ) ;
#8589 = APPLICATION_CONTEXT ( 'configuration controlled 3d designs of mechanical parts and assemblies' ) ;
#8590 = VERTEX_POINT ( 'NONE', #6767 ) ;
#8591 = EDGE_LOOP ( 'NONE', ( #6678, #5730 ) ) ;
#8592 = AXIS2_PLACEMENT_3D ( 'NONE', #6304, #9245, #2650 ) ;
#8593 = CARTESIAN_POINT ( 'NONE',  ( 34.40000000000000568, 0.000000000000000000, 11.00000000000000000 ) ) ;
#8594 = B_SPLINE_CURVE_WITH_KNOTS ( 'NONE', 3,
 ( #6672, #33, #7438, #8115, #7390, #4422, #9435, #6534, #2223, #2310, #4330, #5063 ),
 .UNSPECIFIED., .F., .F.,
 ( 4, 2, 2, 2, 2, 4 ),
 ( 2.344180752198451871E-07, 0.003137532069197815614, 0.006274829720320411822, 0.007843478545881707106, 0.009412127371443005860, 0.01254942502256559816 ),
 .UNSPECIFIED. ) ;
#8595 = DIRECTION ( 'NONE',  ( 0.000000000000000000, 0.000000000000000000, -1.000000000000000000 ) ) ;
#8596 = DIRECTION ( 'NONE',  ( 0.000000000000000000, -0.5000000000000002220, -0.8660254037844385966 ) ) ;
#8597 = CARTESIAN_POINT ( 'NONE',  ( 12.82664718204939192, 16.64562500000001322, 5.312971222579391473 ) ) ;
#8598 = DIRECTION ( 'NONE',  ( 0.7071067811865487940, 0.7071067811865463515, 1.837086636568278853E-16 ) ) ;
#8599 = PERSON_AND_ORGANIZATION ( #5176, #5070 ) ;
#8600 = DIRECTION ( 'NONE',  ( -1.000000000000000000, -0.000000000000000000, -0.000000000000000000 ) ) ;
#8601 = EDGE_LOOP ( 'NONE', ( #7027, #5114, #3295, #5288 ) ) ;
#8602 = CARTESIAN_POINT ( 'NONE',  ( 9.192421541439368808E-14, 16.40750000000001307, 12.82664718204935106 ) ) ;
#8603 = VERTEX_POINT ( 'NONE', #6018 ) ;
#8604 = EDGE_LOOP ( 'NONE', ( #5261, #4465, #2741, #9249 ) ) ;
#8605 = FACE_OUTER_BOUND ( 'NONE', #8044, .T. ) ;
#8606 = LINE ( 'NONE', #2022, #7690 ) ;
#8607 = DIRECTION ( 'NONE',  ( 0.000000000000000000, 0.000000000000000000, 1.000000000000000000 ) ) ;
#8608 = CARTESIAN_POINT ( 'NONE',  ( 43.60000000000000142, 0.000000000000000000, 0.000000000000000000 ) ) ;
#8609 = FACE_OUTER_BOUND ( 'NONE', #3431, .T. ) ;
#8610 = CARTESIAN_POINT ( 'NONE',  ( -11.90000000000004476, 16.74562500000000753, -4.929141392239722030 ) ) ;
#8611 = EDGE_CURVE ( 'NONE', #4210, #5262, #6279, .T. ) ;
#8612 = AXIS2_PLACEMENT_3D ( 'NONE', #8305, #3082, #6153 ) ;
#8613 = ORIENTED_EDGE ( 'NONE', *, *, #1055, .T. ) ;
#8614 = PRODUCT_DEFINITION ( '未知', '', #6082, #2035 ) ;
#8615 = DIRECTION ( 'NONE',  ( 1.000000000000000000, -8.896017825522095502E-16, 0.000000000000000000 ) ) ;
#8616 = VERTEX_POINT ( 'NONE', #6206 ) ;
#8617 = ADVANCED_FACE ( 'NONE', ( #3946 ), #1842, .F. ) ;
#8618 = CARTESIAN_POINT ( 'NONE',  ( -8.414570696119973547, 20.27625000000000099, -8.414570696119856308 ) ) ;
#8619 = CARTESIAN_POINT ( 'NONE',  ( 2.049999999999999822, 0.000000000000000000, 0.000000000000000000 ) ) ;
#8620 = B_SPLINE_CURVE_WITH_KNOTS ( 'NONE', 3,
 ( #1772, #6894, #4691, #5420, #7617, #1051 ),
 .UNSPECIFIED., .F., .F.,
 ( 4, 2, 4 ),
 ( 0.01669505163429731848, 0.01941030283746668014, 0.02212555404063604181 ),
 .UNSPECIFIED. ) ;
#8621 = CARTESIAN_POINT ( 'NONE',  ( -11.29999999999996874, 17.80000000000002203, 0.000000000000000000 ) ) ;
#8622 = DIRECTION ( 'NONE',  ( -0.000000000000000000, -1.000000000000000000, -0.000000000000000000 ) ) ;
#8623 = ADVANCED_FACE ( 'NONE', ( #2503 ), #219, .T. ) ;
#8624 = ORIENTED_EDGE ( 'NONE', *, *, #6050, .T. ) ;
#8625 = ORIENTED_EDGE ( 'NONE', *, *, #7896, .F. ) ;
#8626 = AXIS2_PLACEMENT_3D ( 'NONE', #5567, #2725, #8679 ) ;
#8627 = ORIENTED_EDGE ( 'NONE', *, *, #4025, .F. ) ;
#8628 = EDGE_CURVE ( 'NONE', #3573, #8507, #7584, .T. ) ;
#8629 = DIRECTION ( 'NONE',  ( 0.000000000000000000, -1.000000000000000000, 0.000000000000000000 ) ) ;
#8630 = CARTESIAN_POINT ( 'NONE',  ( 8.414570696119856308, 11.26875000000001847, -8.414570696119973547 ) ) ;
#8631 = DIRECTION ( 'NONE',  ( 1.000000000000000000, 0.000000000000000000, 0.000000000000000000 ) ) ;
#8632 = DIRECTION ( 'NONE',  ( -1.000000000000000000, -0.000000000000000000, -0.000000000000000000 ) ) ;
#8633 = FACE_OUTER_BOUND ( 'NONE', #8557, .T. ) ;
#8634 = VECTOR ( 'NONE', #1324, 1000.000000000000000 ) ;
#8635 = ADVANCED_FACE ( 'NONE', ( #2552, #6720 ), #4716, .F. ) ;
#8636 = APPROVAL_ROLE ( '' ) ;
#8637 = EDGE_CURVE ( 'NONE', #5296, #4682, #3896, .T. ) ;
#8638 = EDGE_LOOP ( 'NONE', ( #3764, #8533, #2945, #2595 ) ) ;
#8639 = ORIENTED_EDGE ( 'NONE', *, *, #3457, .F. ) ;
#8640 = PRODUCT_DEFINITION_SHAPE ( 'NONE', 'NONE',  #9490 ) ;
#8641 = FACE_OUTER_BOUND ( 'NONE', #5823, .T. ) ;
#8642 = DIRECTION ( 'NONE',  ( -1.000000000000000000, -0.000000000000000000, -0.000000000000000000 ) ) ;
#8643 = CARTESIAN_POINT ( 'NONE',  ( 3.244754478949096299, 17.75088563378988837, -11.50779693861578146 ) ) ;
#8644 = CARTESIAN_POINT ( 'NONE',  ( 5.312971222579394137, 14.42312500000001663, -12.82664718204939014 ) ) ;
#8645 = SHAPE_DEFINITION_REPRESENTATION ( #7984, #9013 ) ;
#8646 = CIRCLE ( 'NONE', #4186, 0.5000000000000004441 ) ;
#8647 = CARTESIAN_POINT ( 'NONE',  ( 5.260512242138204897, 11.81000521535170122, -12.70000000000000284 ) ) ;
#8648 = EDGE_LOOP ( 'NONE', ( #3401, #2754 ) ) ;
#8649 = VERTEX_POINT ( 'NONE', #5498 ) ;
#8650 = ORIENTED_EDGE ( 'NONE', *, *, #3039, .T. ) ;
#8651 = DIRECTION ( 'NONE',  ( -9.800697604388738773E-17, 1.000000000000000000, -0.000000000000000000 ) ) ;
#8652 = CIRCLE ( 'NONE', #3429, 15.59999999999999964 ) ;
#8653 = FACE_OUTER_BOUND ( 'NONE', #1166, .T. ) ;
#8654 = CARTESIAN_POINT ( 'NONE',  ( -12.94999999999999218, -10.69999999999999041, 13.44999999999999929 ) ) ;
#8655 = DIRECTION ( 'NONE',  ( 0.000000000000000000, 0.000000000000000000, 1.000000000000000000 ) ) ;
#8656 = CYLINDRICAL_SURFACE ( 'NONE', #2339, 2.499999999999998668 ) ;
#8657 = CARTESIAN_POINT ( 'NONE',  ( -4.929141392239931641, 15.31687500000001023, -11.89999999999995772 ) ) ;
#8658 = CYLINDRICAL_SURFACE ( 'NONE', #8760, 12.69999999999998508 ) ;
#8659 = AXIS2_PLACEMENT_3D ( 'NONE', #8932, #678, #5857 ) ;
#8660 = ORIENTED_EDGE ( 'NONE', *, *, #8266, .F. ) ;
#8661 = DIRECTION ( 'NONE',  ( -1.000000000000000000, -0.000000000000000000, -0.000000000000000000 ) ) ;
#8662 = EDGE_LOOP ( 'NONE', ( #1984, #2203, #5917, #3857 ) ) ;
#8663 = AXIS2_PLACEMENT_3D ( 'NONE', #2516, #3147, #6735 ) ;
#8664 = AXIS2_PLACEMENT_3D ( 'NONE', #2349, #8208, #4563 ) ;
#8665 = DIRECTION ( 'NONE',  ( -1.231304080816852664E-16, 1.000000000000000000, 0.000000000000000000 ) ) ;
#8666 = CARTESIAN_POINT ( 'NONE',  ( 12.69999999999999929, 11.70000000000000817, 1.555301434917137249E-15 ) ) ;
#8667 =( LENGTH_UNIT ( ) NAMED_UNIT ( * ) SI_UNIT ( .MILLI., .METRE. ) );
#8668 = EDGE_CURVE ( 'NONE', #2472, #8590, #4568, .T. ) ;
#8669 = DIRECTION ( 'NONE',  ( -9.800697604388738773E-17, 1.000000000000000000, -0.000000000000000000 ) ) ;
#8670 = UNCERTAINTY_MEASURE_WITH_UNIT (LENGTH_MEASURE( 1.000000000000000082E-05 ), #1994, 'distance_accuracy_value', 'NONE');
#8671 = VERTEX_POINT ( 'NONE', #6066 ) ;
#8672 = ORIENTED_EDGE ( 'NONE', *, *, #7253, .T. ) ;
#8673 = VECTOR ( 'NONE', #4087, 1000.000000000000000 ) ;
#8674 = AXIS2_PLACEMENT_3D ( 'NONE', #2256, #6707, #164 ) ;
#8675 = ORIENTED_EDGE ( 'NONE', *, *, #7094, .F. ) ;
#8676 = CYLINDRICAL_SURFACE ( 'NONE', #4564, 2.299999999999999822 ) ;
#8677 = ADVANCED_FACE ( 'NONE', ( #7488 ), #6817, .T. ) ;
#8678 = DIRECTION ( 'NONE',  ( -1.000000000000000000, -0.000000000000000000, -0.000000000000000000 ) ) ;
#8679 = DIRECTION ( 'NONE',  ( 0.000000000000000000, 0.000000000000000000, 1.000000000000000000 ) ) ;
#8680 = LINE ( 'NONE', #3628, #1238 ) ;
#8681 = ADVANCED_FACE ( 'NONE', ( #314 ), #3664, .T. ) ;
#8682 = PLANE ( 'NONE',  #8181 ) ;
#8683 = COORDINATED_UNIVERSAL_TIME_OFFSET ( 8, 0, .AHEAD. ) ;
#8684 = ORIENTED_EDGE ( 'NONE', *, *, #6437, .T. ) ;
#8685 = ORIENTED_EDGE ( 'NONE', *, *, #2387, .F. ) ;
#8686 = CARTESIAN_POINT ( 'NONE',  ( -3.513634653869334823, -16.11891868594209853, -14.47207278019404519 ) ) ;
#8687 = VECTOR ( 'NONE', #1031, 1000.000000000000000 ) ;
#8688 = CARTESIAN_POINT ( 'NONE',  ( 10.23982179844509233, 17.65649240860862434, -6.395521298233122209 ) ) ;
#8689 = EDGE_CURVE ( 'NONE', #1869, #1141, #928, .T. ) ;
#8690 = EDGE_CURVE ( 'NONE', #7931, #5251, #1993, .T. ) ;
#8691 = CARTESIAN_POINT ( 'NONE',  ( 5.312971222579394137, 15.69312500000001265, -12.82664718204939014 ) ) ;
#8692 = PRODUCT_DEFINITION_SHAPE ( 'NONE', 'NONE',  #8614 ) ;
#8693 = CIRCLE ( 'NONE', #3773, 3.200000000000000178 ) ;
#8694 = COORDINATED_UNIVERSAL_TIME_OFFSET ( 8, 0, .AHEAD. ) ;
#8695 = APPROVAL_PERSON_ORGANIZATION ( #2490, #7597, #258 ) ;
#8696 = VERTEX_POINT ( 'NONE', #973 ) ;
#8697 = CARTESIAN_POINT ( 'NONE',  ( -9.035340417286477571E-14, 13.23250000000001769, -12.82664718204935106 ) ) ;
#8698 = ORIENTED_EDGE ( 'NONE', *, *, #296, .F. ) ;
#8699 = ORIENTED_EDGE ( 'NONE', *, *, #6502, .T. ) ;
#8700 = DIRECTION ( 'NONE',  ( -1.000000000000000000, -0.000000000000000000, -0.000000000000000000 ) ) ;
#8701 = AXIS2_PLACEMENT_3D ( 'NONE', #8412, #5544, #402 ) ;
#8702 = APPROVAL_PERSON_ORGANIZATION ( #1963, #1157, #2778 ) ;
#8703 = DIRECTION ( 'NONE',  ( 0.000000000000000000, -1.000000000000000000, 0.000000000000000000 ) ) ;
#8704 = CARTESIAN_POINT ( 'NONE',  ( 0.000000000000000000, 0.000000000000000000, 0.000000000000000000 ) ) ;
#8705 = DIRECTION ( 'NONE',  ( 0.000000000000000000, -1.224646799147352961E-16, 1.000000000000000000 ) ) ;
#8706 = DIRECTION ( 'NONE',  ( 0.000000000000000000, 0.000000000000000000, -1.000000000000000000 ) ) ;
#8707 =( BOUNDED_CURVE ( )  B_SPLINE_CURVE ( 2, ( #6755, #2440, #4652, #1584, #5281, #4558, #4604, #162, #7762 ),
 .UNSPECIFIED., .F., .T. ) 
 B_SPLINE_CURVE_WITH_KNOTS ( ( 3, 2, 2, 2, 3 ),
 ( 0.5312500000000000000, 0.5468750000000000000, 0.5625000000000000000, 0.5781250000000001110, 0.5937500000000001110 ),
 .UNSPECIFIED. ) 
 CURVE ( )  GEOMETRIC_REPRESENTATION_ITEM ( )  RATIONAL_B_SPLINE_CURVE ( ( 1.000000000000000000, 0.9238795325112867385, 1.000000000000000000, 0.9238795325112867385, 1.000000000000000000, 0.9238795325112867385, 1.000000000000000000, 0.9238795325112861834, 1.000000000000000444 ) ) 
 REPRESENTATION_ITEM ( '' )  );
#8708 = LINE ( 'NONE', #69, #1611 ) ;
#8709 = LINE ( 'NONE', #779, #834 ) ;
#8710 = AXIS2_PLACEMENT_3D ( 'NONE', #8499, #1916, #960 ) ;
#8711 = CIRCLE ( 'NONE', #1804, 2.475000000000000089 ) ;
#8712 = EDGE_LOOP ( 'NONE', ( #9113, #4681, #8172, #1355, #9124, #530 ) ) ;
#8713 = CARTESIAN_POINT ( 'NONE',  ( 13.44999999999999929, -10.69999999999999396, 0.000000000000000000 ) ) ;
#8714 = AXIS2_PLACEMENT_3D ( 'NONE', #5703, #2090, #1239 ) ;
#8715 = DIRECTION ( 'NONE',  ( 0.000000000000000000, 0.000000000000000000, -1.000000000000000000 ) ) ;
#8716 = CARTESIAN_POINT ( 'NONE',  ( 34.40000000000000568, -10.99852262806237313, 3.605651974203355568E-15 ) ) ;
#8717 = DIRECTION ( 'NONE',  ( 0.000000000000000000, 0.000000000000000000, 1.000000000000000000 ) ) ;
#8718 = EDGE_LOOP ( 'NONE', ( #2571, #5035 ) ) ;
#8719 = ORIENTED_EDGE ( 'NONE', *, *, #5107, .F. ) ;
#8720 = AXIS2_PLACEMENT_3D ( 'NONE', #8437, #6836, #4058 ) ;
#8721 = EDGE_LOOP ( 'NONE', ( #3245, #4476, #576, #9480 ) ) ;
#8722 = DIRECTION ( 'NONE',  ( -1.000000000000000000, -0.000000000000000000, -0.000000000000000000 ) ) ;
#8723 = CIRCLE ( 'NONE', #1214, 15.00000000000000000 ) ;
#8724 = CARTESIAN_POINT ( 'NONE',  ( 4.999999999999997335, -8.707163747216046801, 3.968750000000002665 ) ) ;
#8725 = CARTESIAN_POINT ( 'NONE',  ( 8.414570696119833215, 11.06875000000001918, -8.414570696119996640 ) ) ;
#8726 = B_SPLINE_CURVE_WITH_KNOTS ( 'NONE', 3,
 ( #3096, #6876, #321, #2512, #9107, #5453, #9300, #2607, #5552, #1271, #4870, #6265 ),
 .UNSPECIFIED., .F., .F.,
 ( 4, 2, 2, 2, 2, 4 ),
 ( 2.344180752272249087E-07, 0.003137532069197810410, 0.006274829720320393607, 0.007843478545881686290, 0.009412127371442976370, 0.01254942502256556347 ),
 .UNSPECIFIED. ) ;
#8727 = EDGE_LOOP ( 'NONE', ( #7937, #1187 ) ) ;
#8728 = EDGE_CURVE ( 'NONE', #1691, #1306, #7492, .T. ) ;
#8729 = ORIENTED_EDGE ( 'NONE', *, *, #6460, .T. ) ;
#8730 = CARTESIAN_POINT ( 'NONE',  ( 8.414570696119978876, 13.29125000000001400, 8.414570696119850979 ) ) ;
#8731 = VECTOR ( 'NONE', #1075, 1000.000000000000000 ) ;
#8732 = CC_DESIGN_PERSON_AND_ORGANIZATION_ASSIGNMENT ( #818, #8157, ( #3703 ) ) ;
#8733 = EDGE_CURVE ( 'NONE', #6402, #5881, #6429, .T. ) ;
#8734 = CARTESIAN_POINT ( 'NONE',  ( 0.000000000000000000, 0.000000000000000000, -9.524999999999996803 ) ) ;
#8735 = CARTESIAN_POINT ( 'NONE',  ( -12.82664718204931198, 14.89937500000001336, 5.312971222579581543 ) ) ;
#8736 = ORGANIZATION ( 'NAUO-ORG7', 'UNSPECIFIED', 'UNSPECIFIED' ) ;
#8737 = VECTOR ( 'NONE', #5378, 1000.000000000000000 ) ;
#8738 = APPROVAL_DATE_TIME ( #904, #2680 ) ;
#8739 = DIRECTION ( 'NONE',  ( 0.000000000000000000, 0.000000000000000000, 1.000000000000000000 ) ) ;
#8740 = EDGE_CURVE ( 'NONE', #4683, #5474, #8273, .T. ) ;
#8741 = CARTESIAN_POINT ( 'NONE',  ( 9.069809202314482732, 14.02625000000001521, 9.069809202314353058 ) ) ;
#8742 =( BOUNDED_CURVE ( )  B_SPLINE_CURVE ( 2, ( #6527, #26, #2169, #2843, #8059, #9475, #2937, #5820, #5684 ),
 .UNSPECIFIED., .F., .T. ) 
 B_SPLINE_CURVE_WITH_KNOTS ( ( 3, 2, 2, 2, 3 ),
 ( 0.4375000000000001110, 0.4531250000000000000, 0.4687499999999998890, 0.4843749999999998335, 0.4999999999999997224 ),
 .UNSPECIFIED. ) 
 CURVE ( )  GEOMETRIC_REPRESENTATION_ITEM ( )  RATIONAL_B_SPLINE_CURVE ( ( 0.9999999999999994449, 0.9238795325112872936, 1.000000000000000000, 0.9238795325112867385, 1.000000000000000000, 0.9238795325112867385, 1.000000000000000000, 0.9238795325112880708, 0.9999999999999986677 ) ) 
 REPRESENTATION_ITEM ( '' )  );
#8743 = ORIENTED_EDGE ( 'NONE', *, *, #1393, .T. ) ;
#8744 = ORIENTED_EDGE ( 'NONE', *, *, #4880, .F. ) ;
#8745 = EDGE_CURVE ( 'NONE', #6111, #8808, #3215, .T. ) ;
#8746 = DIRECTION ( 'NONE',  ( -0.000000000000000000, -1.000000000000000000, -0.000000000000000000 ) ) ;
#8747 = CARTESIAN_POINT ( 'NONE',  ( 13.99999999999999822, 4.349899922066655192E-16, -3.399999999999999911 ) ) ;
#8748 = DIRECTION ( 'NONE',  ( -9.800697604388738773E-17, 1.000000000000000000, 0.000000000000000000 ) ) ;
#8749 = DIRECTION ( 'NONE',  ( 0.000000000000000000, 0.000000000000000000, 1.000000000000000000 ) ) ;
#8750 = PLANE ( 'NONE',  #1398 ) ;
#8751 = CARTESIAN_POINT ( 'NONE',  ( 4.605170801781708789, 5.499261314031190118, 9.525000000000002132 ) ) ;
#8752 = EDGE_CURVE ( 'NONE', #2470, #6435, #3370, .T. ) ;
#8753 = ADVANCED_FACE ( 'NONE', ( #1312, #2700, #9384 ), #4085, .F. ) ;
#8754 = VERTEX_POINT ( 'NONE', #5546 ) ;
#8755 = DIRECTION ( 'NONE',  ( 0.7071067811865475727, 0.7071067811865475727, 0.000000000000000000 ) ) ;
#8756 = VERTEX_POINT ( 'NONE', #1889 ) ;
#8757 =( BOUNDED_SURFACE ( )  B_SPLINE_SURFACE ( 1, 2, ( 
 ( #307, #8211, #1638, #4565, #7482, #1210, #8508, #4175, #6196, #4126, #6344, #5632, #2544, #543, #5490, #5586, #9138, #8407, #452, #1836, #1928, #9286, #6387, #7680, #1115, #7825, #397, #9332, #4949, #3317, #6298, #7729, #2694, #8555, #4027, #1164, #1974, #4852, #499, #2640, #6952, #6249, #7053, #4075, #9190, #7780, #7101, #3413, #3459, #2594, #5538, #353, #7003, #4899, #3365, #8457, #1257, #9239, #2743, #5678, #8602, #2017, #1068, #3985, #6909, #1882, #3271, #4804, #3690, #3596, #7191, #5132, #2972, #3645, #6568, #3551, #5809, #2066, #7280, #5090, #591, #17, #6433, #2929, #8832, #676, #1488, #8785, #634, #58, #8741, #7871, #4226, #4405, #2202, #9419, #2834, #9466, #5899, #2158, #8697, #8003, #4360, #1438, #7147, #3509, #7330, #9377, #5721, #5853, #1354, #2114, #5045, #1625, #3210, #293, #7418, #5951, #4451, #5372, #1007, #4646, #206, #4551, #3927, #858, #7515, #3880, #7373 ),
 ( #6845, #7469, #3118, #6701, #5274, #909, #3785, #3833, #6750, #8147, #6045, #8981, #106, #2385, #3163, #3023, #5323, #3736, #6652, #8248, #8884, #6143, #1676, #4599, #957, #6800, #2296, #8196, #9078, #250, #5182, #5231, #6093, #9030, #156, #2433, #8297, #8100, #1577, #4500, #1723, #3073, #1535, #6000, #809, #8931, #343, #8449, #3263, #9232, #5482, #8500, #8826, #8971, #2922, #5993, #5848, #5943, #8045, #1480, #4398, #3827, #3776, #6694, #3065, #2330, #6084, #3154, #9020, #6984, #6835, #4781, #3300, #1144, #432, #284, #3917, #4057, #7609, #1860, #1716, #5365, #6134, #7556, #996, #1046, #2474, #5414, #6888, #331, #1095, #3250, #2576, #6280, #6232, #6180, #9118, #5467, #9219, #8385, #1816, #8436, #7661, #4008, #9170, #5521, #9360, #9446, #1958, #2672, #5660, #6369, #9265, #5072, #5611, #7080, #4882, #9407, #8630, #7175, #1240, #5789, #522, #7220, #9311, #2774, #4153, #4200, #7127 ) ),
 .UNSPECIFIED., .F., .F., .F. ) 
 B_SPLINE_SURFACE_WITH_KNOTS ( ( 2, 2 ),
 ( 3, 2, 2, 2, 2, 2, 2, 2, 2, 2, 2, 2, 2, 2, 2, 2, 2, 2, 2, 2, 2, 2, 2, 2, 2, 2, 2, 2, 2, 2, 2, 2, 2, 2, 2, 2, 2, 2, 2, 2, 2, 2, 2, 2, 2, 2, 2, 2, 2, 2, 2, 2, 2, 2, 2, 2, 2, 2, 2, 2, 2, 2, 2, 2, 3 ),
 ( 0.000000000000000000, 1.000000000000000000 ),
 ( 0.000000000000000000, 0.01562500000000000000, 0.03125000000000000000, 0.04687500000000000000, 0.06250000000000000000, 0.07812500000000000000, 0.09375000000000000000, 0.1093750000000000000, 0.1250000000000000000, 0.1406250000000000000, 0.1562500000000000000, 0.1718750000000000000, 0.1875000000000000000, 0.2031250000000000000, 0.2187500000000000000, 0.2343750000000000000, 0.2500000000000000000, 0.2656250000000000000, 0.2812500000000000000, 0.2968750000000000000, 0.3125000000000000000, 0.3281250000000000000, 0.3437500000000000000, 0.3593750000000000000, 0.3750000000000000000, 0.3906250000000000000, 0.4062500000000000000, 0.4218750000000000000, 0.4375000000000000000, 0.4531250000000000000, 0.4687500000000000000, 0.4843750000000000000, 0.5000000000000000000, 0.5156250000000000000, 0.5312500000000000000, 0.5468750000000000000, 0.5625000000000000000, 0.5781250000000000000, 0.5937500000000000000, 0.6093750000000000000, 0.6250000000000000000, 0.6406250000000000000, 0.6562500000000000000, 0.6718750000000000000, 0.6875000000000000000, 0.7031250000000000000, 0.7187500000000000000, 0.7343750000000000000, 0.7500000000000000000, 0.7656250000000000000, 0.7812500000000000000, 0.7968750000000000000, 0.8125000000000000000, 0.8281250000000000000, 0.8437500000000000000, 0.8593750000000000000, 0.8750000000000000000, 0.8906250000000000000, 0.9062500000000000000, 0.9218750000000000000, 0.9375000000000000000, 0.9531250000000000000, 0.9687500000000000000, 0.9843750000000000000, 1.000000000000000000 ),
 .UNSPECIFIED. ) 
 GEOMETRIC_REPRESENTATION_ITEM ( )  RATIONAL_B_SPLINE_SURFACE ( (
 ( 1.000000000000000000, 0.9238795325112867385, 1.000000000000000000, 0.9238795325112867385, 1.000000000000000000, 0.9238795325112867385, 1.000000000000000000, 0.9238795325112867385, 1.000000000000000000, 0.9238795325112867385, 1.000000000000000000, 0.9238795325112867385, 1.000000000000000000, 0.9238795325112867385, 1.000000000000000000, 0.9238795325112867385, 1.000000000000000000, 0.9238795325112867385, 1.000000000000000000, 0.9238795325112867385, 1.000000000000000000, 0.9238795325112867385, 1.000000000000000000, 0.9238795325112867385, 1.000000000000000000, 0.9238795325112867385, 1.000000000000000000, 0.9238795325112867385, 1.000000000000000000, 0.9238795325112867385, 1.000000000000000000, 0.9238795325112867385, 1.000000000000000000, 0.9238795325112867385, 1.000000000000000000, 0.9238795325112867385, 1.000000000000000000, 0.9238795325112867385, 1.000000000000000000, 0.9238795325112867385, 1.000000000000000000, 0.9238795325112867385, 1.000000000000000000, 0.9238795325112867385, 1.000000000000000000, 0.9238795325112867385, 1.000000000000000000, 0.9238795325112867385, 1.000000000000000000, 0.9238795325112867385, 1.000000000000000000, 0.9238795325112867385, 1.000000000000000000, 0.9238795325112867385, 1.000000000000000000, 0.9238795325112867385, 1.000000000000000000, 0.9238795325112867385, 1.000000000000000000, 0.9238795325112867385, 1.000000000000000000, 0.9238795325112867385, 1.000000000000000000, 0.9238795325112867385, 1.000000000000000000, 0.9238795325112867385, 1.000000000000000000, 0.9238795325112867385, 1.000000000000000000, 0.9238795325112867385, 1.000000000000000000, 0.9238795325112867385, 1.000000000000000000, 0.9238795325112867385, 1.000000000000000000, 0.9238795325112867385, 1.000000000000000000, 0.9238795325112867385, 1.000000000000000000, 0.9238795325112867385, 1.000000000000000000, 0.9238795325112867385, 1.000000000000000000, 0.9238795325112867385, 1.000000000000000000, 0.9238795325112867385, 1.000000000000000000, 0.9238795325112867385, 1.000000000000000000, 0.9238795325112867385, 1.000000000000000000, 0.9238795325112867385, 1.000000000000000000, 0.9238795325112867385, 1.000000000000000000, 0.9238795325112867385, 1.000000000000000000, 0.9238795325112867385, 1.000000000000000000, 0.9238795325112867385, 1.000000000000000000, 0.9238795325112867385, 1.000000000000000000, 0.9238795325112867385, 1.000000000000000000, 0.9238795325112867385, 1.000000000000000000, 0.9238795325112867385, 1.000000000000000000, 0.9238795325112867385, 1.000000000000000000, 0.9238795325112867385, 1.000000000000000000, 0.9238795325112867385, 1.000000000000000000, 0.9238795325112867385, 1.000000000000000000, 0.9238795325112867385, 1.000000000000000000, 0.9238795325112867385, 1.000000000000000000, 0.9238795325112867385, 1.000000000000000000, 0.9238795325112867385, 1.000000000000000000, 0.9238795325112867385, 1.000000000000000000, 0.9238795325112867385, 1.000000000000000000),
 ( 1.000000000000000000, 0.9238795325112867385, 1.000000000000000000, 0.9238795325112867385, 1.000000000000000000, 0.9238795325112867385, 1.000000000000000000, 0.9238795325112867385, 1.000000000000000000, 0.9238795325112867385, 1.000000000000000000, 0.9238795325112867385, 1.000000000000000000, 0.9238795325112867385, 1.000000000000000000, 0.9238795325112867385, 1.000000000000000000, 0.9238795325112867385, 1.000000000000000000, 0.9238795325112867385, 1.000000000000000000, 0.9238795325112867385, 1.000000000000000000, 0.9238795325112867385, 1.000000000000000000, 0.9238795325112867385, 1.000000000000000000, 0.9238795325112867385, 1.000000000000000000, 0.9238795325112867385, 1.000000000000000000, 0.9238795325112867385, 1.000000000000000000, 0.9238795325112867385, 1.000000000000000000, 0.9238795325112867385, 1.000000000000000000, 0.9238795325112867385, 1.000000000000000000, 0.9238795325112867385, 1.000000000000000000, 0.9238795325112867385, 1.000000000000000000, 0.9238795325112867385, 1.000000000000000000, 0.9238795325112867385, 1.000000000000000000, 0.9238795325112867385, 1.000000000000000000, 0.9238795325112867385, 1.000000000000000000, 0.9238795325112867385, 1.000000000000000000, 0.9238795325112867385, 1.000000000000000000, 0.9238795325112867385, 1.000000000000000000, 0.9238795325112867385, 1.000000000000000000, 0.9238795325112867385, 1.000000000000000000, 0.9238795325112867385, 1.000000000000000000, 0.9238795325112867385, 1.000000000000000000, 0.9238795325112867385, 1.000000000000000000, 0.9238795325112867385, 1.000000000000000000, 0.9238795325112867385, 1.000000000000000000, 0.9238795325112867385, 1.000000000000000000, 0.9238795325112867385, 1.000000000000000000, 0.9238795325112867385, 1.000000000000000000, 0.9238795325112867385, 1.000000000000000000, 0.9238795325112867385, 1.000000000000000000, 0.9238795325112867385, 1.000000000000000000, 0.9238795325112867385, 1.000000000000000000, 0.9238795325112867385, 1.000000000000000000, 0.9238795325112867385, 1.000000000000000000, 0.9238795325112867385, 1.000000000000000000, 0.9238795325112867385, 1.000000000000000000, 0.9238795325112867385, 1.000000000000000000, 0.9238795325112867385, 1.000000000000000000, 0.9238795325112867385, 1.000000000000000000, 0.9238795325112867385, 1.000000000000000000, 0.9238795325112867385, 1.000000000000000000, 0.9238795325112867385, 1.000000000000000000, 0.9238795325112867385, 1.000000000000000000, 0.9238795325112867385, 1.000000000000000000, 0.9238795325112867385, 1.000000000000000000, 0.9238795325112867385, 1.000000000000000000, 0.9238795325112867385, 1.000000000000000000, 0.9238795325112867385, 1.000000000000000000, 0.9238795325112867385, 1.000000000000000000, 0.9238795325112867385, 1.000000000000000000, 0.9238795325112867385, 1.000000000000000000, 0.9238795325112867385, 1.000000000000000000, 0.9238795325112867385, 1.000000000000000000, 0.9238795325112867385, 1.000000000000000000) ) ) 
 REPRESENTATION_ITEM ( '' )  SURFACE ( )  );
#8758 = CARTESIAN_POINT ( 'NONE',  ( 38.59999999999999432, 0.000000000000000000, 0.000000000000000000 ) ) ;
#8759 = PLANE ( 'NONE',  #4475 ) ;
#8760 = AXIS2_PLACEMENT_3D ( 'NONE', #6528, #644, #5913 ) ;
#8761 = CARTESIAN_POINT ( 'NONE',  ( 4.605170801781709677, 5.499261314031189229, -9.524999999999996803 ) ) ;
#8762 = PLANE ( 'NONE',  #5309 ) ;
#8763 = ORIENTED_EDGE ( 'NONE', *, *, #7496, .F. ) ;
#8764 = ORIENTED_EDGE ( 'NONE', *, *, #7551, .F. ) ;
#8765 = EDGE_LOOP ( 'NONE', ( #8132, #8004, #8320, #2482, #3619 ) ) ;
#8766 = APPLICATION_CONTEXT ( 'configuration controlled 3d designs of mechanical parts and assemblies' ) ;
#8767 = DIRECTION ( 'NONE',  ( 0.000000000000000000, 0.000000000000000000, 1.000000000000000000 ) ) ;
#8768 = DIRECTION ( 'NONE',  ( 0.000000000000000000, 0.000000000000000000, 1.000000000000000000 ) ) ;
#8769 = DIRECTION ( 'NONE',  ( -0.000000000000000000, 1.000000000000000000, -0.000000000000000000 ) ) ;
#8770 = LINE ( 'NONE', #1381, #2796 ) ;
#8771 = DIRECTION ( 'NONE',  ( 0.000000000000000000, 0.000000000000000000, -1.000000000000000000 ) ) ;
#8772 = CARTESIAN_POINT ( 'NONE',  ( 14.00000000000000000, 0.000000000000000000, 3.200000000000000178 ) ) ;
#8773 = CIRCLE ( 'NONE', #6473, 0.3999999999999993006 ) ;
#8774 = ORIENTED_EDGE ( 'NONE', *, *, #6621, .F. ) ;
#8775 = ORIENTED_EDGE ( 'NONE', *, *, #1756, .F. ) ;
#8776 = CARTESIAN_POINT ( 'NONE',  ( 41.30693079519157607, 0.000000000000000000, 0.000000000000000000 ) ) ;
#8777 = CARTESIAN_POINT ( 'NONE',  ( -11.90000000000004832, 12.93562500000001592, -4.929141392239714037 ) ) ;
#8778 = AXIS2_PLACEMENT_3D ( 'NONE', #9319, #5969, #6818 ) ;
#8779 = DIRECTION ( 'NONE',  ( 0.000000000000000000, 0.5000000000000001110, 0.8660254037844385966 ) ) ;
#8780 = PERSON_AND_ORGANIZATION ( #5176, #5070 ) ;
#8781 = CC_DESIGN_PERSON_AND_ORGANIZATION_ASSIGNMENT ( #6330, #5616, ( #2556 ) ) ;
#8782 = EDGE_CURVE ( 'NONE', #1411, #800, #8331, .T. ) ;
#8783 = DIRECTION ( 'NONE',  ( -0.000000000000000000, 0.000000000000000000, 1.000000000000000000 ) ) ;
#8784 = EDGE_LOOP ( 'NONE', ( #6773, #2951, #8481, #7757 ) ) ;
#8785 = CARTESIAN_POINT ( 'NONE',  ( 12.82664718204931376, 14.26437500000001535, -5.312971222579575326 ) ) ;
#8786 = VERTEX_POINT ( 'NONE', #8654 ) ;
#8787 = CARTESIAN_POINT ( 'NONE',  ( 24.00000000000000000, 3.888253587292846081E-16, -3.174999999999999822 ) ) ;
#8788 = CARTESIAN_POINT ( 'NONE',  ( 40.92056046467595110, 0.000000000000000000, 0.000000000000000000 ) ) ;
#8789 = DIRECTION ( 'NONE',  ( -0.000000000000000000, 1.000000000000000000, -0.000000000000000000 ) ) ;
#8790 = EDGE_CURVE ( 'NONE', #8979, #3723, #1526, .T. ) ;
#8791 = TOROIDAL_SURFACE ( 'NONE', #4645, 2.700000000000000178, 0.3999999999999988565 ) ;
#8792 = FACE_OUTER_BOUND ( 'NONE', #4550, .T. ) ;
#8793 = LINE ( 'NONE', #3935, #2499 ) ;
#8794 = CARTESIAN_POINT ( 'NONE',  ( -8.414570696119840321, 15.71375000000001165, 8.414570696119989535 ) ) ;
#8795 = APPROVAL_ROLE ( '' ) ;
#8796 = EDGE_CURVE ( 'NONE', #3542, #7808, #9359, .T. ) ;
#8797 = DIRECTION ( 'NONE',  ( 0.000000000000000000, 0.000000000000000000, -1.000000000000000000 ) ) ;
#8798 = FACE_OUTER_BOUND ( 'NONE', #2913, .T. ) ;
#8799 = ORIENTED_EDGE ( 'NONE', *, *, #6831, .F. ) ;
#8800 = DIRECTION ( 'NONE',  ( 0.5773502691896265082, 0.5773502691896265082, 0.5773502691896243988 ) ) ;
#8801 = CIRCLE ( 'NONE', #2053, 5.949999999999996625 ) ;
#8802 = ORIENTED_EDGE ( 'NONE', *, *, #2031, .F. ) ;
#8803 = EDGE_CURVE ( 'NONE', #6569, #3237, #2750, .T. ) ;
#8804 = EDGE_CURVE ( 'NONE', #1258, #5262, #471, .T. ) ;
#8805 = DIRECTION ( 'NONE',  ( -1.000000000000000000, -0.000000000000000000, -0.000000000000000000 ) ) ;
#8806 = DIRECTION ( 'NONE',  ( 0.000000000000000000, -1.224646799147353947E-16, 1.000000000000000000 ) ) ;
#8807 = DIRECTION ( 'NONE',  ( -1.000000000000000000, 0.000000000000000000, -0.000000000000000000 ) ) ;
#8808 = VERTEX_POINT ( 'NONE', #1935 ) ;
#8809 = ORIENTED_EDGE ( 'NONE', *, *, #9401, .T. ) ;
#8810 = ORIENTED_EDGE ( 'NONE', *, *, #1464, .F. ) ;
#8811 = AXIS2_PLACEMENT_3D ( 'NONE', #1372, #1506, #4290 ) ;
#8812 = VECTOR ( 'NONE', #3499, 999.9999999999998863 ) ;
#8813 = DIRECTION ( 'NONE',  ( 0.000000000000000000, 1.000000000000000000, 0.000000000000000000 ) ) ;
#8814 = DIRECTION ( 'NONE',  ( -1.000000000000000000, 8.775090700452169195E-16, 0.000000000000000000 ) ) ;
#8815 = DIRECTION ( 'NONE',  ( 0.000000000000000000, 0.000000000000000000, -1.000000000000000000 ) ) ;
#8816 = CARTESIAN_POINT ( 'NONE',  ( 0.000000000000000000, 0.000000000000000000, 0.000000000000000000 ) ) ;
#8817 = CARTESIAN_POINT ( 'NONE',  ( -8.414570696119969995, 17.73625000000000895, -8.414570696119859861 ) ) ;
#8818 = CARTESIAN_POINT ( 'NONE',  ( -9.000000000000001776, -1.199999999999999734, 6.500000000000000888 ) ) ;
#8819 = VECTOR ( 'NONE', #408, 1000.000000000000000 ) ;
#8820 = VECTOR ( 'NONE', #4366, 1000.000000000000000 ) ;
#8821 = ORIENTED_EDGE ( 'NONE', *, *, #698, .T. ) ;
#8822 = EDGE_LOOP ( 'NONE', ( #5751, #5352, #2642, #2850 ) ) ;
#8823 = DIRECTION ( 'NONE',  ( 1.000000000000000000, 0.000000000000000000, 0.000000000000000000 ) ) ;
#8824 = ORIENTED_EDGE ( 'NONE', *, *, #3103, .F. ) ;
#8825 = CYLINDRICAL_SURFACE ( 'NONE', #7160, 2.299999999999996714 ) ;
#8826 = CARTESIAN_POINT ( 'NONE',  ( -8.382592070995921138E-14, 16.50750000000000739, -11.89999999999999858 ) ) ;
#8827 = CIRCLE ( 'NONE', #9121, 2.299999999999999822 ) ;
#8828 = CARTESIAN_POINT ( 'NONE',  ( 12.82664718204931376, 11.72437500000002153, -5.312971222579575326 ) ) ;
#8829 = CALENDAR_DATE ( 2025, 13, 3 ) ;
#8830 = CARTESIAN_POINT ( 'NONE',  ( -1.332425256438214856, 1.691144339801393004, -1.563043939730329290 ) ) ;
#8831 = ORIENTED_EDGE ( 'NONE', *, *, #8982, .F. ) ;
#8832 = CARTESIAN_POINT ( 'NONE',  ( -9.035340417286477571E-14, 14.50250000000001549, -12.82664718204935106 ) ) ;
#8833 = FACE_OUTER_BOUND ( 'NONE', #7064, .T. ) ;
#8834 = CARTESIAN_POINT ( 'NONE',  ( 9.000000000000001776, -1.199999999999999734, -11.49999999999999822 ) ) ;
#8835 = CARTESIAN_POINT ( 'NONE',  ( -8.414570696119973547, 15.19625000000001158, -8.414570696119856308 ) ) ;
#8836 = AXIS2_PLACEMENT_3D ( 'NONE', #8241, #5314, #8655 ) ;
#8837 = CC_DESIGN_APPROVAL ( #7899, ( #8375 ) ) ;
#8838 = DIRECTION ( 'NONE',  ( 0.000000000000000000, 0.000000000000000000, 1.000000000000000000 ) ) ;
#8839 = CARTESIAN_POINT ( 'NONE',  ( 36.29999999999999005, 0.000000000000000000, 0.000000000000000000 ) ) ;
#8840 = CARTESIAN_POINT ( 'NONE',  ( 46.70000000000001705, 0.000000000000000000, 2.299999999999999822 ) ) ;
#8841 = PERSON_AND_ORGANIZATION ( #5176, #5070 ) ;
#8842 = CARTESIAN_POINT ( 'NONE',  ( 12.94999999999999218, -10.69999999999999041, 13.44999999999999929 ) ) ;
#8843 = LINE ( 'NONE', #8016, #5443 ) ;
#8844 = ORIENTED_EDGE ( 'NONE', *, *, #8079, .T. ) ;
#8845 = ADVANCED_FACE ( 'NONE', ( #1263 ), #2287, .F. ) ;
#8846 = CIRCLE ( 'NONE', #4245, 3.575000000000002842 ) ;
#8847 = FACE_OUTER_BOUND ( 'NONE', #9242, .T. ) ;
#8848 = APPROVAL_PERSON_ORGANIZATION ( #5179, #7354, #4595 ) ;
#8849 = EDGE_LOOP ( 'NONE', ( #6873, #2262, #2745 ) ) ;
#8850 = EDGE_CURVE ( 'NONE', #7360, #6736, #8425, .T. ) ;
#8851 = LINE ( 'NONE', #1549, #5197 ) ;
#8852 = DIRECTION ( 'NONE',  ( -0.000000000000000000, -1.000000000000000000, -0.000000000000000000 ) ) ;
#8853 = VECTOR ( 'NONE', #1616, 999.9999999999998863 ) ;
#8854 = AXIS2_PLACEMENT_3D ( 'NONE', #3190, #8322, #6922 ) ;
#8855 = DIRECTION ( 'NONE',  ( -0.000000000000000000, 0.000000000000000000, 1.000000000000000000 ) ) ;
#8856 = VERTEX_POINT ( 'NONE', #7107 ) ;
#8857 = EDGE_CURVE ( 'NONE', #193, #2481, #7788, .T. ) ;
#8858 = ORIENTED_EDGE ( 'NONE', *, *, #811, .F. ) ;
#8859 = EDGE_CURVE ( 'NONE', #5561, #3970, #7883, .T. ) ;
#8860 = ORIENTED_EDGE ( 'NONE', *, *, #5578, .F. ) ;
#8861 = ADVANCED_FACE ( 'NONE', ( #3651 ), #8010, .T. ) ;
#8862 = DIRECTION ( 'NONE',  ( -4.205219310670844307E-16, 0.000000000000000000, -1.000000000000000000 ) ) ;
#8863 = CARTESIAN_POINT ( 'NONE',  ( 1.714505518806294638E-15, 0.000000000000000000, -14.00000000000000000 ) ) ;
#8864 = DIRECTION ( 'NONE',  ( 0.000000000000000000, 0.000000000000000000, 1.000000000000000000 ) ) ;
#8865 = DIRECTION ( 'NONE',  ( -1.000000000000000000, 9.376883653928698457E-16, 0.000000000000000000 ) ) ;
#8866 = DIRECTION ( 'NONE',  ( 0.000000000000000000, 0.000000000000000000, -1.000000000000000000 ) ) ;
#8867 = DIRECTION ( 'NONE',  ( -1.000000000000000000, -0.000000000000000000, -0.000000000000000000 ) ) ;
#8868 = AXIS2_PLACEMENT_3D ( 'NONE', #6085, #6233, #5366 ) ;
#8869 = ORIENTED_EDGE ( 'NONE', *, *, #6346, .T. ) ;
#8870 = ADVANCED_FACE ( 'NONE', ( #8792 ), #1444, .T. ) ;
#8871 = EDGE_LOOP ( 'NONE', ( #4371, #8512, #1054, #1352 ) ) ;
#8872 = EDGE_CURVE ( 'NONE', #8545, #6624, #3650, .T. ) ;
#8873 = CYLINDRICAL_SURFACE ( 'NONE', #977, 12.69999999999998508 ) ;
#8874 = ORIENTED_EDGE ( 'NONE', *, *, #8333, .T. ) ;
#8875 = CARTESIAN_POINT ( 'NONE',  ( -11.90000000000005009, 11.66562500000001812, -4.929141392239710484 ) ) ;
#8876 = AXIS2_PLACEMENT_3D ( 'NONE', #3394, #4930, #1285 ) ;
#8877 = CARTESIAN_POINT ( 'NONE',  ( -9.069809202314482732, 10.85125000000002160, -9.069809202314353058 ) ) ;
#8878 = DIRECTION ( 'NONE',  ( -1.000000000000000000, -0.000000000000000000, -0.000000000000000000 ) ) ;
#8879 = PERSON_AND_ORGANIZATION ( #5176, #5070 ) ;
#8880 = DIRECTION ( 'NONE',  ( -8.775090700452169195E-16, -1.000000000000000000, -0.000000000000000000 ) ) ;
#8881 = ORIENTED_EDGE ( 'NONE', *, *, #1559, .F. ) ;
#8882 = EDGE_LOOP ( 'NONE', ( #6185, #3524, #5422, #9378 ) ) ;
#8883 = AXIS2_PLACEMENT_3D ( 'NONE', #6582, #1457, #1415 ) ;
#8884 = CARTESIAN_POINT ( 'NONE',  ( -8.382592070995921138E-14, 19.04750000000000298, -11.89999999999999858 ) ) ;
#8885 = ORIENTED_EDGE ( 'NONE', *, *, #4915, .F. ) ;
#8886 = DIRECTION ( 'NONE',  ( 0.000000000000000000, 0.000000000000000000, 1.000000000000000000 ) ) ;
#8887 = CARTESIAN_POINT ( 'NONE',  ( -11.90000000000003233, 12.73562500000001663, -4.929141392239748676 ) ) ;
#8888 = AXIS2_PLACEMENT_3D ( 'NONE', #4132, #5639, #4860 ) ;
#8889 = B_SPLINE_CURVE_WITH_KNOTS ( 'NONE', 3,
 ( #7672, #5481, #1153, #3167, #1106, #3310, #8448, #9034, #6995, #2436, #8399, #6097, #5374, #6902, #8299, #6242, #7623, #1726, #1827, #389, #1872, #4648, #9183, #4796, #253, #9080, #4018, #7567, #444, #3358, #3976, #4747, #2485, #4699, #3262, #297, #342, #6189, #1010, #9128, #6945, #3929, #7720, #6291, #4068, #6849, #9229, #7517, #2632 ),
 .UNSPECIFIED., .F., .F.,
 ( 4, 2, 2, 2, 2, 2, 2, 2, 1, 2, 2, 2, 2, 2, 2, 2, 2, 2, 2, 2, 2, 2, 2, 2, 4 ),
 ( 0.01793288862705932213, 0.01914856647236399048, 0.02036424431766866230, 0.02279560000827799901, 0.02401127785358266736, 0.02522695569888733919, 0.02765831138949667589, 0.02887398923480134771, 0.03008966708010601260, 0.03130534492541068442, 0.03252102277071534930, 0.03495237846132469295, 0.03616805630662935783, 0.03738373415193402272, 0.03981508984254336636, 0.04103076768784802431, 0.04224644553315268919, 0.04467780122376202590, 0.04710915691437135566, 0.04832483475967602748, 0.04954051260498069237, 0.05197186829559002907, 0.05318754614089470090, 0.05440322398619936578, 0.05683457967680870249 ),
 .UNSPECIFIED. ) ;
#8890 = CARTESIAN_POINT ( 'NONE',  ( 1.989606815600206469, 0.7727322777923930630, 0.5099309000857272789 ) ) ;
#8891 = CARTESIAN_POINT ( 'NONE',  ( -12.27635182233306743, 0.000000000000000000, 0.000000000000000000 ) ) ;
#8892 = DIRECTION ( 'NONE',  ( 0.000000000000000000, 0.000000000000000000, -1.000000000000000000 ) ) ;
#8893 = PERSON_AND_ORGANIZATION ( #5176, #5070 ) ;
#8894 = CARTESIAN_POINT ( 'NONE',  ( 12.69999999999996732, 12.84188021535169888, -9.023892744153245350E-14 ) ) ;
#8895 = EDGE_LOOP ( 'NONE', ( #4361, #6261, #8624, #888 ) ) ;
#8896 = CIRCLE ( 'NONE', #2002, 15.59999999999999964 ) ;
#8897 = CARTESIAN_POINT ( 'NONE',  ( -1.965893980413407460, 16.99999999999999289, -12.54692236597380983 ) ) ;
#8898 = VERTEX_POINT ( 'NONE', #4277 ) ;
#8899 = CARTESIAN_POINT ( 'NONE',  ( 14.29000000000000625, -1.320277023254680326, 2.095091730326422486 ) ) ;
#8900 = DIRECTION ( 'NONE',  ( 0.000000000000000000, -1.224646799147353700E-16, 1.000000000000000000 ) ) ;
#8901 = CARTESIAN_POINT ( 'NONE',  ( -6.793037293912618679, 17.05369487948975404, -10.67340432305259057 ) ) ;
#8902 = AXIS2_PLACEMENT_3D ( 'NONE', #4968, #3385, #9159 ) ;
#8903 = APPROVAL ( #3081, '未指定' ) ;
#8904 = ADVANCED_FACE ( 'NONE', ( #3558 ), #7650, .F. ) ;
#8905 = ORIENTED_EDGE ( 'NONE', *, *, #3808, .F. ) ;
#8906 = ORIENTED_EDGE ( 'NONE', *, *, #4992, .F. ) ;
#8907 = ORIENTED_EDGE ( 'NONE', *, *, #5862, .T. ) ;
#8908 = LINE ( 'NONE', #4530, #7307 ) ;
#8909 = CARTESIAN_POINT ( 'NONE',  ( -13.44999999999999929, 8.900000000000016342, 12.94999999999999218 ) ) ;
#8910 = CARTESIAN_POINT ( 'NONE',  ( 41.30693079519157607, 0.000000000000000000, 15.00000000000000000 ) ) ;
#8911 = EDGE_CURVE ( 'NONE', #548, #7836, #5140, .T. ) ;
#8912 = CARTESIAN_POINT ( 'NONE',  ( -8.980256121069194464, 16.00436978464832904, -8.980256121069066566 ) ) ;
#8913 = CARTESIAN_POINT ( 'NONE',  ( 33.89999999999999858, 0.000000000000000000, 0.000000000000000000 ) ) ;
#8914 = DIRECTION ( 'NONE',  ( 1.000000000000000000, 0.000000000000000000, 0.000000000000000000 ) ) ;
#8915 = COORDINATED_UNIVERSAL_TIME_OFFSET ( 8, 0, .AHEAD. ) ;
#8916 = EDGE_CURVE ( 'NONE', #4755, #3534, #317, .T. ) ;
#8917 = ORIENTED_EDGE ( 'NONE', *, *, #3145, .T. ) ;
#8918 = VERTEX_POINT ( 'NONE', #4318 ) ;
#8919 = CARTESIAN_POINT ( 'NONE',  ( 46.70000000000001705, 3.175000000000006484, 0.000000000000000000 ) ) ;
#8920 = CIRCLE ( 'NONE', #2934, 2.500000000000000444 ) ;
#8921 = CARTESIAN_POINT ( 'NONE',  ( 5.695225058835894139, 1.347111479062088405E-15, 11.00000000000000000 ) ) ;
#8922 = DIRECTION ( 'NONE',  ( 1.000000000000000000, -8.746504920891471725E-16, 0.000000000000000000 ) ) ;
#8923 = ADVANCED_FACE ( 'NONE', ( #5052 ), #2889, .T. ) ;
#8924 = CARTESIAN_POINT ( 'NONE',  ( -12.94999999999999218, 8.900000000000016342, -13.44999999999999929 ) ) ;
#8925 = ADVANCED_FACE ( 'NONE', ( #2935 ), #5973, .T. ) ;
#8926 = AXIS2_PLACEMENT_3D ( 'NONE', #7057, #503, #9096 ) ;
#8927 = PERSON_AND_ORGANIZATION ( #5176, #5070 ) ;
#8928 = CARTESIAN_POINT ( 'NONE',  ( 9.000000000000001776, -10.80000000000000604, -9.000000000000000000 ) ) ;
#8929 = VERTEX_POINT ( 'NONE', #8747 ) ;
#8930 = ORIENTED_EDGE ( 'NONE', *, *, #762, .F. ) ;
#8931 = CARTESIAN_POINT ( 'NONE',  ( -4.929141392239751340, 17.06312500000001009, 11.90000000000003233 ) ) ;
#8932 = CARTESIAN_POINT ( 'NONE',  ( 0.000000000000000000, 0.000000000000000000, 0.000000000000000000 ) ) ;
#8933 = CARTESIAN_POINT ( 'NONE',  ( 4.605170801781708789, -10.99852262806237313, 4.928329209517584241E-15 ) ) ;
#8934 = CARTESIAN_POINT ( 'NONE',  ( -11.89999999999999858, 16.62500000000000711, 8.309725586446656123E-14 ) ) ;
#8935 = CARTESIAN_POINT ( 'NONE',  ( -0.4999999999999998890, 0.000000000000000000, 3.674999999999999822 ) ) ;
#8936 = CARTESIAN_POINT ( 'NONE',  ( 4.999999999999998224, -7.790620194877515559, 5.556250000000004796 ) ) ;
#8937 = DIRECTION ( 'NONE',  ( -1.000000000000000000, -0.000000000000000000, -0.000000000000000000 ) ) ;
#8938 = PERSON_AND_ORGANIZATION_ROLE ( 'classification_officer' ) ;
#8939 = CIRCLE ( 'NONE', #7084, 3.175000000000004707 ) ;
#8940 = PLANE ( 'NONE',  #8135 ) ;
#8941 = CARTESIAN_POINT ( 'NONE',  ( -7.726057123094974125E-14, 13.96750000000001535, -11.89999999999999858 ) ) ;
#8942 = DIRECTION ( 'NONE',  ( -8.775090700452169195E-16, -1.000000000000000000, -0.000000000000000000 ) ) ;
#8943 = EDGE_LOOP ( 'NONE', ( #9433, #4325, #8121, #5361 ) ) ;
#8944 = CARTESIAN_POINT ( 'NONE',  ( 7.785019181119682052, 10.98497390865482437, 9.127642572809712362 ) ) ;
#8945 = EDGE_LOOP ( 'NONE', ( #1201, #7636, #6556, #5542 ) ) ;
#8946 = CIRCLE ( 'NONE', #2649, 15.59999999999999964 ) ;
#8947 = DIRECTION ( 'NONE',  ( -0.000000000000000000, 1.000000000000000000, 1.224646799147353207E-16 ) ) ;
#8948 = CARTESIAN_POINT ( 'NONE',  ( 4.605170801781708789, -5.499261314031187453, 9.525000000000002132 ) ) ;
#8949 = LINE ( 'NONE', #5393, #966 ) ;
#8950 =( REPRESENTATION_RELATIONSHIP ('NONE','NONE', #5082, #1777 ) REPRESENTATION_RELATIONSHIP_WITH_TRANSFORMATION ( #5032 )SHAPE_REPRESENTATION_RELATIONSHIP( ) );
#8951 = CARTESIAN_POINT ( 'NONE',  ( 8.511837979438613694E-15, 9.700000000000011724, 0.000000000000000000 ) ) ;
#8952 = CARTESIAN_POINT ( 'NONE',  ( -11.90000000000004476, 16.54562500000000824, -4.929141392239722030 ) ) ;
#8953 = AXIS2_PLACEMENT_3D ( 'NONE', #4559, #5331, #4508 ) ;
#8954 = ORIENTED_EDGE ( 'NONE', *, *, #125, .T. ) ;
#8955 = ORIENTED_EDGE ( 'NONE', *, *, #7489, .T. ) ;
#8956 = EDGE_LOOP ( 'NONE', ( #8675, #1711 ) ) ;
#8957 = FACE_OUTER_BOUND ( 'NONE', #3770, .T. ) ;
#8958 = DIRECTION ( 'NONE',  ( -1.000000000000000000, -0.000000000000000000, -0.000000000000000000 ) ) ;
#8959 = CIRCLE ( 'NONE', #4651, 8.252653961416930528 ) ;
#8960 = LINE ( 'NONE', #8035, #3959 ) ;
#8961 = EDGE_CURVE ( 'NONE', #6090, #1714, #1680, .T. ) ;
#8962 = FACE_OUTER_BOUND ( 'NONE', #798, .T. ) ;
#8963 = DIRECTION ( 'NONE',  ( 1.000000000000000000, 0.000000000000000000, -1.224646799147353207E-16 ) ) ;
#8964 = FACE_OUTER_BOUND ( 'NONE', #5219, .T. ) ;
#8965 = ORIENTED_EDGE ( 'NONE', *, *, #5760, .T. ) ;
#8966 = VERTEX_POINT ( 'NONE', #2254 ) ;
#8967 = CARTESIAN_POINT ( 'NONE',  ( 5.421010862427522170E-17, 4.500576986866525767E-16, -3.675000000000001599 ) ) ;
#8968 = VERTEX_POINT ( 'NONE', #5095 ) ;
#8969 = ADVANCED_FACE ( 'NONE', ( #4364 ), #8104, .F. ) ;
#8970 = DIRECTION ( 'NONE',  ( -0.000000000000000000, 1.000000000000000000, -0.000000000000000000 ) ) ;
#8971 = CARTESIAN_POINT ( 'NONE',  ( 4.929141392239747788, 16.42812500000000853, -11.90000000000003233 ) ) ;
#8972 = CARTESIAN_POINT ( 'NONE',  ( 12.82664718204939192, 10.29562500000002423, 5.312971222579391473 ) ) ;
#8973 = EDGE_CURVE ( 'NONE', #7758, #5230, #3825, .T. ) ;
#8974 = VECTOR ( 'NONE', #5696, 999.9999999999998863 ) ;
#8975 = AXIS2_PLACEMENT_3D ( 'NONE', #1407, #6318, #3657 ) ;
#8976 = CARTESIAN_POINT ( 'NONE',  ( 12.69999999999996732, 16.65188021535168872, -9.023892744153245350E-14 ) ) ;
#8977 = CALENDAR_DATE ( 2025, 13, 3 ) ;
#8978 = DIRECTION ( 'NONE',  ( -1.000000000000000000, -0.000000000000000000, -0.000000000000000000 ) ) ;
#8979 = VERTEX_POINT ( 'NONE', #914 ) ;
#8980 = VERTEX_POINT ( 'NONE', #1632 ) ;
#8981 = CARTESIAN_POINT ( 'NONE',  ( 4.929141392239922759, 19.76187499999999986, 11.89999999999996305 ) ) ;
#8982 = EDGE_CURVE ( 'NONE', #5298, #9468, #3885, .T. ) ;
#8983 = EDGE_CURVE ( 'NONE', #8649, #1976, #4589, .T. ) ;
#8984 = AXIS2_PLACEMENT_3D ( 'NONE', #4560, #916, #8892 ) ;
#8985 = CARTESIAN_POINT ( 'NONE',  ( -9.280693838097073822, 11.21742117555771223, -7.985049852404205950 ) ) ;
#8986 = CARTESIAN_POINT ( 'NONE',  ( 5.000000000000000000, -8.248891971046781180, -4.762499999999998401 ) ) ;
#8987 = CARTESIAN_POINT ( 'NONE',  ( 11.90000000000003588, 15.91062500000001023, 4.929141392239745123 ) ) ;
#8988 = DIRECTION ( 'NONE',  ( -1.000000000000000000, 0.000000000000000000, 0.000000000000000000 ) ) ;
#8989 = PLANE ( 'NONE',  #8953 ) ;
#8990 = CARTESIAN_POINT ( 'NONE',  ( 5.299999999999998934, 0.000000000000000000, 0.000000000000000000 ) ) ;
#8991 = DATE_TIME_ROLE ( 'classification_date' ) ;
#8992 = CARTESIAN_POINT ( 'NONE',  ( 5.000000000000000000, -5.499261314031190118, -9.524999999999996803 ) ) ;
#8993 = CARTESIAN_POINT ( 'NONE',  ( 0.1723282451885985445, 10.08197907572384189, -1.587499999999999245 ) ) ;
#8994 = FACE_OUTER_BOUND ( 'NONE', #1722, .T. ) ;
#8995 = ORIENTED_EDGE ( 'NONE', *, *, #2928, .T. ) ;
#8996 = VECTOR ( 'NONE', #5162, 1000.000000000000000 ) ;
#8997 = CARTESIAN_POINT ( 'NONE',  ( 13.44999999999999929, 1.010658625831996795E-15, 8.252653961416930528 ) ) ;
#8998 = DIRECTION ( 'NONE',  ( 0.000000000000000000, -0.8660254037844388186, -0.4999999999999997780 ) ) ;
#8999 = CARTESIAN_POINT ( 'NONE',  ( -0.5616800317630530337, 1.177882457582258846, 1.976367003650666199 ) ) ;
#9000 = CARTESIAN_POINT ( 'NONE',  ( 12.94999999999999218, 9.400000000000000355, 12.94999999999999218 ) ) ;
#9001 = DIRECTION ( 'NONE',  ( -1.243449787580175168E-14, 0.000000000000000000, -1.000000000000000000 ) ) ;
#9002 = CIRCLE ( 'NONE', #4857, 14.70352761804100616 ) ;
#9003 = LOCAL_TIME ( 22, 23, 34.00000000000000000, #449 ) ;
#9004 = ORIENTED_EDGE ( 'NONE', *, *, #5275, .F. ) ;
#9005 = VERTEX_POINT ( 'NONE', #9270 ) ;
#9006 = DIRECTION ( 'NONE',  ( -1.000000000000000000, -0.000000000000000000, -0.000000000000000000 ) ) ;
#9007 = LOCAL_TIME ( 22, 23, 34.00000000000000000, #1196 ) ;
#9008 = CARTESIAN_POINT ( 'NONE',  ( -5.260512242138209338, 16.40124478464833047, 12.70000000000000284 ) ) ;
#9009 = CARTESIAN_POINT ( 'NONE',  ( 0.000000000000000000, 0.000000000000000000, 0.000000000000000000 ) ) ;
#9010 = DIRECTION ( 'NONE',  ( 0.5773502691896236216, -0.5773502691896258421, 0.5773502691896278405 ) ) ;
#9011 = CYLINDRICAL_SURFACE ( 'NONE', #2363, 12.69999999999998508 ) ;
#9012 = CARTESIAN_POINT ( 'NONE',  ( 12.94999999999999218, 8.899999999999993250, -13.44999999999999929 ) ) ;
#9013 = SHAPE_REPRESENTATION ( 'KF16-TB4', ( #3836 ), #1390 ) ;
#9014 = VERTEX_POINT ( 'NONE', #8488 ) ;
#9015 = ORIENTED_EDGE ( 'NONE', *, *, #650, .T. ) ;
#9016 = CIRCLE ( 'NONE', #2879, 11.00000000000000000 ) ;
#9017 = VECTOR ( 'NONE', #2080, 1000.000000000000000 ) ;
#9018 = ORIENTED_EDGE ( 'NONE', *, *, #8733, .T. ) ;
#9019 = CARTESIAN_POINT ( 'NONE',  ( 43.60000000000000142, 0.000000000000000000, 0.000000000000000000 ) ) ;
#9020 = CARTESIAN_POINT ( 'NONE',  ( -8.382592070995921138E-14, 15.23750000000001137, -11.89999999999999858 ) ) ;
#9021 = FACE_OUTER_BOUND ( 'NONE', #6319, .T. ) ;
#9022 = CARTESIAN_POINT ( 'NONE',  ( 12.27635182233307987, 0.000000000000000000, 3.703925678971643265 ) ) ;
#9023 = EDGE_CURVE ( 'NONE', #5763, #8980, #7044, .T. ) ;
#9024 = CALENDAR_DATE ( 2025, 13, 3 ) ;
#9026 = DIRECTION ( 'NONE',  ( 0.000000000000000000, -1.000000000000000000, 0.000000000000000000 ) ) ;
#9025 = DESIGN_CONTEXT ( 'detailed design', #3977, 'design' ) ;
#9027 = ORIENTED_EDGE ( 'NONE', *, *, #6442, .F. ) ;
#9028 = ORIENTED_EDGE ( 'NONE', *, *, #4624, .T. ) ;
#9029 = CC_DESIGN_PERSON_AND_ORGANIZATION_ASSIGNMENT ( #5143, #5190, ( #3472 ) ) ;
#9030 = CARTESIAN_POINT ( 'NONE',  ( -11.90000000000003233, 18.01562500000000711, -4.929141392239748676 ) ) ;
#9031 = EDGE_CURVE ( 'NONE', #2041, #6544, #3216, .T. ) ;
#9032 = VECTOR ( 'NONE', #2923, 1000.000000000000000 ) ;
#9033 = CARTESIAN_POINT ( 'NONE',  ( 8.126783911029367147, 11.01220863347623613, -8.854614595090012585 ) ) ;
#9034 = CARTESIAN_POINT ( 'NONE',  ( -11.39039279841400365, 17.23569777374293110, 5.077425544857488759 ) ) ;
#9035 = CARTESIAN_POINT ( 'NONE',  ( 8.414570696119856308, 13.60875000000001478, -8.414570696119973547 ) ) ;
#9036 = DIRECTION ( 'NONE',  ( -1.000000000000000000, -0.000000000000000000, -0.000000000000000000 ) ) ;
#9037 = CARTESIAN_POINT ( 'NONE',  ( 4.963898969966152208, 9.165435523385312422, -3.174999999999999378 ) ) ;
#9038 = EDGE_CURVE ( 'NONE', #5298, #4269, #2141, .T. ) ;
#9039 = CYLINDRICAL_SURFACE ( 'NONE', #2371, 14.00000000000000000 ) ;
#9040 = AXIS2_PLACEMENT_3D ( 'NONE', #7850, #8722, #9408 ) ;
#9041 = APPLICATION_PROTOCOL_DEFINITION ( 'international standard', 'config_control_design', 1994, #3001 ) ;
#9042 = CARTESIAN_POINT ( 'NONE',  ( 43.59999999999999432, 0.000000000000000000, 0.000000000000000000 ) ) ;
#9043 = CARTESIAN_POINT ( 'NONE',  ( 34.00693079519157891, 0.000000000000000000, 20.00000000000000000 ) ) ;
#9044 = CARTESIAN_POINT ( 'NONE',  ( 0.000000000000000000, 0.000000000000000000, 13.00000000000000000 ) ) ;
#9045 = FACE_OUTER_BOUND ( 'NONE', #6883, .T. ) ;
#9046 = EDGE_CURVE ( 'NONE', #8540, #147, #5363, .T. ) ;
#9047 = CARTESIAN_POINT ( 'NONE',  ( -6.710680523104180395, -16.44727708890599516, 12.62625748697973194 ) ) ;
#9048 = EDGE_LOOP ( 'NONE', ( #4030, #5502, #5539, #3771 ) ) ;
#9049 = CARTESIAN_POINT ( 'NONE',  ( -3.913020020765926699, 17.42734031599863087, -11.66400519539856262 ) ) ;
#9050 = AXIS2_PLACEMENT_3D ( 'NONE', #266, #3990, #2356 ) ;
#9051 = CARTESIAN_POINT ( 'NONE',  ( -12.94999999999999218, -11.19999999999999751, 13.44999999999999929 ) ) ;
#9052 = DIRECTION ( 'NONE',  ( 1.000000000000000000, -8.775090700452169195E-16, 0.000000000000000000 ) ) ;
#9053 = DIRECTION ( 'NONE',  ( 0.2588190451025226824, 1.182917971378668855E-16, 0.9659258262890676461 ) ) ;
#9054 = EDGE_CURVE ( 'NONE', #318, #5475, #7474, .T. ) ;
#9055 = EDGE_CURVE ( 'NONE', #7467, #2229, #2344, .T. ) ;
#9056 = DIRECTION ( 'NONE',  ( 2.623755202233439104E-15, -0.7071067811865474617, 0.7071067811865474617 ) ) ;
#9057 = DIRECTION ( 'NONE',  ( 0.000000000000000000, 0.000000000000000000, 1.000000000000000000 ) ) ;
#9058 = VECTOR ( 'NONE', #8988, 1000.000000000000000 ) ;
#9059 = EDGE_LOOP ( 'NONE', ( #6348, #721, #7385, #97 ) ) ;
#9060 = EDGE_LOOP ( 'NONE', ( #4187, #6830 ) ) ;
#9061 = CARTESIAN_POINT ( 'NONE',  ( 12.94999999999999218, 9.400000000000000355, 12.94999999999999218 ) ) ;
#9062 = PLANE ( 'NONE',  #1669 ) ;
#9063 = DIRECTION ( 'NONE',  ( 0.000000000000000000, 0.7071067811865462405, 0.7071067811865487940 ) ) ;
#9064 = CARTESIAN_POINT ( 'NONE',  ( 0.3952250588359064176, 0.000000000000000000, 0.000000000000000000 ) ) ;
#9065 = CARTESIAN_POINT ( 'NONE',  ( 5.000000000000000000, -8.248891971046781180, -4.762499999999998401 ) ) ;
#9066 = VERTEX_POINT ( 'NONE', #1012 ) ;
#9067 = VERTEX_POINT ( 'NONE', #6805 ) ;
#9068 = ORIENTED_EDGE ( 'NONE', *, *, #5804, .T. ) ;
#9069 = CARTESIAN_POINT ( 'NONE',  ( 6.411583940029132858E-16, -1.849720943065753520, 9.525000000000002132 ) ) ;
#9070 = CARTESIAN_POINT ( 'NONE',  ( -9.000000000000001776, -1.199999999999999734, 9.000000000000000000 ) ) ;
#9071 = DIRECTION ( 'NONE',  ( 0.000000000000000000, 1.000000000000000000, 0.000000000000000000 ) ) ;
#9072 = SHAPE_REPRESENTATION ( 'DV1气动部分外形图', ( #3836 ), #6445 ) ;
#9073 = DATE_AND_TIME ( #8977, #7606 ) ;
#9074 = AXIS2_PLACEMENT_3D ( 'NONE', #4026, #3411, #7002 ) ;
#9075 = CARTESIAN_POINT ( 'NONE',  ( -7.143125246700833810E-14, 16.30750000000000810, -11.89999999999999858 ) ) ;
#9076 = VERTEX_POINT ( 'NONE', #5428 ) ;
#9077 = ORIENTED_EDGE ( 'NONE', *, *, #8740, .F. ) ;
#9078 = CARTESIAN_POINT ( 'NONE',  ( 8.528325040094456217E-14, 18.41250000000000497, 11.89999999999999858 ) ) ;
#9079 = CARTESIAN_POINT ( 'NONE',  ( 2.586341901255701625, 11.08047929050093217, -11.80697615235839670 ) ) ;
#9080 = CARTESIAN_POINT ( 'NONE',  ( -0.5559294013235591692, 17.37765506874752219, 12.31637727401417237 ) ) ;
#9081 = AXIS2_PLACEMENT_3D ( 'NONE', #2749, #3778, #3515 ) ;
#9082 = CARTESIAN_POINT ( 'NONE',  ( 9.192421541439370070E-14, 18.94750000000000512, 12.82664718204935106 ) ) ;
#9083 = CARTESIAN_POINT ( 'NONE',  ( -8.980256121069194464, 14.73436978464833302, -8.980256121069066566 ) ) ;
#9084 = EDGE_CURVE ( 'NONE', #9288, #9014, #8707, .T. ) ;
#9085 = CARTESIAN_POINT ( 'NONE',  ( -8.017523061292044283E-14, 12.69750000000001577, -11.89999999999999858 ) ) ;
#9086 = FACE_OUTER_BOUND ( 'NONE', #476, .T. ) ;
#9087 = APPLICATION_PROTOCOL_DEFINITION ( 'international standard', 'config_control_design', 1994, #5649 ) ;
#9088 = DIRECTION ( 'NONE',  ( -1.000000000000000000, 0.000000000000000000, -0.000000000000000000 ) ) ;
#9089 = AXIS2_PLACEMENT_3D ( 'NONE', #1000, #9172, #2476 ) ;
#9090 = PLANE ( 'NONE',  #6075 ) ;
#9091 = CYLINDRICAL_SURFACE ( 'NONE', #9177, 12.69999999999998508 ) ;
#9092 = ORIENTED_EDGE ( 'NONE', *, *, #4805, .T. ) ;
#9093 = EDGE_CURVE ( 'NONE', #8898, #4014, #4094, .T. ) ;
#9094 = CARTESIAN_POINT ( 'NONE',  ( -4.929141392239931641, 15.11687500000001272, -11.89999999999995772 ) ) ;
#9095 = DIRECTION ( 'NONE',  ( 1.776356839400250465E-15, 0.000000000000000000, 1.000000000000000000 ) ) ;
#9096 = DIRECTION ( 'NONE',  ( 0.000000000000000000, 0.000000000000000000, -1.000000000000000000 ) ) ;
#9097 = CIRCLE ( 'NONE', #8316, 7.535898384862284693 ) ;
#9098 = CARTESIAN_POINT ( 'NONE',  ( 0.000000000000000000, 0.000000000000000000, 0.000000000000000000 ) ) ;
#9099 = EDGE_CURVE ( 'NONE', #5763, #9333, #3124, .T. ) ;
#9100 = CARTESIAN_POINT ( 'NONE',  ( -12.20223944909608349, 17.15193262439697719, -2.949263499298245161 ) ) ;
#9101 = DIRECTION ( 'NONE',  ( -1.000000000000000000, -0.000000000000000000, -0.000000000000000000 ) ) ;
#9102 = ORIENTED_EDGE ( 'NONE', *, *, #4686, .F. ) ;
#9103 = DIRECTION ( 'NONE',  ( -1.000000000000000000, -0.000000000000000000, -0.000000000000000000 ) ) ;
#9104 = VERTEX_POINT ( 'NONE', #2392 ) ;
#9105 = EDGE_CURVE ( 'NONE', #7215, #1267, #764, .T. ) ;
#9106 = EDGE_CURVE ( 'NONE', #3689, #2605, #2434, .T. ) ;
#9107 = CARTESIAN_POINT ( 'NONE',  ( -6.216747625905290064, -1.254181481906629925, 12.91142977813912829 ) ) ;
#9108 = DIRECTION ( 'NONE',  ( 0.000000000000000000, 0.000000000000000000, 1.000000000000000000 ) ) ;
#9109 = CARTESIAN_POINT ( 'NONE',  ( 1.725874147982920936, -2.009527318423360853, 15.50423678951415241 ) ) ;
#9110 = CIRCLE ( 'NONE', #3727, 15.59999999999999964 ) ;
#9111 = DIRECTION ( 'NONE',  ( 0.000000000000000000, 0.000000000000000000, 1.000000000000000000 ) ) ;
#9112 = CARTESIAN_POINT ( 'NONE',  ( 4.963898969966152208, -7.332348418708249049, -6.349999999999999645 ) ) ;
#9113 = ORIENTED_EDGE ( 'NONE', *, *, #3280, .T. ) ;
#9114 = VERTEX_POINT ( 'NONE', #4980 ) ;
#9115 = VERTEX_POINT ( 'NONE', #4256 ) ;
#9116 = AXIS2_PLACEMENT_3D ( 'NONE', #7487, #3945, #4572 ) ;
#9117 = LINE ( 'NONE', #7708, #6087 ) ;
#9118 = CARTESIAN_POINT ( 'NONE',  ( -11.89999999999999858, 13.01500000000001656, 8.309725586446653599E-14 ) ) ;
#9119 = CARTESIAN_POINT ( 'NONE',  ( 11.09999999999999609, 13.71446665693449418, 0.000000000000000000 ) ) ;
#9120 = CARTESIAN_POINT ( 'NONE',  ( 41.39999999999999858, 0.000000000000000000, 0.000000000000000000 ) ) ;
#9121 = AXIS2_PLACEMENT_3D ( 'NONE', #4848, #3268, #301 ) ;
#9122 = PERSON_AND_ORGANIZATION_ROLE ( 'classification_officer' ) ;
#9123 = VERTEX_POINT ( 'NONE', #623 ) ;
#9124 = ORIENTED_EDGE ( 'NONE', *, *, #8497, .T. ) ;
#9125 = DIRECTION ( 'NONE',  ( 0.000000000000000000, 1.000000000000000000, 0.000000000000000000 ) ) ;
#9126 = ORIENTED_EDGE ( 'NONE', *, *, #1226, .F. ) ;
#9127 = CARTESIAN_POINT ( 'NONE',  ( 7.218702465540232538, 11.02465396087420579, -9.625010738285418199 ) ) ;
#9128 = CARTESIAN_POINT ( 'NONE',  ( 9.863250584287868605, 17.50324127492153892, 7.186112824488512629 ) ) ;
#9129 = CONICAL_SURFACE ( 'NONE', #833, 12.69999999999998863, 0.7853981633974418397 ) ;
#9130 = CIRCLE ( 'NONE', #4984, 2.050000000000001155 ) ;
#9131 = CARTESIAN_POINT ( 'NONE',  ( -4.929141392239751340, 11.78312500000001961, 11.90000000000003233 ) ) ;
#9132 = CARTESIAN_POINT ( 'NONE',  ( 1.026685611952905444E-14, 11.70000000000001883, 0.000000000000000000 ) ) ;
#9133 = DIRECTION ( 'NONE',  ( 0.8660254037844385966, 0.000000000000000000, 0.5000000000000001110 ) ) ;
#9134 = PERSON_AND_ORGANIZATION ( #5176, #5070 ) ;
#9135 = DIRECTION ( 'NONE',  ( 1.000000000000000000, -8.775090700452169195E-16, 0.000000000000000000 ) ) ;
#9136 = VECTOR ( 'NONE', #221, 1000.000000000000000 ) ;
#9137 = CIRCLE ( 'NONE', #842, 11.69999999999998863 ) ;
#9138 = CARTESIAN_POINT ( 'NONE',  ( -12.82664718204935106, 19.90000000000000568, 8.956799855210031952E-14 ) ) ;
#9139 = ORIENTED_EDGE ( 'NONE', *, *, #9038, .F. ) ;
#9140 = FACE_OUTER_BOUND ( 'NONE', #1006, .T. ) ;
#9141 = ORIENTED_EDGE ( 'NONE', *, *, #2977, .T. ) ;
#9142 = CARTESIAN_POINT ( 'NONE',  ( -8.200860767231088033, 17.63092547069599902, -8.895880490376500305 ) ) ;
#9143 = CARTESIAN_POINT ( 'NONE',  ( -8.337739707489095764, 11.41561621413376670, 9.208084456913802285 ) ) ;
#9144 = VECTOR ( 'NONE', #3583, 1000.000000000000000 ) ;
#9145 = CARTESIAN_POINT ( 'NONE',  ( 14.29000000000000448, -2.009527318423362630, 6.257467538869049051 ) ) ;
#9146 = CARTESIAN_POINT ( 'NONE',  ( -15.22582127265071783, 30.49999999999999645, -7.561373325877829288 ) ) ;
#9147 = DIRECTION ( 'NONE',  ( 0.000000000000000000, 0.000000000000000000, 1.000000000000000000 ) ) ;
#9148 = ADVANCED_FACE ( 'NONE', ( #8633 ), #6731, .T. ) ;
#9149 = ORIENTED_EDGE ( 'NONE', *, *, #5760, .F. ) ;
#9150 = CARTESIAN_POINT ( 'NONE',  ( 11.89999999999994529, 12.25937500000001812, -4.929141392239959174 ) ) ;
#9151 = ORIENTED_EDGE ( 'NONE', *, *, #2770, .F. ) ;
#9152 = EDGE_CURVE ( 'NONE', #677, #5421, #7989, .T. ) ;
#9153 = DIRECTION ( 'NONE',  ( 0.000000000000000000, 0.000000000000000000, 1.000000000000000000 ) ) ;
#9154 = FACE_OUTER_BOUND ( 'NONE', #9048, .T. ) ;
#9155 = DIRECTION ( 'NONE',  ( -8.775090700452169195E-16, -1.000000000000000000, -0.000000000000000000 ) ) ;
#9156 = CIRCLE ( 'NONE', #4849, 20.24999999999999645 ) ;
#9157 =( LENGTH_UNIT ( ) NAMED_UNIT ( * ) SI_UNIT ( .MILLI., .METRE. ) );
#9158 = LOCAL_TIME ( 22, 23, 34.00000000000000000, #7382 ) ;
#9159 = DIRECTION ( 'NONE',  ( 1.000000000000000000, 0.000000000000000000, 0.000000000000000000 ) ) ;
#9160 = DIRECTION ( 'NONE',  ( -8.775090700452169195E-16, -1.000000000000000000, -0.000000000000000000 ) ) ;
#9161 = ADVANCED_FACE ( 'NONE', ( #6372 ), #1427, .F. ) ;
#9162 = DIRECTION ( 'NONE',  ( -1.000000000000000000, -0.000000000000000000, -0.000000000000000000 ) ) ;
#9163 = EDGE_LOOP ( 'NONE', ( #5826, #7765, #1554, #5645 ) ) ;
#9164 = ORIENTED_EDGE ( 'NONE', *, *, #4391, .F. ) ;
#9165 = ORIENTED_EDGE ( 'NONE', *, *, #4756, .T. ) ;
#9166 = EDGE_CURVE ( 'NONE', #4900, #2470, #1961, .T. ) ;
#9167 = AXIS2_PLACEMENT_3D ( 'NONE', #6974, #419, #1844 ) ;
#9168 = LOCAL_TIME ( 22, 23, 34.00000000000000000, #5270 ) ;
#9169 = LINE ( 'NONE', #6934, #3640 ) ;
#9170 = CARTESIAN_POINT ( 'NONE',  ( 11.89999999999999858, 12.38000000000001855, -8.455458555545188678E-14 ) ) ;
#9171 = DIRECTION ( 'NONE',  ( -1.000000000000000000, -0.000000000000000000, -0.000000000000000000 ) ) ;
#9172 = DIRECTION ( 'NONE',  ( 1.000000000000000000, 0.000000000000000000, 0.000000000000000000 ) ) ;
#9173 = DIRECTION ( 'NONE',  ( 0.000000000000000000, 0.000000000000000000, 1.000000000000000000 ) ) ;
#9174 = EDGE_CURVE ( 'NONE', #5479, #1653, #555, .T. ) ;
#9175 = AXIS2_PLACEMENT_3D ( 'NONE', #1764, #3915, #6179 ) ;
#9176 = SECURITY_CLASSIFICATION_LEVEL ( 'unclassified' ) ;
#9177 = AXIS2_PLACEMENT_3D ( 'NONE', #3226, #262, #6155 ) ;
#9178 = ORIENTED_EDGE ( 'NONE', *, *, #1944, .T. ) ;
#9179 = ORIENTED_EDGE ( 'NONE', *, *, #225, .T. ) ;
#9180 = CARTESIAN_POINT ( 'NONE',  ( 0.1083897543756179305, 1.048450446541747239, -2.047132546062026659 ) ) ;
#9181 = EDGE_LOOP ( 'NONE', ( #3821, #1260, #3094, #1600 ) ) ;
#9182 = DIRECTION ( 'NONE',  ( 0.000000000000000000, 0.000000000000000000, 1.000000000000000000 ) ) ;
#9183 = CARTESIAN_POINT ( 'NONE',  ( -2.168494910452648750, 17.36105347941461474, 12.15354672086843735 ) ) ;
#9184 = AXIS2_PLACEMENT_3D ( 'NONE', #791, #7986, #89 ) ;
#9185 = CARTESIAN_POINT ( 'NONE',  ( 8.414570696119856308, 12.33875000000001876, -8.414570696119973547 ) ) ;
#9186 = CARTESIAN_POINT ( 'NONE',  ( 41.80000000000000426, 0.000000000000000000, 0.000000000000000000 ) ) ;
#9187 = CARTESIAN_POINT ( 'NONE',  ( 33.62056046467595394, 0.000000000000000000, 0.000000000000000000 ) ) ;
#9188 = COORDINATED_UNIVERSAL_TIME_OFFSET ( 8, 0, .AHEAD. ) ;
#9189 = CARTESIAN_POINT ( 'NONE',  ( 11.89999999999996838, 14.79937500000001371, -4.929141392239910324 ) ) ;
#9190 = CARTESIAN_POINT ( 'NONE',  ( 9.192421541439368808E-14, 17.67750000000000909, 12.82664718204935106 ) ) ;
#9191 = EDGE_LOOP ( 'NONE', ( #6488, #6586, #4115, #5573 ) ) ;
#9192 = CARTESIAN_POINT ( 'NONE',  ( 0.1083897543756180415, 1.048450446541746350, 2.047132546062027103 ) ) ;
#9193 = ORIENTED_EDGE ( 'NONE', *, *, #6956, .F. ) ;
#9194 = CARTESIAN_POINT ( 'NONE',  ( -11.90000000000004476, 15.27562500000001222, -4.929141392239719366 ) ) ;
#9195 = AXIS2_PLACEMENT_3D ( 'NONE', #7594, #7697, #1036 ) ;
#9196 = CARTESIAN_POINT ( 'NONE',  ( 10.23263610577859417, 11.63061278299894497, 7.415111185708237684 ) ) ;
#9197 = DIRECTION ( 'NONE',  ( -8.775090700452169195E-16, -1.000000000000000000, -0.000000000000000000 ) ) ;
#9198 = CARTESIAN_POINT ( 'NONE',  ( 0.000000000000000000, 3.888253587292846081E-16, -3.174999999999999822 ) ) ;
#9199 = DIRECTION ( 'NONE',  ( -0.000000000000000000, 0.000000000000000000, -1.000000000000000000 ) ) ;
#9200 = ORIENTED_EDGE ( 'NONE', *, *, #2452, .T. ) ;
#9201 = CIRCLE ( 'NONE', #4736, 6.350000000000000533 ) ;
#9202 = CARTESIAN_POINT ( 'NONE',  ( 0.000000000000000000, 0.000000000000000000, 0.000000000000000000 ) ) ;
#9203 = EDGE_LOOP ( 'NONE', ( #1509, #8077, #4127, #2769 ) ) ;
#9204 = B_SPLINE_CURVE_WITH_KNOTS ( 'NONE', 3,
 ( #3540, #8724, #4299, #8587, #6466, #2820 ),
 .UNSPECIFIED., .F., .F.,
 ( 4, 2, 4 ),
 ( 0.005499492254138860919, 0.008249122911154453328, 0.01099875356817004574 ),
 .UNSPECIFIED. ) ;
#9205 = DIRECTION ( 'NONE',  ( -0.000000000000000000, -1.000000000000000000, -0.000000000000000000 ) ) ;
#9206 = DIRECTION ( 'NONE',  ( 0.000000000000000000, 0.000000000000000000, 1.000000000000000000 ) ) ;
#9207 = VECTOR ( 'NONE', #2675, 1000.000000000000000 ) ;
#9208 = APPROVAL ( #1783, '未指定' ) ;
#9209 = APPROVAL_ROLE ( '' ) ;
#9210 = EDGE_CURVE ( 'NONE', #9468, #3901, #8896, .T. ) ;
#9211 = CARTESIAN_POINT ( 'NONE',  ( 0.000000000000000000, 0.000000000000000000, 13.00000000000000000 ) ) ;
#9212 = DIRECTION ( 'NONE',  ( -1.000000000000000000, -0.000000000000000000, -0.000000000000000000 ) ) ;
#9213 = ORIENTED_EDGE ( 'NONE', *, *, #1579, .F. ) ;
#9214 = VERTEX_POINT ( 'NONE', #7946 ) ;
#9215 = ORIENTED_EDGE ( 'NONE', *, *, #3743, .T. ) ;
#9216 = AXIS2_PLACEMENT_3D ( 'NONE', #8913, #6637, #5304 ) ;
#9217 = CARTESIAN_POINT ( 'NONE',  ( 0.000000000000000000, 17.80000000000000071, 0.000000000000000000 ) ) ;
#9218 = EDGE_CURVE ( 'NONE', #4938, #7467, #9204, .T. ) ;
#9219 = CARTESIAN_POINT ( 'NONE',  ( -8.414570696119973547, 12.85625000000001705, -8.414570696119856308 ) ) ;
#9220 = DIRECTION ( 'NONE',  ( 8.659560562354932858E-17, -0.7071067811865474617, 0.7071067811865474617 ) ) ;
#9221 = CARTESIAN_POINT ( 'NONE',  ( 1.989931015198607822, 0.7722929840020141823, -0.5085270384248981035 ) ) ;
#9222 = ADVANCED_FACE ( 'NONE', ( #4345, #2145 ), #5075, .F. ) ;
#9223 = COORDINATED_UNIVERSAL_TIME_OFFSET ( 8, 0, .AHEAD. ) ;
#9224 = ORIENTED_EDGE ( 'NONE', *, *, #8321, .T. ) ;
#9225 = EDGE_LOOP ( 'NONE', ( #5666, #9028, #3139, #8799 ) ) ;
#9226 = DIRECTION ( 'NONE',  ( 1.000000000000000000, 0.000000000000000000, -1.289757231209522150E-16 ) ) ;
#9227 = ORIENTED_EDGE ( 'NONE', *, *, #403, .F. ) ;
#9228 = DIRECTION ( 'NONE',  ( 0.000000000000000000, 0.5000000000000001110, 0.8660254037844385966 ) ) ;
#9229 = CARTESIAN_POINT ( 'NONE',  ( 12.05140565262880870, 17.56797566797374444, 1.611036353067744731 ) ) ;
#9230 = EDGE_CURVE ( 'NONE', #8443, #4195, #8680, .T. ) ;
#9231 = EDGE_CURVE ( 'NONE', #7215, #5832, #4158, .T. ) ;
#9232 = CARTESIAN_POINT ( 'NONE',  ( -11.90000000000003233, 16.74562500000000753, -4.929141392239748676 ) ) ;
#9233 = CARTESIAN_POINT ( 'NONE',  ( -5.312971222579396802, 17.59812500000001023, 12.82664718204939014 ) ) ;
#9234 = CIRCLE ( 'NONE', #939, 15.59999999999999964 ) ;
#9235 = DIRECTION ( 'NONE',  ( 0.000000000000000000, 0.000000000000000000, 1.000000000000000000 ) ) ;
#9236 = CARTESIAN_POINT ( 'NONE',  ( 15.22582127265072316, 34.29999999999999716, 4.561373325877820406 ) ) ;
#9237 = SECURITY_CLASSIFICATION_LEVEL ( 'unclassified' ) ;
#9238 = CARTESIAN_POINT ( 'NONE',  ( 33.09999999999998721, 4.133182947122318646E-16, -3.174999999999999822 ) ) ;
#9239 = CARTESIAN_POINT ( 'NONE',  ( 12.82664718204939192, 16.64562500000001322, 5.312971222579391473 ) ) ;
#9240 = ORIENTED_EDGE ( 'NONE', *, *, #2342, .T. ) ;
#9241 = VECTOR ( 'NONE', #2333, 1000.000000000000114 ) ;
#9242 = EDGE_LOOP ( 'NONE', ( #4139, #98 ) ) ;
#9243 = CARTESIAN_POINT ( 'NONE',  ( -10.24150715374035414, 17.76470098244552887, -6.143905909954260558 ) ) ;
#9244 = CARTESIAN_POINT ( 'NONE',  ( 10.89906032806802116, 11.64286134436026821, 6.419564830966910662 ) ) ;
#9245 = DIRECTION ( 'NONE',  ( -0.000000000000000000, 1.000000000000000000, 1.224646799147353207E-16 ) ) ;
#9246 = DIRECTION ( 'NONE',  ( 0.000000000000000000, 0.000000000000000000, 1.000000000000000000 ) ) ;
#9247 = TOROIDAL_SURFACE ( 'NONE', #5715, 6.750000000000000888, 0.3999999999999988565 ) ;
#9248 = DIRECTION ( 'NONE',  ( 0.000000000000000000, 0.000000000000000000, -1.000000000000000000 ) ) ;
#9249 = ORIENTED_EDGE ( 'NONE', *, *, #7671, .T. ) ;
#9250 = CARTESIAN_POINT ( 'NONE',  ( 12.69999999999996732, 16.65188021535168872, -9.023892744153245350E-14 ) ) ;
#9251 = DIRECTION ( 'NONE',  ( 0.000000000000000000, 0.000000000000000000, 1.000000000000000000 ) ) ;
#9252 = ORIENTED_EDGE ( 'NONE', *, *, #5147, .T. ) ;
#9253 = AXIS2_PLACEMENT_3D ( 'NONE', #8574, #8424, #470 ) ;
#9254 = CARTESIAN_POINT ( 'NONE',  ( 4.929141392239922759, 18.29187500000000455, 11.89999999999996305 ) ) ;
#9255 = DIRECTION ( 'NONE',  ( 0.000000000000000000, 0.000000000000000000, 1.000000000000000000 ) ) ;
#9256 = FACE_OUTER_BOUND ( 'NONE', #3022, .T. ) ;
#9257 = CARTESIAN_POINT ( 'NONE',  ( -12.94999999999999218, -11.19999999999999929, -12.94999999999999218 ) ) ;
#9258 = DIRECTION ( 'NONE',  ( 1.000000000000000000, -8.775090700452169195E-16, 0.000000000000000000 ) ) ;
#9259 = AXIS2_PLACEMENT_3D ( 'NONE', #8839, #2979, #2255 ) ;
#9260 = EDGE_LOOP ( 'NONE', ( #7342, #2373 ) ) ;
#9261 = ORIENTED_EDGE ( 'NONE', *, *, #9023, .T. ) ;
#9262 = VERTEX_POINT ( 'NONE', #5 ) ;
#9263 = CC_DESIGN_PERSON_AND_ORGANIZATION_ASSIGNMENT ( #1770, #7512, ( #7924 ) ) ;
#9264 = ADVANCED_FACE ( 'NONE', ( #5029 ), #5614, .T. ) ;
#9265 = CARTESIAN_POINT ( 'NONE',  ( -11.89999999999999858, 11.74500000000001698, 8.309725586446653599E-14 ) ) ;
#9266 = VECTOR ( 'NONE', #5237, 1000.000000000000000 ) ;
#9267 = B_SPLINE_CURVE_WITH_KNOTS ( 'NONE', 3,
 ( #3043, #8318, #7641, #1076, #3090, #6768, #8901, #8167, #7439, #3947, #3809, #4664, #7585, #6870, #3231, #6721, #882, #6161, #4574, #9100, #175, #6019, #220, #8362 ),
 .UNSPECIFIED., .F., .F.,
 ( 4, 2, 2, 2, 2, 2, 2, 2, 2, 2, 2, 4 ),
 ( 0.000000000000000000, 0.002241611078382416133, 0.004483222156764832267, 0.005604027695956040334, 0.006724833235147248400, 0.008966444313529661064, 0.01008724985272086913, 0.01120805539191207720, 0.01344966647029449333, 0.01457047200948570140, 0.01569127754867690946, 0.01793288862705932213 ),
 .UNSPECIFIED. ) ;
#9268 = DIRECTION ( 'NONE',  ( 0.9848077530122093526, 0.000000000000000000, -0.1736481776669235311 ) ) ;
#9269 = CARTESIAN_POINT ( 'NONE',  ( 1.588915744860076806, 0.9906179837802151500, -1.301860843070721474 ) ) ;
#9270 = CARTESIAN_POINT ( 'NONE',  ( 1.209951936996610228E-13, 13.13250000000001627, 11.89999999999999858 ) ) ;
#9271 = DATE_TIME_ROLE ( 'classification_date' ) ;
#9272 = EDGE_CURVE ( 'NONE', #8696, #9468, #6439, .T. ) ;
#9273 = ORIENTED_EDGE ( 'NONE', *, *, #2211, .T. ) ;
#9274 = AXIS2_PLACEMENT_3D ( 'NONE', #5892, #8092, #237 ) ;
#9275 = ORIENTED_EDGE ( 'NONE', *, *, #5647, .T. ) ;
#9276 = CARTESIAN_POINT ( 'NONE',  ( 41.80000000000000426, 0.000000000000000000, 0.000000000000000000 ) ) ;
#9277 = ADVANCED_FACE ( 'NONE', ( #2007 ), #4932, .T. ) ;
#9278 = CARTESIAN_POINT ( 'NONE',  ( 1.239098530816317244E-13, 11.86250000000001847, 11.89999999999999858 ) ) ;
#9279 = CARTESIAN_POINT ( 'NONE',  ( 9.069809202314353058, 13.07375000000001819, -9.069809202314482732 ) ) ;
#9280 = CARTESIAN_POINT ( 'NONE',  ( 34.49999999999999289, 0.000000000000000000, 12.70000000000000107 ) ) ;
#9281 = FACE_OUTER_BOUND ( 'NONE', #626, .T. ) ;
#9282 = PERSON_AND_ORGANIZATION ( #5176, #5070 ) ;
#9283 = CARTESIAN_POINT ( 'NONE',  ( -13.99999999999999822, -10.69999999999999041, 13.44999999999999929 ) ) ;
#9284 = EDGE_CURVE ( 'NONE', #1327, #8443, #7048, .T. ) ;
#9285 = EDGE_CURVE ( 'NONE', #1431, #3666, #2292, .T. ) ;
#9286 = CARTESIAN_POINT ( 'NONE',  ( 5.312971222579394137, 19.50312500000000426, -12.82664718204939014 ) ) ;
#9287 = ORIENTED_EDGE ( 'NONE', *, *, #3513, .F. ) ;
#9288 = VERTEX_POINT ( 'NONE', #8037 ) ;
#9289 = CARTESIAN_POINT ( 'NONE',  ( -8.073252374094717965, -1.254181481906627260, -11.83957626202013458 ) ) ;
#9290 = CARTESIAN_POINT ( 'NONE',  ( 13.44999999999999929, 0.000000000000000000, 0.000000000000000000 ) ) ;
#9291 = CARTESIAN_POINT ( 'NONE',  ( -12.69999999999996909, 12.35311978464833871, 8.868362600661534741E-14 ) ) ;
#9292 = CARTESIAN_POINT ( 'NONE',  ( 12.69999999999990159, 11.79749478464834134, -5.260512242138413619 ) ) ;
#9293 = CONICAL_SURFACE ( 'NONE', #6968, 2.500000000000000444, 0.7853981633974430610 ) ;
#9294 = AXIS2_PLACEMENT_3D ( 'NONE', #3176, #4512, #3222 ) ;
#9295 = CARTESIAN_POINT ( 'NONE',  ( -11.90000000000005009, 11.46562500000002061, -4.929141392239710484 ) ) ;
#9296 = EDGE_CURVE ( 'NONE', #2520, #688, #4910, .T. ) ;
#9297 = ORIENTED_EDGE ( 'NONE', *, *, #8580, .F. ) ;
#9298 = DIRECTION ( 'NONE',  ( 0.000000000000000000, 1.000000000000000000, 0.000000000000000000 ) ) ;
#9299 = ORIENTED_EDGE ( 'NONE', *, *, #5214, .T. ) ;
#9300 = CARTESIAN_POINT ( 'NONE',  ( -8.034646945590148803, -1.268955198721828159, 11.86186511655943399 ) ) ;
#9301 = CARTESIAN_POINT ( 'NONE',  ( 34.50000000000000000, 0.000000000000000000, 13.10000000000000142 ) ) ;
#9302 = CARTESIAN_POINT ( 'NONE',  ( -8.017523061292044283E-14, 12.49750000000001648, -11.89999999999999858 ) ) ;
#9303 = SHAPE_REPRESENTATION_RELATIONSHIP ( 'NONE' , 'NONE' ,  #9072, #5976 ) ;
#9304 = COORDINATED_UNIVERSAL_TIME_OFFSET ( 8, 0, .AHEAD. ) ;
#9305 = CARTESIAN_POINT ( 'NONE',  ( -8.946127672407391939E-14, 13.30561978464833750, -12.69999999999996909 ) ) ;
#9306 = VERTEX_POINT ( 'NONE', #1519 ) ;
#9307 = EDGE_LOOP ( 'NONE', ( #7745, #4951 ) ) ;
#9308 = EDGE_LOOP ( 'NONE', ( #2374, #6311, #743, #4777 ) ) ;
#9309 = DIRECTION ( 'NONE',  ( 0.000000000000000000, 1.000000000000000000, 0.000000000000000000 ) ) ;
#9310 = CIRCLE ( 'NONE', #2390, 13.10000000000000142 ) ;
#9311 = CARTESIAN_POINT ( 'NONE',  ( 8.528325040094456217E-14, 10.79250000000001997, 11.89999999999999858 ) ) ;
#9312 = CC_DESIGN_SECURITY_CLASSIFICATION ( #4540, ( #571 ) ) ;
#9313 = DIRECTION ( 'NONE',  ( 0.000000000000000000, 0.000000000000000000, -1.000000000000000000 ) ) ;
#9314 = LINE ( 'NONE', #4884, #3253 ) ;
#9315 = DIRECTION ( 'NONE',  ( 1.000000000000000000, 1.231304080816852664E-16, -0.000000000000000000 ) ) ;
#9316 = ORIENTED_EDGE ( 'NONE', *, *, #2759, .F. ) ;
#9317 = ORIENTED_EDGE ( 'NONE', *, *, #7364, .T. ) ;
#9318 = CIRCLE ( 'NONE', #3634, 15.59999999999999964 ) ;
#9319 = CARTESIAN_POINT ( 'NONE',  ( 33.69999999999999574, 0.000000000000000000, 0.000000000000000000 ) ) ;
#9320 = ORIENTED_EDGE ( 'NONE', *, *, #108, .F. ) ;
#9321 = LINE ( 'NONE', #1967, #8812 ) ;
#9322 = CARTESIAN_POINT ( 'NONE',  ( 6.334670176221743887, 17.71396235928759921, -10.18418504397528679 ) ) ;
#9323 = CARTESIAN_POINT ( 'NONE',  ( -12.82664718204939014, 16.01062500000001165, -5.312971222579394137 ) ) ;
#9324 = EDGE_CURVE ( 'NONE', #1186, #2115, #143, .T. ) ;
#9325 = AXIS2_PLACEMENT_3D ( 'NONE', #4453, #5530, #2537 ) ;
#9326 = LOCAL_TIME ( 22, 23, 34.00000000000000000, #2246 ) ;
#9327 = CARTESIAN_POINT ( 'NONE',  ( 1.203456888229273236E-14, 13.71446665693450484, 0.000000000000000000 ) ) ;
#9328 = PERSON_AND_ORGANIZATION_ROLE ( 'creator' ) ;
#9329 = APPROVAL ( #7957, '未指定' ) ;
#9330 = EDGE_CURVE ( 'NONE', #3678, #147, #6584, .T. ) ;
#9331 = CARTESIAN_POINT ( 'NONE',  ( -7.434591184897903968E-14, 15.03750000000001208, -11.89999999999999858 ) ) ;
#9332 = CARTESIAN_POINT ( 'NONE',  ( 5.312971222579579766, 19.02687500000000398, 12.82664718204931198 ) ) ;
#9333 = VERTEX_POINT ( 'NONE', #5258 ) ;
#9334 = ORIENTED_EDGE ( 'NONE', *, *, #6502, .F. ) ;
#9335 = CARTESIAN_POINT ( 'NONE',  ( -12.30891361455901922, 11.30891361455906718, 8.595268437332998721E-14 ) ) ;
#9336 = ADVANCED_FACE ( 'NONE', ( #2279 ), #7401, .T. ) ;
#9337 = DIRECTION ( 'NONE',  ( 0.000000000000000000, -0.5000000000000002220, -0.8660254037844385966 ) ) ;
#9338 = DIRECTION ( 'NONE',  ( -1.000000000000000000, -0.000000000000000000, -0.000000000000000000 ) ) ;
#9339 = DIRECTION ( 'NONE',  ( -1.000000000000000000, -0.000000000000000000, -0.000000000000000000 ) ) ;
#9340 = CIRCLE ( 'NONE', #4570, 13.50000000000000355 ) ;
#9341 = ADVANCED_FACE ( 'NONE', ( #893 ), #6137, .T. ) ;
#9342 = CARTESIAN_POINT ( 'NONE',  ( -4.929141392239898778, 11.30687500000001933, -11.89999999999997371 ) ) ;
#9343 = ORIENTED_EDGE ( 'NONE', *, *, #9347, .T. ) ;
#9344 = DIRECTION ( 'NONE',  ( 0.000000000000000000, 0.000000000000000000, -1.000000000000000000 ) ) ;
#9345 = ORIENTED_EDGE ( 'NONE', *, *, #7364, .F. ) ;
#9346 = CARTESIAN_POINT ( 'NONE',  ( -11.89999999999999858, 19.16500000000000625, 8.309725586446656123E-14 ) ) ;
#9347 = EDGE_CURVE ( 'NONE', #2905, #318, #7358, .T. ) ;
#9348 = EDGE_CURVE ( 'NONE', #5194, #8523, #9368, .T. ) ;
#9349 = DIRECTION ( 'NONE',  ( -1.000000000000000000, -0.000000000000000000, -0.000000000000000000 ) ) ;
#9350 = DIRECTION ( 'NONE',  ( -1.000000000000000000, -0.000000000000000000, -0.000000000000000000 ) ) ;
#9351 = SHAPE_REPRESENTATION_RELATIONSHIP ( 'NONE' , 'NONE' ,  #9013, #617 ) ;
#9352 = APPROVAL_STATUS ( 'not_yet_approved' ) ;
#9353 = CARTESIAN_POINT ( 'NONE',  ( 12.56412585201709931, -15.69047268157663666, -9.246769250645094473 ) ) ;
#9354 = VECTOR ( 'NONE', #9349, 1000.000000000000000 ) ;
#9355 = VERTEX_POINT ( 'NONE', #6592 ) ;
#9356 = EDGE_LOOP ( 'NONE', ( #4004, #6121, #2583, #3706 ) ) ;
#9357 = VERTEX_POINT ( 'NONE', #3720 ) ;
#9358 = CYLINDRICAL_SURFACE ( 'NONE', #8240, 11.89999999999999858 ) ;
#9359 = CIRCLE ( 'NONE', #1073, 2.500000000000000444 ) ;
#9360 = CARTESIAN_POINT ( 'NONE',  ( 8.414570696119975324, 12.22125000000001727, 8.414570696119856308 ) ) ;
#9361 = CARTESIAN_POINT ( 'NONE',  ( 12.27635182233307987, 0.000000000000000000, 0.000000000000000000 ) ) ;
#9362 = CARTESIAN_POINT ( 'NONE',  ( 36.29999999999999005, 2.449293598294706513E-15, -19.99999999999999645 ) ) ;
#9363 = DIRECTION ( 'NONE',  ( -1.000000000000000000, -9.800697604388737541E-17, 0.000000000000000000 ) ) ;
#9364 = DATE_TIME_ROLE ( 'classification_date' ) ;
#9365 = ORIENTED_EDGE ( 'NONE', *, *, #5691, .T. ) ;
#9366 = APPROVAL_PERSON_ORGANIZATION ( #485, #5564, #9411 ) ;
#9367 = ORIENTED_EDGE ( 'NONE', *, *, #1358, .T. ) ;
#9368 = CIRCLE ( 'NONE', #4750, 14.00000000000000000 ) ;
#9369 = CARTESIAN_POINT ( 'NONE',  ( 11.44999999999999751, 0.000000000000000000, 4.688733431983856725 ) ) ;
#9370 = DIRECTION ( 'NONE',  ( 0.000000000000000000, 0.000000000000000000, -1.000000000000000000 ) ) ;
#9371 = LINE ( 'NONE', #671, #8072 ) ;
#9372 = CARTESIAN_POINT ( 'NONE',  ( -9.069809202314482732, 15.93125000000001101, -9.069809202314353058 ) ) ;
#9373 =( GEOMETRIC_REPRESENTATION_CONTEXT ( 3 ) GLOBAL_UNCERTAINTY_ASSIGNED_CONTEXT ( ( #3255 ) ) GLOBAL_UNIT_ASSIGNED_CONTEXT ( ( #9157, #1708, #7546 ) ) REPRESENTATION_CONTEXT ( 'NONE', 'WORKASPACE' ) );
#9374 = PERSON_AND_ORGANIZATION ( #5176, #5070 ) ;
#9375 = CARTESIAN_POINT ( 'NONE',  ( 43.59999999999999432, 0.000000000000000000, 0.000000000000000000 ) ) ;
#9376 = ORIENTED_EDGE ( 'NONE', *, *, #6511, .F. ) ;
#9377 = CARTESIAN_POINT ( 'NONE',  ( 5.312971222579579766, 12.67687500000001677, 12.82664718204931198 ) ) ;
#9378 = ORIENTED_EDGE ( 'NONE', *, *, #4513, .T. ) ;
#9379 = ORIENTED_EDGE ( 'NONE', *, *, #7960, .T. ) ;
#9380 = LINE ( 'NONE', #5003, #3932 ) ;
#9381 = CC_DESIGN_PERSON_AND_ORGANIZATION_ASSIGNMENT ( #3968, #6939, ( #6538 ) ) ;
#9382 = EDGE_CURVE ( 'NONE', #8754, #204, #2771, .T. ) ;
#9383 = CARTESIAN_POINT ( 'NONE',  ( 0.2720356458796163168, -10.54025085189310929, -0.7937499999999962919 ) ) ;
#9384 = FACE_OUTER_BOUND ( 'NONE', #8604, .T. ) ;
#9385 = CARTESIAN_POINT ( 'NONE',  ( 15.60000000000000142, -17.69999999999999929, 0.000000000000000000 ) ) ;
#9386 = CARTESIAN_POINT ( 'NONE',  ( 1.151658749357196449E-13, 15.87250000000001116, 11.89999999999999858 ) ) ;
#9387 =( BOUNDED_CURVE ( )  B_SPLINE_CURVE ( 2, ( #3057, #2146, #8725, #4483, #6554, #5984, #1610 ),
 .UNSPECIFIED., .F., .T. ) 
 B_SPLINE_CURVE_WITH_KNOTS ( ( 3, 2, 2, 3 ),
 ( 0.9062500000000000000, 0.9218750000000000000, 0.9375000000000000000, 0.9385493788140271132 ),
 .UNSPECIFIED. ) 
 CURVE ( )  GEOMETRIC_REPRESENTATION_ITEM ( )  RATIONAL_B_SPLINE_CURVE ( ( 1.000000000000000000, 0.9238795325112867385, 1.000000000000000000, 0.9238795325112867385, 1.000000000000000000, 0.9948877308226242722, 0.9904621441369403367 ) ) 
 REPRESENTATION_ITEM ( '' )  );
#9388 = LINE ( 'NONE', #5100, #3239 ) ;
#9389 = CIRCLE ( 'NONE', #335, 2.300000000000001155 ) ;
#9390 = ORIENTED_EDGE ( 'NONE', *, *, #592, .T. ) ;
#9391 = EDGE_CURVE ( 'NONE', #3248, #8616, #839, .T. ) ;
#9392 = CARTESIAN_POINT ( 'NONE',  ( 11.90000000000000036, 10.90000000000000036, 1.482518660869983538E-15 ) ) ;
#9393 = ORIENTED_EDGE ( 'NONE', *, *, #71, .F. ) ;
#9394 = EDGE_CURVE ( 'NONE', #6420, #3753, #192, .T. ) ;
#9395 = CARTESIAN_POINT ( 'NONE',  ( 8.414570696119856308, 18.68875000000000242, -8.414570696119973547 ) ) ;
#9396 = APPLICATION_CONTEXT ( 'configuration controlled 3d designs of mechanical parts and assemblies' ) ;
#9397 = AXIS2_PLACEMENT_3D ( 'NONE', #7966, #5945, #7876 ) ;
#9398 = CARTESIAN_POINT ( 'NONE',  ( -12.94999999999999218, -11.19999999999999929, -12.94999999999999218 ) ) ;
#9399 = CARTESIAN_POINT ( 'NONE',  ( 34.40000000000000568, 5.499261314031191894, 9.525000000000002132 ) ) ;
#9400 = ORIENTED_EDGE ( 'NONE', *, *, #3804, .T. ) ;
#9401 = EDGE_CURVE ( 'NONE', #5170, #6141, #8278, .T. ) ;
#9402 = ORIENTED_EDGE ( 'NONE', *, *, #6460, .F. ) ;
#9403 = EDGE_CURVE ( 'NONE', #3666, #4818, #6886, .T. ) ;
#9404 = CIRCLE ( 'NONE', #7695, 8.252653961416930528 ) ;
#9405 = EDGE_LOOP ( 'NONE', ( #3378, #4283 ) ) ;
#9406 = DIRECTION ( 'NONE',  ( -1.000000000000000000, -0.000000000000000000, -0.000000000000000000 ) ) ;
#9407 = CARTESIAN_POINT ( 'NONE',  ( 4.929141392239747788, 11.34812500000002089, -11.90000000000003233 ) ) ;
#9408 = DIRECTION ( 'NONE',  ( 0.000000000000000000, 0.000000000000000000, 1.000000000000000000 ) ) ;
#9409 = CARTESIAN_POINT ( 'NONE',  ( -9.000000000000001776, -11.19999999999999929, 9.000000000000000000 ) ) ;
#9410 = CONICAL_SURFACE ( 'NONE', #4948, 14.70352761804100616, 1.308996938995746318 ) ;
#9411 = APPROVAL_ROLE ( '' ) ;
#9412 = ORIENTED_EDGE ( 'NONE', *, *, #2519, .T. ) ;
#9413 = ORIENTED_EDGE ( 'NONE', *, *, #359, .F. ) ;
#9414 = CARTESIAN_POINT ( 'NONE',  ( 11.91746822211635859, 17.60627158387123359, -2.099568940568509845 ) ) ;
#9415 = CARTESIAN_POINT ( 'NONE',  ( 5.312971222579579766, 13.94687500000001990, 12.82664718204931198 ) ) ;
#9416 = CALENDAR_DATE ( 2025, 13, 3 ) ;
#9417 = CIRCLE ( 'NONE', #1136, 3.000000000000009770 ) ;
#9418 = CARTESIAN_POINT ( 'NONE',  ( -12.69999999999992824, 13.70249478464833537, 5.260512242138391414 ) ) ;
#9419 = CARTESIAN_POINT ( 'NONE',  ( -12.82664718204931198, 13.62937500000001556, 5.312971222579581543 ) ) ;
#9420 = ORIENTED_EDGE ( 'NONE', *, *, #6918, .F. ) ;
#9421 = ORIENTED_EDGE ( 'NONE', *, *, #8123, .T. ) ;
#9422 = CARTESIAN_POINT ( 'NONE',  ( 15.22582127265072316, 30.49999999999999645, 5.061373325877829288 ) ) ;
#9423 = VECTOR ( 'NONE', #8315, 1000.000000000000000 ) ;
#9424 = DIRECTION ( 'NONE',  ( -9.800697604388738773E-17, 1.000000000000000000, -0.000000000000000000 ) ) ;
#9425 = CARTESIAN_POINT ( 'NONE',  ( 2.046776438449546376, 0.6704212589647345899, 0.1318215355968991309 ) ) ;
#9426 = DIRECTION ( 'NONE',  ( 0.000000000000000000, -1.000000000000000000, 0.000000000000000000 ) ) ;
#9427 = DIRECTION ( 'NONE',  ( -0.000000000000000000, -1.000000000000000000, -0.000000000000000000 ) ) ;
#9428 = DIRECTION ( 'NONE',  ( -0.000000000000000000, 1.000000000000000000, -0.000000000000000000 ) ) ;
#9429 = DIRECTION ( 'NONE',  ( -1.000000000000000000, -0.000000000000000000, -0.000000000000000000 ) ) ;
#9430 = AXIS2_PLACEMENT_3D ( 'NONE', #3024, #3648, #3074 ) ;
#9431 = ORIENTED_EDGE ( 'NONE', *, *, #2000, .F. ) ;
#9432 = DIRECTION ( 'NONE',  ( 0.000000000000000000, -0.000000000000000000, 1.000000000000000000 ) ) ;
#9433 = ORIENTED_EDGE ( 'NONE', *, *, #1749, .F. ) ;
#9434 = AXIS2_PLACEMENT_3D ( 'NONE', #6224, #9162, #423 ) ;
#9435 = CARTESIAN_POINT ( 'NONE',  ( 8.034646945590148803, -1.268955198721824607, -11.86186511655942866 ) ) ;
#9436 = ADVANCED_FACE ( 'NONE', ( #7503 ), #5840, .T. ) ;
#9437 = FACE_OUTER_BOUND ( 'NONE', #3199, .T. ) ;
#9438 = CARTESIAN_POINT ( 'NONE',  ( -0.4999999999999998890, 0.000000000000000000, 0.000000000000000000 ) ) ;
#9439 = EDGE_CURVE ( 'NONE', #1912, #1340, #2150, .T. ) ;
#9440 = ORIENTED_EDGE ( 'NONE', *, *, #1244, .F. ) ;
#9441 = VERTEX_POINT ( 'NONE', #2188 ) ;
#9442 = VECTOR ( 'NONE', #4413, 1000.000000000000114 ) ;
#9443 = ORIENTED_EDGE ( 'NONE', *, *, #7857, .T. ) ;
#9444 =( REPRESENTATION_RELATIONSHIP ('NONE','NONE', #5082, #8014 ) REPRESENTATION_RELATIONSHIP_WITH_TRANSFORMATION ( #953 )SHAPE_REPRESENTATION_RELATIONSHIP( ) );
#9445 = CARTESIAN_POINT ( 'NONE',  ( 31.70000000000000639, 0.000000000000000000, 0.000000000000000000 ) ) ;
#9446 = CARTESIAN_POINT ( 'NONE',  ( 4.929141392239922759, 12.14187500000001663, 11.89999999999996305 ) ) ;
#9447 = FACE_BOUND ( 'NONE', #2362, .T. ) ;
#9448 = EDGE_CURVE ( 'NONE', #2087, #4877, #5120, .T. ) ;
#9449 = CARTESIAN_POINT ( 'NONE',  ( 9.000000000000001776, -10.80000000000000604, -11.49999999999999822 ) ) ;
#9450 = CARTESIAN_POINT ( 'NONE',  ( 0.000000000000000000, -15.69047268157664021, 0.000000000000000000 ) ) ;
#9451 = CARTESIAN_POINT ( 'NONE',  ( -9.000000000000001776, -10.80000000000000604, 6.500000000000000888 ) ) ;
#9452 = ADVANCED_FACE ( 'NONE', ( #7651 ), #7499, .T. ) ;
#9453 = ORIENTED_EDGE ( 'NONE', *, *, #6323, .T. ) ;
#9454 = ORIENTED_EDGE ( 'NONE', *, *, #3266, .T. ) ;
#9455 = DIRECTION ( 'NONE',  ( -1.000000000000000000, -0.000000000000000000, -0.000000000000000000 ) ) ;
#9456 = CARTESIAN_POINT ( 'NONE',  ( 4.449219682286106980, 17.73706895484004775, -11.13652166967920465 ) ) ;
#9457 = CARTESIAN_POINT ( 'NONE',  ( 12.82664718204931376, 14.26437500000001712, -5.312971222579575326 ) ) ;
#9458 = EDGE_CURVE ( 'NONE', #7055, #1701, #6293, .T. ) ;
#9459 = ADVANCED_FACE ( 'NONE', ( #5556 ), #5455, .T. ) ;
#9460 = PRODUCT ( 'DV1气动部分外形图', 'DV1气动部分外形图', '', ( #118 ) ) ;
#9461 = CIRCLE ( 'NONE', #5012, 14.00000000000000000 ) ;
#9462 = COORDINATED_UNIVERSAL_TIME_OFFSET ( 8, 0, .AHEAD. ) ;
#9463 = LOCAL_TIME ( 22, 23, 34.00000000000000000, #7999 ) ;
#9464 = CARTESIAN_POINT ( 'NONE',  ( 9.679752553872788212, 11.71570377655351081, -8.280759688265479923 ) ) ;
#9465 = EDGE_LOOP ( 'NONE', ( #6712, #8810 ) ) ;
#9466 = CARTESIAN_POINT ( 'NONE',  ( -12.82664718204939014, 13.47062500000001961, -5.312971222579394137 ) ) ;
#9467 = ORIENTED_EDGE ( 'NONE', *, *, #5205, .F. ) ;
#9468 = VERTEX_POINT ( 'NONE', #2611 ) ;
#9469 = CARTESIAN_POINT ( 'NONE',  ( 12.44999999999999929, 0.000000000000000000, 0.000000000000000000 ) ) ;
#9470 = AXIS2_PLACEMENT_3D ( 'NONE', #7151, #2206, #7471 ) ;
#9471 = LOCAL_TIME ( 22, 23, 34.00000000000000000, #1050 ) ;
#9472 = DIRECTION ( 'NONE',  ( 0.000000000000000000, 1.000000000000000000, -3.154466349054399263E-16 ) ) ;
#9473 = CARTESIAN_POINT ( 'NONE',  ( 1.676189835216507440, 0.9715197356752061086, 1.208309796895569832 ) ) ;
#9474 = CARTESIAN_POINT ( 'NONE',  ( 12.94999999999999218, 9.400000000000000355, -13.44999999999999929 ) ) ;
#9475 = CARTESIAN_POINT ( 'NONE',  ( -5.260512242138382533, 15.77875521535169057, -12.69999999999992824 ) ) ;
#9476 = FACE_OUTER_BOUND ( 'NONE', #4406, .T. ) ;
#9477 = CARTESIAN_POINT ( 'NONE',  ( -0.5000000000000035527, 0.000000000000000000, 0.000000000000000000 ) ) ;
#9478 = AXIS2_PLACEMENT_3D ( 'NONE', #3775, #715, #899 ) ;
#9479 = CIRCLE ( 'NONE', #8854, 3.200000000000000178 ) ;
#9480 = ORIENTED_EDGE ( 'NONE', *, *, #474, .T. ) ;
#9481 = PLANE ( 'NONE',  #5494 ) ;
#9482 = VERTEX_POINT ( 'NONE', #6927 ) ;
#9483 = AXIS2_PLACEMENT_3D ( 'NONE', #9445, #835, #704 ) ;
#9484 = PLANE ( 'NONE',  #1064 ) ;
#9485 = CARTESIAN_POINT ( 'NONE',  ( 38.60000000000000142, 8.266365894244635319E-16, -6.750000000000000888 ) ) ;
#9486 = NEXT_ASSEMBLY_USAGE_OCCURRENCE ( 'NAUO1', ' ', ' ', #1344, #5138, $ ) ;
#9487 = NEXT_ASSEMBLY_USAGE_OCCURRENCE ( 'NAUO2', ' ', ' ', #1344, #4081, $ ) ;
#9488 = NEXT_ASSEMBLY_USAGE_OCCURRENCE ( 'NAUO3', ' ', ' ', #1344, #8614, $ ) ;
#9489 = NEXT_ASSEMBLY_USAGE_OCCURRENCE ( 'NAUO4', ' ', ' ', #1344, #7302, $ ) ;
#9490 = NEXT_ASSEMBLY_USAGE_OCCURRENCE ( 'NAUO5', ' ', ' ', #1344, #1103, $ ) ;
#9491 = NEXT_ASSEMBLY_USAGE_OCCURRENCE ( 'NAUO6', ' ', ' ', #1344, #4081, $ ) ;
#9492 = NEXT_ASSEMBLY_USAGE_OCCURRENCE ( 'NAUO7', ' ', ' ', #1344, #5204, $ ) ;
ENDSEC;
END-ISO-10303-21;
