id,siteId,productId,groupName,label,value,unit,labelEn,labelJa,labelKo,labelFr,labelAr,valueEn,valueJa,valueKo,valueFr,valueAr,sortOrder,createdAt
294,,2,316L-ON-FOR16-B,盲螺母,OR 尺寸 (in.): 1; 尺寸 in. (mm) L G: 0.81 (20.6) 1 3/4 (44.5); 材质: 316L 不锈钢（316LSS）,,blind nut,ブラインドナット,블라인드 너트,écrou aveugle,الجوز الأعمى,OR size (in.): 1; Dimensions in. (mm) LG: 0.81 (20.6) 1 3/4 (44.5); Material: 316L stainless steel (316LSS),OR サイズ (in.): 1;サイズ in.（mm）L G：0.81 （20.6 ）1 3/4 （44.5）；材質: 316Lステンレス鋼（316LSS）,OR 크기(in.): 1; 크기 in. (mm) L G: 0.81 (20.6) 1 3/4 (44.5); 재질: 316L 스테인레스 스틸 (316LSS),ou taille (in.): 1; Taille en. (mm) L G: 0.81 (20.6) 1 3/4 (44.5); Matériel: acier inoxydable 316L (316LSS),أو الحجم (بالبوصة): 1; الأبعاد في. (مم) L G: 0.81 (20.6) 1 3/4 (44.5)؛ المواد: 316L الفولاذ المقاوم للصدأ (316LSS),110,2026-09-09 14:39:27.376
349,,3,316L-IT-TB12M-TB12M-TB8M,变径三通接头,公制 管外径 D(mm): 12; 壁厚 T(mm): 1.0; 管外径 d(mm): 6; 壁厚 t(mm): 1.0,,variable diameter three-way connector,リバースティージョイント,변경 티 조인트,Joint T à diamètre réducteur,مخفض تي اتجاه مشترك,Metric pipe outer diameter D(mm): 12; Wall thickness T(mm): 1.0; pipe outer diameter d(mm): 6; Wall thickness t(mm): 1.0,メートル管外径 D(mm): 12;肉厚 T(mm): 1.0 ;チューブ外径d（mm）：6；肉厚 t(mm): 1.0,미터법 튜브 외경 D(mm): 12; 벽 두께 T(mm): 1.0; 튜브 외경 d(mm): 6; 벽 두께 t(mm): 1.0,Diamètre extérieur du tuyau métrique D (mm): 12; Épaisseur de paroi T (mm): 1.0; Diamètre extérieur du tube d (mm): 6; Épaisseur de paroi t (mm): 1.0,القطر الخارجي للأنبوب المتري D(مم): 12; سمك الجدار T (مم): 1.0؛ القطر الخارجي للأنبوب د (مم): 6؛ سمك الجدار t (مم): 1.0,34,2026-09-09 14:39:27.552
364,,3,316L-IC-TB8M,四通接头,壁厚 T(mm): 1.0; L 尺寸 (mm/in): 11.9 (0.47); B 尺寸 (mm/in): 6.4 (0.25); F 尺寸 (mm/in): 11.1 (7/16),,four-way connector,四方ジョイント,4방향 조인트,Joint à quatre voies,موصل رباعي الاتجاه,Wall thickness T(mm): 1.0; L size (mm/in): 11.9 (0.47); B Dimensions (mm/in): 6.4 (0.25); F Dimensions (mm/in): 11.1 (7/16),肉厚 T(mm): 1.0;L サイズ (mm/in): 11.9 (0.47);B サイズ (mm/in): 6.4 (0.25);F サイズ (mm/in): 11.1 (7/16),벽 두께 T(mm): 1.0; L 크기(mm/in): 11.9 (0.47); B 크기(mm/in): 6.4 (0.25); F 크기(mm/in): 11.1 (7/16),Épaisseur de paroi T (mm): 1.0; L Taille (mm/pouce): 11.9 (0.47); B Dimensions (mm/pouce): 6.4 (0.25); F Dimensions (mm/po): 11.1 (7/16),سمك الجدار T (مم): 1.0؛ L الحجم (مم/بوصة): 11.9 (0.47); ب الحجم (مم/بوصة): 6.4 (0.25)؛ F الحجم (مم / بوصة): 11.1 (7/16),49,2026-09-09 14:39:27.596
407,,4,316-BC-TB12M,四通接头,壁厚 T(mm): 1.0; L 尺寸 (mm/in): 34.0 (1.34); B 尺寸 (mm/in): 19.1 (0.75); F 尺寸 (mm/in): 15.9 (5/8),,four-way connector,四方ジョイント,4방향 조인트,Joint à quatre voies,موصل رباعي الاتجاه,Wall thickness T(mm): 1.0; L size (mm/in): 34.0 (1.34); B Dimensions (mm/in): 19.1 (0.75); F Dimensions (mm/in): 15.9 (5/8),肉厚 T(mm): 1.0;L サイズ (mm/in): 34.0 (1.34);B サイズ (mm/in): 19.1 (0.75);F サイズ (mm/in): 15.9 (5/8),벽 두께 T(mm): 1.0; L 크기(mm/in): 34.0 (1.34); B 크기(mm/in): 19.1 (0.75); F 크기(mm/in): 15.9 (5/8),Épaisseur de paroi T (mm): 1.0; L Taille (mm/pouce): 34.0 (1.34); B Dimensions (mm/pouce): 19.1 (0.75); F Dimensions (mm/po): 15.9 (5/8),سمك الجدار T (مم): 1.0؛ L الحجم (مم/بوصة): 34.0 (1.34); ب الحجم (مم/بوصة): 19.1 (0.75)؛ F الحجم (مم / بوصة): 15.9 (5/8),42,2026-09-09 14:39:27.751
412,,4,316-BC-TB8M,四通接头,壁厚 T(mm): 1.0; L 尺寸 (mm/in): 31.2 (1.23); B 尺寸 (mm/in): 19.1 (0.75); F 尺寸 (mm/in): 11.1 (7/16),,four-way connector,四方ジョイント,4방향 조인트,Joint à quatre voies,موصل رباعي الاتجاه,Wall thickness T(mm): 1.0; L size (mm/in): 31.2 (1.23); B Dimensions (mm/in): 19.1 (0.75); F Dimensions (mm/in): 11.1 (7/16),肉厚 T(mm): 1.0;L サイズ (mm/in): 31.2 (1.23);B サイズ (mm/in): 19.1 (0.75);F サイズ (mm/in): 11.1 (7/16),벽 두께 T(mm): 1.0; L 크기(mm/in): 31.2 (1.23); B 크기(mm/in): 19.1 (0.75); F 크기(mm/in): 11.1 (7/16),Épaisseur de paroi T (mm): 1.0; L Taille (mm/pouce): 31.2 (1.23); B Dimensions (mm/pouce): 19.1 (0.75); F Dimensions (mm/po): 11.1 (7/16),سمك الجدار T (مم): 1.0؛ L الحجم (مم/بوصة): 31.2 (1.23); ب الحجم (مم/بوصة): 19.1 (0.75)؛ F الحجم (مم / بوصة): 11.1 (7/16),47,2026-09-09 14:39:27.766
417,,5,BN7-OR-113,O 形圈,材质: 316 不锈钢 / 合金 / 黄铜 / 双相钢,,O-ring,Oリング,O 링,O-Ring,حلقة O,Material: 316 Stainless steel / Alloy / Brass / Duplex steel,材質: 316 ステンレス鋼 / 合金 / 真鍮 / デュプレックス鋼,재질: 316 스테인레스 스틸 / 합금 / 황동 / 듀플렉스 스틸,Matériel: 316 acier inoxydable/alliage/laiton/acier duplex,المواد: 316 الفولاذ المقاوم للصدأ / سبيكة / نحاس / فولاذ مزدوج,2,2026-09-09 14:39:27.793
418,,5,BN7-OR-116,O 形圈,材质: 316 不锈钢 / 合金 / 黄铜 / 双相钢,,O-ring,Oリング,O 링,O-Ring,حلقة O,Material: 316 Stainless steel / Alloy / Brass / Duplex steel,材質: 316 ステンレス鋼 / 合金 / 真鍮 / デュプレックス鋼,재질: 316 스테인레스 스틸 / 합금 / 황동 / 듀플렉스 스틸,Matériel: 316 acier inoxydable/alliage/laiton/acier duplex,المواد: 316 الفولاذ المقاوم للصدأ / سبيكة / نحاس / فولاذ مزدوج,3,2026-09-09 14:39:27.796
419,,5,BN7-OR-118,O 形圈,材质: 316 不锈钢 / 合金 / 黄铜 / 双相钢,,O-ring,Oリング,O 링,O-Ring,حلقة O,Material: 316 Stainless steel / Alloy / Brass / Duplex steel,材質: 316 ステンレス鋼 / 合金 / 真鍮 / デュプレックス鋼,재질: 316 스테인레스 스틸 / 합금 / 황동 / 듀플렉스 스틸,Matériel: 316 acier inoxydable/alliage/laiton/acier duplex,المواد: 316 الفولاذ المقاوم للصدأ / سبيكة / نحاس / فولاذ مزدوج,4,2026-09-09 14:39:27.799
420,,5,VI9-OR-902,O 形圈,材质: 316 不锈钢 / 合金 / 黄铜 / 双相钢,,O-ring,Oリング,O 링,O-Ring,حلقة O,Material: 316 Stainless steel / Alloy / Brass / Duplex steel,材質: 316 ステンレス鋼 / 合金 / 真鍮 / デュプレックス鋼,재질: 316 스테인레스 스틸 / 합금 / 황동 / 듀플렉스 스틸,Matériel: 316 acier inoxydable/alliage/laiton/acier duplex,المواد: 316 الفولاذ المقاوم للصدأ / سبيكة / نحاس / فولاذ مزدوج,5,2026-09-09 14:39:27.804
421,,5,VI9-OR-903,O 形圈,材质: 316 不锈钢 / 合金 / 黄铜 / 双相钢,,O-ring,Oリング,O 링,O-Ring,حلقة O,Material: 316 Stainless steel / Alloy / Brass / Duplex steel,材質: 316 ステンレス鋼 / 合金 / 真鍮 / デュプレックス鋼,재질: 316 스테인레스 스틸 / 합금 / 황동 / 듀플렉스 스틸,Matériel: 316 acier inoxydable/alliage/laiton/acier duplex,المواد: 316 الفولاذ المقاوم للصدأ / سبيكة / نحاس / فولاذ مزدوج,6,2026-09-09 14:39:27.807
422,,5,VI9-OR-904,O 形圈,材质: 316 不锈钢 / 合金 / 黄铜 / 双相钢,,O-ring,Oリング,O 링,O-Ring,حلقة O,Material: 316 Stainless steel / Alloy / Brass / Duplex steel,材質: 316 ステンレス鋼 / 合金 / 真鍮 / デュプレックス鋼,재질: 316 스테인레스 스틸 / 합금 / 황동 / 듀플렉스 스틸,Matériel: 316 acier inoxydable/alliage/laiton/acier duplex,المواد: 316 الفولاذ المقاوم للصدأ / سبيكة / نحاس / فولاذ مزدوج,7,2026-09-09 14:39:27.81
423,,5,VI9-OR-905,O 形圈,材质: 316 不锈钢 / 合金 / 黄铜 / 双相钢,,O-ring,Oリング,O 링,O-Ring,حلقة O,Material: 316 Stainless steel / Alloy / Brass / Duplex steel,材質: 316 ステンレス鋼 / 合金 / 真鍮 / デュプレックス鋼,재질: 316 스테인레스 스틸 / 합금 / 황동 / 듀플렉스 스틸,Matériel: 316 acier inoxydable/alliage/laiton/acier duplex,المواد: 316 الفولاذ المقاوم للصدأ / سبيكة / نحاس / فولاذ مزدوج,8,2026-09-09 14:39:27.813
424,,5,VI9-OR-906,O 形圈,材质: 316 不锈钢 / 合金 / 黄铜 / 双相钢,,O-ring,Oリング,O 링,O-Ring,حلقة O,Material: 316 Stainless steel / Alloy / Brass / Duplex steel,材質: 316 ステンレス鋼 / 合金 / 真鍮 / デュプレックス鋼,재질: 316 스테인레스 스틸 / 합금 / 황동 / 듀플렉스 스틸,Matériel: 316 acier inoxydable/alliage/laiton/acier duplex,المواد: 316 الفولاذ المقاوم للصدأ / سبيكة / نحاس / فولاذ مزدوج,9,2026-09-09 14:39:27.816
425,,5,VI9-OR-908,O 形圈,材质: 316 不锈钢 / 合金 / 黄铜 / 双相钢,,O-ring,Oリング,O 링,O-Ring,حلقة O,Material: 316 Stainless steel / Alloy / Brass / Duplex steel,材質: 316 ステンレス鋼 / 合金 / 真鍮 / デュプレックス鋼,재질: 316 스테인레스 스틸 / 합금 / 황동 / 듀플렉스 스틸,Matériel: 316 acier inoxydable/alliage/laiton/acier duplex,المواد: 316 الفولاذ المقاوم للصدأ / سبيكة / نحاس / فولاذ مزدوج,10,2026-09-09 14:39:27.819
426,,5,VI9-OR-910,O 形圈,材质: 316 不锈钢 / 合金 / 黄铜 / 双相钢,,O-ring,Oリング,O 링,O-Ring,حلقة O,Material: 316 Stainless steel / Alloy / Brass / Duplex steel,材質: 316 ステンレス鋼 / 合金 / 真鍮 / デュプレックス鋼,재질: 316 스테인레스 스틸 / 합금 / 황동 / 듀플렉스 스틸,Matériel: 316 acier inoxydable/alliage/laiton/acier duplex,المواد: 316 الفولاذ المقاوم للصدأ / سبيكة / نحاس / فولاذ مزدوج,11,2026-09-09 14:39:27.823
427,,5,VI9-OR-912,O 形圈,材质: 316 不锈钢 / 合金 / 黄铜 / 双相钢,,O-ring,Oリング,O 링,O-Ring,حلقة O,Material: 316 Stainless steel / Alloy / Brass / Duplex steel,材質: 316 ステンレス鋼 / 合金 / 真鍮 / デュプレックス鋼,재질: 316 스테인레스 스틸 / 합금 / 황동 / 듀플렉스 스틸,Matériel: 316 acier inoxydable/alliage/laiton/acier duplex,المواد: 316 الفولاذ المقاوم للصدأ / سبيكة / نحاس / فولاذ مزدوج,12,2026-09-09 14:39:27.826
428,,5,VI9-OR-914,O 形圈,材质: 316 不锈钢 / 合金 / 黄铜 / 双相钢,,O-ring,Oリング,O 링,O-Ring,حلقة O,Material: 316 Stainless steel / Alloy / Brass / Duplex steel,材質: 316 ステンレス鋼 / 合金 / 真鍮 / デュプレックス鋼,재질: 316 스테인레스 스틸 / 합금 / 황동 / 듀플렉스 스틸,Matériel: 316 acier inoxydable/alliage/laiton/acier duplex,المواد: 316 الفولاذ المقاوم للصدأ / سبيكة / نحاس / فولاذ مزدوج,13,2026-09-09 14:39:27.831
429,,5,VI9-OR-916,O 形圈,材质: 316 不锈钢 / 合金 / 黄铜 / 双相钢,,O-ring,Oリング,O 링,O-Ring,حلقة O,Material: 316 Stainless steel / Alloy / Brass / Duplex steel,材質: 316 ステンレス鋼 / 合金 / 真鍮 / デュプレックス鋼,재질: 316 스테인레스 스틸 / 합금 / 황동 / 듀플렉스 스틸,Matériel: 316 acier inoxydable/alliage/laiton/acier duplex,المواد: 316 الفولاذ المقاوم للصدأ / سبيكة / نحاس / فولاذ مزدوج,14,2026-09-09 14:39:27.834
430,,5,VI9-OR-920,O 形圈,材质: 316 不锈钢 / 合金 / 黄铜 / 双相钢,,O-ring,Oリング,O 링,O-Ring,حلقة O,Material: 316 Stainless steel / Alloy / Brass / Duplex steel,材質: 316 ステンレス鋼 / 合金 / 真鍮 / デュプレックス鋼,재질: 316 스테인레스 스틸 / 합금 / 황동 / 듀플렉스 스틸,Matériel: 316 acier inoxydable/alliage/laiton/acier duplex,المواد: 316 الفولاذ المقاوم للصدأ / سبيكة / نحاس / فولاذ مزدوج,15,2026-09-09 14:39:27.837
431,,5,VI9-OR-924,O 形圈,材质: 316 不锈钢 / 合金 / 黄铜 / 双相钢,,O-ring,Oリング,O 링,O-Ring,حلقة O,Material: 316 Stainless steel / Alloy / Brass / Duplex steel,材質: 316 ステンレス鋼 / 合金 / 真鍮 / デュプレックス鋼,재질: 316 스테인레스 스틸 / 합금 / 황동 / 듀플렉스 스틸,Matériel: 316 acier inoxydable/alliage/laiton/acier duplex,المواد: 316 الفولاذ المقاوم للصدأ / سبيكة / نحاس / فولاذ مزدوج,16,2026-09-09 14:39:27.84
676,,5,316-KT-F15M,卡套三通,尺寸， mm（ in. ） L: 38.8(1.53); C: 24.4(0.96); G: 25.0(0.98); F: 25.4(1.00),,Card sleeve tee,フェルールティー,카드 슬리브 티,Tee de manchon de carte,حامل البطاقة تي,"dimensions , mm( in. ) L: 38.8(1.53); C: 24.4(0.96); G: 25.0(0.98); Q: 25.4(1.00)","サイズ, mm( in. ) L: 38.8(1.53 );C：24.4（0.96 ）；G：25.0（0.98 ）；F：25.4（1.00）","크기 , mm( in. ) L: 38.8(1.53); C: 24.4(0.96); G: 25.0(0.98); F: 25.4(1.00)","Dimensions , mm (in.) L: 38.8 (1.53); C: 24.4 (0.96); G: 25.0 (0.98); F: 25.4 (1.00)",الحجم ، مم ( في ) ل: 38.8(1.53); ج: 24.4(0.96); ز: 25.0(0.98)؛ و: 25.4(1.00),261,2026-09-09 14:39:28.579
678,,5,316-KT-F16M,卡套三通,尺寸， mm（ in. ） L: 38.8(1.53); C: 24.4(0.96); G: 25.0(0.98); F: 25.4(1.00),,Card sleeve tee,フェルールティー,카드 슬리브 티,Tee de manchon de carte,حامل البطاقة تي,"dimensions , mm( in. ) L: 38.8(1.53); C: 24.4(0.96); G: 25.0(0.98); Q: 25.4(1.00)","サイズ, mm( in. ) L: 38.8(1.53 );C：24.4（0.96 ）；G：25.0（0.98 ）；F：25.4（1.00）","크기 , mm( in. ) L: 38.8(1.53); C: 24.4(0.96); G: 25.0(0.98); F: 25.4(1.00)","Dimensions , mm (in.) L: 38.8 (1.53); C: 24.4 (0.96); G: 25.0 (0.98); F: 25.4 (1.00)",الحجم ، مم ( في ) ل: 38.8(1.53); ج: 24.4(0.96); ز: 25.0(0.98)؛ و: 25.4(1.00),263,2026-09-09 14:39:28.585
684,,5,316-KT-F22M,卡套三通,尺寸， mm（ in. ） L: 44.6(1.76); C: 26.0(1.02); G: 32.0(1.26); F: 34.9(1.37),,Card sleeve tee,フェルールティー,카드 슬리브 티,Tee de manchon de carte,حامل البطاقة تي,"dimensions , mm( in. ) L: 44.6(1.76); C: 26.0(1.02); G: 32.0(1.26); Q: 34.9(1.37)","サイズ, mm( in. ) L: 44.6(1.76 );C：26.0（1.02 ）；G：32.0（1.26 ）；F：34.9（1.37）","크기 , mm( in. ) L: 44.6(1.76); C: 26.0(1.02); G: 32.0(1.26); F: 34.9(1.37)","Dimensions , mm (in.) L: 44.6 (1.76); C: 26.0 (1.02); G: 32.0 (1.26); F: 34.9 (1.37)",الحجم ، مم ( في ) ل: 44.6(1.76); ج: 26.0(1.02); ز: 32.0(1.26)؛ و: 34.9(1.37),269,2026-09-09 14:39:28.602
693,,5,316-KT-F3M,卡套三通,尺寸， mm（ in. ） L: 22.3(0.88); C: 12.9(0.51); G: 12.0(0.47); F: 9.5(0.37),,Card sleeve tee,フェルールティー,카드 슬리브 티,Tee de manchon de carte,حامل البطاقة تي,"dimensions , mm( in. ) L: 22.3(0.88); C: 12.9(0.51); G: 12.0(0.47); Q: 9.5(0.37)","サイズ, mm( in. ) L: 22.3(0.88 );C：12.9（0.51 ）；G：12.0（0.47 ）；F：9.5（0.37）","크기 , mm( in. ) L: 22.3(0.88); C: 12.9(0.51); G: 12.0(0.47); F: 9.5(0.37)","Dimensions , mm (in.) L: 22.3 (0.88); C: 12.9 (0.51); G: 12.0 (0.47); F: 9.5 (0.37)",الحجم ، مم ( في ) ل: 22.3(0.88); ج: 12.9(0.51); ز: 12.0(0.47)؛ و: 9.5(0.37),278,2026-09-09 14:39:28.628
709,,5,316-KE-F12-FN8,卡套内螺纹弯头,P-NPT 尺寸: 1/2; L 尺寸 (mm/in): 1.57(39.9); B: 0.78(19.8); C: 0.96(24.4),,sleeve internal thread elbow,スリーブの雌ねじエルボ,슬리브 암나사 엘보,Coudé de filetage interne du manchon de carte,الكوع الخيط الأنثوي,P-NPT size: 1/2; L size (mm/in): 1.57(39.9); B: 0.78(19.8); C: 0.96(24.4),P-NPT サイズ: 1/2;L サイズ (mm/in): 1.57(39.9 );B：0.78（19.8 ）；C：0.96（24.4）,P-NPT 크기: 1/2; L 크기(mm/in): 1.57(39.9); B: 0.78(19.8); C: 0.96(24.4),Taille P-NPT: 1/2; L Taille (mm/pouce): 1.57 (39.9); B: 0.78 (19.8); C: 0.96 (24.4),أبعاد P-NPT: 1/2; L الحجم (مم/بوصة): 1.57(39.9); ب: 0.78(19.8); ج: 0.96(24.4),294,2026-09-09 14:39:28.674
758,,5,316-KU-F12-FN8,卡套内螺纹接头,P-NPT 尺寸: 1/2; L 尺寸 (mm/in): 1.84（46.7）; B: 0.78（19.8）; C: 0.96（24.4）,,Cartridge sleeve internal thread connector,スリーブ雌ねじ継手,슬리브 암나사 조인트,Joint fileté femelle de manchon,غلاف الخيط الأنثوي موصل,P-NPT size: 1/2; L size (mm/in): 1.84 (46.7); B: 0.78 (19.8); C: 0.96 (24.4),P-NPT サイズ: 1/2;L サイズ (mm/in): 1.84(46.7);B: 0.78 (19.8 );C：0.96（24.4）,P-NPT 크기: 1/2; L 크기(mm/in): 1.84(46.7); B: 0.78(19.8); C: 0.96(24.4),Taille P-NPT: 1/2; L Dimensions (mm/pouce): 1.84 (46.7); B: 0.78 (19.8); C: 0.96 (24.4),أبعاد P-NPT: 1/2; L الحجم (مم / بوصة): 1.84 (46.7); ب: 0.78(19.8)؛ ج: 0.96 (24.4),343,2026-09-09 14:39:28.821
784,,5,316-KU-F16M-FMS20,卡套内螺纹接头,P-公制 螺纹尺寸: M20 x 1.5; L 尺寸 (mm/in): 44.9（1.77）; B: 16.0（0.63）; C: 24.4（0.96）,,Cartridge sleeve internal thread connector,スリーブ雌ねじ継手,슬리브 암나사 조인트,Joint fileté femelle de manchon,غلاف الخيط الأنثوي موصل,P-metric thread size: M20 x 1.5; L size (mm/in): 44.9 (1.77); B: 16.0 (0.63); C: 24.4 (0.96),P-メートル ねじサイズ: M20 x 1.5;L サイズ (mm/in): 44.9(1.77);B: 16.0 (0.63 );C：24.4（0.96）,P-미터법 스레드 크기: M20 x 1.5; L 크기(mm/in): 44.9(1.77); B: 16.0(0.63); C: 24.4(0.96),Taille du filetage métrique P: M20 x 1.5; L Dimensions (mm/pouce): 44.9 (1.77); B: 16.0 (0.63); C: 24.4 (0.96),حجم الخيط P-Metric: M20 x 1.5; L الحجم (مم / بوصة): 44.9 (1.77); ب: 16.0(0.63)؛ ج: 24.4 (0.96),369,2026-09-09 14:39:28.902
804,,5,316-KU-F22M-FN12,卡套内螺纹接头,P-NPT 尺寸: 3/4; L 尺寸 (mm/in): 49.7（1.96）; B: 20.6（0.81）; C: 26.0（1.02）,,Cartridge sleeve internal thread connector,スリーブ雌ねじ継手,슬리브 암나사 조인트,Joint fileté femelle de manchon,غلاف الخيط الأنثوي موصل,P-NPT size: 3/4; L size (mm/in): 49.7 (1.96); B: 20.6 (0.81); C: 26.0 (1.02),P-NPT サイズ: 3/4;L サイズ (mm/in): 49.7(1.96);B: 20.6 (0.81 );C：26.0（1.02）,P-NPT 크기: 3/4; L 크기(mm/in): 49.7(1.96); B: 20.6(0.81); C: 26.0(1.02),Taille P-NPT: 3/4; L Dimensions (mm/pouce): 49.7 (1.96); B: 20.6 (0.81); C: 26.0 (1.02),أبعاد P-NPT: 3/4; L الحجم (مم / بوصة): 49.7 (1.96); ب: 20.6(0.81)؛ ج: 26.0 (1.02),389,2026-09-09 14:39:28.961
806,,5,316-KU-F22M-FRG8,卡套内螺纹接头,P-RG 尺寸: 1/2; L 尺寸 (mm/in): 54.3（2.14）; B: 18.8（0.74）; C: 26.0（1.06）,,Cartridge sleeve internal thread connector,スリーブ雌ねじ継手,슬리브 암나사 조인트,Joint fileté femelle de manchon,غلاف الخيط الأنثوي موصل,P-RG size: 1/2; L size (mm/in): 54.3 (2.14); B: 18.8 (0.74); C: 26.0 (1.06),P-RG サイズ: 1/2;L サイズ (mm/in): 54.3(2.14);B: 18.8 (0.74 );C：26.0（1.06）,P-RG 크기: 1/2; L 크기(mm/in): 54.3(2.14); B: 18.8(0.74); C: 26.0(1.06),Taille P-RG: 1/2; L Taille (mm/pouce): 54.3 (2.14); B: 18.8 (0.74); C: 26.0 (1.06),حجم P-RG: 1/2; L الحجم (مم / بوصة): 54.3 (2.14); ب: 18.8(0.74)؛ ج: 26.0 (1.06),391,2026-09-09 14:39:28.966
959,,5,316-KU-F15M,卡套内螺纹穿板接头,尺寸， mm（ in. ） L: 52.0(2.05); C: 24.4(0.96); G: 25.0(0.98); F: 24.0(0.94),,Cartridge sleeve internal thread through plate connector,スリーブ雌ねじ貫通板ジョイント,슬리브 암나사 플레이트 조인트,Joint de plaque filetée interne du manchon,غلاف البطاقة الداخلية الخيط من خلال لوحة المفصل,"dimensions , mm( in. ) L: 52.0(2.05); C: 24.4(0.96); G: 25.0(0.98); Q: 24.0(0.94)","サイズ, mm( in. ) L: 52.0(2.05 );C：24.4（0.96 ）；G：25.0（0.98 ）；F：24.0（0.94）","크기 , mm( in. ) L: 52.0(2.05); C: 24.4(0.96); G: 25.0(0.98); F: 24.0(0.94)","Dimensions , mm (in.) L: 52.0 (2.05); C: 24.4 (0.96); G: 25.0 (0.98); F: 24.0 (0.94)",الحجم ، مم ( في ) ل: 52.0(2.05); ج: 24.4(0.96); ز: 25.0(0.98)؛ و: 24.0(0.94),544,2026-09-09 14:39:29.427
961,,5,316-KU-F16M,卡套内螺纹穿板接头,尺寸， mm（ in. ） L: 52.0(2.05); C: 24.4(0.96); G: 25.0(0.98); F: 24.0(0.94),,Cartridge sleeve internal thread through plate connector,スリーブ雌ねじ貫通板ジョイント,슬리브 암나사 플레이트 조인트,Joint de plaque filetée interne du manchon,غلاف البطاقة الداخلية الخيط من خلال لوحة المفصل,"dimensions , mm( in. ) L: 52.0(2.05); C: 24.4(0.96); G: 25.0(0.98); Q: 24.0(0.94)","サイズ, mm( in. ) L: 52.0(2.05 );C：24.4（0.96 ）；G：25.0（0.98 ）；F：24.0（0.94）","크기 , mm( in. ) L: 52.0(2.05); C: 24.4(0.96); G: 25.0(0.98); F: 24.0(0.94)","Dimensions , mm (in.) L: 52.0 (2.05); C: 24.4 (0.96); G: 25.0 (0.98); F: 24.0 (0.94)",الحجم ، مم ( في ) ل: 52.0(2.05); ج: 24.4(0.96); ز: 25.0(0.98)؛ و: 24.0(0.94),546,2026-09-09 14:39:29.433
967,,5,316-KU-F22M,卡套内螺纹穿板接头,尺寸， mm（ in. ） L: 55.0(2.17); C: 26.0(1.02); G: 32.0(1.26); F: 30.0(1.18),,Cartridge sleeve internal thread through plate connector,スリーブ雌ねじ貫通板ジョイント,슬리브 암나사 플레이트 조인트,Joint de plaque filetée interne du manchon,غلاف البطاقة الداخلية الخيط من خلال لوحة المفصل,"dimensions , mm( in. ) L: 55.0(2.17); C: 26.0(1.02); G: 32.0(1.26); Q: 30.0(1.18)","サイズ, mm( in. ) L: 55.0(2.17 );C：26.0（1.02 ）；G：32.0（1.26 ）；F：30.0（1.18）","크기 , mm( in. ) L: 55.0(2.17); C: 26.0(1.02); G: 32.0(1.26); F: 30.0(1.18)","Dimensions , mm (in.) L: 55.0 (2.17); C: 26.0 (1.02); G: 32.0 (1.26); F: 30.0 (1.18)",الحجم ، مم ( في ) ل: 55.0(2.17); ج: 26.0(1.02); ز: 32.0(1.26)؛ و: 30.0(1.18),552,2026-09-09 14:39:29.45
613,,5,316-KU-F22M-TF18M,卡套-卡套管,Tx-Tube 管外径 （ mm ）: 18; L 尺寸 (mm/in): 57.9（2.28）; C: 26.0(1.02); G: 32.0(1.26),,cartridge sleeve-cartridge sleeve tube,スリーブ - スリーブ,카드 슬리브-카드 슬리브,Manchon-tube de manchon,كم البطاقة - كم البطاقة,Tx-Tube outer diameter (mm): 18; L size (mm/in): 57.9 (2.28); C: 26.0(1.02); G: 32.0(1.26),Tx-Tube 管外径 (mm): 18;L サイズ (mm/in): 57.9(2.28 );C：26.0（1.02 ）；G：32.0（1.26）,Tx-Tube 튜브 외경(mm): 18; L 크기(mm/in): 57.9(2.28); C: 26.0(1.02); G: 32.0(1.26),Diamètre extérieur du Tube Tx-Tube (mm): 18; L Taille (mm/pouce): 57.9 (2.28); C: 26.0 (1.02); G: 32.0 (1.26),القطر الخارجي لأنبوب Tx (مم): 18؛ L الحجم (مم / بوصة): 57.9 (2.28); ج: 26.0(1.02); ز: 32.0(1.26),198,2026-09-09 14:39:28.391
624,,5,316-KU-F3M-TF2,卡套-卡套管,Tx-Tube 管外径 （in.）: 1/8; L 尺寸 (mm/in): 33.5(1.32); C: 12.9(0.51); G: 12.0(0.47),,cartridge sleeve-cartridge sleeve tube,スリーブ - スリーブ,카드 슬리브-카드 슬리브,Manchon-tube de manchon,كم البطاقة - كم البطاقة,Tx-Tube Outer Diameter (in.): 1/8; L size (mm/in): 33.5(1.32); C: 12.9(0.51); G: 12.0(0.47),Tx-Tube 管の外径 (in.): 1/8;L サイズ (mm/in): 33.5(1.32 );C：12.9（0.51 ）；G：12.0（0.47）,Tx-Tube 튜브 외경(in.): 1/8; L 크기(mm/in): 33.5(1.32); C: 12.9(0.51); G: 12.0(0.47),Diamètre extérieur du Tube Tx-Tube (en pouces): 1/8; L Taille (mm/pouce): 33.5 (1.32); C: 12.9 (0.51); G: 12.0 (0.47),القطر الخارجي لأنبوب Tx (بوصة): 1/8; L الحجم (مم/بوصة): 33.5(1.32); ج: 12.9(0.51); ز: 12.0(0.47),209,2026-09-09 14:39:28.423
1106,,5,316-KP-F10,卡套堵头,材质: 316 不锈钢 / 合金 / 黄铜 / 双相钢,,card sleeve plug,フェルールプラグ,카드 커버 플러그,Bouchon de manchon,سدادة غلاف البطاقة,Material: 316 Stainless steel / Alloy / Brass / Duplex steel,材質: 316 ステンレス鋼 / 合金 / 真鍮 / デュプレックス鋼,재질: 316 스테인레스 스틸 / 합금 / 황동 / 듀플렉스 스틸,Matériel: 316 acier inoxydable/alliage/laiton/acier duplex,المواد: 316 الفولاذ المقاوم للصدأ / سبيكة / نحاس / فولاذ مزدوج,691,2026-09-09 14:39:29.865
1107,,5,316-KP-F10M,卡套堵头,材质: 316 不锈钢 / 合金 / 黄铜 / 双相钢,,card sleeve plug,フェルールプラグ,카드 커버 플러그,Bouchon de manchon,سدادة غلاف البطاقة,Material: 316 Stainless steel / Alloy / Brass / Duplex steel,材質: 316 ステンレス鋼 / 合金 / 真鍮 / デュプレックス鋼,재질: 316 스테인레스 스틸 / 합금 / 황동 / 듀플렉스 스틸,Matériel: 316 acier inoxydable/alliage/laiton/acier duplex,المواد: 316 الفولاذ المقاوم للصدأ / سبيكة / نحاس / فولاذ مزدوج,692,2026-09-09 14:39:29.868
1108,,5,316-KP-F12,卡套堵头,材质: 316 不锈钢 / 合金 / 黄铜 / 双相钢,,card sleeve plug,フェルールプラグ,카드 커버 플러그,Bouchon de manchon,سدادة غلاف البطاقة,Material: 316 Stainless steel / Alloy / Brass / Duplex steel,材質: 316 ステンレス鋼 / 合金 / 真鍮 / デュプレックス鋼,재질: 316 스테인레스 스틸 / 합금 / 황동 / 듀플렉스 스틸,Matériel: 316 acier inoxydable/alliage/laiton/acier duplex,المواد: 316 الفولاذ المقاوم للصدأ / سبيكة / نحاس / فولاذ مزدوج,693,2026-09-09 14:39:29.871
1109,,5,316-KP-F12M,卡套堵头,材质: 316 不锈钢 / 合金 / 黄铜 / 双相钢,,card sleeve plug,フェルールプラグ,카드 커버 플러그,Bouchon de manchon,سدادة غلاف البطاقة,Material: 316 Stainless steel / Alloy / Brass / Duplex steel,材質: 316 ステンレス鋼 / 合金 / 真鍮 / デュプレックス鋼,재질: 316 스테인레스 스틸 / 합금 / 황동 / 듀플렉스 스틸,Matériel: 316 acier inoxydable/alliage/laiton/acier duplex,المواد: 316 الفولاذ المقاوم للصدأ / سبيكة / نحاس / فولاذ مزدوج,694,2026-09-09 14:39:29.874
1110,,5,316-KP-F14,卡套堵头,材质: 316 不锈钢 / 合金 / 黄铜 / 双相钢,,card sleeve plug,フェルールプラグ,카드 커버 플러그,Bouchon de manchon,سدادة غلاف البطاقة,Material: 316 Stainless steel / Alloy / Brass / Duplex steel,材質: 316 ステンレス鋼 / 合金 / 真鍮 / デュプレックス鋼,재질: 316 스테인레스 스틸 / 합금 / 황동 / 듀플렉스 스틸,Matériel: 316 acier inoxydable/alliage/laiton/acier duplex,المواد: 316 الفولاذ المقاوم للصدأ / سبيكة / نحاس / فولاذ مزدوج,695,2026-09-09 14:39:29.877
1111,,5,316-KP-F14M,卡套堵头,材质: 316 不锈钢 / 合金 / 黄铜 / 双相钢,,card sleeve plug,フェルールプラグ,카드 커버 플러그,Bouchon de manchon,سدادة غلاف البطاقة,Material: 316 Stainless steel / Alloy / Brass / Duplex steel,材質: 316 ステンレス鋼 / 合金 / 真鍮 / デュプレックス鋼,재질: 316 스테인레스 스틸 / 합금 / 황동 / 듀플렉스 스틸,Matériel: 316 acier inoxydable/alliage/laiton/acier duplex,المواد: 316 الفولاذ المقاوم للصدأ / سبيكة / نحاس / فولاذ مزدوج,696,2026-09-09 14:39:29.88
1112,,5,316-KP-F15M,卡套堵头,材质: 316 不锈钢 / 合金 / 黄铜 / 双相钢,,card sleeve plug,フェルールプラグ,카드 커버 플러그,Bouchon de manchon,سدادة غلاف البطاقة,Material: 316 Stainless steel / Alloy / Brass / Duplex steel,材質: 316 ステンレス鋼 / 合金 / 真鍮 / デュプレックス鋼,재질: 316 스테인레스 스틸 / 합금 / 황동 / 듀플렉스 스틸,Matériel: 316 acier inoxydable/alliage/laiton/acier duplex,المواد: 316 الفولاذ المقاوم للصدأ / سبيكة / نحاس / فولاذ مزدوج,697,2026-09-09 14:39:29.883
1113,,5,316-KP-F16,卡套堵头,材质: 316 不锈钢 / 合金 / 黄铜 / 双相钢,,card sleeve plug,フェルールプラグ,카드 커버 플러그,Bouchon de manchon,سدادة غلاف البطاقة,Material: 316 Stainless steel / Alloy / Brass / Duplex steel,材質: 316 ステンレス鋼 / 合金 / 真鍮 / デュプレックス鋼,재질: 316 스테인레스 스틸 / 합금 / 황동 / 듀플렉스 스틸,Matériel: 316 acier inoxydable/alliage/laiton/acier duplex,المواد: 316 الفولاذ المقاوم للصدأ / سبيكة / نحاس / فولاذ مزدوج,698,2026-09-09 14:39:29.886
1114,,5,316-KP-F16M,卡套堵头,材质: 316 不锈钢 / 合金 / 黄铜 / 双相钢,,card sleeve plug,フェルールプラグ,카드 커버 플러그,Bouchon de manchon,سدادة غلاف البطاقة,Material: 316 Stainless steel / Alloy / Brass / Duplex steel,材質: 316 ステンレス鋼 / 合金 / 真鍮 / デュプレックス鋼,재질: 316 스테인레스 스틸 / 합금 / 황동 / 듀플렉스 스틸,Matériel: 316 acier inoxydable/alliage/laiton/acier duplex,المواد: 316 الفولاذ المقاوم للصدأ / سبيكة / نحاس / فولاذ مزدوج,699,2026-09-09 14:39:29.889
1115,,5,316-KP-F18M,卡套堵头,材质: 316 不锈钢 / 合金 / 黄铜 / 双相钢,,card sleeve plug,フェルールプラグ,카드 커버 플러그,Bouchon de manchon,سدادة غلاف البطاقة,Material: 316 Stainless steel / Alloy / Brass / Duplex steel,材質: 316 ステンレス鋼 / 合金 / 真鍮 / デュプレックス鋼,재질: 316 스테인레스 스틸 / 합금 / 황동 / 듀플렉스 스틸,Matériel: 316 acier inoxydable/alliage/laiton/acier duplex,المواد: 316 الفولاذ المقاوم للصدأ / سبيكة / نحاس / فولاذ مزدوج,700,2026-09-09 14:39:29.892
1116,,5,316-KP-F2,卡套堵头,材质: 316 不锈钢 / 合金 / 黄铜 / 双相钢,,card sleeve plug,フェルールプラグ,카드 커버 플러그,Bouchon de manchon,سدادة غلاف البطاقة,Material: 316 Stainless steel / Alloy / Brass / Duplex steel,材質: 316 ステンレス鋼 / 合金 / 真鍮 / デュプレックス鋼,재질: 316 스테인레스 스틸 / 합금 / 황동 / 듀플렉스 스틸,Matériel: 316 acier inoxydable/alliage/laiton/acier duplex,المواد: 316 الفولاذ المقاوم للصدأ / سبيكة / نحاس / فولاذ مزدوج,701,2026-09-09 14:39:29.895
1117,,5,316-KP-F20,卡套堵头,材质: 316 不锈钢 / 合金 / 黄铜 / 双相钢,,card sleeve plug,フェルールプラグ,카드 커버 플러그,Bouchon de manchon,سدادة غلاف البطاقة,Material: 316 Stainless steel / Alloy / Brass / Duplex steel,材質: 316 ステンレス鋼 / 合金 / 真鍮 / デュプレックス鋼,재질: 316 스테인레스 스틸 / 합금 / 황동 / 듀플렉스 스틸,Matériel: 316 acier inoxydable/alliage/laiton/acier duplex,المواد: 316 الفولاذ المقاوم للصدأ / سبيكة / نحاس / فولاذ مزدوج,702,2026-09-09 14:39:29.898
1118,,5,316-KP-F20M,卡套堵头,材质: 316 不锈钢 / 合金 / 黄铜 / 双相钢,,card sleeve plug,フェルールプラグ,카드 커버 플러그,Bouchon de manchon,سدادة غلاف البطاقة,Material: 316 Stainless steel / Alloy / Brass / Duplex steel,材質: 316 ステンレス鋼 / 合金 / 真鍮 / デュプレックス鋼,재질: 316 스테인레스 스틸 / 합금 / 황동 / 듀플렉스 스틸,Matériel: 316 acier inoxydable/alliage/laiton/acier duplex,المواد: 316 الفولاذ المقاوم للصدأ / سبيكة / نحاس / فولاذ مزدوج,703,2026-09-09 14:39:29.901
1119,,5,316-KP-F22M,卡套堵头,材质: 316 不锈钢 / 合金 / 黄铜 / 双相钢,,card sleeve plug,フェルールプラグ,카드 커버 플러그,Bouchon de manchon,سدادة غلاف البطاقة,Material: 316 Stainless steel / Alloy / Brass / Duplex steel,材質: 316 ステンレス鋼 / 合金 / 真鍮 / デュプレックス鋼,재질: 316 스테인레스 스틸 / 합금 / 황동 / 듀플렉스 스틸,Matériel: 316 acier inoxydable/alliage/laiton/acier duplex,المواد: 316 الفولاذ المقاوم للصدأ / سبيكة / نحاس / فولاذ مزدوج,704,2026-09-09 14:39:29.904
1120,,5,316-KP-F24,卡套堵头,材质: 316 不锈钢 / 合金 / 黄铜 / 双相钢,,card sleeve plug,フェルールプラグ,카드 커버 플러그,Bouchon de manchon,سدادة غلاف البطاقة,Material: 316 Stainless steel / Alloy / Brass / Duplex steel,材質: 316 ステンレス鋼 / 合金 / 真鍮 / デュプレックス鋼,재질: 316 스테인레스 스틸 / 합금 / 황동 / 듀플렉스 스틸,Matériel: 316 acier inoxydable/alliage/laiton/acier duplex,المواد: 316 الفولاذ المقاوم للصدأ / سبيكة / نحاس / فولاذ مزدوج,705,2026-09-09 14:39:29.906
1121,,5,316-KP-F25M,卡套堵头,材质: 316 不锈钢 / 合金 / 黄铜 / 双相钢,,card sleeve plug,フェルールプラグ,카드 커버 플러그,Bouchon de manchon,سدادة غلاف البطاقة,Material: 316 Stainless steel / Alloy / Brass / Duplex steel,材質: 316 ステンレス鋼 / 合金 / 真鍮 / デュプレックス鋼,재질: 316 스테인레스 스틸 / 합금 / 황동 / 듀플렉스 스틸,Matériel: 316 acier inoxydable/alliage/laiton/acier duplex,المواد: 316 الفولاذ المقاوم للصدأ / سبيكة / نحاس / فولاذ مزدوج,706,2026-09-09 14:39:29.909
1122,,5,316-KP-F28M,卡套堵头,材质: 316 不锈钢 / 合金 / 黄铜 / 双相钢,,card sleeve plug,フェルールプラグ,카드 커버 플러그,Bouchon de manchon,سدادة غلاف البطاقة,Material: 316 Stainless steel / Alloy / Brass / Duplex steel,材質: 316 ステンレス鋼 / 合金 / 真鍮 / デュプレックス鋼,재질: 316 스테인레스 스틸 / 합금 / 황동 / 듀플렉스 스틸,Matériel: 316 acier inoxydable/alliage/laiton/acier duplex,المواد: 316 الفولاذ المقاوم للصدأ / سبيكة / نحاس / فولاذ مزدوج,707,2026-09-09 14:39:29.913
1123,,5,316-KP-F2M,卡套堵头,材质: 316 不锈钢 / 合金 / 黄铜 / 双相钢,,card sleeve plug,フェルールプラグ,카드 커버 플러그,Bouchon de manchon,سدادة غلاف البطاقة,Material: 316 Stainless steel / Alloy / Brass / Duplex steel,材質: 316 ステンレス鋼 / 合金 / 真鍮 / デュプレックス鋼,재질: 316 스테인레스 스틸 / 합금 / 황동 / 듀플렉스 스틸,Matériel: 316 acier inoxydable/alliage/laiton/acier duplex,المواد: 316 الفولاذ المقاوم للصدأ / سبيكة / نحاس / فولاذ مزدوج,708,2026-09-09 14:39:29.915
1124,,5,316-KP-F3,卡套堵头,材质: 316 不锈钢 / 合金 / 黄铜 / 双相钢,,card sleeve plug,フェルールプラグ,카드 커버 플러그,Bouchon de manchon,سدادة غلاف البطاقة,Material: 316 Stainless steel / Alloy / Brass / Duplex steel,材質: 316 ステンレス鋼 / 合金 / 真鍮 / デュプレックス鋼,재질: 316 스테인레스 스틸 / 합금 / 황동 / 듀플렉스 스틸,Matériel: 316 acier inoxydable/alliage/laiton/acier duplex,المواد: 316 الفولاذ المقاوم للصدأ / سبيكة / نحاس / فولاذ مزدوج,709,2026-09-09 14:39:29.918
1125,,5,316-KP-F30M,卡套堵头,材质: 316 不锈钢 / 合金 / 黄铜 / 双相钢,,card sleeve plug,フェルールプラグ,카드 커버 플러그,Bouchon de manchon,سدادة غلاف البطاقة,Material: 316 Stainless steel / Alloy / Brass / Duplex steel,材質: 316 ステンレス鋼 / 合金 / 真鍮 / デュプレックス鋼,재질: 316 스테인레스 스틸 / 합금 / 황동 / 듀플렉스 스틸,Matériel: 316 acier inoxydable/alliage/laiton/acier duplex,المواد: 316 الفولاذ المقاوم للصدأ / سبيكة / نحاس / فولاذ مزدوج,710,2026-09-09 14:39:29.921
1126,,5,316-KP-F32M,卡套堵头,材质: 316 不锈钢 / 合金 / 黄铜 / 双相钢,,card sleeve plug,フェルールプラグ,카드 커버 플러그,Bouchon de manchon,سدادة غلاف البطاقة,Material: 316 Stainless steel / Alloy / Brass / Duplex steel,材質: 316 ステンレス鋼 / 合金 / 真鍮 / デュプレックス鋼,재질: 316 스테인레스 스틸 / 합금 / 황동 / 듀플렉스 스틸,Matériel: 316 acier inoxydable/alliage/laiton/acier duplex,المواد: 316 الفولاذ المقاوم للصدأ / سبيكة / نحاس / فولاذ مزدوج,711,2026-09-09 14:39:29.924
1127,,5,316-KP-F38M,卡套堵头,材质: 316 不锈钢 / 合金 / 黄铜 / 双相钢,,card sleeve plug,フェルールプラグ,카드 커버 플러그,Bouchon de manchon,سدادة غلاف البطاقة,Material: 316 Stainless steel / Alloy / Brass / Duplex steel,材質: 316 ステンレス鋼 / 合金 / 真鍮 / デュプレックス鋼,재질: 316 스테인레스 스틸 / 합금 / 황동 / 듀플렉스 스틸,Matériel: 316 acier inoxydable/alliage/laiton/acier duplex,المواد: 316 الفولاذ المقاوم للصدأ / سبيكة / نحاس / فولاذ مزدوج,712,2026-09-09 14:39:29.927
1128,,5,316-KP-F3M,卡套堵头,材质: 316 不锈钢 / 合金 / 黄铜 / 双相钢,,card sleeve plug,フェルールプラグ,카드 커버 플러그,Bouchon de manchon,سدادة غلاف البطاقة,Material: 316 Stainless steel / Alloy / Brass / Duplex steel,材質: 316 ステンレス鋼 / 合金 / 真鍮 / デュプレックス鋼,재질: 316 스테인레스 스틸 / 합금 / 황동 / 듀플렉스 스틸,Matériel: 316 acier inoxydable/alliage/laiton/acier duplex,المواد: 316 الفولاذ المقاوم للصدأ / سبيكة / نحاس / فولاذ مزدوج,713,2026-09-09 14:39:29.93
1129,,5,316-KP-F4,卡套堵头,材质: 316 不锈钢 / 合金 / 黄铜 / 双相钢,,card sleeve plug,フェルールプラグ,카드 커버 플러그,Bouchon de manchon,سدادة غلاف البطاقة,Material: 316 Stainless steel / Alloy / Brass / Duplex steel,材質: 316 ステンレス鋼 / 合金 / 真鍮 / デュプレックス鋼,재질: 316 스테인레스 스틸 / 합금 / 황동 / 듀플렉스 스틸,Matériel: 316 acier inoxydable/alliage/laiton/acier duplex,المواد: 316 الفولاذ المقاوم للصدأ / سبيكة / نحاس / فولاذ مزدوج,714,2026-09-09 14:39:29.933
1130,,5,316-KP-F4M,卡套堵头,材质: 316 不锈钢 / 合金 / 黄铜 / 双相钢,,card sleeve plug,フェルールプラグ,카드 커버 플러그,Bouchon de manchon,سدادة غلاف البطاقة,Material: 316 Stainless steel / Alloy / Brass / Duplex steel,材質: 316 ステンレス鋼 / 合金 / 真鍮 / デュプレックス鋼,재질: 316 스테인레스 스틸 / 합금 / 황동 / 듀플렉스 스틸,Matériel: 316 acier inoxydable/alliage/laiton/acier duplex,المواد: 316 الفولاذ المقاوم للصدأ / سبيكة / نحاس / فولاذ مزدوج,715,2026-09-09 14:39:29.936
1131,,5,316-KP-F5,卡套堵头,材质: 316 不锈钢 / 合金 / 黄铜 / 双相钢,,card sleeve plug,フェルールプラグ,카드 커버 플러그,Bouchon de manchon,سدادة غلاف البطاقة,Material: 316 Stainless steel / Alloy / Brass / Duplex steel,材質: 316 ステンレス鋼 / 合金 / 真鍮 / デュプレックス鋼,재질: 316 스테인레스 스틸 / 합금 / 황동 / 듀플렉스 스틸,Matériel: 316 acier inoxydable/alliage/laiton/acier duplex,المواد: 316 الفولاذ المقاوم للصدأ / سبيكة / نحاس / فولاذ مزدوج,716,2026-09-09 14:39:29.939
1132,,5,316-KP-F6,卡套堵头,材质: 316 不锈钢 / 合金 / 黄铜 / 双相钢,,card sleeve plug,フェルールプラグ,카드 커버 플러그,Bouchon de manchon,سدادة غلاف البطاقة,Material: 316 Stainless steel / Alloy / Brass / Duplex steel,材質: 316 ステンレス鋼 / 合金 / 真鍮 / デュプレックス鋼,재질: 316 스테인레스 스틸 / 합금 / 황동 / 듀플렉스 스틸,Matériel: 316 acier inoxydable/alliage/laiton/acier duplex,المواد: 316 الفولاذ المقاوم للصدأ / سبيكة / نحاس / فولاذ مزدوج,717,2026-09-09 14:39:29.942
1133,,5,316-KP-F6M,卡套堵头,材质: 316 不锈钢 / 合金 / 黄铜 / 双相钢,,card sleeve plug,フェルールプラグ,카드 커버 플러그,Bouchon de manchon,سدادة غلاف البطاقة,Material: 316 Stainless steel / Alloy / Brass / Duplex steel,材質: 316 ステンレス鋼 / 合金 / 真鍮 / デュプレックス鋼,재질: 316 스테인레스 스틸 / 합금 / 황동 / 듀플렉스 스틸,Matériel: 316 acier inoxydable/alliage/laiton/acier duplex,المواد: 316 الفولاذ المقاوم للصدأ / سبيكة / نحاس / فولاذ مزدوج,718,2026-09-09 14:39:29.945
1134,,5,316-KP-F8,卡套堵头,材质: 316 不锈钢 / 合金 / 黄铜 / 双相钢,,card sleeve plug,フェルールプラグ,카드 커버 플러그,Bouchon de manchon,سدادة غلاف البطاقة,Material: 316 Stainless steel / Alloy / Brass / Duplex steel,材質: 316 ステンレス鋼 / 合金 / 真鍮 / デュプレックス鋼,재질: 316 스테인레스 스틸 / 합금 / 황동 / 듀플렉스 스틸,Matériel: 316 acier inoxydable/alliage/laiton/acier duplex,المواد: 316 الفولاذ المقاوم للصدأ / سبيكة / نحاس / فولاذ مزدوج,719,2026-09-09 14:39:29.948
1135,,5,316-KP-F8M,卡套堵头,材质: 316 不锈钢 / 合金 / 黄铜 / 双相钢,,card sleeve plug,フェルールプラグ,카드 커버 플러그,Bouchon de manchon,سدادة غلاف البطاقة,Material: 316 Stainless steel / Alloy / Brass / Duplex steel,材質: 316 ステンレス鋼 / 合金 / 真鍮 / デュプレックス鋼,재질: 316 스테인레스 스틸 / 합금 / 황동 / 듀플렉스 스틸,Matériel: 316 acier inoxydable/alliage/laiton/acier duplex,المواد: 316 الفولاذ المقاوم للصدأ / سبيكة / نحاس / فولاذ مزدوج,720,2026-09-09 14:39:29.951
1187,,5,316-KE-F15M-RT8,卡套外螺纹弯头,P-RT 尺寸: 1/2; L 尺寸 (mm/in): 38.1（1.50）; C: 24.4(0.96); G: 25.0(0.98),,sleeve external thread elbow,スリーブ雄ねじエルボ,카드 슬리브 수 나사 엘보,Coude de filetage extérieur du manchon de carte,الكوع الخيط الخارجي,P-RT size: 1/2; L size (mm/in): 38.1 (1.50); C: 24.4(0.96); G: 25.0(0.98),P-RT サイズ: 1/2;L サイズ (mm/in): 38.1(1.50 );C：24.4（0.96 ）；G：25.0（0.98）,P-RT 크기: 1/2; L 크기(mm/in): 38.1(1.50); C: 24.4(0.96); G: 25.0(0.98),Taille P-RT: 1/2; L Dimensions (mm/pouce): 38.1 (1.50); C: 24.4 (0.96); G: 25.0 (0.98),حجم P-RT: 1/2؛ L الحجم (مم / بوصة): 38.1 (1.50); ج: 24.4(0.96); ز: 25.0(0.98),772,2026-09-09 14:39:30.104
1194,,5,316-KE-F16M-N8,卡套外螺纹弯头,P-NPT 尺寸: 1/2; L 尺寸 (mm/in): 38.0(1.50); C: 24.4(0.96); G: 25.0（0.98）,,sleeve external thread elbow,スリーブ雄ねじエルボ,카드 슬리브 수 나사 엘보,Coude de filetage extérieur du manchon de carte,الكوع الخيط الخارجي,P-NPT size: 1/2; L size (mm/in): 38.0(1.50); C: 24.4(0.96); G: 25.0 (0.98),P-NPT サイズ: 1/2;L サイズ (mm/in): 38.0(1.50 );C：24.4（0.96 ）；G：25.0（0.98）,P-NPT 크기: 1/2; L 크기(mm/in): 38.0(1.50); C: 24.4(0.96); G: 25.0(0.98),Taille P-NPT: 1/2; L Taille (mm/pouce): 38.0 (1.50); C: 24.4 (0.96); G: 25.0 (0.98),أبعاد P-NPT: 1/2; L الحجم (مم/بوصة): 38.0(1.50); ج: 24.4(0.96); ز: 25.0 (0.98),779,2026-09-09 14:39:30.124
1198,,5,316-KE-F16M-RT8,卡套外螺纹弯头,P-RT 尺寸: 1/2; L 尺寸 (mm/in): 38.1（1.50）; C: 24.4(0.96); G: 25.0(0.98),,sleeve external thread elbow,スリーブ雄ねじエルボ,카드 슬리브 수 나사 엘보,Coude de filetage extérieur du manchon de carte,الكوع الخيط الخارجي,P-RT size: 1/2; L size (mm/in): 38.1 (1.50); C: 24.4(0.96); G: 25.0(0.98),P-RT サイズ: 1/2;L サイズ (mm/in): 38.1(1.50 );C：24.4（0.96 ）；G：25.0（0.98）,P-RT 크기: 1/2; L 크기(mm/in): 38.1(1.50); C: 24.4(0.96); G: 25.0(0.98),Taille P-RT: 1/2; L Dimensions (mm/pouce): 38.1 (1.50); C: 24.4 (0.96); G: 25.0 (0.98),حجم P-RT: 1/2؛ L الحجم (مم / بوصة): 38.1 (1.50); ج: 24.4(0.96); ز: 25.0(0.98),783,2026-09-09 14:39:30.136
1213,,5,316-KE-F22M-N12,卡套外螺纹弯头,P-NPT 尺寸: 3/4; L 尺寸 (mm/in): 44.6(1.76); C: 26.0(1.02); G: 32.0（1.26）,,sleeve external thread elbow,スリーブ雄ねじエルボ,카드 슬리브 수 나사 엘보,Coude de filetage extérieur du manchon de carte,الكوع الخيط الخارجي,P-NPT size: 3/4; L size (mm/in): 44.6(1.76); C: 26.0(1.02); G: 32.0 (1.26),P-NPT サイズ: 3/4;L サイズ (mm/in): 44.6(1.76 );C：26.0（1.02 ）；G：32.0（1.26）,P-NPT 크기: 3/4; L 크기(mm/in): 44.6(1.76); C: 26.0(1.02); G: 32.0(1.26),Taille P-NPT: 3/4; L Taille (mm/pouce): 44.6 (1.76); C: 26.0 (1.02); G: 32.0 (1.26),أبعاد P-NPT: 3/4; L الحجم (مم/بوصة): 44.6(1.76); ج: 26.0(1.02); ز: 32.0 (1.26),798,2026-09-09 14:39:30.18
1215,,5,316-KE-F22M-RT12,卡套外螺纹弯头,P-RT 尺寸: 3/4; L 尺寸 (mm/in): 44.6（1.76）; C: 26.0(0.90); G: 32.0(1.26),,sleeve external thread elbow,スリーブ雄ねじエルボ,카드 슬리브 수 나사 엘보,Coude de filetage extérieur du manchon de carte,الكوع الخيط الخارجي,P-RT size: 3/4; L size (mm/in): 44.6 (1.76); C: 26.0(0.90); G: 32.0(1.26),P-RT サイズ: 3/4;L サイズ (mm/in): 44.6(1.76 );C：26.0（0.90 ）；G：32.0（1.26）,P-RT 크기: 3/4; L 크기(mm/in): 44.6(1.76); C: 26.0(0.90); G: 32.0(1.26),Taille P-RT: 3/4; L Dimensions (mm/pouce): 44.6 (1.76); C: 26.0 (0.90); G: 32.0 (1.26),حجم P-RT: 3/4؛ L الحجم (مم / بوصة): 44.6 (1.76); ج: 26.0(0.90); ز: 32.0(1.26),800,2026-09-09 14:39:30.185
1316,,5,316-KU-F12-N12,卡套外螺纹接头,P-NPT 尺寸: 3/4; L 尺寸 (mm/in): 1.99(50.5); B: 0.75(19.1); C: 0.96（24.4）,,sleeve external threaded connector,スリーブ雄ねじ継手,카드 슬리브 수 나사 조인트,Joint fileté mâle de manchon,غلاف الخيط الذكري,P-NPT size: 3/4; L size (mm/in): 1.99(50.5); B: 0.75(19.1); C: 0.96 (24.4),P-NPT サイズ: 3/4;L サイズ (mm/in): 1.99(50.5 );B：0.75（19.1 ）；C：0.96（24.4）,P-NPT 크기: 3/4; L 크기(mm/in): 1.99(50.5); B: 0.75(19.1); C: 0.96(24.4),Taille P-NPT: 3/4; L Taille (mm/pouce): 1.99 (50.5); B: 0.75 (19.1); C: 0.96 (24.4),أبعاد P-NPT: 3/4; L الحجم (مم/بوصة): 1.99(50.5); ب: 0.75(19.1); ج: 0.96 (24.4),901,2026-09-09 14:39:30.479
1382,,5,316-KU-F15M-N8,卡套外螺纹接头,P-NPT 尺寸: 1/2; L 尺寸 (mm/in): 49.0（1.93）; B: 19.1（0.75）; C: 24.4（0.96）,,sleeve external threaded connector,スリーブ雄ねじ継手,카드 슬리브 수 나사 조인트,Joint fileté mâle de manchon,غلاف الخيط الذكري,P-NPT size: 1/2; L size (mm/in): 49.0 (1.93); B: 19.1 (0.75); C: 24.4 (0.96),P-NPT サイズ: 1/2;L サイズ (mm/in): 49.0(1.93);B: 19.1 (0.75 );C：24.4（0.96）,P-NPT 크기: 1/2; L 크기(mm/in): 49.0(1.93); B: 19.1(0.75); C: 24.4(0.96),Taille P-NPT: 1/2; L Dimensions (mm/pouce): 49.0 (1.93); B: 19.1 (0.75); C: 24.4 (0.96),أبعاد P-NPT: 1/2; L الحجم (مم / بوصة): 49.0 (1.93); ب: 19.1(0.75)؛ ج: 24.4 (0.96),967,2026-09-09 14:39:30.673
1384,,5,316-KU-F15M-RS12,卡套外螺纹接头,P-RS 尺寸: 3/4; L 尺寸 (mm/in): 52.8(2.08); B: 15.7(0.62); C: 24.4(0.96),,sleeve external threaded connector,スリーブ雄ねじ継手,카드 슬리브 수 나사 조인트,Joint fileté mâle de manchon,غلاف الخيط الذكري,P-RS size: 3/4; L size (mm/in): 52.8(2.08); B: 15.7(0.62); C: 24.4(0.96),P-RS サイズ: 3/4;L サイズ (mm/in): 52.8(2.08 );B：15.7（0.62 ）；C：24.4（0.96）,P-RS 크기: 3/4; L 크기(mm/in): 52.8(2.08); B: 15.7(0.62); C: 24.4(0.96),Taille P-RS: 3/4; L Taille (mm/pouce): 52.8 (2.08); B: 15.7 (0.62); C: 24.4 (0.96),حجم P-RS: 3/4; L الحجم (مم/بوصة): 52.8(2.08); ب: 15.7(0.62); ج: 24.4(0.96),969,2026-09-09 14:39:30.679
1385,,5,316-KU-F15M-RS6,卡套外螺纹接头,P-RS 尺寸: 3/8; L 尺寸 (mm/in): 43.9(1.73); B: 11.2(0.44); C: 24.4(0.96),,sleeve external threaded connector,スリーブ雄ねじ継手,카드 슬리브 수 나사 조인트,Joint fileté mâle de manchon,غلاف الخيط الذكري,P-RS size: 3/8; L size (mm/in): 43.9(1.73); B: 11.2(0.44); C: 24.4(0.96),P-RS サイズ: 3/8;L サイズ (mm/in): 43.9(1.73 );B：11.2（0.44 ）；C：24.4（0.96）,P-RS 크기: 3/8; L 크기(mm/in): 43.9(1.73); B: 11.2(0.44); C: 24.4(0.96),Taille P-RS: 3/8; L Taille (mm/pouce): 43.9 (1.73); B: 11.2 (0.44); C: 24.4 (0.96),حجم P-RS: 3/8; L الحجم (مم/بوصة): 43.9(1.73); ب: 11.2(0.44); ج: 24.4(0.96),970,2026-09-09 14:39:30.681
1386,,5,316-KU-F15M-RS8,卡套外螺纹接头,P-RS 尺寸: 1/2; L 尺寸 (mm/in): 49.0(1.93); B: 14.2(0.56); C: 24.4(0.96),,sleeve external threaded connector,スリーブ雄ねじ継手,카드 슬리브 수 나사 조인트,Joint fileté mâle de manchon,غلاف الخيط الذكري,P-RS size: 1/2; L size (mm/in): 49.0(1.93); B: 14.2(0.56); C: 24.4(0.96),P-RS サイズ: 1/2;L サイズ (mm/in): 49.0(1.93 );B：14.2（0.56 ）；C：24.4（0.96）,P-RS 크기: 1/2; L 크기(mm/in): 49.0(1.93); B: 14.2(0.56); C: 24.4(0.96),Taille P-RS: 1/2; L Taille (mm/pouce): 49.0 (1.93); B: 14.2 (0.56); C: 24.4 (0.96),حجم P-RS: 1/2; L الحجم (مم/بوصة): 49.0(1.93); ب: 14.2(0.56); ج: 24.4(0.96),971,2026-09-09 14:39:30.684
1387,,5,316-KU-F15M-RT8,卡套外螺纹接头,P-RT 尺寸: 1/2; L 尺寸 (mm/in): 49.0（1.93）; B: 19.1(0.75); C: 24.4（0.96）,,sleeve external threaded connector,スリーブ雄ねじ継手,카드 슬리브 수 나사 조인트,Joint fileté mâle de manchon,غلاف الخيط الذكري,P-RT size: 1/2; L size (mm/in): 49.0 (1.93); B: 19.1(0.75); C: 24.4 (0.96),P-RT サイズ: 1/2;L サイズ (mm/in): 49.0(1.93 );B：19.1（0.75 ）；C：24.4（0.96）,P-RT 크기: 1/2; L 크기(mm/in): 49.0(1.93); B: 19.1(0.75); C: 24.4(0.96),Taille P-RT: 1/2; L Taille (mm/pouce): 49.0 (1.93); B: 19.1 (0.75); C: 24.4 (0.96),حجم P-RT: 1/2؛ L الحجم (مم / بوصة): 49.0 (1.93); ب: 19.1(0.75); ج: 24.4 (0.96),972,2026-09-09 14:39:30.687
1401,,5,316-KU-F16M-MRS20,卡套外螺纹接头,P-公制螺纹 尺寸: M20 x 1.5; L 尺寸 (mm/in): 48.0（1.89）; B: 14.0（0.55）; C: 24.4（0.96）,,sleeve external threaded connector,スリーブ雄ねじ継手,카드 슬리브 수 나사 조인트,Joint fileté mâle de manchon,غلاف الخيط الذكري,P-metric thread size: M20 x 1.5; L size (mm/in): 48.0 (1.89); B: 14.0 (0.55); C: 24.4 (0.96),P-メートルねじ 寸法: M20 x 1.5;L サイズ (mm/in): 48.0(1.89);B: 14.0 (0.55 );C：24.4（0.96）,P-미터법 스레드 크기: M20 x 1.5; L 크기(mm/in): 48.0(1.89); B: 14.0(0.55); C: 24.4(0.96),Taille du filetage métrique P: M20 x 1.5; L Dimensions (mm/pouce): 48.0 (1.89); B: 14.0 (0.55); C: 24.4 (0.96),حجم الخيط P-Metric: M20 x 1.5; L الحجم (مم / بوصة): 48.0 (1.89); ب: 14.0(0.55)؛ ج: 24.4 (0.96),986,2026-09-09 14:39:30.729
1403,,5,316-KU-F16M-N12,卡套外螺纹接头,P-NPT 尺寸: 3/4; L 尺寸 (mm/in): 50.5（1.99）; B: 19.1（0.75）; C: 24.4（0.96）,,sleeve external threaded connector,スリーブ雄ねじ継手,카드 슬리브 수 나사 조인트,Joint fileté mâle de manchon,غلاف الخيط الذكري,P-NPT size: 3/4; L size (mm/in): 50.5 (1.99); B: 19.1 (0.75); C: 24.4 (0.96),P-NPT サイズ: 3/4;L サイズ (mm/in): 50.5(1.99);B: 19.1 (0.75 );C：24.4（0.96）,P-NPT 크기: 3/4; L 크기(mm/in): 50.5(1.99); B: 19.1(0.75); C: 24.4(0.96),Taille P-NPT: 3/4; L Dimensions (mm/pouce): 50.5 (1.99); B: 19.1 (0.75); C: 24.4 (0.96),أبعاد P-NPT: 3/4; L الحجم (مم / بوصة): 50.5 (1.99); ب: 19.1(0.75)؛ ج: 24.4 (0.96),988,2026-09-09 14:39:30.735
1404,,5,316-KU-F16M-N4,卡套外螺纹接头,P-NPT 尺寸: 1/4; L 尺寸 (mm/in): 44.1（1.74）; B: 14.2（0.56）; C: 24.4（0.96）,,sleeve external threaded connector,スリーブ雄ねじ継手,카드 슬리브 수 나사 조인트,Joint fileté mâle de manchon,غلاف الخيط الذكري,P-NPT size: 1/4; L size (mm/in): 44.1 (1.74); B: 14.2 (0.56); C: 24.4 (0.96),P-NPT サイズ: 1/4;L サイズ (mm/in): 44.1(1.74);B: 14.2 (0.56 );C：24.4（0.96）,P-NPT 크기: 1/4; L 크기(mm/in): 44.1(1.74); B: 14.2(0.56); C: 24.4(0.96),Taille P-NPT: 1/4; L Dimensions (mm/pouce): 44.1 (1.74); B: 14.2 (0.56); C: 24.4 (0.96),أبعاد P-NPT: 1/4; L الحجم (مم / بوصة): 44.1 (1.74); ب: 14.2(0.56)؛ ج: 24.4 (0.96),989,2026-09-09 14:39:30.738
1405,,5,316-KU-F16M-N6,卡套外螺纹接头,P-NPT 尺寸: 3/8; L 尺寸 (mm/in): 44.1（1.74）; B: 14.2（0.56）; C: 24.4（0.96）,,sleeve external threaded connector,スリーブ雄ねじ継手,카드 슬리브 수 나사 조인트,Joint fileté mâle de manchon,غلاف الخيط الذكري,P-NPT size: 3/8; L size (mm/in): 44.1 (1.74); B: 14.2 (0.56); C: 24.4 (0.96),P-NPT サイズ: 3/8;L サイズ (mm/in): 44.1(1.74);B: 14.2 (0.56 );C：24.4（0.96）,P-NPT 크기: 3/8; L 크기(mm/in): 44.1(1.74); B: 14.2(0.56); C: 24.4(0.96),Taille P-NPT: 3/8; L Dimensions (mm/pouce): 44.1 (1.74); B: 14.2 (0.56); C: 24.4 (0.96),أبعاد P-NPT: 3/8; L الحجم (مم / بوصة): 44.1 (1.74); ب: 14.2(0.56)؛ ج: 24.4 (0.96),990,2026-09-09 14:39:30.741
1406,,5,316-KU-F16M-N8,卡套外螺纹接头,P-NPT 尺寸: 1/2; L 尺寸 (mm/in): 49.0（1.93）; B: 19.1（0.75）; C: 24.4（0.96）,,sleeve external threaded connector,スリーブ雄ねじ継手,카드 슬리브 수 나사 조인트,Joint fileté mâle de manchon,غلاف الخيط الذكري,P-NPT size: 1/2; L size (mm/in): 49.0 (1.93); B: 19.1 (0.75); C: 24.4 (0.96),P-NPT サイズ: 1/2;L サイズ (mm/in): 49.0(1.93);B: 19.1 (0.75 );C：24.4（0.96）,P-NPT 크기: 1/2; L 크기(mm/in): 49.0(1.93); B: 19.1(0.75); C: 24.4(0.96),Taille P-NPT: 1/2; L Dimensions (mm/pouce): 49.0 (1.93); B: 19.1 (0.75); C: 24.4 (0.96),أبعاد P-NPT: 1/2; L الحجم (مم / بوصة): 49.0 (1.93); ب: 19.1(0.75)؛ ج: 24.4 (0.96),991,2026-09-09 14:39:30.744
1409,,5,316-KU-F16M-RS12,卡套外螺纹接头,P-RS 尺寸: 3/4; L 尺寸 (mm/in): 52.8(2.08); B: 15.7(0.62); C: 24.4(0.96),,sleeve external threaded connector,スリーブ雄ねじ継手,카드 슬리브 수 나사 조인트,Joint fileté mâle de manchon,غلاف الخيط الذكري,P-RS size: 3/4; L size (mm/in): 52.8(2.08); B: 15.7(0.62); C: 24.4(0.96),P-RS サイズ: 3/4;L サイズ (mm/in): 52.8(2.08 );B：15.7（0.62 ）；C：24.4（0.96）,P-RS 크기: 3/4; L 크기(mm/in): 52.8(2.08); B: 15.7(0.62); C: 24.4(0.96),Taille P-RS: 3/4; L Taille (mm/pouce): 52.8 (2.08); B: 15.7 (0.62); C: 24.4 (0.96),حجم P-RS: 3/4; L الحجم (مم/بوصة): 52.8(2.08); ب: 15.7(0.62); ج: 24.4(0.96),994,2026-09-09 14:39:30.753
1410,,5,316-KU-F16M-RS6,卡套外螺纹接头,P-RS 尺寸: 3/8; L 尺寸 (mm/in): 43.9(1.73); B: 11.2(0.44); C: 24.4(0.96),,sleeve external threaded connector,スリーブ雄ねじ継手,카드 슬리브 수 나사 조인트,Joint fileté mâle de manchon,غلاف الخيط الذكري,P-RS size: 3/8; L size (mm/in): 43.9(1.73); B: 11.2(0.44); C: 24.4(0.96),P-RS サイズ: 3/8;L サイズ (mm/in): 43.9(1.73 );B：11.2（0.44 ）；C：24.4（0.96）,P-RS 크기: 3/8; L 크기(mm/in): 43.9(1.73); B: 11.2(0.44); C: 24.4(0.96),Taille P-RS: 3/8; L Taille (mm/pouce): 43.9 (1.73); B: 11.2 (0.44); C: 24.4 (0.96),حجم P-RS: 3/8; L الحجم (مم/بوصة): 43.9(1.73); ب: 11.2(0.44); ج: 24.4(0.96),995,2026-09-09 14:39:30.756
1411,,5,316-KU-F16M-RS8,卡套外螺纹接头,P-RS 尺寸: 1/2; L 尺寸 (mm/in): 49.0(1.93); B: 14.2(0.56); C: 24.4(0.96),,sleeve external threaded connector,スリーブ雄ねじ継手,카드 슬리브 수 나사 조인트,Joint fileté mâle de manchon,غلاف الخيط الذكري,P-RS size: 1/2; L size (mm/in): 49.0(1.93); B: 14.2(0.56); C: 24.4(0.96),P-RS サイズ: 1/2;L サイズ (mm/in): 49.0(1.93 );B：14.2（0.56 ）；C：24.4（0.96）,P-RS 크기: 1/2; L 크기(mm/in): 49.0(1.93); B: 14.2(0.56); C: 24.4(0.96),Taille P-RS: 1/2; L Taille (mm/pouce): 49.0 (1.93); B: 14.2 (0.56); C: 24.4 (0.96),حجم P-RS: 1/2; L الحجم (مم/بوصة): 49.0(1.93); ب: 14.2(0.56); ج: 24.4(0.96),996,2026-09-09 14:39:30.759
1412,,5,316-KU-F16M-RT4,卡套外螺纹接头,P-RT 尺寸: 1/4; L 尺寸 (mm/in): 44.1（1.74）; B: 14.2(0.56); C: 24.4（0.96）,,sleeve external threaded connector,スリーブ雄ねじ継手,카드 슬리브 수 나사 조인트,Joint fileté mâle de manchon,غلاف الخيط الذكري,P-RT size: 1/4; L size (mm/in): 44.1 (1.74); B: 14.2(0.56); C: 24.4 (0.96),P-RT サイズ: 1/4;L サイズ (mm/in): 44.1(1.74 );B：14.2（0.56 ）；C：24.4（0.96）,P-RT 크기: 1/4; L 크기(mm/in): 44.1(1.74); B: 14.2(0.56); C: 24.4(0.96),Taille P-RT: 1/4; L Taille (mm/pouce): 44.1 (1.74); B: 14.2 (0.56); C: 24.4 (0.96),حجم P-RT: 1/4؛ L الحجم (مم / بوصة): 44.1 (1.74); ب: 14.2(0.56); ج: 24.4 (0.96),997,2026-09-09 14:39:30.763
1414,,5,316-KU-F16M-RT8,卡套外螺纹接头,P-RT 尺寸: 1/2; L 尺寸 (mm/in): 49.0（1.93）; B: 19.1(0.75); C: 24.4（0.96）,,sleeve external threaded connector,スリーブ雄ねじ継手,카드 슬리브 수 나사 조인트,Joint fileté mâle de manchon,غلاف الخيط الذكري,P-RT size: 1/2; L size (mm/in): 49.0 (1.93); B: 19.1(0.75); C: 24.4 (0.96),P-RT サイズ: 1/2;L サイズ (mm/in): 49.0(1.93 );B：19.1（0.75 ）；C：24.4（0.96）,P-RT 크기: 1/2; L 크기(mm/in): 49.0(1.93); B: 19.1(0.75); C: 24.4(0.96),Taille P-RT: 1/2; L Taille (mm/pouce): 49.0 (1.93); B: 19.1 (0.75); C: 24.4 (0.96),حجم P-RT: 1/2؛ L الحجم (مم / بوصة): 49.0 (1.93); ب: 19.1(0.75); ج: 24.4 (0.96),999,2026-09-09 14:39:30.768
1420,,5,316-KU-F18M-N12,卡套外螺纹接头,P-NPT 尺寸: 3/4; L 尺寸 (mm/in): 50.5（1.99）; B: 19.1（0.75）; C: 24.4（0.96）,,sleeve external threaded connector,スリーブ雄ねじ継手,카드 슬리브 수 나사 조인트,Joint fileté mâle de manchon,غلاف الخيط الذكري,P-NPT size: 3/4; L size (mm/in): 50.5 (1.99); B: 19.1 (0.75); C: 24.4 (0.96),P-NPT サイズ: 3/4;L サイズ (mm/in): 50.5(1.99);B: 19.1 (0.75 );C：24.4（0.96）,P-NPT 크기: 3/4; L 크기(mm/in): 50.5(1.99); B: 19.1(0.75); C: 24.4(0.96),Taille P-NPT: 3/4; L Dimensions (mm/pouce): 50.5 (1.99); B: 19.1 (0.75); C: 24.4 (0.96),أبعاد P-NPT: 3/4; L الحجم (مم / بوصة): 50.5 (1.99); ب: 19.1(0.75)؛ ج: 24.4 (0.96),1005,2026-09-09 14:39:30.787
1424,,5,316-KU-F18M-RP8,卡套外螺纹接头,P-RP 尺寸: 1/2; L 尺寸 (mm/in): 49.0(1.93); B: 14.2(0.56); C: 24.4(0.96),,sleeve external threaded connector,スリーブ雄ねじ継手,카드 슬리브 수 나사 조인트,Joint fileté mâle de manchon,غلاف الخيط الذكري,P-RP size: 1/2; L size (mm/in): 49.0(1.93); B: 14.2(0.56); C: 24.4(0.96),P-RP サイズ: 1/2;L サイズ (mm/in): 49.0(1.93 );B：14.2（0.56 ）；C：24.4（0.96）,P-RP 크기: 1/2; L 크기(mm/in): 49.0(1.93); B: 14.2(0.56); C: 24.4(0.96),Taille P-RP: 1/2; L Taille (mm/pouce): 49.0 (1.93); B: 14.2 (0.56); C: 24.4 (0.96),حجم P-RP: 1/2; L الحجم (مم/بوصة): 49.0(1.93); ب: 14.2(0.56); ج: 24.4(0.96),1009,2026-09-09 14:39:30.798
1425,,5,316-KU-F18M-RS12,卡套外螺纹接头,P-RS 尺寸: 3/4; L 尺寸 (mm/in): 52.8(2.08); B: 15.7(0.62); C: 24.4(0.96),,sleeve external threaded connector,スリーブ雄ねじ継手,카드 슬리브 수 나사 조인트,Joint fileté mâle de manchon,غلاف الخيط الذكري,P-RS size: 3/4; L size (mm/in): 52.8(2.08); B: 15.7(0.62); C: 24.4(0.96),P-RS サイズ: 3/4;L サイズ (mm/in): 52.8(2.08 );B：15.7（0.62 ）；C：24.4（0.96）,P-RS 크기: 3/4; L 크기(mm/in): 52.8(2.08); B: 15.7(0.62); C: 24.4(0.96),Taille P-RS: 3/4; L Taille (mm/pouce): 52.8 (2.08); B: 15.7 (0.62); C: 24.4 (0.96),حجم P-RS: 3/4; L الحجم (مم/بوصة): 52.8(2.08); ب: 15.7(0.62); ج: 24.4(0.96),1010,2026-09-09 14:39:30.801
1426,,5,316-KU-F18M-RS8,卡套外螺纹接头,P-RS 尺寸: 1/2; L 尺寸 (mm/in): 49.0(1.93); B: 14.2(0.56); C: 24.4(0.96),,sleeve external threaded connector,スリーブ雄ねじ継手,카드 슬리브 수 나사 조인트,Joint fileté mâle de manchon,غلاف الخيط الذكري,P-RS size: 1/2; L size (mm/in): 49.0(1.93); B: 14.2(0.56); C: 24.4(0.96),P-RS サイズ: 1/2;L サイズ (mm/in): 49.0(1.93 );B：14.2（0.56 ）；C：24.4（0.96）,P-RS 크기: 1/2; L 크기(mm/in): 49.0(1.93); B: 14.2(0.56); C: 24.4(0.96),Taille P-RS: 1/2; L Taille (mm/pouce): 49.0 (1.93); B: 14.2 (0.56); C: 24.4 (0.96),حجم P-RS: 1/2; L الحجم (مم/بوصة): 49.0(1.93); ب: 14.2(0.56); ج: 24.4(0.96),1011,2026-09-09 14:39:30.804
1448,,5,316-KU-F2-ST5,卡套外螺纹接头,材质: 316 不锈钢 / 合金 / 黄铜 / 双相钢,,sleeve external threaded connector,スリーブ雄ねじ継手,카드 슬리브 수 나사 조인트,Joint fileté mâle de manchon,غلاف الخيط الذكري,Material: 316 Stainless steel / Alloy / Brass / Duplex steel,材質: 316 ステンレス鋼 / 合金 / 真鍮 / デュプレックス鋼,재질: 316 스테인레스 스틸 / 합금 / 황동 / 듀플렉스 스틸,Matériel: 316 acier inoxydable/alliage/laiton/acier duplex,المواد: 316 الفولاذ المقاوم للصدأ / سبيكة / نحاس / فولاذ مزدوج,1033,2026-09-09 14:39:30.868
1466,,5,316-KU-F22M-N12,卡套外螺纹接头,P-NPT 尺寸: 3/4; L 尺寸 (mm/in): 52.3（2.06）; B: 19.1（0.75）; C: 26.0（1.02）,,sleeve external threaded connector,スリーブ雄ねじ継手,카드 슬리브 수 나사 조인트,Joint fileté mâle de manchon,غلاف الخيط الذكري,P-NPT size: 3/4; L size (mm/in): 52.3 (2.06); B: 19.1 (0.75); C: 26.0 (1.02),P-NPT サイズ: 3/4;L サイズ (mm/in): 52.3(2.06);B: 19.1 (0.75 );C：26.0（1.02）,P-NPT 크기: 3/4; L 크기(mm/in): 52.3(2.06); B: 19.1(0.75); C: 26.0(1.02),Taille P-NPT: 3/4; L Dimensions (mm/pouce): 52.3 (2.06); B: 19.1 (0.75); C: 26.0 (1.02),أبعاد P-NPT: 3/4; L الحجم (مم / بوصة): 52.3 (2.06); ب: 19.1(0.75)؛ ج: 26.0 (1.02),1051,2026-09-09 14:39:30.92
1467,,5,316-KU-F22M-N16,卡套外螺纹接头,P-NPT 尺寸: 1; L 尺寸 (mm/in): 57.1（2.25）; B: 23.9（0.94）; C: 26.0（1.02）,,sleeve external threaded connector,スリーブ雄ねじ継手,카드 슬리브 수 나사 조인트,Joint fileté mâle de manchon,غلاف الخيط الذكري,P-NPT size: 1; L size (mm/in): 57.1 (2.25); B: 23.9 (0.94); C: 26.0 (1.02),P-NPT サイズ: 1;L サイズ (mm/in): 57.1(2.25);B: 23.9 (0.94 );C：26.0（1.02）,P-NPT 크기: 1; L 크기(mm/in): 57.1(2.25); B: 23.9(0.94); C: 26.0(1.02),Taille P-NPT: 1; L Dimensions (mm/pouce): 57.1 (2.25); B: 23.9 (0.94); C: 26.0 (1.02),أبعاد P-NPT: 1; L الحجم (مم / بوصة): 57.1 (2.25); ب: 23.9(0.94)؛ ج: 26.0 (1.02),1052,2026-09-09 14:39:30.923
1468,,5,316-KU-F22M-N8,卡套外螺纹接头,P-NPT 尺寸: 1/2; L 尺寸 (mm/in): 52.3（2.06）; B: 19.1（0.75）; C: 26.0（1.02）,,sleeve external threaded connector,スリーブ雄ねじ継手,카드 슬리브 수 나사 조인트,Joint fileté mâle de manchon,غلاف الخيط الذكري,P-NPT size: 1/2; L size (mm/in): 52.3 (2.06); B: 19.1 (0.75); C: 26.0 (1.02),P-NPT サイズ: 1/2;L サイズ (mm/in): 52.3(2.06);B: 19.1 (0.75 );C：26.0（1.02）,P-NPT 크기: 1/2; L 크기(mm/in): 52.3(2.06); B: 19.1(0.75); C: 26.0(1.02),Taille P-NPT: 1/2; L Dimensions (mm/pouce): 52.3 (2.06); B: 19.1 (0.75); C: 26.0 (1.02),أبعاد P-NPT: 1/2; L الحجم (مم / بوصة): 52.3 (2.06); ب: 19.1(0.75)؛ ج: 26.0 (1.02),1053,2026-09-09 14:39:30.927
1471,,5,316-KU-F22M-RS12,卡套外螺纹接头,P-RS 尺寸: 3/4; L 尺寸 (mm/in): 52.8(2.08); B: 15.7(0.62); C: 26.0(1.02),,sleeve external threaded connector,スリーブ雄ねじ継手,카드 슬리브 수 나사 조인트,Joint fileté mâle de manchon,غلاف الخيط الذكري,P-RS size: 3/4; L size (mm/in): 52.8(2.08); B: 15.7(0.62); C: 26.0(1.02),P-RS サイズ: 3/4;L サイズ (mm/in): 52.8(2.08 );B：15.7（0.62 ）；C：26.0（1.02）,P-RS 크기: 3/4; L 크기(mm/in): 52.8(2.08); B: 15.7(0.62); C: 26.0(1.02),Taille P-RS: 3/4; L Taille (mm/pouce): 52.8 (2.08); B: 15.7 (0.62); C: 26.0 (1.02),حجم P-RS: 3/4; L الحجم (مم/بوصة): 52.8(2.08); ب: 15.7(0.62); ج: 26.0(1.02),1056,2026-09-09 14:39:30.936
1507,,5,316-KU-F3M-N2,卡套外螺纹接头,材质: 316 不锈钢 / 合金 / 黄铜 / 双相钢,,sleeve external threaded connector,スリーブ雄ねじ継手,카드 슬리브 수 나사 조인트,Joint fileté mâle de manchon,غلاف الخيط الذكري,Material: 316 Stainless steel / Alloy / Brass / Duplex steel,材質: 316 ステンレス鋼 / 合金 / 真鍮 / デュプレックス鋼,재질: 316 스테인레스 스틸 / 합금 / 황동 / 듀플렉스 스틸,Matériel: 316 acier inoxydable/alliage/laiton/acier duplex,المواد: 316 الفولاذ المقاوم للصدأ / سبيكة / نحاس / فولاذ مزدوج,1092,2026-09-09 14:39:31.057
1606,,5,316-KU-F6M-RP2,卡套外螺纹接头,材质: 316 不锈钢 / 合金 / 黄铜 / 双相钢,,sleeve external threaded connector,スリーブ雄ねじ継手,카드 슬리브 수 나사 조인트,Joint fileté mâle de manchon,غلاف الخيط الذكري,Material: 316 Stainless steel / Alloy / Brass / Duplex steel,材質: 316 ステンレス鋼 / 合金 / 真鍮 / デュプレックス鋼,재질: 316 스테인레스 스틸 / 합금 / 황동 / 듀플렉스 스틸,Matériel: 316 acier inoxydable/alliage/laiton/acier duplex,المواد: 316 الفولاذ المقاوم للصدأ / سبيكة / نحاس / فولاذ مزدوج,1191,2026-09-09 14:39:31.352
1607,,5,316-KU-F6M-RP4,卡套外螺纹接头,材质: 316 不锈钢 / 合金 / 黄铜 / 双相钢,,sleeve external threaded connector,スリーブ雄ねじ継手,카드 슬리브 수 나사 조인트,Joint fileté mâle de manchon,غلاف الخيط الذكري,Material: 316 Stainless steel / Alloy / Brass / Duplex steel,材質: 316 ステンレス鋼 / 合金 / 真鍮 / デュプレックス鋼,재질: 316 스테인레스 스틸 / 합금 / 황동 / 듀플렉스 스틸,Matériel: 316 acier inoxydable/alliage/laiton/acier duplex,المواد: 316 الفولاذ المقاوم للصدأ / سبيكة / نحاس / فولاذ مزدوج,1192,2026-09-09 14:39:31.354
1642,,5,316-KU-F8-ST12,卡套外螺纹接头,P-SAE 尺寸: 8; P-SAE/MS 螺纹规格: 3/4-16; L 尺寸 (mm/in): 1.65（41.9）; B: 0.44(11.2),,sleeve external threaded connector,スリーブ雄ねじ継手,카드 슬리브 수 나사 조인트,Joint fileté mâle de manchon,غلاف الخيط الذكري,P-SAE size: 8; P-SAE/MS Thread Specifications: 3/4-16; L size (mm/in): 1.65 (41.9); B: 0.44(11.2),P-SAE サイズ: 8;P-SAE/MS ねじ仕様: 3/4-16;L サイズ (mm/in): 1.65(41.9 );B：0.44（11.2）,P-SAE 크기: 8; P-SAE/MS 스레드 사양: 3/4-16; L 크기(mm/in): 1.65(41.9); B: 0.44(11.2),Taille P-SAE: 8; Spécifications du fil P-SAE/MS: 3/4 - 16; L Taille (mm/pouce): 1.65 (41.9); B: 0.44 (11.2),حجم P-SAE: 8؛ مواصفات الخيط P-SAE/MS: 3/4-16; L الحجم (مم/بوصة): 1.65 (41.9); ب: 0.44(11.2),1227,2026-09-09 14:39:31.457
1644,,5,316-KU-F8-ST17,卡套外螺纹接头,P-SAE 尺寸: 12; P-SAE/MS 螺纹规格: 1 1/16-12; L 尺寸 (mm/in): 1.93（49.0）; B: 0.59(15.0),,sleeve external threaded connector,スリーブ雄ねじ継手,카드 슬리브 수 나사 조인트,Joint fileté mâle de manchon,غلاف الخيط الذكري,P-SAE size: 12; P-SAE/MS Thread Specifications: 1 1/16-12; L dimensions (mm/in): 1.93 (49.0); B: 0.59(15.0),P-SAE サイズ: 12;P-SAE/MS ねじ仕様: 1 1/16-12;L サイズ (mm/in): 1.93(49.0 );B：0.59（15.0）,P-SAE 크기: 12; P-SAE/MS 스레드 사양: 1 1/16-12; L 크기(mm/in): 1.93(49.0); B: 0.59(15.0),Taille P-SAE: 12; Spécifications du fil P-SAE/MS: 1 1/16 - 12; L Taille (mm/pouce): 1.93 (49.0); B: 0.59 (15.0),حجم P-SAE: 12؛ مواصفات الخيط P-SAE/MS: 1 1/16-12; L الحجم (مم/بوصة): 1.93 (49.0); ب: 0.59(15.0),1229,2026-09-09 14:39:31.463
1724,,5,316-KMN-F12M,卡套外螺纹螺母,尺寸， mm（ in. ） L: 22.1(0.87); 材质: 316 不锈钢 / 合金 / 黄铜 / 双相钢,,sleeve external thread nut,スリーブの雄ねじナット,카드 슬리브 수 너트,Écrou fileté extérieur de manchon,غلاف البطاقة الجوز ذكر,"dimensions , mm( in. ) L: 22.1(0.87); Material: 316 Stainless steel / Alloy / Brass / Duplex steel","サイズ, mm( in. ) L: 22.1(0.87);素材: 316 ステンレス鋼 / 合金 / 真鍮 / デュプレックス鋼","크기 , mm( in. ) L: 22.1(0.87); 재질: 316 스테인레스 스틸 / 합금 / 황동 / 듀플렉스 스틸","Dimensions , mm (in.) L: 22.1 (0.87); Matériel: 316 acier inoxydable/alliage/laiton/acier duplex",الحجم ، مم ( في ) ل: 22.1(0.87); المواد: 316 الفولاذ المقاوم للصدأ / سبيكة / نحاس / فولاذ مزدوج,1309,2026-09-09 14:39:31.704
1744,,5,316-KTC-F15M-N12,卡套外螺纹镗通接头,P-NPT 尺寸: 3/4; L 尺寸 (mm/in): 50.5（1.99）; B: 19.1（0.75）; G: 25.0（0.98）,,Cartridge sleeve external thread boring joint,スリーブ雄ねじボーリングジョイント,슬리브 수나사 보링 조인트,Joint d'alésage à filetage extérieur du manchon,غلاف الخيط الخارجي ممل من خلال المفصل,P-NPT size: 3/4; L size (mm/in): 50.5 (1.99); B: 19.1 (0.75); G: 25.0 (0.98),P-NPT サイズ: 3/4;L サイズ (mm/in): 50.5(1.99);B: 19.1 (0.75 );G：25.0（0.98）,P-NPT 크기: 3/4; L 크기(mm/in): 50.5(1.99); B: 19.1(0.75); G: 25.0(0.98),Taille P-NPT: 3/4; L Dimensions (mm/pouce): 50.5 (1.99); B: 19.1 (0.75); G: 25.0 (0.98),أبعاد P-NPT: 3/4; L الحجم (مم / بوصة): 50.5 (1.99); ب: 19.1(0.75)؛ ز: 25.0 (0.98),1329,2026-09-09 14:39:31.764
1752,,5,316-KTC-F22M-N16,卡套外螺纹镗通接头,P-NPT 尺寸: 1; L 尺寸 (mm/in): 57.1（2.25）; B: 23.9（0.94）; G: 32.0（1.26）,,Cartridge sleeve external thread boring joint,スリーブ雄ねじボーリングジョイント,슬리브 수나사 보링 조인트,Joint d'alésage à filetage extérieur du manchon,غلاف الخيط الخارجي ممل من خلال المفصل,P-NPT size: 1; L size (mm/in): 57.1 (2.25); B: 23.9 (0.94); G: 32.0 (1.26),P-NPT サイズ: 1;L サイズ (mm/in): 57.1(2.25);B: 23.9 (0.94 );G：32.0（1.26）,P-NPT 크기: 1; L 크기(mm/in): 57.1(2.25); B: 23.9(0.94); G: 32.0(1.26),Taille P-NPT: 1; L Dimensions (mm/pouce): 57.1 (2.25); B: 23.9 (0.94); G: 32.0 (1.26),أبعاد P-NPT: 1; L الحجم (مم / بوصة): 57.1 (2.25); ب: 23.9(0.94)؛ ز: 32.0 (1.26),1337,2026-09-09 14:39:31.788
1756,,5,316-KTC-F3M-N2,卡套外螺纹镗通接头,P-NPT 尺寸: 1/8; L 尺寸 (mm/in): 30.5（1.20）; B: 9.7（0.38）; G: 12.0（0.47）,,Cartridge sleeve external thread boring joint,スリーブ雄ねじボーリングジョイント,슬리브 수나사 보링 조인트,Joint d'alésage à filetage extérieur du manchon,غلاف الخيط الخارجي ممل من خلال المفصل,P-NPT size: 1/8; L size (mm/in): 30.5 (1.20); B: 9.7 (0.38); G: 12.0 (0.47),P-NPT サイズ: 1/8;L サイズ (mm/in): 30.5(1.20);B: 9.7 (0.38 );G：12.0（0.47）,P-NPT 크기: 1/8; L 크기(mm/in): 30.5(1.20); B: 9.7(0.38); G: 12.0(0.47),Taille P-NPT: 1/8; L Dimensions (mm/pouce): 30.5 (1.20); B: 9.7 (0.38); G: 12.0 (0.47),أبعاد P-NPT: 1/8; L الحجم (مم / بوصة): 30.5 (1.20); ب: 9.7(0.38)؛ ز: 12.0 (0.47),1341,2026-09-09 14:39:31.8
1785,,5,316-KE-F15M,卡套弯头,尺寸， mm（ in. ） L: 38.0(1.50); C: 24.4(0.96); G: 25.0(0.98); F: 23.8（0.94）,,sleeve elbow,フェルールエルボ,카드 슬리브 엘보,Coude de manchon de carte,كوع غطاء البطاقة,"dimensions , mm( in. ) L: 38.0(1.50); C: 24.4(0.96); G: 25.0(0.98); F: 23.8 (0.94)","サイズ, mm( in. ) L: 38.0(1.50 );C：24.4（0.96 ）；G：25.0（0.98 ）；F：23.8（0.94）","크기 , mm( in. ) L: 38.0(1.50); C: 24.4(0.96); G: 25.0(0.98); F: 23.8(0.94)","Dimensions , mm (in.) L: 38.0 (1.50); C: 24.4 (0.96); G: 25.0 (0.98); F: 23.8 (0.94)",الحجم ، مم ( في ) ل: 38.0(1.50); ج: 24.4(0.96); ز: 25.0(0.98)؛ و: 23.8 (0.94),1370,2026-09-09 14:39:31.888
1787,,5,316-KE-F16M,卡套弯头,尺寸， mm（ in. ） L: 38.0(1.50); C: 24.4(0.96); G: 25.0(0.98); F: 23.8（0.94）,,sleeve elbow,フェルールエルボ,카드 슬리브 엘보,Coude de manchon de carte,كوع غطاء البطاقة,"dimensions , mm( in. ) L: 38.0(1.50); C: 24.4(0.96); G: 25.0(0.98); F: 23.8 (0.94)","サイズ, mm( in. ) L: 38.0(1.50 );C：24.4（0.96 ）；G：25.0（0.98 ）；F：23.8（0.94）","크기 , mm( in. ) L: 38.0(1.50); C: 24.4(0.96); G: 25.0(0.98); F: 23.8(0.94)","Dimensions , mm (in.) L: 38.0 (1.50); C: 24.4 (0.96); G: 25.0 (0.98); F: 23.8 (0.94)",الحجم ، مم ( في ) ل: 38.0(1.50); ج: 24.4(0.96); ز: 25.0(0.98)؛ و: 23.8 (0.94),1372,2026-09-09 14:39:31.894
1793,,5,316-KE-F22M,卡套弯头,尺寸， mm（ in. ） L: 44.6(1.76); C: 26.0(1.02); G: 32.0(1.26); F: 34.9（1.37）,,sleeve elbow,フェルールエルボ,카드 슬리브 엘보,Coude de manchon de carte,كوع غطاء البطاقة,"dimensions , mm( in. ) L: 44.6(1.76); C: 26.0(1.02); G: 32.0(1.26); F: 34.9 (1.37)","サイズ, mm( in. ) L: 44.6(1.76 );C：26.0（1.02 ）；G：32.0（1.26 ）；F：34.9（1.37）","크기 , mm( in. ) L: 44.6(1.76); C: 26.0(1.02); G: 32.0(1.26); F: 34.9(1.37)","Dimensions , mm (in.) L: 44.6 (1.76); C: 26.0 (1.02); G: 32.0 (1.26); F: 34.9 (1.37)",الحجم ، مم ( في ) ل: 44.6(1.76); ج: 26.0(1.02); ز: 32.0(1.26)؛ و: 34.9 (1.37),1378,2026-09-09 14:39:31.913
1832,,5,316-KU-F16M-PB8,卡套焊接接头,Pipe 管 焊接尺寸: 1/2; L 尺寸 (mm/in): 49.0(1.90); C: 24.4（0.96）; G: 25.0（0.98）,,sleeve welding joint,スリーブ溶接継手,카드 슬리브 용접 조인트,Joint soudé à manchon,غلاف ملحومة المفصل,Pipe welding dimensions: 1/2; L size (mm/in): 49.0(1.90); C: 24.4(0.96); G: 25.0 (0.98),Pipe 管 溶接寸法: 1/2;L サイズ (mm/in): 49.0(1.90);C: 24.4 (0.96 );G：25.0（0.98）,Pipe 파이프 용접 크기: 1/2; L 크기(mm/in): 49.0(1.90); C: 24.4(0.96); G: 25.0(0.98),Taille de soudage du tuyau: 1/2; L Taille (mm/pouce): 49.0 (1.90); C: 24.4 (0.96); G: 25.0 (0.98),حجم لحام أنبوب الأنابيب: 1/2; L الحجم (مم/بوصة): 49.0(1.90); ج: 24.4(0.96)؛ ز: 25.0 (0.98),1417,2026-09-09 14:39:32.034
2032,,5,316-KU-TF12-N8,卡套管外螺纹直通接头,P-NPT 尺寸: 1/2; L 尺寸 (mm/in): 2.06（52.3）; B: 0.75(19.1); E: 0.47(11.9),,Cartridge tube external thread through connector,スリーブ雄ねじスルージョイント,카드 슬리브 수 스루 커넥터,Joint traversant fileté extérieur pour tube de serrage,غلاف البطاقة خيط خارجي من خلال موصل,P-NPT size: 1/2; L size (mm/in): 2.06 (52.3); B: 0.75(19.1); E: 0.47(11.9),P-NPT サイズ: 1/2;L サイズ (mm/in): 2.06(52.3 );B：0.75（19.1 ）；E：0.47（11.9）,P-NPT 크기: 1/2; L 크기(mm/in): 2.06(52.3); B: 0.75(19.1); E: 0.47(11.9),Taille P-NPT: 1/2; L Taille (mm/pouce): 2.06 (52.3); B: 0.75 (19.1); E: 0.47 (11.9),أبعاد P-NPT: 1/2; L الحجم (مم / بوصة): 2.06 (52.3); ب: 0.75(19.1); هـ: 0.47(11.9),1617,2026-09-09 14:39:32.644
2061,,5,316-KU-TF18M-N8,卡套管外螺纹直通接头,P-NPT 尺寸: 1/2; L 尺寸 (mm/in): 50.8(2.00); B: 19.1(0.75); E: 11.9(0.47),,Cartridge tube external thread through connector,スリーブ雄ねじスルージョイント,카드 슬리브 수 스루 커넥터,Joint traversant fileté extérieur pour tube de serrage,غلاف البطاقة خيط خارجي من خلال موصل,P-NPT size: 1/2; L size (mm/in): 50.8(2.00); B: 19.1(0.75); E: 11.9(0.47),P-NPT サイズ: 1/2;L サイズ (mm/in): 50.8(2.00 );B：19.1（0.75 ）；E：11.9（0.47）,P-NPT 크기: 1/2; L 크기(mm/in): 50.8(2.00); B: 19.1(0.75); E: 11.9(0.47),Taille P-NPT: 1/2; L Taille (mm/pouce): 50.8 (2.00); B: 19.1 (0.75); E: 11.9 (0.47),أبعاد P-NPT: 1/2; L الحجم (مم/بوصة): 50.8(2.00); ب: 19.1(0.75); هـ: 11.9(0.47),1646,2026-09-09 14:39:32.732
2131,,5,316-KU-TF5-N2,卡套管外螺纹直通接头,材质: 316 不锈钢 / 合金 / 黄铜 / 双相钢,,Cartridge tube external thread through connector,スリーブ雄ねじスルージョイント,카드 슬리브 수 스루 커넥터,Joint traversant fileté extérieur pour tube de serrage,غلاف البطاقة خيط خارجي من خلال موصل,Material: 316 Stainless steel / Alloy / Brass / Duplex steel,材質: 316 ステンレス鋼 / 合金 / 真鍮 / デュプレックス鋼,재질: 316 스테인레스 스틸 / 합금 / 황동 / 듀플렉스 스틸,Matériel: 316 acier inoxydable/alliage/laiton/acier duplex,المواد: 316 الفولاذ المقاوم للصدأ / سبيكة / نحاس / فولاذ مزدوج,1716,2026-09-09 14:39:32.941
2155,,5,316-KU-TF6M-N2,卡套管外螺纹直通接头,材质: 316 不锈钢 / 合金 / 黄铜 / 双相钢,,Cartridge tube external thread through connector,スリーブ雄ねじスルージョイント,카드 슬리브 수 스루 커넥터,Joint traversant fileté extérieur pour tube de serrage,غلاف البطاقة خيط خارجي من خلال موصل,Material: 316 Stainless steel / Alloy / Brass / Duplex steel,材質: 316 ステンレス鋼 / 合金 / 真鍮 / デュプレックス鋼,재질: 316 스테인레스 스틸 / 합금 / 황동 / 듀플렉스 스틸,Matériel: 316 acier inoxydable/alliage/laiton/acier duplex,المواد: 316 الفولاذ المقاوم للصدأ / سبيكة / نحاس / فولاذ مزدوج,1740,2026-09-09 14:39:33.011
2192,,5,316-KCP-F15M,卡套管帽,尺寸， mm（ in. ） L: 29.1(1.15); C: 24.4(0.96); G: 25.0(0.98); 材质: 316 不锈钢 / 合金 / 黄铜 / 双相钢,,tube cap,スリーブキャップ,카드 슬리브 캡,Capuchon de tube de carte,غطاء أنبوب البطاقة,"dimensions , mm( in. ) L: 29.1(1.15); C: 24.4(0.96); G: 25.0(0.98); Material: 316 Stainless steel / Alloy / Brass / Duplex steel","サイズ, mm( in. ) L: 29.1(1.15 );C：24.4（0.96 ）；G：25.0（0.98）；素材: 316 ステンレス鋼 / 合金 / 真鍮 / デュプレックス鋼","크기 , mm( in. ) L: 29.1(1.15); C: 24.4(0.96); G: 25.0(0.98); 재질: 316 스테인레스 스틸 / 합금 / 황동 / 듀플렉스 스틸","Dimensions , mm (in.) L: 29.1 (1.15); C: 24.4 (0.96); G: 25.0 (0.98); Matériel: 316 acier inoxydable/alliage/laiton/acier duplex",الحجم ، مم ( في ) ل: 29.1(1.15); ج: 24.4(0.96); ز: 25.0(0.98)؛ المواد: 316 الفولاذ المقاوم للصدأ / سبيكة / نحاس / فولاذ مزدوج,1777,2026-09-09 14:39:33.122
2195,,5,316-KCP-F18M,卡套管帽,尺寸， mm（ in. ） L: 29.1(1.15); C: 24.4(0.96); G: 25.0(0.98); 材质: 316 不锈钢 / 合金 / 黄铜 / 双相钢,,tube cap,スリーブキャップ,카드 슬리브 캡,Capuchon de tube de carte,غطاء أنبوب البطاقة,"dimensions , mm( in. ) L: 29.1(1.15); C: 24.4(0.96); G: 25.0(0.98); Material: 316 Stainless steel / Alloy / Brass / Duplex steel","サイズ, mm( in. ) L: 29.1(1.15 );C：24.4（0.96 ）；G：25.0（0.98）；素材: 316 ステンレス鋼 / 合金 / 真鍮 / デュプレックス鋼","크기 , mm( in. ) L: 29.1(1.15); C: 24.4(0.96); G: 25.0(0.98); 재질: 316 스테인레스 스틸 / 합금 / 황동 / 듀플렉스 스틸","Dimensions , mm (in.) L: 29.1 (1.15); C: 24.4 (0.96); G: 25.0 (0.98); Matériel: 316 acier inoxydable/alliage/laiton/acier duplex",الحجم ، مم ( في ) ل: 29.1(1.15); ج: 24.4(0.96); ز: 25.0(0.98)؛ المواد: 316 الفولاذ المقاوم للصدأ / سبيكة / نحاس / فولاذ مزدوج,1780,2026-09-09 14:39:33.131
2199,,5,316-KCP-F22M,卡套管帽,尺寸， mm（ in. ） L: 31.0(1.34); C: 26.0(1.02); G: 32.0(1.26); 材质: 316 不锈钢 / 合金 / 黄铜 / 双相钢,,tube cap,スリーブキャップ,카드 슬리브 캡,Capuchon de tube de carte,غطاء أنبوب البطاقة,"dimensions , mm( in. ) L: 31.0(1.34); C: 26.0(1.02); G: 32.0(1.26); Material: 316 Stainless steel / Alloy / Brass / Duplex steel","サイズ, mm( in. ) L: 31.0(1.34 );C：26.0（1.02 ）；G：32.0（1.26）；素材: 316 ステンレス鋼 / 合金 / 真鍮 / デュプレックス鋼","크기 , mm( in. ) L: 31.0(1.34); C: 26.0(1.02); G: 32.0(1.26); 재질: 316 스테인레스 스틸 / 합금 / 황동 / 듀플렉스 스틸","Dimensions , mm (in.) L: 31.0 (1.34); C: 26.0 (1.02); G: 32.0 (1.26); Matériel: 316 acier inoxydable/alliage/laiton/acier duplex",الحجم ، مم ( في ) ل: 31.0(1.34); ج: 26.0(1.02); ز: 32.0(1.26)؛ المواد: 316 الفولاذ المقاوم للصدأ / سبيكة / نحاس / فولاذ مزدوج,1784,2026-09-09 14:39:33.143
2208,,5,316-KCP-F3M,卡套管帽,尺寸， mm（ in. ） L: 20.1(0.79); C: 12.9(0.51); G: 12.0(0.47); 材质: 316 不锈钢 / 合金 / 黄铜 / 双相钢,,tube cap,スリーブキャップ,카드 슬리브 캡,Capuchon de tube de carte,غطاء أنبوب البطاقة,"dimensions , mm( in. ) L: 20.1(0.79); C: 12.9(0.51); G: 12.0(0.47); Material: 316 Stainless steel / Alloy / Brass / Duplex steel","サイズ, mm( in. ) L: 20.1(0.79 );C：12.9（0.51 ）；G：12.0（0.47）；素材: 316 ステンレス鋼 / 合金 / 真鍮 / デュプレックス鋼","크기 , mm( in. ) L: 20.1(0.79); C: 12.9(0.51); G: 12.0(0.47); 재질: 316 스테인레스 스틸 / 합금 / 황동 / 듀플렉스 스틸","Dimensions , mm (in.) L: 20.1 (0.79); C: 12.9 (0.51); G: 12.0 (0.47); Matériel: 316 acier inoxydable/alliage/laiton/acier duplex",الحجم ، مم ( في ) ل: 20.1(0.79); ج: 12.9(0.51); ز: 12.0(0.47)؛ المواد: 316 الفولاذ المقاوم للصدأ / سبيكة / نحاس / فولاذ مزدوج,1793,2026-09-09 14:39:33.17
2239,,5,316-KN-F12,卡套螺母,尺寸， in.（ mm ） L: 0.69(17.5); 材质: 316 不锈钢 / 合金 / 黄铜 / 双相钢,,sleeve nut,スリーブナット,슬리브 너트,écrou manchon de carte,غطاء الجوز,"dimensions , in. (mm) L: 0.69(17.5); Material: 316 Stainless steel / Alloy / Brass / Duplex steel","サイズ, in.( mm ) L: 0.69(17.5);素材: 316 ステンレス鋼 / 合金 / 真鍮 / デュプレックス鋼","크기 , in.( mm ) L: 0.69(17.5); 재질: 316 스테인레스 스틸 / 합금 / 황동 / 듀플렉스 스틸","Dimensions , en. (mm) L: 0.69 (17.5); Matériel: 316 acier inoxydable/alliage/laiton/acier duplex",الحجم ، في.(مم) L: 0.69(17.5); المواد: 316 الفولاذ المقاوم للصدأ / سبيكة / نحاس / فولاذ مزدوج,1824,2026-09-09 14:39:33.263
2241,,5,316-KN-F14,卡套螺母,尺寸， in.（ mm ） L: 0.69(17.5); 材质: 316 不锈钢 / 合金 / 黄铜 / 双相钢,,sleeve nut,スリーブナット,슬리브 너트,écrou manchon de carte,غطاء الجوز,"dimensions , in. (mm) L: 0.69(17.5); Material: 316 Stainless steel / Alloy / Brass / Duplex steel","サイズ, in.( mm ) L: 0.69(17.5);素材: 316 ステンレス鋼 / 合金 / 真鍮 / デュプレックス鋼","크기 , in.( mm ) L: 0.69(17.5); 재질: 316 스테인레스 스틸 / 합금 / 황동 / 듀플렉스 스틸","Dimensions , en. (mm) L: 0.69 (17.5); Matériel: 316 acier inoxydable/alliage/laiton/acier duplex",الحجم ، في.(مم) L: 0.69(17.5); المواد: 316 الفولاذ المقاوم للصدأ / سبيكة / نحاس / فولاذ مزدوج,1826,2026-09-09 14:39:33.269
2242,,5,316-KN-F14M,卡套螺母,尺寸， mm（ in. ） L: 17.4(0.69); 材质: 316 不锈钢 / 合金 / 黄铜 / 双相钢,,sleeve nut,スリーブナット,슬리브 너트,écrou manchon de carte,غطاء الجوز,"dimensions , mm( in. ) L: 17.4(0.69); Material: 316 Stainless steel / Alloy / Brass / Duplex steel","サイズ, mm( in. ) L: 17.4(0.69);素材: 316 ステンレス鋼 / 合金 / 真鍮 / デュプレックス鋼","크기 , mm( in. ) L: 17.4(0.69); 재질: 316 스테인레스 스틸 / 합금 / 황동 / 듀플렉스 스틸","Dimensions , mm (in.) L: 17.4 (0.69); Matériel: 316 acier inoxydable/alliage/laiton/acier duplex",الحجم ، مم ( في ) ل: 17.4(0.69); المواد: 316 الفولاذ المقاوم للصدأ / سبيكة / نحاس / فولاذ مزدوج,1827,2026-09-09 14:39:33.273
2243,,5,316-KN-F15M,卡套螺母,尺寸， mm（ in. ） L: 17.4(0.69); 材质: 316 不锈钢 / 合金 / 黄铜 / 双相钢,,sleeve nut,スリーブナット,슬리브 너트,écrou manchon de carte,غطاء الجوز,"dimensions , mm( in. ) L: 17.4(0.69); Material: 316 Stainless steel / Alloy / Brass / Duplex steel","サイズ, mm( in. ) L: 17.4(0.69);素材: 316 ステンレス鋼 / 合金 / 真鍮 / デュプレックス鋼","크기 , mm( in. ) L: 17.4(0.69); 재질: 316 스테인레스 스틸 / 합금 / 황동 / 듀플렉스 스틸","Dimensions , mm (in.) L: 17.4 (0.69); Matériel: 316 acier inoxydable/alliage/laiton/acier duplex",الحجم ، مم ( في ) ل: 17.4(0.69); المواد: 316 الفولاذ المقاوم للصدأ / سبيكة / نحاس / فولاذ مزدوج,1828,2026-09-09 14:39:33.276
2245,,5,316-KN-F16M,卡套螺母,尺寸， mm（ in. ） L: 17.4(0.69); 材质: 316 不锈钢 / 合金 / 黄铜 / 双相钢,,sleeve nut,スリーブナット,슬리브 너트,écrou manchon de carte,غطاء الجوز,"dimensions , mm( in. ) L: 17.4(0.69); Material: 316 Stainless steel / Alloy / Brass / Duplex steel","サイズ, mm( in. ) L: 17.4(0.69);素材: 316 ステンレス鋼 / 合金 / 真鍮 / デュプレックス鋼","크기 , mm( in. ) L: 17.4(0.69); 재질: 316 스테인레스 스틸 / 합금 / 황동 / 듀플렉스 스틸","Dimensions , mm (in.) L: 17.4 (0.69); Matériel: 316 acier inoxydable/alliage/laiton/acier duplex",الحجم ، مم ( في ) ل: 17.4(0.69); المواد: 316 الفولاذ المقاوم للصدأ / سبيكة / نحاس / فولاذ مزدوج,1830,2026-09-09 14:39:33.282
2247,,5,316-KN-F18M,卡套螺母,尺寸， mm（ in. ） L: 17.4(0.69); 材质: 316 不锈钢 / 合金 / 黄铜 / 双相钢,,sleeve nut,スリーブナット,슬리브 너트,écrou manchon de carte,غطاء الجوز,"dimensions , mm( in. ) L: 17.4(0.69); Material: 316 Stainless steel / Alloy / Brass / Duplex steel","サイズ, mm( in. ) L: 17.4(0.69);素材: 316 ステンレス鋼 / 合金 / 真鍮 / デュプレックス鋼","크기 , mm( in. ) L: 17.4(0.69); 재질: 316 스테인레스 스틸 / 합금 / 황동 / 듀플렉스 스틸","Dimensions , mm (in.) L: 17.4 (0.69); Matériel: 316 acier inoxydable/alliage/laiton/acier duplex",الحجم ، مم ( في ) ل: 17.4(0.69); المواد: 316 الفولاذ المقاوم للصدأ / سبيكة / نحاس / فولاذ مزدوج,1832,2026-09-09 14:39:33.288
2250,,5,316-KN-F20M,卡套螺母,尺寸， mm（ in. ） L: 17.4(0.69); 材质: 316 不锈钢 / 合金 / 黄铜 / 双相钢,,sleeve nut,スリーブナット,슬리브 너트,écrou manchon de carte,غطاء الجوز,"dimensions , mm( in. ) L: 17.4(0.69); Material: 316 Stainless steel / Alloy / Brass / Duplex steel","サイズ, mm( in. ) L: 17.4(0.69);素材: 316 ステンレス鋼 / 合金 / 真鍮 / デュプレックス鋼","크기 , mm( in. ) L: 17.4(0.69); 재질: 316 스테인레스 스틸 / 합금 / 황동 / 듀플렉스 스틸","Dimensions , mm (in.) L: 17.4 (0.69); Matériel: 316 acier inoxydable/alliage/laiton/acier duplex",الحجم ، مم ( في ) ل: 17.4(0.69); المواد: 316 الفولاذ المقاوم للصدأ / سبيكة / نحاس / فولاذ مزدوج,1835,2026-09-09 14:39:33.297
2251,,5,316-KN-F22M,卡套螺母,尺寸， mm（ in. ） L: 17.4(0.69); 材质: 316 不锈钢 / 合金 / 黄铜 / 双相钢,,sleeve nut,スリーブナット,슬리브 너트,écrou manchon de carte,غطاء الجوز,"dimensions , mm( in. ) L: 17.4(0.69); Material: 316 Stainless steel / Alloy / Brass / Duplex steel","サイズ, mm( in. ) L: 17.4(0.69);素材: 316 ステンレス鋼 / 合金 / 真鍮 / デュプレックス鋼","크기 , mm( in. ) L: 17.4(0.69); 재질: 316 스테인레스 스틸 / 합금 / 황동 / 듀플렉스 스틸","Dimensions , mm (in.) L: 17.4 (0.69); Matériel: 316 acier inoxydable/alliage/laiton/acier duplex",الحجم ، مم ( في ) ل: 17.4(0.69); المواد: 316 الفولاذ المقاوم للصدأ / سبيكة / نحاس / فولاذ مزدوج,1836,2026-09-09 14:39:33.299
2256,,5,316-KN-F3,卡套螺母,尺寸， in.（ mm ） L: 0.47(11.9); 材质: 316 不锈钢 / 合金 / 黄铜 / 双相钢,,sleeve nut,スリーブナット,슬리브 너트,écrou manchon de carte,غطاء الجوز,"dimensions , in. (mm) L: 0.47(11.9); Material: 316 Stainless steel / Alloy / Brass / Duplex steel","サイズ, in.( mm ) L: 0.47(11.9);素材: 316 ステンレス鋼 / 合金 / 真鍮 / デュプレックス鋼","크기 , in.( mm ) L: 0.47(11.9); 재질: 316 스테인레스 스틸 / 합금 / 황동 / 듀플렉스 스틸","Dimensions , en. (mm) L: 0.47 (11.9); Matériel: 316 acier inoxydable/alliage/laiton/acier duplex",الحجم ، في.(مم) L: 0.47(11.9); المواد: 316 الفولاذ المقاوم للصدأ / سبيكة / نحاس / فولاذ مزدوج,1841,2026-09-09 14:39:33.314
2260,,5,316-KN-F3M,卡套螺母,尺寸， mm（ in. ） L: 11.9(0.47); 材质: 316 不锈钢 / 合金 / 黄铜 / 双相钢,,sleeve nut,スリーブナット,슬리브 너트,écrou manchon de carte,غطاء الجوز,"dimensions , mm( in. ) L: 11.9(0.47); Material: 316 Stainless steel / Alloy / Brass / Duplex steel","サイズ, mm( in. ) L: 11.9(0.47);素材: 316 ステンレス鋼 / 合金 / 真鍮 / デュプレックス鋼","크기 , mm( in. ) L: 11.9(0.47); 재질: 316 스테인레스 스틸 / 합금 / 황동 / 듀플렉스 스틸","Dimensions , mm (in.) L: 11.9 (0.47); Matériel: 316 acier inoxydable/alliage/laiton/acier duplex",الحجم ، مم ( في ) ل: 11.9(0.47); المواد: 316 الفولاذ المقاوم للصدأ / سبيكة / نحاس / فولاذ مزدوج,1845,2026-09-09 14:39:33.326
2265,,5,316-KN-F8,卡套螺母,尺寸， in.（ mm ） L: 0.69(17.5); 材质: 316 不锈钢 / 合金 / 黄铜 / 双相钢,,sleeve nut,スリーブナット,슬리브 너트,écrou manchon de carte,غطاء الجوز,"dimensions , in. (mm) L: 0.69(17.5); Material: 316 Stainless steel / Alloy / Brass / Duplex steel","サイズ, in.( mm ) L: 0.69(17.5);素材: 316 ステンレス鋼 / 合金 / 真鍮 / デュプレックス鋼","크기 , in.( mm ) L: 0.69(17.5); 재질: 316 스테인레스 스틸 / 합금 / 황동 / 듀플렉스 스틸","Dimensions , en. (mm) L: 0.69 (17.5); Matériel: 316 acier inoxydable/alliage/laiton/acier duplex",الحجم ، في.(مم) L: 0.69(17.5); المواد: 316 الفولاذ المقاوم للصدأ / سبيكة / نحاس / فولاذ مزدوج,1850,2026-09-09 14:39:33.342
2397,,5,316-KI-12-8,端口接头,Tx-Tube 管内径 （in.）: 1/2; 材质: 316 不锈钢 / 合金 / 黄铜 / 双相钢,,port connector,ポートコネクタ,포트 커넥터,Connecteur de port,موصل المنفذ,Tx-Tube Inner Diameter (in.): 1/2; Material: 316 Stainless steel / Alloy / Brass / Duplex steel,Tx-Tube チューブ内径 (in.): 1/2;材質: 316 ステンレス鋼 / 合金 / 真鍮 / デュプレックス鋼,Tx-Tube 튜브 내경(in.): 1/2; 재질: 316 스테인레스 스틸 / 합금 / 황동 / 듀플렉스 스틸,Diamètre intérieur du Tube Tx-Tube (en pouces): 1/2; Matériel: 316 acier inoxydable/alliage/laiton/acier duplex,القطر الداخلي لأنبوب Tx (بوصة): 1/2؛ المواد: 316 الفولاذ المقاوم للصدأ / سبيكة / نحاس / فولاذ مزدوج,1982,2026-09-09 14:39:33.737
2399,,5,316-KI-12M-8M,端口接头,Tx-Tube 管内径 （mm）: 8; 材质: 316 不锈钢 / 合金 / 黄铜 / 双相钢,,port connector,ポートコネクタ,포트 커넥터,Connecteur de port,موصل المنفذ,Tx-Tube inner diameter (mm): 8; Material: 316 Stainless steel / Alloy / Brass / Duplex steel,Tx-Tube 管内径 (mm): 8;材質: 316 ステンレス鋼 / 合金 / 真鍮 / デュプレックス鋼,Tx-Tube 튜브 내경 (mm): 8; 재질: 316 스테인레스 스틸 / 합금 / 황동 / 듀플렉스 스틸,Diamètre intérieur du Tube Tx (mm): 8; Matériel: 316 acier inoxydable/alliage/laiton/acier duplex,القطر الداخلي لأنبوب Tx (مم): 8؛ المواد: 316 الفولاذ المقاوم للصدأ / سبيكة / نحاس / فولاذ مزدوج,1984,2026-09-09 14:39:33.744
2403,,5,316-KI-4-2,端口接头,Tx-Tube 管内径 （in.）: 1/8; 材质: 316 不锈钢 / 合金 / 黄铜 / 双相钢,,port connector,ポートコネクタ,포트 커넥터,Connecteur de port,موصل المنفذ,Tx-Tube Inner Diameter (in.): 1/8; Material: 316 Stainless steel / Alloy / Brass / Duplex steel,Tx-Tube チューブ内径 (in.): 1/8;材質: 316 ステンレス鋼 / 合金 / 真鍮 / デュプレックス鋼,Tx-Tube 튜브 내경(in.): 1/8; 재질: 316 스테인레스 스틸 / 합금 / 황동 / 듀플렉스 스틸,Diamètre intérieur du Tube Tx-Tube (en pouces): 1/8; Matériel: 316 acier inoxydable/alliage/laiton/acier duplex,القطر الداخلي لأنبوب Tx (بوصة): 1/8؛ المواد: 316 الفولاذ المقاوم للصدأ / سبيكة / نحاس / فولاذ مزدوج,1988,2026-09-09 14:39:33.756
2405,,5,316-KI-5-2,端口接头,Tx-Tube 管内径 （in.）: 1/8; 材质: 316 不锈钢 / 合金 / 黄铜 / 双相钢,,port connector,ポートコネクタ,포트 커넥터,Connecteur de port,موصل المنفذ,Tx-Tube Inner Diameter (in.): 1/8; Material: 316 Stainless steel / Alloy / Brass / Duplex steel,Tx-Tube チューブ内径 (in.): 1/8;材質: 316 ステンレス鋼 / 合金 / 真鍮 / デュプレックス鋼,Tx-Tube 튜브 내경(in.): 1/8; 재질: 316 스테인레스 스틸 / 합금 / 황동 / 듀플렉스 스틸,Diamètre intérieur du Tube Tx-Tube (en pouces): 1/8; Matériel: 316 acier inoxydable/alliage/laiton/acier duplex,القطر الداخلي لأنبوب Tx (بوصة): 1/8؛ المواد: 316 الفولاذ المقاوم للصدأ / سبيكة / نحاس / فولاذ مزدوج,1990,2026-09-09 14:39:33.762
2406,,5,316-KI-5-3,端口接头,Tx-Tube 管内径 （in.）: 3/16; 材质: 316 不锈钢 / 合金 / 黄铜 / 双相钢,,port connector,ポートコネクタ,포트 커넥터,Connecteur de port,موصل المنفذ,Tx-Tube Inner Diameter (in.): 3/16; Material: 316 Stainless steel / Alloy / Brass / Duplex steel,Tx-Tube チューブ内径 (in.): 3/16;材質: 316 ステンレス鋼 / 合金 / 真鍮 / デュプレックス鋼,Tx-Tube 튜브 내경(in.): 3/16; 재질: 316 스테인레스 스틸 / 합금 / 황동 / 듀플렉스 스틸,Diamètre intérieur du Tube Tx-Tube (en pouces): 3/16; Matériel: 316 acier inoxydable/alliage/laiton/acier duplex,القطر الداخلي لأنبوب Tx (بوصة): 3/16؛ المواد: 316 الفولاذ المقاوم للصدأ / سبيكة / نحاس / فولاذ مزدوج,1991,2026-09-09 14:39:33.765
2408,,5,316-KI-6-3,端口接头,Tx-Tube 管内径 （in.）: 3/16; 材质: 316 不锈钢 / 合金 / 黄铜 / 双相钢,,port connector,ポートコネクタ,포트 커넥터,Connecteur de port,موصل المنفذ,Tx-Tube Inner Diameter (in.): 3/16; Material: 316 Stainless steel / Alloy / Brass / Duplex steel,Tx-Tube チューブ内径 (in.): 3/16;材質: 316 ステンレス鋼 / 合金 / 真鍮 / デュプレックス鋼,Tx-Tube 튜브 내경(in.): 3/16; 재질: 316 스테인레스 스틸 / 합금 / 황동 / 듀플렉스 스틸,Diamètre intérieur du Tube Tx-Tube (en pouces): 3/16; Matériel: 316 acier inoxydable/alliage/laiton/acier duplex,القطر الداخلي لأنبوب Tx (بوصة): 3/16؛ المواد: 316 الفولاذ المقاوم للصدأ / سبيكة / نحاس / فولاذ مزدوج,1993,2026-09-09 14:39:33.771
2409,,5,316-KI-6-4,端口接头,Tx-Tube 管内径 （in.）: 1/4; 材质: 316 不锈钢 / 合金 / 黄铜 / 双相钢,,port connector,ポートコネクタ,포트 커넥터,Connecteur de port,موصل المنفذ,Tx-Tube Inner Diameter (in.): 1/4; Material: 316 Stainless steel / Alloy / Brass / Duplex steel,Tx-Tube チューブ内径 (in.): 1/4;材質: 316 ステンレス鋼 / 合金 / 真鍮 / デュプレックス鋼,Tx-Tube 튜브 내경(in.): 1/4; 재질: 316 스테인레스 스틸 / 합금 / 황동 / 듀플렉스 스틸,Diamètre intérieur du Tube Tx-Tube (en pouces): 1/4; Matériel: 316 acier inoxydable/alliage/laiton/acier duplex,القطر الداخلي لأنبوب Tx (بوصة): 1/4؛ المواد: 316 الفولاذ المقاوم للصدأ / سبيكة / نحاس / فولاذ مزدوج,1994,2026-09-09 14:39:33.773
2411,,5,316-KI-8-4,端口接头,Tx-Tube 管内径 （in.）: 1/4; 材质: 316 不锈钢 / 合金 / 黄铜 / 双相钢,,port connector,ポートコネクタ,포트 커넥터,Connecteur de port,موصل المنفذ,Tx-Tube Inner Diameter (in.): 1/4; Material: 316 Stainless steel / Alloy / Brass / Duplex steel,Tx-Tube チューブ内径 (in.): 1/4;材質: 316 ステンレス鋼 / 合金 / 真鍮 / デュプレックス鋼,Tx-Tube 튜브 내경(in.): 1/4; 재질: 316 스테인레스 스틸 / 합금 / 황동 / 듀플렉스 스틸,Diamètre intérieur du Tube Tx-Tube (en pouces): 1/4; Matériel: 316 acier inoxydable/alliage/laiton/acier duplex,القطر الداخلي لأنبوب Tx (بوصة): 1/4؛ المواد: 316 الفولاذ المقاوم للصدأ / سبيكة / نحاس / فولاذ مزدوج,1996,2026-09-09 14:39:33.78
2412,,5,316-KI-8-6,端口接头,Tx-Tube 管内径 （in.）: 3/8; 材质: 316 不锈钢 / 合金 / 黄铜 / 双相钢,,port connector,ポートコネクタ,포트 커넥터,Connecteur de port,موصل المنفذ,Tx-Tube Inner Diameter (in.): 3/8; Material: 316 Stainless steel / Alloy / Brass / Duplex steel,Tx-Tube チューブ内径 (in.): 3/8;材質: 316 ステンレス鋼 / 合金 / 真鍮 / デュプレックス鋼,Tx-Tube 튜브 내경(in.): 3/8; 재질: 316 스테인레스 스틸 / 합금 / 황동 / 듀플렉스 스틸,Diamètre intérieur du Tube Tx-Tube (en pouces): 3/8; Matériel: 316 acier inoxydable/alliage/laiton/acier duplex,القطر الداخلي لأنبوب Tx (بوصة): 3/8؛ المواد: 316 الفولاذ المقاوم للصدأ / سبيكة / نحاس / فولاذ مزدوج,1997,2026-09-09 14:39:33.783
2566,,6,316-NU-N6-MS20,六方外螺纹接头,Px-公制螺纹 尺寸: M20x1.5; 尺寸，mm（in.）: 37.2（1.46）; 参数 4: 22.2（0.87）; 参数 5: 14.2（0.56）,,Hexagonal external threaded joint,六角雄ねじ継手,육각형 수나사 조인트,Joint fileté mâle hexagonal,موصل خيط خارجي سداسي الأطراف,"Px - Metric thread size: M20x1.5; Dimensions, mm (in.): 37.2 (1.46); Parameter 4: 22.2(0.87); Parameter 5: 14.2 (0.56)",Px-メートルねじ 寸法: M20x1.5;寸法、mm (in.): 37.2 (1.46);パラメータ 4: 22.2(0.87);パラメータ 5: 14.2(0.56),"Px-미터법 스레드 크기: M20x1.5; 크기, mm(in.): 37.2(1.46); 매개변수 4: 22.2(0.87); 매개변수 5: 14.2(0.56)","PX-Taille du filetage métrique: M20x1.5; Dimensions, mm (in.): 37.2 (1.46); Paramètres 4: 22.2 (0.87); Paramètres 5: 14.2 (0.56)",حجم الخيط المتري Px: M20x1.5; الأبعاد ، مم (بوصة): 37.2 (1.46); المعلمة 4: 22.2(0.87); المعلمة 5: 14.2 (0.56),108,2026-09-09 14:39:34.263
2587,,6,316-NU-RS6-MS20,六方外螺纹接头,Px-公制螺纹 尺寸: M20x1.5; 尺寸，mm（in.）: 37.2（1.46）; 参数 4: 22.2(0.87); 参数 5: 11.2(0.44),,Hexagonal external threaded joint,六角雄ねじ継手,육각형 수나사 조인트,Joint fileté mâle hexagonal,موصل خيط خارجي سداسي الأطراف,"Px - Metric thread size: M20x1.5; Dimensions, mm (in.): 37.2 (1.46); Parameter 4: 22.2(0.87); Parameter 5: 11.2(0.44)",Px-メートルねじ 寸法: M20x1.5;寸法、mm (in.): 37.2 (1.46);パラメータ 4: 22.2(0.87);パラメータ 5: 11.2(0.44),"Px-미터법 스레드 크기: M20x1.5; 크기, mm(in.): 37.2(1.46); 매개변수 4: 22.2(0.87); 매개변수 5: 11.2(0.44)","PX-Taille du filetage métrique: M20x1.5; Dimensions, mm (in.): 37.2 (1.46); Paramètres 4: 22.2 (0.87); Paramètres 5: 11.2 (0.44)",حجم الخيط المتري Px: M20x1.5; الأبعاد ، مم (بوصة): 37.2 (1.46); المعلمة 4: 22.2(0.87); المعلمة 5: 11.2(0.44),129,2026-09-09 14:39:34.327
2589,,6,316-NU-RT12,六方外螺纹接头,Px-RT 尺寸: 3/4; 尺寸，in（. mm）: 1.84（46.7）; 参数 4: 1.06(27.0); 参数 5: 0.75（19.1）,,Hexagonal external threaded joint,六角雄ねじ継手,육각형 수나사 조인트,Joint fileté mâle hexagonal,موصل خيط خارجي سداسي الأطراف,"Px-RT size: 3/4; dimensions , in(.mm): 1.84(46.7); Parameter 4: 1.06(27.0); Parameter 5: 0.75 (19.1)","Px-RT サイズ: 3/4;サイズ,in(.mm): 1.84(46.7);パラメータ 4: 1.06(27.0);パラメータ 5: 0.75(19.1)","Px-RT 크기: 3/4; 크기 ,in(. mm): 1.84(46.7); 매개변수 4: 1.06(27.0); 매개변수 5: 0.75(19.1)","Taille Px-RT: 3/4; Dimensions , in (. mm): 1.84 (46.7); Paramètres 4: 1.06 (27.0); Paramètres 5: 0.75 (19.1)",حجم Px-RT: 3/4; الحجم في(.مم): 1.84(46.7); المعلمة 4: 1.06(27.0); المعلمة 5: 0.75 (19.1),131,2026-09-09 14:39:34.332
2590,,6,316-NU-RT16,六方外螺纹接头,Px-RT 尺寸: 1; 尺寸，in（. mm）: 2.32（58.9）; 参数 4: 1.37(34.9); 参数 5: 0.94（23.9）,,Hexagonal external threaded joint,六角雄ねじ継手,육각형 수나사 조인트,Joint fileté mâle hexagonal,موصل خيط خارجي سداسي الأطراف,"Px-RT size: 1; dimensions , in(.mm): 2.32(58.9); Parameter 4: 1.37(34.9); Parameter 5: 0.94 (23.9)","Px-RT サイズ: 1;サイズ,in(.mm): 2.32(58.9);パラメータ 4: 1.37(34.9);パラメータ 5: 0.94(23.9)","Px-RT 크기: 1; 크기 ,in(. mm): 2.32(58.9); 매개변수 4: 1.37(34.9); 매개변수 5: 0.94(23.9)","Taille Px-RT: 1; Dimensions , in (. mm): 2.32 (58.9); Paramètres 4: 1.37 (34.9); Paramètres 5: 0.94 (23.9)",حجم Px-RT: 1; الحجم في(.مم): 2.32(58.9); المعلمة 4: 1.37(34.9); المعلمة 5: 0.94 (23.9),132,2026-09-09 14:39:34.335
2591,,6,316-NU-RT2,六方外螺纹接头,Px-RT 尺寸: 1/8; 尺寸，in（. mm）: 1.01（25.6）; 参数 4: 0.44（11.1）; 参数 5: 0.38（9.7）,,Hexagonal external threaded joint,六角雄ねじ継手,육각형 수나사 조인트,Joint fileté mâle hexagonal,موصل خيط خارجي سداسي الأطراف,"Px-RT size: 1/8; dimensions , in(.mm): 1.01(25.6); Parameter 4: 0.44(11.1); Parameter 5: 0.38 (9.7)","Px-RT サイズ: 1/8;サイズ,in(.mm): 1.01(25.6);パラメータ 4: 0.44(11.1);パラメータ 5: 0.38(9.7)","Px-RT 크기: 1/8; 크기 ,in(. mm): 1.01(25.6); 매개변수 4: 0.44(11.1); 매개변수 5: 0.38(9.7)","Taille Px-RT: 1/8; Dimensions , in (. mm): 1.01 (25.6); Paramètres 4: 0.44 (11.1); Paramètres 5: 0.38 (9.7)",حجم Px-RT: 1/8; الحجم في(.مم): 1.01(25.6); المعلمة 4: 0.44(11.1); المعلمة 5: 0.38 (9.7),133,2026-09-09 14:39:34.338
2593,,6,316-NU-RT4,六方外螺纹接头,Px-RT 尺寸: 1/4; 尺寸，in（. mm）: 1.40（35.6）; 参数 4: 0.56(14.3); 参数 5: 0.56（14.2）,,Hexagonal external threaded joint,六角雄ねじ継手,육각형 수나사 조인트,Joint fileté mâle hexagonal,موصل خيط خارجي سداسي الأطراف,"Px-RT size: 1/4; dimensions , in(.mm): 1.40(35.6); Parameter 4: 0.56(14.3); Parameter 5: 0.56 (14.2)","Px-RT サイズ: 1/4;サイズ,in(.mm): 1.40(35.6);パラメータ 4: 0.56(14.3);パラメータ 5: 0.56(14.2)","Px-RT 크기: 1/4; 크기 ,in(. mm): 1.40(35.6); 매개변수 4: 0.56(14.3); 매개변수 5: 0.56(14.2)","Taille Px-RT: 1/4; Dimensions , in (. mm): 1.40 (35.6); Paramètres 4: 0.56 (14.3); Paramètres 5: 0.56 (14.2)",حجم Px-RT: 1/4; الحجم في(.مم): 1.40(35.6); المعلمة 4: 0.56(14.3); المعلمة 5: 0.56 (14.2),135,2026-09-09 14:39:34.344
2595,,6,316-NU-RT4-MS20,六方外螺纹接头,Px-公制螺纹 尺寸: M20x1.5; 尺寸，mm（in.）: 37.2（1.46）; 参数 4: 22.2（0.87）; 参数 5: 14.2（0.56）,,Hexagonal external threaded joint,六角雄ねじ継手,육각형 수나사 조인트,Joint fileté mâle hexagonal,موصل خيط خارجي سداسي الأطراف,"Px - Metric thread size: M20x1.5; Dimensions, mm (in.): 37.2 (1.46); Parameter 4: 22.2(0.87); Parameter 5: 14.2 (0.56)",Px-メートルねじ 寸法: M20x1.5;寸法、mm (in.): 37.2 (1.46);パラメータ 4: 22.2(0.87);パラメータ 5: 14.2(0.56),"Px-미터법 스레드 크기: M20x1.5; 크기, mm(in.): 37.2(1.46); 매개변수 4: 22.2(0.87); 매개변수 5: 14.2(0.56)","PX-Taille du filetage métrique: M20x1.5; Dimensions, mm (in.): 37.2 (1.46); Paramètres 4: 22.2 (0.87); Paramètres 5: 14.2 (0.56)",حجم الخيط المتري Px: M20x1.5; الأبعاد ، مم (بوصة): 37.2 (1.46); المعلمة 4: 22.2(0.87); المعلمة 5: 14.2 (0.56),137,2026-09-09 14:39:34.35
2596,,6,316-NU-RT6,六方外螺纹接头,Px-RT 尺寸: 3/8; 尺寸，in（. mm）: 1.43（36.3）; 参数 4: 0.69(17.5); 参数 5: 0.56（14.2）,,Hexagonal external threaded joint,六角雄ねじ継手,육각형 수나사 조인트,Joint fileté mâle hexagonal,موصل خيط خارجي سداسي الأطراف,"Px-RT size: 3/8; dimensions , in(.mm): 1.43(36.3); Parameter 4: 0.69(17.5); Parameter 5: 0.56 (14.2)","Px-RT サイズ: 3/8;サイズ,in(.mm): 1.43(36.3);パラメータ 4: 0.69(17.5);パラメータ 5: 0.56(14.2)","Px-RT 크기: 3/8; 크기 ,in(. mm): 1.43(36.3); 매개변수 4: 0.69(17.5); 매개변수 5: 0.56(14.2)","Taille Px-RT: 3/8; Dimensions , in (. mm): 1.43 (36.3); Paramètres 4: 0.69 (17.5); Paramètres 5: 0.56 (14.2)",حجم Px-RT: 3/8; الحجم في(.مم): 1.43(36.3); المعلمة 4: 0.69(17.5); المعلمة 5: 0.56 (14.2),138,2026-09-09 14:39:34.353
2597,,6,316-NU-RT6-MS20,六方外螺纹接头,Px-公制螺纹 尺寸: M20x1.5; 尺寸，mm（in.）: 37.2（1.46）; 参数 4: 22.2（0.87）; 参数 5: 14.2（0.56）,,Hexagonal external threaded joint,六角雄ねじ継手,육각형 수나사 조인트,Joint fileté mâle hexagonal,موصل خيط خارجي سداسي الأطراف,"Px - Metric thread size: M20x1.5; Dimensions, mm (in.): 37.2 (1.46); Parameter 4: 22.2(0.87); Parameter 5: 14.2 (0.56)",Px-メートルねじ 寸法: M20x1.5;寸法、mm (in.): 37.2 (1.46);パラメータ 4: 22.2(0.87);パラメータ 5: 14.2(0.56),"Px-미터법 스레드 크기: M20x1.5; 크기, mm(in.): 37.2(1.46); 매개변수 4: 22.2(0.87); 매개변수 5: 14.2(0.56)","PX-Taille du filetage métrique: M20x1.5; Dimensions, mm (in.): 37.2 (1.46); Paramètres 4: 22.2 (0.87); Paramètres 5: 14.2 (0.56)",حجم الخيط المتري Px: M20x1.5; الأبعاد ، مم (بوصة): 37.2 (1.46); المعلمة 4: 22.2(0.87); المعلمة 5: 14.2 (0.56),139,2026-09-09 14:39:34.356
2598,,6,316-NU-RT8,六方外螺纹接头,Px-RT 尺寸: 1/2; 尺寸，in（. mm）: 1.84（46.7）; 参数 4: 0.87(22.2); 参数 5: 0.75（19.1）,,Hexagonal external threaded joint,六角雄ねじ継手,육각형 수나사 조인트,Joint fileté mâle hexagonal,موصل خيط خارجي سداسي الأطراف,"Px-RT size: 1/2; dimensions , in(.mm): 1.84(46.7); Parameter 4: 0.87(22.2); Parameter 5: 0.75 (19.1)","Px-RT サイズ: 1/2;サイズ,in(.mm): 1.84(46.7);パラメータ 4: 0.87(22.2);パラメータ 5: 0.75(19.1)","Px-RT 크기: 1/2; 크기 ,in(. mm): 1.84(46.7); 매개변수 4: 0.87(22.2); 매개변수 5: 0.75(19.1)","Taille Px-RT: 1/2; Dimensions , in (. mm): 1.84 (46.7); Paramètres 4: 0.87 (22.2); Paramètres 5: 0.75 (19.1)",حجم Px-RT: 1/2; الحجم في(.مم): 1.84(46.7); المعلمة 4: 0.87(22.2); المعلمة 5: 0.75 (19.1),140,2026-09-09 14:39:34.359
2607,,6,316-NPI-RT1,内六角螺纹堵头,尺寸，in（. mm） L: 0.30(7.6); F: 0.16(4.0); B: 0.29(7.4); 材质: 316 不锈钢 / 黄铜,,Internal hexagonal thread plug,六角ねじプラグ,육각형 나사 플러그,Bouchon fileté hexagonal,سدادة خيوط سداسية,"dimensions , in (.mm) L: 0.30(7.6); F: 0.16(4.0); B: 0.29(7.4); Material: 316 Stainless steel / Brass",サイズ，in(. mm) L: 0.30(7.6 );F：0.16（4.0 ）；B：0.29（7.4）；素材: 316 ステンレススチール / 真鍮,"크기 ,in(. mm) L: 0.30(7.6); F: 0.16(4.0); B: 0.29(7.4); 재질: 316 스테인레스 스틸 / 황동","Dimensions , en (. mm) L: 0.30 (7.6); F: 0.16 (4.0); B: 0.29 (7.4); Matériel: 316 acier inoxydable/laiton",الحجم في (. مم) L: 0.30(7.6); و: 0.16(4.0)؛ ب: 0.29(7.4); المواد: 316 الفولاذ المقاوم للصدأ / النحاس,149,2026-09-09 14:39:34.386
2608,,6,316-NPI-RT12,内六角螺纹堵头,尺寸，in（. mm） L: 0.78(19.8); F: 0.56(14.3); B: 0.66(16.7); 材质: 316 不锈钢 / 黄铜,,Internal hexagonal thread plug,六角ねじプラグ,육각형 나사 플러그,Bouchon fileté hexagonal,سدادة خيوط سداسية,"dimensions , in (.mm) L: 0.78(19.8); F: 0.56(14.3); B: 0.66(16.7); Material: 316 Stainless steel / Brass",サイズ，in(. mm) L: 0.78(19.8 );F：0.56（14.3 ）；B：0.66（16.7）；素材: 316 ステンレススチール / 真鍮,"크기 ,in(. mm) L: 0.78(19.8); F: 0.56(14.3); B: 0.66(16.7); 재질: 316 스테인레스 스틸 / 황동","Dimensions , en (. mm) L: 0.78 (19.8); F: 0.56 (14.3); B: 0.66 (16.7); Matériel: 316 acier inoxydable/laiton",الحجم في (. مم) L: 0.78(19.8); و: 0.56(14.3)؛ ب: 0.66(16.7); المواد: 316 الفولاذ المقاوم للصدأ / النحاس,150,2026-09-09 14:39:34.389
2610,,6,316-NPI-RT2,内六角螺纹堵头,尺寸，in（. mm） L: 0.41(10.4); F: 0.19(4.8); B: 0.29(7.4); 材质: 316 不锈钢 / 黄铜,,Internal hexagonal thread plug,六角ねじプラグ,육각형 나사 플러그,Bouchon fileté hexagonal,سدادة خيوط سداسية,"dimensions , in (.mm) L: 0.41(10.4); F: 0.19(4.8); B: 0.29(7.4); Material: 316 Stainless steel / Brass",サイズ，in(. mm) L: 0.41(10.4 );F：0.19（4.8 ）；B：0.29（7.4）；素材: 316 ステンレススチール / 真鍮,"크기 ,in(. mm) L: 0.41(10.4); F: 0.19(4.8); B: 0.29(7.4); 재질: 316 스테인레스 스틸 / 황동","Dimensions , en (. mm) L: 0.41 (10.4); F: 0.19 (4.8); B: 0.29 (7.4); Matériel: 316 acier inoxydable/laiton",الحجم في (. مم) L: 0.41(10.4); و: 0.19(4.8)؛ ب: 0.29(7.4); المواد: 316 الفولاذ المقاوم للصدأ / النحاس,152,2026-09-09 14:39:34.395
2611,,6,316-NPI-RT4,内六角螺纹堵头,尺寸，in（. mm） L: 0.61(15.5); F: 0.25(6.4); B: 0.49(12.4); 材质: 316 不锈钢 / 黄铜,,Internal hexagonal thread plug,六角ねじプラグ,육각형 나사 플러그,Bouchon fileté hexagonal,سدادة خيوط سداسية,"dimensions , in (.mm) L: 0.61(15.5); F: 0.25(6.4); B: 0.49(12.4); Material: 316 Stainless steel / Brass",サイズ，in(. mm) L: 0.61(15.5 );F：0.25（6.4 ）；B：0.49（12.4）；素材: 316 ステンレススチール / 真鍮,"크기 ,in(. mm) L: 0.61(15.5); F: 0.25(6.4); B: 0.49(12.4); 재질: 316 스테인레스 스틸 / 황동","Dimensions , en (. mm) L: 0.61 (15.5); F: 0.25 (6.4); B: 0.49 (12.4); Matériel: 316 acier inoxydable/laiton",الحجم في (. مم) L: 0.61(15.5); و: 0.25(6.4)؛ ب: 0.49(12.4); المواد: 316 الفولاذ المقاوم للصدأ / النحاس,153,2026-09-09 14:39:34.398
2613,,6,316-NPI-RT8,内六角螺纹堵头,尺寸，in（. mm） L: 0.76(19.3); F: 0.37(9.5); B: 0.64(16.2); 材质: 316 不锈钢 / 黄铜,,Internal hexagonal thread plug,六角ねじプラグ,육각형 나사 플러그,Bouchon fileté hexagonal,سدادة خيوط سداسية,"dimensions , in (.mm) L: 0.76(19.3); F: 0.37(9.5); B: 0.64(16.2); Material: 316 Stainless steel / Brass",サイズ，in(. mm) L: 0.76(19.3 );F：0.37（9.5 ）；B：0.64（16.2）；素材: 316 ステンレススチール / 真鍮,"크기 ,in(. mm) L: 0.76(19.3); F: 0.37(9.5); B: 0.64(16.2); 재질: 316 스테인레스 스틸 / 황동","Dimensions , en (. mm) L: 0.76 (19.3); F: 0.37 (9.5); B: 0.64 (16.2); Matériel: 316 acier inoxydable/laiton",الحجم في (. مم) L: 0.76(19.3); و: 0.37(9.5)؛ ب: 0.64(16.2); المواد: 316 الفولاذ المقاوم للصدأ / النحاس,155,2026-09-09 14:39:34.404
2641,,6,316-NE-FN6-N16,内外螺纹弯头,Px-NPT 尺寸: 1; 参数 3: 1.63（41.4）; 尺寸，in（. mm）: 1.37（34.9; 参数 5: ）0.59（15.0）,,internal and external thread elbow,内外ねじエルボ,내부 및 외부 나사 엘보,Coudes filetés intérieurs et extérieurs,الكوع الخيط الداخلي والخارجي,"Px-NPT size: 1; Parameter 3: 1.63(41.4); Dimensions, in (.mm): 1.37(34.9; Parameters 5: )0.59(15.0)",Px-NPT サイズ: 1;パラメータ 3: 1.63(41.4);寸法、in(.mm): 1.37(34.9; パラメータ 5: )0.59(15.0),"Px-NPT 크기: 1; 매개변수 3: 1.63(41.4); 치수, in(. mm): 1.37(34.9; 매개변수 5: )0.59(15.0)","Taille Px-NPT: 1; Paramètres 3: 1.63 (41.4); Dimensions, in (. mm): 1.37 (34.9; paramètres 5:) 0.59 (15.0)",حجم Px-NPT: 1; المعلمة 3: 1.63(41.4); الأبعاد ، بوصة (. مم): 1.37 (34.9; المعلمة 5: ) 0.59 (15.0),183,2026-09-09 14:39:34.488
2671,,6,316-NE-FRT6-RT16,内外螺纹弯头,Px-RT 名义尺寸: 1; 参数 3: 1.63(41.4) 1; 尺寸，in（. mm）: .37(34.9); 参数 5: 0.59(15.0),,internal and external thread elbow,内外ねじエルボ,내부 및 외부 나사 엘보,Coudes filetés intérieurs et extérieurs,الكوع الخيط الداخلي والخارجي,"Px-RT Nominal Dimensions: 1; parameter 3: 1.63(41.4) 1; dimensions , in(. mm): .37(34.9); Parameter 5: 0.59(15.0)","Px-RT 公称サイズ: 1 ;パラメータ3 ：1.63（41.4 ）1；サイズ,in(.mm): .37(34.9);パラメータ 5: 0.59(15.0)","Px-RT 공칭 크기: 1; 매개변수 3: 1.63(41.4) 1; 크기 ,in(.mm): .37(34.9); 매개변수 5: 0.59(15.0)","Taille nominale Px-RT: 1; Paramètres 3: 1.63 (41.4) 1; Dimensions , in (. mm):.37 (34.9); Paramètres 5: 0.59 (15.0)",Px-RT الحجم الاسمي: 1; المعلمات 3: 1.63(41.4) 1; الحجم في(.مم): .37(34.9); المعلمة 5: 0.59(15.0),213,2026-09-09 14:39:34.578
2695,,6,316-NU-FN16-N20,内外螺纹接头,P-NPT 名义尺寸: 1 1/4; 尺寸，in（. mm）: 1.47（37.3）; 参数 4: 1.75（44.5; 参数 5: ） 0.94（23.9）,,internal and external threaded joint,内外ねじ継手,내부 및 외부 나사 조인트,Joints filetés intérieurs et extérieurs,مفاصل الخيوط الداخلية والخارجية,"P-NPT nominal size: 1 1/4; dimensions , in(.mm): 1.47(37.3); Parameter 4: 1.75(44.5; Parameter 5: ) 0.94(23.9)","P-NPT 公称寸法: 1 1/4;サイズ,in(.mm): 1.47(37.3);パラメータ 4: 1.75(44.5; パラメータ 5: ) 0.94(23.9)","P-NPT 공칭 크기: 1 1/4; 크기 ,in(. mm): 1.47(37.3); 매개변수 4: 1.75(44.5; 매개변수 5: ) 0.94(23.9)","Taille nominale P-NPT: 1 1/4; Dimensions , in (. mm): 1.47 (37.3); Paramètre 4: 1.75 (44.5; Paramètre 5:) 0.94 (23.9)",الأبعاد الاسمية لـ P-NPT: 1 1/4؛ الحجم في (. مم): 1.47 (37.3); المعلمة 4: 1.75 (44.5; المعلمة 5: ) 0.94 (23.9),237,2026-09-09 14:39:34.651
2707,,6,316-NU-FN2-N6,内外螺纹接头,P-NPT 名义尺寸: 3/8; 尺寸，in（. mm）: 0.86（21.8）; 参数 4: 0.69（47.5; 参数 5: ） 0.56（14.2）,,internal and external threaded joint,内外ねじ継手,내부 및 외부 나사 조인트,Joints filetés intérieurs et extérieurs,مفاصل الخيوط الداخلية والخارجية,"P-NPT nominal size: 3/8; dimensions , in(.mm): 0.86(21.8); Parameter 4: 0.69(47.5; Parameter 5: ) 0.56(14.2)","P-NPT 公称寸法: 3/8;サイズ,in(.mm): 0.86(21.8);パラメータ 4: 0.69(47.5; パラメータ 5: ) 0.56(14.2)","P-NPT 공칭 크기: 3/8; 크기 ,in(. mm): 0.86(21.8); 매개변수 4: 0.69(47.5; 매개변수 5: ) 0.56(14.2)","Taille nominale P-NPT: 3/8; Dimensions , in (. mm): 0.86 (21.8); Paramètre 4: 0.69 (47.5; Paramètre 5:) 0.56 (14.2)",P-NPT الأبعاد الاسمية: 3/8; الحجم في(.مم): 0.86(21.8); المعلمة 4: 0.69 (47.5; المعلمة 5: ) 0.56 (14.2),249,2026-09-09 14:39:34.687
2719,,6,316-NU-FN4-N8,内外螺纹接头,P-NPT 名义尺寸: 1/2; 尺寸，in（. mm）: 1.08（27.4）; 参数 4: 0.87（22.2; 参数 5: ） 0.75（19.1）,,internal and external threaded joint,内外ねじ継手,내부 및 외부 나사 조인트,Joints filetés intérieurs et extérieurs,مفاصل الخيوط الداخلية والخارجية,"P-NPT nominal size: 1/2; dimensions , in(.mm): 1.08(27.4); Parameter 4: 0.87(22.2; Parameter 5: ) 0.75(19.1)","P-NPT 公称寸法: 1/2;サイズ,in(.mm): 1.08(27.4);パラメータ 4: 0.87(22.2; パラメータ 5: ) 0.75(19.1)","P-NPT 공칭 크기: 1/2; 크기 ,in(. mm): 1.08(27.4); 매개변수 4: 0.87(22.2; 매개변수 5: ) 0.75(19.1)","Taille nominale P-NPT: 1/2; Dimensions , in (. mm): 1.08 (27.4); Paramètre 4: 0.87 (22.2; Paramètre 5:) 0.75 (19.1)",P-NPT الأبعاد الاسمية: 1/2; الحجم في(.مم): 1.08(27.4); المعلمة 4: 0.87 (22.2; المعلمة 5: ) 0.75 (19.1),261,2026-09-09 14:39:34.723
2725,,6,316-NU-FN6-N12,内外螺纹接头,P-NPT 名义尺寸: 3/4; 尺寸，in（. mm）: 1.08（27.4）; 参数 4: 1.06（27.0; 参数 5: ） 0.75（19.1）,,internal and external threaded joint,内外ねじ継手,내부 및 외부 나사 조인트,Joints filetés intérieurs et extérieurs,مفاصل الخيوط الداخلية والخارجية,"P-NPT nominal size: 3/4; dimensions , in(.mm): 1.08(27.4); Parameter 4: 1.06(27.0; Parameter 5: ) 0.75(19.1)","P-NPT 公称寸法: 3/4;サイズ,in(.mm): 1.08(27.4);パラメータ 4: 1.06(27.0; パラメータ 5: ) 0.75(19.1)","P-NPT 공칭 크기: 3/4; 크기 ,in(. mm): 1.08(27.4); 매개변수 4: 1.06(27.0; 매개변수 5: ) 0.75(19.1)","Taille nominale P-NPT: 3/4; Dimensions , in (. mm): 1.08 (27.4); Paramètre 4: 1.06 (27.0; Paramètre 5:) 0.75 (19.1)",P-NPT الأبعاد الاسمية: 3/4; الحجم في(.مم): 1.08(27.4); المعلمة 4: 1.06 (27.0; المعلمة 5: ) 0.75 (19.1),267,2026-09-09 14:39:34.741
2726,,6,316-NU-FN6-N16,内外螺纹接头,P-NPT 名义尺寸: 1; 尺寸，in（. mm）: 1.37（34.8）; 参数 4: 1.37（34.9; 参数 5: ） 0.94（23.9）,,internal and external threaded joint,内外ねじ継手,내부 및 외부 나사 조인트,Joints filetés intérieurs et extérieurs,مفاصل الخيوط الداخلية والخارجية,"P-NPT nominal size: 1; dimensions , in(.mm): 1.37(34.8); Parameter 4: 1.37(34.9; Parameter 5: ) 0.94(23.9)","P-NPT 公称寸法: 1;サイズ,in(.mm): 1.37(34.8);パラメータ 4: 1.37(34.9; パラメータ 5: ) 0.94(23.9)","P-NPT 공칭 크기: 1; 크기 ,in(. mm): 1.37(34.8); 매개변수 4: 1.37(34.9; 매개변수 5: ) 0.94(23.9)","Taille nominale P-NPT: 1; Dimensions , in (. mm): 1.37 (34.8); Paramètre 4: 1.37 (34.9; Paramètre 5:) 0.94 (23.9)",P-NPT الأبعاد الاسمية: 1; الحجم في(.مم): 1.37(34.8); المعلمة 4: 1.37 (34.9; المعلمة 5: ) 0.94 (23.9),268,2026-09-09 14:39:34.744
2735,,6,316-NU-FN8-N16,内外螺纹接头,P-NPT 名义尺寸: 1; 尺寸，in（. mm）: 1.37（34.8）; 参数 4: 1.37（34.9; 参数 5: ） 0.94（23.9）,,internal and external threaded joint,内外ねじ継手,내부 및 외부 나사 조인트,Joints filetés intérieurs et extérieurs,مفاصل الخيوط الداخلية والخارجية,"P-NPT nominal size: 1; dimensions , in(.mm): 1.37(34.8); Parameter 4: 1.37(34.9; Parameter 5: ) 0.94(23.9)","P-NPT 公称寸法: 1;サイズ,in(.mm): 1.37(34.8);パラメータ 4: 1.37(34.9; パラメータ 5: ) 0.94(23.9)","P-NPT 공칭 크기: 1; 크기 ,in(. mm): 1.37(34.8); 매개변수 4: 1.37(34.9; 매개변수 5: ) 0.94(23.9)","Taille nominale P-NPT: 1; Dimensions , in (. mm): 1.37 (34.8); Paramètre 4: 1.37 (34.9; Paramètre 5:) 0.94 (23.9)",P-NPT الأبعاد الاسمية: 1; الحجم في(.مم): 1.37(34.8); المعلمة 4: 1.37 (34.9; المعلمة 5: ) 0.94 (23.9),277,2026-09-09 14:39:34.771
2756,,6,316-NU-FRT12-RT12,内外螺纹接头,Px-RT 尺寸: 3/4; 尺寸，in（. mm）: 2.02（51.3）; 参数 4: 1.31（33.3）; 参数 5: 0.81（20.6）,,internal and external threaded joint,内外ねじ継手,내부 및 외부 나사 조인트,Joints filetés intérieurs et extérieurs,مفاصل الخيوط الداخلية والخارجية,"Px-RT size: 3/4; dimensions , in(.mm): 2.02(51.3); Parameter 4: 1.31(33.3); Parameter 5: 0.81 (20.6)","Px-RT サイズ: 3/4;サイズ,in(.mm): 2.02(51.3);パラメータ 4: 1.31(33.3);パラメータ 5: 0.81(20.6)","Px-RT 크기: 3/4; 크기 ,in(. mm): 2.02(51.3); 매개변수 4: 1.31(33.3); 매개변수 5: 0.81(20.6)","Taille Px-RT: 3/4; Dimensions , in (. mm): 2.02 (51.3); Paramètres 4: 1.31 (33.3); Paramètres 5: 0.81 (20.6)",حجم Px-RT: 3/4; الحجم في(.مم): 2.02(51.3); المعلمة 4: 1.31(33.3); المعلمة 5: 0.81 (20.6),298,2026-09-09 14:39:34.833
2760,,6,316-NU-FRT16-RT16,内外螺纹接头,Px-RT 尺寸: 1; 尺寸，in（. mm）: 2.30（58.4）; 参数 4: 1.63（41.3）; 参数 5: 1.00（25.4）,,internal and external threaded joint,内外ねじ継手,내부 및 외부 나사 조인트,Joints filetés intérieurs et extérieurs,مفاصل الخيوط الداخلية والخارجية,"Px-RT size: 1; dimensions , in(.mm): 2.30(58.4); Parameter 4: 1.63(41.3); Parameter 5: 1.00 (25.4)","Px-RT サイズ: 1;サイズ,in(.mm): 2.30(58.4);パラメータ 4: 1.63(41.3);パラメータ 5: 1.00(25.4)","Px-RT 크기: 1; 크기 ,in(. mm): 2.30(58.4); 매개변수 4: 1.63(41.3); 매개변수 5: 1.00(25.4)","Taille Px-RT: 1; Dimensions , in (. mm): 2.30 (58.4); Paramètres 4: 1.63 (41.3); Paramètres 5: 1.00 (25.4)",حجم Px-RT: 1; الحجم في(.مم): 2.30(58.4); المعلمة 4: 1.63(41.3); المعلمة 5: 1.00 (25.4),302,2026-09-09 14:39:34.853
2765,,6,316-NU-FRT2-RT2,内外螺纹接头,Px-RT 尺寸: 1/8; 尺寸，in（. mm）: 1.09（27.7）; 参数 4: 0.56（14.3）; 参数 5: 0.41（10.4）,,internal and external threaded joint,内外ねじ継手,내부 및 외부 나사 조인트,Joints filetés intérieurs et extérieurs,مفاصل الخيوط الداخلية والخارجية,"Px-RT size: 1/8; dimensions , in(.mm): 1.09(27.7); Parameter 4: 0.56(14.3); Parameter 5: 0.41 (10.4)","Px-RT サイズ: 1/8;サイズ,in(.mm): 1.09(27.7);パラメータ 4: 0.56(14.3);パラメータ 5: 0.41(10.4)","Px-RT 크기: 1/8; 크기 ,in(. mm): 1.09(27.7); 매개변수 4: 0.56(14.3); 매개변수 5: 0.41(10.4)","Taille Px-RT: 1/8; Dimensions , in (. mm): 1.09 (27.7); Paramètres 4: 0.56 (14.3); Paramètres 5: 0.41 (10.4)",حجم Px-RT: 1/8; الحجم في(.مم): 1.09(27.7); المعلمة 4: 0.56(14.3); المعلمة 5: 0.41 (10.4),307,2026-09-09 14:39:34.869
2774,,6,316-NU-FRT4-RT4,内外螺纹接头,Px-RT 尺寸: 1/4; 尺寸，in（. mm）: 1.42（36.1）; 参数 4: 0.75（19.1）; 参数 5: 0.59（15.0）,,internal and external threaded joint,内外ねじ継手,내부 및 외부 나사 조인트,Joints filetés intérieurs et extérieurs,مفاصل الخيوط الداخلية والخارجية,"Px-RT size: 1/4; dimensions , in(.mm): 1.42(36.1); Parameter 4: 0.75(19.1); Parameter 5: 0.59 (15.0)","Px-RT サイズ: 1/4;サイズ,in(.mm): 1.42(36.1);パラメータ 4: 0.75(19.1);パラメータ 5: 0.59(15.0)","Px-RT 크기: 1/4; 크기 ,in(. mm): 1.42(36.1); 매개변수 4: 0.75(19.1); 매개변수 5: 0.59(15.0)","Taille Px-RT: 1/4; Dimensions , in (. mm): 1.42 (36.1); Paramètres 4: 0.75 (19.1); Paramètres 5: 0.59 (15.0)",حجم Px-RT: 1/4; الحجم في(.مم): 1.42(36.1); المعلمة 4: 0.75(19.1); المعلمة 5: 0.59 (15.0),316,2026-09-09 14:39:34.897
2833,,6,316-NT-FRT1,内螺纹三通,尺寸，in（. mm）: 0.86(21.8); 参数 3: 0.44(11.1); 参数 4: 0.19(4.8); 参数 5: 0.39(9.9),,internal thread tee,めねじティー,여성 나사 티,Tee fileté femelle,تي اتجاه أنثى,"dimensions , in(.mm): 0.86(21.8); Parameter 3: 0.44(11.1); parameter 4: 0.19(4.8); Parameter 5: 0.39(9.9)","サイズ,in(.mm): 0.86(21.8);パラメータ 3: 0.44(11.1);パラメータ 4: 0.19(4.8);パラメータ 5: 0.39(9.9)","크기 ,in(. mm): 0.86(21.8); 매개변수 3: 0.44(11.1); 매개변수 4: 0.19(4.8); 매개변수 5: 0.39(9.9)","Dimensions , in (. mm): 0.86 (21.8); Paramètres 3: 0.44 (11.1); Paramètres 4: 0.19 (4.8); Paramètres 5: 0.39 (9.9)",الحجم في (. مم): 0.86(21.8); المعلمة 3: 0.44(11.1); المعلمة 4: 0.19(4.8); المعلمة 5: 0.39(9.9),375,2026-09-09 14:39:35.074
2834,,6,316-NT-FRT12,内螺纹三通,尺寸，in（. mm）: 1.92(48.8); 参数 3: 1.25(31.8); 参数 4: 0.94(23.9); 参数 5: 0.81(20.6),,internal thread tee,めねじティー,여성 나사 티,Tee fileté femelle,تي اتجاه أنثى,"dimensions , in(.mm): 1.92(48.8); Parameter 3: 1.25(31.8); parameter 4: 0.94(23.9); Parameter 5: 0.81(20.6)","サイズ,in(.mm): 1.92(48.8);パラメータ 3: 1.25(31.8);パラメータ 4: 0.94(23.9);パラメータ 5: 0.81(20.6)","크기 ,in(. mm): 1.92(48.8); 매개변수 3: 1.25(31.8); 매개변수 4: 0.94(23.9); 매개변수 5: 0.81(20.6)","Dimensions , in (. mm): 1.92 (48.8); Paramètres 3: 1.25 (31.8); Paramètres 4: 0.94 (23.9); Paramètres 5: 0.81 (20.6)",الحجم في (. مم): 1.92(48.8); المعلمة 3: 1.25(31.8); المعلمة 4: 0.94(23.9); المعلمة 5: 0.81(20.6),376,2026-09-09 14:39:35.078
2835,,6,316-NT-FRT16,内螺纹三通,尺寸，in（. mm）: 1.91(48.5); 参数 3: 1.69(42.9); 参数 4: 1.17(29.7); 参数 5: 1.00(25.4),,internal thread tee,めねじティー,여성 나사 티,Tee fileté femelle,تي اتجاه أنثى,"dimensions , in(.mm): 1.91(48.5); Parameter 3: 1.69(42.9); parameter 4: 1.17(29.7); Parameter 5: 1.00(25.4)","サイズ,in(.mm): 1.91(48.5);パラメータ 3: 1.69(42.9);パラメータ 4: 1.17(29.7);パラメータ 5: 1.00(25.4)","크기 ,in(. mm): 1.91(48.5); 매개변수 3: 1.69(42.9); 매개변수 4: 1.17(29.7); 매개변수 5: 1.00(25.4)","Dimensions , in (. mm): 1.91 (48.5); Paramètres 3: 1.69 (42.9); Paramètres 4: 1.17 (29.7); Paramètres 5: 1.00 (25.4)",الحجم في (. مم): 1.91(48.5); المعلمة 3: 1.69(42.9); المعلمة 4: 1.17(29.7); المعلمة 5: 1.00(25.4),377,2026-09-09 14:39:35.081
2837,,6,316-NT-FRT20,内螺纹三通,尺寸，in（. mm）: 2.35(59.8); 参数 3: 2.00(50.8); 参数 4: 1.46(37.2); 参数 5: 1.00(25.4),,internal thread tee,めねじティー,여성 나사 티,Tee fileté femelle,تي اتجاه أنثى,"dimensions , in(.mm): 2.35(59.8); Parameter 3: 2.00(50.8); parameter 4: 1.46(37.2); Parameter 5: 1.00(25.4)","サイズ,in(.mm): 2.35(59.8);パラメータ 3: 2.00(50.8);パラメータ 4: 1.46(37.2);パラメータ 5: 1.00(25.4)","크기 ,in(. mm): 2.35(59.8); 매개변수 3: 2.00(50.8); 매개변수 4: 1.46(37.2); 매개변수 5: 1.00(25.4)","Dimensions , in (. mm): 2.35 (59.8); Paramètres 3: 2.00 (50.8); Paramètres 4: 1.46 (37.2); Paramètres 5: 1.00 (25.4)",الحجم في (. مم): 2.35(59.8); المعلمة 3: 2.00(50.8); المعلمة 4: 1.46(37.2); المعلمة 5: 1.00(25.4),379,2026-09-09 14:39:35.087
2838,,6,316-NT-FRT24,内螺纹三通,尺寸，in（. mm）: 2.56(65.0); 参数 3: 2.50(63.5); 参数 4: 1.70(43.3); 参数 5: 1.09(27.7),,internal thread tee,めねじティー,여성 나사 티,Tee fileté femelle,تي اتجاه أنثى,"dimensions , in(.mm): 2.56(65.0); Parameter 3: 2.50(63.5); parameter 4: 1.70(43.3); Parameter 5: 1.09(27.7)","サイズ,in(.mm): 2.56(65.0);パラメータ 3: 2.50(63.5);パラメータ 4: 1.70(43.3);パラメータ 5: 1.09(27.7)","크기 ,in(. mm): 2.56(65.0); 매개변수 3: 2.50(63.5); 매개변수 4: 1.70(43.3); 매개변수 5: 1.09(27.7)","Dimensions , in (. mm): 2.56 (65.0); Paramètres 3: 2.50 (63.5); Paramètres 4: 1.70 (43.3); Paramètres 5: 1.09 (27.7)",الحجم في (. مم): 2.56(65.0); المعلمة 3: 2.50(63.5); المعلمة 4: 1.70(43.3); المعلمة 5: 1.09(27.7),380,2026-09-09 14:39:35.089
2997,,6,316-NP-RT1,螺纹堵头,尺寸，in（. mm） L: 0.56(14.2); F: 0.31(7.9); 材质: 316 不锈钢 / 黄铜,,threaded plug,ねじプラグ,스레드 플러그,bouchon fileté,سدادة الخيط,"dimensions , in (.mm) L: 0.56(14.2); F: 0.31(7.9); Material: 316 Stainless steel / Brass",サイズ，in(. mm) L: 0.56(14.2 );F：0.31（7.9）；素材: 316 ステンレススチール / 真鍮,"크기 ,in(. mm) L: 0.56(14.2); F: 0.31(7.9); 재질: 316 스테인레스 스틸 / 황동","Dimensions , en (. mm) L: 0.56 (14.2); F: 0.31 (7.9); Matériel: 316 acier inoxydable/laiton",الحجم في (. مم) L: 0.56(14.2); و: 0.31(7.9)؛ المواد: 316 الفولاذ المقاوم للصدأ / النحاس,539,2026-09-09 14:39:35.594
2998,,6,316-NP-RT12,螺纹堵头,尺寸，in（. mm） L: 1.21(30.7); F: 1.06(27.0); 材质: 316 不锈钢 / 黄铜,,threaded plug,ねじプラグ,스레드 플러그,bouchon fileté,سدادة الخيط,"dimensions , in (.mm) L: 1.21(30.7); F: 1.06(27.0); Material: 316 Stainless steel / Brass",サイズ，in(. mm) L: 1.21(30.7 );F：1.06（27.0）；素材: 316 ステンレススチール / 真鍮,"크기 ,in(. mm) L: 1.21(30.7); F: 1.06(27.0); 재질: 316 스테인레스 스틸 / 황동","Dimensions , en (. mm) L: 1.21 (30.7); F: 1.06 (27.0); Matériel: 316 acier inoxydable/laiton",الحجم في (. مم) L: 1.21(30.7); و: 1.06(27.0)؛ المواد: 316 الفولاذ المقاوم للصدأ / النحاس,540,2026-09-09 14:39:35.605
2999,,6,316-NP-RT16,螺纹堵头,尺寸，in（. mm） L: 1.50(38.1); F: 1.37(34.9); 材质: 316 不锈钢 / 黄铜,,threaded plug,ねじプラグ,스레드 플러그,bouchon fileté,سدادة الخيط,"dimensions , in (.mm) L: 1.50(38.1); F: 1.37(34.9); Material: 316 Stainless steel / Brass",サイズ，in(. mm) L: 1.50(38.1 );F：1.37（34.9）；素材: 316 ステンレススチール / 真鍮,"크기 ,in(. mm) L: 1.50(38.1); F: 1.37(34.9); 재질: 316 스테인레스 스틸 / 황동","Dimensions , en (. mm) L: 1.50 (38.1); F: 1.37 (34.9); Matériel: 316 acier inoxydable/laiton",الحجم في (. مم) L: 1.50(38.1); و: 1.37(34.9)؛ المواد: 316 الفولاذ المقاوم للصدأ / النحاس,541,2026-09-09 14:39:35.619
3000,,6,316-NP-RT2,螺纹堵头,尺寸，in（. mm） L: 0.56(14.2); F: 0.44(11.1); 材质: 316 不锈钢 / 黄铜,,threaded plug,ねじプラグ,스레드 플러그,bouchon fileté,سدادة الخيط,"dimensions , in (.mm) L: 0.56(14.2); F: 0.44(11.1); Material: 316 Stainless steel / Brass",サイズ，in(. mm) L: 0.56(14.2 );F：0.44（11.1）；素材: 316 ステンレススチール / 真鍮,"크기 ,in(. mm) L: 0.56(14.2); F: 0.44(11.1); 재질: 316 스테인레스 스틸 / 황동","Dimensions , en (. mm) L: 0.56 (14.2); F: 0.44 (11.1); Matériel: 316 acier inoxydable/laiton",الحجم في (. مم) L: 0.56(14.2); و: 0.44(11.1)؛ المواد: 316 الفولاذ المقاوم للصدأ / النحاس,542,2026-09-09 14:39:35.635
3001,,6,316-NP-RT20,螺纹堵头,尺寸，in（. mm） L: 1.51(38.4); F: 1.75(44.5); 材质: 316 不锈钢 / 黄铜,,threaded plug,ねじプラグ,스레드 플러그,bouchon fileté,سدادة الخيط,"dimensions , in (.mm) L: 1.51(38.4); F: 1.75(44.5); Material: 316 Stainless steel / Brass",サイズ，in(. mm) L: 1.51(38.4 );F：1.75（44.5）；素材: 316 ステンレススチール / 真鍮,"크기 ,in(. mm) L: 1.51(38.4); F: 1.75(44.5); 재질: 316 스테인레스 스틸 / 황동","Dimensions , en (. mm) L: 1.51 (38.4); F: 1.75 (44.5); Matériel: 316 acier inoxydable/laiton",الحجم في (. مم) L: 1.51(38.4); و: 1.75(44.5)؛ المواد: 316 الفولاذ المقاوم للصدأ / النحاس,543,2026-09-09 14:39:35.645
3002,,6,316-NP-RT24,螺纹堵头,尺寸，in（. mm） L: 1.72(43.7); F: 2.00(50.8); 材质: 316 不锈钢 / 黄铜,,threaded plug,ねじプラグ,스레드 플러그,bouchon fileté,سدادة الخيط,"dimensions , in (.mm) L: 1.72(43.7); F: 2.00(50.8); Material: 316 Stainless steel / Brass",サイズ，in(. mm) L: 1.72(43.7 );F：2.00（50.8）；素材: 316 ステンレススチール / 真鍮,"크기 ,in(. mm) L: 1.72(43.7); F: 2.00(50.8); 재질: 316 스테인레스 스틸 / 황동","Dimensions , en (. mm) L: 1.72 (43.7); F: 2.00 (50.8); Matériel: 316 acier inoxydable/laiton",الحجم في (. مم) L: 1.72(43.7); و: 2.00(50.8)؛ المواد: 316 الفولاذ المقاوم للصدأ / النحاس,544,2026-09-09 14:39:35.655
3003,,6,316-NP-RT32,螺纹堵头,尺寸，in（. mm） L: 2.00(50.8); F: 2.50(63.5); 材质: 316 不锈钢 / 黄铜,,threaded plug,ねじプラグ,스레드 플러그,bouchon fileté,سدادة الخيط,"dimensions , in (.mm) L: 2.00(50.8); F: 2.50(63.5); Material: 316 Stainless steel / Brass",サイズ，in(. mm) L: 2.00(50.8 );F：2.50（63.5）；素材: 316 ステンレススチール / 真鍮,"크기 ,in(. mm) L: 2.00(50.8); F: 2.50(63.5); 재질: 316 스테인레스 스틸 / 황동","Dimensions , en (. mm) L: 2.00 (50.8); F: 2.50 (63.5); Matériel: 316 acier inoxydable/laiton",الحجم في (. مم) L: 2.00(50.8); و: 2.50(63.5)؛ المواد: 316 الفولاذ المقاوم للصدأ / النحاس,545,2026-09-09 14:39:35.664
3004,,6,316-NP-RT4,螺纹堵头,尺寸，in（. mm） L: 0.75(19.1); F: 0.56(14.3); 材质: 316 不锈钢 / 黄铜,,threaded plug,ねじプラグ,스레드 플러그,bouchon fileté,سدادة الخيط,"dimensions , in (.mm) L: 0.75(19.1); F: 0.56(14.3); Material: 316 Stainless steel / Brass",サイズ，in(. mm) L: 0.75(19.1 );F：0.56（14.3）；素材: 316 ステンレススチール / 真鍮,"크기 ,in(. mm) L: 0.75(19.1); F: 0.56(14.3); 재질: 316 스테인레스 스틸 / 황동","Dimensions , en (. mm) L: 0.75 (19.1); F: 0.56 (14.3); Matériel: 316 acier inoxydable/laiton",الحجم في (. مم) L: 0.75(19.1); و: 0.56(14.3)؛ المواد: 316 الفولاذ المقاوم للصدأ / النحاس,546,2026-09-09 14:39:35.675
3005,,6,316-NP-RT6,螺纹堵头,尺寸，in（. mm） L: 0.78(19.8); F: 0.69(17.5); 材质: 316 不锈钢 / 黄铜,,threaded plug,ねじプラグ,스레드 플러그,bouchon fileté,سدادة الخيط,"dimensions , in (.mm) L: 0.78(19.8); F: 0.69(17.5); Material: 316 Stainless steel / Brass",サイズ，in(. mm) L: 0.78(19.8 );F：0.69（17.5）；素材: 316 ステンレススチール / 真鍮,"크기 ,in(. mm) L: 0.78(19.8); F: 0.69(17.5); 재질: 316 스테인레스 스틸 / 황동","Dimensions , en (. mm) L: 0.78 (19.8); F: 0.69 (17.5); Matériel: 316 acier inoxydable/laiton",الحجم في (. مم) L: 0.78(19.8); و: 0.69(17.5)؛ المواد: 316 الفولاذ المقاوم للصدأ / النحاس,547,2026-09-09 14:39:35.683
3006,,6,316-NP-RT8,螺纹堵头,尺寸，in（. mm） L: 0.97(24.6); F: 0.87(22.2); 材质: 316 不锈钢 / 黄铜,,threaded plug,ねじプラグ,스레드 플러그,bouchon fileté,سدادة الخيط,"dimensions , in (.mm) L: 0.97(24.6); F: 0.87(22.2); Material: 316 Stainless steel / Brass",サイズ，in(. mm) L: 0.97(24.6 );F：0.87（22.2）；素材: 316 ステンレススチール / 真鍮,"크기 ,in(. mm) L: 0.97(24.6); F: 0.87(22.2); 재질: 316 스테인레스 스틸 / 황동","Dimensions , en (. mm) L: 0.97 (24.6); F: 0.87 (22.2); Matériel: 316 acier inoxydable/laiton",الحجم في (. مم) L: 0.97(24.6); و: 0.87(22.2)؛ المواد: 316 الفولاذ المقاوم للصدأ / النحاس,548,2026-09-09 14:39:35.689
3019,,6,316-NPC-FRT1,螺纹管帽,尺寸，in（. mm）: 0.50(12.7); 参数 3: 0.44(11.1); 参数 4: 0.39(9.9); 压力额定值 psig（bar）: 6700(460),,threaded pipe cap,ねじパイプキャップ,스레드 튜브 캡,Capuchon de tuyau fileté,غطاء الأنابيب الملولبة,"dimensions , in(.mm): 0.50(12.7); Parameter 3: 0.44(11.1); parameter 4: 0.39(9.9); Pressure rating psig (bar): 6700(460)","サイズ,in(.mm): 0.50(12.7);パラメータ 3: 0.44(11.1);パラメータ 4: 0.39(9.9);圧力定格 psig (bar): 6700(460)","크기 ,in(. mm): 0.50(12.7); 매개변수 3: 0.44(11.1); 매개변수 4: 0.39(9.9); 압력 정격 psig(bar): 6700(460)","Dimensions , in (. mm): 0.50 (12.7); Paramètres 3: 0.44 (11.1); Paramètres 4: 0.39 (9.9); Pression nominale psig (bar): 6700 (460)",الحجم في (. مم): 0.50(12.7); المعلمة 3: 0.44(11.1); المعلمة 4: 0.39(9.9); تصنيف الضغط psig (بار): 6700 (460),561,2026-09-09 14:39:35.73
3021,,6,316-NPC-FRT16,螺纹管帽,尺寸，in（. mm）: 1.62(41.1); 参数 3: 1.63(41.3); 参数 4: 1.00(25.4); 压力额定值 psig（bar）: 4400(303),,threaded pipe cap,ねじパイプキャップ,스레드 튜브 캡,Capuchon de tuyau fileté,غطاء الأنابيب الملولبة,"dimensions , in(.mm): 1.62(41.1); Parameter 3: 1.63(41.3); parameter 4: 1.00(25.4); Pressure rating psig (bar): 4400(303)","サイズ,in(.mm): 1.62(41.1);パラメータ 3: 1.63(41.3);パラメータ 4: 1.00(25.4);圧力定格 psig (bar): 4400(303)","크기 ,in(. mm): 1.62(41.1); 매개변수 3: 1.63(41.3); 매개변수 4: 1.00(25.4); 압력 정격 psig(bar): 4400(303)","Dimensions , in (. mm): 1.62 (41.1); Paramètres 3: 1.63 (41.3); Paramètres 4: 1.00 (25.4); Pression nominale psig (bar): 4400 (303)",الحجم في (. مم): 1.62(41.1); المعلمة 3: 1.63(41.3); المعلمة 4: 1.00(25.4); تصنيف الضغط psig (بار): 4400 (303),563,2026-09-09 14:39:35.737
3022,,6,316-NPC-FRT2,螺纹管帽,尺寸，in（. mm）: 0.75(19.1); 参数 3: 0.56(14.3); 参数 4: 0.41(10.4); 压力额定值 psig（bar）: 6500(447),,threaded pipe cap,ねじパイプキャップ,스레드 튜브 캡,Capuchon de tuyau fileté,غطاء الأنابيب الملولبة,"dimensions , in(.mm): 0.75(19.1); Parameter 3: 0.56(14.3); parameter 4: 0.41(10.4); Pressure rating psig (bar): 6500(447)","サイズ,in(.mm): 0.75(19.1);パラメータ 3: 0.56(14.3);パラメータ 4: 0.41(10.4);圧力定格 psig (bar): 6500(447)","크기 ,in(. mm): 0.75(19.1); 매개변수 3: 0.56(14.3); 매개변수 4: 0.41(10.4); 압력 정격 psig(bar): 6500(447)","Dimensions , in (. mm): 0.75 (19.1); Paramètres 3: 0.56 (14.3); Paramètres 4: 0.41 (10.4); Pression nominale psig (bar): 6500 (447)",الحجم في (. مم): 0.75(19.1); المعلمة 3: 0.56(14.3); المعلمة 4: 0.41(10.4); تصنيف الضغط psig (بار): 6500 (447),564,2026-09-09 14:39:35.74
3023,,6,316-NPC-FRT4,螺纹管帽,尺寸，in（. mm）: 0.91(23.1); 参数 3: 0.75(19.1); 参数 4: 0.59(15.0); 压力额定值 psig（bar）: 6600(454),,threaded pipe cap,ねじパイプキャップ,스레드 튜브 캡,Capuchon de tuyau fileté,غطاء الأنابيب الملولبة,"dimensions , in(.mm): 0.91(23.1); Parameter 3: 0.75(19.1); parameter 4: 0.59(15.0); Pressure rating psig (bar): 6600(454)","サイズ,in(.mm): 0.91(23.1);パラメータ 3: 0.75(19.1);パラメータ 4: 0.59(15.0);圧力定格 psig (bar): 6600(454)","크기 ,in(. mm): 0.91(23.1); 매개변수 3: 0.75(19.1); 매개변수 4: 0.59(15.0); 압력 정격 psig(bar): 6600(454)","Dimensions , in (. mm): 0.91 (23.1); Paramètres 3: 0.75 (19.1); Paramètres 4: 0.59 (15.0); Pression nominale psig (bar): 6600 (454)",الحجم في (. مم): 0.91(23.1); المعلمة 3: 0.75(19.1); المعلمة 4: 0.59(15.0); تصنيف الضغط psig (بار): 6600 (454),565,2026-09-09 14:39:35.742
3024,,6,316-NPC-FRT6,螺纹管帽,尺寸，in（. mm）: 1.03(26.2); 参数 3: 0.87(22.2); 参数 4: 0.59(15.0); 压力额定值 psig（bar）: 5300(365),,threaded pipe cap,ねじパイプキャップ,스레드 튜브 캡,Capuchon de tuyau fileté,غطاء الأنابيب الملولبة,"dimensions , in(.mm): 1.03(26.2); Parameter 3: 0.87(22.2); parameter 4: 0.59(15.0); Pressure rating psig (bar): 5300(365)","サイズ,in(.mm): 1.03(26.2);パラメータ 3: 0.87(22.2);パラメータ 4: 0.59(15.0);圧力定格 psig (bar): 5300(365)","크기 ,in(. mm): 1.03(26.2); 매개변수 3: 0.87(22.2); 매개변수 4: 0.59(15.0); 압력 정격 psig(bar): 5300(365)","Dimensions , in (. mm): 1.03 (26.2); Paramètres 3: 0.87 (22.2); Paramètres 4: 0.59 (15.0); Pression nominale psig (bar): 5300 (365)",الحجم في (. مم): 1.03(26.2); المعلمة 3: 0.87(22.2); المعلمة 4: 0.59(15.0); تصنيف الضغط psig (بار): 5300 (365),566,2026-09-09 14:39:35.745
